{
  "rank": 21,
  "bot_id": 20858,
  "fitness_score": 53870.48828125,
  "total_pnl": 2.8057861328125,
  "win_rate": 0.5263157486915588,
  "total_trades": 133,
  "sharpe_ratio": 0.24256813526153564,
  "max_drawdown": 0.11567001789808273,
  "survival_generations": 7,
  "config": {
    "num_indicators": 4,
    "indicator_indices": [
      0,
      32,
      29,
      4
    ],
    "risk_strategy_bitmap": 260,
    "tp_multiplier": 0.06827514618635178,
    "sl_multiplier": 0.04311255365610123,
    "leverage": 6
  }
}