{
  "rank": 47,
  "bot_id": 14888,
  "fitness_score": 13758.935546875,
  "total_pnl": -87.01457977294922,
  "win_rate": 0.19606700539588928,
  "total_trades": 6865,
  "sharpe_ratio": -0.9559593200683594,
  "max_drawdown": 0.9102330803871155,
  "survival_generations": 4,
  "config": {
    "num_indicators": 4,
    "indicator_indices": [
      38,
      45,
      7,
      48
    ],
    "risk_strategy_bitmap": 4682,
    "tp_multiplier": 0.1609162986278534,
    "sl_multiplier": 0.02216683328151703,
    "leverage": 7
  }
}