{
  "rank": 75,
  "bot_id": 10512,
  "fitness_score": 10019.4228515625,
  "total_pnl": 14.492515563964844,
  "win_rate": 1.0,
  "total_trades": 6,
  "sharpe_ratio": 2.898502826690674,
  "max_drawdown": 0.001399993896484375,
  "survival_generations": 9,
  "config": {
    "num_indicators": 3,
    "indicator_indices": [
      14,
      28,
      23
    ],
    "risk_strategy_bitmap": 17,
    "tp_multiplier": 0.20256894826889038,
    "sl_multiplier": 0.08831334114074707,
    "leverage": 10
  }
}