{
  "rank": 30,
  "bot_id": 7792,
  "fitness_score": 47781.234375,
  "total_pnl": -9.312187194824219,
  "win_rate": 0.36936938762664795,
  "total_trades": 222,
  "sharpe_ratio": -0.48766639828681946,
  "max_drawdown": 0.1909540444612503,
  "survival_generations": 5,
  "config": {
    "num_indicators": 5,
    "indicator_indices": [
      43,
      10,
      31,
      15,
      16
    ],
    "risk_strategy_bitmap": 16673,
    "tp_multiplier": 0.059119485318660736,
    "sl_multiplier": 0.023640595376491547,
    "leverage": 4
  }
}