{
  "rank": 5,
  "bot_id": 1188,
  "fitness_score": 436376.1875,
  "total_pnl": -87.9259033203125,
  "win_rate": 0.23897291719913483,
  "total_trades": 14215,
  "sharpe_ratio": -0.9758177399635315,
  "max_drawdown": 0.9010483622550964,
  "survival_generations": 5,
  "config": {
    "num_indicators": 1,
    "indicator_indices": [
      22
    ],
    "risk_strategy_bitmap": 1217,
    "tp_multiplier": 0.08873593807220459,
    "sl_multiplier": 0.003952096216380596,
    "leverage": 4
  }
}