{
  "rank": 53,
  "bot_id": 7937,
  "fitness_score": 10495.1865234375,
  "total_pnl": -6.731758117675781,
  "win_rate": 0.05882352963089943,
  "total_trades": 68,
  "sharpe_ratio": -0.9253837466239929,
  "max_drawdown": 0.07274559140205383,
  "survival_generations": 5,
  "config": {
    "num_indicators": 5,
    "indicator_indices": [
      46,
      47,
      35,
      13,
      24
    ],
    "risk_strategy_bitmap": 10241,
    "tp_multiplier": 0.21013355255126953,
    "sl_multiplier": 0.003489541122689843,
    "leverage": 8
  }
}