{
  "rank": 35,
  "bot_id": 20807,
  "fitness_score": 19011.55078125,
  "total_pnl": -88.4145278930664,
  "win_rate": 0.25602439045906067,
  "total_trades": 9835,
  "sharpe_ratio": -0.9738960266113281,
  "max_drawdown": 0.9078435301780701,
  "survival_generations": 2,
  "config": {
    "num_indicators": 4,
    "indicator_indices": [
      26,
      48,
      47,
      42
    ],
    "risk_strategy_bitmap": 16384,
    "tp_multiplier": 0.11498579382896423,
    "sl_multiplier": 0.06575022637844086,
    "leverage": 5
  }
}