{
  "rank": 83,
  "bot_id": 16702,
  "fitness_score": 10018.29296875,
  "total_pnl": 13.35595703125,
  "win_rate": 1.0,
  "total_trades": 3,
  "sharpe_ratio": 2.671191453933716,
  "max_drawdown": 0.0012599944602698088,
  "survival_generations": 8,
  "config": {
    "num_indicators": 5,
    "indicator_indices": [
      24,
      7,
      13,
      12,
      21
    ],
    "risk_strategy_bitmap": 4097,
    "tp_multiplier": 0.17261075973510742,
    "sl_multiplier": 0.04727198928594589,
    "leverage": 9
  }
}