{
  "rank": 25,
  "bot_id": 39229,
  "fitness_score": 49748.34765625,
  "total_pnl": 24.871658325195312,
  "win_rate": 0.5714285373687744,
  "total_trades": 203,
  "sharpe_ratio": 0.18288961052894592,
  "max_drawdown": 1.3599272966384888,
  "survival_generations": 4,
  "config": {
    "num_indicators": 4,
    "indicator_indices": [
      42,
      0,
      29,
      24
    ],
    "risk_strategy_bitmap": 2049,
    "tp_multiplier": 0.15837690234184265,
    "sl_multiplier": 0.02743452973663807,
    "leverage": 7
  }
}