{
  "rank": 100,
  "bot_id": 20354,
  "fitness_score": 10013.7294921875,
  "total_pnl": 37.731201171875,
  "win_rate": 0.2452554851770401,
  "total_trades": 685,
  "sharpe_ratio": 1.3565319776535034,
  "max_drawdown": 0.27814456820487976,
  "survival_generations": 7,
  "config": {
    "num_indicators": 5,
    "indicator_indices": [
      5,
      41,
      40,
      11,
      16
    ],
    "risk_strategy_bitmap": 2081,
    "tp_multiplier": 0.18913161754608154,
    "sl_multiplier": 0.027090538293123245,
    "leverage": 10
  }
}