{
  "rank": 92,
  "bot_id": 40981,
  "fitness_score": 10015.54296875,
  "total_pnl": 14.567184448242188,
  "win_rate": 0.8181818723678589,
  "total_trades": 11,
  "sharpe_ratio": 2.9134368896484375,
  "max_drawdown": 0.0077508543618023396,
  "survival_generations": 3,
  "config": {
    "num_indicators": 5,
    "indicator_indices": [
      28,
      20,
      24,
      23,
      22
    ],
    "risk_strategy_bitmap": 5761,
    "tp_multiplier": 0.11633312702178955,
    "sl_multiplier": 0.083354152739048,
    "leverage": 10
  }
}