{
  "rank": 33,
  "bot_id": 19186,
  "fitness_score": 32896.91796875,
  "total_pnl": -152.53067016601562,
  "win_rate": 0.26365187764167786,
  "total_trades": 3516,
  "sharpe_ratio": -0.5823470950126648,
  "max_drawdown": 1.7171889543533325,
  "survival_generations": 3,
  "config": {
    "num_indicators": 4,
    "indicator_indices": [
      7,
      20,
      31,
      38
    ],
    "risk_strategy_bitmap": 18465,
    "tp_multiplier": 0.1778460144996643,
    "sl_multiplier": 0.074824757874012,
    "leverage": 10
  }
}