bar,open,high,low,close,volume,gpu_value,cpu_value,diff
0,88066.7,88174.6,88048.0,88155.1,5735.0,0.0,0.0,0.0
1,88146.7,88160.1,88081.7,88081.7,4816.0,0.0,0.0,0.0
2,88080.4,88080.4,87849.9,87850.0,10862.0,0.0,0.0,0.0
3,87857.1,87944.5,87780.2,87930.1,15390.0,0.0,0.0,0.0
4,87930.2,88039.6,87930.2,87991.6,4863.0,0.0,0.0,0.0
5,87980.8,87980.8,87852.6,87856.9,2161.0,0.0,0.0,0.0
6,87862.5,87869.1,87773.9,87797.8,3002.0,0.0,0.0,0.0
7,87794.2,87794.2,87660.4,87672.7,7045.0,0.0,0.0,0.0
8,87672.6,87704.8,87569.3,87664.0,6992.0,0.0,0.0,0.0
9,87657.2,87718.7,87621.5,87639.1,4116.0,0.0,0.0,0.0
10,87649.7,87726.9,87580.2,87580.2,5538.0,0.0,0.0,0.0
11,87583.2,87604.9,87412.0,87430.1,7937.0,0.0,87430.1,87430.1
12,87427.6,87504.4,87326.9,87504.4,28049.0,0.0,87504.4,87504.4
13,87505.9,87647.8,87477.7,87600.8,5425.0,0.0,87600.8,87600.8
14,87596.5,87649.2,87531.3,87564.6,5409.0,0.0,87564.6,87564.6
15,87564.6,87669.2,87529.0,87648.0,5356.0,0.0,87648.0,87648.0
16,87649.4,87731.5,87631.9,87721.9,8400.0,0.0,87721.9,87721.9
17,87708.6,87759.6,87682.4,87759.6,6562.0,0.0,87759.6,87759.6
18,87750.7,87750.7,87519.8,87519.8,4150.0,0.0,87519.8,87519.8
19,87502.6,87590.1,87498.4,87562.6,3954.0,0.0,87562.6,87562.6
20,87566.9,87578.4,87328.7,87343.5,11941.0,0.0,87343.5,87343.5
21,87343.4,87344.0,87227.3,87256.3,12379.0,0.0,87256.3,87256.3
22,87252.7,87420.8,87252.7,87392.1,3767.0,0.0,87392.1,87392.1
23,87392.1,87404.4,87287.0,87371.4,6300.0,0.0,87371.4,87371.4
24,87372.5,87475.6,87339.6,87471.7,3668.0,0.0,87471.7,87471.7
25,87471.1,87484.4,87403.9,87439.2,2831.0,0.0,87439.2,87439.2
26,87436.2,87436.2,87315.9,87370.4,3545.0,0.0,87370.4,87370.4
27,87363.6,87377.7,87303.3,87303.3,4063.0,0.0,87303.3,87303.3
28,87303.2,87318.1,87204.0,87204.0,3420.0,0.0,87204.0,87204.0
29,87200.9,87280.4,87200.9,87257.5,3839.0,0.0,87257.5,87257.5
30,87263.5,87278.8,87211.2,87226.8,13526.0,184.17969,-499.75,683.9297
31,87226.1,87258.0,87206.6,87206.6,2066.0,230.63281,-479.3672,710.0
32,87205.6,87205.6,87154.6,87173.2,5683.0,172.10938,-471.4922,643.60156
33,87173.3,87298.7,87173.3,87286.8,7188.0,273.45312,-335.0,608.4531
34,87283.7,87286.9,87182.4,87186.8,7126.0,124.49219,-407.0703,531.5625
35,87183.8,87183.8,87080.0,87080.0,7382.0,129.75,-487.875,617.625
36,87080.0,87113.9,86878.6,86895.9,34739.0,216.86719,-651.09375,867.96094
37,86901.3,86939.1,86776.4,86781.0,17855.0,63.671875,-744.625,808.2969
38,86790.1,86895.4,86767.0,86877.6,13092.0,-134.46094,-629.5469,495.08594
39,86877.7,86894.4,86752.5,86799.2,5481.0,63.6875,-684.9531,748.6406
40,86806.7,86985.6,86797.5,86985.6,5524.0,90.875,-479.47656,570.35156
41,86985.6,87091.2,86985.6,87037.7,6819.0,-86.1875,-409.6953,323.5078
42,87042.2,87085.2,87006.2,87022.0,9574.0,-204.84375,-414.23438,209.39062
43,87016.0,87059.1,86992.0,87055.7,4562.0,-0.4453125,-363.96875,363.52344
44,87037.1,87118.4,87034.5,87034.5,4385.0,27.9375,-369.46094,397.39844
45,87034.0,87079.4,86918.0,86918.1,5614.0,-155.99219,-466.96875,310.97656
46,86922.3,86999.7,86852.1,86965.0,3934.0,-110.49219,-391.67188,281.1797
47,86973.7,87026.1,86973.7,87022.1,3649.0,-316.08594,-293.26562,22.820312
48,87024.4,87024.4,86888.0,86937.6,4724.0,-360.46094,-328.83594,31.625
49,86937.7,86946.2,86784.8,86834.6,8186.0,-660.8828,-399.72656,261.15625
50,86834.1,86875.0,86816.4,86816.4,3229.0,-701.7422,-379.76562,321.97656
51,86811.0,86811.0,86736.8,86747.7,8672.0,-461.7578,-430.5625,31.195312
52,86747.7,86754.9,86632.4,86663.7,10621.0,-462.3672,-503.64062,41.273438
53,86662.6,86733.1,86656.0,86711.6,5251.0,-603.1719,-437.2422,165.92969
54,86713.4,86797.0,86694.8,86776.0,8816.0,-533.1797,-357.0625,176.11719
55,86771.9,86843.4,86754.9,86843.1,8289.0,-457.25,-268.10156,189.14844
56,86839.4,86843.2,86788.6,86793.6,4040.0,-681.89844,-291.53906,390.35938
57,86791.6,86810.2,86771.6,86771.6,1637.0,-1056.6328,-293.27344,763.3594
58,86771.7,86775.9,86561.1,86561.5,18764.0,-1114.3047,-489.3125,624.9922
59,86561.1,86653.2,86547.3,86632.5,11099.0,-982.14844,-404.9922,577.15625
60,86623.2,86749.9,86578.5,86691.8,11360.0,-604.0156,-324.5547,279.46094
61,86692.1,86807.3,86674.1,86777.2,4944.0,-569.8203,-218.625,351.1953
62,86777.1,86912.6,86772.8,86888.4,31143.0,-844.72656,-84.484375,760.2422
63,86890.1,86910.7,86847.2,86877.6,6761.0,-552.2031,-69.80469,482.39844
64,86880.8,86880.8,86707.1,86707.1,6576.0,-767.41406,-211.54688,555.8672
65,86703.9,87030.3,86664.3,87004.3,7093.0,-423.3203,106.1875,529.5078
66,87003.4,87029.3,86934.7,86960.8,9135.0,-322.2578,74.53125,396.78906
67,86961.3,87031.1,86961.3,87016.8,6887.0,-16.328125,135.64844,151.97656
68,87018.6,87098.9,86982.8,87042.9,4779.0,17.632812,162.21094,144.57812
69,87042.8,87089.4,86993.0,87040.7,3567.0,-26.703125,175.82812,202.53125
70,87052.8,87151.8,87042.7,87146.3,5135.0,28.773438,289.7578,260.98438
71,87136.8,87202.0,87082.7,87141.6,9808.0,-140.3125,299.7578,440.0703
72,87141.5,87171.3,87077.6,87103.5,9815.0,-204.75781,274.6797,479.4375
73,87120.2,87156.4,87092.1,87139.0,6378.0,-162.54688,316.85938,479.40625
74,87127.1,87285.6,87127.1,87285.6,10418.0,-117.35156,472.3672,589.71875
75,87286.3,87347.0,87230.6,87262.4,6640.0,-85.53125,465.53906,551.0703
76,87267.2,87304.4,87227.4,87265.9,7803.0,44.835938,464.72656,419.89062
77,87258.1,87397.0,87246.9,87381.6,5966.0,-302.0625,580.6406,882.7031
78,87379.2,87416.2,87350.2,87382.5,8104.0,-290.89062,581.8047,872.6953
79,87385.3,87385.3,87203.1,87206.5,8375.0,-117.828125,400.54688,518.375
80,87197.9,87269.5,87184.0,87255.9,5466.0,-17.515625,439.6328,457.14844
81,87257.0,87259.1,87077.1,87085.8,11182.0,127.3125,253.04688,125.734375
82,87078.5,87191.7,87067.9,87178.3,8493.0,269.47656,325.84375,56.367188
83,87179.5,87211.0,87081.9,87101.3,4100.0,262.3203,226.85938,35.460938
84,87101.5,87165.0,87084.1,87164.6,4103.0,227.15625,268.78906,41.632812
85,87159.0,87263.8,87159.0,87263.8,7991.0,212.01562,342.5,130.48438
86,87263.8,87364.8,87257.3,87257.3,12821.0,436.32812,315.03125,121.296875
87,87254.8,87272.0,87194.2,87201.1,4852.0,454.73438,235.22656,219.50781
88,87196.9,87344.5,87196.1,87273.3,9019.0,373.4297,276.92188,96.50781
89,87273.3,87299.0,87234.8,87282.5,4458.0,311.23438,245.07812,66.15625
90,87282.4,87294.7,87186.6,87234.4,13604.0,30.867188,168.27344,137.40625
91,87234.5,87344.6,87234.5,87254.1,5698.0,21.039062,159.77344,138.73438
92,87254.0,87260.8,87090.8,87090.8,4446.0,184.04688,-18.960938,203.00781
93,87088.6,87156.5,87058.1,87150.2,4771.0,174.45312,25.945312,148.50781
94,87146.9,87224.5,87120.0,87136.1,7039.0,227.46875,0.6640625,226.80469
95,87147.1,87212.5,87021.3,87200.3,6592.0,49.945312,41.992188,7.953125
96,87208.9,87303.3,87188.9,87287.3,7835.0,-35.617188,116.015625,151.63281
97,87292.2,87397.9,87289.2,87386.0,6161.0,-29.484375,199.89844,229.38281
98,87393.5,87497.2,87393.5,87484.7,9223.0,-188.88281,289.3828,478.26562
99,87479.7,87499.9,87346.1,87346.1,5379.0,-224.40625,139.26562,363.67188
100,87346.2,87399.9,87346.2,87374.0,3442.0,-345.4297,155.07031,500.5
101,87368.5,87480.9,87358.2,87448.0,4521.0,-430.96094,224.66406,655.625
102,87444.3,87446.4,87365.9,87396.3,4579.0,-325.23438,167.33594,492.5703
103,87418.0,87425.2,87303.7,87303.7,4357.0,-339.23438,75.375,414.60938
104,87298.5,87299.3,87195.9,87228.9,6647.0,-295.5,0.0078125,295.5078
105,87225.0,87274.1,87190.0,87274.1,6185.0,-326.5547,52.679688,379.23438
106,87269.8,87339.4,87262.9,87336.5,2842.0,-341.90625,118.17969,460.08594
107,87332.8,87389.0,87309.1,87343.0,3113.0,-286.92188,123.609375,410.53125
108,87343.0,87361.8,87296.6,87357.5,5787.0,-319.7578,137.89062,457.64844
109,87367.3,87367.3,87300.2,87324.3,2920.0,-292.22656,99.58594,391.8125
110,87324.1,87420.1,87299.5,87391.6,3281.0,-350.75,159.89844,510.64844
111,87387.3,87426.6,87367.6,87367.6,3299.0,-509.875,129.99219,639.8672
112,87370.5,87434.3,87366.8,87434.3,5919.0,-390.41406,178.59375,569.0078
113,87441.1,87441.1,87327.1,87348.1,4270.0,-817.0078,81.49219,898.5
114,87348.0,87402.0,87325.2,87387.7,2276.0,-1572.6797,110.96875,1683.6484
115,87379.9,87435.9,87357.2,87418.0,3605.0,-1186.8438,138.04688,1324.8906
116,87412.0,87412.0,87284.7,87319.5,3262.0,-1340.2969,39.039062,1379.3359
117,87323.4,87333.8,87269.7,87269.7,3139.0,-1044.8594,-14.71875,1030.1406
118,87268.0,87268.0,87192.3,87228.9,4089.0,-1262.9688,-62.617188,1200.3516
119,87233.8,87283.9,87226.1,87283.9,1985.0,-1115.6016,-11.828125,1103.7734
120,87283.9,87334.5,87282.3,87327.1,2113.0,-738.89844,29.289062,768.1875
121,87327.1,87342.2,87293.3,87342.2,2732.0,-411.85938,36.53125,448.39062
122,87346.3,87440.5,87267.0,87267.0,4450.0,-304.2422,-44.351562,259.89062
123,87267.0,87291.5,87154.6,87233.4,12040.0,-335.09375,-95.125,239.96875
124,87229.9,87343.2,87223.0,87322.4,6250.0,-418.46875,-16.023438,402.4453
125,87321.5,87395.6,87312.0,87383.6,3558.0,-278.35156,32.601562,310.95312
126,87388.6,87466.1,87370.7,87449.7,5254.0,-621.3281,87.8125,709.1406
127,87450.7,87466.7,87295.4,87343.6,16226.0,-740.4375,-19.898438,720.53906
128,87356.8,87381.6,87285.9,87330.1,8568.0,-480.3672,-27.585938,452.78125
129,87339.4,87339.4,87218.9,87218.9,4133.0,-652.4531,-125.99219,526.46094
130,87202.4,87283.3,87168.3,87237.2,3723.0,-471.6875,-104.58594,367.10156
131,87239.7,87262.3,87175.9,87235.0,3241.0,-316.60156,-104.44531,212.15625
132,87247.9,87259.9,87183.5,87198.4,4240.0,-418.3203,-135.75781,282.5625
133,87205.2,87233.0,87176.7,87185.5,1926.0,-288.98438,-142.1875,146.79688
134,87182.6,87182.6,87080.3,87157.2,6053.0,-351.875,-166.96875,184.90625
135,87147.5,87234.0,87147.5,87233.0,3708.0,-591.9844,-95.83594,496.14844
136,87229.2,87275.8,87143.6,87155.3,7892.0,-760.3828,-179.02344,581.3594
137,87155.4,87198.1,87005.4,87017.6,15190.0,-1128.3906,-322.3828,806.0078
138,87018.5,87075.7,87005.2,87075.7,9681.0,-911.02344,-264.3047,646.71875
139,87068.2,87068.2,86884.7,86918.4,9446.0,-1215.5547,-420.2422,795.3125
140,86923.9,86925.9,86830.4,86912.9,6178.0,-990.41406,-420.46094,569.9531
141,86915.6,87056.8,86915.6,87049.1,8672.0,-1327.5547,-276.54688,1051.0078
142,87049.1,87251.5,87049.1,87242.7,7613.0,-1043.6953,-76.3125,967.3828
143,87227.2,87331.2,87227.2,87306.4,14326.0,-1298.7344,-0.828125,1297.9062
144,87306.3,87306.3,87113.3,87159.9,50306.0,-1383.125,-139.19531,1243.9297
145,87164.3,87203.0,87143.6,87181.7,14310.0,-839.5625,-105.86719,733.6953
146,87183.5,87394.7,87183.5,87356.0,7122.0,-1091.1484,77.67969,1168.8281
147,87368.6,87397.5,87249.7,87268.0,3750.0,-990.60156,-2.109375,988.4922
148,87266.5,87266.5,87183.7,87217.1,3825.0,-740.35156,-40.40625,699.9453
149,87200.8,87325.8,87200.8,87286.3,5999.0,-357.53906,36.453125,393.9922
150,87278.5,87324.1,87270.8,87315.4,3828.0,-55.976562,83.828125,139.80469
151,87315.5,87327.8,87211.1,87211.1,2126.0,-87.21875,0.2421875,87.46094
152,87207.4,87207.4,87079.5,87094.4,6031.0,-89.42969,-101.80469,12.375
153,87111.9,87161.5,87092.5,87128.8,4104.0,151.60938,-66.1875,217.79688
154,87116.6,87131.4,87081.3,87081.3,2055.0,207.35156,-117.34375,324.6953
155,87080.0,87080.0,86926.0,86933.7,4617.0,387.67188,-256.8125,644.4844
156,86946.5,87017.3,86910.8,87017.3,4854.0,567.53125,-163.125,730.65625
157,87023.3,87069.6,86971.3,87004.0,3525.0,455.39844,-171.73438,627.1328
158,87004.9,87153.3,87004.9,87103.2,7838.0,541.0781,-68.75,609.8281
159,87098.0,87153.9,87067.0,87098.1,2920.0,488.82812,-68.19531,557.02344
160,87101.9,87141.3,87089.1,87089.1,6354.0,454.78125,-80.57031,535.35156
161,87088.1,87152.0,87075.8,87148.2,2718.0,506.375,-25.375,531.75
162,87148.2,87220.1,87142.5,87220.1,3075.0,95.8125,47.710938,48.101562
163,87226.1,87260.8,87217.8,87243.1,2324.0,-170.5625,75.921875,246.48438
164,87250.2,87250.2,87197.9,87236.4,2364.0,-307.96094,72.05469,380.01562
165,87239.3,87340.2,87231.4,87340.1,3636.0,-269.39062,179.55469,448.9453
166,87331.3,87331.3,87163.4,87212.3,16197.0,-305.35156,66.71875,372.0703
167,87209.9,87275.8,87209.9,87275.7,6730.0,-347.78125,137.02344,484.8047
168,87266.9,87281.3,87238.0,87241.9,3204.0,-467.28906,103.890625,571.1797
169,87240.0,87266.2,87151.5,87151.5,3662.0,-595.90625,12.1171875,608.02344
170,87144.2,87230.2,87144.2,87230.2,2223.0,-577.2344,81.83594,659.0703
171,87221.2,87257.5,87178.1,87211.1,3237.0,-1015.1328,53.921875,1069.0547
172,87215.6,87223.3,87083.0,87083.0,6893.0,-1475.8281,-79.140625,1396.6875
173,87081.0,87085.5,86996.2,87006.1,7449.0,-849.40625,-154.91406,694.4922
174,87003.5,87043.2,87003.5,87043.1,6087.0,91.74219,-114.75,206.49219
175,87048.4,87072.2,87023.0,87055.9,3957.0,337.97656,-105.77344,443.75
176,87062.6,87110.1,87036.0,87042.7,3693.0,829.6094,-126.890625,956.5
177,87048.3,87113.2,87048.3,87113.2,3309.0,941.65625,-49.195312,990.85156
178,87113.2,87170.8,87084.3,87104.6,2723.0,853.2578,-58.195312,911.4531
179,87104.6,87104.6,87035.5,87052.0,4439.0,889.52344,-112.03125,1001.5547
180,87046.0,87068.7,87030.2,87033.0,1778.0,955.3828,-124.28906,1079.6719
181,87034.8,87046.3,87000.5,87004.0,2719.0,1120.1797,-149.03125,1269.2109
182,87001.9,87003.2,86893.3,86893.3,8052.0,1612.3594,-259.73438,1872.0938
183,86893.3,86991.3,86885.6,86970.4,5381.0,1168.2734,-182.0625,1350.3359
184,86976.8,86988.5,86935.2,86935.2,6084.0,818.4297,-211.125,1029.5547
185,86935.1,86936.0,86728.6,86737.0,15394.0,645.0156,-407.42188,1052.4375
186,86737.0,86809.0,86600.0,86688.9,33820.0,1068.875,-461.625,1530.5
187,86691.1,86839.5,86691.1,86833.1,5536.0,1178.9297,-318.6953,1497.625
188,86830.6,86913.0,86830.6,86846.2,7789.0,1122.0859,-311.0547,1433.1406
189,86839.2,86842.7,86651.1,86659.8,12443.0,1040.0312,-497.53125,1537.5625
190,86672.6,86716.7,86653.2,86716.7,4318.0,921.7031,-438.3203,1360.0234
191,86721.4,86721.4,86618.2,86643.8,3803.0,555.46094,-508.41406,1063.875
192,86646.7,86660.6,86403.9,86496.2,24834.0,424.0547,-648.8047,1072.8594
193,86500.8,86584.7,86418.7,86453.0,17044.0,313.73438,-675.6719,989.40625
194,86455.9,86497.4,86401.9,86444.9,7346.0,-101.953125,-670.1328,568.1797
195,86440.1,86555.3,86408.2,86526.5,4643.0,-21.851562,-573.46875,551.6172
196,86526.5,86618.0,86492.5,86541.7,8116.0,-203.61719,-528.1094,324.4922
197,86535.9,86535.9,86402.0,86402.1,4754.0,430.34375,-641.53906,1071.8828
198,86410.8,86438.8,86176.2,86180.7,17726.0,952.28125,-840.8047,1793.0859
199,86180.7,86411.4,86180.7,86403.0,18165.0,1037.0234,-598.72656,1635.75
200,86403.7,86516.5,86308.2,86516.5,9042.0,233.39844,-460.64062,694.03906
201,86520.8,86776.4,86520.8,86756.3,28362.0,1034.625,-195.17188,1229.7969
202,86747.8,86747.8,86580.5,86610.5,10924.0,910.9844,-312.60156,1223.5859
203,86610.4,86780.8,86590.9,86748.0,15765.0,290.32812,-145.76562,436.09375
204,86748.0,86786.9,86667.8,86706.6,4021.0,291.40625,-159.50781,450.91406
205,86703.3,86798.4,86669.7,86731.1,5333.0,51.492188,-105.09375,156.58594
206,86722.3,86722.3,86635.2,86676.4,11247.0,-329.97656,-133.32812,196.64844
207,86694.1,86698.7,86556.8,86579.7,4820.0,-326.32812,-204.96875,121.359375
208,86571.2,86596.5,86552.1,86578.7,3897.0,-473.20312,-170.42188,302.78125
209,86574.5,86660.9,86495.6,86495.6,9383.0,-428.09375,-207.32812,220.76562
210,86495.8,86508.7,86253.3,86398.1,9546.0,-929.6406,-272.3828,657.2578
211,86398.1,86542.0,86398.1,86528.6,8732.0,-1249.1953,-116.046875,1133.1484
212,86531.9,86568.2,86352.6,86352.8,9250.0,-759.3203,-279.46875,479.85156
213,86377.2,86444.9,86317.1,86433.1,8618.0,-1185.0469,-185.03125,1000.0156
214,86428.1,86534.8,86383.7,86524.9,4693.0,-1073.6172,-82.109375,991.5078
215,86525.0,86670.4,86509.6,86589.1,7676.0,-1106.9609,-6.4765625,1100.4844
216,86578.0,86640.7,86530.3,86562.6,5424.0,-1222.5234,-32.679688,1189.8438
217,86559.3,86609.8,86391.6,86395.6,13155.0,-1112.8281,-199.05469,913.77344
218,86404.0,86468.1,86379.2,86466.4,3063.0,-844.4453,-115.58594,728.8594
219,86466.4,86488.8,86301.9,86347.8,9455.0,-645.875,-220.8125,425.0625
220,86357.6,86492.7,86353.3,86484.3,4486.0,-398.1172,-76.11719,322.0
221,86475.5,86483.5,86409.6,86432.5,7786.0,-370.26562,-111.984375,258.28125
222,86432.5,86488.2,86357.0,86447.1,5794.0,217.82812,-91.61719,309.4453
223,86438.5,86438.5,86282.0,86331.4,7853.0,148.73438,-200.14844,348.8828
224,86328.9,86352.0,85852.6,85882.9,137327.0,289.875,-647.65625,937.53125
225,85887.1,86099.9,85852.2,86006.9,21941.0,1158.3516,-527.64844,1686.0
226,86007.0,86190.6,86007.0,86186.3,11137.0,1299.5391,-351.3828,1650.9219
227,86187.5,86250.8,86051.9,86138.2,10003.0,1328.4297,-400.52344,1728.9531
228,86153.7,86259.6,86135.6,86209.9,8193.0,1947.1797,-328.5,2275.6797
229,86209.9,86234.3,86131.4,86162.9,4426.0,1630.7266,-389.78125,2020.5078
230,86167.4,86250.8,86140.2,86152.9,9285.0,1514.1875,-397.02344,1911.2109
231,86169.3,86169.3,85990.9,86043.0,9036.0,1441.3125,-505.3125,1946.625
232,86033.5,86036.6,85656.5,85703.8,56064.0,1315.4766,-828.3281,2143.8047
233,85703.9,85852.2,85703.9,85767.8,27207.0,1379.6484,-756.15625,2135.8047
234,85762.0,85850.4,85727.8,85815.1,7963.0,1168.6953,-688.0156,1856.7109
235,85832.0,85832.0,85600.1,85702.0,20876.0,1041.4844,-759.9297,1801.4141
236,85701.9,85803.3,85600.1,85627.9,31337.0,898.8125,-797.8203,1696.6328
237,85624.6,85683.4,85558.8,85574.3,29383.0,566.1797,-826.91406,1393.0938
238,85574.0,85631.1,85473.9,85502.9,21038.0,413.3828,-876.2422,1289.625
239,85529.6,85593.1,85345.5,85439.8,37207.0,-20.859375,-920.90625,900.0469
240,85439.7,85659.3,85427.1,85647.1,10836.0,-667.75,-696.96094,29.210938
241,85625.5,85680.6,85510.3,85680.6,6731.0,-908.0547,-651.2031,256.85156
242,85680.5,85680.9,85575.1,85613.4,6608.0,-1246.2422,-694.125,552.1172
243,85626.1,85699.9,85549.1,85575.0,10137.0,-1229.9375,-700.0781,529.8594
244,85598.0,85715.5,85572.4,85672.9,7328.0,-823.71094,-568.90625,254.80469
245,85673.0,85999.4,85673.0,85932.5,15574.0,-288.71875,-273.8203,14.8984375
246,85934.9,86054.4,85926.3,85992.9,11959.0,-185.25,-169.0625,16.1875
247,86000.8,86040.4,85902.2,85936.9,8689.0,-331.17188,-178.32812,152.84375
248,85937.8,86035.6,85926.0,86014.1,10299.0,-75.015625,-60.054688,14.9609375
249,86025.2,86025.2,85833.7,85839.4,5731.0,108.58594,-186.58594,295.17188
250,85839.5,85941.5,85839.4,85930.4,4302.0,0.421875,-50.179688,50.601562
251,85921.9,85930.2,85830.6,85879.7,6486.0,-4.078125,-59.023438,54.945312
252,85896.6,85930.0,85835.3,85912.9,4643.0,51.289062,11.765625,39.523438
253,85912.0,85912.0,85813.0,85827.0,2945.0,132.44531,-32.453125,164.89844
254,85829.2,85829.2,85720.1,85774.1,4394.0,249.375,-47.53125,296.90625
255,85783.3,85943.9,85783.3,85942.9,5970.0,429.8203,131.76562,298.0547
256,85925.4,85974.4,85701.9,85718.3,10857.0,510.48438,-89.11719,599.60156
257,85718.3,85718.7,85533.6,85565.1,10773.0,329.15625,-232.64062,561.7969
258,85565.1,85646.5,85544.6,85624.6,4371.0,412.84375,-163.07031,575.91406
259,85624.7,85642.1,85466.0,85526.5,10898.0,247.97656,-251.39062,499.3672
260,85510.1,85640.6,85480.2,85621.2,6778.0,-60.664062,-140.50781,79.84375
261,85621.2,85773.2,85621.2,85727.2,7407.0,-209.84375,-23.382812,186.46094
262,85729.2,85785.5,85703.8,85785.5,9769.0,-263.2422,43.078125,306.3203
263,85785.6,85804.4,85650.4,85658.2,8415.0,-288.60156,-94.671875,193.92969
264,85657.3,85657.3,85495.8,85533.1,4775.0,-629.14844,-222.73438,406.41406
265,85534.1,85579.5,85432.9,85462.1,9237.0,-304.91406,-291.6875,13.2265625
266,85469.8,85567.3,85445.9,85535.4,10767.0,-574.66406,-230.42969,344.23438
267,85533.0,85579.6,85487.1,85487.2,2838.0,-620.65625,-283.14844,337.5078
268,85481.1,85625.0,85474.8,85612.1,6635.0,-768.4297,-157.78906,610.6406
269,85604.5,85711.2,85604.5,85687.9,6297.0,-881.0,-88.078125,792.9219
270,85687.5,85792.8,85609.7,85792.8,6186.0,-427.14062,12.484375,439.625
271,85800.0,85853.5,85674.6,85701.6,7363.0,-230.9375,-77.41406,153.52344
272,85704.4,85796.4,85675.8,85759.0,4660.0,197.39062,-22.351562,219.74219
273,85759.1,85772.3,85654.9,85654.9,4528.0,144.28906,-135.05469,279.34375
274,85663.4,85663.4,85579.3,85613.0,4202.0,356.1875,-181.125,537.3125
275,85617.9,85650.0,85577.4,85630.5,2748.0,354.76562,-156.64062,511.40625
276,85642.8,85944.7,85642.2,85944.6,6701.0,326.7578,180.98438,145.77344
277,85933.7,85994.8,85778.8,85800.3,9326.0,288.5703,59.554688,229.01562
278,85794.2,85898.8,85778.1,85867.2,8023.0,357.08594,148.94531,208.14062
279,85855.5,85914.1,85800.5,85871.9,6588.0,580.1406,173.74219,406.39844
280,85866.2,86031.3,85852.7,85988.0,11707.0,681.10156,297.42188,383.6797
281,85988.0,86090.0,85977.8,86068.3,5521.0,753.91406,384.60156,369.3125
282,86062.7,86078.8,86009.1,86047.9,4429.0,772.34375,373.1172,399.22656
283,86058.4,86129.3,86037.8,86071.8,4974.0,942.8672,404.71094,538.15625
284,86067.5,86108.6,86045.0,86058.0,3915.0,757.2578,399.51562,357.7422
285,86058.0,86125.1,86053.1,86063.0,4532.0,845.53906,412.57812,432.96094
286,86062.2,86062.2,85998.7,85998.7,2655.0,593.28125,363.89844,229.38281
287,85999.1,86071.6,85999.0,86045.6,4464.0,662.0078,399.47656,262.53125
288,86053.5,86057.0,85921.6,85951.1,5981.0,526.96094,293.21875,233.74219
289,85957.7,85994.0,85936.4,85974.5,3532.0,284.02344,304.48438,20.460938
290,85967.0,85997.2,85936.1,85997.2,6763.0,287.5547,309.92188,22.367188
291,85997.2,86001.5,85941.1,85958.6,3057.0,56.421875,252.97656,196.55469
292,85971.0,86022.3,85971.0,85995.9,4989.0,-26.0,273.22656,299.22656
293,85983.3,85996.5,85935.9,85962.2,5489.0,-426.6172,226.40625,653.02344
294,85966.3,85986.7,85891.4,85922.4,8574.0,-412.32812,165.92188,578.25
295,85918.2,85984.1,85918.2,85975.6,6319.0,-428.02344,192.88281,620.90625
296,85962.7,85986.5,85945.6,85961.5,4096.0,-459.45312,148.73438,608.1875
297,85962.6,86028.1,85961.3,86020.9,4533.0,-563.09375,184.96875,748.0625
298,86019.2,86020.8,85968.5,85968.5,2496.0,-536.1094,104.64844,640.7578
299,85964.2,85964.2,85817.3,85832.3,3535.0,2844.4766,-48.507812,2892.9844
300,85817.3,85865.2,85798.6,85861.3,10066.0,2466.8438,-33.84375,2500.6875
301,85863.3,85863.3,85794.8,85802.0,9386.0,2280.461,-103.359375,2383.8203
302,85800.1,85864.7,85765.8,85810.0,5590.0,2251.9922,-108.21094,2360.2031
303,85810.1,85859.5,85810.1,85828.0,3362.0,1802.9297,-102.05469,1904.9844
304,85822.3,85860.8,85822.1,85831.6,5387.0,1612.2422,-113.82031,1726.0625
305,85822.8,85888.9,85697.6,85697.6,6473.0,1496.7344,-263.28906,1760.0234
306,85695.3,85766.4,85656.3,85766.1,10213.0,1008.0625,-212.03906,1220.1016
307,85766.5,85852.0,85671.8,85693.6,3404.0,1085.3594,-285.3828,1370.7422
308,85702.2,85723.8,85620.9,85622.9,5585.0,963.3125,-367.1172,1330.4297
309,85644.7,85647.0,85622.9,85623.0,3111.0,591.1875,-372.07812,963.2656
310,85631.0,85665.0,85631.0,85636.9,4084.0,554.40625,-356.20312,910.6094
311,85636.1,85707.5,85636.1,85703.2,4418.0,593.6797,-283.5625,877.2422
312,85707.8,85771.7,85707.8,85711.1,2704.0,673.9375,-262.34375,936.28125
313,85711.1,85769.9,85687.0,85752.4,4256.0,600.8828,-209.14844,810.03125
314,85748.2,85823.4,85698.3,85698.3,4213.0,717.64844,-251.0625,968.71094
315,85698.2,85706.7,85631.2,85631.2,4632.0,378.65625,-306.84375,685.5
316,85632.3,85754.7,85625.5,85739.9,3221.0,369.9297,-179.875,549.8047
317,85747.2,85816.0,85691.2,85715.2,4803.0,43.570312,-192.9375,236.50781
318,85722.2,85737.1,85632.0,85659.7,3118.0,229.78906,-230.84375,460.6328
319,85661.6,85687.8,85644.3,85668.9,5380.0,183.75781,-205.24219,389.0
320,85664.7,85768.7,85664.7,85768.7,3704.0,137.49219,-87.86719,225.35938
321,85775.8,85825.9,85674.0,85674.0,4334.0,227.14062,-164.54688,391.6875
322,85661.1,85722.1,85629.1,85722.1,3253.0,78.16406,-103.67969,181.84375
323,85718.0,85751.9,85661.0,85667.1,3712.0,107.32031,-144.4375,251.75781
324,85667.1,85696.1,85603.6,85696.1,4164.0,194.23438,-104.94531,299.1797
325,85682.4,85804.0,85669.9,85767.0,16307.0,48.921875,-22.84375,71.765625
326,85759.8,85850.0,85747.8,85850.0,3203.0,-117.38281,77.375,194.75781
327,85854.0,85901.0,85835.9,85835.9,3468.0,124.50781,74.35156,50.15625
328,85832.3,85889.4,85832.3,85889.4,4198.0,47.695312,143.13281,95.4375
329,85890.3,85902.1,85825.9,85852.1,3332.0,-78.71875,121.28125,200.0
330,85852.1,85930.9,85852.1,85878.5,3155.0,-105.796875,155.85938,261.65625
331,85874.2,85874.2,85692.2,85700.0,4425.0,-15.8046875,-18.015625,2.2109375
332,85699.9,85699.9,85474.5,85474.5,8504.0,-4.421875,-237.11719,232.69531
333,85473.9,85526.3,85420.3,85486.2,9694.0,-196.67969,-221.02344,24.34375
334,85501.5,85604.9,85480.8,85572.9,10546.0,-99.109375,-126.28125,27.171875
335,85568.5,85583.0,85450.0,85493.9,6985.0,-267.625,-198.50781,69.11719
336,85489.0,85582.8,85474.2,85555.8,32121.0,-324.34375,-140.07812,184.26562
337,85555.7,85555.7,85450.0,85476.3,4223.0,-624.0547,-223.77344,400.28125
338,85480.4,85523.9,85469.1,85472.7,7586.0,-717.03906,-234.47656,482.5625
339,85469.1,85523.7,85427.6,85442.0,8565.0,-342.8203,-278.5078,64.3125
340,85442.0,85567.2,85442.0,85514.8,5399.0,-488.85938,-217.15625,271.70312
341,85512.3,85561.3,85399.6,85561.3,6553.0,-590.64844,-182.74219,407.90625
342,85553.0,85729.4,85524.2,85654.8,5704.0,-527.4531,-89.08594,438.3672
343,85654.9,85931.1,85654.9,85913.5,16924.0,-514.39844,181.45312,695.85156
344,85914.5,86012.0,85878.8,85878.8,10279.0,-637.1875,160.05469,797.2422
345,85883.0,85996.5,85883.0,85948.5,6728.0,-975.5469,236.02344,1211.5703
346,85950.9,85979.7,85879.3,85879.3,3159.0,-1124.4141,173.6875,1298.1016
347,85875.2,85875.2,85723.7,85741.6,6791.0,-974.0469,45.210938,1019.2578
348,85745.6,85828.9,85745.6,85783.2,3525.0,-576.7969,98.75,675.5469
349,85762.6,85807.2,85753.7,85778.3,2848.0,-637.9297,103.19531,741.125
350,85768.1,85816.5,85768.1,85816.5,4345.0,-828.08594,152.74219,980.8281
351,85816.6,85888.1,85804.1,85871.0,3167.0,-597.375,219.94531,817.3203
352,85863.5,85912.7,85846.6,85887.0,7238.0,-693.9531,241.57812,935.53125
353,85889.3,85957.3,85854.7,85957.3,2948.0,-481.0,315.2422,796.2422
354,85957.2,86040.2,85954.5,86032.3,5187.0,-290.89844,377.92188,668.8203
355,86032.3,86077.6,86003.0,86058.2,4787.0,-17.304688,394.6953,412.0
356,86056.2,86121.1,86056.1,86056.2,4706.0,-46.796875,383.625,430.42188
357,86067.6,86115.4,86056.1,86056.1,3744.0,-77.890625,382.0547,459.9453
358,86056.0,86056.0,85994.5,86026.6,2311.0,-32.695312,357.27344,389.96875
359,86026.5,86060.7,86012.3,86059.4,3384.0,-147.92969,395.3672,543.2969
360,86052.5,86089.3,86026.7,86087.3,3147.0,-240.0,426.95312,666.9531
361,86087.2,86164.4,86012.3,86022.5,4912.0,-160.14844,365.2578,525.40625
362,86015.4,86086.4,85968.9,86082.1,4110.0,-156.39844,416.3047,572.7031
363,86062.7,86078.7,86027.4,86062.1,2589.0,-107.27344,375.6797,482.95312
364,86068.1,86117.8,86020.7,86040.4,3568.0,48.742188,330.42188,281.6797
365,86040.5,86048.8,85957.1,85980.7,3070.0,-298.0625,247.75781,545.8203
366,85978.0,86169.3,85967.8,86135.8,4361.0,-295.09375,374.6328,669.72656
367,86135.8,86248.1,86031.1,86060.6,6480.0,100.546875,274.42188,173.875
368,86056.3,86067.4,86014.9,86014.9,2417.0,8.6875,199.72656,191.03906
369,86010.6,86130.3,86010.6,86121.1,5066.0,134.8125,278.23438,143.42188
370,86116.7,86126.7,86075.7,86095.0,4595.0,213.04688,221.26562,8.21875
371,86092.5,86129.6,86060.8,86069.6,2470.0,222.03906,167.24219,54.796875
372,86075.4,86081.5,86056.1,86062.0,5649.0,188.61719,136.57812,52.039062
373,86056.0,86119.4,86048.2,86119.4,3238.0,223.25781,172.60938,50.648438
374,86128.0,86220.8,86122.8,86216.6,5249.0,420.09375,262.3828,157.71094
375,86204.5,86322.9,86183.2,86192.3,9061.0,415.90625,230.0,185.90625
376,86192.2,86192.2,86142.7,86170.0,2753.0,351.83594,206.09375,145.74219
377,86182.3,86340.0,86182.3,86301.2,7937.0,302.7422,324.46875,21.726562
378,86305.9,86338.2,86290.0,86290.0,3039.0,-0.9765625,297.3203,298.29688
379,86286.2,86309.2,86236.0,86258.9,5341.0,123.85156,254.63281,130.78125
380,86257.3,86338.3,86244.4,86303.6,3256.0,159.72656,282.1953,122.46875
381,86303.6,86309.6,86250.7,86302.4,2599.0,145.78125,267.0703,121.28906
382,86303.6,86344.9,86277.8,86340.4,4060.0,194.07812,295.1328,101.05469
383,86338.3,86344.8,86258.4,86286.1,3108.0,54.328125,232.08594,177.75781
384,86286.4,86309.7,86252.1,86309.7,2156.0,-86.671875,247.58594,334.2578
385,86314.0,86344.9,86299.6,86344.9,3074.0,-50.382812,273.5703,323.95312
386,86344.8,86344.8,86286.7,86324.9,5096.0,-221.30469,246.85938,468.16406
387,86334.8,86338.0,86254.7,86263.5,5631.0,-239.54688,179.78125,419.32812
388,86267.7,86292.5,86240.0,86256.2,2701.0,-377.0,160.21875,537.21875
389,86254.1,86254.1,86193.9,86207.5,2405.0,-353.8828,98.35156,452.23438
390,86207.6,86266.1,86207.6,86266.1,6706.0,-358.9453,146.96875,505.91406
391,86267.1,86301.8,86220.0,86237.4,3000.0,-366.15625,107.453125,473.60938
392,86238.3,86307.1,86219.1,86219.1,4243.0,-293.21875,75.16406,368.3828
393,86217.2,86256.4,86160.5,86238.5,3859.0,-328.6328,81.64844,410.28125
394,86242.7,86250.0,86205.0,86214.2,3779.0,-319.96875,46.148438,366.1172
395,86205.6,86205.6,86062.1,86062.1,8078.0,-258.4297,-119.41406,139.01562
396,86062.1,86067.8,86017.3,86036.8,5860.0,-340.32812,-162.92969,177.39844
397,86033.7,86033.7,85869.9,85932.9,9270.0,-304.5078,-276.28125,28.226562
398,85932.5,85949.1,85905.2,85905.2,2510.0,-333.7422,-314.125,19.617188
399,85902.4,85918.0,85846.1,85853.2,5250.0,-461.27344,-378.1875,83.08594
400,85864.9,85889.3,85829.6,85867.5,2686.0,-388.04688,-368.21094,19.835938
401,85855.7,85940.4,85855.7,85928.9,6484.0,-829.3594,-315.3672,513.9922
402,85926.0,85937.7,85894.7,85927.0,2066.0,-1540.0234,-325.65625,1214.3672
403,85928.6,86085.2,85894.1,86085.2,17823.0,-1042.0703,-175.3125,866.7578
404,86085.1,86225.3,86025.6,86058.2,69246.0,-1311.3359,-208.26562,1103.0703
405,86058.2,86058.2,85965.0,85970.3,4219.0,-1067.6406,-296.04688,771.59375
406,85969.8,86053.8,85968.7,86053.8,2784.0,-1193.625,-206.03906,987.58594
407,86054.0,86116.5,86018.3,86113.2,1520.0,-1134.6016,-139.96875,994.6328
408,86112.1,86142.0,86038.7,86071.7,3330.0,-735.65625,-163.05469,572.60156
409,86071.6,86087.8,86033.8,86065.8,3745.0,-301.22656,-149.72656,151.5
410,86070.7,86154.0,86070.7,86154.0,2658.0,-353.3203,-41.234375,312.08594
411,86158.8,86187.3,86136.3,86136.3,1825.0,-306.82812,-37.140625,269.6875
412,86136.1,86157.2,86093.9,86127.3,2414.0,-455.16406,-27.460938,427.70312
413,86123.1,86146.9,86092.1,86096.5,2241.0,-329.53906,-37.585938,291.95312
414,86107.5,86107.5,86049.8,86084.9,3268.0,-577.8125,-39.148438,538.66406
415,86070.8,86144.4,86070.8,86139.5,1926.0,-705.60156,28.023438,733.625
416,86139.4,86208.2,86112.7,86112.7,2857.0,-519.4219,19.960938,539.3828
417,86129.9,86198.7,86124.3,86198.7,2111.0,-596.8047,119.52344,716.3281
418,86200.0,86219.3,86138.3,86138.3,2441.0,-517.4375,66.625,584.0625
419,86135.0,86216.6,86133.7,86188.1,3033.0,-333.14062,125.65625,458.79688
420,86192.4,86234.1,86161.2,86211.7,3270.0,-428.89844,156.35156,585.25
421,86211.6,86254.0,86118.7,86118.7,3784.0,-354.0703,68.96094,423.03125
422,86120.6,86120.6,85981.3,86023.5,3653.0,-410.1797,-21.1875,388.9922
423,86038.5,86096.8,86002.0,86002.0,4179.0,-580.28906,-38.101562,542.1875
424,85999.1,86081.7,85999.1,86061.1,2863.0,-797.40625,28.101562,825.5078
425,86060.1,86084.1,86005.2,86012.3,3312.0,-1031.2031,-14.234375,1016.96875
426,86012.4,86124.6,85990.8,86002.0,5335.0,-961.7656,-28.398438,933.3672
427,85997.7,86007.1,85951.4,85959.4,2851.0,-1253.1328,-74.80469,1178.3281
428,85959.3,85959.3,85800.9,85849.9,5078.0,-1014.5781,-197.59375,816.9844
429,85857.6,85951.9,85857.6,85947.3,1962.0,-1310.3125,-111.85156,1198.4609
430,85956.3,86015.1,85938.5,85938.6,5221.0,-1071.3906,-137.29688,934.09375
431,85932.1,85932.1,85836.9,85881.4,6432.0,-1336.2969,-211.71094,1124.5859
432,85891.7,86089.3,85891.7,85985.1,7549.0,-1174.4453,-117.50781,1056.9375
433,85991.3,86020.3,85972.0,85972.0,3266.0,-880.7578,-135.42969,745.3281
434,85966.9,85993.7,85933.9,85973.8,3496.0,-1091.5469,-129.46875,962.0781
435,85961.0,85970.4,85883.3,85888.5,3662.0,-988.1953,-214.91406,773.28125
436,85888.0,85888.0,85852.1,85869.9,2574.0,-795.4531,-235.60938,559.84375
437,85861.3,85874.5,85800.0,85845.3,2784.0,-244.20312,-257.625,13.421875
438,85850.4,85866.5,85758.0,85774.0,10196.0,55.015625,-321.22656,376.2422
439,85770.5,85770.5,85695.5,85742.7,8930.0,-131.94531,-341.4297,209.48438
440,85742.6,85742.6,85650.0,85692.3,5327.0,-114.52344,-385.90625,271.3828
441,85692.3,85763.5,85692.3,85763.5,3544.0,116.80469,-303.9375,420.7422
442,85763.4,85831.0,85748.6,85819.0,4699.0,192.03125,-235.6875,427.71875
443,85823.3,85843.9,85761.2,85765.4,4608.0,394.0625,-282.1797,676.2422
444,85765.3,85780.9,85723.6,85729.4,3187.0,778.7422,-311.96094,1090.7031
445,85727.3,85764.0,85685.6,85692.1,5761.0,468.01562,-343.6953,811.71094
446,85691.1,85804.9,85654.5,85783.9,3678.0,479.03125,-239.35156,718.3828
447,85784.8,85822.1,85700.1,85700.1,5072.0,634.14844,-311.0078,945.15625
448,85700.0,85700.0,85650.0,85657.6,3991.0,422.78906,-335.83594,758.625
449,85657.6,85657.6,85601.1,85619.1,7419.0,455.8047,-356.125,811.9297
450,85619.6,85649.6,85600.0,85600.0,3742.0,37.0625,-352.95312,390.01562
451,85600.0,85667.6,85600.0,85655.6,2979.0,-162.36719,-271.3828,109.015625
452,85641.1,85641.1,85606.0,85606.0,3229.0,-322.64844,-303.22656,19.421875
453,85600.0,85710.8,85588.3,85681.6,8372.0,-330.8828,-217.40625,113.47656
454,85677.5,85732.0,85669.1,85717.2,3388.0,-327.02344,-169.96875,157.05469
455,85713.0,85839.8,85713.0,85747.9,13622.0,-343.83594,-122.6875,221.14844
456,85755.1,85777.9,85710.1,85727.9,4033.0,-547.9453,-126.67969,421.26562
457,85714.0,85727.9,85639.6,85686.6,4296.0,-460.66406,-157.07031,303.59375
458,85687.3,85687.3,85548.0,85615.8,5345.0,-629.34375,-214.90625,414.4375
459,85613.0,85663.5,85533.1,85663.5,7573.0,-1049.0625,-157.59375,891.46875
460,85666.8,85782.0,85618.0,85618.0,8897.0,-1513.7578,-186.67969,1327.0781
461,85621.1,85630.4,85570.6,85627.3,3147.0,-804.91406,-160.46094,644.4531
462,85635.8,85697.5,85627.4,85655.6,3532.0,349.70312,-120.86719,470.5703
463,85652.8,85659.1,85604.3,85659.1,4554.0,374.48438,-98.41406,472.89844
464,85669.4,85729.7,85650.1,85672.0,3026.0,809.9375,-70.99219,880.9297
465,85663.3,85706.7,85610.2,85610.2,5217.0,1043.8438,-119.96094,1163.8047
466,85608.2,85635.8,85570.2,85622.3,3904.0,759.41406,-100.83594,860.25
467,85629.1,85700.6,85614.6,85677.6,4544.0,922.64844,-38.429688,961.0781
468,85677.6,85714.4,85666.9,85705.9,2819.0,1099.5625,-2.2109375,1101.7734
469,85705.9,85723.0,85666.1,85666.3,2148.0,1161.375,-33.890625,1195.2656
470,85666.2,85703.8,85638.3,85682.5,3588.0,1510.4922,-13.7265625,1524.2188
471,85680.5,85730.5,85654.1,85696.0,4799.0,1083.8438,3.484375,1080.3594
472,85689.5,85709.4,85627.8,85627.8,5447.0,756.14844,-57.90625,814.0547
473,85625.0,85655.8,85555.5,85559.8,4459.0,578.5156,-117.734375,696.25
474,85564.9,85657.3,85564.9,85618.3,5351.0,1017.625,-53.914062,1071.5391
475,85617.3,85669.2,85602.1,85648.0,2294.0,1137.8359,-21.335938,1159.1719
476,85647.9,85647.9,85543.9,85583.7,4378.0,1239.8125,-81.546875,1321.3594
477,85586.0,85586.0,85548.5,85573.6,3724.0,1039.2266,-83.57031,1122.7969
478,85573.0,85629.0,85552.6,85624.7,6905.0,837.60156,-31.34375,868.9453
479,85624.7,85624.7,85566.8,85578.8,4323.0,484.51562,-79.66406,564.1797
480,85576.0,85636.0,85562.7,85631.7,6170.0,479.16406,-29.117188,508.28125
481,85615.4,85650.7,85588.0,85604.5,5528.0,215.46094,-60.445312,275.90625
482,85604.4,85608.2,85542.0,85590.6,11641.0,-107.15625,-76.359375,30.796875
483,85590.6,85656.1,85501.2,85629.1,8618.0,-19.054688,-38.945312,19.890625
484,85619.6,85666.1,85604.8,85666.1,11701.0,-245.47656,4.1484375,249.625
485,85680.0,85762.5,85631.2,85631.2,19912.0,390.125,-25.8125,415.9375
486,85630.2,85630.2,85558.1,85577.5,8144.0,1005.375,-74.515625,1079.8906
487,85599.6,85620.5,85485.0,85518.3,4472.0,964.39844,-126.50781,1090.9062
488,85520.4,85536.4,85455.1,85462.1,3761.0,534.0547,-177.05469,711.1094
489,85469.1,85527.2,85457.5,85527.2,5913.0,1034.1172,-112.40625,1146.5234
490,85516.7,85541.7,85474.8,85499.5,4240.0,924.75,-135.875,1060.625
491,85499.5,85512.8,85477.6,85496.9,3884.0,287.10156,-139.16406,426.26562
492,85496.9,85516.1,85487.7,85516.1,2319.0,245.07812,-118.82031,363.89844
493,85512.7,85536.2,85505.6,85509.6,2976.0,-15.5625,-122.07031,106.50781
494,85514.9,85535.1,85438.1,85513.3,7962.0,-285.6953,-116.88281,168.8125
495,85521.4,85528.7,85482.0,85504.2,7172.0,-240.89062,-125.67969,115.21094
496,85504.1,85504.1,85387.9,85458.0,18297.0,-495.03125,-172.9375,322.09375
497,85447.9,85491.8,85408.0,85417.6,5314.0,-496.7578,-211.09375,285.66406
498,85429.0,85483.7,85403.2,85461.9,2438.0,-973.2422,-158.82812,814.41406
499,85461.9,85513.3,85409.2,85414.0,2979.0,-1158.2266,-194.53906,963.6875
500,85408.2,85408.2,85161.3,85164.3,39030.0,-805.33594,-437.28125,368.0547
501,85160.1,85331.3,85155.4,85173.1,30477.0,-1250.6875,-419.32812,831.3594
502,85168.9,85258.7,85168.9,85220.2,7878.0,-1093.3828,-362.27344,731.1094
503,85235.2,85317.8,85183.1,85287.0,7815.0,-1150.1953,-289.89062,860.3047
504,85289.0,85333.4,85262.8,85309.2,6174.0,-924.7969,-265.1797,659.6172
505,85313.5,85363.1,85289.8,85333.1,5400.0,-953.5469,-236.03125,717.5156
506,85333.0,85333.0,85271.7,85271.7,2489.0,-927.5156,-290.2422,637.27344
507,85271.8,85323.1,85250.0,85312.8,4338.0,-705.3047,-242.85938,462.4453
508,85314.8,85351.5,85282.4,85288.7,2753.0,-363.6875,-259.14844,104.53906
509,85294.6,85294.6,85197.3,85197.3,11465.0,-325.27344,-342.41406,17.140625
510,85208.0,85302.4,85180.7,85225.4,21586.0,291.65625,-306.0703,597.72656
511,85233.8,85245.6,85111.1,85164.5,18436.0,74.921875,-343.60156,418.52344
512,85156.0,85156.0,84600.0,84823.2,231593.0,394.5078,-663.3281,1057.8359
513,84823.2,84845.1,83173.2,83177.4,590196.0,1111.5938,-2290.6172,3402.211
514,83177.4,83627.0,81277.3,83373.4,754291.0,1379.2188,-2077.5078,3456.7266
515,83371.8,83867.6,83225.0,83770.1,179103.0,1429.2344,-1662.9609,3092.1953
516,83761.6,83783.0,83156.9,83492.3,111964.0,1830.0156,-1925.8672,3755.8828
517,83492.3,84050.5,83441.5,83955.1,58244.0,1586.3672,-1447.7734,3034.1406
518,83955.3,84024.7,83683.2,83978.0,66531.0,1645.7734,-1414.5938,3060.3672
519,83986.2,84147.0,83954.7,84055.5,37277.0,1461.6016,-1328.4219,2790.0234
520,84058.4,84486.0,83945.4,84261.5,47252.0,1199.1172,-1105.9297,2305.0469
521,84261.4,84480.4,84261.4,84371.1,38379.0,1329.7422,-982.625,2312.3672
522,84371.2,84436.2,84079.0,84251.8,25485.0,1076.2031,-1085.3047,2161.5078
523,84251.8,84439.8,84130.6,84414.2,33484.0,939.9844,-888.25,1828.2344
524,84413.2,84460.5,84326.4,84340.9,25856.0,850.1719,-844.9453,1695.1172
525,84340.9,84366.2,84005.9,84104.9,21710.0,510.66406,-973.9531,1484.6172
526,84104.8,84108.3,83916.0,83972.3,26099.0,370.60156,-1019.84375,1390.4453
527,83972.3,84125.8,83823.2,84004.7,42567.0,-90.21875,-889.15625,798.9375
528,84000.4,84076.4,83764.7,83946.5,24317.0,-752.7344,-874.2344,121.5
529,83948.4,83962.7,83800.6,83923.2,12939.0,-935.4453,-823.33594,112.109375
530,83923.3,84363.1,83896.8,84276.2,35765.0,-1279.7422,-402.40625,877.33594
531,84271.9,84271.9,84119.9,84125.6,8578.0,-1177.3516,-507.875,669.47656
532,84125.6,84214.1,84125.6,84201.1,7444.0,-611.0078,-392.27344,218.73438
533,84206.6,84230.6,83950.7,84025.7,13118.0,-362.10938,-519.25,157.14062
534,84025.6,84046.8,83888.0,83892.8,13711.0,-192.26562,-608.5156,416.25
535,83892.9,83942.0,83773.1,83924.9,18049.0,-287.47656,-528.0,240.52344
536,83930.0,84106.7,83911.3,84093.5,17280.0,300.5547,-297.9922,598.5469
537,84093.5,84106.8,83890.5,83890.5,12428.0,147.5625,-436.01562,583.5781
538,83890.5,84011.9,83836.9,84000.0,12719.0,-42.25,-261.1172,218.86719
539,83999.9,84104.6,83965.8,84031.3,23635.0,47.546875,-162.71094,210.25781
540,84027.0,84062.7,83935.3,83956.4,10085.0,-2.4296875,-173.90625,171.47656
541,83954.4,84113.1,83954.4,84077.6,8905.0,34.007812,-5.2421875,39.25
542,84071.4,84106.1,83906.4,83943.9,8605.0,154.52344,-87.0,241.52344
543,83943.9,83977.6,83786.0,83829.0,14854.0,354.52344,-170.79688,525.3203
544,83828.9,83834.2,83682.8,83769.5,25721.0,417.39062,-272.71094,690.10156
545,83753.6,84164.5,83737.6,84164.5,19937.0,263.53125,96.32031,167.21094
546,84166.5,84403.6,84152.8,84233.0,27365.0,373.6172,157.07812,216.53906
547,84222.5,84290.3,84123.7,84247.0,19768.0,157.89844,141.02344,16.875
548,84248.0,84306.9,84207.2,84235.9,8087.0,-89.765625,133.15625,222.92188
549,84229.8,84299.8,84133.2,84277.6,6664.0,-299.3125,173.75781,473.0703
550,84276.6,84300.0,84145.9,84204.3,6741.0,-310.10938,101.66406,411.77344
551,84197.3,84496.8,84197.3,84421.5,10103.0,-269.77344,334.125,603.89844
552,84412.1,84619.0,84398.1,84521.6,14509.0,-672.84375,448.89844,1121.7422
553,84521.1,84690.3,84521.1,84637.8,8961.0,-377.0,580.4922,957.4922
554,84628.4,84635.7,84452.7,84481.3,14046.0,-618.28125,453.25,1071.5312
555,84493.9,84667.9,84477.9,84667.9,7251.0,-661.9922,668.4219,1330.4141
556,84675.9,84698.7,84520.8,84541.7,10289.0,-806.90625,539.25,1346.1562
557,84550.2,84617.9,84520.8,84568.8,10589.0,-702.6875,553.3047,1255.9922
558,84573.0,84583.0,84431.4,84437.8,19801.0,-204.40625,410.1875,614.59375
559,84437.8,84500.3,84329.1,84345.4,20059.0,-92.921875,303.3203,396.2422
560,84345.5,84547.8,84322.4,84523.8,12934.0,240.21875,463.9922,223.77344
561,84512.0,84575.5,84351.8,84454.9,17389.0,152.65625,398.6953,246.03906
562,84463.3,84559.9,84418.1,84488.0,6071.0,296.85156,417.0,120.14844
563,84483.7,84575.3,84410.1,84568.3,16707.0,292.6797,481.28125,188.60156
564,84566.0,84633.5,84500.0,84500.1,6184.0,264.67188,382.47656,117.80469
565,84505.0,84508.1,84367.5,84380.3,5297.0,318.4375,233.25,85.1875
566,84380.2,84382.3,84259.6,84263.9,13940.0,336.07812,79.69531,256.3828
567,84267.2,84388.4,84245.3,84335.2,13017.0,580.0156,128.59375,451.42188
568,84333.1,84359.2,84254.9,84281.2,5456.0,628.1797,40.679688,587.5
569,84299.1,84302.4,84183.8,84222.4,6337.0,687.89844,-40.015625,727.91406
570,84218.2,84288.9,84185.7,84259.6,17105.0,773.03906,-18.507812,791.5469
571,84256.1,84401.5,84256.1,84368.0,3991.0,880.9453,61.515625,819.4297
572,84356.6,84422.5,84348.0,84416.0,3753.0,793.9922,90.640625,703.35156
573,84412.6,84423.2,84229.5,84233.8,7003.0,779.8828,-118.765625,898.64844
574,84241.4,84258.3,84025.8,84087.2,20531.0,558.9219,-302.3125,861.2344
575,84092.5,84117.3,83974.2,84081.9,12807.0,659.7031,-344.14844,1003.85156
576,84074.3,84074.3,83921.5,83966.6,11815.0,479.07812,-470.2422,949.3203
577,83961.5,84018.2,83932.4,83996.5,7262.0,269.35938,-441.89062,711.25
578,83990.5,84098.4,83954.6,84026.7,16272.0,241.16406,-416.09375,657.2578
579,84031.0,84091.9,83981.0,83997.6,4046.0,19.765625,-447.46875,467.23438
580,83996.6,83996.6,83856.6,83871.3,10885.0,-57.546875,-571.0078,513.46094
581,83862.0,83979.0,83819.5,83926.6,18306.0,-454.58594,-518.47656,63.890625
582,83926.6,83954.9,83751.1,83780.1,10925.0,-416.64062,-662.2969,245.65625
583,83780.9,83881.9,83754.6,83777.5,17305.0,-400.8047,-659.625,258.8203
584,83779.5,83873.5,83750.0,83805.9,31807.0,-429.01562,-611.02344,182.00781
585,83796.8,83874.7,83724.6,83741.9,29439.0,-510.46875,-655.3203,144.85156
586,83742.0,83828.0,83732.8,83768.1,8394.0,-551.0078,-599.8125,48.804688
587,83770.4,83983.2,83770.4,83963.1,9143.0,2658.211,-376.0625,3034.2734
588,83963.1,83990.8,83844.3,83872.8,6328.0,2316.8047,-437.75,2754.5547
589,83864.7,83890.0,83728.7,83728.7,8651.0,2104.336,-561.28125,2665.6172
590,83724.6,83753.9,83626.6,83653.1,15237.0,2029.9922,-619.5,2649.4922
591,83675.5,83764.3,83633.8,83699.0,17326.0,1700.3203,-540.9844,2241.3047
592,83691.8,83697.5,83576.0,83692.0,14180.0,1523.7578,-521.5625,2045.3203
593,83700.4,83828.0,83700.4,83768.1,20744.0,1403.2109,-410.0703,1813.2812
594,83774.0,83820.8,83635.4,83701.0,9920.0,919.5469,-437.625,1357.1719
595,83695.9,83786.6,83679.7,83783.8,10010.0,1064.7891,-320.125,1384.9141
596,83788.0,83862.9,83781.0,83817.1,13303.0,881.3203,-254.89062,1136.2109
597,83817.2,83858.6,83785.7,83799.7,6080.0,574.625,-247.5,822.125
598,83799.7,83824.4,83707.4,83715.0,7485.0,410.89062,-313.60156,724.4922
599,83715.0,83733.2,83636.1,83636.1,6127.0,604.6328,-372.07812,976.71094
600,83636.1,83795.2,83636.1,83779.9,4312.0,638.08594,-203.59375,841.6797
601,83786.9,83894.1,83751.7,83868.9,21353.0,620.0469,-84.27344,704.3203
602,83864.7,83915.9,83809.1,83887.5,8606.0,739.64844,-32.226562,771.875
603,83887.4,83939.8,83877.6,83920.3,3860.0,346.97656,36.773438,310.20312
604,83924.6,83989.8,83863.2,83921.5,6033.0,329.65625,61.265625,268.39062
605,83922.5,83976.3,83825.6,83833.7,6568.0,62.601562,-7.21875,69.82031
606,83833.7,83873.5,83730.9,83853.3,9538.0,249.63281,27.28125,222.35156
607,83863.5,83867.6,83690.1,83711.3,9399.0,183.66406,-107.25,290.91406
608,83705.2,83764.7,83688.8,83724.5,6364.0,190.19531,-84.203125,274.39844
609,83722.3,83730.0,83650.2,83656.4,5595.0,228.22656,-136.72656,364.95312
610,83652.4,83737.5,83580.0,83737.5,9843.0,109.80469,-37.554688,147.35938
611,83749.4,83902.4,83749.4,83829.3,23824.0,78.71875,58.820312,19.898438
612,83840.7,83880.9,83738.1,83790.5,7625.0,205.92188,22.914062,183.00781
613,83782.5,83786.6,83653.4,83706.2,9009.0,96.55469,-66.75781,163.3125
614,83693.7,83716.8,83686.1,83706.8,4030.0,-86.85156,-73.30469,13.546875
615,83703.1,83773.7,83700.3,83723.0,4499.0,123.375,-62.875,186.25
616,83728.8,83766.6,83605.2,83614.7,5211.0,65.09375,-175.76562,240.85938
617,83619.8,83712.5,83605.4,83707.3,5081.0,-47.929688,-87.42969,39.5
618,83707.2,83715.0,83605.6,83625.1,5532.0,-157.72656,-157.03906,0.6875
619,83632.5,83681.5,83608.1,83633.7,2527.0,36.648438,-141.01562,177.66406
620,83641.5,83675.1,83404.8,83509.7,28966.0,44.085938,-261.40625,305.4922
621,83511.7,83610.5,83364.6,83364.7,13554.0,-192.91406,-410.625,217.71094
622,83363.6,83493.4,83313.0,83425.7,7002.0,-91.52344,-356.1328,264.60938
623,83425.8,83497.8,83352.9,83358.4,21014.0,-280.40625,-428.3672,147.96094
624,83361.2,83398.6,83304.6,83324.3,14907.0,-317.125,-459.375,142.25
625,83324.3,83355.3,83284.7,83334.3,8920.0,-697.0547,-449.66406,247.39062
626,83346.7,83346.7,83150.8,83181.1,41793.0,-878.6953,-599.8203,278.875
627,83174.1,83320.8,83146.9,83226.1,12694.0,-428.35938,-544.7031,116.34375
628,83218.3,83238.8,83062.5,83062.5,21836.0,-429.9297,-703.6797,273.75
629,83058.7,83203.9,83058.7,83076.1,23222.0,-614.4297,-685.58594,71.15625
630,83074.2,83231.8,83050.5,83069.4,17291.0,-511.6797,-692.1797,180.5
631,83049.5,83095.4,82865.7,83040.7,43387.0,-565.25,-707.3594,142.10938
632,83036.6,83045.0,82700.0,82806.5,37530.0,-654.1328,-916.3594,262.22656
633,82778.9,82940.5,82747.1,82860.2,18664.0,-1012.1875,-839.5625,172.625
634,82869.4,82985.0,82860.8,82870.9,23699.0,-1165.625,-800.77344,364.85156
635,82871.0,82984.9,82840.1,82974.5,20211.0,-1006.5156,-667.3125,339.20312
636,82974.5,82985.0,82827.6,82841.9,11346.0,-566.72656,-774.9375,208.21094
637,82838.6,82953.3,82804.1,82953.3,21336.0,-615.7578,-629.9375,14.1796875
638,82949.2,82957.2,82736.6,82741.6,11185.0,-811.1406,-817.3672,6.2265625
639,82737.0,82789.5,82602.4,82686.1,33922.0,-626.9844,-839.7578,212.77344
640,82686.0,82729.9,82603.4,82682.8,20981.0,-714.41406,-814.0547,99.640625
641,82685.0,82700.0,82518.0,82532.8,19045.0,-467.25,-930.64844,463.39844
642,82541.0,82616.6,82480.1,82572.2,18141.0,-278.7422,-851.8125,573.0703
643,82576.3,82596.8,82478.2,82495.0,14079.0,23.335938,-879.8203,903.15625
644,82495.1,82675.0,82495.1,82648.4,27026.0,-47.398438,-684.1172,636.71875
645,82648.4,82684.7,82571.7,82624.2,46050.0,-8.96875,-666.52344,657.5547
646,82630.4,82670.6,82578.5,82657.8,14204.0,34.023438,-595.5,629.52344
647,82653.8,82725.3,82600.2,82725.3,12563.0,-85.328125,-489.35938,404.03125
648,82725.3,82757.9,82582.5,82603.3,8666.0,-227.97656,-573.66406,345.6875
649,82606.3,82607.3,82472.6,82538.4,9220.0,-130.36719,-594.3828,464.01562
650,82546.8,82599.2,82477.9,82514.0,6482.0,-148.00781,-571.39844,423.39062
651,82509.9,82590.9,82500.1,82500.1,18087.0,-87.96094,-543.9453,455.98438
652,82500.0,82500.1,82280.0,82280.0,18549.0,98.50781,-722.4531,820.96094
653,82275.9,82344.9,82234.6,82257.7,21916.0,-299.3203,-702.0781,402.7578
654,82248.8,82285.7,82125.3,82149.0,14685.0,-250.26562,-767.6094,517.34375
655,82144.8,82267.9,82116.5,82208.8,12339.0,-69.75781,-674.0156,604.2578
656,82210.8,82518.0,82210.8,82497.1,30776.0,29.96875,-350.21094,380.1797
657,82497.4,82506.8,82390.0,82453.9,12146.0,136.97656,-367.2422,504.21875
658,82453.8,82478.6,82349.3,82387.6,7323.0,254.28125,-408.5078,662.78906
659,82385.9,82385.9,82201.4,82217.5,10488.0,268.33594,-555.6406,823.97656
660,82216.4,82231.7,82112.2,82176.2,12266.0,228.82031,-570.0625,798.8828
661,82178.3,82200.4,82111.0,82161.7,16371.0,242.46094,-556.78125,799.2422
662,82168.0,82261.1,82020.7,82078.6,15816.0,458.66406,-612.8594,1071.5234
663,82078.5,82089.4,81712.9,81949.0,58374.0,416.03125,-716.1328,1132.1641
664,81948.9,81974.5,81786.1,81935.6,25616.0,381.71094,-699.41406,1081.125
665,81943.5,82391.7,81927.3,82061.4,45415.0,290.98438,-537.52344,828.5078
666,82053.6,82085.5,81905.2,82062.6,16898.0,38.859375,-498.03125,536.8906
667,82058.6,82058.6,81802.1,81872.6,21012.0,23.554688,-670.7969,694.35156
668,81871.0,82140.3,81859.4,82019.9,32565.0,147.27344,-498.52344,645.7969
669,82012.6,82139.7,82004.9,82080.5,55937.0,180.41406,-420.22656,600.6406
670,82080.3,82443.9,82070.5,82414.7,20236.0,201.28906,-62.59375,263.8828
671,82408.7,82428.3,82331.5,82382.7,17538.0,47.945312,-69.265625,117.21094
672,82382.7,82499.9,82309.5,82316.1,21160.0,-151.59375,-117.32031,34.273438
673,82309.4,82329.3,82107.0,82168.8,13391.0,-8.078125,-239.9375,231.85938
674,82168.3,82242.3,82082.7,82124.0,23107.0,-236.52344,-257.4375,20.914062
675,82116.1,82140.8,81937.9,81944.2,15948.0,-238.63281,-401.59375,162.96094
676,81936.1,82077.4,81640.3,82072.8,26241.0,-345.0547,-244.85938,100.19531
677,82080.7,82224.5,81960.7,81975.2,13752.0,-393.4375,-312.6953,80.74219
678,81956.1,82014.3,81770.3,81877.2,9149.0,-411.41406,-368.0625,43.351562
679,81878.3,82077.9,81873.7,82077.8,19767.0,-333.96094,-138.28906,195.67188
680,82077.9,82077.9,81864.9,81965.1,12777.0,-253.96875,-228.09375,25.875
681,81963.2,82231.1,81947.7,82190.6,22895.0,-340.72656,2.3671875,343.09375
682,82190.5,82197.1,81951.4,81964.9,11012.0,-306.7578,-217.46094,89.296875
683,81965.9,82024.8,81934.3,81992.6,15824.0,-320.28906,-191.57031,128.71875
684,81992.6,82196.1,81983.0,82196.1,21470.0,-327.14844,16.382812,343.53125
685,82196.1,82351.9,82149.2,82305.4,16139.0,-243.90625,126.92969,370.83594
686,82307.4,82485.7,82241.3,82291.4,17690.0,-321.20312,126.15625,447.35938
687,82304.4,82304.4,82120.1,82120.1,16968.0,-505.75,-23.921875,481.82812
688,82124.2,82124.2,81959.6,82019.2,13734.0,-368.64062,-100.88281,267.7578
689,82019.4,82082.3,82007.4,82069.3,5797.0,-2331.8828,-25.273438,2306.6094
690,82069.3,82289.5,82061.1,82246.1,20921.0,-1699.1328,158.52344,1857.6562
691,82246.0,82377.9,82227.1,82305.4,10687.0,-1158.1641,228.375,1386.5391
692,82314.6,82468.4,82299.2,82442.9,8486.0,-1422.2578,364.42188,1786.6797
693,82444.2,82614.8,82395.6,82568.9,11545.0,-1135.1875,496.10938,1631.2969
694,82550.4,82712.4,82443.3,82443.3,24783.0,-1152.9375,368.32812,1521.2656
695,82446.9,82554.9,82389.0,82530.9,15584.0,-1105.0781,442.90625,1547.9844
696,82532.6,82616.4,82462.8,82558.3,6799.0,-611.72656,458.10156,1069.8281
697,82555.0,82710.4,82548.8,82690.3,13435.0,-244.47656,578.6719,823.14844
698,82690.3,82866.1,82576.7,82834.2,28655.0,-278.35156,710.1953,988.5469
699,82840.6,82841.4,82689.9,82740.7,9596.0,-239.94531,616.72656,856.6719
700,82740.8,82922.9,82718.3,82846.4,6538.0,-324.54688,722.9844,1047.5312
701,82846.5,82858.5,82597.3,82629.6,19970.0,-283.64844,514.6172,798.2656
702,82648.3,82648.3,82571.7,82593.2,6082.0,-478.64062,482.08594,960.72656
703,82594.4,82612.8,82527.2,82583.8,25629.0,-591.3125,466.34375,1057.6562
704,82583.8,82583.8,82496.2,82543.8,7138.0,-421.07812,406.33594,827.41406
705,82552.0,82581.1,82539.7,82574.0,4128.0,-474.71875,420.57812,895.2969
706,82574.9,82609.7,82444.9,82465.3,7259.0,-382.9297,282.54688,665.47656
707,82459.9,82529.5,82450.4,82529.5,10327.0,-147.44531,322.47656,469.92188
708,82533.6,82570.5,82487.9,82533.6,5208.0,-256.5703,290.82812,547.39844
709,82533.6,82570.5,82450.1,82456.7,6170.0,-315.98438,166.07031,482.0547
710,82456.2,82456.2,82364.6,82452.6,18068.0,-359.89844,128.82031,488.71875
711,82452.6,82561.7,82420.9,82557.5,6585.0,-573.71875,189.65625,763.375
712,82541.0,82732.5,82508.9,82717.9,24146.0,-829.0,328.10156,1157.1016
713,82721.6,82750.0,82660.9,82749.9,7956.0,-1084.2188,328.6797,1412.8984
714,82749.9,82766.4,82699.7,82710.1,5273.0,-1039.7031,259.32812,1299.0312
715,82710.1,82807.6,82637.8,82742.8,9795.0,-1232.7109,274.6328,1507.3438
716,82739.3,82766.7,82656.8,82656.8,3375.0,-1047.1797,175.21094,1222.3906
717,82656.8,82750.3,82638.5,82728.4,4222.0,-1280.75,238.11719,1518.8672
718,82728.4,82778.4,82721.2,82768.0,5202.0,-1061.9453,257.25,1319.1953
719,82762.0,82815.9,82703.3,82710.1,9929.0,-1563.4844,173.63281,1737.1172
720,82713.3,82713.3,82619.2,82675.0,8385.0,-1297.2109,119.15625,1416.3672
721,82681.7,82931.5,82680.7,82931.4,15073.0,-943.4922,365.22656,1308.7188
722,82931.5,82957.8,82852.1,82881.5,10984.0,-1170.9688,302.72656,1473.6953
723,82881.5,82953.2,82841.6,82892.7,11356.0,-915.9531,300.1797,1216.1328
724,82896.6,82970.3,82870.1,82941.3,6136.0,-796.4219,339.71875,1136.1406
725,82948.1,82995.0,82891.0,82899.2,6327.0,-295.1797,284.28125,579.46094
726,82907.5,82967.1,82812.0,82829.0,9037.0,-57.539062,203.48438,261.02344
727,82830.1,83053.8,82812.0,83041.4,15284.0,-39.523438,410.96875,450.4922
728,83053.1,83343.1,83053.1,83295.7,38016.0,-18.78125,663.3672,682.14844
729,83295.6,83351.2,83155.6,83228.5,9452.0,203.84375,599.47656,395.6328
730,83236.9,83337.0,83236.9,83250.0,7117.0,308.3672,622.5,314.1328
731,83241.7,83241.7,83053.5,83127.0,41546.0,454.32812,508.07812,53.75
732,83126.1,83126.1,82951.0,82951.0,14525.0,666.2969,316.98438,349.3125
733,82949.5,83037.2,82932.4,83012.9,5621.0,536.3281,364.46875,171.85938
734,83002.0,83118.3,82996.0,83095.3,6014.0,541.9375,431.41406,110.52344
735,83082.7,83120.9,83034.1,83045.2,4113.0,562.78125,361.4453,201.33594
736,83051.4,83088.2,83015.6,83035.2,3492.0,525.71875,335.1875,190.53125
737,83032.1,83187.9,83032.1,83044.6,6448.0,470.6875,326.39844,144.28906
738,83039.7,83053.0,82948.6,82996.0,4963.0,115.0,252.20312,137.20312
739,82990.0,82990.0,82847.1,82879.6,13056.0,-105.96094,97.69531,203.65625
740,82887.9,83055.4,82887.9,83040.6,11412.0,-300.54688,220.10938,520.65625
741,83040.5,83168.9,83027.1,83142.4,4509.0,-362.3047,282.03906,644.34375
742,83142.7,83160.0,82995.9,83012.6,5393.0,-279.96875,123.765625,403.73438
743,83009.1,83240.3,82995.3,83159.1,11862.0,-390.01562,258.60938,648.625
744,83159.0,83159.8,83064.3,83065.2,4129.0,-658.72656,151.5625,810.28906
745,83073.6,83160.1,83064.0,83128.6,4387.0,-550.53906,195.70312,746.2422
746,83128.5,83128.5,83037.6,83053.0,2391.0,-637.4922,104.984375,742.47656
747,83053.0,83063.7,82969.0,82987.2,1869.0,-1635.0938,20.257812,1655.3516
748,82988.2,83043.2,82978.0,82978.0,2917.0,-1672.2578,-4.75,1667.5078
749,82974.1,82974.1,82924.4,82924.4,3108.0,-874.3125,-69.75,804.5625
750,82924.5,82950.7,82903.5,82903.5,3799.0,181.82031,-99.13281,280.95312
751,82904.4,82943.6,82899.0,82926.2,7938.0,274.53125,-94.71094,369.2422
752,82926.2,83079.2,82926.2,83079.2,36803.0,719.9531,47.742188,672.21094
753,83080.0,83114.7,82959.2,82959.2,4886.0,1048.5469,-78.8125,1127.3594
754,82959.1,82959.1,82793.4,82799.5,8111.0,817.90625,-251.83594,1069.7422
755,82796.0,82827.2,82726.5,82772.8,8515.0,902.2969,-284.73438,1187.0312
756,82767.3,82802.8,82747.5,82768.1,6283.0,1082.5547,-300.89844,1383.4531
757,82768.0,82775.3,82636.8,82680.8,6586.0,1225.6953,-399.40625,1625.1016
758,82680.8,82707.4,82616.9,82638.7,6030.0,1601.9844,-438.78906,2040.7734
759,82638.6,82711.8,82618.4,82618.4,6202.0,1196.0078,-443.21094,1639.2188
760,82618.4,82695.4,82500.1,82521.2,10768.0,800.84375,-525.1953,1326.0391
761,82501.0,82521.3,82389.9,82470.1,18509.0,648.34375,-558.97656,1207.3203
762,82469.3,82485.9,82382.7,82435.8,12156.0,1148.3281,-583.25,1731.5781
763,82432.1,82530.0,82431.9,82509.6,7552.0,1305.8906,-515.85156,1821.7422
764,82509.9,82552.0,82480.8,82524.7,7396.0,1257.9844,-498.0625,1756.0469
765,82510.0,82528.1,82438.2,82443.3,5419.0,1126.4688,-564.6797,1691.1484
766,82446.4,82479.7,82381.1,82419.4,2903.0,999.4531,-574.9531,1574.4062
767,82418.7,82448.0,82284.2,82313.2,6078.0,607.2656,-667.78906,1275.0547
768,82317.0,82381.8,82257.2,82262.7,8322.0,517.125,-700.10156,1217.2266
769,82279.4,82417.8,82229.4,82300.1,9838.0,275.875,-644.83594,920.71094
770,82300.1,82375.4,82229.0,82355.8,14190.0,-17.398438,-576.0781,558.6797
771,82355.8,82385.9,82268.4,82284.7,9506.0,6.0859375,-621.2031,627.28906
772,82268.2,82405.4,82268.2,82358.9,9579.0,-162.49219,-513.3906,350.89844
773,82358.0,82375.9,82200.1,82281.1,6470.0,244.78125,-562.35156,807.1328
774,82286.5,82316.1,82221.9,82256.0,18679.0,890.6797,-554.97656,1445.6562
775,82272.4,82360.0,82272.4,82308.6,4366.0,876.6406,-475.35156,1351.9922
776,82307.5,82308.5,82208.6,82218.6,9752.0,313.10156,-531.08594,844.1875
777,82217.7,82360.9,82217.7,82360.9,9148.0,1066.3281,-357.10938,1423.4375
778,82341.3,82399.0,82309.4,82309.4,4196.0,941.375,-374.90625,1316.2812
779,82309.4,82353.7,82286.1,82317.2,4291.0,240.17969,-331.34375,571.52344
780,82313.1,82372.3,82294.0,82306.6,4651.0,172.03125,-310.72656,482.7578
781,82306.6,82457.7,82278.2,82278.2,9994.0,-126.4375,-311.7422,185.30469
782,82267.6,82387.4,82256.5,82311.2,9736.0,-234.72656,-246.66406,11.9375
783,82316.4,82401.0,82213.3,82361.6,31401.0,-271.97656,-160.25,111.72656
784,82353.3,82353.3,82087.2,82207.2,17951.0,-496.21094,-280.75,215.46094
785,82211.2,82229.2,82094.1,82094.1,10273.0,-580.27344,-366.67188,213.60156
786,82094.2,82172.1,82050.7,82089.7,19987.0,-937.53125,-347.85938,589.6719
787,82089.6,82200.0,82055.5,82200.0,4604.0,-1160.4766,-210.08594,950.3906
788,82200.7,82200.7,81943.8,81995.4,16179.0,-892.71094,-398.6953,494.01562
789,82007.8,82099.5,81995.4,82057.6,9907.0,-1186.6719,-320.02344,866.64844
790,82057.7,82081.7,81990.1,82015.7,17310.0,-1080.0469,-346.8672,733.1797
791,82013.2,82148.5,82008.1,82120.8,29622.0,-1106.9531,-231.03906,875.91406
792,82124.4,82141.0,82045.5,82052.5,15856.0,-1104.5469,-289.7422,814.8047
793,82052.5,82270.8,82033.9,82270.7,11670.0,-991.3906,-65.3125,926.0781
794,82270.7,82389.6,82160.5,82310.0,34207.0,-1020.7969,-18.617188,1002.1797
795,82309.9,82309.9,82090.1,82120.3,12909.0,-651.2344,-192.45312,458.78125
796,82117.5,82181.5,81982.3,82010.3,9110.0,-372.5,-284.9922,87.50781
797,82010.4,82067.1,81956.0,82042.3,8570.0,-257.79688,-236.50781,21.289062
798,82038.6,82061.9,81913.8,81950.5,11482.0,297.89062,-322.64062,620.53125
799,81950.4,82032.4,81945.1,81985.9,7187.0,181.9375,-273.875,455.8125
800,81973.8,82004.9,81846.1,81851.1,10167.0,400.54688,-396.53906,797.08594
801,81851.3,81854.3,81416.3,81444.9,69414.0,1123.9609,-785.7422,1909.7031
802,81444.9,81613.8,81340.6,81551.5,39167.0,1403.25,-670.9453,2074.1953
803,81548.4,81591.1,80831.4,81134.0,196906.0,1430.0625,-1073.125,2503.1875
804,81149.3,81160.4,80919.0,81101.0,45283.0,1847.1562,-1105.6094,2952.7656
805,81100.0,81444.4,81079.6,81328.8,30209.0,1588.3047,-880.5,2468.8047
806,81323.7,81323.7,81129.8,81140.6,36412.0,1590.8281,-1059.2891,2650.1172
807,81132.6,81159.4,80952.0,81011.6,32535.0,1468.3984,-1177.8672,2646.2656
808,81011.6,81050.4,80705.1,80725.3,38780.0,1298.4766,-1448.2344,2746.711
809,80723.8,80963.9,80627.5,80945.5,42398.0,1454.1172,-1210.0859,2664.2031
810,80957.6,81666.0,80957.6,81466.2,131612.0,1065.0781,-672.8203,1737.8984
811,81468.0,81877.6,81274.6,81711.1,61016.0,1050.625,-405.14844,1455.7734
812,81711.1,81889.9,81500.2,81605.4,33883.0,928.8047,-469.1797,1397.9844
813,81581.0,81707.1,81442.1,81606.9,30371.0,555.0781,-429.70312,984.78125
814,81602.9,81807.5,81594.8,81700.5,18544.0,416.14844,-274.71875,690.8672
815,81704.5,81821.2,81510.1,81821.2,35648.0,-212.46875,-98.71094,113.75781
816,81825.1,82274.0,81710.7,82101.7,46923.0,-815.9297,220.0625,1035.9922
817,82087.6,82581.6,82027.5,82511.1,70274.0,-1012.9219,676.90625,1689.8281
818,82511.3,82866.1,82486.5,82768.0,63226.0,-1202.75,993.22656,2195.9766
819,82767.9,82982.8,82628.3,82982.8,31887.0,-1155.0312,1271.5312,2426.5625
820,82982.7,82982.7,82657.5,82736.3,19758.0,-724.40625,1080.6328,1805.0391
821,82745.5,82971.2,82693.7,82878.7,22928.0,-425.83594,1250.5156,1676.3516
822,82904.5,82908.6,82685.7,82750.9,12906.0,-92.07031,1143.1953,1235.2656
823,82751.0,82887.6,82565.4,82874.2,24953.0,-226.09375,1288.8516,1514.9453
824,82874.1,83033.3,82795.5,83002.3,14212.0,8.9453125,1450.1406,1441.1953
825,83010.6,83427.0,82994.9,83316.3,37958.0,196.83594,1794.6172,1597.7812
826,83320.1,83419.2,83150.8,83164.4,16894.0,61.953125,1657.6641,1595.7109
827,83176.3,83300.0,83106.8,83270.4,9931.0,58.015625,1759.0938,1701.0781
828,83252.6,83322.0,83008.6,83078.5,13767.0,103.59375,1543.75,1440.1562
829,83083.3,83191.8,82976.6,83191.8,11528.0,101.77344,1616.1797,1514.4062
830,83199.9,83528.1,83116.8,83499.9,25737.0,173.09375,1874.4297,1701.3359
831,83493.1,83499.9,83386.6,83496.4,18219.0,407.45312,1826.6797,1419.2266
832,83496.4,83576.6,83367.6,83389.8,14373.0,492.48438,1648.3828,1155.8984
833,83386.5,83583.2,83358.5,83565.7,5882.0,327.01562,1764.3203,1437.3047
834,83564.7,83589.1,83495.9,83564.2,9029.0,495.60156,1675.8125,1180.2109
835,83564.2,83567.0,83333.5,83333.5,10150.0,112.890625,1350.0469,1237.1562
836,83333.4,83355.8,83152.8,83179.1,17827.0,-58.242188,1096.2812,1154.5234
837,83179.1,83306.3,83050.0,83302.2,11455.0,-261.0703,1118.1875,1379.2578
838,83311.7,83311.7,83137.3,83240.7,8036.0,-222.21875,943.75,1165.9688
839,83228.0,83278.0,83165.3,83272.9,7659.0,-243.02344,858.28125,1101.3047
840,83268.7,83413.3,83182.0,83400.6,9926.0,-598.8281,873.6719,1472.5
841,83409.0,83420.5,83156.7,83156.7,9847.0,-373.2422,528.09375,901.33594
842,83156.6,83458.2,83136.0,83378.3,9308.0,-570.64844,660.4297,1231.0781
843,83365.8,83487.3,83233.6,83282.3,8245.0,-678.0156,475.20312,1153.2188
844,83286.5,83299.6,83106.7,83237.1,12591.0,-750.9297,332.0625,1082.9922
845,83228.8,83428.0,83208.2,83400.3,11736.0,-815.16406,402.0703,1217.2344
846,83400.4,83614.9,83355.6,83556.5,9782.0,-355.27344,482.66406,837.9375
847,83553.5,83566.5,83431.5,83466.6,5087.0,-216.32031,338.89062,555.21094
848,83455.0,83696.9,83436.8,83671.7,14552.0,234.08594,504.4297,270.34375
849,83660.6,83887.3,83660.6,83796.7,25035.0,180.01562,605.78906,425.77344
850,83810.9,83866.3,83527.8,83527.8,8582.0,296.6953,322.375,25.679688
851,83508.9,83671.5,83500.1,83644.1,7905.0,277.85156,405.46875,127.61719
852,83644.0,83704.1,83595.4,83648.1,8093.0,330.20312,395.5703,65.36719
853,83648.2,83792.6,83612.6,83745.6,7432.0,362.03906,461.71094,99.671875
854,83753.4,83836.6,83745.2,83810.6,14244.0,292.27344,506.3047,214.03125
855,83810.6,83911.9,83801.6,83908.4,9001.0,630.25,592.35156,37.898438
856,83909.4,83988.6,83880.9,83988.6,11285.0,725.0,668.3672,56.632812
857,83988.5,84346.8,83980.2,84217.3,20381.0,747.3281,877.4531,130.125
858,84217.2,84217.2,84061.1,84092.6,8302.0,828.9531,742.9531,86.0
859,84079.8,84182.5,83988.6,84143.9,7843.0,981.5703,764.58594,216.98438
860,84153.3,84185.7,83947.6,84021.0,8177.0,819.4219,611.4375,207.98438
861,84016.8,84163.7,83968.7,84027.8,12205.0,862.41406,616.84375,245.57031
862,84021.4,84043.1,83807.6,83847.9,9911.0,602.3828,429.5547,172.82812
863,83843.7,83856.9,83719.5,83753.7,9225.0,689.15625,322.4375,366.71875
864,83753.7,83776.9,83628.0,83628.0,8345.0,549.8828,187.73438,362.14844
865,83627.2,83704.8,83567.2,83666.8,14747.0,289.17188,214.21875,74.953125
866,83673.5,83715.7,83608.1,83699.0,5977.0,257.52344,217.67188,39.851562
867,83695.6,83719.0,83549.8,83549.8,3452.0,-112.22656,28.0,140.22656
868,83555.8,83589.6,83380.5,83405.1,40093.0,-60.546875,-162.44531,101.89844
869,83408.1,83495.8,83404.0,83440.7,9717.0,-487.01562,-169.4375,317.57812
870,83428.2,83583.5,83428.2,83571.6,7534.0,-494.7422,-82.09375,412.64844
871,83571.5,83598.2,83471.9,83564.6,6870.0,-365.48438,-120.109375,245.375
872,83564.5,83603.3,83409.2,83445.4,6639.0,-457.9297,-282.8672,175.0625
873,83436.3,83466.5,83282.1,83453.4,7506.0,-574.4297,-298.34375,276.08594
874,83452.5,83527.9,83427.1,83512.6,5215.0,-571.375,-262.71094,308.66406
875,83516.7,83790.7,83504.2,83747.7,11180.0,2893.1094,-47.15625,2940.2656
876,83757.6,83895.3,83741.6,83858.9,10276.0,2489.914,50.71875,2439.1953
877,83860.0,83932.9,83826.0,83932.9,6560.0,2296.0781,117.58594,2178.4922
878,83940.1,83984.9,83859.6,83950.7,11958.0,2094.8672,131.23438,1963.6328
879,83937.7,83937.7,83837.1,83860.8,7627.0,1844.0938,54.65625,1789.4375
880,83860.7,83988.5,83829.5,83944.8,3462.0,1578.0078,156.45312,1421.5547
881,83937.9,84109.1,83936.9,84099.5,15827.0,1563.2656,308.96875,1254.2969
882,84097.6,84195.8,84085.7,84107.1,6837.0,1067.2266,320.54688,746.6797
883,84141.4,84194.8,84112.1,84128.8,5869.0,1157.9062,352.375,805.53125
884,84128.8,84152.8,84085.4,84138.0,5619.0,955.4922,376.1953,579.2969
885,84144.3,84282.8,84077.0,84253.4,11736.0,647.46094,506.48438,140.97656
886,84253.5,84346.9,84108.1,84123.6,12369.0,424.29688,384.71875,39.578125
887,84123.6,84243.2,84105.0,84183.7,6456.0,634.9531,451.3047,183.64844
888,84183.7,84407.1,84175.8,84356.4,12382.0,690.125,638.22656,51.898438
889,84350.7,84350.7,84034.2,84086.3,10004.0,650.03906,375.21875,274.8203
890,84076.6,84152.9,84047.1,84143.1,8864.0,744.53906,446.1797,298.35938
891,84143.0,84386.4,84143.0,84366.4,7931.0,335.03906,673.28906,338.25
892,84370.6,84424.5,84153.4,84209.8,9858.0,365.35938,513.10156,147.74219
893,84209.5,84308.4,84150.1,84244.1,10672.0,100.375,534.4453,434.0703
894,84231.7,84277.4,84197.8,84265.0,4751.0,276.08594,536.59375,260.5078
895,84269.4,84294.7,84186.8,84188.0,4961.0,126.40625,434.10156,307.6953
896,84197.3,84214.2,84110.1,84163.8,8754.0,195.52344,380.5625,185.03906
897,84167.6,84237.4,84125.5,84197.2,7185.0,198.76562,392.7422,193.97656
898,84199.2,84214.4,84134.1,84178.5,4214.0,94.09375,342.33594,248.24219
899,84182.8,84243.3,84110.0,84110.1,9177.0,105.5,226.375,120.875
900,84110.0,84145.0,84000.9,84019.7,11135.0,195.89062,103.69531,92.19531
901,84028.0,84028.1,83827.1,83878.1,31049.0,56.351562,-66.484375,122.83594
902,83878.0,84009.6,83856.5,83953.2,4463.0,-63.351562,-31.476562,31.875
903,83953.2,83980.8,83895.1,83918.3,6474.0,154.82031,-104.59375,259.41406
904,83914.2,83935.5,83852.8,83852.8,6679.0,51.554688,-209.63281,261.1875
905,83841.9,83860.5,83741.6,83755.0,7145.0,-57.609375,-345.04688,287.4375
906,83759.2,83974.9,83745.7,83964.7,7273.0,-110.28906,-157.35938,47.070312
907,83964.7,84032.4,83898.7,83969.7,9174.0,11.328125,-167.59375,178.92188
908,83969.7,84129.4,83968.1,84078.1,7156.0,0.171875,-72.41406,72.58594
909,84073.9,84201.0,84073.0,84196.5,8198.0,-228.97656,34.585938,263.5625
910,84201.7,84201.7,84025.3,84045.2,8063.0,-116.578125,-129.17969,12.6015625
911,84037.6,84037.8,83930.5,83979.7,5928.0,-244.25,-198.42188,45.828125
912,83977.9,83988.5,83936.0,83982.1,8969.0,-347.08594,-184.96094,162.125
913,83979.3,83979.3,83847.1,83847.1,3779.0,-705.4297,-312.26562,393.16406
914,83847.2,83916.9,83827.6,83827.6,7451.0,-912.52344,-321.2422,591.28125
915,83826.8,83826.8,83671.6,83685.5,10288.0,-317.4375,-449.07812,131.64062
916,83677.2,83750.0,83586.7,83735.2,11544.0,-447.79688,-374.46094,73.33594
917,83728.8,83728.8,83536.6,83616.9,42094.0,-547.6406,-484.8125,62.828125
918,83619.0,83698.3,83610.0,83610.6,4024.0,-476.21875,-480.41406,4.1953125
919,83608.5,83630.5,83587.0,83611.6,4610.0,-566.125,-465.5,100.625
920,83615.8,83753.0,83608.5,83696.0,8401.0,-631.6172,-386.60938,245.00781
921,83696.0,83808.4,83672.4,83771.7,8045.0,-1002.8281,-306.0078,696.8203
922,83771.9,83797.2,83687.7,83743.3,7048.0,-1189.0859,-315.09375,873.9922
923,83749.0,83833.7,83689.7,83817.0,7983.0,-1030.4219,-230.0,800.4219
924,83825.4,83826.3,83705.9,83740.7,7670.0,-531.1719,-286.45312,244.71875
925,83740.1,83775.0,83627.8,83677.6,7738.0,-653.1797,-327.6797,325.5
926,83666.0,83684.1,83608.1,83608.1,5996.0,-781.6406,-372.0547,409.58594
927,83608.2,83629.2,83549.2,83576.1,6533.0,-668.7969,-382.6328,286.16406
928,83583.8,83622.3,83548.1,83548.2,7330.0,-633.41406,-381.5078,251.90625
929,83555.1,83706.1,83555.1,83672.0,10687.0,-523.0547,-229.3125,293.7422
930,83678.4,84299.9,83579.7,84099.8,48233.0,-248.88281,223.40625,472.28906
931,84092.4,84256.8,83848.1,83896.1,20421.0,0.640625,35.898438,35.257812
932,83897.1,84299.9,83792.0,84270.3,17872.0,-75.296875,415.41406,490.71094
933,84261.5,84293.4,83986.8,84269.2,10392.0,-39.65625,424.8125,464.46875
934,84269.3,84820.2,84269.3,84762.7,44408.0,-22.742188,923.3828,946.125
935,84762.7,84900.0,84485.0,84890.9,32741.0,-117.24219,1057.1797,1174.4219
936,84890.9,85001.8,84816.5,84976.8,62131.0,-274.5547,1146.9531,1421.5078
937,84972.3,85140.8,84857.4,84864.4,30059.0,-111.015625,1052.3828,1163.3984
938,84860.9,84992.7,84711.4,84800.2,12249.0,-163.38281,1007.8672,1171.25
939,84797.1,85040.4,84796.9,84863.8,11989.0,-122.765625,1097.9531,1220.7188
940,84855.5,85041.6,84700.0,85007.8,10696.0,115.55469,1268.1797,1152.625
941,85007.8,85267.7,85007.8,85169.7,18893.0,-273.5703,1427.3594,1700.9297
942,85171.3,85279.8,84913.6,85028.8,11743.0,-285.5625,1290.625,1576.1875
943,85028.8,85028.8,84774.4,84815.3,17450.0,138.3125,1062.7266,924.41406
944,84815.3,84968.6,84772.1,84907.1,9999.0,19.5625,1133.4297,1113.8672
945,84917.0,84984.1,84649.0,84660.5,12520.0,187.14844,840.0625,652.91406
946,84656.3,84699.8,84407.8,84436.5,15972.0,236.34375,555.7969,319.45312
947,84434.9,84539.6,84235.7,84261.3,11651.0,251.65625,318.51562,66.859375
948,84265.7,84645.9,84251.6,84645.8,25414.0,184.3125,640.6406,456.32812
949,84640.6,84671.3,84374.2,84546.2,8208.0,265.58594,481.5625,215.97656
950,84534.6,84682.1,84494.5,84649.9,18914.0,415.04688,522.65625,107.609375
951,84650.6,84986.8,84570.9,84893.5,17548.0,400.4375,700.6719,300.23438
952,84893.4,85162.0,84781.0,85125.8,20141.0,355.27344,863.0625,507.78906
953,85141.6,85217.2,85078.1,85179.5,8645.0,323.7578,852.4922,528.7344
954,85179.5,85427.9,85162.8,85400.7,20955.0,-6.375,1023.78125,1030.1562
955,85403.5,85488.7,85308.4,85417.0,8141.0,160.76562,981.7578,820.9922
956,85417.0,85417.0,85030.7,85069.6,20538.0,124.828125,585.21875,460.39062
957,85055.6,85190.8,85055.6,85060.6,6663.0,132.41406,534.8047,402.39062
958,85060.1,85154.7,85000.1,85122.8,11759.0,150.28906,562.7344,412.4453
959,85122.8,85122.8,84836.1,84836.2,16029.0,-2.75,221.26562,224.01562
960,84836.2,85103.4,84806.1,84820.4,13616.0,-152.88281,161.74219,314.625
961,84812.1,84833.6,84582.3,84582.3,12104.0,-55.070312,-103.86719,48.796875
962,84578.1,84628.0,84460.8,84469.8,16158.0,-268.125,-266.23438,1.890625
963,84470.8,84551.8,84329.4,84551.7,10543.0,-269.32812,-227.10156,42.226562
964,84556.0,84601.9,84415.7,84555.3,7480.0,-370.84375,-269.02344,101.82031
965,84539.0,84713.2,84494.4,84632.7,20191.0,-333.0625,-223.52344,109.53906
966,84632.6,84788.1,84526.3,84670.7,11339.0,-378.32812,-211.82812,166.5
967,84670.0,84670.5,84503.8,84520.0,8458.0,-314.875,-367.17188,52.296875
968,84520.1,84558.2,84307.6,84440.3,13741.0,-252.625,-456.6875,204.0625
969,84440.3,84502.6,84340.4,84454.2,4812.0,-370.75,-458.90625,88.15625
970,84454.1,84461.6,84317.9,84424.8,8405.0,-272.57812,-486.9375,214.35938
971,84424.8,84466.4,84317.9,84428.5,5970.0,-235.32812,-473.85938,238.53125
972,84428.5,84469.6,84304.4,84328.8,6193.0,-362.625,-544.1875,181.5625
973,84324.6,84341.3,84047.4,84155.2,19509.0,-278.6797,-689.8281,411.14844
974,84155.2,84252.7,84064.1,84174.1,6456.0,-304.21875,-657.7578,353.53906
975,84174.1,84294.7,84169.0,84187.5,9896.0,-439.20312,-626.7656,187.5625
976,84186.0,84243.8,84129.5,84130.9,5068.0,-398.34375,-681.9844,283.64062
977,84124.0,84124.0,83836.9,83943.2,13960.0,-2363.6953,-881.3906,1482.3047
978,83943.3,84075.7,83943.3,84063.2,18572.0,-1455.0859,-774.3203,680.7656
979,84067.1,84202.8,84029.6,84184.1,18730.0,-939.4844,-643.14844,296.33594
980,84184.6,84201.2,83800.1,83860.5,9955.0,-1312.0234,-962.15625,349.8672
981,83860.4,83911.7,83750.0,83803.1,9483.0,-1135.5078,-1008.28906,127.21875
982,83803.4,84003.3,83686.4,83926.7,14106.0,-1072.5078,-861.4375,211.07031
983,83936.7,84116.6,83895.2,84063.1,5934.0,-1146.6797,-685.1953,461.48438
984,84063.0,84068.0,83884.0,84056.9,11360.0,-668.7031,-640.1797,28.523438
985,84058.9,84344.3,84000.1,84130.2,22610.0,-214.60938,-505.53906,290.9297
986,84143.8,84143.8,83805.5,83890.7,6890.0,-355.71875,-683.5703,327.85156
987,83898.4,83898.4,83725.7,83767.8,7933.0,-170.67188,-759.53906,588.8672
988,83769.1,83833.8,83644.4,83698.6,9021.0,-386.53906,-772.8672,386.32812
989,83698.6,83698.6,83592.7,83631.9,7309.0,-367.64062,-786.59375,418.95312
990,83628.6,83711.6,83506.1,83646.8,14344.0,-494.83594,-739.09375,244.25781
991,83640.5,83826.1,83518.1,83826.1,13397.0,-651.46094,-511.79688,139.66406
992,83826.2,83863.0,83730.3,83806.9,14159.0,-476.6953,-492.03906,15.34375
993,83793.4,83807.0,83529.3,83542.8,39490.0,-494.3203,-728.9844,234.66406
994,83541.2,83617.5,83335.1,83363.5,30566.0,-460.07812,-883.8594,423.78125
995,83364.5,83410.2,83294.4,83322.6,14210.0,-186.44531,-899.8281,713.3828
996,83329.0,83414.6,83195.0,83211.9,12244.0,-304.03125,-985.40625,681.375
997,83211.9,83284.2,83062.6,83228.9,68510.0,-348.76562,-929.40625,580.6406
998,83244.1,83284.0,83121.4,83169.0,11905.0,-412.21875,-951.6953,539.47656
999,83175.6,83183.9,82916.8,82937.8,19501.0,-626.125,-1145.8125,519.6875
1000,82925.6,82963.6,82843.7,82875.6,29655.0,-877.8281,-1166.8906,289.0625
1001,82876.6,83021.4,82870.1,82967.0,8328.0,-1021.85156,-1036.5859,14.734375
1002,82972.2,83028.8,82784.3,82884.9,14024.0,-1077.5312,-1088.5781,11.046875
1003,82870.4,83052.6,82846.0,83030.4,9470.0,-1257.4297,-916.97656,340.45312
1004,83030.4,83299.0,83030.4,83225.5,16092.0,-1067.5078,-691.25,376.2578
1005,83225.5,83375.9,83118.9,83354.1,17205.0,-1294.0938,-522.1172,771.97656
1006,83346.1,83366.1,83235.0,83327.7,13563.0,-1061.6953,-505.27344,556.4219
1007,83327.7,83387.0,83234.4,83319.0,10598.0,-1369.3281,-468.02344,901.3047
1008,83328.2,83367.4,83068.8,83169.0,9307.0,-1185.3594,-582.3125,603.0469
1009,83191.0,83333.0,83145.0,83262.0,5816.0,-933.21875,-444.60156,488.6172
1010,83261.8,83261.8,83098.2,83204.9,7128.0,-1117.3281,-439.39062,677.9375
1011,83205.8,83210.9,82950.1,83020.0,10240.0,-912.6953,-575.0469,337.64844
1012,83010.3,83025.3,82811.0,82841.7,16781.0,-793.41406,-711.53125,81.88281
1013,82845.8,82866.4,82718.4,82830.3,12697.0,-183.75781,-670.84375,487.08594
1014,82857.7,83147.1,82857.7,83096.5,12846.0,125.58594,-353.01562,478.60156
1015,83085.2,83168.2,82984.1,83070.7,10440.0,-58.0,-337.2422,279.2422
1016,83080.9,83200.2,82974.4,83158.8,10932.0,-48.640625,-210.34375,161.70312
1017,83158.9,83160.0,82927.1,82927.1,5971.0,215.46875,-413.89062,629.3594
1018,82922.4,82988.2,82783.7,82963.5,13592.0,276.42188,-355.04688,631.46875
1019,82965.8,82977.4,82875.1,82922.3,7153.0,424.41406,-369.77344,794.1875
1020,82922.3,83030.4,82889.2,82941.3,11976.0,815.75,-332.28125,1148.0312
1021,82950.1,83099.9,82902.3,83002.0,9003.0,525.3125,-249.48438,774.7969
1022,82996.5,83020.0,82769.9,82843.9,19729.0,495.6953,-367.27344,862.96875
1023,82843.8,82883.9,82707.7,82783.4,17817.0,625.60156,-379.52344,1005.125
1024,82762.5,82762.5,82445.9,82450.1,38999.0,425.7578,-677.1875,1102.9453
1025,82457.3,82604.0,82310.6,82464.0,20183.0,371.8828,-649.9297,1021.8125
1026,82463.2,82533.3,82345.6,82498.0,12211.0,38.828125,-603.34375,642.1719
1027,82490.7,82738.0,82431.8,82664.8,11469.0,-118.296875,-433.89844,315.60156
1028,82683.2,83082.3,82666.0,82839.8,14730.0,-377.33594,-243.8125,133.52344
1029,82843.1,82933.7,82700.1,82887.1,6414.0,-364.5625,-186.22656,178.33594
1030,82888.2,82990.1,82829.2,82875.8,8653.0,-357.8672,-196.75,161.11719
1031,82888.0,82961.2,82739.9,82799.9,10151.0,-324.1172,-275.9297,48.1875
1032,82820.8,82825.6,82633.4,82714.6,15778.0,-689.125,-362.97656,326.14844
1033,82715.6,82988.3,82715.6,82955.1,9882.0,-398.91406,-120.421875,278.4922
1034,82963.1,82967.7,82783.6,82919.9,7372.0,-674.9297,-143.27344,531.65625
1035,82913.9,82927.3,82831.9,82909.1,4950.0,-1418.9453,-115.3125,1303.6328
1036,82910.5,82960.7,82740.6,82909.9,8216.0,-1737.2344,-70.00781,1667.2266
1037,82921.7,83124.8,82802.1,82885.1,10440.0,-798.4844,-53.320312,745.16406
1038,82885.2,82910.2,82579.6,82602.9,8948.0,362.6172,-302.8125,665.4297
1039,82597.0,82746.2,82551.9,82745.7,6251.0,469.7422,-143.55469,613.2969
1040,82746.0,82972.1,82713.0,82924.8,8474.0,684.90625,54.28125,630.625
1041,82931.2,83200.3,82842.8,83181.5,11690.0,1144.4609,327.45312,817.0078
1042,83169.5,83271.3,82972.3,82976.7,31206.0,807.22656,133.65625,673.5703
1043,82981.4,83032.6,82853.1,82971.3,13061.0,842.66406,134.60938,708.0547
1044,82965.3,83145.1,82965.3,83098.3,9214.0,1197.3828,255.375,942.0078
1045,83087.7,83197.7,82994.5,83182.7,6665.0,1231.9609,348.60156,883.3594
1046,83178.7,83229.1,83127.5,83133.0,7498.0,1506.2656,306.97656,1199.2891
1047,83128.0,83223.0,83102.7,83174.7,5256.0,1105.1641,361.125,744.03906
1048,83174.6,83307.3,83072.9,83184.5,35632.0,699.4531,373.01562,326.4375
1049,83184.6,83284.5,83088.8,83284.5,6360.0,689.1328,491.04688,198.08594
1050,83272.9,83346.8,83179.9,83179.9,13760.0,1104.375,395.27344,709.10156
1051,83179.7,83184.8,83045.7,83052.5,4461.0,1194.1094,268.70312,925.40625
1052,83052.4,83146.3,82935.9,83116.1,10939.0,1303.6562,323.32812,980.3281
1053,83100.4,83247.2,83088.1,83180.9,7460.0,1092.6875,381.48438,711.2031
1054,83176.7,83247.2,83113.7,83113.7,4538.0,915.6875,304.89844,610.78906
1055,83112.5,83218.2,83097.6,83143.2,4559.0,516.2656,301.9922,214.27344
1056,83147.8,83445.2,83122.1,83399.3,9186.0,508.4297,522.14844,13.71875
1057,83393.7,83643.2,83384.8,83617.9,18477.0,165.42188,709.0,543.5781
1058,83616.3,83796.2,83572.4,83765.2,20164.0,-113.21094,830.8125,944.02344
1059,83761.1,83769.4,83530.7,83549.3,9553.0,46.046875,597.66406,551.6172
1060,83552.4,83699.9,83552.4,83664.0,8323.0,-246.23438,692.5,938.7344
1061,83663.9,83696.4,83552.1,83583.8,8161.0,439.58594,597.09375,157.50781
1062,83581.5,83617.6,83483.5,83502.9,9247.0,892.6172,503.5625,389.0547
1063,83498.6,83528.3,83410.5,83410.5,6310.0,831.0547,391.08594,439.96875
1064,83419.0,83419.1,83243.2,83355.1,44546.0,612.85156,324.39844,288.45312
1065,83365.5,83365.5,83137.7,83245.0,10509.0,1074.8594,204.60938,870.25
1066,83244.9,83472.3,83217.3,83376.4,11346.0,966.64844,324.29688,642.35156
1067,83379.7,83599.9,83379.7,83593.4,5674.0,355.65625,516.8281,161.17188
1068,83593.4,83810.5,83593.4,83773.3,12094.0,192.49219,660.09375,467.60156
1069,83778.5,83884.0,83778.5,83853.8,8720.0,-127.6875,682.47656,810.16406
1070,83856.0,83932.0,83741.5,83919.5,6771.0,-225.3125,708.0,933.3125
1071,83916.6,84107.5,83916.6,84096.0,22793.0,-222.13281,847.53906,1069.6719
1072,84094.0,84469.1,84059.2,84469.1,44748.0,-553.7422,1200.5312,1754.2734
1073,84469.1,84537.4,84331.0,84471.8,17837.0,-674.4844,1176.9219,1851.4062
1074,84468.2,84514.9,84353.3,84407.5,7191.0,-997.8047,1090.6641,2088.4688
1075,84405.0,84594.4,84400.8,84531.8,17853.0,-1092.0234,1202.1172,2294.1406
1076,84531.8,84779.9,84531.8,84728.3,10834.0,-907.96094,1395.5,2303.461
1077,84726.2,84730.2,84553.1,84639.2,8104.0,-1195.8203,1294.2422,2490.0625
1078,84645.4,84843.4,84645.4,84788.6,6836.0,-1030.2578,1422.7031,2452.961
1079,84802.4,84937.8,84788.9,84921.0,9863.0,-1158.6797,1525.6641,2684.3438
1080,84921.0,84963.5,84713.3,84825.4,29305.0,-1066.8594,1401.5938,2468.4531
1081,84825.4,84832.5,84578.6,84643.4,31444.0,-885.85156,1182.6172,2068.4688
1082,84648.7,84856.0,84635.0,84707.8,12198.0,-1128.1875,1194.8438,2323.0312
1083,84713.1,84934.3,84713.1,84924.9,22912.0,-667.58594,1344.2891,2011.875
1084,84924.9,85000.0,84870.7,84992.2,7445.0,-381.32812,1347.0469,1728.375
1085,84988.3,85033.8,84865.2,84981.3,7177.0,-285.0,1271.4531,1556.4531
1086,84981.5,85175.3,84981.5,85131.6,10751.0,367.1875,1352.3359,985.14844
1087,85132.1,85495.4,85088.0,85405.6,32002.0,69.546875,1559.875,1490.3281
1088,85414.1,85414.1,85208.4,85305.7,15830.0,465.6875,1408.9062,943.21875
1089,85305.7,85471.1,85301.4,85384.0,5496.0,1148.3672,1436.0391,287.67188
1090,85383.9,85383.9,85109.7,85229.7,15122.0,1428.9062,1213.1562,215.75
1091,85228.3,85329.5,85143.0,85234.0,10143.0,1522.1094,1159.3828,362.72656
1092,85242.4,85311.9,85073.9,85155.1,14359.0,1822.5625,1027.5,795.0625
1093,85166.3,85242.2,85024.3,85132.6,10146.0,1569.9766,944.7578,625.21875
1094,85162.9,85233.7,85104.3,85130.0,9191.0,1688.7734,866.4375,822.33594
1095,85131.1,85316.6,85120.1,85194.0,7822.0,1550.2969,848.5781,701.71875
1096,85201.8,85285.2,85079.0,85131.4,8329.0,1201.6016,699.16406,502.4375
1097,85160.4,85295.5,84984.1,85144.8,17961.0,1410.625,624.8125,785.8125
1098,85144.8,85407.8,85127.1,85361.0,17528.0,1008.97656,750.3906,258.58594
1099,85361.0,85448.1,85123.2,85123.2,8249.0,962.875,435.97656,526.89844
1100,85123.2,85130.6,84951.8,85037.8,10494.0,916.41406,274.0625,642.35156
1101,85042.0,85250.6,85016.8,85054.9,12391.0,443.96875,225.64844,218.32031
1102,85063.5,85277.3,85063.5,85188.7,10834.0,324.0625,302.5547,21.507812
1103,85187.8,85337.9,85118.3,85337.9,10198.0,-225.78125,417.45312,643.2344
1104,85346.5,85444.5,85329.2,85392.6,13602.0,-776.52344,439.10938,1215.6328
1105,85393.9,85561.9,85319.7,85418.8,11914.0,-1080.8438,429.1797,1510.0234
1106,85417.8,85429.4,85300.1,85300.4,8748.0,-1213.3203,277.67188,1490.9922
1107,85300.0,85300.0,85090.5,85152.2,6980.0,-1174.0703,109.32031,1283.3906
1108,85153.2,85165.3,85047.3,85085.0,10597.0,-642.0469,16.84375,658.8906
1109,85085.0,85226.7,85085.0,85199.7,8634.0,-505.34375,102.921875,608.2656
1110,85195.7,85336.2,85195.7,85319.5,6052.0,-151.5625,212.60938,364.17188
1111,85325.4,85429.3,85285.5,85289.7,7594.0,-202.82812,172.20312,375.03125
1112,85285.6,85346.4,85205.0,85346.4,5640.0,280.9922,208.32031,72.671875
1113,85342.2,85423.8,85333.7,85423.7,8240.0,165.57812,261.57812,96.0
1114,85410.8,85471.1,85387.4,85430.1,7198.0,29.148438,247.32812,218.17969
1115,85426.0,85471.1,85315.3,85394.0,5488.0,124.99219,191.20312,66.21094
1116,85397.6,85463.6,85352.0,85463.6,7635.0,86.109375,238.92969,152.82031
1117,85471.1,85471.1,85238.8,85252.8,8913.0,36.570312,19.6875,16.882812
1118,85247.5,85285.1,85058.4,85130.4,12347.0,92.125,-90.03906,182.16406
1119,85139.0,85276.5,85129.6,85169.9,15130.0,436.79688,-39.507812,476.3047
1120,85181.6,85200.2,85075.3,85088.0,8698.0,455.1172,-112.19531,567.3125
1121,85088.0,85200.0,84990.6,85200.0,18433.0,243.89844,-4.6796875,248.57812
1122,85200.0,85268.6,85181.8,85237.4,5815.0,442.5078,29.9375,412.5703
1123,85240.1,85268.1,85166.9,85205.4,5931.0,31.820312,-11.6328125,43.453125
1124,85198.0,85198.4,85125.6,85172.6,3847.0,-49.21875,-58.992188,9.7734375
1125,85173.4,85384.5,85173.4,85335.4,18953.0,-341.8672,88.80469,430.67188
1126,85343.1,85349.8,85102.7,85181.6,8900.0,-291.28125,-75.0,216.28125
1127,85186.6,85246.2,85127.0,85230.2,5599.0,-222.375,-43.0,179.375
1128,85224.5,85288.6,85170.3,85281.0,4742.0,-613.85156,2.390625,616.2422
1129,85281.0,85355.8,85279.4,85318.8,9746.0,-408.9297,51.726562,460.65625
1130,85318.7,85318.7,85180.9,85189.8,5384.0,-633.33594,-79.60156,553.7344
1131,85183.3,85269.7,85161.6,85223.7,6086.0,-741.5,-48.210938,693.28906
1132,85222.7,85222.7,85020.0,85020.0,7734.0,-743.21094,-259.16406,484.04688
1133,85006.4,85052.3,84906.1,84906.1,7145.0,-638.35156,-375.5,262.85156
1134,84905.8,84951.2,84779.9,84868.0,12524.0,-141.09375,-406.96875,265.875
1135,84860.9,85071.5,84860.9,84990.3,8568.0,-100.57031,-273.6797,173.10938
1136,84988.0,84988.0,84879.2,84910.6,8412.0,306.48438,-349.20312,655.6875
1137,84910.7,84992.1,84867.1,84961.3,5568.0,105.53125,-292.57812,398.10938
1138,84957.2,85017.6,84882.3,84901.1,4003.0,254.60938,-356.66406,611.27344
1139,84897.8,84949.5,84831.7,84855.1,9828.0,215.78125,-412.46875,628.25
1140,84871.0,84949.6,84782.5,84790.1,4940.0,311.125,-483.42188,794.5469
1141,84788.3,84808.4,84700.0,84751.4,8883.0,354.78125,-515.6406,870.4219
1142,84754.7,84754.7,84570.5,84612.5,12330.0,221.83594,-651.2344,873.0703
1143,84604.1,84637.0,84327.4,84423.9,40936.0,634.02344,-823.52344,1457.5469
1144,84420.7,84420.7,84208.6,84229.8,10888.0,676.0625,-991.7422,1667.8047
1145,84229.8,84290.6,84004.7,84024.3,17100.0,680.21875,-1169.1328,1849.3516
1146,84012.6,84258.9,83913.9,84150.8,11053.0,831.21094,-1022.4453,1853.6562
1147,84150.8,84159.2,83900.0,83998.3,31858.0,926.03906,-1147.3047,2073.3438
1148,83998.4,84009.6,83758.2,83909.4,21347.0,828.0078,-1221.625,2049.6328
1149,83909.5,84162.2,83873.9,84122.5,18923.0,794.3672,-997.0625,1791.4297
1150,84122.4,84122.4,83911.3,83937.3,10531.0,540.7656,-1166.5312,1707.2969
1151,83951.5,84061.3,83783.2,83928.5,11695.0,675.0547,-1160.4219,1835.4766
1152,83934.7,83934.7,83774.4,83783.4,7850.0,512.0156,-1283.0938,1795.1094
1153,83792.7,83857.4,83586.1,83627.4,36647.0,303.29688,-1407.8516,1711.1484
1154,83623.2,83674.0,83547.0,83663.7,8006.0,218.42188,-1332.4688,1550.8906
1155,83660.6,83695.7,83545.4,83676.7,7245.0,-147.42969,-1272.3359,1124.9062
1156,83682.7,83777.7,83607.0,83716.5,13175.0,-46.867188,-1166.9844,1120.1172
1157,83715.4,83715.4,83408.4,83449.0,20753.0,-498.82812,-1382.9375,884.1094
1158,83446.0,83498.2,83387.0,83480.7,13874.0,-512.52344,-1289.6328,777.1094
1159,83493.3,83525.2,83452.6,83455.1,6233.0,-361.48438,-1246.6562,885.1719
1160,83471.8,83471.8,83291.7,83334.0,12585.0,-373.42188,-1307.9375,934.5156
1161,83342.4,83617.9,83325.6,83576.7,11625.0,-452.78125,-1002.6094,549.8281
1162,83584.9,83594.5,83415.2,83489.9,7671.0,-580.8828,-1024.6484,443.76562
1163,83460.4,83604.4,83436.0,83525.7,6586.0,-66060.7,-927.02344,65133.68
1164,83525.8,83653.4,83477.7,83620.6,9151.0,-70561.14,-768.1875,69792.95
1165,83629.0,83964.9,83580.7,83882.4,25524.0,-68149.836,-446.1797,67703.66
1166,83890.1,83915.8,83752.2,83793.9,9105.0,-65372.773,-469.0078,64903.766
1167,83798.6,83938.7,83798.5,83880.9,12169.0,-59270.906,-322.3047,58948.6
1168,83881.0,84189.7,83881.0,84072.7,17582.0,-58056.47,-54.882812,58001.586
1169,84072.6,84110.0,83977.5,84070.0,8548.0,-50381.062,13.421875,50394.484
1170,84066.4,84172.1,83973.2,84144.1,11358.0,-40874.32,157.52344,41031.844
1171,84139.7,84290.6,84139.7,84254.7,9421.0,-45364.23,340.9375,45705.168
1172,84258.5,84413.2,84225.4,84413.2,12062.0,-41174.312,558.1719,41732.484
1173,84413.2,84433.4,84171.6,84195.6,15662.0,-36652.56,396.70312,37049.26
1174,84200.2,84304.5,84200.2,84296.3,3366.0,-19822.355,542.3125,20364.668
1175,84296.4,84338.8,84269.6,84338.8,8487.0,-27924.84,615.2656,28540.105
1176,84347.4,84581.3,84347.4,84485.4,12701.0,-25901.467,768.96875,26670.436
1177,84487.4,84546.4,84484.0,84509.9,5394.0,-20399.51,811.3125,21210.822
1178,84509.9,84590.6,84498.0,84536.8,6268.0,-14857.83,844.0781,15701.908
1179,84533.6,84566.9,84485.3,84517.0,5349.0,-14838.15,816.1172,15654.268
1180,84524.8,84553.9,84337.7,84382.3,14614.0,-6141.995,684.03906,6826.034
1181,84392.1,84400.7,84168.8,84349.4,33939.0,-6404.7,640.8047,7045.505
1182,84365.0,84388.0,84278.7,84349.9,6606.0,1803.3501,624.9922,1178.3579
1183,84345.6,84472.3,84345.6,84462.4,5434.0,-2511.0,706.0,3217.0
1184,84465.5,84531.8,84428.4,84529.1,16535.0,-1020.75,744.28906,1765.0391
1185,84532.3,84587.4,84397.0,84448.4,7372.0,-2480.0,631.96094,3111.961
1186,84452.6,84506.9,84426.9,84432.8,6998.0,-2657.9502,583.2578,3241.208
1187,84436.5,84559.0,84403.6,84559.0,5150.0,5006.05,671.0156,4335.034
1188,84559.0,85041.7,84547.6,84927.3,23950.0,1276.6499,986.27344,290.37646
1189,84929.4,85082.1,84766.9,84804.0,12416.0,-5102.25,810.1719,5912.422
1190,84803.0,85016.3,84803.0,84878.2,11871.0,2823.2998,831.28125,1992.0186
1191,84877.0,84977.4,84773.4,84844.7,7295.0,6980.1,745.375,6234.725
1192,84851.2,84856.0,84676.1,84707.5,12813.0,-3475.9502,569.53125,4045.4814
1193,84720.3,84870.1,84720.3,84795.0,5609.0,-3139.6,614.02344,3753.6235
1194,84777.9,84777.9,84558.1,84683.4,7423.0,1140.6997,455.59375,685.10596
1195,84666.5,84714.0,84598.9,84711.8,5164.0,-4151.45,438.5625,4590.0127
1196,84707.5,84745.1,84601.9,84646.0,5867.0,-3192.7002,344.46875,3537.169
1197,84645.3,84657.8,84504.9,84595.3,6202.0,998.75,261.8203,736.9297
1198,84584.1,84642.0,84556.9,84621.6,3858.0,-3458.2002,254.21875,3712.419
1199,84612.8,84636.4,84562.6,84574.1,6899.0,-864.25,163.99219,1028.2422
1200,84579.3,84653.4,84561.3,84595.8,4130.0,1605.25,148.98438,1456.2656
1201,84601.0,84657.3,84428.3,84428.3,6261.0,10246.6,-55.226562,10301.826
1202,84432.6,84573.7,84432.6,84560.2,7631.0,10503.449,47.1875,10456.262
1203,84547.6,84699.9,84523.2,84684.8,5995.0,7972.05,157.0625,7814.9873
1204,84689.0,84767.0,84628.4,84749.9,10380.0,-3801.4502,192.19531,3993.6455
1205,84752.5,84798.4,84665.3,84666.3,4803.0,702.1499,89.234375,612.9155
1206,84668.5,84668.5,84573.8,84594.9,4486.0,-4801.5503,-0.8125,4800.738
1207,84603.5,84632.9,84568.0,84579.0,5117.0,197.7998,-24.742188,222.54199
1208,84574.0,84622.8,84543.6,84622.8,4226.0,556.5498,14.78125,541.76855
1209,84622.8,84838.7,84622.8,84818.8,6063.0,18306.5,206.54688,18099.953
1210,84823.0,84893.5,84713.3,84753.6,5369.0,11569.649,138.49219,11431.157
1211,84753.5,84787.4,84651.2,84735.2,7993.0,878.0996,109.421875,768.67773
1212,84736.2,84751.3,84611.1,84628.1,3401.0,716.3994,-1.625,718.0244
1213,84619.0,84619.0,84500.1,84528.5,5541.0,-6579.6504,-111.734375,6467.916
1214,84515.0,84601.6,84491.5,84564.8,4341.0,-4980.3,-86.5625,4893.7373
1215,84560.6,84560.6,84477.0,84550.4,4307.0,-1240.8506,-112.0,1128.8506
1216,84559.1,84682.5,84556.3,84682.5,3839.0,-3192.4004,9.203125,3201.6035
1217,84686.6,84718.5,84635.9,84718.5,4857.0,-5153.3506,37.109375,5190.46
1218,84709.0,84710.8,84545.8,84555.3,3550.0,-1923.3506,-127.10156,1796.249
1219,84571.0,84762.2,84567.1,84759.5,4013.0,-4952.0,92.328125,5044.328
1220,84759.5,84912.6,84702.4,84889.8,5755.0,-3854.6006,221.88281,4076.4834
1221,84896.8,84968.5,84896.8,84961.3,5503.0,-3768.8506,299.6172,4068.4678
1222,84960.5,85023.8,84845.7,84852.6,7672.0,-6000.3506,196.39062,6196.741
1223,84871.0,84892.0,84759.8,84883.9,8826.0,-4514.2,231.65625,4745.8564
1224,84884.9,84952.4,84811.6,84914.5,4672.0,-2375.6,275.57812,2651.1782
1225,84901.7,85024.2,84901.7,84973.7,4123.0,-3486.5,340.71875,3827.2188
1226,84970.0,85009.0,84947.1,84955.7,3577.0,-4627.25,330.78125,4958.0312
1227,84969.0,84973.7,84936.4,84937.4,2647.0,-3826.2002,310.65625,4136.8564
1228,84937.3,84937.3,84827.7,84882.3,4596.0,-3140.4502,249.39062,3389.8408
1229,84882.2,84925.0,84868.6,84895.3,4052.0,3231.1997,265.71094,2965.4888
1230,84895.3,84998.5,84866.9,84877.4,5019.0,1795.7998,238.53906,1557.2607
1231,84888.3,84905.0,84702.6,84719.9,7820.0,10794.449,66.34375,10728.105
1232,84719.9,84799.6,84676.5,84744.1,7162.0,-2265.85,63.898438,2329.7485
1233,84742.8,84769.3,84649.4,84658.7,5654.0,-2843.0,-36.125,2806.875
1234,84647.0,84680.1,84620.4,84639.7,3991.0,-3377.0,-65.07031,3311.9297
1235,84639.8,84730.1,84639.8,84730.1,6066.0,-2807.7002,17.085938,2824.7861
1236,84732.8,84841.4,84732.8,84758.0,4764.0,-2768.8003,29.617188,2798.4175
1237,84757.9,84819.6,84709.7,84816.7,4422.0,-1883.3003,70.28125,1953.5815
1238,84819.6,84872.1,84814.6,84855.0,3554.0,-1833.1001,90.65625,1923.7563
1239,84850.0,84855.7,84745.7,84745.7,4365.0,-1670.8003,-31.617188,1639.1831
1240,84744.6,84772.2,84679.9,84681.8,6231.0,-1913.8003,-99.34375,1814.4565
1241,84682.2,84696.8,84600.0,84659.2,4135.0,-674.3003,-128.13281,546.1675
1242,84666.3,84700.8,84633.6,84657.1,4495.0,-2024.0,-129.46875,1894.5312
1243,84657.4,84657.4,84437.4,84445.4,12001.0,12565.949,-346.96875,12912.918
1244,84445.5,84470.5,84350.9,84440.0,5845.0,-1814.3003,-358.875,1455.4253
1245,84447.1,84447.3,84342.6,84383.2,10287.0,-2802.5503,-419.42188,2383.1284
1246,84378.9,84403.2,84241.3,84274.8,6575.0,-2568.7002,-536.8125,2031.8877
1247,84270.6,84367.3,84225.5,84367.2,6615.0,-854.0503,-448.1875,405.8628
1248,84367.2,84430.8,84293.0,84388.3,8113.0,0.94970703,-432.0,432.9497
1249,84388.2,84442.1,84332.8,84377.2,4869.0,-1489.6499,-458.08594,1031.564
1250,84369.0,84404.5,84304.8,84324.8,6715.0,5309.85,-509.8047,5819.655
1251,84316.3,84316.3,84249.3,84256.0,5524.0,337.6499,-568.1953,905.8452
1252,84250.1,84307.1,84178.8,84238.0,9858.0,-302.6499,-571.08594,268.43604
1253,84240.4,84240.4,84116.7,84120.3,4542.0,3807.15,-679.0156,4486.1655
1254,84117.0,84193.2,84063.2,84170.8,5030.0,628.4497,-606.59375,1235.0435
1255,84176.1,84361.3,84176.1,84345.3,4132.0,-260.8003,-408.375,147.5747
1256,84345.3,84359.7,84245.5,84254.0,5754.0,-2015.8999,-470.14062,1545.7593
1257,84254.1,84266.7,84165.4,84204.8,2063.0,-436.9502,-485.28906,48.338867
1258,84226.0,84268.1,84196.0,84207.2,3810.0,1815.75,-454.375,2270.125
1259,84188.2,84224.2,84179.5,84209.9,3738.0,3253.25,-426.98438,3680.2344
1260,84202.7,84268.2,84175.1,84237.9,6033.0,-1656.75,-373.07812,1283.6719
1261,84234.1,84366.1,84194.6,84335.2,5805.0,-2397.6,-248.14062,2149.4595
1262,84335.2,84340.4,84206.4,84239.7,8218.0,-2932.0,-320.4453,2611.5547
1263,84239.6,84345.5,84214.1,84315.6,7880.0,2945.4,-219.24219,3164.642
1264,84320.8,84320.8,84181.8,84186.3,3710.0,-2087.75,-321.625,1766.125
1265,84182.0,84194.1,84034.7,84063.0,19380.0,555957.5,-421.47656,556379.0
1266,84063.1,84101.4,84000.2,84000.2,12074.0,29088.0,-465.03125,29553.031
1267,84000.0,84074.3,83904.3,83904.3,9397.0,-5424.25,-535.7344,4888.5156
1268,83900.0,83929.4,83857.1,83916.3,8282.0,-15553.199,-493.1328,15060.066
1269,83933.1,83933.1,83883.7,83920.2,6761.0,-27244.8,-456.84375,26787.957
1270,83919.3,84011.8,83919.3,84011.8,17995.0,-27769.95,-338.46094,27431.488
1271,84011.9,84094.0,84011.9,84092.7,4472.0,-26147.25,-235.35938,25911.89
1272,84092.6,84344.8,84090.7,84217.9,10984.0,-33119.05,-93.96875,33025.082
1273,84214.3,84214.3,84078.0,84117.3,6081.0,-32274.5,-173.71094,32100.79
1274,84121.5,84198.6,84121.5,84192.3,3944.0,-22157.3,-92.21875,22065.082
1275,84207.3,84212.4,84004.8,84004.8,13441.0,-25858.95,-267.03125,25591.918
1276,83992.1,83996.7,83929.0,83961.3,6353.0,-37241.8,-294.52344,36947.277
1277,83966.4,83971.6,83877.7,83931.0,4186.0,-35822.0,-311.09375,35510.906
1278,83914.8,83940.5,83848.1,83859.0,4120.0,-27021.352,-359.9453,26661.406
1279,83850.6,83892.0,83769.8,83826.0,7933.0,-26422.7,-369.33594,26053.363
1280,83822.0,83848.0,83750.0,83818.8,6358.0,-37528.05,-353.6875,37174.363
1281,83820.1,83849.7,83779.1,83828.8,7407.0,-24000.45,-328.03125,23672.418
1282,83828.6,83891.3,83780.3,83853.9,7302.0,-37511.8,-294.77344,37217.027
1283,83843.7,83866.5,83708.9,83713.4,5583.0,-40939.05,-434.27344,40504.777
1284,83713.3,83713.3,83641.8,83693.4,6586.0,-38615.6,-454.1172,38161.484
1285,83700.0,83852.0,83700.0,83848.3,8200.0,-6911.25,-300.28906,6610.961
1286,83855.8,83905.9,83831.3,83862.8,3187.0,-7338.3,-268.76562,7069.534
1287,83872.8,83872.9,83650.6,83650.6,4158.0,8767.2,-466.3203,9233.5205
1288,83650.5,83652.1,83588.0,83647.7,5952.0,9713.25,-455.53125,10168.781
1289,83645.7,83645.7,83500.1,83538.1,5771.0,6263.95,-547.72656,6811.677
1290,83535.1,83580.0,83469.8,83503.7,7573.0,-1138.3506,-562.9297,575.4209
1291,83513.7,83580.8,83482.9,83560.0,4075.0,1794.3994,-485.67188,2280.0713
1292,83558.1,83583.9,83455.7,83472.6,4779.0,-3647.5498,-547.7578,3099.792
1293,83475.7,83697.7,83460.8,83697.7,7239.0,8954.7,-303.3672,9258.067
1294,83699.2,83728.7,83561.3,83568.8,3836.0,-5014.4004,-402.15625,4612.244
1295,83575.0,83868.0,83575.0,83768.7,8085.0,43953.25,-177.60938,44130.86
1296,83759.3,83801.6,83697.5,83736.2,8254.0,16788.8,-199.375,16988.176
1297,83733.7,83895.9,83695.4,83895.1,5175.0,-2704.6006,-33.601562,2670.999
1298,83895.1,84172.5,83887.2,84172.5,15440.0,-6590.45,256.48438,6846.9346
1299,84172.5,84198.5,84014.1,84014.1,18881.0,158.59961,111.50781,47.091797
1300,83997.4,84091.5,83936.3,84091.5,5203.0,-2301.7002,208.00781,2509.708
1301,84094.7,84191.0,84042.3,84116.6,5684.0,-4030.75,258.5078,4289.258
1302,84106.1,84192.9,84071.6,84071.6,3578.0,12020.75,240.14844,11780.602
1303,84067.3,84262.1,84000.0,84188.2,5813.0,7906.299,394.0078,7512.291
1304,84184.0,84268.3,84160.8,84247.8,6726.0,-12456.9,474.57812,12931.479
1305,84253.9,84347.9,84232.0,84289.8,12553.0,-9656.25,547.7578,10204.008
1306,84291.0,84482.7,84288.8,84477.0,6928.0,-12393.75,746.7656,13140.516
1307,84474.3,84572.8,84359.7,84463.5,12104.0,-5756.8496,744.5156,6501.365
1308,84491.5,84593.8,84445.5,84593.8,5926.0,20094.15,876.60156,19217.549
1309,84594.3,84657.3,84538.5,84556.0,6393.0,-11648.701,823.1406,12471.842
1310,84561.0,84644.8,84352.5,84355.3,17323.0,-11995.6,613.03125,12608.631
1311,84363.8,84549.6,84358.7,84520.5,3899.0,-4985.75,764.59375,5750.3438
1312,84505.5,84545.4,84432.1,84432.1,5541.0,-13643.301,661.8047,14305.105
1313,84428.9,84500.3,84385.7,84385.7,5566.0,-10822.8,604.52344,11427.323
1314,84385.6,84501.2,84352.7,84491.3,7929.0,-9614.15,686.375,10300.525
1315,84491.4,84517.3,84240.4,84367.0,27198.0,-5551.05,534.3672,6085.417
1316,84371.1,84579.1,84371.1,84566.3,16838.0,-3568.9004,711.59375,4280.494
1317,84566.3,84657.5,84500.1,84637.2,28911.0,-5074.8506,751.78125,5826.632
1318,84637.2,84641.0,84500.1,84533.7,4804.0,-7101.2,607.6406,7708.841
1319,84531.4,84644.5,84385.1,84562.9,35778.0,19324.95,589.53906,18735.41
1320,84565.2,84628.1,84510.1,84607.1,9880.0,3980.7002,582.84375,3397.8564
1321,84624.0,84749.9,84624.0,84645.2,13423.0,-534.5498,578.3672,1112.917
1322,84645.2,84691.3,84599.5,84624.6,6810.0,136.09961,509.7422,373.64258
1323,84623.4,84623.4,84466.6,84474.4,7868.0,176996.25,311.5625,176684.69
1324,84473.5,84506.1,84339.1,84506.1,8344.0,17191.65,308.85938,16882.791
1325,84501.9,84535.7,84425.5,84470.1,5125.0,7661.9004,226.74219,7435.158
1326,84473.0,84624.4,84473.0,84570.9,5409.0,37615.7,297.6172,37318.082
1327,84573.3,84586.9,84510.2,84570.1,5718.0,-1337.1504,255.32031,1592.4707
1328,84577.4,84577.4,84502.7,84553.3,5204.0,-11310.701,201.40625,11512.107
1329,84557.5,84573.1,84470.5,84474.8,3454.0,-19208.75,104.84375,19313.594
1330,84494.4,84595.0,84459.5,84595.0,3585.0,-17208.4,197.60938,17406.01
1331,84595.0,84641.1,84520.0,84520.0,5515.0,-16818.55,96.828125,16915.379
1332,84520.0,84540.0,84436.8,84531.9,2068.0,-11093.301,82.28906,11175.59
1333,84528.5,84623.9,84528.5,84593.7,5397.0,-18340.6,116.44531,18457.045
1334,84593.8,84623.9,84580.6,84607.0,2500.0,-17584.201,115.42969,17699.63
1335,84602.0,84632.5,84525.2,84525.2,4342.0,-16744.85,20.71875,16765.568
1336,84495.7,84515.5,84416.9,84435.8,6431.0,12534.6,-77.703125,12612.303
1337,84437.8,84583.7,84433.5,84583.7,3990.0,-20104.201,65.515625,20169.717
1338,84585.3,84629.4,84440.0,84440.0,3820.0,-16040.301,-83.515625,15956.785
1339,84434.2,84550.9,84434.2,84512.1,3444.0,-20852.701,-9.390625,20843.31
1340,84500.1,84700.0,84494.2,84683.0,7857.0,-14149.85,165.57812,14315.428
1341,84682.9,84757.3,84664.2,84722.2,6431.0,-15809.951,192.78906,16002.74
1342,84732.9,84821.9,84731.4,84813.0,6394.0,-21904.55,283.60938,22188.16
1343,84816.3,84884.7,84795.9,84873.6,6753.0,-10122.951,339.22656,10462.178
1344,84876.0,84882.6,84729.1,84737.6,5693.0,-7859.75,192.82031,8052.5703
1345,84741.8,84950.0,84732.4,84931.7,23302.0,-9907.15,381.14062,10288.291
1346,84926.2,84950.0,84926.2,84930.6,3691.0,-6702.05,372.125,7074.175
1347,84930.5,84976.9,84930.5,84946.3,2009.0,-1894.5498,394.34375,2288.8936
1348,84946.2,84959.3,84922.1,84943.4,2789.0,-2225.7002,394.1172,2619.8174
1349,84943.5,84987.6,84943.5,84951.5,3120.0,610.7998,406.90625,203.89355
1350,84951.6,84976.7,84937.7,84976.7,4769.0,2257.1494,434.64844,1822.501
1351,84986.9,85033.2,84976.6,85021.0,3567.0,6997.8994,475.14844,6522.751
1352,85023.1,85095.1,84998.7,85054.4,7024.0,14418.8,504.6953,13914.1045
1353,85060.0,85060.0,84988.0,84991.1,5809.0,-2410.8506,431.98438,2842.835
1354,84995.0,84995.0,84926.9,84981.1,6869.0,530.2998,402.02344,128.27637
1355,84986.9,85125.0,84986.9,85079.5,4883.0,-751.6006,488.84375,1240.4443
1356,85078.9,85287.3,85078.9,85214.9,12182.0,3764.0,601.16406,3162.836
1357,85207.9,85207.9,85091.6,85125.2,5917.0,8931.85,493.47656,8438.373
1358,85123.3,85191.3,85115.6,85191.3,3562.0,7664.1494,540.7656,7123.384
1359,85203.1,85266.4,85172.5,85266.3,7952.0,-4977.1006,596.2656,5573.366
1360,85266.3,85335.9,85224.6,85314.8,4649.0,-1722.0498,620.9297,2342.9795
1361,85314.7,85327.6,85257.9,85290.8,5677.0,27306.05,577.84375,26728.207
1362,85284.2,85385.0,85284.2,85349.3,4114.0,-663.5,611.28906,1274.7891
1363,85349.3,85349.4,85323.7,85337.2,2560.0,-3248.2998,573.0781,3821.378
1364,85337.2,85337.2,85219.7,85247.9,5227.0,-3518.8506,463.90625,3982.7568
1365,85249.9,85259.9,85178.6,85204.9,5217.0,-574.75,402.1953,976.9453
1366,85204.9,85235.3,85140.2,85140.2,4989.0,-158.15039,309.78125,467.93164
1367,85140.2,85235.6,85140.2,85232.7,4661.0,3575.1494,363.32812,3211.8213
1368,85230.2,85332.6,85230.2,85308.8,3567.0,118.149414,412.34375,294.19434
1369,85308.7,85325.6,85247.1,85272.4,7719.0,-4704.3506,338.3828,5042.7334
1370,85272.4,85299.3,85242.7,85271.8,3274.0,-5473.3,300.07812,5773.378
1371,85271.7,85385.0,85263.6,85385.0,9905.0,-1140.8506,381.70312,1522.5537
1372,85396.3,85402.3,85347.9,85376.7,7416.0,20919.25,344.97656,20574.273
1373,85376.6,85376.6,85336.1,85336.1,2453.0,-7193.5,277.5547,7471.0547
1374,85340.3,85340.3,85214.1,85227.1,3585.0,5090.25,145.36719,4944.883
1375,85232.9,85265.0,85131.3,85150.6,4884.0,-8552.101,43.367188,8595.468
1376,85156.9,85264.9,85137.6,85233.7,4093.0,-2685.75,112.80469,2798.5547
1377,85217.6,85250.2,85187.9,85187.9,3042.0,3140.8496,56.515625,3084.334
1378,85188.0,85219.6,85140.7,85146.9,5387.0,-7273.3506,1.1875,7274.538
1379,85147.0,85168.0,85123.9,85168.0,3676.0,7953.75,4.0234375,7949.7266
1380,85173.0,85201.1,85145.5,85175.5,2938.0,531.2998,-4.5234375,535.82324
1381,85175.4,85308.7,85175.4,85271.4,3374.0,-3685.5,76.61719,3762.1172
1382,85275.7,85346.8,85275.7,85335.1,4547.0,3415.3496,122.11719,3293.2324
1383,85331.1,85396.9,85307.4,85363.7,5691.0,-3951.0498,134.60156,4085.6514
1384,85363.6,85363.6,85312.6,85317.6,2770.0,-3616.5498,71.25781,3687.8076
1385,85312.7,85317.4,85182.3,85182.4,4293.0,-5750.7,-76.24219,5674.458
1386,85182.3,85314.3,85164.8,85314.3,6325.0,-1581.4502,52.09375,1633.544
1387,85318.0,85318.0,85226.7,85286.0,4384.0,-7403.1504,22.859375,7426.01
1388,85277.4,85298.6,85251.3,85282.4,2589.0,-8092.75,16.125,8108.875
1389,85280.3,85297.1,85264.1,85288.1,4552.0,-5552.9004,24.046875,5576.9473
1390,85288.0,85288.0,85264.0,85276.2,3669.0,-8447.65,17.0625,8464.713
1391,85272.0,85272.0,85151.5,85151.5,3295.0,27091.6,-100.671875,27192.271
1392,85151.5,85151.5,85096.9,85118.3,5627.0,8216.85,-132.90625,8349.756
1393,85116.5,85162.1,85071.1,85146.1,12648.0,22057.5,-104.390625,22161.89
1394,85146.1,85163.0,85140.2,85155.3,2485.0,-401.0,-96.53125,304.46875
1395,85151.3,85174.3,85094.8,85128.9,11086.0,-7702.8,-126.41406,7576.3857
1396,85123.5,85173.4,85108.4,85152.5,4074.0,3018.7998,-101.67969,3120.4795
1397,85157.6,85200.0,85123.5,85194.5,3695.0,1207.5498,-68.390625,1275.9404
1398,85184.5,85184.5,85100.1,85108.0,4026.0,-8158.05,-157.54688,8000.503
1399,85103.8,85173.6,85103.8,85126.0,5888.0,-8118.1504,-138.22656,7979.924
1400,85122.7,85122.7,85080.0,85080.0,5181.0,9991.85,-185.01562,10176.865
1401,85078.1,85119.0,85066.1,85083.9,5969.0,-8122.3,-181.33594,7940.964
1402,85083.9,85083.9,85000.1,85000.1,7568.0,-9189.8,-253.45312,8936.347
1403,85000.0,85000.0,84768.8,84771.3,17413.0,-6842.6504,-469.34375,6373.3066
1404,84778.5,84901.1,84759.3,84759.4,18648.0,-8293.101,-471.7422,7821.3584
1405,84759.3,84817.5,84719.9,84794.5,17624.0,-6843.1504,-433.04688,6410.1035
1406,84797.2,84886.7,84790.4,84886.7,5479.0,-8394.3,-339.7578,8054.542
1407,84894.2,85004.6,84875.5,84946.0,4911.0,-3263.0498,-276.39844,2986.6514
1408,84940.0,84940.0,84840.2,84886.5,2696.0,-7485.75,-336.23438,7149.5156
1409,84886.5,84920.4,84827.7,84827.7,2818.0,-6353.2,-393.08594,5960.1143
1410,84817.8,84817.8,84573.6,84573.6,10330.0,-8430.75,-645.08594,7785.664
1411,84573.6,84623.7,84513.1,84548.0,4644.0,1463.0,-665.91406,2128.914
1412,84535.2,84575.2,84499.8,84537.8,6736.0,-1763.2998,-666.7422,1096.5576
1413,84545.2,84545.2,84415.2,84437.1,3132.0,-3729.0498,-750.6953,2978.3545
1414,84438.1,84441.4,84411.0,84431.5,8019.0,-3957.85,-726.6719,3231.1782
1415,84431.5,84431.5,84329.5,84329.7,4837.0,47.449707,-800.5547,848.0044
1416,84329.6,84573.8,84325.3,84543.5,4916.0,914.4497,-567.3594,1481.8091
1417,84543.5,84674.9,84491.1,84563.8,7479.0,-807.5,-525.6875,281.8125
1418,84555.4,84580.1,84402.6,84417.6,5340.0,-2661.1,-654.8828,2006.2173
1419,84426.5,84583.1,84420.1,84491.6,5714.0,-1205.5503,-561.08594,644.46436
1420,84489.1,84580.6,84489.1,84493.1,3700.0,63.350098,-536.5703,599.9204
1421,84493.1,84512.0,84401.3,84492.6,2634.0,1268.8501,-501.9453,1770.7954
1422,84473.6,84607.2,84473.6,84543.7,9077.0,8890.75,-420.67188,9311.422
1423,84535.3,84594.5,84535.3,84573.6,3174.0,-727.1499,-361.7422,365.4077
1424,84568.0,84662.5,84558.3,84662.4,4561.0,-699.1499,-237.49219,461.6577
1425,84662.5,84971.1,84662.5,84875.6,23345.0,-1060.3999,11.8984375,1072.2983
1426,84873.3,84873.3,84697.5,84697.5,6030.0,-1885.1001,-126.24219,1758.8579
1427,84697.5,84697.5,84500.0,84500.0,5918.0,1226.7998,-293.29688,1520.0967
1428,84500.0,84565.7,84439.7,84562.1,4697.0,-1467.6001,-199.64844,1267.9517
1429,84565.1,84598.8,84518.5,84570.2,2522.0,-1261.75,-157.03125,1104.7188
1430,84579.0,84671.3,84562.1,84588.8,5727.0,-2852.0503,-106.71875,2745.3315
1431,84593.0,84593.0,84438.2,84500.6,5311.0,343.3501,-165.57031,508.9204
1432,84504.8,84504.8,84356.0,84382.9,4358.0,-3354.4502,-253.71094,3100.7393
1433,84389.4,84476.9,84312.4,84476.9,7078.0,-397.8003,-136.89844,260.90186
1434,84477.0,84488.0,84382.9,84434.7,5544.0,-2632.4,-169.20312,2463.1968
1435,84447.3,84447.3,84367.8,84444.3,4011.0,-3368.4,-154.75781,3213.642
1436,84444.3,84482.8,84433.5,84462.5,3019.0,-2125.65,-140.60938,1985.0405
1437,84464.0,84523.8,84395.9,84404.6,4104.0,-3058.25,-189.05469,2869.1953
1438,84407.5,84426.2,84308.9,84344.0,3211.0,-187.6001,-227.35938,39.759277
1439,84331.3,84382.0,84251.4,84285.8,8637.0,111.0,-269.34375,380.34375
