bar,open,high,low,close,volume,gpu_value,cpu_value,diff
0,88066.7,88174.6,88048.0,88155.1,5735.0,-680182.1,3968.3157,684150.44
1,88146.7,88160.1,88081.7,88081.7,4816.0,-1.079984e+06,-847.6843,1.0791364e+06
2,88080.4,88080.4,87849.9,87850.0,10862.0,-1.0794255e+06,-11700.112,1.0677254e+06
3,87857.1,87944.5,87780.2,87930.1,15390.0,-1.0794255e+06,992.4297,1.0804179e+06
4,87930.2,88039.6,87930.2,87991.6,4863.0,-898215.44,1588.0195,899803.44
5,87980.8,87980.8,87852.6,87856.9,2161.0,-1.130504e+06,-428.11478,1.1300759e+06
6,87862.5,87869.1,87773.9,87797.8,3002.0,-1.4928778e+06,-1922.956,1.4909548e+06
7,87794.2,87794.2,87660.4,87672.7,7045.0,-1.6878721e+06,-7672.239,1.6801999e+06
8,87672.6,87704.8,87569.3,87664.0,6992.0,-1.6878721e+06,-4890.5967,1.6829815e+06
9,87657.2,87718.7,87621.5,87639.1,4116.0,-1.6878721e+06,-7515.9443,1.6803561e+06
10,87649.7,87726.9,87580.2,87580.2,5538.0,-2.0077549e+06,-13053.944,1.9947009e+06
11,87583.2,87604.9,87412.0,87430.1,7937.0,-2.166389e+06,-19501.33,2.1468878e+06
12,87427.6,87504.4,87326.9,87504.4,28049.0,-2.166389e+06,8547.67,2.1749368e+06
13,87505.9,87647.8,87477.7,87600.8,5425.0,-2.0164829e+06,10974.617,2.0274575e+06
14,87596.5,87649.2,87531.3,87564.6,5409.0,-2.0164829e+06,8621.351,2.0251042e+06
15,87564.6,87669.2,87529.0,87648.0,5356.0,221555.8,12357.359,209198.44
16,87649.4,87731.5,87631.9,87721.9,8400.0,233022.94,19137.844,213885.1
17,87708.6,87759.6,87682.4,87759.6,6562.0,-977136.5,25699.844,1.0028364e+06
18,87750.7,87750.7,87519.8,87519.8,4150.0,-977136.5,21549.844,998686.4
19,87502.6,87590.1,87498.4,87562.6,3954.0,-977136.5,23132.387,1.0002689e+06
20,87566.9,87578.4,87328.7,87343.5,11941.0,-977136.5,12606.628,989743.1
21,87343.4,87344.0,87227.3,87256.3,12379.0,-977136.5,6379.837,983516.3
22,87252.7,87420.8,87252.7,87392.1,3767.0,-330192.5,8860.706,339053.22
23,87392.1,87404.4,87287.0,87371.4,6300.0,-526512.75,11618.922,538131.7
24,87372.5,87475.6,87339.6,87471.7,3668.0,-526512.75,15076.635,541589.4
25,87471.1,87484.4,87403.9,87439.2,2831.0,-526512.75,14728.805,541241.56
26,87436.2,87436.2,87315.9,87370.4,3545.0,-526512.75,14395.691,540908.44
27,87363.6,87377.7,87303.3,87303.3,4063.0,-936582.1,10332.691,946914.8
28,87303.2,87318.1,87204.0,87204.0,3420.0,-936582.1,6912.691,943494.8
29,87200.9,87280.4,87200.9,87257.5,3839.0,-936582.1,8540.191,945122.3
30,87263.5,87278.8,87211.2,87226.8,13526.0,-1.1776212e+06,1255.0369,1.1788762e+06
31,87226.1,87258.0,87206.6,87206.6,2066.0,-1.1776212e+06,-810.96313,1.1768102e+06
32,87205.6,87205.6,87154.6,87173.2,5683.0,-1.1776212e+06,-2348.368,1.1752729e+06
33,87173.3,87298.7,87173.3,87286.8,7188.0,-1.182938e+06,3474.754,1.1864128e+06
34,87283.7,87286.9,87182.4,87186.8,7126.0,-5.451206e+06,-3051.375,5.4481545e+06
35,87183.8,87183.8,87080.0,87080.0,7382.0,-4.7478515e+06,-10433.375,4.737418e+06
36,87080.0,87113.9,86878.6,86895.9,34739.0,-5.4090695e+06,-40064.99,5.3690045e+06
37,86901.3,86939.1,86776.4,86781.0,17855.0,-4.9680445e+06,-56910.04,4.9111345e+06
38,86790.1,86895.4,86767.0,86877.6,13092.0,-5.392258e+06,-47447.316,5.3448105e+06
39,86877.7,86894.4,86752.5,86799.2,5481.0,-5.392258e+06,-49320.387,5.3429375e+06
40,86806.7,86985.6,86797.5,86985.6,5524.0,-5.392258e+06,-43796.387,5.3484615e+06
41,86985.6,87091.2,86985.6,87037.7,6819.0,-6.2335585e+06,-43886.688,6.189672e+06
42,87042.2,87085.2,87006.2,87022.0,9574.0,-6.2335585e+06,-49631.844,6.1839265e+06
43,87016.0,87059.1,86992.0,87055.7,4562.0,-7.7559305e+06,-45531.938,7.7103985e+06
44,87037.1,87118.4,87034.5,87034.5,4385.0,-7.8181675e+06,-49916.938,7.7682505e+06
45,87034.0,87079.4,86918.0,86918.1,5614.0,-7.8181675e+06,-55523.875,7.7626435e+06
46,86922.3,86999.7,86852.1,86965.0,3934.0,-8.3202465e+06,-53439.746,8.266807e+06
47,86973.7,87026.1,86973.7,87022.1,3649.0,-8.517758e+06,-50347.863,8.46741e+06
48,87024.4,87024.4,86888.0,86937.6,4724.0,-8.517758e+06,-51636.08,8.466122e+06
49,86937.7,86946.2,86784.8,86834.6,8186.0,-8.517758e+06,-54770.215,8.462988e+06
50,86834.1,86875.0,86816.4,86816.4,3229.0,-8.499097e+06,-57999.215,8.441098e+06
51,86811.0,86811.0,86736.8,86747.7,8672.0,-8.711397e+06,-64122.023,8.647275e+06
52,86747.7,86754.9,86632.4,86663.7,10621.0,-8.711397e+06,-69314.664,8.642082e+06
53,86662.6,86733.1,86656.0,86711.6,5251.0,-8.711397e+06,-66992.18,8.644405e+06
54,86713.4,86797.0,86694.8,86776.0,8816.0,-8.699027e+06,-61799.08,8.637228e+06
55,86771.9,86843.4,86754.9,86843.1,8289.0,-8.699027e+06,-53565.69,8.645461e+06
56,86839.4,86843.2,86788.6,86793.6,4040.0,-8.699027e+06,-56865.785,8.642161e+06
57,86791.6,86810.2,86771.6,86771.6,1637.0,-8.63678e+06,-58502.785,8.578277e+06
58,86771.7,86775.9,86561.1,86561.5,18764.0,-8.64206e+06,-77197.17,8.564863e+06
59,86561.1,86653.2,86547.3,86632.5,11099.0,8.7089e+07,-70437.555,8.715944e+07
60,86623.2,86749.9,86578.5,86691.8,11360.0,8.703034e+07,-66779.305,8.709711e+07
61,86692.1,86807.3,86674.1,86777.2,4944.0,8.703034e+07,-64069.37,8.709441e+07
62,86777.1,86912.6,86772.8,86888.4,31143.0,8.703034e+07,-43709.383,8.707405e+07
63,86890.1,86910.7,86847.2,86877.6,6761.0,8.703034e+07,-43997.19,8.707434e+07
64,86880.8,86880.8,86707.1,86707.1,6576.0,8.702966e+07,-50573.19,8.708024e+07
65,86703.9,87030.3,86664.3,87004.3,7093.0,8.702966e+07,-44487.94,8.707415e+07
66,87003.4,87029.3,86934.7,86960.8,9135.0,8.672244e+07,-48583.15,8.677102e+07
67,86961.3,87031.1,86961.3,87016.8,6887.0,8.672244e+07,-44518.777,8.676696e+07
68,87018.6,87098.9,86982.8,87042.9,4779.0,8.672244e+07,-44349.95,8.676679e+07
69,87042.8,87089.4,86993.0,87040.7,3567.0,8.6343e+07,-44386.664,8.6387384e+07
70,87052.8,87151.8,87042.7,87146.3,5135.0,8.6343e+07,-39769.43,8.638277e+07
71,87136.8,87202.0,87082.7,87141.6,9808.0,8.6343e+07,-39892.75,8.63829e+07
72,87141.5,87171.3,87077.6,87103.5,9815.0,8.637034e+07,-44281.797,8.6414616e+07
73,87120.2,87156.4,87092.1,87139.0,6378.0,8.637034e+07,-41355.51,8.641169e+07
74,87127.1,87285.6,87127.1,87285.6,10418.0,8.608882e+07,-30937.514,8.611975e+07
75,87286.3,87347.0,87230.6,87262.4,6640.0,8.8155736e+07,-33949.78,8.818969e+07
76,87267.2,87304.4,87227.4,87265.9,7803.0,8.8155736e+07,-33949.78,8.818969e+07
77,87258.1,87397.0,87246.9,87381.6,5966.0,8.6912056e+07,-29207.846,8.694126e+07
78,87379.2,87416.2,87350.2,87382.5,8104.0,8.66995e+07,-29380.516,8.672889e+07
79,87385.3,87385.3,87203.1,87206.5,8375.0,8.600134e+07,-37443.082,8.603878e+07
80,87197.9,87269.5,87184.0,87255.9,5466.0,8.600134e+07,-33716.17,8.6035064e+07
81,87257.0,87259.1,87077.1,87085.8,11182.0,8.600134e+07,-43829.703,8.6045176e+07
82,87078.5,87191.7,87067.9,87178.3,8493.0,8.581659e+07,-37176.04,8.585377e+07
83,87179.5,87211.0,87081.9,87101.3,4100.0,8.7001656e+07,-40043.93,8.70417e+07
84,87101.5,87165.0,87084.1,87164.6,4103.0,8.676048e+07,-35981.344,8.679646e+07
85,87159.0,87263.8,87159.0,87263.8,7991.0,8.622585e+07,-27990.346,8.625384e+07
86,87263.8,87364.8,87257.3,87257.3,12821.0,8.656374e+07,-40811.344,8.660455e+07
87,87254.8,87272.0,87194.2,87201.1,4852.0,8.640796e+07,-44802.867,8.645276e+07
88,87196.9,87344.5,87196.1,87273.3,9019.0,8.640796e+07,-44438.688,8.64524e+07
89,87273.3,87299.0,87234.8,87282.5,4458.0,8.640796e+07,-42272.074,8.645023e+07
90,87282.4,87294.7,87186.6,87234.4,13604.0,8.640796e+07,-43846.113,8.645181e+07
91,87234.5,87344.6,87234.5,87254.1,5698.0,8.62111e+07,-47515.266,8.6258616e+07
92,87254.0,87260.8,87090.8,87090.8,4446.0,8.62111e+07,-51961.266,8.6263064e+07
93,87088.6,87156.5,87058.1,87150.2,4771.0,8.62111e+07,-47800.895,8.6258904e+07
94,87146.9,87224.5,87120.0,87136.1,7039.0,8.62111e+07,-52670.727,8.626378e+07
95,87147.1,87212.5,87021.3,87200.3,6592.0,8.608951e+07,-46920.168,8.613643e+07
96,87208.9,87303.3,87188.9,87287.3,7835.0,8.578911e+07,-41276.805,8.583039e+07
97,87292.2,87397.9,87289.2,87386.0,6161.0,8.526122e+07,-36464.645,8.529768e+07
98,87393.5,87497.2,87393.5,87484.7,9223.0,8.621472e+07,-29465.06,8.6244184e+07
99,87479.7,87499.9,87346.1,87346.1,5379.0,8.6071784e+07,-34844.06,8.610663e+07
100,87346.2,87399.9,87346.2,87374.0,3442.0,8.6071784e+07,-34722.367,8.6106504e+07
101,87368.5,87480.9,87358.2,87448.0,4521.0,8.6106344e+07,-32625.807,8.613897e+07
102,87444.3,87446.4,87365.9,87396.3,4579.0,8.531154e+07,-33746.56,8.534528e+07
103,87418.0,87425.2,87303.7,87303.7,4357.0,8.551634e+07,-38103.56,8.555444e+07
104,87298.5,87299.3,87195.9,87228.9,6647.0,8.551634e+07,-40507.73,8.555684e+07
105,87225.0,87274.1,87190.0,87274.1,6185.0,8.5468e+07,-34322.73,8.550232e+07
106,87269.8,87339.4,87262.9,87336.5,2842.0,8.5477016e+07,-31696.086,8.550871e+07
107,87332.8,87389.0,87309.1,87343.0,3113.0,8.5477016e+07,-32167.586,8.550918e+07
108,87343.0,87361.8,87296.6,87357.5,5787.0,8.5477016e+07,-27143.402,8.550416e+07
109,87367.3,87367.3,87300.2,87324.3,2920.0,8.5477016e+07,-27966.225,8.5504984e+07
110,87324.1,87420.1,87299.5,87391.6,3281.0,8.5477016e+07,-26235.926,8.550325e+07
111,87387.3,87426.6,87367.6,87367.6,3299.0,8.542321e+07,-29534.926,8.5452744e+07
112,87370.5,87434.3,87366.8,87434.3,5919.0,8.54095e+07,-23615.926,8.543312e+07
113,87441.1,87441.1,87327.1,87348.1,4270.0,8.542353e+07,-26312.77,8.544984e+07
114,87348.0,87402.0,87325.2,87387.7,2276.0,8.542353e+07,-24884.191,8.544842e+07
115,87379.9,87435.9,87357.2,87418.0,3605.0,8.53827e+07,-22919.031,8.5405624e+07
116,87412.0,87412.0,87284.7,87319.5,3262.0,8.53827e+07,-24397.682,8.54071e+07
117,87323.4,87333.8,87269.7,87269.7,3139.0,8.53827e+07,-27536.682,8.541024e+07
118,87268.0,87268.0,87192.3,87228.9,4089.0,8.53827e+07,-27671.715,8.5410376e+07
119,87233.8,87283.9,87226.1,87283.9,1985.0,8.53827e+07,-25686.715,8.540839e+07
120,87283.9,87334.5,87282.3,87327.1,2113.0,8.53827e+07,-24172.64,8.540688e+07
121,87327.1,87342.2,87293.3,87342.2,2732.0,8.53827e+07,-21440.64,8.540414e+07
122,87346.3,87440.5,87267.0,87267.0,4450.0,8.53827e+07,-25890.64,8.540859e+07
123,87267.0,87291.5,87154.6,87233.4,12040.0,8.54332e+07,-24070.521,8.545727e+07
124,87229.9,87343.2,87223.0,87322.4,6250.0,8.541986e+07,-19984.014,8.543984e+07
125,87321.5,87395.6,87312.0,87383.6,3558.0,8.5379336e+07,-17447.43,8.539678e+07
126,87388.6,87466.1,87370.7,87449.7,5254.0,8.19851e+07,-13999.694,8.19991e+07
127,87450.7,87466.7,87295.4,87343.6,16226.0,8.203704e+07,-21094.084,8.2058136e+07
128,87356.8,87381.6,87285.9,87330.1,8568.0,8.1994984e+07,-21747.35,8.201673e+07
129,87339.4,87339.4,87218.9,87218.9,4133.0,8.1994984e+07,-25880.35,8.202086e+07
130,87202.4,87283.3,87168.3,87237.2,3723.0,7.81885e+07,-25141.82,7.821364e+07
131,87239.7,87262.3,87175.9,87235.0,3241.0,7.81885e+07,-23948.754,7.821245e+07
132,87247.9,87259.9,87183.5,87198.4,4240.0,7.668195e+07,-26535.072,7.670849e+07
133,87205.2,87233.0,87176.7,87185.5,1926.0,7.668195e+07,-27859.164,7.670981e+07
134,87182.6,87182.6,87080.3,87157.2,6053.0,7.613645e+07,-24811.633,7.6161256e+07
135,87147.5,87234.0,87147.5,87233.0,3708.0,7.613645e+07,-21189.365,7.615764e+07
136,87229.2,87275.8,87143.6,87155.3,7892.0,7.613645e+07,-27684.957,7.6164136e+07
137,87155.4,87198.1,87005.4,87017.6,15190.0,6.620142e+07,-40951.11,6.6242372e+07
138,87018.5,87075.7,87005.2,87075.7,9681.0,6.620142e+07,-31270.111,6.6232692e+07
139,87068.2,87068.2,86884.7,86918.4,9446.0,6.620142e+07,-37247.055,6.6238668e+07
140,86923.9,86925.9,86830.4,86912.9,6178.0,6.607392e+07,-32751.023,6.610667e+07
141,86915.6,87056.8,86915.6,87049.1,8672.0,6.6097176e+07,-25024.293,6.61222e+07
142,87049.1,87251.5,87049.1,87242.7,7613.0,6.6097176e+07,-18073.062,6.611525e+07
143,87227.2,87331.2,87227.2,87306.4,14326.0,6.615807e+07,-10580.754,6.6168652e+07
144,87306.3,87306.3,87113.3,87159.9,50306.0,6.615807e+07,-36593.094,6.6194664e+07
145,87164.3,87203.0,87143.6,87181.7,14310.0,6.655476e+07,-32544.586,6.6587304e+07
146,87183.5,87394.7,87183.5,87356.0,7122.0,6.6218156e+07,-28032.809,6.6246188e+07
147,87368.6,87397.5,87249.7,87268.0,3750.0,6.620055e+07,-30854.328,6.623141e+07
148,87266.5,87266.5,87183.7,87217.1,3825.0,6.620055e+07,-31593.486,6.6232144e+07
149,87200.8,87325.8,87200.8,87286.3,5999.0,6.5975156e+07,-29385.854,6.600454e+07
150,87278.5,87324.1,87270.8,87315.4,3828.0,6.5975156e+07,-26807.86,6.6001964e+07
151,87315.5,87327.8,87211.1,87211.1,2126.0,6.5975156e+07,-28933.86,6.600409e+07
152,87207.4,87207.4,87079.5,87094.4,6031.0,6.569904e+07,-33559.8,6.57326e+07
153,87111.9,87161.5,87092.5,87128.8,4104.0,6.5012464e+07,-33346.05,6.5045812e+07
154,87116.6,87131.4,87081.3,87081.3,2055.0,6.509889e+07,-35401.05,6.513429e+07
155,87080.0,87080.0,86926.0,86933.7,4617.0,6.5243156e+07,-39556.16,6.528271e+07
156,86946.5,87017.3,86910.8,87017.3,4854.0,6.5366884e+07,-34702.16,6.5401588e+07
157,87023.3,87069.6,86971.3,87004.0,3525.0,6.924492e+07,-35881.832,6.92808e+07
158,87004.9,87153.3,87004.9,87103.2,7838.0,6.924492e+07,-33335.46,6.927826e+07
159,87098.0,87153.9,87067.0,87098.1,2920.0,6.920613e+07,-34165.285,6.9240296e+07
160,87101.9,87141.3,87089.1,87089.1,6354.0,6.916631e+07,-40519.285,6.920683e+07
161,87088.1,87152.0,87075.8,87148.2,2718.0,6.898337e+07,-38072.137,6.902144e+07
162,87148.2,87220.1,87142.5,87220.1,3075.0,6.898337e+07,-34997.137,6.901837e+07
163,87226.1,87260.8,87217.8,87243.1,2324.0,6.898337e+07,-34585.875,6.901795e+07
164,87250.2,87250.2,87197.9,87236.4,2364.0,6.898337e+07,-33469.73,6.901684e+07
165,87239.3,87340.2,87231.4,87340.1,3636.0,6.8988456e+07,-29840.518,6.9018296e+07
166,87331.3,87331.3,87163.4,87212.3,16197.0,6.8988456e+07,-36603.15,6.902506e+07
167,87209.9,87275.8,87209.9,87275.7,6730.0,6.904828e+07,-29892.295,6.907818e+07
168,87266.9,87281.3,87238.0,87241.9,3204.0,6.910306e+07,-32519.32,6.9135576e+07
169,87240.0,87266.2,87151.5,87151.5,3662.0,6.910306e+07,-36181.32,6.913924e+07
170,87144.2,87230.2,87144.2,87230.2,2223.0,6.910306e+07,-33958.32,6.9137016e+07
171,87221.2,87257.5,87178.1,87211.1,3237.0,6.910306e+07,-34504.562,6.913756e+07
172,87215.6,87223.3,87083.0,87083.0,6893.0,6.910306e+07,-41397.562,6.9144456e+07
173,87081.0,87085.5,86996.2,87006.1,7449.0,6.910306e+07,-47195.14,6.915025e+07
174,87003.5,87043.2,87003.5,87043.1,6087.0,6.5962784e+07,-41139.28,6.6003924e+07
175,87048.4,87072.2,87023.0,87055.9,3957.0,6.5962784e+07,-39804.785,6.6002588e+07
176,87062.6,87110.1,87036.0,87042.7,3693.0,6.5962784e+07,-42829.656,6.6005612e+07
177,87048.3,87113.2,87048.3,87113.2,3309.0,6.595649e+07,-39520.656,6.599601e+07
178,87113.2,87170.8,87084.3,87104.6,2723.0,6.595649e+07,-40965.28,6.5997452e+07
179,87104.6,87104.6,87035.5,87052.0,4439.0,6.605148e+07,-43284.402,6.6094764e+07
180,87046.0,87068.7,87030.2,87033.0,1778.0,6.6051708e+07,-44804.074,6.609651e+07
181,87034.8,87046.3,87000.5,87004.0,2719.0,6.6051708e+07,-47107.477,6.6098816e+07
182,87001.9,87003.2,86893.3,86893.3,8052.0,6.5971788e+07,-55159.477,6.6026948e+07
183,86893.3,86991.3,86885.6,86970.4,5381.0,6.5971788e+07,-51906.375,6.6023696e+07
184,86976.8,86988.5,86935.2,86935.2,6084.0,6.5971788e+07,-57990.375,6.602978e+07
185,86935.1,86936.0,86728.6,86737.0,15394.0,6.5817668e+07,-72137.64,6.5889804e+07
186,86737.0,86809.0,86600.0,86688.9,33820.0,6.6047868e+07,-77186.875,6.6125056e+07
187,86691.1,86839.5,86691.1,86833.1,5536.0,6.6047868e+07,-72128.26,6.6119996e+07
188,86830.6,86913.0,86830.6,86846.2,7789.0,6.6047868e+07,-76967.68,6.6124836e+07
189,86839.2,86842.7,86651.1,86659.8,12443.0,6.583386e+07,-88281.3,6.592214e+07
190,86672.6,86716.7,86653.2,86716.7,4318.0,6.583386e+07,-83963.3,6.5917824e+07
191,86721.4,86721.4,86618.2,86643.8,3803.0,6.5750856e+07,-85879.91,6.5836736e+07
192,86646.7,86660.6,86403.9,86496.2,24834.0,6.558875e+07,-92854.41,6.568161e+07
193,86500.8,86584.7,86418.7,86453.0,17044.0,6.558875e+07,-102855.57,6.569161e+07
194,86455.9,86497.4,86401.9,86444.9,7346.0,6.558875e+07,-103586.32,6.569234e+07
195,86440.1,86555.3,86408.2,86526.5,4643.0,6.501465e+07,-100761.266,6.511541e+07
196,86526.5,86618.0,86492.5,86541.7,8116.0,6.5323776e+07,-102513.4,6.542629e+07
197,86535.9,86535.9,86402.0,86402.1,4754.0,6.515188e+07,-107260.19,6.525914e+07
198,86410.8,86438.8,86176.2,86180.7,17726.0,6.515188e+07,-124378.66,6.527626e+07
199,86180.7,86411.4,86180.7,86403.0,18165.0,6.5114452e+07,-107536.24,6.5221988e+07
200,86403.7,86516.5,86308.2,86516.5,9042.0,6.5114452e+07,-98494.24,6.5212948e+07
201,86520.8,86776.4,86520.8,86756.3,28362.0,6.5035784e+07,-74593.25,6.5110376e+07
202,86747.8,86747.8,86580.5,86610.5,10924.0,6.481349e+07,-81599.43,6.489509e+07
203,86610.4,86780.8,86590.9,86748.0,15765.0,6.481349e+07,-71279.89,6.488477e+07
204,86748.0,86786.9,86667.8,86706.6,4021.0,6.481349e+07,-72680.71,6.488617e+07
205,86703.3,86798.4,86669.7,86731.1,5333.0,6.481349e+07,-72925.14,6.4886412e+07
206,86722.3,86722.3,86635.2,86676.4,11247.0,6.4470796e+07,-73532.484,6.454433e+07
207,86694.1,86698.7,86556.8,86579.7,4820.0,6.4470796e+07,-76796.414,6.454759e+07
208,86571.2,86596.5,86552.1,86578.7,3897.0,6.4470796e+07,-76023.59,6.454682e+07
209,86574.5,86660.9,86495.6,86495.6,9383.0,6.4540524e+07,-85406.59,6.4625932e+07
210,86495.8,86508.7,86253.3,86398.1,9546.0,6.452007e+07,-84128.23,6.46042e+07
211,86398.1,86542.0,86398.1,86528.6,8732.0,6.452007e+07,-77022.31,6.4597096e+07
212,86531.9,86568.2,86352.6,86352.8,9250.0,6.4268804e+07,-86255.55,6.435506e+07
213,86377.2,86444.9,86317.1,86433.1,8618.0,6.4268804e+07,-79228.6,6.434803e+07
214,86428.1,86534.8,86383.7,86524.9,4693.0,6.4268804e+07,-75150.49,6.4343956e+07
215,86525.0,86670.4,86509.6,86589.1,7676.0,6.4268804e+07,-75236.27,6.434404e+07
216,86578.0,86640.7,86530.3,86562.6,5424.0,6.4245784e+07,-77486.164,6.432327e+07
217,86559.3,86609.8,86391.6,86395.6,13155.0,6.4245784e+07,-90158.84,6.4335944e+07
218,86404.0,86468.1,86379.2,86466.4,3063.0,6.4245784e+07,-87213.2,6.4332996e+07
219,86466.4,86488.8,86301.9,86347.8,9455.0,6.4096084e+07,-92024.3,6.4188108e+07
220,86357.6,86492.7,86353.3,86484.3,4486.0,6.4096084e+07,-88079.31,6.4184164e+07
221,86475.5,86483.5,86409.6,86432.5,7786.0,6.3798936e+07,-91040.12,6.3889976e+07
222,86432.5,86488.2,86357.0,86447.1,5794.0,6.395648e+07,-88876.25,6.4045356e+07
223,86438.5,86438.5,86282.0,86331.4,7853.0,6.395648e+07,-91771.73,6.4048252e+07
224,86328.9,86352.0,85852.6,85882.9,137327.0,6.395648e+07,-212436.36,6.4168916e+07
225,85887.1,86099.9,85852.2,86006.9,21941.0,6.3912504e+07,-206971.36,6.4119476e+07
226,86007.0,86190.6,86007.0,86186.3,11137.0,6.3912504e+07,-196356.6,6.410886e+07
227,86187.5,86250.8,86051.9,86138.2,10003.0,6.392975e+07,-197678.72,6.412743e+07
228,86153.7,86259.6,86135.6,86209.9,8193.0,6.3088412e+07,-196053.75,6.3284464e+07
229,86209.9,86234.3,86131.4,86162.9,4426.0,6.3088412e+07,-197769.9,6.328618e+07
230,86167.4,86250.8,86140.2,86152.9,9285.0,6.1590896e+07,-204923.22,6.179582e+07
231,86169.3,86169.3,85990.9,86043.0,9036.0,6.1590896e+07,-208681.27,6.1799576e+07
232,86033.5,86036.6,85656.5,85703.8,56064.0,6.1590896e+07,-250792.92,6.184169e+07
233,85703.9,85852.2,85703.9,85767.8,27207.0,6.1658244e+07,-254555.16,6.19128e+07
234,85762.0,85850.4,85727.8,85815.1,7963.0,6.1658244e+07,-251177.23,6.190942e+07
235,85832.0,85832.0,85600.1,85702.0,20876.0,6.1658244e+07,-253707.0,6.191195e+07
236,85701.9,85803.3,85600.1,85627.9,31337.0,6.1452864e+07,-276470.28,6.1729336e+07
237,85624.6,85683.4,85558.8,85574.3,29383.0,6.2660212e+07,-298542.97,6.2958756e+07
238,85574.0,85631.1,85473.9,85502.9,21038.0,6.1715024e+07,-311819.03,6.2026844e+07
239,85529.6,85593.1,85345.5,85439.8,37207.0,6.146393e+07,-320686.1,6.1784616e+07
240,85439.7,85659.3,85427.1,85647.1,10836.0,6.1494908e+07,-310988.38,6.1805896e+07
241,85625.5,85680.6,85510.3,85680.6,6731.0,6.133347e+07,-304257.38,6.163773e+07
242,85680.5,85680.9,85575.1,85613.4,6608.0,6.0103616e+07,-306081.38,6.0409696e+07
243,85626.1,85699.9,85549.1,85575.0,10137.0,6.0103616e+07,-312736.44,6.041635e+07
244,85598.0,85715.5,85572.4,85672.9,7328.0,6.0103616e+07,-309771.56,6.0413388e+07
245,85673.0,85999.4,85673.0,85932.5,15574.0,5.463667e+07,-300581.62,5.4937252e+07
246,85934.9,86054.4,85926.3,85992.9,11959.0,5.4575044e+07,-300105.38,5.4875148e+07
247,86000.8,86040.4,85902.2,85936.9,8689.0,5.4575044e+07,-304431.44,5.4879476e+07
248,85937.8,86035.6,85926.0,86014.1,10299.0,5.4396116e+07,-298173.06,5.469429e+07
249,86025.2,86025.2,85833.7,85839.4,5731.0,5.4462276e+07,-303563.16,5.476584e+07
250,85839.5,85941.5,85839.4,85930.4,4302.0,5.43535e+07,-300196.7,5.4653696e+07
251,85921.9,85930.2,85830.6,85879.7,6486.0,5.4217428e+07,-300287.75,5.4517716e+07
252,85896.6,85930.0,85835.3,85912.9,4643.0,5.4217428e+07,-297321.62,5.4514748e+07
253,85912.0,85912.0,85813.0,85827.0,2945.0,5.3867468e+07,-299433.7,5.41669e+07
254,85829.2,85829.2,85720.1,85774.1,4394.0,5.3867468e+07,-299478.06,5.4166948e+07
255,85783.3,85943.9,85783.3,85942.9,5970.0,5.344694e+07,-293582.4,5.3740524e+07
256,85925.4,85974.4,85701.9,85718.3,10857.0,5.344694e+07,-303132.72,5.375007e+07
257,85718.3,85718.7,85533.6,85565.1,10773.0,5.344694e+07,-310239.06,5.375718e+07
258,85565.1,85646.5,85544.6,85624.6,4371.0,5.344694e+07,-307746.78,5.375469e+07
259,85624.7,85642.1,85466.0,85526.5,10898.0,5.442438e+07,-311156.72,5.4735536e+07
260,85510.1,85640.6,85480.2,85621.2,6778.0,5.442438e+07,-306018.16,5.47304e+07
261,85621.2,85773.2,85621.2,85727.2,7407.0,5.442438e+07,-303094.34,5.4727476e+07
262,85729.2,85785.5,85703.8,85785.5,9769.0,5.442438e+07,-293325.34,5.4717704e+07
263,85785.6,85804.4,85650.4,85658.2,8415.0,5.442438e+07,-300887.4,5.4725268e+07
264,85657.3,85657.3,85495.8,85533.1,4775.0,5.442438e+07,-303456.47,5.4727836e+07
265,85534.1,85579.5,85432.9,85462.1,9237.0,5.442438e+07,-309013.44,5.473339e+07
266,85469.8,85567.3,85445.9,85535.4,10767.0,5.435896e+07,-303904.66,5.4662864e+07
267,85533.0,85579.6,85487.1,85487.2,2838.0,5.470467e+07,-306736.44,5.501141e+07
268,85481.1,85625.0,85474.8,85612.1,6635.0,5.470467e+07,-301240.97,5.500591e+07
269,85604.5,85711.2,85604.5,85687.9,6297.0,5.470467e+07,-297694.6,5.500237e+07
270,85687.5,85792.8,85609.7,85792.8,6186.0,5.470467e+07,-291508.6,5.499618e+07
271,85800.0,85853.5,85674.6,85701.6,7363.0,5.470467e+07,-296649.1,5.500132e+07
272,85704.4,85796.4,85675.8,85759.0,4660.0,5.498359e+07,-294879.22,5.527847e+07
273,85759.1,85772.3,85654.9,85654.9,4528.0,5.5135636e+07,-299407.22,5.5435044e+07
274,85663.4,85663.4,85579.3,85613.0,4202.0,5.5135636e+07,-300241.38,5.5435876e+07
275,85617.9,85650.0,85577.4,85630.5,2748.0,5.5135636e+07,-298969.53,5.5434604e+07
276,85642.8,85944.7,85642.2,85944.6,6701.0,5.5135636e+07,-292273.03,5.5427908e+07
277,85933.7,85994.8,85778.8,85800.3,9326.0,5.5135636e+07,-299742.47,5.543538e+07
278,85794.2,85898.8,85778.1,85867.2,8023.0,5.5001028e+07,-295919.75,5.5296948e+07
279,85855.5,85914.1,85800.5,85871.9,6588.0,5.5001028e+07,-294226.66,5.5295256e+07
280,85866.2,86031.3,85852.7,85988.0,11707.0,5.5001028e+07,-288195.94,5.5289224e+07
281,85988.0,86090.0,85977.8,86068.3,5521.0,5.5001028e+07,-284810.78,5.528584e+07
282,86062.7,86078.8,86009.1,86047.9,4429.0,5.496057e+07,-284308.84,5.5244876e+07
283,86058.4,86129.3,86037.8,86071.8,4974.0,5.496057e+07,-285586.3,5.5246156e+07
284,86067.5,86108.6,86045.0,86058.0,3915.0,5.5411124e+07,-287900.88,5.5699024e+07
285,86058.0,86125.1,86053.1,86063.0,4532.0,5.5136548e+07,-291186.78,5.5427736e+07
286,86062.2,86062.2,85998.7,85998.7,2655.0,5.4831024e+07,-293841.78,5.5124864e+07
287,85999.1,86071.6,85999.0,86045.6,4464.0,5.4831024e+07,-292575.06,5.51236e+07
288,86053.5,86057.0,85921.6,85951.1,5981.0,5.444276e+07,-295949.84,5.4738708e+07
289,85957.7,85994.0,85936.4,85974.5,3532.0,5.414562e+07,-294809.25,5.4440428e+07
290,85967.0,85997.2,85936.1,85997.2,6763.0,5.4308096e+07,-288046.25,5.4596144e+07
291,85997.2,86001.5,85941.1,85958.6,3057.0,5.4308096e+07,-289331.75,5.4597428e+07
292,85971.0,86022.3,85971.0,85995.9,4989.0,5.4308096e+07,-289477.62,5.4597572e+07
293,85983.3,85996.5,85935.9,85962.2,5489.0,5.404297e+07,-290201.53,5.433317e+07
294,85966.3,85986.7,85891.4,85922.4,8574.0,5.4265864e+07,-293197.75,5.455906e+07
295,85918.2,85984.1,85918.2,85975.6,6319.0,5.413552e+07,-288508.88,5.4424028e+07
296,85962.7,85986.5,85945.6,85961.5,4096.0,5.3290428e+07,-289420.4,5.357985e+07
297,85962.6,86028.1,85961.3,86020.9,4533.0,5.3290428e+07,-285864.94,5.3576292e+07
298,86019.2,86020.8,85968.5,85968.5,2496.0,5.3136184e+07,-288360.94,5.3424544e+07
299,85964.2,85964.2,85817.3,85832.3,3535.0,5.2869372e+07,-291174.06,5.3160548e+07
300,85817.3,85865.2,85798.6,85861.3,10066.0,5.2869372e+07,-282288.8,5.315166e+07
301,85863.3,85863.3,85794.8,85802.0,9386.0,5.2869372e+07,-289700.84,5.315907e+07
302,85800.1,85864.7,85765.8,85810.0,5590.0,5.2697376e+07,-290294.28,5.298767e+07
303,85810.1,85859.5,85810.1,85828.0,3362.0,5.2697376e+07,-291220.0,5.2988596e+07
304,85822.3,85860.8,85822.1,85831.6,5387.0,5.2660124e+07,-293961.88,5.2954084e+07
305,85822.8,85888.9,85697.6,85697.6,6473.0,5.2709236e+07,-300434.88,5.300967e+07
306,85695.3,85766.4,85656.3,85766.1,10213.0,5.2404904e+07,-290276.97,5.269518e+07
307,85766.5,85852.0,85671.8,85693.6,3404.0,5.2404904e+07,-292857.2,5.269776e+07
308,85702.2,85723.8,85620.9,85622.9,5585.0,5.221034e+07,-298225.1,5.2508564e+07
309,85644.7,85647.0,85622.9,85623.0,3111.0,5.221034e+07,-301309.88,5.251165e+07
310,85631.0,85665.0,85631.0,85636.9,4084.0,5.221034e+07,-303976.84,5.2514316e+07
311,85636.1,85707.5,85636.1,85703.2,4418.0,5.197618e+07,-300090.62,5.227627e+07
312,85707.8,85771.7,85707.8,85711.1,2704.0,5.197618e+07,-302514.97,5.2278696e+07
313,85711.1,85769.9,85687.0,85752.4,4256.0,5.197618e+07,-300055.88,5.2276236e+07
314,85748.2,85823.4,85698.3,85698.3,4213.0,4.9933496e+07,-304268.88,5.0237764e+07
315,85698.2,85706.7,85631.2,85631.2,4632.0,4.95721e+07,-308900.88,4.9881e+07
316,85632.3,85754.7,85625.5,85739.9,3221.0,4.95721e+07,-306418.0,4.987852e+07
317,85747.2,85816.0,85691.2,85715.2,4803.0,4.95721e+07,-309373.66,4.988147e+07
318,85722.2,85737.1,85632.0,85659.7,3118.0,4.9418536e+07,-310847.94,4.9729384e+07
319,85661.6,85687.8,85644.3,85668.9,5380.0,4.9418536e+07,-310142.6,4.972868e+07
320,85664.7,85768.7,85664.7,85768.7,3704.0,4.9418536e+07,-306438.6,4.9724976e+07
321,85775.8,85825.9,85674.0,85674.0,4334.0,4.9348564e+07,-310772.6,4.9659336e+07
322,85661.1,85722.1,85629.1,85722.1,3253.0,4.8560164e+07,-307519.6,4.8867684e+07
323,85718.0,85751.9,85661.0,85667.1,3712.0,4.8560164e+07,-310733.25,4.8870896e+07
324,85667.1,85696.1,85603.6,85696.1,4164.0,4.8425108e+07,-306569.25,4.8731676e+07
325,85682.4,85804.0,85669.9,85767.0,16307.0,4.8425108e+07,-299260.8,4.872437e+07
326,85759.8,85850.0,85747.8,85850.0,3203.0,4.8122644e+07,-296057.8,4.84187e+07
327,85854.0,85901.0,85835.9,85835.9,3468.0,4.7831836e+07,-299525.8,4.813136e+07
328,85832.3,85889.4,85832.3,85889.4,4198.0,4.7945316e+07,-295327.8,4.8240644e+07
329,85890.3,85902.1,85825.9,85852.1,3332.0,4.710786e+07,-296368.3,4.7404228e+07
330,85852.1,85930.9,85852.1,85878.5,3155.0,4.710786e+07,-297409.34,4.7405268e+07
331,85874.2,85874.2,85692.2,85700.0,4425.0,4.6228324e+07,-301455.22,4.652978e+07
332,85699.9,85699.9,85474.5,85474.5,8504.0,4.6228324e+07,-309959.22,4.6538284e+07
333,85473.9,85526.3,85420.3,85486.2,9694.0,4.6228324e+07,-307598.6,4.6535924e+07
334,85501.5,85604.9,85480.8,85572.9,10546.0,4.590387e+07,-302491.25,4.6206364e+07
335,85568.5,85583.0,85450.0,85493.9,6985.0,4.5743612e+07,-304865.25,4.6048476e+07
336,85489.0,85582.8,85474.2,85555.8,32121.0,4.5743612e+07,-288716.94,4.603233e+07
337,85555.7,85555.7,85450.0,85476.3,4223.0,4.5598636e+07,-290838.75,4.5889476e+07
338,85480.4,85523.9,85469.1,85472.7,7586.0,3.0301232e+07,-297427.56,3.059866e+07
339,85469.1,85523.7,85427.6,85442.0,8565.0,3.0167222e+07,-303426.03,3.0470648e+07
340,85442.0,85567.2,85442.0,85514.8,5399.0,3.0167222e+07,-302546.75,3.0469768e+07
341,85512.3,85561.3,85399.6,85561.3,6553.0,3.0167222e+07,-295993.75,3.0463216e+07
342,85553.0,85729.4,85524.2,85654.8,5704.0,3.0009244e+07,-294437.28,3.0303682e+07
343,85654.9,85931.1,85654.9,85913.5,16924.0,3.0009244e+07,-279670.3,3.0288914e+07
344,85914.5,86012.0,85878.8,85878.8,10279.0,3.0699434e+07,-289949.3,3.0989384e+07
345,85883.0,85996.5,85883.0,85948.5,6728.0,3.0699434e+07,-288911.97,3.0988346e+07
346,85950.9,85979.7,85879.3,85879.3,3159.0,3.0699434e+07,-292070.97,3.0991504e+07
347,85875.2,85875.2,85723.7,85741.6,6791.0,3.0699434e+07,-297257.38,3.0996692e+07
348,85745.6,85828.9,85745.6,85783.2,3525.0,3.0699434e+07,-297599.88,3.0997034e+07
349,85762.6,85807.2,85753.7,85778.3,2848.0,3.0699434e+07,-297829.44,3.0997264e+07
350,85768.1,85816.5,85768.1,85816.5,4345.0,3.0699434e+07,-293484.44,3.0992918e+07
351,85816.6,85888.1,85804.1,85871.0,3167.0,3.0699434e+07,-291607.0,3.099104e+07
352,85863.5,85912.7,85846.6,85887.0,7238.0,3.066294e+07,-289997.88,3.0952938e+07
353,85889.3,85957.3,85854.7,85957.3,2948.0,3.066294e+07,-287049.88,3.094999e+07
354,85957.2,86040.2,85954.5,86032.3,5187.0,3.0406816e+07,-282819.9,3.0689636e+07
355,86032.3,86077.6,86003.0,86058.2,4787.0,3.0120504e+07,-280522.4,3.0401026e+07
356,86056.2,86121.1,86056.1,86056.2,4706.0,3.0120504e+07,-285213.7,3.0405718e+07
357,86067.6,86115.4,86056.1,86056.1,3744.0,2.9958654e+07,-288957.7,3.0247612e+07
358,86056.0,86056.0,85994.5,86026.6,2311.0,2.9958654e+07,-288856.12,3.024751e+07
359,86026.5,86060.7,86012.3,86059.4,3384.0,2.8079938e+07,-285654.53,2.8365592e+07
360,86052.5,86089.3,86026.7,86087.3,3147.0,2.7976828e+07,-282708.62,2.8259536e+07
361,86087.2,86164.4,86012.3,86022.5,4912.0,2.7976828e+07,-286961.62,2.826379e+07
362,86015.4,86086.4,85968.9,86082.1,4110.0,2.8026472e+07,-283152.25,2.8309624e+07
363,86062.7,86078.7,86027.4,86062.1,2589.0,2.8026472e+07,-282238.78,2.830871e+07
364,86068.1,86117.8,86020.7,86040.4,3568.0,2.8026472e+07,-284359.25,2.8310832e+07
365,86040.5,86048.8,85957.1,85980.7,3070.0,2.6785404e+07,-285848.88,2.7071252e+07
366,85978.0,86169.3,85967.8,86135.8,4361.0,2.6785404e+07,-282937.94,2.7068342e+07
367,86135.8,86248.1,86031.1,86060.6,6480.0,2.6273086e+07,-287656.1,2.6560742e+07
368,86056.3,86067.4,86014.9,86014.9,2417.0,3.5624156e+07,-290073.1,3.5914228e+07
369,86010.6,86130.3,86010.6,86121.1,5066.0,3.5624156e+07,-285785.44,3.590994e+07
370,86116.7,86126.7,86075.7,86095.0,4595.0,3.547908e+07,-286903.22,3.5765984e+07
371,86092.5,86129.6,86060.8,86069.6,2470.0,3.5766656e+07,-288741.06,3.6055396e+07
372,86075.4,86081.5,86056.1,86062.0,5649.0,3.5649852e+07,-291766.28,3.594162e+07
373,86056.0,86119.4,86048.2,86119.4,3238.0,3.549396e+07,-288528.28,3.578249e+07
374,86128.0,86220.8,86122.8,86216.6,5249.0,3.549396e+07,-283728.7,3.577769e+07
375,86204.5,86322.9,86183.2,86192.3,9061.0,3.5306536e+07,-291610.0,3.5598144e+07
376,86192.2,86192.2,86142.7,86170.0,2753.0,3.5306536e+07,-291326.7,3.5597864e+07
377,86182.3,86340.0,86182.3,86301.2,7937.0,3.5306536e+07,-287294.9,3.559383e+07
378,86305.9,86338.2,86290.0,86290.0,3039.0,3.5671756e+07,-290333.9,3.596209e+07
379,86286.2,86309.2,86236.0,86258.9,5341.0,3.544697e+07,-292333.5,3.57393e+07
380,86257.3,86338.3,86244.4,86303.6,3256.0,3.544697e+07,-291483.66,3.5738452e+07
381,86303.6,86309.6,86250.7,86302.4,2599.0,3.544697e+07,-289520.38,3.573649e+07
382,86303.6,86344.9,86277.8,86340.4,4060.0,3.4926144e+07,-286004.9,3.5212148e+07
383,86338.3,86344.8,86258.4,86286.1,3108.0,3.4959484e+07,-287119.78,3.5246604e+07
384,86286.4,86309.7,86252.1,86309.7,2156.0,3.506691e+07,-284963.78,3.5351876e+07
385,86314.0,86344.9,86299.6,86344.9,3074.0,3.3498776e+07,-281889.78,3.3780664e+07
386,86344.8,86344.8,86286.7,86324.9,5096.0,3.3498776e+07,-280284.78,3.377906e+07
387,86334.8,86338.0,86254.7,86263.5,5631.0,3.3300766e+07,-284726.4,3.3585492e+07
388,86267.7,86292.5,86240.0,86256.2,2701.0,3.3354362e+07,-285760.2,3.3640124e+07
389,86254.1,86254.1,86193.9,86207.5,2405.0,3.3758484e+07,-287078.47,3.4045564e+07
390,86207.6,86266.1,86207.6,86266.1,6706.0,3.3094522e+07,-280372.47,3.3374894e+07
391,86267.1,86301.8,86220.0,86237.4,3000.0,3.3094522e+07,-282096.25,3.3376618e+07
392,86238.3,86307.1,86219.1,86219.1,4243.0,3.3023798e+07,-286339.25,3.3310138e+07
393,86217.2,86256.4,86160.5,86238.5,3859.0,3.3023798e+07,-283920.75,3.3307718e+07
394,86242.7,86250.0,86205.0,86214.2,3779.0,3.2987738e+07,-286154.03,3.3273892e+07
395,86205.6,86205.6,86062.1,86062.1,8078.0,3.2987738e+07,-294232.03,3.328197e+07
396,86062.1,86067.8,86017.3,86036.8,5860.0,2.9825992e+07,-295566.5,3.0121558e+07
397,86033.7,86033.7,85869.9,85932.9,9270.0,2.9766396e+07,-297705.9,3.0064102e+07
398,85932.5,85949.1,85905.2,85905.2,2510.0,2.9766396e+07,-300215.9,3.0066612e+07
399,85902.4,85918.0,85846.1,85853.2,5250.0,2.9608906e+07,-304428.8,2.9913334e+07
400,85864.9,85889.3,85829.6,85867.5,2686.0,2.9691336e+07,-303704.3,2.999504e+07
401,85855.7,85940.4,85855.7,85928.9,6484.0,2.9691336e+07,-298981.12,2.9990318e+07
402,85926.0,85937.7,85894.7,85927.0,2066.0,2.9691336e+07,-297943.62,2.998928e+07
403,85928.6,86085.2,85894.1,86085.2,17823.0,2.984769e+07,-280120.62,3.012781e+07
404,86085.1,86225.3,86025.6,86058.2,69246.0,2.9255736e+07,-326756.9,2.9582492e+07
405,86058.2,86058.2,85965.0,85970.3,4219.0,2.9255736e+07,-330496.34,2.9586232e+07
406,85969.8,86053.8,85968.7,86053.8,2784.0,2.9499434e+07,-327712.34,2.9827146e+07
407,86054.0,86116.5,86018.3,86113.2,1520.0,2.8082668e+07,-326294.4,2.8408962e+07
408,86112.1,86142.0,86038.7,86071.7,3330.0,2.8082668e+07,-327496.75,2.8410164e+07
409,86071.6,86087.8,86033.8,86065.8,3745.0,2.5077592e+07,-326803.25,2.5404396e+07
410,86070.7,86154.0,86070.7,86154.0,2658.0,2.4259528e+07,-324145.25,2.4583674e+07
411,86158.8,86187.3,86136.3,86136.3,1825.0,2.418358e+07,-325970.25,2.450955e+07
412,86136.1,86157.2,86093.9,86127.3,2414.0,2.4106446e+07,-325837.06,2.4432284e+07
413,86123.1,86146.9,86092.1,86096.5,2241.0,2.3496518e+07,-327718.3,2.3824236e+07
414,86107.5,86107.5,86049.8,86084.9,3268.0,2.3069398e+07,-327010.38,2.3396408e+07
415,86070.8,86144.4,86070.8,86139.5,1926.0,2.300701e+07,-325340.75,2.333235e+07
416,86139.4,86208.2,86112.7,86112.7,2857.0,2.288507e+07,-328197.75,2.3213268e+07
417,86129.9,86198.7,86124.3,86198.7,2111.0,2.288507e+07,-326086.75,2.3211156e+07
418,86200.0,86219.3,86138.3,86138.3,2441.0,2.2521476e+07,-328527.75,2.2850004e+07
419,86135.0,86216.6,86133.7,86188.1,3033.0,2.2024402e+07,-327580.2,2.2351982e+07
420,86192.4,86234.1,86161.2,86211.7,3270.0,2.2024402e+07,-326319.66,2.2350722e+07
421,86211.6,86254.0,86118.7,86118.7,3784.0,2.2441208e+07,-330103.66,2.2771312e+07
422,86120.6,86120.6,85981.3,86023.5,3653.0,2.2441208e+07,-331543.25,2.2772752e+07
423,86038.5,86096.8,86002.0,86002.0,4179.0,2.2441208e+07,-335722.25,2.277693e+07
424,85999.1,86081.7,85999.1,86061.1,2863.0,2.1525908e+07,-334287.38,2.1860196e+07
425,86060.1,86084.1,86005.2,86012.3,3312.0,2.1280666e+07,-337003.8,2.161767e+07
426,86012.4,86124.6,85990.8,86002.0,5335.0,2.1280666e+07,-341445.44,2.1622112e+07
427,85997.7,86007.1,85951.4,85959.4,2851.0,2.1280666e+07,-343477.53,2.1624144e+07
428,85959.3,85959.3,85800.9,85849.9,5078.0,2.1170188e+07,-345413.8,2.1515602e+07
429,85857.6,85951.9,85857.6,85947.3,1962.0,2.1172038e+07,-343643.28,2.1515682e+07
430,85956.3,86015.1,85938.5,85938.6,5221.0,2.1172038e+07,-348850.44,2.1520888e+07
431,85932.1,85932.1,85836.9,85881.4,6432.0,2.1372926e+07,-349269.53,2.1722196e+07
432,85891.7,86089.3,85891.7,85985.1,7549.0,2.1372926e+07,-349682.03,2.1722608e+07
433,85991.3,86020.3,85972.0,85972.0,3266.0,2.1372926e+07,-352948.03,2.1725874e+07
434,85966.9,85993.7,85933.9,85973.8,3496.0,2.116197e+07,-351779.34,2.151375e+07
435,85961.0,85970.4,85883.3,85888.5,3662.0,2.116197e+07,-355003.84,2.1516974e+07
436,85888.0,85888.0,85852.1,85869.9,2574.0,2.257963e+07,-355025.7,2.2934656e+07
437,85861.3,85874.5,85800.0,85845.3,2784.0,2.2444154e+07,-354424.28,2.2798578e+07
438,85850.4,85866.5,85758.0,85774.0,10196.0,2.2444154e+07,-361613.16,2.2805768e+07
439,85770.5,85770.5,85695.5,85742.7,8930.0,2.1953006e+07,-359302.5,2.2312308e+07
440,85742.6,85742.6,85650.0,85692.3,5327.0,2.207615e+07,-359763.16,2.2435914e+07
441,85692.3,85763.5,85692.3,85763.5,3544.0,2.164952e+07,-356219.16,2.200574e+07
442,85763.4,85831.0,85748.6,85819.0,4699.0,2.164952e+07,-352888.84,2.2002408e+07
443,85823.3,85843.9,85761.2,85765.4,4608.0,2.164952e+07,-357029.28,2.200655e+07
444,85765.3,85780.9,85723.6,85729.4,3187.0,2.1599032e+07,-359571.4,2.1958604e+07
445,85727.3,85764.0,85685.6,85692.1,5761.0,2.1599032e+07,-364377.12,2.196341e+07
446,85691.1,85804.9,85654.5,85783.9,3678.0,2.4368352e+07,-361726.25,2.4730078e+07
447,85784.8,85822.1,85700.1,85700.1,5072.0,2.4278858e+07,-366798.25,2.4645656e+07
448,85700.0,85700.0,85650.0,85657.6,3991.0,2.418238e+07,-369575.72,2.4551956e+07
449,85657.6,85657.6,85601.1,85619.1,7419.0,2.3993992e+07,-372267.56,2.436626e+07
450,85619.6,85649.6,85600.0,85600.0,3742.0,2.3993992e+07,-376009.56,2.4370002e+07
451,85600.0,85667.6,85600.0,85655.6,2979.0,2.3993992e+07,-374088.2,2.436808e+07
452,85641.1,85641.1,85606.0,85606.0,3229.0,2.385525e+07,-377317.2,2.4232568e+07
453,85600.0,85710.8,85588.3,85681.6,8372.0,2.3802766e+07,-372935.78,2.4175702e+07
454,85677.5,85732.0,85669.1,85717.2,3388.0,2.3802766e+07,-371141.8,2.4173908e+07
455,85713.0,85839.8,85713.0,85747.9,13622.0,2.3737678e+07,-377265.44,2.4114944e+07
456,85755.1,85777.9,85710.1,85727.9,4033.0,2.3737678e+07,-379181.1,2.411686e+07
457,85714.0,85727.9,85639.6,85686.6,4296.0,2.410582e+07,-378903.6,2.4484724e+07
458,85687.3,85687.3,85548.0,85615.8,5345.0,2.410582e+07,-379045.7,2.4484866e+07
459,85613.0,85663.5,85533.1,85663.5,7573.0,2.410582e+07,-371472.7,2.4477292e+07
460,85666.8,85782.0,85618.0,85618.0,8897.0,2.3763348e+07,-380369.7,2.4143718e+07
461,85621.1,85630.4,85570.6,85627.3,3147.0,2.3763348e+07,-377549.16,2.4140898e+07
462,85635.8,85697.5,85627.4,85655.6,3532.0,2.3763348e+07,-378239.2,2.4141588e+07
463,85652.8,85659.1,85604.3,85659.1,4554.0,2.3763348e+07,-373685.2,2.4137034e+07
464,85669.4,85729.7,85650.1,85672.0,3026.0,2.3763348e+07,-375046.28,2.4138394e+07
465,85663.3,85706.7,85610.2,85610.2,5217.0,2.3945642e+07,-380263.28,2.4325906e+07
466,85608.2,85635.8,85570.2,85622.3,3904.0,2.3945642e+07,-377966.25,2.4323608e+07
467,85629.1,85700.6,85614.6,85677.6,4544.0,2.3945642e+07,-375852.75,2.4321494e+07
468,85677.6,85714.4,85666.9,85705.9,2819.0,2.360033e+07,-374042.66,2.3974372e+07
469,85705.9,85723.0,85666.1,85666.3,2148.0,2.360033e+07,-376175.94,2.3976506e+07
470,85666.2,85703.8,85638.3,85682.5,3588.0,2.348508e+07,-374921.16,2.3860002e+07
471,85680.5,85730.5,85654.1,85696.0,4799.0,2.316085e+07,-374456.4,2.3535306e+07
472,85689.5,85709.4,85627.8,85627.8,5447.0,2.362362e+07,-379903.4,2.4003524e+07
473,85625.0,85655.8,85555.5,85559.8,4459.0,2.3518854e+07,-383980.34,2.3902834e+07
474,85564.9,85657.3,85564.9,85618.3,5351.0,2.3518854e+07,-383146.5,2.3902e+07
475,85617.3,85669.2,85602.1,85648.0,2294.0,2.3518854e+07,-382302.25,2.3901156e+07
476,85647.9,85647.9,85543.9,85583.7,4378.0,2.3518854e+07,-383329.0,2.3902184e+07
477,85586.0,85586.0,85548.5,85573.6,3724.0,2.354655e+07,-382067.5,2.3928618e+07
478,85573.0,85629.0,85552.6,85624.7,6905.0,2.354655e+07,-375939.22,2.392249e+07
479,85624.7,85624.7,85566.8,85578.8,4323.0,2.3434262e+07,-378470.5,2.3812732e+07
480,85576.0,85636.0,85562.7,85631.7,6170.0,2.3286948e+07,-373023.9,2.3659972e+07
481,85615.4,85650.7,85588.0,85604.5,5528.0,2.3041064e+07,-375642.56,2.3416706e+07
482,85604.4,85608.2,85542.0,85590.6,11641.0,2.3041064e+07,-370191.6,2.3411256e+07
483,85590.6,85656.1,85501.2,85629.1,8618.0,2.2888968e+07,-364577.97,2.3253546e+07
484,85619.6,85666.1,85604.8,85666.1,11701.0,2.2888968e+07,-352876.97,2.3241844e+07
485,85680.0,85762.5,85631.2,85631.2,19912.0,2.2761202e+07,-372788.97,2.313399e+07
486,85630.2,85630.2,85558.1,85577.5,8144.0,2.2761202e+07,-376550.78,2.3137752e+07
487,85599.6,85620.5,85485.0,85518.3,4472.0,2.2677758e+07,-378824.94,2.3056582e+07
488,85520.4,85536.4,85455.1,85462.1,3761.0,2.2677758e+07,-381938.28,2.3059696e+07
489,85469.1,85527.2,85457.5,85527.2,5913.0,2.2677758e+07,-376025.28,2.3053784e+07
490,85516.7,85541.7,85474.8,85499.5,4240.0,2.2452242e+07,-377134.28,2.2829376e+07
491,85499.5,85512.8,85477.6,85496.9,3884.0,2.1660102e+07,-376759.25,2.2036862e+07
492,85496.9,85516.1,85487.7,85516.1,2319.0,2.1295378e+07,-374440.25,2.1669818e+07
493,85512.7,85536.2,85505.6,85509.6,2976.0,2.1295378e+07,-376638.25,2.1672016e+07
494,85514.9,85535.1,85438.1,85513.3,7962.0,2.14115e+07,-372255.8,2.1783756e+07
495,85521.4,85528.7,85482.0,85504.2,7172.0,2.14115e+07,-372608.53,2.1784108e+07
496,85504.1,85504.1,85387.9,85458.0,18297.0,2.14115e+07,-368829.56,2.178033e+07
497,85447.9,85491.8,85408.0,85417.6,5314.0,2.362947e+07,-372925.8,2.4002396e+07
498,85429.0,85483.7,85403.2,85461.9,2438.0,2.3982594e+07,-371808.53,2.4354402e+07
499,85461.9,85513.3,85409.2,85414.0,2979.0,2.3982594e+07,-374512.97,2.4357106e+07
500,85408.2,85408.2,85161.3,85164.3,39030.0,2.3710088e+07,-412594.53,2.4122682e+07
501,85160.1,85331.3,85155.4,85173.1,30477.0,2.3710088e+07,-436936.88,2.4147024e+07
502,85168.9,85258.7,85168.9,85220.2,7878.0,2.3710088e+07,-435813.6,2.4145902e+07
503,85235.2,85317.8,85183.1,85287.0,7815.0,2.401209e+07,-431572.25,2.4443662e+07
504,85289.0,85333.4,85262.8,85309.2,6174.0,2.401209e+07,-429629.94,2.444172e+07
505,85313.5,85363.1,85289.8,85333.1,5400.0,2.401209e+07,-428649.84,2.444074e+07
506,85333.0,85333.0,85271.7,85271.7,2489.0,2.3251872e+07,-431138.84,2.368301e+07
507,85271.8,85323.1,85250.0,85312.8,4338.0,2.3251872e+07,-428023.84,2.3679896e+07
508,85314.8,85351.5,85282.4,85288.7,2753.0,2.3251872e+07,-430274.5,2.3682146e+07
509,85294.6,85294.6,85197.3,85197.3,11465.0,2.2989204e+07,-441739.5,2.3430944e+07
510,85208.0,85302.4,85180.7,85225.4,21586.0,2.3063334e+07,-447469.62,2.3510804e+07
511,85233.8,85245.6,85111.1,85164.5,18436.0,2.3063334e+07,-451266.9,2.35146e+07
512,85156.0,85156.0,84600.0,84823.2,231593.0,2.3063334e+07,-496916.44,2.356025e+07
513,84823.2,84845.1,83173.2,83177.4,590196.0,2.3047846e+07,-1.0841505e+06,2.4131996e+07
514,83177.4,83627.0,81277.3,83373.4,754291.0,2.2346886e+07,-492679.5,2.2839566e+07
515,83371.8,83867.6,83225.0,83770.1,179103.0,2.2346886e+07,-367926.03,2.2714812e+07
516,83761.6,83783.0,83156.9,83492.3,111964.0,2.1892356e+07,-359933.28,2.225229e+07
517,83492.3,84050.5,83441.5,83955.1,58244.0,2.1555608e+07,-319936.88,2.1875544e+07
518,83955.3,84024.7,83683.2,83978.0,66531.0,2.1369742e+07,-271603.28,2.1641346e+07
519,83986.2,84147.0,83954.7,84055.5,37277.0,2.0703876e+07,-269801.06,2.0973678e+07
520,84058.4,84486.0,83945.4,84261.5,47252.0,2.0691e+07,-261794.5,2.0952794e+07
521,84261.4,84480.4,84261.4,84371.1,38379.0,2.0691e+07,-261723.31,2.0952724e+07
522,84371.2,84436.2,84079.0,84251.8,25485.0,2.0691e+07,-262551.6,2.0953552e+07
523,84251.8,84439.8,84130.6,84414.2,33484.0,2.0820662e+07,-234610.89,2.1055272e+07
524,84413.2,84460.5,84326.4,84340.9,25856.0,2.1858022e+07,-254875.42,2.2112898e+07
525,84340.9,84366.2,84005.9,84104.9,21710.0,2.1858022e+07,-264655.03,2.2122678e+07
526,84104.8,84108.3,83916.0,83972.3,26099.0,2.179294e+07,-275472.53,2.2068412e+07
527,83972.3,84125.8,83823.2,84004.7,42567.0,2.1677676e+07,-266974.94,2.194465e+07
528,84000.4,84076.4,83764.7,83946.5,24317.0,2.1848842e+07,-262926.06,2.2111768e+07
529,83948.4,83962.7,83800.6,83923.2,12939.0,2.171586e+07,-256292.88,2.1972152e+07
530,83923.3,84363.1,83896.8,84276.2,35765.0,2.10112e+07,-233857.89,2.1245058e+07
531,84271.9,84271.9,84119.9,84125.6,8578.0,2.10112e+07,-241792.19,2.1252992e+07
532,84125.6,84214.1,84125.6,84201.1,7444.0,2.10112e+07,-236535.12,2.1247736e+07
533,84206.6,84230.6,83950.7,84025.7,13118.0,2.0751086e+07,-242623.08,2.099371e+07
534,84025.6,84046.8,83888.0,83892.8,13711.0,2.061771e+07,-255505.72,2.0873216e+07
535,83892.9,83942.0,83773.1,83924.9,18049.0,2.0941622e+07,-241111.77,2.1182734e+07
536,83930.0,84106.7,83911.3,84093.5,17280.0,2.0941622e+07,-226166.9,2.1167788e+07
537,84093.5,84106.8,83890.5,83890.5,12428.0,2.115585e+07,-238594.9,2.1394444e+07
538,83890.5,84011.9,83836.9,84000.0,12719.0,1.9850176e+07,-227605.47,2.0077782e+07
539,83999.9,84104.6,83965.8,84031.3,23635.0,1.9768484e+07,-228934.4,1.9997418e+07
540,84027.0,84062.7,83935.3,83956.4,10085.0,1.9717636e+07,-235678.77,1.9953314e+07
541,83954.4,84113.1,83954.4,84077.6,8905.0,1.8736206e+07,-230757.66,1.8966964e+07
542,84071.4,84106.1,83906.4,83943.9,8605.0,1.8736206e+07,-236130.98,1.8972336e+07
543,83943.9,83977.6,83786.0,83829.0,14854.0,1.8444424e+07,-244317.8,1.8688742e+07
544,83828.9,83834.2,83682.8,83769.5,25721.0,1.8444424e+07,-240580.42,1.8685004e+07
545,83753.6,84164.5,83737.6,84164.5,19937.0,1.7241462e+07,-220643.42,1.7462106e+07
546,84166.5,84403.6,84152.8,84233.0,27365.0,1.7241462e+07,-230506.69,1.7471968e+07
547,84222.5,84290.3,84123.7,84247.0,19768.0,1.7241462e+07,-221013.89,1.7462476e+07
548,84248.0,84306.9,84207.2,84235.9,8087.0,1.7241462e+07,-224445.53,1.7465908e+07
549,84229.8,84299.8,84133.2,84277.6,6664.0,1.7241462e+07,-219557.22,1.746102e+07
550,84276.6,84300.0,84145.9,84204.3,6741.0,1.5343483e+07,-221189.06,1.5564672e+07
551,84197.3,84496.8,84197.3,84421.5,10103.0,1.5343483e+07,-216166.03,1.5559649e+07
552,84412.1,84619.0,84398.1,84521.6,14509.0,1.5063152e+07,-214451.64,1.5277604e+07
553,84521.1,84690.3,84521.1,84637.8,8961.0,1.4935729e+07,-211051.69,1.5146781e+07
554,84628.4,84635.7,84452.7,84481.3,14046.0,1.4991554e+07,-220708.31,1.5212262e+07
555,84493.9,84667.9,84477.9,84667.9,7251.0,1.4991554e+07,-213457.31,1.5205011e+07
556,84675.9,84698.7,84520.8,84541.7,10289.0,1.4991554e+07,-221328.14,1.5212882e+07
557,84550.2,84617.9,84520.8,84568.8,10589.0,1.4991554e+07,-221448.27,1.5213002e+07
558,84573.0,84583.0,84431.4,84437.8,19801.0,1.4991554e+07,-239577.84,1.5231132e+07
559,84437.8,84500.3,84329.1,84345.4,20059.0,1.4870631e+07,-255817.83,1.5126449e+07
560,84345.5,84547.8,84322.4,84523.8,12934.0,1.4870631e+07,-245638.2,1.5116269e+07
561,84512.0,84575.5,84351.8,84454.9,17389.0,1.4870631e+07,-246998.52,1.511763e+07
562,84463.3,84559.9,84418.1,84488.0,6071.0,1.4870631e+07,-247084.14,1.5117715e+07
563,84483.7,84575.3,84410.1,84568.3,16707.0,1.4430755e+07,-231793.03,1.4662548e+07
564,84566.0,84633.5,84500.0,84500.1,6184.0,1.4430755e+07,-237967.62,1.4668723e+07
565,84505.0,84508.1,84367.5,84380.3,5297.0,1.4430755e+07,-242300.4,1.4673055e+07
566,84380.2,84382.3,84259.6,84263.9,13940.0,1.4360577e+07,-255264.03,1.4615841e+07
567,84267.2,84388.4,84245.3,84335.2,13017.0,1.4360577e+07,-251924.69,1.4612502e+07
568,84333.1,84359.2,84254.9,84281.2,5456.0,1.3869821e+07,-254628.78,1.412445e+07
569,84299.1,84302.4,84183.8,84222.4,6337.0,1.3869821e+07,-256840.73,1.4126662e+07
570,84218.2,84288.9,84185.7,84259.6,17105.0,1.3680916e+07,-249447.86,1.3930364e+07
571,84256.1,84401.5,84256.1,84368.0,3991.0,1.3680916e+07,-247295.92,1.3928212e+07
572,84356.6,84422.5,84348.0,84416.0,3753.0,1.3680916e+07,-244197.81,1.3925114e+07
573,84412.6,84423.2,84229.5,84233.8,7003.0,1.3469468e+07,-250890.12,1.3720358e+07
574,84241.4,84258.3,84025.8,84087.2,20531.0,1.3331533e+07,-260576.11,1.3592109e+07
575,84092.5,84117.3,83974.2,84081.9,12807.0,1.3331533e+07,-254105.48,1.3585638e+07
576,84074.3,84074.3,83921.5,83966.6,11815.0,1.3190728e+07,-258945.55,1.3449674e+07
577,83961.5,84018.2,83932.4,83996.5,7262.0,1.2962446e+07,-255357.19,1.3217803e+07
578,83990.5,84098.4,83954.6,84026.7,16272.0,1.3185135e+07,-255311.22,1.3440446e+07
579,84031.0,84091.9,83981.0,83997.6,4046.0,1.3185135e+07,-258145.84,1.3443281e+07
580,83996.6,83996.6,83856.6,83871.3,10885.0,1.3185135e+07,-266745.72,1.3451881e+07
581,83862.0,83979.0,83819.5,83926.6,18306.0,1.1723695e+07,-260467.38,1.1984162e+07
582,83926.6,83954.9,83751.1,83780.1,10925.0,1.1699201e+07,-268283.16,1.1967484e+07
583,83780.9,83881.9,83754.6,83777.5,17305.0,1.1596493e+07,-279362.44,1.1875855e+07
584,83779.5,83873.5,83750.0,83805.9,31807.0,1.1596493e+07,-282376.53,1.187887e+07
585,83796.8,83874.7,83724.6,83741.9,29439.0,1.1596493e+07,-305030.75,1.1901524e+07
586,83742.0,83828.0,83732.8,83768.1,8394.0,1.1548997e+07,-307199.2,1.1856196e+07
587,83770.4,83983.2,83770.4,83963.1,9143.0,9.319131e+06,-299783.47,9.618914e+06
588,83963.1,83990.8,83844.3,83872.8,6328.0,9.319131e+06,-303649.38,9.62278e+06
589,83864.7,83890.0,83728.7,83728.7,8651.0,9.319131e+06,-312300.38,9.631431e+06
590,83724.6,83753.9,83626.6,83653.1,15237.0,9.727281e+06,-321193.47,1.0048474e+07
591,83675.5,83764.3,83633.8,83699.0,17326.0,9.727281e+06,-321205.9,1.0048487e+07
592,83691.8,83697.5,83576.0,83692.0,14180.0,9.905145e+06,-308309.7,1.0213455e+07
593,83700.4,83828.0,83700.4,83768.1,20744.0,9.82316e+06,-307040.9,1.0130201e+07
594,83774.0,83820.8,83635.4,83701.0,9920.0,9.696397e+06,-309940.7,1.0006338e+07
595,83695.9,83786.6,83679.7,83783.8,10010.0,9.696397e+06,-300455.97,9.996853e+06
596,83788.0,83862.9,83781.0,83817.1,13303.0,9.696397e+06,-302030.8,9.998428e+06
597,83817.2,83858.6,83785.7,83799.7,6080.0,9.696397e+06,-305775.5,1.0002172e+07
598,83799.7,83824.4,83707.4,83715.0,7485.0,993550.25,-312287.88,1.3058381e+06
599,83715.0,83733.2,83636.1,83636.1,6127.0,6078.186,-318414.88,324493.06
600,83636.1,83795.2,83636.1,83779.9,4312.0,-826764.1,-314932.47,511831.66
601,83786.9,83894.1,83751.7,83868.9,21353.0,-935989.06,-301138.0,634851.06
602,83864.7,83915.9,83809.1,83887.5,8606.0,-935989.06,-297108.88,638880.2
603,83887.4,83939.8,83877.6,83920.3,3860.0,-1.0231193e+06,-295669.3,727450.0
604,83924.6,83989.8,83863.2,83921.5,6033.0,-1.0231193e+06,-296145.88,726973.44
605,83922.5,83976.3,83825.6,83833.7,6568.0,-1.0231193e+06,-302007.66,721111.6
606,83833.7,83873.5,83730.9,83853.3,9538.0,-1.0929962e+06,-295172.25,797824.0
607,83863.5,83867.6,83690.1,83711.3,9399.0,-1.0929962e+06,-302326.6,790669.6
608,83705.2,83764.7,83688.8,83724.5,6364.0,-1.0929962e+06,-302703.88,790292.4
609,83722.3,83730.0,83650.2,83656.4,5595.0,-1.0929962e+06,-307430.1,785566.1
610,83652.4,83737.5,83580.0,83737.5,9843.0,-1.3388118e+06,-297587.1,1.0412246e+06
611,83749.4,83902.4,83749.4,83829.3,23824.0,-1.3388118e+06,-296528.75,1.042283e+06
612,83840.7,83880.9,83738.1,83790.5,7625.0,-1.4382278e+06,-298557.84,1.1396699e+06
613,83782.5,83786.6,83653.4,83706.2,9009.0,-1.4382278e+06,-300424.1,1.1378036e+06
614,83693.7,83716.8,83686.1,83706.8,4030.0,-1.512692e+06,-299019.9,1.2136721e+06
615,83703.1,83773.7,83700.3,83723.0,4499.0,-2.0289132e+06,-300736.0,1.7281772e+06
616,83728.8,83766.6,83605.2,83614.7,5211.0,-2.0289132e+06,-305333.56,1.7235798e+06
617,83619.8,83712.5,83605.4,83707.3,5081.0,-2.1257682e+06,-300746.25,1.825022e+06
618,83707.2,83715.0,83605.6,83625.1,5532.0,-2.3469485e+06,-304306.12,2.0426424e+06
619,83632.5,83681.5,83608.1,83633.7,2527.0,-2.44868e+06,-305070.25,2.1436098e+06
620,83641.5,83675.1,83404.8,83509.7,28966.0,-2.7793522e+06,-311552.66,2.4677995e+06
621,83511.7,83610.5,83364.6,83364.7,13554.0,-2.7793522e+06,-325095.44,2.4542568e+06
622,83363.6,83493.4,83313.0,83425.7,7002.0,-2.8407775e+06,-323348.5,2.517429e+06
623,83425.8,83497.8,83352.9,83358.4,21014.0,-3.2769645e+06,-342767.22,2.9341972e+06
624,83361.2,83398.6,83304.6,83324.3,14907.0,-3.2769645e+06,-351427.47,2.925537e+06
625,83324.3,83355.3,83284.7,83334.3,8920.0,-3.193246e+06,-347814.44,2.8454315e+06
626,83346.7,83346.7,83150.8,83181.1,41793.0,-3.193246e+06,-376677.56,2.8165685e+06
627,83174.1,83320.8,83146.9,83226.1,12694.0,-3.2675398e+06,-377808.44,2.8897312e+06
628,83218.3,83238.8,83062.5,83062.5,21836.0,-3.2675398e+06,-399644.44,2.8678952e+06
629,83058.7,83203.9,83058.7,83076.1,23222.0,-3.2675398e+06,-417301.16,2.8502385e+06
630,83074.2,83231.8,83050.5,83069.4,17291.0,-3.2675398e+06,-430987.3,2.8365525e+06
631,83049.5,83095.4,82865.7,83040.7,43387.0,-3.2675398e+06,-408263.03,2.8592768e+06
632,83036.6,83045.0,82700.0,82806.5,37530.0,-3.2675398e+06,-422622.34,2.8449175e+06
633,82778.9,82940.5,82747.1,82860.2,18664.0,-3.2675398e+06,-419456.5,2.8480832e+06
634,82869.4,82985.0,82860.8,82870.9,23699.0,-3.2675398e+06,-439300.56,2.8282392e+06
635,82871.0,82984.9,82840.1,82974.5,20211.0,-3.2675398e+06,-421992.44,2.8455472e+06
636,82974.5,82985.0,82827.6,82841.9,11346.0,-3.0911328e+06,-431277.28,2.6598555e+06
637,82838.6,82953.3,82804.1,82953.3,21336.0,-3.0911328e+06,-409941.28,2.6811915e+06
638,82949.2,82957.2,82736.6,82741.6,11185.0,-3.0911328e+06,-420619.25,2.6705135e+06
639,82737.0,82789.5,82602.4,82686.1,33922.0,-3.0911328e+06,-424190.06,2.6669428e+06
640,82686.0,82729.9,82603.4,82682.8,20981.0,-3.055101e+06,-418833.38,2.6362675e+06
641,82685.0,82700.0,82518.0,82532.8,19045.0,-3.055101e+06,-434781.6,2.6203195e+06
642,82541.0,82616.6,82480.1,82572.2,18141.0,-3.1831472e+06,-428441.8,2.7547055e+06
643,82576.3,82596.8,82478.2,82495.0,14079.0,-3.1337328e+06,-438532.7,2.6952e+06
644,82495.1,82675.0,82495.1,82648.4,27026.0,-3.1337328e+06,-419499.34,2.7142335e+06
645,82648.4,82684.7,82571.7,82624.2,46050.0,-3.1953482e+06,-422759.53,2.7725888e+06
646,82630.4,82670.6,82578.5,82657.8,14204.0,-3.1953482e+06,-412505.03,2.7828432e+06
647,82653.8,82725.3,82600.2,82725.3,12563.0,-3.1953482e+06,-399942.03,2.7954062e+06
648,82725.3,82757.9,82582.5,82603.3,8666.0,-3.0494615e+06,-406552.97,2.6429085e+06
649,82606.3,82607.3,82472.6,82538.4,9220.0,-3.0494615e+06,-406765.28,2.6426962e+06
650,82546.8,82599.2,82477.9,82514.0,6482.0,-3.4253352e+06,-409389.06,3.0159462e+06
651,82509.9,82590.9,82500.1,82500.1,18087.0,-3.4253352e+06,-427476.06,2.9978592e+06
652,82500.0,82500.1,82280.0,82280.0,18549.0,-3.4253352e+06,-446025.06,2.9793102e+06
653,82275.9,82344.9,82234.6,82257.7,21916.0,-3.5907368e+06,-458760.5,3.1319762e+06
654,82248.8,82285.7,82125.3,82149.0,14685.0,-1.4922571e+07,-469105.5,1.4453466e+07
655,82144.8,82267.9,82116.5,82208.8,12339.0,-1.4967294e+07,-466400.1,1.4500894e+07
656,82210.8,82518.0,82210.8,82497.1,30776.0,-1.4967294e+07,-439811.34,1.4527483e+07
657,82497.4,82506.8,82390.0,82453.9,12146.0,-1.4967294e+07,-438667.44,1.4528627e+07
658,82453.8,82478.6,82349.3,82387.6,7323.0,-1.5060637e+07,-441651.75,1.4618985e+07
659,82385.9,82385.9,82201.4,82217.5,10488.0,-1.5060637e+07,-450309.16,1.4610328e+07
660,82216.4,82231.7,82112.2,82176.2,12266.0,-1.5120721e+07,-449436.7,1.4671284e+07
661,82178.3,82200.4,82111.0,82161.7,16371.0,-1.5862522e+07,-447237.75,1.5415284e+07
662,82168.0,82261.1,82020.7,82078.6,15816.0,-1.5862522e+07,-455435.4,1.5407087e+07
663,82078.5,82089.4,81712.9,81949.0,58374.0,-1.6086379e+07,-440597.22,1.5645782e+07
664,81948.9,81974.5,81786.1,81935.6,25616.0,-1.6086379e+07,-425559.03,1.566082e+07
665,81943.5,82391.7,81927.3,82061.4,45415.0,-1.6086379e+07,-444746.03,1.5641633e+07
666,82053.6,82085.5,81905.2,82062.6,16898.0,-1.6086379e+07,-432140.28,1.5654239e+07
667,82058.6,82058.6,81802.1,81872.6,21012.0,-1.6394181e+07,-441601.8,1.5952579e+07
668,81871.0,82140.3,81859.4,82019.9,32565.0,-1.6394181e+07,-436952.78,1.5957228e+07
669,82012.6,82139.7,82004.9,82080.5,55937.0,-1.6394181e+07,-430148.28,1.5964033e+07
670,82080.3,82443.9,82070.5,82414.7,20236.0,-1.6950086e+07,-413076.7,1.6537009e+07
671,82408.7,82428.3,82331.5,82382.7,17538.0,-1.6950086e+07,-412060.38,1.6538026e+07
672,82382.7,82499.9,82309.5,82316.1,21160.0,-1.7187534e+07,-431753.03,1.6755781e+07
673,82309.4,82329.3,82107.0,82168.8,13391.0,-1.7342896e+07,-437698.84,1.6905198e+07
674,82168.3,82242.3,82082.7,82124.0,23107.0,-1.7342896e+07,-448847.4,1.6894048e+07
675,82116.1,82140.8,81937.9,81944.2,15948.0,-1.7342896e+07,-463804.28,1.6879092e+07
676,81936.1,82077.4,81640.3,82072.8,26241.0,-1.7342896e+07,-438115.78,1.690478e+07
677,82080.7,82224.5,81960.7,81975.2,13752.0,-1.7173728e+07,-450356.0,1.6723372e+07
678,81956.1,82014.3,81770.3,81877.2,9149.0,-1.7708794e+07,-451487.9,1.7257306e+07
679,81878.3,82077.9,81873.7,82077.8,19767.0,-1.7708794e+07,-431740.56,1.7277054e+07
680,82077.9,82077.9,81864.9,81965.1,12777.0,-1.7745408e+07,-432496.0,1.7312912e+07
681,81963.2,82231.1,81947.7,82190.6,22895.0,-1.7934866e+07,-416144.78,1.7518722e+07
682,82190.5,82197.1,81951.4,81964.9,11012.0,-1.7934866e+07,-425946.7,1.750892e+07
683,81965.9,82024.8,81934.3,81992.6,15824.0,-1.8451656e+07,-421381.44,1.8030274e+07
684,81992.6,82196.1,81983.0,82196.1,21470.0,-1.8955142e+07,-399911.44,1.855523e+07
685,82196.1,82351.9,82149.2,82305.4,16139.0,-1.8556346e+07,-391177.28,1.8165168e+07
686,82307.4,82485.7,82241.3,82291.4,17690.0,-1.8556346e+07,-401614.62,1.8154732e+07
687,82304.4,82304.4,82120.1,82120.1,16968.0,-1.8556346e+07,-418582.62,1.8137764e+07
688,82124.2,82124.2,81959.6,82019.2,13734.0,-1.8556346e+07,-422370.6,1.8133976e+07
689,82019.4,82082.3,82007.4,82069.3,5797.0,-1.8527518e+07,-418585.94,1.8108932e+07
690,82069.3,82289.5,82061.1,82246.1,20921.0,-1.8527518e+07,-405615.4,1.8121902e+07
691,82246.0,82377.9,82227.1,82305.4,10687.0,-1.8527518e+07,-405204.6,1.8122314e+07
692,82314.6,82468.4,82299.2,82442.9,8486.0,-1.8602696e+07,-399276.5,1.820342e+07
693,82444.2,82614.8,82395.6,82568.9,11545.0,-1.8602696e+07,-392566.44,1.821013e+07
694,82550.4,82712.4,82443.3,82443.3,24783.0,-1.8326308e+07,-417349.44,1.7908958e+07
695,82446.9,82554.9,82389.0,82530.9,15584.0,-1.8326308e+07,-406274.4,1.7920034e+07
696,82532.6,82616.4,82462.8,82558.3,6799.0,-1.8326308e+07,-404619.0,1.7921688e+07
697,82555.0,82710.4,82548.8,82690.3,13435.0,-1.8415308e+07,-394526.34,1.8020782e+07
698,82690.3,82866.1,82576.7,82834.2,28655.0,-1.9753938e+07,-372188.25,1.938175e+07
699,82840.6,82841.4,82689.9,82740.7,9596.0,-1.9753938e+07,-375348.3,1.937859e+07
700,82740.8,82922.9,82718.3,82846.4,6538.0,-1.970842e+07,-373699.4,1.933472e+07
701,82846.5,82858.5,82597.3,82629.6,19970.0,-2.3387804e+07,-388729.75,2.2999074e+07
702,82648.3,82648.3,82571.7,82593.2,6082.0,-2.3423558e+07,-391397.3,2.303216e+07
703,82594.4,82612.8,82527.2,82583.8,25629.0,-2.3980684e+07,-383135.03,2.3597548e+07
704,82583.8,82583.8,82496.2,82543.8,7138.0,-2.4071444e+07,-382516.22,2.3688928e+07
705,82552.0,82581.1,82539.7,82574.0,4128.0,-2.4071444e+07,-379804.47,2.369164e+07
706,82574.9,82609.7,82444.9,82465.3,7259.0,-2.4187448e+07,-385266.5,2.3802182e+07
707,82459.9,82529.5,82450.4,82529.5,10327.0,-2.4187448e+07,-374939.5,2.3812508e+07
708,82533.6,82570.5,82487.9,82533.6,5208.0,-2.482682e+07,-374384.38,2.4452436e+07
709,82533.6,82570.5,82450.1,82456.7,6170.0,-2.481768e+07,-379877.75,2.4437802e+07
710,82456.2,82456.2,82364.6,82452.6,18068.0,-2.641083e+07,-363230.56,2.60476e+07
711,82452.6,82561.7,82420.9,82557.5,6585.0,-2.641083e+07,-357038.7,2.6053792e+07
712,82541.0,82732.5,82508.9,82717.9,24146.0,-2.641083e+07,-336046.22,2.6074784e+07
713,82721.6,82750.0,82660.9,82749.9,7956.0,-2.6710044e+07,-328108.38,2.6381936e+07
714,82749.9,82766.4,82699.7,82710.1,5273.0,-2.6710044e+07,-331737.16,2.6378306e+07
715,82710.1,82807.6,82637.8,82742.8,9795.0,-2.6710044e+07,-329418.53,2.6380626e+07
716,82739.3,82766.7,82656.8,82656.8,3375.0,-2.7079414e+07,-332793.53,2.674662e+07
717,82656.8,82750.3,82638.5,82728.4,4222.0,-2.7079414e+07,-330225.5,2.6749188e+07
718,82728.4,82778.4,82721.2,82768.0,5202.0,-2.7079414e+07,-326915.03,2.6752498e+07
719,82762.0,82815.9,82703.3,82710.1,9929.0,-2.6414468e+07,-335643.97,2.6078824e+07
720,82713.3,82713.3,82619.2,82675.0,8385.0,-2.6414468e+07,-334084.5,2.6080384e+07
721,82681.7,82931.5,82680.7,82931.4,15073.0,-2.6414468e+07,-319023.7,2.6095444e+07
722,82931.5,82957.8,82852.1,82881.5,10984.0,-2.6527588e+07,-323897.44,2.620369e+07
723,82881.5,82953.2,82841.6,82892.7,11356.0,-2.6527588e+07,-324853.78,2.6202734e+07
724,82896.6,82970.3,82870.1,82941.3,6136.0,-2.6613856e+07,-322269.72,2.6291586e+07
725,82948.1,82995.0,82891.0,82899.2,6327.0,-2.6675022e+07,-327598.62,2.6347424e+07
726,82907.5,82967.1,82812.0,82829.0,9037.0,-2.6675022e+07,-334654.62,2.6340368e+07
727,82830.1,83053.8,82812.0,83041.4,15284.0,-2.6787342e+07,-320938.03,2.6466404e+07
728,83053.1,83343.1,83053.1,83295.7,38016.0,-2.5741958e+07,-295348.9,2.544661e+07
729,83295.6,83351.2,83155.6,83228.5,9452.0,-2.5870012e+07,-297755.62,2.5572256e+07
730,83236.9,83337.0,83236.9,83250.0,7117.0,-8.32905e+07,-303009.62,8.298749e+07
731,83241.7,83241.7,83053.5,83127.0,41546.0,-8.32905e+07,-312105.25,8.297839e+07
732,83126.1,83126.1,82951.0,82951.0,14525.0,-8.369939e+07,-326630.25,8.337276e+07
733,82949.5,83037.2,82932.4,83012.9,5621.0,-8.369939e+07,-323616.3,8.337578e+07
734,83002.0,83118.3,82996.0,83095.3,6014.0,-8.369939e+07,-319864.4,8.337953e+07
735,83082.7,83120.9,83034.1,83045.2,4113.0,-8.404436e+07,-322925.25,8.372143e+07
736,83051.4,83088.2,83015.6,83035.2,3492.0,-8.521397e+07,-324531.66,8.488944e+07
737,83032.1,83187.9,83032.1,83044.6,6448.0,-8.551852e+07,-329945.0,8.518858e+07
738,83039.7,83053.0,82948.6,82996.0,4963.0,-8.551852e+07,-330401.44,8.518812e+07
739,82990.0,82990.0,82847.1,82879.6,13056.0,-8.551852e+07,-337518.66,8.5181e+07
740,82887.9,83055.4,82887.9,83040.6,11412.0,-8.809149e+07,-328122.94,8.776337e+07
741,83040.5,83168.9,83027.1,83142.4,4509.0,-8.8544824e+07,-325299.28,8.821953e+07
742,83142.7,83160.0,82995.9,83012.6,5393.0,-8.870831e+07,-329594.44,8.837872e+07
743,83009.1,83240.3,82995.3,83159.1,11862.0,-8.865022e+07,-325594.78,8.832463e+07
744,83159.0,83159.8,83064.3,83065.2,4129.0,-8.794974e+07,-329645.4,8.76201e+07
745,83073.6,83160.1,83064.0,83128.6,4387.0,-8.794974e+07,-328134.34,8.762161e+07
746,83128.5,83128.5,83037.6,83053.0,2391.0,-8.794974e+07,-329715.25,8.762003e+07
747,83053.0,83063.7,82969.0,82987.2,1869.0,-8.794974e+07,-330865.78,8.761888e+07
748,82988.2,83043.2,82978.0,82978.0,2917.0,-8.812484e+07,-333782.78,8.779106e+07
749,82974.1,82974.1,82924.4,82924.4,3108.0,-8.86926e+07,-336890.78,8.835571e+07
750,82924.5,82950.7,82903.5,82903.5,3799.0,-8.911429e+07,-340689.78,8.87736e+07
751,82904.4,82943.6,82899.0,82926.2,7938.0,-8.911429e+07,-338944.78,8.877534e+07
752,82926.2,83079.2,82926.2,83079.2,36803.0,-8.911429e+07,-302141.78,8.881214e+07
753,83080.0,83114.7,82959.2,82959.2,4886.0,-8.536196e+07,-307027.78,8.5054936e+07
754,82959.1,82959.1,82793.4,82799.5,8111.0,-8.536196e+07,-314541.44,8.5047416e+07
755,82796.0,82827.2,82726.5,82772.8,8515.0,-8.536196e+07,-315227.12,8.504674e+07
756,82767.3,82802.8,82747.5,82768.1,6283.0,-8.536196e+07,-316828.5,8.504513e+07
757,82768.0,82775.3,82636.8,82680.8,6586.0,-8.536196e+07,-319229.9,8.504273e+07
758,82680.8,82707.4,82616.9,82638.7,6030.0,-8.536196e+07,-322354.22,8.503961e+07
759,82638.6,82711.8,82618.4,82618.4,6202.0,-8.520064e+07,-328556.22,8.487208e+07
760,82618.4,82695.4,82500.1,82521.2,10768.0,-8.520064e+07,-336997.28,8.486364e+07
761,82501.0,82521.3,82389.9,82470.1,18509.0,-8.528732e+07,-332911.2,8.495441e+07
762,82469.3,82485.9,82382.7,82435.8,12156.0,-8.478638e+07,-332558.72,8.445382e+07
763,82432.1,82530.0,82431.9,82509.6,7552.0,-8.478638e+07,-328147.3,8.445824e+07
764,82509.9,82552.0,82480.8,82524.7,7396.0,-8.512171e+07,-326422.1,8.479529e+07
765,82510.0,82528.1,82438.2,82443.3,5419.0,-8.51905e+07,-331227.0,8.485927e+07
766,82446.4,82479.7,82381.1,82419.4,2903.0,-8.51905e+07,-331874.94,8.485862e+07
767,82418.7,82448.0,82284.2,82313.2,6078.0,-8.51905e+07,-335800.72,8.4854696e+07
768,82317.0,82381.8,82257.2,82262.7,8322.0,-8.5457496e+07,-343388.0,8.511411e+07
769,82279.4,82417.8,82229.4,82300.1,9838.0,-8.7012696e+07,-345841.9,8.6666856e+07
770,82300.1,82375.4,82229.0,82355.8,14190.0,-9.029742e+07,-335451.75,8.9961976e+07
771,82355.8,82385.9,82268.4,82284.7,9506.0,-9.0320344e+07,-342319.6,8.9978024e+07
772,82268.2,82405.4,82268.2,82358.9,9579.0,-8.985344e+07,-339233.88,8.951421e+07
773,82358.0,82375.9,82200.1,82281.1,6470.0,-9.010738e+07,-339741.62,8.976763e+07
774,82286.5,82316.1,82221.9,82256.0,18679.0,-9.010738e+07,-344897.03,8.976248e+07
775,82272.4,82360.0,82272.4,82308.6,4366.0,-9.011665e+07,-345654.34,8.977099e+07
776,82307.5,82308.5,82208.6,82218.6,9752.0,-9.0080264e+07,-353453.97,8.972681e+07
777,82217.7,82360.9,82217.7,82360.9,9148.0,-1.3594067e+08,-344305.97,1.3559637e+08
778,82341.3,82399.0,82309.4,82309.4,4196.0,-1.3613386e+08,-348501.97,1.3578536e+08
779,82309.4,82353.7,82286.1,82317.2,4291.0,-1.3671926e+08,-348844.62,1.3637042e+08
780,82313.1,82372.3,82294.0,82306.6,4651.0,-1.3687917e+08,-351998.53,1.3652717e+08
781,82306.6,82457.7,82278.2,82278.2,9994.0,-1.3687917e+08,-361992.53,1.3651717e+08
782,82267.6,82387.4,82256.5,82311.2,9736.0,-1.3683416e+08,-363591.06,1.3647058e+08
783,82316.4,82401.0,82213.3,82361.6,31401.0,-1.3683416e+08,-345372.06,1.3648878e+08
784,82353.3,82353.3,82087.2,82207.2,17951.0,-1.3683416e+08,-347132.38,1.3648702e+08
785,82211.2,82229.2,82094.1,82094.1,10273.0,-1.37117e+08,-357405.38,1.3675958e+08
786,82094.2,82172.1,82050.7,82089.7,19987.0,-1.369697e+08,-364550.47,1.3660515e+08
787,82089.6,82200.0,82055.5,82200.0,4604.0,-1.369697e+08,-359946.47,1.3660974e+08
788,82200.7,82200.7,81943.8,81995.4,16179.0,-1.372301e+08,-369626.12,1.3686046e+08
789,82007.8,82099.5,81995.4,82057.6,9907.0,-1.372301e+08,-367693.8,1.368624e+08
790,82057.7,82081.7,81990.1,82015.7,17310.0,-1.372301e+08,-375327.9,1.3685477e+08
791,82013.2,82148.5,82008.1,82120.8,29622.0,-1.372301e+08,-357395.8,1.368727e+08
792,82124.4,82141.0,82045.5,82052.5,15856.0,-1.372301e+08,-370927.38,1.3685917e+08
793,82052.5,82270.8,82033.9,82270.7,11670.0,-1.372301e+08,-359266.62,1.3687083e+08
794,82270.7,82389.6,82160.5,82310.0,34207.0,-1.3743738e+08,-348830.12,1.3708854e+08
795,82309.9,82309.9,82090.1,82120.3,12909.0,-1.3726595e+08,-358192.28,1.3690776e+08
796,82117.5,82181.5,81982.3,82010.3,9110.0,-1.3726595e+08,-364741.28,1.3690122e+08
797,82010.4,82067.1,81956.0,82042.3,8570.0,-1.3738611e+08,-359998.0,1.3702611e+08
798,82038.6,82061.9,81913.8,81950.5,11482.0,-1.3719846e+08,-365788.97,1.3683267e+08
799,81950.4,82032.4,81945.1,81985.9,7187.0,-1.3755491e+08,-366258.5,1.3718866e+08
800,81973.8,82004.9,81846.1,81851.1,10167.0,-1.3755491e+08,-375785.25,1.3717912e+08
801,81851.3,81854.3,81416.3,81444.9,69414.0,-1.3755491e+08,-436133.72,1.3711878e+08
802,81444.9,81613.8,81340.6,81551.5,39167.0,-1.3777608e+08,-414829.25,1.3736125e+08
803,81548.4,81591.1,80831.4,81134.0,196906.0,-1.3764787e+08,-454873.8,1.37193e+08
804,81149.3,81160.4,80919.0,81101.0,45283.0,-1.3804824e+08,-431875.47,1.3761637e+08
805,81100.0,81444.4,81079.6,81328.8,30209.0,-1.3984354e+08,-420812.5,1.3942272e+08
806,81323.7,81323.7,81129.8,81140.6,36412.0,-1.4350056e+08,-453166.66,1.430474e+08
807,81132.6,81159.4,80952.0,81011.6,32535.0,-1.43602e+08,-467002.03,1.4313499e+08
808,81011.6,81050.4,80705.1,80725.3,38780.0,-1.43602e+08,-501245.8,1.4310075e+08
809,80723.8,80963.9,80627.5,80945.5,42398.0,-1.43602e+08,-463485.5,1.4313851e+08
810,80957.6,81666.0,80957.6,81466.2,131612.0,-1.43602e+08,-406113.25,1.4319589e+08
811,81468.0,81877.6,81274.6,81711.1,61016.0,-1.43602e+08,-378792.66,1.432232e+08
812,81711.1,81889.9,81500.2,81605.4,33883.0,-1.43602e+08,-394382.75,1.4320762e+08
813,81581.0,81707.1,81442.1,81606.9,30371.0,-1.4263886e+08,-386979.8,1.4225189e+08
814,81602.9,81807.5,81594.8,81700.5,18544.0,-1.4264661e+08,-387092.88,1.4225952e+08
815,81704.5,81821.2,81510.1,81821.2,35648.0,-1.4264051e+08,-351444.88,1.4228907e+08
816,81825.1,82274.0,81710.7,82101.7,46923.0,-1.4264051e+08,-333226.75,1.4230728e+08
817,82087.6,82581.6,82027.5,82511.1,70274.0,-1.4343747e+08,-280835.1,1.4315664e+08
818,82511.3,82866.1,82486.5,82768.0,63226.0,-1.439897e+08,-250288.47,1.4373941e+08
819,82767.9,82982.8,82628.3,82982.8,31887.0,-1.439897e+08,-218401.47,1.437713e+08
820,82982.7,82982.7,82657.5,82736.3,19758.0,-1.443597e+08,-228584.72,1.441311e+08
821,82745.5,82971.2,82693.7,82878.7,22928.0,-1.4616832e+08,-220942.06,1.4594738e+08
822,82904.5,82908.6,82685.7,82750.9,12906.0,-1.4642867e+08,-226298.33,1.4620237e+08
823,82751.0,82887.6,82565.4,82874.2,24953.0,-1.4574354e+08,-203420.62,1.4554011e+08
824,82874.1,83033.3,82795.5,83002.3,14212.0,-1.4574354e+08,-192914.06,1.4555062e+08
825,83010.6,83427.0,82994.9,83316.3,37958.0,-1.4510717e+08,-174405.52,1.4493277e+08
826,83320.1,83419.2,83150.8,83164.4,16894.0,-1.4533931e+08,-189587.3,1.4514973e+08
827,83176.3,83300.0,83106.8,83270.4,9931.0,-1.4535917e+08,-182699.45,1.4517646e+08
828,83252.6,83322.0,83008.6,83078.5,13767.0,-1.4535917e+08,-190325.44,1.4516885e+08
829,83083.3,83191.8,82976.6,83191.8,11528.0,-1.4552562e+08,-178797.44,1.4534682e+08
830,83199.9,83528.1,83116.8,83499.9,25737.0,-1.4552562e+08,-156590.0,1.4536902e+08
831,83493.1,83499.9,83386.6,83496.4,18219.0,-1.4570606e+08,-139496.66,1.4556656e+08
832,83496.4,83576.6,83367.6,83389.8,14373.0,-1.4570606e+08,-150816.9,1.4555525e+08
833,83386.5,83583.2,83358.5,83565.7,5882.0,-1.4584742e+08,-145851.1,1.4570157e+08
834,83564.7,83589.1,83495.9,83564.2,9029.0,-1.4589968e+08,-141646.14,1.4575803e+08
835,83564.2,83567.0,83333.5,83333.5,10150.0,-1.3064815e+08,-151796.14,1.3049635e+08
836,83333.4,83355.8,83152.8,83179.1,17827.0,-1.3064815e+08,-165003.1,1.3048315e+08
837,83179.1,83306.3,83050.0,83302.2,11455.0,-1.3064815e+08,-153914.03,1.3049424e+08
838,83311.7,83311.7,83137.3,83240.7,8036.0,-1.3064815e+08,-152420.88,1.3049573e+08
839,83228.0,83278.0,83165.3,83272.9,7659.0,-1.3064815e+08,-145455.25,1.30502696e+08
840,83268.7,83413.3,83182.0,83400.6,9926.0,-1.3164747e+08,-136618.88,1.31510856e+08
841,83409.0,83420.5,83156.7,83156.7,9847.0,-1.3164747e+08,-146465.88,1.3150101e+08
842,83156.6,83458.2,83136.0,83378.3,9308.0,-1.3154561e+08,-141774.64,1.3140383e+08
843,83365.8,83487.3,83233.6,83282.3,8245.0,-1.3154561e+08,-146854.48,1.3139875e+08
844,83286.5,83299.6,83106.7,83237.1,12591.0,-1.3154561e+08,-142422.56,1.3140318e+08
845,83228.8,83428.0,83208.2,83400.3,11736.0,-1.3154561e+08,-133644.97,1.3141196e+08
846,83400.4,83614.9,83355.6,83556.5,9782.0,-1.3154561e+08,-128269.14,1.31417336e+08
847,83553.5,83566.5,83431.5,83466.6,5087.0,-1.3154561e+08,-130710.78,1.314149e+08
848,83455.0,83696.9,83436.8,83671.7,14552.0,-1.3154561e+08,-118978.01,1.3142663e+08
849,83660.6,83887.3,83660.6,83796.7,25035.0,-1.3154561e+08,-113952.37,1.31431656e+08
850,83810.9,83866.3,83527.8,83527.8,8582.0,-1.3154561e+08,-122534.37,1.3142307e+08
851,83508.9,83671.5,83500.1,83644.1,7905.0,-1.3154561e+08,-117156.63,1.3142845e+08
852,83644.0,83704.1,83595.4,83648.1,8093.0,-1.3154561e+08,-117402.086,1.3142821e+08
853,83648.2,83792.6,83612.6,83745.6,7432.0,-1.3154561e+08,-113851.24,1.3143176e+08
854,83753.4,83836.6,83745.2,83810.6,14244.0,-1.317112e+08,-107711.19,1.3160349e+08
855,83810.6,83911.9,83801.6,83908.4,9001.0,-1.317112e+08,-99281.44,1.3161192e+08
856,83909.4,83988.6,83880.9,83988.6,11285.0,-1.32390056e+08,-87996.44,1.32302056e+08
857,83988.5,84346.8,83980.2,84217.3,20381.0,-1.32390056e+08,-82014.7,1.3230804e+08
858,84217.2,84217.2,84061.1,84092.6,8302.0,-1.3354787e+08,-86966.15,1.33460904e+08
859,84079.8,84182.5,83988.6,84143.9,7843.0,-1.3354787e+08,-82245.94,1.33465624e+08
860,84153.3,84185.7,83947.6,84021.0,8177.0,-1.3354787e+08,-85381.57,1.3346249e+08
861,84016.8,84163.7,83968.7,84027.8,12205.0,-1.33684e+08,-90189.24,1.3359381e+08
862,84021.4,84043.1,83807.6,83847.9,9911.0,-1.33857896e+08,-96708.46,1.3376118e+08
863,83843.7,83856.9,83719.5,83753.7,9225.0,-1.3433202e+08,-101340.63,1.3423067e+08
864,83753.7,83776.9,83628.0,83628.0,8345.0,-1.3435917e+08,-109685.63,1.3424949e+08
865,83627.2,83704.8,83567.2,83666.8,14747.0,-1.34459e+08,-103084.15,1.3435592e+08
866,83673.5,83715.7,83608.1,83699.0,5977.0,-1.34459e+08,-98962.78,1.3436005e+08
867,83695.6,83719.0,83549.8,83549.8,3452.0,-1.34459e+08,-102414.78,1.3435659e+08
868,83555.8,83589.6,83380.5,83405.1,40093.0,-1.34459e+08,-133073.61,1.3432594e+08
869,83408.1,83495.8,83404.0,83440.7,9717.0,-1.3480451e+08,-135020.31,1.3466949e+08
870,83428.2,83583.5,83428.2,83571.6,7534.0,-1.3429862e+08,-128640.79,1.3416998e+08
871,83571.5,83598.2,83471.9,83564.6,6870.0,-1.3423947e+08,-125426.12,1.3411405e+08
872,83564.5,83603.3,83409.2,83445.4,6639.0,-1.33952904e+08,-129588.984,1.3382331e+08
873,83436.3,83466.5,83282.1,83453.4,7506.0,-1.33952904e+08,-123149.59,1.3382975e+08
874,83452.5,83527.9,83427.1,83512.6,5215.0,-1.3394072e+08,-119517.445,1.338212e+08
875,83516.7,83790.7,83504.2,83747.7,11180.0,-1.3568205e+08,-111693.4,1.3557035e+08
876,83757.6,83895.3,83741.6,83858.9,10276.0,-1.3568205e+08,-106284.56,1.3557576e+08
877,83860.0,83932.9,83826.0,83932.9,6560.0,-1.3568205e+08,-99724.56,1.3558232e+08
878,83940.1,83984.9,83859.6,83950.7,11958.0,-1.3560669e+08,-94293.586,1.355124e+08
879,83937.7,83937.7,83837.1,83860.8,7627.0,-1.3560669e+08,-98327.71,1.3550837e+08
880,83860.7,83988.5,83829.5,83944.8,3462.0,-1.3560669e+08,-96768.86,1.3550992e+08
881,83937.9,84109.1,83936.9,84099.5,15827.0,-1.354697e+08,-82706.8,1.3538699e+08
882,84097.6,84195.8,84085.7,84107.1,6837.0,-1.3549344e+08,-86886.04,1.3540656e+08
883,84141.4,84194.8,84112.1,84128.8,5869.0,-1.3549344e+08,-90385.266,1.3540306e+08
884,84128.8,84152.8,84085.4,84138.0,5619.0,-1.358931e+08,-87233.49,1.3580587e+08
885,84144.3,84282.8,84077.0,84253.4,11736.0,-1.358931e+08,-78850.51,1.3581426e+08
886,84253.5,84346.9,84108.1,84123.6,12369.0,-1.358931e+08,-89613.8,1.3580349e+08
887,84123.6,84243.2,84105.0,84183.7,6456.0,-1.3612344e+08,-88716.74,1.3603472e+08
888,84183.7,84407.1,84175.8,84356.4,12382.0,-1.362888e+08,-81763.13,1.3620704e+08
889,84350.7,84350.7,84034.2,84086.3,10004.0,-1.363982e+08,-88473.95,1.3630973e+08
890,84076.6,84152.9,84047.1,84143.1,8864.0,-1.365468e+08,-81251.58,1.3646555e+08
891,84143.0,84386.4,84143.0,84366.4,7931.0,-1.3656037e+08,-74623.96,1.3648574e+08
892,84370.6,84424.5,84153.4,84209.8,9858.0,-1.3656037e+08,-80380.35,1.3647998e+08
893,84209.5,84308.4,84150.1,84244.1,10672.0,-1.3674862e+08,-78377.836,1.3667024e+08
894,84231.7,84277.4,84197.8,84265.0,4751.0,-1.3678437e+08,-75106.836,1.3670926e+08
895,84269.4,84294.7,84186.8,84188.0,4961.0,-1.3557186e+08,-79957.2,1.354919e+08
896,84197.3,84214.2,84110.1,84163.8,8754.0,-1.3557186e+08,-79680.625,1.3549218e+08
897,84167.6,84237.4,84125.5,84197.2,7185.0,-1.3557186e+08,-77657.51,1.3549419e+08
898,84199.2,84214.4,84134.1,84178.5,4214.0,-1.3576341e+08,-77211.43,1.3568619e+08
899,84182.8,84243.3,84110.0,84110.1,9177.0,-1.3576341e+08,-86374.445,1.3567704e+08
900,84110.0,84145.0,84000.9,84019.7,11135.0,-1.3572925e+08,-94603.3,1.3563464e+08
901,84028.0,84028.1,83827.1,83878.1,31049.0,-1.3572925e+08,-109896.086,1.3561934e+08
902,83878.0,84009.6,83856.5,83953.2,4463.0,-1.358663e+08,-108721.18,1.3575758e+08
903,83953.2,83980.8,83895.1,83918.3,6474.0,-1.3622677e+08,-111690.52,1.3611507e+08
904,83914.2,83935.5,83852.8,83852.8,6679.0,-1.3614994e+08,-118369.52,1.3603157e+08
905,83841.9,83860.5,83741.6,83755.0,7145.0,-1.3623822e+08,-123904.21,1.3611432e+08
906,83759.2,83974.9,83745.7,83964.7,7273.0,-1.362457e+08,-117278.26,1.3612842e+08
907,83964.7,84032.4,83898.7,83969.7,9174.0,-1.3625883e+08,-116708.4,1.3614213e+08
908,83969.7,84129.4,83968.1,84078.1,7156.0,-1.3625883e+08,-114104.016,1.3614472e+08
909,84073.9,84201.0,84073.0,84196.5,8198.0,-1.360881e+08,-106482.44,1.3598162e+08
910,84201.7,84201.7,84025.3,84045.2,8063.0,-1.3614154e+08,-112725.73,1.3602882e+08
911,84037.6,84037.8,83930.5,83979.7,5928.0,-1.364546e+08,-113216.92,1.3634138e+08
912,83977.9,83988.5,83936.0,83982.1,8969.0,-1.3663818e+08,-106434.12,1.3653174e+08
913,83979.3,83979.3,83847.1,83847.1,3779.0,-1.3648733e+08,-110213.12,1.3637712e+08
914,83847.2,83916.9,83827.6,83827.6,7451.0,-1.3648733e+08,-117664.12,1.3636966e+08
915,83826.8,83826.8,83671.6,83685.5,10288.0,-1.3650642e+08,-126109.44,1.363803e+08
916,83677.2,83750.0,83586.7,83735.2,11544.0,-1.3650642e+08,-116657.52,1.3638976e+08
917,83728.8,83728.8,83536.6,83616.9,42094.0,-1.3614798e+08,-123578.8,1.360244e+08
918,83619.0,83698.3,83610.0,83610.6,4024.0,-1.3614798e+08,-127547.96,1.3602043e+08
919,83608.5,83630.5,83587.0,83611.6,4610.0,-1.3615422e+08,-126943.56,1.3602728e+08
920,83615.8,83753.0,83608.5,83696.0,8401.0,-1.3603864e+08,-125170.34,1.3591347e+08
921,83696.0,83808.4,83672.4,83771.7,8045.0,-1.3603864e+08,-121466.72,1.3591717e+08
922,83771.9,83797.2,83687.7,83743.3,7048.0,-1.3603864e+08,-121358.1,1.3591728e+08
923,83749.0,83833.7,83689.7,83817.0,7983.0,-1.3603864e+08,-115227.06,1.3592341e+08
924,83825.4,83826.3,83705.9,83740.7,7670.0,-1.3603864e+08,-118462.586,1.3592018e+08
925,83740.1,83775.0,83627.8,83677.6,7738.0,-1.3629126e+08,-120964.44,1.361703e+08
926,83666.0,83684.1,83608.1,83608.1,5996.0,-1.3629126e+08,-126960.44,1.361643e+08
927,83608.2,83629.2,83549.2,83576.1,6533.0,-1.36762e+08,-129100.25,1.366329e+08
928,83583.8,83622.3,83548.1,83548.2,7330.0,-1.36762e+08,-136410.19,1.3662558e+08
929,83555.1,83706.1,83555.1,83672.0,10687.0,-1.3619642e+08,-130550.25,1.3606587e+08
930,83678.4,84299.9,83579.7,84099.8,48233.0,-1.362731e+08,-109119.695,1.3616398e+08
931,84092.4,84256.8,83848.1,83896.1,20421.0,-1.3636627e+08,-124743.93,1.3624154e+08
932,83897.1,84299.9,83792.0,84270.3,17872.0,-1.3636627e+08,-108955.18,1.3625731e+08
933,84261.5,84293.4,83986.8,84269.2,10392.0,-1.3640022e+08,-100203.336,1.3630002e+08
934,84269.3,84820.2,84269.3,84762.7,44408.0,-1.3640022e+08,-65065.375,1.3633515e+08
935,84762.7,84900.0,84485.0,84890.9,32741.0,-1.8648018e+08,-33760.492,1.8644642e+08
936,84890.9,85001.8,84816.5,84976.8,62131.0,-1.8648018e+08,11605.251,1.8649178e+08
937,84972.3,85140.8,84857.4,84864.4,30059.0,-1.8667099e+08,-16968.822,1.8665402e+08
938,84860.9,84992.7,84711.4,84800.2,12249.0,-1.8545518e+08,-21484.082,1.854337e+08
939,84797.1,85040.4,84796.9,84863.8,11989.0,-1.8545518e+08,-26885.441,1.854283e+08
940,84855.5,85041.6,84700.0,85007.8,10696.0,-1.8545518e+08,-18306.38,1.8543688e+08
941,85007.8,85267.7,85007.8,85169.7,18893.0,-1.8556189e+08,-13660.934,1.8554822e+08
942,85171.3,85279.8,84913.6,85028.8,11743.0,-1.854653e+08,-18015.861,1.8544728e+08
943,85028.8,85028.8,84774.4,84815.3,17450.0,-1.8559691e+08,-29855.154,1.8556706e+08
944,84815.3,84968.6,84772.1,84907.1,9999.0,-1.7133994e+08,-26115.07,1.7131382e+08
945,84917.0,84984.1,84649.0,84660.5,12520.0,-1.7133994e+08,-37775.746,1.7130216e+08
946,84656.3,84699.8,84407.8,84436.5,15972.0,-1.7201517e+08,-50607.703,1.7196456e+08
947,84434.9,84539.6,84235.7,84261.3,11651.0,-1.7201517e+08,-60296.254,1.7195486e+08
948,84265.7,84645.9,84251.6,84645.8,25414.0,-1.721401e+08,-34895.348,1.721052e+08
949,84640.6,84671.3,84374.2,84546.2,8208.0,-1.7266787e+08,-33599.438,1.7263427e+08
950,84534.6,84682.1,84494.5,84649.9,18914.0,-1.7266787e+08,-21178.879,1.7264669e+08
951,84650.6,84986.8,84570.9,84893.5,17548.0,-1.732506e+08,-11503.828,1.7323909e+08
952,84893.4,85162.0,84781.0,85125.8,20141.0,-1.732506e+08,4809.523,1.7325541e+08
953,85141.6,85217.2,85078.1,85179.5,8645.0,-1.7342306e+08,8768.112,1.7343182e+08
954,85179.5,85427.9,85162.8,85400.7,20955.0,-1.7324747e+08,25423.795,1.732729e+08
955,85403.5,85488.7,85308.4,85417.0,8141.0,-1.7362688e+08,27089.81,1.7365397e+08
956,85417.0,85417.0,85030.7,85069.6,20538.0,-1.7362688e+08,10687.987,1.7363757e+08
957,85055.6,85190.8,85055.6,85060.6,6663.0,-1.7362688e+08,4517.8296,1.736314e+08
958,85060.1,85154.7,85000.1,85122.8,11759.0,-1.7388323e+08,11423.249,1.7389466e+08
959,85122.8,85122.8,84836.1,84836.2,16029.0,-1.7310296e+08,-4594.3945,1.7309837e+08
960,84836.2,85103.4,84806.1,84820.4,13616.0,-1.7271402e+08,-16900.82,1.7269712e+08
961,84812.1,84833.6,84582.3,84582.3,12104.0,-1.729619e+08,-29004.82,1.729329e+08
962,84578.1,84628.0,84460.8,84469.8,16158.0,-1.729619e+08,-43423.355,1.7291848e+08
963,84470.8,84551.8,84329.4,84551.7,10543.0,-1.7286e+08,-32889.242,1.728271e+08
964,84556.0,84601.9,84415.7,84555.3,7480.0,-1.7286e+08,-29153.48,1.7283085e+08
965,84539.0,84713.2,84494.4,84632.7,20191.0,-1.7286e+08,-23819.342,1.7283618e+08
966,84632.6,84788.1,84526.3,84670.7,11339.0,-1.7374746e+08,-22649.61,1.737248e+08
967,84670.0,84670.5,84503.8,84520.0,8458.0,-1.7374746e+08,-29463.416,1.73718e+08
968,84520.1,84558.2,84307.6,84440.3,13741.0,-1.7360218e+08,-28652.502,1.7357352e+08
969,84440.3,84502.6,84340.4,84454.2,4812.0,-1.7360218e+08,-26712.127,1.7357546e+08
970,84454.1,84461.6,84317.9,84424.8,8405.0,-1.7360218e+08,-22612.44,1.7357957e+08
971,84424.8,84466.4,84317.9,84428.5,5970.0,-1.7359555e+08,-19689.627,1.7357586e+08
972,84428.5,84469.6,84304.4,84328.8,6193.0,-1.738233e+08,-24053.37,1.7379925e+08
973,84324.6,84341.3,84047.4,84155.2,19509.0,-1.738233e+08,-29250.203,1.7379405e+08
974,84155.2,84252.7,84064.1,84174.1,6456.0,-1.738233e+08,-28175.406,1.7379512e+08
975,84174.1,84294.7,84169.0,84187.5,9896.0,-1.738233e+08,-35158.574,1.7378814e+08
976,84186.0,84243.8,84129.5,84130.9,5068.0,-1.738233e+08,-40102.56,1.737832e+08
977,84124.0,84124.0,83836.9,83943.2,13960.0,-1.738233e+08,-43724.66,1.7377957e+08
978,83943.3,84075.7,83943.3,84063.2,18572.0,-1.738233e+08,-28659.293,1.7379464e+08
979,84067.1,84202.8,84029.6,84184.1,18730.0,-1.738233e+08,-13972.857,1.7380933e+08
980,84184.6,84201.2,83800.1,83860.5,9955.0,-1.7391008e+08,-20929.781,1.7388915e+08
981,83860.4,83911.7,83750.0,83803.1,9483.0,-1.7391008e+08,-24184.55,1.7388589e+08
982,83803.4,84003.3,83686.4,83926.7,14106.0,-1.7217384e+08,-16897.338,1.7215694e+08
983,83936.7,84116.6,83895.2,84063.1,5934.0,-1.7307182e+08,-13831.19,1.73058e+08
984,84063.0,84068.0,83884.0,84056.9,11360.0,-1.7307182e+08,-3841.9922,1.7306798e+08
985,84058.9,84344.3,84000.1,84130.2,22610.0,-1.7313992e+08,-9359.393,1.7313056e+08
986,84143.8,84143.8,83805.5,83890.7,6890.0,-1.7358738e+08,-12778.775,1.735746e+08
987,83898.4,83898.4,83725.7,83767.8,7933.0,-1.7358738e+08,-16844.504,1.7357053e+08
988,83769.1,83833.8,83644.4,83698.6,9021.0,-1.7358738e+08,-20702.143,1.7356667e+08
989,83698.6,83698.6,83592.7,83631.9,7309.0,-1.7358738e+08,-22600.703,1.7356477e+08
990,83628.6,83711.6,83506.1,83646.8,14344.0,-1.7363224e+08,-17303.5,1.7361494e+08
991,83640.5,83826.1,83518.1,83826.1,13397.0,-1.7363224e+08,-3906.5005,1.7362834e+08
992,83826.2,83863.0,83730.3,83806.9,14159.0,-1.7363224e+08,-1719.2158,1.7363053e+08
993,83793.4,83807.0,83529.3,83542.8,39490.0,-1.7363224e+08,-37369.758,1.7359486e+08
994,83541.2,83617.5,83335.1,83363.5,30566.0,-1.7373104e+08,-61788.223,1.7366925e+08
995,83364.5,83410.2,83294.4,83322.6,14210.0,-1.7406558e+08,-69076.805,1.7399651e+08
996,83329.0,83414.6,83195.0,83211.9,12244.0,-1.7440309e+08,-79436.445,1.7432365e+08
997,83211.9,83284.2,83062.6,83228.9,68510.0,-1.743579e+08,-45122.27,1.7431278e+08
998,83244.1,83284.0,83121.4,83169.0,11905.0,-1.748033e+08,-50056.9,1.7475323e+08
999,83175.6,83183.9,82916.8,82937.8,19501.0,-1.750502e+08,-66491.49,1.7498371e+08
1000,82925.6,82963.6,82843.7,82875.6,29655.0,-1.7511222e+08,-80367.336,1.7503186e+08
1001,82876.6,83021.4,82870.1,82967.0,8328.0,-1.7529098e+08,-78027.96,1.7521294e+08
1002,82972.2,83028.8,82784.3,82884.9,14024.0,-1.7529098e+08,-80511.375,1.7521046e+08
1003,82870.4,83052.6,82846.0,83030.4,9470.0,-1.7529098e+08,-73076.83,1.752179e+08
1004,83030.4,83299.0,83030.4,83225.5,16092.0,-1.7541618e+08,-65791.64,1.7535038e+08
1005,83225.5,83375.9,83118.9,83354.1,17205.0,-1.7541618e+08,-51505.047,1.7536467e+08
1006,83346.1,83366.1,83235.0,83327.7,13563.0,-1.7541618e+08,-45887.0,1.7537029e+08
1007,83327.7,83387.0,83234.4,83319.0,10598.0,-1.7541618e+08,-44734.043,1.7537144e+08
1008,83328.2,83367.4,83068.8,83169.0,9307.0,-1.7546187e+08,-47794.656,1.7541408e+08
1009,83191.0,83333.0,83145.0,83262.0,5816.0,-1.7546187e+08,-46371.59,1.754155e+08
1010,83261.8,83261.8,83098.2,83204.9,7128.0,-1.7548651e+08,-44201.875,1.754423e+08
1011,83205.8,83210.9,82950.1,83020.0,10240.0,-1.7548651e+08,-48952.85,1.7543755e+08
1012,83010.3,83025.3,82811.0,82841.7,16781.0,-1.7538206e+08,-60925.297,1.7532114e+08
1013,82845.8,82866.4,82718.4,82830.3,12697.0,-1.754882e+08,-54422.64,1.7543378e+08
1014,82857.7,83147.1,82857.7,83096.5,12846.0,-1.754882e+08,-46068.91,1.7544213e+08
1015,83085.2,83168.2,82984.1,83070.7,10440.0,-1.7565048e+08,-46686.938,1.7560379e+08
1016,83080.9,83200.2,82974.4,83158.8,10932.0,-1.753779e+08,-39764.18,1.7533814e+08
1017,83158.9,83160.0,82927.1,82927.1,5971.0,-1.7553848e+08,-45735.18,1.7549275e+08
1018,82922.4,82988.2,82783.7,82963.5,13592.0,-1.7553848e+08,-35426.945,1.7550306e+08
1019,82965.8,82977.4,82875.1,82922.3,7153.0,-1.7553848e+08,-35979.78,1.755025e+08
1020,82922.3,83030.4,82889.2,82941.3,11976.0,-1.7553848e+08,-39118.734,1.7549936e+08
1021,82950.1,83099.9,82902.3,83002.0,9003.0,-1.7553848e+08,-39036.51,1.7549944e+08
1022,82996.5,83020.0,82769.9,82843.9,19729.0,-1.7509485e+08,-47090.688,1.7504776e+08
1023,82843.8,82883.9,82707.7,82783.4,17817.0,-1.7509485e+08,-49598.953,1.7504525e+08
1024,82762.5,82762.5,82445.9,82450.1,38999.0,-1.7509485e+08,-87562.47,1.7500728e+08
1025,82457.3,82604.0,82310.6,82464.0,20183.0,-1.755351e+08,-86640.79,1.7544846e+08
1026,82463.2,82533.3,82345.6,82498.0,12211.0,-1.7561448e+08,-79022.445,1.7553546e+08
1027,82490.7,82738.0,82431.8,82664.8,11469.0,-1.7561448e+08,-73037.17,1.7554144e+08
1028,82683.2,83082.3,82666.0,82839.8,14730.0,-1.7553733e+08,-75468.12,1.7546186e+08
1029,82843.1,82933.7,82700.1,82887.1,6414.0,-1.7553733e+08,-71613.195,1.7546571e+08
1030,82888.2,82990.1,82829.2,82875.8,8653.0,-1.753451e+08,-75254.64,1.7526986e+08
1031,82888.0,82961.2,82739.9,82799.9,10151.0,-1.753451e+08,-79901.375,1.752652e+08
1032,82820.8,82825.6,82633.4,82714.6,15778.0,-1.753451e+08,-82347.41,1.7526275e+08
1033,82715.6,82988.3,82715.6,82955.1,9882.0,-1.7504654e+08,-74871.29,1.7497168e+08
1034,82963.1,82967.7,82783.6,82919.9,7372.0,-1.7504654e+08,-71327.79,1.7497522e+08
1035,82913.9,82927.3,82831.9,82909.1,4950.0,-1.7504654e+08,-68266.01,1.7497827e+08
1036,82910.5,82960.7,82740.6,82909.9,8216.0,-1.7521774e+08,-63842.906,1.751539e+08
1037,82921.7,83124.8,82802.1,82885.1,10440.0,-1.7546302e+08,-68912.39,1.7539411e+08
1038,82885.2,82910.2,82579.6,82602.9,8948.0,-1.7553533e+08,-76599.3,1.7545874e+08
1039,82597.0,82746.2,82551.9,82745.7,6251.0,-1.7553533e+08,-70380.46,1.7546494e+08
1040,82746.0,82972.1,82713.0,82924.8,8474.0,-1.7553533e+08,-65000.695,1.7547032e+08
1041,82931.2,83200.3,82842.8,83181.5,11690.0,-1.7553533e+08,-54539.984,1.7548078e+08
1042,83169.5,83271.3,82972.3,82976.7,31206.0,-1.7558267e+08,-84826.24,1.7549784e+08
1043,82981.4,83032.6,82853.1,82971.3,13061.0,-1.7558267e+08,-80686.695,1.7550198e+08
1044,82965.3,83145.1,82965.3,83098.3,9214.0,-1.7558267e+08,-76269.664,1.755064e+08
1045,83087.7,83197.7,82994.5,83182.7,6665.0,-1.7558267e+08,-70588.65,1.7551208e+08
1046,83178.7,83229.1,83127.5,83133.0,7498.0,-1.7558267e+08,-77274.875,1.7550539e+08
1047,83128.0,83223.0,83102.7,83174.7,5256.0,-1.7567518e+08,-76239.24,1.7559894e+08
1048,83174.6,83307.3,83072.9,83184.5,35632.0,-1.7532437e+08,-77941.09,1.7524643e+08
1049,83184.6,83284.5,83088.8,83284.5,6360.0,-1.7555394e+08,-71581.09,1.7548235e+08
1050,83272.9,83346.8,83179.9,83179.9,13760.0,-1.7555394e+08,-85341.09,1.7546859e+08
1051,83179.7,83184.8,83045.7,83052.5,4461.0,-1.7573574e+08,-89366.11,1.7564638e+08
1052,83052.4,83146.3,82935.9,83116.1,10939.0,-1.7607795e+08,-81566.93,1.7599638e+08
1053,83100.4,83247.2,83088.1,83180.9,7460.0,-1.7579141e+08,-80324.76,1.7571109e+08
1054,83176.7,83247.2,83113.7,83113.7,4538.0,-1.7579141e+08,-84862.76,1.7570654e+08
1055,83112.5,83218.2,83097.6,83143.2,4559.0,-1.7470371e+08,-85974.086,1.7461774e+08
1056,83147.8,83445.2,83122.1,83399.3,9186.0,-1.7466515e+08,-79398.375,1.7458576e+08
1057,83393.7,83643.2,83384.8,83617.9,18477.0,-1.7483894e+08,-64540.133,1.747744e+08
1058,83616.3,83796.2,83572.4,83765.2,20164.0,-1.7521622e+08,-49962.11,1.7516626e+08
1059,83761.1,83769.4,83530.7,83549.3,9553.0,-1.7519277e+08,-58026.8,1.7513474e+08
1060,83552.4,83699.9,83552.4,83664.0,8323.0,-1.7519277e+08,-53755.094,1.75139e+08
1061,83663.9,83696.4,83552.1,83583.8,8161.0,-1.7537058e+08,-58330.91,1.7531224e+08
1062,83581.5,83617.6,83483.5,83502.9,9247.0,-1.7774694e+08,-64902.664,1.7768205e+08
1063,83498.6,83528.3,83410.5,83410.5,6310.0,-1.7774694e+08,-71212.664,1.7767573e+08
1064,83419.0,83419.1,83243.2,83355.1,44546.0,-1.7753518e+08,-59082.46,1.774761e+08
1065,83365.5,83365.5,83137.7,83245.0,10509.0,-1.8048851e+08,-59691.562,1.8042882e+08
1066,83244.9,83472.3,83217.3,83376.4,11346.0,-1.8058224e+08,-56879.395,1.8052536e+08
1067,83379.7,83599.9,83379.7,83593.4,5674.0,-1.806391e+08,-51540.38,1.8058757e+08
1068,83593.4,83810.5,83593.4,83773.3,12094.0,-1.8078466e+08,-43591.3,1.8074107e+08
1069,83778.5,83884.0,83778.5,83853.8,8720.0,-1.8078466e+08,-39864.12,1.8074478e+08
1070,83856.0,83932.0,83741.5,83919.5,6771.0,-1.8039998e+08,-33981.703,1.80366e+08
1071,83916.6,84107.5,83916.6,84096.0,22793.0,-1.8236613e+08,-13934.871,1.823522e+08
1072,84094.0,84469.1,84059.2,84469.1,44748.0,-1.8245362e+08,30813.129,1.8248443e+08
1073,84469.1,84537.4,84331.0,84471.8,17837.0,-1.8245362e+08,37311.523,1.8249093e+08
1074,84468.2,84514.9,84353.3,84407.5,7191.0,-1.8245362e+08,34944.42,1.8248856e+08
1075,84405.0,84594.4,84400.8,84531.8,17853.0,-1.8245362e+08,41251.797,1.8249486e+08
1076,84531.8,84779.9,84531.8,84728.3,10834.0,-1.8272738e+08,47579.164,1.8277496e+08
1077,84726.2,84730.2,84553.1,84639.2,8104.0,-1.8272738e+08,47355.016,1.8277474e+08
1078,84645.4,84843.4,84645.4,84788.6,6836.0,-1.8272738e+08,50407.26,1.8277778e+08
1079,84802.4,84937.8,84788.9,84921.0,9863.0,-1.8252749e+08,58045.02,1.8258554e+08
1080,84921.0,84963.5,84713.3,84825.4,29305.0,-1.8252749e+08,54999.773,1.8258248e+08
1081,84825.4,84832.5,84578.6,84643.4,31444.0,-1.8252749e+08,39605.285,1.8256709e+08
1082,84648.7,84856.0,84635.0,84707.8,12198.0,-1.8266117e+08,35443.27,1.826966e+08
1083,84713.1,84934.3,84713.1,84924.9,22912.0,-1.8266117e+08,56408.24,1.8271758e+08
1084,84924.9,85000.0,84870.7,84992.2,7445.0,-1.8266117e+08,62955.34,1.8272413e+08
1085,84988.3,85033.8,84865.2,84981.3,7177.0,-1.8282363e+08,65662.516,1.828893e+08
1086,84981.5,85175.3,84981.5,85131.6,10751.0,-1.8282363e+08,71565.47,1.828952e+08
1087,85132.1,85495.4,85088.0,85405.6,32002.0,-1.8300771e+08,89460.0,1.8309717e+08
1088,85414.1,85414.1,85208.4,85305.7,15830.0,-1.8300771e+08,88606.27,1.8309632e+08
1089,85305.7,85471.1,85301.4,85384.0,5496.0,-1.8300771e+08,88460.54,1.8309618e+08
1090,85383.9,85383.9,85109.7,85229.7,15122.0,-1.8318749e+08,86574.65,1.8327406e+08
1091,85228.3,85329.5,85143.0,85234.0,10143.0,-1.8318749e+08,86329.914,1.8327382e+08
1092,85242.4,85311.9,85073.9,85155.1,14359.0,-1.8350046e+08,81769.195,1.8358224e+08
1093,85166.3,85242.2,85024.3,85132.6,10146.0,-1.8368266e+08,81708.81,1.8376437e+08
1094,85162.9,85233.7,85104.3,85130.0,9191.0,-1.839462e+08,76168.91,1.8402238e+08
1095,85131.1,85316.6,85120.1,85194.0,7822.0,-1.8400989e+08,74230.2,1.8408411e+08
1096,85201.8,85285.2,85079.0,85131.4,8329.0,-1.8402453e+08,70134.18,1.8409466e+08
1097,85160.4,85295.5,84984.1,85144.8,17961.0,-1.8402453e+08,70710.516,1.8409523e+08
1098,85144.8,85407.8,85127.1,85361.0,17528.0,-1.8402453e+08,82394.06,1.8410693e+08
1099,85361.0,85448.1,85123.2,85123.2,8249.0,-1.8402453e+08,74145.06,1.8409867e+08
1100,85123.2,85130.6,84951.8,85037.8,10494.0,-1.8402453e+08,73745.695,1.8409827e+08
1101,85042.0,85250.6,85016.8,85054.9,12391.0,-1.8402453e+08,65393.246,1.8408992e+08
1102,85063.5,85277.3,85063.5,85188.7,10834.0,-1.840012e+08,67248.4,1.8406845e+08
1103,85187.8,85337.9,85118.3,85337.9,10198.0,-1.8399802e+08,77446.4,1.8407546e+08
1104,85346.5,85444.5,85329.2,85392.6,13602.0,-1.8399802e+08,78803.1,1.8407682e+08
1105,85393.9,85561.9,85319.7,85418.8,11914.0,-1.8361552e+08,76638.28,1.8369216e+08
1106,85417.8,85429.4,85300.1,85300.4,8748.0,-1.8385738e+08,67930.45,1.8392531e+08
1107,85300.0,85300.0,85090.5,85152.2,6980.0,-1.8385738e+08,65062.03,1.8392243e+08
1108,85153.2,85165.3,85047.3,85085.0,10597.0,-1.8389339e+08,61236.895,1.8395462e+08
1109,85085.0,85226.7,85085.0,85199.7,8634.0,-1.8448939e+08,66580.664,1.8455597e+08
1110,85195.7,85336.2,85195.7,85319.5,6052.0,-1.8448939e+08,71193.695,1.8456059e+08
1111,85325.4,85429.3,85285.5,85289.7,7594.0,-1.8448939e+08,64043.637,1.8455344e+08
1112,85285.6,85346.4,85205.0,85346.4,5640.0,-2.0158614e+08,69683.64,2.0165582e+08
1113,85342.2,85423.8,85333.7,85423.7,8240.0,-2.0158614e+08,77906.49,2.0166405e+08
1114,85410.8,85471.1,85387.4,85430.1,7198.0,-2.027711e+08,78052.945,2.0284915e+08
1115,85426.0,85471.1,85315.3,85394.0,5488.0,-2.0284707e+08,78109.36,2.0292518e+08
1116,85397.6,85463.6,85352.0,85463.6,7635.0,-2.0279744e+08,85744.36,2.0288318e+08
1117,85471.1,85471.1,85238.8,85252.8,8913.0,-2.0286035e+08,77905.66,2.0293826e+08
1118,85247.5,85285.1,85058.4,85130.4,12347.0,-2.0286035e+08,73401.375,2.0293376e+08
1119,85139.0,85276.5,85129.6,85169.9,15130.0,-2.0334261e+08,66572.234,2.0340918e+08
1120,85181.6,85200.2,85075.3,85088.0,8698.0,-2.0334261e+08,59643.426,2.0340226e+08
1121,85088.0,85200.0,84990.6,85200.0,18433.0,-2.0342843e+08,78076.43,2.0350651e+08
1122,85200.0,85268.6,85181.8,85237.4,5815.0,-2.0308152e+08,79710.87,2.0316123e+08
1123,85240.1,85268.1,85166.9,85205.4,5931.0,-2.0308152e+08,78292.445,2.031598e+08
1124,85198.0,85198.4,85125.6,85172.6,3847.0,-2.0272917e+08,79412.94,2.0280858e+08
1125,85173.4,85384.5,85173.4,85335.4,18953.0,-2.0118152e+08,89549.12,2.0127107e+08
1126,85343.1,85349.8,85102.7,85181.6,8900.0,-2.013547e+08,86332.76,2.0144104e+08
1127,85186.6,85246.2,85127.0,85230.2,5599.0,-2.013547e+08,90428.71,2.0144514e+08
1128,85224.5,85288.6,85170.3,85281.0,4742.0,-2.0267146e+08,94561.33,2.0276602e+08
1129,85281.0,85355.8,85279.4,85318.8,9746.0,-2.0631878e+08,94867.29,2.0641365e+08
1130,85318.7,85318.7,85180.9,85189.8,5384.0,-2.0631878e+08,90178.61,2.0640896e+08
1131,85183.3,85269.7,85161.6,85223.7,6086.0,-2.0631878e+08,91085.11,2.0640987e+08
1132,85222.7,85222.7,85020.0,85020.0,7734.0,-2.0631878e+08,83351.11,2.0640213e+08
1133,85006.4,85052.3,84906.1,84906.1,7145.0,-2.0631878e+08,76206.11,2.0639499e+08
1134,84905.8,84951.2,84779.9,84868.0,12524.0,-2.0631878e+08,76564.234,2.0639534e+08
1135,84860.9,85071.5,84860.9,84990.3,8568.0,-2.0627838e+08,78524.984,2.0635691e+08
1136,84988.0,84988.0,84879.2,84910.6,8412.0,-2.0627838e+08,74968.34,2.0635336e+08
1137,84910.7,84992.1,84867.1,84961.3,5568.0,-2.0627838e+08,77792.016,2.0635618e+08
1138,84957.2,85017.6,84882.3,84901.1,4003.0,-2.0719774e+08,74901.69,2.0727264e+08
1139,84897.8,84949.5,84831.7,84855.1,9828.0,-2.0743538e+08,68978.03,2.0750435e+08
1140,84871.0,84949.6,84782.5,84790.1,4940.0,-2.0743538e+08,64487.48,2.0749986e+08
1141,84788.3,84808.4,84700.0,84751.4,8883.0,-2.0754237e+08,64028.445,2.076064e+08
1142,84754.7,84754.7,84570.5,84612.5,12330.0,-2.074849e+08,57321.152,2.0754222e+08
1143,84604.1,84637.0,84327.4,84423.9,40936.0,-2.074849e+08,41903.914,2.075268e+08
1144,84420.7,84420.7,84208.6,84229.8,10888.0,-2.0803253e+08,33191.99,2.0806571e+08
1145,84229.8,84290.6,84004.7,84024.3,17100.0,-2.0803253e+08,18435.85,2.0805096e+08
1146,84012.6,84258.9,83913.9,84150.8,11053.0,-2.0978347e+08,22562.203,2.0980603e+08
1147,84150.8,84159.2,83900.0,83998.3,31858.0,-2.0978347e+08,14867.044,2.0979834e+08
1148,83998.4,84009.6,83758.2,83909.4,21347.0,-2.0978347e+08,19196.943,2.0980267e+08
1149,83909.5,84162.2,83873.9,84122.5,18923.0,-2.0981486e+08,32908.082,2.0984778e+08
1150,84122.4,84122.4,83911.3,83937.3,10531.0,-2.0976443e+08,24971.15,2.097894e+08
1151,83951.5,84061.3,83783.2,83928.5,11695.0,-2.1002515e+08,25496.828,2.1005066e+08
1152,83934.7,83934.7,83774.4,83783.4,7850.0,-2.1002515e+08,18528.273,2.1004368e+08
1153,83792.7,83857.4,83586.1,83627.4,36647.0,-2.1002515e+08,-6961.896,2.1001819e+08
1154,83623.2,83674.0,83547.0,83663.7,8006.0,-2.1002515e+08,-254.11302,2.100249e+08
1155,83660.6,83695.7,83545.4,83676.7,7245.0,-2.1003949e+08,5159.2075,2.1004464e+08
1156,83682.7,83777.7,83607.0,83716.5,13175.0,-2.10041e+08,8886.798,2.1004987e+08
1157,83715.4,83715.4,83408.4,83449.0,20753.0,-2.10041e+08,-6376.924,2.1003461e+08
1158,83446.0,83498.2,83387.0,83480.7,13874.0,-2.10041e+08,3130.3826,2.1004413e+08
1159,83493.3,83525.2,83452.6,83455.1,6233.0,-2.1004957e+08,-2673.3567,2.100469e+08
1160,83471.8,83471.8,83291.7,83334.0,12585.0,-2.1004957e+08,-9346.923,2.1004022e+08
1161,83342.4,83617.9,83325.6,83576.7,11625.0,-2.09996e+08,-998.6974,2.09995e+08
1162,83584.9,83594.5,83415.2,83489.9,7671.0,-2.09996e+08,-2278.2002,2.0999373e+08
1163,83460.4,83604.4,83436.0,83525.7,6586.0,-2.0984888e+08,-1847.6887,2.0984704e+08
1164,83525.8,83653.4,83477.7,83620.6,9151.0,-2.0984888e+08,3886.8945,2.0985277e+08
1165,83629.0,83964.9,83580.7,83882.4,25524.0,-2.0985914e+08,18449.127,2.0987758e+08
1166,83890.1,83915.8,83752.2,83793.9,9105.0,-2.0985914e+08,13985.328,2.0987312e+08
1167,83798.6,83938.7,83798.5,83880.9,12169.0,-2.0984802e+08,16119.955,2.0986413e+08
1168,83881.0,84189.7,83881.0,84072.7,17582.0,-2.0986552e+08,20374.627,2.0988589e+08
1169,84072.6,84110.0,83977.5,84070.0,8548.0,-2.0986531e+08,23761.57,2.0988907e+08
1170,84066.4,84172.1,83973.2,84144.1,11358.0,-2.098687e+08,31921.717,2.0990062e+08
1171,84139.7,84290.6,84139.7,84254.7,9421.0,-2.098544e+08,36860.242,2.0989126e+08
1172,84258.5,84413.2,84225.4,84413.2,12062.0,-2.098544e+08,48922.242,2.0990333e+08
1173,84413.2,84433.4,84171.6,84195.6,15662.0,-2.098544e+08,36131.844,2.0989053e+08
1174,84200.2,84304.5,84200.2,84296.3,3366.0,-2.098544e+08,38968.36,2.0989338e+08
1175,84296.4,84338.8,84269.6,84338.8,8487.0,-2.0982573e+08,47455.36,2.0987318e+08
1176,84347.4,84581.3,84347.4,84485.4,12701.0,-2.0982573e+08,49741.53,2.0987547e+08
1177,84487.4,84546.4,84484.0,84509.9,5394.0,-2.0982573e+08,48825.086,2.0987456e+08
1178,84509.9,84590.6,84498.0,84536.8,6268.0,-2.0982573e+08,47809.24,2.0987354e+08
1179,84533.6,84566.9,84485.3,84517.0,5349.0,-2.0982573e+08,46616.53,2.0987235e+08
1180,84524.8,84553.9,84337.7,84382.3,14614.0,-2.0923826e+08,38031.273,2.0927629e+08
1181,84392.1,84400.7,84168.8,84349.4,33939.0,-2.0924398e+08,56953.605,2.0930094e+08
1182,84365.0,84388.0,84278.7,84349.9,6606.0,-2.0924398e+08,58953.82,2.0930294e+08
1183,84345.6,84472.3,84345.6,84462.4,5434.0,-2.0922795e+08,63538.727,2.0929149e+08
1184,84465.5,84531.8,84428.4,84529.1,16535.0,-2.0922795e+08,79211.68,2.0930717e+08
1185,84532.3,84587.4,84397.0,84448.4,7372.0,-2.0923434e+08,75819.85,2.0931016e+08
1186,84452.6,84506.9,84426.9,84432.8,6998.0,-2.0923434e+08,69853.79,2.093042e+08
1187,84436.5,84559.0,84403.6,84559.0,5150.0,-2.0925232e+08,75003.79,2.0932733e+08
1188,84559.0,85041.7,84547.6,84927.3,23950.0,-2.0925232e+08,87862.83,2.0934018e+08
1189,84929.4,85082.1,84766.9,84804.0,12416.0,-2.0926278e+08,78369.73,2.0934115e+08
1190,84803.0,85016.3,84803.0,84878.2,11871.0,-2.0926278e+08,74869.56,2.0933765e+08
1191,84877.0,84977.4,84773.4,84844.7,7295.0,-2.0914077e+08,72674.24,2.0921344e+08
1192,84851.2,84856.0,84676.1,84707.5,12813.0,-2.0914256e+08,64333.855,2.092069e+08
1193,84720.3,84870.1,84720.3,84795.0,5609.0,-2.0915464e+08,64318.938,2.0921896e+08
1194,84777.9,84777.9,84558.1,84683.4,7423.0,-2.0915464e+08,65359.01,2.0922e+08
1195,84666.5,84714.0,84598.9,84711.8,5164.0,-2.0915464e+08,70325.33,2.0922496e+08
1196,84707.5,84745.1,84601.9,84646.0,5867.0,-2.0900808e+08,68071.99,2.0907614e+08
1197,84645.3,84657.8,84504.9,84595.3,6202.0,-2.0902664e+08,69203.63,2.0909584e+08
1198,84584.1,84642.0,84556.9,84621.6,3858.0,-2.0902664e+08,71212.14,2.0909786e+08
1199,84612.8,84636.4,84562.6,84574.1,6899.0,-2.0938165e+08,66463.33,2.0944811e+08
1200,84579.3,84653.4,84561.3,84595.8,4130.0,-2.0896848e+08,65427.414,2.090339e+08
1201,84601.0,84657.3,84428.3,84428.3,6261.0,-2.0896856e+08,59166.414,2.0902773e+08
1202,84432.6,84573.7,84432.6,84560.2,7631.0,-2.0898106e+08,65337.21,2.090464e+08
1203,84547.6,84699.9,84523.2,84684.8,5995.0,-2.1065312e+08,70307.46,2.1072342e+08
1204,84689.0,84767.0,84628.4,84749.9,10380.0,-2.1065312e+08,78125.96,2.1073125e+08
1205,84752.5,84798.4,84665.3,84666.3,4803.0,-2.1065339e+08,73395.13,2.1072678e+08
1206,84668.5,84668.5,84573.8,84594.9,4486.0,-2.10658e+08,70908.26,2.1072891e+08
1207,84603.5,84632.9,84568.0,84579.0,5117.0,-2.10658e+08,67525.875,2.1072552e+08
1208,84574.0,84622.8,84543.6,84622.8,4226.0,-2.10658e+08,71751.875,2.1072974e+08
1209,84622.8,84838.7,84622.8,84818.8,6063.0,-2.10658e+08,76696.875,2.107347e+08
1210,84823.0,84893.5,84713.3,84753.6,5369.0,-2.10658e+08,73729.56,2.1073173e+08
1211,84753.5,84787.4,84651.2,84735.2,7993.0,-2.10658e+08,75596.11,2.107336e+08
1212,84736.2,84751.3,84611.1,84628.1,3401.0,-2.1066971e+08,73019.914,2.1074274e+08
1213,84619.0,84619.0,84500.1,84528.5,5541.0,-2.1067083e+08,70125.805,2.1074096e+08
1214,84515.0,84601.6,84491.5,84564.8,4341.0,-2.1066741e+08,71564.59,2.1073898e+08
1215,84560.6,84560.6,84477.0,84550.4,4307.0,-2.1066741e+08,74820.3,2.1074222e+08
1216,84559.1,84682.5,84556.3,84682.5,3839.0,-2.1066803e+08,78659.3,2.1074669e+08
1217,84686.6,84718.5,84635.9,84718.5,4857.0,-2.1066803e+08,83516.3,2.1075155e+08
1218,84709.0,84710.8,84545.8,84555.3,3550.0,-2.1066803e+08,80375.086,2.107484e+08
1219,84571.0,84762.2,84567.1,84759.5,4013.0,-2.1067453e+08,84276.89,2.107588e+08
1220,84759.5,84912.6,84702.4,84889.8,5755.0,-2.1041312e+08,88783.18,2.105019e+08
1221,84896.8,84968.5,84896.8,84961.3,5503.0,-2.1041312e+08,93180.55,2.105063e+08
1222,84960.5,85023.8,84845.7,84852.6,7672.0,-2.1041312e+08,86102.89,2.1049922e+08
1223,84871.0,84892.0,84759.8,84883.9,8826.0,-2.104266e+08,93847.16,2.1052043e+08
1224,84884.9,84952.4,84811.6,84914.5,4672.0,-2.104437e+08,96004.02,2.105397e+08
1225,84901.7,85024.2,84901.7,84973.7,4123.0,-2.104437e+08,96727.65,2.1054042e+08
1226,84970.0,85009.0,84947.1,84955.7,3577.0,-2.104437e+08,94144.79,2.1053784e+08
1227,84969.0,84973.7,84936.4,84937.4,2647.0,-2.104437e+08,91639.7,2.1053533e+08
1228,84937.3,84937.3,84827.7,84882.3,4596.0,-2.104437e+08,91622.664,2.1053531e+08
1229,84882.2,84925.0,84868.6,84895.3,4052.0,-2.104437e+08,91406.57,2.105351e+08
1230,84895.3,84998.5,84866.9,84877.4,5019.0,-2.104437e+08,87188.46,2.1053088e+08
1231,84888.3,84905.0,84702.6,84719.9,7820.0,-2.104437e+08,80705.05,2.105244e+08
1232,84719.9,84799.6,84676.5,84744.1,7162.0,-2.10019e+08,81409.11,2.1010042e+08
1233,84742.8,84769.3,84649.4,84658.7,5654.0,-2.1001203e+08,76632.664,2.1008867e+08
1234,84647.0,84680.1,84620.4,84639.7,3991.0,-2.1001203e+08,75222.6,2.1008725e+08
1235,84639.8,84730.1,84639.8,84730.1,6066.0,-2.1001238e+08,81288.6,2.1009368e+08
1236,84732.8,84841.4,84732.8,84758.0,4764.0,-2.0999226e+08,78735.766,2.1007099e+08
1237,84757.9,84819.6,84709.7,84816.7,4422.0,-2.099907e+08,82924.516,2.1007363e+08
1238,84819.6,84872.1,84814.6,84855.0,3554.0,-2.099907e+08,84364.46,2.1007507e+08
1239,84850.0,84855.7,84745.7,84745.7,4365.0,-2.099907e+08,79999.46,2.100707e+08
1240,84744.6,84772.2,84679.9,84681.8,6231.0,-2.099907e+08,74024.77,2.1006474e+08
1241,84682.2,84696.8,84600.0,84659.2,4135.0,-2.099907e+08,74947.88,2.1006565e+08
1242,84666.3,84700.8,84633.6,84657.1,4495.0,-2.099907e+08,73596.93,2.100643e+08
1243,84657.4,84657.4,84437.4,84445.4,12001.0,-2.099907e+08,62468.73,2.1005317e+08
1244,84445.5,84470.5,84350.9,84440.0,5845.0,-2.099907e+08,65332.625,2.1005603e+08
1245,84447.1,84447.3,84342.6,84383.2,10287.0,-2.099907e+08,63024.363,2.1005373e+08
1246,84378.9,84403.2,84241.3,84274.8,6575.0,-2.099907e+08,59170.227,2.1004987e+08
1247,84270.6,84367.3,84225.5,84367.2,6615.0,-2.0995298e+08,65776.48,2.1001875e+08
1248,84367.2,84430.8,84293.0,84388.3,8113.0,-2.0995298e+08,68884.98,2.1002186e+08
1249,84388.2,84442.1,84332.8,84377.2,4869.0,-2.0996118e+08,67972.15,2.1002915e+08
1250,84369.0,84404.5,84304.8,84324.8,6715.0,-2.0996246e+08,63951.145,2.1002642e+08
1251,84316.3,84316.3,84249.3,84256.0,5524.0,-2.0996677e+08,59532.46,2.100263e+08
1252,84250.1,84307.1,84178.8,84238.0,9858.0,-2.0997298e+08,58771.938,2.1003174e+08
1253,84240.4,84240.4,84116.7,84120.3,4542.0,-2.0997298e+08,54493.855,2.1002747e+08
1254,84117.0,84193.2,84063.2,84170.8,5030.0,-2.0997298e+08,57789.957,2.1003077e+08
1255,84176.1,84361.3,84176.1,84345.3,4132.0,-2.0999875e+08,61207.984,2.1005995e+08
1256,84345.3,84359.7,84245.5,84254.0,5754.0,-2.0999253e+08,56310.51,2.1004883e+08
1257,84254.1,84266.7,84165.4,84204.8,2063.0,-2.0999253e+08,55852.156,2.1004838e+08
1258,84226.0,84268.1,84196.0,84207.2,3810.0,-2.0986904e+08,53226.152,2.0992227e+08
1259,84188.2,84224.2,84179.5,84209.9,3738.0,-2.0988984e+08,54571.883,2.0994442e+08
1260,84202.7,84268.2,84175.1,84237.9,6033.0,-2.0884403e+08,56677.383,2.089007e+08
1261,84234.1,84366.1,84194.6,84335.2,5805.0,-2.0887118e+08,60390.656,2.0893157e+08
1262,84335.2,84340.4,84206.4,84239.7,8218.0,-2.0887118e+08,56257.703,2.0892744e+08
1263,84239.6,84345.5,84214.1,84315.6,7880.0,-2.0887118e+08,60551.668,2.0893173e+08
1264,84320.8,84320.8,84181.8,84186.3,3710.0,-2.0886574e+08,57081.883,2.0892283e+08
1265,84182.0,84194.1,84034.7,84063.0,19380.0,-2.089759e+08,44582.67,2.0902048e+08
1266,84063.1,84101.4,84000.2,84000.2,12074.0,-2.0843571e+08,32508.67,2.0846822e+08
1267,84000.0,84074.3,83904.3,83904.3,9397.0,-2.0842374e+08,23111.67,2.0844685e+08
1268,83900.0,83929.4,83857.1,83916.3,8282.0,-2.0840056e+08,28391.96,2.0842894e+08
1269,83933.1,83933.1,83883.7,83920.2,6761.0,-2.0840056e+08,31622.229,2.0843218e+08
1270,83919.3,84011.8,83919.3,84011.8,17995.0,-2.0836909e+08,49617.227,2.084187e+08
1271,84011.9,84094.0,84011.9,84092.7,4472.0,-2.0837283e+08,53947.95,2.0842678e+08
1272,84092.6,84344.8,84090.7,84217.9,10984.0,-2.0838336e+08,53960.78,2.0843733e+08
1273,84214.3,84214.3,84078.0,84117.3,6081.0,-2.0863328e+08,51386.31,2.0868467e+08
1274,84121.5,84198.6,84121.5,84192.3,3944.0,-2.0863662e+08,54685.297,2.0869131e+08
1275,84207.3,84212.4,84004.8,84004.8,13441.0,-2.0862162e+08,41244.297,2.0866286e+08
1276,83992.1,83996.7,83929.0,83961.3,6353.0,-2.0857277e+08,40952.523,2.0861373e+08
1277,83966.4,83971.6,83877.7,83931.0,4186.0,-2.0858139e+08,41518.484,2.0862291e+08
1278,83914.8,83940.5,83848.1,83859.0,4120.0,-2.0875776e+08,38370.395,2.0879613e+08
1279,83850.6,83892.0,83769.8,83826.0,7933.0,-2.0875776e+08,37734.418,2.0879549e+08
1280,83822.0,83848.0,83750.0,83818.8,6358.0,-2.0902766e+08,40303.16,2.0906797e+08
1281,83820.1,83849.7,83779.1,83828.8,7407.0,-2.0908067e+08,43323.5,2.09124e+08
1282,83828.6,83891.3,83780.3,83853.9,7302.0,-2.0908067e+08,45705.08,2.0912638e+08
1283,83843.7,83866.5,83708.9,83713.4,5583.0,-2.0909659e+08,40440.902,2.0913704e+08
1284,83713.3,83713.3,83641.8,83693.4,6586.0,-2.0519368e+08,43361.137,2.0523704e+08
1285,83700.0,83852.0,83700.0,83848.3,8200.0,-2.0519368e+08,51161.59,2.0524485e+08
1286,83855.8,83905.9,83831.3,83862.8,3187.0,-2.0519368e+08,50665.965,2.0524435e+08
1287,83872.8,83872.9,83650.6,83650.6,4158.0,-2.0522802e+08,46507.965,2.0527453e+08
1288,83650.5,83652.1,83588.0,83647.7,5952.0,-2.052321e+08,51643.152,2.0528374e+08
1289,83645.7,83645.7,83500.1,83538.1,5771.0,-2.0528982e+08,48884.457,2.053387e+08
1290,83535.1,83580.0,83469.8,83503.7,7573.0,-2.0524571e+08,45971.434,2.0529168e+08
1291,83513.7,83580.8,83482.9,83560.0,4075.0,-2.0524571e+08,48315.1,2.0529403e+08
1292,83558.1,83583.9,83455.7,83472.6,4779.0,-2.0523275e+08,44796.02,2.0527755e+08
1293,83475.7,83697.7,83460.8,83697.7,7239.0,-2.0523275e+08,52035.02,2.0528478e+08
1294,83699.2,83728.7,83561.3,83568.8,3836.0,-2.0523275e+08,48542.734,2.052813e+08
1295,83575.0,83868.0,83575.0,83768.7,8085.0,-2.0523275e+08,51147.766,2.052839e+08
1296,83759.3,83801.6,83697.5,83736.2,8254.0,-2.0523778e+08,49031.15,2.052868e+08
1297,83733.7,83895.9,83695.4,83895.1,5175.0,-2.0523778e+08,54165.01,2.0529194e+08
1298,83895.1,84172.5,83887.2,84172.5,15440.0,-2.0524776e+08,69605.016,2.0531736e+08
1299,84172.5,84198.5,84014.1,84014.1,18881.0,-2.0524776e+08,50724.01,2.0529848e+08
1300,83997.4,84091.5,83936.3,84091.5,5203.0,-2.0524776e+08,55927.01,2.0530368e+08
1301,84094.7,84191.0,84042.3,84116.6,5684.0,-2.0523838e+08,55923.43,2.052943e+08
1302,84106.1,84192.9,84071.6,84071.6,3578.0,-2.0523838e+08,52345.43,2.0529074e+08
1303,84067.3,84262.1,84000.0,84188.2,5813.0,-2.0523838e+08,54880.527,2.0529326e+08
1304,84184.0,84268.3,84160.8,84247.8,6726.0,-2.052565e+08,59041.26,2.0531554e+08
1305,84253.9,84347.9,84232.0,84289.8,12553.0,-2.052565e+08,59008.26,2.053155e+08
1306,84291.0,84482.7,84288.8,84477.0,6928.0,-2.052565e+08,65528.734,2.0532203e+08
1307,84474.3,84572.8,84359.7,84463.5,12104.0,-2.0533115e+08,65216.324,2.0539637e+08
1308,84491.5,84593.8,84445.5,84593.8,5926.0,-2.023343e+08,71142.33,2.0240544e+08
1309,84594.3,84657.3,84538.5,84556.0,6393.0,-2.023293e+08,66632.836,2.0239594e+08
1310,84561.0,84644.8,84352.5,84355.3,17323.0,-2.023843e+08,49641.348,2.0243395e+08
1311,84363.8,84549.6,84358.7,84520.5,3899.0,-2.0231398e+08,52351.582,2.0236634e+08
1312,84505.5,84545.4,84432.1,84432.1,5541.0,-2.0188696e+08,46810.582,2.0193378e+08
1313,84428.9,84500.3,84385.7,84385.7,5566.0,-2.0179277e+08,41244.582,2.0183402e+08
1314,84385.6,84501.2,84352.7,84491.3,7929.0,-2.0181611e+08,48115.715,2.0186422e+08
1315,84491.4,84517.3,84240.4,84367.0,27198.0,-2.0181611e+08,45788.27,2.018619e+08
1316,84371.1,84579.1,84371.1,84566.3,16838.0,-2.0179616e+08,60553.145,2.0185672e+08
1317,84566.3,84657.5,84500.1,84637.2,28911.0,-2.0179499e+08,82007.87,2.01877e+08
1318,84637.2,84641.0,84500.1,84533.7,4804.0,-2.0184389e+08,79495.195,2.0192338e+08
1319,84531.4,84644.5,84385.1,84562.9,35778.0,-2.0185976e+08,92763.1,2.0195253e+08
1320,84565.2,84628.1,84510.1,84607.1,9880.0,-2.0192202e+08,99126.49,2.0202114e+08
1321,84624.0,84749.9,84624.0,84645.2,13423.0,-2.0184611e+08,90224.75,2.0193634e+08
1322,84645.2,84691.3,84599.5,84624.6,6810.0,-2.0184611e+08,87139.09,2.0193325e+08
1323,84623.4,84623.4,84466.6,84474.4,7868.0,-2.0184611e+08,80053.586,2.0192616e+08
1324,84473.5,84506.1,84339.1,84506.1,8344.0,-2.0185944e+08,88397.586,2.0194784e+08
1325,84501.9,84535.7,84425.5,84470.1,5125.0,-2.0158715e+08,87420.98,2.0167458e+08
1326,84473.0,84624.4,84473.0,84570.9,5409.0,-2.0155322e+08,89007.195,2.0164222e+08
1327,84573.3,84586.9,84510.2,84570.1,5718.0,-2.0153869e+08,92220.625,2.0163091e+08
1328,84577.4,84577.4,84502.7,84553.3,5204.0,-2.0154552e+08,94066.33,2.0163958e+08
1329,84557.5,84573.1,84470.5,84474.8,3454.0,-2.0153547e+08,90901.625,2.0162637e+08
1330,84494.4,84595.0,84459.5,84595.0,3585.0,-2.0153547e+08,94486.625,2.0162995e+08
1331,84595.0,84641.1,84520.0,84520.0,5515.0,-2.0157941e+08,88971.625,2.0166838e+08
1332,84520.0,84540.0,84436.8,84531.9,2068.0,-2.0158507e+08,90714.945,2.0167579e+08
1333,84528.5,84623.9,84528.5,84593.7,5397.0,-2.0158507e+08,92695.45,2.0167776e+08
1334,84593.8,84623.9,84580.6,84607.0,2500.0,-2.0158507e+08,93243.99,2.0167832e+08
1335,84602.0,84632.5,84525.2,84525.2,4342.0,-2.0158507e+08,88901.99,2.0167397e+08
1336,84495.7,84515.5,84416.9,84435.8,6431.0,-2.0157835e+08,84936.18,2.016633e+08
1337,84437.8,84583.7,84433.5,84583.7,3990.0,-2.0157835e+08,88926.18,2.0166728e+08
1338,84585.3,84629.4,84440.0,84440.0,3820.0,-2.018834e+08,85106.18,2.019685e+08
1339,84434.2,84550.9,84434.2,84512.1,3444.0,-2.019087e+08,86260.18,2.0199496e+08
1340,84500.1,84700.0,84494.2,84683.0,7857.0,-2.0190274e+08,92819.11,2.0199555e+08
1341,84682.9,84757.3,84664.2,84722.2,6431.0,-2.0185866e+08,94401.49,2.0195306e+08
1342,84732.9,84821.9,84731.4,84813.0,6394.0,-2.0185866e+08,99538.11,2.0195819e+08
1343,84816.3,84884.7,84795.9,84873.6,6753.0,-2.0186291e+08,104602.71,2.0196752e+08
1344,84876.0,84882.6,84729.1,84737.6,5693.0,-2.0186291e+08,99540.21,2.0196245e+08
1345,84741.8,84950.0,84732.4,84931.7,23302.0,-2.0185008e+08,118923.55,2.0196901e+08
1346,84926.2,84950.0,84926.2,84930.6,3691.0,-2.0185008e+08,116596.98,2.0196667e+08
1347,84930.5,84976.9,84930.5,84946.3,2009.0,-2.0185008e+08,115955.95,2.0196603e+08
1348,84946.2,84959.3,84922.1,84943.4,2789.0,-2.0185008e+08,116360.74,2.0196645e+08
1349,84943.5,84987.6,84943.5,84951.5,3120.0,-2.0185008e+08,114372.67,2.0196445e+08
1350,84951.6,84976.7,84937.7,84976.7,4769.0,-2.0185008e+08,119141.67,2.0196922e+08
1351,84986.9,85033.2,84976.6,85021.0,3567.0,-2.0185008e+08,121170.6,2.0197125e+08
1352,85023.1,85095.1,84998.7,85054.4,7024.0,-2.0185008e+08,122263.0,2.0197234e+08
1353,85060.0,85060.0,84988.0,84991.1,5809.0,-2.0186096e+08,116954.47,2.0197792e+08
1354,84995.0,84995.0,84926.9,84981.1,6869.0,-2.0186096e+08,121019.766,2.0198198e+08
1355,84986.9,85125.0,84986.9,85079.5,4883.0,-2.0184614e+08,122685.19,2.0196883e+08
1356,85078.9,85287.3,85078.9,85214.9,12182.0,-2.0184614e+08,126403.03,2.0197254e+08
1357,85207.9,85207.9,85091.6,85125.2,5917.0,-2.0179618e+08,123905.22,2.0192008e+08
1358,85123.3,85191.3,85115.6,85191.3,3562.0,-2.0179618e+08,127467.22,2.0192365e+08
1359,85203.1,85266.4,85172.5,85266.3,7952.0,-2.0179618e+08,135402.02,2.0193158e+08
1360,85266.3,85335.9,85224.6,85314.8,4649.0,-2.0179618e+08,138288.14,2.0193446e+08
1361,85314.7,85327.6,85257.9,85290.8,5677.0,-2.0163019e+08,137970.0,2.0176816e+08
1362,85284.2,85385.0,85284.2,85349.3,4114.0,-2.0163019e+08,139169.58,2.0176936e+08
1363,85349.3,85349.4,85323.7,85337.2,2560.0,-2.0163019e+08,139299.56,2.0176949e+08
1364,85337.2,85337.2,85219.7,85247.9,5227.0,-2.0163019e+08,136581.1,2.0176677e+08
1365,85249.9,85259.9,85178.6,85204.9,5217.0,-2.0161917e+08,134739.16,2.017539e+08
1366,85204.9,85235.3,85140.2,85140.2,4989.0,-2.0161917e+08,129750.16,2.0174891e+08
1367,85140.2,85235.6,85140.2,85232.7,4661.0,-2.0163819e+08,134127.94,2.0177232e+08
1368,85230.2,85332.6,85230.2,85308.8,3567.0,-2.0163734e+08,136036.48,2.0177338e+08
1369,85308.7,85325.6,85247.1,85272.4,7719.0,-2.0163734e+08,133292.42,2.0177064e+08
1370,85272.4,85299.3,85242.7,85271.8,3274.0,-2.0163734e+08,133384.62,2.0177074e+08
1371,85271.7,85385.0,85263.6,85385.0,9905.0,-2.0163734e+08,143289.62,2.0178064e+08
1372,85396.3,85402.3,85347.9,85376.7,7416.0,-2.0166206e+08,143727.36,2.018058e+08
1373,85376.6,85376.6,85336.1,85336.1,2453.0,-2.0163538e+08,141274.36,2.0177666e+08
1374,85340.3,85340.3,85214.1,85227.1,3585.0,-2.0162342e+08,138427.98,2.0176186e+08
1375,85232.9,85265.0,85131.3,85150.6,4884.0,-2.0162342e+08,134954.33,2.0175838e+08
1376,85156.9,85264.9,85137.6,85233.7,4093.0,-2.016272e+08,137041.28,2.0176424e+08
1377,85217.6,85250.2,85187.9,85187.9,3042.0,-2.01642e+08,133999.28,2.01776e+08
1378,85188.0,85219.6,85140.7,85146.9,5387.0,-2.01642e+08,129458.28,2.0177146e+08
1379,85147.0,85168.0,85123.9,85168.0,3676.0,-2.0166264e+08,133134.28,2.0179578e+08
1380,85173.0,85201.1,85145.5,85175.5,2938.0,-2.0166264e+08,133366.69,2.01796e+08
1381,85175.4,85308.7,85175.4,85271.4,3374.0,-2.0166264e+08,134852.3,2.0179749e+08
1382,85275.7,85346.8,85275.7,85335.1,4547.0,-2.0155072e+08,137903.28,2.0168862e+08
1383,85331.1,85396.9,85307.4,85363.7,5691.0,-2.0155072e+08,139372.73,2.016901e+08
1384,85363.6,85363.6,85312.6,85317.6,2770.0,-2.015649e+08,137145.86,2.0170205e+08
1385,85312.7,85317.4,85182.3,85182.4,4293.0,-2.015649e+08,132859.33,2.0169776e+08
1386,85182.3,85314.3,85164.8,85314.3,6325.0,-2.015649e+08,139184.33,2.0170408e+08
1387,85318.0,85318.0,85226.7,85286.0,4384.0,-2.0156896e+08,140495.1,2.0170946e+08
1388,85277.4,85298.6,85251.3,85282.4,2589.0,-2.0158691e+08,141310.48,2.0172822e+08
1389,85280.3,85297.1,85264.1,85288.1,4552.0,-2.013467e+08,143379.58,2.0149008e+08
1390,85288.0,85288.0,85264.0,85276.2,3669.0,-2.013467e+08,143441.69,2.0149014e+08
1391,85272.0,85272.0,85151.5,85151.5,3295.0,-2.013467e+08,140146.69,2.0148685e+08
1392,85151.5,85151.5,85096.9,85118.3,5627.0,-2.013467e+08,138930.14,2.0148563e+08
1393,85116.5,85162.1,85071.1,85146.1,12648.0,-2.013467e+08,147130.5,2.0149384e+08
1394,85146.1,85163.0,85140.2,85155.3,2485.0,-2.0134699e+08,147936.12,2.0149493e+08
1395,85151.3,85174.3,85094.8,85128.9,11086.0,-2.0134699e+08,146360.81,2.0149336e+08
1396,85123.5,85173.4,85108.4,85152.5,4074.0,-2.0134699e+08,147815.11,2.014948e+08
1397,85157.6,85200.0,85123.5,85194.5,3695.0,-2.0133406e+08,150978.81,2.0148504e+08
1398,85184.5,85184.5,85100.1,85108.0,4026.0,-2.0135635e+08,147706.36,2.0150406e+08
1399,85103.8,85173.6,85103.8,85126.0,5888.0,-2.0138288e+08,145564.0,2.0152845e+08
1400,85122.7,85122.7,85080.0,85080.0,5181.0,-2.0138288e+08,140383.0,2.0152326e+08
1401,85078.1,85119.0,85066.1,85083.9,5969.0,-2.0138288e+08,138430.36,2.0152131e+08
1402,85083.9,85083.9,85000.1,85000.1,7568.0,-2.0138288e+08,130862.36,2.0151374e+08
1403,85000.0,85000.0,84768.8,84771.3,17413.0,-2.0138307e+08,113825.94,2.014969e+08
1404,84778.5,84901.1,84759.3,84759.4,18648.0,-2.0138307e+08,95204.65,2.0147827e+08
1405,84759.3,84817.5,84719.9,84794.5,17624.0,-2.0139547e+08,104522.39,2.015e+08
1406,84797.2,84886.7,84790.4,84886.7,5479.0,-2.0139547e+08,110001.39,2.0150547e+08
1407,84894.2,85004.6,84875.5,84946.0,4911.0,-2.0140389e+08,110454.0,2.0151434e+08
1408,84940.0,84940.0,84840.2,84886.5,2696.0,-2.0162611e+08,110259.414,2.0173637e+08
1409,84886.5,84920.4,84827.7,84827.7,2818.0,-2.0162611e+08,107441.414,2.0173355e+08
1410,84817.8,84817.8,84573.6,84573.6,10330.0,-2.0162611e+08,97111.414,2.0172322e+08
1411,84573.6,84623.7,84513.1,84548.0,4644.0,-2.015191e+08,95398.08,2.016145e+08
1412,84535.2,84575.2,84499.8,84537.8,6736.0,-2.0151155e+08,95451.12,2.01607e+08
1413,84545.2,84545.2,84415.2,84437.1,3132.0,-2.0151155e+08,93374.29,2.0160493e+08
1414,84438.1,84441.4,84411.0,84431.5,8019.0,-2.0151155e+08,96170.945,2.0160773e+08
1415,84431.5,84431.5,84329.5,84329.7,4837.0,-2.0151155e+08,91353.21,2.0160291e+08
1416,84329.6,84573.8,84325.3,84543.5,4916.0,-2.0151723e+08,95070.5,2.016123e+08
1417,84543.5,84674.9,84491.1,84563.8,7479.0,-2.0151723e+08,93507.69,2.0161074e+08
1418,84555.4,84580.1,84402.6,84417.6,5340.0,-2.015149e+08,89070.22,2.0160397e+08
1419,84426.5,84583.1,84420.1,84491.6,5714.0,-2.0151882e+08,88369.12,2.0160718e+08
1420,84489.1,84580.6,84489.1,84493.1,3700.0,-2.0141403e+08,84992.62,2.0149902e+08
1421,84493.1,84512.0,84401.3,84492.6,2634.0,-2.0141426e+08,86703.51,2.0150096e+08
1422,84473.6,84607.2,84473.6,84543.7,9077.0,-2.0141426e+08,87152.02,2.015014e+08
1423,84535.3,84594.5,84535.3,84573.6,3174.0,-2.014282e+08,88085.2,2.0151627e+08
1424,84568.0,84662.5,84558.3,84662.4,4561.0,-2.014438e+08,92637.31,2.0153645e+08
1425,84662.5,84971.1,84662.5,84875.6,23345.0,-2.0150302e+08,101533.6,2.0160456e+08
1426,84873.3,84873.3,84697.5,84697.5,6030.0,-2.0152091e+08,95503.6,2.0161642e+08
1427,84697.5,84697.5,84500.0,84500.0,5918.0,-2.015082e+08,89585.6,2.0159778e+08
1428,84500.0,84565.7,84439.7,84562.1,4697.0,-2.015082e+08,94014.086,2.016022e+08
1429,84565.1,84598.8,84518.5,84570.2,2522.0,-2.0152117e+08,94739.914,2.016159e+08
1430,84579.0,84671.3,84562.1,84588.8,5727.0,-2.0152117e+08,91813.11,2.0161298e+08
1431,84593.0,84593.0,84438.2,84500.6,5311.0,-2.0151677e+08,90783.83,2.0160755e+08
1432,84504.8,84504.8,84356.0,84382.9,4358.0,-2.0151677e+08,88001.445,2.0160477e+08
1433,84389.4,84476.9,84312.4,84476.9,7078.0,-2.0154157e+08,95079.445,2.0163664e+08
1434,84477.0,84488.0,84382.9,84434.7,5544.0,-2.0154157e+08,95000.734,2.0163658e+08
1435,84447.3,84447.3,84367.8,84444.3,4011.0,-2.0154157e+08,98709.016,2.0164027e+08
1436,84444.3,84482.8,84433.5,84462.5,3019.0,-2.0154157e+08,99242.01,2.0164082e+08
1437,84464.0,84523.8,84395.9,84404.6,4104.0,-2.0159907e+08,95696.54,2.0169477e+08
1438,84407.5,84426.2,84308.9,84344.0,3211.0,-2.0157298e+08,94407.22,2.0166738e+08
1439,84331.3,84382.0,84251.4,84285.8,8637.0,-2.0157298e+08,90319.92,2.016633e+08
