{
  "rank": 79,
  "bot_id": 139,
  "fitness_score": 0.0,
  "total_pnl": 61.4243688583374,
  "win_rate": 0.26745426953418827,
  "total_trades": 853,
  "sharpe_ratio": 1.2291944801807404,
  "max_drawdown": 0.20875934213399888,
  "survival_generations": 1,
  "config": {
    "num_indicators": 4,
    "indicator_indices": [
      10,
      33,
      6,
      29
    ],
    "risk_strategy_bitmap": 1037,
    "tp_multiplier": 0.23919667303562164,
    "sl_multiplier": 0.009263794869184494,
    "leverage": 8
  }
}