{
  "rank": 45,
  "bot_id": 21,
  "fitness_score": 0.0,
  "total_pnl": 49.66874551773071,
  "win_rate": 0.6664350711211853,
  "total_trades": 4275,
  "sharpe_ratio": 0.5504039862037947,
  "max_drawdown": 0.11017262190580368,
  "survival_generations": 1,
  "config": {
    "num_indicators": 2,
    "indicator_indices": [
      38,
      29
    ],
    "risk_strategy_bitmap": 9216,
    "tp_multiplier": 0.02005201205611229,
    "sl_multiplier": 0.098030686378479,
    "leverage": 6
  }
}