{
  "rank": 95,
  "bot_id": 351,
  "fitness_score": 0.0,
  "total_pnl": 134.42154359817505,
  "win_rate": 0.5638115489883706,
  "total_trades": 468,
  "sharpe_ratio": 0.3484655724217494,
  "max_drawdown": 0.15501368790864944,
  "survival_generations": 1,
  "config": {
    "num_indicators": 4,
    "indicator_indices": [
      28,
      7,
      15,
      25
    ],
    "risk_strategy_bitmap": 16709,
    "tp_multiplier": 0.16342312097549438,
    "sl_multiplier": 0.09081858396530151,
    "leverage": 2
  }
}