{
  "rank": 95,
  "bot_id": 192,
  "fitness_score": 0.0,
  "total_pnl": 424.4354546070099,
  "win_rate": 0.4577209351926957,
  "total_trades": 23228,
  "sharpe_ratio": 2.325437904149294,
  "max_drawdown": 0.36405752450227735,
  "survival_generations": 1,
  "config": {
    "num_indicators": 1,
    "indicator_indices": [
      43
    ],
    "risk_strategy_bitmap": 16417,
    "tp_multiplier": 0.01601136289536953,
    "sl_multiplier": 0.0721268355846405,
    "leverage": 18
  }
}