{
  "rank": 76,
  "bot_id": 210,
  "fitness_score": 0.0,
  "total_pnl": 40.79685437679291,
  "win_rate": 0.5335648148148149,
  "total_trades": 59,
  "sharpe_ratio": 0.3402062673121691,
  "max_drawdown": 0.03153285896405578,
  "survival_generations": 1,
  "config": {
    "num_indicators": 5,
    "indicator_indices": [
      29,
      32,
      33,
      24,
      10
    ],
    "risk_strategy_bitmap": 64,
    "tp_multiplier": 0.026023510843515396,
    "sl_multiplier": 0.09772399812936783,
    "leverage": 8
  }
}