{
  "rank": 90,
  "bot_id": 235,
  "fitness_score": 0.0,
  "total_pnl": 314.6100778579712,
  "win_rate": 0.24863115978098554,
  "total_trades": 90,
  "sharpe_ratio": 2.588133237635096,
  "max_drawdown": 0.08361564576625824,
  "survival_generations": 1,
  "config": {
    "num_indicators": 1,
    "indicator_indices": [
      41
    ],
    "risk_strategy_bitmap": 12,
    "tp_multiplier": 0.2041657418012619,
    "sl_multiplier": 0.08519890159368515,
    "leverage": 10
  }
}