{
  "rank": 87,
  "bot_id": 230,
  "fitness_score": 0.0,
  "total_pnl": 63.4138662815094,
  "win_rate": 0.5523809523809524,
  "total_trades": 51,
  "sharpe_ratio": 0.5276568395396074,
  "max_drawdown": 0.050626982003450394,
  "survival_generations": 1,
  "config": {
    "num_indicators": 3,
    "indicator_indices": [
      33,
      23,
      43
    ],
    "risk_strategy_bitmap": 1538,
    "tp_multiplier": 0.2405567318201065,
    "sl_multiplier": 0.0879560187458992,
    "leverage": 2
  }
}