{
  "rank": 17,
  "bot_id": 42590,
  "fitness_score": 12986.5478515625,
  "total_pnl": -99.59356689453125,
  "win_rate": 0.3999999761581421,
  "total_trades": 25,
  "sharpe_ratio": -0.9996128678321838,
  "max_drawdown": 0.9963212609291077,
  "survival_generations": 3,
  "config": {
    "num_indicators": 5,
    "indicator_indices": [
      19,
      4,
      23,
      15,
      35
    ],
    "risk_strategy_bitmap": 196,
    "tp_multiplier": 0.13481849431991577,
    "sl_multiplier": 0.037128910422325134,
    "leverage": 11
  }
}