{
  "rank": 75,
  "bot_id": 209,
  "fitness_score": 0.0,
  "total_pnl": 244.55726647377014,
  "win_rate": 0.3355614973262032,
  "total_trades": 56,
  "sharpe_ratio": 2.0100549273192883,
  "max_drawdown": 0.044576814863830805,
  "survival_generations": 1,
  "config": {
    "num_indicators": 2,
    "indicator_indices": [
      43,
      44
    ],
    "risk_strategy_bitmap": 21008,
    "tp_multiplier": 0.20269674062728882,
    "sl_multiplier": 0.08931651711463928,
    "leverage": 8
  }
}