{
  "rank": 87,
  "bot_id": 324,
  "fitness_score": 0.0,
  "total_pnl": 95.10838460922241,
  "win_rate": 0.47296425345205834,
  "total_trades": 256,
  "sharpe_ratio": 0.6075619931022326,
  "max_drawdown": 0.10563852141300838,
  "survival_generations": 1,
  "config": {
    "num_indicators": 5,
    "indicator_indices": [
      20,
      2,
      15,
      16,
      45
    ],
    "risk_strategy_bitmap": 9472,
    "tp_multiplier": 0.1500619798898697,
    "sl_multiplier": 0.07835179567337036,
    "leverage": 3
  }
}