{
  "rank": 22,
  "bot_id": 103,
  "fitness_score": 0.0,
  "total_pnl": 2.578474521636963,
  "win_rate": 0.5,
  "total_trades": 1,
  "sharpe_ratio": 0.02145723005135854,
  "max_drawdown": 0.025035018101334572,
  "survival_generations": 1,
  "config": {
    "num_indicators": 3,
    "indicator_indices": [
      35,
      10,
      14
    ],
    "risk_strategy_bitmap": 8482,
    "tp_multiplier": 0.12905438244342804,
    "sl_multiplier": 0.0400468148291111,
    "leverage": 2
  }
}