{
  "rank": 72,
  "bot_id": 257,
  "fitness_score": 0.0,
  "total_pnl": 4.185315132141113,
  "win_rate": 0.4456349206349206,
  "total_trades": 65,
  "sharpe_ratio": 0.02325175205866496,
  "max_drawdown": 0.033549955735603966,
  "survival_generations": 1,
  "config": {
    "num_indicators": 5,
    "indicator_indices": [
      33,
      27,
      32,
      31,
      23
    ],
    "risk_strategy_bitmap": 1024,
    "tp_multiplier": 0.05382933467626572,
    "sl_multiplier": 0.08289802074432373,
    "leverage": 3
  }
}