{
  "rank": 57,
  "bot_id": 6,
  "fitness_score": 0.0,
  "total_pnl": 286.34910798072815,
  "win_rate": 0.29444444444444445,
  "total_trades": 35,
  "sharpe_ratio": 2.4277620762586594,
  "max_drawdown": 0.014111686684191226,
  "survival_generations": 1,
  "config": {
    "num_indicators": 3,
    "indicator_indices": [
      38,
      12,
      18
    ],
    "risk_strategy_bitmap": 2053,
    "tp_multiplier": 0.15334191918373108,
    "sl_multiplier": 0.0863242968916893,
    "leverage": 17
  }
}