{
  "rank": 7,
  "bot_id": 79,
  "fitness_score": 0.0,
  "total_pnl": 68.7578244805336,
  "win_rate": 0.15390307066222714,
  "total_trades": 104,
  "sharpe_ratio": 0.5326204278195897,
  "max_drawdown": 0.07544753327965736,
  "survival_generations": 1,
  "config": {
    "num_indicators": 2,
    "indicator_indices": [
      32,
      28
    ],
    "risk_strategy_bitmap": 16,
    "tp_multiplier": 0.14444990456104279,
    "sl_multiplier": 0.08995401114225388,
    "leverage": 10
  }
}