{
  "rank": 73,
  "bot_id": 206,
  "fitness_score": 0.0,
  "total_pnl": 60.97048997879028,
  "win_rate": 0.5110677083333333,
  "total_trades": 1700,
  "sharpe_ratio": 0.46581592317670584,
  "max_drawdown": 0.10549850389361382,
  "survival_generations": 1,
  "config": {
    "num_indicators": 4,
    "indicator_indices": [
      21,
      44,
      27,
      47
    ],
    "risk_strategy_bitmap": 5384,
    "tp_multiplier": 0.1788642704486847,
    "sl_multiplier": 0.09399200230836868,
    "leverage": 3
  }
}