{
  "rank": 71,
  "bot_id": 190,
  "fitness_score": 0.0,
  "total_pnl": 36.361812591552734,
  "win_rate": 0.40646008403361344,
  "total_trades": 125,
  "sharpe_ratio": 1.4543044090270996,
  "max_drawdown": 0.03660246953368187,
  "survival_generations": 1,
  "config": {
    "num_indicators": 5,
    "indicator_indices": [
      12,
      33,
      13,
      49,
      11
    ],
    "risk_strategy_bitmap": 540,
    "tp_multiplier": 0.03442518040537834,
    "sl_multiplier": 0.008296038955450058,
    "leverage": 7
  }
}