{
  "rank": 77,
  "bot_id": 272,
  "fitness_score": 0.0,
  "total_pnl": 153.02198028564453,
  "win_rate": 0.4543232065022618,
  "total_trades": 3727,
  "sharpe_ratio": 0.6360157964130243,
  "max_drawdown": 0.09413255006074905,
  "survival_generations": 1,
  "config": {
    "num_indicators": 2,
    "indicator_indices": [
      42,
      27
    ],
    "risk_strategy_bitmap": 16544,
    "tp_multiplier": 0.23988786339759827,
    "sl_multiplier": 0.05400675907731056,
    "leverage": 2
  }
}