{
  "rank": 83,
  "bot_id": 224,
  "fitness_score": 0.0,
  "total_pnl": -0.09099960327148438,
  "win_rate": 0.0,
  "total_trades": 13,
  "sharpe_ratio": -0.0007583300272623699,
  "max_drawdown": 0.0,
  "survival_generations": 1,
  "config": {
    "num_indicators": 2,
    "indicator_indices": [
      42,
      37
    ],
    "risk_strategy_bitmap": 8600,
    "tp_multiplier": 0.10329923033714294,
    "sl_multiplier": 0.07448218017816544,
    "leverage": 2
  }
}