{
  "rank": 69,
  "bot_id": 33345,
  "fitness_score": 10077.373046875,
  "total_pnl": 72.71577453613281,
  "win_rate": 1.0,
  "total_trades": 4,
  "sharpe_ratio": 10.0,
  "max_drawdown": 0.006859969813376665,
  "survival_generations": 5,
  "config": {
    "num_indicators": 4,
    "indicator_indices": [
      24,
      12,
      25,
      21
    ],
    "risk_strategy_bitmap": 22529,
    "tp_multiplier": 0.11755967885255814,
    "sl_multiplier": 0.04960191994905472,
    "leverage": 49
  }
}