{
  "rank": 27,
  "bot_id": 111,
  "fitness_score": 0.0,
  "total_pnl": 123.92738604545593,
  "win_rate": 0.6252192764070077,
  "total_trades": 2168,
  "sharpe_ratio": 1.0732754738225292,
  "max_drawdown": 0.1130078099668026,
  "survival_generations": 1,
  "config": {
    "num_indicators": 3,
    "indicator_indices": [
      21,
      38,
      15
    ],
    "risk_strategy_bitmap": 1024,
    "tp_multiplier": 0.14136254787445068,
    "sl_multiplier": 0.03336319699883461,
    "leverage": 4
  }
}