{
  "rank": 93,
  "bot_id": 165,
  "fitness_score": 0.0,
  "total_pnl": 36.32359838485718,
  "win_rate": 0.491996009549201,
  "total_trades": 792,
  "sharpe_ratio": 1.6774060726165771,
  "max_drawdown": 0.0695922240614891,
  "survival_generations": 1,
  "config": {
    "num_indicators": 4,
    "indicator_indices": [
      27,
      3,
      15,
      38
    ],
    "risk_strategy_bitmap": 256,
    "tp_multiplier": 0.20881062746047974,
    "sl_multiplier": 0.0911637470126152,
    "leverage": 8
  }
}