{
  "rank": 31,
  "bot_id": 116,
  "fitness_score": 0.0,
  "total_pnl": 128.20588839054108,
  "win_rate": 0.15694198921538222,
  "total_trades": 6797,
  "sharpe_ratio": 1.051469004092117,
  "max_drawdown": 0.20150332897901535,
  "survival_generations": 1,
  "config": {
    "num_indicators": 1,
    "indicator_indices": [
      10
    ],
    "risk_strategy_bitmap": 2120,
    "tp_multiplier": 0.19590413570404053,
    "sl_multiplier": 0.06427212059497833,
    "leverage": 9
  }
}