{
  "rank": 74,
  "bot_id": 208,
  "fitness_score": 0.0,
  "total_pnl": 147.87350618839264,
  "win_rate": 0.638784060022014,
  "total_trades": 844,
  "sharpe_ratio": 1.2383143970898043,
  "max_drawdown": 0.22845754027366638,
  "survival_generations": 1,
  "config": {
    "num_indicators": 4,
    "indicator_indices": [
      15,
      30,
      45,
      34
    ],
    "risk_strategy_bitmap": 1,
    "tp_multiplier": 0.019381985068321228,
    "sl_multiplier": 0.03343720734119415,
    "leverage": 7
  }
}