{
  "rank": 65,
  "bot_id": 194,
  "fitness_score": 0.0,
  "total_pnl": 1.829665184020996,
  "win_rate": 0.5,
  "total_trades": 15,
  "sharpe_ratio": 0.007749663976331552,
  "max_drawdown": 0.10282806307077408,
  "survival_generations": 1,
  "config": {
    "num_indicators": 3,
    "indicator_indices": [
      38,
      44,
      29
    ],
    "risk_strategy_bitmap": 2212,
    "tp_multiplier": 0.03862983360886574,
    "sl_multiplier": 0.016975585371255875,
    "leverage": 1
  }
}