{
  "rank": 90,
  "bot_id": 162,
  "fitness_score": 0.0,
  "total_pnl": 18.2994384765625,
  "win_rate": 0.18403231711734716,
  "total_trades": 2178,
  "sharpe_ratio": 0.5994830846786499,
  "max_drawdown": 0.1532052382826805,
  "survival_generations": 1,
  "config": {
    "num_indicators": 1,
    "indicator_indices": [
      9
    ],
    "risk_strategy_bitmap": 28768,
    "tp_multiplier": 0.18257096409797668,
    "sl_multiplier": 0.05076487734913826,
    "leverage": 8
  }
}