{
  "rank": 77,
  "bot_id": 135,
  "fitness_score": 0.0,
  "total_pnl": 3.2887420654296875,
  "win_rate": 0.2794248655634794,
  "total_trades": 508,
  "sharpe_ratio": 0.057870256900787356,
  "max_drawdown": 0.11871014833450318,
  "survival_generations": 1,
  "config": {
    "num_indicators": 5,
    "indicator_indices": [
      14,
      28,
      43,
      17,
      3
    ],
    "risk_strategy_bitmap": 4096,
    "tp_multiplier": 0.16941045224666595,
    "sl_multiplier": 0.0682699978351593,
    "leverage": 1
  }
}