{
  "rank": 31,
  "bot_id": 108,
  "fitness_score": 0.0,
  "total_pnl": 3.9381728172302246,
  "win_rate": 0.2685426267281106,
  "total_trades": 834,
  "sharpe_ratio": 1.1839417219161987,
  "max_drawdown": 0.20805494487285614,
  "survival_generations": 1,
  "config": {
    "num_indicators": 1,
    "indicator_indices": [
      26
    ],
    "risk_strategy_bitmap": 18436,
    "tp_multiplier": 0.1255386471748352,
    "sl_multiplier": 0.07996854186058044,
    "leverage": 7
  }
}