{
  "rank": 53,
  "bot_id": 35,
  "fitness_score": 0.0,
  "total_pnl": 219.6722068786621,
  "win_rate": 0.2546947930327124,
  "total_trades": 1559,
  "sharpe_ratio": 1.769402580956618,
  "max_drawdown": 0.13038063049316406,
  "survival_generations": 1,
  "config": {
    "num_indicators": 4,
    "indicator_indices": [
      11,
      26,
      0,
      13
    ],
    "risk_strategy_bitmap": 6228,
    "tp_multiplier": 0.20704858005046844,
    "sl_multiplier": 0.03896300867199898,
    "leverage": 10
  }
}