{
  "rank": 49,
  "bot_id": 77,
  "fitness_score": 0.0,
  "total_pnl": 6.095687389373779,
  "win_rate": 0.3456722001402852,
  "total_trades": 654,
  "sharpe_ratio": 0.17057744041085243,
  "max_drawdown": 0.18587737530469894,
  "survival_generations": 1,
  "config": {
    "num_indicators": 4,
    "indicator_indices": [
      0,
      48,
      11,
      15
    ],
    "risk_strategy_bitmap": 16451,
    "tp_multiplier": 0.1359785497188568,
    "sl_multiplier": 0.02454102598130703,
    "leverage": 4
  }
}