{
  "rank": 5,
  "bot_id": 7,
  "fitness_score": 0.0,
  "total_pnl": 0.18047523498535156,
  "win_rate": 0.3150846042947113,
  "total_trades": 1125,
  "sharpe_ratio": 0.010090073570609093,
  "max_drawdown": 0.15207694470882416,
  "survival_generations": 1,
  "config": {
    "num_indicators": 3,
    "indicator_indices": [
      22,
      46,
      33
    ],
    "risk_strategy_bitmap": 2176,
    "tp_multiplier": 0.13991019129753113,
    "sl_multiplier": 0.05058387294411659,
    "leverage": 1
  }
}