{
  "rank": 92,
  "bot_id": 164,
  "fitness_score": 0.0,
  "total_pnl": 85.54814946651459,
  "win_rate": 0.6982370141038872,
  "total_trades": 86,
  "sharpe_ratio": 3.426982265710831,
  "max_drawdown": 0.030233599431812763,
  "survival_generations": 1,
  "config": {
    "num_indicators": 2,
    "indicator_indices": [
      47,
      14
    ],
    "risk_strategy_bitmap": 512,
    "tp_multiplier": 0.06734553724527359,
    "sl_multiplier": 0.09647133201360703,
    "leverage": 8
  }
}