{
  "rank": 81,
  "bot_id": 142,
  "fitness_score": 0.0,
  "total_pnl": 3.2704381942749023,
  "win_rate": 0.4096056884292178,
  "total_trades": 179,
  "sharpe_ratio": 0.06183850159868598,
  "max_drawdown": 0.10853595435619354,
  "survival_generations": 1,
  "config": {
    "num_indicators": 5,
    "indicator_indices": [
      2,
      34,
      23,
      17,
      27
    ],
    "risk_strategy_bitmap": 16384,
    "tp_multiplier": 0.1409565955400467,
    "sl_multiplier": 0.05364274978637695,
    "leverage": 1
  }
}