{
  "rank": 89,
  "bot_id": 233,
  "fitness_score": 0.0,
  "total_pnl": 249.1904320716858,
  "win_rate": 0.47759519100982517,
  "total_trades": 505,
  "sharpe_ratio": 2.130875390022993,
  "max_drawdown": 0.1492392085492611,
  "survival_generations": 1,
  "config": {
    "num_indicators": 4,
    "indicator_indices": [
      19,
      29,
      13,
      4
    ],
    "risk_strategy_bitmap": 8704,
    "tp_multiplier": 0.14924153685569763,
    "sl_multiplier": 0.03287070617079735,
    "leverage": 8
  }
}