{
  "rank": 89,
  "bot_id": 220,
  "fitness_score": 0.0,
  "total_pnl": 1.7111421823501587,
  "win_rate": 0.0711111111111111,
  "total_trades": 38,
  "sharpe_ratio": 0.08003795742988587,
  "max_drawdown": 0.03523564301431179,
  "survival_generations": 1,
  "config": {
    "num_indicators": 4,
    "indicator_indices": [
      1,
      6,
      12,
      44
    ],
    "risk_strategy_bitmap": 512,
    "tp_multiplier": 0.20041592419147491,
    "sl_multiplier": 0.011659965850412846,
    "leverage": 6
  }
}