{
  "rank": 58,
  "bot_id": 46,
  "fitness_score": 0.0,
  "total_pnl": 92.5716552734375,
  "win_rate": 0.5,
  "total_trades": 42,
  "sharpe_ratio": 0.8136199936270714,
  "max_drawdown": 0.06694671511650085,
  "survival_generations": 1,
  "config": {
    "num_indicators": 3,
    "indicator_indices": [
      23,
      2,
      11
    ],
    "risk_strategy_bitmap": 4736,
    "tp_multiplier": 0.13102936744689941,
    "sl_multiplier": 0.06541968882083893,
    "leverage": 6
  }
}