{
  "rank": 47,
  "bot_id": 26,
  "fitness_score": 0.0,
  "total_pnl": 207.28109788894653,
  "win_rate": 0.5489526411657559,
  "total_trades": 133,
  "sharpe_ratio": 1.5984427705407143,
  "max_drawdown": 0.11425460875034332,
  "survival_generations": 1,
  "config": {
    "num_indicators": 1,
    "indicator_indices": [
      23
    ],
    "risk_strategy_bitmap": 67,
    "tp_multiplier": 0.10640513896942139,
    "sl_multiplier": 0.09827359020709991,
    "leverage": 4
  }
}