{
  "rank": 71,
  "bot_id": 182,
  "fitness_score": 0.0,
  "total_pnl": 95.06838989257812,
  "win_rate": 0.40789473684210525,
  "total_trades": 31,
  "sharpe_ratio": 1.627410744627317,
  "max_drawdown": 0.05819281004369259,
  "survival_generations": 1,
  "config": {
    "num_indicators": 1,
    "indicator_indices": [
      31
    ],
    "risk_strategy_bitmap": 16384,
    "tp_multiplier": 0.2292383462190628,
    "sl_multiplier": 0.09086152911186218,
    "leverage": 4
  }
}