{
  "rank": 63,
  "bot_id": 61,
  "fitness_score": 0.0,
  "total_pnl": 32.33902597427368,
  "win_rate": 0.4330357142857143,
  "total_trades": 30,
  "sharpe_ratio": 0.2736197719350457,
  "max_drawdown": 0.06350883282721043,
  "survival_generations": 1,
  "config": {
    "num_indicators": 3,
    "indicator_indices": [
      30,
      25,
      5
    ],
    "risk_strategy_bitmap": 64,
    "tp_multiplier": 0.15919646620750427,
    "sl_multiplier": 0.026168128475546837,
    "leverage": 2
  }
}