{
  "rank": 91,
  "bot_id": 242,
  "fitness_score": 0.0,
  "total_pnl": 469.4350588321686,
  "win_rate": 0.6852841107825368,
  "total_trades": 3952,
  "sharpe_ratio": 3.583868953088919,
  "max_drawdown": 0.1233753189444542,
  "survival_generations": 1,
  "config": {
    "num_indicators": 1,
    "indicator_indices": [
      12
    ],
    "risk_strategy_bitmap": 4,
    "tp_multiplier": 0.24268333613872528,
    "sl_multiplier": 0.09992482513189316,
    "leverage": 4
  }
}