{
  "rank": 86,
  "bot_id": 228,
  "fitness_score": 0.0,
  "total_pnl": 168.64276540279388,
  "win_rate": 0.607508667265885,
  "total_trades": 1561,
  "sharpe_ratio": 1.3434139110613614,
  "max_drawdown": 0.12164891511201859,
  "survival_generations": 1,
  "config": {
    "num_indicators": 4,
    "indicator_indices": [
      39,
      15,
      30,
      14
    ],
    "risk_strategy_bitmap": 1286,
    "tp_multiplier": 0.01638946682214737,
    "sl_multiplier": 0.08453954756259918,
    "leverage": 8
  }
}