{
  "rank": 86,
  "bot_id": 214,
  "fitness_score": 0.0,
  "total_pnl": 9.367594957351685,
  "win_rate": 0.28754064753543307,
  "total_trades": 2339,
  "sharpe_ratio": 0.5196235395967961,
  "max_drawdown": 0.16795804053545,
  "survival_generations": 1,
  "config": {
    "num_indicators": 4,
    "indicator_indices": [
      16,
      29,
      8,
      1
    ],
    "risk_strategy_bitmap": 16,
    "tp_multiplier": 0.19344554841518402,
    "sl_multiplier": 0.047953128814697266,
    "leverage": 7
  }
}