{
  "rank": 13,
  "bot_id": 83,
  "fitness_score": 0.0,
  "total_pnl": 117.12942385673523,
  "win_rate": 0.3839215536899861,
  "total_trades": 46854,
  "sharpe_ratio": 1.1689202554523945,
  "max_drawdown": 0.35859212949872016,
  "survival_generations": 1,
  "config": {
    "num_indicators": 1,
    "indicator_indices": [
      48
    ],
    "risk_strategy_bitmap": 260,
    "tp_multiplier": 0.05575522780418396,
    "sl_multiplier": 0.035961952060461044,
    "leverage": 14
  }
}