{
  "rank": 16,
  "bot_id": 86,
  "fitness_score": 0.0,
  "total_pnl": 75.1946451663971,
  "win_rate": 0.23230864425309178,
  "total_trades": 6020,
  "sharpe_ratio": 1.5989397728815675,
  "max_drawdown": 0.20104412958025933,
  "survival_generations": 1,
  "config": {
    "num_indicators": 5,
    "indicator_indices": [
      2,
      6,
      34,
      9,
      7
    ],
    "risk_strategy_bitmap": 304,
    "tp_multiplier": 0.15829867124557495,
    "sl_multiplier": 0.07516678422689438,
    "leverage": 12
  }
}