{
  "rank": 82,
  "bot_id": 301,
  "fitness_score": 0.0,
  "total_pnl": 40.8506965637207,
  "win_rate": 0.7350095982448924,
  "total_trades": 221,
  "sharpe_ratio": 0.11236229999404813,
  "max_drawdown": 0.10872216522693634,
  "survival_generations": 1,
  "config": {
    "num_indicators": 2,
    "indicator_indices": [
      0,
      13
    ],
    "risk_strategy_bitmap": 2820,
    "tp_multiplier": 0.13088564574718475,
    "sl_multiplier": 0.03542060777544975,
    "leverage": 1
  }
}