{
  "rank": 85,
  "bot_id": 227,
  "fitness_score": 0.0,
  "total_pnl": 206.4042844772339,
  "win_rate": 0.26739811615019604,
  "total_trades": 3558,
  "sharpe_ratio": 1.1999916307104286,
  "max_drawdown": 0.25500279664993286,
  "survival_generations": 1,
  "config": {
    "num_indicators": 3,
    "indicator_indices": [
      49,
      42,
      9
    ],
    "risk_strategy_bitmap": 837,
    "tp_multiplier": 0.06123104318976402,
    "sl_multiplier": 0.06148418039083481,
    "leverage": 7
  }
}