{
  "rank": 97,
  "bot_id": 356,
  "fitness_score": 0.0,
  "total_pnl": 0.4666624069213867,
  "win_rate": 0.24625852552567065,
  "total_trades": 5121,
  "sharpe_ratio": 0.03475653988102244,
  "max_drawdown": 0.18767316142717996,
  "survival_generations": 1,
  "config": {
    "num_indicators": 4,
    "indicator_indices": [
      29,
      21,
      3,
      10
    ],
    "risk_strategy_bitmap": 256,
    "tp_multiplier": 0.2198498249053955,
    "sl_multiplier": 0.0036381506361067295,
    "leverage": 1
  }
}