{
  "rank": 15,
  "bot_id": 25,
  "fitness_score": 0.0,
  "total_pnl": 1.504376769065857,
  "win_rate": 0.4179157499094609,
  "total_trades": 896,
  "sharpe_ratio": 0.04369981810450554,
  "max_drawdown": 0.0746906965970993,
  "survival_generations": 1,
  "config": {
    "num_indicators": 4,
    "indicator_indices": [
      39,
      8,
      29,
      42
    ],
    "risk_strategy_bitmap": 2082,
    "tp_multiplier": 0.021343858912587166,
    "sl_multiplier": 0.07894004136323929,
    "leverage": 3
  }
}