{
  "rank": 67,
  "bot_id": 183,
  "fitness_score": 0.0,
  "total_pnl": 53.08084154129028,
  "win_rate": 0.2666397460986502,
  "total_trades": 492,
  "sharpe_ratio": 2.499818801879883,
  "max_drawdown": 0.08387078493833541,
  "survival_generations": 1,
  "config": {
    "num_indicators": 4,
    "indicator_indices": [
      4,
      25,
      8,
      22
    ],
    "risk_strategy_bitmap": 4864,
    "tp_multiplier": 0.1242595911026001,
    "sl_multiplier": 0.0631115585565567,
    "leverage": 10
  }
}