{
  "rank": 1,
  "bot_id": 65,
  "fitness_score": 0.0,
  "total_pnl": 114.60097599029541,
  "win_rate": 0.289755036406057,
  "total_trades": 5704,
  "sharpe_ratio": 0.797765588775898,
  "max_drawdown": 0.3518681526184082,
  "survival_generations": 1,
  "config": {
    "num_indicators": 5,
    "indicator_indices": [
      40,
      9,
      19,
      34,
      22
    ],
    "risk_strategy_bitmap": 1025,
    "tp_multiplier": 0.21987684071063995,
    "sl_multiplier": 0.07661846280097961,
    "leverage": 7
  }
}