{
  "rank": 98,
  "bot_id": 5919,
  "fitness_score": 10068.6875,
  "total_pnl": 74.69207763671875,
  "win_rate": 0.75,
  "total_trades": 8,
  "sharpe_ratio": 6.2200493812561035,
  "max_drawdown": 0.12008277326822281,
  "survival_generations": 10,
  "config": {
    "num_indicators": 5,
    "indicator_indices": [
      35,
      25,
      27,
      8,
      14
    ],
    "risk_strategy_bitmap": 4672,
    "tp_multiplier": 0.15989668667316437,
    "sl_multiplier": 0.008082100190222263,
    "leverage": 98
  }
}