{
  "rank": 93,
  "bot_id": 246,
  "fitness_score": 0.0,
  "total_pnl": 3164.107988357544,
  "win_rate": 0.6730620832921688,
  "total_trades": 3240,
  "sharpe_ratio": 8.57374253620704,
  "max_drawdown": 0.1643175296485424,
  "survival_generations": 1,
  "config": {
    "num_indicators": 2,
    "indicator_indices": [
      30,
      15
    ],
    "risk_strategy_bitmap": 10753,
    "tp_multiplier": 0.24288421869277954,
    "sl_multiplier": 0.07545096427202225,
    "leverage": 9
  }
}