{
  "rank": 65,
  "bot_id": 180,
  "fitness_score": 0.0,
  "total_pnl": 56.424132347106934,
  "win_rate": 0.7138888888888889,
  "total_trades": 39,
  "sharpe_ratio": 2.2569652020931246,
  "max_drawdown": 0.04000857323408127,
  "survival_generations": 1,
  "config": {
    "num_indicators": 3,
    "indicator_indices": [
      14,
      33,
      16
    ],
    "risk_strategy_bitmap": 16480,
    "tp_multiplier": 0.20649676024913788,
    "sl_multiplier": 0.045396775007247925,
    "leverage": 3
  }
}