{
  "rank": 77,
  "bot_id": 211,
  "fitness_score": 0.0,
  "total_pnl": 168.0262861251831,
  "win_rate": 0.39413671752142954,
  "total_trades": 39052,
  "sharpe_ratio": 0.6520055563499529,
  "max_drawdown": 0.29011327028274536,
  "survival_generations": 1,
  "config": {
    "num_indicators": 1,
    "indicator_indices": [
      49
    ],
    "risk_strategy_bitmap": 8707,
    "tp_multiplier": 0.03756145387887955,
    "sl_multiplier": 0.017968665808439255,
    "leverage": 4
  }
}