{
  "rank": 18,
  "bot_id": 96,
  "fitness_score": 0.0,
  "total_pnl": 29.414875507354736,
  "win_rate": 0.41208791208791207,
  "total_trades": 142,
  "sharpe_ratio": 0.2457232739155491,
  "max_drawdown": 0.03931062202900648,
  "survival_generations": 1,
  "config": {
    "num_indicators": 1,
    "indicator_indices": [
      24
    ],
    "risk_strategy_bitmap": 16416,
    "tp_multiplier": 0.02584940567612648,
    "sl_multiplier": 0.08343836665153503,
    "leverage": 7
  }
}