{
  "rank": 85,
  "bot_id": 127,
  "fitness_score": 0.0,
  "total_pnl": 6.854670524597168,
  "win_rate": 0.2721980842983323,
  "total_trades": 2128,
  "sharpe_ratio": 0.18513381853699684,
  "max_drawdown": 0.26836080849170685,
  "survival_generations": 1,
  "config": {
    "num_indicators": 1,
    "indicator_indices": [
      19
    ],
    "risk_strategy_bitmap": 1283,
    "tp_multiplier": 0.18128937482833862,
    "sl_multiplier": 0.04055267199873924,
    "leverage": 5
  }
}