{
  "rank": 95,
  "bot_id": 250,
  "fitness_score": 0.0,
  "total_pnl": 84.48778700828552,
  "win_rate": 0.25615216192457424,
  "total_trades": 8731,
  "sharpe_ratio": 0.8217956393879527,
  "max_drawdown": 0.20029663294553757,
  "survival_generations": 1,
  "config": {
    "num_indicators": 2,
    "indicator_indices": [
      22,
      34
    ],
    "risk_strategy_bitmap": 2,
    "tp_multiplier": 0.16594071686267853,
    "sl_multiplier": 0.041217412799596786,
    "leverage": 7
  }
}