{
  "rank": 88,
  "bot_id": 54,
  "fitness_score": 0.0,
  "total_pnl": 3.9474657773971558,
  "win_rate": 0.3169271508173331,
  "total_trades": 1231,
  "sharpe_ratio": 0.6941920764744282,
  "max_drawdown": 0.12669824045151473,
  "survival_generations": 1,
  "config": {
    "num_indicators": 3,
    "indicator_indices": [
      35,
      4,
      19
    ],
    "risk_strategy_bitmap": 17824,
    "tp_multiplier": 0.013251034542918205,
    "sl_multiplier": 0.06310108304023743,
    "leverage": 11
  }
}