{
  "rank": 37,
  "bot_id": 4,
  "fitness_score": 0.0,
  "total_pnl": 180.26552069187164,
  "win_rate": 0.2776809067131648,
  "total_trades": 68,
  "sharpe_ratio": 1.5003051341821751,
  "max_drawdown": 0.05096588097512722,
  "survival_generations": 1,
  "config": {
    "num_indicators": 4,
    "indicator_indices": [
      0,
      23,
      47,
      25
    ],
    "risk_strategy_bitmap": 260,
    "tp_multiplier": 0.1594506800174713,
    "sl_multiplier": 0.06989293545484543,
    "leverage": 8
  }
}