{
  "rank": 23,
  "bot_id": 104,
  "fitness_score": 0.0,
  "total_pnl": 24.636300086975098,
  "win_rate": 0.2586273653192164,
  "total_trades": 2161,
  "sharpe_ratio": 0.11670871544629335,
  "max_drawdown": 0.16604989022016525,
  "survival_generations": 1,
  "config": {
    "num_indicators": 5,
    "indicator_indices": [
      17,
      4,
      8,
      31,
      42
    ],
    "risk_strategy_bitmap": 4121,
    "tp_multiplier": 0.24121323227882385,
    "sl_multiplier": 0.026708997786045074,
    "leverage": 2
  }
}