{
  "rank": 45,
  "bot_id": 48,
  "fitness_score": 0.0,
  "total_pnl": 123.5860857963562,
  "win_rate": 0.7712418300653594,
  "total_trades": 52,
  "sharpe_ratio": 2.0514224395155907,
  "max_drawdown": 0.045565759763121605,
  "survival_generations": 1,
  "config": {
    "num_indicators": 3,
    "indicator_indices": [
      14,
      19,
      38
    ],
    "risk_strategy_bitmap": 8736,
    "tp_multiplier": 0.19315700232982635,
    "sl_multiplier": 0.04381554573774338,
    "leverage": 5
  }
}