{
  "rank": 66,
  "bot_id": 195,
  "fitness_score": 0.0,
  "total_pnl": 11.664568901062012,
  "win_rate": 0.6313424947145878,
  "total_trades": 87,
  "sharpe_ratio": 0.07850909714276592,
  "max_drawdown": 0.060725780203938484,
  "survival_generations": 1,
  "config": {
    "num_indicators": 3,
    "indicator_indices": [
      46,
      34,
      14
    ],
    "risk_strategy_bitmap": 264,
    "tp_multiplier": 0.12310964614152908,
    "sl_multiplier": 0.029672717675566673,
    "leverage": 2
  }
}