{
  "rank": 87,
  "bot_id": 129,
  "fitness_score": 0.0,
  "total_pnl": -0.9648109674453735,
  "win_rate": 0.45436507936507936,
  "total_trades": 651,
  "sharpe_ratio": 0.1831294186413288,
  "max_drawdown": 0.0993909128010273,
  "survival_generations": 1,
  "config": {
    "num_indicators": 4,
    "indicator_indices": [
      32,
      28,
      33,
      42
    ],
    "risk_strategy_bitmap": 17536,
    "tp_multiplier": 0.011451113037765026,
    "sl_multiplier": 0.09281231462955475,
    "leverage": 4
  }
}