{
  "rank": 93,
  "bot_id": 345,
  "fitness_score": 0.0,
  "total_pnl": 41.44071578979492,
  "win_rate": 0.2860871647509578,
  "total_trades": 91,
  "sharpe_ratio": 0.06520255613658163,
  "max_drawdown": 0.24549545347690582,
  "survival_generations": 1,
  "config": {
    "num_indicators": 4,
    "indicator_indices": [
      25,
      11,
      24,
      1
    ],
    "risk_strategy_bitmap": 2049,
    "tp_multiplier": 0.17053723335266113,
    "sl_multiplier": 0.09488523751497269,
    "leverage": 1
  }
}