{
  "rank": 18,
  "bot_id": 88,
  "fitness_score": 0.0,
  "total_pnl": 373.90968441963196,
  "win_rate": 0.315163450276274,
  "total_trades": 1751,
  "sharpe_ratio": 2.3540496177971364,
  "max_drawdown": 0.15327280387282372,
  "survival_generations": 1,
  "config": {
    "num_indicators": 4,
    "indicator_indices": [
      34,
      46,
      32,
      10
    ],
    "risk_strategy_bitmap": 8201,
    "tp_multiplier": 0.01417471282184124,
    "sl_multiplier": 0.030000779777765274,
    "leverage": 16
  }
}