{
  "rank": 98,
  "bot_id": 128,
  "fitness_score": 0.0,
  "total_pnl": 97.3014246225357,
  "win_rate": 0.3845710495981304,
  "total_trades": 1126,
  "sharpe_ratio": 0.8102108252545198,
  "max_drawdown": 0.12941492721438408,
  "survival_generations": 1,
  "config": {
    "num_indicators": 5,
    "indicator_indices": [
      17,
      15,
      27,
      1,
      39
    ],
    "risk_strategy_bitmap": 16416,
    "tp_multiplier": 0.10895967483520508,
    "sl_multiplier": 0.06606883555650711,
    "leverage": 5
  }
}