{
  "rank": 92,
  "bot_id": 223,
  "fitness_score": 0.0,
  "total_pnl": 16.654462218284607,
  "win_rate": 0.2975519371187817,
  "total_trades": 506,
  "sharpe_ratio": 0.7191482402384282,
  "max_drawdown": 0.08488409295678138,
  "survival_generations": 1,
  "config": {
    "num_indicators": 2,
    "indicator_indices": [
      10,
      35
    ],
    "risk_strategy_bitmap": 74,
    "tp_multiplier": 0.07137445360422134,
    "sl_multiplier": 0.07413425296545029,
    "leverage": 7
  }
}