{
  "rank": 79,
  "bot_id": 281,
  "fitness_score": 0.0,
  "total_pnl": 29.125287532806396,
  "win_rate": 0.4467421467421467,
  "total_trades": 215,
  "sharpe_ratio": 0.22591435412565866,
  "max_drawdown": 0.08775365104277928,
  "survival_generations": 1,
  "config": {
    "num_indicators": 1,
    "indicator_indices": [
      23
    ],
    "risk_strategy_bitmap": 19460,
    "tp_multiplier": 0.10183650255203247,
    "sl_multiplier": 0.05912451818585396,
    "leverage": 2
  }
}