{
  "rank": 89,
  "bot_id": 158,
  "fitness_score": 0.0,
  "total_pnl": -0.22043323516845703,
  "win_rate": 0.416634453567046,
  "total_trades": 796,
  "sharpe_ratio": 0.342267107963562,
  "max_drawdown": 0.09165847823023796,
  "survival_generations": 1,
  "config": {
    "num_indicators": 4,
    "indicator_indices": [
      29,
      5,
      19,
      21
    ],
    "risk_strategy_bitmap": 17056,
    "tp_multiplier": 0.021747715771198273,
    "sl_multiplier": 0.04142773151397705,
    "leverage": 7
  }
}