{
  "rank": 2,
  "bot_id": 2,
  "fitness_score": 0.0,
  "total_pnl": 23.885695457458496,
  "win_rate": 0.34352040237186265,
  "total_trades": 1579,
  "sharpe_ratio": 0.5882149174809456,
  "max_drawdown": 0.08139152079820633,
  "survival_generations": 1,
  "config": {
    "num_indicators": 5,
    "indicator_indices": [
      22,
      0,
      17,
      36,
      20
    ],
    "risk_strategy_bitmap": 16,
    "tp_multiplier": 0.12817585468292236,
    "sl_multiplier": 0.018461108207702637,
    "leverage": 6
  }
}