{
  "rank": 41,
  "bot_id": 22487,
  "fitness_score": 10117.958984375,
  "total_pnl": 113.67994689941406,
  "win_rate": 1.0,
  "total_trades": 2,
  "sharpe_ratio": 10.0,
  "max_drawdown": 0.014420012943446636,
  "survival_generations": 7,
  "config": {
    "num_indicators": 5,
    "indicator_indices": [
      15,
      27,
      40,
      14,
      41
    ],
    "risk_strategy_bitmap": 2121,
    "tp_multiplier": 0.13944679498672485,
    "sl_multiplier": 0.07441353052854538,
    "leverage": 103
  }
}