{
  "rank": 26,
  "bot_id": 110,
  "fitness_score": 0.0,
  "total_pnl": 130.97167015075684,
  "win_rate": 0.6708776303969195,
  "total_trades": 3985,
  "sharpe_ratio": 0.9090168940213819,
  "max_drawdown": 0.10384857282042503,
  "survival_generations": 1,
  "config": {
    "num_indicators": 1,
    "indicator_indices": [
      12
    ],
    "risk_strategy_bitmap": 2564,
    "tp_multiplier": 0.1698271632194519,
    "sl_multiplier": 0.04086465761065483,
    "leverage": 2
  }
}