{
  "rank": 50,
  "bot_id": 30,
  "fitness_score": 0.0,
  "total_pnl": 54.570616006851196,
  "win_rate": 0.4429925637940816,
  "total_trades": 5488,
  "sharpe_ratio": 0.6122919426610073,
  "max_drawdown": 0.1288272812962532,
  "survival_generations": 1,
  "config": {
    "num_indicators": 3,
    "indicator_indices": [
      30,
      22,
      43
    ],
    "risk_strategy_bitmap": 16674,
    "tp_multiplier": 0.1369500607252121,
    "sl_multiplier": 0.013413634151220322,
    "leverage": 4
  }
}