{
  "rank": 9,
  "bot_id": 82,
  "fitness_score": 0.0,
  "total_pnl": 71.51423406600952,
  "win_rate": 0.40350877192982454,
  "total_trades": 37,
  "sharpe_ratio": 0.5959519501775503,
  "max_drawdown": 0.022006835788488388,
  "survival_generations": 1,
  "config": {
    "num_indicators": 3,
    "indicator_indices": [
      18,
      7,
      14
    ],
    "risk_strategy_bitmap": 8260,
    "tp_multiplier": 0.09747836738824844,
    "sl_multiplier": 0.08096527308225632,
    "leverage": 8
  }
}