{
  "rank": 89,
  "bot_id": 131,
  "fitness_score": 0.0,
  "total_pnl": 15.015025615692139,
  "win_rate": 0.5293086202695407,
  "total_trades": 1724,
  "sharpe_ratio": 0.9637121595442295,
  "max_drawdown": 0.11750958487391472,
  "survival_generations": 1,
  "config": {
    "num_indicators": 2,
    "indicator_indices": [
      47,
      21
    ],
    "risk_strategy_bitmap": 10240,
    "tp_multiplier": 0.005491860676556826,
    "sl_multiplier": 0.016435429453849792,
    "leverage": 9
  }
}