{
  "rank": 90,
  "bot_id": 338,
  "fitness_score": 0.0,
  "total_pnl": 82.63464331626892,
  "win_rate": 0.24823348694316438,
  "total_trades": 97,
  "sharpe_ratio": 0.599298424190945,
  "max_drawdown": 0.10546544194221497,
  "survival_generations": 1,
  "config": {
    "num_indicators": 1,
    "indicator_indices": [
      44
    ],
    "risk_strategy_bitmap": 2120,
    "tp_multiplier": 0.22715969383716583,
    "sl_multiplier": 0.07972757518291473,
    "leverage": 3
  }
}