{
  "rank": 88,
  "bot_id": 3394,
  "fitness_score": 10073.1162109375,
  "total_pnl": 78.7491455078125,
  "win_rate": 0.5714285373687744,
  "total_trades": 7,
  "sharpe_ratio": 10.0,
  "max_drawdown": 0.041234664618968964,
  "survival_generations": 10,
  "config": {
    "num_indicators": 4,
    "indicator_indices": [
      40,
      45,
      13,
      23
    ],
    "risk_strategy_bitmap": 28677,
    "tp_multiplier": 0.17946988344192505,
    "sl_multiplier": 0.03033716231584549,
    "leverage": 61
  }
}