{
  "rank": 20,
  "bot_id": 41515,
  "fitness_score": 12551.435546875,
  "total_pnl": -413.65185546875,
  "win_rate": 0.4047619104385376,
  "total_trades": 42,
  "sharpe_ratio": -0.23492750525474548,
  "max_drawdown": 4.256632328033447,
  "survival_generations": 3,
  "config": {
    "num_indicators": 2,
    "indicator_indices": [
      11,
      13
    ],
    "risk_strategy_bitmap": 10,
    "tp_multiplier": 0.16685637831687927,
    "sl_multiplier": 0.015233496204018593,
    "leverage": 40
  }
}