{
  "rank": 78,
  "bot_id": 12817,
  "fitness_score": 10077.244140625,
  "total_pnl": 109.70523071289062,
  "win_rate": 0.29032257199287415,
  "total_trades": 31,
  "sharpe_ratio": 2.3574304580688477,
  "max_drawdown": 0.4653593599796295,
  "survival_generations": 9,
  "config": {
    "num_indicators": 4,
    "indicator_indices": [
      47,
      32,
      31,
      19
    ],
    "risk_strategy_bitmap": 1793,
    "tp_multiplier": 0.19998984038829803,
    "sl_multiplier": 0.024075010791420937,
    "leverage": 23
  }
}