{
  "rank": 66,
  "bot_id": 181,
  "fitness_score": 0.0,
  "total_pnl": 55.39154815673828,
  "win_rate": 0.310304623155291,
  "total_trades": 1018,
  "sharpe_ratio": 1.671552574634552,
  "max_drawdown": 0.09631764963269233,
  "survival_generations": 1,
  "config": {
    "num_indicators": 2,
    "indicator_indices": [
      3,
      22
    ],
    "risk_strategy_bitmap": 9796,
    "tp_multiplier": 0.19801798462867737,
    "sl_multiplier": 0.061682961881160736,
    "leverage": 9
  }
}