{
  "rank": 100,
  "bot_id": 15587,
  "fitness_score": 10068.5107421875,
  "total_pnl": 63.811798095703125,
  "win_rate": 1.0,
  "total_trades": 4,
  "sharpe_ratio": 10.0,
  "max_drawdown": 0.006019973661750555,
  "survival_generations": 3,
  "config": {
    "num_indicators": 4,
    "indicator_indices": [
      41,
      21,
      24,
      14
    ],
    "risk_strategy_bitmap": 28736,
    "tp_multiplier": 0.12654612958431244,
    "sl_multiplier": 0.09001456946134567,
    "leverage": 86
  }
}