{
  "rank": 21,
  "bot_id": 102,
  "fitness_score": 0.0,
  "total_pnl": 122.09511518478394,
  "win_rate": 0.2759745315002214,
  "total_trades": 9433,
  "sharpe_ratio": 0.9325042304893334,
  "max_drawdown": 0.21953412145376205,
  "survival_generations": 1,
  "config": {
    "num_indicators": 5,
    "indicator_indices": [
      7,
      40,
      16,
      28,
      10
    ],
    "risk_strategy_bitmap": 8,
    "tp_multiplier": 0.20875856280326843,
    "sl_multiplier": 0.09074018150568008,
    "leverage": 8
  }
}