{
  "rank": 84,
  "bot_id": 152,
  "fitness_score": 0.0,
  "total_pnl": 14.977647483348846,
  "win_rate": 0.08888888888888888,
  "total_trades": 28,
  "sharpe_ratio": 0.5991059243679047,
  "max_drawdown": 0.01907281205058098,
  "survival_generations": 1,
  "config": {
    "num_indicators": 4,
    "indicator_indices": [
      38,
      28,
      41,
      36
    ],
    "risk_strategy_bitmap": 256,
    "tp_multiplier": 0.0664152130484581,
    "sl_multiplier": 0.004010546021163464,
    "leverage": 8
  }
}