{
  "rank": 33,
  "bot_id": 122,
  "fitness_score": 0.0,
  "total_pnl": 147.30359077453613,
  "win_rate": 0.33813971265792364,
  "total_trades": 4601,
  "sharpe_ratio": 1.5981054496175298,
  "max_drawdown": 0.26767498254776,
  "survival_generations": 1,
  "config": {
    "num_indicators": 2,
    "indicator_indices": [
      47,
      35
    ],
    "risk_strategy_bitmap": 66,
    "tp_multiplier": 0.1547374725341797,
    "sl_multiplier": 0.07662320882081985,
    "leverage": 10
  }
}