{
  "rank": 86,
  "bot_id": 320,
  "fitness_score": 0.0,
  "total_pnl": -0.2519989013671875,
  "win_rate": 0.0,
  "total_trades": 36,
  "sharpe_ratio": -0.001399993896484375,
  "max_drawdown": 0.0,
  "survival_generations": 1,
  "config": {
    "num_indicators": 3,
    "indicator_indices": [
      25,
      10,
      36
    ],
    "risk_strategy_bitmap": 528,
    "tp_multiplier": 0.1800043135881424,
    "sl_multiplier": 0.0678144097328186,
    "leverage": 2
  }
}