{
  "rank": 14,
  "bot_id": 91,
  "fitness_score": 0.0,
  "total_pnl": 57.22384810447693,
  "win_rate": 0.38340336134453784,
  "total_trades": 442,
  "sharpe_ratio": 0.6187708346794049,
  "max_drawdown": 0.13110338896512985,
  "survival_generations": 1,
  "config": {
    "num_indicators": 4,
    "indicator_indices": [
      0,
      11,
      29,
      12
    ],
    "risk_strategy_bitmap": 272,
    "tp_multiplier": 0.2252713292837143,
    "sl_multiplier": 0.09155833721160889,
    "leverage": 4
  }
}