{
  "rank": 43,
  "bot_id": 16,
  "fitness_score": 0.0,
  "total_pnl": 39.29715895652771,
  "win_rate": 0.2725829519450801,
  "total_trades": 748,
  "sharpe_ratio": 0.3648832783801481,
  "max_drawdown": 0.11525275930762291,
  "survival_generations": 1,
  "config": {
    "num_indicators": 5,
    "indicator_indices": [
      22,
      4,
      11,
      43,
      31
    ],
    "risk_strategy_bitmap": 4736,
    "tp_multiplier": 0.1694173663854599,
    "sl_multiplier": 0.08001735806465149,
    "leverage": 4
  }
}