{
  "rank": 46,
  "bot_id": 22,
  "fitness_score": 0.0,
  "total_pnl": 816.2880601882935,
  "win_rate": 0.4568747496093507,
  "total_trades": 3169,
  "sharpe_ratio": 6.0428076684474945,
  "max_drawdown": 0.12002407386898994,
  "survival_generations": 1,
  "config": {
    "num_indicators": 2,
    "indicator_indices": [
      49,
      27
    ],
    "risk_strategy_bitmap": 512,
    "tp_multiplier": 0.24326223134994507,
    "sl_multiplier": 0.05783672630786896,
    "leverage": 7
  }
}