{
  "rank": 76,
  "bot_id": 266,
  "fitness_score": 0.0,
  "total_pnl": 142.45556735992432,
  "win_rate": 0.7155530981708669,
  "total_trades": 689,
  "sharpe_ratio": 0.38923895778134465,
  "max_drawdown": 0.11344738056262334,
  "survival_generations": 1,
  "config": {
    "num_indicators": 1,
    "indicator_indices": [
      14
    ],
    "risk_strategy_bitmap": 1280,
    "tp_multiplier": 0.21427811682224274,
    "sl_multiplier": 0.042137809097766876,
    "leverage": 1
  }
}