{
  "rank": 98,
  "bot_id": 171,
  "fitness_score": 0.0,
  "total_pnl": 70.63964748382568,
  "win_rate": 0.6016233766233767,
  "total_trades": 43,
  "sharpe_ratio": 2.729699730873108,
  "max_drawdown": 0.038139366544783115,
  "survival_generations": 1,
  "config": {
    "num_indicators": 5,
    "indicator_indices": [
      2,
      15,
      38,
      25,
      43
    ],
    "risk_strategy_bitmap": 10264,
    "tp_multiplier": 0.07487437129020691,
    "sl_multiplier": 0.09136834740638733,
    "leverage": 9
  }
}