{
  "rank": 94,
  "bot_id": 63,
  "fitness_score": 0.0,
  "total_pnl": 1506.9777755737305,
  "win_rate": 0.4538069497502142,
  "total_trades": 14382,
  "sharpe_ratio": 8.745797696709634,
  "max_drawdown": 0.06433966495096684,
  "survival_generations": 1,
  "config": {
    "num_indicators": 2,
    "indicator_indices": [
      47,
      49
    ],
    "risk_strategy_bitmap": 4,
    "tp_multiplier": 0.10481312870979309,
    "sl_multiplier": 0.059805408120155334,
    "leverage": 22
  }
}