{
  "rank": 35,
  "bot_id": 58,
  "fitness_score": 0.0,
  "total_pnl": 19.689461708068848,
  "win_rate": 0.28132911392405063,
  "total_trades": 711,
  "sharpe_ratio": 0.8436688482761383,
  "max_drawdown": 0.06787917762994766,
  "survival_generations": 1,
  "config": {
    "num_indicators": 2,
    "indicator_indices": [
      7,
      3
    ],
    "risk_strategy_bitmap": 24704,
    "tp_multiplier": 0.18277136981487274,
    "sl_multiplier": 0.061890363693237305,
    "leverage": 4
  }
}