{
  "rank": 81,
  "bot_id": 294,
  "fitness_score": 0.0,
  "total_pnl": 1.4387006759643555,
  "win_rate": 0.15638740344622695,
  "total_trades": 92,
  "sharpe_ratio": 0.008967928795350922,
  "max_drawdown": 0.11223093420267105,
  "survival_generations": 1,
  "config": {
    "num_indicators": 2,
    "indicator_indices": [
      44,
      28
    ],
    "risk_strategy_bitmap": 8448,
    "tp_multiplier": 0.1867792308330536,
    "sl_multiplier": 0.03175145760178566,
    "leverage": 1
  }
}