{
  "rank": 87,
  "bot_id": 155,
  "fitness_score": 0.0,
  "total_pnl": 1.0049543380737305,
  "win_rate": 0.4,
  "total_trades": 3,
  "sharpe_ratio": 0.04008592963218689,
  "max_drawdown": 0.030083998292684554,
  "survival_generations": 1,
  "config": {
    "num_indicators": 3,
    "indicator_indices": [
      12,
      46,
      25
    ],
    "risk_strategy_bitmap": 16641,
    "tp_multiplier": 0.016636408865451813,
    "sl_multiplier": 0.02038482390344143,
    "leverage": 4
  }
}