{
  "rank": 5,
  "bot_id": 72,
  "fitness_score": 0.0,
  "total_pnl": 200.5477638244629,
  "win_rate": 0.3296801638282645,
  "total_trades": 5221,
  "sharpe_ratio": 1.160046183814605,
  "max_drawdown": 0.33232349157333374,
  "survival_generations": 1,
  "config": {
    "num_indicators": 5,
    "indicator_indices": [
      7,
      22,
      18,
      31,
      30
    ],
    "risk_strategy_bitmap": 263,
    "tp_multiplier": 0.1819363385438919,
    "sl_multiplier": 0.0031789003405719995,
    "leverage": 9
  }
}