{
  "rank": 29,
  "bot_id": 44,
  "fitness_score": 0.0,
  "total_pnl": 15.716507077217102,
  "win_rate": 0.2914918400450205,
  "total_trades": 2409,
  "sharpe_ratio": 0.5367635171860456,
  "max_drawdown": 0.08923754096031189,
  "survival_generations": 1,
  "config": {
    "num_indicators": 2,
    "indicator_indices": [
      7,
      38
    ],
    "risk_strategy_bitmap": 36,
    "tp_multiplier": 0.04673970863223076,
    "sl_multiplier": 0.05589320883154869,
    "leverage": 8
  }
}