{
  "rank": 38,
  "bot_id": 8,
  "fitness_score": 0.0,
  "total_pnl": 174.01938140392303,
  "win_rate": 0.25076184401686685,
  "total_trades": 1508,
  "sharpe_ratio": 1.377765745545427,
  "max_drawdown": 0.10089046508073807,
  "survival_generations": 1,
  "config": {
    "num_indicators": 5,
    "indicator_indices": [
      47,
      40,
      11,
      32,
      10
    ],
    "risk_strategy_bitmap": 2084,
    "tp_multiplier": 0.20004025101661682,
    "sl_multiplier": 0.04855678230524063,
    "leverage": 7
  }
}