{
  "rank": 26,
  "bot_id": 45,
  "fitness_score": 0.0,
  "total_pnl": 9.691068172454834,
  "win_rate": 0.26764835172809853,
  "total_trades": 583,
  "sharpe_ratio": 0.6204961910843849,
  "max_drawdown": 0.11340820714831353,
  "survival_generations": 1,
  "config": {
    "num_indicators": 4,
    "indicator_indices": [
      49,
      16,
      5,
      37
    ],
    "risk_strategy_bitmap": 8256,
    "tp_multiplier": 0.21743588149547577,
    "sl_multiplier": 0.04085906967520714,
    "leverage": 5
  }
}