{
  "rank": 17,
  "bot_id": 95,
  "fitness_score": 0.0,
  "total_pnl": 2.50175404548645,
  "win_rate": 0.23193567944442914,
  "total_trades": 1078,
  "sharpe_ratio": 0.04464797396212816,
  "max_drawdown": 0.06705547869205475,
  "survival_generations": 1,
  "config": {
    "num_indicators": 5,
    "indicator_indices": [
      11,
      20,
      24,
      26,
      39
    ],
    "risk_strategy_bitmap": 12296,
    "tp_multiplier": 0.04305185750126839,
    "sl_multiplier": 0.004410977475345135,
    "leverage": 3
  }
}