{
  "rank": 62,
  "bot_id": 60,
  "fitness_score": 0.0,
  "total_pnl": 445.6751437187195,
  "win_rate": 0.6492025518341308,
  "total_trades": 449,
  "sharpe_ratio": 3.169188388933738,
  "max_drawdown": 0.11365924030542374,
  "survival_generations": 1,
  "config": {
    "num_indicators": 1,
    "indicator_indices": [
      14
    ],
    "risk_strategy_bitmap": 4366,
    "tp_multiplier": 0.07358121126890182,
    "sl_multiplier": 0.06503567099571228,
    "leverage": 7
  }
}