{
  "rank": 91,
  "bot_id": 339,
  "fitness_score": 0.0,
  "total_pnl": 274.2518434524536,
  "win_rate": 0.41541521217974003,
  "total_trades": 4032,
  "sharpe_ratio": 0.7052643571255935,
  "max_drawdown": 0.1764901578426361,
  "survival_generations": 1,
  "config": {
    "num_indicators": 4,
    "indicator_indices": [
      43,
      10,
      29,
      39
    ],
    "risk_strategy_bitmap": 65,
    "tp_multiplier": 0.23969392478466034,
    "sl_multiplier": 0.05471913143992424,
    "leverage": 3
  }
}