{
  "rank": 82,
  "bot_id": 146,
  "fitness_score": 0.0,
  "total_pnl": 14.529307126998901,
  "win_rate": 0.6,
  "total_trades": 5,
  "sharpe_ratio": 0.5811722755432129,
  "max_drawdown": 0.01435569766908884,
  "survival_generations": 1,
  "config": {
    "num_indicators": 3,
    "indicator_indices": [
      25,
      11,
      15
    ],
    "risk_strategy_bitmap": 608,
    "tp_multiplier": 0.08283193409442902,
    "sl_multiplier": 0.030671192333102226,
    "leverage": 7
  }
}