{
  "rank": 2,
  "bot_id": 67,
  "fitness_score": 0.0,
  "total_pnl": 156.23455166816711,
  "win_rate": 0.48397435897435903,
  "total_trades": 224,
  "sharpe_ratio": 1.298380132143696,
  "max_drawdown": 0.07263721898198128,
  "survival_generations": 1,
  "config": {
    "num_indicators": 4,
    "indicator_indices": [
      1,
      15,
      20,
      32
    ],
    "risk_strategy_bitmap": 1024,
    "tp_multiplier": 0.24703475832939148,
    "sl_multiplier": 0.0970885306596756,
    "leverage": 4
  }
}