{
  "rank": 61,
  "bot_id": 56,
  "fitness_score": 0.0,
  "total_pnl": 37.31870150566101,
  "win_rate": 0.2776869483810131,
  "total_trades": 1883,
  "sharpe_ratio": 0.3728282367810607,
  "max_drawdown": 0.09844351187348366,
  "survival_generations": 1,
  "config": {
    "num_indicators": 5,
    "indicator_indices": [
      9,
      4,
      28,
      46,
      23
    ],
    "risk_strategy_bitmap": 8294,
    "tp_multiplier": 0.078839510679245,
    "sl_multiplier": 0.04394201561808586,
    "leverage": 5
  }
}