{
  "rank": 52,
  "bot_id": 34,
  "fitness_score": 0.0,
  "total_pnl": -0.167999267578125,
  "win_rate": 0.0,
  "total_trades": 24,
  "sharpe_ratio": -0.001399993896484375,
  "max_drawdown": 0.0,
  "survival_generations": 1,
  "config": {
    "num_indicators": 3,
    "indicator_indices": [
      1,
      24,
      37
    ],
    "risk_strategy_bitmap": 12416,
    "tp_multiplier": 0.202968031167984,
    "sl_multiplier": 0.052136823534965515,
    "leverage": 7
  }
}