{
  "rank": 80,
  "bot_id": 282,
  "fitness_score": 0.0,
  "total_pnl": 54.068763256073,
  "win_rate": 0.34358974358974353,
  "total_trades": 66,
  "sharpe_ratio": 0.3456302632888158,
  "max_drawdown": 0.07804092392325401,
  "survival_generations": 1,
  "config": {
    "num_indicators": 4,
    "indicator_indices": [
      48,
      42,
      36,
      45
    ],
    "risk_strategy_bitmap": 4096,
    "tp_multiplier": 0.1677621304988861,
    "sl_multiplier": 0.06920310109853745,
    "leverage": 2
  }
}