{
  "rank": 10,
  "bot_id": 84,
  "fitness_score": 0.0,
  "total_pnl": 2053.38152885437,
  "win_rate": 0.6955041893956035,
  "total_trades": 3955,
  "sharpe_ratio": 7.1724876798689365,
  "max_drawdown": 0.19331099838018417,
  "survival_generations": 1,
  "config": {
    "num_indicators": 1,
    "indicator_indices": [
      12
    ],
    "risk_strategy_bitmap": 16529,
    "tp_multiplier": 0.17975981533527374,
    "sl_multiplier": 0.07186609506607056,
    "leverage": 8
  }
}