{
  "rank": 56,
  "bot_id": 101,
  "fitness_score": 0.0,
  "total_pnl": 7.897987365722656,
  "win_rate": 0.3068302840997219,
  "total_trades": 654,
  "sharpe_ratio": 0.3999704420566559,
  "max_drawdown": 0.06824355497956276,
  "survival_generations": 1,
  "config": {
    "num_indicators": 5,
    "indicator_indices": [
      7,
      43,
      9,
      30,
      44
    ],
    "risk_strategy_bitmap": 2,
    "tp_multiplier": 0.16921879351139069,
    "sl_multiplier": 0.024315491318702698,
    "leverage": 3
  }
}