{
  "rank": 55,
  "bot_id": 41,
  "fitness_score": 0.0,
  "total_pnl": 225.14502000808716,
  "win_rate": 0.32380952380952377,
  "total_trades": 62,
  "sharpe_ratio": 1.8657482390602431,
  "max_drawdown": 0.062202731147408485,
  "survival_generations": 1,
  "config": {
    "num_indicators": 3,
    "indicator_indices": [
      10,
      3,
      25
    ],
    "risk_strategy_bitmap": 8224,
    "tp_multiplier": 0.1363138109445572,
    "sl_multiplier": 0.05939025431871414,
    "leverage": 9
  }
}