{
  "rank": 94,
  "bot_id": 248,
  "fitness_score": 0.0,
  "total_pnl": 171.42193388938904,
  "win_rate": 0.23104260729001858,
  "total_trades": 3059,
  "sharpe_ratio": 1.267795238061808,
  "max_drawdown": 0.1362234726548195,
  "survival_generations": 1,
  "config": {
    "num_indicators": 2,
    "indicator_indices": [
      39,
      10
    ],
    "risk_strategy_bitmap": 9280,
    "tp_multiplier": 0.16829948127269745,
    "sl_multiplier": 0.06454703211784363,
    "leverage": 8
  }
}