{
  "rank": 78,
  "bot_id": 212,
  "fitness_score": 0.0,
  "total_pnl": 325.35254883766174,
  "win_rate": 0.4226342710997443,
  "total_trades": 160,
  "sharpe_ratio": 2.099104548494021,
  "max_drawdown": 0.19010063260793686,
  "survival_generations": 1,
  "config": {
    "num_indicators": 4,
    "indicator_indices": [
      22,
      23,
      0,
      13
    ],
    "risk_strategy_bitmap": 8193,
    "tp_multiplier": 0.1781618446111679,
    "sl_multiplier": 0.020042508840560913,
    "leverage": 6
  }
}