{
  "rank": 75,
  "bot_id": 263,
  "fitness_score": 0.0,
  "total_pnl": 7.444573879241943,
  "win_rate": 0.24893141945773523,
  "total_trades": 91,
  "sharpe_ratio": 0.08086301510532698,
  "max_drawdown": 0.07519245023528735,
  "survival_generations": 1,
  "config": {
    "num_indicators": 2,
    "indicator_indices": [
      47,
      31
    ],
    "risk_strategy_bitmap": 4162,
    "tp_multiplier": 0.12505298852920532,
    "sl_multiplier": 0.02624092996120453,
    "leverage": 2
  }
}