{
  "rank": 40,
  "bot_id": 10,
  "fitness_score": 0.0,
  "total_pnl": 87.69021379947662,
  "win_rate": 0.27858439201451907,
  "total_trades": 67,
  "sharpe_ratio": 0.7727599848682682,
  "max_drawdown": 0.09080692008137703,
  "survival_generations": 1,
  "config": {
    "num_indicators": 2,
    "indicator_indices": [
      41,
      26
    ],
    "risk_strategy_bitmap": 6144,
    "tp_multiplier": 0.07887367904186249,
    "sl_multiplier": 0.09637799113988876,
    "leverage": 9
  }
}