{
  "rank": 20,
  "bot_id": 98,
  "fitness_score": 0.0,
  "total_pnl": 318.8056745529175,
  "win_rate": 0.3028874557910246,
  "total_trades": 16366,
  "sharpe_ratio": 1.7785623461628954,
  "max_drawdown": 0.2540802136063576,
  "survival_generations": 1,
  "config": {
    "num_indicators": 4,
    "indicator_indices": [
      33,
      22,
      21,
      18
    ],
    "risk_strategy_bitmap": 12326,
    "tp_multiplier": 0.19099433720111847,
    "sl_multiplier": 0.08680348843336105,
    "leverage": 9
  }
}