{
  "rank": 83,
  "bot_id": 151,
  "fitness_score": 0.0,
  "total_pnl": 9.205701351165771,
  "win_rate": 0.427510958042751,
  "total_trades": 119,
  "sharpe_ratio": 1.2526205897331237,
  "max_drawdown": 0.0934240274131298,
  "survival_generations": 1,
  "config": {
    "num_indicators": 4,
    "indicator_indices": [
      4,
      29,
      33,
      36
    ],
    "risk_strategy_bitmap": 80,
    "tp_multiplier": 0.10578533262014389,
    "sl_multiplier": 0.04818926379084587,
    "leverage": 6
  }
}