{
  "rank": 64,
  "bot_id": 62,
  "fitness_score": 0.0,
  "total_pnl": 21.11148428916931,
  "win_rate": 0.37697078831532616,
  "total_trades": 1183,
  "sharpe_ratio": 0.4409045707434416,
  "max_drawdown": 0.22334711253643036,
  "survival_generations": 1,
  "config": {
    "num_indicators": 2,
    "indicator_indices": [
      27,
      2
    ],
    "risk_strategy_bitmap": 17665,
    "tp_multiplier": 0.049630213528871536,
    "sl_multiplier": 0.056809354573488235,
    "leverage": 6
  }
}