{
  "rank": 88,
  "bot_id": 157,
  "fitness_score": 0.0,
  "total_pnl": 24.263189554214478,
  "win_rate": 0.19166666666666665,
  "total_trades": 33,
  "sharpe_ratio": 0.8955160140991211,
  "max_drawdown": 0.043238778598606586,
  "survival_generations": 1,
  "config": {
    "num_indicators": 2,
    "indicator_indices": [
      28,
      41
    ],
    "risk_strategy_bitmap": 17410,
    "tp_multiplier": 0.23259848356246948,
    "sl_multiplier": 0.07431609183549881,
    "leverage": 9
  }
}