{
  "rank": 44,
  "bot_id": 17,
  "fitness_score": 0.0,
  "total_pnl": 290.3494564294815,
  "win_rate": 0.4318181818181818,
  "total_trades": 42,
  "sharpe_ratio": 2.4205047277112803,
  "max_drawdown": 0.05028015002608299,
  "survival_generations": 1,
  "config": {
    "num_indicators": 5,
    "indicator_indices": [
      13,
      42,
      23,
      9,
      10
    ],
    "risk_strategy_bitmap": 17424,
    "tp_multiplier": 0.23308731615543365,
    "sl_multiplier": 0.05630858987569809,
    "leverage": 8
  }
}