{
  "rank": 49,
  "bot_id": 124,
  "fitness_score": 0.0,
  "total_pnl": 245.77791213989258,
  "win_rate": 0.318536029330934,
  "total_trades": 1297,
  "sharpe_ratio": 2.9477332293987275,
  "max_drawdown": 0.11450622845441102,
  "survival_generations": 1,
  "config": {
    "num_indicators": 5,
    "indicator_indices": [
      34,
      47,
      4,
      8,
      14
    ],
    "risk_strategy_bitmap": 84,
    "tp_multiplier": 0.046352580189704895,
    "sl_multiplier": 0.07665174454450607,
    "leverage": 17
  }
}