{
  "rank": 97,
  "bot_id": 170,
  "fitness_score": 0.0,
  "total_pnl": 16.79744577407837,
  "win_rate": 0.3119684406290297,
  "total_trades": 787,
  "sharpe_ratio": 0.8940941601991653,
  "max_drawdown": 0.09230930507183074,
  "survival_generations": 1,
  "config": {
    "num_indicators": 5,
    "indicator_indices": [
      1,
      34,
      9,
      45,
      30
    ],
    "risk_strategy_bitmap": 1282,
    "tp_multiplier": 0.061262331902980804,
    "sl_multiplier": 0.005253113340586424,
    "leverage": 7
  }
}