{
  "rank": 13,
  "bot_id": 89,
  "fitness_score": 0.0,
  "total_pnl": 13.671485424041748,
  "win_rate": 0.33017241379310347,
  "total_trades": 69,
  "sharpe_ratio": 0.16426385069886845,
  "max_drawdown": 0.08028014749288559,
  "survival_generations": 1,
  "config": {
    "num_indicators": 1,
    "indicator_indices": [
      31
    ],
    "risk_strategy_bitmap": 8192,
    "tp_multiplier": 0.04746651276946068,
    "sl_multiplier": 0.04777447506785393,
    "leverage": 5
  }
}