{
  "rank": 95,
  "bot_id": 168,
  "fitness_score": 0.0,
  "total_pnl": 44.5094108581543,
  "win_rate": 0.4666666666666666,
  "total_trades": 7,
  "sharpe_ratio": 1.7803763568401336,
  "max_drawdown": 0.036430221796035764,
  "survival_generations": 1,
  "config": {
    "num_indicators": 2,
    "indicator_indices": [
      42,
      31
    ],
    "risk_strategy_bitmap": 67,
    "tp_multiplier": 0.18191422522068024,
    "sl_multiplier": 0.01743686944246292,
    "leverage": 6
  }
}