{
  "rank": 92,
  "bot_id": 243,
  "fitness_score": 0.0,
  "total_pnl": 94.18310213088989,
  "win_rate": 0.3424894860925224,
  "total_trades": 2394,
  "sharpe_ratio": 0.9774169400334358,
  "max_drawdown": 0.1685030683875084,
  "survival_generations": 1,
  "config": {
    "num_indicators": 4,
    "indicator_indices": [
      4,
      24,
      20,
      30
    ],
    "risk_strategy_bitmap": 8,
    "tp_multiplier": 0.21707002818584442,
    "sl_multiplier": 0.026090575382113457,
    "leverage": 6
  }
}