{
  "rank": 69,
  "bot_id": 188,
  "fitness_score": 0.0,
  "total_pnl": 84.0169506072998,
  "win_rate": 0.4413888888888889,
  "total_trades": 49,
  "sharpe_ratio": 2.9038767218589783,
  "max_drawdown": 0.0758669264614582,
  "survival_generations": 1,
  "config": {
    "num_indicators": 4,
    "indicator_indices": [
      40,
      10,
      14,
      15
    ],
    "risk_strategy_bitmap": 9225,
    "tp_multiplier": 0.18041794002056122,
    "sl_multiplier": 0.08658769726753235,
    "leverage": 10
  }
}