{
  "rank": 3,
  "bot_id": 68,
  "fitness_score": 0.0,
  "total_pnl": 110.97143769264221,
  "win_rate": 0.28896486795159426,
  "total_trades": 3906,
  "sharpe_ratio": 1.1094008026799809,
  "max_drawdown": 0.1511899121105671,
  "survival_generations": 1,
  "config": {
    "num_indicators": 4,
    "indicator_indices": [
      26,
      42,
      17,
      41
    ],
    "risk_strategy_bitmap": 24704,
    "tp_multiplier": 0.07468416541814804,
    "sl_multiplier": 0.006090038921684027,
    "leverage": 8
  }
}