{
  "rank": 42,
  "bot_id": 66,
  "fitness_score": 0.0,
  "total_pnl": 14.632534980773926,
  "win_rate": 0.35255378839449636,
  "total_trades": 1393,
  "sharpe_ratio": 0.946600079536438,
  "max_drawdown": 0.09931206330657005,
  "survival_generations": 1,
  "config": {
    "num_indicators": 4,
    "indicator_indices": [
      48,
      2,
      13,
      38
    ],
    "risk_strategy_bitmap": 20544,
    "tp_multiplier": 0.18260729312896729,
    "sl_multiplier": 0.04047292843461037,
    "leverage": 7
  }
}