{
  "rank": 23,
  "bot_id": 39,
  "fitness_score": 0.0,
  "total_pnl": 0.8662147521972656,
  "win_rate": 0.1,
  "total_trades": 4,
  "sharpe_ratio": 0.008418115228414536,
  "max_drawdown": 0.12069024443626404,
  "survival_generations": 1,
  "config": {
    "num_indicators": 3,
    "indicator_indices": [
      15,
      30,
      24
    ],
    "risk_strategy_bitmap": 16517,
    "tp_multiplier": 0.09869977831840515,
    "sl_multiplier": 0.017560860142111778,
    "leverage": 1
  }
}