{
  "rank": 23,
  "bot_id": 118,
  "fitness_score": 0.0,
  "total_pnl": 113.00928044319153,
  "win_rate": 0.2588888888888889,
  "total_trades": 43,
  "sharpe_ratio": 1.8723793145036325,
  "max_drawdown": 0.1779428869485855,
  "survival_generations": 1,
  "config": {
    "num_indicators": 3,
    "indicator_indices": [
      1,
      41,
      34
    ],
    "risk_strategy_bitmap": 1,
    "tp_multiplier": 0.22898739576339722,
    "sl_multiplier": 0.07746930420398712,
    "leverage": 5
  }
}