{
  "rank": 83,
  "bot_id": 196,
  "fitness_score": 0.0,
  "total_pnl": 3.9300525188446045,
  "win_rate": 0.35536723715903595,
  "total_trades": 1568,
  "sharpe_ratio": 0.16168206930160522,
  "max_drawdown": 0.0892249271273613,
  "survival_generations": 1,
  "config": {
    "num_indicators": 2,
    "indicator_indices": [
      1,
      22
    ],
    "risk_strategy_bitmap": 8198,
    "tp_multiplier": 0.2166478931903839,
    "sl_multiplier": 0.06607496738433838,
    "leverage": 3
  }
}