{
  "rank": 71,
  "bot_id": 204,
  "fitness_score": 0.0,
  "total_pnl": 19.39537811279297,
  "win_rate": 0.5,
  "total_trades": 34,
  "sharpe_ratio": 0.08125601258749762,
  "max_drawdown": 0.10707015916705132,
  "survival_generations": 1,
  "config": {
    "num_indicators": 3,
    "indicator_indices": [
      22,
      31,
      9
    ],
    "risk_strategy_bitmap": 18434,
    "tp_multiplier": 0.15542209148406982,
    "sl_multiplier": 0.0335766077041626,
    "leverage": 1
  }
}