{
  "rank": 85,
  "bot_id": 47,
  "fitness_score": 0.0,
  "total_pnl": 570.4847831428051,
  "win_rate": 0.3884859549299021,
  "total_trades": 5702,
  "sharpe_ratio": 4.977954591624439,
  "max_drawdown": 0.058549906313419345,
  "survival_generations": 1,
  "config": {
    "num_indicators": 2,
    "indicator_indices": [
      16,
      42
    ],
    "risk_strategy_bitmap": 16448,
    "tp_multiplier": 0.012354773469269276,
    "sl_multiplier": 0.04654594138264656,
    "leverage": 22
  }
}