{
  "rank": 83,
  "bot_id": 313,
  "fitness_score": 0.0,
  "total_pnl": 21.068020343780518,
  "win_rate": 0.28624397478680014,
  "total_trades": 91,
  "sharpe_ratio": 0.17406567765606776,
  "max_drawdown": 0.0704987570643425,
  "survival_generations": 1,
  "config": {
    "num_indicators": 4,
    "indicator_indices": [
      9,
      31,
      45,
      32
    ],
    "risk_strategy_bitmap": 112,
    "tp_multiplier": 0.1447613388299942,
    "sl_multiplier": 0.08104563504457474,
    "leverage": 3
  }
}