{
  "rank": 83,
  "bot_id": 156,
  "fitness_score": 0.0,
  "total_pnl": 37.160890221595764,
  "win_rate": 0.29702329594478,
  "total_trades": 137,
  "sharpe_ratio": 0.3096740832552314,
  "max_drawdown": 0.04495376534759998,
  "survival_generations": 1,
  "config": {
    "num_indicators": 1,
    "indicator_indices": [
      24
    ],
    "risk_strategy_bitmap": 900,
    "tp_multiplier": 0.0710846558213234,
    "sl_multiplier": 0.0715172216296196,
    "leverage": 7
  }
}