{
  "rank": 30,
  "bot_id": 115,
  "fitness_score": 0.0,
  "total_pnl": 115.71777248382568,
  "win_rate": 0.20435650149650814,
  "total_trades": 159,
  "sharpe_ratio": 0.9643147460495433,
  "max_drawdown": 0.031228484585881233,
  "survival_generations": 1,
  "config": {
    "num_indicators": 3,
    "indicator_indices": [
      15,
      1,
      27
    ],
    "risk_strategy_bitmap": 4364,
    "tp_multiplier": 0.20082561671733856,
    "sl_multiplier": 0.0023371907882392406,
    "leverage": 7
  }
}