{
  "rank": 24,
  "bot_id": 100,
  "fitness_score": 0.0,
  "total_pnl": -0.5840444564819336,
  "win_rate": 0.5525568181818181,
  "total_trades": 54,
  "sharpe_ratio": -0.007368992082774639,
  "max_drawdown": 0.11540405079722404,
  "survival_generations": 1,
  "config": {
    "num_indicators": 4,
    "indicator_indices": [
      16,
      23,
      18,
      15
    ],
    "risk_strategy_bitmap": 2568,
    "tp_multiplier": 0.03373299166560173,
    "sl_multiplier": 0.09772756695747375,
    "leverage": 1
  }
}