{
  "rank": 100,
  "bot_id": 0,
  "fitness_score": 0.0,
  "total_pnl": 142.4764313697815,
  "win_rate": 0.41666666666666663,
  "total_trades": 56,
  "sharpe_ratio": 1.2155756292243798,
  "max_drawdown": 0.06873786635696888,
  "survival_generations": 798,
  "config": {
    "num_indicators": 2,
    "indicator_indices": [
      43,
      31
    ],
    "risk_strategy_bitmap": 64,
    "tp_multiplier": 0.23592332005500793,
    "sl_multiplier": 0.07803645730018616,
    "leverage": 3
  }
}