{
  "rank": 7,
  "bot_id": 26001,
  "fitness_score": 21746.423828125,
  "total_pnl": -90.504150390625,
  "win_rate": 0.2577756941318512,
  "total_trades": 2122,
  "sharpe_ratio": -0.9981381893157959,
  "max_drawdown": 0.9067295789718628,
  "survival_generations": 6,
  "config": {
    "num_indicators": 4,
    "indicator_indices": [
      42,
      12,
      26,
      40
    ],
    "risk_strategy_bitmap": 768,
    "tp_multiplier": 0.15948237478733063,
    "sl_multiplier": 0.071300208568573,
    "leverage": 23
  }
}