{
  "rank": 24,
  "bot_id": 106,
  "fitness_score": 0.0,
  "total_pnl": 68.37272369861603,
  "win_rate": 0.5250836120401338,
  "total_trades": 36,
  "sharpe_ratio": 0.6087433931728203,
  "max_drawdown": 0.06962291523814201,
  "survival_generations": 1,
  "config": {
    "num_indicators": 3,
    "indicator_indices": [
      31,
      43,
      17
    ],
    "risk_strategy_bitmap": 7184,
    "tp_multiplier": 0.09060874581336975,
    "sl_multiplier": 0.03225270286202431,
    "leverage": 6
  }
}