{
  "rank": 49,
  "bot_id": 177,
  "fitness_score": 0.0,
  "total_pnl": 11.228856086730957,
  "win_rate": 0.2504743833017078,
  "total_trades": 96,
  "sharpe_ratio": 0.03974444046616554,
  "max_drawdown": 0.12532496203978857,
  "survival_generations": 1,
  "config": {
    "num_indicators": 1,
    "indicator_indices": [
      44
    ],
    "risk_strategy_bitmap": 2048,
    "tp_multiplier": 0.14768821001052856,
    "sl_multiplier": 0.08351045846939087,
    "leverage": 1
  }
}