{
  "rank": 69,
  "bot_id": 200,
  "fitness_score": 0.0,
  "total_pnl": 88.3262791633606,
  "win_rate": 0.4066666666666666,
  "total_trades": 58,
  "sharpe_ratio": 0.7797202327831958,
  "max_drawdown": 0.11203658580780029,
  "survival_generations": 1,
  "config": {
    "num_indicators": 1,
    "indicator_indices": [
      25
    ],
    "risk_strategy_bitmap": 770,
    "tp_multiplier": 0.24610157310962677,
    "sl_multiplier": 0.09098207950592041,
    "leverage": 2
  }
}