{
  "rank": 19,
  "bot_id": 97,
  "fitness_score": 0.0,
  "total_pnl": 52.11787986755371,
  "win_rate": 1.0,
  "total_trades": 24,
  "sharpe_ratio": 0.4343156528969606,
  "max_drawdown": 0.012570037506520748,
  "survival_generations": 1,
  "config": {
    "num_indicators": 4,
    "indicator_indices": [
      22,
      24,
      37,
      15
    ],
    "risk_strategy_bitmap": 12288,
    "tp_multiplier": 0.027181187644600868,
    "sl_multiplier": 0.006580935325473547,
    "leverage": 8
  }
}