{
  "rank": 6,
  "bot_id": 73,
  "fitness_score": 0.0,
  "total_pnl": 326.77343785762787,
  "win_rate": 0.33908103250945987,
  "total_trades": 11905,
  "sharpe_ratio": 1.7180045923839014,
  "max_drawdown": 0.23654719442129135,
  "survival_generations": 1,
  "config": {
    "num_indicators": 4,
    "indicator_indices": [
      40,
      49,
      3,
      22
    ],
    "risk_strategy_bitmap": 1043,
    "tp_multiplier": 0.10897383093833923,
    "sl_multiplier": 0.002265455201268196,
    "leverage": 7
  }
}