{
  "rank": 67,
  "bot_id": 198,
  "fitness_score": 0.0,
  "total_pnl": 335.0980529785156,
  "win_rate": 0.2334921804388892,
  "total_trades": 4324,
  "sharpe_ratio": 1.9669328754146895,
  "max_drawdown": 0.1509859450161457,
  "survival_generations": 1,
  "config": {
    "num_indicators": 4,
    "indicator_indices": [
      11,
      35,
      18,
      4
    ],
    "risk_strategy_bitmap": 66,
    "tp_multiplier": 0.24854427576065063,
    "sl_multiplier": 0.006278918124735355,
    "leverage": 10
  }
}