{
  "rank": 64,
  "bot_id": 179,
  "fitness_score": 0.0,
  "total_pnl": 33.270280838012695,
  "win_rate": 0.3238095238095238,
  "total_trades": 17,
  "sharpe_ratio": 1.3308111816644668,
  "max_drawdown": 0.025568485260009766,
  "survival_generations": 1,
  "config": {
    "num_indicators": 5,
    "indicator_indices": [
      49,
      23,
      27,
      6,
      24
    ],
    "risk_strategy_bitmap": 8720,
    "tp_multiplier": 0.12262481451034546,
    "sl_multiplier": 0.04525061324238777,
    "leverage": 9
  }
}