{
  "rank": 14,
  "bot_id": 81,
  "fitness_score": 0.0,
  "total_pnl": 5.840407371520996,
  "win_rate": 0.5,
  "total_trades": 36,
  "sharpe_ratio": 0.2521703243255615,
  "max_drawdown": 0.231605663895607,
  "survival_generations": 1,
  "config": {
    "num_indicators": 3,
    "indicator_indices": [
      30,
      34,
      47
    ],
    "risk_strategy_bitmap": 1,
    "tp_multiplier": 0.24171748757362366,
    "sl_multiplier": 0.09775910526514053,
    "leverage": 1
  }
}