{
  "rank": 100,
  "bot_id": 6,
  "fitness_score": 0.0,
  "total_pnl": 19.748513221740723,
  "win_rate": 0.6666666666666666,
  "total_trades": 9,
  "sharpe_ratio": 0.3289116322994232,
  "max_drawdown": 0.20013999938964844,
  "survival_generations": 1,
  "config": {
    "num_indicators": 3,
    "indicator_indices": [
      38,
      12,
      18
    ],
    "risk_strategy_bitmap": 2053,
    "tp_multiplier": 0.15334191918373108,
    "sl_multiplier": 0.0863242968916893,
    "leverage": 1
  }
}