{
  "rank": 11,
  "bot_id": 28,
  "fitness_score": 0.0,
  "total_pnl": 0.9190921783447266,
  "win_rate": 0.3333333333333333,
  "total_trades": 4,
  "sharpe_ratio": 0.030614962180455525,
  "max_drawdown": 0.03335667898257574,
  "survival_generations": 1,
  "config": {
    "num_indicators": 5,
    "indicator_indices": [
      28,
      32,
      45,
      13,
      31
    ],
    "risk_strategy_bitmap": 112,
    "tp_multiplier": 0.02328081801533699,
    "sl_multiplier": 0.022913264110684395,
    "leverage": 1
  }
}