{
  "rank": 48,
  "bot_id": 61,
  "fitness_score": 0.0,
  "total_pnl": 1.3205785751342773,
  "win_rate": 0.5,
  "total_trades": 2,
  "sharpe_ratio": 0.12842512130737305,
  "max_drawdown": 0.10282867401838303,
  "survival_generations": 1,
  "config": {
    "num_indicators": 3,
    "indicator_indices": [
      30,
      25,
      5
    ],
    "risk_strategy_bitmap": 64,
    "tp_multiplier": 0.15919646620750427,
    "sl_multiplier": 0.026168128475546837,
    "leverage": 1
  }
}