{
  "rank": 96,
  "bot_id": 155,
  "fitness_score": 0.0,
  "total_pnl": -0.09515380859375,
  "win_rate": 0.3333333333333333,
  "total_trades": 2,
  "sharpe_ratio": -0.0015847875426212947,
  "max_drawdown": 0.13342666625976562,
  "survival_generations": 1,
  "config": {
    "num_indicators": 3,
    "indicator_indices": [
      12,
      46,
      25
    ],
    "risk_strategy_bitmap": 16641,
    "tp_multiplier": 0.016636408865451813,
    "sl_multiplier": 0.02038482390344143,
    "leverage": 1
  }
}