{
  "rank": 38,
  "bot_id": 95,
  "fitness_score": 0.0,
  "total_pnl": 3.242847442626953,
  "win_rate": 0.12835899421265273,
  "total_trades": 366,
  "sharpe_ratio": 0.09645448935528596,
  "max_drawdown": 0.11837688833475113,
  "survival_generations": 1,
  "config": {
    "num_indicators": 5,
    "indicator_indices": [
      11,
      20,
      24,
      26,
      39
    ],
    "risk_strategy_bitmap": 12296,
    "tp_multiplier": 0.04305185750126839,
    "sl_multiplier": 0.004410977475345135,
    "leverage": 1
  }
}