{
  "rank": 36,
  "bot_id": 42,
  "fitness_score": 0.0,
  "total_pnl": -0.4096565246582031,
  "win_rate": 0.1111111111111111,
  "total_trades": 9,
  "sharpe_ratio": -0.039472658187150955,
  "max_drawdown": 0.10378234833478928,
  "survival_generations": 1,
  "config": {
    "num_indicators": 2,
    "indicator_indices": [
      25,
      3
    ],
    "risk_strategy_bitmap": 16936,
    "tp_multiplier": 0.23550307750701904,
    "sl_multiplier": 0.00734735419973731,
    "leverage": 1
  }
}