{
  "rank": 63,
  "bot_id": 173,
  "fitness_score": 0.0,
  "total_pnl": 1.2219953536987305,
  "win_rate": 0.21779041059109425,
  "total_trades": 895,
  "sharpe_ratio": 0.05070618043343226,
  "max_drawdown": 0.12921718259652457,
  "survival_generations": 1,
  "config": {
    "num_indicators": 2,
    "indicator_indices": [
      42,
      10
    ],
    "risk_strategy_bitmap": 25088,
    "tp_multiplier": 0.020571131259202957,
    "sl_multiplier": 0.004954420495778322,
    "leverage": 1
  }
}