{
  "rank": 71,
  "bot_id": 159,
  "fitness_score": 0.0,
  "total_pnl": 1.5057744979858398,
  "win_rate": 0.4,
  "total_trades": 80,
  "sharpe_ratio": 0.1336839348077774,
  "max_drawdown": 0.11263690888881683,
  "survival_generations": 1,
  "config": {
    "num_indicators": 4,
    "indicator_indices": [
      42,
      0,
      1,
      31
    ],
    "risk_strategy_bitmap": 4136,
    "tp_multiplier": 0.06065008416771889,
    "sl_multiplier": 0.05362568795681,
    "leverage": 1
  }
}