{
  "rank": 88,
  "bot_id": 246,
  "fitness_score": 0.0,
  "total_pnl": 41.204949378967285,
  "win_rate": 0.6852240896358545,
  "total_trades": 344,
  "sharpe_ratio": 0.6287272870540619,
  "max_drawdown": 0.23268320659796396,
  "survival_generations": 1,
  "config": {
    "num_indicators": 2,
    "indicator_indices": [
      30,
      15
    ],
    "risk_strategy_bitmap": 10753,
    "tp_multiplier": 0.24288421869277954,
    "sl_multiplier": 0.07545096427202225,
    "leverage": 1
  }
}