{
  "rank": 10,
  "bot_id": 27,
  "fitness_score": 0.0,
  "total_pnl": 8.314607620239258,
  "win_rate": 0.4767267297838406,
  "total_trades": 1684,
  "sharpe_ratio": 0.24594547351201376,
  "max_drawdown": 0.1439661830663681,
  "survival_generations": 1,
  "config": {
    "num_indicators": 4,
    "indicator_indices": [
      30,
      46,
      21,
      20
    ],
    "risk_strategy_bitmap": 16512,
    "tp_multiplier": 0.19573740661144257,
    "sl_multiplier": 0.08361264318227768,
    "leverage": 1
  }
}