{
  "rank": 73,
  "bot_id": 162,
  "fitness_score": 0.0,
  "total_pnl": 2.139097213745117,
  "win_rate": 0.20930232558139536,
  "total_trades": 43,
  "sharpe_ratio": 0.19357804954051971,
  "max_drawdown": 0.11050307750701904,
  "survival_generations": 1,
  "config": {
    "num_indicators": 1,
    "indicator_indices": [
      9
    ],
    "risk_strategy_bitmap": 28768,
    "tp_multiplier": 0.18257096409797668,
    "sl_multiplier": 0.05076487734913826,
    "leverage": 1
  }
}