{
  "rank": 25,
  "bot_id": 71,
  "fitness_score": 0.0,
  "total_pnl": 1.3859357833862305,
  "win_rate": 0.26656268568033276,
  "total_trades": 63,
  "sharpe_ratio": 0.04067422294368347,
  "max_drawdown": 0.11283468703428905,
  "survival_generations": 1,
  "config": {
    "num_indicators": 3,
    "indicator_indices": [
      1,
      21,
      41
    ],
    "risk_strategy_bitmap": 16512,
    "tp_multiplier": 0.08973681181669235,
    "sl_multiplier": 0.030917435884475708,
    "leverage": 1
  }
}