{
  "rank": 47,
  "bot_id": 117,
  "fitness_score": 0.0,
  "total_pnl": 2.39544677734375,
  "win_rate": 0.43672848890240196,
  "total_trades": 443,
  "sharpe_ratio": 0.06668265773138653,
  "max_drawdown": 0.12260481466849645,
  "survival_generations": 1,
  "config": {
    "num_indicators": 4,
    "indicator_indices": [
      29,
      21,
      33,
      4
    ],
    "risk_strategy_bitmap": 5120,
    "tp_multiplier": 0.10805436223745346,
    "sl_multiplier": 0.045088183134794235,
    "leverage": 1
  }
}