{
  "rank": 10,
  "bot_id": 76,
  "fitness_score": 0.0,
  "total_pnl": -0.8065032958984375,
  "win_rate": 0.0,
  "total_trades": 2,
  "sharpe_ratio": -0.08059388399124146,
  "max_drawdown": 0.1000700369477272,
  "survival_generations": 1,
  "config": {
    "num_indicators": 2,
    "indicator_indices": [
      36,
      10
    ],
    "risk_strategy_bitmap": 6144,
    "tp_multiplier": 0.0561918169260025,
    "sl_multiplier": 0.07930587232112885,
    "leverage": 1
  }
}