{
  "rank": 27,
  "bot_id": 32,
  "fitness_score": 0.0,
  "total_pnl": -0.8383607864379883,
  "win_rate": 0.0,
  "total_trades": 2,
  "sharpe_ratio": -0.08377739787101746,
  "max_drawdown": 0.1000700369477272,
  "survival_generations": 1,
  "config": {
    "num_indicators": 3,
    "indicator_indices": [
      20,
      36,
      37
    ],
    "risk_strategy_bitmap": 288,
    "tp_multiplier": 0.08611418306827545,
    "sl_multiplier": 0.08249378949403763,
    "leverage": 1
  }
}