{
  "rank": 64,
  "bot_id": 180,
  "fitness_score": 0.0,
  "total_pnl": 8.929896354675293,
  "win_rate": 0.4755892255892256,
  "total_trades": 32,
  "sharpe_ratio": 0.2877149482568105,
  "max_drawdown": 0.10731922835111618,
  "survival_generations": 1,
  "config": {
    "num_indicators": 3,
    "indicator_indices": [
      14,
      33,
      16
    ],
    "risk_strategy_bitmap": 16480,
    "tp_multiplier": 0.20649676024913788,
    "sl_multiplier": 0.045396775007247925,
    "leverage": 1
  }
}