{
  "rank": 30,
  "bot_id": 35,
  "fitness_score": 0.0,
  "total_pnl": 1.2748470306396484,
  "win_rate": 0.3333333333333333,
  "total_trades": 3,
  "sharpe_ratio": 0.11788579076528549,
  "max_drawdown": 0.10814254730939865,
  "survival_generations": 1,
  "config": {
    "num_indicators": 4,
    "indicator_indices": [
      11,
      26,
      0,
      13
    ],
    "risk_strategy_bitmap": 6228,
    "tp_multiplier": 0.20704858005046844,
    "sl_multiplier": 0.03896300867199898,
    "leverage": 1
  }
}