{
  "rank": 72,
  "bot_id": 172,
  "fitness_score": 0.0,
  "total_pnl": -0.09802818298339844,
  "win_rate": 0.6565656565656566,
  "total_trades": 23,
  "sharpe_ratio": 0.010158127173781395,
  "max_drawdown": 0.22041577100753784,
  "survival_generations": 1,
  "config": {
    "num_indicators": 5,
    "indicator_indices": [
      23,
      44,
      34,
      26,
      29
    ],
    "risk_strategy_bitmap": 8201,
    "tp_multiplier": 0.06371915340423584,
    "sl_multiplier": 0.09746130555868149,
    "leverage": 1
  }
}