{
  "rank": 21,
  "bot_id": 25,
  "fitness_score": 0.0,
  "total_pnl": -0.16740798950195312,
  "win_rate": 0.47058823529411764,
  "total_trades": 68,
  "sharpe_ratio": -0.014203081838786602,
  "max_drawdown": 0.1178673580288887,
  "survival_generations": 1,
  "config": {
    "num_indicators": 4,
    "indicator_indices": [
      39,
      8,
      29,
      42
    ],
    "risk_strategy_bitmap": 2082,
    "tp_multiplier": 0.021343858912587166,
    "sl_multiplier": 0.07894004136323929,
    "leverage": 1
  }
}