{
  "rank": 61,
  "bot_id": 144,
  "fitness_score": 0.0,
  "total_pnl": -0.2471933364868164,
  "win_rate": 0.7567567567567568,
  "total_trades": 111,
  "sharpe_ratio": -0.022363830357789993,
  "max_drawdown": 0.11053264141082764,
  "survival_generations": 1,
  "config": {
    "num_indicators": 5,
    "indicator_indices": [
      19,
      22,
      35,
      28,
      30
    ],
    "risk_strategy_bitmap": 4608,
    "tp_multiplier": 0.0067689805291593075,
    "sl_multiplier": 0.08500637114048004,
    "leverage": 1
  }
}