{
  "rank": 69,
  "bot_id": 195,
  "fitness_score": 0.0,
  "total_pnl": 9.831640243530273,
  "win_rate": 0.4527777777777778,
  "total_trades": 29,
  "sharpe_ratio": 0.31746820360422134,
  "max_drawdown": 0.10366603483756383,
  "survival_generations": 1,
  "config": {
    "num_indicators": 3,
    "indicator_indices": [
      46,
      34,
      14
    ],
    "risk_strategy_bitmap": 264,
    "tp_multiplier": 0.12310964614152908,
    "sl_multiplier": 0.029672717675566673,
    "leverage": 1
  }
}