{
  "rank": 32,
  "bot_id": 37,
  "fitness_score": 0.0,
  "total_pnl": 3.418550491333008,
  "win_rate": 0.38271604938271603,
  "total_trades": 81,
  "sharpe_ratio": 0.155931293964386,
  "max_drawdown": 0.2192344069480896,
  "survival_generations": 1,
  "config": {
    "num_indicators": 4,
    "indicator_indices": [
      26,
      39,
      16,
      43
    ],
    "risk_strategy_bitmap": 4137,
    "tp_multiplier": 0.1621069461107254,
    "sl_multiplier": 0.059936054050922394,
    "leverage": 1
  }
}