{
  "rank": 68,
  "bot_id": 154,
  "fitness_score": 0.0,
  "total_pnl": 0.036746978759765625,
  "win_rate": 0.36666666666666664,
  "total_trades": 180,
  "sharpe_ratio": 0.002679181983694434,
  "max_drawdown": 0.13715744018554688,
  "survival_generations": 1,
  "config": {
    "num_indicators": 2,
    "indicator_indices": [
      47,
      43
    ],
    "risk_strategy_bitmap": 1040,
    "tp_multiplier": 0.1540020853281021,
    "sl_multiplier": 0.03651808574795723,
    "leverage": 1
  }
}