{
  "rank": 98,
  "bot_id": 197,
  "fitness_score": 0.0,
  "total_pnl": 2.1213035583496094,
  "win_rate": 0.336734693877551,
  "total_trades": 98,
  "sharpe_ratio": 0.19637227058410645,
  "max_drawdown": 0.10802459716796875,
  "survival_generations": 1,
  "config": {
    "num_indicators": 4,
    "indicator_indices": [
      48,
      41,
      0,
      28
    ],
    "risk_strategy_bitmap": 1024,
    "tp_multiplier": 0.11230510473251343,
    "sl_multiplier": 0.029848480597138405,
    "leverage": 1
  }
}