{
  "rank": 30,
  "bot_id": 1,
  "fitness_score": 0.0,
  "total_pnl": -0.020999908447265625,
  "win_rate": 0.0,
  "total_trades": 3,
  "sharpe_ratio": -0.001399993896484375,
  "max_drawdown": 0.0,
  "survival_generations": 1,
  "config": {
    "num_indicators": 2,
    "indicator_indices": [
      37,
      41
    ],
    "risk_strategy_bitmap": 10944,
    "tp_multiplier": 0.15560464560985565,
    "sl_multiplier": 0.07947169244289398,
    "leverage": 1
  }
}