{
  "rank": 27,
  "bot_id": 101,
  "fitness_score": 0.0,
  "total_pnl": 2.706101417541504,
  "win_rate": 0.8333333333333334,
  "total_trades": 6,
  "sharpe_ratio": 0.263641357421875,
  "max_drawdown": 0.10264328122138977,
  "survival_generations": 1,
  "config": {
    "num_indicators": 5,
    "indicator_indices": [
      7,
      43,
      9,
      30,
      44
    ],
    "risk_strategy_bitmap": 2,
    "tp_multiplier": 0.16921879351139069,
    "sl_multiplier": 0.024315491318702698,
    "leverage": 1
  }
}