{
  "rank": 97,
  "bot_id": 268,
  "fitness_score": 0.0,
  "total_pnl": 9.762386322021484,
  "win_rate": 0.5095940558735478,
  "total_trades": 125,
  "sharpe_ratio": 0.3012389540672302,
  "max_drawdown": 0.11200744410355885,
  "survival_generations": 1,
  "config": {
    "num_indicators": 2,
    "indicator_indices": [
      41,
      18
    ],
    "risk_strategy_bitmap": 4640,
    "tp_multiplier": 0.06819455325603485,
    "sl_multiplier": 0.06592200696468353,
    "leverage": 1
  }
}