{
  "rank": 43,
  "bot_id": 120,
  "fitness_score": 0.0,
  "total_pnl": -0.5187511444091797,
  "win_rate": 0.16666666666666666,
  "total_trades": 6,
  "sharpe_ratio": -0.04894289746880531,
  "max_drawdown": 0.10599110275506973,
  "survival_generations": 1,
  "config": {
    "num_indicators": 3,
    "indicator_indices": [
      25,
      4,
      8
    ],
    "risk_strategy_bitmap": 5696,
    "tp_multiplier": 0.07336875051259995,
    "sl_multiplier": 0.030377097427845,
    "leverage": 1
  }
}