{
  "rank": 69,
  "bot_id": 222,
  "fitness_score": 0.0,
  "total_pnl": 7.347355842590332,
  "win_rate": 0.20015791895117227,
  "total_trades": 1698,
  "sharpe_ratio": 0.2032776027917862,
  "max_drawdown": 0.12712261577447256,
  "survival_generations": 1,
  "config": {
    "num_indicators": 2,
    "indicator_indices": [
      16,
      8
    ],
    "risk_strategy_bitmap": 2312,
    "tp_multiplier": 0.24302522838115692,
    "sl_multiplier": 0.002299386542290449,
    "leverage": 1
  }
}