{
  "rank": 31,
  "bot_id": 105,
  "fitness_score": 0.0,
  "total_pnl": 1.0752620697021484,
  "win_rate": 0.6153846153846154,
  "total_trades": 13,
  "sharpe_ratio": 0.09643439203500748,
  "max_drawdown": 0.11150191724300385,
  "survival_generations": 1,
  "config": {
    "num_indicators": 4,
    "indicator_indices": [
      10,
      2,
      25,
      3
    ],
    "risk_strategy_bitmap": 1024,
    "tp_multiplier": 0.07753056287765503,
    "sl_multiplier": 0.09438158571720123,
    "leverage": 1
  }
}