{
  "rank": 87,
  "bot_id": 130,
  "fitness_score": 0.0,
  "total_pnl": -0.7057342529296875,
  "win_rate": 0.3414218986871036,
  "total_trades": 2397,
  "sharpe_ratio": 0.005195470526814461,
  "max_drawdown": 0.18420538306236267,
  "survival_generations": 1,
  "config": {
    "num_indicators": 4,
    "indicator_indices": [
      30,
      49,
      16,
      19
    ],
    "risk_strategy_bitmap": 96,
    "tp_multiplier": 0.21559906005859375,
    "sl_multiplier": 0.02047383226454258,
    "leverage": 1
  }
}