{
  "rank": 29,
  "bot_id": 125,
  "fitness_score": 0.0,
  "total_pnl": -0.8740348815917969,
  "win_rate": 0.06060606060606061,
  "total_trades": 26,
  "sharpe_ratio": -0.010965429246425629,
  "max_drawdown": 0.2199061761299769,
  "survival_generations": 1,
  "config": {
    "num_indicators": 2,
    "indicator_indices": [
      20,
      24
    ],
    "risk_strategy_bitmap": 45,
    "tp_multiplier": 0.24696959555149078,
    "sl_multiplier": 0.027535393834114075,
    "leverage": 1
  }
}