{
  "rank": 64,
  "bot_id": 149,
  "fitness_score": 0.0,
  "total_pnl": 4.300268173217773,
  "win_rate": 0.5769230769230769,
  "total_trades": 26,
  "sharpe_ratio": 0.39604976773262024,
  "max_drawdown": 0.10857897996902466,
  "survival_generations": 1,
  "config": {
    "num_indicators": 5,
    "indicator_indices": [
      33,
      38,
      24,
      2,
      46
    ],
    "risk_strategy_bitmap": 3080,
    "tp_multiplier": 0.13293597102165222,
    "sl_multiplier": 0.06649020314216614,
    "leverage": 1
  }
}