{
  "rank": 67,
  "bot_id": 153,
  "fitness_score": 0.0,
  "total_pnl": -0.7669677734375,
  "win_rate": 0.36363636363636365,
  "total_trades": 11,
  "sharpe_ratio": -0.07042833417654037,
  "max_drawdown": 0.10890045762062073,
  "survival_generations": 1,
  "config": {
    "num_indicators": 4,
    "indicator_indices": [
      36,
      8,
      35,
      45
    ],
    "risk_strategy_bitmap": 8832,
    "tp_multiplier": 0.10244553536176682,
    "sl_multiplier": 0.07890363037586212,
    "leverage": 1
  }
}