{
  "rank": 7,
  "bot_id": 21,
  "fitness_score": 0.0,
  "total_pnl": 8.252021789550781,
  "win_rate": 0.7159401709401708,
  "total_trades": 450,
  "sharpe_ratio": 0.24671986947456995,
  "max_drawdown": 0.11133104066054027,
  "survival_generations": 1,
  "config": {
    "num_indicators": 2,
    "indicator_indices": [
      38,
      29
    ],
    "risk_strategy_bitmap": 9216,
    "tp_multiplier": 0.02005201205611229,
    "sl_multiplier": 0.098030686378479,
    "leverage": 1
  }
}