{
  "rank": 28,
  "bot_id": 33,
  "fitness_score": 0.0,
  "total_pnl": -0.8700447082519531,
  "win_rate": 0.8333333333333334,
  "total_trades": 18,
  "sharpe_ratio": -0.07727883756160736,
  "max_drawdown": 0.11258511990308762,
  "survival_generations": 1,
  "config": {
    "num_indicators": 1,
    "indicator_indices": [
      14
    ],
    "risk_strategy_bitmap": 66,
    "tp_multiplier": 0.011365456506609917,
    "sl_multiplier": 0.0894775539636612,
    "leverage": 1
  }
}