{
  "rank": 98,
  "bot_id": 269,
  "fitness_score": 0.0,
  "total_pnl": 2.3946008682250977,
  "win_rate": 0.8333333333333334,
  "total_trades": 5,
  "sharpe_ratio": 0.07945740036666393,
  "max_drawdown": 0.10200897107521693,
  "survival_generations": 1,
  "config": {
    "num_indicators": 3,
    "indicator_indices": [
      7,
      14,
      22
    ],
    "risk_strategy_bitmap": 4162,
    "tp_multiplier": 0.07455437630414963,
    "sl_multiplier": 0.05680755898356438,
    "leverage": 1
  }
}