{
  "rank": 40,
  "bot_id": 51,
  "fitness_score": 0.0,
  "total_pnl": 0.15920257568359375,
  "win_rate": 0.7272727272727273,
  "total_trades": 22,
  "sharpe_ratio": 0.014833059161901474,
  "max_drawdown": 0.10732956230640411,
  "survival_generations": 1,
  "config": {
    "num_indicators": 3,
    "indicator_indices": [
      27,
      35,
      9
    ],
    "risk_strategy_bitmap": 5376,
    "tp_multiplier": 0.01807408221065998,
    "sl_multiplier": 0.04404112696647644,
    "leverage": 1
  }
}