{
  "rank": 76,
  "bot_id": 212,
  "fitness_score": 0.0,
  "total_pnl": 5.942468643188477,
  "win_rate": 0.328042328042328,
  "total_trades": 75,
  "sharpe_ratio": 0.09778517360488574,
  "max_drawdown": 0.21935674051443735,
  "survival_generations": 1,
  "config": {
    "num_indicators": 4,
    "indicator_indices": [
      22,
      23,
      0,
      13
    ],
    "risk_strategy_bitmap": 8193,
    "tp_multiplier": 0.1781618446111679,
    "sl_multiplier": 0.020042508840560913,
    "leverage": 1
  }
}