{
  "rank": 1,
  "bot_id": 7,
  "fitness_score": 0.0,
  "total_pnl": 0.19345569610595703,
  "win_rate": 0.42567580236735575,
  "total_trades": 754,
  "sharpe_ratio": 0.01859200621644656,
  "max_drawdown": 0.13432415078083673,
  "survival_generations": 1,
  "config": {
    "num_indicators": 3,
    "indicator_indices": [
      22,
      46,
      33
    ],
    "risk_strategy_bitmap": 2176,
    "tp_multiplier": 0.13991019129753113,
    "sl_multiplier": 0.05058387294411659,
    "leverage": 1
  }
}