{
  "rank": 24,
  "bot_id": 29,
  "fitness_score": 0.0,
  "total_pnl": 1.1957073211669922,
  "win_rate": 0.30303030303030304,
  "total_trades": 33,
  "sharpe_ratio": 0.10950850695371628,
  "max_drawdown": 0.10918853431940079,
  "survival_generations": 1,
  "config": {
    "num_indicators": 1,
    "indicator_indices": [
      26
    ],
    "risk_strategy_bitmap": 8196,
    "tp_multiplier": 0.2238093614578247,
    "sl_multiplier": 0.062392085790634155,
    "leverage": 1
  }
}