{
  "rank": 95,
  "bot_id": 193,
  "fitness_score": 0.0,
  "total_pnl": -0.3252534866333008,
  "win_rate": 0.3359375,
  "total_trades": 128,
  "sharpe_ratio": -0.028961623087525368,
  "max_drawdown": 0.11230499297380447,
  "survival_generations": 1,
  "config": {
    "num_indicators": 2,
    "indicator_indices": [
      18,
      0
    ],
    "risk_strategy_bitmap": 4432,
    "tp_multiplier": 0.1565171480178833,
    "sl_multiplier": 0.08056224882602692,
    "leverage": 1
  }
}