{
  "rank": 90,
  "bot_id": 252,
  "fitness_score": 0.0,
  "total_pnl": 2.8908329010009766,
  "win_rate": 0.26666666666666666,
  "total_trades": 12,
  "sharpe_ratio": 0.10653986533482869,
  "max_drawdown": 0.1119562288125356,
  "survival_generations": 1,
  "config": {
    "num_indicators": 2,
    "indicator_indices": [
      14,
      23
    ],
    "risk_strategy_bitmap": 20576,
    "tp_multiplier": 0.19690139591693878,
    "sl_multiplier": 0.061478883028030396,
    "leverage": 1
  }
}