{
  "rank": 28,
  "bot_id": 74,
  "fitness_score": 0.0,
  "total_pnl": 22.638577461242676,
  "win_rate": 0.5060929350403035,
  "total_trades": 135,
  "sharpe_ratio": 0.7035907606283823,
  "max_drawdown": 0.10786114136377971,
  "survival_generations": 1,
  "config": {
    "num_indicators": 1,
    "indicator_indices": [
      32
    ],
    "risk_strategy_bitmap": 20484,
    "tp_multiplier": 0.09436467289924622,
    "sl_multiplier": 0.08805205672979355,
    "leverage": 1
  }
}