{
  "rank": 9,
  "bot_id": 75,
  "fitness_score": 0.0,
  "total_pnl": 3.237661361694336,
  "win_rate": 0.3409090909090909,
  "total_trades": 44,
  "sharpe_ratio": 0.2987951338291168,
  "max_drawdown": 0.10835723578929901,
  "survival_generations": 1,
  "config": {
    "num_indicators": 4,
    "indicator_indices": [
      3,
      0,
      18,
      41
    ],
    "risk_strategy_bitmap": 16,
    "tp_multiplier": 0.15267173945903778,
    "sl_multiplier": 0.03847977891564369,
    "leverage": 1
  }
}