{
  "rank": 4,
  "bot_id": 5,
  "fitness_score": 0.0,
  "total_pnl": 3.013395309448242,
  "win_rate": 0.631578947368421,
  "total_trades": 19,
  "sharpe_ratio": 0.2812800407409668,
  "max_drawdown": 0.10713149607181549,
  "survival_generations": 1,
  "config": {
    "num_indicators": 2,
    "indicator_indices": [
      35,
      2
    ],
    "risk_strategy_bitmap": 16,
    "tp_multiplier": 0.21547725796699524,
    "sl_multiplier": 0.055359430611133575,
    "leverage": 1
  }
}