{
  "rank": 85,
  "bot_id": 176,
  "fitness_score": 0.0,
  "total_pnl": 1.224813461303711,
  "win_rate": 0.3333333333333333,
  "total_trades": 3,
  "sharpe_ratio": 0.11588902026414871,
  "max_drawdown": 0.10568847507238388,
  "survival_generations": 1,
  "config": {
    "num_indicators": 1,
    "indicator_indices": [
      11
    ],
    "risk_strategy_bitmap": 4652,
    "tp_multiplier": 0.178911954164505,
    "sl_multiplier": 0.05482270196080208,
    "leverage": 1
  }
}