{
  "rank": 42,
  "bot_id": 107,
  "fitness_score": 0.0,
  "total_pnl": 8.58905029296875,
  "win_rate": 0.682154978935663,
  "total_trades": 443,
  "sharpe_ratio": 0.2746199866135915,
  "max_drawdown": 0.12480403482913971,
  "survival_generations": 1,
  "config": {
    "num_indicators": 1,
    "indicator_indices": [
      15
    ],
    "risk_strategy_bitmap": 1360,
    "tp_multiplier": 0.048794832080602646,
    "sl_multiplier": 0.06748375296592712,
    "leverage": 1
  }
}