{
  "rank": 33,
  "bot_id": 38,
  "fitness_score": 0.0,
  "total_pnl": 3.956210136413574,
  "win_rate": 0.5555555555555556,
  "total_trades": 18,
  "sharpe_ratio": 0.3911667764186859,
  "max_drawdown": 0.10113869607448578,
  "survival_generations": 1,
  "config": {
    "num_indicators": 2,
    "indicator_indices": [
      3,
      20
    ],
    "risk_strategy_bitmap": 2050,
    "tp_multiplier": 0.1050313338637352,
    "sl_multiplier": 0.08314836025238037,
    "leverage": 1
  }
}