{
  "rank": 72,
  "bot_id": 160,
  "fitness_score": 0.0,
  "total_pnl": 3.852328300476074,
  "win_rate": 0.22388059701492538,
  "total_trades": 67,
  "sharpe_ratio": 0.3660341203212738,
  "max_drawdown": 0.10524505376815796,
  "survival_generations": 1,
  "config": {
    "num_indicators": 2,
    "indicator_indices": [
      40,
      16
    ],
    "risk_strategy_bitmap": 4098,
    "tp_multiplier": 0.06667810678482056,
    "sl_multiplier": 0.008592957630753517,
    "leverage": 1
  }
}