{
  "rank": 6,
  "bot_id": 8,
  "fitness_score": 0.0,
  "total_pnl": 1.5050935745239258,
  "win_rate": 0.5,
  "total_trades": 2,
  "sharpe_ratio": 0.14324793219566345,
  "max_drawdown": 0.1050691232085228,
  "survival_generations": 1,
  "config": {
    "num_indicators": 5,
    "indicator_indices": [
      47,
      40,
      11,
      32,
      10
    ],
    "risk_strategy_bitmap": 2084,
    "tp_multiplier": 0.20004025101661682,
    "sl_multiplier": 0.04855678230524063,
    "leverage": 1
  }
}