{
  "rank": 4,
  "bot_id": 11,
  "fitness_score": 0.0,
  "total_pnl": 6.68062686920166,
  "win_rate": 0.4477682811016144,
  "total_trades": 58,
  "sharpe_ratio": 0.23149042452375093,
  "max_drawdown": 0.11206321169932683,
  "survival_generations": 1,
  "config": {
    "num_indicators": 5,
    "indicator_indices": [
      1,
      45,
      21,
      0,
      14
    ],
    "risk_strategy_bitmap": 1280,
    "tp_multiplier": 0.09035628288984299,
    "sl_multiplier": 0.03427504748106003,
    "leverage": 1
  }
}