{
  "rank": 20,
  "bot_id": 57,
  "fitness_score": 0.0,
  "total_pnl": 5.167546272277832,
  "win_rate": 0.28357487922705316,
  "total_trades": 55,
  "sharpe_ratio": 0.16621464490890503,
  "max_drawdown": 0.10377620160579681,
  "survival_generations": 1,
  "config": {
    "num_indicators": 3,
    "indicator_indices": [
      5,
      39,
      41
    ],
    "risk_strategy_bitmap": 24,
    "tp_multiplier": 0.062373481690883636,
    "sl_multiplier": 0.009652668610215187,
    "leverage": 1
  }
}