{
  "rank": 62,
  "bot_id": 170,
  "fitness_score": 0.0,
  "total_pnl": 1.4377574920654297,
  "win_rate": 0.22897406482668647,
  "total_trades": 517,
  "sharpe_ratio": 0.06546096503734589,
  "max_drawdown": 0.12286925067504247,
  "survival_generations": 1,
  "config": {
    "num_indicators": 5,
    "indicator_indices": [
      1,
      34,
      9,
      45,
      30
    ],
    "risk_strategy_bitmap": 1282,
    "tp_multiplier": 0.061262331902980804,
    "sl_multiplier": 0.005253113340586424,
    "leverage": 1
  }
}