{
  "rank": 91,
  "bot_id": 185,
  "fitness_score": 0.0,
  "total_pnl": -0.8215475082397461,
  "win_rate": 0.336,
  "total_trades": 125,
  "sharpe_ratio": -0.06626438349485397,
  "max_drawdown": 0.12398025393486023,
  "survival_generations": 1,
  "config": {
    "num_indicators": 3,
    "indicator_indices": [
      46,
      1,
      18
    ],
    "risk_strategy_bitmap": 8714,
    "tp_multiplier": 0.03632114827632904,
    "sl_multiplier": 0.06830395758152008,
    "leverage": 1
  }
}