{
  "rank": 74,
  "bot_id": 163,
  "fitness_score": 0.0,
  "total_pnl": 0.6856822967529297,
  "win_rate": 0.5538461538461539,
  "total_trades": 65,
  "sharpe_ratio": 0.06165853515267372,
  "max_drawdown": 0.11120638251304626,
  "survival_generations": 1,
  "config": {
    "num_indicators": 1,
    "indicator_indices": [
      27
    ],
    "risk_strategy_bitmap": 8260,
    "tp_multiplier": 0.032229211181402206,
    "sl_multiplier": 0.04505395144224167,
    "leverage": 1
  }
}