{
  "rank": 12,
  "bot_id": 30,
  "fitness_score": 0.0,
  "total_pnl": 1.8872489929199219,
  "win_rate": 0.4161448029979442,
  "total_trades": 645,
  "sharpe_ratio": 0.06809260696172714,
  "max_drawdown": 0.13188236703475317,
  "survival_generations": 1,
  "config": {
    "num_indicators": 3,
    "indicator_indices": [
      30,
      22,
      43
    ],
    "risk_strategy_bitmap": 16674,
    "tp_multiplier": 0.1369500607252121,
    "sl_multiplier": 0.013413634151220322,
    "leverage": 1
  }
}