{
  "rank": 63,
  "bot_id": 147,
  "fitness_score": 0.0,
  "total_pnl": 1.0193328857421875,
  "win_rate": 0.3670886075949367,
  "total_trades": 158,
  "sharpe_ratio": 0.09471102803945541,
  "max_drawdown": 0.1076255738735199,
  "survival_generations": 1,
  "config": {
    "num_indicators": 1,
    "indicator_indices": [
      18
    ],
    "risk_strategy_bitmap": 128,
    "tp_multiplier": 0.20223160088062286,
    "sl_multiplier": 0.023024657741189003,
    "leverage": 1
  }
}