{
  "rank": 5,
  "bot_id": 16,
  "fitness_score": 0.0,
  "total_pnl": 0.9947738647460938,
  "win_rate": 0.3904761904761904,
  "total_trades": 63,
  "sharpe_ratio": 0.029320998039717477,
  "max_drawdown": 0.12258632977803548,
  "survival_generations": 1,
  "config": {
    "num_indicators": 5,
    "indicator_indices": [
      22,
      4,
      11,
      43,
      31
    ],
    "risk_strategy_bitmap": 4736,
    "tp_multiplier": 0.1694173663854599,
    "sl_multiplier": 0.08001735806465149,
    "leverage": 1
  }
}