{
  "rank": 45,
  "bot_id": 114,
  "fitness_score": 0.0,
  "total_pnl": 6.394928932189941,
  "win_rate": 0.4246252941905116,
  "total_trades": 89,
  "sharpe_ratio": 0.22659143805503845,
  "max_drawdown": 0.1223857452472051,
  "survival_generations": 1,
  "config": {
    "num_indicators": 3,
    "indicator_indices": [
      28,
      40,
      32
    ],
    "risk_strategy_bitmap": 20480,
    "tp_multiplier": 0.1365033984184265,
    "sl_multiplier": 0.07892457395792007,
    "leverage": 1
  }
}