{
  "rank": 95,
  "bot_id": 275,
  "fitness_score": 0.0,
  "total_pnl": 7.068763732910156,
  "win_rate": 0.24754901960784315,
  "total_trades": 56,
  "sharpe_ratio": 0.2300224732607603,
  "max_drawdown": 0.11122763901948929,
  "survival_generations": 1,
  "config": {
    "num_indicators": 3,
    "indicator_indices": [
      7,
      45,
      34
    ],
    "risk_strategy_bitmap": 1024,
    "tp_multiplier": 0.21732282638549805,
    "sl_multiplier": 0.021138958632946014,
    "leverage": 1
  }
}