{
  "rank": 99,
  "bot_id": 283,
  "fitness_score": 0.0,
  "total_pnl": 1.3161325454711914,
  "win_rate": 0.3295815295815296,
  "total_trades": 191,
  "sharpe_ratio": 0.025091076890627544,
  "max_drawdown": 0.2260537693897883,
  "survival_generations": 1,
  "config": {
    "num_indicators": 2,
    "indicator_indices": [
      5,
      43
    ],
    "risk_strategy_bitmap": 4613,
    "tp_multiplier": 0.0646611824631691,
    "sl_multiplier": 0.08344733715057373,
    "leverage": 1
  }
}