{
  "rank": 56,
  "bot_id": 157,
  "fitness_score": 0.0,
  "total_pnl": 21.977707862854004,
  "win_rate": 0.5462962962962963,
  "total_trades": 93,
  "sharpe_ratio": 0.6725278794765472,
  "max_drawdown": 0.1100299855073293,
  "survival_generations": 1,
  "config": {
    "num_indicators": 2,
    "indicator_indices": [
      28,
      41
    ],
    "risk_strategy_bitmap": 17410,
    "tp_multiplier": 0.23259848356246948,
    "sl_multiplier": 0.07431609183549881,
    "leverage": 1
  }
}