{
  "rank": 67,
  "bot_id": 190,
  "fitness_score": 0.0,
  "total_pnl": 3.5370988845825195,
  "win_rate": 0.28031171555955187,
  "total_trades": 107,
  "sharpe_ratio": 0.11225611964861552,
  "max_drawdown": 0.10712538411219914,
  "survival_generations": 1,
  "config": {
    "num_indicators": 5,
    "indicator_indices": [
      12,
      33,
      13,
      49,
      11
    ],
    "risk_strategy_bitmap": 540,
    "tp_multiplier": 0.03442518040537834,
    "sl_multiplier": 0.008296038955450058,
    "leverage": 1
  }
}