{
  "rank": 85,
  "bot_id": 240,
  "fitness_score": 0.0,
  "total_pnl": 2.738515853881836,
  "win_rate": 0.38378151260504206,
  "total_trades": 70,
  "sharpe_ratio": 0.14439081152280173,
  "max_drawdown": 0.12265633046627045,
  "survival_generations": 1,
  "config": {
    "num_indicators": 4,
    "indicator_indices": [
      32,
      30,
      43,
      23
    ],
    "risk_strategy_bitmap": 16516,
    "tp_multiplier": 0.09841376543045044,
    "sl_multiplier": 0.03277040645480156,
    "leverage": 1
  }
}