{
  "rank": 34,
  "bot_id": 40,
  "fitness_score": 0.0,
  "total_pnl": 2.332228660583496,
  "win_rate": 0.41379310344827586,
  "total_trades": 29,
  "sharpe_ratio": 0.10459660738706589,
  "max_drawdown": 0.22297362983226776,
  "survival_generations": 1,
  "config": {
    "num_indicators": 4,
    "indicator_indices": [
      10,
      8,
      27,
      33
    ],
    "risk_strategy_bitmap": 16417,
    "tp_multiplier": 0.048408471047878265,
    "sl_multiplier": 0.09626922011375427,
    "leverage": 1
  }
}