{
  "rank": 24,
  "bot_id": 70,
  "fitness_score": 0.0,
  "total_pnl": 7.997834205627441,
  "win_rate": 0.6364104116222761,
  "total_trades": 225,
  "sharpe_ratio": 0.12343244751294453,
  "max_drawdown": 0.2228387047847112,
  "survival_generations": 1,
  "config": {
    "num_indicators": 2,
    "indicator_indices": [
      32,
      6
    ],
    "risk_strategy_bitmap": 1281,
    "tp_multiplier": 0.017430173233151436,
    "sl_multiplier": 0.09678121656179428,
    "leverage": 1
  }
}