{
  "rank": 10,
  "bot_id": 12,
  "fitness_score": 0.0,
  "total_pnl": -0.37113285064697266,
  "win_rate": 0.0,
  "total_trades": 1,
  "sharpe_ratio": -0.03708730638027191,
  "max_drawdown": 0.1000700369477272,
  "survival_generations": 1,
  "config": {
    "num_indicators": 3,
    "indicator_indices": [
      24,
      23,
      46
    ],
    "risk_strategy_bitmap": 68,
    "tp_multiplier": 0.10846107453107834,
    "sl_multiplier": 0.0363878533244133,
    "leverage": 1
  }
}