{
  "rank": 48,
  "bot_id": 123,
  "fitness_score": 0.0,
  "total_pnl": 10.425825119018555,
  "win_rate": 0.3319066735733402,
  "total_trades": 213,
  "sharpe_ratio": 0.31761688242355984,
  "max_drawdown": 0.10896070301532745,
  "survival_generations": 1,
  "config": {
    "num_indicators": 4,
    "indicator_indices": [
      5,
      44,
      7,
      9
    ],
    "risk_strategy_bitmap": 26628,
    "tp_multiplier": 0.0720970556139946,
    "sl_multiplier": 0.02327214553952217,
    "leverage": 1
  }
}