{
  "rank": 11,
  "bot_id": 77,
  "fitness_score": 0.0,
  "total_pnl": -0.13331317901611328,
  "win_rate": 0.38095238095238093,
  "total_trades": 63,
  "sharpe_ratio": -0.00587253225967288,
  "max_drawdown": 0.22701141238212585,
  "survival_generations": 1,
  "config": {
    "num_indicators": 4,
    "indicator_indices": [
      0,
      48,
      11,
      15
    ],
    "risk_strategy_bitmap": 16451,
    "tp_multiplier": 0.1359785497188568,
    "sl_multiplier": 0.02454102598130703,
    "leverage": 1
  }
}