{
  "rank": 17,
  "bot_id": 20,
  "fitness_score": 0.0,
  "total_pnl": -0.30230236053466797,
  "win_rate": 0.2595419847328244,
  "total_trades": 131,
  "sharpe_ratio": -0.026542704552412033,
  "max_drawdown": 0.1138928160071373,
  "survival_generations": 1,
  "config": {
    "num_indicators": 4,
    "indicator_indices": [
      35,
      47,
      1,
      7
    ],
    "risk_strategy_bitmap": 8320,
    "tp_multiplier": 0.15036903321743011,
    "sl_multiplier": 0.05620601028203964,
    "leverage": 1
  }
}