{
  "rank": 82,
  "bot_id": 235,
  "fitness_score": 0.0,
  "total_pnl": 28.416218757629395,
  "win_rate": 0.5350529100529101,
  "total_trades": 113,
  "sharpe_ratio": 0.8848127126693726,
  "max_drawdown": 0.10843276729186375,
  "survival_generations": 1,
  "config": {
    "num_indicators": 1,
    "indicator_indices": [
      41
    ],
    "risk_strategy_bitmap": 12,
    "tp_multiplier": 0.2041657418012619,
    "sl_multiplier": 0.08519890159368515,
    "leverage": 1
  }
}