{
  "rank": 66,
  "bot_id": 189,
  "fitness_score": 0.0,
  "total_pnl": 14.284823417663574,
  "win_rate": 0.3698257080610022,
  "total_trades": 38,
  "sharpe_ratio": 0.213512552009585,
  "max_drawdown": 0.21909873684247336,
  "survival_generations": 1,
  "config": {
    "num_indicators": 3,
    "indicator_indices": [
      26,
      5,
      31
    ],
    "risk_strategy_bitmap": 519,
    "tp_multiplier": 0.19275511801242828,
    "sl_multiplier": 0.07965466380119324,
    "leverage": 1
  }
}