{
  "rank": 47,
  "bot_id": 126,
  "fitness_score": 0.0,
  "total_pnl": -0.8113927841186523,
  "win_rate": 0.0,
  "total_trades": 2,
  "sharpe_ratio": -0.08108248561620712,
  "max_drawdown": 0.1000700369477272,
  "survival_generations": 1,
  "config": {
    "num_indicators": 5,
    "indicator_indices": [
      25,
      36,
      12,
      37,
      6
    ],
    "risk_strategy_bitmap": 2370,
    "tp_multiplier": 0.13408398628234863,
    "sl_multiplier": 0.07979511469602585,
    "leverage": 1
  }
}