{
  "rank": 2,
  "bot_id": 9,
  "fitness_score": 0.0,
  "total_pnl": 3.3047666549682617,
  "win_rate": 0.4367209648095649,
  "total_trades": 383,
  "sharpe_ratio": 0.10061181584993999,
  "max_drawdown": 0.12480287750562032,
  "survival_generations": 1,
  "config": {
    "num_indicators": 4,
    "indicator_indices": [
      27,
      38,
      29,
      33
    ],
    "risk_strategy_bitmap": 16400,
    "tp_multiplier": 0.07225090265274048,
    "sl_multiplier": 0.09791620820760727,
    "leverage": 1
  }
}