{
  "rank": 19,
  "bot_id": 89,
  "fitness_score": 0.0,
  "total_pnl": 1.2883214950561523,
  "win_rate": 0.5789473684210527,
  "total_trades": 38,
  "sharpe_ratio": 0.1163070872426033,
  "max_drawdown": 0.11076894402503967,
  "survival_generations": 1,
  "config": {
    "num_indicators": 1,
    "indicator_indices": [
      31
    ],
    "risk_strategy_bitmap": 8192,
    "tp_multiplier": 0.04746651276946068,
    "sl_multiplier": 0.04777447506785393,
    "leverage": 1
  }
}