{
  "rank": 14,
  "bot_id": 43,
  "fitness_score": 0.0,
  "total_pnl": 0.49805736541748047,
  "win_rate": 0.4835527478535289,
  "total_trades": 2126,
  "sharpe_ratio": 0.057142491141955055,
  "max_drawdown": 0.16806885103384653,
  "survival_generations": 1,
  "config": {
    "num_indicators": 1,
    "indicator_indices": [
      22
    ],
    "risk_strategy_bitmap": 4096,
    "tp_multiplier": 0.11123957484960556,
    "sl_multiplier": 0.04961739853024483,
    "leverage": 1
  }
}