{
  "rank": 60,
  "bot_id": 143,
  "fitness_score": 0.0,
  "total_pnl": 1.039595603942871,
  "win_rate": 0.23140495867768596,
  "total_trades": 121,
  "sharpe_ratio": 0.09538569301366806,
  "max_drawdown": 0.10898863524198532,
  "survival_generations": 1,
  "config": {
    "num_indicators": 1,
    "indicator_indices": [
      8
    ],
    "risk_strategy_bitmap": 16384,
    "tp_multiplier": 0.09530564397573471,
    "sl_multiplier": 0.07835216820240021,
    "leverage": 1
  }
}