{
  "rank": 39,
  "bot_id": 96,
  "fitness_score": 0.0,
  "total_pnl": 2.2311086654663086,
  "win_rate": 0.6736507936507937,
  "total_trades": 68,
  "sharpe_ratio": 0.07329062248269717,
  "max_drawdown": 0.10859051595131557,
  "survival_generations": 1,
  "config": {
    "num_indicators": 1,
    "indicator_indices": [
      24
    ],
    "risk_strategy_bitmap": 16416,
    "tp_multiplier": 0.02584940567612648,
    "sl_multiplier": 0.08343836665153503,
    "leverage": 1
  }
}