{
  "rank": 92,
  "bot_id": 146,
  "fitness_score": 0.0,
  "total_pnl": -0.43013954162597656,
  "win_rate": 0.16666666666666666,
  "total_trades": 5,
  "sharpe_ratio": -0.014207663635412851,
  "max_drawdown": 0.10220952083667119,
  "survival_generations": 1,
  "config": {
    "num_indicators": 3,
    "indicator_indices": [
      25,
      11,
      15
    ],
    "risk_strategy_bitmap": 608,
    "tp_multiplier": 0.08283193409442902,
    "sl_multiplier": 0.030671192333102226,
    "leverage": 1
  }
}