{
  "rank": 15,
  "bot_id": 17,
  "fitness_score": 0.0,
  "total_pnl": 2.3285722732543945,
  "win_rate": 1.0,
  "total_trades": 1,
  "sharpe_ratio": 0.23269425332546234,
  "max_drawdown": 0.1000700369477272,
  "survival_generations": 1,
  "config": {
    "num_indicators": 5,
    "indicator_indices": [
      13,
      42,
      23,
      9,
      10
    ],
    "risk_strategy_bitmap": 17424,
    "tp_multiplier": 0.23308731615543365,
    "sl_multiplier": 0.05630858987569809,
    "leverage": 1
  }
}