{
  "rank": 1,
  "bot_id": 68,
  "fitness_score": 0.0,
  "total_pnl": -0.6600341796875,
  "win_rate": 0.17491043338156378,
  "total_trades": 520,
  "sharpe_ratio": 0.003977815310160319,
  "max_drawdown": 0.126564991970857,
  "survival_generations": 1,
  "config": {
    "num_indicators": 4,
    "indicator_indices": [
      26,
      42,
      17,
      41
    ],
    "risk_strategy_bitmap": 24704,
    "tp_multiplier": 0.07468416541814804,
    "sl_multiplier": 0.006090038921684027,
    "leverage": 1
  }
}