{
  "rank": 37,
  "bot_id": 46,
  "fitness_score": 0.0,
  "total_pnl": 1.3076868057250977,
  "win_rate": 1.0,
  "total_trades": 1,
  "sharpe_ratio": 0.13067714869976044,
  "max_drawdown": 0.1000700369477272,
  "survival_generations": 1,
  "config": {
    "num_indicators": 3,
    "indicator_indices": [
      23,
      2,
      11
    ],
    "risk_strategy_bitmap": 4736,
    "tp_multiplier": 0.13102936744689941,
    "sl_multiplier": 0.06541968882083893,
    "leverage": 1
  }
}