{
  "rank": 60,
  "bot_id": 166,
  "fitness_score": 0.0,
  "total_pnl": 18.119585037231445,
  "win_rate": 0.47565062388591794,
  "total_trades": 53,
  "sharpe_ratio": 0.26505378385384876,
  "max_drawdown": 0.22352810700734457,
  "survival_generations": 1,
  "config": {
    "num_indicators": 4,
    "indicator_indices": [
      29,
      43,
      10,
      44
    ],
    "risk_strategy_bitmap": 24585,
    "tp_multiplier": 0.20152164995670319,
    "sl_multiplier": 0.024466462433338165,
    "leverage": 1
  }
}