{
  "rank": 73,
  "bot_id": 228,
  "fitness_score": 0.0,
  "total_pnl": -0.02901172637939453,
  "win_rate": 0.7098183898183898,
  "total_trades": 212,
  "sharpe_ratio": 0.0036557366450627646,
  "max_drawdown": 0.11836676051219304,
  "survival_generations": 1,
  "config": {
    "num_indicators": 4,
    "indicator_indices": [
      39,
      15,
      30,
      14
    ],
    "risk_strategy_bitmap": 1286,
    "tp_multiplier": 0.01638946682214737,
    "sl_multiplier": 0.08453954756259918,
    "leverage": 1
  }
}