{
  "rank": 46,
  "bot_id": 115,
  "fitness_score": 0.0,
  "total_pnl": 1.176915168762207,
  "win_rate": 0.09444444444444444,
  "total_trades": 40,
  "sharpe_ratio": 0.03931328421458602,
  "max_drawdown": 0.10249362389246623,
  "survival_generations": 1,
  "config": {
    "num_indicators": 3,
    "indicator_indices": [
      15,
      1,
      27
    ],
    "risk_strategy_bitmap": 4364,
    "tp_multiplier": 0.20082561671733856,
    "sl_multiplier": 0.0023371907882392406,
    "leverage": 1
  }
}