{
  "rank": 95,
  "bot_id": 259,
  "fitness_score": 0.0,
  "total_pnl": 5.462413787841797,
  "win_rate": 0.25455027741384567,
  "total_trades": 2098,
  "sharpe_ratio": 0.15299410993854204,
  "max_drawdown": 0.13926575084527335,
  "survival_generations": 1,
  "config": {
    "num_indicators": 4,
    "indicator_indices": [
      18,
      48,
      13,
      38
    ],
    "risk_strategy_bitmap": 16514,
    "tp_multiplier": 0.06329846382141113,
    "sl_multiplier": 0.002951049478724599,
    "leverage": 1
  }
}