{
  "rank": 59,
  "bot_id": 142,
  "fitness_score": 0.0,
  "total_pnl": 2.967104911804199,
  "win_rate": 0.8571428571428571,
  "total_trades": 7,
  "sharpe_ratio": 0.2952333390712738,
  "max_drawdown": 0.10050033032894135,
  "survival_generations": 1,
  "config": {
    "num_indicators": 5,
    "indicator_indices": [
      2,
      34,
      23,
      17,
      27
    ],
    "risk_strategy_bitmap": 16384,
    "tp_multiplier": 0.1409565955400467,
    "sl_multiplier": 0.05364274978637695,
    "leverage": 1
  }
}