{
  "rank": 34,
  "bot_id": 109,
  "fitness_score": 0.0,
  "total_pnl": 0.07280158996582031,
  "win_rate": 0.3877551020408163,
  "total_trades": 98,
  "sharpe_ratio": 0.006448931992053986,
  "max_drawdown": 0.1128893718123436,
  "survival_generations": 1,
  "config": {
    "num_indicators": 2,
    "indicator_indices": [
      39,
      1
    ],
    "risk_strategy_bitmap": 16640,
    "tp_multiplier": 0.03193843737244606,
    "sl_multiplier": 0.034518931061029434,
    "leverage": 1
  }
}