{
  "rank": 54,
  "bot_id": 135,
  "fitness_score": 0.0,
  "total_pnl": 2.5161590576171875,
  "win_rate": 0.3333333333333333,
  "total_trades": 21,
  "sharpe_ratio": 0.2324800193309784,
  "max_drawdown": 0.10823120176792145,
  "survival_generations": 1,
  "config": {
    "num_indicators": 5,
    "indicator_indices": [
      14,
      28,
      43,
      17,
      3
    ],
    "risk_strategy_bitmap": 4096,
    "tp_multiplier": 0.16941045224666595,
    "sl_multiplier": 0.0682699978351593,
    "leverage": 1
  }
}