{
  "rank": 100,
  "bot_id": 64,
  "fitness_score": 0.0,
  "total_pnl": 0.13596534729003906,
  "win_rate": 0.14285714285714285,
  "total_trades": 7,
  "sharpe_ratio": 0.012782365083694458,
  "max_drawdown": 0.10636947304010391,
  "survival_generations": 1,
  "config": {
    "num_indicators": 2,
    "indicator_indices": [
      19,
      25
    ],
    "risk_strategy_bitmap": 328,
    "tp_multiplier": 0.13559097051620483,
    "sl_multiplier": 0.01959376037120819,
    "leverage": 1
  }
}