{
  "rank": 34,
  "bot_id": 90,
  "fitness_score": 0.0,
  "total_pnl": 2.867133140563965,
  "win_rate": 0.25775978407557354,
  "total_trades": 76,
  "sharpe_ratio": 0.0918970877925555,
  "max_drawdown": 0.11414441217978795,
  "survival_generations": 1,
  "config": {
    "num_indicators": 3,
    "indicator_indices": [
      20,
      13,
      42
    ],
    "risk_strategy_bitmap": 17424,
    "tp_multiplier": 0.12891285121440887,
    "sl_multiplier": 0.018194515258073807,
    "leverage": 1
  }
}