{
  "rank": 89,
  "bot_id": 262,
  "fitness_score": 0.0,
  "total_pnl": -0.9154119491577148,
  "win_rate": 0.0,
  "total_trades": 2,
  "sharpe_ratio": -0.03049237405260404,
  "max_drawdown": 0.06671335796515147,
  "survival_generations": 1,
  "config": {
    "num_indicators": 3,
    "indicator_indices": [
      9,
      13,
      39
    ],
    "risk_strategy_bitmap": 16896,
    "tp_multiplier": 0.12160943448543549,
    "sl_multiplier": 0.045039013028144836,
    "leverage": 1
  }
}