{
  "rank": 53,
  "bot_id": 148,
  "fitness_score": 0.0,
  "total_pnl": 2.9558897018432617,
  "win_rate": 0.4017023333061069,
  "total_trades": 973,
  "sharpe_ratio": 0.10477589070796967,
  "max_drawdown": 0.14136778066555658,
  "survival_generations": 1,
  "config": {
    "num_indicators": 3,
    "indicator_indices": [
      0,
      21,
      20
    ],
    "risk_strategy_bitmap": 168,
    "tp_multiplier": 0.16127410531044006,
    "sl_multiplier": 0.09621129930019379,
    "leverage": 1
  }
}