{
  "rank": 61,
  "bot_id": 168,
  "fitness_score": 0.0,
  "total_pnl": 3.3799657821655273,
  "win_rate": 0.2947530864197531,
  "total_trades": 96,
  "sharpe_ratio": 0.06610673666000366,
  "max_drawdown": 0.22274733086427054,
  "survival_generations": 1,
  "config": {
    "num_indicators": 2,
    "indicator_indices": [
      42,
      31
    ],
    "risk_strategy_bitmap": 67,
    "tp_multiplier": 0.18191422522068024,
    "sl_multiplier": 0.01743686944246292,
    "leverage": 1
  }
}