{
  "rank": 22,
  "bot_id": 92,
  "fitness_score": 0.0,
  "total_pnl": 2.317685127258301,
  "win_rate": 0.42857142857142855,
  "total_trades": 7,
  "sharpe_ratio": 0.2287086397409439,
  "max_drawdown": 0.10133788734674454,
  "survival_generations": 1,
  "config": {
    "num_indicators": 5,
    "indicator_indices": [
      31,
      42,
      4,
      19,
      40
    ],
    "risk_strategy_bitmap": 4628,
    "tp_multiplier": 0.23569023609161377,
    "sl_multiplier": 0.07503390312194824,
    "leverage": 1
  }
}