{
  "rank": 26,
  "bot_id": 100,
  "fitness_score": 0.0,
  "total_pnl": -0.7676000595092773,
  "win_rate": 0.2857142857142857,
  "total_trades": 7,
  "sharpe_ratio": -0.06719181686639786,
  "max_drawdown": 0.11424010992050171,
  "survival_generations": 1,
  "config": {
    "num_indicators": 4,
    "indicator_indices": [
      16,
      23,
      18,
      15
    ],
    "risk_strategy_bitmap": 2568,
    "tp_multiplier": 0.03373299166560173,
    "sl_multiplier": 0.09772756695747375,
    "leverage": 1
  }
}