{
  "rank": 46,
  "bot_id": 124,
  "fitness_score": 0.0,
  "total_pnl": 0.9947404861450195,
  "win_rate": 0.5555555555555556,
  "total_trades": 18,
  "sharpe_ratio": 0.08879154920578003,
  "max_drawdown": 0.11203097552061081,
  "survival_generations": 1,
  "config": {
    "num_indicators": 5,
    "indicator_indices": [
      34,
      47,
      4,
      8,
      14
    ],
    "risk_strategy_bitmap": 84,
    "tp_multiplier": 0.046352580189704895,
    "sl_multiplier": 0.07665174454450607,
    "leverage": 1
  }
}