{
  "rank": 15,
  "bot_id": 45,
  "fitness_score": 0.0,
  "total_pnl": 19.910825729370117,
  "win_rate": 0.4023879142300195,
  "total_trades": 171,
  "sharpe_ratio": 0.6146856832007567,
  "max_drawdown": 0.10757732888062795,
  "survival_generations": 1,
  "config": {
    "num_indicators": 4,
    "indicator_indices": [
      49,
      16,
      5,
      37
    ],
    "risk_strategy_bitmap": 8256,
    "tp_multiplier": 0.21743588149547577,
    "sl_multiplier": 0.04085906967520714,
    "leverage": 1
  }
}