{
  "rank": 51,
  "bot_id": 137,
  "fitness_score": 0.0,
  "total_pnl": 0.6642646789550781,
  "win_rate": 0.37445887445887444,
  "total_trades": 58,
  "sharpe_ratio": 0.04295101761817932,
  "max_drawdown": 0.12071445087591808,
  "survival_generations": 1,
  "config": {
    "num_indicators": 5,
    "indicator_indices": [
      41,
      45,
      21,
      11,
      35
    ],
    "risk_strategy_bitmap": 16768,
    "tp_multiplier": 0.11822082847356796,
    "sl_multiplier": 0.05189130827784538,
    "leverage": 1
  }
}