{
  "rank": 72,
  "bot_id": 204,
  "fitness_score": 0.0,
  "total_pnl": 5.545392990112305,
  "win_rate": 0.29273504273504275,
  "total_trades": 49,
  "sharpe_ratio": 0.17331942915916443,
  "max_drawdown": 0.1211509679754575,
  "survival_generations": 1,
  "config": {
    "num_indicators": 3,
    "indicator_indices": [
      22,
      31,
      9
    ],
    "risk_strategy_bitmap": 18434,
    "tp_multiplier": 0.15542209148406982,
    "sl_multiplier": 0.0335766077041626,
    "leverage": 1
  }
}