{
  "rank": 36,
  "bot_id": 15,
  "fitness_score": 0.0,
  "total_pnl": -0.6667957305908203,
  "win_rate": 0.0,
  "total_trades": 6,
  "sharpe_ratio": -0.022210966795682907,
  "max_drawdown": 0.1000700369477272,
  "survival_generations": 1,
  "config": {
    "num_indicators": 1,
    "indicator_indices": [
      36
    ],
    "risk_strategy_bitmap": 32,
    "tp_multiplier": 0.07317743450403214,
    "sl_multiplier": 0.020841119810938835,
    "leverage": 1
  }
}