{
  "rank": 94,
  "bot_id": 272,
  "fitness_score": 0.0,
  "total_pnl": 3.8114986419677734,
  "win_rate": 0.45602277235231653,
  "total_trades": 292,
  "sharpe_ratio": 0.09810963769753774,
  "max_drawdown": 0.12640430281559625,
  "survival_generations": 1,
  "config": {
    "num_indicators": 2,
    "indicator_indices": [
      42,
      27
    ],
    "risk_strategy_bitmap": 16544,
    "tp_multiplier": 0.23988786339759827,
    "sl_multiplier": 0.05400675907731056,
    "leverage": 1
  }
}