{
  "rank": 90,
  "bot_id": 217,
  "fitness_score": 0.0,
  "total_pnl": 47.793965339660645,
  "win_rate": 0.5311854676852015,
  "total_trades": 1066,
  "sharpe_ratio": 1.464419921239217,
  "max_drawdown": 0.10863815744717915,
  "survival_generations": 1,
  "config": {
    "num_indicators": 1,
    "indicator_indices": [
      29
    ],
    "risk_strategy_bitmap": 5698,
    "tp_multiplier": 0.23904989659786224,
    "sl_multiplier": 0.00875445082783699,
    "leverage": 1
  }
}