{
  "rank": 46,
  "bot_id": 59,
  "fitness_score": 0.0,
  "total_pnl": -0.3605966567993164,
  "win_rate": 0.36942675159235666,
  "total_trades": 157,
  "sharpe_ratio": -0.031476594507694244,
  "max_drawdown": 0.11456023901700974,
  "survival_generations": 1,
  "config": {
    "num_indicators": 1,
    "indicator_indices": [
      17
    ],
    "risk_strategy_bitmap": 8,
    "tp_multiplier": 0.20444750785827637,
    "sl_multiplier": 0.09241975098848343,
    "leverage": 1
  }
}