{
  "rank": 54,
  "bot_id": 151,
  "fitness_score": 0.0,
  "total_pnl": 13.04958724975586,
  "win_rate": 0.6015669515669516,
  "total_trades": 64,
  "sharpe_ratio": 0.4216334621111552,
  "max_drawdown": 0.1134104256828626,
  "survival_generations": 1,
  "config": {
    "num_indicators": 4,
    "indicator_indices": [
      4,
      29,
      33,
      36
    ],
    "risk_strategy_bitmap": 80,
    "tp_multiplier": 0.10578533262014389,
    "sl_multiplier": 0.04818926379084587,
    "leverage": 1
  }
}