{
  "rank": 76,
  "bot_id": 184,
  "fitness_score": 0.0,
  "total_pnl": 4.604170799255371,
  "win_rate": 0.5501991293877929,
  "total_trades": 176,
  "sharpe_ratio": 0.14006156722704569,
  "max_drawdown": 0.11563519140084584,
  "survival_generations": 1,
  "config": {
    "num_indicators": 1,
    "indicator_indices": [
      13
    ],
    "risk_strategy_bitmap": 32,
    "tp_multiplier": 0.058125317096710205,
    "sl_multiplier": 0.037191346287727356,
    "leverage": 1
  }
}