{
  "rank": 43,
  "bot_id": 108,
  "fitness_score": 0.0,
  "total_pnl": 25.730594635009766,
  "win_rate": 0.4275893236638124,
  "total_trades": 3592,
  "sharpe_ratio": 0.7201887015253305,
  "max_drawdown": 0.14271379758914313,
  "survival_generations": 1,
  "config": {
    "num_indicators": 1,
    "indicator_indices": [
      49
    ],
    "risk_strategy_bitmap": 18436,
    "tp_multiplier": 0.1255386471748352,
    "sl_multiplier": 0.07996854186058044,
    "leverage": 1
  }
}