{
  "rank": 11,
  "bot_id": 13,
  "fitness_score": 0.0,
  "total_pnl": 3.4610366821289062,
  "win_rate": 0.5,
  "total_trades": 14,
  "sharpe_ratio": 0.34586140513420105,
  "max_drawdown": 0.1000700369477272,
  "survival_generations": 1,
  "config": {
    "num_indicators": 5,
    "indicator_indices": [
      30,
      18,
      9,
      16,
      44
    ],
    "risk_strategy_bitmap": 2308,
    "tp_multiplier": 0.19546464085578918,
    "sl_multiplier": 0.08578626811504364,
    "leverage": 1
  }
}