2025-11-22 23:16:28,073 - src.utils.validation - INFO - Initializing GPU (OpenCL)...

2025-11-22 23:16:28,307 - src.utils.validation - INFO - ============================================================
2025-11-22 23:16:28,308 - src.utils.validation - INFO - GPU INITIALIZATION SUCCESSFUL
2025-11-22 23:16:28,308 - src.utils.validation - INFO - ============================================================
2025-11-22 23:16:28,308 - src.utils.validation - INFO - Device: Intel(R) UHD Graphics
2025-11-22 23:16:28,308 - src.utils.validation - INFO - Vendor: Intel(R) Corporation
2025-11-22 23:16:28,309 - src.utils.validation - INFO - Version: OpenCL 3.0 NEO 
2025-11-22 23:16:28,309 - src.utils.validation - INFO - Compute Units: 80
2025-11-22 23:16:28,310 - src.utils.validation - INFO - Max Work Group Size: 512
2025-11-22 23:16:28,310 - src.utils.validation - INFO - Global Memory: 3.19 GB
2025-11-22 23:16:28,310 - src.utils.validation - INFO - Local Memory: 64.00 KB
2025-11-22 23:16:28,310 - src.utils.validation - INFO - ============================================================

2025-11-22 23:16:28,312 - src.utils.validation - ERROR - Invalid input: Validation error: timeframe must be one of ['1m', '5m', '15m', '30m', '1h', '4h', '1d'], got '1'
2025-11-22 23:16:28,312 - src.utils.validation - WARNING - Please try again (4 attempts remaining)
2025-11-22 23:16:28,312 - src.utils.validation - ERROR - Invalid input: Validation error: timeframe must be one of ['1m', '5m', '15m', '30m', '1h', '4h', '1d'], got '1'
2025-11-22 23:16:28,314 - src.utils.validation - WARNING - Please try again (3 attempts remaining)
2025-11-22 23:16:28,314 - src.utils.validation - ERROR - Invalid input: Validation error: timeframe must be one of ['1m', '5m', '15m', '30m', '1h', '4h', '1d'], got '5'
2025-11-22 23:16:28,314 - src.utils.validation - WARNING - Please try again (2 attempts remaining)
2025-11-22 23:16:28,315 - src.utils.validation - ERROR - Invalid input: Validation error: timeframe must be one of ['1m', '5m', '15m', '30m', '1h', '4h', '1d'], got '1'
2025-11-22 23:16:28,315 - src.utils.validation - WARNING - Please try again (1 attempts remaining)
2025-11-22 23:16:28,315 - src.utils.validation - ERROR - Invalid input: Validation error: timeframe must be one of ['1m', '5m', '15m', '30m', '1h', '4h', '1d'], got '3'
2025-11-22 23:16:28,316 - src.utils.validation - ERROR - Maximum attempts reached. Using default value.
2025-11-22 23:16:28,316 - src.utils.validation - ERROR - Invalid input: Validation error: min_indicators must be <= 8, got 100
2025-11-22 23:16:28,316 - src.utils.validation - WARNING - Please try again (4 attempts remaining)
2025-11-22 23:16:28,316 - src.utils.validation - ERROR - Invalid input: Validation error: min_indicators must be <= 8, got 42
2025-11-22 23:16:28,317 - src.utils.validation - WARNING - Please try again (3 attempts remaining)
2025-11-22 23:16:28,317 - src.utils.validation - WARNING - 
EOF detected. Using default value.
2025-11-22 23:16:28,318 - src.utils.validation - WARNING - 
EOF detected. Using default value.
2025-11-22 23:16:28,318 - src.utils.validation - WARNING - 
EOF detected. Using default value.
2025-11-22 23:16:28,318 - src.utils.validation - WARNING - 
EOF detected. Using default value.
2025-11-22 23:16:28,318 - src.utils.validation - WARNING - 
EOF detected. Using default value.
2025-11-22 23:16:28,319 - src.utils.validation - WARNING - 
EOF detected. Using default value.
2025-11-22 23:16:28,319 - src.utils.validation - WARNING - 
EOF detected. Using default value.
2025-11-22 23:16:28,321 - src.utils.validation - INFO - Configuration saved to config\last_run_config.json
2025-11-22 23:16:28,321 - src.utils.validation - INFO - Signal quality filters ENABLED
2025-11-22 23:16:28,326 - src.utils.validation - INFO - Initialized Kucoin Spot API connection
2025-11-22 23:16:30,020 - src.utils.validation - WARNING - Could not normalize pair 'XBTUSDTM', using as-is
2025-11-22 23:16:30,020 - src.utils.validation - INFO - Symbol 'XBTUSDTM' normalized to 'XBTUSDTM' for spot exchange
2025-11-22 23:16:30,021 - src.utils.validation - INFO - Fetching 20 days of XBTUSDTM 1m data ending 2025-11-21 (excludes today)
2025-11-22 23:16:30,256 - src.utils.validation - INFO - [CACHE] 18/20 files cached (90.0%), 2 need download
2025-11-22 23:16:30,257 - src.utils.validation - INFO - [DOWNLOAD] Fetching 2 missing day(s) using 4 parallel threads...
2025-11-22 23:16:30,257 - src.utils.validation - ERROR - Exchange error fetching data for 2025-11-20: kucoin does not have market symbol XBTUSDTM
2025-11-22 23:16:30,258 - src.utils.validation - ERROR - Exchange error fetching data for 2025-11-19: kucoin does not have market symbol XBTUSDTM
2025-11-22 23:16:30,259 - src.utils.validation - ERROR - Failed to fetch data for 2025-11-20: Exchange error for 2025-11-20: kucoin does not have market symbol XBTUSDTM
2025-11-22 23:16:30,259 - src.utils.validation - ERROR - Failed to fetch data for 2025-11-19: Exchange error for 2025-11-19: kucoin does not have market symbol XBTUSDTM
2025-11-22 23:16:30,259 - src.utils.validation - INFO - [OK] Downloaded and saved 0 new file(s)
2025-11-22 23:16:30,260 - src.utils.validation - INFO - Data ready: 18 file(s) total (18 from cache, 2 newly downloaded)
2025-11-22 23:16:30,262 - src.utils.validation - INFO - Set random seed to 42
2025-11-22 23:16:30,263 - src.utils.validation - INFO - Loading 18 data files in parallel
2025-11-22 23:16:30,325 - src.utils.validation - INFO - Loaded total of 25875 candles (excludes today's incomplete data)
2025-11-22 23:16:30,326 - src.utils.validation - INFO - Validating data integrity
2025-11-22 23:16:30,334 - src.utils.validation - WARNING - Found 39 gaps in data (0.15% of intervals). Max gap: 4.0x expected interval
2025-11-22 23:16:30,337 - src.utils.validation - INFO - Data validation passed
2025-11-22 23:16:30,339 - src.utils.validation - INFO - Generating 5 non-overlapping cycle ranges (1 days each)
2025-11-22 23:16:30,340 - src.utils.validation - INFO - Successfully generated 5 non-overlapping cycle ranges
2025-11-22 23:16:30,388 - src.utils.validation - INFO - Compiled compact_bot_gen.cl
2025-11-22 23:16:30,389 - src.utils.validation - INFO - CompactBotGenerator initialized:
2025-11-22 23:16:30,389 - src.utils.validation - INFO -   Population: 1000 bots
2025-11-22 23:16:30,389 - src.utils.validation - INFO -   Indicators: 1-3 per bot (50 available)
2025-11-22 23:16:30,390 - src.utils.validation - INFO -   Risk strategies: 1-3 per bot
2025-11-22 23:16:30,390 - src.utils.validation - INFO -   Leverage: 1-3x
2025-11-22 23:16:30,398 - src.utils.validation - INFO - [OK] Compiled precompute_all_indicators.cl (50 indicators)
2025-11-22 23:16:30,399 - src.utils.validation - INFO - [DEBUG] Filter debug instrumentation DISABLED (no atomic counter overhead)
2025-11-22 23:16:30,408 - src.utils.validation - INFO - [OK] Compiled backtest_with_precomputed.cl (real trading logic + parallel bot-cycle kernel)
2025-11-22 23:16:30,412 - src.utils.validation - INFO - [OK] Compiled aggregate_results.cl (GPU result aggregation)
2025-11-22 23:16:30,421 - src.utils.validation - INFO - [OK] Compiled signal_debug.cl (debug helper kernel)
2025-11-22 23:16:30,422 - src.utils.validation - INFO - CompactBacktester initialized (two-kernel precomputed strategy)
2025-11-22 23:16:30,422 - src.utils.validation - INFO -   - Kernel 1: Precompute 50 indicators
2025-11-22 23:16:30,423 - src.utils.validation - INFO -   - Kernel 2: Backtest with signal generation
2025-11-22 23:16:30,423 - src.utils.validation - INFO -   - GPU Memory: 3.19 GB
2025-11-22 23:16:30,423 - src.utils.validation - INFO -   - Compute Units: 80
2025-11-22 23:16:30,424 - src.utils.validation - INFO -   - MTF Enabled: HTF multiplier = 60x (higher timeframe filtering)
2025-11-22 23:16:30,430 - src.utils.validation - INFO - GA kernels compiled successfully
2025-11-22 23:16:30,430 - src.utils.validation - INFO - GPU GA Processor initialized
2025-11-22 23:16:30,430 - src.utils.validation - INFO - GPU GA acceleration enabled
2025-11-22 23:16:30,439 - src.utils.validation - INFO - Logging kernels compiled successfully
2025-11-22 23:16:30,440 - src.utils.validation - INFO - GPU Logging Processor initialized
2025-11-22 23:16:30,441 - src.utils.validation - INFO - GPU logging acceleration enabled
2025-11-22 23:16:30,442 - src.utils.validation - INFO -   Loading 1-indicator combinations from cache...
2025-11-22 23:16:30,443 - src.utils.validation - INFO -     Loaded 48 combinations from cache
2025-11-22 23:16:30,443 - src.utils.validation - INFO -   Loading 2-indicator combinations from cache...
2025-11-22 23:16:30,445 - src.utils.validation - INFO -     Loaded 1,128 combinations from cache
2025-11-22 23:16:30,447 - src.utils.validation - INFO -   Loading 3-indicator combinations from cache...
2025-11-22 23:16:30,459 - src.utils.validation - INFO -     Loaded 17,296 combinations from cache
2025-11-22 23:16:30,460 - src.utils.validation - INFO -   Total combinations ready: 18,472
2025-11-22 23:16:30,460 - src.utils.validation - INFO - GeneticAlgorithmEvolver initialized (compact architecture)
2025-11-22 23:16:30,461 - src.utils.validation - INFO -   Mutation rate: 15.0% (NOT USED - no crossover/mutation)
2025-11-22 23:16:30,461 - src.utils.validation - INFO -   Elite percentage: 10.0%
2025-11-22 23:16:30,461 - src.utils.validation - INFO -   Pre-computed combination pools: 18,472 total combinations
2025-11-22 23:16:30,461 - src.utils.validation - INFO -   Strategy: Global tracking - no combination ever reused
2025-11-22 23:16:30,462 - src.utils.validation - INFO - 
Starting Evolution: 3 generations, 5 cycles
2025-11-22 23:16:30,463 - src.utils.validation - INFO - Evolution profiler started
2025-11-22 23:16:30,463 - src.utils.validation - INFO - Generating initial population with guaranteed unique combinations...
2025-11-22 23:16:30,463 - src.utils.validation - INFO - Generating 1000 compact bots on GPU...
2025-11-22 23:16:30,464 - src.utils.validation - INFO - GPU: Intel(R) UHD Graphics - Using work group size: 512/512
2025-11-22 23:16:30,466 - src.utils.validation - INFO - Launching GPU kernel: 1024 work items, 512 per group (2 groups)
2025-11-22 23:16:30,473 - src.utils.validation - INFO - GPU kernel completed - processing results...
2025-11-22 23:16:30,485 - src.utils.validation - INFO - [OK] Generated 1000 compact bots (128 bytes each)
2025-11-22 23:16:30,486 - src.utils.validation - INFO - Distributing 1000 bots across indicator sizes 1-3
2025-11-22 23:16:30,489 - src.utils.validation - INFO - Initial population: 1000 bots, 1000 unique (100.0% uniqueness)
2025-11-22 23:16:30,490 - src.utils.validation - INFO - Global tracking: 1000 combinations marked as used
2025-11-22 23:16:30,490 - src.utils.validation - INFO - Size distribution: {1: 48, 2: 470, 3: 482}
2025-11-22 23:16:30,491 - src.utils.validation - INFO - 
--- GENERATION 0 ---
2025-11-22 23:16:30,491 - src.utils.validation - INFO - Evaluating 1000 bots...
2025-11-22 23:16:30,494 - src.utils.validation - INFO - Trade log streaming writer initialized (batch=100, queue=1000)
2025-11-22 23:16:30,611 - src.utils.validation - INFO - [MTF] Computed 431 HTF bars from 25875 base bars (1:60)
2025-11-22 23:16:31,121 - src.utils.validation - INFO - [DEBUG] Kernel finished within 0.50s
2025-11-22 23:16:31,121 - src.utils.validation - INFO - [DEBUG] Kernel finished, reading results...
2025-11-22 23:16:31,121 - src.utils.validation - INFO - [DEBUG] Preparing to read results: results_size=20000
2025-11-22 23:16:31,122 - src.utils.validation - INFO - [DEBUG] Enqueuing copy to read results buffer...
2025-11-22 23:16:31,123 - src.utils.validation - INFO - [DEBUG] Results copy enqueued (results_flat size 20000)
2025-11-22 23:16:31,123 - src.utils.validation - INFO - [DEBUG] Enqueuing copy to read trade_log_index_buf
2025-11-22 23:16:31,123 - src.utils.validation - INFO - [DEBUG] Waiting for trade log index copy to finish (with timeout)
2025-11-22 23:16:31,124 - src.utils.validation - INFO - [DEBUG] Reading 12279 trade logs for streaming write
2025-11-22 23:16:31,133 - src.utils.validation - INFO - [DEBUG] Enqueuing copy to read close_counters_buf (for diagnostics)
2025-11-22 23:16:31,165 - src.utils.validation - INFO - [DEBUG] Waiting for close counters copy to finish (with timeout)
2025-11-22 23:16:31,496 - src.utils.validation - INFO - Shutting down trade log writer (enqueued: 12279, written: 12279, pending: 0)
2025-11-22 23:16:31,497 - src.utils.validation - INFO - TradeLogStreamWriter shutting down (queued: 0, written: 12279)
2025-11-22 23:16:31,734 - src.utils.validation - INFO - TradeLogStreamWriter shutdown complete. Total written: 12279
2025-11-22 23:16:31,734 - src.utils.validation - INFO - Trade log writer shutdown complete (total written: 12279)
2025-11-22 23:16:31,735 - src.utils.validation - INFO - Selecting survivors...
2025-11-22 23:16:31,737 - src.utils.validation - INFO - SURVIVAL FILTER: 406 negative profit, 317 failed criteria, 277 missing trades cycles, 277 bots passed
2025-11-22 23:16:31,737 - src.utils.validation - INFO - Survivors: 277 unique bots kept (no cap applied)
2025-11-22 23:16:31,738 - src.utils.validation - INFO - SURVIVAL: 277 survivors (from 277 bots: avg profit and per-cycle thresholds passed; max DD < 15%)
2025-11-22 23:16:31,738 - src.utils.validation - INFO - ELIMINATED: 723 bots total
2025-11-22 23:16:31,738 - src.utils.validation - INFO - Logging generation 0 results...
2025-11-22 23:16:31,789 - src.utils.validation - INFO - GPU logging completed for generation 0 in 0.049s
2025-11-22 23:16:31,792 - src.utils.validation - INFO - Refilling population with new globally unique combinations...
2025-11-22 23:16:31,796 - src.utils.validation - INFO - Survivors: 277 total, 277 unique combinations (100.0% diversity)
2025-11-22 23:16:31,799 - src.utils.validation - INFO - Global tracking: 1000 combinations used across all generations
2025-11-22 23:16:31,800 - src.utils.validation - INFO - Generating 723 new globally unique bots (insufficient top performers for breeding)
2025-11-22 23:16:31,801 - src.utils.validation - INFO - Available combinations: 17,472 unused, 1,000 used globally
2025-11-22 23:16:33,700 - src.utils.validation - INFO - After refill: 1000 bots, 1000 unique combinations (100.0% diversity)
2025-11-22 23:16:33,701 - src.utils.validation - INFO - Remaining unused combinations: 16,802
2025-11-22 23:16:33,701 - src.utils.validation - INFO - Population refilled: 1000 bots
2025-11-22 23:16:33,702 - src.utils.validation - INFO - Generation 0 completed in 3.212s
2025-11-22 23:16:33,703 - src.utils.validation - INFO - 
--- GENERATION 1 ---
2025-11-22 23:16:33,703 - src.utils.validation - INFO - Evaluating 1000 bots...
2025-11-22 23:16:33,705 - src.utils.validation - INFO - Trade log streaming writer initialized (batch=100, queue=1000)
2025-11-22 23:16:33,800 - src.utils.validation - INFO - [MTF] Computed 431 HTF bars from 25875 base bars (1:60)
2025-11-22 23:16:34,314 - src.utils.validation - INFO - [DEBUG] Kernel finished within 0.50s
2025-11-22 23:16:34,316 - src.utils.validation - INFO - [DEBUG] Kernel finished, reading results...
2025-11-22 23:16:34,317 - src.utils.validation - INFO - [DEBUG] Preparing to read results: results_size=20000
2025-11-22 23:16:34,318 - src.utils.validation - INFO - [DEBUG] Enqueuing copy to read results buffer...
2025-11-22 23:16:34,319 - src.utils.validation - INFO - [DEBUG] Results copy enqueued (results_flat size 20000)
2025-11-22 23:16:34,319 - src.utils.validation - INFO - [DEBUG] Enqueuing copy to read trade_log_index_buf
2025-11-22 23:16:34,320 - src.utils.validation - INFO - [DEBUG] Waiting for trade log index copy to finish (with timeout)
2025-11-22 23:16:34,422 - src.utils.validation - INFO - [DEBUG] Reading 5460 trade logs for streaming write
2025-11-22 23:16:34,430 - src.utils.validation - INFO - [DEBUG] Enqueuing copy to read close_counters_buf (for diagnostics)
2025-11-22 23:16:34,445 - src.utils.validation - INFO - [DEBUG] Waiting for close counters copy to finish (with timeout)
2025-11-22 23:16:34,753 - src.utils.validation - INFO - Shutting down trade log writer (enqueued: 5460, written: 5460, pending: 0)
2025-11-22 23:16:34,754 - src.utils.validation - INFO - TradeLogStreamWriter shutting down (queued: 0, written: 5460)
2025-11-22 23:16:34,980 - src.utils.validation - INFO - TradeLogStreamWriter shutdown complete. Total written: 5460
2025-11-22 23:16:34,982 - src.utils.validation - INFO - Trade log writer shutdown complete (total written: 5460)
2025-11-22 23:16:34,983 - src.utils.validation - INFO - Selecting survivors...
2025-11-22 23:16:34,986 - src.utils.validation - INFO - SURVIVAL FILTER: 280 negative profit, 230 failed criteria, 490 missing trades cycles, 490 bots passed
2025-11-22 23:16:34,987 - src.utils.validation - INFO - Survivors: 490 unique bots kept (no cap applied)
2025-11-22 23:16:34,987 - src.utils.validation - INFO - SURVIVAL: 490 survivors (from 490 bots: avg profit and per-cycle thresholds passed; max DD < 15%)
2025-11-22 23:16:34,987 - src.utils.validation - INFO - ELIMINATED: 510 bots total
2025-11-22 23:16:34,989 - src.utils.validation - INFO - Logging generation 1 results...
2025-11-22 23:16:35,039 - src.utils.validation - INFO - GPU logging completed for generation 1 in 0.050s
2025-11-22 23:16:35,041 - src.utils.validation - INFO - Refilling population with new globally unique combinations...
2025-11-22 23:16:35,049 - src.utils.validation - INFO - Survivors: 490 total, 490 unique combinations (100.0% diversity)
2025-11-22 23:16:35,050 - src.utils.validation - INFO - Global tracking: 1723 combinations used across all generations
2025-11-22 23:16:35,050 - src.utils.validation - INFO - Generating 510 new globally unique bots (insufficient top performers for breeding)
2025-11-22 23:16:35,051 - src.utils.validation - INFO - Available combinations: 16,802 unused, 1,723 used globally
2025-11-22 23:16:36,310 - src.utils.validation - INFO - After refill: 1000 bots, 1000 unique combinations (100.0% diversity)
2025-11-22 23:16:36,311 - src.utils.validation - INFO - Remaining unused combinations: 16,315
2025-11-22 23:16:36,313 - src.utils.validation - INFO - Population refilled: 1000 bots
2025-11-22 23:16:36,313 - src.utils.validation - INFO - Generation 1 completed in 2.610s
2025-11-22 23:16:36,314 - src.utils.validation - INFO - 
--- GENERATION 2 ---
2025-11-22 23:16:36,314 - src.utils.validation - INFO - Evaluating 1000 bots...
2025-11-22 23:16:36,316 - src.utils.validation - INFO - Trade log streaming writer initialized (batch=100, queue=1000)
2025-11-22 23:16:36,402 - src.utils.validation - INFO - [MTF] Computed 431 HTF bars from 25875 base bars (1:60)
2025-11-22 23:16:36,917 - src.utils.validation - INFO - [DEBUG] Kernel finished within 0.50s
2025-11-22 23:16:36,917 - src.utils.validation - INFO - [DEBUG] Kernel finished, reading results...
2025-11-22 23:16:36,919 - src.utils.validation - INFO - [DEBUG] Preparing to read results: results_size=20000
2025-11-22 23:16:36,919 - src.utils.validation - INFO - [DEBUG] Enqueuing copy to read results buffer...
2025-11-22 23:16:36,919 - src.utils.validation - INFO - [DEBUG] Results copy enqueued (results_flat size 20000)
2025-11-22 23:16:36,920 - src.utils.validation - INFO - [DEBUG] Enqueuing copy to read trade_log_index_buf
2025-11-22 23:16:36,920 - src.utils.validation - INFO - [DEBUG] Waiting for trade log index copy to finish (with timeout)
2025-11-22 23:16:36,920 - src.utils.validation - INFO - [DEBUG] Reading 5206 trade logs for streaming write
2025-11-22 23:16:36,925 - src.utils.validation - INFO - [DEBUG] Enqueuing copy to read close_counters_buf (for diagnostics)
2025-11-22 23:16:36,946 - src.utils.validation - INFO - [DEBUG] Waiting for close counters copy to finish (with timeout)
2025-11-22 23:16:37,319 - src.utils.validation - INFO - Shutting down trade log writer (enqueued: 5206, written: 5206, pending: 0)
2025-11-22 23:16:37,320 - src.utils.validation - INFO - TradeLogStreamWriter shutting down (queued: 0, written: 5206)
2025-11-22 23:16:37,598 - src.utils.validation - INFO - TradeLogStreamWriter shutdown complete. Total written: 5206
2025-11-22 23:16:37,599 - src.utils.validation - INFO - Trade log writer shutdown complete (total written: 5206)
2025-11-22 23:16:37,600 - src.utils.validation - INFO - Selecting survivors...
2025-11-22 23:16:37,603 - src.utils.validation - INFO - SURVIVAL FILTER: 225 negative profit, 150 failed criteria, 625 missing trades cycles, 625 bots passed
2025-11-22 23:16:37,603 - src.utils.validation - INFO - Survivors: 625 unique bots kept (no cap applied)
2025-11-22 23:16:37,605 - src.utils.validation - INFO - SURVIVAL: 625 survivors (from 625 bots: avg profit and per-cycle thresholds passed; max DD < 15%)
2025-11-22 23:16:37,605 - src.utils.validation - INFO - ELIMINATED: 375 bots total
2025-11-22 23:16:37,606 - src.utils.validation - INFO - Logging generation 2 results...
2025-11-22 23:16:37,657 - src.utils.validation - INFO - GPU logging completed for generation 2 in 0.051s
2025-11-22 23:16:37,659 - src.utils.validation - INFO - Refilling population with new globally unique combinations...
2025-11-22 23:16:37,668 - src.utils.validation - INFO - Survivors: 625 total, 625 unique combinations (100.0% diversity)
2025-11-22 23:16:37,668 - src.utils.validation - INFO - Global tracking: 2233 combinations used across all generations
2025-11-22 23:16:37,669 - src.utils.validation - INFO - Generating 375 new globally unique bots (insufficient top performers for breeding)
2025-11-22 23:16:37,670 - src.utils.validation - INFO - Available combinations: 16,315 unused, 2,233 used globally
2025-11-22 23:16:38,862 - src.utils.validation - INFO - After refill: 1000 bots, 1000 unique combinations (100.0% diversity)
2025-11-22 23:16:38,863 - src.utils.validation - INFO - Remaining unused combinations: 15,963
2025-11-22 23:16:38,864 - src.utils.validation - INFO - Population refilled: 1000 bots
2025-11-22 23:16:38,864 - src.utils.validation - INFO - Generation 2 completed in 2.550s
2025-11-22 23:16:38,865 - src.utils.validation - INFO - 
--- FINAL EVALUATION ---
2025-11-22 23:16:38,866 - src.utils.validation - INFO - Trade log streaming writer initialized (batch=100, queue=1000)
2025-11-22 23:16:38,955 - src.utils.validation - INFO - [MTF] Computed 431 HTF bars from 25875 base bars (1:60)
2025-11-22 23:16:39,473 - src.utils.validation - INFO - [DEBUG] Kernel finished within 0.50s
2025-11-22 23:16:39,474 - src.utils.validation - INFO - [DEBUG] Kernel finished, reading results...
2025-11-22 23:16:39,474 - src.utils.validation - INFO - [DEBUG] Preparing to read results: results_size=20000
2025-11-22 23:16:39,475 - src.utils.validation - INFO - [DEBUG] Enqueuing copy to read results buffer...
2025-11-22 23:16:39,476 - src.utils.validation - INFO - [DEBUG] Results copy enqueued (results_flat size 20000)
2025-11-22 23:16:39,477 - src.utils.validation - INFO - [DEBUG] Enqueuing copy to read trade_log_index_buf
2025-11-22 23:16:39,477 - src.utils.validation - INFO - [DEBUG] Waiting for trade log index copy to finish (with timeout)
2025-11-22 23:16:39,478 - src.utils.validation - INFO - [DEBUG] Reading 5083 trade logs for streaming write
2025-11-22 23:16:39,483 - src.utils.validation - INFO - [DEBUG] Enqueuing copy to read close_counters_buf (for diagnostics)
2025-11-22 23:16:39,500 - src.utils.validation - INFO - [DEBUG] Waiting for close counters copy to finish (with timeout)
2025-11-22 23:16:39,813 - src.utils.validation - INFO - Shutting down trade log writer (enqueued: 5083, written: 5083, pending: 0)
2025-11-22 23:16:39,813 - src.utils.validation - INFO - TradeLogStreamWriter shutting down (queued: 0, written: 5083)
2025-11-22 23:16:40,046 - src.utils.validation - INFO - TradeLogStreamWriter shutdown complete. Total written: 5083
2025-11-22 23:16:40,047 - src.utils.validation - INFO - Trade log writer shutdown complete (total written: 5083)
2025-11-22 23:16:40,095 - src.utils.validation - INFO - GPU logging completed for generation 3 in 0.047s
2025-11-22 23:16:40,103 - src.utils.validation - INFO - 
Evolution complete!

2025-11-22 23:16:40,107 - src.utils.validation - INFO - Filtered to 625 bots where all cycles are profitable
2025-11-22 23:16:40,108 - src.utils.validation - INFO - Saved bot 0 to bots/XBTUSDTM/1m/bot_0.json
2025-11-22 23:16:40,111 - src.utils.validation - INFO - Saved bot 5 to bots/XBTUSDTM/1m/bot_5.json
2025-11-22 23:16:40,113 - src.utils.validation - INFO - Saved bot 7 to bots/XBTUSDTM/1m/bot_7.json
2025-11-22 23:16:40,115 - src.utils.validation - INFO - Saved bot 10 to bots/XBTUSDTM/1m/bot_10.json
2025-11-22 23:16:40,118 - src.utils.validation - INFO - Saved bot 13 to bots/XBTUSDTM/1m/bot_13.json
2025-11-22 23:16:40,121 - src.utils.validation - INFO - Saved bot 15 to bots/XBTUSDTM/1m/bot_15.json
2025-11-22 23:16:40,123 - src.utils.validation - INFO - Saved bot 22 to bots/XBTUSDTM/1m/bot_22.json
2025-11-22 23:16:40,124 - src.utils.validation - INFO - Saved bot 29 to bots/XBTUSDTM/1m/bot_29.json
2025-11-22 23:16:40,126 - src.utils.validation - INFO - Saved bot 40 to bots/XBTUSDTM/1m/bot_40.json
2025-11-22 23:16:40,127 - src.utils.validation - INFO - Saved bot 44 to bots/XBTUSDTM/1m/bot_44.json
2025-11-22 23:16:40,128 - src.utils.validation - INFO - Saved bot 49 to bots/XBTUSDTM/1m/bot_49.json
2025-11-22 23:16:40,132 - src.utils.validation - INFO - Saved bot 54 to bots/XBTUSDTM/1m/bot_54.json
2025-11-22 23:16:40,134 - src.utils.validation - INFO - Saved bot 55 to bots/XBTUSDTM/1m/bot_55.json
2025-11-22 23:16:40,136 - src.utils.validation - INFO - Saved bot 58 to bots/XBTUSDTM/1m/bot_58.json
2025-11-22 23:16:40,139 - src.utils.validation - INFO - Saved bot 63 to bots/XBTUSDTM/1m/bot_63.json
2025-11-22 23:16:40,140 - src.utils.validation - INFO - Saved bot 64 to bots/XBTUSDTM/1m/bot_64.json
2025-11-22 23:16:40,141 - src.utils.validation - INFO - Saved bot 67 to bots/XBTUSDTM/1m/bot_67.json
2025-11-22 23:16:40,143 - src.utils.validation - INFO - Saved bot 72 to bots/XBTUSDTM/1m/bot_72.json
2025-11-22 23:16:40,145 - src.utils.validation - INFO - Saved bot 91 to bots/XBTUSDTM/1m/bot_91.json
2025-11-22 23:16:40,146 - src.utils.validation - INFO - Saved bot 93 to bots/XBTUSDTM/1m/bot_93.json
2025-11-22 23:16:40,148 - src.utils.validation - INFO - Saved bot 94 to bots/XBTUSDTM/1m/bot_94.json
2025-11-22 23:16:40,152 - src.utils.validation - INFO - Saved bot 95 to bots/XBTUSDTM/1m/bot_95.json
2025-11-22 23:16:40,155 - src.utils.validation - INFO - Saved bot 100 to bots/XBTUSDTM/1m/bot_100.json
2025-11-22 23:16:40,157 - src.utils.validation - INFO - Saved bot 104 to bots/XBTUSDTM/1m/bot_104.json
2025-11-22 23:16:40,159 - src.utils.validation - INFO - Saved bot 106 to bots/XBTUSDTM/1m/bot_106.json
2025-11-22 23:16:40,160 - src.utils.validation - INFO - Saved bot 108 to bots/XBTUSDTM/1m/bot_108.json
2025-11-22 23:16:40,163 - src.utils.validation - INFO - Saved bot 121 to bots/XBTUSDTM/1m/bot_121.json
2025-11-22 23:16:40,167 - src.utils.validation - INFO - Saved bot 124 to bots/XBTUSDTM/1m/bot_124.json
2025-11-22 23:16:40,170 - src.utils.validation - INFO - Saved bot 131 to bots/XBTUSDTM/1m/bot_131.json
2025-11-22 23:16:40,172 - src.utils.validation - INFO - Saved bot 132 to bots/XBTUSDTM/1m/bot_132.json
2025-11-22 23:16:40,174 - src.utils.validation - INFO - Saved bot 134 to bots/XBTUSDTM/1m/bot_134.json
2025-11-22 23:16:40,179 - src.utils.validation - INFO - Saved bot 137 to bots/XBTUSDTM/1m/bot_137.json
2025-11-22 23:16:40,181 - src.utils.validation - INFO - Saved bot 141 to bots/XBTUSDTM/1m/bot_141.json
2025-11-22 23:16:40,184 - src.utils.validation - INFO - Saved bot 150 to bots/XBTUSDTM/1m/bot_150.json
2025-11-22 23:16:40,190 - src.utils.validation - INFO - Saved bot 154 to bots/XBTUSDTM/1m/bot_154.json
2025-11-22 23:16:40,194 - src.utils.validation - INFO - Saved bot 159 to bots/XBTUSDTM/1m/bot_159.json
2025-11-22 23:16:40,196 - src.utils.validation - INFO - Saved bot 164 to bots/XBTUSDTM/1m/bot_164.json
2025-11-22 23:16:40,201 - src.utils.validation - INFO - Saved bot 165 to bots/XBTUSDTM/1m/bot_165.json
2025-11-22 23:16:40,204 - src.utils.validation - INFO - Saved bot 168 to bots/XBTUSDTM/1m/bot_168.json
2025-11-22 23:16:40,205 - src.utils.validation - INFO - Saved bot 172 to bots/XBTUSDTM/1m/bot_172.json
2025-11-22 23:16:40,208 - src.utils.validation - INFO - Saved bot 179 to bots/XBTUSDTM/1m/bot_179.json
2025-11-22 23:16:40,210 - src.utils.validation - INFO - Saved bot 185 to bots/XBTUSDTM/1m/bot_185.json
2025-11-22 23:16:40,215 - src.utils.validation - INFO - Saved bot 189 to bots/XBTUSDTM/1m/bot_189.json
2025-11-22 23:16:40,219 - src.utils.validation - INFO - Saved bot 193 to bots/XBTUSDTM/1m/bot_193.json
2025-11-22 23:16:40,220 - src.utils.validation - INFO - Saved bot 199 to bots/XBTUSDTM/1m/bot_199.json
2025-11-22 23:16:40,222 - src.utils.validation - INFO - Saved bot 204 to bots/XBTUSDTM/1m/bot_204.json
2025-11-22 23:16:40,223 - src.utils.validation - INFO - Saved bot 205 to bots/XBTUSDTM/1m/bot_205.json
2025-11-22 23:16:40,226 - src.utils.validation - INFO - Saved bot 206 to bots/XBTUSDTM/1m/bot_206.json
2025-11-22 23:16:40,228 - src.utils.validation - INFO - Saved bot 209 to bots/XBTUSDTM/1m/bot_209.json
2025-11-22 23:16:40,231 - src.utils.validation - INFO - Saved bot 213 to bots/XBTUSDTM/1m/bot_213.json
2025-11-22 23:16:40,236 - src.utils.validation - INFO - Saved bot 215 to bots/XBTUSDTM/1m/bot_215.json
2025-11-22 23:16:40,238 - src.utils.validation - INFO - Saved bot 217 to bots/XBTUSDTM/1m/bot_217.json
2025-11-22 23:16:40,239 - src.utils.validation - INFO - Saved bot 227 to bots/XBTUSDTM/1m/bot_227.json
2025-11-22 23:16:40,241 - src.utils.validation - INFO - Saved bot 228 to bots/XBTUSDTM/1m/bot_228.json
2025-11-22 23:16:40,242 - src.utils.validation - INFO - Saved bot 231 to bots/XBTUSDTM/1m/bot_231.json
2025-11-22 23:16:40,244 - src.utils.validation - INFO - Saved bot 239 to bots/XBTUSDTM/1m/bot_239.json
2025-11-22 23:16:40,246 - src.utils.validation - INFO - Saved bot 241 to bots/XBTUSDTM/1m/bot_241.json
2025-11-22 23:16:40,251 - src.utils.validation - INFO - Saved bot 250 to bots/XBTUSDTM/1m/bot_250.json
2025-11-22 23:16:40,253 - src.utils.validation - INFO - Saved bot 258 to bots/XBTUSDTM/1m/bot_258.json
2025-11-22 23:16:40,255 - src.utils.validation - INFO - Saved bot 263 to bots/XBTUSDTM/1m/bot_263.json
2025-11-22 23:16:40,257 - src.utils.validation - INFO - Saved bot 264 to bots/XBTUSDTM/1m/bot_264.json
2025-11-22 23:16:40,259 - src.utils.validation - INFO - Saved bot 268 to bots/XBTUSDTM/1m/bot_268.json
2025-11-22 23:16:40,262 - src.utils.validation - INFO - Saved bot 282 to bots/XBTUSDTM/1m/bot_282.json
2025-11-22 23:16:40,268 - src.utils.validation - INFO - Saved bot 285 to bots/XBTUSDTM/1m/bot_285.json
2025-11-22 23:16:40,271 - src.utils.validation - INFO - Saved bot 289 to bots/XBTUSDTM/1m/bot_289.json
2025-11-22 23:16:40,273 - src.utils.validation - INFO - Saved bot 295 to bots/XBTUSDTM/1m/bot_295.json
2025-11-22 23:16:40,275 - src.utils.validation - INFO - Saved bot 299 to bots/XBTUSDTM/1m/bot_299.json
2025-11-22 23:16:40,277 - src.utils.validation - INFO - Saved bot 300 to bots/XBTUSDTM/1m/bot_300.json
2025-11-22 23:16:40,279 - src.utils.validation - INFO - Saved bot 307 to bots/XBTUSDTM/1m/bot_307.json
2025-11-22 23:16:40,283 - src.utils.validation - INFO - Saved bot 310 to bots/XBTUSDTM/1m/bot_310.json
2025-11-22 23:16:40,286 - src.utils.validation - INFO - Saved bot 315 to bots/XBTUSDTM/1m/bot_315.json
2025-11-22 23:16:40,289 - src.utils.validation - INFO - Saved bot 316 to bots/XBTUSDTM/1m/bot_316.json
2025-11-22 23:16:40,291 - src.utils.validation - INFO - Saved bot 328 to bots/XBTUSDTM/1m/bot_328.json
2025-11-22 23:16:40,293 - src.utils.validation - INFO - Saved bot 330 to bots/XBTUSDTM/1m/bot_330.json
2025-11-22 23:16:40,295 - src.utils.validation - INFO - Saved bot 331 to bots/XBTUSDTM/1m/bot_331.json
2025-11-22 23:16:40,299 - src.utils.validation - INFO - Saved bot 332 to bots/XBTUSDTM/1m/bot_332.json
2025-11-22 23:16:40,302 - src.utils.validation - INFO - Saved bot 335 to bots/XBTUSDTM/1m/bot_335.json
2025-11-22 23:16:40,304 - src.utils.validation - INFO - Saved bot 336 to bots/XBTUSDTM/1m/bot_336.json
2025-11-22 23:16:40,305 - src.utils.validation - INFO - Saved bot 342 to bots/XBTUSDTM/1m/bot_342.json
2025-11-22 23:16:40,306 - src.utils.validation - INFO - Saved bot 343 to bots/XBTUSDTM/1m/bot_343.json
2025-11-22 23:16:40,309 - src.utils.validation - INFO - Saved bot 344 to bots/XBTUSDTM/1m/bot_344.json
2025-11-22 23:16:40,311 - src.utils.validation - INFO - Saved bot 346 to bots/XBTUSDTM/1m/bot_346.json
2025-11-22 23:16:40,315 - src.utils.validation - INFO - Saved bot 347 to bots/XBTUSDTM/1m/bot_347.json
2025-11-22 23:16:40,318 - src.utils.validation - INFO - Saved bot 357 to bots/XBTUSDTM/1m/bot_357.json
2025-11-22 23:16:40,320 - src.utils.validation - INFO - Saved bot 362 to bots/XBTUSDTM/1m/bot_362.json
2025-11-22 23:16:40,322 - src.utils.validation - INFO - Saved bot 369 to bots/XBTUSDTM/1m/bot_369.json
2025-11-22 23:16:40,323 - src.utils.validation - INFO - Saved bot 374 to bots/XBTUSDTM/1m/bot_374.json
2025-11-22 23:16:40,325 - src.utils.validation - INFO - Saved bot 377 to bots/XBTUSDTM/1m/bot_377.json
2025-11-22 23:16:40,327 - src.utils.validation - INFO - Saved bot 388 to bots/XBTUSDTM/1m/bot_388.json
2025-11-22 23:16:40,329 - src.utils.validation - INFO - Saved bot 389 to bots/XBTUSDTM/1m/bot_389.json
2025-11-22 23:16:40,333 - src.utils.validation - INFO - Saved bot 393 to bots/XBTUSDTM/1m/bot_393.json
2025-11-22 23:16:40,335 - src.utils.validation - INFO - Saved bot 394 to bots/XBTUSDTM/1m/bot_394.json
2025-11-22 23:16:40,336 - src.utils.validation - INFO - Saved bot 395 to bots/XBTUSDTM/1m/bot_395.json
2025-11-22 23:16:40,338 - src.utils.validation - INFO - Saved bot 398 to bots/XBTUSDTM/1m/bot_398.json
2025-11-22 23:16:40,340 - src.utils.validation - INFO - Saved bot 399 to bots/XBTUSDTM/1m/bot_399.json
2025-11-22 23:16:40,342 - src.utils.validation - INFO - Saved bot 400 to bots/XBTUSDTM/1m/bot_400.json
2025-11-22 23:16:40,343 - src.utils.validation - INFO - Saved bot 402 to bots/XBTUSDTM/1m/bot_402.json
2025-11-22 23:16:40,345 - src.utils.validation - INFO - Saved bot 404 to bots/XBTUSDTM/1m/bot_404.json
2025-11-22 23:16:40,350 - src.utils.validation - INFO - Saved bot 405 to bots/XBTUSDTM/1m/bot_405.json
2025-11-22 23:16:40,352 - src.utils.validation - INFO - Saved bot 412 to bots/XBTUSDTM/1m/bot_412.json
2025-11-22 23:16:40,360 - src.utils.validation - INFO - 
Saved 100 survivor bots to bots/XBTUSDTM/1m/run_20251122_231640/best_bots.json and individual files
2025-11-22 23:16:40,375 - src.utils.validation - INFO - TradeLogStreamWriter shutting down (queued: 0, written: 5083)
2025-11-22 23:16:40,382 - src.utils.validation - INFO - TradeLogStreamWriter shutting down (queued: 0, written: 5083)
2025-11-22 23:16:40,383 - src.utils.validation - INFO - TradeLogStreamWriter shutting down (queued: 0, written: 5206)
2025-11-22 23:16:40,383 - src.utils.validation - INFO - TradeLogStreamWriter shutting down (queued: 0, written: 5460)
2025-11-22 23:16:40,385 - src.utils.validation - INFO - TradeLogStreamWriter shutting down (queued: 0, written: 12279)
2025-11-22 23:17:27,100 - src.utils.validation - INFO - Initializing GPU (OpenCL)...

2025-11-22 23:17:27,350 - src.utils.validation - INFO - ============================================================
2025-11-22 23:17:27,350 - src.utils.validation - INFO - GPU INITIALIZATION SUCCESSFUL
2025-11-22 23:17:27,351 - src.utils.validation - INFO - ============================================================
2025-11-22 23:17:27,351 - src.utils.validation - INFO - Device: Intel(R) UHD Graphics
2025-11-22 23:17:27,351 - src.utils.validation - INFO - Vendor: Intel(R) Corporation
2025-11-22 23:17:27,351 - src.utils.validation - INFO - Version: OpenCL 3.0 NEO 
2025-11-22 23:17:27,351 - src.utils.validation - INFO - Compute Units: 80
2025-11-22 23:17:27,352 - src.utils.validation - INFO - Max Work Group Size: 512
2025-11-22 23:17:27,352 - src.utils.validation - INFO - Global Memory: 3.19 GB
2025-11-22 23:17:27,352 - src.utils.validation - INFO - Local Memory: 64.00 KB
2025-11-22 23:17:27,352 - src.utils.validation - INFO - ============================================================

2025-11-22 23:17:27,353 - src.utils.validation - ERROR - Invalid input: Validation error: timeframe must be one of ['1m', '5m', '15m', '30m', '1h', '4h', '1d'], got '1'
2025-11-22 23:17:27,353 - src.utils.validation - WARNING - Please try again (4 attempts remaining)
2025-11-22 23:17:27,353 - src.utils.validation - ERROR - Invalid input: Validation error: timeframe must be one of ['1m', '5m', '15m', '30m', '1h', '4h', '1d'], got '1'
2025-11-22 23:17:27,354 - src.utils.validation - WARNING - Please try again (3 attempts remaining)
2025-11-22 23:17:27,354 - src.utils.validation - ERROR - Invalid input: Validation error: timeframe must be one of ['1m', '5m', '15m', '30m', '1h', '4h', '1d'], got '5'
2025-11-22 23:17:27,355 - src.utils.validation - WARNING - Please try again (2 attempts remaining)
2025-11-22 23:17:27,355 - src.utils.validation - ERROR - Invalid input: Validation error: timeframe must be one of ['1m', '5m', '15m', '30m', '1h', '4h', '1d'], got '1'
2025-11-22 23:17:27,355 - src.utils.validation - WARNING - Please try again (1 attempts remaining)
2025-11-22 23:17:27,355 - src.utils.validation - ERROR - Invalid input: Validation error: timeframe must be one of ['1m', '5m', '15m', '30m', '1h', '4h', '1d'], got '3'
2025-11-22 23:17:27,356 - src.utils.validation - ERROR - Maximum attempts reached. Using default value.
2025-11-22 23:17:27,356 - src.utils.validation - ERROR - Invalid input: Validation error: min_indicators must be <= 8, got 100
2025-11-22 23:17:27,356 - src.utils.validation - WARNING - Please try again (4 attempts remaining)
2025-11-22 23:17:27,356 - src.utils.validation - ERROR - Invalid input: Validation error: min_indicators must be <= 8, got 42
2025-11-22 23:17:27,356 - src.utils.validation - WARNING - Please try again (3 attempts remaining)
2025-11-22 23:17:27,357 - src.utils.validation - WARNING - 
EOF detected. Using default value.
2025-11-22 23:17:27,357 - src.utils.validation - WARNING - 
EOF detected. Using default value.
2025-11-22 23:17:27,357 - src.utils.validation - WARNING - 
EOF detected. Using default value.
2025-11-22 23:17:27,358 - src.utils.validation - WARNING - 
EOF detected. Using default value.
2025-11-22 23:17:27,358 - src.utils.validation - WARNING - 
EOF detected. Using default value.
2025-11-22 23:17:27,358 - src.utils.validation - WARNING - 
EOF detected. Using default value.
2025-11-22 23:17:27,358 - src.utils.validation - WARNING - 
EOF detected. Using default value.
2025-11-22 23:17:27,359 - src.utils.validation - INFO - Configuration saved to config\last_run_config.json
2025-11-22 23:17:27,359 - src.utils.validation - INFO - Signal quality filters ENABLED
2025-11-22 23:17:27,364 - src.utils.validation - INFO - Initialized Kucoin Spot API connection
2025-11-22 23:17:29,066 - src.utils.validation - WARNING - Could not normalize pair 'XBTUSDTM', using as-is
2025-11-22 23:17:29,067 - src.utils.validation - INFO - Symbol 'XBTUSDTM' normalized to 'XBTUSDTM' for spot exchange
2025-11-22 23:17:29,067 - src.utils.validation - INFO - Fetching 20 days of XBTUSDTM 1m data ending 2025-11-21 (excludes today)
2025-11-22 23:17:29,244 - src.utils.validation - INFO - [CACHE] 18/20 files cached (90.0%), 2 need download
2025-11-22 23:17:29,244 - src.utils.validation - INFO - [DOWNLOAD] Fetching 2 missing day(s) using 4 parallel threads...
2025-11-22 23:17:29,245 - src.utils.validation - ERROR - Exchange error fetching data for 2025-11-20: kucoin does not have market symbol XBTUSDTM
2025-11-22 23:17:29,245 - src.utils.validation - ERROR - Exchange error fetching data for 2025-11-19: kucoin does not have market symbol XBTUSDTM
2025-11-22 23:17:29,246 - src.utils.validation - ERROR - Failed to fetch data for 2025-11-20: Exchange error for 2025-11-20: kucoin does not have market symbol XBTUSDTM
2025-11-22 23:17:29,246 - src.utils.validation - ERROR - Failed to fetch data for 2025-11-19: Exchange error for 2025-11-19: kucoin does not have market symbol XBTUSDTM
2025-11-22 23:17:29,247 - src.utils.validation - INFO - [OK] Downloaded and saved 0 new file(s)
2025-11-22 23:17:29,247 - src.utils.validation - INFO - Data ready: 18 file(s) total (18 from cache, 2 newly downloaded)
2025-11-22 23:17:29,247 - src.utils.validation - INFO - Set random seed to 42
2025-11-22 23:17:29,248 - src.utils.validation - INFO - Loading 18 data files in parallel
2025-11-22 23:17:29,292 - src.utils.validation - INFO - Loaded total of 25875 candles (excludes today's incomplete data)
2025-11-22 23:17:29,293 - src.utils.validation - INFO - Validating data integrity
2025-11-22 23:17:29,300 - src.utils.validation - WARNING - Found 39 gaps in data (0.15% of intervals). Max gap: 4.0x expected interval
2025-11-22 23:17:29,303 - src.utils.validation - INFO - Data validation passed
2025-11-22 23:17:29,304 - src.utils.validation - INFO - Generating 5 non-overlapping cycle ranges (1 days each)
2025-11-22 23:17:29,305 - src.utils.validation - INFO - Successfully generated 5 non-overlapping cycle ranges
2025-11-22 23:17:29,341 - src.utils.validation - INFO - Compiled compact_bot_gen.cl
2025-11-22 23:17:29,342 - src.utils.validation - INFO - CompactBotGenerator initialized:
2025-11-22 23:17:29,342 - src.utils.validation - INFO -   Population: 1000 bots
2025-11-22 23:17:29,342 - src.utils.validation - INFO -   Indicators: 1-3 per bot (50 available)
2025-11-22 23:17:29,342 - src.utils.validation - INFO -   Risk strategies: 1-3 per bot
2025-11-22 23:17:29,343 - src.utils.validation - INFO -   Leverage: 1-3x
2025-11-22 23:17:29,348 - src.utils.validation - INFO - [OK] Compiled precompute_all_indicators.cl (50 indicators)
2025-11-22 23:17:29,349 - src.utils.validation - INFO - [DEBUG] Filter debug instrumentation DISABLED (no atomic counter overhead)
2025-11-22 23:17:29,354 - src.utils.validation - INFO - [OK] Compiled backtest_with_precomputed.cl (real trading logic + parallel bot-cycle kernel)
2025-11-22 23:17:29,358 - src.utils.validation - INFO - [OK] Compiled aggregate_results.cl (GPU result aggregation)
2025-11-22 23:17:29,364 - src.utils.validation - INFO - [OK] Compiled signal_debug.cl (debug helper kernel)
2025-11-22 23:17:29,364 - src.utils.validation - INFO - CompactBacktester initialized (two-kernel precomputed strategy)
2025-11-22 23:17:29,365 - src.utils.validation - INFO -   - Kernel 1: Precompute 50 indicators
2025-11-22 23:17:29,365 - src.utils.validation - INFO -   - Kernel 2: Backtest with signal generation
2025-11-22 23:17:29,365 - src.utils.validation - INFO -   - GPU Memory: 3.19 GB
2025-11-22 23:17:29,366 - src.utils.validation - INFO -   - Compute Units: 80
2025-11-22 23:17:29,366 - src.utils.validation - INFO -   - MTF Enabled: HTF multiplier = 60x (higher timeframe filtering)
2025-11-22 23:17:29,372 - src.utils.validation - INFO - GA kernels compiled successfully
2025-11-22 23:17:29,372 - src.utils.validation - INFO - GPU GA Processor initialized
2025-11-22 23:17:29,372 - src.utils.validation - INFO - GPU GA acceleration enabled
2025-11-22 23:17:29,378 - src.utils.validation - INFO - Logging kernels compiled successfully
2025-11-22 23:17:29,378 - src.utils.validation - INFO - GPU Logging Processor initialized
2025-11-22 23:17:29,379 - src.utils.validation - INFO - GPU logging acceleration enabled
2025-11-22 23:17:29,379 - src.utils.validation - INFO -   Loading 1-indicator combinations from cache...
2025-11-22 23:17:29,380 - src.utils.validation - INFO -     Loaded 48 combinations from cache
2025-11-22 23:17:29,380 - src.utils.validation - INFO -   Loading 2-indicator combinations from cache...
2025-11-22 23:17:29,382 - src.utils.validation - INFO -     Loaded 1,128 combinations from cache
2025-11-22 23:17:29,382 - src.utils.validation - INFO -   Loading 3-indicator combinations from cache...
2025-11-22 23:17:29,391 - src.utils.validation - INFO -     Loaded 17,296 combinations from cache
2025-11-22 23:17:29,391 - src.utils.validation - INFO -   Total combinations ready: 18,472
2025-11-22 23:17:29,391 - src.utils.validation - INFO - GeneticAlgorithmEvolver initialized (compact architecture)
2025-11-22 23:17:29,391 - src.utils.validation - INFO -   Mutation rate: 15.0% (NOT USED - no crossover/mutation)
2025-11-22 23:17:29,393 - src.utils.validation - INFO -   Elite percentage: 10.0%
2025-11-22 23:17:29,393 - src.utils.validation - INFO -   Pre-computed combination pools: 18,472 total combinations
2025-11-22 23:17:29,393 - src.utils.validation - INFO -   Strategy: Global tracking - no combination ever reused
2025-11-22 23:17:29,394 - src.utils.validation - INFO - 
Starting Evolution: 1 generations, 5 cycles
2025-11-22 23:17:29,394 - src.utils.validation - INFO - Evolution profiler started
2025-11-22 23:17:29,394 - src.utils.validation - INFO - Generating initial population with guaranteed unique combinations...
2025-11-22 23:17:29,394 - src.utils.validation - INFO - Generating 1000 compact bots on GPU...
2025-11-22 23:17:29,394 - src.utils.validation - INFO - GPU: Intel(R) UHD Graphics - Using work group size: 512/512
2025-11-22 23:17:29,397 - src.utils.validation - INFO - Launching GPU kernel: 1024 work items, 512 per group (2 groups)
2025-11-22 23:17:29,401 - src.utils.validation - INFO - GPU kernel completed - processing results...
2025-11-22 23:17:29,411 - src.utils.validation - INFO - [OK] Generated 1000 compact bots (128 bytes each)
2025-11-22 23:17:29,412 - src.utils.validation - INFO - Distributing 1000 bots across indicator sizes 1-3
2025-11-22 23:17:29,414 - src.utils.validation - INFO - Initial population: 1000 bots, 1000 unique (100.0% uniqueness)
2025-11-22 23:17:29,415 - src.utils.validation - INFO - Global tracking: 1000 combinations marked as used
2025-11-22 23:17:29,415 - src.utils.validation - INFO - Size distribution: {1: 48, 2: 490, 3: 462}
2025-11-22 23:17:29,415 - src.utils.validation - INFO - 
--- GENERATION 0 ---
2025-11-22 23:17:29,416 - src.utils.validation - INFO - Evaluating 1000 bots...
2025-11-22 23:17:29,418 - src.utils.validation - INFO - Trade log streaming writer initialized (batch=100, queue=1000)
2025-11-22 23:17:29,516 - src.utils.validation - INFO - [MTF] Computed 431 HTF bars from 25875 base bars (1:60)
2025-11-22 23:17:30,025 - src.utils.validation - INFO - [DEBUG] Kernel finished within 0.50s
2025-11-22 23:17:30,025 - src.utils.validation - INFO - [DEBUG] Kernel finished, reading results...
2025-11-22 23:17:30,025 - src.utils.validation - INFO - [DEBUG] Preparing to read results: results_size=20000
2025-11-22 23:17:30,025 - src.utils.validation - INFO - [DEBUG] Enqueuing copy to read results buffer...
2025-11-22 23:17:30,026 - src.utils.validation - INFO - [DEBUG] Results copy enqueued (results_flat size 20000)
2025-11-22 23:17:30,026 - src.utils.validation - INFO - [DEBUG] Enqueuing copy to read trade_log_index_buf
2025-11-22 23:17:30,027 - src.utils.validation - INFO - [DEBUG] Waiting for trade log index copy to finish (with timeout)
2025-11-22 23:17:30,128 - src.utils.validation - INFO - [DEBUG] Reading 12295 trade logs for streaming write
2025-11-22 23:17:30,134 - src.utils.validation - INFO - [DEBUG] Enqueuing copy to read close_counters_buf (for diagnostics)
2025-11-22 23:17:30,169 - src.utils.validation - INFO - [DEBUG] Waiting for close counters copy to finish (with timeout)
2025-11-22 23:17:30,421 - src.utils.validation - INFO - Shutting down trade log writer (enqueued: 12295, written: 12295, pending: 0)
2025-11-22 23:17:30,421 - src.utils.validation - INFO - TradeLogStreamWriter shutting down (queued: 0, written: 12295)
2025-11-22 23:17:30,705 - src.utils.validation - INFO - TradeLogStreamWriter shutdown complete. Total written: 12295
2025-11-22 23:17:30,706 - src.utils.validation - INFO - Trade log writer shutdown complete (total written: 12295)
2025-11-22 23:17:30,707 - src.utils.validation - INFO - Selecting survivors...
2025-11-22 23:17:30,709 - src.utils.validation - INFO - SURVIVAL FILTER: 404 negative profit, 317 failed criteria, 279 missing trades cycles, 279 bots passed
2025-11-22 23:17:30,709 - src.utils.validation - INFO - Survivors: 279 unique bots kept (no cap applied)
2025-11-22 23:17:30,710 - src.utils.validation - INFO - SURVIVAL: 279 survivors (from 279 bots: avg profit and per-cycle thresholds passed; max DD < 15%)
2025-11-22 23:17:30,710 - src.utils.validation - INFO - ELIMINATED: 721 bots total
2025-11-22 23:17:30,711 - src.utils.validation - INFO - Logging generation 0 results...
2025-11-22 23:17:30,759 - src.utils.validation - INFO - GPU logging completed for generation 0 in 0.047s
2025-11-22 23:17:30,763 - src.utils.validation - INFO - Refilling population with new globally unique combinations...
2025-11-22 23:17:30,766 - src.utils.validation - INFO - Survivors: 279 total, 279 unique combinations (100.0% diversity)
2025-11-22 23:17:30,766 - src.utils.validation - INFO - Global tracking: 1000 combinations used across all generations
2025-11-22 23:17:30,766 - src.utils.validation - INFO - Generating 721 new globally unique bots (insufficient top performers for breeding)
2025-11-22 23:17:30,766 - src.utils.validation - INFO - Available combinations: 17,472 unused, 1,000 used globally
2025-11-22 23:17:32,419 - src.utils.validation - INFO - After refill: 1000 bots, 1000 unique combinations (100.0% diversity)
2025-11-22 23:17:32,420 - src.utils.validation - INFO - Remaining unused combinations: 16,804
2025-11-22 23:17:32,421 - src.utils.validation - INFO - Population refilled: 1000 bots
2025-11-22 23:17:32,421 - src.utils.validation - INFO - Generation 0 completed in 3.006s
2025-11-22 23:17:32,421 - src.utils.validation - INFO - 
--- FINAL EVALUATION ---
2025-11-22 23:17:32,422 - src.utils.validation - INFO - Trade log streaming writer initialized (batch=100, queue=1000)
2025-11-22 23:17:32,510 - src.utils.validation - INFO - [MTF] Computed 431 HTF bars from 25875 base bars (1:60)
2025-11-22 23:17:33,024 - src.utils.validation - INFO - [DEBUG] Kernel finished within 0.50s
2025-11-22 23:17:33,025 - src.utils.validation - INFO - [DEBUG] Kernel finished, reading results...
2025-11-22 23:17:33,025 - src.utils.validation - INFO - [DEBUG] Preparing to read results: results_size=20000
2025-11-22 23:17:33,025 - src.utils.validation - INFO - [DEBUG] Enqueuing copy to read results buffer...
2025-11-22 23:17:33,026 - src.utils.validation - INFO - [DEBUG] Results copy enqueued (results_flat size 20000)
2025-11-22 23:17:33,026 - src.utils.validation - INFO - [DEBUG] Enqueuing copy to read trade_log_index_buf
2025-11-22 23:17:33,027 - src.utils.validation - INFO - [DEBUG] Waiting for trade log index copy to finish (with timeout)
2025-11-22 23:17:33,028 - src.utils.validation - INFO - [DEBUG] Reading 5474 trade logs for streaming write
2025-11-22 23:17:33,032 - src.utils.validation - INFO - [DEBUG] Enqueuing copy to read close_counters_buf (for diagnostics)
2025-11-22 23:17:33,032 - src.utils.validation - INFO - [DEBUG] Waiting for close counters copy to finish (with timeout)
2025-11-22 23:17:33,290 - src.utils.validation - INFO - Shutting down trade log writer (enqueued: 5474, written: 5474, pending: 0)
2025-11-22 23:17:33,290 - src.utils.validation - INFO - TradeLogStreamWriter shutting down (queued: 0, written: 5474)
2025-11-22 23:17:33,577 - src.utils.validation - INFO - TradeLogStreamWriter shutdown complete. Total written: 5474
2025-11-22 23:17:33,578 - src.utils.validation - INFO - Trade log writer shutdown complete (total written: 5474)
2025-11-22 23:17:33,618 - src.utils.validation - INFO - GPU logging completed for generation 1 in 0.039s
2025-11-22 23:17:33,619 - src.utils.validation - INFO - 
Evolution complete!

2025-11-22 23:17:33,620 - src.utils.validation - INFO - Filtered to 279 bots where all cycles are profitable
2025-11-22 23:17:33,621 - src.utils.validation - INFO - Saved bot 0 to bots/XBTUSDTM/1m/bot_0.json
2025-11-22 23:17:33,623 - src.utils.validation - INFO - Saved bot 4 to bots/XBTUSDTM/1m/bot_4.json
2025-11-22 23:17:33,624 - src.utils.validation - INFO - Saved bot 5 to bots/XBTUSDTM/1m/bot_5.json
2025-11-22 23:17:33,624 - src.utils.validation - INFO - Saved bot 9 to bots/XBTUSDTM/1m/bot_9.json
2025-11-22 23:17:33,626 - src.utils.validation - INFO - Saved bot 12 to bots/XBTUSDTM/1m/bot_12.json
2025-11-22 23:17:33,627 - src.utils.validation - INFO - Saved bot 13 to bots/XBTUSDTM/1m/bot_13.json
2025-11-22 23:17:33,628 - src.utils.validation - INFO - Saved bot 15 to bots/XBTUSDTM/1m/bot_15.json
2025-11-22 23:17:33,629 - src.utils.validation - INFO - Saved bot 16 to bots/XBTUSDTM/1m/bot_16.json
2025-11-22 23:17:33,630 - src.utils.validation - INFO - Saved bot 17 to bots/XBTUSDTM/1m/bot_17.json
2025-11-22 23:17:33,630 - src.utils.validation - INFO - Saved bot 26 to bots/XBTUSDTM/1m/bot_26.json
2025-11-22 23:17:33,631 - src.utils.validation - INFO - Saved bot 27 to bots/XBTUSDTM/1m/bot_27.json
2025-11-22 23:17:33,631 - src.utils.validation - INFO - Saved bot 35 to bots/XBTUSDTM/1m/bot_35.json
2025-11-22 23:17:33,632 - src.utils.validation - INFO - Saved bot 37 to bots/XBTUSDTM/1m/bot_37.json
2025-11-22 23:17:33,633 - src.utils.validation - INFO - Saved bot 43 to bots/XBTUSDTM/1m/bot_43.json
2025-11-22 23:17:33,633 - src.utils.validation - INFO - Saved bot 46 to bots/XBTUSDTM/1m/bot_46.json
2025-11-22 23:17:33,634 - src.utils.validation - INFO - Saved bot 48 to bots/XBTUSDTM/1m/bot_48.json
2025-11-22 23:17:33,635 - src.utils.validation - INFO - Saved bot 54 to bots/XBTUSDTM/1m/bot_54.json
2025-11-22 23:17:33,635 - src.utils.validation - INFO - Saved bot 58 to bots/XBTUSDTM/1m/bot_58.json
2025-11-22 23:17:33,636 - src.utils.validation - INFO - Saved bot 65 to bots/XBTUSDTM/1m/bot_65.json
2025-11-22 23:17:33,637 - src.utils.validation - INFO - Saved bot 68 to bots/XBTUSDTM/1m/bot_68.json
2025-11-22 23:17:33,638 - src.utils.validation - INFO - Saved bot 79 to bots/XBTUSDTM/1m/bot_79.json
2025-11-22 23:17:33,639 - src.utils.validation - INFO - Saved bot 80 to bots/XBTUSDTM/1m/bot_80.json
2025-11-22 23:17:33,639 - src.utils.validation - INFO - Saved bot 91 to bots/XBTUSDTM/1m/bot_91.json
2025-11-22 23:17:33,640 - src.utils.validation - INFO - Saved bot 96 to bots/XBTUSDTM/1m/bot_96.json
2025-11-22 23:17:33,641 - src.utils.validation - INFO - Saved bot 97 to bots/XBTUSDTM/1m/bot_97.json
2025-11-22 23:17:33,643 - src.utils.validation - INFO - Saved bot 101 to bots/XBTUSDTM/1m/bot_101.json
2025-11-22 23:17:33,643 - src.utils.validation - INFO - Saved bot 104 to bots/XBTUSDTM/1m/bot_104.json
2025-11-22 23:17:33,645 - src.utils.validation - INFO - Saved bot 110 to bots/XBTUSDTM/1m/bot_110.json
2025-11-22 23:17:33,645 - src.utils.validation - INFO - Saved bot 113 to bots/XBTUSDTM/1m/bot_113.json
2025-11-22 23:17:33,646 - src.utils.validation - INFO - Saved bot 114 to bots/XBTUSDTM/1m/bot_114.json
2025-11-22 23:17:33,647 - src.utils.validation - INFO - Saved bot 119 to bots/XBTUSDTM/1m/bot_119.json
2025-11-22 23:17:33,648 - src.utils.validation - INFO - Saved bot 122 to bots/XBTUSDTM/1m/bot_122.json
2025-11-22 23:17:33,649 - src.utils.validation - INFO - Saved bot 125 to bots/XBTUSDTM/1m/bot_125.json
2025-11-22 23:17:33,650 - src.utils.validation - INFO - Saved bot 128 to bots/XBTUSDTM/1m/bot_128.json
2025-11-22 23:17:33,652 - src.utils.validation - INFO - Saved bot 132 to bots/XBTUSDTM/1m/bot_132.json
2025-11-22 23:17:33,653 - src.utils.validation - INFO - Saved bot 133 to bots/XBTUSDTM/1m/bot_133.json
2025-11-22 23:17:33,654 - src.utils.validation - INFO - Saved bot 138 to bots/XBTUSDTM/1m/bot_138.json
2025-11-22 23:17:33,655 - src.utils.validation - INFO - Saved bot 139 to bots/XBTUSDTM/1m/bot_139.json
2025-11-22 23:17:33,656 - src.utils.validation - INFO - Saved bot 146 to bots/XBTUSDTM/1m/bot_146.json
2025-11-22 23:17:33,657 - src.utils.validation - INFO - Saved bot 150 to bots/XBTUSDTM/1m/bot_150.json
2025-11-22 23:17:33,658 - src.utils.validation - INFO - Saved bot 164 to bots/XBTUSDTM/1m/bot_164.json
2025-11-22 23:17:33,660 - src.utils.validation - INFO - Saved bot 165 to bots/XBTUSDTM/1m/bot_165.json
2025-11-22 23:17:33,661 - src.utils.validation - INFO - Saved bot 172 to bots/XBTUSDTM/1m/bot_172.json
2025-11-22 23:17:33,662 - src.utils.validation - INFO - Saved bot 177 to bots/XBTUSDTM/1m/bot_177.json
2025-11-22 23:17:33,663 - src.utils.validation - INFO - Saved bot 182 to bots/XBTUSDTM/1m/bot_182.json
2025-11-22 23:17:33,664 - src.utils.validation - INFO - Saved bot 187 to bots/XBTUSDTM/1m/bot_187.json
2025-11-22 23:17:33,665 - src.utils.validation - INFO - Saved bot 191 to bots/XBTUSDTM/1m/bot_191.json
2025-11-22 23:17:33,666 - src.utils.validation - INFO - Saved bot 192 to bots/XBTUSDTM/1m/bot_192.json
2025-11-22 23:17:33,667 - src.utils.validation - INFO - Saved bot 200 to bots/XBTUSDTM/1m/bot_200.json
2025-11-22 23:17:33,668 - src.utils.validation - INFO - Saved bot 202 to bots/XBTUSDTM/1m/bot_202.json
2025-11-22 23:17:33,668 - src.utils.validation - INFO - Saved bot 205 to bots/XBTUSDTM/1m/bot_205.json
2025-11-22 23:17:33,669 - src.utils.validation - INFO - Saved bot 215 to bots/XBTUSDTM/1m/bot_215.json
2025-11-22 23:17:33,670 - src.utils.validation - INFO - Saved bot 218 to bots/XBTUSDTM/1m/bot_218.json
2025-11-22 23:17:33,671 - src.utils.validation - INFO - Saved bot 222 to bots/XBTUSDTM/1m/bot_222.json
2025-11-22 23:17:33,672 - src.utils.validation - INFO - Saved bot 229 to bots/XBTUSDTM/1m/bot_229.json
2025-11-22 23:17:33,673 - src.utils.validation - INFO - Saved bot 230 to bots/XBTUSDTM/1m/bot_230.json
2025-11-22 23:17:33,674 - src.utils.validation - INFO - Saved bot 231 to bots/XBTUSDTM/1m/bot_231.json
2025-11-22 23:17:33,676 - src.utils.validation - INFO - Saved bot 233 to bots/XBTUSDTM/1m/bot_233.json
2025-11-22 23:17:33,678 - src.utils.validation - INFO - Saved bot 234 to bots/XBTUSDTM/1m/bot_234.json
2025-11-22 23:17:33,679 - src.utils.validation - INFO - Saved bot 238 to bots/XBTUSDTM/1m/bot_238.json
2025-11-22 23:17:33,680 - src.utils.validation - INFO - Saved bot 244 to bots/XBTUSDTM/1m/bot_244.json
2025-11-22 23:17:33,681 - src.utils.validation - INFO - Saved bot 254 to bots/XBTUSDTM/1m/bot_254.json
2025-11-22 23:17:33,682 - src.utils.validation - INFO - Saved bot 261 to bots/XBTUSDTM/1m/bot_261.json
2025-11-22 23:17:33,683 - src.utils.validation - INFO - Saved bot 266 to bots/XBTUSDTM/1m/bot_266.json
2025-11-22 23:17:33,684 - src.utils.validation - INFO - Saved bot 268 to bots/XBTUSDTM/1m/bot_268.json
2025-11-22 23:17:33,685 - src.utils.validation - INFO - Saved bot 269 to bots/XBTUSDTM/1m/bot_269.json
2025-11-22 23:17:33,686 - src.utils.validation - INFO - Saved bot 272 to bots/XBTUSDTM/1m/bot_272.json
2025-11-22 23:17:33,687 - src.utils.validation - INFO - Saved bot 274 to bots/XBTUSDTM/1m/bot_274.json
2025-11-22 23:17:33,688 - src.utils.validation - INFO - Saved bot 291 to bots/XBTUSDTM/1m/bot_291.json
2025-11-22 23:17:33,689 - src.utils.validation - INFO - Saved bot 293 to bots/XBTUSDTM/1m/bot_293.json
2025-11-22 23:17:33,690 - src.utils.validation - INFO - Saved bot 296 to bots/XBTUSDTM/1m/bot_296.json
2025-11-22 23:17:33,691 - src.utils.validation - INFO - Saved bot 298 to bots/XBTUSDTM/1m/bot_298.json
2025-11-22 23:17:33,692 - src.utils.validation - INFO - Saved bot 303 to bots/XBTUSDTM/1m/bot_303.json
2025-11-22 23:17:33,693 - src.utils.validation - INFO - Saved bot 312 to bots/XBTUSDTM/1m/bot_312.json
2025-11-22 23:17:33,695 - src.utils.validation - INFO - Saved bot 313 to bots/XBTUSDTM/1m/bot_313.json
2025-11-22 23:17:33,696 - src.utils.validation - INFO - Saved bot 321 to bots/XBTUSDTM/1m/bot_321.json
2025-11-22 23:17:33,697 - src.utils.validation - INFO - Saved bot 323 to bots/XBTUSDTM/1m/bot_323.json
2025-11-22 23:17:33,698 - src.utils.validation - INFO - Saved bot 332 to bots/XBTUSDTM/1m/bot_332.json
2025-11-22 23:17:33,699 - src.utils.validation - INFO - Saved bot 334 to bots/XBTUSDTM/1m/bot_334.json
2025-11-22 23:17:33,699 - src.utils.validation - INFO - Saved bot 342 to bots/XBTUSDTM/1m/bot_342.json
2025-11-22 23:17:33,700 - src.utils.validation - INFO - Saved bot 345 to bots/XBTUSDTM/1m/bot_345.json
2025-11-22 23:17:33,701 - src.utils.validation - INFO - Saved bot 346 to bots/XBTUSDTM/1m/bot_346.json
2025-11-22 23:17:33,702 - src.utils.validation - INFO - Saved bot 350 to bots/XBTUSDTM/1m/bot_350.json
2025-11-22 23:17:33,703 - src.utils.validation - INFO - Saved bot 351 to bots/XBTUSDTM/1m/bot_351.json
2025-11-22 23:17:33,704 - src.utils.validation - INFO - Saved bot 352 to bots/XBTUSDTM/1m/bot_352.json
2025-11-22 23:17:33,705 - src.utils.validation - INFO - Saved bot 353 to bots/XBTUSDTM/1m/bot_353.json
2025-11-22 23:17:33,706 - src.utils.validation - INFO - Saved bot 357 to bots/XBTUSDTM/1m/bot_357.json
2025-11-22 23:17:33,707 - src.utils.validation - INFO - Saved bot 359 to bots/XBTUSDTM/1m/bot_359.json
2025-11-22 23:17:33,708 - src.utils.validation - INFO - Saved bot 362 to bots/XBTUSDTM/1m/bot_362.json
2025-11-22 23:17:33,709 - src.utils.validation - INFO - Saved bot 363 to bots/XBTUSDTM/1m/bot_363.json
2025-11-22 23:17:33,711 - src.utils.validation - INFO - Saved bot 364 to bots/XBTUSDTM/1m/bot_364.json
2025-11-22 23:17:33,713 - src.utils.validation - INFO - Saved bot 365 to bots/XBTUSDTM/1m/bot_365.json
2025-11-22 23:17:33,714 - src.utils.validation - INFO - Saved bot 366 to bots/XBTUSDTM/1m/bot_366.json
2025-11-22 23:17:33,715 - src.utils.validation - INFO - Saved bot 369 to bots/XBTUSDTM/1m/bot_369.json
2025-11-22 23:17:33,715 - src.utils.validation - INFO - Saved bot 371 to bots/XBTUSDTM/1m/bot_371.json
2025-11-22 23:17:33,716 - src.utils.validation - INFO - Saved bot 375 to bots/XBTUSDTM/1m/bot_375.json
2025-11-22 23:17:33,717 - src.utils.validation - INFO - Saved bot 376 to bots/XBTUSDTM/1m/bot_376.json
2025-11-22 23:17:33,718 - src.utils.validation - INFO - Saved bot 377 to bots/XBTUSDTM/1m/bot_377.json
2025-11-22 23:17:33,719 - src.utils.validation - INFO - Saved bot 381 to bots/XBTUSDTM/1m/bot_381.json
2025-11-22 23:17:33,720 - src.utils.validation - INFO - Saved bot 383 to bots/XBTUSDTM/1m/bot_383.json
2025-11-22 23:17:33,728 - src.utils.validation - INFO - 
Saved 100 survivor bots to bots/XBTUSDTM/1m/run_20251122_231733/best_bots.json and individual files
2025-11-22 23:17:33,736 - src.utils.validation - INFO - TradeLogStreamWriter shutting down (queued: 0, written: 5474)
2025-11-22 23:17:33,741 - src.utils.validation - INFO - TradeLogStreamWriter shutting down (queued: 0, written: 5474)
2025-11-22 23:17:33,742 - src.utils.validation - INFO - TradeLogStreamWriter shutting down (queued: 0, written: 12295)
2025-11-22 23:17:41,510 - src.utils.validation - INFO - Initializing GPU (OpenCL)...

2025-11-22 23:17:41,610 - src.utils.validation - INFO - ============================================================
2025-11-22 23:17:41,610 - src.utils.validation - INFO - GPU INITIALIZATION SUCCESSFUL
2025-11-22 23:17:41,612 - src.utils.validation - INFO - ============================================================
2025-11-22 23:17:41,612 - src.utils.validation - INFO - Device: Intel(R) UHD Graphics
2025-11-22 23:17:41,612 - src.utils.validation - INFO - Vendor: Intel(R) Corporation
2025-11-22 23:17:41,613 - src.utils.validation - INFO - Version: OpenCL 3.0 NEO 
2025-11-22 23:17:41,613 - src.utils.validation - INFO - Compute Units: 80
2025-11-22 23:17:41,613 - src.utils.validation - INFO - Max Work Group Size: 512
2025-11-22 23:17:41,613 - src.utils.validation - INFO - Global Memory: 3.19 GB
2025-11-22 23:17:41,613 - src.utils.validation - INFO - Local Memory: 64.00 KB
2025-11-22 23:17:41,613 - src.utils.validation - INFO - ============================================================

2025-11-22 23:17:41,616 - src.utils.validation - ERROR - Invalid input: Validation error: timeframe must be one of ['1m', '5m', '15m', '30m', '1h', '4h', '1d'], got '1'
2025-11-22 23:17:41,616 - src.utils.validation - WARNING - Please try again (4 attempts remaining)
2025-11-22 23:17:41,616 - src.utils.validation - ERROR - Invalid input: Validation error: timeframe must be one of ['1m', '5m', '15m', '30m', '1h', '4h', '1d'], got '1'
2025-11-22 23:17:41,617 - src.utils.validation - WARNING - Please try again (3 attempts remaining)
2025-11-22 23:17:41,617 - src.utils.validation - ERROR - Invalid input: Validation error: timeframe must be one of ['1m', '5m', '15m', '30m', '1h', '4h', '1d'], got '5'
2025-11-22 23:17:41,617 - src.utils.validation - WARNING - Please try again (2 attempts remaining)
2025-11-22 23:17:41,617 - src.utils.validation - ERROR - Invalid input: Validation error: timeframe must be one of ['1m', '5m', '15m', '30m', '1h', '4h', '1d'], got '1'
2025-11-22 23:17:41,618 - src.utils.validation - WARNING - Please try again (1 attempts remaining)
2025-11-22 23:17:41,618 - src.utils.validation - ERROR - Invalid input: Validation error: timeframe must be one of ['1m', '5m', '15m', '30m', '1h', '4h', '1d'], got '3'
2025-11-22 23:17:41,618 - src.utils.validation - ERROR - Maximum attempts reached. Using default value.
2025-11-22 23:17:41,619 - src.utils.validation - ERROR - Invalid input: Validation error: min_indicators must be <= 8, got 100
2025-11-22 23:17:41,619 - src.utils.validation - WARNING - Please try again (4 attempts remaining)
2025-11-22 23:17:41,619 - src.utils.validation - ERROR - Invalid input: Validation error: min_indicators must be <= 8, got 42
2025-11-22 23:17:41,620 - src.utils.validation - WARNING - Please try again (3 attempts remaining)
2025-11-22 23:17:41,620 - src.utils.validation - WARNING - 
EOF detected. Using default value.
2025-11-22 23:17:41,620 - src.utils.validation - WARNING - 
EOF detected. Using default value.
2025-11-22 23:17:41,620 - src.utils.validation - WARNING - 
EOF detected. Using default value.
2025-11-22 23:17:41,622 - src.utils.validation - WARNING - 
EOF detected. Using default value.
2025-11-22 23:17:41,622 - src.utils.validation - WARNING - 
EOF detected. Using default value.
2025-11-22 23:17:41,622 - src.utils.validation - WARNING - 
EOF detected. Using default value.
2025-11-22 23:17:41,622 - src.utils.validation - WARNING - 
EOF detected. Using default value.
2025-11-22 23:17:41,624 - src.utils.validation - INFO - Configuration saved to config\last_run_config.json
2025-11-22 23:17:41,624 - src.utils.validation - INFO - Signal quality filters ENABLED
2025-11-22 23:17:41,629 - src.utils.validation - INFO - Initialized Kucoin Spot API connection
2025-11-22 23:17:43,133 - src.utils.validation - WARNING - Could not normalize pair 'XBTUSDTM', using as-is
2025-11-22 23:17:43,134 - src.utils.validation - INFO - Symbol 'XBTUSDTM' normalized to 'XBTUSDTM' for spot exchange
2025-11-22 23:17:43,134 - src.utils.validation - INFO - Fetching 20 days of XBTUSDTM 1m data ending 2025-11-21 (excludes today)
2025-11-22 23:17:43,232 - src.utils.validation - INFO - [CACHE] 18/20 files cached (90.0%), 2 need download
2025-11-22 23:17:43,232 - src.utils.validation - INFO - [DOWNLOAD] Fetching 2 missing day(s) using 4 parallel threads...
2025-11-22 23:17:43,233 - src.utils.validation - ERROR - Exchange error fetching data for 2025-11-20: kucoin does not have market symbol XBTUSDTM
2025-11-22 23:17:43,234 - src.utils.validation - ERROR - Exchange error fetching data for 2025-11-19: kucoin does not have market symbol XBTUSDTM
2025-11-22 23:17:43,234 - src.utils.validation - ERROR - Failed to fetch data for 2025-11-20: Exchange error for 2025-11-20: kucoin does not have market symbol XBTUSDTM
2025-11-22 23:17:43,235 - src.utils.validation - ERROR - Failed to fetch data for 2025-11-19: Exchange error for 2025-11-19: kucoin does not have market symbol XBTUSDTM
2025-11-22 23:17:43,235 - src.utils.validation - INFO - [OK] Downloaded and saved 0 new file(s)
2025-11-22 23:17:43,236 - src.utils.validation - INFO - Data ready: 18 file(s) total (18 from cache, 2 newly downloaded)
2025-11-22 23:17:43,236 - src.utils.validation - INFO - Set random seed to 42
2025-11-22 23:17:43,237 - src.utils.validation - INFO - Loading 18 data files in parallel
2025-11-22 23:17:43,290 - src.utils.validation - INFO - Loaded total of 25875 candles (excludes today's incomplete data)
2025-11-22 23:17:43,291 - src.utils.validation - INFO - Validating data integrity
2025-11-22 23:17:43,297 - src.utils.validation - WARNING - Found 39 gaps in data (0.15% of intervals). Max gap: 4.0x expected interval
2025-11-22 23:17:43,300 - src.utils.validation - INFO - Data validation passed
2025-11-22 23:17:43,302 - src.utils.validation - INFO - Generating 5 non-overlapping cycle ranges (1 days each)
2025-11-22 23:17:43,302 - src.utils.validation - INFO - Successfully generated 5 non-overlapping cycle ranges
2025-11-22 23:17:43,323 - src.utils.validation - INFO - Compiled compact_bot_gen.cl
2025-11-22 23:17:43,323 - src.utils.validation - INFO - CompactBotGenerator initialized:
2025-11-22 23:17:43,324 - src.utils.validation - INFO -   Population: 1000 bots
2025-11-22 23:17:43,324 - src.utils.validation - INFO -   Indicators: 1-3 per bot (50 available)
2025-11-22 23:17:43,325 - src.utils.validation - INFO -   Risk strategies: 1-3 per bot
2025-11-22 23:17:43,325 - src.utils.validation - INFO -   Leverage: 1-3x
2025-11-22 23:17:43,329 - src.utils.validation - INFO - [OK] Compiled precompute_all_indicators.cl (50 indicators)
2025-11-22 23:17:43,331 - src.utils.validation - INFO - [DEBUG] Filter debug instrumentation DISABLED (no atomic counter overhead)
2025-11-22 23:17:43,340 - src.utils.validation - INFO - [OK] Compiled backtest_with_precomputed.cl (real trading logic + parallel bot-cycle kernel)
2025-11-22 23:17:43,345 - src.utils.validation - INFO - [OK] Compiled aggregate_results.cl (GPU result aggregation)
2025-11-22 23:17:43,350 - src.utils.validation - INFO - [OK] Compiled signal_debug.cl (debug helper kernel)
2025-11-22 23:17:43,351 - src.utils.validation - INFO - CompactBacktester initialized (two-kernel precomputed strategy)
2025-11-22 23:17:43,353 - src.utils.validation - INFO -   - Kernel 1: Precompute 50 indicators
2025-11-22 23:17:43,354 - src.utils.validation - INFO -   - Kernel 2: Backtest with signal generation
2025-11-22 23:17:43,355 - src.utils.validation - INFO -   - GPU Memory: 3.19 GB
2025-11-22 23:17:43,355 - src.utils.validation - INFO -   - Compute Units: 80
2025-11-22 23:17:43,356 - src.utils.validation - INFO -   - MTF Enabled: HTF multiplier = 60x (higher timeframe filtering)
2025-11-22 23:17:43,363 - src.utils.validation - INFO - GA kernels compiled successfully
2025-11-22 23:17:43,364 - src.utils.validation - INFO - GPU GA Processor initialized
2025-11-22 23:17:43,364 - src.utils.validation - INFO - GPU GA acceleration enabled
2025-11-22 23:17:43,371 - src.utils.validation - INFO - Logging kernels compiled successfully
2025-11-22 23:17:43,373 - src.utils.validation - INFO - GPU Logging Processor initialized
2025-11-22 23:17:43,373 - src.utils.validation - INFO - GPU logging acceleration enabled
2025-11-22 23:17:43,374 - src.utils.validation - INFO -   Loading 1-indicator combinations from cache...
2025-11-22 23:17:43,375 - src.utils.validation - INFO -     Loaded 48 combinations from cache
2025-11-22 23:17:43,375 - src.utils.validation - INFO -   Loading 2-indicator combinations from cache...
2025-11-22 23:17:43,375 - src.utils.validation - INFO -     Loaded 1,128 combinations from cache
2025-11-22 23:17:43,376 - src.utils.validation - INFO -   Loading 3-indicator combinations from cache...
2025-11-22 23:17:43,384 - src.utils.validation - INFO -     Loaded 17,296 combinations from cache
2025-11-22 23:17:43,387 - src.utils.validation - INFO -   Total combinations ready: 18,472
2025-11-22 23:17:43,387 - src.utils.validation - INFO - GeneticAlgorithmEvolver initialized (compact architecture)
2025-11-22 23:17:43,388 - src.utils.validation - INFO -   Mutation rate: 15.0% (NOT USED - no crossover/mutation)
2025-11-22 23:17:43,389 - src.utils.validation - INFO -   Elite percentage: 10.0%
2025-11-22 23:17:43,390 - src.utils.validation - INFO -   Pre-computed combination pools: 18,472 total combinations
2025-11-22 23:17:43,390 - src.utils.validation - INFO -   Strategy: Global tracking - no combination ever reused
2025-11-22 23:17:43,391 - src.utils.validation - INFO - 
Starting Evolution: 1 generations, 5 cycles
2025-11-22 23:17:43,391 - src.utils.validation - INFO - Evolution profiler started
2025-11-22 23:17:43,391 - src.utils.validation - INFO - Generating initial population with guaranteed unique combinations...
2025-11-22 23:17:43,393 - src.utils.validation - INFO - Generating 1000 compact bots on GPU...
2025-11-22 23:17:43,393 - src.utils.validation - INFO - GPU: Intel(R) UHD Graphics - Using work group size: 512/512
2025-11-22 23:17:43,394 - src.utils.validation - INFO - Launching GPU kernel: 1024 work items, 512 per group (2 groups)
2025-11-22 23:17:43,397 - src.utils.validation - INFO - GPU kernel completed - processing results...
2025-11-22 23:17:43,407 - src.utils.validation - INFO - [OK] Generated 1000 compact bots (128 bytes each)
2025-11-22 23:17:43,407 - src.utils.validation - INFO - Distributing 1000 bots across indicator sizes 1-3
2025-11-22 23:17:43,411 - src.utils.validation - INFO - Initial population: 1000 bots, 1000 unique (100.0% uniqueness)
2025-11-22 23:17:43,411 - src.utils.validation - INFO - Global tracking: 1000 combinations marked as used
2025-11-22 23:17:43,412 - src.utils.validation - INFO - Size distribution: {1: 48, 2: 472, 3: 480}
2025-11-22 23:17:43,412 - src.utils.validation - INFO - 
--- GENERATION 0 ---
2025-11-22 23:17:43,413 - src.utils.validation - INFO - Evaluating 1000 bots...
2025-11-22 23:17:43,417 - src.utils.validation - INFO - Trade log streaming writer initialized (batch=100, queue=1000)
2025-11-22 23:17:43,523 - src.utils.validation - INFO - [MTF] Computed 431 HTF bars from 25875 base bars (1:60)
2025-11-22 23:17:44,035 - src.utils.validation - INFO - [DEBUG] Kernel finished within 0.50s
2025-11-22 23:17:44,035 - src.utils.validation - INFO - [DEBUG] Kernel finished, reading results...
2025-11-22 23:17:44,036 - src.utils.validation - INFO - [DEBUG] Preparing to read results: results_size=20000
2025-11-22 23:17:44,036 - src.utils.validation - INFO - [DEBUG] Enqueuing copy to read results buffer...
2025-11-22 23:17:44,037 - src.utils.validation - INFO - [DEBUG] Results copy enqueued (results_flat size 20000)
2025-11-22 23:17:44,037 - src.utils.validation - INFO - [DEBUG] Enqueuing copy to read trade_log_index_buf
2025-11-22 23:17:44,037 - src.utils.validation - INFO - [DEBUG] Waiting for trade log index copy to finish (with timeout)
2025-11-22 23:17:44,138 - src.utils.validation - INFO - [DEBUG] Reading 12288 trade logs for streaming write
2025-11-22 23:17:44,153 - src.utils.validation - INFO - [DEBUG] Enqueuing copy to read close_counters_buf (for diagnostics)
2025-11-22 23:17:44,198 - src.utils.validation - INFO - [DEBUG] Waiting for close counters copy to finish (with timeout)
2025-11-22 23:17:44,534 - src.utils.validation - INFO - Shutting down trade log writer (enqueued: 12288, written: 12288, pending: 0)
2025-11-22 23:17:44,535 - src.utils.validation - INFO - TradeLogStreamWriter shutting down (queued: 0, written: 12288)
2025-11-22 23:17:44,999 - src.utils.validation - INFO - TradeLogStreamWriter shutdown complete. Total written: 12288
2025-11-22 23:17:45,000 - src.utils.validation - INFO - Trade log writer shutdown complete (total written: 12288)
2025-11-22 23:17:45,001 - src.utils.validation - INFO - Selecting survivors...
2025-11-22 23:17:45,002 - src.utils.validation - INFO - SURVIVAL FILTER: 394 negative profit, 330 failed criteria, 276 missing trades cycles, 276 bots passed
2025-11-22 23:17:45,003 - src.utils.validation - INFO - Survivors: 276 unique bots kept (no cap applied)
2025-11-22 23:17:45,003 - src.utils.validation - INFO - SURVIVAL: 276 survivors (from 276 bots: avg profit and per-cycle thresholds passed; max DD < 15%)
2025-11-22 23:17:45,003 - src.utils.validation - INFO - ELIMINATED: 724 bots total
2025-11-22 23:17:45,004 - src.utils.validation - INFO - Logging generation 0 results...
2025-11-22 23:17:45,064 - src.utils.validation - INFO - GPU logging completed for generation 0 in 0.061s
2025-11-22 23:17:45,066 - src.utils.validation - INFO - Refilling population with new globally unique combinations...
2025-11-22 23:17:45,069 - src.utils.validation - INFO - Survivors: 276 total, 276 unique combinations (100.0% diversity)
2025-11-22 23:17:45,069 - src.utils.validation - INFO - Global tracking: 1000 combinations used across all generations
2025-11-22 23:17:45,070 - src.utils.validation - INFO - Generating 724 new globally unique bots (insufficient top performers for breeding)
2025-11-22 23:17:45,071 - src.utils.validation - INFO - Available combinations: 17,472 unused, 1,000 used globally
2025-11-22 23:17:46,729 - src.utils.validation - INFO - After refill: 1000 bots, 1000 unique combinations (100.0% diversity)
2025-11-22 23:17:46,730 - src.utils.validation - INFO - Remaining unused combinations: 16,801
2025-11-22 23:17:46,732 - src.utils.validation - INFO - Population refilled: 1000 bots
2025-11-22 23:17:46,732 - src.utils.validation - INFO - Generation 0 completed in 3.320s
2025-11-22 23:17:46,732 - src.utils.validation - INFO - 
--- FINAL EVALUATION ---
2025-11-22 23:17:46,734 - src.utils.validation - INFO - Trade log streaming writer initialized (batch=100, queue=1000)
2025-11-22 23:17:46,828 - src.utils.validation - INFO - [MTF] Computed 431 HTF bars from 25875 base bars (1:60)
2025-11-22 23:17:47,340 - src.utils.validation - INFO - [DEBUG] Kernel finished within 0.50s
2025-11-22 23:17:47,341 - src.utils.validation - INFO - [DEBUG] Kernel finished, reading results...
2025-11-22 23:17:47,341 - src.utils.validation - INFO - [DEBUG] Preparing to read results: results_size=20000
2025-11-22 23:17:47,342 - src.utils.validation - INFO - [DEBUG] Enqueuing copy to read results buffer...
2025-11-22 23:17:47,342 - src.utils.validation - INFO - [DEBUG] Results copy enqueued (results_flat size 20000)
2025-11-22 23:17:47,344 - src.utils.validation - INFO - [DEBUG] Enqueuing copy to read trade_log_index_buf
2025-11-22 23:17:47,345 - src.utils.validation - INFO - [DEBUG] Waiting for trade log index copy to finish (with timeout)
2025-11-22 23:17:47,347 - src.utils.validation - INFO - [DEBUG] Reading 5469 trade logs for streaming write
2025-11-22 23:17:47,353 - src.utils.validation - INFO - [DEBUG] Enqueuing copy to read close_counters_buf (for diagnostics)
2025-11-22 23:17:47,367 - src.utils.validation - INFO - [DEBUG] Waiting for close counters copy to finish (with timeout)
2025-11-22 23:17:47,852 - src.utils.validation - INFO - Shutting down trade log writer (enqueued: 5469, written: 5469, pending: 0)
2025-11-22 23:17:47,853 - src.utils.validation - INFO - TradeLogStreamWriter shutting down (queued: 0, written: 5469)
2025-11-22 23:17:47,903 - src.utils.validation - INFO - TradeLogStreamWriter shutdown complete. Total written: 5469
2025-11-22 23:17:47,904 - src.utils.validation - INFO - Trade log writer shutdown complete (total written: 5469)
2025-11-22 23:17:47,968 - src.utils.validation - INFO - GPU logging completed for generation 1 in 0.063s
2025-11-22 23:17:47,972 - src.utils.validation - INFO - 
Evolution complete!

2025-11-22 23:17:47,975 - src.utils.validation - INFO - Filtered to 276 bots where all cycles are profitable
2025-11-22 23:17:47,979 - src.utils.validation - INFO - Saved bot 2 to bots/XBTUSDTM/1m/bot_2.json
2025-11-22 23:17:47,980 - src.utils.validation - INFO - Saved bot 4 to bots/XBTUSDTM/1m/bot_4.json
2025-11-22 23:17:47,981 - src.utils.validation - INFO - Saved bot 5 to bots/XBTUSDTM/1m/bot_5.json
2025-11-22 23:17:47,984 - src.utils.validation - INFO - Saved bot 7 to bots/XBTUSDTM/1m/bot_7.json
2025-11-22 23:17:47,984 - src.utils.validation - INFO - Saved bot 8 to bots/XBTUSDTM/1m/bot_8.json
2025-11-22 23:17:47,986 - src.utils.validation - INFO - Saved bot 9 to bots/XBTUSDTM/1m/bot_9.json
2025-11-22 23:17:47,987 - src.utils.validation - INFO - Saved bot 19 to bots/XBTUSDTM/1m/bot_19.json
2025-11-22 23:17:47,989 - src.utils.validation - INFO - Saved bot 22 to bots/XBTUSDTM/1m/bot_22.json
2025-11-22 23:17:47,990 - src.utils.validation - INFO - Saved bot 31 to bots/XBTUSDTM/1m/bot_31.json
2025-11-22 23:17:47,991 - src.utils.validation - INFO - Saved bot 33 to bots/XBTUSDTM/1m/bot_33.json
2025-11-22 23:17:47,994 - src.utils.validation - INFO - Saved bot 34 to bots/XBTUSDTM/1m/bot_34.json
2025-11-22 23:17:47,995 - src.utils.validation - INFO - Saved bot 36 to bots/XBTUSDTM/1m/bot_36.json
2025-11-22 23:17:47,996 - src.utils.validation - INFO - Saved bot 45 to bots/XBTUSDTM/1m/bot_45.json
2025-11-22 23:17:47,997 - src.utils.validation - INFO - Saved bot 47 to bots/XBTUSDTM/1m/bot_47.json
2025-11-22 23:17:48,001 - src.utils.validation - INFO - Saved bot 51 to bots/XBTUSDTM/1m/bot_51.json
2025-11-22 23:17:48,006 - src.utils.validation - INFO - Saved bot 54 to bots/XBTUSDTM/1m/bot_54.json
2025-11-22 23:17:48,008 - src.utils.validation - INFO - Saved bot 59 to bots/XBTUSDTM/1m/bot_59.json
2025-11-22 23:17:48,012 - src.utils.validation - INFO - Saved bot 60 to bots/XBTUSDTM/1m/bot_60.json
2025-11-22 23:17:48,016 - src.utils.validation - INFO - Saved bot 66 to bots/XBTUSDTM/1m/bot_66.json
2025-11-22 23:17:48,018 - src.utils.validation - INFO - Saved bot 84 to bots/XBTUSDTM/1m/bot_84.json
2025-11-22 23:17:48,023 - src.utils.validation - INFO - Saved bot 85 to bots/XBTUSDTM/1m/bot_85.json
2025-11-22 23:17:48,027 - src.utils.validation - INFO - Saved bot 86 to bots/XBTUSDTM/1m/bot_86.json
2025-11-22 23:17:48,029 - src.utils.validation - INFO - Saved bot 89 to bots/XBTUSDTM/1m/bot_89.json
2025-11-22 23:17:48,031 - src.utils.validation - INFO - Saved bot 91 to bots/XBTUSDTM/1m/bot_91.json
2025-11-22 23:17:48,033 - src.utils.validation - INFO - Saved bot 94 to bots/XBTUSDTM/1m/bot_94.json
2025-11-22 23:17:48,035 - src.utils.validation - INFO - Saved bot 102 to bots/XBTUSDTM/1m/bot_102.json
2025-11-22 23:17:48,038 - src.utils.validation - INFO - Saved bot 105 to bots/XBTUSDTM/1m/bot_105.json
2025-11-22 23:17:48,043 - src.utils.validation - INFO - Saved bot 106 to bots/XBTUSDTM/1m/bot_106.json
2025-11-22 23:17:48,045 - src.utils.validation - INFO - Saved bot 107 to bots/XBTUSDTM/1m/bot_107.json
2025-11-22 23:17:48,047 - src.utils.validation - INFO - Saved bot 113 to bots/XBTUSDTM/1m/bot_113.json
2025-11-22 23:17:48,050 - src.utils.validation - INFO - Saved bot 115 to bots/XBTUSDTM/1m/bot_115.json
2025-11-22 23:17:48,054 - src.utils.validation - INFO - Saved bot 118 to bots/XBTUSDTM/1m/bot_118.json
2025-11-22 23:17:48,056 - src.utils.validation - INFO - Saved bot 129 to bots/XBTUSDTM/1m/bot_129.json
2025-11-22 23:17:48,059 - src.utils.validation - INFO - Saved bot 130 to bots/XBTUSDTM/1m/bot_130.json
2025-11-22 23:17:48,061 - src.utils.validation - INFO - Saved bot 132 to bots/XBTUSDTM/1m/bot_132.json
2025-11-22 23:17:48,062 - src.utils.validation - INFO - Saved bot 150 to bots/XBTUSDTM/1m/bot_150.json
2025-11-22 23:17:48,066 - src.utils.validation - INFO - Saved bot 157 to bots/XBTUSDTM/1m/bot_157.json
2025-11-22 23:17:48,068 - src.utils.validation - INFO - Saved bot 161 to bots/XBTUSDTM/1m/bot_161.json
2025-11-22 23:17:48,071 - src.utils.validation - INFO - Saved bot 164 to bots/XBTUSDTM/1m/bot_164.json
2025-11-22 23:17:48,076 - src.utils.validation - INFO - Saved bot 170 to bots/XBTUSDTM/1m/bot_170.json
2025-11-22 23:17:48,078 - src.utils.validation - INFO - Saved bot 172 to bots/XBTUSDTM/1m/bot_172.json
2025-11-22 23:17:48,080 - src.utils.validation - INFO - Saved bot 174 to bots/XBTUSDTM/1m/bot_174.json
2025-11-22 23:17:48,081 - src.utils.validation - INFO - Saved bot 185 to bots/XBTUSDTM/1m/bot_185.json
2025-11-22 23:17:48,085 - src.utils.validation - INFO - Saved bot 190 to bots/XBTUSDTM/1m/bot_190.json
2025-11-22 23:17:48,090 - src.utils.validation - INFO - Saved bot 192 to bots/XBTUSDTM/1m/bot_192.json
2025-11-22 23:17:48,095 - src.utils.validation - INFO - Saved bot 198 to bots/XBTUSDTM/1m/bot_198.json
2025-11-22 23:17:48,097 - src.utils.validation - INFO - Saved bot 203 to bots/XBTUSDTM/1m/bot_203.json
2025-11-22 23:17:48,100 - src.utils.validation - INFO - Saved bot 207 to bots/XBTUSDTM/1m/bot_207.json
2025-11-22 23:17:48,101 - src.utils.validation - INFO - Saved bot 209 to bots/XBTUSDTM/1m/bot_209.json
2025-11-22 23:17:48,103 - src.utils.validation - INFO - Saved bot 211 to bots/XBTUSDTM/1m/bot_211.json
2025-11-22 23:17:48,105 - src.utils.validation - INFO - Saved bot 214 to bots/XBTUSDTM/1m/bot_214.json
2025-11-22 23:17:48,111 - src.utils.validation - INFO - Saved bot 222 to bots/XBTUSDTM/1m/bot_222.json
2025-11-22 23:17:48,114 - src.utils.validation - INFO - Saved bot 224 to bots/XBTUSDTM/1m/bot_224.json
2025-11-22 23:17:48,116 - src.utils.validation - INFO - Saved bot 225 to bots/XBTUSDTM/1m/bot_225.json
2025-11-22 23:17:48,119 - src.utils.validation - INFO - Saved bot 228 to bots/XBTUSDTM/1m/bot_228.json
2025-11-22 23:17:48,122 - src.utils.validation - INFO - Saved bot 235 to bots/XBTUSDTM/1m/bot_235.json
2025-11-22 23:17:48,124 - src.utils.validation - INFO - Saved bot 238 to bots/XBTUSDTM/1m/bot_238.json
2025-11-22 23:17:48,127 - src.utils.validation - INFO - Saved bot 244 to bots/XBTUSDTM/1m/bot_244.json
2025-11-22 23:17:48,133 - src.utils.validation - INFO - Saved bot 245 to bots/XBTUSDTM/1m/bot_245.json
2025-11-22 23:17:48,136 - src.utils.validation - INFO - Saved bot 262 to bots/XBTUSDTM/1m/bot_262.json
2025-11-22 23:17:48,138 - src.utils.validation - INFO - Saved bot 264 to bots/XBTUSDTM/1m/bot_264.json
2025-11-22 23:17:48,139 - src.utils.validation - INFO - Saved bot 267 to bots/XBTUSDTM/1m/bot_267.json
2025-11-22 23:17:48,142 - src.utils.validation - INFO - Saved bot 270 to bots/XBTUSDTM/1m/bot_270.json
2025-11-22 23:17:48,146 - src.utils.validation - INFO - Saved bot 271 to bots/XBTUSDTM/1m/bot_271.json
2025-11-22 23:17:48,149 - src.utils.validation - INFO - Saved bot 274 to bots/XBTUSDTM/1m/bot_274.json
2025-11-22 23:17:48,152 - src.utils.validation - INFO - Saved bot 292 to bots/XBTUSDTM/1m/bot_292.json
2025-11-22 23:17:48,154 - src.utils.validation - INFO - Saved bot 295 to bots/XBTUSDTM/1m/bot_295.json
2025-11-22 23:17:48,155 - src.utils.validation - INFO - Saved bot 297 to bots/XBTUSDTM/1m/bot_297.json
2025-11-22 23:17:48,157 - src.utils.validation - INFO - Saved bot 298 to bots/XBTUSDTM/1m/bot_298.json
2025-11-22 23:17:48,160 - src.utils.validation - INFO - Saved bot 305 to bots/XBTUSDTM/1m/bot_305.json
2025-11-22 23:17:48,165 - src.utils.validation - INFO - Saved bot 308 to bots/XBTUSDTM/1m/bot_308.json
2025-11-22 23:17:48,167 - src.utils.validation - INFO - Saved bot 310 to bots/XBTUSDTM/1m/bot_310.json
2025-11-22 23:17:48,170 - src.utils.validation - INFO - Saved bot 313 to bots/XBTUSDTM/1m/bot_313.json
2025-11-22 23:17:48,172 - src.utils.validation - INFO - Saved bot 320 to bots/XBTUSDTM/1m/bot_320.json
2025-11-22 23:17:48,174 - src.utils.validation - INFO - Saved bot 324 to bots/XBTUSDTM/1m/bot_324.json
2025-11-22 23:17:48,177 - src.utils.validation - INFO - Saved bot 334 to bots/XBTUSDTM/1m/bot_334.json
2025-11-22 23:17:48,181 - src.utils.validation - INFO - Saved bot 339 to bots/XBTUSDTM/1m/bot_339.json
2025-11-22 23:17:48,185 - src.utils.validation - INFO - Saved bot 340 to bots/XBTUSDTM/1m/bot_340.json
2025-11-22 23:17:48,187 - src.utils.validation - INFO - Saved bot 341 to bots/XBTUSDTM/1m/bot_341.json
2025-11-22 23:17:48,189 - src.utils.validation - INFO - Saved bot 348 to bots/XBTUSDTM/1m/bot_348.json
2025-11-22 23:17:48,191 - src.utils.validation - INFO - Saved bot 349 to bots/XBTUSDTM/1m/bot_349.json
2025-11-22 23:17:48,196 - src.utils.validation - INFO - Saved bot 350 to bots/XBTUSDTM/1m/bot_350.json
2025-11-22 23:17:48,199 - src.utils.validation - INFO - Saved bot 352 to bots/XBTUSDTM/1m/bot_352.json
2025-11-22 23:17:48,202 - src.utils.validation - INFO - Saved bot 353 to bots/XBTUSDTM/1m/bot_353.json
2025-11-22 23:17:48,203 - src.utils.validation - INFO - Saved bot 357 to bots/XBTUSDTM/1m/bot_357.json
2025-11-22 23:17:48,205 - src.utils.validation - INFO - Saved bot 360 to bots/XBTUSDTM/1m/bot_360.json
2025-11-22 23:17:48,207 - src.utils.validation - INFO - Saved bot 362 to bots/XBTUSDTM/1m/bot_362.json
2025-11-22 23:17:48,210 - src.utils.validation - INFO - Saved bot 363 to bots/XBTUSDTM/1m/bot_363.json
2025-11-22 23:17:48,216 - src.utils.validation - INFO - Saved bot 365 to bots/XBTUSDTM/1m/bot_365.json
2025-11-22 23:17:48,219 - src.utils.validation - INFO - Saved bot 366 to bots/XBTUSDTM/1m/bot_366.json
2025-11-22 23:17:48,221 - src.utils.validation - INFO - Saved bot 367 to bots/XBTUSDTM/1m/bot_367.json
2025-11-22 23:17:48,225 - src.utils.validation - INFO - Saved bot 370 to bots/XBTUSDTM/1m/bot_370.json
2025-11-22 23:17:48,228 - src.utils.validation - INFO - Saved bot 376 to bots/XBTUSDTM/1m/bot_376.json
2025-11-22 23:17:48,233 - src.utils.validation - INFO - Saved bot 377 to bots/XBTUSDTM/1m/bot_377.json
2025-11-22 23:17:48,235 - src.utils.validation - INFO - Saved bot 379 to bots/XBTUSDTM/1m/bot_379.json
2025-11-22 23:17:48,238 - src.utils.validation - INFO - Saved bot 380 to bots/XBTUSDTM/1m/bot_380.json
2025-11-22 23:17:48,239 - src.utils.validation - INFO - Saved bot 381 to bots/XBTUSDTM/1m/bot_381.json
2025-11-22 23:17:48,243 - src.utils.validation - INFO - Saved bot 384 to bots/XBTUSDTM/1m/bot_384.json
2025-11-22 23:17:48,248 - src.utils.validation - INFO - Saved bot 387 to bots/XBTUSDTM/1m/bot_387.json
2025-11-22 23:17:48,251 - src.utils.validation - INFO - Saved bot 390 to bots/XBTUSDTM/1m/bot_390.json
2025-11-22 23:17:48,266 - src.utils.validation - INFO - 
Saved 100 survivor bots to bots/XBTUSDTM/1m/run_20251122_231747/best_bots.json and individual files
2025-11-22 23:17:48,297 - src.utils.validation - INFO - TradeLogStreamWriter shutting down (queued: 0, written: 5469)
2025-11-22 23:17:48,306 - src.utils.validation - INFO - TradeLogStreamWriter shutting down (queued: 0, written: 5469)
2025-11-22 23:17:48,307 - src.utils.validation - INFO - TradeLogStreamWriter shutting down (queued: 0, written: 12288)
2025-11-22 23:18:17,248 - src.utils.validation - INFO - Initializing GPU (OpenCL)...

2025-11-22 23:18:17,429 - src.utils.validation - INFO - ============================================================
2025-11-22 23:18:17,430 - src.utils.validation - INFO - GPU INITIALIZATION SUCCESSFUL
2025-11-22 23:18:17,430 - src.utils.validation - INFO - ============================================================
2025-11-22 23:18:17,431 - src.utils.validation - INFO - Device: Intel(R) UHD Graphics
2025-11-22 23:18:17,431 - src.utils.validation - INFO - Vendor: Intel(R) Corporation
2025-11-22 23:18:17,432 - src.utils.validation - INFO - Version: OpenCL 3.0 NEO 
2025-11-22 23:18:17,432 - src.utils.validation - INFO - Compute Units: 80
2025-11-22 23:18:17,432 - src.utils.validation - INFO - Max Work Group Size: 512
2025-11-22 23:18:17,432 - src.utils.validation - INFO - Global Memory: 3.19 GB
2025-11-22 23:18:17,432 - src.utils.validation - INFO - Local Memory: 64.00 KB
2025-11-22 23:18:17,432 - src.utils.validation - INFO - ============================================================

2025-11-22 23:18:17,433 - src.utils.validation - ERROR - Invalid input: Validation error: timeframe must be one of ['1m', '5m', '15m', '30m', '1h', '4h', '1d'], got '1'
2025-11-22 23:18:17,433 - src.utils.validation - WARNING - Please try again (4 attempts remaining)
2025-11-22 23:18:17,433 - src.utils.validation - ERROR - Invalid input: Validation error: timeframe must be one of ['1m', '5m', '15m', '30m', '1h', '4h', '1d'], got '1'
2025-11-22 23:18:17,433 - src.utils.validation - WARNING - Please try again (3 attempts remaining)
2025-11-22 23:18:17,433 - src.utils.validation - ERROR - Invalid input: Validation error: timeframe must be one of ['1m', '5m', '15m', '30m', '1h', '4h', '1d'], got '5'
2025-11-22 23:18:17,433 - src.utils.validation - WARNING - Please try again (2 attempts remaining)
2025-11-22 23:18:17,433 - src.utils.validation - ERROR - Invalid input: Validation error: timeframe must be one of ['1m', '5m', '15m', '30m', '1h', '4h', '1d'], got '1'
2025-11-22 23:18:17,433 - src.utils.validation - WARNING - Please try again (1 attempts remaining)
2025-11-22 23:18:17,433 - src.utils.validation - ERROR - Invalid input: Validation error: timeframe must be one of ['1m', '5m', '15m', '30m', '1h', '4h', '1d'], got '3'
2025-11-22 23:18:17,434 - src.utils.validation - ERROR - Maximum attempts reached. Using default value.
2025-11-22 23:18:17,434 - src.utils.validation - ERROR - Invalid input: Validation error: min_indicators must be <= 8, got 100
2025-11-22 23:18:17,434 - src.utils.validation - WARNING - Please try again (4 attempts remaining)
2025-11-22 23:18:17,434 - src.utils.validation - ERROR - Invalid input: Validation error: min_indicators must be <= 8, got 42
2025-11-22 23:18:17,434 - src.utils.validation - WARNING - Please try again (3 attempts remaining)
2025-11-22 23:18:17,434 - src.utils.validation - WARNING - 
EOF detected. Using default value.
2025-11-22 23:18:17,434 - src.utils.validation - WARNING - 
EOF detected. Using default value.
2025-11-22 23:18:17,436 - src.utils.validation - WARNING - 
EOF detected. Using default value.
2025-11-22 23:18:17,436 - src.utils.validation - WARNING - 
EOF detected. Using default value.
2025-11-22 23:18:17,436 - src.utils.validation - WARNING - 
EOF detected. Using default value.
2025-11-22 23:18:17,436 - src.utils.validation - WARNING - 
EOF detected. Using default value.
2025-11-22 23:18:17,436 - src.utils.validation - WARNING - 
EOF detected. Using default value.
2025-11-22 23:18:17,437 - src.utils.validation - INFO - Configuration saved to config\last_run_config.json
2025-11-22 23:18:17,437 - src.utils.validation - INFO - Signal quality filters ENABLED
2025-11-22 23:18:17,442 - src.utils.validation - INFO - Initialized Kucoin Spot API connection
2025-11-22 23:18:19,381 - src.utils.validation - INFO - Symbol 'BTCUSDT' normalized to 'BTC/USDT' for spot exchange
2025-11-22 23:18:19,381 - src.utils.validation - INFO - Fetching 20 days of BTC/USDT 1m data ending 2025-11-21 (excludes today)
2025-11-22 23:18:19,975 - src.utils.validation - INFO - [CACHE] 19/20 files cached (95.0%), 1 need download
2025-11-22 23:18:19,976 - src.utils.validation - INFO - [DOWNLOAD] Fetching 1 missing day(s) using 4 parallel threads...
2025-11-22 23:18:20,466 - src.utils.validation - INFO - [1/1] Downloaded 1440 candles for 2025-11-20
2025-11-22 23:18:20,490 - src.utils.validation - INFO - [OK] Downloaded and saved 1 new file(s)
2025-11-22 23:18:20,491 - src.utils.validation - INFO - Data ready: 20 file(s) total (19 from cache, 1 newly downloaded)
2025-11-22 23:18:20,492 - src.utils.validation - INFO - Set random seed to 42
2025-11-22 23:18:20,493 - src.utils.validation - INFO - Loading 20 data files in parallel
2025-11-22 23:18:20,564 - src.utils.validation - INFO - Loaded total of 28800 candles (excludes today's incomplete data)
2025-11-22 23:18:20,565 - src.utils.validation - INFO - Validating data integrity
2025-11-22 23:18:20,583 - src.utils.validation - INFO - Data validation passed
2025-11-22 23:18:20,586 - src.utils.validation - INFO - Generating 5 non-overlapping cycle ranges (1 days each)
2025-11-22 23:18:20,588 - src.utils.validation - INFO - Successfully generated 5 non-overlapping cycle ranges
2025-11-22 23:18:20,662 - src.utils.validation - INFO - Compiled compact_bot_gen.cl
2025-11-22 23:18:20,663 - src.utils.validation - INFO - CompactBotGenerator initialized:
2025-11-22 23:18:20,663 - src.utils.validation - INFO -   Population: 1000 bots
2025-11-22 23:18:20,663 - src.utils.validation - INFO -   Indicators: 1-3 per bot (50 available)
2025-11-22 23:18:20,663 - src.utils.validation - INFO -   Risk strategies: 1-3 per bot
2025-11-22 23:18:20,664 - src.utils.validation - INFO -   Leverage: 1-3x
2025-11-22 23:18:20,668 - src.utils.validation - INFO - [OK] Compiled precompute_all_indicators.cl (50 indicators)
2025-11-22 23:18:20,669 - src.utils.validation - INFO - [DEBUG] Filter debug instrumentation DISABLED (no atomic counter overhead)
2025-11-22 23:18:20,674 - src.utils.validation - INFO - [OK] Compiled backtest_with_precomputed.cl (real trading logic + parallel bot-cycle kernel)
2025-11-22 23:18:20,678 - src.utils.validation - INFO - [OK] Compiled aggregate_results.cl (GPU result aggregation)
2025-11-22 23:18:20,682 - src.utils.validation - INFO - [OK] Compiled signal_debug.cl (debug helper kernel)
2025-11-22 23:18:20,682 - src.utils.validation - INFO - CompactBacktester initialized (two-kernel precomputed strategy)
2025-11-22 23:18:20,682 - src.utils.validation - INFO -   - Kernel 1: Precompute 50 indicators
2025-11-22 23:18:20,682 - src.utils.validation - INFO -   - Kernel 2: Backtest with signal generation
2025-11-22 23:18:20,682 - src.utils.validation - INFO -   - GPU Memory: 3.19 GB
2025-11-22 23:18:20,682 - src.utils.validation - INFO -   - Compute Units: 80
2025-11-22 23:18:20,682 - src.utils.validation - INFO -   - MTF Enabled: HTF multiplier = 60x (higher timeframe filtering)
2025-11-22 23:18:20,686 - src.utils.validation - INFO - GA kernels compiled successfully
2025-11-22 23:18:20,686 - src.utils.validation - INFO - GPU GA Processor initialized
2025-11-22 23:18:20,687 - src.utils.validation - INFO - GPU GA acceleration enabled
2025-11-22 23:18:20,689 - src.utils.validation - INFO - Logging kernels compiled successfully
2025-11-22 23:18:20,689 - src.utils.validation - INFO - GPU Logging Processor initialized
2025-11-22 23:18:20,689 - src.utils.validation - INFO - GPU logging acceleration enabled
2025-11-22 23:18:20,689 - src.utils.validation - INFO -   Loading 1-indicator combinations from cache...
2025-11-22 23:18:20,689 - src.utils.validation - INFO -     Loaded 48 combinations from cache
2025-11-22 23:18:20,691 - src.utils.validation - INFO -   Loading 2-indicator combinations from cache...
2025-11-22 23:18:20,692 - src.utils.validation - INFO -     Loaded 1,128 combinations from cache
2025-11-22 23:18:20,692 - src.utils.validation - INFO -   Loading 3-indicator combinations from cache...
2025-11-22 23:18:20,700 - src.utils.validation - INFO -     Loaded 17,296 combinations from cache
2025-11-22 23:18:20,701 - src.utils.validation - INFO -   Total combinations ready: 18,472
2025-11-22 23:18:20,701 - src.utils.validation - INFO - GeneticAlgorithmEvolver initialized (compact architecture)
2025-11-22 23:18:20,702 - src.utils.validation - INFO -   Mutation rate: 15.0% (NOT USED - no crossover/mutation)
2025-11-22 23:18:20,702 - src.utils.validation - INFO -   Elite percentage: 10.0%
2025-11-22 23:18:20,702 - src.utils.validation - INFO -   Pre-computed combination pools: 18,472 total combinations
2025-11-22 23:18:20,702 - src.utils.validation - INFO -   Strategy: Global tracking - no combination ever reused
2025-11-22 23:18:20,702 - src.utils.validation - INFO - 
Starting Evolution: 1 generations, 5 cycles
2025-11-22 23:18:20,702 - src.utils.validation - INFO - Evolution profiler started
2025-11-22 23:18:20,702 - src.utils.validation - INFO - Generating initial population with guaranteed unique combinations...
2025-11-22 23:18:20,702 - src.utils.validation - INFO - Generating 1000 compact bots on GPU...
2025-11-22 23:18:20,703 - src.utils.validation - INFO - GPU: Intel(R) UHD Graphics - Using work group size: 512/512
2025-11-22 23:18:20,706 - src.utils.validation - INFO - Launching GPU kernel: 1024 work items, 512 per group (2 groups)
2025-11-22 23:18:20,714 - src.utils.validation - INFO - GPU kernel completed - processing results...
2025-11-22 23:18:20,721 - src.utils.validation - INFO - [OK] Generated 1000 compact bots (128 bytes each)
2025-11-22 23:18:20,721 - src.utils.validation - INFO - Distributing 1000 bots across indicator sizes 1-3
2025-11-22 23:18:20,725 - src.utils.validation - INFO - Initial population: 1000 bots, 1000 unique (100.0% uniqueness)
2025-11-22 23:18:20,725 - src.utils.validation - INFO - Global tracking: 1000 combinations marked as used
2025-11-22 23:18:20,725 - src.utils.validation - INFO - Size distribution: {1: 48, 2: 490, 3: 462}
2025-11-22 23:18:20,726 - src.utils.validation - INFO - 
--- GENERATION 0 ---
2025-11-22 23:18:20,726 - src.utils.validation - INFO - Evaluating 1000 bots...
2025-11-22 23:18:20,730 - src.utils.validation - INFO - Trade log streaming writer initialized (batch=100, queue=1000)
2025-11-22 23:18:20,849 - src.utils.validation - INFO - [MTF] Computed 480 HTF bars from 28800 base bars (1:60)
2025-11-22 23:18:21,367 - src.utils.validation - INFO - [DEBUG] Kernel finished within 0.50s
2025-11-22 23:18:21,367 - src.utils.validation - INFO - [DEBUG] Kernel finished, reading results...
2025-11-22 23:18:21,367 - src.utils.validation - INFO - [DEBUG] Preparing to read results: results_size=20000
2025-11-22 23:18:21,368 - src.utils.validation - INFO - [DEBUG] Enqueuing copy to read results buffer...
2025-11-22 23:18:21,368 - src.utils.validation - INFO - [DEBUG] Results copy enqueued (results_flat size 20000)
2025-11-22 23:18:21,368 - src.utils.validation - INFO - [DEBUG] Enqueuing copy to read trade_log_index_buf
2025-11-22 23:18:21,368 - src.utils.validation - INFO - [DEBUG] Waiting for trade log index copy to finish (with timeout)
2025-11-22 23:18:21,369 - src.utils.validation - INFO - [DEBUG] Reading 6699 trade logs for streaming write
2025-11-22 23:18:21,375 - src.utils.validation - INFO - [DEBUG] Enqueuing copy to read close_counters_buf (for diagnostics)
2025-11-22 23:18:21,396 - src.utils.validation - INFO - [DEBUG] Waiting for close counters copy to finish (with timeout)
2025-11-22 23:18:21,770 - src.utils.validation - INFO - Shutting down trade log writer (enqueued: 6699, written: 6699, pending: 0)
2025-11-22 23:18:21,770 - src.utils.validation - INFO - TradeLogStreamWriter shutting down (queued: 0, written: 6699)
2025-11-22 23:18:21,927 - src.utils.validation - INFO - TradeLogStreamWriter shutdown complete. Total written: 6699
2025-11-22 23:18:21,928 - src.utils.validation - INFO - Trade log writer shutdown complete (total written: 6699)
2025-11-22 23:18:21,928 - src.utils.validation - INFO - Selecting survivors...
2025-11-22 23:18:21,929 - src.utils.validation - ERROR - SURVIVAL FILTER (Gen 0, RELAXED): 315 high loss (>0%), 685 failed criteria, 0 no cycles, 0 bots passed
2025-11-22 23:18:21,930 - src.utils.validation - ERROR - No bots met RELAXED criteria: avg profit > 0% AND 40%+ cycles profitable AND max drawdown < 15%
2025-11-22 23:18:21,930 - src.utils.validation - ERROR - Generating completely new population for next generation
2025-11-22 23:18:21,930 - src.utils.validation - INFO - Logging generation 0 results...
2025-11-22 23:18:21,982 - src.utils.validation - INFO - GPU logging completed for generation 0 in 0.051s
2025-11-22 23:18:21,983 - src.utils.validation - INFO - Refilling population with new globally unique combinations...
2025-11-22 23:18:21,983 - src.utils.validation - WARNING - No survivors! Generating completely new population
2025-11-22 23:18:21,983 - src.utils.validation - INFO - Generating 1000 compact bots on GPU...
2025-11-22 23:18:21,984 - src.utils.validation - INFO - GPU: Intel(R) UHD Graphics - Using work group size: 512/512
2025-11-22 23:18:21,984 - src.utils.validation - INFO - Launching GPU kernel: 1024 work items, 512 per group (2 groups)
2025-11-22 23:18:21,985 - src.utils.validation - INFO - GPU kernel completed - processing results...
2025-11-22 23:18:21,989 - src.utils.validation - INFO - [OK] Generated 1000 compact bots (128 bytes each)
2025-11-22 23:18:21,989 - src.utils.validation - INFO - Population refilled: 1000 bots
2025-11-22 23:18:21,989 - src.utils.validation - INFO - Generation 0 completed in 1.264s
2025-11-22 23:18:21,990 - src.utils.validation - INFO - 
--- FINAL EVALUATION ---
2025-11-22 23:18:21,992 - src.utils.validation - INFO - Trade log streaming writer initialized (batch=100, queue=1000)
2025-11-22 23:18:22,093 - src.utils.validation - INFO - [MTF] Computed 480 HTF bars from 28800 base bars (1:60)
2025-11-22 23:18:22,611 - src.utils.validation - INFO - [DEBUG] Kernel finished within 0.50s
2025-11-22 23:18:22,611 - src.utils.validation - INFO - [DEBUG] Kernel finished, reading results...
2025-11-22 23:18:22,611 - src.utils.validation - INFO - [DEBUG] Preparing to read results: results_size=20000
2025-11-22 23:18:22,611 - src.utils.validation - INFO - [DEBUG] Enqueuing copy to read results buffer...
2025-11-22 23:18:22,612 - src.utils.validation - INFO - [DEBUG] Results copy enqueued (results_flat size 20000)
2025-11-22 23:18:22,612 - src.utils.validation - INFO - [DEBUG] Enqueuing copy to read trade_log_index_buf
2025-11-22 23:18:22,614 - src.utils.validation - INFO - [DEBUG] Waiting for trade log index copy to finish (with timeout)
2025-11-22 23:18:22,614 - src.utils.validation - INFO - [DEBUG] Reading 6051 trade logs for streaming write
2025-11-22 23:18:22,620 - src.utils.validation - INFO - [DEBUG] Enqueuing copy to read close_counters_buf (for diagnostics)
2025-11-22 23:18:22,634 - src.utils.validation - INFO - [DEBUG] Waiting for close counters copy to finish (with timeout)
2025-11-22 23:18:23,047 - src.utils.validation - INFO - Shutting down trade log writer (enqueued: 6051, written: 6051, pending: 0)
2025-11-22 23:18:23,047 - src.utils.validation - INFO - TradeLogStreamWriter shutting down (queued: 0, written: 6051)
2025-11-22 23:18:23,160 - src.utils.validation - INFO - TradeLogStreamWriter shutdown complete. Total written: 6051
2025-11-22 23:18:23,161 - src.utils.validation - INFO - Trade log writer shutdown complete (total written: 6051)
2025-11-22 23:18:23,230 - src.utils.validation - INFO - GPU logging completed for generation 1 in 0.068s
2025-11-22 23:18:23,230 - src.utils.validation - INFO - 
Evolution complete!

2025-11-22 23:18:23,234 - src.utils.validation - INFO - Filtered to 0 bots where all cycles are profitable
2025-11-22 23:18:23,234 - src.utils.validation - INFO - 
Saved 0 survivor bots to bots/BTCUSDT/1m/run_20251122_231823/best_bots.json and individual files
2025-11-22 23:18:23,248 - src.utils.validation - INFO - TradeLogStreamWriter shutting down (queued: 0, written: 6051)
2025-11-22 23:18:23,252 - src.utils.validation - INFO - TradeLogStreamWriter shutting down (queued: 0, written: 6051)
2025-11-22 23:18:23,253 - src.utils.validation - INFO - TradeLogStreamWriter shutting down (queued: 0, written: 6699)
2025-11-22 23:19:48,751 - src.utils.validation - INFO - Initializing GPU (OpenCL)...

2025-11-22 23:19:49,017 - src.utils.validation - INFO - ============================================================
2025-11-22 23:19:49,017 - src.utils.validation - INFO - GPU INITIALIZATION SUCCESSFUL
2025-11-22 23:19:49,017 - src.utils.validation - INFO - ============================================================
2025-11-22 23:19:49,018 - src.utils.validation - INFO - Device: Intel(R) UHD Graphics
2025-11-22 23:19:49,018 - src.utils.validation - INFO - Vendor: Intel(R) Corporation
2025-11-22 23:19:49,018 - src.utils.validation - INFO - Version: OpenCL 3.0 NEO 
2025-11-22 23:19:49,019 - src.utils.validation - INFO - Compute Units: 80
2025-11-22 23:19:49,019 - src.utils.validation - INFO - Max Work Group Size: 512
2025-11-22 23:19:49,019 - src.utils.validation - INFO - Global Memory: 3.19 GB
2025-11-22 23:19:49,019 - src.utils.validation - INFO - Local Memory: 64.00 KB
2025-11-22 23:19:49,019 - src.utils.validation - INFO - ============================================================

2025-11-22 23:19:49,020 - src.utils.validation - ERROR - Invalid input: Validation error: timeframe must be one of ['1m', '5m', '15m', '30m', '1h', '4h', '1d'], got '1'
2025-11-22 23:19:49,020 - src.utils.validation - WARNING - Please try again (4 attempts remaining)
2025-11-22 23:19:49,020 - src.utils.validation - ERROR - Invalid input: Validation error: timeframe must be one of ['1m', '5m', '15m', '30m', '1h', '4h', '1d'], got '1'
2025-11-22 23:19:49,020 - src.utils.validation - WARNING - Please try again (3 attempts remaining)
2025-11-22 23:19:49,020 - src.utils.validation - ERROR - Invalid input: Validation error: timeframe must be one of ['1m', '5m', '15m', '30m', '1h', '4h', '1d'], got '5'
2025-11-22 23:19:49,021 - src.utils.validation - WARNING - Please try again (2 attempts remaining)
2025-11-22 23:19:49,021 - src.utils.validation - ERROR - Invalid input: Validation error: timeframe must be one of ['1m', '5m', '15m', '30m', '1h', '4h', '1d'], got '1'
2025-11-22 23:19:49,021 - src.utils.validation - WARNING - Please try again (1 attempts remaining)
2025-11-22 23:19:49,021 - src.utils.validation - ERROR - Invalid input: Validation error: timeframe must be one of ['1m', '5m', '15m', '30m', '1h', '4h', '1d'], got '3'
2025-11-22 23:19:49,021 - src.utils.validation - ERROR - Maximum attempts reached. Using default value.
2025-11-22 23:19:49,021 - src.utils.validation - ERROR - Invalid input: Validation error: min_indicators must be <= 8, got 100
2025-11-22 23:19:49,021 - src.utils.validation - WARNING - Please try again (4 attempts remaining)
2025-11-22 23:19:49,022 - src.utils.validation - ERROR - Invalid input: Validation error: min_indicators must be <= 8, got 42
2025-11-22 23:19:49,022 - src.utils.validation - WARNING - Please try again (3 attempts remaining)
2025-11-22 23:19:49,022 - src.utils.validation - WARNING - 
EOF detected. Using default value.
2025-11-22 23:19:49,022 - src.utils.validation - WARNING - 
EOF detected. Using default value.
2025-11-22 23:19:49,023 - src.utils.validation - WARNING - 
EOF detected. Using default value.
2025-11-22 23:19:49,023 - src.utils.validation - WARNING - 
EOF detected. Using default value.
2025-11-22 23:19:49,023 - src.utils.validation - WARNING - 
EOF detected. Using default value.
2025-11-22 23:19:49,023 - src.utils.validation - WARNING - 
EOF detected. Using default value.
2025-11-22 23:19:49,023 - src.utils.validation - WARNING - 
EOF detected. Using default value.
2025-11-22 23:19:49,024 - src.utils.validation - INFO - Configuration saved to config\last_run_config.json
2025-11-22 23:19:49,025 - src.utils.validation - INFO - Signal quality filters ENABLED
2025-11-22 23:19:49,030 - src.utils.validation - INFO - Initialized Kucoin Spot API connection
2025-11-22 23:19:50,807 - src.utils.validation - INFO - Symbol 'BTCUSDT' normalized to 'BTC/USDT' for spot exchange
2025-11-22 23:19:50,808 - src.utils.validation - INFO - Fetching 20 days of BTC/USDT 1m data ending 2025-11-21 (excludes today)
2025-11-22 23:19:51,102 - src.utils.validation - INFO - [OK] All 20 data file(s) already cached - no downloading needed
2025-11-22 23:19:51,102 - src.utils.validation - INFO - Data ready: 20 file(s) total (20 from cache, 0 newly downloaded)
2025-11-22 23:19:51,103 - src.utils.validation - INFO - Set random seed to 42
2025-11-22 23:19:51,104 - src.utils.validation - INFO - Loading 20 data files in parallel
2025-11-22 23:19:51,178 - src.utils.validation - INFO - Loaded total of 28800 candles (excludes today's incomplete data)
2025-11-22 23:19:51,178 - src.utils.validation - INFO - Validating data integrity
2025-11-22 23:19:51,192 - src.utils.validation - INFO - Data validation passed
2025-11-22 23:19:51,195 - src.utils.validation - INFO - Generating 5 non-overlapping cycle ranges (1 days each)
2025-11-22 23:19:51,196 - src.utils.validation - INFO - Successfully generated 5 non-overlapping cycle ranges
2025-11-22 23:19:51,237 - src.utils.validation - INFO - Compiled compact_bot_gen.cl
2025-11-22 23:19:51,237 - src.utils.validation - INFO - CompactBotGenerator initialized:
2025-11-22 23:19:51,238 - src.utils.validation - INFO -   Population: 1000 bots
2025-11-22 23:19:51,238 - src.utils.validation - INFO -   Indicators: 1-3 per bot (50 available)
2025-11-22 23:19:51,238 - src.utils.validation - INFO -   Risk strategies: 1-3 per bot
2025-11-22 23:19:51,238 - src.utils.validation - INFO -   Leverage: 1-3x
2025-11-22 23:19:51,245 - src.utils.validation - INFO - [OK] Compiled precompute_all_indicators.cl (50 indicators)
2025-11-22 23:19:51,247 - src.utils.validation - INFO - [DEBUG] Filter debug instrumentation DISABLED (no atomic counter overhead)
2025-11-22 23:19:51,254 - src.utils.validation - INFO - [OK] Compiled backtest_with_precomputed.cl (real trading logic + parallel bot-cycle kernel)
2025-11-22 23:19:51,264 - src.utils.validation - INFO - [OK] Compiled aggregate_results.cl (GPU result aggregation)
2025-11-22 23:19:51,270 - src.utils.validation - INFO - [OK] Compiled signal_debug.cl (debug helper kernel)
2025-11-22 23:19:51,270 - src.utils.validation - INFO - CompactBacktester initialized (two-kernel precomputed strategy)
2025-11-22 23:19:51,270 - src.utils.validation - INFO -   - Kernel 1: Precompute 50 indicators
2025-11-22 23:19:51,271 - src.utils.validation - INFO -   - Kernel 2: Backtest with signal generation
2025-11-22 23:19:51,271 - src.utils.validation - INFO -   - GPU Memory: 3.19 GB
2025-11-22 23:19:51,271 - src.utils.validation - INFO -   - Compute Units: 80
2025-11-22 23:19:51,272 - src.utils.validation - INFO -   - MTF Enabled: HTF multiplier = 60x (higher timeframe filtering)
2025-11-22 23:19:51,280 - src.utils.validation - INFO - GA kernels compiled successfully
2025-11-22 23:19:51,281 - src.utils.validation - INFO - GPU GA Processor initialized
2025-11-22 23:19:51,282 - src.utils.validation - INFO - GPU GA acceleration enabled
2025-11-22 23:19:51,288 - src.utils.validation - INFO - Logging kernels compiled successfully
2025-11-22 23:19:51,288 - src.utils.validation - INFO - GPU Logging Processor initialized
2025-11-22 23:19:51,289 - src.utils.validation - INFO - GPU logging acceleration enabled
2025-11-22 23:19:51,290 - src.utils.validation - INFO -   Loading 1-indicator combinations from cache...
2025-11-22 23:19:51,291 - src.utils.validation - INFO -     Loaded 48 combinations from cache
2025-11-22 23:19:51,291 - src.utils.validation - INFO -   Loading 2-indicator combinations from cache...
2025-11-22 23:19:51,294 - src.utils.validation - INFO -     Loaded 1,128 combinations from cache
2025-11-22 23:19:51,295 - src.utils.validation - INFO -   Loading 3-indicator combinations from cache...
2025-11-22 23:19:51,304 - src.utils.validation - INFO -     Loaded 17,296 combinations from cache
2025-11-22 23:19:51,305 - src.utils.validation - INFO -   Total combinations ready: 18,472
2025-11-22 23:19:51,305 - src.utils.validation - INFO - GeneticAlgorithmEvolver initialized (compact architecture)
2025-11-22 23:19:51,305 - src.utils.validation - INFO -   Mutation rate: 15.0% (NOT USED - no crossover/mutation)
2025-11-22 23:19:51,305 - src.utils.validation - INFO -   Elite percentage: 10.0%
2025-11-22 23:19:51,307 - src.utils.validation - INFO -   Pre-computed combination pools: 18,472 total combinations
2025-11-22 23:19:51,307 - src.utils.validation - INFO -   Strategy: Global tracking - no combination ever reused
2025-11-22 23:19:51,307 - src.utils.validation - INFO - 
Starting Evolution: 1 generations, 5 cycles
2025-11-22 23:19:51,308 - src.utils.validation - INFO - Evolution profiler started
2025-11-22 23:19:51,308 - src.utils.validation - INFO - Generating initial population with guaranteed unique combinations...
2025-11-22 23:19:51,309 - src.utils.validation - INFO - Generating 1000 compact bots on GPU...
2025-11-22 23:19:51,309 - src.utils.validation - INFO - GPU: Intel(R) UHD Graphics - Using work group size: 512/512
2025-11-22 23:19:51,312 - src.utils.validation - INFO - Launching GPU kernel: 1024 work items, 512 per group (2 groups)
2025-11-22 23:19:51,316 - src.utils.validation - INFO - GPU kernel completed - processing results...
2025-11-22 23:19:51,326 - src.utils.validation - INFO - [OK] Generated 1000 compact bots (128 bytes each)
2025-11-22 23:19:51,327 - src.utils.validation - INFO - Distributing 1000 bots across indicator sizes 1-3
2025-11-22 23:19:51,332 - src.utils.validation - INFO - Initial population: 1000 bots, 1000 unique (100.0% uniqueness)
2025-11-22 23:19:51,332 - src.utils.validation - INFO - Global tracking: 1000 combinations marked as used
2025-11-22 23:19:51,333 - src.utils.validation - INFO - Size distribution: {1: 48, 2: 489, 3: 463}
2025-11-22 23:19:51,334 - src.utils.validation - INFO - 
--- GENERATION 0 ---
2025-11-22 23:19:51,334 - src.utils.validation - INFO - Evaluating 1000 bots...
2025-11-22 23:19:51,337 - src.utils.validation - INFO - Trade log streaming writer initialized (batch=100, queue=1000)
2025-11-22 23:19:51,453 - src.utils.validation - INFO - [MTF] Computed 480 HTF bars from 28800 base bars (1:60)
2025-11-22 23:19:51,978 - src.utils.validation - INFO - [DEBUG] Kernel finished within 0.50s
2025-11-22 23:19:51,978 - src.utils.validation - INFO - [DEBUG] Kernel finished, reading results...
2025-11-22 23:19:51,978 - src.utils.validation - INFO - [DEBUG] Preparing to read results: results_size=20000
2025-11-22 23:19:51,979 - src.utils.validation - INFO - [DEBUG] Enqueuing copy to read results buffer...
2025-11-22 23:19:51,979 - src.utils.validation - INFO - [DEBUG] Results copy enqueued (results_flat size 20000)
2025-11-22 23:19:51,979 - src.utils.validation - INFO - [DEBUG] Enqueuing copy to read trade_log_index_buf
2025-11-22 23:19:51,979 - src.utils.validation - INFO - [DEBUG] Waiting for trade log index copy to finish (with timeout)
2025-11-22 23:19:52,081 - src.utils.validation - INFO - [DEBUG] Reading 6671 trade logs for streaming write
2025-11-22 23:19:52,086 - src.utils.validation - INFO - [DEBUG] Enqueuing copy to read close_counters_buf (for diagnostics)
2025-11-22 23:19:52,103 - src.utils.validation - INFO - [DEBUG] Waiting for close counters copy to finish (with timeout)
2025-11-22 23:19:52,394 - src.utils.validation - INFO - Shutting down trade log writer (enqueued: 6671, written: 6671, pending: 0)
2025-11-22 23:19:52,394 - src.utils.validation - INFO - TradeLogStreamWriter shutting down (queued: 0, written: 6671)
2025-11-22 23:19:52,658 - src.utils.validation - INFO - TradeLogStreamWriter shutdown complete. Total written: 6671
2025-11-22 23:19:52,659 - src.utils.validation - INFO - Trade log writer shutdown complete (total written: 6671)
2025-11-22 23:19:52,661 - src.utils.validation - INFO - Selecting survivors...
2025-11-22 23:19:52,664 - src.utils.validation - ERROR - SURVIVAL FILTER (Gen 0, RELAXED): 304 high loss (>0%), 696 failed criteria, 0 no cycles, 0 bots passed
2025-11-22 23:19:52,664 - src.utils.validation - ERROR - No bots met RELAXED criteria: avg profit > 0% AND 40%+ cycles profitable AND max drawdown < 15%
2025-11-22 23:19:52,665 - src.utils.validation - ERROR - Generating completely new population for next generation
2025-11-22 23:19:52,665 - src.utils.validation - INFO - Logging generation 0 results...
2025-11-22 23:19:52,744 - src.utils.validation - INFO - GPU logging completed for generation 0 in 0.079s
2025-11-22 23:19:52,744 - src.utils.validation - INFO - Refilling population with new globally unique combinations...
2025-11-22 23:19:52,745 - src.utils.validation - WARNING - No survivors! Generating completely new population
2025-11-22 23:19:52,745 - src.utils.validation - INFO - Generating 1000 compact bots on GPU...
2025-11-22 23:19:52,745 - src.utils.validation - INFO - GPU: Intel(R) UHD Graphics - Using work group size: 512/512
2025-11-22 23:19:52,746 - src.utils.validation - INFO - Launching GPU kernel: 1024 work items, 512 per group (2 groups)
2025-11-22 23:19:52,747 - src.utils.validation - INFO - GPU kernel completed - processing results...
2025-11-22 23:19:52,752 - src.utils.validation - INFO - [OK] Generated 1000 compact bots (128 bytes each)
2025-11-22 23:19:52,752 - src.utils.validation - INFO - Population refilled: 1000 bots
2025-11-22 23:19:52,753 - src.utils.validation - INFO - Generation 0 completed in 1.420s
2025-11-22 23:19:52,753 - src.utils.validation - INFO - 
--- FINAL EVALUATION ---
2025-11-22 23:19:52,756 - src.utils.validation - INFO - Trade log streaming writer initialized (batch=100, queue=1000)
2025-11-22 23:19:52,862 - src.utils.validation - INFO - [MTF] Computed 480 HTF bars from 28800 base bars (1:60)
2025-11-22 23:19:53,383 - src.utils.validation - INFO - [DEBUG] Kernel finished within 0.50s
2025-11-22 23:19:53,383 - src.utils.validation - INFO - [DEBUG] Kernel finished, reading results...
2025-11-22 23:19:53,383 - src.utils.validation - INFO - [DEBUG] Preparing to read results: results_size=20000
2025-11-22 23:19:53,385 - src.utils.validation - INFO - [DEBUG] Enqueuing copy to read results buffer...
2025-11-22 23:19:53,385 - src.utils.validation - INFO - [DEBUG] Results copy enqueued (results_flat size 20000)
2025-11-22 23:19:53,386 - src.utils.validation - INFO - [DEBUG] Enqueuing copy to read trade_log_index_buf
2025-11-22 23:19:53,386 - src.utils.validation - INFO - [DEBUG] Waiting for trade log index copy to finish (with timeout)
2025-11-22 23:19:53,387 - src.utils.validation - INFO - [DEBUG] Reading 6051 trade logs for streaming write
2025-11-22 23:19:53,395 - src.utils.validation - INFO - [DEBUG] Enqueuing copy to read close_counters_buf (for diagnostics)
2025-11-22 23:19:53,413 - src.utils.validation - INFO - [DEBUG] Waiting for close counters copy to finish (with timeout)
2025-11-22 23:19:53,956 - src.utils.validation - INFO - Shutting down trade log writer (enqueued: 6051, written: 6051, pending: 0)
2025-11-22 23:19:53,956 - src.utils.validation - INFO - TradeLogStreamWriter shutting down (queued: 0, written: 6051)
2025-11-22 23:19:54,465 - src.utils.validation - INFO - TradeLogStreamWriter shutdown complete. Total written: 6051
2025-11-22 23:19:54,467 - src.utils.validation - INFO - Trade log writer shutdown complete (total written: 6051)
2025-11-22 23:19:54,555 - src.utils.validation - INFO - GPU logging completed for generation 1 in 0.084s
2025-11-22 23:19:54,556 - src.utils.validation - INFO - 
Evolution complete!

2025-11-22 23:19:54,558 - src.utils.validation - INFO - Filtered to 0 bots where all cycles are profitable
2025-11-22 23:19:54,561 - src.utils.validation - INFO - 
Saved 0 survivor bots to bots/BTCUSDT/1m/run_20251122_231954/best_bots.json and individual files
2025-11-22 23:19:54,582 - src.utils.validation - INFO - TradeLogStreamWriter shutting down (queued: 0, written: 6051)
2025-11-22 23:19:54,588 - src.utils.validation - INFO - TradeLogStreamWriter shutting down (queued: 0, written: 6051)
2025-11-22 23:19:54,589 - src.utils.validation - INFO - TradeLogStreamWriter shutting down (queued: 0, written: 6671)
