bar,open,high,low,close,volume,batched,isolated,cpu,abs_bi,abs_ic,abs_bc
0,88066.7,88174.6,88048.0,88155.1,5735.0,87930.203125,5735.0,nan,82195.203125,nan,nan
1,88146.7,88160.1,88081.7,88081.7,4816.0,87657.203125,4816.0,nan,82841.203125,nan,nan
2,88080.4,88080.4,87849.9,87850.0,10862.0,87596.5,10862.0,nan,76734.5,nan,nan
3,87857.1,87944.5,87780.2,87930.1,15390.0,87502.6015625,15390.0,nan,72112.6015625,nan,nan
4,87930.2,88039.6,87930.2,87991.6,4863.0,87372.5,4863.0,nan,82509.5,nan,nan
5,87980.8,87980.8,87852.6,87856.9,2161.0,87200.8984375,2161.0,nan,85039.8984375,nan,nan
6,87862.5,87869.1,87773.9,87797.8,3002.0,87283.703125,3002.0,nan,84281.703125,nan,nan
7,87794.2,87794.2,87660.4,87672.7,7045.0,86877.703125,7045.0,nan,79832.703125,nan,nan
8,87672.6,87704.8,87569.3,87664.0,6992.0,87037.1015625,6992.0,nan,80045.1015625,nan,nan
9,87657.2,87718.7,87621.5,87639.1,4116.0,86937.703125,4116.0,nan,82821.703125,nan,nan
10,87649.7,87726.9,87580.2,87580.2,5538.0,86713.3984375,5538.0,nan,81175.3984375,nan,nan
11,87583.2,87604.9,87412.0,87430.1,7937.0,86561.1015625,7937.0,nan,78624.1015625,nan,nan
12,87427.6,87504.4,87326.9,87504.4,28049.0,86880.796875,28049.0,nan,58831.796875,nan,nan
13,87505.9,87647.8,87477.7,87600.8,5425.0,87042.796875,5425.0,nan,81617.796875,nan,nan
14,87596.5,87649.2,87531.3,87564.6,5409.0,87127.1015625,5409.0,nan,81718.1015625,nan,nan
15,87564.6,87669.2,87529.0,87648.0,5356.0,87385.296875,5356.0,nan,82029.296875,nan,nan
16,87649.4,87731.5,87631.9,87721.9,8400.0,87101.5,8400.0,nan,78701.5,nan,nan
17,87708.6,87759.6,87682.4,87759.6,6562.0,87273.296875,6562.0,nan,80711.296875,nan,nan
18,87750.7,87750.7,87519.8,87519.8,4150.0,87146.8984375,4150.0,nan,82996.8984375,nan,nan
19,87502.6,87590.1,87498.4,87562.6,3954.0,87205.40625,7288.10009765625,7288.10009765625,79917.30615234375,0.0,79917.30615234375
20,87566.9,87578.4,87328.7,87343.5,11941.0,87173.828125,7598.39990234375,7598.39990234375,79575.42822265625,0.0,79575.42822265625
21,87343.4,87344.0,87227.3,87256.3,12379.0,87159.3359375,7976.55029296875,7976.5498046875,79182.78564453125,0.00048828125,79182.7861328125
22,87252.7,87420.8,87252.7,87392.1,3767.0,87146.90625,7621.80029296875,7621.7998046875,79525.10595703125,0.00048828125,79525.1064453125
23,87392.1,87404.4,87287.0,87371.4,6300.0,87133.4609375,7167.30029296875,7167.2998046875,79966.16064453125,0.00048828125,79966.1611328125
24,87372.5,87475.6,87339.6,87471.7,3668.0,87126.3359375,7107.55029296875,7107.5498046875,80018.78564453125,0.00048828125,80018.7861328125
25,87471.1,87484.4,87403.9,87439.2,2831.0,87133.2578125,7141.05029296875,7141.0498046875,79992.20751953125,0.00048828125,79992.2080078125
26,87436.2,87436.2,87315.9,87370.4,3545.0,87128.1953125,7168.2001953125,7168.2001953125,79959.9951171875,0.0,79959.9951171875
27,87363.6,87377.7,87303.3,87303.3,4063.0,87137.71875,7019.10009765625,7019.10009765625,80118.61865234375,0.0,80118.61865234375
28,87303.2,87318.1,87204.0,87204.0,3420.0,87151.1796875,6840.5,6840.5,80310.6796875,0.0,80310.6796875
29,87200.9,87280.4,87200.9,87257.5,3839.0,87164.328125,6826.64990234375,6826.64990234375,80337.67822265625,0.0,80337.67822265625
30,87263.5,87278.8,87211.2,87226.8,13526.0,87184.4921875,7226.05029296875,7226.0498046875,79958.44189453125,0.00048828125,79958.4423828125
31,87226.1,87258.0,87206.6,87206.6,2066.0,87211.3359375,6932.5,6932.5,80278.8359375,0.0,80278.8359375
32,87205.6,87205.6,87154.6,87173.2,5683.0,87229.8046875,5814.2001953125,5814.2001953125,81415.6044921875,0.0,81415.6044921875
33,87173.3,87298.7,87173.3,87286.8,7188.0,87239.671875,5902.35009765625,5902.35009765625,81337.32177734375,0.0,81337.32177734375
34,87283.7,87286.9,87182.4,87186.8,7126.0,87233.484375,5988.2001953125,5988.2001953125,81245.2841796875,0.0,81245.2841796875
35,87183.8,87183.8,87080.0,87080.0,7382.0,87219.453125,6089.5,6089.5,81129.953125,0.0,81129.953125
36,87080.0,87113.9,86878.6,86895.9,34739.0,87213.21875,7406.4501953125,7406.4501953125,79806.7685546875,0.0,79806.7685546875
37,86901.3,86939.1,86776.4,86781.0,17855.0,87191.515625,7971.10009765625,7971.10009765625,79220.41552734375,0.0,79220.41552734375
38,86790.1,86895.4,86767.0,86877.6,13092.0,87156.9609375,8418.2001953125,8418.2001953125,78738.7607421875,0.0,78738.7607421875
39,86877.7,86894.4,86752.5,86799.2,5481.0,87092.015625,8494.5498046875,8494.5498046875,78597.4658203125,0.0,78597.4658203125
40,86806.7,86985.6,86797.5,86985.6,5524.0,87064.4921875,8173.7001953125,8173.7001953125,78890.7919921875,0.0,78890.7919921875
41,86985.6,87091.2,86985.6,87037.7,6819.0,87024.8515625,7895.7001953125,7895.7001953125,79129.1513671875,0.0,79129.1513671875
42,87042.2,87085.2,87006.2,87022.0,9574.0,86978.8515625,8186.05029296875,8186.0498046875,78792.80126953125,0.00048828125,78792.8017578125
43,87016.0,87059.1,86992.0,87055.7,4562.0,86940.4921875,8099.14990234375,8099.14990234375,78841.34228515625,0.0,78841.34228515625
44,87037.1,87118.4,87034.5,87034.5,4385.0,86895.4375,8135.0,8135.0,78760.4375,0.0,78760.4375
45,87034.0,87079.4,86918.0,86918.1,5614.0,86838.9609375,8274.150390625,8274.150390625,78564.810546875,0.0,78564.810546875
46,86922.3,86999.7,86852.1,86965.0,3934.0,86767.9296875,8293.6005859375,8293.599609375,78474.3291015625,0.0009765625,78474.330078125
47,86973.7,87026.1,86973.7,87022.1,3649.0,86690.9921875,8272.900390625,8272.900390625,78418.091796875,0.0,78418.091796875
48,87024.4,87024.4,86888.0,86937.6,4724.0,86605.5859375,8338.1005859375,8338.099609375,78267.4853515625,0.0009765625,78267.486328125
49,86937.7,86946.2,86784.8,86834.6,8186.0,86546.8046875,8555.4501953125,8555.4501953125,77991.3544921875,0.0,77991.3544921875
50,86834.1,86875.0,86816.4,86816.4,3229.0,86482.4375,8040.60009765625,8040.60009765625,78441.83740234375,0.0,78441.83740234375
51,86811.0,86811.0,86736.8,86747.7,8672.0,86408.7734375,8370.900390625,8370.900390625,78037.873046875,0.0,78037.873046875
52,86747.7,86754.9,86632.4,86663.7,10621.0,86329.125,8617.7998046875,8617.7998046875,77711.3251953125,0.0,77711.3251953125
53,86662.6,86733.1,86656.0,86711.6,5251.0,86247.3515625,8520.9501953125,8520.9501953125,77726.4013671875,0.0,77726.4013671875
54,86713.4,86797.0,86694.8,86776.0,8816.0,86180.34375,8605.4501953125,8605.4501953125,77574.8935546875,0.0,77574.8935546875
55,86771.9,86843.4,86754.9,86843.1,8289.0,86117.890625,8650.7998046875,8650.7998046875,77467.0908203125,0.0,77467.0908203125
56,86839.4,86843.2,86788.6,86793.6,4040.0,86072.4296875,7115.85009765625,7115.85009765625,78956.57958984375,0.0,78956.57958984375
57,86791.6,86810.2,86771.6,86771.6,1637.0,86028.3515625,6304.9501953125,6304.9501953125,79723.4013671875,0.0,79723.4013671875
58,86771.7,86775.9,86561.1,86561.5,18764.0,86003.8671875,6588.55029296875,6588.5498046875,79415.31689453125,0.00048828125,79415.3173828125
59,86561.1,86653.2,86547.3,86632.5,11099.0,85993.046875,6869.4501953125,6869.4501953125,79123.5966796875,0.0,79123.5966796875
60,86623.2,86749.9,86578.5,86691.8,11360.0,85946.7578125,7161.25,7161.25,78785.5078125,0.0,78785.5078125
61,86692.1,86807.3,86674.1,86777.2,4944.0,85900.2734375,7067.5,7067.5,78832.7734375,0.0,78832.7734375
62,86777.1,86912.6,86772.8,86888.4,31143.0,85866.2734375,8145.9501953125,8145.9501953125,77720.3232421875,0.0,77720.3232421875
63,86890.1,86910.7,86847.2,86877.6,6761.0,85826.0390625,8255.900390625,8255.900390625,77570.138671875,0.0,77570.138671875
64,86880.8,86880.8,86707.1,86707.1,6576.0,85792.953125,8365.4501953125,8365.4501953125,77427.5029296875,0.0,77427.5029296875
65,86703.9,87030.3,86664.3,87004.3,7093.0,85776.96875,8439.400390625,8439.400390625,77337.568359375,0.0,77337.568359375
66,87003.4,87029.3,86934.7,86960.8,9135.0,85763.9453125,8699.4501953125,8699.4501953125,77064.4951171875,0.0,77064.4951171875
67,86961.3,87031.1,86961.3,87016.8,6887.0,85760.921875,8861.3505859375,8861.349609375,76899.5712890625,0.0009765625,76899.572265625
68,87018.6,87098.9,86982.8,87042.9,4779.0,85776.7421875,8864.1005859375,8864.099609375,76912.6416015625,0.0009765625,76912.642578125
69,87042.8,87089.4,86993.0,87040.7,3567.0,85763.6171875,8633.150390625,8633.150390625,77130.466796875,0.0,77130.466796875
70,87052.8,87151.8,87042.7,87146.3,5135.0,85770.015625,8728.4501953125,8728.4501953125,77041.5654296875,0.0,77041.5654296875
71,87136.8,87202.0,87082.7,87141.6,9808.0,85790.1015625,8785.25,8785.25,77004.8515625,0.0,77004.8515625
72,87141.5,87171.3,87077.6,87103.5,9815.0,85810.6484375,8744.9501953125,8744.9501953125,77065.6982421875,0.0,77065.6982421875
73,87120.2,87156.4,87092.1,87139.0,6378.0,85830.953125,8801.2998046875,8801.2998046875,77029.6533203125,0.0,77029.6533203125
74,87127.1,87285.6,87127.1,87285.6,10418.0,85854.1796875,8881.400390625,8881.400390625,76972.779296875,0.0,76972.779296875
75,87286.3,87347.0,87230.6,87262.4,6640.0,85875.71875,8798.9501953125,8798.9501953125,77076.7685546875,0.0,77076.7685546875
76,87267.2,87304.4,87227.4,87265.9,7803.0,85886.6640625,8987.1005859375,8987.099609375,76899.5634765625,0.0009765625,76899.564453125
77,87258.1,87397.0,87246.9,87381.6,5966.0,85901.484375,9203.5498046875,9203.5498046875,76697.9345703125,0.0,76697.9345703125
78,87379.2,87416.2,87350.2,87382.5,8104.0,85915.3046875,8670.5498046875,8670.5498046875,77244.7548828125,0.0,77244.7548828125
79,87385.3,87385.3,87203.1,87206.5,8375.0,85912.2109375,8534.3505859375,8534.349609375,77377.8603515625,0.0009765625,77377.861328125
80,87197.9,87269.5,87184.0,87255.9,5466.0,85925.359375,8239.650390625,8239.650390625,77685.708984375,0.0,77685.708984375
81,87257.0,87259.1,87077.1,87085.8,11182.0,85946.6953125,8551.5498046875,8551.5498046875,77395.1455078125,0.0,77395.1455078125
82,87078.5,87191.7,87067.9,87178.3,8493.0,85964.6640625,7419.05029296875,7419.0498046875,78545.61376953125,0.00048828125,78545.6142578125
83,87179.5,87211.0,87081.9,87101.3,4100.0,85988.3359375,7286.0,7286.0,78702.3359375,0.0,78702.3359375
84,87101.5,87165.0,87084.1,87164.6,4103.0,86004.9296875,7162.35009765625,7162.35009765625,78842.57958984375,0.0,78842.57958984375
85,87159.0,87263.8,87159.0,87263.8,7991.0,86003.296875,7207.25,7207.25,78796.046875,0.0,78796.046875
86,87263.8,87364.8,87257.3,87257.3,12821.0,86026.5625,7391.55029296875,7391.5498046875,78635.01220703125,0.00048828125,78635.0126953125
87,87254.8,87272.0,87194.2,87201.1,4852.0,86041.640625,7289.80029296875,7289.7998046875,78751.84033203125,0.00048828125,78751.8408203125
88,87196.9,87344.5,87196.1,87273.3,9019.0,86034.1796875,7501.80029296875,7501.7998046875,78532.37939453125,0.00048828125,78532.3798828125
89,87273.3,87299.0,87234.8,87282.5,4458.0,86028.9296875,7546.35009765625,7546.35009765625,78482.57958984375,0.0,78482.57958984375
90,87282.4,87294.7,87186.6,87234.4,13604.0,86014.9453125,7969.80029296875,7969.7998046875,78045.14501953125,0.00048828125,78045.1455078125
91,87234.5,87344.6,87234.5,87254.1,5698.0,85994.2734375,7764.30029296875,7764.2998046875,78229.97314453125,0.00048828125,78229.9736328125
92,87254.0,87260.8,87090.8,87090.8,4446.0,85974.3359375,7495.85009765625,7495.85009765625,78478.48583984375,0.0,78478.48583984375
93,87088.6,87156.5,87058.1,87150.2,4771.0,85959.09375,7415.5,7415.5,78543.59375,0.0,78543.59375
94,87146.9,87224.5,87120.0,87136.1,7039.0,85930.9453125,7246.55029296875,7246.5498046875,78684.39501953125,0.00048828125,78684.3955078125
95,87147.1,87212.5,87021.3,87200.3,6592.0,85897.8671875,7244.14990234375,7244.14990234375,78653.71728515625,0.0,78653.71728515625
96,87208.9,87303.3,87188.9,87287.3,7835.0,85864.5234375,7245.75,7245.75,78618.7734375,0.0,78618.7734375
97,87292.2,87397.9,87289.2,87386.0,6161.0,85825.2734375,7255.5,7255.5,78569.7734375,0.0,78569.7734375
98,87393.5,87497.2,87393.5,87484.7,9223.0,85788.890625,7311.4501953125,7311.4501953125,78477.4404296875,0.0,78477.4404296875
99,87479.7,87499.9,87346.1,87346.1,5379.0,85766.859375,7161.64990234375,7161.64990234375,78605.20947265625,0.0,78605.20947265625
100,87346.2,87399.9,87346.2,87374.0,3442.0,85727.0546875,7060.4501953125,7060.4501953125,78666.6044921875,0.0,78666.6044921875
101,87368.5,87480.9,87358.2,87448.0,4521.0,85688.1953125,6727.39990234375,6727.39990234375,78960.79541015625,0.0,78960.79541015625
102,87444.3,87446.4,87365.9,87396.3,4579.0,85541.6875,6531.7001953125,6531.7001953125,79009.9873046875,0.0,79009.9873046875
103,87418.0,87425.2,87303.7,87303.7,4357.0,85434.25,6544.55029296875,6544.5498046875,78889.69970703125,0.00048828125,78889.7001953125
104,87298.5,87299.3,87195.9,87228.9,6647.0,85354.9609375,6671.75,6671.75,78683.2109375,0.0,78683.2109375
105,87225.0,87274.1,87190.0,87274.1,6185.0,85259.4921875,6581.4501953125,6581.4501953125,78678.0419921875,0.0,78678.0419921875
106,87269.8,87339.4,87262.9,87336.5,2842.0,85162.4296875,6082.5,6082.5,79079.9296875,0.0,79079.9296875
107,87332.8,87389.0,87309.1,87343.0,3113.0,85073.8984375,5995.55029296875,5995.5498046875,79078.34814453125,0.00048828125,79078.3486328125
108,87343.0,87361.8,87296.6,87357.5,5787.0,84977.0859375,5833.9501953125,5833.9501953125,79143.1357421875,0.0,79143.1357421875
109,87367.3,87367.3,87300.2,87324.3,2920.0,84905.6953125,5757.05029296875,5757.0498046875,79148.64501953125,0.00048828125,79148.6455078125
110,87324.1,87420.1,87299.5,87391.6,3281.0,84853.2421875,5240.89990234375,5240.89990234375,79612.34228515625,0.0,79612.34228515625
111,87387.3,87426.6,87367.6,87367.6,3299.0,84794.4765625,5120.9501953125,5120.9501953125,79673.5263671875,0.0,79673.5263671875
112,87370.5,87434.3,87366.8,87434.3,5919.0,84739.3125,5194.60009765625,5194.60009765625,79544.71240234375,0.0,79544.71240234375
113,87441.1,87441.1,87327.1,87348.1,4270.0,84668.96875,5169.55029296875,5169.5498046875,79499.41845703125,0.00048828125,79499.4189453125
114,87348.0,87402.0,87325.2,87387.7,2276.0,84602.796875,4931.39990234375,4931.39990234375,79671.39697265625,0.0,79671.39697265625
115,87379.9,87435.9,87357.2,87418.0,3605.0,84523.109375,4782.05029296875,4782.0498046875,79741.05908203125,0.00048828125,79741.0595703125
116,87412.0,87412.0,87284.7,87319.5,3262.0,84431.109375,4553.39990234375,4553.39990234375,79877.70947265625,0.0,79877.70947265625
117,87323.4,87333.8,87269.7,87269.7,3139.0,84350.890625,4402.30029296875,4402.2998046875,79948.59033203125,0.00048828125,79948.5908203125
118,87268.0,87268.0,87192.3,87228.9,4089.0,84263.8359375,4145.60009765625,4145.60009765625,80118.23583984375,0.0,80118.23583984375
119,87233.8,87283.9,87226.1,87283.9,1985.0,84176.5,3975.900146484375,3975.89990234375,80200.59985351562,0.000244140625,80200.60009765625
120,87283.9,87334.5,87282.3,87327.1,2113.0,84108.28125,3909.449951171875,3909.449951171875,80198.83129882812,0.0,80198.83129882812
121,87327.1,87342.2,87293.3,87342.2,2732.0,84029.6640625,3820.0,3820.0,80209.6640625,0.0,80209.6640625
122,87346.3,87440.5,87267.0,87267.0,4450.0,84055.4765625,3813.550048828125,3813.550048828125,80241.92651367188,0.0,80241.92651367188
123,87267.0,87291.5,87154.6,87233.4,12040.0,84037.7890625,4197.7001953125,4197.7001953125,79840.0888671875,0.0,79840.0888671875
124,87229.9,87343.2,87223.0,87322.4,6250.0,83985.1796875,4177.85009765625,4177.85009765625,79807.32958984375,0.0,79807.32958984375
125,87321.5,87395.6,87312.0,87383.6,3558.0,83940.6953125,4046.5,4046.5,79894.1953125,0.0,79894.1953125
126,87388.6,87466.1,87370.7,87449.7,5254.0,83882.890625,4167.10009765625,4167.10009765625,79715.79052734375,0.0,79715.79052734375
127,87450.7,87466.7,87295.4,87343.6,16226.0,83819.7421875,4822.75,4822.75,78996.9921875,0.0,78996.9921875
128,87356.8,87381.6,87285.9,87330.1,8568.0,83753.0546875,4961.80029296875,4961.7998046875,78791.25439453125,0.00048828125,78791.2548828125
129,87339.4,87339.4,87218.9,87218.9,4133.0,83671.8828125,5022.4501953125,5022.4501953125,78649.4326171875,0.0,78649.4326171875
130,87202.4,87283.3,87168.3,87237.2,3723.0,83552.90625,5044.55029296875,5044.5498046875,78508.35595703125,0.00048828125,78508.3564453125
131,87239.7,87262.3,87175.9,87235.0,3241.0,83450.3125,5041.64990234375,5041.64990234375,78408.66259765625,0.0,78408.66259765625
132,87247.9,87259.9,87183.5,87198.4,4240.0,83319.4609375,4957.7001953125,4957.7001953125,78361.7607421875,0.0,78361.7607421875
133,87205.2,87233.0,87176.7,87185.5,1926.0,83205.1328125,4840.5,4840.5,78364.6328125,0.0,78364.6328125
134,87182.6,87182.6,87080.3,87157.2,6053.0,83101.4765625,5029.35009765625,5029.35009765625,78072.12646484375,0.0,78072.12646484375
135,87147.5,87234.0,87147.5,87233.0,3708.0,82993.84375,5034.5,5034.5,77959.34375,0.0,77959.34375
136,87229.2,87275.8,87143.6,87155.3,7892.0,82904.5,5266.0,5266.0,77638.5,0.0,77638.5
137,87155.4,87198.1,87005.4,87017.6,15190.0,82812.2421875,5868.55029296875,5868.5498046875,76943.69189453125,0.00048828125,76943.6923828125
138,87018.5,87075.7,87005.2,87075.7,9681.0,82751.0546875,6148.14990234375,6148.14990234375,76602.90478515625,0.0,76602.90478515625
139,87068.2,87068.2,86884.7,86918.4,9446.0,82707.3359375,6521.2001953125,6521.2001953125,76186.1357421875,0.0,76186.1357421875
140,86923.9,86925.9,86830.4,86912.9,6178.0,82640.296875,6724.4501953125,6724.4501953125,75915.8466796875,0.0,75915.8466796875
141,86915.6,87056.8,86915.6,87049.1,8672.0,82580.8671875,7021.4501953125,7021.4501953125,75559.4169921875,0.0,75559.4169921875
142,87049.1,87251.5,87049.1,87242.7,7613.0,82533.671875,7179.60009765625,7179.60009765625,75354.07177734375,0.0,75354.07177734375
143,87227.2,87331.2,87227.2,87306.4,14326.0,82490.1484375,7293.89990234375,7293.89990234375,75196.24853515625,0.0,75196.24853515625
144,87306.3,87306.3,87113.3,87159.9,50306.0,82466.90625,9496.7001953125,9496.7001953125,72970.2060546875,0.0,72970.2060546875
145,87164.3,87203.0,87143.6,87181.7,14310.0,82478.75,10034.2998046875,10034.2998046875,72444.4501953125,0.0,72444.4501953125
146,87183.5,87394.7,87183.5,87356.0,7122.0,82485.3828125,10127.7001953125,10127.7001953125,72357.6826171875,0.0,72357.6826171875
147,87368.6,87397.5,87249.7,87268.0,3750.0,82498.0234375,9503.900390625,9503.900390625,72994.123046875,0.0,72994.123046875
148,87266.5,87266.5,87183.7,87217.1,3825.0,82531.21875,9266.75,9266.75,73264.46875,0.0,73264.46875
149,87200.8,87325.8,87200.8,87286.3,5999.0,82549.6171875,9360.0498046875,9360.0498046875,73189.5673828125,0.0,73189.5673828125
150,87278.5,87324.1,87270.8,87315.4,3828.0,82585.1328125,9365.2998046875,9365.2998046875,73219.8330078125,0.0,73219.8330078125
151,87315.5,87327.8,87211.1,87211.1,2126.0,82597.7734375,9309.5498046875,9309.5498046875,73288.2236328125,0.0,73288.2236328125
152,87207.4,87207.4,87079.5,87094.4,6031.0,82625.8203125,9399.1005859375,9399.099609375,73226.7197265625,0.0009765625,73226.720703125
153,87111.9,87161.5,87092.5,87128.8,4104.0,82639.15625,9508.0,9508.0,73131.15625,0.0,73131.15625
154,87116.6,87131.4,87081.3,87081.3,2055.0,82645.0703125,9308.1005859375,9308.099609375,73336.9697265625,0.0009765625,73336.970703125
155,87080.0,87080.0,86926.0,86933.7,4617.0,82666.625,9353.5498046875,9353.5498046875,73313.0751953125,0.0,73313.0751953125
156,86946.5,87017.3,86910.8,87017.3,4854.0,82684.65625,9201.650390625,9201.650390625,73483.005859375,0.0,73483.005859375
157,87023.3,87069.6,86971.3,87004.0,3525.0,82684.0859375,8618.400390625,8618.400390625,74065.685546875,0.0,74065.685546875
158,87004.9,87153.3,87004.9,87103.2,7838.0,82670.1015625,8526.25,8526.25,74143.8515625,0.0,74143.8515625
159,87098.0,87153.9,87067.0,87098.1,2920.0,82625.5859375,8199.9501953125,8199.9501953125,74425.6357421875,0.0,74425.6357421875
160,87101.9,87141.3,87089.1,87089.1,6354.0,82553.8671875,8208.75,8208.75,74345.1171875,0.0,74345.1171875
161,87088.1,87152.0,87075.8,87148.2,2718.0,82463.3671875,7911.05029296875,7911.0498046875,74552.31689453125,0.00048828125,74552.3173828125
162,87148.2,87220.1,87142.5,87220.1,3075.0,82406.0234375,7684.14990234375,7684.14990234375,74721.87353515625,0.0,74721.87353515625
163,87226.1,87260.8,87217.8,87243.1,2324.0,82406.3203125,7084.05029296875,7084.0498046875,75322.27001953125,0.00048828125,75322.2705078125
164,87250.2,87250.2,87197.9,87236.4,2364.0,82405.1953125,4686.9501953125,4686.9501953125,77718.2451171875,0.0,77718.2451171875
165,87239.3,87340.2,87231.4,87340.1,3636.0,82394.578125,4153.25,4153.25,78241.328125,0.0,78241.328125
166,87331.3,87331.3,87163.4,87212.3,16197.0,82422.7109375,4607.0,4607.0,77815.7109375,0.0,77815.7109375
167,87209.9,87275.8,87209.9,87275.7,6730.0,82434.6171875,4756.0,4756.0,77678.6171875,0.0,77678.6171875
168,87266.9,87281.3,87238.0,87241.9,3204.0,82440.984375,4724.9501953125,4724.9501953125,77716.0341796875,0.0,77716.0341796875
169,87240.0,87266.2,87151.5,87151.5,3662.0,82475.3046875,4608.10009765625,4608.10009765625,77867.20458984375,0.0,77867.20458984375
170,87144.2,87230.2,87144.2,87230.2,2223.0,82515.0234375,4527.85009765625,4527.85009765625,77987.17333984375,0.0,77987.17333984375
171,87221.2,87257.5,87178.1,87211.1,3237.0,82587.0859375,4583.39990234375,4583.39990234375,78003.68603515625,0.0,78003.68603515625
172,87215.6,87223.3,87083.0,87083.0,6893.0,82649.2734375,4626.5,4626.5,78022.7734375,0.0,78022.7734375
173,87081.0,87085.5,86996.2,87006.1,7449.0,82705.703125,4793.75,4793.75,77911.953125,0.0,77911.953125
174,87003.5,87043.2,87003.5,87043.1,6087.0,82764.0,4995.35009765625,4995.35009765625,77768.64990234375,0.0,77768.64990234375
175,87048.4,87072.2,87023.0,87055.9,3957.0,82845.421875,4962.35009765625,4962.35009765625,77883.07177734375,0.0,77883.07177734375
176,87062.6,87110.1,87036.0,87042.7,3693.0,82934.1953125,4904.30029296875,4904.2998046875,78029.89501953125,0.00048828125,78029.8955078125
177,87048.3,87113.2,87048.3,87113.2,3309.0,83051.3359375,4893.5,4893.5,78157.8359375,0.0,78157.8359375
178,87113.2,87170.8,87084.3,87104.6,2723.0,83149.390625,4637.75,4637.75,78511.640625,0.0,78511.640625
179,87104.6,87104.6,87035.5,87052.0,4439.0,83261.0078125,4713.7001953125,4713.7001953125,78547.3076171875,0.0,78547.3076171875
180,87046.0,87068.7,87030.2,87033.0,1778.0,83399.2578125,4484.89990234375,4484.89990234375,78914.35791015625,0.0,78914.35791015625
181,87034.8,87046.3,87000.5,87004.0,2719.0,83566.765625,4484.9501953125,4484.9501953125,79081.8154296875,0.0,79081.8154296875
182,87001.9,87003.2,86893.3,86893.3,8052.0,83678.984375,4733.80029296875,4733.7998046875,78945.18408203125,0.00048828125,78945.1845703125
183,86893.3,86991.3,86885.6,86970.4,5381.0,83721.015625,4886.64990234375,4886.64990234375,78834.36572265625,0.0,78834.36572265625
184,86976.8,86988.5,86935.2,86935.2,6084.0,83768.578125,5072.64990234375,5072.64990234375,78695.92822265625,0.0,78695.92822265625
185,86935.1,86936.0,86728.6,86737.0,15394.0,83792.171875,5660.55029296875,5660.5498046875,78131.62158203125,0.00048828125,78131.6220703125
186,86737.0,86809.0,86600.0,86688.9,33820.0,83827.3984375,6541.7001953125,6541.7001953125,77285.6982421875,0.0,77285.6982421875
187,86691.1,86839.5,86691.1,86833.1,5536.0,83905.8515625,6482.0,6482.0,77423.8515625,0.0,77423.8515625
188,86830.6,86913.0,86830.6,86846.2,7789.0,83982.296875,6711.25,6711.25,77271.046875,0.0,77271.046875
189,86839.2,86842.7,86651.1,86659.8,12443.0,84031.2890625,7150.30029296875,7150.2998046875,76880.98876953125,0.00048828125,76880.9892578125
190,86672.6,86716.7,86653.2,86716.7,4318.0,84102.6015625,7255.05029296875,7255.0498046875,76847.55126953125,0.00048828125,76847.5517578125
191,86721.4,86721.4,86618.2,86643.8,3803.0,84154.75,7283.35009765625,7283.35009765625,76871.39990234375,0.0,76871.39990234375
192,86646.7,86660.6,86403.9,86496.2,24834.0,84194.8671875,8180.39990234375,8180.39990234375,76014.46728515625,0.0,76014.46728515625
193,86500.8,86584.7,86418.7,86453.0,17044.0,84246.4765625,8660.150390625,8660.150390625,75586.326171875,0.0,75586.326171875
194,86455.9,86497.4,86401.9,86444.9,7346.0,84281.6171875,8723.1005859375,8723.099609375,75558.5166015625,0.0009765625,75558.517578125
195,86440.1,86555.3,86408.2,86526.5,4643.0,84288.0859375,8757.400390625,8757.400390625,75530.685546875,0.0,75530.685546875
196,86526.5,86618.0,86492.5,86541.7,8116.0,84284.796875,8978.5498046875,8978.5498046875,75306.2470703125,0.0,75306.2470703125
197,86535.9,86535.9,86402.0,86402.1,4754.0,84252.1875,9050.7998046875,9050.7998046875,75201.3876953125,0.0,75201.3876953125
198,86410.8,86438.8,86176.2,86180.7,17726.0,84217.6640625,9800.9501953125,9800.9501953125,74416.7138671875,0.0,74416.7138671875
199,86180.7,86411.4,86180.7,86403.0,18165.0,84167.3046875,10487.25,10487.25,73680.0546875,0.0,73680.0546875
200,86403.7,86516.5,86308.2,86516.5,9042.0,84123.109375,10850.4501953125,10850.4501953125,73272.6591796875,0.0,73272.6591796875
201,86520.8,86776.4,86520.8,86756.3,28362.0,84078.9609375,12132.6005859375,12132.599609375,71946.3603515625,0.0009765625,71946.361328125
202,86747.8,86747.8,86580.5,86610.5,10924.0,84029.4921875,12276.2001953125,12276.2001953125,71753.2919921875,0.0,71753.2919921875
203,86610.4,86780.8,86590.9,86748.0,15765.0,83997.3515625,12795.400390625,12795.400390625,71201.951171875,0.0,71201.951171875
204,86748.0,86786.9,86667.8,86706.6,4021.0,83944.2109375,12692.25,12692.25,71251.9609375,0.0,71251.9609375
205,86703.3,86798.4,86669.7,86731.1,5333.0,83908.6015625,12189.2001953125,12189.2001953125,71719.4013671875,0.0,71719.4013671875
206,86722.3,86722.3,86635.2,86676.4,11247.0,83843.296875,11060.5498046875,11060.5498046875,72782.7470703125,0.0,72782.7470703125
207,86694.1,86698.7,86556.8,86579.7,4820.0,83733.2890625,11024.75,11024.75,72708.5390625,0.0,72708.5390625
208,86571.2,86596.5,86552.1,86578.7,3897.0,83640.7890625,10830.150390625,10830.150390625,72810.638671875,0.0,72810.638671875
209,86574.5,86660.9,86495.6,86495.6,9383.0,83567.9921875,10677.150390625,10677.150390625,72890.841796875,0.0,72890.841796875
210,86495.8,86508.7,86253.3,86398.1,9546.0,83467.8515625,10938.5498046875,10938.5498046875,72529.3017578125,0.0,72529.3017578125
211,86398.1,86542.0,86398.1,86528.6,8732.0,83399.7734375,11185.0,11185.0,72214.7734375,0.0,72214.7734375
212,86531.9,86568.2,86352.6,86352.8,9250.0,83342.9296875,10405.7998046875,10405.7998046875,72937.1298828125,0.0,72937.1298828125
213,86377.2,86444.9,86317.1,86433.1,8618.0,83309.8359375,9984.5,9984.5,73325.3359375,0.0,73325.3359375
214,86428.1,86534.8,86383.7,86524.9,4693.0,83325.484375,9851.8505859375,9851.849609375,73473.6337890625,0.0009765625,73473.634765625
215,86525.0,86670.4,86509.6,86589.1,7676.0,83362.25,10003.5,10003.5,73358.75,0.0,73358.75
216,86578.0,86640.7,86530.3,86562.6,5424.0,83405.34375,9868.900390625,9868.900390625,73536.443359375,0.0,73536.443359375
217,86559.3,86609.8,86391.6,86395.6,13155.0,83485.6953125,10288.9501953125,10288.9501953125,73196.7451171875,0.0,73196.7451171875
218,86404.0,86468.1,86379.2,86466.4,3063.0,83566.78125,9555.7998046875,9555.7998046875,74010.9814453125,0.0,74010.9814453125
219,86466.4,86488.8,86301.9,86347.8,9455.0,83676.0546875,9120.2998046875,9120.2998046875,74555.7548828125,0.0,74555.7548828125
220,86357.6,86492.7,86353.3,86484.3,4486.0,83791.859375,8892.5,8892.5,74899.359375,0.0,74899.359375
221,86475.5,86483.5,86409.6,86432.5,7786.0,83886.5546875,7863.7001953125,7863.7001953125,76022.8544921875,0.0,76022.8544921875
222,86432.5,86488.2,86357.0,86447.1,5794.0,84014.2109375,7607.2001953125,7607.2001953125,76407.0107421875,0.0,76407.0107421875
223,86438.5,86438.5,86282.0,86331.4,7853.0,84122.8671875,7211.60009765625,7211.60009765625,76911.26708984375,0.0,76911.26708984375
224,86328.9,86352.0,85852.6,85882.9,137327.0,84244.640625,13876.900390625,13876.900390625,70367.740234375,0.0,70367.740234375
225,85887.1,86099.9,85852.2,86006.9,21941.0,84366.53125,14707.2998046875,14707.2998046875,69659.2314453125,0.0,69659.2314453125
226,86007.0,86190.6,86007.0,86186.3,11137.0,84463.671875,14701.7998046875,14701.7998046875,69761.8720703125,0.0,69761.8720703125
227,86187.5,86250.8,86051.9,86138.2,10003.0,84578.7109375,14960.9501953125,14960.9501953125,69617.7607421875,0.0,69617.7607421875
228,86153.7,86259.6,86135.6,86209.9,8193.0,84651.4921875,15175.75,15175.75,69475.7421875,0.0,69475.7421875
229,86209.9,86234.3,86131.4,86162.9,4426.0,84687.734375,14927.900390625,14927.900390625,69759.833984375,0.0,69759.833984375
230,86167.4,86250.8,86140.2,86152.9,9285.0,84710.0546875,14914.8505859375,14914.849609375,69795.2041015625,0.0009765625,69795.205078125
231,86169.3,86169.3,85990.9,86043.0,9036.0,84696.6640625,14930.0498046875,14930.0498046875,69766.6142578125,0.0,69766.6142578125
232,86033.5,86036.6,85656.5,85703.8,56064.0,84702.0078125,17270.75,17270.75,67431.2578125,0.0,67431.2578125
233,85703.9,85852.2,85703.9,85767.8,27207.0,84716.7109375,18200.201171875,18200.19921875,66516.509765625,0.001953125,66516.51171875
234,85762.0,85850.4,85727.8,85815.1,7963.0,84703.3046875,18363.701171875,18363.69921875,66339.603515625,0.001953125,66339.60546875
235,85832.0,85832.0,85600.1,85702.0,20876.0,84689.8671875,19023.701171875,19023.69921875,65666.166015625,0.001953125,65666.16796875
236,85701.9,85803.3,85600.1,85627.9,31337.0,84666.8984375,20319.349609375,20319.349609375,64347.548828125,0.0,64347.548828125
237,85624.6,85683.4,85558.8,85574.3,29383.0,84648.078125,21130.75,21130.75,63517.328125,0.0,63517.328125
238,85574.0,85631.1,85473.9,85502.9,21038.0,84628.828125,22029.5,22029.5,62599.328125,0.0,62599.328125
239,85529.6,85593.1,85345.5,85439.8,37207.0,84591.4140625,23417.099609375,23417.099609375,61174.314453125,0.0,61174.314453125
240,85439.7,85659.3,85427.1,85647.1,10836.0,84558.5390625,23734.599609375,23734.599609375,60823.939453125,0.0,60823.939453125
241,85625.5,85680.6,85510.3,85680.6,6731.0,84535.4296875,23681.849609375,23681.849609375,60853.580078125,0.0,60853.580078125
242,85680.5,85680.9,85575.1,85613.4,6608.0,84490.6484375,23722.55078125,23722.55078125,60768.09765625,0.0,60768.09765625
243,85626.1,85699.9,85549.1,85575.0,10137.0,84462.25,23836.75,23836.75,60625.5,0.0,60625.5
244,85598.0,85715.5,85572.4,85672.9,7328.0,84446.5859375,17336.80078125,17336.80078125,67109.78515625,0.0,67109.78515625
245,85673.0,85999.4,85673.0,85932.5,15574.0,84426.6484375,17018.451171875,17018.44921875,67408.197265625,0.001953125,67408.19921875
246,85934.9,86054.4,85926.3,85992.9,11959.0,84413.7109375,17059.55078125,17059.55078125,67354.16015625,0.0,67354.16015625
247,86000.8,86040.4,85902.2,85936.9,8689.0,84411.3203125,16993.849609375,16993.849609375,67417.470703125,0.0,67417.470703125
248,85937.8,86035.6,85926.0,86014.1,10299.0,84412.5625,17099.150390625,17099.150390625,67313.412109375,0.0,67313.412109375
249,86025.2,86025.2,85833.7,85839.4,5731.0,84436.4921875,17164.400390625,17164.400390625,67272.091796875,0.0,67272.091796875
250,85839.5,85941.5,85839.4,85930.4,4302.0,84461.1796875,16915.25,16915.25,67545.9296875,0.0,67545.9296875
251,85921.9,85930.2,85830.6,85879.7,6486.0,84495.9296875,16787.75,16787.75,67708.1796875,0.0,67708.1796875
252,85896.6,85930.0,85835.3,85912.9,4643.0,84535.6796875,14216.7001953125,14216.7001953125,70318.9794921875,0.0,70318.9794921875
253,85912.0,85912.0,85813.0,85827.0,2945.0,84528.703125,13003.6005859375,13003.599609375,71525.1025390625,0.0009765625,71525.103515625
254,85829.2,85829.2,85720.1,85774.1,4394.0,84524.765625,12825.150390625,12825.150390625,71699.615234375,0.0,71699.615234375
255,85783.3,85943.9,85783.3,85942.9,5970.0,84490.6171875,12079.8505859375,12079.849609375,72410.7666015625,0.0009765625,72410.767578125
256,85925.4,85974.4,85701.9,85718.3,10857.0,84453.0,11055.8505859375,11055.849609375,73397.1494140625,0.0009765625,73397.150390625
257,85718.3,85718.7,85533.6,85565.1,10773.0,84388.8203125,10125.3505859375,10125.349609375,74263.4697265625,0.0009765625,74263.470703125
258,85565.1,85646.5,85544.6,85624.6,4371.0,84334.8828125,9292.0,9292.0,75042.8828125,0.0,75042.8828125
259,85624.7,85642.1,85466.0,85526.5,10898.0,84312.8671875,7976.55029296875,7976.5498046875,76336.31689453125,0.00048828125,76336.3173828125
260,85510.1,85640.6,85480.2,85621.2,6778.0,84287.6171875,7773.64990234375,7773.64990234375,76513.96728515625,0.0,76513.96728515625
261,85621.2,85773.2,85621.2,85727.2,7407.0,84286.2109375,7807.4501953125,7807.4501953125,76478.7607421875,0.0,76478.7607421875
262,85729.2,85785.5,85703.8,85785.5,9769.0,84279.7421875,7965.5,7965.5,76314.2421875,0.0,76314.2421875
263,85785.6,85804.4,85650.4,85658.2,8415.0,84277.7578125,7879.39990234375,7879.39990234375,76398.35791015625,0.0,76398.35791015625
264,85657.3,85657.3,85495.8,85533.1,4775.0,84257.1875,7751.75,7751.75,76505.4375,0.0,76505.4375
265,85534.1,85579.5,85432.9,85462.1,9237.0,84240.953125,7434.89990234375,7434.89990234375,76806.05322265625,0.0,76806.05322265625
266,85469.8,85567.3,85445.9,85535.4,10767.0,84238.2890625,7375.30029296875,7375.2998046875,76862.98876953125,0.00048828125,76862.9892578125
267,85533.0,85579.6,85487.1,85487.2,2838.0,84217.5,7082.75,7082.75,77134.75,0.0,77134.75
268,85481.1,85625.0,85474.8,85612.1,6635.0,84239.0234375,6899.55029296875,6899.5498046875,77339.47314453125,0.00048828125,77339.4736328125
269,85604.5,85711.2,85604.5,85687.9,6297.0,84266.7890625,6927.85009765625,6927.85009765625,77338.93896484375,0.0,77338.93896484375
270,85687.5,85792.8,85609.7,85792.8,6186.0,84310.6875,7022.05029296875,7022.0498046875,77288.63720703125,0.00048828125,77288.6376953125
271,85800.0,85853.5,85674.6,85701.6,7363.0,84361.4375,7065.89990234375,7065.89990234375,77295.53759765625,0.0,77295.53759765625
272,85704.4,85796.4,85675.8,85759.0,4660.0,84412.2578125,7066.75,7066.75,77345.5078125,0.0,77345.5078125
273,85759.1,85772.3,85654.9,85654.9,4528.0,84481.03125,7145.89990234375,7145.89990234375,77335.13134765625,0.0,77335.13134765625
274,85663.4,85663.4,85579.3,85613.0,4202.0,84541.96875,7136.30029296875,7136.2998046875,77405.66845703125,0.00048828125,77405.6689453125
275,85617.9,85650.0,85577.4,85630.5,2748.0,84606.7890625,6975.2001953125,6975.2001953125,77631.5888671875,0.0,77631.5888671875
276,85642.8,85944.7,85642.2,85944.6,6701.0,84689.3046875,6767.39990234375,6767.39990234375,77921.90478515625,0.0,77921.90478515625
277,85933.7,85994.8,85778.8,85800.3,9326.0,84771.0390625,6695.05029296875,6695.0498046875,78075.98876953125,0.00048828125,78075.9892578125
278,85794.2,85898.8,85778.1,85867.2,8023.0,84843.375,6877.64990234375,6877.64990234375,77965.72509765625,0.0,77965.72509765625
279,85855.5,85914.1,85800.5,85871.9,6588.0,84889.9453125,6662.14990234375,6662.14990234375,78227.79541015625,0.0,78227.79541015625
280,85866.2,86031.3,85852.7,85988.0,11707.0,84919.6640625,6908.60009765625,6908.60009765625,78011.06396484375,0.0,78011.06396484375
281,85988.0,86090.0,85977.8,86068.3,5521.0,84934.2734375,6814.30029296875,6814.2998046875,78119.97314453125,0.00048828125,78119.9736328125
282,86062.7,86078.8,86009.1,86047.9,4429.0,84936.90625,6547.30029296875,6547.2998046875,78389.60595703125,0.00048828125,78389.6064453125
283,86058.4,86129.3,86037.8,86071.8,4974.0,84931.65625,6375.25,6375.25,78556.40625,0.0,78556.40625
284,86067.5,86108.6,86045.0,86058.0,3915.0,84936.390625,6332.25,6332.25,78604.140625,0.0,78604.140625
285,86058.0,86125.1,86053.1,86063.0,4532.0,84936.7734375,6097.0,6097.0,78839.7734375,0.0,78839.7734375
286,86062.2,86062.2,85998.7,85998.7,2655.0,84930.9375,5691.39990234375,5691.39990234375,79239.53759765625,0.0,79239.53759765625
287,85999.1,86071.6,85999.0,86045.6,4464.0,84925.7890625,5772.7001953125,5772.7001953125,79153.0888671875,0.0,79153.0888671875
288,86053.5,86057.0,85921.6,85951.1,5981.0,85083.96875,5740.0,5740.0,79343.96875,0.0,79343.96875
289,85957.7,85994.0,85936.4,85974.5,3532.0,85222.734375,5601.75,5601.75,79620.984375,0.0,79620.984375
290,85967.0,85997.2,85936.1,85997.2,6763.0,85355.4296875,5630.60009765625,5630.60009765625,79724.82958984375,0.0,79724.82958984375
291,85997.2,86001.5,85941.1,85958.6,3057.0,85474.78125,5415.30029296875,5415.2998046875,80059.48095703125,0.00048828125,80059.4814453125
292,85971.0,86022.3,85971.0,85995.9,4989.0,85581.703125,5431.75,5431.75,80149.953125,0.0,80149.953125
293,85983.3,85996.5,85935.9,85962.2,5489.0,85680.2890625,5479.80029296875,5479.7998046875,80200.48876953125,0.00048828125,80200.4892578125
294,85966.3,85986.7,85891.4,85922.4,8574.0,85777.6171875,5698.39990234375,5698.39990234375,80079.21728515625,0.0,80079.21728515625
295,85918.2,85984.1,85918.2,85975.6,6319.0,85864.984375,5876.9501953125,5876.9501953125,79988.0341796875,0.0,79988.0341796875
296,85962.7,85986.5,85945.6,85961.5,4096.0,85952.7265625,5746.7001953125,5746.7001953125,80206.0263671875,0.0,80206.0263671875
297,85962.6,86028.1,85961.3,86020.9,4533.0,86036.0234375,5507.05029296875,5507.0498046875,80528.97314453125,0.00048828125,80528.9736328125
298,86019.2,86020.8,85968.5,85968.5,2496.0,86118.5703125,5230.7001953125,5230.7001953125,80887.8701171875,0.0,80887.8701171875
299,85964.2,85964.2,85817.3,85832.3,3535.0,86196.0390625,5078.05029296875,5078.0498046875,81117.98876953125,0.00048828125,81117.9892578125
300,85817.3,85865.2,85798.6,85861.3,10066.0,86301.1484375,4996.0,4996.0,81305.1484375,0.0,81305.1484375
301,85863.3,85863.3,85794.8,85802.0,9386.0,86411.296875,5189.25,5189.25,81222.046875,0.0,81222.046875
302,85800.1,85864.7,85765.8,85810.0,5590.0,86553.671875,5247.30029296875,5247.2998046875,81306.37158203125,0.00048828125,81306.3720703125
303,85810.1,85859.5,85810.1,85828.0,3362.0,86701.6171875,5166.7001953125,5166.7001953125,81534.9169921875,0.0,81534.9169921875
304,85822.3,85860.8,85822.1,85831.6,5387.0,86831.4609375,5240.30029296875,5240.2998046875,81591.16064453125,0.00048828125,81591.1611328125
305,85822.8,85888.9,85697.6,85697.6,6473.0,86968.15625,5337.35009765625,5337.35009765625,81630.80615234375,0.0,81630.80615234375
306,85695.3,85766.4,85656.3,85766.1,10213.0,87105.53125,5715.25,5715.25,81390.28125,0.0,81390.28125
307,85766.5,85852.0,85671.8,85693.6,3404.0,87263.9609375,5662.25,5662.25,81601.7109375,0.0,81601.7109375
308,85702.2,85723.8,85620.9,85622.9,5585.0,87226.953125,5642.4501953125,5642.4501953125,81584.5029296875,0.0,81584.5029296875
309,85644.7,85647.0,85622.9,85623.0,3111.0,87209.375,5621.39990234375,5621.39990234375,81587.97509765625,0.0,81587.97509765625
310,85631.0,85665.0,85631.0,85636.9,4084.0,87197.015625,5487.4501953125,5487.4501953125,81709.5654296875,0.0,81709.5654296875
311,85636.1,85707.5,85636.1,85703.2,4418.0,87181.7109375,5555.5,5555.5,81626.2109375,0.0,81626.2109375
312,85707.8,85771.7,85707.8,85711.1,2704.0,87175.0859375,5441.25,5441.25,81733.8359375,0.0,81733.8359375
313,85711.1,85769.9,85687.0,85752.4,4256.0,87178.0390625,5379.60009765625,5379.60009765625,81798.43896484375,0.0,81798.43896484375
314,85748.2,85823.4,85698.3,85698.3,4213.0,87172.8203125,5161.55029296875,5161.5498046875,82011.27001953125,0.00048828125,82011.2705078125
315,85698.2,85706.7,85631.2,85631.2,4632.0,87181.515625,5077.2001953125,5077.2001953125,82104.3154296875,0.0,82104.3154296875
316,85632.3,85754.7,85625.5,85739.9,3221.0,87190.90625,5033.4501953125,5033.4501953125,82157.4560546875,0.0,82157.4560546875
317,85747.2,85816.0,85691.2,85715.2,4803.0,87209.8828125,5046.9501953125,5046.9501953125,82162.9326171875,0.0,82162.9326171875
318,85722.2,85737.1,85632.0,85659.7,3118.0,87226.6015625,5078.05029296875,5078.0498046875,82148.55126953125,0.00048828125,82148.5517578125
319,85661.6,85687.8,85644.3,85668.9,5380.0,87251.6328125,5170.30029296875,5170.2998046875,82081.33251953125,0.00048828125,82081.3330078125
320,85664.7,85768.7,85664.7,85768.7,3704.0,87270.109375,4852.2001953125,4852.2001953125,82417.9091796875,0.0,82417.9091796875
321,85775.8,85825.9,85674.0,85674.0,4334.0,87278.9453125,4599.60009765625,4599.60009765625,82679.34521484375,0.0,82679.34521484375
322,85661.1,85722.1,85629.1,85722.1,3253.0,87266.8203125,4482.75,4482.75,82784.0703125,0.0,82784.0703125
323,85718.0,85751.9,85661.0,85667.1,3712.0,87252.7890625,4500.25,4500.25,82752.5390625,0.0,82752.5390625
324,85667.1,85696.1,85603.6,85696.1,4164.0,87243.9609375,4439.10009765625,4439.10009765625,82804.86083984375,0.0,82804.86083984375
325,85682.4,85804.0,85669.9,85767.0,16307.0,87221.1484375,4930.80029296875,4930.7998046875,82290.34814453125,0.00048828125,82290.3486328125
326,85759.8,85850.0,85747.8,85850.0,3203.0,87184.7890625,4580.30029296875,4580.2998046875,82604.48876953125,0.00048828125,82604.4892578125
327,85854.0,85901.0,85835.9,85835.9,3468.0,87130.3671875,4583.5,4583.5,82546.8671875,0.0,82546.8671875
328,85832.3,85889.4,85832.3,85889.4,4198.0,87104.75,4514.14990234375,4514.14990234375,82590.60009765625,0.0,82590.60009765625
329,85890.3,85902.1,85825.9,85852.1,3332.0,87069.4296875,4525.2001953125,4525.2001953125,82544.2294921875,0.0,82544.2294921875
330,85852.1,85930.9,85852.1,85878.5,3155.0,87026.078125,4478.75,4478.75,82547.328125,0.0,82547.328125
331,85874.2,85874.2,85692.2,85700.0,4425.0,86986.3203125,4479.10009765625,4479.10009765625,82507.22021484375,0.0,82507.22021484375
332,85699.9,85699.9,85474.5,85474.5,8504.0,86936.7578125,4769.10009765625,4769.10009765625,82167.65771484375,0.0,82167.65771484375
333,85473.9,85526.3,85420.3,85486.2,9694.0,86881.5,5041.0,5041.0,81840.5,0.0,81840.5
334,85501.5,85604.9,85480.8,85572.9,10546.0,86814.8984375,5357.64990234375,5357.64990234375,81457.24853515625,0.0,81457.24853515625
335,85568.5,85583.0,85450.0,85493.9,6985.0,86741.140625,5475.30029296875,5475.2998046875,81265.84033203125,0.00048828125,81265.8408203125
336,85489.0,85582.8,85474.2,85555.8,32121.0,86661.6015625,6920.30029296875,6920.2998046875,79741.30126953125,0.00048828125,79741.3017578125
337,85555.7,85555.7,85450.0,85476.3,4223.0,86596.578125,6891.30029296875,6891.2998046875,79705.27783203125,0.00048828125,79705.2783203125
338,85480.4,85523.9,85469.1,85472.7,7586.0,86531.46875,7114.7001953125,7114.7001953125,79416.7685546875,0.0,79416.7685546875
339,85469.1,85523.7,85427.6,85442.0,8565.0,86455.8828125,7273.9501953125,7273.9501953125,79181.9326171875,0.0,79181.9326171875
340,85442.0,85567.2,85442.0,85514.8,5399.0,86376.234375,7358.7001953125,7358.7001953125,79017.5341796875,0.0,79017.5341796875
341,85512.3,85561.3,85399.6,85561.3,6553.0,86298.484375,7469.64990234375,7469.64990234375,78828.83447265625,0.0,78828.83447265625
342,85553.0,85729.4,85524.2,85654.8,5704.0,86229.484375,7592.2001953125,7592.2001953125,78637.2841796875,0.0,78637.2841796875
343,85654.9,85931.1,85654.9,85913.5,16924.0,86169.9609375,8252.7998046875,8252.7998046875,77917.1611328125,0.0,77917.1611328125
344,85914.5,86012.0,85878.8,85878.8,10279.0,86125.9609375,8558.5498046875,8558.5498046875,77567.4111328125,0.0,77567.4111328125
345,85883.0,85996.5,85883.0,85948.5,6728.0,86083.5234375,8079.60009765625,8079.60009765625,78003.92333984375,0.0,78003.92333984375
346,85950.9,85979.7,85879.3,85879.3,3159.0,86057.9921875,8077.39990234375,8077.39990234375,77980.59228515625,0.0,77980.59228515625
347,85875.2,85875.2,85723.7,85741.6,6791.0,86035.625,8243.5498046875,8243.5498046875,77792.0751953125,0.0,77792.0751953125
348,85745.6,85828.9,85745.6,85783.2,3525.0,85989.3203125,8209.900390625,8209.900390625,77779.419921875,0.0,77779.419921875
349,85762.6,85807.2,85753.7,85778.3,2848.0,85938.625,8185.7001953125,8185.7001953125,77752.9248046875,0.0,77752.9248046875
350,85768.1,85816.5,85768.1,85816.5,4345.0,85903.0703125,8245.2001953125,8245.2001953125,77657.8701171875,0.0,77657.8701171875
351,85816.6,85888.1,85804.1,85871.0,3167.0,85863.0234375,8182.30029296875,8182.2998046875,77680.72314453125,0.00048828125,77680.7236328125
352,85863.5,85912.7,85846.6,85887.0,7238.0,85830.2265625,8119.0,8119.0,77711.2265625,0.0,77711.2265625
353,85889.3,85957.3,85854.7,85957.3,2948.0,85813.6171875,7781.7001953125,7781.7001953125,78031.9169921875,0.0,78031.9169921875
354,85957.2,86040.2,85954.5,86032.3,5187.0,85801.34375,7513.75,7513.75,78287.59375,0.0,78287.59375
355,86032.3,86077.6,86003.0,86058.2,4787.0,85797.8671875,7403.85009765625,7403.85009765625,78394.01708984375,0.0,78394.01708984375
356,86056.2,86121.1,86056.1,86056.2,4706.0,85812.6953125,6033.10009765625,6033.10009765625,79779.59521484375,0.0,79779.59521484375
357,86067.6,86115.4,86056.1,86056.1,3744.0,85801.796875,6009.14990234375,6009.14990234375,79792.64697265625,0.0,79792.64697265625
358,86056.0,86056.0,85994.5,86026.6,2311.0,85812.34375,5745.39990234375,5745.39990234375,80066.94384765625,0.0,80066.94384765625
359,86026.5,86060.7,86012.3,86059.4,3384.0,85833.2734375,5486.35009765625,5486.35009765625,80346.92333984375,0.0,80346.92333984375
360,86052.5,86089.3,86026.7,86087.3,3147.0,85856.3046875,5373.75,5373.75,80482.5546875,0.0,80482.5546875
361,86087.2,86164.4,86012.3,86022.5,4912.0,85877.2578125,5291.7001953125,5291.7001953125,80585.5576171875,0.0,80585.5576171875
362,86015.4,86086.4,85968.9,86082.1,4110.0,85905.125,5212.0,5212.0,80693.125,0.0,80693.125
363,86062.7,86078.7,86027.4,86062.1,2589.0,85924.875,4495.25,4495.25,81429.625,0.0,81429.625
364,86068.1,86117.8,86020.7,86040.4,3568.0,85934.9296875,4159.7001953125,4159.7001953125,81775.2294921875,0.0,81775.2294921875
365,86040.5,86048.8,85957.1,85980.7,3070.0,85947.9296875,3976.800048828125,3976.800048828125,81971.12963867188,0.0,81971.12963867188
366,85978.0,86169.3,85967.8,86135.8,4361.0,85961.1015625,4036.900146484375,4036.89990234375,81924.20141601562,0.000244140625,81924.20166015625
367,86135.8,86248.1,86031.1,86060.6,6480.0,85958.7890625,4021.35009765625,4021.35009765625,81937.43896484375,0.0,81937.43896484375
368,86056.3,86067.4,86014.9,86014.9,2417.0,85977.015625,3965.949951171875,3965.949951171875,82011.06567382812,0.0,82011.06567382812
369,86010.6,86130.3,86010.6,86121.1,5066.0,85999.0546875,4076.85009765625,4076.85009765625,81922.20458984375,0.0,81922.20458984375
370,86116.7,86126.7,86075.7,86095.0,4595.0,86013.265625,4089.35009765625,4089.35009765625,81923.91552734375,0.0,81923.91552734375
371,86092.5,86129.6,86060.8,86069.6,2470.0,86039.7109375,4054.5,4054.5,81985.2109375,0.0,81985.2109375
372,86075.4,86081.5,86056.1,86062.0,5649.0,86058.9921875,3975.050048828125,3975.050048828125,82083.94213867188,0.0,82083.94213867188
373,86056.0,86119.4,86048.2,86119.4,3238.0,86061.4765625,3989.550048828125,3989.550048828125,82071.92651367188,0.0,82071.92651367188
374,86128.0,86220.8,86122.8,86216.6,5249.0,86080.9140625,3992.650146484375,3992.64990234375,82088.26391601562,0.000244140625,82088.26416015625
375,86204.5,86322.9,86183.2,86192.3,9061.0,86093.25,4206.35009765625,4206.35009765625,81886.89990234375,0.0,81886.89990234375
376,86192.2,86192.2,86142.7,86170.0,2753.0,86081.703125,4108.7001953125,4108.7001953125,81973.0029296875,0.0,81973.0029296875
377,86182.3,86340.0,86182.3,86301.2,7937.0,86074.21875,4318.35009765625,4318.35009765625,81755.86865234375,0.0,81755.86865234375
378,86305.9,86338.2,86290.0,86290.0,3039.0,86058.8046875,4354.75,4354.75,81704.0546875,0.0,81704.0546875
379,86286.2,86309.2,86236.0,86258.9,5341.0,86038.9453125,4452.60009765625,4452.60009765625,81586.34521484375,0.0,81586.34521484375
380,86257.3,86338.3,86244.4,86303.6,3256.0,86019.546875,4458.05029296875,4458.0498046875,81561.49658203125,0.00048828125,81561.4970703125
381,86303.6,86309.6,86250.7,86302.4,2599.0,85999.1796875,4342.39990234375,4342.39990234375,81656.77978515625,0.0,81656.77978515625
382,86303.6,86344.9,86277.8,86340.4,4060.0,85971.0,4339.89990234375,4339.89990234375,81631.10009765625,0.0,81631.10009765625
383,86338.3,86344.8,86258.4,86286.1,3108.0,85936.7734375,4365.85009765625,4365.85009765625,81570.92333984375,0.0,81570.92333984375
384,86286.4,86309.7,86252.1,86309.7,2156.0,85904.59375,4295.25,4295.25,81609.34375,0.0,81609.34375
385,86314.0,86344.9,86299.6,86344.9,3074.0,85868.25,4295.4501953125,4295.4501953125,81572.7998046875,0.0,81572.7998046875
386,86344.8,86344.8,86286.7,86324.9,5096.0,85832.5078125,4332.2001953125,4332.2001953125,81500.3076171875,0.0,81500.3076171875
387,86334.8,86338.0,86254.7,86263.5,5631.0,85812.2734375,4289.75,4289.75,81522.5234375,0.0,81522.5234375
388,86267.7,86292.5,86240.0,86256.2,2701.0,85767.6796875,4303.9501953125,4303.9501953125,81463.7294921875,0.0,81463.7294921875
389,86254.1,86254.1,86193.9,86207.5,2405.0,85728.0234375,4170.89990234375,4170.89990234375,81557.12353515625,0.0,81557.12353515625
390,86207.6,86266.1,86207.6,86266.1,6706.0,85604.0,4276.4501953125,4276.4501953125,81327.5498046875,0.0,81327.5498046875
391,86267.1,86301.8,86220.0,86237.4,3000.0,85500.5234375,4302.9501953125,4302.9501953125,81197.5732421875,0.0,81197.5732421875
392,86238.3,86307.1,86219.1,86219.1,4243.0,85419.4609375,4232.64990234375,4232.64990234375,81186.81103515625,0.0,81186.81103515625
393,86217.2,86256.4,86160.5,86238.5,3859.0,85320.0,4263.7001953125,4263.7001953125,81056.2998046875,0.0,81056.2998046875
394,86242.7,86250.0,86205.0,86214.2,3779.0,85222.6484375,4190.2001953125,4190.2001953125,81032.4482421875,0.0,81032.4482421875
395,86205.6,86205.6,86062.1,86062.1,8078.0,85139.359375,4141.05029296875,4141.0498046875,80998.30908203125,0.00048828125,80998.3095703125
396,86062.1,86067.8,86017.3,86036.8,5860.0,85042.0234375,4296.39990234375,4296.39990234375,80745.62353515625,0.0,80745.62353515625
397,86033.7,86033.7,85869.9,85932.9,9270.0,84974.1328125,4363.05029296875,4363.0498046875,80611.08251953125,0.00048828125,80611.0830078125
398,85932.5,85949.1,85905.2,85905.2,2510.0,84919.3203125,4336.60009765625,4336.60009765625,80582.72021484375,0.0,80582.72021484375
399,85902.4,85918.0,85846.1,85853.2,5250.0,84861.15625,4332.05029296875,4332.0498046875,80529.10595703125,0.00048828125,80529.1064453125
400,85864.9,85889.3,85829.6,85867.5,2686.0,84806.34375,4303.55029296875,4303.5498046875,80502.79345703125,0.00048828125,80502.7939453125
401,85855.7,85940.4,85855.7,85928.9,6484.0,84735.3125,4497.80029296875,4497.7998046875,80237.51220703125,0.00048828125,80237.5126953125
402,85926.0,85937.7,85894.7,85927.0,2066.0,84665.3671875,4398.10009765625,4398.10009765625,80267.26708984375,0.0,80267.26708984375
403,85928.6,86085.2,85894.1,86085.2,17823.0,84588.7265625,5133.85009765625,5133.85009765625,79454.87646484375,0.0,79454.87646484375
404,86085.1,86225.3,86025.6,86058.2,69246.0,84499.09375,8488.3505859375,8488.349609375,76010.7431640625,0.0009765625,76010.744140625
405,86058.2,86058.2,85965.0,85970.3,4219.0,84417.234375,8545.6005859375,8545.599609375,75871.6337890625,0.0009765625,75871.634765625
406,85969.8,86053.8,85968.7,86053.8,2784.0,84331.515625,8430.0,8430.0,75901.515625,0.0,75901.515625
407,86054.0,86116.5,86018.3,86113.2,1520.0,84242.5078125,8224.4501953125,8224.4501953125,76018.0576171875,0.0,76018.0576171875
408,86112.1,86142.0,86038.7,86071.7,3330.0,84175.3359375,8255.900390625,8255.900390625,75919.435546875,0.0,75919.435546875
409,86071.6,86087.8,86033.8,86065.8,3745.0,84097.1015625,8322.900390625,8322.900390625,75774.201171875,0.0,75774.201171875
410,86070.7,86154.0,86070.7,86154.0,2658.0,84101.59375,8120.5,8120.5,75981.09375,0.0,75981.09375
411,86158.8,86187.3,86136.3,86136.3,1825.0,84078.3203125,8061.75,8061.75,76016.5703125,0.0,76016.5703125
412,86136.1,86157.2,86093.9,86127.3,2414.0,84025.21875,7970.30029296875,7970.2998046875,76054.91845703125,0.00048828125,76054.9189453125
413,86123.1,86146.9,86092.1,86096.5,2241.0,83987.28125,7889.39990234375,7889.39990234375,76097.88134765625,0.0,76097.88134765625
414,86107.5,86107.5,86049.8,86084.9,3268.0,83934.1875,7863.85009765625,7863.85009765625,76070.33740234375,0.0,76070.33740234375
415,86070.8,86144.4,86070.8,86139.5,1926.0,83868.4296875,7556.25,7556.25,76312.1796875,0.0,76312.1796875
416,86139.4,86208.2,86112.7,86112.7,2857.0,83810.46875,7406.10009765625,7406.10009765625,76404.36865234375,0.0,76404.36865234375
417,86129.9,86198.7,86124.3,86198.7,2111.0,83725.8515625,7048.14990234375,7048.14990234375,76677.70166015625,0.0,76677.70166015625
418,86200.0,86219.3,86138.3,86138.3,2441.0,83608.34375,7044.7001953125,7044.7001953125,76563.6435546875,0.0,76563.6435546875
419,86135.0,86216.6,86133.7,86188.1,3033.0,83502.625,6933.85009765625,6933.85009765625,76568.77490234375,0.0,76568.77490234375
420,86192.4,86234.1,86161.2,86211.7,3270.0,83369.6796875,6963.05029296875,6963.0498046875,76406.62939453125,0.00048828125,76406.6298828125
421,86211.6,86254.0,86118.7,86118.7,3784.0,83261.546875,6828.05029296875,6828.0498046875,76433.49658203125,0.00048828125,76433.4970703125
422,86120.6,86120.6,85981.3,86023.5,3653.0,83160.7421875,6907.39990234375,6907.39990234375,76253.34228515625,0.0,76253.34228515625
423,86038.5,86096.8,86002.0,86002.0,4179.0,83060.0390625,6225.2001953125,6225.2001953125,76834.8388671875,0.0,76834.8388671875
424,85999.1,86081.7,85999.1,86061.1,2863.0,82976.171875,2906.050048828125,2906.050048828125,80070.12182617188,0.0,80070.12182617188
425,86060.1,86084.1,86005.2,86012.3,3312.0,82885.7890625,2860.699951171875,2860.699951171875,80025.08911132812,0.0,80025.08911132812
426,86012.4,86124.6,85990.8,86002.0,5335.0,82830.3671875,2988.25,2988.25,79842.1171875,0.0,79842.1171875
427,85997.7,86007.1,85951.4,85959.4,2851.0,82785.7734375,3054.800048828125,3054.800048828125,79730.97338867188,0.0,79730.97338867188
428,85959.3,85959.3,85800.9,85849.9,5078.0,82715.4765625,3142.199951171875,3142.199951171875,79573.27661132812,0.0,79573.27661132812
429,85857.6,85951.9,85857.6,85947.3,1962.0,82657.5,3053.050048828125,3053.050048828125,79604.44995117188,0.0,79604.44995117188
430,85956.3,86015.1,85938.5,85938.6,5221.0,82609.984375,3181.199951171875,3181.199951171875,79428.78442382812,0.0,79428.78442382812
431,85932.1,85932.1,85836.9,85881.4,6432.0,82566.7109375,3411.550048828125,3411.550048828125,79155.16088867188,0.0,79155.16088867188
432,85891.7,86089.3,85891.7,85985.1,7549.0,82545.2890625,3668.300048828125,3668.300048828125,78876.98901367188,0.0,78876.98901367188
433,85991.3,86020.3,85972.0,85972.0,3266.0,82552.65625,3719.550048828125,3719.550048828125,78833.10620117188,0.0,78833.10620117188
434,85966.9,85993.7,85933.9,85973.8,3496.0,82559.3203125,3730.949951171875,3730.949951171875,78828.37036132812,0.0,78828.37036132812
435,85961.0,85970.4,85883.3,85888.5,3662.0,82569.34375,3817.75,3817.75,78751.59375,0.0,78751.59375
436,85888.0,85888.0,85852.1,85869.9,2574.0,82593.5859375,3803.60009765625,3803.60009765625,78789.98583984375,0.0,78789.98583984375
437,85861.3,85874.5,85800.0,85845.3,2784.0,82611.921875,3837.25,3837.25,78774.671875,0.0,78774.671875
438,85850.4,85866.5,85758.0,85774.0,10196.0,82645.5859375,4225.0,4225.0,78420.5859375,0.0,78420.5859375
439,85770.5,85770.5,85695.5,85742.7,8930.0,82661.890625,4519.85009765625,4519.85009765625,78142.04052734375,0.0,78142.04052734375
440,85742.6,85742.6,85650.0,85692.3,5327.0,82690.7578125,4622.7001953125,4622.7001953125,78068.0576171875,0.0,78068.0576171875
441,85692.3,85763.5,85692.3,85763.5,3544.0,82704.65625,4610.7001953125,4610.7001953125,78093.9560546875,0.0,78093.9560546875
442,85763.4,85831.0,85748.6,85819.0,4699.0,82708.3515625,4663.0,4663.0,78045.3515625,0.0,78045.3515625
443,85823.3,85843.9,85761.2,85765.4,4608.0,82722.1484375,4684.4501953125,4684.4501953125,78037.6982421875,0.0,78037.6982421875
444,85765.3,85780.9,85723.6,85729.4,3187.0,82730.0,4700.64990234375,4700.64990234375,78029.35009765625,0.0,78029.35009765625
445,85727.3,85764.0,85685.6,85692.1,5761.0,82730.8671875,4823.10009765625,4823.10009765625,77907.76708984375,0.0,77907.76708984375
446,85691.1,85804.9,85654.5,85783.9,3678.0,82714.7265625,4740.25,4740.25,77974.4765625,0.0,77974.4765625
447,85784.8,85822.1,85700.1,85700.1,5072.0,82674.2734375,4851.30029296875,4851.2998046875,77822.97314453125,0.00048828125,77822.9736328125
448,85700.0,85700.0,85650.0,85657.6,3991.0,82603.109375,4796.9501953125,4796.9501953125,77806.1591796875,0.0,77806.1591796875
449,85657.6,85657.6,85601.1,85619.1,7419.0,82522.7734375,5069.80029296875,5069.7998046875,77452.97314453125,0.00048828125,77452.9736328125
450,85619.6,85649.6,85600.0,85600.0,3742.0,82474.8359375,4995.85009765625,4995.85009765625,77478.98583984375,0.0,77478.98583984375
451,85600.0,85667.6,85600.0,85655.6,2979.0,82483.1796875,4823.2001953125,4823.2001953125,77659.9794921875,0.0,77659.9794921875
452,85641.1,85641.1,85606.0,85606.0,3229.0,82486.3359375,4607.2001953125,4607.2001953125,77879.1357421875,0.0,77879.1357421875
453,85600.0,85710.8,85588.3,85681.6,8372.0,82478.359375,4862.5,4862.5,77615.859375,0.0,77615.859375
454,85677.5,85732.0,85669.1,85717.2,3388.0,82501.8984375,4857.10009765625,4857.10009765625,77644.79833984375,0.0,77644.79833984375
455,85713.0,85839.8,85713.0,85747.9,13622.0,82516.296875,5355.10009765625,5355.10009765625,77161.19677734375,0.0,77161.19677734375
456,85755.1,85777.9,85710.1,85727.9,4033.0,82523.2890625,5428.05029296875,5428.0498046875,77095.23876953125,0.00048828125,77095.2392578125
457,85714.0,85727.9,85639.6,85686.6,4296.0,82568.953125,5503.64990234375,5503.64990234375,77065.30322265625,0.0,77065.30322265625
458,85687.3,85687.3,85548.0,85615.8,5345.0,82612.8203125,5261.10009765625,5261.10009765625,77351.72021484375,0.0,77351.72021484375
459,85613.0,85663.5,85533.1,85663.5,7573.0,82686.359375,5193.25,5193.25,77493.109375,0.0,77493.109375
460,85666.8,85782.0,85618.0,85618.0,8897.0,82747.609375,5371.75,5371.75,77375.859375,0.0,77375.859375
461,85621.1,85630.4,85570.6,85627.3,3147.0,82801.5078125,5351.89990234375,5351.89990234375,77449.60791015625,0.0,77449.60791015625
462,85635.8,85697.5,85627.4,85655.6,3532.0,82862.1015625,5293.55029296875,5293.5498046875,77568.55126953125,0.00048828125,77568.5517578125
463,85652.8,85659.1,85604.3,85659.1,4554.0,82941.296875,5290.85009765625,5290.85009765625,77650.44677734375,0.0,77650.44677734375
464,85669.4,85729.7,85650.1,85672.0,3026.0,83031.2734375,5282.80029296875,5282.7998046875,77748.47314453125,0.00048828125,77748.4736328125
465,85663.3,85706.7,85610.2,85610.2,5217.0,83143.828125,5255.60009765625,5255.60009765625,77888.22802734375,0.0,77888.22802734375
466,85608.2,85635.8,85570.2,85622.3,3904.0,83238.2109375,5266.89990234375,5266.89990234375,77971.31103515625,0.0,77971.31103515625
467,85629.1,85700.6,85614.6,85677.6,4544.0,83348.7578125,5240.5,5240.5,78108.2578125,0.0,78108.2578125
468,85677.6,85714.4,85666.9,85705.9,2819.0,83487.515625,5181.89990234375,5181.89990234375,78305.61572265625,0.0,78305.61572265625
469,85705.9,85723.0,85666.1,85666.3,2148.0,83649.3671875,4918.35009765625,4918.35009765625,78731.01708984375,0.0,78731.01708984375
470,85666.2,85703.8,85638.3,85682.5,3588.0,83754.8359375,4910.64990234375,4910.64990234375,78844.18603515625,0.0,78844.18603515625
471,85680.5,85730.5,85654.1,85696.0,4799.0,83787.2265625,5001.64990234375,5001.64990234375,78785.57666015625,0.0,78785.57666015625
472,85689.5,85709.4,85627.8,85627.8,5447.0,83826.875,5112.55029296875,5112.5498046875,78714.32470703125,0.00048828125,78714.3251953125
473,85625.0,85655.8,85555.5,85559.8,4459.0,83852.59375,4916.89990234375,4916.89990234375,78935.69384765625,0.0,78935.69384765625
474,85564.9,85657.3,85564.9,85618.3,5351.0,83914.1484375,5015.05029296875,5015.0498046875,78899.09814453125,0.00048828125,78899.0986328125
475,85617.3,85669.2,85602.1,85648.0,2294.0,84002.265625,4448.64990234375,4448.64990234375,79553.61572265625,0.0,79553.61572265625
476,85647.9,85647.9,85543.9,85583.7,4378.0,84085.7109375,4465.89990234375,4465.89990234375,79619.81103515625,0.0,79619.81103515625
477,85586.0,85586.0,85548.5,85573.6,3724.0,84124.9140625,4437.30029296875,4437.2998046875,79687.61376953125,0.00048828125,79687.6142578125
478,85573.0,85629.0,85552.6,85624.7,6905.0,84204.484375,4515.30029296875,4515.2998046875,79689.18408203125,0.00048828125,79689.1845703125
479,85624.7,85624.7,85566.8,85578.8,4323.0,84251.4921875,4352.80029296875,4352.7998046875,79898.69189453125,0.00048828125,79898.6923828125
480,85576.0,85636.0,85562.7,85631.7,6170.0,84292.7421875,4216.4501953125,4216.4501953125,80076.2919921875,0.0,80076.2919921875
481,85615.4,85650.7,85588.0,85604.5,5528.0,84343.0859375,4335.5,4335.5,80007.5859375,0.0,80007.5859375
482,85604.4,85608.2,85542.0,85590.6,11641.0,84379.3359375,4740.9501953125,4740.9501953125,79638.3857421875,0.0,79638.3857421875
483,85590.6,85656.1,85501.2,85629.1,8618.0,84392.5859375,4944.14990234375,4944.14990234375,79448.43603515625,0.0,79448.43603515625
484,85619.6,85666.1,85604.8,85666.1,11701.0,84388.34375,5377.89990234375,5377.89990234375,79010.44384765625,0.0,79010.44384765625
485,85680.0,85762.5,85631.2,85631.2,19912.0,84355.734375,6112.64990234375,6112.64990234375,78243.08447265625,0.0,78243.08447265625
486,85630.2,85630.2,85558.1,85577.5,8144.0,84322.7421875,6324.64990234375,6324.64990234375,77998.09228515625,0.0,77998.09228515625
487,85599.6,85620.5,85485.0,85518.3,4472.0,84269.7734375,6321.05029296875,6321.0498046875,77948.72314453125,0.00048828125,77948.7236328125
488,85520.4,85536.4,85455.1,85462.1,3761.0,84237.953125,6368.14990234375,6368.14990234375,77869.80322265625,0.0,77869.80322265625
489,85469.1,85527.2,85457.5,85527.2,5913.0,84194.5546875,6556.39990234375,6556.39990234375,77638.15478515625,0.0,77638.15478515625
490,85516.7,85541.7,85474.8,85499.5,4240.0,84156.0625,6589.0,6589.0,77567.0625,0.0,77567.0625
491,85499.5,85512.8,85477.6,85496.9,3884.0,84123.3984375,6543.25,6543.25,77580.1484375,0.0,77580.1484375
492,85496.9,85516.1,85487.7,85516.1,2319.0,84070.2109375,6386.85009765625,6386.85009765625,77683.36083984375,0.0,77683.36083984375
493,85512.7,85536.2,85505.6,85509.6,2976.0,84031.5859375,6312.7001953125,6312.7001953125,77718.8857421875,0.0,77718.8857421875
494,85514.9,85535.1,85438.1,85513.3,7962.0,83938.9609375,6443.25,6443.25,77495.7109375,0.0,77495.7109375
495,85521.4,85528.7,85482.0,85504.2,7172.0,83824.2578125,6687.14990234375,6687.14990234375,77137.10791015625,0.0,77137.10791015625
496,85504.1,85504.1,85387.9,85458.0,18297.0,83733.0859375,7383.10009765625,7383.10009765625,76349.98583984375,0.0,76349.98583984375
497,85447.9,85491.8,85408.0,85417.6,5314.0,83663.7421875,7462.60009765625,7462.60009765625,76201.14208984375,0.0,76201.14208984375
498,85429.0,85483.7,85403.2,85461.9,2438.0,83554.7109375,7239.25,7239.25,76315.4609375,0.0,76315.4609375
499,85461.9,85513.3,85409.2,85414.0,2979.0,83487.0390625,7172.05029296875,7172.0498046875,76314.98876953125,0.00048828125,76314.9892578125
500,85408.2,85408.2,85161.3,85164.3,39030.0,83427.8984375,8815.0498046875,8815.0498046875,74612.8486328125,0.0,74612.8486328125
501,85160.1,85331.3,85155.4,85173.1,30477.0,83396.96875,10062.5,10062.5,73334.46875,0.0,73334.46875
502,85168.9,85258.7,85168.9,85220.2,7878.0,83410.078125,9874.3505859375,9874.349609375,73535.7275390625,0.0009765625,73535.728515625
503,85235.2,85317.8,85183.1,85287.0,7815.0,83446.8359375,9834.2001953125,9834.2001953125,73612.6357421875,0.0,73612.6357421875
504,85289.0,85333.4,85262.8,85309.2,6174.0,83493.4296875,9557.8505859375,9557.849609375,73935.5791015625,0.0009765625,73935.580078125
505,85313.5,85363.1,85289.8,85333.1,5400.0,83582.0546875,8832.25,8832.25,74749.8046875,0.0,74749.8046875
506,85333.0,85333.0,85271.7,85271.7,2489.0,83662.8671875,8549.5,8549.5,75113.3671875,0.0,75113.3671875
507,85271.8,85323.1,85250.0,85312.8,4338.0,83776.0859375,8542.7998046875,8542.7998046875,75233.2861328125,0.0,75233.2861328125
508,85314.8,85351.5,85282.4,85288.7,2753.0,83883.359375,8492.400390625,8492.400390625,75390.958984375,0.0,75390.958984375
509,85294.6,85294.6,85197.3,85197.3,11465.0,83978.046875,8770.0,8770.0,75208.046875,0.0,75208.046875
510,85208.0,85302.4,85180.7,85225.4,21586.0,84094.2421875,9637.2998046875,9637.2998046875,74456.9423828125,0.0,74456.9423828125
511,85233.8,85245.6,85111.1,85164.5,18436.0,84209.2109375,10364.900390625,10364.900390625,73844.310546875,0.0,73844.310546875
512,85156.0,85156.0,84600.0,84823.2,231593.0,84330.9921875,21828.599609375,21828.599609375,62502.392578125,0.0,62502.392578125
513,84823.2,84845.1,83173.2,83177.4,590196.0,84452.1015625,51189.6015625,51189.6015625,33262.5,0.0,33262.5
514,83177.4,83627.0,81277.3,83373.4,754291.0,84551.2734375,88506.0546875,88506.046875,3954.78125,0.0078125,3954.7734375
515,83371.8,83867.6,83225.0,83770.1,179103.0,84661.4296875,97102.6015625,97102.6015625,12441.171875,0.0,12441.171875
516,83761.6,83783.0,83156.9,83492.3,111964.0,84725.2109375,101785.953125,101785.953125,17060.7421875,0.0,17060.7421875
517,83492.3,84050.5,83441.5,83955.1,58244.0,84769.1015625,104432.453125,104432.453125,19663.3515625,0.0,19663.3515625
518,83955.3,84024.7,83683.2,83978.0,66531.0,84790.4375,107637.1015625,107637.1015625,22846.6640625,0.0,22846.6640625
519,83986.2,84147.0,83954.7,84055.5,37277.0,84778.2265625,109352.0,109352.0,24573.7734375,0.0,24573.7734375
520,84058.4,84486.0,83945.4,84261.5,47252.0,84789.9453125,109763.1015625,109763.1015625,24973.15625,0.0,24973.15625
521,84261.4,84480.4,84261.4,84371.1,38379.0,84801.2421875,110158.203125,110158.203125,25356.9609375,0.0,25356.9609375
522,84371.2,84436.2,84079.0,84251.8,25485.0,84790.7265625,111038.5546875,111038.546875,26247.828125,0.0078125,26247.8203125
523,84251.8,84439.8,84130.6,84414.2,33484.0,84772.1796875,112322.0,112322.0,27549.8203125,0.0,27549.8203125
524,84413.2,84460.5,84326.4,84340.9,25856.0,84748.7734375,113306.1015625,113306.1015625,28557.328125,0.0,28557.328125
525,84340.9,84366.2,84005.9,84104.9,21710.0,84729.3203125,114121.6015625,114121.6015625,29392.28125,0.0,29392.28125
526,84104.8,84108.3,83916.0,83972.3,26099.0,84706.5234375,115302.1015625,115302.1015625,30595.578125,0.0,30595.578125
527,83972.3,84125.8,83823.2,84004.7,42567.0,84665.9375,117213.5546875,117213.546875,32547.6171875,0.0078125,32547.609375
528,84000.4,84076.4,83764.7,83946.5,24317.0,84632.0703125,118291.75,118291.75,33659.6796875,0.0,33659.6796875
529,83948.4,83962.7,83800.6,83923.2,12939.0,84612.6640625,118365.453125,118365.453125,33752.7890625,0.0,33752.7890625
530,83923.3,84363.1,83896.8,84276.2,35765.0,84569.1953125,119074.3984375,119074.3984375,34505.203125,0.0,34505.203125
531,84271.9,84271.9,84119.9,84125.6,8578.0,84543.484375,118581.5,118581.5,34038.015625,0.0,34038.015625
532,84125.6,84214.1,84125.6,84201.1,7444.0,84531.1796875,107374.0546875,107374.046875,22842.875,0.0078125,22842.8671875
533,84206.6,84230.6,83950.7,84025.7,13118.0,84509.6484375,78520.1484375,78520.1484375,5989.5,0.0,5989.5
534,84025.6,84046.8,83888.0,83892.8,13711.0,84496.0859375,41491.15234375,41491.1484375,43004.93359375,0.00390625,43004.9375
535,83892.9,83942.0,83773.1,83924.9,18049.0,84491.3984375,33438.44921875,33438.44921875,51052.94921875,0.0,51052.94921875
536,83930.0,84106.7,83911.3,84093.5,17280.0,84493.8828125,28704.25,28704.25,55789.6328125,0.0,55789.6328125
537,84093.5,84106.8,83890.5,83890.5,12428.0,84507.8671875,26413.451171875,26413.44921875,58094.416015625,0.001953125,58094.41796875
538,83890.5,84011.9,83836.9,84000.0,12719.0,84533.8359375,23722.849609375,23722.849609375,60810.986328125,0.0,60810.986328125
539,83999.9,84104.6,83965.8,84031.3,23635.0,84568.7734375,23040.75,23040.75,61528.0234375,0.0,61528.0234375
540,84027.0,84062.7,83935.3,83956.4,10085.0,84602.1484375,21182.400390625,21182.400390625,63419.748046875,0.0,63419.748046875
541,83954.4,84113.1,83954.4,84077.6,8905.0,84593.3046875,19708.701171875,19708.69921875,64884.603515625,0.001953125,64884.60546875
542,84071.4,84106.1,83906.4,83943.9,8605.0,84588.015625,18864.701171875,18864.69921875,65723.314453125,0.001953125,65723.31640625
543,83943.9,83977.6,83786.0,83829.0,14854.0,84554.2734375,17933.201171875,17933.19921875,66621.072265625,0.001953125,66621.07421875
544,83828.9,83834.2,83682.8,83769.5,25721.0,84513.3515625,17926.451171875,17926.44921875,66586.900390625,0.001953125,66586.90234375
545,83753.6,84164.5,83737.6,84164.5,19937.0,84441.5234375,17837.80078125,17837.80078125,66603.72265625,0.0,66603.72265625
546,84166.5,84403.6,84152.8,84233.0,27365.0,84389.0703125,17901.099609375,17901.099609375,66487.970703125,0.0,66487.970703125
547,84222.5,84290.3,84123.7,84247.0,19768.0,84367.1796875,16761.150390625,16761.150390625,67606.029296875,0.0,67606.029296875
548,84248.0,84306.9,84207.2,84235.9,8087.0,84342.2421875,15949.650390625,15949.650390625,68392.591796875,0.0,68392.591796875
549,84229.8,84299.8,84133.2,84277.6,6664.0,84333.1796875,15635.900390625,15635.900390625,68697.279296875,0.0,68697.279296875
550,84276.6,84300.0,84145.9,84204.3,6741.0,84328.15625,14184.7001953125,14184.7001953125,70143.4560546875,0.0,70143.4560546875
551,84197.3,84496.8,84197.3,84421.5,10103.0,84322.2734375,14260.9501953125,14260.9501953125,70061.3232421875,0.0,70061.3232421875
552,84412.1,84619.0,84398.1,84521.6,14509.0,84299.9609375,14614.2001953125,14614.2001953125,69685.7607421875,0.0,69685.7607421875
553,84521.1,84690.3,84521.1,84637.8,8961.0,84282.359375,14406.3505859375,14406.349609375,69876.0087890625,0.0009765625,69876.009765625
554,84628.4,84635.7,84452.7,84481.3,14046.0,84279.5546875,14423.1005859375,14423.099609375,69856.4541015625,0.0009765625,69856.455078125
555,84493.9,84667.9,84477.9,84667.9,7251.0,84264.3046875,13883.2001953125,13883.2001953125,70381.1044921875,0.0,70381.1044921875
556,84675.9,84698.7,84520.8,84541.7,10289.0,84284.9140625,13533.650390625,13533.650390625,70751.263671875,0.0,70751.263671875
557,84550.2,84617.9,84520.8,84568.8,10589.0,84312.1796875,13441.7001953125,13441.7001953125,70870.4794921875,0.0,70870.4794921875
558,84573.0,84583.0,84431.4,84437.8,19801.0,84352.2734375,13795.7998046875,13795.7998046875,70556.4736328125,0.0,70556.4736328125
559,84437.8,84500.3,84329.1,84345.4,20059.0,84404.390625,13617.0,13617.0,70787.390625,0.0,70787.390625
560,84345.5,84547.8,84322.4,84523.8,12934.0,84455.2109375,13759.4501953125,13759.4501953125,70695.7607421875,0.0,70695.7607421875
561,84512.0,84575.5,84351.8,84454.9,17389.0,84524.828125,14183.650390625,14183.650390625,70341.177734375,0.0,70341.177734375
562,84463.3,84559.9,84418.1,84488.0,6071.0,84581.90625,14056.9501953125,14056.9501953125,70524.9560546875,0.0,70524.9560546875
563,84483.7,84575.3,84410.1,84568.3,16707.0,84645.7109375,14149.6005859375,14149.599609375,70496.1103515625,0.0009765625,70496.111328125
564,84566.0,84633.5,84500.0,84500.1,6184.0,84728.234375,13172.75,13172.75,71555.484375,0.0,71555.484375
565,84505.0,84508.1,84367.5,84380.3,5297.0,84810.796875,12440.75,12440.75,72370.046875,0.0,72370.046875
566,84380.2,84382.3,84259.6,84263.9,13940.0,84882.515625,11769.5,11769.5,73113.015625,0.0,73113.015625
567,84267.2,84388.4,84245.3,84335.2,13017.0,84931.265625,11431.9501953125,11431.9501953125,73499.3154296875,0.0,73499.3154296875
568,84333.1,84359.2,84254.9,84281.2,5456.0,84962.90625,11300.400390625,11300.400390625,73662.505859375,0.0,73662.505859375
569,84299.1,84302.4,84183.8,84222.4,6337.0,84976.0625,11284.0498046875,11284.0498046875,73692.0126953125,0.0,73692.0126953125
570,84218.2,84288.9,84185.7,84259.6,17105.0,84973.078125,11802.25,11802.25,73170.828125,0.0,73170.828125
571,84256.1,84401.5,84256.1,84368.0,3991.0,84970.0078125,11496.650390625,11496.650390625,73473.357421875,0.0,73473.357421875
572,84356.6,84422.5,84348.0,84416.0,3753.0,84977.828125,10958.8505859375,10958.849609375,74018.9775390625,0.0009765625,74018.978515625
573,84412.6,84423.2,84229.5,84233.8,7003.0,84979.1171875,10860.9501953125,10860.9501953125,74118.1669921875,0.0,74118.1669921875
574,84241.4,84258.3,84025.8,84087.2,20531.0,84972.3203125,11185.2001953125,11185.2001953125,73787.1201171875,0.0,73787.1201171875
575,84092.5,84117.3,83974.2,84081.9,12807.0,84963.875,11463.0,11463.0,73500.875,0.0,73500.875
576,84074.3,84074.3,83921.5,83966.6,11815.0,85116.25,11539.2998046875,11539.2998046875,73576.9501953125,0.0,73576.9501953125
577,83961.5,84018.2,83932.4,83996.5,7262.0,85247.9453125,11372.9501953125,11372.9501953125,73874.9951171875,0.0,73874.9951171875
578,83990.5,84098.4,83954.6,84026.7,16272.0,85374.765625,11196.5,11196.5,74178.265625,0.0,74178.265625
579,84031.0,84091.9,83981.0,83997.6,4046.0,85486.359375,10395.8505859375,10395.849609375,75090.5087890625,0.0009765625,75090.509765625
580,83996.6,83996.6,83856.6,83871.3,10885.0,85586.4765625,10293.400390625,10293.400390625,75293.076171875,0.0,75293.076171875
581,83862.0,83979.0,83819.5,83926.6,18306.0,85680.2421875,10339.25,10339.25,75340.9921875,0.0,75340.9921875
582,83926.6,83954.9,83751.1,83780.1,10925.0,85772.3515625,10581.9501953125,10581.9501953125,75190.4013671875,0.0,75190.4013671875
583,83780.9,83881.9,83754.6,83777.5,17305.0,85851.578125,10611.8505859375,10611.849609375,75239.7275390625,0.0009765625,75239.728515625
584,83779.5,83873.5,83750.0,83805.9,31807.0,85935.1171875,11893.0,11893.0,74042.1171875,0.0,74042.1171875
585,83796.8,83874.7,83724.6,83741.9,29439.0,86009.5,13100.1005859375,13100.099609375,72909.3994140625,0.0009765625,72909.400390625
586,83742.0,83828.0,83732.8,83768.1,8394.0,86086.0859375,12822.7998046875,12822.7998046875,73263.2861328125,0.0,73263.2861328125
587,83770.4,83983.2,83770.4,83963.1,9143.0,86154.7734375,12629.1005859375,12629.099609375,73525.6728515625,0.0009765625,73525.673828125
588,83963.1,83990.8,83844.3,83872.8,6328.0,86245.0703125,12672.7001953125,12672.7001953125,73572.3701171875,0.0,73572.3701171875
589,83864.7,83890.0,83728.7,83728.7,8651.0,86348.703125,12788.400390625,12788.400390625,73560.302734375,0.0,73560.302734375
590,83724.6,83753.9,83626.6,83653.1,15237.0,86482.9921875,12695.0,12695.0,73787.9921875,0.0,73787.9921875
591,83675.5,83764.3,83633.8,83699.0,17326.0,86613.9921875,13361.75,13361.75,73252.2421875,0.0,73252.2421875
592,83691.8,83697.5,83576.0,83692.0,14180.0,86735.0625,13883.1005859375,13883.099609375,72851.9619140625,0.0009765625,72851.962890625
593,83700.4,83828.0,83700.4,83768.1,20744.0,86866.8671875,14570.150390625,14570.150390625,72296.716796875,0.0,72296.716796875
594,83774.0,83820.8,83635.4,83701.0,9920.0,86998.46875,14039.6005859375,14039.599609375,72958.8681640625,0.0009765625,72958.869140625
595,83695.9,83786.6,83679.7,83783.8,10010.0,87146.6796875,13899.75,13899.75,73246.9296875,0.0,73246.9296875
596,83788.0,83862.9,83781.0,83817.1,13303.0,87109.9609375,13974.150390625,13974.150390625,73135.810546875,0.0,73135.810546875
597,83817.2,83858.6,83785.7,83799.7,6080.0,87093.8984375,13915.0498046875,13915.0498046875,73178.8486328125,0.0,73178.8486328125
598,83799.7,83824.4,83707.4,83715.0,7485.0,87083.5859375,13475.7001953125,13475.7001953125,73607.8857421875,0.0,73607.8857421875
599,83715.0,83733.2,83636.1,83636.1,6127.0,87069.9765625,13579.75,13579.75,73490.2265625,0.0,73490.2265625
600,83636.1,83795.2,83636.1,83779.9,4312.0,87064.140625,13251.1005859375,13251.099609375,73813.0400390625,0.0009765625,73813.041015625
601,83786.9,83894.1,83751.7,83868.9,21353.0,87065.0390625,13403.4501953125,13403.4501953125,73661.5888671875,0.0,73661.5888671875
602,83864.7,83915.9,83809.1,83887.5,8606.0,87059.9375,13287.5,13287.5,73772.4375,0.0,73772.4375
603,83887.4,83939.8,83877.6,83920.3,3860.0,87066.546875,12615.25,12615.25,74451.296875,0.0,74451.296875
604,83924.6,83989.8,83863.2,83921.5,6033.0,87070.4921875,11326.5498046875,11326.5498046875,75743.9423828125,0.0,75743.9423828125
605,83922.5,83976.3,83825.6,83833.7,6568.0,87091.2890625,10183.0,10183.0,76908.2890625,0.0,76908.2890625
606,83833.7,83873.5,83730.9,83853.3,9538.0,87110.6171875,10240.2001953125,10240.2001953125,76870.4169921875,0.0,76870.4169921875
607,83863.5,83867.6,83690.1,83711.3,9399.0,87136.6015625,10253.0,10253.0,76883.6015625,0.0,76883.6015625
608,83705.2,83764.7,83688.8,83724.5,6364.0,87161.1484375,10254.7998046875,10254.7998046875,76906.3486328125,0.0,76906.3486328125
609,83722.3,83730.0,83650.2,83656.4,5595.0,87169.0703125,10102.0,10102.0,77067.0703125,0.0,77067.0703125
610,83652.4,83737.5,83580.0,83737.5,9843.0,87162.890625,9832.2998046875,9832.2998046875,77330.5908203125,0.0,77330.5908203125
611,83749.4,83902.4,83749.4,83829.3,23824.0,87154.5078125,10157.2001953125,10157.2001953125,76997.3076171875,0.0,76997.3076171875
612,83840.7,83880.9,83738.1,83790.5,7625.0,87147.0625,9829.4501953125,9829.4501953125,77317.6123046875,0.0,77317.6123046875
613,83782.5,83786.6,83653.4,83706.2,9009.0,87117.890625,9242.7001953125,9242.7001953125,77875.1904296875,0.0,77875.1904296875
614,83693.7,83716.8,83686.1,83706.8,4030.0,87081.9765625,8948.2001953125,8948.2001953125,78133.7763671875,0.0,78133.7763671875
615,83703.1,83773.7,83700.3,83723.0,4499.0,87023.703125,8672.650390625,8672.650390625,78351.052734375,0.0,78351.052734375
616,83728.8,83766.6,83605.2,83614.7,5211.0,86997.3046875,8268.0498046875,8268.0498046875,78729.2548828125,0.0,78729.2548828125
617,83619.8,83712.5,83605.4,83707.3,5081.0,86957.0625,8218.1005859375,8218.099609375,78738.9619140625,0.0009765625,78738.962890625
618,83707.2,83715.0,83605.6,83625.1,5532.0,86909.984375,8120.4501953125,8120.4501953125,78789.5341796875,0.0,78789.5341796875
619,83632.5,83681.5,83608.1,83633.7,2527.0,86863.7734375,7940.4501953125,7940.4501953125,78923.3232421875,0.0,78923.3232421875
620,83641.5,83675.1,83404.8,83509.7,28966.0,86795.25,9173.150390625,9173.150390625,77622.099609375,0.0,77622.099609375
621,83511.7,83610.5,83364.6,83364.7,13554.0,86740.875,8783.2001953125,8783.2001953125,77957.6748046875,0.0,77957.6748046875
622,83363.6,83493.4,83313.0,83425.7,7002.0,86673.25,8703.0,8703.0,77970.25,0.0,77970.25
623,83425.8,83497.8,83352.9,83358.4,21014.0,86596.296875,9560.7001953125,9560.7001953125,77035.5966796875,0.0,77035.5966796875
624,83361.2,83398.6,83304.6,83324.3,14907.0,86519.25,10004.400390625,10004.400390625,76514.849609375,0.0,76514.849609375
625,83324.3,83355.3,83284.7,83334.3,8920.0,86450.8984375,10122.0,10122.0,76328.8984375,0.0,76328.8984375
626,83346.7,83346.7,83150.8,83181.1,41793.0,86382.84375,11734.75,11734.75,74648.09375,0.0,74648.09375
627,83174.1,83320.8,83146.9,83226.1,12694.0,86302.796875,11899.5,11899.5,74403.296875,0.0,74403.296875
628,83218.3,83238.8,83062.5,83062.5,21836.0,86217.6875,12673.1005859375,12673.099609375,73544.5869140625,0.0009765625,73544.587890625
629,83058.7,83203.9,83058.7,83076.1,23222.0,86140.3359375,13554.4501953125,13554.4501953125,72585.8857421875,0.0,72585.8857421875
630,83074.2,83231.8,83050.5,83069.4,17291.0,86069.125,13926.8505859375,13926.849609375,72142.2744140625,0.0009765625,72142.275390625
631,83049.5,83095.4,82865.7,83040.7,43387.0,86007.3828125,14905.0,14905.0,71102.3828125,0.0,71102.3828125
632,83036.6,83045.0,82700.0,82806.5,37530.0,85962.8671875,16400.25,16400.25,69562.6171875,0.0,69562.6171875
633,82778.9,82940.5,82747.1,82860.2,18664.0,85927.1328125,16883.0,16883.0,69044.1328125,0.0,69044.1328125
634,82869.4,82985.0,82860.8,82870.9,23699.0,85901.609375,17866.451171875,17866.44921875,68035.158203125,0.001953125,68035.16015625
635,82871.0,82984.9,82840.1,82974.5,20211.0,85883.4296875,18652.05078125,18652.05078125,67231.37890625,0.0,67231.37890625
636,82974.5,82985.0,82827.6,82841.9,11346.0,85841.1484375,18958.80078125,18958.80078125,66882.34765625,0.0,66882.34765625
637,82838.6,82953.3,82804.1,82953.3,21336.0,85797.5234375,19771.55078125,19771.55078125,66025.97265625,0.0,66025.97265625
638,82949.2,82957.2,82736.6,82741.6,11185.0,85763.2421875,20054.201171875,20054.19921875,65709.041015625,0.001953125,65709.04296875
639,82737.0,82789.5,82602.4,82686.1,33922.0,85730.3671875,21623.951171875,21623.94921875,64106.416015625,0.001953125,64106.41796875
640,82686.0,82729.9,82603.4,82682.8,20981.0,85717.9140625,21224.701171875,21224.69921875,64493.212890625,0.001953125,64493.21484375
641,82685.0,82700.0,82518.0,82532.8,19045.0,85702.640625,21499.25,21499.25,64203.390625,0.0,64203.390625
642,82541.0,82616.6,82480.1,82572.2,18141.0,85690.2890625,22056.201171875,22056.19921875,63634.087890625,0.001953125,63634.08984375
643,82576.3,82596.8,82478.2,82495.0,14079.0,85694.390625,21709.451171875,21709.44921875,63984.939453125,0.001953125,63984.94140625
644,82495.1,82675.0,82495.1,82648.4,27026.0,85709.7109375,22315.400390625,22315.400390625,63394.310546875,0.0,63394.310546875
645,82648.4,82684.7,82571.7,82624.2,46050.0,85705.7109375,24171.900390625,24171.900390625,61533.810546875,0.0,61533.810546875
646,82630.4,82670.6,82578.5,82657.8,14204.0,85717.4296875,22792.451171875,22792.44921875,62924.978515625,0.001953125,62924.98046875
647,82653.8,82725.3,82600.2,82725.3,12563.0,85744.7421875,22785.900390625,22785.900390625,62958.841796875,0.0,62958.841796875
648,82725.3,82757.9,82582.5,82603.3,8666.0,85770.9921875,22127.400390625,22127.400390625,63643.591796875,0.0,63643.591796875
649,82606.3,82607.3,82472.6,82538.4,9220.0,85791.3046875,21427.30078125,21427.30078125,64364.00390625,0.0,64364.00390625
650,82546.8,82599.2,82477.9,82514.0,6482.0,85818.4765625,20886.849609375,20886.849609375,64931.626953125,0.0,64931.626953125
651,82509.9,82590.9,82500.1,82500.1,18087.0,85840.2421875,19621.849609375,19621.849609375,66218.392578125,0.0,66218.392578125
652,82500.0,82500.1,82280.0,82280.0,18549.0,85850.59375,18672.80078125,18672.80078125,67177.79296875,0.0,67177.79296875
653,82275.9,82344.9,82234.6,82257.7,21916.0,85863.4765625,18835.400390625,18835.400390625,67028.076171875,0.0,67028.076171875
654,82248.8,82285.7,82125.3,82149.0,14685.0,85879.15625,18384.701171875,18384.69921875,67494.455078125,0.001953125,67494.45703125
655,82144.8,82267.9,82116.5,82208.8,12339.0,85880.59375,17991.099609375,17991.099609375,67889.494140625,0.0,67889.494140625
656,82210.8,82518.0,82210.8,82497.1,30776.0,85890.7734375,18962.599609375,18962.599609375,66928.173828125,0.0,66928.173828125
657,82497.4,82506.8,82390.0,82453.9,12146.0,85911.3125,18503.099609375,18503.099609375,67408.212890625,0.0,67408.212890625
658,82453.8,82478.6,82349.3,82387.6,7323.0,85928.8984375,18310.0,18310.0,67618.8984375,0.0,67618.8984375
659,82385.9,82385.9,82201.4,82217.5,10488.0,85953.3671875,17138.30078125,17138.30078125,68815.06640625,0.0,68815.06640625
660,82216.4,82231.7,82112.2,82176.2,12266.0,85973.140625,16702.55078125,16702.55078125,69270.58984375,0.0,69270.58984375
661,82178.3,82200.4,82111.0,82161.7,16371.0,85974.7265625,16568.849609375,16568.849609375,69405.876953125,0.0,69405.876953125
662,82168.0,82261.1,82020.7,82078.6,15816.0,85997.390625,16452.599609375,16452.599609375,69544.791015625,0.0,69544.791015625
663,82078.5,82089.4,81712.9,81949.0,58374.0,86010.78125,18667.349609375,18667.349609375,67343.431640625,0.0,67343.431640625
664,81948.9,81974.5,81786.1,81935.6,25616.0,86003.0234375,18596.849609375,18596.849609375,67406.173828125,0.0,67406.173828125
665,81943.5,82391.7,81927.3,82061.4,45415.0,85995.390625,18565.099609375,18565.099609375,67430.291015625,0.0,67430.291015625
666,82053.6,82085.5,81905.2,82062.6,16898.0,85981.1171875,18699.80078125,18699.80078125,67281.31640625,0.0,67281.31640625
667,82058.6,82058.6,81802.1,81872.6,21012.0,85957.1640625,19122.25,19122.25,66834.9140625,0.0,66834.9140625
668,81871.0,82140.3,81859.4,82019.9,32565.0,85938.625,20317.201171875,20317.19921875,65621.423828125,0.001953125,65621.42578125
669,82012.6,82139.7,82004.9,82080.5,55937.0,85921.3984375,22653.05078125,22653.05078125,63268.34765625,0.0,63268.34765625
670,82080.3,82443.9,82070.5,82414.7,20236.0,85893.5078125,23340.75,23340.75,62552.7578125,0.0,62552.7578125
671,82408.7,82428.3,82331.5,82382.7,17538.0,85860.046875,23313.30078125,23313.30078125,62546.74609375,0.0,62546.74609375
672,82382.7,82499.9,82309.5,82316.1,21160.0,85827.6796875,23443.849609375,23443.849609375,62383.830078125,0.0,62383.830078125
673,82309.4,82329.3,82107.0,82168.8,13391.0,85790.8671875,23017.599609375,23017.599609375,62773.267578125,0.0,62773.267578125
674,82168.3,82242.3,82082.7,82124.0,23107.0,85752.5234375,23438.701171875,23438.69921875,62313.822265625,0.001953125,62313.82421875
675,82116.1,82140.8,81937.9,81944.2,15948.0,85730.6796875,23619.150390625,23619.150390625,62111.529296875,0.0,62111.529296875
676,81936.1,82077.4,81640.3,82072.8,26241.0,85692.53125,23392.400390625,23392.400390625,62300.130859375,0.0,62300.130859375
677,82080.7,82224.5,81960.7,81975.2,13752.0,85650.7109375,23472.701171875,23472.69921875,62178.009765625,0.001953125,62178.01171875
678,81956.1,82014.3,81770.3,81877.2,9149.0,85412.0859375,23564.0,23564.0,61848.0859375,0.0,61848.0859375
679,81878.3,82077.9,81873.7,82077.8,19767.0,85303.140625,24027.951171875,24027.94921875,61275.189453125,0.001953125,61275.19140625
680,82077.9,82077.9,81864.9,81965.1,12777.0,85219.5,24053.5,24053.5,61166.0,0.0,61166.0
681,81963.2,82231.1,81947.7,82190.6,22895.0,85116.6484375,24379.701171875,24379.69921875,60736.947265625,0.001953125,60736.94921875
682,82190.5,82197.1,81951.4,81964.9,11012.0,85014.3671875,24139.5,24139.5,60874.8671875,0.0,60874.8671875
683,81965.9,82024.8,81934.3,81992.6,15824.0,84927.875,22012.0,22012.0,62915.875,0.0,62915.875
684,81992.6,82196.1,81983.0,82196.1,21470.0,84825.8359375,21804.701171875,21804.69921875,63021.134765625,0.001953125,63021.13671875
685,82196.1,82351.9,82149.2,82305.4,16139.0,84752.4296875,20340.900390625,20340.900390625,64411.529296875,0.0,64411.529296875
686,82307.4,82485.7,82241.3,82291.4,17690.0,84691.609375,20380.5,20380.5,64311.109375,0.0,64311.109375
687,82304.4,82304.4,82120.1,82120.1,16968.0,84631.4140625,20178.30078125,20178.30078125,64453.11328125,0.0,64453.11328125
688,82124.2,82124.2,81959.6,82019.2,13734.0,84573.90625,19236.75,19236.75,65337.15625,0.0,65337.15625
689,82019.4,82082.3,82007.4,82069.3,5797.0,84499.7890625,16729.75,16729.75,67770.0390625,0.0,67770.0390625
690,82069.3,82289.5,82061.1,82246.1,20921.0,84422.828125,16764.0,16764.0,67658.828125,0.0,67658.828125
691,82246.0,82377.9,82227.1,82305.4,10687.0,84343.5390625,16421.451171875,16421.44921875,67922.087890625,0.001953125,67922.08984375
692,82314.6,82468.4,82299.2,82442.9,8486.0,84250.8046875,15787.75,15787.75,68463.0546875,0.0,68463.0546875
693,82444.2,82614.8,82395.6,82568.9,11545.0,84164.3671875,15695.4501953125,15695.4501953125,68468.9169921875,0.0,68468.9169921875
694,82550.4,82712.4,82443.3,82443.3,24783.0,84074.2265625,15779.25,15779.25,68294.9765625,0.0,68294.9765625
695,82446.9,82554.9,82389.0,82530.9,15584.0,83985.5703125,15761.0498046875,15761.0498046875,68224.5205078125,0.0,68224.5205078125
696,82532.6,82616.4,82462.8,82558.3,6799.0,83915.59375,14788.9501953125,14788.9501953125,69126.6435546875,0.0,69126.6435546875
697,82555.0,82710.4,82548.8,82690.3,13435.0,83838.2421875,14773.1005859375,14773.099609375,69065.1416015625,0.0009765625,69065.142578125
698,82690.3,82866.1,82576.7,82834.2,28655.0,83958.6875,15748.400390625,15748.400390625,68210.287109375,0.0,68210.287109375
699,82840.6,82841.4,82689.9,82740.7,9596.0,83941.3515625,15239.8505859375,15239.849609375,68701.5009765625,0.0009765625,68701.501953125
700,82740.8,82922.9,82718.3,82846.4,6538.0,83890.265625,14927.900390625,14927.900390625,68962.365234375,0.0,68962.365234375
701,82846.5,82858.5,82597.3,82629.6,19970.0,83853.1640625,14781.650390625,14781.650390625,69071.513671875,0.0,69071.513671875
702,82648.3,82648.3,82571.7,82593.2,6082.0,83801.8046875,14535.150390625,14535.150390625,69266.654296875,0.0,69266.654296875
703,82594.4,82612.8,82527.2,82583.8,25629.0,83733.6328125,15025.400390625,15025.400390625,68708.232421875,0.0,68708.232421875
704,82583.8,82583.8,82496.2,82543.8,7138.0,83674.25,14308.7998046875,14308.7998046875,69365.4501953125,0.0,69365.4501953125
705,82552.0,82581.1,82539.7,82574.0,4128.0,83591.21875,13708.25,13708.25,69882.96875,0.0,69882.96875
706,82574.9,82609.7,82444.9,82465.3,7259.0,83474.8515625,13186.7001953125,13186.7001953125,70288.1513671875,0.0,70288.1513671875
707,82459.9,82529.5,82450.4,82529.5,10327.0,83368.4609375,12854.650390625,12854.650390625,70513.810546875,0.0,70513.810546875
708,82533.6,82570.5,82487.9,82533.6,5208.0,83232.7734375,12428.3505859375,12428.349609375,70804.4228515625,0.0009765625,70804.423828125
709,82533.6,82570.5,82450.1,82456.7,6170.0,83123.8359375,12447.0,12447.0,70676.8359375,0.0,70676.8359375
710,82456.2,82456.2,82364.6,82452.6,18068.0,83026.6796875,12304.3505859375,12304.349609375,70722.3291015625,0.0009765625,70722.330078125
711,82452.6,82561.7,82420.9,82557.5,6585.0,82921.3203125,12099.25,12099.25,70822.0703125,0.0,70822.0703125
712,82541.0,82732.5,82508.9,82717.9,24146.0,82832.96875,12882.25,12882.25,69950.71875,0.0,69950.71875
713,82721.6,82750.0,82660.9,82749.9,7956.0,82746.8984375,12702.7998046875,12702.7998046875,70044.0986328125,0.0,70044.0986328125
714,82749.9,82766.4,82699.7,82710.1,5273.0,82687.296875,11727.2998046875,11727.2998046875,70959.9970703125,0.0,70959.9970703125
715,82710.1,82807.6,82637.8,82742.8,9795.0,82639.9921875,11437.8505859375,11437.849609375,71202.1416015625,0.0009765625,71202.142578125
716,82739.3,82766.7,82656.8,82656.8,3375.0,82571.6328125,11266.650390625,11266.650390625,71304.982421875,0.0,71304.982421875
717,82656.8,82750.3,82638.5,82728.4,4222.0,82511.625,10806.0,10806.0,71705.625,0.0,71705.625
718,82728.4,82778.4,82721.2,82768.0,5202.0,82462.3046875,9633.3505859375,9633.349609375,72828.9541015625,0.0009765625,72828.955078125
719,82762.0,82815.9,82703.3,82710.1,9929.0,82417.0546875,9650.0,9650.0,72767.0546875,0.0,72767.0546875
720,82713.3,82713.3,82619.2,82675.0,8385.0,82395.3359375,9742.3505859375,9742.349609375,72652.9853515625,0.0009765625,72652.986328125
721,82681.7,82931.5,82680.7,82931.4,15073.0,82400.1796875,9497.5,9497.5,72902.6796875,0.0,72902.6796875
722,82931.5,82957.8,82852.1,82881.5,10984.0,82406.9375,9742.6005859375,9742.599609375,72664.3369140625,0.0009765625,72664.337890625
723,82881.5,82953.2,82841.6,82892.7,11356.0,82419.1796875,9028.9501953125,9028.9501953125,73390.2294921875,0.0,73390.2294921875
724,82896.6,82970.3,82870.1,82941.3,6136.0,82447.640625,8978.8505859375,8978.849609375,73468.7900390625,0.0009765625,73468.791015625
725,82948.1,82995.0,82891.0,82899.2,6327.0,82470.2265625,9088.7998046875,9088.7998046875,73381.4267578125,0.0,73381.4267578125
726,82907.5,82967.1,82812.0,82829.0,9037.0,82503.6328125,9177.7001953125,9177.7001953125,73325.9326171875,0.0,73325.9326171875
727,82830.1,83053.8,82812.0,83041.4,15284.0,82524.484375,9425.5498046875,9425.5498046875,73098.9345703125,0.0,73098.9345703125
728,83053.1,83343.1,83053.1,83295.7,38016.0,82559.21875,11065.9501953125,11065.9501953125,71493.2685546875,0.0,71493.2685546875
729,83295.6,83351.2,83155.6,83228.5,9452.0,82570.4453125,11230.0498046875,11230.0498046875,71340.3955078125,0.0,71340.3955078125
730,83236.9,83337.0,83236.9,83250.0,7117.0,82577.40625,10682.5,10682.5,71894.90625,0.0,71894.90625
731,83241.7,83241.7,83053.5,83127.0,41546.0,82598.0234375,12430.5498046875,12430.5498046875,70167.4736328125,0.0,70167.4736328125
732,83126.1,83126.1,82951.0,82951.0,14525.0,82603.234375,11949.5,11949.5,70653.734375,0.0,70653.734375
733,82949.5,83037.2,82932.4,83012.9,5621.0,82602.6328125,11832.75,11832.75,70769.8828125,0.0,70769.8828125
734,83002.0,83118.3,82996.0,83095.3,6014.0,82588.4921875,11869.7998046875,11869.7998046875,70718.6923828125,0.0,70718.6923828125
735,83082.7,83120.9,83034.1,83045.2,4113.0,82551.25,11585.7001953125,11585.7001953125,70965.5498046875,0.0,70965.5498046875
736,83051.4,83088.2,83015.6,83035.2,3492.0,82472.390625,11591.5498046875,11591.5498046875,70880.8408203125,0.0,70880.8408203125
737,83032.1,83187.9,83032.1,83044.6,6448.0,82381.2578125,11702.8505859375,11702.849609375,70678.4072265625,0.0009765625,70678.408203125
738,83039.7,83053.0,82948.6,82996.0,4963.0,82326.015625,11690.900390625,11690.900390625,70635.115234375,0.0,70635.115234375
739,82990.0,82990.0,82847.1,82879.6,13056.0,82322.265625,11847.25,11847.25,70475.015625,0.0,70475.015625
740,82887.9,83055.4,82887.9,83040.6,11412.0,82318.5234375,11998.6005859375,11998.599609375,70319.9228515625,0.0009765625,70319.923828125
741,83040.5,83168.9,83027.1,83142.4,4509.0,82309.578125,11470.400390625,11470.400390625,70839.177734375,0.0,70839.177734375
742,83142.7,83160.0,82995.9,83012.6,5393.0,82334.578125,11190.8505859375,11190.849609375,71143.7275390625,0.0009765625,71143.728515625
743,83009.1,83240.3,82995.3,83159.1,11862.0,82350.4765625,11216.150390625,11216.150390625,71134.326171875,0.0,71134.326171875
744,83159.0,83159.8,83064.3,83065.2,4129.0,82352.609375,11115.7998046875,11115.7998046875,71236.8095703125,0.0,71236.8095703125
745,83073.6,83160.1,83064.0,83128.6,4387.0,82389.421875,11018.7998046875,11018.7998046875,71370.6220703125,0.0,71370.6220703125
746,83128.5,83128.5,83037.6,83053.0,2391.0,82437.0078125,10686.5,10686.5,71750.5078125,0.0,71750.5078125
747,83053.0,83063.7,82969.0,82987.2,1869.0,82505.5234375,10015.75,10015.75,72489.7734375,0.0,72489.7734375
748,82988.2,83043.2,82978.0,82978.0,2917.0,82562.8828125,8260.7998046875,8260.7998046875,74302.0830078125,0.0,74302.0830078125
749,82974.1,82974.1,82924.4,82924.4,3108.0,82621.6171875,7943.60009765625,7943.60009765625,74678.01708984375,0.0,74678.01708984375
750,82924.5,82950.7,82903.5,82903.5,3799.0,82681.875,7777.7001953125,7777.7001953125,74904.1748046875,0.0,74904.1748046875
751,82904.4,82943.6,82899.0,82926.2,7938.0,82759.421875,6097.30029296875,6097.2998046875,76662.12158203125,0.00048828125,76662.1220703125
752,82926.2,83079.2,82926.2,83079.2,36803.0,82859.328125,7211.2001953125,7211.2001953125,75648.1279296875,0.0,75648.1279296875
753,83080.0,83114.7,82959.2,82959.2,4886.0,82961.265625,7174.4501953125,7174.4501953125,75786.8154296875,0.0,75786.8154296875
754,82959.1,82959.1,82793.4,82799.5,8111.0,83063.140625,7279.30029296875,7279.2998046875,75783.84033203125,0.00048828125,75783.8408203125
755,82796.0,82827.2,82726.5,82772.8,8515.0,83171.375,7499.39990234375,7499.39990234375,75671.97509765625,0.0,75671.97509765625
756,82767.3,82802.8,82747.5,82768.1,6283.0,83318.0703125,7638.9501953125,7638.9501953125,75679.1201171875,0.0,75679.1201171875
757,82768.0,82775.3,82636.8,82680.8,6586.0,83490.34375,7645.85009765625,7645.85009765625,75844.49365234375,0.0,75844.49365234375
758,82680.8,82707.4,82616.9,82638.7,6030.0,83601.9921875,7699.2001953125,7699.2001953125,75902.7919921875,0.0,75902.7919921875
759,82638.6,82711.8,82618.4,82618.4,6202.0,83649.9296875,7356.5,7356.5,76293.4296875,0.0,76293.4296875
760,82618.4,82695.4,82500.1,82521.2,10768.0,83695.453125,7324.30029296875,7324.2998046875,76371.15283203125,0.00048828125,76371.1533203125
761,82501.0,82521.3,82389.9,82470.1,18509.0,83724.3671875,8024.30029296875,8024.2998046875,75700.06689453125,0.00048828125,75700.0673828125
762,82469.3,82485.9,82382.7,82435.8,12156.0,83763.0390625,8362.4501953125,8362.4501953125,75400.5888671875,0.0,75400.5888671875
763,82432.1,82530.0,82431.9,82509.6,7552.0,83844.6171875,8146.9501953125,8146.9501953125,75697.6669921875,0.0,75697.6669921875
764,82509.9,82552.0,82480.8,82524.7,7396.0,83927.8984375,8310.2998046875,8310.2998046875,75617.5986328125,0.0,75617.5986328125
765,82510.0,82528.1,82438.2,82443.3,5419.0,83963.578125,8361.900390625,8361.900390625,75601.677734375,0.0,75601.677734375
766,82446.4,82479.7,82381.1,82419.4,2903.0,84034.453125,8387.5,8387.5,75646.953125,0.0,75646.953125
767,82418.7,82448.0,82284.2,82313.2,6078.0,84076.828125,8597.9501953125,8597.9501953125,75478.8779296875,0.0,75478.8779296875
768,82317.0,82381.8,82257.2,82262.7,8322.0,84116.2109375,8868.2001953125,8868.2001953125,75248.0107421875,0.0,75248.0107421875
769,82279.4,82417.8,82229.4,82300.1,9838.0,84163.0234375,9204.7001953125,9204.7001953125,74958.3232421875,0.0,74958.3232421875
770,82300.1,82375.4,82229.0,82355.8,14190.0,84194.875,9724.25,9724.25,74470.625,0.0,74470.625
771,82355.8,82385.9,82268.4,82284.7,9506.0,84204.5,9802.650390625,9802.650390625,74401.849609375,0.0,74401.849609375
772,82268.2,82405.4,82268.2,82358.9,9579.0,84194.4296875,8441.4501953125,8441.4501953125,75752.9794921875,0.0,75752.9794921875
773,82358.0,82375.9,82200.1,82281.1,6470.0,84172.3515625,8520.650390625,8520.650390625,75651.701171875,0.0,75651.701171875
774,82286.5,82316.1,82221.9,82256.0,18679.0,84129.21875,9049.0498046875,9049.0498046875,75080.1689453125,0.0,75080.1689453125
775,82272.4,82360.0,82272.4,82308.6,4366.0,84069.5546875,8841.6005859375,8841.599609375,75227.9541015625,0.0009765625,75227.955078125
776,82307.5,82308.5,82208.6,82218.6,9752.0,84028.4375,9015.0498046875,9015.0498046875,75013.3876953125,0.0,75013.3876953125
777,82217.7,82360.9,82217.7,82360.9,9148.0,83982.046875,9143.150390625,9143.150390625,74838.896484375,0.0,74838.896484375
778,82341.3,82399.0,82309.4,82309.4,4196.0,83933.546875,9051.4501953125,9051.4501953125,74882.0966796875,0.0,74882.0966796875
779,82309.4,82353.7,82286.1,82317.2,4291.0,83897.953125,8955.900390625,8955.900390625,74942.052734375,0.0,74942.052734375
780,82313.1,82372.3,82294.0,82306.6,4651.0,83834.953125,8650.0498046875,8650.0498046875,75184.9033203125,0.0,75184.9033203125
781,82306.6,82457.7,82278.2,82278.2,9994.0,83792.2109375,8224.2998046875,8224.2998046875,75567.9111328125,0.0,75567.9111328125
782,82267.6,82387.4,82256.5,82311.2,9736.0,83717.921875,8103.30029296875,8103.2998046875,75614.62158203125,0.00048828125,75614.6220703125
783,82316.4,82401.0,82213.3,82361.6,31401.0,83605.671875,9295.75,9295.75,74309.921875,0.0,74309.921875
784,82353.3,82353.3,82087.2,82207.2,17951.0,83515.328125,9823.5,9823.5,73691.828125,0.0,73691.828125
785,82211.2,82229.2,82094.1,82094.1,10273.0,83451.0546875,10066.2001953125,10066.2001953125,73384.8544921875,0.0,73384.8544921875
786,82094.2,82172.1,82050.7,82089.7,19987.0,83348.609375,10920.400390625,10920.400390625,72428.208984375,0.0,72428.208984375
787,82089.6,82200.0,82055.5,82200.0,4604.0,83283.3359375,10846.7001953125,10846.7001953125,72436.6357421875,0.0,72436.6357421875
788,82200.7,82200.7,81943.8,81995.4,16179.0,83224.7109375,11239.5498046875,11239.5498046875,71985.1611328125,0.0,71985.1611328125
789,82007.8,82099.5,81995.4,82057.6,9907.0,83196.6171875,11243.0,11243.0,71953.6171875,0.0,71953.6171875
790,82057.7,82081.7,81990.1,82015.7,17310.0,83211.078125,11399.0,11399.0,71812.078125,0.0,71812.078125
791,82013.2,82148.5,82008.1,82120.8,29622.0,83249.0390625,12404.7998046875,12404.7998046875,70844.2392578125,0.0,70844.2392578125
792,82124.4,82141.0,82045.5,82052.5,15856.0,83298.375,12718.650390625,12718.650390625,70579.724609375,0.0,70579.724609375
793,82052.5,82270.8,82033.9,82270.7,11670.0,83383.8046875,12978.650390625,12978.650390625,70405.154296875,0.0,70405.154296875
794,82270.7,82389.6,82160.5,82310.0,34207.0,83472.265625,13755.0498046875,13755.0498046875,69717.2158203125,0.0,69717.2158203125
795,82309.9,82309.9,82090.1,82120.3,12909.0,83582.5859375,14182.2001953125,14182.2001953125,69400.3857421875,0.0,69400.3857421875
796,82117.5,82181.5,81982.3,82010.3,9110.0,83697.5234375,14150.1005859375,14150.099609375,69547.4228515625,0.0009765625,69547.423828125
797,82010.4,82067.1,81956.0,82042.3,8570.0,83794.5234375,14121.2001953125,14121.2001953125,69673.3232421875,0.0,69673.3232421875
798,82038.6,82061.9,81913.8,81950.5,11482.0,83921.0078125,14485.5,14485.5,69435.5078125,0.0,69435.5078125
799,81950.4,82032.4,81945.1,81985.9,7187.0,84033.734375,14630.2998046875,14630.2998046875,69403.4345703125,0.0,69403.4345703125
800,81973.8,82004.9,81846.1,81851.1,10167.0,84167.71875,14906.1005859375,14906.099609375,69261.6181640625,0.0009765625,69261.619140625
801,81851.3,81854.3,81416.3,81444.9,69414.0,84296.6875,17877.099609375,17877.099609375,66419.587890625,0.0,66419.587890625
802,81444.9,81613.8,81340.6,81551.5,39167.0,84396.5,19348.650390625,19348.650390625,65047.849609375,0.0,65047.849609375
803,81548.4,81591.1,80831.4,81134.0,196906.0,84510.4921875,27623.900390625,27623.900390625,56886.591796875,0.0,56886.591796875
804,81149.3,81160.4,80919.0,81101.0,45283.0,84572.65625,28990.5,28990.5,55582.15625,0.0,55582.15625
805,81100.0,81444.4,81079.6,81328.8,30209.0,84611.9140625,29987.30078125,29987.30078125,54624.61328125,0.0,54624.61328125
806,81323.7,81323.7,81129.8,81140.6,36412.0,84633.578125,30808.55078125,30808.55078125,53825.02734375,0.0,53825.02734375
807,81132.6,81159.4,80952.0,81011.6,32535.0,84629.671875,32205.099609375,32205.099609375,52424.572265625,0.0,52424.572265625
808,81011.6,81050.4,80705.1,80725.3,38780.0,84641.3984375,33335.15234375,33335.1484375,51306.24609375,0.00390625,51306.25
809,80723.8,80963.9,80627.5,80945.5,42398.0,84651.34375,34959.69921875,34959.69921875,49691.64453125,0.0,49691.64453125
810,80957.6,81666.0,80957.6,81466.2,131612.0,84643.6953125,40674.80078125,40674.80078125,43968.89453125,0.0,43968.89453125
811,81468.0,81877.6,81274.6,81711.1,61016.0,84628.515625,42244.5,42244.5,42384.015625,0.0,42384.015625
812,81711.1,81889.9,81500.2,81605.4,33883.0,84606.390625,43145.8515625,43145.8515625,41460.5390625,0.0,41460.5390625
813,81581.0,81707.1,81442.1,81606.9,30371.0,84579.6796875,44080.90234375,44080.8984375,40498.77734375,0.00390625,40498.78125
814,81602.9,81807.5,81594.8,81700.5,18544.0,84552.3671875,43297.75,43297.75,41254.6171875,0.0,41254.6171875
815,81704.5,81821.2,81510.1,81821.2,35648.0,84524.3359375,44434.69921875,44434.69921875,40089.63671875,0.0,40089.63671875
816,81825.1,82274.0,81710.7,82101.7,46923.0,84489.2890625,46325.3515625,46325.3515625,38163.9375,0.0,38163.9375
817,82087.6,82581.6,82027.5,82511.1,70274.0,84466.1796875,49410.55078125,49410.55078125,35055.62890625,0.0,35055.62890625
818,82511.3,82866.1,82486.5,82768.0,63226.0,84421.390625,51997.75,51997.75,32423.640625,0.0,32423.640625
819,82767.9,82982.8,82628.3,82982.8,31887.0,84393.2578125,53232.75,53232.75,31160.5078125,0.0,31160.5078125
820,82982.7,82982.7,82657.5,82736.3,19758.0,84377.5625,53712.30078125,53712.30078125,30665.26171875,0.0,30665.26171875
821,82745.5,82971.2,82693.7,82878.7,22928.0,84357.0234375,51388.0,51388.0,32969.0234375,0.0,32969.0234375
822,82904.5,82908.6,82685.7,82750.9,12906.0,84349.0546875,50074.94921875,50074.94921875,34274.10546875,0.0,34274.10546875
823,82751.0,82887.6,82565.4,82874.2,24953.0,84344.75,41477.30078125,41477.30078125,42867.44921875,0.0,42867.44921875
824,82874.1,83033.3,82795.5,83002.3,14212.0,84351.8671875,39923.75,39923.75,44428.1171875,0.0,44428.1171875
825,83010.6,83427.0,82994.9,83316.3,37958.0,84374.8046875,40311.19921875,40311.19921875,44063.60546875,0.0,44063.60546875
826,83320.1,83419.2,83150.8,83164.4,16894.0,84400.6171875,39335.30078125,39335.30078125,45065.31640625,0.0,45065.31640625
827,83176.3,83300.0,83106.8,83270.4,9931.0,84436.9609375,38205.1015625,38205.1015625,46231.859375,0.0,46231.859375
828,83252.6,83322.0,83008.6,83078.5,13767.0,84472.171875,36954.44921875,36954.44921875,47517.72265625,0.0,47517.72265625
829,83083.3,83191.8,82976.6,83191.8,11528.0,84467.4765625,35410.94921875,35410.94921875,49056.52734375,0.0,49056.52734375
830,83199.9,83528.1,83116.8,83499.9,25737.0,84463.53125,30117.201171875,30117.19921875,54346.330078125,0.001953125,54346.33203125
831,83493.1,83499.9,83386.6,83496.4,18219.0,84427.765625,27977.349609375,27977.349609375,56450.416015625,0.0,56450.416015625
832,83496.4,83576.6,83367.6,83389.8,14373.0,84388.4296875,27001.849609375,27001.849609375,57386.580078125,0.0,57386.580078125
833,83386.5,83583.2,83358.5,83565.7,5882.0,84325.09375,25777.400390625,25777.400390625,58547.693359375,0.0,58547.693359375
834,83564.7,83589.1,83495.9,83564.2,9029.0,84275.2578125,25301.650390625,25301.650390625,58973.607421875,0.0,58973.607421875
835,83564.2,83567.0,83333.5,83333.5,10150.0,84247.8359375,24026.75,24026.75,60221.0859375,0.0,60221.0859375
836,83333.4,83355.8,83152.8,83179.1,17827.0,84224.4609375,22571.951171875,22571.94921875,61652.509765625,0.001953125,61652.51171875
837,83179.1,83306.3,83050.0,83302.2,11455.0,84220.2421875,19631.0,19631.0,64589.2421875,0.0,64589.2421875
838,83311.7,83311.7,83137.3,83240.7,8036.0,84213.296875,16871.5,16871.5,67341.796875,0.0,67341.796875
839,83228.0,83278.0,83165.3,83272.9,7659.0,84204.203125,15660.1005859375,15660.099609375,68544.1025390625,0.0009765625,68544.103515625
840,83268.7,83413.3,83182.0,83400.6,9926.0,84180.5703125,15168.5,15168.5,69012.0703125,0.0,69012.0703125
841,83409.0,83420.5,83156.7,83156.7,9847.0,84160.671875,14514.4501953125,14514.4501953125,69646.2216796875,0.0,69646.2216796875
842,83156.6,83458.2,83136.0,83378.3,9308.0,84158.6796875,14334.5498046875,14334.5498046875,69824.1298828125,0.0,69824.1298828125
843,83365.8,83487.3,83233.6,83282.3,8245.0,84143.1015625,13499.150390625,13499.150390625,70643.951171875,0.0,70643.951171875
844,83286.5,83299.6,83106.7,83237.1,12591.0,84162.015625,13418.1005859375,13418.099609375,70743.9150390625,0.0009765625,70743.916015625
845,83228.8,83428.0,83208.2,83400.3,11736.0,84192.546875,12107.0,12107.0,72085.546875,0.0,72085.546875
846,83400.4,83614.9,83355.6,83556.5,9782.0,84235.7265625,11751.400390625,11751.400390625,72484.326171875,0.0,72484.326171875
847,83553.5,83566.5,83431.5,83466.6,5087.0,84285.375,11509.2001953125,11509.2001953125,72776.1748046875,0.0,72776.1748046875
848,83455.0,83696.9,83436.8,83671.7,14552.0,84337.2734375,11548.4501953125,11548.4501953125,72788.8232421875,0.0,72788.8232421875
849,83660.6,83887.3,83660.6,83796.7,25035.0,84405.4375,12223.7998046875,12223.7998046875,72181.6376953125,0.0,72181.6376953125
850,83810.9,83866.3,83527.8,83527.8,8582.0,84460.078125,11366.0498046875,11366.0498046875,73094.0283203125,0.0,73094.0283203125
851,83508.9,83671.5,83500.1,83644.1,7905.0,84527.78125,10850.3505859375,10850.349609375,73677.4306640625,0.0009765625,73677.431640625
852,83644.0,83704.1,83595.4,83648.1,8093.0,84611.3203125,10536.3505859375,10536.349609375,74074.9697265625,0.0009765625,74074.970703125
853,83648.2,83792.6,83612.6,83745.6,7432.0,84699.5234375,10613.8505859375,10613.849609375,74085.6728515625,0.0009765625,74085.673828125
854,83753.4,83836.6,83745.2,83810.6,14244.0,84778.46875,10874.6005859375,10874.599609375,73903.8681640625,0.0009765625,73903.869140625
855,83810.6,83911.9,83801.6,83908.4,9001.0,84832.9609375,10817.150390625,10817.150390625,74015.810546875,0.0,74015.810546875
856,83909.4,83988.6,83880.9,83988.6,11285.0,84862.8828125,10490.0498046875,10490.0498046875,74372.8330078125,0.0,74372.8330078125
857,83988.5,84346.8,83980.2,84217.3,20381.0,84877.34375,10936.3505859375,10936.349609375,73940.9931640625,0.0009765625,73940.994140625
858,84217.2,84217.2,84061.1,84092.6,8302.0,84880.2578125,10949.650390625,10949.650390625,73930.607421875,0.0,73930.607421875
859,84079.8,84182.5,83988.6,84143.9,7843.0,84882.0078125,10958.8505859375,10958.849609375,73923.1572265625,0.0009765625,73923.158203125
860,84153.3,84185.7,83947.6,84021.0,8177.0,84892.96875,10871.400390625,10871.400390625,74021.568359375,0.0,74021.568359375
861,84016.8,84163.7,83968.7,84027.8,12205.0,84895.3671875,10989.2998046875,10989.2998046875,73906.0673828125,0.0,73906.0673828125
862,84021.4,84043.1,83807.6,83847.9,9911.0,84885.484375,11019.4501953125,11019.4501953125,73866.0341796875,0.0,73866.0341796875
863,83843.7,83856.9,83719.5,83753.7,9225.0,84876.34375,11068.4501953125,11068.4501953125,73807.8935546875,0.0,73807.8935546875
864,83753.7,83776.9,83628.0,83628.0,8345.0,85039.4609375,10856.150390625,10856.150390625,74183.310546875,0.0,74183.310546875
865,83627.2,83704.8,83567.2,83666.8,14747.0,85174.2421875,11006.7001953125,11006.7001953125,74167.5419921875,0.0,74167.5419921875
866,83673.5,83715.7,83608.1,83699.0,5977.0,85306.140625,10816.4501953125,10816.4501953125,74489.6904296875,0.0,74489.6904296875
867,83695.6,83719.0,83549.8,83549.8,3452.0,85425.6484375,10734.7001953125,10734.7001953125,74690.9482421875,0.0,74690.9482421875
868,83555.8,83589.6,83380.5,83405.1,40093.0,85538.234375,12011.75,12011.75,73526.484375,0.0,73526.484375
869,83408.1,83495.8,83404.0,83440.7,9717.0,85638.75,11245.8505859375,11245.849609375,74392.8994140625,0.0009765625,74392.900390625
870,83428.2,83583.5,83428.2,83571.6,7534.0,85737.390625,11193.4501953125,11193.4501953125,74543.9404296875,0.0,74543.9404296875
871,83571.5,83598.2,83471.9,83564.6,6870.0,85821.1484375,11141.7001953125,11141.7001953125,74679.4482421875,0.0,74679.4482421875
872,83564.5,83603.3,83409.2,83445.4,6639.0,85907.2421875,11069.0,11069.0,74838.2421875,0.0,74838.2421875
873,83436.3,83466.5,83282.1,83453.4,7506.0,85985.7734375,11072.7001953125,11072.7001953125,74913.0732421875,0.0,74913.0732421875
874,83452.5,83527.9,83427.1,83512.6,5215.0,86067.5625,10621.25,10621.25,75446.3125,0.0,75446.3125
875,83516.7,83790.7,83504.2,83747.7,11180.0,86144.0,10730.2001953125,10730.2001953125,75413.7998046875,0.0,75413.7998046875
876,83757.6,83895.3,83741.6,83858.9,10276.0,86241.390625,10679.75,10679.75,75561.640625,0.0,75561.640625
877,83860.0,83932.9,83826.0,83932.9,6560.0,86352.0390625,9988.7001953125,9988.7001953125,76363.3388671875,0.0,76363.3388671875
878,83940.1,83984.9,83859.6,83950.7,11958.0,86495.765625,10171.5,10171.5,76324.265625,0.0,76324.265625
879,83937.7,83937.7,83837.1,83860.8,7627.0,86635.0859375,10160.7001953125,10160.7001953125,76474.3857421875,0.0,76474.3857421875
880,83860.7,83988.5,83829.5,83944.8,3462.0,86765.40625,9924.9501953125,9924.9501953125,76840.4560546875,0.0,76840.4560546875
881,83937.9,84109.1,83936.9,84099.5,15827.0,86903.609375,10106.0498046875,10106.0498046875,76797.5595703125,0.0,76797.5595703125
882,84097.6,84195.8,84085.7,84107.1,6837.0,87041.2734375,9952.3505859375,9952.349609375,77088.9228515625,0.0009765625,77088.923828125
883,84141.4,84194.8,84112.1,84128.8,5869.0,87196.0078125,9784.5498046875,9784.5498046875,77411.4580078125,0.0,77411.4580078125
884,84128.8,84152.8,84085.4,84138.0,5619.0,87157.8671875,9648.25,9648.25,77509.6171875,0.0,77509.6171875
885,84144.3,84282.8,84077.0,84253.4,11736.0,87142.125,9497.7001953125,9497.7001953125,77644.4248046875,0.0,77644.4248046875
886,84253.5,84346.9,84108.1,84123.6,12369.0,87133.28125,9817.2998046875,9817.2998046875,77315.9814453125,0.0,77315.9814453125
887,84123.6,84243.2,84105.0,84183.7,6456.0,87119.34375,9967.5,9967.5,77151.84375,0.0,77151.84375
888,84183.7,84407.1,84175.8,84356.4,12382.0,87111.8828125,8581.9501953125,8581.9501953125,78529.9326171875,0.0,78529.9326171875
889,84350.7,84350.7,84034.2,84086.3,10004.0,87109.953125,8596.2998046875,8596.2998046875,78513.6533203125,0.0,78513.6533203125
890,84076.6,84152.9,84047.1,84143.1,8864.0,87108.4765625,8662.7998046875,8662.7998046875,78445.6767578125,0.0,78445.6767578125
891,84143.0,84386.4,84143.0,84366.4,7931.0,87114.4296875,8715.8505859375,8715.849609375,78398.5791015625,0.0009765625,78398.580078125
892,84370.6,84424.5,84153.4,84209.8,9858.0,87120.7109375,8876.7998046875,8876.7998046875,78243.9111328125,0.0,78243.9111328125
893,84209.5,84308.4,84150.1,84244.1,10672.0,87143.2890625,9035.1005859375,9035.099609375,78108.1884765625,0.0009765625,78108.189453125
894,84231.7,84277.4,84197.8,84265.0,4751.0,87158.5546875,9011.900390625,9011.900390625,78146.654296875,0.0,78146.654296875
895,84269.4,84294.7,84186.8,84188.0,4961.0,87181.828125,8700.9501953125,8700.9501953125,78480.8779296875,0.0,78480.8779296875
896,84197.3,84214.2,84110.1,84163.8,8754.0,87208.296875,8624.8505859375,8624.849609375,78583.4462890625,0.0009765625,78583.447265625
897,84167.6,84237.4,84125.5,84197.2,7185.0,87213.8359375,8656.1005859375,8656.099609375,78557.7353515625,0.0009765625,78557.736328125
898,84199.2,84214.4,84134.1,84178.5,4214.0,87201.703125,8268.900390625,8268.900390625,78932.802734375,0.0,78932.802734375
899,84182.8,84243.3,84110.0,84110.1,9177.0,87193.9765625,8346.400390625,8346.400390625,78847.576171875,0.0,78847.576171875
900,84110.0,84145.0,84000.9,84019.7,11135.0,87182.5078125,8730.0498046875,8730.0498046875,78452.4580078125,0.0,78452.4580078125
901,84028.0,84028.1,83827.1,83878.1,31049.0,87151.375,9491.150390625,9491.150390625,77660.224609375,0.0,77660.224609375
902,83878.0,84009.6,83856.5,83953.2,4463.0,87116.8125,9372.4501953125,9372.4501953125,77744.3623046875,0.0,77744.3623046875
903,83953.2,83980.8,83895.1,83918.3,6474.0,87069.65625,9402.7001953125,9402.7001953125,77666.9560546875,0.0,77666.9560546875
904,83914.2,83935.5,83852.8,83852.8,6679.0,87043.546875,9455.7001953125,9455.7001953125,77587.8466796875,0.0,77587.8466796875
905,83841.9,83860.5,83741.6,83755.0,7145.0,87002.109375,9226.150390625,9226.150390625,77775.958984375,0.0,77775.958984375
906,83759.2,83974.9,83745.7,83964.7,7273.0,86958.9609375,8971.3505859375,8971.349609375,77987.6103515625,0.0009765625,77987.611328125
907,83964.7,84032.4,83898.7,83969.7,9174.0,86912.15625,9107.25,9107.25,77804.90625,0.0,77804.90625
908,83969.7,84129.4,83968.1,84078.1,7156.0,86840.1875,8845.9501953125,8845.9501953125,77994.2373046875,0.0,77994.2373046875
909,84073.9,84201.0,84073.0,84196.5,8198.0,86787.390625,8755.650390625,8755.650390625,78031.740234375,0.0,78031.740234375
910,84201.7,84201.7,84025.3,84045.2,8063.0,86720.2734375,8715.6005859375,8715.599609375,78004.6728515625,0.0009765625,78004.673828125
911,84037.6,84037.8,83930.5,83979.7,5928.0,86646.3515625,8615.4501953125,8615.4501953125,78030.9013671875,0.0,78030.9013671875
912,83977.9,83988.5,83936.0,83982.1,8969.0,86572.0,8571.0,8571.0,78001.0,0.0,78001.0
913,83979.3,83979.3,83847.1,83847.1,3779.0,86499.6640625,8226.3505859375,8226.349609375,78273.3134765625,0.0009765625,78273.314453125
914,83847.2,83916.9,83827.6,83827.6,7451.0,86434.3046875,8361.3505859375,8361.349609375,78072.9541015625,0.0009765625,78072.955078125
915,83826.8,83826.8,83671.6,83685.5,10288.0,86355.71875,8627.7001953125,8627.7001953125,77728.0185546875,0.0,77728.0185546875
916,83677.2,83750.0,83586.7,83735.2,11544.0,86270.5546875,8767.2001953125,8767.2001953125,77503.3544921875,0.0,77503.3544921875
917,83728.8,83728.8,83536.6,83616.9,42094.0,86197.375,10512.650390625,10512.650390625,75684.724609375,0.0,75684.724609375
918,83619.0,83698.3,83610.0,83610.6,4024.0,86125.8671875,10503.150390625,10503.150390625,75622.716796875,0.0,75622.716796875
919,83608.5,83630.5,83587.0,83611.6,4610.0,86066.8671875,10274.7998046875,10274.7998046875,75792.0673828125,0.0,75792.0673828125
920,83615.8,83753.0,83608.5,83696.0,8401.0,86023.0,10138.1005859375,10138.099609375,75884.8994140625,0.0009765625,75884.900390625
921,83696.0,83808.4,83672.4,83771.7,8045.0,85988.7421875,8987.900390625,8987.900390625,77000.841796875,0.0,77000.841796875
922,83771.9,83797.2,83687.7,83743.3,7048.0,85962.6171875,9117.150390625,9117.150390625,76845.466796875,0.0,76845.466796875
923,83749.0,83833.7,83689.7,83817.0,7983.0,85934.078125,9192.6005859375,9192.599609375,76741.4775390625,0.0009765625,76741.478515625
924,83825.4,83826.3,83705.9,83740.7,7670.0,85890.328125,9242.150390625,9242.150390625,76648.177734375,0.0,76648.177734375
925,83740.1,83775.0,83627.8,83677.6,7738.0,85846.6953125,9271.7998046875,9271.7998046875,76574.8955078125,0.0,76574.8955078125
926,83666.0,83684.1,83608.1,83608.1,5996.0,85805.3671875,9207.9501953125,9207.9501953125,76597.4169921875,0.0,76597.4169921875
927,83608.2,83629.2,83549.2,83576.1,6533.0,85771.421875,9075.900390625,9075.900390625,76695.521484375,0.0,76695.521484375
928,83583.8,83622.3,83548.1,83548.2,7330.0,85762.078125,9084.6005859375,9084.599609375,76677.4775390625,0.0009765625,76677.478515625
929,83555.1,83706.1,83555.1,83672.0,10687.0,85746.5390625,9209.0498046875,9209.0498046875,76537.4892578125,0.0,76537.4892578125
930,83678.4,84299.9,83579.7,84099.8,48233.0,85734.4296875,11217.5498046875,11217.5498046875,74516.8798828125,0.0,74516.8798828125
931,84092.4,84256.8,83848.1,83896.1,20421.0,85734.546875,11942.2001953125,11942.2001953125,73792.3466796875,0.0,73792.3466796875
932,83897.1,84299.9,83792.0,84270.3,17872.0,85744.8359375,12387.3505859375,12387.349609375,73357.4853515625,0.0009765625,73357.486328125
933,84261.5,84293.4,83986.8,84269.2,10392.0,85741.7890625,12718.0,12718.0,73023.7890625,0.0,73023.7890625
934,84269.3,84820.2,84269.3,84762.7,44408.0,85754.6953125,14565.8505859375,14565.849609375,71188.8447265625,0.0009765625,71188.845703125
935,84762.7,84900.0,84485.0,84890.9,32741.0,85781.3359375,15688.5,15688.5,70092.8359375,0.0,70092.8359375
936,84890.9,85001.8,84816.5,84976.8,62131.0,85806.703125,18217.849609375,18217.849609375,67588.853515625,0.0,67588.853515625
937,84972.3,85140.8,84857.4,84864.4,30059.0,85828.3671875,17616.099609375,17616.099609375,68212.267578125,0.0,68212.267578125
938,84860.9,84992.7,84711.4,84800.2,12249.0,85858.546875,18027.349609375,18027.349609375,67831.197265625,0.0,67831.197265625
939,84797.1,85040.4,84796.9,84863.8,11989.0,85877.8984375,18396.30078125,18396.30078125,67481.59765625,0.0,67481.59765625
940,84855.5,85041.6,84700.0,85007.8,10696.0,85890.4765625,18511.05078125,18511.05078125,67379.42578125,0.0,67379.42578125
941,85007.8,85267.7,85007.8,85169.7,18893.0,85902.125,19053.451171875,19053.44921875,66848.673828125,0.001953125,66848.67578125
942,85171.3,85279.8,84913.6,85028.8,11743.0,85916.71875,19288.201171875,19288.19921875,66628.517578125,0.001953125,66628.51953125
943,85028.8,85028.8,84774.4,84815.3,17450.0,85917.7734375,19761.55078125,19761.55078125,66156.22265625,0.0,66156.22265625
944,84815.3,84968.6,84772.1,84907.1,9999.0,85929.09375,19878.0,19878.0,66051.09375,0.0,66051.09375
945,84917.0,84984.1,84649.0,84660.5,12520.0,85951.234375,20117.099609375,20117.099609375,65834.134765625,0.0,65834.134765625
946,84656.3,84699.8,84407.8,84436.5,15972.0,85970.5546875,20615.900390625,20615.900390625,65354.654296875,0.0,65354.654296875
947,84434.9,84539.6,84235.7,84261.3,11651.0,85996.5234375,20871.80078125,20871.80078125,65124.72265625,0.0,65124.72265625
948,84265.7,84645.9,84251.6,84645.8,25414.0,86014.765625,21776.0,21776.0,64238.765625,0.0,64238.765625
949,84640.6,84671.3,84374.2,84546.2,8208.0,86019.5234375,21652.05078125,21652.05078125,64367.47265625,0.0,64367.47265625
950,84534.6,84682.1,84494.5,84649.9,18914.0,86039.5703125,20186.099609375,20186.099609375,65853.470703125,0.0,65853.470703125
951,84650.6,84986.8,84570.9,84893.5,17548.0,86054.609375,20042.451171875,20042.44921875,66012.158203125,0.001953125,66012.16015625
952,84893.4,85162.0,84781.0,85125.8,20141.0,86047.140625,20155.900390625,20155.900390625,65891.240234375,0.0,65891.240234375
953,85141.6,85217.2,85078.1,85179.5,8645.0,86039.1796875,20068.55078125,20068.55078125,65970.62890625,0.0,65970.62890625
954,85179.5,85427.9,85162.8,85400.7,20955.0,86023.4375,18895.900390625,18895.900390625,67127.537109375,0.0,67127.537109375
955,85403.5,85488.7,85308.4,85417.0,8141.0,86003.6484375,17665.900390625,17665.900390625,68337.748046875,0.0,68337.748046875
956,85417.0,85417.0,85030.7,85069.6,20538.0,85985.234375,15586.25,15586.25,70398.984375,0.0,70398.984375
957,85055.6,85190.8,85055.6,85060.6,6663.0,85962.4921875,14416.4501953125,14416.4501953125,71546.0419921875,0.0,71546.0419921875
958,85060.1,85154.7,85000.1,85122.8,11759.0,85932.5703125,14391.9501953125,14391.9501953125,71540.6201171875,0.0,71540.6201171875
959,85122.8,85122.8,84836.1,84836.2,16029.0,85898.5625,14593.9501953125,14593.9501953125,71304.6123046875,0.0,71304.6123046875
960,84836.2,85103.4,84806.1,84820.4,13616.0,85866.3828125,14739.9501953125,14739.9501953125,71126.4326171875,0.0,71126.4326171875
961,84812.1,84833.6,84582.3,84582.3,12104.0,85832.3671875,14400.5,14400.5,71431.8671875,0.0,71431.8671875
962,84578.1,84628.0,84460.8,84469.8,16158.0,85797.3125,14621.25,14621.25,71176.0625,0.0,71176.0625
963,84470.8,84551.8,84329.4,84551.7,10543.0,85775.3515625,14275.900390625,14275.900390625,71499.451171875,0.0,71499.451171875
964,84556.0,84601.9,84415.7,84555.3,7480.0,85737.8984375,14149.9501953125,14149.9501953125,71587.9482421875,0.0,71587.9482421875
965,84539.0,84713.2,84494.4,84632.7,20191.0,85694.4765625,14533.5,14533.5,71160.9765625,0.0,71160.9765625
966,84632.6,84788.1,84526.3,84670.7,11339.0,85558.90625,14301.8505859375,14301.849609375,71257.0556640625,0.0009765625,71257.056640625
967,84670.0,84670.5,84503.8,84520.0,8458.0,85452.28125,14142.2001953125,14142.2001953125,71310.0810546875,0.0,71310.0810546875
968,84520.1,84558.2,84307.6,84440.3,13741.0,85366.2734375,13558.5498046875,13558.5498046875,71807.7236328125,0.0,71807.7236328125
969,84440.3,84502.6,84340.4,84454.2,4812.0,85265.0625,13388.75,13388.75,71876.3125,0.0,71876.3125
970,84454.1,84461.6,84317.9,84424.8,8405.0,85161.015625,12863.2998046875,12863.2998046875,72297.7158203125,0.0,72297.7158203125
971,84424.8,84466.4,84317.9,84428.5,5970.0,85075.4375,12284.400390625,12284.400390625,72791.037109375,0.0,72791.037109375
972,84428.5,84469.6,84304.4,84328.8,6193.0,84977.4453125,11587.0,11587.0,73390.4453125,0.0,73390.4453125
973,84324.6,84341.3,84047.4,84155.2,19509.0,84910.3671875,12130.2001953125,12130.2001953125,72780.1669921875,0.0,72780.1669921875
974,84155.2,84252.7,84064.1,84174.1,6456.0,84848.5703125,11405.25,11405.25,73443.3203125,0.0,73443.3203125
975,84174.1,84294.7,84169.0,84187.5,9896.0,84782.65625,11493.0,11493.0,73289.65625,0.0,73289.65625
976,84186.0,84243.8,84129.5,84130.9,5068.0,84724.0703125,10719.5,10719.5,74004.5703125,0.0,74004.5703125
977,84124.0,84124.0,83836.9,83943.2,13960.0,84651.875,11084.3505859375,11084.349609375,73567.5244140625,0.0009765625,73567.525390625
978,83943.3,84075.7,83943.3,84063.2,18572.0,84575.328125,11425.0,11425.0,73150.328125,0.0,73150.328125
979,84067.1,84202.8,84029.6,84184.1,18730.0,84496.265625,11560.0498046875,11560.0498046875,72936.2158203125,0.0,72936.2158203125
980,84184.6,84201.2,83800.1,83860.5,9955.0,84403.2578125,11377.0,11377.0,73026.2578125,0.0,73026.2578125
981,83860.4,83911.7,83750.0,83803.1,9483.0,84313.328125,11245.9501953125,11245.9501953125,73067.3779296875,0.0,73067.3779296875
982,83803.4,84003.3,83686.4,83926.7,14106.0,84222.7109375,11143.3505859375,11143.349609375,73079.3603515625,0.0009765625,73079.361328125
983,83936.7,84116.6,83895.2,84063.1,5934.0,84133.8203125,10912.900390625,10912.900390625,73220.919921875,0.0,73220.919921875
984,84063.0,84068.0,83884.0,84056.9,11360.0,84064.4296875,11106.900390625,11106.900390625,72957.529296875,0.0,72957.529296875
985,84058.9,84344.3,84000.1,84130.2,22610.0,83987.3828125,11227.8505859375,11227.849609375,72759.5322265625,0.0009765625,72759.533203125
986,84143.8,84143.8,83805.5,83890.7,6890.0,84004.0546875,11005.400390625,11005.400390625,72998.654296875,0.0,72998.654296875
987,83898.4,83898.4,83725.7,83767.8,7933.0,83982.9609375,10979.150390625,10979.150390625,73003.810546875,0.0,73003.810546875
988,83769.1,83833.8,83644.4,83698.6,9021.0,83932.1328125,10743.150390625,10743.150390625,73188.982421875,0.0,73188.982421875
989,83698.6,83698.6,83592.7,83631.9,7309.0,83889.78125,10868.0,10868.0,73021.78125,0.0,73021.78125
990,83628.6,83711.6,83506.1,83646.8,14344.0,83838.6875,11164.9501953125,11164.9501953125,72673.7373046875,0.0,72673.7373046875
991,83640.5,83826.1,83518.1,83826.1,13397.0,83771.4296875,11536.2998046875,11536.2998046875,72235.1298828125,0.0,72235.1298828125
992,83826.2,83863.0,83730.3,83806.9,14159.0,83715.375,11934.6005859375,11934.599609375,71780.7744140625,0.0009765625,71780.775390625
993,83793.4,83807.0,83529.3,83542.8,39490.0,83628.4140625,12933.650390625,12933.650390625,70694.763671875,0.0,70694.763671875
994,83541.2,83617.5,83335.1,83363.5,30566.0,83511.8046875,14139.150390625,14139.150390625,69372.654296875,0.0,69372.654296875
995,83364.5,83410.2,83294.4,83322.6,14210.0,83405.4140625,14354.8505859375,14354.849609375,69050.5634765625,0.0009765625,69050.564453125
996,83329.0,83414.6,83195.0,83211.9,12244.0,83277.1875,14713.650390625,14713.650390625,68563.537109375,0.0,68563.537109375
997,83211.9,83284.2,83062.6,83228.9,68510.0,83170.09375,17441.150390625,17441.150390625,65728.943359375,0.0,65728.943359375
998,83244.1,83284.0,83121.4,83169.0,11905.0,83071.9296875,17107.80078125,17107.80078125,65964.12890625,0.0,65964.12890625
999,83175.6,83183.9,82916.8,82937.8,19501.0,82975.9375,17146.349609375,17146.349609375,65829.587890625,0.0,65829.587890625
1000,82925.6,82963.6,82843.7,82875.6,29655.0,82895.4453125,18131.349609375,18131.349609375,64764.095703125,0.0,64764.095703125
1001,82876.6,83021.4,82870.1,82967.0,8328.0,82812.46875,18073.599609375,18073.599609375,64738.869140625,0.0,64738.869140625
1002,82972.2,83028.8,82784.3,82884.9,14024.0,82749.5859375,18069.5,18069.5,64680.0859375,0.0,64680.0859375
1003,82870.4,83052.6,82846.0,83030.4,9470.0,82704.8125,18246.30078125,18246.30078125,64458.51171875,0.0,64458.51171875
1004,83030.4,83299.0,83030.4,83225.5,16092.0,82635.9296875,18482.900390625,18482.900390625,64153.029296875,0.0,64153.029296875
1005,83225.5,83375.9,83118.9,83354.1,17205.0,82575.953125,18212.650390625,18212.650390625,64363.302734375,0.0,64363.302734375
1006,83346.1,83366.1,83235.0,83327.7,13563.0,82526.1171875,18546.30078125,18546.30078125,63979.81640625,0.0,63979.81640625
1007,83327.7,83387.0,83234.4,83319.0,10598.0,82479.9296875,18679.55078125,18679.55078125,63800.37890625,0.0,63800.37890625
1008,83328.2,83367.4,83068.8,83169.0,9307.0,82460.7890625,18693.849609375,18693.849609375,63766.939453125,0.0,63766.939453125
1009,83191.0,83333.0,83145.0,83262.0,5816.0,82468.40625,18619.201171875,18619.19921875,63849.205078125,0.001953125,63849.20703125
1010,83261.8,83261.8,83098.2,83204.9,7128.0,82479.625,18258.400390625,18258.400390625,64221.224609375,0.0,64221.224609375
1011,83205.8,83210.9,82950.1,83020.0,10240.0,82489.3046875,18100.55078125,18100.55078125,64388.75390625,0.0,64388.75390625
1012,83010.3,83025.3,82811.0,82841.7,16781.0,82510.140625,18231.650390625,18231.650390625,64278.490234375,0.0,64278.490234375
1013,82845.8,82866.4,82718.4,82830.3,12697.0,82529.4453125,16892.0,16892.0,65637.4453125,0.0,65637.4453125
1014,82857.7,83147.1,82857.7,83096.5,12846.0,82561.9609375,16006.0,16006.0,66555.9609375,0.0,66555.9609375
1015,83085.2,83168.2,82984.1,83070.7,10440.0,82582.0078125,15817.5,15817.5,66764.5078125,0.0,66764.5078125
1016,83080.9,83200.2,82974.4,83158.8,10932.0,82611.4609375,15751.900390625,15751.900390625,66859.560546875,0.0,66859.560546875
1017,83158.9,83160.0,82927.1,82927.1,5971.0,82622.4453125,12624.9501953125,12624.9501953125,69997.4951171875,0.0,69997.4951171875
1018,82922.4,82988.2,82783.7,82963.5,13592.0,82629.046875,12709.2998046875,12709.2998046875,69919.7470703125,0.0,69919.7470703125
1019,82965.8,82977.4,82875.1,82922.3,7153.0,82641.0234375,12091.900390625,12091.900390625,70549.123046875,0.0,70549.123046875
1020,82922.3,83030.4,82889.2,82941.3,11976.0,82641.5703125,11207.9501953125,11207.9501953125,71433.6201171875,0.0,71433.6201171875
1021,82950.1,83099.9,82902.3,83002.0,9003.0,82640.9921875,11241.7001953125,11241.7001953125,71399.2919921875,0.0,71399.2919921875
1022,82996.5,83020.0,82769.9,82843.9,19729.0,82634.3203125,11526.9501953125,11526.9501953125,71107.3701171875,0.0,71107.3701171875
1023,82843.8,82883.9,82707.7,82783.4,17817.0,82596.578125,11944.2998046875,11944.2998046875,70652.2783203125,0.0,70652.2783203125
1024,82762.5,82762.5,82445.9,82450.1,38999.0,82524.4375,13089.650390625,13089.650390625,69434.787109375,0.0,69434.787109375
1025,82457.3,82604.0,82310.6,82464.0,20183.0,82448.8828125,13238.5498046875,13238.5498046875,69210.3330078125,0.0,69210.3330078125
1026,82463.2,82533.3,82345.6,82498.0,12211.0,82398.3984375,13170.9501953125,13170.9501953125,69227.4482421875,0.0,69227.4482421875
1027,82490.7,82738.0,82431.8,82664.8,11469.0,82412.03125,13214.5,13214.5,69197.53125,0.0,69197.53125
1028,82683.2,83082.3,82666.0,82839.8,14730.0,82415.0859375,13485.650390625,13485.650390625,68929.435546875,0.0,68929.435546875
1029,82843.1,82933.7,82700.1,82887.1,6414.0,82413.25,13515.5498046875,13515.5498046875,68897.7001953125,0.0,68897.7001953125
1030,82888.2,82990.1,82829.2,82875.8,8653.0,82436.703125,13591.7998046875,13591.7998046875,68844.9033203125,0.0,68844.9033203125
1031,82888.0,82961.2,82739.9,82799.9,10151.0,82456.3671875,13587.3505859375,13587.349609375,68869.0166015625,0.0009765625,68869.017578125
1032,82820.8,82825.6,82633.4,82714.6,15778.0,82464.9609375,13537.2001953125,13537.2001953125,68927.7607421875,0.0,68927.7607421875
1033,82715.6,82988.3,82715.6,82955.1,9882.0,82508.5859375,13396.4501953125,13396.4501953125,69112.1357421875,0.0,69112.1357421875
1034,82963.1,82967.7,82783.6,82919.9,7372.0,82559.1328125,13122.75,13122.75,69436.3828125,0.0,69436.3828125
1035,82913.9,82927.3,82831.9,82909.1,4950.0,82635.4140625,12848.25,12848.25,69787.1640625,0.0,69787.1640625
1036,82910.5,82960.7,82740.6,82909.9,8216.0,82690.5703125,12712.4501953125,12712.4501953125,69978.1201171875,0.0,69978.1201171875
1037,82921.7,83124.8,82802.1,82885.1,10440.0,82747.6015625,12935.900390625,12935.900390625,69811.701171875,0.0,69811.701171875
1038,82885.2,82910.2,82579.6,82602.9,8948.0,82810.4296875,12703.7001953125,12703.7001953125,70106.7294921875,0.0,70106.7294921875
1039,82597.0,82746.2,82551.9,82745.7,6251.0,82887.609375,12658.6005859375,12658.599609375,70229.0087890625,0.0009765625,70229.009765625
1040,82746.0,82972.1,82713.0,82924.8,8474.0,82984.1484375,12483.5,12483.5,70500.6484375,0.0,70500.6484375
1041,82931.2,83200.3,82842.8,83181.5,11690.0,83085.5703125,12617.8505859375,12617.849609375,70467.7197265625,0.0009765625,70467.720703125
1042,83169.5,83271.3,82972.3,82976.7,31206.0,83183.3203125,13191.7001953125,13191.7001953125,69991.6201171875,0.0,69991.6201171875
1043,82981.4,83032.6,82853.1,82971.3,13061.0,83289.5390625,12953.900390625,12953.900390625,70335.638671875,0.0,70335.638671875
1044,82965.3,83145.1,82965.3,83098.3,9214.0,83427.125,11464.650390625,11464.650390625,71962.474609375,0.0,71962.474609375
1045,83087.7,83197.7,82994.5,83182.7,6665.0,83589.6796875,10788.75,10788.75,72800.9296875,0.0,72800.9296875
1046,83178.7,83229.1,83127.5,83133.0,7498.0,83696.03125,10553.1005859375,10553.099609375,73142.9306640625,0.0009765625,73142.931640625
1047,83128.0,83223.0,83102.7,83174.7,5256.0,83727.4765625,10242.4501953125,10242.4501953125,73485.0263671875,0.0,73485.0263671875
1048,83174.6,83307.3,83072.9,83184.5,35632.0,83764.3984375,11287.5498046875,11287.5498046875,72476.8486328125,0.0,72476.8486328125
1049,83184.6,83284.5,83088.8,83284.5,6360.0,83788.4140625,11284.8505859375,11284.849609375,72503.5634765625,0.0009765625,72503.564453125
1050,83272.9,83346.8,83179.9,83179.9,13760.0,83848.3359375,11540.2001953125,11540.2001953125,72308.1357421875,0.0,72308.1357421875
1051,83179.7,83184.8,83045.7,83052.5,4461.0,83927.8828125,11255.7001953125,11255.7001953125,72672.1826171875,0.0,72672.1826171875
1052,83052.4,83146.3,82935.9,83116.1,10939.0,84011.3828125,11013.75,11013.75,72997.6328125,0.0,72997.6328125
1053,83100.4,83247.2,83088.1,83180.9,7460.0,84048.859375,10892.650390625,10892.650390625,73156.208984375,0.0,73156.208984375
1054,83176.7,83247.2,83113.7,83113.7,4538.0,84128.359375,10750.9501953125,10750.9501953125,73377.4091796875,0.0,73377.4091796875
1055,83112.5,83218.2,83097.6,83143.2,4559.0,84162.96875,10731.400390625,10731.400390625,73431.568359375,0.0,73431.568359375
1056,83147.8,83445.2,83122.1,83399.3,9186.0,84209.3359375,10779.900390625,10779.900390625,73429.435546875,0.0,73429.435546875
1057,83393.7,83643.2,83384.8,83617.9,18477.0,84260.0078125,11181.75,11181.75,73078.2578125,0.0,73078.2578125
1058,83616.3,83796.2,83572.4,83765.2,20164.0,84293.0859375,11742.5498046875,11742.5498046875,72550.5361328125,0.0,72550.5361328125
1059,83761.1,83769.4,83530.7,83549.3,9553.0,84309.2421875,11907.650390625,11907.650390625,72401.591796875,0.0,72401.591796875
1060,83552.4,83699.9,83552.4,83664.0,8323.0,84305.1953125,11900.1005859375,11900.099609375,72405.0947265625,0.0009765625,72405.095703125
1061,83663.9,83696.4,83552.1,83583.8,8161.0,84282.484375,11723.650390625,11723.650390625,72558.833984375,0.0,72558.833984375
1062,83581.5,83617.6,83483.5,83502.9,9247.0,84237.40625,10625.7001953125,10625.7001953125,73611.7060546875,0.0,73611.7060546875
1063,83498.6,83528.3,83410.5,83410.5,6310.0,84178.7890625,10288.150390625,10288.150390625,73890.638671875,0.0,73890.638671875
1064,83419.0,83419.1,83243.2,83355.1,44546.0,84147.4296875,12054.75,12054.75,72092.6796875,0.0,72092.6796875
1065,83365.5,83365.5,83137.7,83245.0,10509.0,84100.7109375,12246.9501953125,12246.9501953125,71853.7607421875,0.0,71853.7607421875
1066,83244.9,83472.3,83217.3,83376.4,11346.0,84064.1484375,12439.3505859375,12439.349609375,71624.7978515625,0.0009765625,71624.798828125
1067,83379.7,83599.9,83379.7,83593.4,5674.0,84029.6875,12460.25,12460.25,71569.4375,0.0,71569.4375
1068,83593.4,83810.5,83593.4,83773.3,12094.0,83965.1484375,11283.3505859375,11283.349609375,72681.7978515625,0.0009765625,72681.798828125
1069,83778.5,83884.0,83778.5,83853.8,8720.0,83925.90625,11401.3505859375,11401.349609375,72524.5556640625,0.0009765625,72524.556640625
1070,83856.0,83932.0,83741.5,83919.5,6771.0,83833.765625,11051.900390625,11051.900390625,72781.865234375,0.0,72781.865234375
1071,83916.6,84107.5,83916.6,84096.0,22793.0,83727.8671875,11968.5,11968.5,71759.3671875,0.0,71759.3671875
1072,84094.0,84469.1,84059.2,84469.1,44748.0,83637.4296875,13658.9501953125,13658.9501953125,69978.4794921875,0.0,69978.4794921875
1073,84469.1,84537.4,84331.0,84471.8,17837.0,83574.3359375,14177.7998046875,14177.7998046875,69396.5361328125,0.0,69396.5361328125
1074,84468.2,84514.9,84353.3,84407.5,7191.0,83459.9921875,14310.4501953125,14310.4501953125,69149.5419921875,0.0,69149.5419921875
1075,84405.0,84594.4,84400.8,84531.8,17853.0,83395.640625,14975.150390625,14975.150390625,68420.490234375,0.0,68420.490234375
1076,84531.8,84779.9,84531.8,84728.3,10834.0,83335.625,15057.5498046875,15057.5498046875,68278.0751953125,0.0,68278.0751953125
1077,84726.2,84730.2,84553.1,84639.2,8104.0,83305.6015625,14538.900390625,14538.900390625,68766.701171875,0.0,68766.701171875
1078,84645.4,84843.4,84645.4,84788.6,6836.0,83317.2734375,13872.5,13872.5,69444.7734375,0.0,69444.7734375
1079,84802.4,84937.8,84788.9,84921.0,9863.0,83354.1171875,13888.0,13888.0,69466.1171875,0.0,69466.1171875
1080,84921.0,84963.5,84713.3,84825.4,29305.0,83400.875,14937.1005859375,14937.099609375,68463.7744140625,0.0009765625,68463.775390625
1081,84825.4,84832.5,84578.6,84643.4,31444.0,83488.484375,16101.25,16101.25,67387.234375,0.0,67387.234375
1082,84648.7,84856.0,84635.0,84707.8,12198.0,83576.8125,16248.7998046875,16248.7998046875,67328.0126953125,0.0,67328.0126953125
1083,84713.1,84934.3,84713.1,84924.9,22912.0,83686.0859375,17078.900390625,17078.900390625,66607.185546875,0.0,66607.185546875
1084,84924.9,85000.0,84870.7,84992.2,7445.0,83794.4453125,15223.8505859375,15223.849609375,68570.5947265625,0.0009765625,68570.595703125
1085,84988.3,85033.8,84865.2,84981.3,7177.0,83891.328125,15057.25,15057.25,68834.078125,0.0,68834.078125
1086,84981.5,85175.3,84981.5,85131.6,10751.0,84008.0078125,15027.5,15027.5,68980.5078125,0.0,68980.5078125
1087,85132.1,85495.4,85088.0,85405.6,32002.0,84120.390625,16343.900390625,16343.900390625,67776.490234375,0.0,67776.490234375
1088,85414.1,85414.1,85208.4,85305.7,15830.0,84256.515625,16530.701171875,16530.69921875,67725.814453125,0.001953125,67725.81640625
1089,85305.7,85471.1,85301.4,85384.0,5496.0,84378.09375,16369.5,16369.5,68008.59375,0.0,68008.59375
1090,85383.9,85383.9,85109.7,85229.7,15122.0,84475.5,16787.05078125,16787.05078125,67688.44921875,0.0,67688.44921875
1091,85228.3,85329.5,85143.0,85234.0,10143.0,84580.96875,16154.5498046875,16154.5498046875,68426.4189453125,0.0,68426.4189453125
1092,85242.4,85311.9,85073.9,85155.1,14359.0,84637.546875,14635.1005859375,14635.099609375,70002.4462890625,0.0009765625,70002.447265625
1093,85166.3,85242.2,85024.3,85132.6,10146.0,84679.4453125,14250.5498046875,14250.5498046875,70428.8955078125,0.0,70428.8955078125
1094,85162.9,85233.7,85104.3,85130.0,9191.0,84706.9453125,14350.5498046875,14350.5498046875,70356.3955078125,0.0,70356.3955078125
1095,85131.1,85316.6,85120.1,85194.0,7822.0,84702.2421875,13849.0,13849.0,70853.2421875,0.0,70853.2421875
1096,85201.8,85285.2,85079.0,85131.4,8329.0,84715.515625,13723.75,13723.75,70991.765625,0.0,70991.765625
1097,85160.4,85295.5,84984.1,85144.8,17961.0,84726.3359375,14216.6005859375,14216.599609375,70509.7353515625,0.0009765625,70509.736328125
1098,85144.8,85407.8,85127.1,85361.0,17528.0,84720.7734375,14751.2001953125,14751.2001953125,69969.5732421875,0.0,69969.5732421875
1099,85361.0,85448.1,85123.2,85123.2,8249.0,84700.578125,14670.5,14670.5,70030.078125,0.0,70030.078125
1100,85123.2,85130.6,84951.8,85037.8,10494.0,84677.4140625,13729.9501953125,13729.9501953125,70947.4638671875,0.0,70947.4638671875
1101,85042.0,85250.6,85016.8,85054.9,12391.0,84648.4140625,12777.2998046875,12777.2998046875,71871.1142578125,0.0,71871.1142578125
1102,85063.5,85277.3,85063.5,85188.7,10834.0,84626.0859375,12709.1005859375,12709.099609375,71916.9853515625,0.0009765625,71916.986328125
1103,85187.8,85337.9,85118.3,85337.9,10198.0,84598.625,12073.400390625,12073.400390625,72525.224609375,0.0,72525.224609375
1104,85346.5,85444.5,85329.2,85392.6,13602.0,84566.4921875,12381.25,12381.25,72185.2421875,0.0,72185.2421875
1105,85393.9,85561.9,85319.7,85418.8,11914.0,84547.4375,12618.1005859375,12618.099609375,71929.3369140625,0.0009765625,71929.337890625
1106,85417.8,85429.4,85300.1,85300.4,8748.0,84504.1796875,12517.9501953125,12517.9501953125,71986.2294921875,0.0,71986.2294921875
1107,85300.0,85300.0,85090.5,85152.2,6980.0,84483.65625,11266.8505859375,11266.849609375,73216.8056640625,0.0009765625,73216.806640625
1108,85153.2,85165.3,85047.3,85085.0,10597.0,84470.75,11005.2001953125,11005.2001953125,73465.5498046875,0.0,73465.5498046875
1109,85085.0,85226.7,85085.0,85199.7,8634.0,84449.5859375,11162.1005859375,11162.099609375,73287.4853515625,0.0009765625,73287.486328125
1110,85195.7,85336.2,85195.7,85319.5,6052.0,84438.1640625,10708.6005859375,10708.599609375,73729.5634765625,0.0009765625,73729.564453125
1111,85325.4,85429.3,85285.5,85289.7,7594.0,84432.6875,10581.150390625,10581.150390625,73851.537109375,0.0,73851.537109375
1112,85285.6,85346.4,85205.0,85346.4,5640.0,84443.203125,10145.2001953125,10145.2001953125,74298.0029296875,0.0,74298.0029296875
1113,85342.2,85423.8,85333.7,85423.7,8240.0,84455.9453125,10049.900390625,10049.900390625,74406.044921875,0.0,74406.044921875
1114,85410.8,85471.1,85387.4,85430.1,7198.0,84481.296875,9950.25,9950.25,74531.046875,0.0,74531.046875
1115,85426.0,85471.1,85315.3,85394.0,5488.0,84519.0234375,9833.5498046875,9833.5498046875,74685.4736328125,0.0,74685.4736328125
1116,85397.6,85463.6,85352.0,85463.6,7635.0,84547.3125,9798.8505859375,9798.849609375,74748.4619140625,0.0009765625,74748.462890625
1117,85471.1,85471.1,85238.8,85252.8,8913.0,84539.8203125,9346.4501953125,9346.4501953125,75193.3701171875,0.0,75193.3701171875
1118,85247.5,85285.1,85058.4,85130.4,12347.0,84534.6171875,9087.400390625,9087.400390625,75447.216796875,0.0,75447.216796875
1119,85139.0,85276.5,85129.6,85169.9,15130.0,84500.0703125,9431.4501953125,9431.4501953125,75068.6201171875,0.0,75068.6201171875
1120,85181.6,85200.2,85075.3,85088.0,8698.0,84458.28125,9341.650390625,9341.650390625,75116.630859375,0.0,75116.630859375
1121,85088.0,85200.0,84990.6,85200.0,18433.0,84394.9921875,9643.75,9643.75,74751.2421875,0.0,74751.2421875
1122,85200.0,85268.6,85181.8,85237.4,5815.0,84339.2578125,9392.7998046875,9392.7998046875,74946.4580078125,0.0,74946.4580078125
1123,85240.1,85268.1,85166.9,85205.4,5931.0,84311.2578125,9179.4501953125,9179.4501953125,75131.8076171875,0.0,75131.8076171875
1124,85198.0,85198.4,85125.6,85172.6,3847.0,84286.15625,8691.7001953125,8691.7001953125,75594.4560546875,0.0,75594.4560546875
1125,85173.4,85384.5,85173.4,85335.4,18953.0,84273.0234375,9043.650390625,9043.650390625,75229.373046875,0.0,75229.373046875
1126,85343.1,85349.8,85102.7,85181.6,8900.0,84269.3515625,9051.25,9051.25,75218.1015625,0.0,75218.1015625
1127,85186.6,85246.2,85127.0,85230.2,5599.0,84259.5234375,8982.2001953125,8982.2001953125,75277.3232421875,0.0,75277.3232421875
1128,85224.5,85288.6,85170.3,85281.0,4742.0,84239.09375,8689.4501953125,8689.4501953125,75549.6435546875,0.0,75549.6435546875
1129,85281.0,85355.8,85279.4,85318.8,9746.0,84218.078125,8745.0498046875,8745.0498046875,75473.0283203125,0.0,75473.0283203125
1130,85318.7,85318.7,85180.9,85189.8,5384.0,84216.4375,8711.650390625,8711.650390625,75504.787109375,0.0,75504.787109375
1131,85183.3,85269.7,85161.6,85223.7,6086.0,84204.7578125,8636.25,8636.25,75568.5078125,0.0,75568.5078125
1132,85222.7,85222.7,85020.0,85020.0,7734.0,84219.640625,8740.9501953125,8740.9501953125,75478.6904296875,0.0,75478.6904296875
1133,85006.4,85052.3,84906.1,84906.1,7145.0,84248.34375,8686.2001953125,8686.2001953125,75562.1435546875,0.0,75562.1435546875
1134,84905.8,84951.2,84779.9,84868.0,12524.0,84288.8671875,8952.5,8952.5,75336.3671875,0.0,75336.3671875
1135,84860.9,85071.5,84860.9,84990.3,8568.0,84341.6796875,9106.5,9106.5,75235.1796875,0.0,75235.1796875
1136,84988.0,84988.0,84879.2,84910.6,8412.0,84394.765625,9145.3505859375,9145.349609375,75249.4150390625,0.0009765625,75249.416015625
1137,84910.7,84992.1,84867.1,84961.3,5568.0,84462.3671875,8978.1005859375,8978.099609375,75484.2666015625,0.0009765625,75484.267578125
1138,84957.2,85017.6,84882.3,84901.1,4003.0,84514.1171875,8560.900390625,8560.900390625,75953.216796875,0.0,75953.216796875
1139,84897.8,84949.5,84831.7,84855.1,9828.0,84581.2109375,8295.7998046875,8295.7998046875,76285.4111328125,0.0,76285.4111328125
1140,84871.0,84949.6,84782.5,84790.1,4940.0,84662.4296875,8107.89990234375,8107.89990234375,76554.52978515625,0.0,76554.52978515625
1141,84788.3,84808.4,84700.0,84751.4,8883.0,84749.9296875,7630.39990234375,7630.39990234375,77119.52978515625,0.0,77119.52978515625
1142,84754.7,84754.7,84570.5,84612.5,12330.0,84829.2421875,7956.14990234375,7956.14990234375,76873.09228515625,0.0,76873.09228515625
1143,84604.1,84637.0,84327.4,84423.9,40936.0,84884.8359375,9706.400390625,9706.400390625,75178.435546875,0.0,75178.435546875
1144,84420.7,84420.7,84208.6,84229.8,10888.0,84910.421875,10058.4501953125,10058.4501953125,74851.9716796875,0.0,74851.9716796875
1145,84229.8,84290.6,84004.7,84024.3,17100.0,84924.0078125,9965.7998046875,9965.7998046875,74958.2080078125,0.0,74958.2080078125
1146,84012.6,84258.9,83913.9,84150.8,11053.0,84921.0234375,10073.4501953125,10073.4501953125,74847.5732421875,0.0,74847.5732421875
1147,84150.8,84159.2,83900.0,83998.3,31858.0,84917.4609375,11386.400390625,11386.400390625,73531.060546875,0.0,73531.060546875
1148,83998.4,84009.6,83758.2,83909.4,21347.0,84925.2734375,12216.650390625,12216.650390625,72708.623046875,0.0,72708.623046875
1149,83909.5,84162.2,83873.9,84122.5,18923.0,84930.046875,12675.5,12675.5,72254.546875,0.0,72254.546875
1150,84122.4,84122.4,83911.3,83937.3,10531.0,84921.4296875,12932.8505859375,12932.849609375,71988.5791015625,0.0009765625,71988.580078125
1151,83951.5,84061.3,83783.2,83928.5,11695.0,84910.109375,13213.2998046875,13213.2998046875,71696.8095703125,0.0,71696.8095703125
1152,83934.7,83934.7,83774.4,83783.4,7850.0,80916.375,13219.1005859375,13219.099609375,67697.2744140625,0.0009765625,67697.275390625
1153,83792.7,83857.4,83586.1,83627.4,36647.0,76874.6015625,14694.2001953125,14694.2001953125,62180.4013671875,0.0,62180.4013671875
1154,83623.2,83674.0,83547.0,83663.7,8006.0,72895.9921875,14468.2998046875,14468.2998046875,58427.6923828125,0.0,58427.6923828125
1155,83660.6,83695.7,83545.4,83676.7,7245.0,68830.3828125,14402.150390625,14402.150390625,54428.232421875,0.0,54428.232421875
1156,83682.7,83777.7,83607.0,83716.5,13175.0,64751.38671875,14640.2998046875,14640.2998046875,50111.0869140625,0.0,50111.0869140625
1157,83715.4,83715.4,83408.4,83449.0,20753.0,60679.71875,15399.5498046875,15399.5498046875,45280.1689453125,0.0,45280.1689453125
1158,83446.0,83498.2,83387.0,83480.7,13874.0,56774.6640625,15893.1005859375,15893.099609375,40881.5634765625,0.0009765625,40881.564453125
1159,83493.3,83525.2,83452.6,83455.1,6233.0,52790.3125,15713.3505859375,15713.349609375,37076.9619140625,0.0009765625,37076.962890625
1160,83471.8,83471.8,83291.7,83334.0,12585.0,48743.68359375,16095.6005859375,16095.599609375,32648.0830078125,0.0009765625,32648.083984375
1161,83342.4,83617.9,83325.6,83576.7,11625.0,44888.578125,16232.7001953125,16232.7001953125,28655.8779296875,0.0,28655.8779296875
1162,83584.9,83594.5,83415.2,83489.9,7671.0,41071.61328125,15999.75,15999.75,25071.86328125,0.0,25071.86328125
1163,83460.4,83604.4,83436.0,83525.7,6586.0,37370.26171875,14282.25,14282.25,23088.01171875,0.0,23088.01171875
1164,83525.8,83653.4,83477.7,83620.6,9151.0,33461.09375,14195.400390625,14195.400390625,19265.693359375,0.0,19265.693359375
1165,83629.0,83964.9,83580.7,83882.4,25524.0,29398.060546875,14616.6005859375,14616.599609375,14781.4599609375,0.0009765625,14781.4609375
1166,83890.1,83915.8,83752.2,83793.9,9105.0,25697.384765625,14519.2001953125,14519.2001953125,11178.1845703125,0.0,11178.1845703125
1167,83798.6,83938.7,83798.5,83880.9,12169.0,21891.5546875,13534.75,13534.75,8356.8046875,0.0,8356.8046875
1168,83881.0,84189.7,83881.0,84072.7,17582.0,17863.583984375,13346.5,13346.5,4517.083984375,0.0,4517.083984375
1169,84072.6,84110.0,83977.5,84070.0,8548.0,13857.9755859375,12827.75,12827.75,1030.2255859375,0.0,1030.2255859375
1170,84066.4,84172.1,83973.2,84144.1,11358.0,9988.1904296875,12869.1005859375,12869.099609375,2880.91015625,0.0009765625,2880.9091796875
1171,84139.7,84290.6,84139.7,84254.7,9421.0,6042.85009765625,12755.400390625,12755.400390625,6712.55029296875,0.0,6712.55029296875
1172,84258.5,84413.2,84225.4,84413.2,12062.0,6132.05029296875,12966.0,12966.0,6833.94970703125,0.0,6833.94970703125
1173,84413.2,84433.4,84171.6,84195.6,15662.0,6072.25,11916.75,11916.75,5844.5,0.0,5844.5
1174,84200.2,84304.5,84200.2,84296.3,3366.0,5915.60009765625,11684.75,11684.75,5769.14990234375,0.0,5769.14990234375
1175,84296.4,84338.8,84269.6,84338.8,8487.0,5817.14990234375,11746.8505859375,11746.849609375,5929.70068359375,0.0009765625,5929.69970703125
1176,84347.4,84581.3,84347.4,84485.4,12701.0,5946.25,11723.150390625,11723.150390625,5776.900390625,0.0,5776.900390625
1177,84487.4,84546.4,84484.0,84509.9,5394.0,5960.9501953125,10955.2001953125,10955.2001953125,4994.25,0.0,4994.25
1178,84509.9,84590.6,84498.0,84536.8,6268.0,5907.30029296875,10574.900390625,10574.900390625,4667.60009765625,0.0,4667.60009765625
1179,84533.6,84566.9,84485.3,84517.0,5349.0,6105.55029296875,10530.7001953125,10530.7001953125,4425.14990234375,0.0,4425.14990234375
1180,84524.8,84553.9,84337.7,84382.3,14614.0,8401.6005859375,10632.150390625,10632.150390625,2230.5498046875,0.0,2230.5498046875
1181,84392.1,84400.7,84168.8,84349.4,33939.0,8292.25,11747.8505859375,11747.849609375,3455.6005859375,0.0009765625,3455.599609375
1182,84365.0,84388.0,84278.7,84349.9,6606.0,7954.2001953125,11694.6005859375,11694.599609375,3740.400390625,0.0009765625,3740.3994140625
1183,84345.6,84472.3,84345.6,84462.4,5434.0,7545.25,11637.0,11637.0,4091.75,0.0,4091.75
1184,84465.5,84531.8,84428.4,84529.1,16535.0,7334.64990234375,12006.2001953125,12006.2001953125,4671.55029296875,0.0,4671.55029296875
1185,84532.3,84587.4,84397.0,84448.4,7372.0,7339.39990234375,11098.6005859375,11098.599609375,3759.20068359375,0.0009765625,3759.19970703125
1186,84452.6,84506.9,84426.9,84432.8,6998.0,7122.85009765625,10993.25,10993.25,3870.39990234375,0.0,3870.39990234375
1187,84436.5,84559.0,84403.6,84559.0,5150.0,6926.05029296875,10642.2998046875,10642.2998046875,3716.24951171875,0.0,3716.24951171875
1188,84559.0,85041.7,84547.6,84927.3,23950.0,7025.10009765625,10960.7001953125,10960.7001953125,3935.60009765625,0.0,3935.60009765625
1189,84929.4,85082.1,84766.9,84804.0,12416.0,7424.35009765625,11154.1005859375,11154.099609375,3729.75048828125,0.0009765625,3729.74951171875
1190,84803.0,85016.3,84803.0,84878.2,11871.0,7439.7001953125,11179.75,11179.75,3740.0498046875,0.0,3740.0498046875
1191,84877.0,84977.4,84773.4,84844.7,7295.0,8079.0,11073.4501953125,11073.4501953125,2994.4501953125,0.0,2994.4501953125
1192,84851.2,84856.0,84676.1,84707.5,12813.0,7947.7001953125,11111.0,11111.0,3163.2998046875,0.0,3163.2998046875
1193,84720.3,84870.1,84720.3,84795.0,5609.0,8270.8505859375,10608.3505859375,10608.349609375,2337.5,0.0009765625,2337.4990234375
1194,84777.9,84777.9,84558.1,84683.4,7423.0,8391.7001953125,10811.2001953125,10811.2001953125,2419.5,0.0,2419.5
1195,84666.5,84714.0,84598.9,84711.8,5164.0,8765.2001953125,10645.0498046875,10645.0498046875,1879.849609375,0.0,1879.849609375
1196,84707.5,84745.1,84601.9,84646.0,5867.0,15319.0498046875,10303.3505859375,10303.349609375,5015.69921875,0.0009765625,5015.7001953125
1197,84645.3,84657.8,84504.9,84595.3,6202.0,15333.7001953125,10343.75,10343.75,4989.9501953125,0.0,4989.9501953125
1198,84584.1,84642.0,84556.9,84621.6,3858.0,15429.2001953125,10223.25,10223.25,5205.9501953125,0.0,5205.9501953125
1199,84612.8,84636.4,84562.6,84574.1,6899.0,16817.25,10300.75,10300.75,6516.5,0.0,6516.5
1200,84579.3,84653.4,84561.3,84595.8,4130.0,14668.3505859375,9776.5498046875,9776.5498046875,4891.80078125,0.0,4891.80078125
1201,84601.0,84657.3,84428.3,84428.3,6261.0,14654.9501953125,8392.650390625,8392.650390625,6262.2998046875,0.0,6262.2998046875
1202,84432.6,84573.7,84432.6,84560.2,7631.0,14771.900390625,8443.900390625,8443.900390625,6328.0,0.0,6328.0
1203,84547.6,84699.9,84523.2,84684.8,5995.0,15170.7998046875,8471.9501953125,8471.9501953125,6698.849609375,0.0,6698.849609375
1204,84689.0,84767.0,84628.4,84749.9,10380.0,15291.3505859375,8164.2001953125,8164.2001953125,7127.150390625,0.0,7127.150390625
1205,84752.5,84798.4,84665.3,84666.3,4803.0,15423.1005859375,8035.75,8035.75,7387.3505859375,0.0,7387.3505859375
1206,84668.5,84668.5,84573.8,84594.9,4486.0,15328.8505859375,7910.14990234375,7910.14990234375,7418.70068359375,0.0,7418.70068359375
1207,84603.5,84632.9,84568.0,84579.0,5117.0,15436.2998046875,7908.5,7908.5,7527.7998046875,0.0,7527.7998046875
1208,84574.0,84622.8,84543.6,84622.8,4226.0,15327.8505859375,6922.30029296875,6922.2998046875,8405.55029296875,0.00048828125,8405.55078125
1209,84622.8,84838.7,84622.8,84818.8,6063.0,14882.2998046875,6604.64990234375,6604.64990234375,8277.64990234375,0.0,8277.64990234375
1210,84823.0,84893.5,84713.3,84753.6,5369.0,14943.7001953125,6279.55029296875,6279.5498046875,8664.14990234375,0.00048828125,8664.150390625
1211,84753.5,84787.4,84651.2,84735.2,7993.0,14212.2001953125,6314.4501953125,6314.4501953125,7897.75,0.0,7897.75
1212,84736.2,84751.3,84611.1,84628.1,3401.0,14280.5,5843.85009765625,5843.85009765625,8436.64990234375,0.0,8436.64990234375
1213,84619.0,84619.0,84500.1,84528.5,5541.0,13966.900390625,5840.4501953125,5840.4501953125,8126.4501953125,0.0,8126.4501953125
1214,84515.0,84601.6,84491.5,84564.8,4341.0,13942.900390625,5686.35009765625,5686.35009765625,8256.55029296875,0.0,8256.55029296875
1215,84560.6,84560.6,84477.0,84550.4,4307.0,13739.150390625,5643.5,5643.5,8095.650390625,0.0,8095.650390625
1216,84559.1,84682.5,84556.3,84682.5,3839.0,7081.0,5542.10009765625,5542.10009765625,1538.89990234375,0.0,1538.89990234375
1217,84686.6,84718.5,84635.9,84718.5,4857.0,7026.30029296875,5474.85009765625,5474.85009765625,1551.4501953125,0.0,1551.4501953125
1218,84709.0,84710.8,84545.8,84555.3,3550.0,7155.4501953125,5459.4501953125,5459.4501953125,1696.0,0.0,1696.0
1219,84571.0,84762.2,84567.1,84759.5,4013.0,5723.35009765625,5315.14990234375,5315.14990234375,408.2001953125,0.0,408.2001953125
1220,84759.5,84912.6,84702.4,84889.8,5755.0,5870.89990234375,5396.39990234375,5396.39990234375,474.5,0.0,474.5
1221,84896.8,84968.5,84896.8,84961.3,5503.0,5726.75,5358.5,5358.5,368.25,0.0,368.25
1222,84960.5,85023.8,84845.7,84852.6,7672.0,5766.39990234375,5360.55029296875,5360.5498046875,405.849609375,0.00048828125,405.85009765625
1223,84871.0,84892.0,84759.8,84883.9,8826.0,5390.7001953125,5502.10009765625,5502.10009765625,111.39990234375,0.0,111.39990234375
1224,84884.9,84952.4,84811.6,84914.5,4672.0,5330.35009765625,5216.7001953125,5216.7001953125,113.64990234375,0.0,113.64990234375
1225,84901.7,85024.2,84901.7,84973.7,4123.0,5268.80029296875,5182.7001953125,5182.7001953125,86.10009765625,0.0,86.10009765625
1226,84970.0,85009.0,84947.1,84955.7,3577.0,5321.14990234375,5137.25,5137.25,183.89990234375,0.0,183.89990234375
1227,84969.0,84973.7,84936.4,84937.4,2647.0,5258.80029296875,5013.75,5013.75,245.05029296875,0.0,245.05029296875
1228,84937.3,84937.3,84827.7,84882.3,4596.0,5170.85009765625,5032.25,5032.25,138.60009765625,0.0,138.60009765625
1229,84882.2,84925.0,84868.6,84895.3,4052.0,5114.5,4931.7001953125,4931.7001953125,182.7998046875,0.0,182.7998046875
1230,84895.3,84998.5,84866.9,84877.4,5019.0,4874.75,4914.2001953125,4914.2001953125,39.4501953125,0.0,39.4501953125
1231,84888.3,84905.0,84702.6,84719.9,7820.0,4960.5,4905.55029296875,4905.5498046875,54.94970703125,0.00048828125,54.9501953125
1232,84719.9,84799.6,84676.5,84744.1,7162.0,8153.4501953125,5093.60009765625,5093.60009765625,3059.85009765625,0.0,3059.85009765625
1233,84742.8,84769.3,84649.4,84658.7,5654.0,8185.14990234375,5099.25,5099.25,3085.89990234375,0.0,3085.89990234375
1234,84647.0,84680.1,84620.4,84639.7,3991.0,8137.89990234375,5081.75,5081.75,3056.14990234375,0.0,3056.14990234375
1235,84639.8,84730.1,84639.8,84730.1,6066.0,8020.55029296875,5169.7001953125,5169.7001953125,2850.85009765625,0.0,2850.85009765625
1236,84732.8,84841.4,84732.8,84758.0,4764.0,7955.5,5215.9501953125,5215.9501953125,2739.5498046875,0.0,2739.5498046875
1237,84757.9,84819.6,84709.7,84816.7,4422.0,7887.0,5194.2001953125,5194.2001953125,2692.7998046875,0.0,2692.7998046875
1238,84819.6,84872.1,84814.6,84855.0,3554.0,7534.5,5194.39990234375,5194.39990234375,2340.10009765625,0.0,2340.10009765625
1239,84850.0,84855.7,84745.7,84745.7,4365.0,7552.75,5212.0,5212.0,2340.75,0.0,2340.75
1240,84744.6,84772.2,84679.9,84681.8,6231.0,7198.14990234375,5235.80029296875,5235.7998046875,1962.349609375,0.00048828125,1962.35009765625
1241,84682.2,84696.8,84600.0,84659.2,4135.0,7426.7001953125,5167.39990234375,5167.39990234375,2259.30029296875,0.0,2259.30029296875
1242,84666.3,84700.8,84633.6,84657.1,4495.0,7336.75,5008.55029296875,5008.5498046875,2328.19970703125,0.00048828125,2328.2001953125
1243,84657.4,84657.4,84437.4,84445.4,12001.0,7546.2001953125,5167.30029296875,5167.2998046875,2378.89990234375,0.00048828125,2378.900390625
1244,84445.5,84470.5,84350.9,84440.0,5845.0,7519.10009765625,5225.9501953125,5225.9501953125,2293.14990234375,0.0,2293.14990234375
1245,84447.1,84447.3,84342.6,84383.2,10287.0,7373.2001953125,5534.14990234375,5534.14990234375,1839.05029296875,0.0,1839.05029296875
1246,84378.9,84403.2,84241.3,84274.8,6575.0,7378.30029296875,5684.05029296875,5684.0498046875,1694.25,0.00048828125,1694.25048828125
1247,84270.6,84367.3,84225.5,84367.2,6615.0,7327.39990234375,5882.4501953125,5882.4501953125,1444.94970703125,0.0,1444.94970703125
1248,84367.2,84430.8,84293.0,84388.3,8113.0,7804.64990234375,6058.30029296875,6058.2998046875,1746.349609375,0.00048828125,1746.35009765625
1249,84388.2,84442.1,84332.8,84377.2,4869.0,7980.05029296875,6099.14990234375,6099.14990234375,1880.900390625,0.0,1880.900390625
1250,84369.0,84404.5,84304.8,84324.8,6715.0,8189.2001953125,6183.9501953125,6183.9501953125,2005.25,0.0,2005.25
1251,84316.3,84316.3,84249.3,84256.0,5524.0,8075.64990234375,6069.14990234375,6069.14990234375,2006.5,0.0,2006.5
1252,84250.1,84307.1,84178.8,84238.0,9858.0,4922.05029296875,6203.9501953125,6203.9501953125,1281.89990234375,0.0,1281.89990234375
1253,84240.4,84240.4,84116.7,84120.3,4542.0,5308.05029296875,6148.35009765625,6148.35009765625,840.2998046875,0.0,840.2998046875
1254,84117.0,84193.2,84063.2,84170.8,5030.0,42859.19921875,6200.30029296875,6200.2998046875,36658.89892578125,0.00048828125,36658.8994140625
1255,84176.1,84361.3,84176.1,84345.3,4132.0,44571.40234375,6103.60009765625,6103.60009765625,38467.80224609375,0.0,38467.80224609375
1256,84345.3,84359.7,84245.5,84254.0,5754.0,45721.05078125,6153.10009765625,6153.10009765625,39567.95068359375,0.0,39567.95068359375
1257,84254.1,84266.7,84165.4,84204.8,2063.0,46269.90234375,6035.14990234375,6035.14990234375,40234.75244140625,0.0,40234.75244140625
1258,84226.0,84268.1,84196.0,84207.2,3810.0,46780.65234375,6047.9501953125,6047.9501953125,40732.7021484375,0.0,40732.7021484375
1259,84188.2,84224.2,84179.5,84209.9,3738.0,47515.90234375,6016.60009765625,6016.60009765625,41499.30224609375,0.0,41499.30224609375
1260,84202.7,84268.2,84175.1,84237.9,6033.0,48642.6015625,6006.7001953125,6006.7001953125,42635.9013671875,0.0,42635.9013671875
1261,84234.1,84366.1,84194.6,84335.2,5805.0,48604.8515625,6090.2001953125,6090.2001953125,42514.6513671875,0.0,42514.6513671875
1262,84335.2,84340.4,84206.4,84239.7,8218.0,49137.75,6276.35009765625,6276.35009765625,42861.39990234375,0.0,42861.39990234375
1263,84239.6,84345.5,84214.1,84315.6,7880.0,49762.05078125,6070.30029296875,6070.2998046875,43691.75048828125,0.00048828125,43691.7509765625
1264,84320.8,84320.8,84181.8,84186.3,3710.0,49919.94921875,5963.55029296875,5963.5498046875,43956.39892578125,0.00048828125,43956.3994140625
1265,84182.0,84194.1,84034.7,84063.0,19380.0,50129.40234375,6418.2001953125,6418.2001953125,43711.2021484375,0.0,43711.2021484375
1266,84063.1,84101.4,84000.2,84000.2,12074.0,50888.40234375,6693.14990234375,6693.14990234375,44195.25244140625,0.0,44195.25244140625
1267,84000.0,84074.3,83904.3,83904.3,9397.0,50874.55078125,6832.25,6832.25,44042.30078125,0.0,44042.30078125
1268,83900.0,83929.4,83857.1,83916.3,8282.0,51879.8515625,6840.7001953125,6840.7001953125,45039.1513671875,0.0,45039.1513671875
1269,83933.1,83933.1,83883.7,83920.2,6761.0,52016.75,6935.30029296875,6935.2998046875,45081.44970703125,0.00048828125,45081.4501953125
1270,83919.3,84011.8,83919.3,84011.8,17995.0,52114.65234375,7499.30029296875,7499.2998046875,44615.35205078125,0.00048828125,44615.3525390625
1271,84011.9,84094.0,84011.9,84092.7,4472.0,52272.05078125,7446.7001953125,7446.7001953125,44825.3505859375,0.0,44825.3505859375
1272,84092.6,84344.8,84090.7,84217.9,10984.0,52265.0,7503.0,7503.0,44762.0,0.0,44762.0
1273,84214.3,84214.3,84078.0,84117.3,6081.0,51971.5,7579.9501953125,7579.9501953125,44391.5498046875,0.0,44391.5498046875
1274,84121.5,84198.6,84121.5,84192.3,3944.0,14458.4501953125,7525.64990234375,7525.64990234375,6932.80029296875,0.0,6932.80029296875
1275,84207.3,84212.4,84004.8,84004.8,13441.0,12720.9501953125,7991.10009765625,7991.10009765625,4729.85009765625,0.0,4729.85009765625
1276,83992.1,83996.7,83929.0,83961.3,6353.0,12173.5,8021.05029296875,8021.0498046875,4152.44970703125,0.00048828125,4152.4501953125
1277,83966.4,83971.6,83877.7,83931.0,4186.0,12687.650390625,8127.2001953125,8127.2001953125,4560.4501953125,0.0,4560.4501953125
1278,83914.8,83940.5,83848.1,83859.0,4120.0,13187.0498046875,8142.7001953125,8142.7001953125,5044.349609375,0.0,5044.349609375
1279,83850.6,83892.0,83769.8,83826.0,7933.0,13701.400390625,8352.4501953125,8352.4501953125,5348.9501953125,0.0,5348.9501953125
1280,83822.0,83848.0,83750.0,83818.8,6358.0,13766.650390625,8368.7001953125,8368.7001953125,5397.9501953125,0.0,5397.9501953125
1281,83820.1,83849.7,83779.1,83828.8,7407.0,13894.4501953125,8448.7998046875,8448.7998046875,5445.650390625,0.0,5445.650390625
1282,83828.6,83891.3,83780.3,83853.9,7302.0,13926.400390625,8403.0,8403.0,5523.400390625,0.0,5523.400390625
1283,83843.7,83866.5,83708.9,83713.4,5583.0,13447.8505859375,8288.150390625,8288.150390625,5159.7001953125,0.0,5159.7001953125
1284,83713.3,83713.3,83641.8,83693.4,6586.0,14419.4501953125,8431.9501953125,8431.9501953125,5987.5,0.0,5987.5
1285,83700.0,83852.0,83700.0,83848.3,8200.0,16899.451171875,7872.9501953125,7872.9501953125,9026.5009765625,0.0,9026.5009765625
1286,83855.8,83905.9,83831.3,83862.8,3187.0,17028.25,7428.60009765625,7428.60009765625,9599.64990234375,0.0,9599.64990234375
1287,83872.8,83872.9,83650.6,83650.6,4158.0,17814.30078125,7166.64990234375,7166.64990234375,10647.65087890625,0.0,10647.65087890625
1288,83650.5,83652.1,83588.0,83647.7,5952.0,17297.451171875,7050.14990234375,7050.14990234375,10247.30126953125,0.0,10247.30126953125
1289,83645.7,83645.7,83500.1,83538.1,5771.0,17154.75,7000.64990234375,7000.64990234375,10154.10009765625,0.0,10154.10009765625
1290,83535.1,83580.0,83469.8,83503.7,7573.0,17897.900390625,6479.55029296875,6479.5498046875,11418.35009765625,0.00048828125,11418.3505859375
1291,83513.7,83580.8,83482.9,83560.0,4075.0,18071.349609375,6459.7001953125,6459.7001953125,11611.6494140625,0.0,11611.6494140625
1292,83558.1,83583.9,83455.7,83472.6,4779.0,18126.599609375,6149.4501953125,6149.4501953125,11977.1494140625,0.0,11977.1494140625
1293,83475.7,83697.7,83460.8,83697.7,7239.0,18155.349609375,6207.35009765625,6207.35009765625,11947.99951171875,0.0,11947.99951171875
1294,83699.2,83728.7,83561.3,83568.8,3836.0,18217.5,6201.9501953125,6201.9501953125,12015.5498046875,0.0,12015.5498046875
1295,83575.0,83868.0,83575.0,83768.7,8085.0,18587.599609375,5934.14990234375,5934.14990234375,12653.44970703125,0.0,12653.44970703125
1296,83759.3,83801.6,83697.5,83736.2,8254.0,18149.05078125,6029.2001953125,6029.2001953125,12119.8505859375,0.0,12119.8505859375
1297,83733.7,83895.9,83695.4,83895.1,5175.0,17460.55078125,6078.64990234375,6078.64990234375,11381.90087890625,0.0,11381.90087890625
1298,83895.1,84172.5,83887.2,84172.5,15440.0,16576.30078125,6644.64990234375,6644.64990234375,9931.65087890625,0.0,9931.65087890625
1299,84172.5,84198.5,84014.1,84014.1,18881.0,15533.0,7192.05029296875,7192.0498046875,8340.94970703125,0.00048828125,8340.9501953125
1300,83997.4,84091.5,83936.3,84091.5,5203.0,14388.150390625,7134.30029296875,7134.2998046875,7253.85009765625,0.00048828125,7253.8505859375
1301,84094.7,84191.0,84042.3,84116.6,5684.0,14082.5498046875,7048.14990234375,7048.14990234375,7034.39990234375,0.0,7034.39990234375
1302,84106.1,84192.9,84071.6,84071.6,3578.0,13753.8505859375,6861.9501953125,6861.9501953125,6891.900390625,0.0,6891.900390625
1303,84067.3,84262.1,84000.0,84188.2,5813.0,13539.5498046875,6873.4501953125,6873.4501953125,6666.099609375,0.0,6666.099609375
1304,84184.0,84268.3,84160.8,84247.8,6726.0,12628.5498046875,6880.4501953125,6880.4501953125,5748.099609375,0.0,5748.099609375
1305,84253.9,84347.9,84232.0,84289.8,12553.0,10323.6005859375,7098.10009765625,7098.10009765625,3225.50048828125,0.0,3225.50048828125
1306,84291.0,84482.7,84288.8,84477.0,6928.0,10102.2001953125,7285.14990234375,7285.14990234375,2817.05029296875,0.0,2817.05029296875
1307,84474.3,84572.8,84359.7,84463.5,12104.0,9328.400390625,7682.4501953125,7682.4501953125,1645.9501953125,0.0,1645.9501953125
1308,84491.5,84593.8,84445.5,84593.8,5926.0,9152.4501953125,7681.14990234375,7681.14990234375,1471.30029296875,0.0,1471.30029296875
1309,84594.3,84657.3,84538.5,84556.0,6393.0,9357.9501953125,7712.25,7712.25,1645.7001953125,0.0,1645.7001953125
1310,84561.0,84644.8,84352.5,84355.3,17323.0,9829.150390625,8199.75,8199.75,1629.400390625,0.0,1629.400390625
1311,84363.8,84549.6,84358.7,84520.5,3899.0,9708.7001953125,8190.9501953125,8190.9501953125,1517.75,0.0,1517.75
1312,84505.5,84545.4,84432.1,84432.1,5541.0,11615.9501953125,8229.0498046875,8229.0498046875,3386.900390625,0.0,3386.900390625
1313,84428.9,84500.3,84385.7,84385.7,5566.0,13427.3505859375,8145.39990234375,8145.39990234375,5281.95068359375,0.0,5281.95068359375
1314,84385.6,84501.2,84352.7,84491.3,7929.0,14090.900390625,8350.0498046875,8350.0498046875,5740.8505859375,0.0,5740.8505859375
1315,84491.4,84517.3,84240.4,84367.0,27198.0,15188.7998046875,9305.7001953125,9305.7001953125,5883.099609375,0.0,5883.099609375
1316,84371.1,84579.1,84371.1,84566.3,16838.0,15592.6005859375,9734.900390625,9734.900390625,5857.7001953125,0.0,5857.7001953125
1317,84566.3,84657.5,84500.1,84637.2,28911.0,15696.400390625,10921.7001953125,10921.7001953125,4774.7001953125,0.0,4774.7001953125
1318,84637.2,84641.0,84500.1,84533.7,4804.0,15847.150390625,10389.900390625,10389.900390625,5457.25,0.0,5457.25
1319,84531.4,84644.5,84385.1,84562.9,35778.0,15577.2998046875,11234.75,11234.75,4342.5498046875,0.0,4342.5498046875
1320,84565.2,84628.1,84510.1,84607.1,9880.0,16000.400390625,11468.6005859375,11468.599609375,4531.7998046875,0.0009765625,4531.80078125
1321,84624.0,84749.9,84624.0,84645.2,13423.0,17096.75,11855.5498046875,11855.5498046875,5241.2001953125,0.0,5241.2001953125
1322,84645.2,84691.3,84599.5,84624.6,6810.0,17403.400390625,12017.150390625,12017.150390625,5386.25,0.0,5386.25
1323,84623.4,84623.4,84466.6,84474.4,7868.0,17485.451171875,12119.900390625,12119.900390625,5365.55078125,0.0,5365.55078125
1324,84473.5,84506.1,84339.1,84506.1,8344.0,17532.900390625,12200.7998046875,12200.7998046875,5332.1005859375,0.0,5332.1005859375
1325,84501.9,84535.7,84425.5,84470.1,5125.0,17526.849609375,11829.400390625,11829.400390625,5697.44921875,0.0,5697.44921875
1326,84473.0,84624.4,84473.0,84570.9,5409.0,16853.650390625,11753.4501953125,11753.4501953125,5100.2001953125,0.0,5100.2001953125
1327,84573.3,84586.9,84510.2,84570.1,5718.0,17020.451171875,11434.150390625,11434.150390625,5586.30078125,0.0,5586.30078125
1328,84577.4,84577.4,84502.7,84553.3,5204.0,16403.849609375,11398.0498046875,11398.0498046875,5005.7998046875,0.0,5005.7998046875
1329,84557.5,84573.1,84470.5,84474.8,3454.0,16408.701171875,11251.1005859375,11251.099609375,5157.6005859375,0.0009765625,5157.6015625
1330,84494.4,84595.0,84459.5,84595.0,3585.0,14935.900390625,10564.2001953125,10564.2001953125,4371.7001953125,0.0,4371.7001953125
1331,84595.0,84641.1,84520.0,84520.0,5515.0,15035.400390625,10645.0,10645.0,4390.400390625,0.0,4390.400390625
1332,84520.0,84540.0,84436.8,84531.9,2068.0,13105.2001953125,10471.3505859375,10471.349609375,2633.849609375,0.0009765625,2633.8505859375
1333,84528.5,84623.9,84528.5,84593.7,5397.0,11395.2001953125,10462.900390625,10462.900390625,932.2998046875,0.0,932.2998046875
1334,84593.8,84623.9,84580.6,84607.0,2500.0,10840.5498046875,10191.4501953125,10191.4501953125,649.099609375,0.0,649.099609375
1335,84602.0,84632.5,84525.2,84525.2,4342.0,9476.7001953125,9048.650390625,9048.650390625,428.0498046875,0.0,428.0498046875
1336,84495.7,84515.5,84416.9,84435.8,6431.0,9149.6005859375,8528.2998046875,8528.2998046875,621.30078125,0.0,621.30078125
1337,84437.8,84583.7,84433.5,84583.7,3990.0,9107.5498046875,7282.25,7282.25,1825.2998046875,0.0,1825.2998046875
1338,84585.3,84629.4,84440.0,84440.0,3820.0,10876.5,7233.05029296875,7233.0498046875,3643.44970703125,0.00048828125,3643.4501953125
1339,84434.2,84550.9,84434.2,84512.1,3444.0,11093.0,5616.35009765625,5616.35009765625,5476.64990234375,0.0,5476.64990234375
1340,84500.1,84700.0,84494.2,84683.0,7857.0,10963.400390625,5515.2001953125,5515.2001953125,5448.2001953125,0.0,5448.2001953125
1341,84682.9,84757.3,84664.2,84722.2,6431.0,10122.0498046875,5165.60009765625,5165.60009765625,4956.44970703125,0.0,4956.44970703125
1342,84732.9,84821.9,84731.4,84813.0,6394.0,10457.6005859375,5144.80029296875,5144.7998046875,5312.80029296875,0.00048828125,5312.80078125
1343,84816.3,84884.7,84795.9,84873.6,6753.0,10866.900390625,5089.05029296875,5089.0498046875,5777.85009765625,0.00048828125,5777.8505859375
1344,84876.0,84882.6,84729.1,84737.6,5693.0,10823.650390625,4956.5,4956.5,5867.150390625,0.0,5867.150390625
1345,84741.8,84950.0,84732.4,84931.7,23302.0,10578.400390625,5865.35009765625,5865.35009765625,4713.05029296875,0.0,4713.05029296875
1346,84926.2,84950.0,84926.2,84930.6,3691.0,10640.4501953125,5779.4501953125,5779.4501953125,4861.0,0.0,4861.0
1347,84930.5,84976.9,84930.5,84946.3,2009.0,11195.6005859375,5594.0,5594.0,5601.6005859375,0.0,5601.6005859375
1348,84946.2,84959.3,84922.1,84943.4,2789.0,11482.650390625,5473.25,5473.25,6009.400390625,0.0,6009.400390625
1349,84943.5,84987.6,84943.5,84951.5,3120.0,11347.900390625,5456.55029296875,5456.5498046875,5891.35009765625,0.00048828125,5891.3505859375
1350,84951.6,84976.7,84937.7,84976.7,4769.0,12638.650390625,5515.75,5515.75,7122.900390625,0.0,7122.900390625
1351,84986.9,85033.2,84976.6,85021.0,3567.0,13154.8505859375,5418.35009765625,5418.35009765625,7736.50048828125,0.0,7736.50048828125
1352,85023.1,85095.1,84998.7,85054.4,7024.0,13625.5,5666.14990234375,5666.14990234375,7959.35009765625,0.0,7959.35009765625
1353,85060.0,85060.0,84988.0,84991.1,5809.0,13506.400390625,5686.75,5686.75,7819.650390625,0.0,7819.650390625
1354,84995.0,84995.0,84926.9,84981.1,6869.0,13776.150390625,5905.2001953125,5905.2001953125,7870.9501953125,0.0,7870.9501953125
1355,84986.9,85125.0,84986.9,85079.5,4883.0,13903.2998046875,5932.25,5932.25,7971.0498046875,0.0,7971.0498046875
1356,85078.9,85287.3,85078.9,85214.9,12182.0,15469.75,6219.80029296875,6219.7998046875,9249.94970703125,0.00048828125,9249.9501953125
1357,85207.9,85207.9,85091.6,85125.2,5917.0,15256.1005859375,6316.14990234375,6316.14990234375,8939.95068359375,0.0,8939.95068359375
1358,85123.3,85191.3,85115.6,85191.3,3562.0,13404.2998046875,6303.25,6303.25,7101.0498046875,0.0,7101.0498046875
1359,85203.1,85266.4,85172.5,85266.3,7952.0,13117.400390625,6528.64990234375,6528.64990234375,6588.75048828125,0.0,6588.75048828125
1360,85266.3,85335.9,85224.6,85314.8,4649.0,13078.150390625,6368.25,6368.25,6709.900390625,0.0,6709.900390625
1361,85314.7,85327.6,85257.9,85290.8,5677.0,12985.75,6330.55029296875,6330.5498046875,6655.19970703125,0.00048828125,6655.2001953125
1362,85284.2,85385.0,85284.2,85349.3,4114.0,12164.900390625,6216.55029296875,6216.5498046875,5948.35009765625,0.00048828125,5948.3505859375
1363,85349.3,85349.4,85323.7,85337.2,2560.0,11841.1005859375,6006.89990234375,6006.89990234375,5834.20068359375,0.0,5834.20068359375
1364,85337.2,85337.2,85219.7,85247.9,5227.0,13694.400390625,5983.60009765625,5983.60009765625,7710.80029296875,0.0,7710.80029296875
1365,85249.9,85259.9,85178.6,85204.9,5217.0,13889.7998046875,5079.35009765625,5079.35009765625,8810.44970703125,0.0,8810.44970703125
1366,85204.9,85235.3,85140.2,85140.2,4989.0,13926.5498046875,5144.25,5144.25,8782.2998046875,0.0,8782.2998046875
1367,85140.2,85235.6,85140.2,85232.7,4661.0,13483.2001953125,5276.85009765625,5276.85009765625,8206.35009765625,0.0,8206.35009765625
1368,85230.2,85332.6,85230.2,85308.8,3567.0,13287.4501953125,5315.75,5315.75,7971.7001953125,0.0,7971.7001953125
1369,85308.7,85325.6,85247.1,85272.4,7719.0,13196.7998046875,5545.7001953125,5545.7001953125,7651.099609375,0.0,7651.099609375
1370,85272.4,85299.3,85242.7,85271.8,3274.0,12128.0498046875,5470.9501953125,5470.9501953125,6657.099609375,0.0,6657.099609375
1371,85271.7,85385.0,85263.6,85385.0,9905.0,11565.4501953125,5787.85009765625,5787.85009765625,5777.60009765625,0.0,5777.60009765625
1372,85396.3,85402.3,85347.9,85376.7,7416.0,11440.9501953125,5807.4501953125,5807.4501953125,5633.5,0.0,5633.5
1373,85376.6,85376.6,85336.1,85336.1,2453.0,11581.8505859375,5639.64990234375,5639.64990234375,5942.20068359375,0.0,5942.20068359375
1374,85340.3,85340.3,85214.1,85227.1,3585.0,11299.4501953125,5475.4501953125,5475.4501953125,5824.0,0.0,5824.0
1375,85232.9,85265.0,85131.3,85150.6,4884.0,11698.2998046875,5475.5,5475.5,6222.7998046875,0.0,6222.7998046875
1376,85156.9,85264.9,85137.6,85233.7,4093.0,9940.7001953125,5071.05029296875,5071.0498046875,4869.64990234375,0.00048828125,4869.650390625
1377,85217.6,85250.2,85187.9,85187.9,3042.0,10107.2998046875,4927.30029296875,4927.2998046875,5179.99951171875,0.00048828125,5180.0
1378,85188.0,85219.6,85140.7,85146.9,5387.0,10364.900390625,5018.55029296875,5018.5498046875,5346.35009765625,0.00048828125,5346.3505859375
1379,85147.0,85168.0,85123.9,85168.0,3676.0,10543.75,4804.75,4804.75,5739.0,0.0,5739.0
1380,85173.0,85201.1,85145.5,85175.5,2938.0,10627.4501953125,4719.2001953125,4719.2001953125,5908.25,0.0,5908.25
1381,85175.4,85308.7,85175.4,85271.4,3374.0,11255.6005859375,4604.05029296875,4604.0498046875,6651.55029296875,0.00048828125,6651.55078125
1382,85275.7,85346.8,85275.7,85335.1,4547.0,11429.0,4625.7001953125,4625.7001953125,6803.2998046875,0.0,6803.2998046875
1383,85331.1,85396.9,85307.4,85363.7,5691.0,11263.0,4782.25,4782.25,6480.75,0.0,6480.75
1384,85363.6,85363.6,85312.6,85317.6,2770.0,9493.25,4659.39990234375,4659.39990234375,4833.85009765625,0.0,4833.85009765625
1385,85312.7,85317.4,85182.3,85182.4,4293.0,9484.650390625,4613.2001953125,4613.2001953125,4871.4501953125,0.0,4871.4501953125
1386,85182.3,85314.3,85164.8,85314.3,6325.0,9293.400390625,4680.0,4680.0,4613.400390625,0.0,4613.400390625
1387,85318.0,85318.0,85226.7,85286.0,4384.0,9067.7001953125,4666.14990234375,4666.14990234375,4401.55029296875,0.0,4401.55029296875
1388,85277.4,85298.6,85251.3,85282.4,2589.0,9522.2001953125,4617.25,4617.25,4904.9501953125,0.0,4904.9501953125
1389,85280.3,85297.1,85264.1,85288.1,4552.0,9868.2001953125,4458.89990234375,4458.89990234375,5409.30029296875,0.0,5409.30029296875
1390,85288.0,85288.0,85264.0,85276.2,3669.0,9779.7998046875,4478.64990234375,4478.64990234375,5301.14990234375,0.0,5301.14990234375
1391,85272.0,85272.0,85151.5,85151.5,3295.0,9712.2998046875,4148.14990234375,4148.14990234375,5564.14990234375,0.0,5564.14990234375
1392,85151.5,85151.5,85096.9,85118.3,5627.0,9551.2001953125,4058.699951171875,4058.699951171875,5492.500244140625,0.0,5492.500244140625
1393,85116.5,85162.1,85071.1,85146.1,12648.0,9422.650390625,4568.4501953125,4568.4501953125,4854.2001953125,0.0,4854.2001953125
1394,85146.1,85163.0,85140.2,85155.3,2485.0,9279.7998046875,4513.4501953125,4513.4501953125,4766.349609375,0.0,4766.349609375
1395,85151.3,85174.3,85094.8,85128.9,11086.0,8723.9501953125,4823.55029296875,4823.5498046875,3900.39990234375,0.00048828125,3900.400390625
1396,85123.5,85173.4,85108.4,85152.5,4074.0,8765.2001953125,4822.60009765625,4822.60009765625,3942.60009765625,0.0,3942.60009765625
1397,85157.6,85200.0,85123.5,85194.5,3695.0,8480.5,4855.25,4855.25,3625.25,0.0,3625.25
1398,85184.5,85184.5,85100.1,85108.0,4026.0,8053.85009765625,4787.2001953125,4787.2001953125,3266.64990234375,0.0,3266.64990234375
1399,85103.8,85173.6,85103.8,85126.0,5888.0,7780.7001953125,4897.80029296875,4897.7998046875,2882.89990234375,0.00048828125,2882.900390625
1400,85122.7,85122.7,85080.0,85080.0,5181.0,7528.55029296875,5009.9501953125,5009.9501953125,2518.60009765625,0.0,2518.60009765625
1401,85078.1,85119.0,85066.1,85083.9,5969.0,6825.85009765625,5139.7001953125,5139.7001953125,1686.14990234375,0.0,1686.14990234375
1402,85083.9,85083.9,85000.1,85000.1,7568.0,6677.05029296875,5290.75,5290.75,1386.30029296875,0.0,1386.30029296875
1403,85000.0,85000.0,84768.8,84771.3,17413.0,6552.30029296875,5876.85009765625,5876.85009765625,675.4501953125,0.0,675.4501953125
1404,84778.5,84901.1,84759.3,84759.4,18648.0,6280.25,6670.75,6670.75,390.5,0.0,390.5
1405,84759.3,84817.5,84719.9,84794.5,17624.0,6190.89990234375,7337.30029296875,7337.2998046875,1146.400390625,0.00048828125,1146.39990234375
1406,84797.2,84886.7,84790.4,84886.7,5479.0,6219.80029296875,7295.0,7295.0,1075.19970703125,0.0,1075.19970703125
1407,84894.2,85004.6,84875.5,84946.0,4911.0,6349.0,7321.35009765625,7321.35009765625,972.35009765625,0.0,972.35009765625
1408,84940.0,84940.0,84840.2,84886.5,2696.0,5851.55029296875,7326.7001953125,7326.7001953125,1475.14990234375,0.0,1475.14990234375
1409,84886.5,84920.4,84827.7,84827.7,2818.0,5519.30029296875,7240.0,7240.0,1720.69970703125,0.0,1720.69970703125
1410,84817.8,84817.8,84573.6,84573.6,10330.0,5339.9501953125,7573.05029296875,7573.0498046875,2233.10009765625,0.00048828125,2233.099609375
1411,84573.6,84623.7,84513.1,84548.0,4644.0,5939.05029296875,7640.5,7640.5,1701.44970703125,0.0,1701.44970703125
1412,84535.2,84575.2,84499.8,84537.8,6736.0,5756.35009765625,7695.9501953125,7695.9501953125,1939.60009765625,0.0,1939.60009765625
1413,84545.2,84545.2,84415.2,84437.1,3132.0,5772.85009765625,7220.14990234375,7220.14990234375,1447.2998046875,0.0,1447.2998046875
1414,84438.1,84441.4,84411.0,84431.5,8019.0,5952.25,7496.85009765625,7496.85009765625,1544.60009765625,0.0,1544.60009765625
1415,84431.5,84431.5,84329.5,84329.7,4837.0,7540.5,7184.39990234375,7184.39990234375,356.10009765625,0.0,356.10009765625
1416,84329.6,84573.8,84325.3,84543.5,4916.0,7724.10009765625,7226.5,7226.5,497.60009765625,0.0,497.60009765625
1417,84543.5,84674.9,84491.1,84563.8,7479.0,7694.2001953125,7415.7001953125,7415.7001953125,278.5,0.0,278.5
1418,84555.4,84580.1,84402.6,84417.6,5340.0,7619.64990234375,7481.39990234375,7481.39990234375,138.25,0.0,138.25
1419,84426.5,84583.1,84420.1,84491.6,5714.0,7573.60009765625,7472.7001953125,7472.7001953125,100.89990234375,0.0,100.89990234375
1420,84489.1,84580.6,84489.1,84493.1,3700.0,7566.0,7398.64990234375,7398.64990234375,167.35009765625,0.0,167.35009765625
1421,84493.1,84512.0,84401.3,84492.6,2634.0,7478.55029296875,7231.89990234375,7231.89990234375,246.650390625,0.0,246.650390625
1422,84473.6,84607.2,84473.6,84543.7,9077.0,7570.5,7307.35009765625,7307.35009765625,263.14990234375,0.0,263.14990234375
1423,84535.3,84594.5,84535.3,84573.6,3174.0,7781.2001953125,6595.39990234375,6595.39990234375,1185.80029296875,0.0,1185.80029296875
1424,84568.0,84662.5,84558.3,84662.4,4561.0,7857.05029296875,5891.05029296875,5891.0498046875,1966.0,0.00048828125,1966.00048828125
1425,84662.5,84971.1,84662.5,84875.6,23345.0,7904.9501953125,6177.10009765625,6177.10009765625,1727.85009765625,0.0,1727.85009765625
1426,84873.3,84873.3,84697.5,84697.5,6030.0,7887.0,6204.64990234375,6204.64990234375,1682.35009765625,0.0,1682.35009765625
1427,84697.5,84697.5,84500.0,84500.0,5918.0,7674.14990234375,6255.0,6255.0,1419.14990234375,0.0,1419.14990234375
1428,84500.0,84565.7,84439.7,84562.1,4697.0,7483.35009765625,6355.05029296875,6355.0498046875,1128.2998046875,0.00048828125,1128.30029296875
1429,84565.1,84598.8,84518.5,84570.2,2522.0,7422.39990234375,6340.25,6340.25,1082.14990234375,0.0,1082.14990234375
1430,84579.0,84671.3,84562.1,84588.8,5727.0,7354.85009765625,6110.10009765625,6110.10009765625,1244.75,0.0,1244.75
1431,84593.0,84593.0,84438.2,84500.6,5311.0,6705.2001953125,6143.4501953125,6143.4501953125,561.75,0.0,561.75
1432,84504.8,84504.8,84356.0,84382.9,4358.0,7301.30029296875,6024.55029296875,6024.5498046875,1276.75,0.00048828125,1276.75048828125
1433,84389.4,84476.9,84312.4,84476.9,7078.0,7122.55029296875,6221.85009765625,6221.85009765625,900.7001953125,0.0,900.7001953125
1434,84477.0,84488.0,84382.9,84434.7,5544.0,7127.05029296875,6098.10009765625,6098.10009765625,1028.9501953125,0.0,1028.9501953125
1435,84447.3,84447.3,84367.8,84444.3,4011.0,5623.85009765625,6056.80029296875,6056.7998046875,432.9501953125,0.00048828125,432.94970703125
1436,84444.3,84482.8,84433.5,84462.5,3019.0,5434.7001953125,5961.9501953125,5961.9501953125,527.25,0.0,527.25
1437,84464.0,84523.8,84395.9,84404.6,4104.0,5388.10009765625,5793.2001953125,5793.2001953125,405.10009765625,0.0,405.10009765625
1438,84407.5,84426.2,84308.9,84344.0,3211.0,5540.30029296875,5686.75,5686.75,146.44970703125,0.0,146.44970703125
1439,84331.3,84382.0,84251.4,84285.8,8637.0,5799.9501953125,5832.89990234375,5832.89990234375,32.94970703125,0.0,32.94970703125
