bar,open,high,low,close,volume,batched,isolated,cpu,abs_bi,abs_ic,abs_bc
0,88066.7,88174.6,88048.0,88155.1,5735.0,87857.1015625,88155.1015625,88155.1015625,298.0,0.0,298.0
1,88146.7,88160.1,88081.7,88081.7,4816.0,87672.6015625,88081.703125,88081.703125,409.1015625,0.0,409.1015625
2,88080.4,88080.4,87849.9,87850.0,10862.0,87505.8984375,87850.0,87850.0,344.1015625,0.0,344.1015625
3,87857.1,87944.5,87780.2,87930.1,15390.0,87750.703125,87930.1015625,87930.1015625,179.3984375,0.0,179.3984375
4,87930.2,88039.6,87930.2,87991.6,4863.0,87392.1015625,87991.6015625,87991.6015625,599.5,0.0,599.5
5,87980.8,87980.8,87852.6,87856.9,2161.0,87303.203125,87856.8984375,87856.8984375,553.6953125,0.0,553.6953125
6,87862.5,87869.1,87773.9,87797.8,3002.0,87173.296875,87797.796875,87797.796875,624.5,0.0,624.5
7,87794.2,87794.2,87660.4,87672.7,7045.0,86790.1015625,87672.703125,87672.703125,882.6015625,0.0,882.6015625
8,87672.6,87704.8,87569.3,87664.0,6992.0,87016.0,87664.0,87664.0,648.0,0.0,648.0
9,87657.2,87718.7,87621.5,87639.1,4116.0,87024.3984375,87639.1015625,87639.1015625,614.703125,0.0,614.703125
10,87649.7,87726.9,87580.2,87580.2,5538.0,86662.6015625,87580.203125,87580.203125,917.6015625,0.0,917.6015625
11,87583.2,87604.9,87412.0,87430.1,7937.0,86771.703125,87430.1015625,87430.1015625,658.3984375,0.0,658.3984375
12,87427.6,87504.4,87326.9,87504.4,28049.0,86890.1015625,87504.3984375,87504.3984375,614.296875,0.0,614.296875
13,87505.9,87647.8,87477.7,87600.8,5425.0,87018.6015625,87600.796875,87600.796875,582.1953125,0.0,582.1953125
14,87596.5,87649.2,87531.3,87564.6,5409.0,87120.203125,87564.6015625,87564.6015625,444.3984375,0.0,444.3984375
15,87564.6,87669.2,87529.0,87648.0,5356.0,87379.203125,87648.0,87648.0,268.796875,0.0,268.796875
16,87649.4,87731.5,87631.9,87721.9,8400.0,87179.5,87721.8984375,87721.8984375,542.3984375,0.0,542.3984375
17,87708.6,87759.6,87682.4,87759.6,6562.0,87196.8984375,87759.6015625,87759.6015625,562.703125,0.0,562.703125
18,87750.7,87750.7,87519.8,87519.8,4150.0,87088.6015625,87519.796875,87519.796875,431.1953125,0.0,431.1953125
19,87502.6,87590.1,87498.4,87562.6,3954.0,88146.703125,88174.6015625,87750.75,27.8984375,423.8515625,395.953125
20,87566.9,87578.4,87328.7,87343.5,11941.0,87862.5,88160.1015625,87743.5,297.6015625,416.6015625,119.0
21,87343.4,87344.0,87227.3,87256.3,12379.0,87649.3984375,88080.3984375,87653.84375,431.0,426.5546875,4.4453125
22,87252.7,87420.8,87252.7,87392.1,3767.0,87649.3984375,88039.6015625,87633.453125,390.203125,406.1484375,15.9453125
23,87392.1,87404.4,87287.0,87371.4,6300.0,87436.203125,88039.6015625,87633.453125,603.3984375,406.1484375,197.25
24,87372.5,87475.6,87339.6,87471.7,3668.0,87436.203125,87980.796875,87604.046875,544.59375,376.75,167.84375
25,87471.1,87484.4,87403.9,87439.2,2831.0,87412.0,87869.1015625,87548.203125,457.1015625,320.8984375,136.203125
26,87436.2,87436.2,87315.9,87370.4,3545.0,87412.0,87794.203125,87510.75,382.203125,283.453125,98.75
27,87363.6,87377.7,87303.3,87303.3,4063.0,87412.0,87759.6015625,87493.453125,347.6015625,266.1484375,81.453125
28,87303.2,87318.1,87204.0,87204.0,3420.0,87412.0,87759.6015625,87481.796875,347.6015625,277.8046875,69.796875
29,87200.9,87280.4,87200.9,87257.5,3839.0,87412.0,87759.6015625,87480.25,347.6015625,279.3515625,68.25
30,87263.5,87278.8,87211.2,87226.8,13526.0,87412.0,87759.6015625,87480.25,347.6015625,279.3515625,68.25
31,87226.1,87258.0,87206.6,87206.6,2066.0,87412.0,87759.6015625,87480.25,347.6015625,279.3515625,68.25
32,87205.6,87205.6,87154.6,87173.2,5683.0,87412.0,87759.6015625,87457.1015625,347.6015625,302.5,45.1015625
33,87173.3,87298.7,87173.3,87286.8,7188.0,87412.0,87759.6015625,87457.1015625,347.6015625,302.5,45.1015625
34,87283.7,87286.9,87182.4,87186.8,7126.0,87412.0,87759.6015625,87457.1015625,347.6015625,302.5,45.1015625
35,87183.8,87183.8,87080.0,87080.0,7382.0,87412.0,87759.6015625,87419.796875,347.6015625,339.8046875,7.796875
36,87080.0,87113.9,86878.6,86895.9,34739.0,87412.0,87759.6015625,87319.1015625,347.6015625,440.5,92.8984375
37,86901.3,86939.1,86776.4,86781.0,17855.0,87412.0,87750.703125,87263.546875,338.703125,487.15625,148.453125
38,86790.1,86895.4,86767.0,86877.6,13092.0,87412.0,87590.1015625,87178.546875,178.1015625,411.5546875,233.453125
39,86877.7,86894.4,86752.5,86799.2,5481.0,87412.0,87578.3984375,87165.453125,166.3984375,412.9453125,246.546875
40,86806.7,86985.6,86797.5,86985.6,5524.0,87412.0,87484.3984375,87118.453125,72.3984375,365.9453125,293.546875
41,86985.6,87091.2,86985.6,87037.7,6819.0,87412.0,87484.3984375,87118.453125,72.3984375,365.9453125,293.546875
42,87042.2,87085.2,87006.2,87022.0,9574.0,87412.0,87484.3984375,87118.453125,72.3984375,365.9453125,293.546875
43,87016.0,87059.1,86992.0,87055.7,4562.0,87388.6015625,87484.3984375,87118.453125,95.796875,365.9453125,270.1484375
44,87037.1,87118.4,87034.5,87034.5,4385.0,87388.6015625,87484.3984375,87118.453125,95.796875,365.9453125,270.1484375
45,87034.0,87079.4,86918.0,86918.1,5614.0,87331.296875,87436.203125,87094.3515625,104.90625,341.8515625,236.9453125
46,86922.3,86999.7,86852.1,86965.0,3934.0,87331.296875,87377.703125,87065.1015625,46.40625,312.6015625,266.1953125
47,86973.7,87026.1,86973.7,87022.1,3649.0,87331.296875,87318.1015625,87035.296875,13.1953125,282.8046875,296.0
48,87024.4,87024.4,86888.0,86937.6,4724.0,87331.296875,87298.703125,87025.6015625,32.59375,273.1015625,305.6953125
49,86937.7,86946.2,86784.8,86834.6,8186.0,87331.296875,87298.703125,87025.6015625,32.59375,273.1015625,305.6953125
50,86834.1,86875.0,86816.4,86816.4,3229.0,87331.296875,87298.703125,87025.6015625,32.59375,273.1015625,305.6953125
51,86811.0,86811.0,86736.8,86747.7,8672.0,87331.296875,87298.703125,87017.75,32.59375,280.953125,313.546875
52,86747.7,86754.9,86632.4,86663.7,10621.0,87331.296875,87298.703125,86965.546875,32.59375,333.15625,365.75
53,86662.6,86733.1,86656.0,86711.6,5251.0,87221.203125,87286.8984375,86959.6484375,65.6953125,327.25,261.5546875
54,86713.4,86797.0,86694.8,86776.0,8816.0,87062.6015625,87183.796875,86908.09375,121.1953125,275.703125,154.5078125
55,86771.9,86843.4,86754.9,86843.1,8289.0,87034.796875,87118.3984375,86875.3984375,83.6015625,243.0,159.3984375
56,86839.4,86843.2,86788.6,86793.6,4040.0,86737.0,87118.3984375,86875.3984375,381.3984375,243.0,138.3984375
57,86791.6,86810.2,86771.6,86771.6,1637.0,86722.296875,87118.3984375,86875.3984375,396.1015625,243.0,153.1015625
58,86771.7,86775.9,86561.1,86561.5,18764.0,86722.296875,87118.3984375,86839.75,396.1015625,278.6484375,117.453125
59,86561.1,86653.2,86547.3,86632.5,11099.0,86722.296875,87118.3984375,86832.84375,396.1015625,285.5546875,110.546875
60,86623.2,86749.9,86578.5,86691.8,11360.0,86722.296875,87118.3984375,86832.84375,396.1015625,285.5546875,110.546875
61,86692.1,86807.3,86674.1,86777.2,4944.0,86578.0,87118.3984375,86832.84375,540.3984375,285.5546875,254.84375
62,86777.1,86912.6,86772.8,86888.4,31143.0,86578.0,87118.3984375,86832.84375,540.3984375,285.5546875,254.84375
63,86890.1,86910.7,86847.2,86877.6,6761.0,86475.5,87118.3984375,86832.84375,642.8984375,285.5546875,357.34375
64,86880.8,86880.8,86707.1,86707.1,6576.0,86169.296875,87079.3984375,86813.34375,910.1015625,266.0546875,644.046875
65,86703.9,87030.3,86664.3,87004.3,7093.0,86169.296875,87030.296875,86788.796875,861.0,241.5,619.5
66,87003.4,87029.3,86934.7,86960.8,9135.0,86062.203125,87030.296875,86788.796875,968.09375,241.5,726.59375
67,86961.3,87031.1,86961.3,87016.8,6887.0,86062.203125,87031.1015625,86789.203125,968.8984375,241.8984375,727.0
68,87018.6,87098.9,86982.8,87042.9,4779.0,86062.203125,87098.8984375,86823.09375,1036.6953125,275.8046875,760.890625
69,87042.8,87089.4,86993.0,87040.7,3567.0,86062.203125,87098.8984375,86823.09375,1036.6953125,275.8046875,760.890625
70,87052.8,87151.8,87042.7,87146.3,5135.0,86062.203125,87151.796875,86849.546875,1089.59375,302.25,787.34375
71,87136.8,87202.0,87082.7,87141.6,9808.0,86062.203125,87202.0,86874.6484375,1139.796875,327.3515625,812.4453125
72,87141.5,87171.3,87077.6,87103.5,9815.0,86087.203125,87202.0,86874.6484375,1114.796875,327.3515625,787.4453125
73,87120.2,87156.4,87092.1,87139.0,6378.0,86087.203125,87202.0,86874.6484375,1114.796875,327.3515625,787.4453125
74,87127.1,87285.6,87127.1,87285.6,10418.0,86092.5,87285.6015625,86916.453125,1193.1015625,369.1484375,823.953125
75,87286.3,87347.0,87230.6,87262.4,6640.0,86192.203125,87347.0,86947.1484375,1154.796875,399.8515625,754.9453125
76,87267.2,87304.4,87227.4,87265.9,7803.0,86303.6015625,87347.0,86947.1484375,1043.3984375,399.8515625,643.546875
77,87258.1,87397.0,87246.9,87381.6,5966.0,86344.796875,87397.0,86972.1484375,1052.203125,424.8515625,627.3515625
78,87379.2,87416.2,87350.2,87382.5,8104.0,86344.796875,87416.203125,86981.75,1071.40625,434.453125,636.953125
79,87385.3,87385.3,87203.1,87206.5,8375.0,86344.796875,87416.203125,86997.3515625,1071.40625,418.8515625,652.5546875
80,87197.9,87269.5,87184.0,87255.9,5466.0,86344.796875,87416.203125,87040.25,1071.40625,375.953125,695.453125
81,87257.0,87259.1,87077.1,87085.8,11182.0,86344.796875,87416.203125,87040.25,1071.40625,375.953125,695.453125
82,87078.5,87191.7,87067.9,87178.3,8493.0,86344.796875,87416.203125,87040.25,1071.40625,375.953125,695.453125
83,87179.5,87211.0,87081.9,87101.3,4100.0,86344.796875,87416.203125,87040.25,1071.40625,375.953125,695.453125
84,87101.5,87165.0,87084.1,87164.6,4103.0,86344.796875,87416.203125,87040.25,1071.40625,375.953125,695.453125
85,87159.0,87263.8,87159.0,87263.8,7991.0,86344.796875,87416.203125,87175.453125,1071.40625,240.75,830.65625
86,87263.8,87364.8,87257.3,87257.3,12821.0,86344.796875,87416.203125,87188.75,1071.40625,227.453125,843.953125
87,87254.8,87272.0,87194.2,87201.1,4852.0,86344.796875,87416.203125,87199.5,1071.40625,216.703125,854.703125
88,87196.9,87344.5,87196.1,87273.3,9019.0,86344.796875,87416.203125,87204.6015625,1071.40625,211.6015625,859.8046875
89,87273.3,87299.0,87234.8,87282.5,4458.0,86344.796875,87416.203125,87229.453125,1071.40625,186.75,884.65625
90,87282.4,87294.7,87186.6,87234.4,13604.0,86344.796875,87416.203125,87242.046875,1071.40625,174.15625,897.25
91,87234.5,87344.6,87234.5,87254.1,5698.0,86344.796875,87416.203125,87242.046875,1071.40625,174.15625,897.25
92,87254.0,87260.8,87090.8,87090.8,4446.0,86344.796875,87416.203125,87242.046875,1071.40625,174.15625,897.25
93,87088.6,87156.5,87058.1,87150.2,4771.0,86344.796875,87416.203125,87237.15625,1071.40625,179.046875,892.359375
94,87146.9,87224.5,87120.0,87136.1,7039.0,86344.796875,87416.203125,87237.15625,1071.40625,179.046875,892.359375
95,87147.1,87212.5,87021.3,87200.3,6592.0,86344.796875,87416.203125,87218.75,1071.40625,197.453125,873.953125
96,87208.9,87303.3,87188.9,87287.3,7835.0,86344.796875,87416.203125,87218.75,1071.40625,197.453125,873.953125
97,87292.2,87397.9,87289.2,87386.0,6161.0,86267.1015625,87416.203125,87218.75,1149.1015625,197.453125,951.6484375
98,87393.5,87497.2,87393.5,87484.7,9223.0,86211.6015625,87497.203125,87259.25,1285.6015625,237.953125,1047.6484375
99,87479.7,87499.9,87346.1,87346.1,5379.0,86211.6015625,87499.8984375,87260.59375,1288.296875,239.3046875,1048.9921875
100,87346.2,87399.9,87346.2,87374.0,3442.0,86211.6015625,87499.8984375,87260.59375,1288.296875,239.3046875,1048.9921875
101,87368.5,87480.9,87358.2,87448.0,4521.0,86211.6015625,87499.8984375,87260.59375,1288.296875,239.3046875,1048.9921875
102,87444.3,87446.4,87365.9,87396.3,4579.0,86211.6015625,87499.8984375,87260.59375,1288.296875,239.3046875,1048.9921875
103,87418.0,87425.2,87303.7,87303.7,4357.0,86211.6015625,87499.8984375,87260.59375,1288.296875,239.3046875,1048.9921875
104,87298.5,87299.3,87195.9,87228.9,6647.0,86012.3984375,87499.8984375,87260.59375,1487.5,239.3046875,1248.1953125
105,87225.0,87274.1,87190.0,87274.1,6185.0,85932.1015625,87499.8984375,87260.59375,1567.796875,239.3046875,1328.4921875
106,87269.8,87339.4,87262.9,87336.5,2842.0,85888.0,87499.8984375,87260.59375,1611.8984375,239.3046875,1372.59375
107,87332.8,87389.0,87309.1,87343.0,3113.0,85755.1015625,87499.8984375,87260.59375,1744.796875,239.3046875,1505.4921875
108,87343.0,87361.8,87296.6,87357.5,5787.0,85755.1015625,87499.8984375,87260.59375,1744.796875,239.3046875,1505.4921875
109,87367.3,87367.3,87300.2,87324.3,2920.0,85755.1015625,87499.8984375,87260.59375,1744.796875,239.3046875,1505.4921875
110,87324.1,87420.1,87299.5,87391.6,3281.0,85755.1015625,87499.8984375,87260.59375,1744.796875,239.3046875,1505.4921875
111,87387.3,87426.6,87367.6,87367.6,3299.0,85680.5,87499.8984375,87260.59375,1819.3984375,239.3046875,1580.09375
112,87370.5,87434.3,87366.8,87434.3,5919.0,85680.5,87499.8984375,87260.59375,1819.3984375,239.3046875,1580.09375
113,87441.1,87441.1,87327.1,87348.1,4270.0,85680.5,87499.8984375,87260.59375,1819.3984375,239.3046875,1580.09375
114,87348.0,87402.0,87325.2,87387.7,2276.0,85647.8984375,87499.8984375,87260.59375,1852.0,239.3046875,1612.6953125
115,87379.9,87435.9,87357.2,87418.0,3605.0,85630.203125,87499.8984375,87344.3984375,1869.6953125,155.5,1714.1953125
116,87412.0,87412.0,87284.7,87319.5,3262.0,85630.203125,87499.8984375,87344.953125,1869.6953125,154.9453125,1714.75
117,87323.4,87333.8,87269.7,87269.7,3139.0,85504.1015625,87499.8984375,87344.953125,1995.796875,154.9453125,1840.8515625
118,87268.0,87268.0,87192.3,87228.9,4089.0,85504.1015625,87499.8984375,87344.953125,1995.796875,154.9453125,1840.8515625
119,87233.8,87283.9,87226.1,87283.9,1985.0,85333.0,87480.8984375,87335.453125,2147.8984375,145.4453125,2002.453125
120,87283.9,87334.5,87282.3,87327.1,2113.0,85333.0,87480.8984375,87335.453125,2147.8984375,145.4453125,2002.453125
121,87327.1,87342.2,87293.3,87342.2,2732.0,85233.796875,87446.3984375,87318.203125,2212.6015625,128.1953125,2084.40625
122,87346.3,87440.5,87267.0,87267.0,4450.0,84675.8984375,87441.1015625,87315.546875,2765.203125,125.5546875,2639.6484375
123,87267.0,87291.5,87154.6,87233.4,12040.0,84675.8984375,87441.1015625,87297.8515625,2765.203125,143.25,2621.953125
124,87229.9,87343.2,87223.0,87322.4,6250.0,84675.8984375,87441.1015625,87297.8515625,2765.203125,143.25,2621.953125
125,87321.5,87395.6,87312.0,87383.6,3558.0,84675.8984375,87441.1015625,87297.8515625,2765.203125,143.25,2621.953125
126,87388.6,87466.1,87370.7,87449.7,5254.0,84675.8984375,87466.1015625,87310.3515625,2790.203125,155.75,2634.453125
127,87450.7,87466.7,87295.4,87343.6,16226.0,84675.8984375,87466.703125,87310.65625,2790.8046875,156.046875,2634.7578125
128,87356.8,87381.6,87285.9,87330.1,8568.0,84675.8984375,87466.703125,87310.65625,2790.8046875,156.046875,2634.7578125
129,87339.4,87339.4,87218.9,87218.9,4133.0,84675.8984375,87466.703125,87310.65625,2790.8046875,156.046875,2634.7578125
130,87202.4,87283.3,87168.3,87237.2,3723.0,84675.8984375,87466.703125,87310.65625,2790.8046875,156.046875,2634.7578125
131,87239.7,87262.3,87175.9,87235.0,3241.0,84512.0,87466.703125,87310.65625,2954.703125,156.046875,2798.65625
132,87247.9,87259.9,87183.5,87198.4,4240.0,84380.203125,87466.703125,87310.65625,3086.5,156.046875,2930.453125
133,87205.2,87233.0,87176.7,87185.5,1926.0,84256.1015625,87466.703125,87310.65625,3210.6015625,156.046875,3054.5546875
134,87182.6,87182.6,87080.3,87157.2,6053.0,84074.296875,87466.703125,87273.5,3392.40625,193.203125,3199.203125
135,87147.5,87234.0,87147.5,87233.0,3708.0,83862.0,87466.703125,87273.5,3604.703125,193.203125,3411.5
136,87229.2,87275.8,87143.6,87155.3,7892.0,83833.703125,87466.703125,87273.5,3633.0,193.203125,3439.796875
137,87155.4,87198.1,87005.4,87017.6,15190.0,83833.703125,87466.703125,87236.046875,3633.0,230.65625,3402.34375
138,87018.5,87075.7,87005.2,87075.7,9681.0,83833.703125,87466.703125,87235.953125,3633.0,230.75,3402.25
139,87068.2,87068.2,86884.7,86918.4,9446.0,83833.703125,87466.703125,87175.703125,3633.0,291.0,3342.0
140,86923.9,86925.9,86830.4,86912.9,6178.0,83833.703125,87466.703125,87148.546875,3633.0,318.15625,3314.84375
141,86915.6,87056.8,86915.6,87049.1,8672.0,83749.3984375,87466.703125,87148.546875,3717.3046875,318.15625,3399.1484375
142,87049.1,87251.5,87049.1,87242.7,7613.0,83728.796875,87466.703125,87148.546875,3737.90625,318.15625,3419.75
143,87227.2,87331.2,87227.2,87306.4,14326.0,83511.703125,87466.703125,87148.546875,3955.0,318.15625,3636.84375
144,87306.3,87306.3,87113.3,87159.9,50306.0,83346.703125,87466.703125,87148.546875,4120.0,318.15625,3801.84375
145,87164.3,87203.0,87143.6,87181.7,14310.0,83049.5,87466.703125,87148.546875,4417.203125,318.15625,4099.046875
146,87183.5,87394.7,87183.5,87356.0,7122.0,83241.703125,87466.703125,87148.546875,4225.0,318.15625,3906.84375
147,87368.6,87397.5,87249.7,87268.0,3750.0,83241.703125,87397.5,87113.953125,4155.796875,283.546875,3872.25
148,87266.5,87266.5,87183.7,87217.1,3825.0,83241.703125,87397.5,87113.953125,4155.796875,283.546875,3872.25
149,87200.8,87325.8,87200.8,87286.3,5999.0,83241.703125,87397.5,87113.953125,4155.796875,283.546875,3872.25
150,87278.5,87324.1,87270.8,87315.4,3828.0,83241.703125,87397.5,87113.953125,4155.796875,283.546875,3872.25
151,87315.5,87327.8,87211.1,87211.1,2126.0,83241.703125,87397.5,87113.953125,4155.796875,283.546875,3872.25
152,87207.4,87207.4,87079.5,87094.4,6031.0,83241.703125,87397.5,87113.953125,4155.796875,283.546875,3872.25
153,87111.9,87161.5,87092.5,87128.8,4104.0,83241.703125,87397.5,87113.953125,4155.796875,283.546875,3872.25
154,87116.6,87131.4,87081.3,87081.3,2055.0,83241.703125,87397.5,87113.953125,4155.796875,283.546875,3872.25
155,87080.0,87080.0,86926.0,86933.7,4617.0,83241.703125,87397.5,87113.953125,4155.796875,283.546875,3872.25
156,86946.5,87017.3,86910.8,87017.3,4854.0,83241.703125,87397.5,87113.953125,4155.796875,283.546875,3872.25
157,87023.3,87069.6,86971.3,87004.0,3525.0,83241.703125,87397.5,87113.953125,4155.796875,283.546875,3872.25
158,87004.9,87153.3,87004.9,87103.2,7838.0,83241.703125,87397.5,87113.953125,4155.796875,283.546875,3872.25
159,87098.0,87153.9,87067.0,87098.1,2920.0,83241.703125,87397.5,87113.953125,4155.796875,283.546875,3872.25
160,87101.9,87141.3,87089.1,87089.1,6354.0,83241.703125,87397.5,87154.1484375,4155.796875,243.3515625,3912.4453125
161,87088.1,87152.0,87075.8,87148.2,2718.0,83241.703125,87397.5,87154.1484375,4155.796875,243.3515625,3912.4453125
162,87148.2,87220.1,87142.5,87220.1,3075.0,83241.703125,87397.5,87154.1484375,4155.796875,243.3515625,3912.4453125
163,87226.1,87260.8,87217.8,87243.1,2324.0,83241.703125,87397.5,87154.1484375,4155.796875,243.3515625,3912.4453125
164,87250.2,87250.2,87197.9,87236.4,2364.0,83241.703125,87397.5,87154.1484375,4155.796875,243.3515625,3912.4453125
165,87239.3,87340.2,87231.4,87340.1,3636.0,83320.1015625,87397.5,87154.1484375,4077.3984375,243.3515625,3834.046875
166,87331.3,87331.3,87163.4,87212.3,16197.0,83493.1015625,87397.5,87154.1484375,3904.3984375,243.3515625,3661.046875
167,87209.9,87275.8,87209.9,87275.7,6730.0,83493.1015625,87340.203125,87125.5,3847.1015625,214.703125,3632.3984375
168,87266.9,87281.3,87238.0,87241.9,3204.0,83493.1015625,87340.203125,87125.5,3847.1015625,214.703125,3632.3984375
169,87240.0,87266.2,87151.5,87151.5,3662.0,83493.1015625,87340.203125,87125.5,3847.1015625,214.703125,3632.3984375
170,87144.2,87230.2,87144.2,87230.2,2223.0,83508.8984375,87340.203125,87125.5,3831.3046875,214.703125,3616.6015625
171,87221.2,87257.5,87178.1,87211.1,3237.0,83909.3984375,87340.203125,87125.5,3430.8046875,214.703125,3216.1015625
172,87215.6,87223.3,87083.0,87083.0,6893.0,84016.796875,87340.203125,87125.5,3323.40625,214.703125,3108.703125
173,87081.0,87085.5,86996.2,87006.1,7449.0,84016.796875,87340.203125,87125.5,3323.40625,214.703125,3108.703125
174,87003.5,87043.2,87003.5,87043.1,6087.0,84016.796875,87340.203125,87125.5,3323.40625,214.703125,3108.703125
175,87048.4,87072.2,87023.0,87055.9,3957.0,84016.796875,87340.203125,87125.5,3323.40625,214.703125,3108.703125
176,87062.6,87110.1,87036.0,87042.7,3693.0,84016.796875,87340.203125,87155.75,3323.40625,184.453125,3138.953125
177,87048.3,87113.2,87048.3,87113.2,3309.0,84253.5,87340.203125,87168.203125,3086.703125,172.0,2914.703125
178,87113.2,87170.8,87084.3,87104.6,2723.0,84253.5,87340.203125,87168.203125,3086.703125,172.0,2914.703125
179,87104.6,87104.6,87035.5,87052.0,4439.0,84253.5,87340.203125,87168.203125,3086.703125,172.0,2914.703125
180,87046.0,87068.7,87030.2,87033.0,1778.0,84253.5,87340.203125,87168.203125,3086.703125,172.0,2914.703125
181,87034.8,87046.3,87000.5,87004.0,2719.0,84253.5,87340.203125,87168.203125,3086.703125,172.0,2914.703125
182,87001.9,87003.2,86893.3,86893.3,8052.0,84253.5,87340.203125,87116.75,3086.703125,223.453125,2863.25
183,86893.3,86991.3,86885.6,86970.4,5381.0,84253.5,87340.203125,87112.90625,3086.703125,227.296875,2859.40625
184,86976.8,86988.5,86935.2,86935.2,6084.0,84253.5,87340.203125,87112.90625,3086.703125,227.296875,2859.40625
185,86935.1,86936.0,86728.6,86737.0,15394.0,84253.5,87331.296875,87029.953125,3077.796875,301.34375,2776.453125
186,86737.0,86809.0,86600.0,86688.9,33820.0,84253.5,87281.296875,86940.6484375,3027.796875,340.6484375,2687.1484375
187,86691.1,86839.5,86691.1,86833.1,5536.0,84890.8984375,87281.296875,86940.6484375,2390.3984375,340.6484375,2049.75
188,86830.6,86913.0,86830.6,86846.2,7789.0,85007.796875,87266.203125,86933.1015625,2258.40625,333.1015625,1925.3046875
189,86839.2,86842.7,86651.1,86659.8,12443.0,85007.796875,87257.5,86928.75,2249.703125,328.75,1920.953125
190,86672.6,86716.7,86653.2,86716.7,4318.0,85007.796875,87257.5,86928.75,2249.703125,328.75,1920.953125
191,86721.4,86721.4,86618.2,86643.8,3803.0,85417.0,87223.296875,86911.6484375,1806.296875,311.6484375,1494.6484375
192,86646.7,86660.6,86403.9,86496.2,24834.0,85417.0,87170.796875,86787.34375,1753.796875,383.453125,1370.34375
193,86500.8,86584.7,86418.7,86453.0,17044.0,85417.0,87170.796875,86787.34375,1753.796875,383.453125,1370.34375
194,86455.9,86497.4,86401.9,86444.9,7346.0,85417.0,87170.796875,86786.34375,1753.796875,384.453125,1369.34375
195,86440.1,86555.3,86408.2,86526.5,4643.0,85417.0,87170.796875,86786.34375,1753.796875,384.453125,1369.34375
196,86526.5,86618.0,86492.5,86541.7,8116.0,85417.0,87170.796875,86786.34375,1753.796875,384.453125,1369.34375
197,86535.9,86535.9,86402.0,86402.1,4754.0,85417.0,87170.796875,86786.34375,1753.796875,384.453125,1369.34375
198,86410.8,86438.8,86176.2,86180.7,17726.0,85417.0,87104.6015625,86640.40625,1687.6015625,464.1953125,1223.40625
199,86180.7,86411.4,86180.7,86403.0,18165.0,85417.0,87068.703125,86622.453125,1651.703125,446.25,1205.453125
200,86403.7,86516.5,86308.2,86516.5,9042.0,85417.0,87046.296875,86611.25,1629.296875,435.046875,1194.25
201,86520.8,86776.4,86520.8,86756.3,28362.0,85417.0,87003.203125,86589.703125,1586.203125,413.5,1172.703125
202,86747.8,86747.8,86580.5,86610.5,10924.0,85417.0,86991.296875,86583.75,1574.296875,407.546875,1166.75
203,86610.4,86780.8,86590.9,86748.0,15765.0,85417.0,86988.5,86582.3515625,1571.5,406.1484375,1165.3515625
204,86748.0,86786.9,86667.8,86706.6,4021.0,85417.0,86936.0,86556.1015625,1519.0,379.8984375,1139.1015625
205,86703.3,86798.4,86669.7,86731.1,5333.0,85417.0,86913.0,86544.6015625,1496.0,368.3984375,1127.6015625
206,86722.3,86722.3,86635.2,86676.4,11247.0,85417.0,86913.0,86544.6015625,1496.0,368.3984375,1127.6015625
207,86694.1,86698.7,86556.8,86579.7,4820.0,85417.0,86913.0,86544.6015625,1496.0,368.3984375,1127.6015625
208,86571.2,86596.5,86552.1,86578.7,3897.0,85417.0,86842.703125,86509.453125,1425.703125,333.25,1092.453125
209,86574.5,86660.9,86495.6,86495.6,9383.0,85417.0,86798.3984375,86487.296875,1381.3984375,311.1015625,1070.296875
210,86495.8,86508.7,86253.3,86398.1,9546.0,85417.0,86798.3984375,86487.296875,1381.3984375,311.1015625,1070.296875
211,86398.1,86542.0,86398.1,86528.6,8732.0,84812.1015625,86798.3984375,86487.296875,1986.296875,311.1015625,1675.1953125
212,86531.9,86568.2,86352.6,86352.8,9250.0,84632.6015625,86798.3984375,86487.296875,2165.796875,311.1015625,1854.6953125
213,86377.2,86444.9,86317.1,86433.1,8618.0,84424.796875,86798.3984375,86487.296875,2373.6015625,311.1015625,2062.5
214,86428.1,86534.8,86383.7,86524.9,4693.0,84186.0,86798.3984375,86487.296875,2612.3984375,311.1015625,2301.296875
215,86525.0,86670.4,86509.6,86589.1,7676.0,84531.796875,86798.3984375,86487.296875,2266.6015625,311.1015625,1955.5
216,86578.0,86640.7,86530.3,86562.6,5424.0,84825.3984375,86798.3984375,86487.296875,1973.0,311.1015625,1661.8984375
217,86559.3,86609.8,86391.6,86395.6,13155.0,84981.5,86798.3984375,86487.296875,1816.8984375,311.1015625,1505.796875
218,86404.0,86468.1,86379.2,86466.4,3063.0,85228.296875,86798.3984375,86489.546875,1570.1015625,308.8515625,1261.25
219,86466.4,86488.8,86301.9,86347.8,9455.0,85228.296875,86798.3984375,86525.84375,1570.1015625,272.5546875,1297.546875
220,86357.6,86492.7,86353.3,86484.3,4486.0,85228.296875,86798.3984375,86525.84375,1570.1015625,272.5546875,1297.546875
221,86475.5,86483.5,86409.6,86432.5,7786.0,85417.796875,86798.3984375,86525.84375,1380.6015625,272.5546875,1108.046875
222,86432.5,86488.2,86357.0,86447.1,5794.0,85417.796875,86798.3984375,86525.84375,1380.6015625,272.5546875,1108.046875
223,86438.5,86438.5,86282.0,86331.4,7853.0,85417.796875,86798.3984375,86525.84375,1380.6015625,272.5546875,1108.046875
224,86328.9,86352.0,85852.6,85882.9,137327.0,85417.796875,86798.3984375,86325.5,1380.6015625,472.8984375,907.703125
225,85887.1,86099.9,85852.2,86006.9,21941.0,85417.796875,86722.296875,86287.25,1304.5,435.046875,869.453125
226,86007.0,86190.6,86007.0,86186.3,11137.0,85417.796875,86698.703125,86275.453125,1280.90625,423.25,857.65625
227,86187.5,86250.8,86051.9,86138.2,10003.0,85417.796875,86670.3984375,86261.296875,1252.6015625,409.1015625,843.5
228,86153.7,86259.6,86135.6,86209.9,8193.0,85417.796875,86670.3984375,86261.296875,1252.6015625,409.1015625,843.5
229,86209.9,86234.3,86131.4,86162.9,4426.0,85417.796875,86670.3984375,86261.296875,1252.6015625,409.1015625,843.5
230,86167.4,86250.8,86140.2,86152.9,9285.0,85417.796875,86670.3984375,86261.296875,1252.6015625,409.1015625,843.5
231,86169.3,86169.3,85990.9,86043.0,9036.0,85417.796875,86670.3984375,86261.296875,1252.6015625,409.1015625,843.5
232,86033.5,86036.6,85656.5,85703.8,56064.0,85417.796875,86670.3984375,86163.453125,1252.6015625,506.9453125,745.65625
233,85703.9,85852.2,85703.9,85767.8,27207.0,85417.796875,86670.3984375,86163.453125,1252.6015625,506.9453125,745.65625
234,85762.0,85850.4,85727.8,85815.1,7963.0,85417.796875,86670.3984375,86163.453125,1252.6015625,506.9453125,745.65625
235,85832.0,85832.0,85600.1,85702.0,20876.0,85417.796875,86640.703125,86120.40625,1222.90625,520.296875,702.609375
236,85701.9,85803.3,85600.1,85627.9,31337.0,85417.796875,86609.796875,86104.953125,1192.0,504.84375,687.15625
237,85624.6,85683.4,85558.8,85574.3,29383.0,85417.796875,86492.703125,86025.75,1074.90625,466.953125,607.953125
238,85574.0,85631.1,85473.9,85502.9,21038.0,85417.796875,86492.703125,85983.296875,1074.90625,509.40625,565.5
239,85529.6,85593.1,85345.5,85439.8,37207.0,85417.796875,86492.703125,85919.1015625,1074.90625,573.6015625,501.3046875
240,85439.7,85659.3,85427.1,85647.1,10836.0,85417.796875,86488.203125,85916.8515625,1070.40625,571.3515625,499.0546875
241,85625.5,85680.6,85510.3,85680.6,6731.0,85397.6015625,86488.203125,85916.8515625,1090.6015625,571.3515625,519.25
242,85680.5,85680.9,85575.1,85613.4,6608.0,85397.6015625,86438.5,85892.0,1040.8984375,546.5,494.3984375
243,85626.1,85699.9,85549.1,85575.0,10137.0,85343.1015625,86352.0,85848.75,1008.8984375,503.25,505.6484375
244,85598.0,85715.5,85572.4,85672.9,7328.0,85343.1015625,86259.6015625,85802.546875,916.5,457.0546875,459.4453125
245,85673.0,85999.4,85673.0,85932.5,15574.0,85183.296875,86259.6015625,85802.546875,1076.3046875,457.0546875,619.25
246,85934.9,86054.4,85926.3,85992.9,11959.0,84988.0,86259.6015625,85802.546875,1271.6015625,457.0546875,814.546875
247,86000.8,86040.4,85902.2,85936.9,8689.0,84970.0,86259.6015625,85802.546875,1289.6015625,457.0546875,832.546875
248,85937.8,86035.6,85926.0,86014.1,10299.0,84970.0,86250.796875,85798.1484375,1280.796875,452.6484375,828.1484375
249,86025.2,86025.2,85833.7,85839.4,5731.0,84970.0,86250.796875,85798.1484375,1280.796875,452.6484375,828.1484375
250,85839.5,85941.5,85839.4,85930.4,4302.0,84970.0,86169.296875,85757.3984375,1199.296875,411.8984375,787.3984375
251,85921.9,85930.2,85830.6,85879.7,6486.0,84970.0,86054.3984375,85699.953125,1084.3984375,354.4453125,729.953125
252,85896.6,85930.0,85835.3,85912.9,4643.0,84970.0,86054.3984375,85699.953125,1084.3984375,354.4453125,729.953125
253,85912.0,85912.0,85813.0,85827.0,2945.0,84970.0,86054.3984375,85699.953125,1084.3984375,354.4453125,729.953125
254,85829.2,85829.2,85720.1,85774.1,4394.0,84970.0,86054.3984375,85699.953125,1084.3984375,354.4453125,729.953125
255,85783.3,85943.9,85783.3,85942.9,5970.0,84970.0,86054.3984375,85699.953125,1084.3984375,354.4453125,729.953125
256,85925.4,85974.4,85701.9,85718.3,10857.0,84970.0,86054.3984375,85699.953125,1084.3984375,354.4453125,729.953125
257,85718.3,85718.7,85533.6,85565.1,10773.0,84970.0,86054.3984375,85699.953125,1084.3984375,354.4453125,729.953125
258,85565.1,85646.5,85544.6,85624.6,4371.0,84970.0,86054.3984375,85699.953125,1084.3984375,354.4453125,729.953125
259,85624.7,85642.1,85466.0,85526.5,10898.0,84970.0,86054.3984375,85740.75,1084.3984375,313.6484375,770.75
260,85510.1,85640.6,85480.2,85621.2,6778.0,84970.0,86054.3984375,85760.203125,1084.3984375,294.1953125,790.203125
261,85621.2,85773.2,85621.2,85727.2,7407.0,84970.0,86054.3984375,85760.203125,1084.3984375,294.1953125,790.203125
262,85729.2,85785.5,85703.8,85785.5,9769.0,84970.0,86054.3984375,85760.203125,1084.3984375,294.1953125,790.203125
263,85785.6,85804.4,85650.4,85658.2,8415.0,84970.0,86054.3984375,85760.203125,1084.3984375,294.1953125,790.203125
264,85657.3,85657.3,85495.8,85533.1,4775.0,84970.0,86054.3984375,85760.203125,1084.3984375,294.1953125,790.203125
265,85534.1,85579.5,85432.9,85462.1,9237.0,84888.296875,86054.3984375,85743.6484375,1166.1015625,310.75,855.3515625
266,85469.8,85567.3,85445.9,85535.4,10767.0,84732.796875,86040.3984375,85736.6484375,1307.6015625,303.75,1003.8515625
267,85533.0,85579.6,85487.1,85487.2,2838.0,84682.203125,86035.6015625,85734.25,1353.3984375,301.3515625,1052.046875
268,85481.1,85625.0,85474.8,85612.1,6635.0,84682.8984375,86025.203125,85729.046875,1342.3046875,296.15625,1046.1484375
269,85604.5,85711.2,85604.5,85687.9,6297.0,84926.203125,85974.3984375,85703.6484375,1048.1953125,270.75,777.4453125
270,85687.5,85792.8,85609.7,85792.8,6186.0,84986.8984375,85974.3984375,85703.6484375,987.5,270.75,716.75
271,85800.0,85853.5,85674.6,85701.6,7363.0,85078.8984375,85974.3984375,85703.6484375,895.5,270.75,624.75
272,85704.4,85796.4,85675.8,85759.0,4660.0,85314.703125,85974.3984375,85703.6484375,659.6953125,270.75,388.9453125
273,85759.1,85772.3,85654.9,85654.9,4528.0,85314.703125,85974.3984375,85703.6484375,659.6953125,270.75,388.9453125
274,85663.4,85663.4,85579.3,85613.0,4202.0,85314.703125,85974.3984375,85703.6484375,659.6953125,270.75,388.9453125
275,85617.9,85650.0,85577.4,85630.5,2748.0,85314.703125,85974.3984375,85703.6484375,659.6953125,270.75,388.9453125
276,85642.8,85944.7,85642.2,85944.6,6701.0,85314.703125,85944.703125,85688.796875,630.0,255.90625,374.09375
277,85933.7,85994.8,85778.8,85800.3,9326.0,85314.703125,85994.796875,85713.84375,680.09375,280.953125,399.140625
278,85794.2,85898.8,85778.1,85867.2,8023.0,85314.703125,85994.796875,85713.84375,680.09375,280.953125,399.140625
279,85855.5,85914.1,85800.5,85871.9,6588.0,85314.703125,85994.796875,85713.84375,680.09375,280.953125,399.140625
280,85866.2,86031.3,85852.7,85988.0,11707.0,85314.703125,86031.296875,85732.09375,716.59375,299.203125,417.390625
281,85988.0,86090.0,85977.8,86068.3,5521.0,85314.703125,86090.0,85761.453125,775.296875,328.546875,446.75
282,86062.7,86078.8,86009.1,86047.9,4429.0,85314.703125,86090.0,85761.453125,775.296875,328.546875,446.75
283,86058.4,86129.3,86037.8,86071.8,4974.0,85314.703125,86129.296875,85781.09375,814.59375,348.203125,466.390625
284,86067.5,86108.6,86045.0,86058.0,3915.0,85314.703125,86129.296875,85781.09375,814.59375,348.203125,466.390625
285,86058.0,86125.1,86053.1,86063.0,4532.0,85314.703125,86129.296875,85787.59375,814.59375,341.703125,472.890625
286,86062.2,86062.2,85998.7,85998.7,2655.0,85314.703125,86129.296875,85802.046875,814.59375,327.25,487.34375
287,85999.1,86071.6,85999.0,86045.6,4464.0,85314.703125,86129.296875,85802.046875,814.59375,327.25,487.34375
288,86053.5,86057.0,85921.6,85951.1,5981.0,88160.1015625,86129.296875,85853.34375,2030.8046875,275.953125,2306.7578125
289,85957.7,85994.0,85936.4,85974.5,3532.0,88160.1015625,86129.296875,85853.34375,2030.8046875,275.953125,2306.7578125
290,85967.0,85997.2,85936.1,85997.2,6763.0,88160.1015625,86129.296875,85853.34375,2030.8046875,275.953125,2306.7578125
291,85997.2,86001.5,85941.1,85958.6,3057.0,88160.1015625,86129.296875,85853.34375,2030.8046875,275.953125,2306.7578125
292,85971.0,86022.3,85971.0,85995.9,4989.0,88160.1015625,86129.296875,85853.34375,2030.8046875,275.953125,2306.7578125
293,85983.3,85996.5,85935.9,85962.2,5489.0,88160.1015625,86129.296875,85853.34375,2030.8046875,275.953125,2306.7578125
294,85966.3,85986.7,85891.4,85922.4,8574.0,88160.1015625,86129.296875,85853.34375,2030.8046875,275.953125,2306.7578125
295,85918.2,85984.1,85918.2,85975.6,6319.0,88160.1015625,86129.296875,85885.75,2030.8046875,243.546875,2274.3515625
296,85962.7,85986.5,85945.6,85961.5,4096.0,88160.1015625,86129.296875,85953.703125,2030.8046875,175.59375,2206.3984375
297,85962.6,86028.1,85961.3,86020.9,4533.0,88160.1015625,86129.296875,85953.703125,2030.8046875,175.59375,2206.3984375
298,86019.2,86020.8,85968.5,85968.5,2496.0,88160.1015625,86129.296875,85964.8984375,2030.8046875,164.3984375,2195.203125
299,85964.2,85964.2,85817.3,85832.3,3535.0,88160.1015625,86129.296875,85973.296875,2030.8046875,156.0,2186.8046875
300,85817.3,85865.2,85798.6,85861.3,10066.0,88160.1015625,86129.296875,85963.953125,2030.8046875,165.34375,2196.1484375
301,85863.3,85863.3,85794.8,85802.0,9386.0,88160.1015625,86129.296875,85962.046875,2030.8046875,167.25,2198.0546875
302,85800.1,85864.7,85765.8,85810.0,5590.0,88160.1015625,86129.296875,85947.546875,2030.8046875,181.75,2212.5546875
303,85810.1,85859.5,85810.1,85828.0,3362.0,88160.1015625,86125.1015625,85945.453125,2035.0,179.6484375,2214.6484375
304,85822.3,85860.8,85822.1,85831.6,5387.0,88160.1015625,86125.1015625,85945.453125,2035.0,179.6484375,2214.6484375
305,85822.8,85888.9,85697.6,85697.6,6473.0,88160.1015625,86071.6015625,85884.6015625,2088.5,187.0,2275.5
306,85695.3,85766.4,85656.3,85766.1,10213.0,88160.1015625,86071.6015625,85863.953125,2088.5,207.6484375,2296.1484375
307,85766.5,85852.0,85671.8,85693.6,3404.0,88160.1015625,86057.0,85856.6484375,2103.1015625,200.3515625,2303.453125
308,85702.2,85723.8,85620.9,85622.9,5585.0,87869.1015625,86028.1015625,85824.5,1841.0,203.6015625,2044.6015625
309,85644.7,85647.0,85622.9,85623.0,3111.0,87731.5,86028.1015625,85824.5,1703.3984375,203.6015625,1907.0
310,85631.0,85665.0,85631.0,85636.9,4084.0,87731.5,86028.1015625,85824.5,1703.3984375,203.6015625,1907.0
311,85636.1,85707.5,85636.1,85703.2,4418.0,87480.8984375,86028.1015625,85824.5,1452.796875,203.6015625,1656.3984375
312,85707.8,85771.7,85707.8,85711.1,2704.0,87480.8984375,86028.1015625,85824.5,1452.796875,203.6015625,1656.3984375
313,85711.1,85769.9,85687.0,85752.4,4256.0,87480.8984375,86028.1015625,85824.5,1452.796875,203.6015625,1656.3984375
314,85748.2,85823.4,85698.3,85698.3,4213.0,87480.8984375,86028.1015625,85824.5,1452.796875,203.6015625,1656.3984375
315,85698.2,85706.7,85631.2,85631.2,4632.0,87480.8984375,86028.1015625,85824.5,1452.796875,203.6015625,1656.3984375
316,85632.3,85754.7,85625.5,85739.9,3221.0,87480.8984375,86028.1015625,85824.5,1452.796875,203.6015625,1656.3984375
317,85747.2,85816.0,85691.2,85715.2,4803.0,87480.8984375,86020.796875,85820.84375,1460.1015625,199.953125,1660.0546875
318,85722.2,85737.1,85632.0,85659.7,3118.0,87480.8984375,85964.203125,85792.546875,1516.6953125,171.65625,1688.3515625
319,85661.6,85687.8,85644.3,85668.9,5380.0,87480.8984375,85888.8984375,85754.8984375,1592.0,134.0,1726.0
320,85664.7,85768.7,85664.7,85768.7,3704.0,87480.8984375,85888.8984375,85754.8984375,1592.0,134.0,1726.0
321,85775.8,85825.9,85674.0,85674.0,4334.0,87480.8984375,85888.8984375,85754.8984375,1592.0,134.0,1726.0
322,85661.1,85722.1,85629.1,85722.1,3253.0,87480.8984375,85888.8984375,85754.8984375,1592.0,134.0,1726.0
323,85718.0,85751.9,85661.0,85667.1,3712.0,87480.8984375,85888.8984375,85754.8984375,1592.0,134.0,1726.0
324,85667.1,85696.1,85603.6,85696.1,4164.0,87480.8984375,85888.8984375,85746.25,1592.0,142.6484375,1734.6484375
325,85682.4,85804.0,85669.9,85767.0,16307.0,87480.8984375,85852.0,85727.796875,1628.8984375,124.203125,1753.1015625
326,85759.8,85850.0,85747.8,85850.0,3203.0,87480.8984375,85852.0,85727.796875,1628.8984375,124.203125,1753.1015625
327,85854.0,85901.0,85835.9,85835.9,3468.0,87480.8984375,85901.0,85752.296875,1579.8984375,148.703125,1728.6015625
328,85832.3,85889.4,85832.3,85889.4,4198.0,87466.1015625,85901.0,85752.296875,1565.1015625,148.703125,1713.8046875
329,85890.3,85902.1,85825.9,85852.1,3332.0,87466.1015625,85902.1015625,85752.8515625,1564.0,149.25,1713.25
330,85852.1,85930.9,85852.1,85878.5,3155.0,87466.1015625,85930.8984375,85767.25,1535.203125,163.6484375,1698.8515625
331,85874.2,85874.2,85692.2,85700.0,4425.0,87466.1015625,85930.8984375,85767.25,1535.203125,163.6484375,1698.8515625
332,85699.9,85699.9,85474.5,85474.5,8504.0,87466.1015625,85930.8984375,85702.703125,1535.203125,228.1953125,1763.3984375
333,85473.9,85526.3,85420.3,85486.2,9694.0,87394.703125,85930.8984375,85675.59375,1463.8046875,255.3046875,1719.109375
334,85501.5,85604.9,85480.8,85572.9,10546.0,87394.703125,85930.8984375,85675.59375,1463.8046875,255.3046875,1719.109375
335,85568.5,85583.0,85450.0,85493.9,6985.0,87394.703125,85930.8984375,85675.59375,1463.8046875,255.3046875,1719.109375
336,85489.0,85582.8,85474.2,85555.8,32121.0,87394.703125,85930.8984375,85675.59375,1463.8046875,255.3046875,1719.109375
337,85555.7,85555.7,85450.0,85476.3,4223.0,87331.296875,85930.8984375,85675.59375,1400.3984375,255.3046875,1655.703125
338,85480.4,85523.9,85469.1,85472.7,7586.0,87331.296875,85930.8984375,85675.59375,1400.3984375,255.3046875,1655.703125
339,85469.1,85523.7,85427.6,85442.0,8565.0,87331.296875,85930.8984375,85675.59375,1400.3984375,255.3046875,1655.703125
340,85442.0,85567.2,85442.0,85514.8,5399.0,87331.296875,85930.8984375,85675.59375,1400.3984375,255.3046875,1655.703125
341,85512.3,85561.3,85399.6,85561.3,6553.0,87257.5,85930.8984375,85665.25,1326.6015625,265.6484375,1592.25
342,85553.0,85729.4,85524.2,85654.8,5704.0,87110.1015625,85930.8984375,85665.25,1179.203125,265.6484375,1444.8515625
343,85654.9,85931.1,85654.9,85913.5,16924.0,87046.296875,85931.1015625,85665.3515625,1115.1953125,265.75,1380.9453125
344,85914.5,86012.0,85878.8,85878.8,10279.0,86809.0,86012.0,85705.796875,797.0,306.203125,1103.203125
345,85883.0,85996.5,85883.0,85948.5,6728.0,86776.3984375,86012.0,85705.796875,764.3984375,306.203125,1070.6015625
346,85950.9,85979.7,85879.3,85879.3,3159.0,86776.3984375,86012.0,85705.796875,764.3984375,306.203125,1070.6015625
347,85875.2,85875.2,85723.7,85741.6,6791.0,86776.3984375,86012.0,85705.796875,764.3984375,306.203125,1070.6015625
348,85745.6,85828.9,85745.6,85783.2,3525.0,86722.296875,86012.0,85705.796875,710.296875,306.203125,1016.5
349,85762.6,85807.2,85753.7,85778.3,2848.0,86640.703125,86012.0,85705.796875,628.703125,306.203125,934.90625
350,85768.1,85816.5,85768.1,85816.5,4345.0,86640.703125,86012.0,85705.796875,628.703125,306.203125,934.90625
351,85816.6,85888.1,85804.1,85871.0,3167.0,86483.5,86012.0,85705.796875,471.5,306.203125,777.703125
352,85863.5,85912.7,85846.6,85887.0,7238.0,86190.6015625,86012.0,85705.796875,178.6015625,306.203125,484.8046875
353,85889.3,85957.3,85854.7,85957.3,2948.0,86169.296875,86012.0,85705.796875,157.296875,306.203125,463.5
354,85957.2,86040.2,85954.5,86032.3,5187.0,86090.0,86040.203125,85719.90625,49.796875,320.296875,370.09375
355,86032.3,86077.6,86003.0,86058.2,4787.0,86090.0,86077.6015625,85738.6015625,12.3984375,339.0,351.3984375
356,86056.2,86121.1,86056.1,86056.2,4706.0,86090.0,86121.1015625,85760.3515625,31.1015625,360.75,329.6484375
357,86067.6,86115.4,86056.1,86056.1,3744.0,86090.0,86121.1015625,85760.3515625,31.1015625,360.75,329.6484375
358,86056.0,86056.0,85994.5,86026.6,2311.0,86090.0,86121.1015625,85760.3515625,31.1015625,360.75,329.6484375
359,86026.5,86060.7,86012.3,86059.4,3384.0,86121.1015625,86121.1015625,85760.3515625,0.0,360.75,360.75
360,86052.5,86089.3,86026.7,86087.3,3147.0,86164.3984375,86121.1015625,85760.3515625,43.296875,360.75,404.046875
361,86087.2,86164.4,86012.3,86022.5,4912.0,86169.296875,86164.3984375,85844.296875,4.8984375,320.1015625,325.0
362,86015.4,86086.4,85968.9,86082.1,4110.0,86169.296875,86164.3984375,85909.6484375,4.8984375,254.75,259.6484375
363,86062.7,86078.7,86027.4,86062.1,2589.0,86192.203125,86164.3984375,85944.046875,27.8046875,220.3515625,248.15625
364,86068.1,86117.8,86020.7,86040.4,3568.0,86309.6015625,86164.3984375,85944.046875,145.203125,220.3515625,365.5546875
365,86040.5,86048.8,85957.1,85980.7,3070.0,86344.796875,86164.3984375,85944.046875,180.3984375,220.3515625,400.75
366,85978.0,86169.3,85967.8,86135.8,4361.0,86344.796875,86169.296875,85946.5,175.5,222.796875,398.296875
367,86135.8,86248.1,86031.1,86060.6,6480.0,86344.796875,86248.1015625,85996.8515625,96.6953125,251.25,347.9453125
368,86056.3,86067.4,86014.9,86014.9,2417.0,86344.796875,86248.1015625,86000.90625,96.6953125,247.1953125,343.890625
369,86010.6,86130.3,86010.6,86121.1,5066.0,86344.796875,86248.1015625,86008.1015625,96.6953125,240.0,336.6953125
370,86116.7,86126.7,86075.7,86095.0,4595.0,86344.796875,86248.1015625,86026.1015625,96.6953125,222.0,318.6953125
371,86092.5,86129.6,86060.8,86069.6,2470.0,86344.796875,86248.1015625,86047.3515625,96.6953125,200.75,297.4453125
372,86075.4,86081.5,86056.1,86062.0,5649.0,86344.796875,86248.1015625,86051.40625,96.6953125,196.6953125,293.390625
373,86056.0,86119.4,86048.2,86119.4,3238.0,86344.796875,86248.1015625,86101.296875,96.6953125,146.8046875,243.5
374,86128.0,86220.8,86122.8,86216.6,5249.0,86344.796875,86248.1015625,86102.6015625,96.6953125,145.5,242.1953125
375,86204.5,86322.9,86183.2,86192.3,9061.0,86344.796875,86322.8984375,86140.0,21.8984375,182.8984375,204.796875
376,86192.2,86192.2,86142.7,86170.0,2753.0,86344.796875,86322.8984375,86140.0,21.8984375,182.8984375,204.796875
377,86182.3,86340.0,86182.3,86301.2,7937.0,86344.796875,86340.0,86148.546875,4.796875,191.453125,196.25
378,86305.9,86338.2,86290.0,86290.0,3039.0,86344.796875,86340.0,86148.546875,4.796875,191.453125,196.25
379,86286.2,86309.2,86236.0,86258.9,5341.0,86344.796875,86340.0,86148.546875,4.796875,191.453125,196.25
380,86257.3,86338.3,86244.4,86303.6,3256.0,86344.796875,86340.0,86148.546875,4.796875,191.453125,196.25
381,86303.6,86309.6,86250.7,86302.4,2599.0,86344.796875,86340.0,86148.546875,4.796875,191.453125,196.25
382,86303.6,86344.9,86277.8,86340.4,4060.0,86344.796875,86344.8984375,86151.0,0.1015625,193.8984375,193.796875
383,86338.3,86344.8,86258.4,86286.1,3108.0,86344.796875,86344.8984375,86151.0,0.1015625,193.8984375,193.796875
384,86286.4,86309.7,86252.1,86309.7,2156.0,86344.796875,86344.8984375,86151.0,0.1015625,193.8984375,193.796875
385,86314.0,86344.9,86299.6,86344.9,3074.0,86301.796875,86344.8984375,86156.34375,43.1015625,188.5546875,145.453125
386,86344.8,86344.8,86286.7,86324.9,5096.0,86254.0,86344.8984375,86177.75,90.8984375,167.1484375,76.25
387,86334.8,86338.0,86254.7,86263.5,5631.0,86254.0,86344.8984375,86177.75,90.8984375,167.1484375,76.25
388,86267.7,86292.5,86240.0,86256.2,2701.0,86254.0,86344.8984375,86177.75,90.8984375,167.1484375,76.25
389,86254.1,86254.1,86193.9,86207.5,2405.0,86254.0,86344.8984375,86196.546875,90.8984375,148.3515625,57.453125
390,86207.6,86266.1,86207.6,86266.1,6706.0,86254.0,86344.8984375,86196.546875,90.8984375,148.3515625,57.453125
391,86267.1,86301.8,86220.0,86237.4,3000.0,86254.0,86344.8984375,86196.546875,90.8984375,148.3515625,57.453125
392,86238.3,86307.1,86219.1,86219.1,4243.0,86124.6015625,86344.8984375,86196.546875,220.296875,148.3515625,71.9453125
393,86217.2,86256.4,86160.5,86238.5,3859.0,85932.1015625,86344.8984375,86233.84375,412.796875,111.0546875,301.7421875
394,86242.7,86250.0,86205.0,86214.2,3779.0,85888.0,86344.8984375,86243.796875,456.8984375,101.1015625,355.796875
395,86205.6,86205.6,86062.1,86062.1,8078.0,85804.8984375,86344.8984375,86203.5,540.0,141.3984375,398.6015625
396,86062.1,86067.8,86017.3,86036.8,5860.0,85804.8984375,86344.8984375,86181.09375,540.0,163.8046875,376.1953125
397,86033.7,86033.7,85869.9,85932.9,9270.0,85777.8984375,86344.8984375,86107.3984375,567.0,237.5,329.5
398,85932.5,85949.1,85905.2,85905.2,2510.0,85777.8984375,86344.8984375,86107.3984375,567.0,237.5,329.5
399,85902.4,85918.0,85846.1,85853.2,5250.0,85730.5,86344.8984375,86095.5,614.3984375,249.3984375,365.0
400,85864.9,85889.3,85829.6,85867.5,2686.0,85730.5,86344.8984375,86087.25,614.3984375,257.6484375,356.75
401,85855.7,85940.4,85855.7,85928.9,6484.0,85730.5,86344.8984375,86087.25,614.3984375,257.6484375,356.75
402,85926.0,85937.7,85894.7,85927.0,2066.0,85650.703125,86344.8984375,86087.25,694.1953125,257.6484375,436.546875
403,85928.6,86085.2,85894.1,86085.2,17823.0,85650.703125,86344.8984375,86087.25,694.1953125,257.6484375,436.546875
404,86085.1,86225.3,86025.6,86058.2,69246.0,85630.203125,86344.8984375,86087.25,714.6953125,257.6484375,457.046875
405,86058.2,86058.2,85965.0,85970.3,4219.0,85512.796875,86344.796875,86087.203125,832.0,257.59375,574.40625
406,85969.8,86053.8,85968.7,86053.8,2784.0,85504.1015625,86338.0,86083.796875,833.8984375,254.203125,579.6953125
407,86054.0,86116.5,86018.3,86113.2,1520.0,85333.0,86307.1015625,86068.3515625,974.1015625,238.75,735.3515625
408,86112.1,86142.0,86038.7,86071.7,3330.0,85333.0,86307.1015625,86068.3515625,974.1015625,238.75,735.3515625
409,86071.6,86087.8,86033.8,86065.8,3745.0,85245.6015625,86307.1015625,86068.3515625,1061.5,238.75,822.75
410,86070.7,86154.0,86070.7,86154.0,2658.0,84698.703125,86307.1015625,86068.3515625,1608.3984375,238.75,1369.6484375
411,86158.8,86187.3,86136.3,86136.3,1825.0,84698.703125,86307.1015625,86068.3515625,1608.3984375,238.75,1369.6484375
412,86136.1,86157.2,86093.9,86127.3,2414.0,84698.703125,86256.3984375,86043.0,1557.6953125,213.3984375,1344.296875
413,86123.1,86146.9,86092.1,86096.5,2241.0,84698.703125,86250.0,86039.796875,1551.296875,210.203125,1341.09375
414,86107.5,86107.5,86049.8,86084.9,3268.0,84698.703125,86225.296875,86027.453125,1526.59375,197.84375,1328.75
415,86070.8,86144.4,86070.8,86139.5,1926.0,84698.703125,86225.296875,86027.453125,1526.59375,197.84375,1328.75
416,86139.4,86208.2,86112.7,86112.7,2857.0,84698.703125,86225.296875,86027.453125,1526.59375,197.84375,1328.75
417,86129.9,86198.7,86124.3,86198.7,2111.0,84698.703125,86225.296875,86027.453125,1526.59375,197.84375,1328.75
418,86200.0,86219.3,86138.3,86138.3,2441.0,84698.703125,86225.296875,86027.453125,1526.59375,197.84375,1328.75
419,86135.0,86216.6,86133.7,86188.1,3033.0,84575.5,86225.296875,86027.453125,1649.796875,197.84375,1451.953125
420,86192.4,86234.1,86161.2,86211.7,3270.0,84401.5,86234.1015625,86044.90625,1832.6015625,189.1953125,1643.40625
421,86211.6,86254.0,86118.7,86118.7,3784.0,84401.5,86254.0,86074.046875,1852.5,179.953125,1672.546875
422,86120.6,86120.6,85981.3,86023.5,3653.0,84074.296875,86254.0,86074.046875,2179.703125,179.953125,1999.75
423,86038.5,86096.8,86002.0,86002.0,4179.0,83979.0,86254.0,86109.5,2275.0,144.5,2130.5
424,85999.1,86081.7,85999.1,86061.1,2863.0,83902.3984375,86254.0,86109.5,2351.6015625,144.5,2207.1015625
425,86060.1,86084.1,86005.2,86012.3,3312.0,83902.3984375,86254.0,86111.3515625,2351.6015625,142.6484375,2208.953125
426,86012.4,86124.6,85990.8,86002.0,5335.0,83902.3984375,86254.0,86117.6484375,2351.6015625,136.3515625,2215.25
427,85997.7,86007.1,85951.4,85959.4,2851.0,83902.3984375,86254.0,86102.703125,2351.6015625,151.296875,2200.3046875
428,85959.3,85959.3,85800.9,85849.9,5078.0,83902.3984375,86254.0,86027.453125,2351.6015625,226.546875,2125.0546875
429,85857.6,85951.9,85857.6,85947.3,1962.0,83902.3984375,86254.0,86027.453125,2351.6015625,226.546875,2125.0546875
430,85956.3,86015.1,85938.5,85938.6,5221.0,83766.6015625,86254.0,86027.453125,2487.3984375,226.546875,2260.8515625
431,85932.1,85932.1,85836.9,85881.4,6432.0,83610.5,86254.0,86027.453125,2643.5,226.546875,2416.953125
432,85891.7,86089.3,85891.7,85985.1,7549.0,83346.703125,86254.0,86027.453125,2907.296875,226.546875,2680.75
433,85991.3,86020.3,85972.0,85972.0,3266.0,83095.3984375,86254.0,86027.453125,3158.6015625,226.546875,2932.0546875
434,85966.9,85993.7,85933.9,85973.8,3496.0,83241.703125,86254.0,86027.453125,3012.296875,226.546875,2785.75
435,85961.0,85970.4,85883.3,85888.5,3662.0,83241.703125,86254.0,86027.453125,3012.296875,226.546875,2785.75
436,85888.0,85888.0,85852.1,85869.9,2574.0,83241.703125,86254.0,86027.453125,3012.296875,226.546875,2785.75
437,85861.3,85874.5,85800.0,85845.3,2784.0,83241.703125,86254.0,86027.0,3012.296875,227.0,2785.296875
438,85850.4,85866.5,85758.0,85774.0,10196.0,83241.703125,86254.0,86006.0,3012.296875,248.0,2764.296875
439,85770.5,85770.5,85695.5,85742.7,8930.0,83241.703125,86254.0,85974.75,3012.296875,279.25,2733.046875
440,85742.6,85742.6,85650.0,85692.3,5327.0,83241.703125,86254.0,85952.0,3012.296875,302.0,2710.296875
441,85692.3,85763.5,85692.3,85763.5,3544.0,83241.703125,86124.6015625,85887.296875,2882.8984375,237.3046875,2645.59375
442,85763.4,85831.0,85748.6,85819.0,4699.0,83241.703125,86124.6015625,85887.296875,2882.8984375,237.3046875,2645.59375
443,85823.3,85843.9,85761.2,85765.4,4608.0,83241.703125,86124.6015625,85887.296875,2882.8984375,237.3046875,2645.59375
444,85765.3,85780.9,85723.6,85729.4,3187.0,83241.703125,86124.6015625,85887.296875,2882.8984375,237.3046875,2645.59375
445,85727.3,85764.0,85685.6,85692.1,5761.0,83241.703125,86124.6015625,85887.296875,2882.8984375,237.3046875,2645.59375
446,85691.1,85804.9,85654.5,85783.9,3678.0,83241.703125,86089.296875,85869.6484375,2847.59375,219.6484375,2627.9453125
447,85784.8,85822.1,85700.1,85700.1,5072.0,83241.703125,86089.296875,85869.6484375,2847.59375,219.6484375,2627.9453125
448,85700.0,85700.0,85650.0,85657.6,3991.0,83241.703125,86089.296875,85869.6484375,2847.59375,219.6484375,2627.9453125
449,85657.6,85657.6,85601.1,85619.1,7419.0,83241.703125,86089.296875,85845.203125,2847.59375,244.09375,2603.5
450,85619.6,85649.6,85600.0,85600.0,3742.0,83241.703125,86089.296875,85844.6484375,2847.59375,244.6484375,2602.9453125
451,85600.0,85667.6,85600.0,85655.6,2979.0,83241.703125,86089.296875,85844.6484375,2847.59375,244.6484375,2602.9453125
452,85641.1,85641.1,85606.0,85606.0,3229.0,83241.703125,86020.296875,85810.1484375,2778.59375,210.1484375,2568.4453125
453,85600.0,85710.8,85588.3,85681.6,8372.0,83419.203125,85993.703125,85791.0,2574.5,202.703125,2371.796875
454,85677.5,85732.0,85669.1,85717.2,3388.0,83499.8984375,85970.3984375,85779.34375,2470.5,191.0546875,2279.4453125
455,85713.0,85839.8,85713.0,85747.9,13622.0,83499.8984375,85888.0,85738.1484375,2388.1015625,149.8515625,2238.25
456,85755.1,85777.9,85710.1,85727.9,4033.0,83499.8984375,85874.5,85731.3984375,2374.6015625,143.1015625,2231.5
457,85714.0,85727.9,85639.6,85686.6,4296.0,83614.8984375,85866.5,85727.3984375,2251.6015625,139.1015625,2112.5
458,85687.3,85687.3,85548.0,85615.8,5345.0,83671.5,85843.8984375,85695.953125,2172.3984375,147.9453125,2024.453125
459,85613.0,85663.5,85533.1,85663.5,7573.0,83988.6015625,85843.8984375,85688.5,1855.296875,155.3984375,1699.8984375
460,85666.8,85782.0,85618.0,85618.0,8897.0,84163.703125,85843.8984375,85688.5,1680.1953125,155.3984375,1524.796875
461,85621.1,85630.4,85570.6,85627.3,3147.0,84163.703125,85843.8984375,85688.5,1680.1953125,155.3984375,1524.796875
462,85635.8,85697.5,85627.4,85655.6,3532.0,84163.703125,85843.8984375,85688.5,1680.1953125,155.3984375,1524.796875
463,85652.8,85659.1,85604.3,85659.1,4554.0,84163.703125,85839.796875,85686.453125,1676.09375,153.34375,1522.75
464,85669.4,85729.7,85650.1,85672.0,3026.0,84163.703125,85839.796875,85686.453125,1676.09375,153.34375,1522.75
465,85663.3,85706.7,85610.2,85610.2,5217.0,84346.8984375,85839.796875,85686.453125,1492.8984375,153.34375,1339.5546875
466,85608.2,85635.8,85570.2,85622.3,3904.0,84386.3984375,85839.796875,85686.453125,1453.3984375,153.34375,1300.0546875
467,85629.1,85700.6,85614.6,85677.6,4544.0,84386.3984375,85839.796875,85686.453125,1453.3984375,153.34375,1300.0546875
468,85677.6,85714.4,85666.9,85705.9,2819.0,84386.3984375,85839.796875,85686.453125,1453.3984375,153.34375,1300.0546875
469,85705.9,85723.0,85666.1,85666.3,2148.0,84386.3984375,85839.796875,85686.453125,1453.3984375,153.34375,1300.0546875
470,85666.2,85703.8,85638.3,85682.5,3588.0,84386.3984375,85839.796875,85686.453125,1453.3984375,153.34375,1300.0546875
471,85680.5,85730.5,85654.1,85696.0,4799.0,84386.3984375,85839.796875,85686.453125,1453.3984375,153.34375,1300.0546875
472,85689.5,85709.4,85627.8,85627.8,5447.0,84386.3984375,85839.796875,85686.453125,1453.3984375,153.34375,1300.0546875
473,85625.0,85655.8,85555.5,85559.8,4459.0,84386.3984375,85839.796875,85686.453125,1453.3984375,153.34375,1300.0546875
474,85564.9,85657.3,85564.9,85618.3,5351.0,84386.3984375,85839.796875,85686.453125,1453.3984375,153.34375,1300.0546875
475,85617.3,85669.2,85602.1,85648.0,2294.0,85001.796875,85782.0,85657.546875,780.203125,124.453125,655.75
476,85647.9,85647.9,85543.9,85583.7,4378.0,85267.703125,85782.0,85657.546875,514.296875,124.453125,389.84375
477,85586.0,85586.0,85548.5,85573.6,3724.0,85267.703125,85782.0,85657.546875,514.296875,124.453125,389.84375
478,85573.0,85629.0,85552.6,85624.7,6905.0,85267.703125,85782.0,85657.546875,514.296875,124.453125,389.84375
479,85624.7,85624.7,85566.8,85578.8,4323.0,85417.0,85782.0,85662.953125,365.0,119.046875,245.953125
480,85576.0,85636.0,85562.7,85631.7,6170.0,85417.0,85730.5,85637.203125,313.5,93.296875,220.203125
481,85615.4,85650.7,85588.0,85604.5,5528.0,85417.0,85730.5,85637.203125,313.5,93.296875,220.203125
482,85604.4,85608.2,85542.0,85590.6,11641.0,85417.0,85730.5,85636.25,313.5,94.25,219.25
483,85590.6,85656.1,85501.2,85629.1,8618.0,85417.0,85730.5,85615.8515625,313.5,114.6484375,198.8515625
484,85619.6,85666.1,85604.8,85666.1,11701.0,85417.0,85730.5,85615.8515625,313.5,114.6484375,198.8515625
485,85680.0,85762.5,85631.2,85631.2,19912.0,85417.0,85762.5,85631.8515625,345.5,130.6484375,214.8515625
486,85630.2,85630.2,85558.1,85577.5,8144.0,85417.0,85762.5,85631.8515625,345.5,130.6484375,214.8515625
487,85599.6,85620.5,85485.0,85518.3,4472.0,85417.0,85762.5,85623.75,345.5,138.75,206.75
488,85520.4,85536.4,85455.1,85462.1,3761.0,85417.0,85762.5,85608.796875,345.5,153.703125,191.796875
489,85469.1,85527.2,85457.5,85527.2,5913.0,85417.0,85762.5,85608.796875,345.5,153.703125,191.796875
490,85516.7,85541.7,85474.8,85499.5,4240.0,85417.0,85762.5,85608.796875,345.5,153.703125,191.796875
491,85499.5,85512.8,85477.6,85496.9,3884.0,85417.0,85762.5,85608.796875,345.5,153.703125,191.796875
492,85496.9,85516.1,85487.7,85516.1,2319.0,85417.0,85762.5,85608.796875,345.5,153.703125,191.796875
493,85512.7,85536.2,85505.6,85509.6,2976.0,85417.0,85762.5,85608.796875,345.5,153.703125,191.796875
494,85514.9,85535.1,85438.1,85513.3,7962.0,85417.0,85762.5,85600.296875,345.5,162.203125,183.296875
495,85521.4,85528.7,85482.0,85504.2,7172.0,85417.0,85762.5,85600.296875,345.5,162.203125,183.296875
496,85504.1,85504.1,85387.9,85458.0,18297.0,85417.0,85762.5,85575.203125,345.5,187.296875,158.203125
497,85447.9,85491.8,85408.0,85417.6,5314.0,85417.0,85762.5,85575.203125,345.5,187.296875,158.203125
498,85429.0,85483.7,85403.2,85461.9,2438.0,85417.0,85762.5,85575.203125,345.5,187.296875,158.203125
499,85461.9,85513.3,85409.2,85414.0,2979.0,84833.6015625,85762.5,85575.203125,928.8984375,187.296875,741.6015625
500,85408.2,85408.2,85161.3,85164.3,39030.0,84788.1015625,85762.5,85461.8984375,974.3984375,300.6015625,673.796875
501,85160.1,85331.3,85155.4,85173.1,30477.0,84466.3984375,85762.5,85458.953125,1296.1015625,303.546875,992.5546875
502,85168.9,85258.7,85168.9,85220.2,7878.0,84243.796875,85762.5,85458.953125,1518.703125,303.546875,1215.15625
503,85235.2,85317.8,85183.1,85287.0,7815.0,84779.8984375,85762.5,85458.953125,982.6015625,303.546875,679.0546875
504,85289.0,85333.4,85262.8,85309.2,6174.0,84832.5,85762.5,85458.953125,930.0,303.546875,626.453125
505,85313.5,85363.1,85289.8,85333.1,5400.0,85175.296875,85630.203125,85392.796875,454.90625,237.40625,217.5
506,85333.0,85333.0,85271.7,85271.7,2489.0,85329.5,85620.5,85387.953125,291.0,232.546875,58.453125
507,85271.8,85323.1,85250.0,85312.8,4338.0,85329.5,85541.703125,85348.546875,212.203125,193.15625,19.046875
508,85314.8,85351.5,85282.4,85288.7,2753.0,85329.5,85541.703125,85348.546875,212.203125,193.15625,19.046875
509,85294.6,85294.6,85197.3,85197.3,11465.0,85429.3984375,85541.703125,85348.546875,112.3046875,193.15625,80.8515625
510,85208.0,85302.4,85180.7,85225.4,21586.0,85429.3984375,85536.203125,85345.796875,106.8046875,190.40625,83.6015625
511,85233.8,85245.6,85111.1,85164.5,18436.0,85463.6015625,85536.203125,85323.65625,72.6015625,212.546875,139.9453125
512,85156.0,85156.0,84600.0,84823.2,231593.0,85463.6015625,85536.203125,85068.1015625,72.6015625,468.1015625,395.5
513,84823.2,84845.1,83173.2,83177.4,590196.0,85463.6015625,85535.1015625,84354.15625,71.5,1180.9453125,1109.4453125
514,83177.4,83627.0,81277.3,83373.4,754291.0,85463.6015625,85528.703125,83403.0,65.1015625,2125.703125,2060.6015625
515,83371.8,83867.6,83225.0,83770.1,179103.0,85463.6015625,85513.296875,83395.296875,49.6953125,2118.0,2068.3046875
516,83761.6,83783.0,83156.9,83492.3,111964.0,85463.6015625,85513.296875,83395.296875,49.6953125,2118.0,2068.3046875
517,83492.3,84050.5,83441.5,83955.1,58244.0,85463.6015625,85513.296875,83395.296875,49.6953125,2118.0,2068.3046875
518,83955.3,84024.7,83683.2,83978.0,66531.0,85463.6015625,85513.296875,83395.296875,49.6953125,2118.0,2068.3046875
519,83986.2,84147.0,83954.7,84055.5,37277.0,85463.6015625,85408.203125,83342.75,55.3984375,2065.453125,2120.8515625
520,84058.4,84486.0,83945.4,84261.5,47252.0,85463.6015625,85363.1015625,83320.203125,100.5,2042.8984375,2143.3984375
521,84261.4,84480.4,84261.4,84371.1,38379.0,85463.6015625,85363.1015625,83320.203125,100.5,2042.8984375,2143.3984375
522,84371.2,84436.2,84079.0,84251.8,25485.0,85463.6015625,85363.1015625,83320.203125,100.5,2042.8984375,2143.3984375
523,84251.8,84439.8,84130.6,84414.2,33484.0,85463.6015625,85363.1015625,83320.203125,100.5,2042.8984375,2143.3984375
524,84413.2,84460.5,84326.4,84340.9,25856.0,85463.6015625,85363.1015625,83320.203125,100.5,2042.8984375,2143.3984375
525,84340.9,84366.2,84005.9,84104.9,21710.0,85463.6015625,85351.5,83314.3984375,112.1015625,2037.1015625,2149.203125
526,84104.8,84108.3,83916.0,83972.3,26099.0,85463.6015625,85351.5,83314.3984375,112.1015625,2037.1015625,2149.203125
527,83972.3,84125.8,83823.2,84004.7,42567.0,85463.6015625,85351.5,83314.3984375,112.1015625,2037.1015625,2149.203125
528,84000.4,84076.4,83764.7,83946.5,24317.0,85463.6015625,85302.3984375,83289.84375,161.203125,2012.5546875,2173.7578125
529,83948.4,83962.7,83800.6,83923.2,12939.0,85463.6015625,85302.3984375,83289.84375,161.203125,2012.5546875,2173.7578125
530,83923.3,84363.1,83896.8,84276.2,35765.0,85463.6015625,85245.6015625,83261.453125,218.0,1984.1484375,2202.1484375
531,84271.9,84271.9,84119.9,84125.6,8578.0,85349.796875,85156.0,83216.6484375,193.796875,1939.3515625,2133.1484375
532,84125.6,84214.1,84125.6,84201.1,7444.0,85349.796875,84845.1015625,83061.203125,504.6953125,1783.8984375,2288.59375
533,84206.6,84230.6,83950.7,84025.7,13118.0,85269.703125,84486.0,82881.6484375,783.703125,1604.3515625,2388.0546875
534,84025.6,84046.8,83888.0,83892.8,13711.0,85009.0,84486.0,83821.453125,523.0,664.546875,1187.546875
535,83892.9,83942.0,83773.1,83924.9,18049.0,85009.0,84486.0,83821.453125,523.0,664.546875,1187.546875
536,83930.0,84106.7,83911.3,84093.5,17280.0,85009.0,84486.0,83963.75,523.0,522.25,1045.25
537,84093.5,84106.8,83890.5,83890.5,12428.0,85009.0,84486.0,84084.6015625,523.0,401.3984375,924.3984375
538,83890.5,84011.9,83836.9,84000.0,12719.0,85009.0,84486.0,84125.3515625,523.0,360.6484375,883.6484375
539,83999.9,84104.6,83965.8,84031.3,23635.0,85009.0,84486.0,84125.3515625,523.0,360.6484375,883.6484375
540,84027.0,84062.7,83935.3,83956.4,10085.0,85009.0,84480.3984375,84122.546875,528.6015625,357.8515625,886.453125
541,83954.4,84113.1,83954.4,84077.6,8905.0,85009.0,84460.5,84112.6015625,548.5,347.8984375,896.3984375
542,84071.4,84106.1,83906.4,83943.9,8605.0,85009.0,84460.5,84112.6015625,548.5,347.8984375,896.3984375
543,83943.9,83977.6,83786.0,83829.0,14854.0,85009.0,84460.5,84112.6015625,548.5,347.8984375,896.3984375
544,83828.9,83834.2,83682.8,83769.5,25721.0,85009.0,84366.203125,84024.5,642.796875,341.703125,984.5
545,83753.6,84164.5,83737.6,84164.5,19937.0,85009.0,84363.1015625,84022.953125,645.8984375,340.1484375,986.046875
546,84166.5,84403.6,84152.8,84233.0,27365.0,85009.0,84403.6015625,84043.203125,605.3984375,360.3984375,965.796875
547,84222.5,84290.3,84123.7,84247.0,19768.0,85009.0,84403.6015625,84043.203125,605.3984375,360.3984375,965.796875
548,84248.0,84306.9,84207.2,84235.9,8087.0,85009.0,84403.6015625,84043.203125,605.3984375,360.3984375,965.796875
549,84229.8,84299.8,84133.2,84277.6,6664.0,85009.0,84403.6015625,84043.203125,605.3984375,360.3984375,965.796875
550,84276.6,84300.0,84145.9,84204.3,6741.0,85009.0,84403.6015625,84043.203125,605.3984375,360.3984375,965.796875
551,84197.3,84496.8,84197.3,84421.5,10103.0,85009.0,84496.796875,84089.796875,512.203125,407.0,919.203125
552,84412.1,84619.0,84398.1,84521.6,14509.0,85009.0,84619.0,84150.8984375,390.0,468.1015625,858.1015625
553,84521.1,84690.3,84521.1,84637.8,8961.0,84905.0,84690.296875,84186.546875,214.703125,503.75,718.453125
554,84628.4,84635.7,84452.7,84481.3,14046.0,84841.3984375,84690.296875,84186.546875,151.1015625,503.75,654.8515625
555,84493.9,84667.9,84477.9,84667.9,7251.0,84749.8984375,84690.296875,84186.546875,59.6015625,503.75,563.3515625
556,84675.9,84698.7,84520.8,84541.7,10289.0,84757.296875,84698.703125,84190.75,58.59375,507.953125,566.546875
557,84550.2,84617.9,84520.8,84568.8,10589.0,84950.0,84698.703125,84190.75,251.296875,507.953125,759.25
558,84573.0,84583.0,84431.4,84437.8,19801.0,85033.203125,84698.703125,84190.75,334.5,507.953125,842.453125
559,84437.8,84500.3,84329.1,84345.4,20059.0,85287.296875,84698.703125,84190.75,588.59375,507.953125,1096.546875
560,84345.5,84547.8,84322.4,84523.8,12934.0,85327.6015625,84698.703125,84190.75,628.8984375,507.953125,1136.8515625
561,84512.0,84575.5,84351.8,84454.9,17389.0,85327.6015625,84698.703125,84190.75,628.8984375,507.953125,1136.8515625
562,84463.3,84559.9,84418.1,84488.0,6071.0,85385.0,84698.703125,84190.75,686.296875,507.953125,1194.25
563,84483.7,84575.3,84410.1,84568.3,16707.0,85385.0,84698.703125,84190.75,686.296875,507.953125,1194.25
564,84566.0,84633.5,84500.0,84500.1,6184.0,85385.0,84698.703125,84218.15625,686.296875,480.546875,1166.84375
565,84505.0,84508.1,84367.5,84380.3,5297.0,85385.0,84698.703125,84411.203125,686.296875,287.5,973.796875
566,84380.2,84382.3,84259.6,84263.9,13940.0,85385.0,84698.703125,84411.203125,686.296875,287.5,973.796875
567,84267.2,84388.4,84245.3,84335.2,13017.0,85385.0,84698.703125,84415.953125,686.296875,282.75,969.046875
568,84333.1,84359.2,84254.9,84281.2,5456.0,85385.0,84698.703125,84415.953125,686.296875,282.75,969.046875
569,84299.1,84302.4,84183.8,84222.4,6337.0,85385.0,84698.703125,84422.296875,686.296875,276.40625,962.703125
570,84218.2,84288.9,84185.7,84259.6,17105.0,85385.0,84698.703125,84441.25,686.296875,257.453125,943.75
571,84256.1,84401.5,84256.1,84368.0,3991.0,85385.0,84698.703125,84441.25,686.296875,257.453125,943.75
572,84356.6,84422.5,84348.0,84416.0,3753.0,85385.0,84698.703125,84441.25,686.296875,257.453125,943.75
573,84412.6,84423.2,84229.5,84233.8,7003.0,85385.0,84698.703125,84441.25,686.296875,257.453125,943.75
574,84241.4,84258.3,84025.8,84087.2,20531.0,85385.0,84698.703125,84362.25,686.296875,336.453125,1022.75
575,84092.5,84117.3,83974.2,84081.9,12807.0,85385.0,84698.703125,84336.453125,686.296875,362.25,1048.546875
576,84074.3,84074.3,83921.5,83966.6,11815.0,88081.703125,84633.5,84277.5,3448.203125,356.0,3804.203125
577,83961.5,84018.2,83932.4,83996.5,7262.0,88081.703125,84633.5,84277.5,3448.203125,356.0,3804.203125
578,83990.5,84098.4,83954.6,84026.7,16272.0,88081.703125,84633.5,84277.5,3448.203125,356.0,3804.203125
579,84031.0,84091.9,83981.0,83997.6,4046.0,88081.703125,84633.5,84277.5,3448.203125,356.0,3804.203125
580,83996.6,83996.6,83856.6,83871.3,10885.0,88081.703125,84633.5,84245.046875,3448.203125,388.453125,3836.65625
581,83862.0,83979.0,83819.5,83926.6,18306.0,88081.703125,84633.5,84226.5,3448.203125,407.0,3855.203125
582,83926.6,83954.9,83751.1,83780.1,10925.0,88081.703125,84633.5,84192.296875,3448.203125,441.203125,3889.40625
583,83780.9,83881.9,83754.6,83777.5,17305.0,88081.703125,84633.5,84192.296875,3448.203125,441.203125,3889.40625
584,83779.5,83873.5,83750.0,83805.9,31807.0,88081.703125,84508.1015625,84129.046875,3573.6015625,379.0546875,3952.65625
585,83796.8,83874.7,83724.6,83741.9,29439.0,88081.703125,84423.203125,84073.90625,3658.5,349.296875,4007.796875
586,83742.0,83828.0,83732.8,83768.1,8394.0,88081.703125,84423.203125,84073.90625,3658.5,349.296875,4007.796875
587,83770.4,83983.2,83770.4,83963.1,9143.0,88081.703125,84423.203125,84073.90625,3658.5,349.296875,4007.796875
588,83963.1,83990.8,83844.3,83872.8,6328.0,88081.703125,84423.203125,84073.90625,3658.5,349.296875,4007.796875
589,83864.7,83890.0,83728.7,83728.7,8651.0,88081.703125,84423.203125,84073.90625,3658.5,349.296875,4007.796875
590,83724.6,83753.9,83626.6,83653.1,15237.0,88081.703125,84423.203125,84024.90625,3658.5,398.296875,4056.796875
591,83675.5,83764.3,83633.8,83699.0,17326.0,88081.703125,84423.203125,84024.90625,3658.5,398.296875,4056.796875
592,83691.8,83697.5,83576.0,83692.0,14180.0,88081.703125,84423.203125,83999.6015625,3658.5,423.6015625,4082.1015625
593,83700.4,83828.0,83700.4,83768.1,20744.0,88081.703125,84258.296875,83917.1484375,3823.40625,341.1484375,4164.5546875
594,83774.0,83820.8,83635.4,83701.0,9920.0,88081.703125,84117.296875,83846.6484375,3964.40625,270.6484375,4235.0546875
595,83695.9,83786.6,83679.7,83783.8,10010.0,88081.703125,84098.3984375,83837.203125,3983.3046875,261.1953125,4244.5
596,83788.0,83862.9,83781.0,83817.1,13303.0,87773.8984375,84098.3984375,83837.203125,3675.5,261.1953125,3936.6953125
597,83817.2,83858.6,83785.7,83799.7,6080.0,87631.8984375,84098.3984375,83837.203125,3533.5,261.1953125,3794.6953125
598,83799.7,83824.4,83707.4,83715.0,7485.0,87631.8984375,84091.8984375,83833.953125,3540.0,257.9453125,3797.9453125
599,83715.0,83733.2,83636.1,83636.1,6127.0,87367.6015625,83996.6015625,83786.296875,3371.0,210.3046875,3581.3046875
600,83636.1,83795.2,83636.1,83779.9,4312.0,87367.6015625,83990.796875,83783.3984375,3376.8046875,207.3984375,3584.203125
601,83786.9,83894.1,83751.7,83868.9,21353.0,87370.703125,83990.796875,83783.3984375,3379.90625,207.3984375,3587.3046875
602,83864.7,83915.9,83809.1,83887.5,8606.0,87370.703125,83990.796875,83783.3984375,3379.90625,207.3984375,3587.3046875
603,83887.4,83939.8,83877.6,83920.3,3860.0,87370.703125,83990.796875,83783.3984375,3379.90625,207.3984375,3587.3046875
604,83924.6,83989.8,83863.2,83921.5,6033.0,87370.703125,83990.796875,83783.3984375,3379.90625,207.3984375,3587.3046875
605,83922.5,83976.3,83825.6,83833.7,6568.0,87370.703125,83990.796875,83783.3984375,3379.90625,207.3984375,3587.3046875
606,83833.7,83873.5,83730.9,83853.3,9538.0,87370.703125,83990.796875,83783.3984375,3379.90625,207.3984375,3587.3046875
607,83863.5,83867.6,83690.1,83711.3,9399.0,87370.703125,83990.796875,83783.3984375,3379.90625,207.3984375,3587.3046875
608,83705.2,83764.7,83688.8,83724.5,6364.0,87370.703125,83989.796875,83782.8984375,3380.90625,206.8984375,3587.8046875
609,83722.3,83730.0,83650.2,83656.4,5595.0,87370.703125,83989.796875,83782.8984375,3380.90625,206.8984375,3587.8046875
610,83652.4,83737.5,83580.0,83737.5,9843.0,87370.703125,83989.796875,83782.8984375,3380.90625,206.8984375,3587.8046875
611,83749.4,83902.4,83749.4,83829.3,23824.0,87370.703125,83989.796875,83782.8984375,3380.90625,206.8984375,3587.8046875
612,83840.7,83880.9,83738.1,83790.5,7625.0,87370.703125,83989.796875,83784.8984375,3380.90625,204.8984375,3585.8046875
613,83782.5,83786.6,83653.4,83706.2,9009.0,87370.703125,83989.796875,83784.8984375,3380.90625,204.8984375,3585.8046875
614,83693.7,83716.8,83686.1,83706.8,4030.0,87370.703125,83989.796875,83784.8984375,3380.90625,204.8984375,3585.8046875
615,83703.1,83773.7,83700.3,83723.0,4499.0,87370.703125,83989.796875,83784.8984375,3380.90625,204.8984375,3585.8046875
616,83728.8,83766.6,83605.2,83614.7,5211.0,87370.703125,83989.796875,83784.8984375,3380.90625,204.8984375,3585.8046875
617,83619.8,83712.5,83605.4,83707.3,5081.0,87370.703125,83989.796875,83784.8984375,3380.90625,204.8984375,3585.8046875
618,83707.2,83715.0,83605.6,83625.1,5532.0,87370.703125,83989.796875,83784.8984375,3380.90625,204.8984375,3585.8046875
619,83632.5,83681.5,83608.1,83633.7,2527.0,87370.703125,83989.796875,83784.8984375,3380.90625,204.8984375,3585.8046875
620,83641.5,83675.1,83404.8,83509.7,28966.0,87370.703125,83989.796875,83697.296875,3380.90625,292.5,3673.40625
621,83511.7,83610.5,83364.6,83364.7,13554.0,87211.1015625,83989.796875,83677.203125,3221.3046875,312.59375,3533.8984375
622,83363.6,83493.4,83313.0,83425.7,7002.0,87211.1015625,83989.796875,83651.3984375,3221.3046875,338.3984375,3559.703125
623,83425.8,83497.8,83352.9,83358.4,21014.0,87211.1015625,83989.796875,83651.3984375,3221.3046875,338.3984375,3559.703125
624,83361.2,83398.6,83304.6,83324.3,14907.0,87211.1015625,83976.296875,83640.453125,3234.8046875,335.84375,3570.6484375
625,83324.3,83355.3,83284.7,83334.3,8920.0,87211.1015625,83902.3984375,83593.546875,3308.703125,308.8515625,3617.5546875
626,83346.7,83346.7,83150.8,83181.1,41793.0,87178.1015625,83902.3984375,83526.59375,3275.703125,375.8046875,3651.5078125
627,83174.1,83320.8,83146.9,83226.1,12694.0,87178.1015625,83902.3984375,83524.6484375,3275.703125,377.75,3653.453125
628,83218.3,83238.8,83062.5,83062.5,21836.0,87178.1015625,83902.3984375,83482.453125,3275.703125,419.9453125,3695.6484375
629,83058.7,83203.9,83058.7,83076.1,23222.0,87178.1015625,83902.3984375,83480.546875,3275.703125,421.8515625,3697.5546875
630,83074.2,83231.8,83050.5,83069.4,17291.0,87036.0,83902.3984375,83476.453125,3133.6015625,425.9453125,3559.546875
631,83049.5,83095.4,82865.7,83040.7,43387.0,87000.5,83880.8984375,83373.296875,3119.6015625,507.6015625,3627.203125
632,83036.6,83045.0,82700.0,82806.5,37530.0,86635.203125,83786.6015625,83243.296875,2848.6015625,543.3046875,3391.90625
633,82778.9,82940.5,82747.1,82860.2,18664.0,86635.203125,83773.703125,83236.8515625,2861.5,536.8515625,3398.3515625
634,82869.4,82985.0,82860.8,82870.9,23699.0,86635.203125,83773.703125,83236.8515625,2861.5,536.8515625,3398.3515625
635,82871.0,82984.9,82840.1,82974.5,20211.0,86635.203125,83766.6015625,83233.296875,2868.6015625,533.3046875,3401.90625
636,82974.5,82985.0,82827.6,82841.9,11346.0,86635.203125,83715.0,83207.5,2920.203125,507.5,3427.703125
637,82838.6,82953.3,82804.1,82953.3,21336.0,86530.296875,83715.0,83207.5,2815.296875,507.5,3322.796875
638,82949.2,82957.2,82736.6,82741.6,11185.0,86530.296875,83681.5,83190.75,2848.796875,490.75,3339.546875
639,82737.0,82789.5,82602.4,82686.1,33922.0,86409.6015625,83675.1015625,83138.75,2734.5,536.3515625,3270.8515625
640,82686.0,82729.9,82603.4,82682.8,20981.0,86007.0,83610.5,83106.453125,2396.5,504.046875,2900.546875
641,82685.0,82700.0,82518.0,82532.8,19045.0,85998.703125,83497.796875,83007.8984375,2500.90625,489.8984375,2990.8046875
642,82541.0,82616.6,82480.1,82572.2,18141.0,85998.703125,83497.796875,82988.953125,2500.90625,508.84375,3009.75
643,82576.3,82596.8,82478.2,82495.0,14079.0,85998.703125,83398.6015625,82938.40625,2600.1015625,460.1953125,3060.296875
644,82495.1,82675.0,82495.1,82648.4,27026.0,85998.703125,83355.296875,82916.75,2643.40625,438.546875,3081.953125
645,82648.4,82684.7,82571.7,82624.2,46050.0,85998.703125,83346.703125,82912.453125,2652.0,434.25,3086.25
646,82630.4,82670.6,82578.5,82657.8,14204.0,85998.703125,83320.796875,82899.5,2677.90625,421.296875,3099.203125
647,82653.8,82725.3,82600.2,82725.3,12563.0,86056.1015625,83238.796875,82858.5,2817.3046875,380.296875,3197.6015625
648,82725.3,82757.9,82582.5,82603.3,8666.0,86056.1015625,83231.796875,82855.0,2824.3046875,376.796875,3201.1015625
649,82606.3,82607.3,82472.6,82538.4,9220.0,86056.1015625,83231.796875,82852.203125,2824.3046875,379.59375,3203.8984375
650,82546.8,82599.2,82477.9,82514.0,6482.0,86060.796875,83095.3984375,82784.0,2965.3984375,311.3984375,3276.796875
651,82509.9,82590.9,82500.1,82500.1,18087.0,86142.703125,83045.0,82758.796875,3097.703125,286.203125,3383.90625
652,82500.0,82500.1,82280.0,82280.0,18549.0,86250.703125,82985.0,82632.5,3265.703125,352.5,3618.203125
653,82275.9,82344.9,82234.6,82257.7,21916.0,86286.703125,82985.0,82609.796875,3301.703125,375.203125,3676.90625
654,82248.8,82285.7,82125.3,82149.0,14685.0,86286.703125,82985.0,82555.1484375,3301.703125,429.8515625,3731.5546875
655,82144.8,82267.9,82116.5,82208.8,12339.0,86286.703125,82985.0,82550.75,3301.703125,434.25,3735.953125
656,82210.8,82518.0,82210.8,82497.1,30776.0,86286.703125,82957.203125,82536.8515625,3329.5,420.3515625,3749.8515625
657,82497.4,82506.8,82390.0,82453.9,12146.0,86286.703125,82957.203125,82536.8515625,3329.5,420.3515625,3749.8515625
658,82453.8,82478.6,82349.3,82387.6,7323.0,86286.703125,82789.5,82453.0,3497.203125,336.5,3833.703125
659,82385.9,82385.9,82201.4,82217.5,10488.0,86286.703125,82757.8984375,82437.203125,3528.8046875,320.6953125,3849.5
660,82216.4,82231.7,82112.2,82176.2,12266.0,86286.703125,82757.8984375,82435.046875,3528.8046875,322.8515625,3851.65625
661,82178.3,82200.4,82111.0,82161.7,16371.0,86286.703125,82757.8984375,82434.453125,3528.8046875,323.4453125,3852.25
662,82168.0,82261.1,82020.7,82078.6,15816.0,86286.703125,82757.8984375,82389.296875,3528.8046875,368.6015625,3897.40625
663,82078.5,82089.4,81712.9,81949.0,58374.0,86286.703125,82757.8984375,82235.3984375,3528.8046875,522.5,4051.3046875
664,81948.9,81974.5,81786.1,81935.6,25616.0,86286.703125,82757.8984375,82235.3984375,3528.8046875,522.5,4051.3046875
665,81943.5,82391.7,81927.3,82061.4,45415.0,86286.703125,82757.8984375,82235.3984375,3528.8046875,522.5,4051.3046875
666,82053.6,82085.5,81905.2,82062.6,16898.0,86286.703125,82757.8984375,82235.3984375,3528.8046875,522.5,4051.3046875
667,82058.6,82058.6,81802.1,81872.6,21012.0,86286.703125,82757.8984375,82235.3984375,3528.8046875,522.5,4051.3046875
668,81871.0,82140.3,81859.4,82019.9,32565.0,86286.703125,82607.296875,82160.09375,3679.40625,447.203125,4126.609375
669,82012.6,82139.7,82004.9,82080.5,55937.0,86286.703125,82599.203125,82156.046875,3687.5,443.15625,4130.65625
670,82080.3,82443.9,82070.5,82414.7,20236.0,86286.703125,82590.8984375,82151.8984375,3695.8046875,439.0,4134.8046875
671,82408.7,82428.3,82331.5,82382.7,17538.0,86286.703125,82518.0,82115.453125,3768.703125,402.546875,4171.25
672,82382.7,82499.9,82309.5,82316.1,21160.0,86286.703125,82518.0,82115.453125,3768.703125,402.546875,4171.25
673,82309.4,82329.3,82107.0,82168.8,13391.0,86220.0,82518.0,82115.453125,3702.0,402.546875,4104.546875
674,82168.3,82242.3,82082.7,82124.0,23107.0,86136.296875,82518.0,82115.453125,3618.296875,402.546875,4020.84375
675,82116.1,82140.8,81937.9,81944.2,15948.0,86136.296875,82518.0,82115.453125,3618.296875,402.546875,4020.84375
676,81936.1,82077.4,81640.3,82072.8,26241.0,86136.296875,82506.796875,82073.546875,3629.5,433.25,4062.75
677,82080.7,82224.5,81960.7,81975.2,13752.0,86136.296875,82499.8984375,82070.09375,3636.3984375,429.8046875,4066.203125
678,81956.1,82014.3,81770.3,81877.2,9149.0,86118.703125,82499.8984375,82070.09375,3618.8046875,429.8046875,4048.609375
679,81878.3,82077.9,81873.7,82077.8,19767.0,86118.703125,82499.8984375,82070.09375,3618.8046875,429.8046875,4048.609375
680,82077.9,82077.9,81864.9,81965.1,12777.0,85990.796875,82499.8984375,82070.09375,3490.8984375,429.8046875,3920.703125
681,81963.2,82231.1,81947.7,82190.6,22895.0,85852.1015625,82499.8984375,82070.09375,3352.203125,429.8046875,3782.0078125
682,82190.5,82197.1,81951.4,81964.9,11012.0,85852.1015625,82499.8984375,82070.09375,3352.203125,429.8046875,3782.0078125
683,81965.9,82024.8,81934.3,81992.6,15824.0,85710.1015625,82499.8984375,82070.09375,3210.203125,429.8046875,3640.0078125
684,81992.6,82196.1,81983.0,82196.1,21470.0,85710.1015625,82499.8984375,82070.09375,3210.203125,429.8046875,3640.0078125
685,82196.1,82351.9,82149.2,82305.4,16139.0,85710.1015625,82499.8984375,82070.09375,3210.203125,429.8046875,3640.0078125
686,82307.4,82485.7,82241.3,82291.4,17690.0,85710.1015625,82499.8984375,82070.09375,3210.203125,429.8046875,3640.0078125
687,82304.4,82304.4,82120.1,82120.1,16968.0,85654.1015625,82499.8984375,82070.09375,3154.203125,429.8046875,3584.0078125
688,82124.2,82124.2,81959.6,82019.2,13734.0,85654.1015625,82499.8984375,82070.09375,3154.203125,429.8046875,3584.0078125
689,82019.4,82082.3,82007.4,82069.3,5797.0,85654.1015625,82499.8984375,82070.09375,3154.203125,429.8046875,3584.0078125
690,82069.3,82289.5,82061.1,82246.1,20921.0,85588.0,82499.8984375,82070.09375,3088.1015625,429.8046875,3517.90625
691,82246.0,82377.9,82227.1,82305.4,10687.0,85588.0,82499.8984375,82070.09375,3088.1015625,429.8046875,3517.90625
692,82314.6,82468.4,82299.2,82442.9,8486.0,85558.1015625,82485.703125,82063.0,3072.3984375,422.703125,3495.1015625
693,82444.2,82614.8,82395.6,82568.9,11545.0,85477.6015625,82614.796875,82127.546875,2862.8046875,487.25,3350.0546875
694,82550.4,82712.4,82443.3,82443.3,24783.0,85387.8984375,82712.3984375,82176.34375,2675.5,536.0546875,3211.5546875
695,82446.9,82554.9,82389.0,82530.9,15584.0,85271.703125,82712.3984375,82176.34375,2559.3046875,536.0546875,3095.359375
696,82532.6,82616.4,82462.8,82558.3,6799.0,85271.703125,82712.3984375,82241.34375,2559.3046875,471.0546875,3030.359375
697,82555.0,82710.4,82548.8,82690.3,13435.0,85111.1015625,82712.3984375,82241.34375,2398.703125,471.0546875,2869.7578125
698,82690.3,82866.1,82576.7,82834.2,28655.0,84520.796875,82866.1015625,82365.5,1654.6953125,500.6015625,2155.296875
699,82840.6,82841.4,82689.9,82740.7,9596.0,84520.796875,82866.1015625,82365.5,1654.6953125,500.6015625,2155.296875
700,82740.8,82922.9,82718.3,82846.4,6538.0,84520.796875,82922.8984375,82428.59375,1597.8984375,494.3046875,2092.203125
701,82846.5,82858.5,82597.3,82629.6,19970.0,84520.796875,82922.8984375,82428.59375,1597.8984375,494.3046875,2092.203125
702,82648.3,82648.3,82571.7,82593.2,6082.0,84520.796875,82922.8984375,82428.59375,1597.8984375,494.3046875,2092.203125
703,82594.4,82612.8,82527.2,82583.8,25629.0,84520.796875,82922.8984375,82441.25,1597.8984375,481.6484375,2079.546875
704,82583.8,82583.8,82496.2,82543.8,7138.0,84520.796875,82922.8984375,82441.25,1597.8984375,481.6484375,2079.546875
705,82552.0,82581.1,82539.7,82574.0,4128.0,84520.796875,82922.8984375,82441.25,1597.8984375,481.6484375,2079.546875
706,82574.9,82609.7,82444.9,82465.3,7259.0,84520.796875,82922.8984375,82441.25,1597.8984375,481.6484375,2079.546875
707,82459.9,82529.5,82450.4,82529.5,10327.0,84351.796875,82922.8984375,82441.25,1428.8984375,481.6484375,1910.546875
708,82533.6,82570.5,82487.9,82533.6,5208.0,84259.6015625,82922.8984375,82465.1484375,1336.703125,457.75,1794.453125
709,82533.6,82570.5,82450.1,82456.7,6170.0,84256.1015625,82922.8984375,82492.0,1333.203125,430.8984375,1764.1015625
710,82456.2,82456.2,82364.6,82452.6,18068.0,83921.5,82922.8984375,82575.0,998.6015625,347.8984375,1346.5
711,82452.6,82561.7,82420.9,82557.5,6585.0,83819.5,82922.8984375,82611.046875,896.6015625,311.8515625,1208.453125
712,82541.0,82732.5,82508.9,82717.9,24146.0,83781.0,82922.8984375,82643.75,858.1015625,279.1484375,1137.25
713,82721.6,82750.0,82660.9,82749.9,7956.0,83781.0,82922.8984375,82643.75,858.1015625,279.1484375,1137.25
714,82749.9,82766.4,82699.7,82710.1,5273.0,83781.0,82922.8984375,82643.75,858.1015625,279.1484375,1137.25
715,82710.1,82807.6,82637.8,82742.8,9795.0,83751.703125,82922.8984375,82643.75,828.8046875,279.1484375,1107.953125
716,82739.3,82766.7,82656.8,82656.8,3375.0,83749.3984375,82922.8984375,82643.75,826.5,279.1484375,1105.6484375
717,82656.8,82750.3,82638.5,82728.4,4222.0,83749.3984375,82922.8984375,82643.75,826.5,279.1484375,1105.6484375
718,82728.4,82778.4,82721.2,82768.0,5202.0,83605.203125,82922.8984375,82643.75,682.3046875,279.1484375,961.453125
719,82762.0,82815.9,82703.3,82710.1,9929.0,83364.6015625,82922.8984375,82643.75,441.703125,279.1484375,720.8515625
720,82713.3,82713.3,82619.2,82675.0,8385.0,83150.796875,82858.5,82611.546875,292.296875,246.953125,539.25
721,82681.7,82931.5,82680.7,82931.4,15073.0,82865.703125,82931.5,82648.046875,65.796875,283.453125,217.65625
722,82931.5,82957.8,82852.1,82881.5,10984.0,83053.5,82957.796875,82661.203125,95.703125,296.59375,392.296875
723,82881.5,82953.2,82841.6,82892.7,11356.0,83053.5,82957.796875,82661.203125,95.703125,296.59375,392.296875
724,82896.6,82970.3,82870.1,82941.3,6136.0,83053.5,82970.296875,82667.453125,83.203125,302.84375,386.046875
725,82948.1,82995.0,82891.0,82899.2,6327.0,83053.5,82995.0,82679.796875,58.5,315.203125,373.703125
726,82907.5,82967.1,82812.0,82829.0,9037.0,83053.5,82995.0,82679.796875,58.5,315.203125,373.703125
727,82830.1,83053.8,82812.0,83041.4,15284.0,83053.5,83053.796875,82709.203125,0.296875,344.59375,344.296875
728,83053.1,83343.1,83053.1,83295.7,38016.0,83053.5,83343.1015625,82853.8515625,289.6015625,489.25,199.6484375
729,83295.6,83351.2,83155.6,83228.5,9452.0,83053.5,83351.203125,82857.90625,297.703125,493.296875,195.59375
730,83236.9,83337.0,83236.9,83250.0,7117.0,83053.5,83351.203125,82886.046875,297.703125,465.15625,167.453125
731,83241.7,83241.7,83053.5,83127.0,41546.0,83053.5,83351.203125,82930.046875,297.703125,421.15625,123.453125
732,83126.1,83126.1,82951.0,82951.0,14525.0,83053.5,83351.203125,82985.203125,297.703125,366.0,68.296875
733,82949.5,83037.2,82932.4,83012.9,5621.0,83053.5,83351.203125,82985.203125,297.703125,366.0,68.296875
734,83002.0,83118.3,82996.0,83095.3,6014.0,83053.5,83351.203125,82985.203125,297.703125,366.0,68.296875
735,83082.7,83120.9,83034.1,83045.2,4113.0,83053.5,83351.203125,82985.203125,297.703125,366.0,68.296875
736,83051.4,83088.2,83015.6,83035.2,3492.0,83053.5,83351.203125,82985.203125,297.703125,366.0,68.296875
737,83032.1,83187.9,83032.1,83044.6,6448.0,83053.5,83351.203125,82985.203125,297.703125,366.0,68.296875
738,83039.7,83053.0,82948.6,82996.0,4963.0,83053.5,83351.203125,82985.203125,297.703125,366.0,68.296875
739,82990.0,82990.0,82847.1,82879.6,13056.0,83053.5,83351.203125,82985.203125,297.703125,366.0,68.296875
740,82887.9,83055.4,82887.9,83040.6,11412.0,83053.5,83351.203125,83015.953125,297.703125,335.25,37.546875
741,83040.5,83168.9,83027.1,83142.4,4509.0,83150.796875,83351.203125,83081.6015625,200.40625,269.6015625,69.1953125
742,83142.7,83160.0,82995.9,83012.6,5393.0,83386.6015625,83351.203125,83081.6015625,35.3984375,269.6015625,305.0
743,83009.1,83240.3,82995.3,83159.1,11862.0,83386.6015625,83351.203125,83081.6015625,35.3984375,269.6015625,305.0
744,83159.0,83159.8,83064.3,83065.2,4129.0,83386.6015625,83351.203125,83081.6015625,35.3984375,269.6015625,305.0
745,83073.6,83160.1,83064.0,83128.6,4387.0,83386.6015625,83351.203125,83081.6015625,35.3984375,269.6015625,305.0
746,83128.5,83128.5,83037.6,83053.0,2391.0,83500.1015625,83351.203125,83081.6015625,148.8984375,269.6015625,418.5
747,83053.0,83063.7,82969.0,82987.2,1869.0,83880.8984375,83351.203125,83099.15625,529.6953125,252.046875,781.7421875
748,82988.2,83043.2,82978.0,82978.0,2917.0,83968.703125,83351.203125,83099.15625,617.5,252.046875,869.546875
749,82974.1,82974.1,82924.4,82924.4,3108.0,83968.703125,83337.0,83092.046875,631.703125,244.953125,876.65625
750,82924.5,82950.7,82903.5,82903.5,3799.0,83968.703125,83241.703125,83044.40625,727.0,197.296875,924.296875
751,82904.4,82943.6,82899.0,82926.2,7938.0,83968.703125,83240.296875,83043.703125,728.40625,196.59375,925.0
752,82926.2,83079.2,82926.2,83079.2,36803.0,83968.703125,83240.296875,83043.703125,728.40625,196.59375,925.0
753,83080.0,83114.7,82959.2,82959.2,4886.0,84108.1015625,83240.296875,83043.703125,867.8046875,196.59375,1064.3984375
754,82959.1,82959.1,82793.4,82799.5,8111.0,84143.0,83240.296875,83016.84375,902.703125,223.453125,1126.15625
755,82796.0,82827.2,82726.5,82772.8,8515.0,84143.0,83240.296875,82983.3984375,902.703125,256.8984375,1159.6015625
756,82767.3,82802.8,82747.5,82768.1,6283.0,84143.0,83240.296875,82983.3984375,902.703125,256.8984375,1159.6015625
757,82768.0,82775.3,82636.8,82680.8,6586.0,84143.0,83240.296875,82938.546875,902.703125,301.75,1204.453125
758,82680.8,82707.4,82616.9,82638.7,6030.0,84143.0,83240.296875,82928.59375,902.703125,311.703125,1214.40625
759,82638.6,82711.8,82618.4,82618.4,6202.0,84143.0,83240.296875,82928.59375,902.703125,311.703125,1214.40625
760,82618.4,82695.4,82500.1,82521.2,10768.0,84143.0,83240.296875,82870.203125,902.703125,370.09375,1272.796875
761,82501.0,82521.3,82389.9,82470.1,18509.0,84143.0,83240.296875,82815.09375,902.703125,425.203125,1327.90625
762,82469.3,82485.9,82382.7,82435.8,12156.0,84143.0,83240.296875,82811.5,902.703125,428.796875,1331.5
763,82432.1,82530.0,82431.9,82509.6,7552.0,84816.5,83160.1015625,82771.40625,1656.3984375,388.6953125,2045.09375
764,82509.9,82552.0,82480.8,82524.7,7396.0,85007.796875,83160.1015625,82771.40625,1847.6953125,388.6953125,2236.390625
765,82510.0,82528.1,82438.2,82443.3,5419.0,85007.796875,83128.5,82755.6015625,1879.296875,372.8984375,2252.1953125
766,82446.4,82479.7,82381.1,82419.4,2903.0,85007.796875,83114.703125,82747.90625,1893.09375,366.796875,2259.890625
767,82418.7,82448.0,82284.2,82313.2,6078.0,85030.703125,83114.703125,82699.453125,1916.0,415.25,2331.25
768,82317.0,82381.8,82257.2,82262.7,8322.0,85030.703125,83114.703125,82685.953125,1916.0,428.75,2344.75
769,82279.4,82417.8,82229.4,82300.1,9838.0,85030.703125,83114.703125,82672.046875,1916.0,442.65625,2358.65625
770,82300.1,82375.4,82229.0,82355.8,14190.0,85030.703125,83114.703125,82671.8515625,1916.0,442.8515625,2358.8515625
771,82355.8,82385.9,82268.4,82284.7,9506.0,85030.703125,83114.703125,82671.8515625,1916.0,442.8515625,2358.8515625
772,82268.2,82405.4,82268.2,82358.9,9579.0,85030.703125,83114.703125,82671.8515625,1916.0,442.8515625,2358.8515625
773,82358.0,82375.9,82200.1,82281.1,6470.0,85030.703125,82959.1015625,82579.6015625,2071.6015625,379.5,2451.1015625
774,82286.5,82316.1,82221.9,82256.0,18679.0,85030.703125,82827.203125,82513.65625,2203.5,313.546875,2517.046875
775,82272.4,82360.0,82272.4,82308.6,4366.0,85030.703125,82802.796875,82501.453125,2227.90625,301.34375,2529.25
776,82307.5,82308.5,82208.6,82218.6,9752.0,85030.703125,82775.296875,82487.703125,2255.40625,287.59375,2543.0
777,82217.7,82360.9,82217.7,82360.9,9148.0,85030.703125,82711.796875,82455.953125,2318.90625,255.84375,2574.75
778,82341.3,82399.0,82309.4,82309.4,4196.0,85030.703125,82711.796875,82455.953125,2318.90625,255.84375,2574.75
779,82309.4,82353.7,82286.1,82317.2,4291.0,85030.703125,82695.3984375,82447.75,2335.3046875,247.6484375,2582.953125
780,82313.1,82372.3,82294.0,82306.6,4651.0,85030.703125,82552.0,82376.046875,2478.703125,175.953125,2654.65625
781,82306.6,82457.7,82278.2,82278.2,9994.0,85030.703125,82552.0,82376.046875,2478.703125,175.953125,2654.65625
782,82267.6,82387.4,82256.5,82311.2,9736.0,85030.703125,82552.0,82376.046875,2478.703125,175.953125,2654.65625
783,82316.4,82401.0,82213.3,82361.6,31401.0,85030.703125,82552.0,82376.046875,2478.703125,175.953125,2654.65625
784,82353.3,82353.3,82087.2,82207.2,17951.0,85030.703125,82528.1015625,82307.65625,2502.6015625,220.4453125,2723.046875
785,82211.2,82229.2,82094.1,82094.1,10273.0,85030.703125,82479.703125,82283.453125,2551.0,196.25,2747.25
786,82094.2,82172.1,82050.7,82089.7,19987.0,85030.703125,82457.703125,82254.203125,2573.0,203.5,2776.5
787,82089.6,82200.0,82055.5,82200.0,4604.0,84582.296875,82457.703125,82254.203125,2124.59375,203.5,2328.09375
788,82200.7,82200.7,81943.8,81995.4,16179.0,84526.296875,82457.703125,82200.75,2068.59375,256.953125,2325.546875
789,82007.8,82099.5,81995.4,82057.6,9907.0,84317.8984375,82457.703125,82200.75,1860.1953125,256.953125,2117.1484375
790,82057.7,82081.7,81990.1,82015.7,17310.0,84129.5,82457.703125,82200.75,1671.796875,256.953125,1928.75
791,82013.2,82148.5,82008.1,82120.8,29622.0,84531.796875,82457.703125,82200.75,2074.09375,256.953125,2331.046875
792,82124.4,82141.0,82045.5,82052.5,15856.0,84578.6015625,82457.703125,82200.75,2120.8984375,256.953125,2377.8515625
793,82052.5,82270.8,82033.9,82270.7,11670.0,84981.5,82457.703125,82200.75,2523.796875,256.953125,2780.75
794,82270.7,82389.6,82160.5,82310.0,34207.0,85143.0,82457.703125,82200.75,2685.296875,256.953125,2942.25
795,82309.9,82309.9,82090.1,82120.3,12909.0,85143.0,82457.703125,82200.75,2685.296875,256.953125,2942.25
796,82117.5,82181.5,81982.3,82010.3,9110.0,85143.0,82457.703125,82200.75,2685.296875,256.953125,2942.25
797,82010.4,82067.1,81956.0,82042.3,8570.0,85300.1015625,82457.703125,82200.75,2842.3984375,256.953125,3099.3515625
798,82038.6,82061.9,81913.8,81950.5,11482.0,85300.1015625,82457.703125,82185.75,2842.3984375,271.953125,3114.3515625
799,81950.4,82032.4,81945.1,81985.9,7187.0,85352.0,82457.703125,82185.75,2894.296875,271.953125,3166.25
800,81973.8,82004.9,81846.1,81851.1,10167.0,85352.0,82457.703125,82151.90625,2894.296875,305.796875,3200.09375
801,81851.3,81854.3,81416.3,81444.9,69414.0,85352.0,82401.0,81908.6484375,2951.0,492.3515625,3443.3515625
802,81444.9,81613.8,81340.6,81551.5,39167.0,85352.0,82401.0,81870.796875,2951.0,530.203125,3481.203125
803,81548.4,81591.1,80831.4,81134.0,196906.0,85352.0,82389.6015625,81610.5,2962.3984375,779.1015625,3741.5
804,81149.3,81160.4,80919.0,81101.0,45283.0,85352.0,82389.6015625,81610.5,2962.3984375,779.1015625,3741.5
805,81100.0,81444.4,81079.6,81328.8,30209.0,85352.0,82389.6015625,81610.5,2962.3984375,779.1015625,3741.5
806,81323.7,81323.7,81129.8,81140.6,36412.0,85352.0,82389.6015625,81610.5,2962.3984375,779.1015625,3741.5
807,81132.6,81159.4,80952.0,81011.6,32535.0,85352.0,82389.6015625,81610.5,2962.3984375,779.1015625,3741.5
808,81011.6,81050.4,80705.1,80725.3,38780.0,85352.0,82389.6015625,81547.3515625,2962.3984375,842.25,3804.6484375
809,80723.8,80963.9,80627.5,80945.5,42398.0,85352.0,82389.6015625,81508.546875,2962.3984375,881.0546875,3843.453125
810,80957.6,81666.0,80957.6,81466.2,131612.0,85352.0,82389.6015625,81508.546875,2962.3984375,881.0546875,3843.453125
811,81468.0,81877.6,81274.6,81711.1,61016.0,85352.0,82389.6015625,81508.546875,2962.3984375,881.0546875,3843.453125
812,81711.1,81889.9,81500.2,81605.4,33883.0,85352.0,82389.6015625,81508.546875,2962.3984375,881.0546875,3843.453125
813,81581.0,81707.1,81442.1,81606.9,30371.0,85352.0,82389.6015625,81508.546875,2962.3984375,881.0546875,3843.453125
814,81602.9,81807.5,81594.8,81700.5,18544.0,85352.0,82309.8984375,81468.703125,3042.1015625,841.1953125,3883.296875
815,81704.5,81821.2,81510.1,81821.2,35648.0,85352.0,82181.5,81404.5,3170.5,777.0,3947.5
816,81825.1,82274.0,81710.7,82101.7,46923.0,85352.0,82274.0,81450.75,3078.0,823.25,3901.25
817,82087.6,82581.6,82027.5,82511.1,70274.0,85352.0,82581.6015625,81604.546875,2770.3984375,977.0546875,3747.453125
818,82511.3,82866.1,82486.5,82768.0,63226.0,85352.0,82866.1015625,81746.796875,2485.8984375,1119.3046875,3605.203125
819,82767.9,82982.8,82628.3,82982.8,31887.0,85161.6015625,82982.796875,81805.1484375,2178.8046875,1177.6484375,3356.453125
820,82982.7,82982.7,82657.5,82736.3,19758.0,85161.6015625,82982.796875,81805.1484375,2178.8046875,1177.6484375,3356.453125
821,82745.5,82971.2,82693.7,82878.7,22928.0,85161.6015625,82982.796875,81805.1484375,2178.8046875,1177.6484375,3356.453125
822,82904.5,82908.6,82685.7,82750.9,12906.0,84947.1015625,82982.796875,81805.1484375,1964.3046875,1177.6484375,3141.953125
823,82751.0,82887.6,82565.4,82874.2,24953.0,84947.1015625,82982.796875,81805.1484375,1964.3046875,1177.6484375,3141.953125
824,82874.1,83033.3,82795.5,83002.3,14212.0,84947.1015625,83033.296875,81830.3984375,1913.8046875,1202.8984375,3116.703125
825,83010.6,83427.0,82994.9,83316.3,37958.0,84947.1015625,83427.0,82027.25,1520.1015625,1399.75,2919.8515625
826,83320.1,83419.2,83150.8,83164.4,16894.0,84947.1015625,83427.0,82027.25,1520.1015625,1399.75,2919.8515625
827,83176.3,83300.0,83106.8,83270.4,9931.0,84947.1015625,83427.0,82027.25,1520.1015625,1399.75,2919.8515625
828,83252.6,83322.0,83008.6,83078.5,13767.0,84947.1015625,83427.0,82027.25,1520.1015625,1399.75,2919.8515625
829,83083.3,83191.8,82976.6,83191.8,11528.0,84947.1015625,83427.0,82192.296875,1520.1015625,1234.703125,2754.8046875
830,83199.9,83528.1,83116.8,83499.9,25737.0,84947.1015625,83528.1015625,82401.3515625,1419.0,1126.75,2545.75
831,83493.1,83499.9,83386.6,83496.4,18219.0,84947.1015625,83528.1015625,82485.1015625,1419.0,1043.0,2462.0
832,83496.4,83576.6,83367.6,83389.8,14373.0,84947.1015625,83576.6015625,82509.3515625,1370.5,1067.25,2437.75
833,83386.5,83583.2,83358.5,83565.7,5882.0,84947.1015625,83583.203125,82546.65625,1363.8984375,1036.546875,2400.4453125
834,83564.7,83589.1,83495.9,83564.2,9029.0,84947.1015625,83589.1015625,82549.6015625,1358.0,1039.5,2397.5
835,83564.2,83567.0,83333.5,83333.5,10150.0,84947.1015625,83589.1015625,82649.90625,1358.0,939.1953125,2297.1953125
836,83333.4,83355.8,83152.8,83179.1,17827.0,84947.1015625,83589.1015625,82808.296875,1358.0,780.8046875,2138.8046875
837,83179.1,83306.3,83050.0,83302.2,11455.0,84947.1015625,83589.1015625,83037.796875,1358.0,551.3046875,1909.3046875
838,83311.7,83311.7,83137.3,83240.7,8036.0,84947.1015625,83589.1015625,83077.25,1358.0,511.8515625,1869.8515625
839,83228.0,83278.0,83165.3,83272.9,7659.0,84947.1015625,83589.1015625,83077.25,1358.0,511.8515625,1869.8515625
840,83268.7,83413.3,83182.0,83400.6,9926.0,84947.1015625,83589.1015625,83077.25,1358.0,511.8515625,1869.8515625
841,83409.0,83420.5,83156.7,83156.7,9847.0,84732.796875,83589.1015625,83077.25,1143.6953125,511.8515625,1655.546875
842,83156.6,83458.2,83136.0,83378.3,9308.0,84732.796875,83589.1015625,83077.25,1143.6953125,511.8515625,1655.546875
843,83365.8,83487.3,83233.6,83282.3,8245.0,84624.0,83589.1015625,83192.296875,1034.8984375,396.8046875,1431.703125
844,83286.5,83299.6,83106.7,83237.1,12591.0,84664.203125,83589.1015625,83282.8515625,1075.1015625,306.25,1381.3515625
845,83228.8,83428.0,83208.2,83400.3,11736.0,84926.203125,83589.1015625,83282.8515625,1337.1015625,306.25,1643.3515625
846,83400.4,83614.9,83355.6,83556.5,9782.0,84976.6015625,83614.8984375,83295.75,1361.703125,319.1484375,1680.8515625
847,83553.5,83566.5,83431.5,83466.6,5087.0,85078.8984375,83614.8984375,83295.75,1464.0,319.1484375,1783.1484375
848,83455.0,83696.9,83436.8,83671.7,14552.0,85257.8984375,83696.8984375,83336.75,1561.0,360.1484375,1921.1484375
849,83660.6,83887.3,83660.6,83796.7,25035.0,85257.8984375,83887.296875,83468.6484375,1370.6015625,418.6484375,1789.25
850,83810.9,83866.3,83527.8,83527.8,8582.0,85263.6015625,83887.296875,83468.6484375,1376.3046875,418.6484375,1794.953125
851,83508.9,83671.5,83500.1,83644.1,7905.0,85263.6015625,83887.296875,83468.6484375,1376.3046875,418.6484375,1794.953125
852,83644.0,83704.1,83595.4,83648.1,8093.0,85263.6015625,83887.296875,83468.6484375,1376.3046875,418.6484375,1794.953125
853,83648.2,83792.6,83612.6,83745.6,7432.0,85263.6015625,83887.296875,83468.6484375,1376.3046875,418.6484375,1794.953125
854,83753.4,83836.6,83745.2,83810.6,14244.0,85263.6015625,83887.296875,83468.6484375,1376.3046875,418.6484375,1794.953125
855,83810.6,83911.9,83801.6,83908.4,9001.0,85263.6015625,83911.8984375,83480.953125,1351.703125,430.9453125,1782.6484375
856,83909.4,83988.6,83880.9,83988.6,11285.0,85263.6015625,83988.6015625,83519.296875,1275.0,469.3046875,1744.3046875
857,83988.5,84346.8,83980.2,84217.3,20381.0,85263.6015625,84346.796875,83726.75,916.8046875,620.046875,1536.8515625
858,84217.2,84217.2,84061.1,84092.6,8302.0,85263.6015625,84346.796875,83726.75,916.8046875,620.046875,1536.8515625
859,84079.8,84182.5,83988.6,84143.9,7843.0,85263.6015625,84346.796875,83726.75,916.8046875,620.046875,1536.8515625
860,84153.3,84185.7,83947.6,84021.0,8177.0,85263.6015625,84346.796875,83726.75,916.8046875,620.046875,1536.8515625
861,84016.8,84163.7,83968.7,84027.8,12205.0,85263.6015625,84346.796875,83726.75,916.8046875,620.046875,1536.8515625
862,84021.4,84043.1,83807.6,83847.9,9911.0,85263.6015625,84346.796875,83726.75,916.8046875,620.046875,1536.8515625
863,83843.7,83856.9,83719.5,83753.7,9225.0,85263.6015625,84346.796875,83726.75,916.8046875,620.046875,1536.8515625
864,83753.7,83776.9,83628.0,83628.0,8345.0,88081.703125,84346.796875,83777.5,3734.90625,569.296875,4304.203125
865,83627.2,83704.8,83567.2,83666.8,14747.0,88081.703125,84346.796875,83851.203125,3734.90625,495.59375,4230.5
866,83673.5,83715.7,83608.1,83699.0,5977.0,88081.703125,84346.796875,83889.1484375,3734.90625,457.6484375,4192.5546875
867,83695.6,83719.0,83549.8,83549.8,3452.0,88081.703125,84346.796875,83891.796875,3734.90625,455.0,4189.90625
868,83555.8,83589.6,83380.5,83405.1,40093.0,88081.703125,84346.796875,83863.6484375,3734.90625,483.1484375,4218.0546875
869,83408.1,83495.8,83404.0,83440.7,9717.0,88081.703125,84346.796875,83863.6484375,3734.90625,483.1484375,4218.0546875
870,83428.2,83583.5,83428.2,83571.6,7534.0,88081.703125,84346.796875,83863.6484375,3734.90625,483.1484375,4218.0546875
871,83571.5,83598.2,83471.9,83564.6,6870.0,88081.703125,84346.796875,83863.6484375,3734.90625,483.1484375,4218.0546875
872,83564.5,83603.3,83409.2,83445.4,6639.0,88081.703125,84346.796875,83863.6484375,3734.90625,483.1484375,4218.0546875
873,83436.3,83466.5,83282.1,83453.4,7506.0,88081.703125,84346.796875,83814.453125,3734.90625,532.34375,4267.25
874,83452.5,83527.9,83427.1,83512.6,5215.0,88081.703125,84346.796875,83814.453125,3734.90625,532.34375,4267.25
875,83516.7,83790.7,83504.2,83747.7,11180.0,88081.703125,84346.796875,83814.453125,3734.90625,532.34375,4267.25
876,83757.6,83895.3,83741.6,83858.9,10276.0,88081.703125,84346.796875,83814.453125,3734.90625,532.34375,4267.25
877,83860.0,83932.9,83826.0,83932.9,6560.0,88081.703125,84217.203125,83749.65625,3864.5,467.546875,4332.046875
878,83940.1,83984.9,83859.6,83950.7,11958.0,88081.703125,84185.703125,83733.90625,3896.0,451.796875,4347.796875
879,83937.7,83937.7,83837.1,83860.8,7627.0,88081.703125,84185.703125,83733.90625,3896.0,451.796875,4347.796875
880,83860.7,83988.5,83829.5,83944.8,3462.0,88081.703125,84163.703125,83722.90625,3918.0,440.796875,4358.796875
881,83937.9,84109.1,83936.9,84099.5,15827.0,88081.703125,84109.1015625,83695.6015625,3972.6015625,413.5,4386.1015625
882,84097.6,84195.8,84085.7,84107.1,6837.0,88081.703125,84195.796875,83738.953125,3885.90625,456.84375,4342.75
883,84141.4,84194.8,84112.1,84128.8,5869.0,88081.703125,84195.796875,83738.953125,3885.90625,456.84375,4342.75
884,84128.8,84152.8,84085.4,84138.0,5619.0,87797.796875,84195.796875,83738.953125,3602.0,456.84375,4058.84375
885,84144.3,84282.8,84077.0,84253.4,11736.0,87721.8984375,84282.796875,83782.453125,3439.1015625,500.34375,3939.4453125
886,84253.5,84346.9,84108.1,84123.6,12369.0,87721.8984375,84346.8984375,83814.5,3375.0,532.3984375,3907.3984375
887,84123.6,84243.2,84105.0,84183.7,6456.0,87448.0,84346.8984375,83814.5,3101.1015625,532.3984375,3633.5
888,84183.7,84407.1,84175.8,84356.4,12382.0,87448.0,84407.1015625,83844.6015625,3040.8984375,562.5,3603.3984375
889,84350.7,84350.7,84034.2,84086.3,10004.0,87449.703125,84407.1015625,83844.6015625,3042.6015625,562.5,3605.1015625
890,84076.6,84152.9,84047.1,84143.1,8864.0,87449.703125,84407.1015625,83844.6015625,3042.6015625,562.5,3605.1015625
891,84143.0,84386.4,84143.0,84366.4,7931.0,87449.703125,84407.1015625,83844.6015625,3042.6015625,562.5,3605.1015625
892,84370.6,84424.5,84153.4,84209.8,9858.0,87449.703125,84424.5,83853.296875,3025.203125,571.203125,3596.40625
893,84209.5,84308.4,84150.1,84244.1,10672.0,87449.703125,84424.5,83925.796875,3025.203125,498.703125,3523.90625
894,84231.7,84277.4,84197.8,84265.0,4751.0,87449.703125,84424.5,83964.3515625,3025.203125,460.1484375,3485.3515625
895,84269.4,84294.7,84186.8,84188.0,4961.0,87449.703125,84424.5,84083.046875,3025.203125,341.453125,3366.65625
896,84197.3,84214.2,84110.1,84163.8,8754.0,87449.703125,84424.5,84125.25,3025.203125,299.25,3324.453125
897,84167.6,84237.4,84125.5,84197.2,7185.0,87449.703125,84424.5,84127.0,3025.203125,297.5,3322.703125
898,84199.2,84214.4,84134.1,84178.5,4214.0,87449.703125,84424.5,84127.0,3025.203125,297.5,3322.703125
899,84182.8,84243.3,84110.0,84110.1,9177.0,87449.703125,84424.5,84127.0,3025.203125,297.5,3322.703125
900,84110.0,84145.0,84000.9,84019.7,11135.0,87449.703125,84424.5,84180.703125,3025.203125,243.796875,3269.0
901,84028.0,84028.1,83827.1,83878.1,31049.0,87449.703125,84424.5,84125.796875,3025.203125,298.703125,3323.90625
902,83878.0,84009.6,83856.5,83953.2,4463.0,87449.703125,84424.5,84125.796875,3025.203125,298.703125,3323.90625
903,83953.2,83980.8,83895.1,83918.3,6474.0,87449.703125,84424.5,84125.796875,3025.203125,298.703125,3323.90625
904,83914.2,83935.5,83852.8,83852.8,6679.0,87449.703125,84424.5,84125.796875,3025.203125,298.703125,3323.90625
905,83841.9,83860.5,83741.6,83755.0,7145.0,87449.703125,84424.5,84083.046875,3025.203125,341.453125,3366.65625
906,83759.2,83974.9,83745.7,83964.7,7273.0,87449.703125,84424.5,84083.046875,3025.203125,341.453125,3366.65625
907,83964.7,84032.4,83898.7,83969.7,9174.0,87449.703125,84424.5,84083.046875,3025.203125,341.453125,3366.65625
908,83969.7,84129.4,83968.1,84078.1,7156.0,87449.703125,84424.5,84083.046875,3025.203125,341.453125,3366.65625
909,84073.9,84201.0,84073.0,84196.5,8198.0,87356.0,84424.5,84083.046875,2931.5,341.453125,3272.953125
910,84201.7,84201.7,84025.3,84045.2,8063.0,87356.0,84424.5,84083.046875,2931.5,341.453125,3272.953125
911,84037.6,84037.8,83930.5,83979.7,5928.0,87356.0,84424.5,84083.046875,2931.5,341.453125,3272.953125
912,83977.9,83988.5,83936.0,83982.1,8969.0,87356.0,84308.3984375,84025.0,3047.6015625,283.3984375,3331.0
913,83979.3,83979.3,83847.1,83847.1,3779.0,87212.296875,84294.703125,84018.15625,2917.59375,276.546875,3194.140625
914,83847.2,83916.9,83827.6,83827.6,7451.0,87212.296875,84294.703125,84018.15625,2917.59375,276.546875,3194.140625
915,83826.8,83826.8,83671.6,83685.5,10288.0,87212.296875,84243.296875,83957.453125,2969.0,285.84375,3254.84375
916,83677.2,83750.0,83586.7,83735.2,11544.0,87212.296875,84243.296875,83915.0,2969.0,328.296875,3297.296875
917,83728.8,83728.8,83536.6,83616.9,42094.0,87211.1015625,84243.296875,83889.953125,2967.8046875,353.34375,3321.1484375
918,83619.0,83698.3,83610.0,83610.6,4024.0,87042.703125,84243.296875,83889.953125,2799.40625,353.34375,3152.75
919,83608.5,83630.5,83587.0,83611.6,4610.0,87004.0,84201.703125,83869.15625,2802.296875,332.546875,3134.84375
920,83615.8,83753.0,83608.5,83696.0,8401.0,86756.296875,84201.703125,83869.15625,2554.59375,332.546875,2887.140625
921,83696.0,83808.4,83672.4,83771.7,8045.0,86756.296875,84201.703125,83869.15625,2554.59375,332.546875,2887.140625
922,83771.9,83797.2,83687.7,83743.3,7048.0,86756.296875,84201.703125,83869.15625,2554.59375,332.546875,2887.140625
923,83749.0,83833.7,83689.7,83817.0,7983.0,86756.296875,84201.703125,83869.15625,2554.59375,332.546875,2887.140625
924,83825.4,83826.3,83705.9,83740.7,7670.0,86676.3984375,84201.703125,83869.15625,2474.6953125,332.546875,2807.2421875
925,83740.1,83775.0,83627.8,83677.6,7738.0,86562.6015625,84201.703125,83869.15625,2360.8984375,332.546875,2693.4453125
926,83666.0,83684.1,83608.1,83608.1,5996.0,86562.6015625,84201.703125,83869.15625,2360.8984375,332.546875,2693.4453125
927,83608.2,83629.2,83549.2,83576.1,6533.0,86432.5,84201.703125,83869.15625,2230.796875,332.546875,2563.34375
928,83583.8,83622.3,83548.1,83548.2,7330.0,86186.296875,84201.703125,83869.15625,1984.59375,332.546875,2317.140625
929,83555.1,83706.1,83555.1,83672.0,10687.0,86068.296875,84201.703125,83869.15625,1866.59375,332.546875,2199.140625
930,83678.4,84299.9,83579.7,84099.8,48233.0,86068.296875,84299.8984375,83918.25,1768.3984375,381.6484375,2150.046875
931,84092.4,84256.8,83848.1,83896.1,20421.0,86068.296875,84299.8984375,83918.25,1768.3984375,381.6484375,2150.046875
932,83897.1,84299.9,83792.0,84270.3,17872.0,86068.296875,84299.8984375,83918.25,1768.3984375,381.6484375,2150.046875
933,84261.5,84293.4,83986.8,84269.2,10392.0,86068.296875,84299.8984375,83918.25,1768.3984375,381.6484375,2150.046875
934,84269.3,84820.2,84269.3,84762.7,44408.0,86068.296875,84820.203125,84178.40625,1248.09375,641.796875,1889.890625
935,84762.7,84900.0,84485.0,84890.9,32741.0,86068.296875,84900.0,84218.296875,1168.296875,681.703125,1850.0
936,84890.9,85001.8,84816.5,84976.8,62131.0,86068.296875,85001.796875,84269.203125,1066.5,732.59375,1799.09375
937,84972.3,85140.8,84857.4,84864.4,30059.0,86135.796875,85140.796875,84344.453125,995.0,796.34375,1791.34375
938,84860.9,84992.7,84711.4,84800.2,12249.0,86135.796875,85140.796875,84344.453125,995.0,796.34375,1791.34375
939,84797.1,85040.4,84796.9,84863.8,11989.0,86170.0,85140.796875,84344.453125,1029.203125,796.34375,1825.546875
940,84855.5,85041.6,84700.0,85007.8,10696.0,86302.3984375,85140.796875,84344.453125,1161.6015625,796.34375,1957.9453125
941,85007.8,85267.7,85007.8,85169.7,18893.0,86324.8984375,85267.703125,84407.90625,1057.1953125,859.796875,1916.9921875
942,85171.3,85279.8,84913.6,85028.8,11743.0,86324.8984375,85279.796875,84413.953125,1045.1015625,865.84375,1910.9453125
943,85028.8,85028.8,84774.4,84815.3,17450.0,86324.8984375,85279.796875,84413.953125,1045.1015625,865.84375,1910.9453125
944,84815.3,84968.6,84772.1,84907.1,9999.0,86324.8984375,85279.796875,84413.953125,1045.1015625,865.84375,1910.9453125
945,84917.0,84984.1,84649.0,84660.5,12520.0,86324.8984375,85279.796875,84413.953125,1045.1015625,865.84375,1910.9453125
946,84656.3,84699.8,84407.8,84436.5,15972.0,86324.8984375,85279.796875,84413.953125,1045.1015625,865.84375,1910.9453125
947,84434.9,84539.6,84235.7,84261.3,11651.0,86324.8984375,85279.796875,84413.953125,1045.1015625,865.84375,1910.9453125
948,84265.7,84645.9,84251.6,84645.8,25414.0,86324.8984375,85279.796875,84417.453125,1045.1015625,862.34375,1907.4453125
949,84640.6,84671.3,84374.2,84546.2,8208.0,86324.8984375,85279.796875,84429.75,1045.1015625,850.046875,1895.1484375
950,84534.6,84682.1,84494.5,84649.9,18914.0,86324.8984375,85279.796875,84535.8984375,1045.1015625,743.8984375,1789.0
951,84650.6,84986.8,84570.9,84893.5,17548.0,86324.8984375,85279.796875,84535.8984375,1045.1015625,743.8984375,1789.0
952,84893.4,85162.0,84781.0,85125.8,20141.0,86324.8984375,85279.796875,84633.296875,1045.1015625,646.5,1691.6015625
953,85141.6,85217.2,85078.1,85179.5,8645.0,86324.8984375,85279.796875,84757.75,1045.1015625,522.046875,1567.1484375
954,85179.5,85427.9,85162.8,85400.7,20955.0,86324.8984375,85427.8984375,84831.796875,897.0,596.1015625,1493.1015625
955,85403.5,85488.7,85308.4,85417.0,8141.0,86324.8984375,85488.703125,84862.203125,836.1953125,626.5,1462.6953125
956,85417.0,85417.0,85030.7,85069.6,20538.0,86324.8984375,85488.703125,84862.203125,836.1953125,626.5,1462.6953125
957,85055.6,85190.8,85055.6,85060.6,6663.0,86324.8984375,85488.703125,84862.203125,836.1953125,626.5,1462.6953125
958,85060.1,85154.7,85000.1,85122.8,11759.0,86324.8984375,85488.703125,84862.203125,836.1953125,626.5,1462.6953125
959,85122.8,85122.8,84836.1,84836.2,16029.0,86324.8984375,85488.703125,84862.203125,836.1953125,626.5,1462.6953125
960,84836.2,85103.4,84806.1,84820.4,13616.0,86324.8984375,85488.703125,84862.203125,836.1953125,626.5,1462.6953125
961,84812.1,84833.6,84582.3,84582.3,12104.0,86237.3984375,85488.703125,84862.203125,748.6953125,626.5,1375.1953125
962,84578.1,84628.0,84460.8,84469.8,16158.0,86136.296875,85488.703125,84862.203125,647.59375,626.5,1274.09375
963,84470.8,84551.8,84329.4,84551.7,10543.0,86136.296875,85488.703125,84862.203125,647.59375,626.5,1274.09375
964,84556.0,84601.9,84415.7,84555.3,7480.0,86136.296875,85488.703125,84862.203125,647.59375,626.5,1274.09375
965,84539.0,84713.2,84494.4,84632.7,20191.0,86136.296875,85488.703125,84862.203125,647.59375,626.5,1274.09375
966,84632.6,84788.1,84526.3,84670.7,11339.0,86118.703125,85488.703125,84862.203125,630.0,626.5,1256.5
967,84670.0,84670.5,84503.8,84520.0,8458.0,86118.703125,85488.703125,84870.15625,630.0,618.546875,1248.546875
968,84520.1,84558.2,84307.6,84440.3,13741.0,86002.0,85488.703125,84898.15625,513.296875,590.546875,1103.84375
969,84440.3,84502.6,84340.4,84454.2,4812.0,85881.3984375,85488.703125,84898.15625,392.6953125,590.546875,983.2421875
970,84454.1,84461.6,84317.9,84424.8,8405.0,85869.8984375,85488.703125,84898.15625,381.1953125,590.546875,971.7421875
971,84424.8,84466.4,84317.9,84428.5,5970.0,85783.8984375,85488.703125,84898.15625,295.1953125,590.546875,885.7421875
972,84428.5,84469.6,84304.4,84328.8,6193.0,85783.8984375,85488.703125,84896.546875,295.1953125,592.15625,887.3515625
973,84324.6,84341.3,84047.4,84155.2,19509.0,85727.8984375,85488.703125,84768.046875,239.1953125,720.65625,959.8515625
974,84155.2,84252.7,84064.1,84174.1,6456.0,85727.8984375,85488.703125,84768.046875,239.1953125,720.65625,959.8515625
975,84174.1,84294.7,84169.0,84187.5,9896.0,85696.0,85417.0,84732.203125,279.0,684.796875,963.796875
976,84186.0,84243.8,84129.5,84130.9,5068.0,85696.0,85190.796875,84619.09375,505.203125,571.703125,1076.90625
977,84124.0,84124.0,83836.9,83943.2,13960.0,85696.0,85154.703125,84495.796875,541.296875,658.90625,1200.203125
978,83943.3,84075.7,83943.3,84063.2,18572.0,85604.5,85122.796875,84479.84375,481.703125,642.953125,1124.65625
979,84067.1,84202.8,84029.6,84184.1,18730.0,85604.5,85103.3984375,84470.1484375,501.1015625,633.25,1134.3515625
980,84184.6,84201.2,83800.1,83860.5,9955.0,85577.5,84833.6015625,84316.8515625,743.8984375,516.75,1260.6484375
981,83860.4,83911.7,83750.0,83803.1,9483.0,85496.8984375,84788.1015625,84269.046875,708.796875,519.0546875,1227.8515625
982,83803.4,84003.3,83686.4,83926.7,14106.0,85458.0,84788.1015625,84237.25,669.8984375,550.8515625,1220.75
983,83936.7,84116.6,83895.2,84063.1,5934.0,85271.703125,84788.1015625,84237.25,483.6015625,550.8515625,1034.453125
984,84063.0,84068.0,83884.0,84056.9,11360.0,85271.703125,84788.1015625,84237.25,483.6015625,550.8515625,1034.453125
985,84058.9,84344.3,84000.1,84130.2,22610.0,85164.5,84788.1015625,84237.25,376.3984375,550.8515625,927.25
986,84143.8,84143.8,83805.5,83890.7,6890.0,84541.703125,84670.5,84178.453125,128.796875,492.046875,363.25
987,83898.4,83898.4,83725.7,83767.8,7933.0,84541.703125,84558.203125,84122.296875,16.5,435.90625,419.40625
988,83769.1,83833.8,83644.4,83698.6,9021.0,84541.703125,84502.6015625,84073.5,39.1015625,429.1015625,468.203125
989,83698.6,83698.6,83592.7,83631.9,7309.0,84541.703125,84469.6015625,84031.15625,72.1015625,438.4453125,510.546875
990,83628.6,83711.6,83506.1,83646.8,14344.0,84541.703125,84469.6015625,83987.8515625,72.1015625,481.75,553.8515625
991,83640.5,83826.1,83518.1,83826.1,13397.0,84541.703125,84469.6015625,83987.8515625,72.1015625,481.75,553.8515625
992,83826.2,83863.0,83730.3,83806.9,14159.0,84541.703125,84344.296875,83925.203125,197.40625,419.09375,616.5
993,83793.4,83807.0,83529.3,83542.8,39490.0,84541.703125,84344.296875,83925.203125,197.40625,419.09375,616.5
994,83541.2,83617.5,83335.1,83363.5,30566.0,84541.703125,84344.296875,83839.703125,197.40625,504.59375,702.0
995,83364.5,83410.2,83294.4,83322.6,14210.0,84454.8984375,84344.296875,83819.34375,110.6015625,524.953125,635.5546875
996,83329.0,83414.6,83195.0,83211.9,12244.0,84368.0,84344.296875,83769.6484375,23.703125,574.6484375,598.3515625
997,83211.9,83284.2,83062.6,83228.9,68510.0,84368.0,84344.296875,83703.453125,23.703125,640.84375,664.546875
998,83244.1,83284.0,83121.4,83169.0,11905.0,83966.6015625,84344.296875,83703.453125,377.6953125,640.84375,263.1484375
999,83175.6,83183.9,82916.8,82937.8,19501.0,83926.6015625,84344.296875,83630.546875,417.6953125,713.75,296.0546875
1000,82925.6,82963.6,82843.7,82875.6,29655.0,83868.8984375,84344.296875,83594.0,475.3984375,750.296875,274.8984375
1001,82876.6,83021.4,82870.1,82967.0,8328.0,83868.8984375,84344.296875,83594.0,475.3984375,750.296875,274.8984375
1002,82972.2,83028.8,82784.3,82884.9,14024.0,83868.8984375,84344.296875,83564.296875,475.3984375,780.0,304.6015625
1003,82870.4,83052.6,82846.0,83030.4,9470.0,83868.8984375,84344.296875,83564.296875,475.3984375,780.0,304.6015625
1004,83030.4,83299.0,83030.4,83225.5,16092.0,83853.296875,84344.296875,83564.296875,491.0,780.0,289.0
1005,83225.5,83375.9,83118.9,83354.1,17205.0,83829.296875,84143.796875,83464.046875,314.5,679.75,365.25
1006,83346.1,83366.1,83235.0,83327.7,13563.0,83614.703125,83898.3984375,83341.34375,283.6953125,557.0546875,273.359375
1007,83327.7,83387.0,83234.4,83319.0,10598.0,83364.703125,83863.0,83323.6484375,498.296875,539.3515625,41.0546875
1008,83328.2,83367.4,83068.8,83169.0,9307.0,83181.1015625,83863.0,83323.6484375,681.8984375,539.3515625,142.546875
1009,83191.0,83333.0,83145.0,83262.0,5816.0,83040.703125,83863.0,83323.6484375,822.296875,539.3515625,282.9453125
1010,83261.8,83261.8,83098.2,83204.9,7128.0,83127.0,83863.0,83323.6484375,736.0,539.3515625,196.6484375
1011,83205.8,83210.9,82950.1,83020.0,10240.0,83127.0,83863.0,83323.6484375,736.0,539.3515625,196.6484375
1012,83010.3,83025.3,82811.0,82841.7,16781.0,83142.3984375,83807.0,83295.6484375,664.6015625,511.3515625,153.25
1013,82845.8,82866.4,82718.4,82830.3,12697.0,83142.3984375,83617.5,83167.953125,475.1015625,449.546875,25.5546875
1014,82857.7,83147.1,82857.7,83096.5,12846.0,83142.3984375,83414.6015625,83066.5,272.203125,348.1015625,75.8984375
1015,83085.2,83168.2,82984.1,83070.7,10440.0,83142.3984375,83414.6015625,83066.5,272.203125,348.1015625,75.8984375
1016,83080.9,83200.2,82974.4,83158.8,10932.0,83142.3984375,83387.0,83052.703125,244.6015625,334.296875,89.6953125
1017,83158.9,83160.0,82927.1,82927.1,5971.0,83142.3984375,83387.0,83052.703125,244.6015625,334.296875,89.6953125
1018,82922.4,82988.2,82783.7,82963.5,13592.0,83142.3984375,83387.0,83052.703125,244.6015625,334.296875,89.6953125
1019,82965.8,82977.4,82875.1,82922.3,7153.0,83142.3984375,83387.0,83052.703125,244.6015625,334.296875,89.6953125
1020,82922.3,83030.4,82889.2,82941.3,11976.0,83142.3984375,83387.0,83052.703125,244.6015625,334.296875,89.6953125
1021,82950.1,83099.9,82902.3,83002.0,9003.0,83142.3984375,83387.0,83052.703125,244.6015625,334.296875,89.6953125
1022,82996.5,83020.0,82769.9,82843.9,19729.0,83142.3984375,83387.0,83052.703125,244.6015625,334.296875,89.6953125
1023,82843.8,82883.9,82707.7,82783.4,17817.0,83142.3984375,83387.0,83047.3515625,244.6015625,339.6484375,95.046875
1024,82762.5,82762.5,82445.9,82450.1,38999.0,83142.3984375,83387.0,82916.453125,244.6015625,470.546875,225.9453125
1025,82457.3,82604.0,82310.6,82464.0,20183.0,83142.3984375,83387.0,82848.796875,244.6015625,538.203125,293.6015625
1026,82463.2,82533.3,82345.6,82498.0,12211.0,83142.3984375,83387.0,82848.796875,244.6015625,538.203125,293.6015625
1027,82490.7,82738.0,82431.8,82664.8,11469.0,83142.3984375,83367.3984375,82839.0,225.0,528.3984375,303.3984375
1028,82683.2,83082.3,82666.0,82839.8,14730.0,83142.3984375,83333.0,82821.796875,190.6015625,511.203125,320.6015625
1029,82843.1,82933.7,82700.1,82887.1,6414.0,83164.3984375,83261.796875,82786.203125,97.3984375,475.59375,378.1953125
1030,82888.2,82990.1,82829.2,82875.8,8653.0,83496.3984375,83210.8984375,82760.75,285.5,450.1484375,735.6484375
1031,82888.0,82961.2,82739.9,82799.9,10151.0,83496.3984375,83200.203125,82755.40625,296.1953125,444.796875,740.9921875
1032,82820.8,82825.6,82633.4,82714.6,15778.0,83496.3984375,83200.203125,82755.40625,296.1953125,444.796875,740.9921875
1033,82715.6,82988.3,82715.6,82955.1,9882.0,83556.5,83200.203125,82755.40625,356.296875,444.796875,801.09375
1034,82963.1,82967.7,82783.6,82919.9,7372.0,83644.1015625,83200.203125,82755.40625,443.8984375,444.796875,888.6953125
1035,82913.9,82927.3,82831.9,82909.1,4950.0,83988.6015625,83200.203125,82755.40625,788.3984375,444.796875,1233.1953125
1036,82910.5,82960.7,82740.6,82909.9,8216.0,84027.796875,83160.0,82735.296875,867.796875,424.703125,1292.5
1037,82921.7,83124.8,82802.1,82885.1,10440.0,84027.796875,83124.796875,82717.703125,903.0,407.09375,1310.09375
1038,82885.2,82910.2,82579.6,82602.9,8948.0,84027.796875,83124.796875,82717.703125,903.0,407.09375,1310.09375
1039,82597.0,82746.2,82551.9,82745.7,6251.0,84027.796875,83124.796875,82717.703125,903.0,407.09375,1310.09375
1040,82746.0,82972.1,82713.0,82924.8,8474.0,84099.5,83124.796875,82717.703125,974.703125,407.09375,1381.796875
1041,82931.2,83200.3,82842.8,83181.5,11690.0,84123.6015625,83200.296875,82755.453125,923.3046875,444.84375,1368.1484375
1042,83169.5,83271.3,82972.3,82976.7,31206.0,84366.3984375,83271.296875,82790.953125,1095.1015625,480.34375,1575.4453125
1043,82981.4,83032.6,82853.1,82971.3,13061.0,84366.3984375,83271.296875,82790.953125,1095.1015625,480.34375,1575.4453125
1044,82965.3,83145.1,82965.3,83098.3,9214.0,84366.3984375,83271.296875,82790.953125,1095.1015625,480.34375,1575.4453125
1045,83087.7,83197.7,82994.5,83182.7,6665.0,84366.3984375,83271.296875,82808.453125,1095.1015625,462.84375,1557.9453125
1046,83178.7,83229.1,83127.5,83133.0,7498.0,84366.3984375,83271.296875,82851.546875,1095.1015625,419.75,1514.8515625
1047,83128.0,83223.0,83102.7,83174.7,5256.0,84366.3984375,83271.296875,82911.59375,1095.1015625,359.703125,1454.8046875
1048,83174.6,83307.3,83072.9,83184.5,35632.0,84366.3984375,83307.296875,82929.59375,1059.1015625,377.703125,1436.8046875
1049,83184.6,83284.5,83088.8,83284.5,6360.0,84366.3984375,83307.296875,82929.59375,1059.1015625,377.703125,1436.8046875
1050,83272.9,83346.8,83179.9,83179.9,13760.0,84366.3984375,83346.796875,82949.34375,1019.6015625,397.453125,1417.0546875
1051,83179.7,83184.8,83045.7,83052.5,4461.0,84976.796875,83346.796875,82949.34375,1630.0,397.453125,2027.453125
1052,83052.4,83146.3,82935.9,83116.1,10939.0,85169.703125,83346.796875,82949.34375,1822.90625,397.453125,2220.359375
1053,83100.4,83247.2,83088.1,83180.9,7460.0,85169.703125,83346.796875,82949.34375,1822.90625,397.453125,2220.359375
1054,83176.7,83247.2,83113.7,83113.7,4538.0,85169.703125,83346.796875,82949.34375,1822.90625,397.453125,2220.359375
1055,83112.5,83218.2,83097.6,83143.2,4559.0,85169.703125,83346.796875,82949.34375,1822.90625,397.453125,2220.359375
1056,83147.8,83445.2,83122.1,83399.3,9186.0,85169.703125,83445.203125,82998.546875,1724.5,446.65625,2171.15625
1057,83393.7,83643.2,83384.8,83617.9,18477.0,85169.703125,83643.203125,83097.546875,1526.5,545.65625,2072.15625
1058,83616.3,83796.2,83572.4,83765.2,20164.0,85169.703125,83796.203125,83174.046875,1373.5,622.15625,1995.65625
1059,83761.1,83769.4,83530.7,83549.3,9553.0,85169.703125,83796.203125,83254.6015625,1373.5,541.6015625,1915.1015625
1060,83552.4,83699.9,83552.4,83664.0,8323.0,85169.703125,83796.203125,83319.5,1373.5,476.703125,1850.203125
1061,83663.9,83696.4,83552.1,83583.8,8161.0,85169.703125,83796.203125,83324.65625,1373.5,471.546875,1845.046875
1062,83581.5,83617.6,83483.5,83502.9,9247.0,85169.703125,83796.203125,83324.65625,1373.5,471.546875,1845.046875
1063,83498.6,83528.3,83410.5,83410.5,6310.0,85169.703125,83796.203125,83366.046875,1373.5,430.15625,1803.65625
1064,83419.0,83419.1,83243.2,83355.1,44546.0,85169.703125,83796.203125,83366.046875,1373.5,430.15625,1803.65625
1065,83365.5,83365.5,83137.7,83245.0,10509.0,85169.703125,83796.203125,83366.046875,1373.5,430.15625,1803.65625
1066,83244.9,83472.3,83217.3,83376.4,11346.0,85169.703125,83796.203125,83366.046875,1373.5,430.15625,1803.65625
1067,83379.7,83599.9,83379.7,83593.4,5674.0,85169.703125,83796.203125,83366.046875,1373.5,430.15625,1803.65625
1068,83593.4,83810.5,83593.4,83773.3,12094.0,85169.703125,83810.5,83373.203125,1359.203125,437.296875,1796.5
1069,83778.5,83884.0,83778.5,83853.8,8720.0,85169.703125,83884.0,83409.953125,1285.703125,474.046875,1759.75
1070,83856.0,83932.0,83741.5,83919.5,6771.0,85169.703125,83932.0,83433.953125,1237.703125,498.046875,1735.75
1071,83916.6,84107.5,83916.6,84096.0,22793.0,85169.703125,84107.5,83521.703125,1062.203125,585.796875,1648.0
1072,84094.0,84469.1,84059.2,84469.1,44748.0,85069.6015625,84469.1015625,83778.6015625,600.5,690.5,1291.0
1073,84469.1,84537.4,84331.0,84471.8,17837.0,85069.6015625,84537.3984375,83817.5,532.203125,719.8984375,1252.1015625
1074,84468.2,84514.9,84353.3,84407.5,7191.0,85069.6015625,84537.3984375,83817.5,532.203125,719.8984375,1252.1015625
1075,84405.0,84594.4,84400.8,84531.8,17853.0,84670.703125,84594.3984375,83858.25,76.3046875,736.1484375,812.453125
1076,84531.8,84779.9,84531.8,84728.3,10834.0,84670.703125,84779.8984375,83958.796875,109.1953125,821.1015625,711.90625
1077,84726.2,84730.2,84553.1,84639.2,8104.0,84428.5,84779.8984375,83958.796875,351.3984375,821.1015625,469.703125
1078,84645.4,84843.4,84645.4,84788.6,6836.0,84130.8984375,84843.3984375,83990.546875,712.5,852.8515625,140.3515625
1079,84802.4,84937.8,84788.9,84921.0,9863.0,84728.296875,84937.796875,84037.75,209.5,900.046875,690.546875
1080,84921.0,84963.5,84713.3,84825.4,29305.0,84728.296875,84963.5,84050.6015625,235.203125,912.8984375,677.6953125
1081,84825.4,84832.5,84578.6,84643.4,31444.0,85131.6015625,84963.5,84050.6015625,168.1015625,912.8984375,1081.0
1082,84648.7,84856.0,84635.0,84707.8,12198.0,85234.0,84963.5,84050.6015625,270.5,912.8984375,1183.3984375
1083,84713.1,84934.3,84713.1,84924.9,22912.0,85234.0,84963.5,84050.6015625,270.5,912.8984375,1183.3984375
1084,84924.9,85000.0,84870.7,84992.2,7445.0,85234.0,85000.0,84068.8515625,234.0,931.1484375,1165.1484375
1085,84988.3,85033.8,84865.2,84981.3,7177.0,85300.3984375,85033.796875,84125.546875,266.6015625,908.25,1174.8515625
1086,84981.5,85175.3,84981.5,85131.6,10751.0,85300.3984375,85175.296875,84277.5,125.1015625,897.796875,1022.8984375
1087,85132.1,85495.4,85088.0,85405.6,32002.0,85463.6015625,85495.3984375,84544.3984375,31.796875,951.0,919.203125
1088,85414.1,85414.1,85208.4,85305.7,15830.0,85463.6015625,85495.3984375,84618.453125,31.796875,876.9453125,845.1484375
1089,85305.7,85471.1,85301.4,85384.0,5496.0,85463.6015625,85495.3984375,84618.453125,31.796875,876.9453125,845.1484375
1090,85383.9,85383.9,85109.7,85229.7,15122.0,85463.6015625,85495.3984375,84706.0,31.796875,789.3984375,757.6015625
1091,85228.3,85329.5,85143.0,85234.0,10143.0,85463.6015625,85495.3984375,84777.296875,31.796875,718.1015625,686.3046875
1092,85242.4,85311.9,85073.9,85155.1,14359.0,85463.6015625,85495.3984375,84913.203125,31.796875,582.1953125,550.3984375
1093,85166.3,85242.2,85024.3,85132.6,10146.0,85463.6015625,85495.3984375,84924.34375,31.796875,571.0546875,539.2578125
1094,85162.9,85233.7,85104.3,85130.0,9191.0,85463.6015625,85495.3984375,84948.09375,31.796875,547.3046875,515.5078125
1095,85131.1,85316.6,85120.1,85194.0,7822.0,85463.6015625,85495.3984375,85013.59375,31.796875,481.8046875,450.0078125
1096,85201.8,85285.2,85079.0,85131.4,8329.0,85463.6015625,85495.3984375,85024.25,31.796875,471.1484375,439.3515625
1097,85160.4,85295.5,84984.1,85144.8,17961.0,85463.6015625,85495.3984375,85037.0,31.796875,458.3984375,426.6015625
1098,85144.8,85407.8,85127.1,85361.0,17528.0,85463.6015625,85495.3984375,85037.0,31.796875,458.3984375,426.6015625
1099,85361.0,85448.1,85123.2,85123.2,8249.0,85463.6015625,85495.3984375,85037.0,31.796875,458.3984375,426.6015625
1100,85123.2,85130.6,84951.8,85037.8,10494.0,85463.6015625,85495.3984375,85037.0,31.796875,458.3984375,426.6015625
1101,85042.0,85250.6,85016.8,85054.9,12391.0,85463.6015625,85495.3984375,85065.203125,31.796875,430.1953125,398.3984375
1102,85063.5,85277.3,85063.5,85188.7,10834.0,85463.6015625,85495.3984375,85104.25,31.796875,391.1484375,359.3515625
1103,85187.8,85337.9,85118.3,85337.9,10198.0,85463.6015625,85495.3984375,85180.296875,31.796875,315.1015625,283.3046875
1104,85346.5,85444.5,85329.2,85392.6,13602.0,85463.6015625,85495.3984375,85180.296875,31.796875,315.1015625,283.3046875
1105,85393.9,85561.9,85319.7,85418.8,11914.0,85463.6015625,85561.8984375,85256.84375,98.296875,305.0546875,206.7578125
1106,85417.8,85429.4,85300.1,85300.4,8748.0,85463.6015625,85561.8984375,85256.84375,98.296875,305.0546875,206.7578125
1107,85300.0,85300.0,85090.5,85152.2,6980.0,85223.703125,85561.8984375,85256.84375,338.1953125,305.0546875,33.140625
1108,85153.2,85165.3,85047.3,85085.0,10597.0,85223.703125,85561.8984375,85256.84375,338.1953125,305.0546875,33.140625
1109,85085.0,85226.7,85085.0,85199.7,8634.0,85223.703125,85561.8984375,85256.84375,338.1953125,305.0546875,33.140625
1110,85195.7,85336.2,85195.7,85319.5,6052.0,84961.296875,85561.8984375,85256.84375,600.6015625,305.0546875,295.546875
1111,85325.4,85429.3,85285.5,85289.7,7594.0,84961.296875,85561.8984375,85256.84375,600.6015625,305.0546875,295.546875
1112,85285.6,85346.4,85205.0,85346.4,5640.0,84961.296875,85561.8984375,85256.84375,600.6015625,305.0546875,295.546875
1113,85342.2,85423.8,85333.7,85423.7,8240.0,84961.296875,85561.8984375,85256.84375,600.6015625,305.0546875,295.546875
1114,85410.8,85471.1,85387.4,85430.1,7198.0,84961.296875,85561.8984375,85256.84375,600.6015625,305.0546875,295.546875
1115,85426.0,85471.1,85315.3,85394.0,5488.0,84961.296875,85561.8984375,85256.84375,600.6015625,305.0546875,295.546875
1116,85397.6,85463.6,85352.0,85463.6,7635.0,84961.296875,85561.8984375,85256.84375,600.6015625,305.0546875,295.546875
1117,85471.1,85471.1,85238.8,85252.8,8913.0,84961.296875,85561.8984375,85256.84375,600.6015625,305.0546875,295.546875
1118,85247.5,85285.1,85058.4,85130.4,12347.0,84961.296875,85561.8984375,85256.84375,600.6015625,305.0546875,295.546875
1119,85139.0,85276.5,85129.6,85169.9,15130.0,84961.296875,85561.8984375,85256.84375,600.6015625,305.0546875,295.546875
1120,85181.6,85200.2,85075.3,85088.0,8698.0,84961.296875,85561.8984375,85289.34375,600.6015625,272.5546875,328.046875
1121,85088.0,85200.0,84990.6,85200.0,18433.0,84961.296875,85561.8984375,85276.25,600.6015625,285.6484375,314.953125
1122,85200.0,85268.6,85181.8,85237.4,5815.0,84961.296875,85561.8984375,85276.25,600.6015625,285.6484375,314.953125
1123,85240.1,85268.1,85166.9,85205.4,5931.0,84961.296875,85561.8984375,85276.25,600.6015625,285.6484375,314.953125
1124,85198.0,85198.4,85125.6,85172.6,3847.0,84961.296875,85561.8984375,85276.25,600.6015625,285.6484375,314.953125
1125,85173.4,85384.5,85173.4,85335.4,18953.0,84961.296875,85471.1015625,85230.8515625,509.8046875,240.25,269.5546875
1126,85343.1,85349.8,85102.7,85181.6,8900.0,84961.296875,85471.1015625,85230.8515625,509.8046875,240.25,269.5546875
1127,85186.6,85246.2,85127.0,85230.2,5599.0,84961.296875,85471.1015625,85230.8515625,509.8046875,240.25,269.5546875
1128,85224.5,85288.6,85170.3,85281.0,4742.0,84955.703125,85471.1015625,85230.8515625,515.3984375,240.25,275.1484375
1129,85281.0,85355.8,85279.4,85318.8,9746.0,84758.0,85471.1015625,85230.8515625,713.1015625,240.25,472.8515625
1130,85318.7,85318.7,85180.9,85189.8,5384.0,84758.0,85471.1015625,85230.8515625,713.1015625,240.25,472.8515625
1131,85183.3,85269.7,85161.6,85223.7,6086.0,84659.203125,85471.1015625,85230.8515625,811.8984375,240.25,571.6484375
1132,85222.7,85222.7,85020.0,85020.0,7734.0,84722.203125,85471.1015625,85230.8515625,748.8984375,240.25,508.6484375
1133,85006.4,85052.3,84906.1,84906.1,7145.0,84930.6015625,85471.1015625,85188.6015625,540.5,282.5,258.0
1134,84905.8,84951.2,84779.9,84868.0,12524.0,85021.0,85471.1015625,85125.5,450.1015625,345.6015625,104.5
1135,84860.9,85071.5,84860.9,84990.3,8568.0,85214.8984375,85471.1015625,85125.5,256.203125,345.6015625,89.3984375
1136,84988.0,84988.0,84879.2,84910.6,8412.0,85290.796875,85471.1015625,85125.5,180.3046875,345.6015625,165.296875
1137,84910.7,84992.1,84867.1,84961.3,5568.0,85290.796875,85384.5,85082.203125,93.703125,302.296875,208.59375
1138,84957.2,85017.6,84882.3,84901.1,4003.0,85385.0,85384.5,85082.203125,0.5,302.296875,302.796875
1139,84897.8,84949.5,84831.7,84855.1,9828.0,85385.0,85384.5,85082.203125,0.5,302.296875,302.796875
1140,84871.0,84949.6,84782.5,84790.1,4940.0,85385.0,85384.5,85082.203125,0.5,302.296875,302.796875
1141,84788.3,84808.4,84700.0,84751.4,8883.0,85385.0,85384.5,85042.25,0.5,342.25,342.75
1142,84754.7,84754.7,84570.5,84612.5,12330.0,85385.0,85384.5,84977.5,0.5,407.0,407.5
1143,84604.1,84637.0,84327.4,84423.9,40936.0,85385.0,85384.5,84855.953125,0.5,528.546875,529.046875
1144,84420.7,84420.7,84208.6,84229.8,10888.0,85385.0,85384.5,84796.546875,0.5,587.953125,588.453125
1145,84229.8,84290.6,84004.7,84024.3,17100.0,85385.0,85355.796875,84680.25,29.203125,675.546875,704.75
1146,84012.6,84258.9,83913.9,84150.8,11053.0,85385.0,85355.796875,84634.84375,29.203125,720.953125,750.15625
1147,84150.8,84159.2,83900.0,83998.3,31858.0,85385.0,85355.796875,84627.8984375,29.203125,727.8984375,757.1015625
1148,83998.4,84009.6,83758.2,83909.4,21347.0,85385.0,85355.796875,84557.0,29.203125,798.796875,828.0
1149,83909.5,84162.2,83873.9,84122.5,18923.0,85385.0,85318.703125,84538.453125,66.296875,780.25,846.546875
1150,84122.4,84122.4,83911.3,83937.3,10531.0,85385.0,85269.703125,84513.953125,115.296875,755.75,871.046875
1151,83951.5,84061.3,83783.2,83928.5,11695.0,85385.0,85222.703125,84490.453125,162.296875,732.25,894.546875
1152,83934.7,83934.7,83774.4,83783.4,7850.0,85385.0,85071.5,84414.8515625,313.5,656.6484375,970.1484375
1153,83792.7,83857.4,83586.1,83627.4,36647.0,85385.0,85071.5,84328.796875,313.5,742.703125,1056.203125
1154,83623.2,83674.0,83547.0,83663.7,8006.0,85385.0,85071.5,84309.25,313.5,762.25,1075.75
1155,83660.6,83695.7,83545.4,83676.7,7245.0,85385.0,85017.6015625,84281.5,367.3984375,736.1015625,1103.5
1156,83682.7,83777.7,83607.0,83716.5,13175.0,85385.0,85017.6015625,84281.5,367.3984375,736.1015625,1103.5
1157,83715.4,83715.4,83408.4,83449.0,20753.0,85385.0,85017.6015625,84213.0,367.3984375,804.6015625,1172.0
1158,83446.0,83498.2,83387.0,83480.7,13874.0,85314.296875,84949.6015625,84168.296875,364.6953125,781.3046875,1146.0
1159,83493.3,83525.2,83452.6,83455.1,6233.0,85314.296875,84949.6015625,84168.296875,364.6953125,781.3046875,1146.0
1160,83471.8,83471.8,83291.7,83334.0,12585.0,85314.296875,84808.3984375,84050.046875,505.8984375,758.3515625,1264.25
1161,83342.4,83617.9,83325.6,83576.7,11625.0,85152.5,84754.703125,84023.203125,397.796875,731.5,1129.296875
1162,83584.9,83594.5,83415.2,83489.9,7671.0,85152.5,84637.0,83964.3515625,515.5,672.6484375,1188.1484375
1163,83460.4,83604.4,83436.0,83525.7,6586.0,85083.8984375,84420.703125,83856.203125,663.1953125,564.5,1227.6953125
1164,83525.8,83653.4,83477.7,83620.6,9151.0,84886.703125,84290.6015625,83791.15625,596.1015625,499.4453125,1095.546875
1165,83629.0,83964.9,83580.7,83882.4,25524.0,84697.5,84258.8984375,83775.296875,438.6015625,483.6015625,922.203125
1166,83890.1,83915.8,83752.2,83793.9,9105.0,84697.5,84162.203125,83726.953125,535.296875,435.25,970.546875
1167,83798.6,83938.7,83798.5,83880.9,12169.0,84697.5,84162.203125,83726.953125,535.296875,435.25,970.546875
1168,83881.0,84189.7,83881.0,84072.7,17582.0,84697.5,84189.703125,83740.703125,507.796875,449.0,956.796875
1169,84072.6,84110.0,83977.5,84070.0,8548.0,84500.6015625,84189.703125,83740.703125,310.8984375,449.0,759.8984375
1170,84066.4,84172.1,83973.2,84144.1,11358.0,84462.5,84189.703125,83740.703125,272.796875,449.0,721.796875
1171,84139.7,84290.6,84139.7,84254.7,9421.0,34739.0,84290.6015625,83791.15625,49551.6015625,499.4453125,49052.15625
1172,84258.5,84413.2,84225.4,84413.2,12062.0,34739.0,84413.203125,83852.453125,49674.203125,560.75,49113.453125
1173,84413.2,84433.4,84171.6,84195.6,15662.0,34739.0,84433.3984375,83862.546875,49694.3984375,570.8515625,49123.546875
1174,84200.2,84304.5,84200.2,84296.3,3366.0,34739.0,84433.3984375,83862.546875,49694.3984375,570.8515625,49123.546875
1175,84296.4,84338.8,84269.6,84338.8,8487.0,34739.0,84433.3984375,83862.546875,49694.3984375,570.8515625,49123.546875
1176,84347.4,84581.3,84347.4,84485.4,12701.0,34739.0,84581.296875,83936.5,49842.296875,644.796875,49197.5
1177,84487.4,84546.4,84484.0,84509.9,5394.0,34739.0,84581.296875,83936.5,49842.296875,644.796875,49197.5
1178,84509.9,84590.6,84498.0,84536.8,6268.0,34739.0,84590.6015625,83941.15625,49851.6015625,649.4453125,49202.15625
1179,84533.6,84566.9,84485.3,84517.0,5349.0,12821.0,84590.6015625,83941.15625,71769.6015625,649.4453125,71120.15625
1180,84524.8,84553.9,84337.7,84382.3,14614.0,12821.0,84590.6015625,83958.1015625,71769.6015625,632.5,71137.1015625
1181,84392.1,84400.7,84168.8,84349.4,33939.0,12821.0,84590.6015625,84002.90625,71769.6015625,587.6953125,71181.90625
1182,84365.0,84388.0,84278.7,84349.9,6606.0,12821.0,84590.6015625,84013.296875,71769.6015625,577.3046875,71192.296875
1183,84345.6,84472.3,84345.6,84462.4,5434.0,12821.0,84590.6015625,84034.15625,71769.6015625,556.4453125,71213.15625
1184,84465.5,84531.8,84428.4,84529.1,16535.0,12821.0,84590.6015625,84085.65625,71769.6015625,504.9453125,71264.65625
1185,84532.3,84587.4,84397.0,84448.4,7372.0,16197.0,84590.6015625,84171.40625,68393.6015625,419.1953125,67974.40625
1186,84452.6,84506.9,84426.9,84432.8,6998.0,16197.0,84590.6015625,84194.546875,68393.6015625,396.0546875,67997.546875
1187,84436.5,84559.0,84403.6,84559.0,5150.0,16197.0,84590.6015625,84235.796875,68393.6015625,354.8046875,68038.796875
1188,84559.0,85041.7,84547.6,84927.3,23950.0,16197.0,85041.703125,84507.453125,68844.703125,534.25,68310.453125
1189,84929.4,85082.1,84766.9,84804.0,12416.0,33820.0,85082.1015625,84527.65625,51262.1015625,554.4453125,50707.65625
1190,84803.0,85016.3,84803.0,84878.2,11871.0,33820.0,85082.1015625,84610.90625,51262.1015625,471.1953125,50790.90625
1191,84877.0,84977.4,84773.4,84844.7,7295.0,33820.0,85082.1015625,84625.453125,51262.1015625,456.6484375,50805.453125
1192,84851.2,84856.0,84676.1,84707.5,12813.0,33820.0,85082.1015625,84625.453125,51262.1015625,456.6484375,50805.453125
1193,84720.3,84870.1,84720.3,84795.0,5609.0,33820.0,85082.1015625,84625.453125,51262.1015625,456.6484375,50805.453125
1194,84777.9,84777.9,84558.1,84683.4,7423.0,33820.0,85082.1015625,84625.453125,51262.1015625,456.6484375,50805.453125
1195,84666.5,84714.0,84598.9,84711.8,5164.0,33820.0,85082.1015625,84625.453125,51262.1015625,456.6484375,50805.453125
1196,84707.5,84745.1,84601.9,84646.0,5867.0,33820.0,85082.1015625,84625.453125,51262.1015625,456.6484375,50805.453125
1197,84645.3,84657.8,84504.9,84595.3,6202.0,33820.0,85082.1015625,84625.453125,51262.1015625,456.6484375,50805.453125
1198,84584.1,84642.0,84556.9,84621.6,3858.0,33820.0,85082.1015625,84625.453125,51262.1015625,456.6484375,50805.453125
1199,84612.8,84636.4,84562.6,84574.1,6899.0,33820.0,85082.1015625,84625.453125,51262.1015625,456.6484375,50805.453125
1200,84579.3,84653.4,84561.3,84595.8,4130.0,33820.0,85082.1015625,84625.453125,51262.1015625,456.6484375,50805.453125
1201,84601.0,84657.3,84428.3,84428.3,6261.0,33820.0,85082.1015625,84680.40625,51262.1015625,401.6953125,50860.40625
1202,84432.6,84573.7,84432.6,84560.2,7631.0,33820.0,85082.1015625,84713.8515625,51262.1015625,368.25,50893.8515625
1203,84547.6,84699.9,84523.2,84684.8,5995.0,33820.0,85082.1015625,84739.546875,51262.1015625,342.5546875,50919.546875
1204,84689.0,84767.0,84628.4,84749.9,10380.0,33820.0,85082.1015625,84739.546875,51262.1015625,342.5546875,50919.546875
1205,84752.5,84798.4,84665.3,84666.3,4803.0,33820.0,85082.1015625,84742.8515625,51262.1015625,339.25,50922.8515625
1206,84668.5,84668.5,84573.8,84594.9,4486.0,33820.0,85082.1015625,84742.8515625,51262.1015625,339.25,50922.8515625
1207,84603.5,84632.9,84568.0,84579.0,5117.0,33820.0,85082.1015625,84755.203125,51262.1015625,326.8984375,50935.203125
1208,84574.0,84622.8,84543.6,84622.8,4226.0,33820.0,85082.1015625,84755.203125,51262.1015625,326.8984375,50935.203125
1209,84622.8,84838.7,84622.8,84818.8,6063.0,31337.0,85016.296875,84722.296875,53679.296875,294.0,53385.296875
1210,84823.0,84893.5,84713.3,84753.6,5369.0,31337.0,84977.3984375,84702.84375,53640.3984375,274.5546875,53365.84375
1211,84753.5,84787.4,84651.2,84735.2,7993.0,31337.0,84893.5,84660.8984375,53556.5,232.6015625,53323.8984375
1212,84736.2,84751.3,84611.1,84628.1,3401.0,31337.0,84893.5,84660.8984375,53556.5,232.6015625,53323.8984375
1213,84619.0,84619.0,84500.1,84528.5,5541.0,31337.0,84893.5,84660.8984375,53556.5,232.6015625,53323.8984375
1214,84515.0,84601.6,84491.5,84564.8,4341.0,31337.0,84893.5,84660.8984375,53556.5,232.6015625,53323.8984375
1215,84560.6,84560.6,84477.0,84550.4,4307.0,31337.0,84893.5,84660.8984375,53556.5,232.6015625,53323.8984375
1216,84559.1,84682.5,84556.3,84682.5,3839.0,31337.0,84893.5,84660.8984375,53556.5,232.6015625,53323.8984375
1217,84686.6,84718.5,84635.9,84718.5,4857.0,31337.0,84893.5,84660.8984375,53556.5,232.6015625,53323.8984375
1218,84709.0,84710.8,84545.8,84555.3,3550.0,31337.0,84893.5,84660.8984375,53556.5,232.6015625,53323.8984375
1219,84571.0,84762.2,84567.1,84759.5,4013.0,32121.0,84893.5,84660.8984375,52772.5,232.6015625,52539.8984375
1220,84759.5,84912.6,84702.4,84889.8,5755.0,32121.0,84912.6015625,84670.453125,52791.6015625,242.1484375,52549.453125
1221,84896.8,84968.5,84896.8,84961.3,5503.0,32121.0,84968.5,84700.546875,52847.5,267.953125,52579.546875
1222,84960.5,85023.8,84845.7,84852.6,7672.0,32121.0,85023.796875,84750.3984375,52902.796875,273.3984375,52629.3984375
1223,84871.0,84892.0,84759.8,84883.9,8826.0,32121.0,85023.796875,84750.3984375,52902.796875,273.3984375,52629.3984375
1224,84884.9,84952.4,84811.6,84914.5,4672.0,32121.0,85023.796875,84750.3984375,52902.796875,273.3984375,52629.3984375
1225,84901.7,85024.2,84901.7,84973.7,4123.0,32121.0,85024.203125,84750.6015625,52903.203125,273.6015625,52629.6015625
1226,84970.0,85009.0,84947.1,84955.7,3577.0,32121.0,85024.203125,84750.6015625,52903.203125,273.6015625,52629.6015625
1227,84969.0,84973.7,84936.4,84937.4,2647.0,32121.0,85024.203125,84750.6015625,52903.203125,273.6015625,52629.6015625
1228,84937.3,84937.3,84827.7,84882.3,4596.0,32121.0,85024.203125,84750.6015625,52903.203125,273.6015625,52629.6015625
1229,84882.2,84925.0,84868.6,84895.3,4052.0,32121.0,85024.203125,84750.6015625,52903.203125,273.6015625,52629.6015625
1230,84895.3,84998.5,84866.9,84877.4,5019.0,32121.0,85024.203125,84750.6015625,52903.203125,273.6015625,52629.6015625
1231,84888.3,84905.0,84702.6,84719.9,7820.0,32121.0,85024.203125,84750.6015625,52903.203125,273.6015625,52629.6015625
1232,84719.9,84799.6,84676.5,84744.1,7162.0,32121.0,85024.203125,84750.6015625,52903.203125,273.6015625,52629.6015625
1233,84742.8,84769.3,84649.4,84658.7,5654.0,32121.0,85024.203125,84750.6015625,52903.203125,273.6015625,52629.6015625
1234,84647.0,84680.1,84620.4,84639.7,3991.0,32121.0,85024.203125,84750.6015625,52903.203125,273.6015625,52629.6015625
1235,84639.8,84730.1,84639.8,84730.1,6066.0,32121.0,85024.203125,84785.0,52903.203125,239.203125,52664.0
1236,84732.8,84841.4,84732.8,84758.0,4764.0,32121.0,85024.203125,84785.0,52903.203125,239.203125,52664.0
1237,84757.9,84819.6,84709.7,84816.7,4422.0,32121.0,85024.203125,84785.0,52903.203125,239.203125,52664.0
1238,84819.6,84872.1,84814.6,84855.0,3554.0,32121.0,85024.203125,84795.65625,52903.203125,228.546875,52674.65625
1239,84850.0,84855.7,84745.7,84745.7,4365.0,6553.0,85024.203125,84822.296875,78471.203125,201.90625,78269.296875
1240,84744.6,84772.2,84679.9,84681.8,6231.0,6484.0,85024.203125,84822.296875,78540.203125,201.90625,78338.296875
1241,84682.2,84696.8,84600.0,84659.2,4135.0,6484.0,85024.203125,84812.1015625,78540.203125,212.1015625,78328.1015625
1242,84666.3,84700.8,84633.6,84657.1,4495.0,6484.0,85024.203125,84812.1015625,78540.203125,212.1015625,78328.1015625
1243,84657.4,84657.4,84437.4,84445.4,12001.0,6484.0,85024.203125,84730.796875,78540.203125,293.40625,78246.796875
1244,84445.5,84470.5,84350.9,84440.0,5845.0,6484.0,85024.203125,84687.546875,78540.203125,336.65625,78203.546875
1245,84447.1,84447.3,84342.6,84383.2,10287.0,6484.0,85009.0,84675.796875,78525.0,333.203125,78191.796875
1246,84378.9,84403.2,84241.3,84274.8,6575.0,6484.0,84998.5,84619.8984375,78514.5,378.6015625,78135.8984375
1247,84270.6,84367.3,84225.5,84367.2,6615.0,6484.0,84998.5,84612.0,78514.5,386.5,78128.0
1248,84367.2,84430.8,84293.0,84388.3,8113.0,6484.0,84998.5,84612.0,78514.5,386.5,78128.0
1249,84388.2,84442.1,84332.8,84377.2,4869.0,8144.0,84998.5,84612.0,76854.5,386.5,76468.0
1250,84369.0,84404.5,84304.8,84324.8,6715.0,8144.0,84905.0,84565.25,76761.0,339.75,76421.25
1251,84316.3,84316.3,84249.3,84256.0,5524.0,18297.0,84872.1015625,84548.796875,66575.1015625,323.3046875,66251.796875
1252,84250.1,84307.1,84178.8,84238.0,9858.0,30477.0,84872.1015625,84525.453125,54395.1015625,346.6484375,54048.453125
1253,84240.4,84240.4,84116.7,84120.3,4542.0,30477.0,84872.1015625,84494.40625,54395.1015625,377.6953125,54017.40625
1254,84117.0,84193.2,84063.2,84170.8,5030.0,30477.0,84872.1015625,84467.65625,54395.1015625,404.4453125,53990.65625
1255,84176.1,84361.3,84176.1,84345.3,4132.0,111964.0,84872.1015625,84467.65625,27091.8984375,404.4453125,27496.34375
1256,84345.3,84359.7,84245.5,84254.0,5754.0,111964.0,84872.1015625,84467.65625,27091.8984375,404.4453125,27496.34375
1257,84254.1,84266.7,84165.4,84204.8,2063.0,111964.0,84872.1015625,84467.65625,27091.8984375,404.4453125,27496.34375
1258,84226.0,84268.1,84196.0,84207.2,3810.0,111964.0,84855.703125,84459.453125,27108.296875,396.25,27504.546875
1259,84188.2,84224.2,84179.5,84209.9,3738.0,111964.0,84772.203125,84417.703125,27191.796875,354.5,27546.296875
1260,84202.7,84268.2,84175.1,84237.9,6033.0,111964.0,84700.796875,84382.0,27263.203125,318.796875,27582.0
1261,84234.1,84366.1,84194.6,84335.2,5805.0,111964.0,84700.796875,84382.0,27263.203125,318.796875,27582.0
1262,84335.2,84340.4,84206.4,84239.7,8218.0,111964.0,84657.3984375,84360.296875,27306.6015625,297.1015625,27603.703125
1263,84239.6,84345.5,84214.1,84315.6,7880.0,111964.0,84470.5,84266.8515625,27493.5,203.6484375,27697.1484375
1264,84320.8,84320.8,84181.8,84186.3,3710.0,111964.0,84447.296875,84255.25,27516.703125,192.046875,27708.75
1265,84182.0,84194.1,84034.7,84063.0,19380.0,111964.0,84442.1015625,84238.40625,27521.8984375,203.6953125,27725.59375
1266,84063.1,84101.4,84000.2,84000.2,12074.0,111964.0,84442.1015625,84221.15625,27521.8984375,220.9453125,27742.84375
1267,84000.0,84074.3,83904.3,83904.3,9397.0,111964.0,84442.1015625,84173.203125,27521.8984375,268.8984375,27790.796875
1268,83900.0,83929.4,83857.1,83916.3,8282.0,111964.0,84442.1015625,84149.6015625,27521.8984375,292.5,27814.3984375
1269,83933.1,83933.1,83883.7,83920.2,6761.0,111964.0,84404.5,84130.796875,27559.5,273.703125,27833.203125
1270,83919.3,84011.8,83919.3,84011.8,17995.0,111964.0,84366.1015625,84111.6015625,27597.8984375,254.5,27852.3984375
1271,84011.9,84094.0,84011.9,84092.7,4472.0,111964.0,84366.1015625,84111.6015625,27597.8984375,254.5,27852.3984375
1272,84092.6,84344.8,84090.7,84217.9,10984.0,111964.0,84366.1015625,84111.6015625,27597.8984375,254.5,27852.3984375
1273,84214.3,84214.3,84078.0,84117.3,6081.0,111964.0,84366.1015625,84111.6015625,27597.8984375,254.5,27852.3984375
1274,84121.5,84198.6,84121.5,84192.3,3944.0,111964.0,84366.1015625,84111.6015625,27597.8984375,254.5,27852.3984375
1275,84207.3,84212.4,84004.8,84004.8,13441.0,38379.0,84366.1015625,84111.6015625,45987.1015625,254.5,45732.6015625
1276,83992.1,83996.7,83929.0,83961.3,6353.0,27365.0,84366.1015625,84111.6015625,57001.1015625,254.5,56746.6015625
1277,83966.4,83971.6,83877.7,83931.0,4186.0,41793.0,84366.1015625,84111.6015625,42573.1015625,254.5,42318.6015625
1278,83914.8,83940.5,83848.1,83859.0,4120.0,43387.0,84366.1015625,84107.1015625,40979.1015625,259.0,40720.1015625
1279,83850.6,83892.0,83769.8,83826.0,7933.0,43387.0,84366.1015625,84067.953125,40979.1015625,298.1484375,40680.953125
1280,83822.0,83848.0,83750.0,83818.8,6358.0,43387.0,84366.1015625,84058.046875,40979.1015625,308.0546875,40671.046875
1281,83820.1,83849.7,83779.1,83828.8,7407.0,43387.0,84345.5,84047.75,40958.5,297.75,40660.75
1282,83828.6,83891.3,83780.3,83853.9,7302.0,43387.0,84345.5,84047.75,40958.5,297.75,40660.75
1283,83843.7,83866.5,83708.9,83713.4,5583.0,43387.0,84344.796875,84026.84375,40957.796875,317.953125,40639.84375
1284,83713.3,83713.3,83641.8,83693.4,6586.0,43387.0,84344.796875,83993.296875,40957.796875,351.5,40606.296875
1285,83700.0,83852.0,83700.0,83848.3,8200.0,43387.0,84344.796875,83993.296875,40957.796875,351.5,40606.296875
1286,83855.8,83905.9,83831.3,83862.8,3187.0,43387.0,84344.796875,83993.296875,40957.796875,351.5,40606.296875
1287,83872.8,83872.9,83650.6,83650.6,4158.0,43387.0,84344.796875,83993.296875,40957.796875,351.5,40606.296875
1288,83650.5,83652.1,83588.0,83647.7,5952.0,43387.0,84344.796875,83966.3984375,40957.796875,378.3984375,40579.3984375
1289,83645.7,83645.7,83500.1,83538.1,5771.0,43387.0,84344.796875,83922.453125,40957.796875,422.34375,40535.453125
1290,83535.1,83580.0,83469.8,83503.7,7573.0,43387.0,84344.796875,83907.296875,40957.796875,437.5,40520.296875
1291,83513.7,83580.8,83482.9,83560.0,4075.0,43387.0,84344.796875,83907.296875,40957.796875,437.5,40520.296875
1292,83558.1,83583.9,83455.7,83472.6,4779.0,43387.0,84214.296875,83835.0,40827.296875,379.296875,40448.0
1293,83475.7,83697.7,83460.8,83697.7,7239.0,43387.0,84212.3984375,83834.046875,40825.3984375,378.3515625,40447.046875
1294,83699.2,83728.7,83561.3,83568.8,3836.0,43387.0,84212.3984375,83834.046875,40825.3984375,378.3515625,40447.046875
1295,83575.0,83868.0,83575.0,83768.7,8085.0,43387.0,83996.703125,83726.203125,40609.703125,270.5,40339.203125
1296,83759.3,83801.6,83697.5,83736.2,8254.0,43387.0,83971.6015625,83713.65625,40584.6015625,257.9453125,40326.65625
1297,83733.7,83895.9,83695.4,83895.1,5175.0,43387.0,83940.5,83698.1015625,40553.5,242.3984375,40311.1015625
1298,83895.1,84172.5,83887.2,84172.5,15440.0,41546.0,84172.5,83814.1015625,42626.5,358.3984375,42268.1015625
1299,84172.5,84198.5,84014.1,84014.1,18881.0,41546.0,84198.5,83827.1015625,42652.5,371.3984375,42281.1015625
1300,83997.4,84091.5,83936.3,84091.5,5203.0,41546.0,84198.5,83827.1015625,42652.5,371.3984375,42281.1015625
1301,84094.7,84191.0,84042.3,84116.6,5684.0,41546.0,84198.5,83827.1015625,42652.5,371.3984375,42281.1015625
1302,84106.1,84192.9,84071.6,84071.6,3578.0,41546.0,84198.5,83827.1015625,42652.5,371.3984375,42281.1015625
1303,84067.3,84262.1,84000.0,84188.2,5813.0,41546.0,84262.1015625,83858.90625,42716.1015625,403.1953125,42312.90625
1304,84184.0,84268.3,84160.8,84247.8,6726.0,41546.0,84268.296875,83862.0,42722.296875,406.296875,42316.0
1305,84253.9,84347.9,84232.0,84289.8,12553.0,41546.0,84347.8984375,83901.796875,42801.8984375,446.1015625,42355.796875
1306,84291.0,84482.7,84288.8,84477.0,6928.0,41546.0,84482.703125,83969.203125,42936.703125,513.5,42423.203125
1307,84474.3,84572.8,84359.7,84463.5,12104.0,41546.0,84572.796875,84014.25,43026.796875,558.546875,42468.25
1308,84491.5,84593.8,84445.5,84593.8,5926.0,41546.0,84593.796875,84024.75,43047.796875,569.046875,42478.75
1309,84594.3,84657.3,84538.5,84556.0,6393.0,41546.0,84657.296875,84056.5,43111.296875,600.796875,42510.5
1310,84561.0,84644.8,84352.5,84355.3,17323.0,41546.0,84657.296875,84056.5,43111.296875,600.796875,42510.5
1311,84363.8,84549.6,84358.7,84520.5,3899.0,41546.0,84657.296875,84056.5,43111.296875,600.796875,42510.5
1312,84505.5,84545.4,84432.1,84432.1,5541.0,69414.0,84657.296875,84059.046875,15243.296875,598.25,14645.046875
1313,84428.9,84500.3,84385.7,84385.7,5566.0,69414.0,84657.296875,84109.296875,15243.296875,548.0,14695.296875
1314,84385.6,84501.2,84352.7,84491.3,7929.0,69414.0,84657.296875,84116.1484375,15243.296875,541.1484375,14702.1484375
1315,84491.4,84517.3,84240.4,84367.0,27198.0,69414.0,84657.296875,84176.34375,15243.296875,480.953125,14762.34375
1316,84371.1,84579.1,84371.1,84566.3,16838.0,69414.0,84657.296875,84176.34375,15243.296875,480.953125,14762.34375
1317,84566.3,84657.5,84500.1,84637.2,28911.0,69414.0,84657.5,84272.3515625,15243.5,385.1484375,14858.3515625
1318,84637.2,84641.0,84500.1,84533.7,4804.0,69414.0,84657.5,84296.8984375,15243.5,360.6015625,14882.8984375
1319,84531.4,84644.5,84385.1,84562.9,35778.0,69414.0,84657.5,84296.8984375,15243.5,360.6015625,14882.8984375
1320,84565.2,84628.1,84510.1,84607.1,9880.0,69414.0,84657.5,84328.75,15243.5,328.75,14914.75
1321,84624.0,84749.9,84624.0,84645.2,13423.0,69414.0,84749.8984375,84374.953125,15335.8984375,374.9453125,14960.953125
1322,84645.2,84691.3,84599.5,84624.6,6810.0,69414.0,84749.8984375,84374.953125,15335.8984375,374.9453125,14960.953125
1323,84623.4,84623.4,84466.6,84474.4,7868.0,69414.0,84749.8984375,84455.34375,15335.8984375,294.5546875,15041.34375
1324,84473.5,84506.1,84339.1,84506.1,8344.0,69414.0,84749.8984375,84490.953125,15335.8984375,258.9453125,15076.953125
1325,84501.9,84535.7,84425.5,84470.1,5125.0,69414.0,84749.8984375,84495.1484375,15335.8984375,254.75,15081.1484375
1326,84473.0,84624.4,84473.0,84570.9,5409.0,69414.0,84749.8984375,84495.1484375,15335.8984375,254.75,15081.1484375
1327,84573.3,84586.9,84510.2,84570.1,5718.0,69414.0,84749.8984375,84495.1484375,15335.8984375,254.75,15081.1484375
1328,84577.4,84577.4,84502.7,84553.3,5204.0,69414.0,84749.8984375,84495.1484375,15335.8984375,254.75,15081.1484375
1329,84557.5,84573.1,84470.5,84474.8,3454.0,69414.0,84749.8984375,84495.1484375,15335.8984375,254.75,15081.1484375
1330,84494.4,84595.0,84459.5,84595.0,3585.0,69414.0,84749.8984375,84495.1484375,15335.8984375,254.75,15081.1484375
1331,84595.0,84641.1,84520.0,84520.0,5515.0,69414.0,84749.8984375,84495.1484375,15335.8984375,254.75,15081.1484375
1332,84520.0,84540.0,84436.8,84531.9,2068.0,61016.0,84749.8984375,84495.1484375,23733.8984375,254.75,23479.1484375
1333,84528.5,84623.9,84528.5,84593.7,5397.0,61016.0,84749.8984375,84495.1484375,23733.8984375,254.75,23479.1484375
1334,84593.8,84623.9,84580.6,84607.0,2500.0,46923.0,84749.8984375,84495.1484375,37826.8984375,254.75,37572.1484375
1335,84602.0,84632.5,84525.2,84525.2,4342.0,31049.0,84749.8984375,84544.5,53700.8984375,205.3984375,53495.5
1336,84495.7,84515.5,84416.9,84435.8,6431.0,31049.0,84749.8984375,84544.5,53700.8984375,205.3984375,53495.5
1337,84437.8,84583.7,84433.5,84583.7,3990.0,31049.0,84749.8984375,84544.5,53700.8984375,205.3984375,53495.5
1338,84585.3,84629.4,84440.0,84440.0,3820.0,31049.0,84749.8984375,84544.5,53700.8984375,205.3984375,53495.5
1339,84434.2,84550.9,84434.2,84512.1,3444.0,62131.0,84749.8984375,84544.5,22618.8984375,205.3984375,22413.5
1340,84500.1,84700.0,84494.2,84683.0,7857.0,62131.0,84749.8984375,84544.5,22618.8984375,205.3984375,22413.5
1341,84682.9,84757.3,84664.2,84722.2,6431.0,62131.0,84757.296875,84548.203125,22626.296875,209.09375,22417.203125
1342,84732.9,84821.9,84731.4,84813.0,6394.0,62131.0,84821.8984375,84580.5,22690.8984375,241.3984375,22449.5
1343,84816.3,84884.7,84795.9,84873.6,6753.0,62131.0,84884.703125,84611.90625,22753.703125,272.796875,22480.90625
1344,84876.0,84882.6,84729.1,84737.6,5693.0,62131.0,84884.703125,84650.796875,22753.703125,233.90625,22519.796875
1345,84741.8,84950.0,84732.4,84931.7,23302.0,62131.0,84950.0,84683.453125,22819.0,266.546875,22552.453125
1346,84926.2,84950.0,84926.2,84930.6,3691.0,62131.0,84950.0,84683.453125,22819.0,266.546875,22552.453125
1347,84930.5,84976.9,84930.5,84946.3,2009.0,62131.0,84976.8984375,84696.8984375,22845.8984375,280.0,22565.8984375
1348,84946.2,84959.3,84922.1,84943.4,2789.0,62131.0,84976.8984375,84696.8984375,22845.8984375,280.0,22565.8984375
1349,84943.5,84987.6,84943.5,84951.5,3120.0,62131.0,84987.6015625,84702.25,22856.6015625,285.3515625,22571.25
1350,84951.6,84976.7,84937.7,84976.7,4769.0,62131.0,84987.6015625,84702.25,22856.6015625,285.3515625,22571.25
1351,84986.9,85033.2,84976.6,85021.0,3567.0,62131.0,85033.203125,84725.046875,22902.203125,308.15625,22594.046875
1352,85023.1,85095.1,84998.7,85054.4,7024.0,62131.0,85095.1015625,84756.0,22964.1015625,339.1015625,22625.0
1353,85060.0,85060.0,84988.0,84991.1,5809.0,62131.0,85095.1015625,84756.0,22964.1015625,339.1015625,22625.0
1354,84995.0,84995.0,84926.9,84981.1,6869.0,62131.0,85095.1015625,84756.0,22964.1015625,339.1015625,22625.0
1355,84986.9,85125.0,84986.9,85079.5,4883.0,62131.0,85125.0,84770.953125,22994.0,354.046875,22639.953125
1356,85078.9,85287.3,85078.9,85214.9,12182.0,62131.0,85287.296875,84860.3984375,23156.296875,426.8984375,22729.3984375
1357,85207.9,85207.9,85091.6,85125.2,5917.0,62131.0,85287.296875,84860.75,23156.296875,426.546875,22729.75
1358,85123.3,85191.3,85115.6,85191.3,3562.0,62131.0,85287.296875,84860.75,23156.296875,426.546875,22729.75
1359,85203.1,85266.4,85172.5,85266.3,7952.0,20538.0,85287.296875,84890.75,64749.296875,396.546875,64352.75
1360,85266.3,85335.9,85224.6,85314.8,4649.0,20538.0,85335.8984375,85000.046875,64797.8984375,335.8515625,64462.046875
1361,85314.7,85327.6,85257.9,85290.8,5677.0,20538.0,85335.8984375,85032.5,64797.8984375,303.3984375,64494.5
1362,85284.2,85385.0,85284.2,85349.3,4114.0,20538.0,85385.0,85057.046875,64847.0,327.953125,64519.046875
1363,85349.3,85349.4,85323.7,85337.2,2560.0,13563.0,85385.0,85057.046875,71822.0,327.953125,71494.046875
1364,85337.2,85337.2,85219.7,85247.9,5227.0,13563.0,85385.0,85058.703125,71822.0,326.296875,71495.703125
1365,85249.9,85259.9,85178.6,85204.9,5217.0,13563.0,85385.0,85153.546875,71822.0,231.453125,71590.546875
1366,85204.9,85235.3,85140.2,85140.2,4989.0,22793.0,85385.0,85153.546875,62592.0,231.453125,62360.546875
1367,85140.2,85235.6,85140.2,85232.7,4661.0,22793.0,85385.0,85153.546875,62592.0,231.453125,62360.546875
1368,85230.2,85332.6,85230.2,85308.8,3567.0,31444.0,85385.0,85155.953125,53941.0,229.046875,53711.953125
1369,85308.7,85325.6,85247.1,85272.4,7719.0,31444.0,85385.0,85155.953125,53941.0,229.046875,53711.953125
1370,85272.4,85299.3,85242.7,85271.8,3274.0,31444.0,85385.0,85155.953125,53941.0,229.046875,53711.953125
1371,85271.7,85385.0,85263.6,85385.0,9905.0,31444.0,85385.0,85155.953125,53941.0,229.046875,53711.953125
1372,85396.3,85402.3,85347.9,85376.7,7416.0,31444.0,85402.296875,85164.59375,53958.296875,237.703125,53720.59375
1373,85376.6,85376.6,85336.1,85336.1,2453.0,31444.0,85402.296875,85164.59375,53958.296875,237.703125,53720.59375
1374,85340.3,85340.3,85214.1,85227.1,3585.0,31444.0,85402.296875,85194.59375,53958.296875,207.703125,53750.59375
1375,85232.9,85265.0,85131.3,85150.6,4884.0,31444.0,85402.296875,85240.59375,53958.296875,161.703125,53796.59375
1376,85156.9,85264.9,85137.6,85233.7,4093.0,31444.0,85402.296875,85246.953125,53958.296875,155.34375,53802.953125
1377,85217.6,85250.2,85187.9,85187.9,3042.0,31444.0,85402.296875,85258.953125,53958.296875,143.34375,53814.953125
1378,85188.0,85219.6,85140.7,85146.9,5387.0,31444.0,85402.296875,85266.796875,53958.296875,135.5,53822.796875
1379,85147.0,85168.0,85123.9,85168.0,3676.0,31444.0,85402.296875,85263.09375,53958.296875,139.203125,53819.09375
1380,85173.0,85201.1,85145.5,85175.5,2938.0,31444.0,85402.296875,85263.09375,53958.296875,139.203125,53819.09375
1381,85175.4,85308.7,85175.4,85271.4,3374.0,31444.0,85402.296875,85263.09375,53958.296875,139.203125,53819.09375
1382,85275.7,85346.8,85275.7,85335.1,4547.0,31444.0,85402.296875,85263.09375,53958.296875,139.203125,53819.09375
1383,85331.1,85396.9,85307.4,85363.7,5691.0,31444.0,85402.296875,85263.09375,53958.296875,139.203125,53819.09375
1384,85363.6,85363.6,85312.6,85317.6,2770.0,31444.0,85402.296875,85263.09375,53958.296875,139.203125,53819.09375
1385,85312.7,85317.4,85182.3,85182.4,4293.0,31444.0,85402.296875,85263.09375,53958.296875,139.203125,53819.09375
1386,85182.3,85314.3,85164.8,85314.3,6325.0,31444.0,85402.296875,85263.09375,53958.296875,139.203125,53819.09375
1387,85318.0,85318.0,85226.7,85286.0,4384.0,31444.0,85402.296875,85263.09375,53958.296875,139.203125,53819.09375
1388,85277.4,85298.6,85251.3,85282.4,2589.0,33939.0,85402.296875,85263.09375,51463.296875,139.203125,51324.09375
1389,85280.3,85297.1,85264.1,85288.1,4552.0,33939.0,85402.296875,85263.09375,51463.296875,139.203125,51324.09375
1390,85288.0,85288.0,85264.0,85276.2,3669.0,33939.0,85402.296875,85263.09375,51463.296875,139.203125,51324.09375
1391,85272.0,85272.0,85151.5,85151.5,3295.0,33939.0,85402.296875,85263.09375,51463.296875,139.203125,51324.09375
1392,85151.5,85151.5,85096.9,85118.3,5627.0,33939.0,85396.8984375,85246.8984375,51457.8984375,150.0,51307.8984375
1393,85116.5,85162.1,85071.1,85146.1,12648.0,33939.0,85396.8984375,85234.0,51457.8984375,162.8984375,51295.0
1394,85146.1,85163.0,85140.2,85155.3,2485.0,33939.0,85396.8984375,85234.0,51457.8984375,162.8984375,51295.0
1395,85151.3,85174.3,85094.8,85128.9,11086.0,33939.0,85396.8984375,85234.0,51457.8984375,162.8984375,51295.0
1396,85123.5,85173.4,85108.4,85152.5,4074.0,33939.0,85396.8984375,85234.0,51457.8984375,162.8984375,51295.0
1397,85157.6,85200.0,85123.5,85194.5,3695.0,33939.0,85396.8984375,85234.0,51457.8984375,162.8984375,51295.0
1398,85184.5,85184.5,85100.1,85108.0,4026.0,33939.0,85396.8984375,85234.0,51457.8984375,162.8984375,51295.0
1399,85103.8,85173.6,85103.8,85126.0,5888.0,33939.0,85396.8984375,85234.0,51457.8984375,162.8984375,51295.0
1400,85122.7,85122.7,85080.0,85080.0,5181.0,33939.0,85396.8984375,85234.0,51457.8984375,162.8984375,51295.0
1401,85078.1,85119.0,85066.1,85083.9,5969.0,33939.0,85396.8984375,85231.5,51457.8984375,165.3984375,51292.5
1402,85083.9,85083.9,85000.1,85000.1,7568.0,33939.0,85396.8984375,85198.5,51457.8984375,198.3984375,51259.5
1403,85000.0,85000.0,84768.8,84771.3,17413.0,33939.0,85363.6015625,85066.203125,51424.6015625,297.3984375,51127.203125
1404,84778.5,84901.1,84759.3,84759.4,18648.0,33939.0,85318.0,85038.6484375,51379.0,279.3515625,51099.6484375
1405,84759.3,84817.5,84719.9,84794.5,17624.0,33939.0,85318.0,85018.953125,51379.0,299.046875,51079.953125
1406,84797.2,84886.7,84790.4,84886.7,5479.0,33939.0,85318.0,85018.953125,51379.0,299.046875,51079.953125
1407,84894.2,85004.6,84875.5,84946.0,4911.0,33939.0,85298.6015625,85009.25,51359.6015625,289.3515625,51070.25
1408,84940.0,84940.0,84840.2,84886.5,2696.0,12074.0,85297.1015625,85008.5,73223.1015625,288.6015625,72934.5
1409,84886.5,84920.4,84827.7,84827.7,2818.0,12074.0,85288.0,85003.953125,73214.0,284.046875,72929.953125
1410,84817.8,84817.8,84573.6,84573.6,10330.0,12074.0,85272.0,84922.796875,73198.0,349.203125,72848.796875
1411,84573.6,84623.7,84513.1,84548.0,4644.0,12074.0,85200.0,84856.546875,73126.0,343.453125,72782.546875
1412,84535.2,84575.2,84499.8,84537.8,6736.0,12074.0,85200.0,84849.8984375,73126.0,350.1015625,72775.8984375
1413,84545.2,84545.2,84415.2,84437.1,3132.0,12074.0,85200.0,84807.6015625,73126.0,392.3984375,72733.6015625
1414,84438.1,84441.4,84411.0,84431.5,8019.0,12074.0,85200.0,84805.5,73126.0,394.5,72731.5
1415,84431.5,84431.5,84329.5,84329.7,4837.0,16838.0,85200.0,84764.75,68362.0,435.25,67926.75
1416,84329.6,84573.8,84325.3,84543.5,4916.0,16838.0,85200.0,84762.6484375,68362.0,437.3515625,67924.6484375
1417,84543.5,84674.9,84491.1,84563.8,7479.0,16838.0,85184.5,84754.8984375,68346.5,429.6015625,67916.8984375
1418,84555.4,84580.1,84402.6,84417.6,5340.0,16838.0,85173.6015625,84749.453125,68335.6015625,424.1484375,67911.453125
1419,84426.5,84583.1,84420.1,84491.6,5714.0,16838.0,85122.703125,84724.0,68284.703125,398.703125,67886.0
1420,84489.1,84580.6,84489.1,84493.1,3700.0,16838.0,85119.0,84722.1484375,68281.0,396.8515625,67884.1484375
1421,84493.1,84512.0,84401.3,84492.6,2634.0,16838.0,85083.8984375,84704.59375,68245.8984375,379.3046875,67866.59375
1422,84473.6,84607.2,84473.6,84543.7,9077.0,16838.0,85004.6015625,84664.953125,68166.6015625,339.6484375,67826.953125
1423,84535.3,84594.5,84535.3,84573.6,3174.0,16838.0,85004.6015625,84664.953125,68166.6015625,339.6484375,67826.953125
1424,84568.0,84662.5,84558.3,84662.4,4561.0,16838.0,85004.6015625,84664.953125,68166.6015625,339.6484375,67826.953125
1425,84662.5,84971.1,84662.5,84875.6,23345.0,16838.0,85004.6015625,84664.953125,68166.6015625,339.6484375,67826.953125
1426,84873.3,84873.3,84697.5,84697.5,6030.0,16838.0,85004.6015625,84664.953125,68166.6015625,339.6484375,67826.953125
1427,84697.5,84697.5,84500.0,84500.0,5918.0,16838.0,84971.1015625,84648.203125,68133.1015625,322.8984375,67810.203125
1428,84500.0,84565.7,84439.7,84562.1,4697.0,16838.0,84971.1015625,84648.203125,68133.1015625,322.8984375,67810.203125
1429,84565.1,84598.8,84518.5,84570.2,2522.0,16838.0,84971.1015625,84648.203125,68133.1015625,322.8984375,67810.203125
1430,84579.0,84671.3,84562.1,84588.8,5727.0,16838.0,84971.1015625,84648.203125,68133.1015625,322.8984375,67810.203125
1431,84593.0,84593.0,84438.2,84500.6,5311.0,16838.0,84971.1015625,84648.203125,68133.1015625,322.8984375,67810.203125
1432,84504.8,84504.8,84356.0,84382.9,4358.0,16838.0,84971.1015625,84648.203125,68133.1015625,322.8984375,67810.203125
1433,84389.4,84476.9,84312.4,84476.9,7078.0,16838.0,84971.1015625,84641.75,68133.1015625,329.3515625,67803.75
1434,84477.0,84488.0,84382.9,84434.7,5544.0,16838.0,84971.1015625,84641.75,68133.1015625,329.3515625,67803.75
1435,84447.3,84447.3,84367.8,84444.3,4011.0,13423.0,84971.1015625,84641.75,71548.1015625,329.3515625,71218.75
1436,84444.3,84482.8,84433.5,84462.5,3019.0,12182.0,84971.1015625,84641.75,72789.1015625,329.3515625,72459.75
1437,84464.0,84523.8,84395.9,84404.6,4104.0,12182.0,84971.1015625,84641.75,72789.1015625,329.3515625,72459.75
1438,84407.5,84426.2,84308.9,84344.0,3211.0,12182.0,84971.1015625,84640.0,72789.1015625,331.1015625,72458.0
1439,84331.3,84382.0,84251.4,84285.8,8637.0,12182.0,84971.1015625,84611.25,72789.1015625,359.8515625,72429.25
