bar,open,high,low,close,volume,batched,isolated,cpu,abs_bi,abs_ic,abs_bc
0,88066.7,88174.6,88048.0,88155.1,5735.0,nan,nan,0.0,nan,nan,nan
1,88146.7,88160.1,88081.7,88081.7,4816.0,nan,nan,0.0,nan,nan,nan
2,88080.4,88080.4,87849.9,87850.0,10862.0,nan,nan,0.0,nan,nan,nan
3,87857.1,87944.5,87780.2,87930.1,15390.0,nan,nan,0.0,nan,nan,nan
4,87930.2,88039.6,87930.2,87991.6,4863.0,nan,nan,0.0,nan,nan,nan
5,87980.8,87980.8,87852.6,87856.9,2161.0,nan,87780.203125,1.0,nan,87779.203125,nan
6,87862.5,87869.1,87773.9,87797.8,3002.0,nan,nan,0.0,nan,nan,nan
7,87794.2,87794.2,87660.4,87672.7,7045.0,nan,nan,0.0,nan,nan,nan
8,87672.6,87704.8,87569.3,87664.0,6992.0,nan,nan,0.0,nan,nan,nan
9,87657.2,87718.7,87621.5,87639.1,4116.0,86901.296875,nan,0.0,nan,nan,86901.296875
10,87649.7,87726.9,87580.2,87580.2,5538.0,nan,87569.296875,1.0,nan,87568.296875,nan
11,87583.2,87604.9,87412.0,87430.1,7937.0,nan,nan,0.0,nan,nan,nan
12,87427.6,87504.4,87326.9,87504.4,28049.0,86747.703125,nan,0.0,nan,nan,86747.703125
13,87505.9,87647.8,87477.7,87600.8,5425.0,nan,nan,0.0,nan,nan,nan
14,87596.5,87649.2,87531.3,87564.6,5409.0,nan,87326.8984375,1.0,nan,87325.8984375,nan
15,87564.6,87669.2,87529.0,87648.0,5356.0,nan,nan,0.0,nan,nan,nan
16,87649.4,87731.5,87631.9,87721.9,8400.0,nan,nan,0.0,nan,nan,nan
17,87708.6,87759.6,87682.4,87759.6,6562.0,nan,nan,0.0,nan,nan,nan
18,87750.7,87750.7,87519.8,87519.8,4150.0,87078.5,nan,0.0,nan,nan,87078.5
19,87502.6,87590.1,87498.4,87562.6,3954.0,nan,nan,0.0,nan,nan,nan
20,87566.9,87578.4,87328.7,87343.5,11941.0,nan,nan,0.0,nan,nan,nan
21,87343.4,87344.0,87227.3,87256.3,12379.0,nan,nan,0.0,nan,nan,nan
22,87252.7,87420.8,87252.7,87392.1,3767.0,nan,nan,0.0,nan,nan,nan
23,87392.1,87404.4,87287.0,87371.4,6300.0,nan,87227.296875,1.0,nan,87226.296875,nan
24,87372.5,87475.6,87339.6,87471.7,3668.0,nan,nan,0.0,nan,nan,nan
25,87471.1,87484.4,87403.9,87439.2,2831.0,87323.3984375,nan,0.0,nan,nan,87323.3984375
26,87436.2,87436.2,87315.9,87370.4,3545.0,nan,nan,0.0,nan,nan,nan
27,87363.6,87377.7,87303.3,87303.3,4063.0,nan,nan,0.0,nan,nan,nan
28,87303.2,87318.1,87204.0,87204.0,3420.0,nan,nan,0.0,nan,nan,nan
29,87200.9,87280.4,87200.9,87257.5,3839.0,nan,nan,0.0,nan,nan,nan
30,87263.5,87278.8,87211.2,87226.8,13526.0,87049.1015625,nan,0.0,nan,nan,87049.1015625
31,87226.1,87258.0,87206.6,87206.6,2066.0,nan,87200.8984375,1.0,nan,87199.8984375,nan
32,87205.6,87205.6,87154.6,87173.2,5683.0,nan,nan,0.0,nan,nan,nan
33,87173.3,87298.7,87173.3,87286.8,7188.0,87023.296875,nan,0.0,nan,nan,87023.296875
34,87283.7,87286.9,87182.4,87186.8,7126.0,nan,87154.6015625,1.0,nan,87153.6015625,nan
35,87183.8,87183.8,87080.0,87080.0,7382.0,nan,nan,0.0,nan,nan,nan
36,87080.0,87113.9,86878.6,86895.9,34739.0,nan,nan,0.0,nan,nan,nan
37,86901.3,86939.1,86776.4,86781.0,17855.0,nan,nan,0.0,nan,nan,nan
38,86790.1,86895.4,86767.0,86877.6,13092.0,nan,nan,0.0,nan,nan,nan
39,86877.7,86894.4,86752.5,86799.2,5481.0,nan,nan,0.0,nan,nan,nan
40,86806.7,86985.6,86797.5,86985.6,5524.0,nan,nan,0.0,nan,nan,nan
41,86985.6,87091.2,86985.6,87037.7,6819.0,86535.8984375,86752.5,1.0,216.6015625,86751.5,86534.8984375
42,87042.2,87085.2,87006.2,87022.0,9574.0,nan,nan,0.0,nan,nan,nan
43,87016.0,87059.1,86992.0,87055.7,4562.0,nan,nan,0.0,nan,nan,nan
44,87037.1,87118.4,87034.5,87034.5,4385.0,nan,nan,0.0,nan,nan,nan
45,87034.0,87079.4,86918.0,86918.1,5614.0,nan,nan,0.0,nan,nan,nan
46,86922.3,86999.7,86852.1,86965.0,3934.0,nan,nan,0.0,nan,nan,nan
47,86973.7,87026.1,86973.7,87022.1,3649.0,nan,nan,0.0,nan,nan,nan
48,87024.4,87024.4,86888.0,86937.6,4724.0,nan,86852.1015625,1.0,nan,86851.1015625,nan
49,86937.7,86946.2,86784.8,86834.6,8186.0,85624.6015625,nan,0.0,nan,nan,85624.6015625
50,86834.1,86875.0,86816.4,86816.4,3229.0,nan,nan,0.0,nan,nan,nan
51,86811.0,86811.0,86736.8,86747.7,8672.0,nan,nan,0.0,nan,nan,nan
52,86747.7,86754.9,86632.4,86663.7,10621.0,nan,nan,0.0,nan,nan,nan
53,86662.6,86733.1,86656.0,86711.6,5251.0,nan,nan,0.0,nan,nan,nan
54,86713.4,86797.0,86694.8,86776.0,8816.0,nan,86632.3984375,1.0,nan,86631.3984375,nan
55,86771.9,86843.4,86754.9,86843.1,8289.0,85533.0,nan,0.0,nan,nan,85533.0
56,86839.4,86843.2,86788.6,86793.6,4040.0,nan,nan,0.0,nan,nan,nan
57,86791.6,86810.2,86771.6,86771.6,1637.0,nan,nan,0.0,nan,nan,nan
58,86771.7,86775.9,86561.1,86561.5,18764.0,nan,nan,0.0,nan,nan,nan
59,86561.1,86653.2,86547.3,86632.5,11099.0,nan,nan,0.0,nan,nan,nan
60,86623.2,86749.9,86578.5,86691.8,11360.0,nan,nan,0.0,nan,nan,nan
61,86692.1,86807.3,86674.1,86777.2,4944.0,nan,86547.296875,1.0,nan,86546.296875,nan
62,86777.1,86912.6,86772.8,86888.4,31143.0,nan,nan,0.0,nan,nan,nan
63,86890.1,86910.7,86847.2,86877.6,6761.0,nan,nan,0.0,nan,nan,nan
64,86880.8,86880.8,86707.1,86707.1,6576.0,nan,nan,0.0,nan,nan,nan
65,86703.9,87030.3,86664.3,87004.3,7093.0,nan,nan,0.0,nan,nan,nan
66,87003.4,87029.3,86934.7,86960.8,9135.0,85661.1015625,nan,0.0,nan,nan,85661.1015625
67,86961.3,87031.1,86961.3,87016.8,6887.0,nan,86664.296875,1.0,nan,86663.296875,nan
68,87018.6,87098.9,86982.8,87042.9,4779.0,nan,nan,0.0,nan,nan,nan
69,87042.8,87089.4,86993.0,87040.7,3567.0,nan,nan,0.0,nan,nan,nan
70,87052.8,87151.8,87042.7,87146.3,5135.0,85553.0,nan,0.0,nan,nan,85553.0
71,87136.8,87202.0,87082.7,87141.6,9808.0,nan,nan,0.0,nan,nan,nan
72,87141.5,87171.3,87077.6,87103.5,9815.0,nan,nan,0.0,nan,nan,nan
73,87120.2,87156.4,87092.1,87139.0,6378.0,nan,nan,0.0,nan,nan,nan
74,87127.1,87285.6,87127.1,87285.6,10418.0,nan,nan,0.0,nan,nan,nan
75,87286.3,87347.0,87230.6,87262.4,6640.0,nan,nan,0.0,nan,nan,nan
76,87267.2,87304.4,87227.4,87265.9,7803.0,nan,nan,0.0,nan,nan,nan
77,87258.1,87397.0,87246.9,87381.6,5966.0,nan,nan,0.0,nan,nan,nan
78,87379.2,87416.2,87350.2,87382.5,8104.0,nan,nan,0.0,nan,nan,nan
79,87385.3,87385.3,87203.1,87206.5,8375.0,nan,nan,0.0,nan,nan,nan
80,87197.9,87269.5,87184.0,87255.9,5466.0,nan,nan,0.0,nan,nan,nan
81,87257.0,87259.1,87077.1,87085.8,11182.0,nan,nan,0.0,nan,nan,nan
82,87078.5,87191.7,87067.9,87178.3,8493.0,85926.0,nan,0.0,nan,nan,85926.0
83,87179.5,87211.0,87081.9,87101.3,4100.0,nan,nan,0.0,nan,nan,nan
84,87101.5,87165.0,87084.1,87164.6,4103.0,nan,87067.8984375,1.0,nan,87066.8984375,nan
85,87159.0,87263.8,87159.0,87263.8,7991.0,nan,nan,0.0,nan,nan,nan
86,87263.8,87364.8,87257.3,87257.3,12821.0,nan,nan,0.0,nan,nan,nan
87,87254.8,87272.0,87194.2,87201.1,4852.0,nan,nan,0.0,nan,nan,nan
88,87196.9,87344.5,87196.1,87273.3,9019.0,nan,nan,0.0,nan,nan,nan
89,87273.3,87299.0,87234.8,87282.5,4458.0,nan,nan,0.0,nan,nan,nan
90,87282.4,87294.7,87186.6,87234.4,13604.0,nan,nan,0.0,nan,nan,nan
91,87234.5,87344.6,87234.5,87254.1,5698.0,nan,nan,0.0,nan,nan,nan
92,87254.0,87260.8,87090.8,87090.8,4446.0,nan,nan,0.0,nan,nan,nan
93,87088.6,87156.5,87058.1,87150.2,4771.0,nan,nan,0.0,nan,nan,nan
94,87146.9,87224.5,87120.0,87136.1,7039.0,nan,nan,0.0,nan,nan,nan
95,87147.1,87212.5,87021.3,87200.3,6592.0,nan,nan,0.0,nan,nan,nan
96,87208.9,87303.3,87188.9,87287.3,7835.0,nan,nan,0.0,nan,nan,nan
97,87292.2,87397.9,87289.2,87386.0,6161.0,85586.0,87021.296875,1.0,1435.296875,87020.296875,85585.0
98,87393.5,87497.2,87393.5,87484.7,9223.0,nan,nan,0.0,nan,nan,nan
99,87479.7,87499.9,87346.1,87346.1,5379.0,nan,nan,0.0,nan,nan,nan
100,87346.2,87399.9,87346.2,87374.0,3442.0,nan,nan,0.0,nan,nan,nan
101,87368.5,87480.9,87358.2,87448.0,4521.0,nan,nan,0.0,nan,nan,nan
102,87444.3,87446.4,87365.9,87396.3,4579.0,nan,nan,0.0,nan,nan,nan
103,87418.0,87425.2,87303.7,87303.7,4357.0,nan,nan,0.0,nan,nan,nan
104,87298.5,87299.3,87195.9,87228.9,6647.0,nan,nan,0.0,nan,nan,nan
105,87225.0,87274.1,87190.0,87274.1,6185.0,83492.296875,nan,0.0,nan,nan,83492.296875
106,87269.8,87339.4,87262.9,87336.5,2842.0,nan,nan,0.0,nan,nan,nan
107,87332.8,87389.0,87309.1,87343.0,3113.0,nan,87190.0,1.0,nan,87189.0,nan
108,87343.0,87361.8,87296.6,87357.5,5787.0,nan,nan,0.0,nan,nan,nan
109,87367.3,87367.3,87300.2,87324.3,2920.0,nan,nan,0.0,nan,nan,nan
110,87324.1,87420.1,87299.5,87391.6,3281.0,84071.3984375,nan,0.0,nan,nan,84071.3984375
111,87387.3,87426.6,87367.6,87367.6,3299.0,nan,nan,0.0,nan,nan,nan
112,87370.5,87434.3,87366.8,87434.3,5919.0,nan,nan,0.0,nan,nan,nan
113,87441.1,87441.1,87327.1,87348.1,4270.0,nan,nan,0.0,nan,nan,nan
114,87348.0,87402.0,87325.2,87387.7,2276.0,nan,nan,0.0,nan,nan,nan
115,87379.9,87435.9,87357.2,87418.0,3605.0,nan,nan,0.0,nan,nan,nan
116,87412.0,87412.0,87284.7,87319.5,3262.0,nan,nan,0.0,nan,nan,nan
117,87323.4,87333.8,87269.7,87269.7,3139.0,nan,nan,0.0,nan,nan,nan
118,87268.0,87268.0,87192.3,87228.9,4089.0,nan,nan,0.0,nan,nan,nan
119,87233.8,87283.9,87226.1,87283.9,1985.0,nan,nan,0.0,nan,nan,nan
120,87283.9,87334.5,87282.3,87327.1,2113.0,83691.796875,87192.296875,1.0,3500.5,87191.296875,83690.796875
121,87327.1,87342.2,87293.3,87342.2,2732.0,nan,nan,0.0,nan,nan,nan
122,87346.3,87440.5,87267.0,87267.0,4450.0,nan,nan,0.0,nan,nan,nan
123,87267.0,87291.5,87154.6,87233.4,12040.0,nan,nan,0.0,nan,nan,nan
124,87229.9,87343.2,87223.0,87322.4,6250.0,nan,nan,0.0,nan,nan,nan
125,87321.5,87395.6,87312.0,87383.6,3558.0,nan,87154.6015625,1.0,nan,87153.6015625,nan
126,87388.6,87466.1,87370.7,87449.7,5254.0,nan,nan,0.0,nan,nan,nan
127,87450.7,87466.7,87295.4,87343.6,16226.0,nan,nan,0.0,nan,nan,nan
128,87356.8,87381.6,87285.9,87330.1,8568.0,nan,nan,0.0,nan,nan,nan
129,87339.4,87339.4,87218.9,87218.9,4133.0,nan,nan,0.0,nan,nan,nan
130,87202.4,87283.3,87168.3,87237.2,3723.0,nan,nan,0.0,nan,nan,nan
131,87239.7,87262.3,87175.9,87235.0,3241.0,nan,nan,0.0,nan,nan,nan
132,87247.9,87259.9,87183.5,87198.4,4240.0,nan,87168.296875,1.0,nan,87167.296875,nan
133,87205.2,87233.0,87176.7,87185.5,1926.0,nan,nan,0.0,nan,nan,nan
134,87182.6,87182.6,87080.3,87157.2,6053.0,nan,nan,0.0,nan,nan,nan
135,87147.5,87234.0,87147.5,87233.0,3708.0,82058.6015625,nan,0.0,nan,nan,82058.6015625
136,87229.2,87275.8,87143.6,87155.3,7892.0,nan,87080.296875,1.0,nan,87079.296875,nan
137,87155.4,87198.1,87005.4,87017.6,15190.0,nan,nan,0.0,nan,nan,nan
138,87018.5,87075.7,87005.2,87075.7,9681.0,nan,nan,0.0,nan,nan,nan
139,87068.2,87068.2,86884.7,86918.4,9446.0,nan,nan,0.0,nan,nan,nan
140,86923.9,86925.9,86830.4,86912.9,6178.0,nan,nan,0.0,nan,nan,nan
141,86915.6,87056.8,86915.6,87049.1,8672.0,nan,nan,0.0,nan,nan,nan
142,87049.1,87251.5,87049.1,87242.7,7613.0,nan,86830.3984375,1.0,nan,86829.3984375,nan
143,87227.2,87331.2,87227.2,87306.4,14326.0,82459.8984375,nan,0.0,nan,nan,82459.8984375
144,87306.3,87306.3,87113.3,87159.9,50306.0,nan,nan,0.0,nan,nan,nan
145,87164.3,87203.0,87143.6,87181.7,14310.0,nan,nan,0.0,nan,nan,nan
146,87183.5,87394.7,87183.5,87356.0,7122.0,nan,nan,0.0,nan,nan,nan
147,87368.6,87397.5,87249.7,87268.0,3750.0,nan,nan,0.0,nan,nan,nan
148,87266.5,87266.5,87183.7,87217.1,3825.0,nan,nan,0.0,nan,nan,nan
149,87200.8,87325.8,87200.8,87286.3,5999.0,nan,nan,0.0,nan,nan,nan
150,87278.5,87324.1,87270.8,87315.4,3828.0,nan,nan,0.0,nan,nan,nan
151,87315.5,87327.8,87211.1,87211.1,2126.0,nan,nan,0.0,nan,nan,nan
152,87207.4,87207.4,87079.5,87094.4,6031.0,nan,nan,0.0,nan,nan,nan
153,87111.9,87161.5,87092.5,87128.8,4104.0,nan,nan,0.0,nan,nan,nan
154,87116.6,87131.4,87081.3,87081.3,2055.0,nan,87079.5,1.0,nan,87078.5,nan
155,87080.0,87080.0,86926.0,86933.7,4617.0,nan,nan,0.0,nan,nan,nan
156,86946.5,87017.3,86910.8,87017.3,4854.0,nan,nan,0.0,nan,nan,nan
157,87023.3,87069.6,86971.3,87004.0,3525.0,nan,nan,0.0,nan,nan,nan
158,87004.9,87153.3,87004.9,87103.2,7838.0,nan,86910.796875,1.0,nan,86909.796875,nan
159,87098.0,87153.9,87067.0,87098.1,2920.0,nan,nan,0.0,nan,nan,nan
160,87101.9,87141.3,87089.1,87089.1,6354.0,nan,nan,0.0,nan,nan,nan
161,87088.1,87152.0,87075.8,87148.2,2718.0,nan,nan,0.0,nan,nan,nan
162,87148.2,87220.1,87142.5,87220.1,3075.0,nan,nan,0.0,nan,nan,nan
163,87226.1,87260.8,87217.8,87243.1,2324.0,81132.6015625,nan,0.0,nan,nan,81132.6015625
164,87250.2,87250.2,87197.9,87236.4,2364.0,nan,nan,0.0,nan,nan,nan
165,87239.3,87340.2,87231.4,87340.1,3636.0,nan,nan,0.0,nan,nan,nan
166,87331.3,87331.3,87163.4,87212.3,16197.0,nan,nan,0.0,nan,nan,nan
167,87209.9,87275.8,87209.9,87275.7,6730.0,nan,nan,0.0,nan,nan,nan
168,87266.9,87281.3,87238.0,87241.9,3204.0,nan,87163.3984375,1.0,nan,87162.3984375,nan
169,87240.0,87266.2,87151.5,87151.5,3662.0,nan,nan,0.0,nan,nan,nan
170,87144.2,87230.2,87144.2,87230.2,2223.0,83156.6015625,nan,0.0,nan,nan,83156.6015625
171,87221.2,87257.5,87178.1,87211.1,3237.0,nan,nan,0.0,nan,nan,nan
172,87215.6,87223.3,87083.0,87083.0,6893.0,nan,nan,0.0,nan,nan,nan
173,87081.0,87085.5,86996.2,87006.1,7449.0,nan,nan,0.0,nan,nan,nan
174,87003.5,87043.2,87003.5,87043.1,6087.0,nan,nan,0.0,nan,nan,nan
175,87048.4,87072.2,87023.0,87055.9,3957.0,nan,86996.203125,1.0,nan,86995.203125,nan
176,87062.6,87110.1,87036.0,87042.7,3693.0,83564.5,nan,0.0,nan,nan,83564.5
177,87048.3,87113.2,87048.3,87113.2,3309.0,nan,nan,0.0,nan,nan,nan
178,87113.2,87170.8,87084.3,87104.6,2723.0,nan,nan,0.0,nan,nan,nan
179,87104.6,87104.6,87035.5,87052.0,4439.0,nan,nan,0.0,nan,nan,nan
180,87046.0,87068.7,87030.2,87033.0,1778.0,nan,nan,0.0,nan,nan,nan
181,87034.8,87046.3,87000.5,87004.0,2719.0,nan,nan,0.0,nan,nan,nan
182,87001.9,87003.2,86893.3,86893.3,8052.0,83878.0,nan,0.0,nan,nan,83878.0
183,86893.3,86991.3,86885.6,86970.4,5381.0,nan,nan,0.0,nan,nan,nan
184,86976.8,86988.5,86935.2,86935.2,6084.0,nan,nan,0.0,nan,nan,nan
185,86935.1,86936.0,86728.6,86737.0,15394.0,nan,nan,0.0,nan,nan,nan
186,86737.0,86809.0,86600.0,86688.9,33820.0,nan,nan,0.0,nan,nan,nan
187,86691.1,86839.5,86691.1,86833.1,5536.0,83608.203125,nan,0.0,nan,nan,83608.203125
188,86830.6,86913.0,86830.6,86846.2,7789.0,nan,86600.0,1.0,nan,86599.0,nan
189,86839.2,86842.7,86651.1,86659.8,12443.0,nan,nan,0.0,nan,nan,nan
190,86672.6,86716.7,86653.2,86716.7,4318.0,nan,nan,0.0,nan,nan,nan
191,86721.4,86721.4,86618.2,86643.8,3803.0,84434.8984375,nan,0.0,nan,nan,84434.8984375
192,86646.7,86660.6,86403.9,86496.2,24834.0,nan,nan,0.0,nan,nan,nan
193,86500.8,86584.7,86418.7,86453.0,17044.0,nan,nan,0.0,nan,nan,nan
194,86455.9,86497.4,86401.9,86444.9,7346.0,nan,nan,0.0,nan,nan,nan
195,86440.1,86555.3,86408.2,86526.5,4643.0,nan,nan,0.0,nan,nan,nan
196,86526.5,86618.0,86492.5,86541.7,8116.0,nan,86401.8984375,1.0,nan,86400.8984375,nan
197,86535.9,86535.9,86402.0,86402.1,4754.0,nan,nan,0.0,nan,nan,nan
198,86410.8,86438.8,86176.2,86180.7,17726.0,83803.3984375,nan,0.0,nan,nan,83803.3984375
199,86180.7,86411.4,86180.7,86403.0,18165.0,nan,nan,0.0,nan,nan,nan
200,86403.7,86516.5,86308.2,86516.5,9042.0,nan,86176.203125,1.0,nan,86175.203125,nan
201,86520.8,86776.4,86520.8,86756.3,28362.0,nan,nan,0.0,nan,nan,nan
202,86747.8,86747.8,86580.5,86610.5,10924.0,82972.203125,nan,0.0,nan,nan,82972.203125
203,86610.4,86780.8,86590.9,86748.0,15765.0,nan,nan,0.0,nan,nan,nan
204,86748.0,86786.9,86667.8,86706.6,4021.0,nan,nan,0.0,nan,nan,nan
205,86703.3,86798.4,86669.7,86731.1,5333.0,nan,nan,0.0,nan,nan,nan
206,86722.3,86722.3,86635.2,86676.4,11247.0,nan,nan,0.0,nan,nan,nan
207,86694.1,86698.7,86556.8,86579.7,4820.0,82490.703125,nan,0.0,nan,nan,82490.703125
208,86571.2,86596.5,86552.1,86578.7,3897.0,nan,nan,0.0,nan,nan,nan
209,86574.5,86660.9,86495.6,86495.6,9383.0,nan,nan,0.0,nan,nan,nan
210,86495.8,86508.7,86253.3,86398.1,9546.0,nan,nan,0.0,nan,nan,nan
211,86398.1,86542.0,86398.1,86528.6,8732.0,nan,nan,0.0,nan,nan,nan
212,86531.9,86568.2,86352.6,86352.8,9250.0,83052.3984375,86253.296875,1.0,3200.8984375,86252.296875,83051.3984375
213,86377.2,86444.9,86317.1,86433.1,8618.0,nan,nan,0.0,nan,nan,nan
214,86428.1,86534.8,86383.7,86524.9,4693.0,nan,nan,0.0,nan,nan,nan
215,86525.0,86670.4,86509.6,86589.1,7676.0,83379.703125,86317.1015625,1.0,2937.3984375,86316.1015625,83378.703125
216,86578.0,86640.7,86530.3,86562.6,5424.0,nan,nan,0.0,nan,nan,nan
217,86559.3,86609.8,86391.6,86395.6,13155.0,nan,nan,0.0,nan,nan,nan
218,86404.0,86468.1,86379.2,86466.4,3063.0,nan,nan,0.0,nan,nan,nan
219,86466.4,86488.8,86301.9,86347.8,9455.0,nan,nan,0.0,nan,nan,nan
220,86357.6,86492.7,86353.3,86484.3,4486.0,nan,nan,0.0,nan,nan,nan
221,86475.5,86483.5,86409.6,86432.5,7786.0,nan,86301.8984375,1.0,nan,86300.8984375,nan
222,86432.5,86488.2,86357.0,86447.1,5794.0,85063.5,nan,0.0,nan,nan,85063.5
223,86438.5,86438.5,86282.0,86331.4,7853.0,nan,nan,0.0,nan,nan,nan
224,86328.9,86352.0,85852.6,85882.9,137327.0,nan,nan,0.0,nan,nan,nan
225,85887.1,86099.9,85852.2,86006.9,21941.0,nan,nan,0.0,nan,nan,nan
226,86007.0,86190.6,86007.0,86186.3,11137.0,nan,nan,0.0,nan,nan,nan
227,86187.5,86250.8,86051.9,86138.2,10003.0,nan,85852.203125,1.0,nan,85851.203125,nan
228,86153.7,86259.6,86135.6,86209.9,8193.0,nan,nan,0.0,nan,nan,nan
229,86209.9,86234.3,86131.4,86162.9,4426.0,nan,nan,0.0,nan,nan,nan
230,86167.4,86250.8,86140.2,86152.9,9285.0,nan,nan,0.0,nan,nan,nan
231,86169.3,86169.3,85990.9,86043.0,9036.0,nan,nan,0.0,nan,nan,nan
232,86033.5,86036.6,85656.5,85703.8,56064.0,nan,nan,0.0,nan,nan,nan
233,85703.9,85852.2,85703.9,85767.8,27207.0,nan,nan,0.0,nan,nan,nan
234,85762.0,85850.4,85727.8,85815.1,7963.0,83584.8984375,85656.5,1.0,2071.6015625,85655.5,83583.8984375
235,85832.0,85832.0,85600.1,85702.0,20876.0,nan,nan,0.0,nan,nan,nan
236,85701.9,85803.3,85600.1,85627.9,31337.0,nan,nan,0.0,nan,nan,nan
237,85624.6,85683.4,85558.8,85574.3,29383.0,nan,nan,0.0,nan,nan,nan
238,85574.0,85631.1,85473.9,85502.9,21038.0,nan,nan,0.0,nan,nan,nan
239,85529.6,85593.1,85345.5,85439.8,37207.0,nan,nan,0.0,nan,nan,nan
240,85439.7,85659.3,85427.1,85647.1,10836.0,nan,nan,0.0,nan,nan,nan
241,85625.5,85680.6,85510.3,85680.6,6731.0,nan,85345.5,1.0,nan,85344.5,nan
242,85680.5,85680.9,85575.1,85613.4,6608.0,84432.6015625,nan,0.0,nan,nan,84432.6015625
243,85626.1,85699.9,85549.1,85575.0,10137.0,nan,nan,0.0,nan,nan,nan
244,85598.0,85715.5,85572.4,85672.9,7328.0,nan,nan,0.0,nan,nan,nan
245,85673.0,85999.4,85673.0,85932.5,15574.0,nan,nan,0.0,nan,nan,nan
246,85934.9,86054.4,85926.3,85992.9,11959.0,nan,nan,0.0,nan,nan,nan
247,86000.8,86040.4,85902.2,85936.9,8689.0,nan,nan,0.0,nan,nan,nan
248,85937.8,86035.6,85926.0,86014.1,10299.0,nan,nan,0.0,nan,nan,nan
249,86025.2,86025.2,85833.7,85839.4,5731.0,nan,nan,0.0,nan,nan,nan
250,85839.5,85941.5,85839.4,85930.4,4302.0,nan,nan,0.0,nan,nan,nan
251,85921.9,85930.2,85830.6,85879.7,6486.0,nan,nan,0.0,nan,nan,nan
252,85896.6,85930.0,85835.3,85912.9,4643.0,84250.1015625,nan,0.0,nan,nan,84250.1015625
253,85912.0,85912.0,85813.0,85827.0,2945.0,nan,nan,0.0,nan,nan,nan
254,85829.2,85829.2,85720.1,85774.1,4394.0,nan,nan,0.0,nan,nan,nan
255,85783.3,85943.9,85783.3,85942.9,5970.0,nan,nan,0.0,nan,nan,nan
256,85925.4,85974.4,85701.9,85718.3,10857.0,nan,nan,0.0,nan,nan,nan
257,85718.3,85718.7,85533.6,85565.1,10773.0,nan,nan,0.0,nan,nan,nan
258,85565.1,85646.5,85544.6,85624.6,4371.0,nan,nan,0.0,nan,nan,nan
259,85624.7,85642.1,85466.0,85526.5,10898.0,nan,nan,0.0,nan,nan,nan
260,85510.1,85640.6,85480.2,85621.2,6778.0,83558.1015625,nan,0.0,nan,nan,83558.1015625
261,85621.2,85773.2,85621.2,85727.2,7407.0,nan,85466.0,1.0,nan,85465.0,nan
262,85729.2,85785.5,85703.8,85785.5,9769.0,nan,nan,0.0,nan,nan,nan
263,85785.6,85804.4,85650.4,85658.2,8415.0,nan,nan,0.0,nan,nan,nan
264,85657.3,85657.3,85495.8,85533.1,4775.0,nan,nan,0.0,nan,nan,nan
265,85534.1,85579.5,85432.9,85462.1,9237.0,nan,nan,0.0,nan,nan,nan
266,85469.8,85567.3,85445.9,85535.4,10767.0,nan,nan,0.0,nan,nan,nan
267,85533.0,85579.6,85487.1,85487.2,2838.0,nan,85432.8984375,1.0,nan,85431.8984375,nan
268,85481.1,85625.0,85474.8,85612.1,6635.0,nan,nan,0.0,nan,nan,nan
269,85604.5,85711.2,85604.5,85687.9,6297.0,84437.796875,nan,0.0,nan,nan,84437.796875
270,85687.5,85792.8,85609.7,85792.8,6186.0,nan,nan,0.0,nan,nan,nan
271,85800.0,85853.5,85674.6,85701.6,7363.0,nan,nan,0.0,nan,nan,nan
272,85704.4,85796.4,85675.8,85759.0,4660.0,nan,nan,0.0,nan,nan,nan
273,85759.1,85772.3,85654.9,85654.9,4528.0,nan,nan,0.0,nan,nan,nan
274,85663.4,85663.4,85579.3,85613.0,4202.0,nan,nan,0.0,nan,nan,nan
275,85617.9,85650.0,85577.4,85630.5,2748.0,85140.203125,nan,0.0,nan,nan,85140.203125
276,85642.8,85944.7,85642.2,85944.6,6701.0,nan,nan,0.0,nan,nan,nan
277,85933.7,85994.8,85778.8,85800.3,9326.0,nan,85577.3984375,1.0,nan,85576.3984375,nan
278,85794.2,85898.8,85778.1,85867.2,8023.0,nan,nan,0.0,nan,nan,nan
279,85855.5,85914.1,85800.5,85871.9,6588.0,nan,nan,0.0,nan,nan,nan
280,85866.2,86031.3,85852.7,85988.0,11707.0,nan,nan,0.0,nan,nan,nan
281,85988.0,86090.0,85977.8,86068.3,5521.0,nan,nan,0.0,nan,nan,nan
282,86062.7,86078.8,86009.1,86047.9,4429.0,nan,nan,0.0,nan,nan,nan
283,86058.4,86129.3,86037.8,86071.8,4974.0,nan,nan,0.0,nan,nan,nan
284,86067.5,86108.6,86045.0,86058.0,3915.0,nan,nan,0.0,nan,nan,nan
285,86058.0,86125.1,86053.1,86063.0,4532.0,nan,nan,0.0,nan,nan,nan
286,86062.2,86062.2,85998.7,85998.7,2655.0,84473.6015625,nan,0.0,nan,nan,84473.6015625
287,85999.1,86071.6,85999.0,86045.6,4464.0,nan,nan,0.0,nan,nan,nan
288,86053.5,86057.0,85921.6,85951.1,5981.0,nan,nan,0.0,nan,nan,nan
289,85957.7,85994.0,85936.4,85974.5,3532.0,84464.0,nan,0.0,nan,nan,84464.0
290,85967.0,85997.2,85936.1,85997.2,6763.0,nan,85921.6015625,1.0,nan,85920.6015625,nan
291,85997.2,86001.5,85941.1,85958.6,3057.0,nan,nan,0.0,nan,nan,nan
292,85971.0,86022.3,85971.0,85995.9,4989.0,nan,nan,0.0,nan,nan,nan
293,85983.3,85996.5,85935.9,85962.2,5489.0,nan,nan,0.0,nan,nan,nan
294,85966.3,85986.7,85891.4,85922.4,8574.0,nan,nan,0.0,nan,nan,nan
295,85918.2,85984.1,85918.2,85975.6,6319.0,nan,nan,0.0,nan,nan,nan
296,85962.7,85986.5,85945.6,85961.5,4096.0,nan,85891.3984375,1.0,nan,85890.3984375,nan
297,85962.6,86028.1,85961.3,86020.9,4533.0,86939.1015625,nan,0.0,nan,nan,86939.1015625
298,86019.2,86020.8,85968.5,85968.5,2496.0,nan,nan,0.0,nan,nan,nan
299,85964.2,85964.2,85817.3,85832.3,3535.0,nan,nan,0.0,nan,nan,nan
300,85817.3,85865.2,85798.6,85861.3,10066.0,86754.8984375,nan,0.0,nan,nan,86754.8984375
301,85863.3,85863.3,85794.8,85802.0,9386.0,nan,nan,0.0,nan,nan,nan
302,85800.1,85864.7,85765.8,85810.0,5590.0,nan,nan,0.0,nan,nan,nan
303,85810.1,85859.5,85810.1,85828.0,3362.0,nan,nan,0.0,nan,nan,nan
304,85822.3,85860.8,85822.1,85831.6,5387.0,nan,85765.796875,1.0,nan,85764.796875,nan
305,85822.8,85888.9,85697.6,85697.6,6473.0,nan,nan,0.0,nan,nan,nan
306,85695.3,85766.4,85656.3,85766.1,10213.0,nan,nan,0.0,nan,nan,nan
307,85766.5,85852.0,85671.8,85693.6,3404.0,nan,nan,0.0,nan,nan,nan
308,85702.2,85723.8,85620.9,85622.9,5585.0,nan,nan,0.0,nan,nan,nan
309,85644.7,85647.0,85622.9,85623.0,3111.0,nan,nan,0.0,nan,nan,nan
310,85631.0,85665.0,85631.0,85636.9,4084.0,nan,85620.8984375,1.0,nan,85619.8984375,nan
311,85636.1,85707.5,85636.1,85703.2,4418.0,nan,nan,0.0,nan,nan,nan
312,85707.8,85771.7,85707.8,85711.1,2704.0,nan,nan,0.0,nan,nan,nan
313,85711.1,85769.9,85687.0,85752.4,4256.0,87333.796875,nan,0.0,nan,nan,87333.796875
314,85748.2,85823.4,85698.3,85698.3,4213.0,nan,nan,0.0,nan,nan,nan
315,85698.2,85706.7,85631.2,85631.2,4632.0,nan,nan,0.0,nan,nan,nan
316,85632.3,85754.7,85625.5,85739.9,3221.0,nan,nan,0.0,nan,nan,nan
317,85747.2,85816.0,85691.2,85715.2,4803.0,87198.1015625,nan,0.0,nan,nan,87198.1015625
318,85722.2,85737.1,85632.0,85659.7,3118.0,nan,85625.5,1.0,nan,85624.5,nan
319,85661.6,85687.8,85644.3,85668.9,5380.0,nan,nan,0.0,nan,nan,nan
320,85664.7,85768.7,85664.7,85768.7,3704.0,nan,nan,0.0,nan,nan,nan
321,85775.8,85825.9,85674.0,85674.0,4334.0,87069.6015625,nan,0.0,nan,nan,87069.6015625
322,85661.1,85722.1,85629.1,85722.1,3253.0,nan,nan,0.0,nan,nan,nan
323,85718.0,85751.9,85661.0,85667.1,3712.0,nan,nan,0.0,nan,nan,nan
324,85667.1,85696.1,85603.6,85696.1,4164.0,nan,nan,0.0,nan,nan,nan
325,85682.4,85804.0,85669.9,85767.0,16307.0,nan,nan,0.0,nan,nan,nan
326,85759.8,85850.0,85747.8,85850.0,3203.0,nan,85603.6015625,1.0,nan,85602.6015625,nan
327,85854.0,85901.0,85835.9,85835.9,3468.0,nan,nan,0.0,nan,nan,nan
328,85832.3,85889.4,85832.3,85889.4,4198.0,nan,nan,0.0,nan,nan,nan
329,85890.3,85902.1,85825.9,85852.1,3332.0,86535.8984375,nan,0.0,nan,nan,86535.8984375
330,85852.1,85930.9,85852.1,85878.5,3155.0,nan,nan,0.0,nan,nan,nan
331,85874.2,85874.2,85692.2,85700.0,4425.0,nan,nan,0.0,nan,nan,nan
332,85699.9,85699.9,85474.5,85474.5,8504.0,nan,nan,0.0,nan,nan,nan
333,85473.9,85526.3,85420.3,85486.2,9694.0,nan,nan,0.0,nan,nan,nan
334,85501.5,85604.9,85480.8,85572.9,10546.0,nan,nan,0.0,nan,nan,nan
335,85568.5,85583.0,85450.0,85493.9,6985.0,nan,85420.296875,1.0,nan,85419.296875,nan
336,85489.0,85582.8,85474.2,85555.8,32121.0,nan,nan,0.0,nan,nan,nan
337,85555.7,85555.7,85450.0,85476.3,4223.0,nan,nan,0.0,nan,nan,nan
338,85480.4,85523.9,85469.1,85472.7,7586.0,85680.8984375,nan,0.0,nan,nan,85680.8984375
339,85469.1,85523.7,85427.6,85442.0,8565.0,nan,nan,0.0,nan,nan,nan
340,85442.0,85567.2,85442.0,85514.8,5399.0,nan,nan,0.0,nan,nan,nan
341,85512.3,85561.3,85399.6,85561.3,6553.0,nan,nan,0.0,nan,nan,nan
342,85553.0,85729.4,85524.2,85654.8,5704.0,nan,nan,0.0,nan,nan,nan
343,85654.9,85931.1,85654.9,85913.5,16924.0,85579.6015625,85399.6015625,1.0,180.0,85398.6015625,85578.6015625
344,85914.5,86012.0,85878.8,85878.8,10279.0,nan,nan,0.0,nan,nan,nan
345,85883.0,85996.5,85883.0,85948.5,6728.0,nan,nan,0.0,nan,nan,nan
346,85950.9,85979.7,85879.3,85879.3,3159.0,nan,nan,0.0,nan,nan,nan
347,85875.2,85875.2,85723.7,85741.6,6791.0,nan,nan,0.0,nan,nan,nan
348,85745.6,85828.9,85745.6,85783.2,3525.0,nan,nan,0.0,nan,nan,nan
349,85762.6,85807.2,85753.7,85778.3,2848.0,nan,85723.703125,1.0,nan,85722.703125,nan
350,85768.1,85816.5,85768.1,85816.5,4345.0,nan,nan,0.0,nan,nan,nan
351,85816.6,85888.1,85804.1,85871.0,3167.0,nan,nan,0.0,nan,nan,nan
352,85863.5,85912.7,85846.6,85887.0,7238.0,nan,nan,0.0,nan,nan,nan
353,85889.3,85957.3,85854.7,85957.3,2948.0,nan,nan,0.0,nan,nan,nan
354,85957.2,86040.2,85954.5,86032.3,5187.0,nan,nan,0.0,nan,nan,nan
355,86032.3,86077.6,86003.0,86058.2,4787.0,nan,nan,0.0,nan,nan,nan
356,86056.2,86121.1,86056.1,86056.2,4706.0,nan,nan,0.0,nan,nan,nan
357,86067.6,86115.4,86056.1,86056.1,3744.0,85555.703125,nan,0.0,nan,nan,85555.703125
358,86056.0,86056.0,85994.5,86026.6,2311.0,nan,nan,0.0,nan,nan,nan
359,86026.5,86060.7,86012.3,86059.4,3384.0,nan,nan,0.0,nan,nan,nan
360,86052.5,86089.3,86026.7,86087.3,3147.0,nan,85994.5,1.0,nan,85993.5,nan
361,86087.2,86164.4,86012.3,86022.5,4912.0,nan,nan,0.0,nan,nan,nan
362,86015.4,86086.4,85968.9,86082.1,4110.0,nan,nan,0.0,nan,nan,nan
363,86062.7,86078.7,86027.4,86062.1,2589.0,nan,nan,0.0,nan,nan,nan
364,86068.1,86117.8,86020.7,86040.4,3568.0,86081.5,85968.8984375,1.0,112.6015625,85967.8984375,86080.5
365,86040.5,86048.8,85957.1,85980.7,3070.0,nan,nan,0.0,nan,nan,nan
366,85978.0,86169.3,85967.8,86135.8,4361.0,nan,nan,0.0,nan,nan,nan
367,86135.8,86248.1,86031.1,86060.6,6480.0,nan,85957.1015625,1.0,nan,85956.1015625,nan
368,86056.3,86067.4,86014.9,86014.9,2417.0,nan,nan,0.0,nan,nan,nan
369,86010.6,86130.3,86010.6,86121.1,5066.0,nan,nan,0.0,nan,nan,nan
370,86116.7,86126.7,86075.7,86095.0,4595.0,85937.703125,nan,0.0,nan,nan,85937.703125
371,86092.5,86129.6,86060.8,86069.6,2470.0,nan,86010.6015625,1.0,nan,86009.6015625,nan
372,86075.4,86081.5,86056.1,86062.0,5649.0,nan,nan,0.0,nan,nan,nan
373,86056.0,86119.4,86048.2,86119.4,3238.0,nan,nan,0.0,nan,nan,nan
374,86128.0,86220.8,86122.8,86216.6,5249.0,nan,nan,0.0,nan,nan,nan
375,86204.5,86322.9,86183.2,86192.3,9061.0,nan,86048.203125,1.0,nan,86047.203125,nan
376,86192.2,86192.2,86142.7,86170.0,2753.0,nan,nan,0.0,nan,nan,nan
377,86182.3,86340.0,86182.3,86301.2,7937.0,nan,nan,0.0,nan,nan,nan
378,86305.9,86338.2,86290.0,86290.0,3039.0,nan,nan,0.0,nan,nan,nan
379,86286.2,86309.2,86236.0,86258.9,5341.0,nan,nan,0.0,nan,nan,nan
380,86257.3,86338.3,86244.4,86303.6,3256.0,85641.1015625,nan,0.0,nan,nan,85641.1015625
381,86303.6,86309.6,86250.7,86302.4,2599.0,nan,nan,0.0,nan,nan,nan
382,86303.6,86344.9,86277.8,86340.4,4060.0,nan,nan,0.0,nan,nan,nan
383,86338.3,86344.8,86258.4,86286.1,3108.0,nan,nan,0.0,nan,nan,nan
384,86286.4,86309.7,86252.1,86309.7,2156.0,nan,nan,0.0,nan,nan,nan
385,86314.0,86344.9,86299.6,86344.9,3074.0,85586.0,nan,0.0,nan,nan,85586.0
386,86344.8,86344.8,86286.7,86324.9,5096.0,nan,86252.1015625,1.0,nan,86251.1015625,nan
387,86334.8,86338.0,86254.7,86263.5,5631.0,nan,nan,0.0,nan,nan,nan
388,86267.7,86292.5,86240.0,86256.2,2701.0,nan,nan,0.0,nan,nan,nan
389,86254.1,86254.1,86193.9,86207.5,2405.0,nan,nan,0.0,nan,nan,nan
390,86207.6,86266.1,86207.6,86266.1,6706.0,nan,nan,0.0,nan,nan,nan
391,86267.1,86301.8,86220.0,86237.4,3000.0,nan,86193.8984375,1.0,nan,86192.8984375,nan
392,86238.3,86307.1,86219.1,86219.1,4243.0,nan,nan,0.0,nan,nan,nan
393,86217.2,86256.4,86160.5,86238.5,3859.0,84050.5,nan,0.0,nan,nan,84050.5
394,86242.7,86250.0,86205.0,86214.2,3779.0,nan,nan,0.0,nan,nan,nan
395,86205.6,86205.6,86062.1,86062.1,8078.0,nan,nan,0.0,nan,nan,nan
396,86062.1,86067.8,86017.3,86036.8,5860.0,nan,nan,0.0,nan,nan,nan
397,86033.7,86033.7,85869.9,85932.9,9270.0,nan,nan,0.0,nan,nan,nan
398,85932.5,85949.1,85905.2,85905.2,2510.0,84106.1015625,nan,0.0,nan,nan,84106.1015625
399,85902.4,85918.0,85846.1,85853.2,5250.0,nan,nan,0.0,nan,nan,nan
400,85864.9,85889.3,85829.6,85867.5,2686.0,nan,nan,0.0,nan,nan,nan
401,85855.7,85940.4,85855.7,85928.9,6484.0,nan,nan,0.0,nan,nan,nan
402,85926.0,85937.7,85894.7,85927.0,2066.0,nan,85829.6015625,1.0,nan,85828.6015625,nan
403,85928.6,86085.2,85894.1,86085.2,17823.0,nan,nan,0.0,nan,nan,nan
404,86085.1,86225.3,86025.6,86058.2,69246.0,nan,nan,0.0,nan,nan,nan
405,86058.2,86058.2,85965.0,85970.3,4219.0,nan,nan,0.0,nan,nan,nan
406,85969.8,86053.8,85968.7,86053.8,2784.0,nan,nan,0.0,nan,nan,nan
407,86054.0,86116.5,86018.3,86113.2,1520.0,nan,nan,0.0,nan,nan,nan
408,86112.1,86142.0,86038.7,86071.7,3330.0,83697.5,nan,0.0,nan,nan,83697.5
409,86071.6,86087.8,86033.8,86065.8,3745.0,nan,nan,0.0,nan,nan,nan
410,86070.7,86154.0,86070.7,86154.0,2658.0,nan,nan,0.0,nan,nan,nan
411,86158.8,86187.3,86136.3,86136.3,1825.0,nan,nan,0.0,nan,nan,nan
412,86136.1,86157.2,86093.9,86127.3,2414.0,nan,nan,0.0,nan,nan,nan
413,86123.1,86146.9,86092.1,86096.5,2241.0,nan,nan,0.0,nan,nan,nan
414,86107.5,86107.5,86049.8,86084.9,3268.0,nan,nan,0.0,nan,nan,nan
415,86070.8,86144.4,86070.8,86139.5,1926.0,nan,nan,0.0,nan,nan,nan
416,86139.4,86208.2,86112.7,86112.7,2857.0,nan,86049.796875,1.0,nan,86048.796875,nan
417,86129.9,86198.7,86124.3,86198.7,2111.0,nan,nan,0.0,nan,nan,nan
418,86200.0,86219.3,86138.3,86138.3,2441.0,nan,nan,0.0,nan,nan,nan
419,86135.0,86216.6,86133.7,86188.1,3033.0,nan,nan,0.0,nan,nan,nan
420,86192.4,86234.1,86161.2,86211.7,3270.0,nan,nan,0.0,nan,nan,nan
421,86211.6,86254.0,86118.7,86118.7,3784.0,nan,nan,0.0,nan,nan,nan
422,86120.6,86120.6,85981.3,86023.5,3653.0,nan,nan,0.0,nan,nan,nan
423,86038.5,86096.8,86002.0,86002.0,4179.0,82058.6015625,nan,0.0,nan,nan,82058.6015625
424,85999.1,86081.7,85999.1,86061.1,2863.0,nan,85981.296875,1.0,nan,85980.296875,nan
425,86060.1,86084.1,86005.2,86012.3,3312.0,nan,nan,0.0,nan,nan,nan
426,86012.4,86124.6,85990.8,86002.0,5335.0,82197.1015625,nan,0.0,nan,nan,82197.1015625
427,85997.7,86007.1,85951.4,85959.4,2851.0,nan,nan,0.0,nan,nan,nan
428,85959.3,85959.3,85800.9,85849.9,5078.0,nan,nan,0.0,nan,nan,nan
429,85857.6,85951.9,85857.6,85947.3,1962.0,nan,nan,0.0,nan,nan,nan
430,85956.3,86015.1,85938.5,85938.6,5221.0,nan,85800.8984375,1.0,nan,85799.8984375,nan
431,85932.1,85932.1,85836.9,85881.4,6432.0,82529.5,nan,0.0,nan,nan,82529.5
432,85891.7,86089.3,85891.7,85985.1,7549.0,nan,nan,0.0,nan,nan,nan
433,85991.3,86020.3,85972.0,85972.0,3266.0,nan,85836.8984375,1.0,nan,85835.8984375,nan
434,85966.9,85993.7,85933.9,85973.8,3496.0,nan,nan,0.0,nan,nan,nan
435,85961.0,85970.4,85883.3,85888.5,3662.0,nan,nan,0.0,nan,nan,nan
436,85888.0,85888.0,85852.1,85869.9,2574.0,nan,nan,0.0,nan,nan,nan
437,85861.3,85874.5,85800.0,85845.3,2784.0,nan,nan,0.0,nan,nan,nan
438,85850.4,85866.5,85758.0,85774.0,10196.0,nan,nan,0.0,nan,nan,nan
439,85770.5,85770.5,85695.5,85742.7,8930.0,nan,nan,0.0,nan,nan,nan
440,85742.6,85742.6,85650.0,85692.3,5327.0,nan,nan,0.0,nan,nan,nan
441,85692.3,85763.5,85692.3,85763.5,3544.0,nan,nan,0.0,nan,nan,nan
442,85763.4,85831.0,85748.6,85819.0,4699.0,nan,85650.0,1.0,nan,85649.0,nan
443,85823.3,85843.9,85761.2,85765.4,4608.0,nan,nan,0.0,nan,nan,nan
444,85765.3,85780.9,85723.6,85729.4,3187.0,nan,nan,0.0,nan,nan,nan
445,85727.3,85764.0,85685.6,85692.1,5761.0,nan,nan,0.0,nan,nan,nan
446,85691.1,85804.9,85654.5,85783.9,3678.0,nan,nan,0.0,nan,nan,nan
447,85784.8,85822.1,85700.1,85700.1,5072.0,nan,nan,0.0,nan,nan,nan
448,85700.0,85700.0,85650.0,85657.6,3991.0,nan,nan,0.0,nan,nan,nan
449,85657.6,85657.6,85601.1,85619.1,7419.0,nan,nan,0.0,nan,nan,nan
450,85619.6,85649.6,85600.0,85600.0,3742.0,nan,nan,0.0,nan,nan,nan
451,85600.0,85667.6,85600.0,85655.6,2979.0,81159.3984375,nan,0.0,nan,nan,81159.3984375
452,85641.1,85641.1,85606.0,85606.0,3229.0,nan,nan,0.0,nan,nan,nan
453,85600.0,85710.8,85588.3,85681.6,8372.0,nan,nan,0.0,nan,nan,nan
454,85677.5,85732.0,85669.1,85717.2,3388.0,nan,nan,0.0,nan,nan,nan
455,85713.0,85839.8,85713.0,85747.9,13622.0,nan,85588.296875,1.0,nan,85587.296875,nan
456,85755.1,85777.9,85710.1,85727.9,4033.0,nan,nan,0.0,nan,nan,nan
457,85714.0,85727.9,85639.6,85686.6,4296.0,nan,nan,0.0,nan,nan,nan
458,85687.3,85687.3,85548.0,85615.8,5345.0,nan,nan,0.0,nan,nan,nan
459,85613.0,85663.5,85533.1,85663.5,7573.0,nan,nan,0.0,nan,nan,nan
460,85666.8,85782.0,85618.0,85618.0,8897.0,nan,nan,0.0,nan,nan,nan
461,85621.1,85630.4,85570.6,85627.3,3147.0,nan,85533.1015625,1.0,nan,85532.1015625,nan
462,85635.8,85697.5,85627.4,85655.6,3532.0,nan,nan,0.0,nan,nan,nan
463,85652.8,85659.1,85604.3,85659.1,4554.0,nan,nan,0.0,nan,nan,nan
464,85669.4,85729.7,85650.1,85672.0,3026.0,83603.296875,nan,0.0,nan,nan,83603.296875
465,85663.3,85706.7,85610.2,85610.2,5217.0,nan,nan,0.0,nan,nan,nan
466,85608.2,85635.8,85570.2,85622.3,3904.0,nan,nan,0.0,nan,nan,nan
467,85629.1,85700.6,85614.6,85677.6,4544.0,nan,nan,0.0,nan,nan,nan
468,85677.6,85714.4,85666.9,85705.9,2819.0,nan,85570.203125,1.0,nan,85569.203125,nan
469,85705.9,85723.0,85666.1,85666.3,2148.0,nan,nan,0.0,nan,nan,nan
470,85666.2,85703.8,85638.3,85682.5,3588.0,nan,nan,0.0,nan,nan,nan
471,85680.5,85730.5,85654.1,85696.0,4799.0,nan,nan,0.0,nan,nan,nan
472,85689.5,85709.4,85627.8,85627.8,5447.0,nan,nan,0.0,nan,nan,nan
473,85625.0,85655.8,85555.5,85559.8,4459.0,nan,nan,0.0,nan,nan,nan
474,85564.9,85657.3,85564.9,85618.3,5351.0,nan,nan,0.0,nan,nan,nan
475,85617.3,85669.2,85602.1,85648.0,2294.0,83629.203125,85555.5,1.0,1926.296875,85554.5,83628.203125
476,85647.9,85647.9,85543.9,85583.7,4378.0,nan,nan,0.0,nan,nan,nan
477,85586.0,85586.0,85548.5,85573.6,3724.0,nan,nan,0.0,nan,nan,nan
478,85573.0,85629.0,85552.6,85624.7,6905.0,nan,85543.8984375,1.0,nan,85542.8984375,nan
479,85624.7,85624.7,85566.8,85578.8,4323.0,84539.6015625,nan,0.0,nan,nan,84539.6015625
480,85576.0,85636.0,85562.7,85631.7,6170.0,nan,nan,0.0,nan,nan,nan
481,85615.4,85650.7,85588.0,85604.5,5528.0,nan,nan,0.0,nan,nan,nan
482,85604.4,85608.2,85542.0,85590.6,11641.0,nan,nan,0.0,nan,nan,nan
483,85590.6,85656.1,85501.2,85629.1,8618.0,nan,nan,0.0,nan,nan,nan
484,85619.6,85666.1,85604.8,85666.1,11701.0,nan,nan,0.0,nan,nan,nan
485,85680.0,85762.5,85631.2,85631.2,19912.0,nan,85501.203125,1.0,nan,85500.203125,nan
486,85630.2,85630.2,85558.1,85577.5,8144.0,nan,nan,0.0,nan,nan,nan
487,85599.6,85620.5,85485.0,85518.3,4472.0,nan,nan,0.0,nan,nan,nan
488,85520.4,85536.4,85455.1,85462.1,3761.0,nan,nan,0.0,nan,nan,nan
489,85469.1,85527.2,85457.5,85527.2,5913.0,nan,nan,0.0,nan,nan,nan
490,85516.7,85541.7,85474.8,85499.5,4240.0,nan,85455.1015625,1.0,nan,85454.1015625,nan
491,85499.5,85512.8,85477.6,85496.9,3884.0,nan,nan,0.0,nan,nan,nan
492,85496.9,85516.1,85487.7,85516.1,2319.0,nan,nan,0.0,nan,nan,nan
493,85512.7,85536.2,85505.6,85509.6,2976.0,nan,nan,0.0,nan,nan,nan
494,85514.9,85535.1,85438.1,85513.3,7962.0,nan,nan,0.0,nan,nan,nan
495,85521.4,85528.7,85482.0,85504.2,7172.0,82738.0,nan,0.0,nan,nan,82738.0
496,85504.1,85504.1,85387.9,85458.0,18297.0,nan,nan,0.0,nan,nan,nan
497,85447.9,85491.8,85408.0,85417.6,5314.0,nan,nan,0.0,nan,nan,nan
498,85429.0,85483.7,85403.2,85461.9,2438.0,nan,85387.8984375,1.0,nan,85386.8984375,nan
499,85461.9,85513.3,85409.2,85414.0,2979.0,nan,nan,0.0,nan,nan,nan
500,85408.2,85408.2,85161.3,85164.3,39030.0,83146.296875,nan,0.0,nan,nan,83146.296875
501,85160.1,85331.3,85155.4,85173.1,30477.0,nan,nan,0.0,nan,nan,nan
502,85168.9,85258.7,85168.9,85220.2,7878.0,nan,nan,0.0,nan,nan,nan
503,85235.2,85317.8,85183.1,85287.0,7815.0,83599.8984375,85155.3984375,1.0,1555.5,85154.3984375,83598.8984375
504,85289.0,85333.4,85262.8,85309.2,6174.0,nan,nan,0.0,nan,nan,nan
505,85313.5,85363.1,85289.8,85333.1,5400.0,nan,nan,0.0,nan,nan,nan
506,85333.0,85333.0,85271.7,85271.7,2489.0,nan,nan,0.0,nan,nan,nan
507,85271.8,85323.1,85250.0,85312.8,4338.0,nan,nan,0.0,nan,nan,nan
508,85314.8,85351.5,85282.4,85288.7,2753.0,nan,nan,0.0,nan,nan,nan
509,85294.6,85294.6,85197.3,85197.3,11465.0,nan,nan,0.0,nan,nan,nan
510,85208.0,85302.4,85180.7,85225.4,21586.0,85277.296875,nan,0.0,nan,nan,85277.296875
511,85233.8,85245.6,85111.1,85164.5,18436.0,nan,nan,0.0,nan,nan,nan
512,85156.0,85156.0,84600.0,84823.2,231593.0,nan,nan,0.0,nan,nan,nan
513,84823.2,84845.1,83173.2,83177.4,590196.0,nan,nan,0.0,nan,nan,nan
514,83177.4,83627.0,81277.3,83373.4,754291.0,nan,nan,0.0,nan,nan,nan
515,83371.8,83867.6,83225.0,83770.1,179103.0,nan,nan,0.0,nan,nan,nan
516,83761.6,83783.0,83156.9,83492.3,111964.0,nan,81277.296875,1.0,nan,81276.296875,nan
517,83492.3,84050.5,83441.5,83955.1,58244.0,nan,nan,0.0,nan,nan,nan
518,83955.3,84024.7,83683.2,83978.0,66531.0,nan,nan,0.0,nan,nan,nan
519,83986.2,84147.0,83954.7,84055.5,37277.0,nan,nan,0.0,nan,nan,nan
520,84058.4,84486.0,83945.4,84261.5,47252.0,nan,nan,0.0,nan,nan,nan
521,84261.4,84480.4,84261.4,84371.1,38379.0,nan,nan,0.0,nan,nan,nan
522,84371.2,84436.2,84079.0,84251.8,25485.0,83594.5,nan,0.0,nan,nan,83594.5
523,84251.8,84439.8,84130.6,84414.2,33484.0,nan,nan,0.0,nan,nan,nan
524,84413.2,84460.5,84326.4,84340.9,25856.0,nan,nan,0.0,nan,nan,nan
525,84340.9,84366.2,84005.9,84104.9,21710.0,nan,nan,0.0,nan,nan,nan
526,84104.8,84108.3,83916.0,83972.3,26099.0,84388.0,nan,0.0,nan,nan,84388.0
527,83972.3,84125.8,83823.2,84004.7,42567.0,nan,nan,0.0,nan,nan,nan
528,84000.4,84076.4,83764.7,83946.5,24317.0,nan,nan,0.0,nan,nan,nan
529,83948.4,83962.7,83800.6,83923.2,12939.0,nan,nan,0.0,nan,nan,nan
530,83923.3,84363.1,83896.8,84276.2,35765.0,84573.703125,83764.703125,1.0,809.0,83763.703125,84572.703125
531,84271.9,84271.9,84119.9,84125.6,8578.0,nan,nan,0.0,nan,nan,nan
532,84125.6,84214.1,84125.6,84201.1,7444.0,nan,nan,0.0,nan,nan,nan
533,84206.6,84230.6,83950.7,84025.7,13118.0,nan,nan,0.0,nan,nan,nan
534,84025.6,84046.8,83888.0,83892.8,13711.0,nan,nan,0.0,nan,nan,nan
535,83892.9,83942.0,83773.1,83924.9,18049.0,nan,nan,0.0,nan,nan,nan
536,83930.0,84106.7,83911.3,84093.5,17280.0,nan,nan,0.0,nan,nan,nan
537,84093.5,84106.8,83890.5,83890.5,12428.0,nan,83773.1015625,1.0,nan,83772.1015625,nan
538,83890.5,84011.9,83836.9,84000.0,12719.0,nan,nan,0.0,nan,nan,nan
539,83999.9,84104.6,83965.8,84031.3,23635.0,nan,nan,0.0,nan,nan,nan
540,84027.0,84062.7,83935.3,83956.4,10085.0,nan,83836.8984375,1.0,nan,83835.8984375,nan
541,83954.4,84113.1,83954.4,84077.6,8905.0,nan,nan,0.0,nan,nan,nan
542,84071.4,84106.1,83906.4,83943.9,8605.0,nan,nan,0.0,nan,nan,nan
543,83943.9,83977.6,83786.0,83829.0,14854.0,nan,nan,0.0,nan,nan,nan
544,83828.9,83834.2,83682.8,83769.5,25721.0,nan,nan,0.0,nan,nan,nan
545,83753.6,84164.5,83737.6,84164.5,19937.0,nan,nan,0.0,nan,nan,nan
546,84166.5,84403.6,84152.8,84233.0,27365.0,nan,83682.796875,1.0,nan,83681.796875,nan
547,84222.5,84290.3,84123.7,84247.0,19768.0,nan,nan,0.0,nan,nan,nan
548,84248.0,84306.9,84207.2,84235.9,8087.0,83583.8984375,nan,0.0,nan,nan,83583.8984375
549,84229.8,84299.8,84133.2,84277.6,6664.0,nan,nan,0.0,nan,nan,nan
550,84276.6,84300.0,84145.9,84204.3,6741.0,nan,nan,0.0,nan,nan,nan
551,84197.3,84496.8,84197.3,84421.5,10103.0,nan,nan,0.0,nan,nan,nan
552,84412.1,84619.0,84398.1,84521.6,14509.0,nan,nan,0.0,nan,nan,nan
553,84521.1,84690.3,84521.1,84637.8,8961.0,nan,nan,0.0,nan,nan,nan
554,84628.4,84635.7,84452.7,84481.3,14046.0,nan,nan,0.0,nan,nan,nan
555,84493.9,84667.9,84477.9,84667.9,7251.0,nan,nan,0.0,nan,nan,nan
556,84675.9,84698.7,84520.8,84541.7,10289.0,84540.0,nan,0.0,nan,nan,84540.0
557,84550.2,84617.9,84520.8,84568.8,10589.0,nan,nan,0.0,nan,nan,nan
558,84573.0,84583.0,84431.4,84437.8,19801.0,nan,nan,0.0,nan,nan,nan
559,84437.8,84500.3,84329.1,84345.4,20059.0,nan,nan,0.0,nan,nan,nan
560,84345.5,84547.8,84322.4,84523.8,12934.0,nan,nan,0.0,nan,nan,nan
561,84512.0,84575.5,84351.8,84454.9,17389.0,nan,nan,0.0,nan,nan,nan
562,84463.3,84559.9,84418.1,84488.0,6071.0,nan,84322.3984375,1.0,nan,84321.3984375,nan
563,84483.7,84575.3,84410.1,84568.3,16707.0,nan,nan,0.0,nan,nan,nan
564,84566.0,84633.5,84500.0,84500.1,6184.0,nan,nan,0.0,nan,nan,nan
565,84505.0,84508.1,84367.5,84380.3,5297.0,nan,nan,0.0,nan,nan,nan
566,84380.2,84382.3,84259.6,84263.9,13940.0,nan,nan,0.0,nan,nan,nan
567,84267.2,84388.4,84245.3,84335.2,13017.0,nan,nan,0.0,nan,nan,nan
568,84333.1,84359.2,84254.9,84281.2,5456.0,nan,nan,0.0,nan,nan,nan
569,84299.1,84302.4,84183.8,84222.4,6337.0,nan,nan,0.0,nan,nan,nan
570,84218.2,84288.9,84185.7,84259.6,17105.0,nan,nan,0.0,nan,nan,nan
571,84256.1,84401.5,84256.1,84368.0,3991.0,nan,84183.796875,1.0,nan,84182.796875,nan
572,84356.6,84422.5,84348.0,84416.0,3753.0,84575.203125,nan,0.0,nan,nan,84575.203125
573,84412.6,84423.2,84229.5,84233.8,7003.0,nan,nan,0.0,nan,nan,nan
574,84241.4,84258.3,84025.8,84087.2,20531.0,nan,nan,0.0,nan,nan,nan
575,84092.5,84117.3,83974.2,84081.9,12807.0,nan,nan,0.0,nan,nan,nan
576,84074.3,84074.3,83921.5,83966.6,11815.0,84504.796875,nan,0.0,nan,nan,84504.796875
577,83961.5,84018.2,83932.4,83996.5,7262.0,nan,nan,0.0,nan,nan,nan
578,83990.5,84098.4,83954.6,84026.7,16272.0,nan,83921.5,1.0,nan,83920.5,nan
579,84031.0,84091.9,83981.0,83997.6,4046.0,nan,nan,0.0,nan,nan,nan
580,83996.6,83996.6,83856.6,83871.3,10885.0,nan,nan,0.0,nan,nan,nan
581,83862.0,83979.0,83819.5,83926.6,18306.0,nan,nan,0.0,nan,nan,nan
582,83926.6,83954.9,83751.1,83780.1,10925.0,nan,nan,0.0,nan,nan,nan
583,83780.9,83881.9,83754.6,83777.5,17305.0,nan,nan,0.0,nan,nan,nan
584,83779.5,83873.5,83750.0,83805.9,31807.0,nan,nan,0.0,nan,nan,nan
585,83796.8,83874.7,83724.6,83741.9,29439.0,86776.3984375,nan,0.0,nan,nan,86776.3984375
586,83742.0,83828.0,83732.8,83768.1,8394.0,nan,nan,0.0,nan,nan,nan
587,83770.4,83983.2,83770.4,83963.1,9143.0,nan,83724.6015625,1.0,nan,83723.6015625,nan
588,83963.1,83990.8,83844.3,83872.8,6328.0,86632.3984375,nan,0.0,nan,nan,86632.3984375
589,83864.7,83890.0,83728.7,83728.7,8651.0,nan,nan,0.0,nan,nan,nan
590,83724.6,83753.9,83626.6,83653.1,15237.0,nan,nan,0.0,nan,nan,nan
591,83675.5,83764.3,83633.8,83699.0,17326.0,nan,nan,0.0,nan,nan,nan
592,83691.8,83697.5,83576.0,83692.0,14180.0,nan,nan,0.0,nan,nan,nan
593,83700.4,83828.0,83700.4,83768.1,20744.0,nan,nan,0.0,nan,nan,nan
594,83774.0,83820.8,83635.4,83701.0,9920.0,87067.8984375,83576.0,1.0,3491.8984375,83575.0,87066.8984375
595,83695.9,83786.6,83679.7,83783.8,10010.0,nan,nan,0.0,nan,nan,nan
596,83788.0,83862.9,83781.0,83817.1,13303.0,nan,nan,0.0,nan,nan,nan
597,83817.2,83858.6,83785.7,83799.7,6080.0,nan,nan,0.0,nan,nan,nan
598,83799.7,83824.4,83707.4,83715.0,7485.0,nan,nan,0.0,nan,nan,nan
599,83715.0,83733.2,83636.1,83636.1,6127.0,nan,nan,0.0,nan,nan,nan
600,83636.1,83795.2,83636.1,83779.9,4312.0,nan,nan,0.0,nan,nan,nan
601,83786.9,83894.1,83751.7,83868.9,21353.0,nan,nan,0.0,nan,nan,nan
602,83864.7,83915.9,83809.1,83887.5,8606.0,nan,nan,0.0,nan,nan,nan
603,83887.4,83939.8,83877.6,83920.3,3860.0,nan,nan,0.0,nan,nan,nan
604,83924.6,83989.8,83863.2,83921.5,6033.0,nan,nan,0.0,nan,nan,nan
605,83922.5,83976.3,83825.6,83833.7,6568.0,87005.3984375,nan,0.0,nan,nan,87005.3984375
606,83833.7,83873.5,83730.9,83853.3,9538.0,nan,nan,0.0,nan,nan,nan
607,83863.5,83867.6,83690.1,83711.3,9399.0,nan,nan,0.0,nan,nan,nan
608,83705.2,83764.7,83688.8,83724.5,6364.0,nan,nan,0.0,nan,nan,nan
609,83722.3,83730.0,83650.2,83656.4,5595.0,86971.296875,nan,0.0,nan,nan,86971.296875
610,83652.4,83737.5,83580.0,83737.5,9843.0,nan,nan,0.0,nan,nan,nan
611,83749.4,83902.4,83749.4,83829.3,23824.0,nan,nan,0.0,nan,nan,nan
612,83840.7,83880.9,83738.1,83790.5,7625.0,nan,83580.0,1.0,nan,83579.0,nan
613,83782.5,83786.6,83653.4,83706.2,9009.0,nan,nan,0.0,nan,nan,nan
614,83693.7,83716.8,83686.1,83706.8,4030.0,nan,nan,0.0,nan,nan,nan
615,83703.1,83773.7,83700.3,83723.0,4499.0,nan,83653.3984375,1.0,nan,83652.3984375,nan
616,83728.8,83766.6,83605.2,83614.7,5211.0,nan,nan,0.0,nan,nan,nan
617,83619.8,83712.5,83605.4,83707.3,5081.0,86402.0,nan,0.0,nan,nan,86402.0
618,83707.2,83715.0,83605.6,83625.1,5532.0,nan,83605.203125,1.0,nan,83604.203125,nan
619,83632.5,83681.5,83608.1,83633.7,2527.0,nan,nan,0.0,nan,nan,nan
620,83641.5,83675.1,83404.8,83509.7,28966.0,86352.6015625,nan,0.0,nan,nan,86352.6015625
621,83511.7,83610.5,83364.6,83364.7,13554.0,nan,nan,0.0,nan,nan,nan
622,83363.6,83493.4,83313.0,83425.7,7002.0,nan,nan,0.0,nan,nan,nan
623,83425.8,83497.8,83352.9,83358.4,21014.0,nan,nan,0.0,nan,nan,nan
624,83361.2,83398.6,83304.6,83324.3,14907.0,nan,nan,0.0,nan,nan,nan
625,83324.3,83355.3,83284.7,83334.3,8920.0,85558.796875,nan,0.0,nan,nan,85558.796875
626,83346.7,83346.7,83150.8,83181.1,41793.0,nan,nan,0.0,nan,nan,nan
627,83174.1,83320.8,83146.9,83226.1,12694.0,nan,nan,0.0,nan,nan,nan
628,83218.3,83238.8,83062.5,83062.5,21836.0,nan,nan,0.0,nan,nan,nan
629,83058.7,83203.9,83058.7,83076.1,23222.0,nan,nan,0.0,nan,nan,nan
630,83074.2,83231.8,83050.5,83069.4,17291.0,nan,nan,0.0,nan,nan,nan
631,83049.5,83095.4,82865.7,83040.7,43387.0,85487.1015625,nan,0.0,nan,nan,85487.1015625
632,83036.6,83045.0,82700.0,82806.5,37530.0,nan,nan,0.0,nan,nan,nan
633,82778.9,82940.5,82747.1,82860.2,18664.0,nan,nan,0.0,nan,nan,nan
634,82869.4,82985.0,82860.8,82870.9,23699.0,nan,82700.0,1.0,nan,82699.0,nan
635,82871.0,82984.9,82840.1,82974.5,20211.0,nan,nan,0.0,nan,nan,nan
636,82974.5,82985.0,82827.6,82841.9,11346.0,nan,nan,0.0,nan,nan,nan
637,82838.6,82953.3,82804.1,82953.3,21336.0,nan,nan,0.0,nan,nan,nan
638,82949.2,82957.2,82736.6,82741.6,11185.0,nan,nan,0.0,nan,nan,nan
639,82737.0,82789.5,82602.4,82686.1,33922.0,85671.796875,nan,0.0,nan,nan,85671.796875
640,82686.0,82729.9,82603.4,82682.8,20981.0,nan,nan,0.0,nan,nan,nan
641,82685.0,82700.0,82518.0,82532.8,19045.0,nan,nan,0.0,nan,nan,nan
642,82541.0,82616.6,82480.1,82572.2,18141.0,nan,nan,0.0,nan,nan,nan
643,82576.3,82596.8,82478.2,82495.0,14079.0,nan,nan,0.0,nan,nan,nan
644,82495.1,82675.0,82495.1,82648.4,27026.0,nan,nan,0.0,nan,nan,nan
645,82648.4,82684.7,82571.7,82624.2,46050.0,85450.0,82478.203125,1.0,2971.796875,82477.203125,85449.0
646,82630.4,82670.6,82578.5,82657.8,14204.0,nan,nan,0.0,nan,nan,nan
647,82653.8,82725.3,82600.2,82725.3,12563.0,nan,nan,0.0,nan,nan,nan
648,82725.3,82757.9,82582.5,82603.3,8666.0,nan,nan,0.0,nan,nan,nan
649,82606.3,82607.3,82472.6,82538.4,9220.0,nan,nan,0.0,nan,nan,nan
650,82546.8,82599.2,82477.9,82514.0,6482.0,nan,nan,0.0,nan,nan,nan
651,82509.9,82590.9,82500.1,82500.1,18087.0,nan,82472.6015625,1.0,nan,82471.6015625,nan
652,82500.0,82500.1,82280.0,82280.0,18549.0,nan,nan,0.0,nan,nan,nan
653,82275.9,82344.9,82234.6,82257.7,21916.0,nan,nan,0.0,nan,nan,nan
654,82248.8,82285.7,82125.3,82149.0,14685.0,nan,nan,0.0,nan,nan,nan
655,82144.8,82267.9,82116.5,82208.8,12339.0,nan,nan,0.0,nan,nan,nan
656,82210.8,82518.0,82210.8,82497.1,30776.0,nan,nan,0.0,nan,nan,nan
657,82497.4,82506.8,82390.0,82453.9,12146.0,85869.8984375,82116.5,1.0,3753.3984375,82115.5,85868.8984375
658,82453.8,82478.6,82349.3,82387.6,7323.0,nan,nan,0.0,nan,nan,nan
659,82385.9,82385.9,82201.4,82217.5,10488.0,nan,nan,0.0,nan,nan,nan
660,82216.4,82231.7,82112.2,82176.2,12266.0,nan,nan,0.0,nan,nan,nan
661,82178.3,82200.4,82111.0,82161.7,16371.0,nan,nan,0.0,nan,nan,nan
662,82168.0,82261.1,82020.7,82078.6,15816.0,nan,nan,0.0,nan,nan,nan
663,82078.5,82089.4,81712.9,81949.0,58374.0,nan,nan,0.0,nan,nan,nan
664,81948.9,81974.5,81786.1,81935.6,25616.0,nan,nan,0.0,nan,nan,nan
665,81943.5,82391.7,81927.3,82061.4,45415.0,nan,81712.8984375,1.0,nan,81711.8984375,nan
666,82053.6,82085.5,81905.2,82062.6,16898.0,nan,nan,0.0,nan,nan,nan
667,82058.6,82058.6,81802.1,81872.6,21012.0,nan,nan,0.0,nan,nan,nan
668,81871.0,82140.3,81859.4,82019.9,32565.0,85606.0,nan,0.0,nan,nan,85606.0
669,82012.6,82139.7,82004.9,82080.5,55937.0,nan,81802.1015625,1.0,nan,81801.1015625,nan
670,82080.3,82443.9,82070.5,82414.7,20236.0,nan,nan,0.0,nan,nan,nan
671,82408.7,82428.3,82331.5,82382.7,17538.0,nan,nan,0.0,nan,nan,nan
672,82382.7,82499.9,82309.5,82316.1,21160.0,nan,nan,0.0,nan,nan,nan
673,82309.4,82329.3,82107.0,82168.8,13391.0,nan,nan,0.0,nan,nan,nan
674,82168.3,82242.3,82082.7,82124.0,23107.0,nan,nan,0.0,nan,nan,nan
675,82116.1,82140.8,81937.9,81944.2,15948.0,nan,nan,0.0,nan,nan,nan
676,81936.1,82077.4,81640.3,82072.8,26241.0,nan,nan,0.0,nan,nan,nan
677,82080.7,82224.5,81960.7,81975.2,13752.0,nan,nan,0.0,nan,nan,nan
678,81956.1,82014.3,81770.3,81877.2,9149.0,nan,81640.296875,1.0,nan,81639.296875,nan
679,81878.3,82077.9,81873.7,82077.8,19767.0,nan,nan,0.0,nan,nan,nan
680,82077.9,82077.9,81864.9,81965.1,12777.0,nan,nan,0.0,nan,nan,nan
681,81963.2,82231.1,81947.7,82190.6,22895.0,83441.5,nan,0.0,nan,nan,83441.5
682,82190.5,82197.1,81951.4,81964.9,11012.0,nan,nan,0.0,nan,nan,nan
683,81965.9,82024.8,81934.3,81992.6,15824.0,nan,nan,0.0,nan,nan,nan
684,81992.6,82196.1,81983.0,82196.1,21470.0,nan,nan,0.0,nan,nan,nan
685,82196.1,82351.9,82149.2,82305.4,16139.0,nan,81934.296875,1.0,nan,81933.296875,nan
686,82307.4,82485.7,82241.3,82291.4,17690.0,nan,nan,0.0,nan,nan,nan
687,82304.4,82304.4,82120.1,82120.1,16968.0,nan,nan,0.0,nan,nan,nan
688,82124.2,82124.2,81959.6,82019.2,13734.0,nan,nan,0.0,nan,nan,nan
689,82019.4,82082.3,82007.4,82069.3,5797.0,nan,nan,0.0,nan,nan,nan
690,82069.3,82289.5,82061.1,82246.1,20921.0,nan,81959.6015625,1.0,nan,81958.6015625,nan
691,82246.0,82377.9,82227.1,82305.4,10687.0,nan,nan,0.0,nan,nan,nan
692,82314.6,82468.4,82299.2,82442.9,8486.0,nan,nan,0.0,nan,nan,nan
693,82444.2,82614.8,82395.6,82568.9,11545.0,nan,nan,0.0,nan,nan,nan
694,82550.4,82712.4,82443.3,82443.3,24783.0,nan,nan,0.0,nan,nan,nan
695,82446.9,82554.9,82389.0,82530.9,15584.0,nan,nan,0.0,nan,nan,nan
696,82532.6,82616.4,82462.8,82558.3,6799.0,83576.0,nan,0.0,nan,nan,83576.0
697,82555.0,82710.4,82548.8,82690.3,13435.0,nan,82389.0,1.0,nan,82388.0,nan
698,82690.3,82866.1,82576.7,82834.2,28655.0,nan,nan,0.0,nan,nan,nan
699,82840.6,82841.4,82689.9,82740.7,9596.0,nan,nan,0.0,nan,nan,nan
700,82740.8,82922.9,82718.3,82846.4,6538.0,nan,nan,0.0,nan,nan,nan
701,82846.5,82858.5,82597.3,82629.6,19970.0,nan,nan,0.0,nan,nan,nan
702,82648.3,82648.3,82571.7,82593.2,6082.0,nan,nan,0.0,nan,nan,nan
703,82594.4,82612.8,82527.2,82583.8,25629.0,nan,nan,0.0,nan,nan,nan
704,82583.8,82583.8,82496.2,82543.8,7138.0,nan,nan,0.0,nan,nan,nan
705,82552.0,82581.1,82539.7,82574.0,4128.0,nan,nan,0.0,nan,nan,nan
706,82574.9,82609.7,82444.9,82465.3,7259.0,nan,nan,0.0,nan,nan,nan
707,82459.9,82529.5,82450.4,82529.5,10327.0,nan,nan,0.0,nan,nan,nan
708,82533.6,82570.5,82487.9,82533.6,5208.0,nan,82444.8984375,1.0,nan,82443.8984375,nan
709,82533.6,82570.5,82450.1,82456.7,6170.0,nan,nan,0.0,nan,nan,nan
710,82456.2,82456.2,82364.6,82452.6,18068.0,nan,nan,0.0,nan,nan,nan
711,82452.6,82561.7,82420.9,82557.5,6585.0,81802.1015625,nan,0.0,nan,nan,81802.1015625
712,82541.0,82732.5,82508.9,82717.9,24146.0,nan,82364.6015625,1.0,nan,82363.6015625,nan
713,82721.6,82750.0,82660.9,82749.9,7956.0,nan,nan,0.0,nan,nan,nan
714,82749.9,82766.4,82699.7,82710.1,5273.0,81951.3984375,nan,0.0,nan,nan,81951.3984375
715,82710.1,82807.6,82637.8,82742.8,9795.0,nan,nan,0.0,nan,nan,nan
716,82739.3,82766.7,82656.8,82656.8,3375.0,nan,nan,0.0,nan,nan,nan
717,82656.8,82750.3,82638.5,82728.4,4222.0,nan,82637.796875,1.0,nan,82636.796875,nan
718,82728.4,82778.4,82721.2,82768.0,5202.0,nan,nan,0.0,nan,nan,nan
719,82762.0,82815.9,82703.3,82710.1,9929.0,82450.3984375,nan,0.0,nan,nan,82450.3984375
720,82713.3,82713.3,82619.2,82675.0,8385.0,nan,nan,0.0,nan,nan,nan
721,82681.7,82931.5,82680.7,82931.4,15073.0,nan,nan,0.0,nan,nan,nan
722,82931.5,82957.8,82852.1,82881.5,10984.0,nan,82619.203125,1.0,nan,82618.203125,nan
723,82881.5,82953.2,82841.6,82892.7,11356.0,nan,nan,0.0,nan,nan,nan
724,82896.6,82970.3,82870.1,82941.3,6136.0,nan,nan,0.0,nan,nan,nan
725,82948.1,82995.0,82891.0,82899.2,6327.0,nan,nan,0.0,nan,nan,nan
726,82907.5,82967.1,82812.0,82829.0,9037.0,nan,nan,0.0,nan,nan,nan
727,82830.1,83053.8,82812.0,83041.4,15284.0,nan,nan,0.0,nan,nan,nan
728,83053.1,83343.1,83053.1,83295.7,38016.0,nan,nan,0.0,nan,nan,nan
729,83295.6,83351.2,83155.6,83228.5,9452.0,nan,nan,0.0,nan,nan,nan
730,83236.9,83337.0,83236.9,83250.0,7117.0,nan,nan,0.0,nan,nan,nan
731,83241.7,83241.7,83053.5,83127.0,41546.0,nan,nan,0.0,nan,nan,nan
732,83126.1,83126.1,82951.0,82951.0,14525.0,nan,nan,0.0,nan,nan,nan
733,82949.5,83037.2,82932.4,83012.9,5621.0,nan,nan,0.0,nan,nan,nan
734,83002.0,83118.3,82996.0,83095.3,6014.0,nan,nan,0.0,nan,nan,nan
735,83082.7,83120.9,83034.1,83045.2,4113.0,nan,82932.3984375,1.0,nan,82931.3984375,nan
736,83051.4,83088.2,83015.6,83035.2,3492.0,nan,nan,0.0,nan,nan,nan
737,83032.1,83187.9,83032.1,83044.6,6448.0,nan,nan,0.0,nan,nan,nan
738,83039.7,83053.0,82948.6,82996.0,4963.0,nan,nan,0.0,nan,nan,nan
739,82990.0,82990.0,82847.1,82879.6,13056.0,80952.0,nan,0.0,nan,nan,80952.0
740,82887.9,83055.4,82887.9,83040.6,11412.0,nan,nan,0.0,nan,nan,nan
741,83040.5,83168.9,83027.1,83142.4,4509.0,nan,82847.1015625,1.0,nan,82846.1015625,nan
742,83142.7,83160.0,82995.9,83012.6,5393.0,nan,nan,0.0,nan,nan,nan
743,83009.1,83240.3,82995.3,83159.1,11862.0,nan,nan,0.0,nan,nan,nan
744,83159.0,83159.8,83064.3,83065.2,4129.0,nan,nan,0.0,nan,nan,nan
745,83073.6,83160.1,83064.0,83128.6,4387.0,83050.0,82995.296875,1.0,54.703125,82994.296875,83049.0
746,83128.5,83128.5,83037.6,83053.0,2391.0,nan,nan,0.0,nan,nan,nan
747,83053.0,83063.7,82969.0,82987.2,1869.0,nan,nan,0.0,nan,nan,nan
748,82988.2,83043.2,82978.0,82978.0,2917.0,nan,nan,0.0,nan,nan,nan
749,82974.1,82974.1,82924.4,82924.4,3108.0,nan,nan,0.0,nan,nan,nan
750,82924.5,82950.7,82903.5,82903.5,3799.0,nan,nan,0.0,nan,nan,nan
751,82904.4,82943.6,82899.0,82926.2,7938.0,nan,nan,0.0,nan,nan,nan
752,82926.2,83079.2,82926.2,83079.2,36803.0,83409.203125,nan,0.0,nan,nan,83409.203125
753,83080.0,83114.7,82959.2,82959.2,4886.0,nan,82899.0,1.0,nan,82898.0,nan
754,82959.1,82959.1,82793.4,82799.5,8111.0,nan,nan,0.0,nan,nan,nan
755,82796.0,82827.2,82726.5,82772.8,8515.0,nan,nan,0.0,nan,nan,nan
756,82767.3,82802.8,82747.5,82768.1,6283.0,nan,nan,0.0,nan,nan,nan
757,82768.0,82775.3,82636.8,82680.8,6586.0,nan,nan,0.0,nan,nan,nan
758,82680.8,82707.4,82616.9,82638.7,6030.0,83856.5,nan,0.0,nan,nan,83856.5
759,82638.6,82711.8,82618.4,82618.4,6202.0,nan,nan,0.0,nan,nan,nan
760,82618.4,82695.4,82500.1,82521.2,10768.0,nan,nan,0.0,nan,nan,nan
761,82501.0,82521.3,82389.9,82470.1,18509.0,83536.6015625,nan,0.0,nan,nan,83536.6015625
762,82469.3,82485.9,82382.7,82435.8,12156.0,nan,nan,0.0,nan,nan,nan
763,82432.1,82530.0,82431.9,82509.6,7552.0,nan,nan,0.0,nan,nan,nan
764,82509.9,82552.0,82480.8,82524.7,7396.0,nan,82382.703125,1.0,nan,82381.703125,nan
765,82510.0,82528.1,82438.2,82443.3,5419.0,nan,nan,0.0,nan,nan,nan
766,82446.4,82479.7,82381.1,82419.4,2903.0,nan,nan,0.0,nan,nan,nan
767,82418.7,82448.0,82284.2,82313.2,6078.0,84235.703125,nan,0.0,nan,nan,84235.703125
768,82317.0,82381.8,82257.2,82262.7,8322.0,nan,nan,0.0,nan,nan,nan
769,82279.4,82417.8,82229.4,82300.1,9838.0,nan,nan,0.0,nan,nan,nan
770,82300.1,82375.4,82229.0,82355.8,14190.0,nan,nan,0.0,nan,nan,nan
771,82355.8,82385.9,82268.4,82284.7,9506.0,nan,nan,0.0,nan,nan,nan
772,82268.2,82405.4,82268.2,82358.9,9579.0,nan,82229.0,1.0,nan,82228.0,nan
773,82358.0,82375.9,82200.1,82281.1,6470.0,nan,nan,0.0,nan,nan,nan
774,82286.5,82316.1,82221.9,82256.0,18679.0,83686.3984375,nan,0.0,nan,nan,83686.3984375
775,82272.4,82360.0,82272.4,82308.6,4366.0,nan,82200.1015625,1.0,nan,82199.1015625,nan
776,82307.5,82308.5,82208.6,82218.6,9752.0,nan,nan,0.0,nan,nan,nan
777,82217.7,82360.9,82217.7,82360.9,9148.0,nan,nan,0.0,nan,nan,nan
778,82341.3,82399.0,82309.4,82309.4,4196.0,82784.296875,82208.6015625,1.0,575.6953125,82207.6015625,82783.296875
779,82309.4,82353.7,82286.1,82317.2,4291.0,nan,nan,0.0,nan,nan,nan
780,82313.1,82372.3,82294.0,82306.6,4651.0,nan,nan,0.0,nan,nan,nan
781,82306.6,82457.7,82278.2,82278.2,9994.0,nan,nan,0.0,nan,nan,nan
782,82267.6,82387.4,82256.5,82311.2,9736.0,nan,nan,0.0,nan,nan,nan
783,82316.4,82401.0,82213.3,82361.6,31401.0,82431.796875,nan,0.0,nan,nan,82431.796875
784,82353.3,82353.3,82087.2,82207.2,17951.0,nan,nan,0.0,nan,nan,nan
785,82211.2,82229.2,82094.1,82094.1,10273.0,nan,nan,0.0,nan,nan,nan
786,82094.2,82172.1,82050.7,82089.7,19987.0,nan,nan,0.0,nan,nan,nan
787,82089.6,82200.0,82055.5,82200.0,4604.0,nan,nan,0.0,nan,nan,nan
788,82200.7,82200.7,81943.8,81995.4,16179.0,82935.8984375,nan,0.0,nan,nan,82935.8984375
789,82007.8,82099.5,81995.4,82057.6,9907.0,nan,nan,0.0,nan,nan,nan
790,82057.7,82081.7,81990.1,82015.7,17310.0,nan,81943.796875,1.0,nan,81942.796875,nan
791,82013.2,82148.5,82008.1,82120.8,29622.0,83379.703125,nan,0.0,nan,nan,83379.703125
792,82124.4,82141.0,82045.5,82052.5,15856.0,nan,nan,0.0,nan,nan,nan
793,82052.5,82270.8,82033.9,82270.7,11670.0,nan,nan,0.0,nan,nan,nan
794,82270.7,82389.6,82160.5,82310.0,34207.0,nan,nan,0.0,nan,nan,nan
795,82309.9,82309.9,82090.1,82120.3,12909.0,nan,nan,0.0,nan,nan,nan
796,82117.5,82181.5,81982.3,82010.3,9110.0,nan,nan,0.0,nan,nan,nan
797,82010.4,82067.1,81956.0,82042.3,8570.0,84984.1015625,nan,0.0,nan,nan,84984.1015625
798,82038.6,82061.9,81913.8,81950.5,11482.0,nan,nan,0.0,nan,nan,nan
799,81950.4,82032.4,81945.1,81985.9,7187.0,nan,nan,0.0,nan,nan,nan
800,81973.8,82004.9,81846.1,81851.1,10167.0,nan,nan,0.0,nan,nan,nan
801,81851.3,81854.3,81416.3,81444.9,69414.0,nan,nan,0.0,nan,nan,nan
802,81444.9,81613.8,81340.6,81551.5,39167.0,nan,nan,0.0,nan,nan,nan
803,81548.4,81591.1,80831.4,81134.0,196906.0,nan,nan,0.0,nan,nan,nan
804,81149.3,81160.4,80919.0,81101.0,45283.0,nan,nan,0.0,nan,nan,nan
805,81100.0,81444.4,81079.6,81328.8,30209.0,nan,80831.3984375,1.0,nan,80830.3984375,nan
806,81323.7,81323.7,81129.8,81140.6,36412.0,nan,nan,0.0,nan,nan,nan
807,81132.6,81159.4,80952.0,81011.6,32535.0,nan,nan,0.0,nan,nan,nan
808,81011.6,81050.4,80705.1,80725.3,38780.0,nan,nan,0.0,nan,nan,nan
809,80723.8,80963.9,80627.5,80945.5,42398.0,83408.3984375,nan,0.0,nan,nan,83408.3984375
810,80957.6,81666.0,80957.6,81466.2,131612.0,nan,nan,0.0,nan,nan,nan
811,81468.0,81877.6,81274.6,81711.1,61016.0,nan,80627.5,1.0,nan,80626.5,nan
812,81711.1,81889.9,81500.2,81605.4,33883.0,nan,nan,0.0,nan,nan,nan
813,81581.0,81707.1,81442.1,81606.9,30371.0,nan,nan,0.0,nan,nan,nan
814,81602.9,81807.5,81594.8,81700.5,18544.0,nan,nan,0.0,nan,nan,nan
815,81704.5,81821.2,81510.1,81821.2,35648.0,nan,nan,0.0,nan,nan,nan
816,81825.1,82274.0,81710.7,82101.7,46923.0,nan,nan,0.0,nan,nan,nan
817,82087.6,82581.6,82027.5,82511.1,70274.0,nan,nan,0.0,nan,nan,nan
818,82511.3,82866.1,82486.5,82768.0,63226.0,84432.6015625,nan,0.0,nan,nan,84432.6015625
819,82767.9,82982.8,82628.3,82982.8,31887.0,nan,nan,0.0,nan,nan,nan
820,82982.7,82982.7,82657.5,82736.3,19758.0,nan,nan,0.0,nan,nan,nan
821,82745.5,82971.2,82693.7,82878.7,22928.0,nan,nan,0.0,nan,nan,nan
822,82904.5,82908.6,82685.7,82750.9,12906.0,nan,nan,0.0,nan,nan,nan
823,82751.0,82887.6,82565.4,82874.2,24953.0,nan,nan,0.0,nan,nan,nan
824,82874.1,83033.3,82795.5,83002.3,14212.0,nan,nan,0.0,nan,nan,nan
825,83010.6,83427.0,82994.9,83316.3,37958.0,nan,82565.3984375,1.0,nan,82564.3984375,nan
826,83320.1,83419.2,83150.8,83164.4,16894.0,nan,nan,0.0,nan,nan,nan
827,83176.3,83300.0,83106.8,83270.4,9931.0,nan,nan,0.0,nan,nan,nan
828,83252.6,83322.0,83008.6,83078.5,13767.0,nan,nan,0.0,nan,nan,nan
829,83083.3,83191.8,82976.6,83191.8,11528.0,nan,nan,0.0,nan,nan,nan
830,83199.9,83528.1,83116.8,83499.9,25737.0,nan,nan,0.0,nan,nan,nan
831,83493.1,83499.9,83386.6,83496.4,18219.0,nan,82976.6015625,1.0,nan,82975.6015625,nan
832,83496.4,83576.6,83367.6,83389.8,14373.0,nan,nan,0.0,nan,nan,nan
833,83386.5,83583.2,83358.5,83565.7,5882.0,nan,nan,0.0,nan,nan,nan
834,83564.7,83589.1,83495.9,83564.2,9029.0,nan,nan,0.0,nan,nan,nan
835,83564.2,83567.0,83333.5,83333.5,10150.0,nan,nan,0.0,nan,nan,nan
836,83333.4,83355.8,83152.8,83179.1,17827.0,83455.703125,nan,0.0,nan,nan,83455.703125
837,83179.1,83306.3,83050.0,83302.2,11455.0,nan,nan,0.0,nan,nan,nan
838,83311.7,83311.7,83137.3,83240.7,8036.0,nan,nan,0.0,nan,nan,nan
839,83228.0,83278.0,83165.3,83272.9,7659.0,nan,83050.0,1.0,nan,83049.0,nan
840,83268.7,83413.3,83182.0,83400.6,9926.0,nan,nan,0.0,nan,nan,nan
841,83409.0,83420.5,83156.7,83156.7,9847.0,nan,nan,0.0,nan,nan,nan
842,83156.6,83458.2,83136.0,83378.3,9308.0,nan,nan,0.0,nan,nan,nan
843,83365.8,83487.3,83233.6,83282.3,8245.0,nan,nan,0.0,nan,nan,nan
844,83286.5,83299.6,83106.7,83237.1,12591.0,nan,nan,0.0,nan,nan,nan
845,83228.8,83428.0,83208.2,83400.3,11736.0,84433.5,nan,0.0,nan,nan,84433.5
846,83400.4,83614.9,83355.6,83556.5,9782.0,nan,83106.703125,1.0,nan,83105.703125,nan
847,83553.5,83566.5,83431.5,83466.6,5087.0,nan,nan,0.0,nan,nan,nan
848,83455.0,83696.9,83436.8,83671.7,14552.0,nan,nan,0.0,nan,nan,nan
849,83660.6,83887.3,83660.6,83796.7,25035.0,nan,nan,0.0,nan,nan,nan
850,83810.9,83866.3,83527.8,83527.8,8582.0,nan,nan,0.0,nan,nan,nan
851,83508.9,83671.5,83500.1,83644.1,7905.0,nan,nan,0.0,nan,nan,nan
852,83644.0,83704.1,83595.4,83648.1,8093.0,nan,nan,0.0,nan,nan,nan
853,83648.2,83792.6,83612.6,83745.6,7432.0,nan,83500.1015625,1.0,nan,83499.1015625,nan
854,83753.4,83836.6,83745.2,83810.6,14244.0,nan,nan,0.0,nan,nan,nan
855,83810.6,83911.9,83801.6,83908.4,9001.0,nan,nan,0.0,nan,nan,nan
856,83909.4,83988.6,83880.9,83988.6,11285.0,nan,nan,0.0,nan,nan,nan
857,83988.5,84346.8,83980.2,84217.3,20381.0,nan,nan,0.0,nan,nan,nan
858,84217.2,84217.2,84061.1,84092.6,8302.0,nan,nan,0.0,nan,nan,nan
859,84079.8,84182.5,83988.6,84143.9,7843.0,nan,nan,0.0,nan,nan,nan
860,84153.3,84185.7,83947.6,84021.0,8177.0,nan,nan,0.0,nan,nan,nan
861,84016.8,84163.7,83968.7,84027.8,12205.0,nan,nan,0.0,nan,nan,nan
862,84021.4,84043.1,83807.6,83847.9,9911.0,nan,nan,0.0,nan,nan,nan
863,83843.7,83856.9,83719.5,83753.7,9225.0,nan,nan,0.0,nan,nan,nan
864,83753.7,83776.9,83628.0,83628.0,8345.0,84356.0,nan,0.0,nan,nan,84356.0
865,83627.2,83704.8,83567.2,83666.8,14747.0,nan,nan,0.0,nan,nan,nan
866,83673.5,83715.7,83608.1,83699.0,5977.0,nan,nan,0.0,nan,nan,nan
867,83695.6,83719.0,83549.8,83549.8,3452.0,nan,nan,0.0,nan,nan,nan
868,83555.8,83589.6,83380.5,83405.1,40093.0,nan,nan,0.0,nan,nan,nan
869,83408.1,83495.8,83404.0,83440.7,9717.0,nan,nan,0.0,nan,nan,nan
870,83428.2,83583.5,83428.2,83571.6,7534.0,nan,83380.5,1.0,nan,83379.5,nan
871,83571.5,83598.2,83471.9,83564.6,6870.0,nan,nan,0.0,nan,nan,nan
872,83564.5,83603.3,83409.2,83445.4,6639.0,nan,nan,0.0,nan,nan,nan
873,83436.3,83466.5,83282.1,83453.4,7506.0,86781.0,nan,0.0,nan,nan,86781.0
874,83452.5,83527.9,83427.1,83512.6,5215.0,nan,nan,0.0,nan,nan,nan
875,83516.7,83790.7,83504.2,83747.7,11180.0,nan,83282.1015625,1.0,nan,83281.1015625,nan
876,83757.6,83895.3,83741.6,83858.9,10276.0,86663.703125,nan,0.0,nan,nan,86663.703125
877,83860.0,83932.9,83826.0,83932.9,6560.0,nan,nan,0.0,nan,nan,nan
878,83940.1,83984.9,83859.6,83950.7,11958.0,nan,nan,0.0,nan,nan,nan
879,83937.7,83937.7,83837.1,83860.8,7627.0,nan,nan,0.0,nan,nan,nan
880,83860.7,83988.5,83829.5,83944.8,3462.0,nan,nan,0.0,nan,nan,nan
881,83937.9,84109.1,83936.9,84099.5,15827.0,nan,nan,0.0,nan,nan,nan
882,84097.6,84195.8,84085.7,84107.1,6837.0,nan,83829.5,1.0,nan,83828.5,nan
883,84141.4,84194.8,84112.1,84128.8,5869.0,nan,nan,0.0,nan,nan,nan
884,84128.8,84152.8,84085.4,84138.0,5619.0,87090.796875,nan,0.0,nan,nan,87090.796875
885,84144.3,84282.8,84077.0,84253.4,11736.0,nan,nan,0.0,nan,nan,nan
886,84253.5,84346.9,84108.1,84123.6,12369.0,nan,nan,0.0,nan,nan,nan
887,84123.6,84243.2,84105.0,84183.7,6456.0,nan,84077.0,1.0,nan,84076.0,nan
888,84183.7,84407.1,84175.8,84356.4,12382.0,nan,nan,0.0,nan,nan,nan
889,84350.7,84350.7,84034.2,84086.3,10004.0,nan,nan,0.0,nan,nan,nan
890,84076.6,84152.9,84047.1,84143.1,8864.0,nan,nan,0.0,nan,nan,nan
891,84143.0,84386.4,84143.0,84366.4,7931.0,nan,84034.203125,1.0,nan,84033.203125,nan
892,84370.6,84424.5,84153.4,84209.8,9858.0,nan,nan,0.0,nan,nan,nan
893,84209.5,84308.4,84150.1,84244.1,10672.0,87017.6015625,nan,0.0,nan,nan,87017.6015625
894,84231.7,84277.4,84197.8,84265.0,4751.0,nan,nan,0.0,nan,nan,nan
895,84269.4,84294.7,84186.8,84188.0,4961.0,nan,nan,0.0,nan,nan,nan
896,84197.3,84214.2,84110.1,84163.8,8754.0,nan,nan,0.0,nan,nan,nan
897,84167.6,84237.4,84125.5,84197.2,7185.0,87004.0,nan,0.0,nan,nan,87004.0
898,84199.2,84214.4,84134.1,84178.5,4214.0,nan,84110.1015625,1.0,nan,84109.1015625,nan
899,84182.8,84243.3,84110.0,84110.1,9177.0,nan,nan,0.0,nan,nan,nan
900,84110.0,84145.0,84000.9,84019.7,11135.0,nan,nan,0.0,nan,nan,nan
901,84028.0,84028.1,83827.1,83878.1,31049.0,nan,nan,0.0,nan,nan,nan
902,83878.0,84009.6,83856.5,83953.2,4463.0,nan,nan,0.0,nan,nan,nan
903,83953.2,83980.8,83895.1,83918.3,6474.0,nan,83827.1015625,1.0,nan,83826.1015625,nan
904,83914.2,83935.5,83852.8,83852.8,6679.0,nan,nan,0.0,nan,nan,nan
905,83841.9,83860.5,83741.6,83755.0,7145.0,86402.1015625,nan,0.0,nan,nan,86402.1015625
906,83759.2,83974.9,83745.7,83964.7,7273.0,nan,nan,0.0,nan,nan,nan
907,83964.7,84032.4,83898.7,83969.7,9174.0,nan,83741.6015625,1.0,nan,83740.6015625,nan
908,83969.7,84129.4,83968.1,84078.1,7156.0,86352.796875,nan,0.0,nan,nan,86352.796875
909,84073.9,84201.0,84073.0,84196.5,8198.0,nan,nan,0.0,nan,nan,nan
910,84201.7,84201.7,84025.3,84045.2,8063.0,nan,nan,0.0,nan,nan,nan
911,84037.6,84037.8,83930.5,83979.7,5928.0,nan,nan,0.0,nan,nan,nan
912,83977.9,83988.5,83936.0,83982.1,8969.0,nan,nan,0.0,nan,nan,nan
913,83979.3,83979.3,83847.1,83847.1,3779.0,85574.296875,nan,0.0,nan,nan,85574.296875
914,83847.2,83916.9,83827.6,83827.6,7451.0,nan,nan,0.0,nan,nan,nan
915,83826.8,83826.8,83671.6,83685.5,10288.0,nan,nan,0.0,nan,nan,nan
916,83677.2,83750.0,83586.7,83735.2,11544.0,nan,nan,0.0,nan,nan,nan
917,83728.8,83728.8,83536.6,83616.9,42094.0,nan,nan,0.0,nan,nan,nan
918,83619.0,83698.3,83610.0,83610.6,4024.0,nan,nan,0.0,nan,nan,nan
919,83608.5,83630.5,83587.0,83611.6,4610.0,85487.203125,83536.6015625,1.0,1950.6015625,83535.6015625,85486.203125
920,83615.8,83753.0,83608.5,83696.0,8401.0,nan,nan,0.0,nan,nan,nan
921,83696.0,83808.4,83672.4,83771.7,8045.0,nan,nan,0.0,nan,nan,nan
922,83771.9,83797.2,83687.7,83743.3,7048.0,nan,nan,0.0,nan,nan,nan
923,83749.0,83833.7,83689.7,83817.0,7983.0,nan,nan,0.0,nan,nan,nan
924,83825.4,83826.3,83705.9,83740.7,7670.0,nan,nan,0.0,nan,nan,nan
925,83740.1,83775.0,83627.8,83677.6,7738.0,nan,nan,0.0,nan,nan,nan
926,83666.0,83684.1,83608.1,83608.1,5996.0,nan,nan,0.0,nan,nan,nan
927,83608.2,83629.2,83549.2,83576.1,6533.0,85693.6015625,nan,0.0,nan,nan,85693.6015625
928,83583.8,83622.3,83548.1,83548.2,7330.0,nan,nan,0.0,nan,nan,nan
929,83555.1,83706.1,83555.1,83672.0,10687.0,nan,nan,0.0,nan,nan,nan
930,83678.4,84299.9,83579.7,84099.8,48233.0,nan,83548.1015625,1.0,nan,83547.1015625,nan
931,84092.4,84256.8,83848.1,83896.1,20421.0,nan,nan,0.0,nan,nan,nan
932,83897.1,84299.9,83792.0,84270.3,17872.0,85474.5,nan,0.0,nan,nan,85474.5
933,84261.5,84293.4,83986.8,84269.2,10392.0,nan,nan,0.0,nan,nan,nan
934,84269.3,84820.2,84269.3,84762.7,44408.0,nan,nan,0.0,nan,nan,nan
935,84762.7,84900.0,84485.0,84890.9,32741.0,nan,nan,0.0,nan,nan,nan
936,84890.9,85001.8,84816.5,84976.8,62131.0,nan,nan,0.0,nan,nan,nan
937,84972.3,85140.8,84857.4,84864.4,30059.0,nan,nan,0.0,nan,nan,nan
938,84860.9,84992.7,84711.4,84800.2,12249.0,nan,nan,0.0,nan,nan,nan
939,84797.1,85040.4,84796.9,84863.8,11989.0,nan,nan,0.0,nan,nan,nan
940,84855.5,85041.6,84700.0,85007.8,10696.0,nan,nan,0.0,nan,nan,nan
941,85007.8,85267.7,85007.8,85169.7,18893.0,nan,nan,0.0,nan,nan,nan
942,85171.3,85279.8,84913.6,85028.8,11743.0,nan,84700.0,1.0,nan,84699.0,nan
943,85028.8,85028.8,84774.4,84815.3,17450.0,nan,nan,0.0,nan,nan,nan
944,84815.3,84968.6,84772.1,84907.1,9999.0,nan,nan,0.0,nan,nan,nan
945,84917.0,84984.1,84649.0,84660.5,12520.0,nan,nan,0.0,nan,nan,nan
946,84656.3,84699.8,84407.8,84436.5,15972.0,85927.0,nan,0.0,nan,nan,85927.0
947,84434.9,84539.6,84235.7,84261.3,11651.0,nan,nan,0.0,nan,nan,nan
948,84265.7,84645.9,84251.6,84645.8,25414.0,nan,nan,0.0,nan,nan,nan
949,84640.6,84671.3,84374.2,84546.2,8208.0,nan,84235.703125,1.0,nan,84234.703125,nan
950,84534.6,84682.1,84494.5,84649.9,18914.0,nan,nan,0.0,nan,nan,nan
951,84650.6,84986.8,84570.9,84893.5,17548.0,nan,nan,0.0,nan,nan,nan
952,84893.4,85162.0,84781.0,85125.8,20141.0,nan,nan,0.0,nan,nan,nan
953,85141.6,85217.2,85078.1,85179.5,8645.0,nan,nan,0.0,nan,nan,nan
954,85179.5,85427.9,85162.8,85400.7,20955.0,nan,nan,0.0,nan,nan,nan
955,85403.5,85488.7,85308.4,85417.0,8141.0,nan,nan,0.0,nan,nan,nan
956,85417.0,85417.0,85030.7,85069.6,20538.0,85606.0,nan,0.0,nan,nan,85606.0
957,85055.6,85190.8,85055.6,85060.6,6663.0,nan,nan,0.0,nan,nan,nan
958,85060.1,85154.7,85000.1,85122.8,11759.0,nan,nan,0.0,nan,nan,nan
959,85122.8,85122.8,84836.1,84836.2,16029.0,nan,nan,0.0,nan,nan,nan
960,84836.2,85103.4,84806.1,84820.4,13616.0,nan,nan,0.0,nan,nan,nan
961,84812.1,84833.6,84582.3,84582.3,12104.0,nan,nan,0.0,nan,nan,nan
962,84578.1,84628.0,84460.8,84469.8,16158.0,nan,nan,0.0,nan,nan,nan
963,84470.8,84551.8,84329.4,84551.7,10543.0,nan,nan,0.0,nan,nan,nan
964,84556.0,84601.9,84415.7,84555.3,7480.0,nan,nan,0.0,nan,nan,nan
965,84539.0,84713.2,84494.4,84632.7,20191.0,nan,84329.3984375,1.0,nan,84328.3984375,nan
966,84632.6,84788.1,84526.3,84670.7,11339.0,nan,nan,0.0,nan,nan,nan
967,84670.0,84670.5,84503.8,84520.0,8458.0,nan,nan,0.0,nan,nan,nan
968,84520.1,84558.2,84307.6,84440.3,13741.0,nan,nan,0.0,nan,nan,nan
969,84440.3,84502.6,84340.4,84454.2,4812.0,83955.1015625,nan,0.0,nan,nan,83955.1015625
970,84454.1,84461.6,84317.9,84424.8,8405.0,nan,84307.6015625,1.0,nan,84306.6015625,nan
971,84424.8,84466.4,84317.9,84428.5,5970.0,nan,nan,0.0,nan,nan,nan
972,84428.5,84469.6,84304.4,84328.8,6193.0,nan,nan,0.0,nan,nan,nan
973,84324.6,84341.3,84047.4,84155.2,19509.0,83890.5,nan,0.0,nan,nan,83890.5
974,84155.2,84252.7,84064.1,84174.1,6456.0,nan,nan,0.0,nan,nan,nan
975,84174.1,84294.7,84169.0,84187.5,9896.0,nan,84047.3984375,1.0,nan,84046.3984375,nan
976,84186.0,84243.8,84129.5,84130.9,5068.0,nan,nan,0.0,nan,nan,nan
977,84124.0,84124.0,83836.9,83943.2,13960.0,nan,nan,0.0,nan,nan,nan
978,83943.3,84075.7,83943.3,84063.2,18572.0,nan,nan,0.0,nan,nan,nan
979,84067.1,84202.8,84029.6,84184.1,18730.0,nan,83836.8984375,1.0,nan,83835.8984375,nan
980,84184.6,84201.2,83800.1,83860.5,9955.0,nan,nan,0.0,nan,nan,nan
981,83860.4,83911.7,83750.0,83803.1,9483.0,nan,nan,0.0,nan,nan,nan
982,83803.4,84003.3,83686.4,83926.7,14106.0,nan,nan,0.0,nan,nan,nan
983,83936.7,84116.6,83895.2,84063.1,5934.0,nan,nan,0.0,nan,nan,nan
984,84063.0,84068.0,83884.0,84056.9,11360.0,83692.0,83686.3984375,1.0,5.6015625,83685.3984375,83691.0
985,84058.9,84344.3,84000.1,84130.2,22610.0,nan,nan,0.0,nan,nan,nan
986,84143.8,84143.8,83805.5,83890.7,6890.0,nan,nan,0.0,nan,nan,nan
987,83898.4,83898.4,83725.7,83767.8,7933.0,nan,nan,0.0,nan,nan,nan
988,83769.1,83833.8,83644.4,83698.6,9021.0,nan,nan,0.0,nan,nan,nan
989,83698.6,83698.6,83592.7,83631.9,7309.0,nan,nan,0.0,nan,nan,nan
990,83628.6,83711.6,83506.1,83646.8,14344.0,nan,nan,0.0,nan,nan,nan
991,83640.5,83826.1,83518.1,83826.1,13397.0,nan,nan,0.0,nan,nan,nan
992,83826.2,83863.0,83730.3,83806.9,14159.0,nan,83506.1015625,1.0,nan,83505.1015625,nan
993,83793.4,83807.0,83529.3,83542.8,39490.0,nan,nan,0.0,nan,nan,nan
994,83541.2,83617.5,83335.1,83363.5,30566.0,nan,nan,0.0,nan,nan,nan
995,83364.5,83410.2,83294.4,83322.6,14210.0,nan,nan,0.0,nan,nan,nan
996,83329.0,83414.6,83195.0,83211.9,12244.0,nan,nan,0.0,nan,nan,nan
997,83211.9,83284.2,83062.6,83228.9,68510.0,nan,nan,0.0,nan,nan,nan
998,83244.1,83284.0,83121.4,83169.0,11905.0,nan,nan,0.0,nan,nan,nan
999,83175.6,83183.9,82916.8,82937.8,19501.0,81872.6015625,nan,0.0,nan,nan,81872.6015625
1000,82925.6,82963.6,82843.7,82875.6,29655.0,nan,nan,0.0,nan,nan,nan
1001,82876.6,83021.4,82870.1,82967.0,8328.0,nan,nan,0.0,nan,nan,nan
1002,82972.2,83028.8,82784.3,82884.9,14024.0,81964.8984375,nan,0.0,nan,nan,81964.8984375
1003,82870.4,83052.6,82846.0,83030.4,9470.0,nan,nan,0.0,nan,nan,nan
1004,83030.4,83299.0,83030.4,83225.5,16092.0,nan,82784.296875,1.0,nan,82783.296875,nan
1005,83225.5,83375.9,83118.9,83354.1,17205.0,nan,nan,0.0,nan,nan,nan
1006,83346.1,83366.1,83235.0,83327.7,13563.0,nan,nan,0.0,nan,nan,nan
1007,83327.7,83387.0,83234.4,83319.0,10598.0,82529.5,nan,0.0,nan,nan,82529.5
1008,83328.2,83367.4,83068.8,83169.0,9307.0,nan,nan,0.0,nan,nan,nan
1009,83191.0,83333.0,83145.0,83262.0,5816.0,nan,nan,0.0,nan,nan,nan
1010,83261.8,83261.8,83098.2,83204.9,7128.0,nan,83068.796875,1.0,nan,83067.796875,nan
1011,83205.8,83210.9,82950.1,83020.0,10240.0,nan,nan,0.0,nan,nan,nan
1012,83010.3,83025.3,82811.0,82841.7,16781.0,nan,nan,0.0,nan,nan,nan
1013,82845.8,82866.4,82718.4,82830.3,12697.0,nan,nan,0.0,nan,nan,nan
1014,82857.7,83147.1,82857.7,83096.5,12846.0,nan,nan,0.0,nan,nan,nan
1015,83085.2,83168.2,82984.1,83070.7,10440.0,nan,82718.3984375,1.0,nan,82717.3984375,nan
1016,83080.9,83200.2,82974.4,83158.8,10932.0,nan,nan,0.0,nan,nan,nan
1017,83158.9,83160.0,82927.1,82927.1,5971.0,nan,nan,0.0,nan,nan,nan
1018,82922.4,82988.2,82783.7,82963.5,13592.0,nan,nan,0.0,nan,nan,nan
1019,82965.8,82977.4,82875.1,82922.3,7153.0,82313.203125,nan,0.0,nan,nan,82313.203125
1020,82922.3,83030.4,82889.2,82941.3,11976.0,nan,82783.703125,1.0,nan,82782.703125,nan
1021,82950.1,83099.9,82902.3,83002.0,9003.0,nan,nan,0.0,nan,nan,nan
1022,82996.5,83020.0,82769.9,82843.9,19729.0,nan,nan,0.0,nan,nan,nan
1023,82843.8,82883.9,82707.7,82783.4,17817.0,nan,nan,0.0,nan,nan,nan
1024,82762.5,82762.5,82445.9,82450.1,38999.0,nan,nan,0.0,nan,nan,nan
1025,82457.3,82604.0,82310.6,82464.0,20183.0,nan,nan,0.0,nan,nan,nan
1026,82463.2,82533.3,82345.6,82498.0,12211.0,nan,nan,0.0,nan,nan,nan
1027,82490.7,82738.0,82431.8,82664.8,11469.0,81011.6015625,82310.6015625,1.0,1299.0,82309.6015625,81010.6015625
1028,82683.2,83082.3,82666.0,82839.8,14730.0,nan,nan,0.0,nan,nan,nan
1029,82843.1,82933.7,82700.1,82887.1,6414.0,nan,nan,0.0,nan,nan,nan
1030,82888.2,82990.1,82829.2,82875.8,8653.0,nan,nan,0.0,nan,nan,nan
1031,82888.0,82961.2,82739.9,82799.9,10151.0,nan,nan,0.0,nan,nan,nan
1032,82820.8,82825.6,82633.4,82714.6,15778.0,nan,nan,0.0,nan,nan,nan
1033,82715.6,82988.3,82715.6,82955.1,9882.0,nan,nan,0.0,nan,nan,nan
1034,82963.1,82967.7,82783.6,82919.9,7372.0,nan,82633.3984375,1.0,nan,82632.3984375,nan
1035,82913.9,82927.3,82831.9,82909.1,4950.0,nan,nan,0.0,nan,nan,nan
1036,82910.5,82960.7,82740.6,82909.9,8216.0,nan,nan,0.0,nan,nan,nan
1037,82921.7,83124.8,82802.1,82885.1,10440.0,nan,nan,0.0,nan,nan,nan
1038,82885.2,82910.2,82579.6,82602.9,8948.0,nan,nan,0.0,nan,nan,nan
1039,82597.0,82746.2,82551.9,82745.7,6251.0,nan,nan,0.0,nan,nan,nan
1040,82746.0,82972.1,82713.0,82924.8,8474.0,83445.3984375,nan,0.0,nan,nan,83445.3984375
1041,82931.2,83200.3,82842.8,83181.5,11690.0,nan,82551.8984375,1.0,nan,82550.8984375,nan
1042,83169.5,83271.3,82972.3,82976.7,31206.0,nan,nan,0.0,nan,nan,nan
1043,82981.4,83032.6,82853.1,82971.3,13061.0,nan,nan,0.0,nan,nan,nan
1044,82965.3,83145.1,82965.3,83098.3,9214.0,nan,nan,0.0,nan,nan,nan
1045,83087.7,83197.7,82994.5,83182.7,6665.0,nan,nan,0.0,nan,nan,nan
1046,83178.7,83229.1,83127.5,83133.0,7498.0,83953.203125,nan,0.0,nan,nan,83953.203125
1047,83128.0,83223.0,83102.7,83174.7,5256.0,nan,nan,0.0,nan,nan,nan
1048,83174.6,83307.3,83072.9,83184.5,35632.0,nan,nan,0.0,nan,nan,nan
1049,83184.6,83284.5,83088.8,83284.5,6360.0,nan,nan,0.0,nan,nan,nan
1050,83272.9,83346.8,83179.9,83179.9,13760.0,nan,83072.8984375,1.0,nan,83071.8984375,nan
1051,83179.7,83184.8,83045.7,83052.5,4461.0,83576.1015625,nan,0.0,nan,nan,83576.1015625
1052,83052.4,83146.3,82935.9,83116.1,10939.0,nan,nan,0.0,nan,nan,nan
1053,83100.4,83247.2,83088.1,83180.9,7460.0,nan,nan,0.0,nan,nan,nan
1054,83176.7,83247.2,83113.7,83113.7,4538.0,nan,82935.8984375,1.0,nan,82934.8984375,nan
1055,83112.5,83218.2,83097.6,83143.2,4559.0,84261.296875,nan,0.0,nan,nan,84261.296875
1056,83147.8,83445.2,83122.1,83399.3,9186.0,nan,nan,0.0,nan,nan,nan
1057,83393.7,83643.2,83384.8,83617.9,18477.0,nan,nan,0.0,nan,nan,nan
1058,83616.3,83796.2,83572.4,83765.2,20164.0,nan,nan,0.0,nan,nan,nan
1059,83761.1,83769.4,83530.7,83549.3,9553.0,nan,nan,0.0,nan,nan,nan
1060,83552.4,83699.9,83552.4,83664.0,8323.0,nan,nan,0.0,nan,nan,nan
1061,83663.9,83696.4,83552.1,83583.8,8161.0,nan,nan,0.0,nan,nan,nan
1062,83581.5,83617.6,83483.5,83502.9,9247.0,nan,nan,0.0,nan,nan,nan
1063,83498.6,83528.3,83410.5,83410.5,6310.0,nan,nan,0.0,nan,nan,nan
1064,83419.0,83419.1,83243.2,83355.1,44546.0,nan,nan,0.0,nan,nan,nan
1065,83365.5,83365.5,83137.7,83245.0,10509.0,nan,nan,0.0,nan,nan,nan
1066,83244.9,83472.3,83217.3,83376.4,11346.0,nan,nan,0.0,nan,nan,nan
1067,83379.7,83599.9,83379.7,83593.4,5674.0,nan,83137.703125,1.0,nan,83136.703125,nan
1068,83593.4,83810.5,83593.4,83773.3,12094.0,82841.703125,nan,0.0,nan,nan,82841.703125
1069,83778.5,83884.0,83778.5,83853.8,8720.0,nan,nan,0.0,nan,nan,nan
1070,83856.0,83932.0,83741.5,83919.5,6771.0,nan,nan,0.0,nan,nan,nan
1071,83916.6,84107.5,83916.6,84096.0,22793.0,82664.796875,nan,0.0,nan,nan,82664.796875
1072,84094.0,84469.1,84059.2,84469.1,44748.0,nan,nan,0.0,nan,nan,nan
1073,84469.1,84537.4,84331.0,84471.8,17837.0,nan,nan,0.0,nan,nan,nan
1074,84468.2,84514.9,84353.3,84407.5,7191.0,nan,nan,0.0,nan,nan,nan
1075,84405.0,84594.4,84400.8,84531.8,17853.0,nan,nan,0.0,nan,nan,nan
1076,84531.8,84779.9,84531.8,84728.3,10834.0,nan,nan,0.0,nan,nan,nan
1077,84726.2,84730.2,84553.1,84639.2,8104.0,nan,nan,0.0,nan,nan,nan
1078,84645.4,84843.4,84645.4,84788.6,6836.0,nan,nan,0.0,nan,nan,nan
1079,84802.4,84937.8,84788.9,84921.0,9863.0,nan,nan,0.0,nan,nan,nan
1080,84921.0,84963.5,84713.3,84825.4,29305.0,nan,nan,0.0,nan,nan,nan
1081,84825.4,84832.5,84578.6,84643.4,31444.0,nan,nan,0.0,nan,nan,nan
1082,84648.7,84856.0,84635.0,84707.8,12198.0,nan,nan,0.0,nan,nan,nan
1083,84713.1,84934.3,84713.1,84924.9,22912.0,nan,84578.6015625,1.0,nan,84577.6015625,nan
1084,84924.9,85000.0,84870.7,84992.2,7445.0,nan,nan,0.0,nan,nan,nan
1085,84988.3,85033.8,84865.2,84981.3,7177.0,85144.796875,nan,0.0,nan,nan,85144.796875
1086,84981.5,85175.3,84981.5,85131.6,10751.0,nan,nan,0.0,nan,nan,nan
1087,85132.1,85495.4,85088.0,85405.6,32002.0,nan,nan,0.0,nan,nan,nan
1088,85414.1,85414.1,85208.4,85305.7,15830.0,nan,nan,0.0,nan,nan,nan
1089,85305.7,85471.1,85301.4,85384.0,5496.0,nan,nan,0.0,nan,nan,nan
1090,85383.9,85383.9,85109.7,85229.7,15122.0,nan,nan,0.0,nan,nan,nan
1091,85228.3,85329.5,85143.0,85234.0,10143.0,nan,nan,0.0,nan,nan,nan
1092,85242.4,85311.9,85073.9,85155.1,14359.0,nan,nan,0.0,nan,nan,nan
1093,85166.3,85242.2,85024.3,85132.6,10146.0,nan,nan,0.0,nan,nan,nan
1094,85162.9,85233.7,85104.3,85130.0,9191.0,nan,nan,0.0,nan,nan,nan
1095,85131.1,85316.6,85120.1,85194.0,7822.0,nan,85024.296875,1.0,nan,85023.296875,nan
1096,85201.8,85285.2,85079.0,85131.4,8329.0,nan,nan,0.0,nan,nan,nan
1097,85160.4,85295.5,84984.1,85144.8,17961.0,83449.0,nan,0.0,nan,nan,83449.0
1098,85144.8,85407.8,85127.1,85361.0,17528.0,nan,nan,0.0,nan,nan,nan
1099,85361.0,85448.1,85123.2,85123.2,8249.0,nan,84984.1015625,1.0,nan,84983.1015625,nan
1100,85123.2,85130.6,84951.8,85037.8,10494.0,nan,nan,0.0,nan,nan,nan
1101,85042.0,85250.6,85016.8,85054.9,12391.0,nan,nan,0.0,nan,nan,nan
1102,85063.5,85277.3,85063.5,85188.7,10834.0,84349.8984375,84951.796875,1.0,601.8984375,84950.796875,84348.8984375
1103,85187.8,85337.9,85118.3,85337.9,10198.0,nan,nan,0.0,nan,nan,nan
1104,85346.5,85444.5,85329.2,85392.6,13602.0,nan,nan,0.0,nan,nan,nan
1105,85393.9,85561.9,85319.7,85418.8,11914.0,nan,nan,0.0,nan,nan,nan
1106,85417.8,85429.4,85300.1,85300.4,8748.0,84560.203125,nan,0.0,nan,nan,84560.203125
1107,85300.0,85300.0,85090.5,85152.2,6980.0,nan,nan,0.0,nan,nan,nan
1108,85153.2,85165.3,85047.3,85085.0,10597.0,nan,nan,0.0,nan,nan,nan
1109,85085.0,85226.7,85085.0,85199.7,8634.0,nan,nan,0.0,nan,nan,nan
1110,85195.7,85336.2,85195.7,85319.5,6052.0,nan,85047.296875,1.0,nan,85046.296875,nan
1111,85325.4,85429.3,85285.5,85289.7,7594.0,nan,nan,0.0,nan,nan,nan
1112,85285.6,85346.4,85205.0,85346.4,5640.0,nan,nan,0.0,nan,nan,nan
1113,85342.2,85423.8,85333.7,85423.7,8240.0,nan,nan,0.0,nan,nan,nan
1114,85410.8,85471.1,85387.4,85430.1,7198.0,nan,nan,0.0,nan,nan,nan
1115,85426.0,85471.1,85315.3,85394.0,5488.0,nan,nan,0.0,nan,nan,nan
1116,85397.6,85463.6,85352.0,85463.6,7635.0,nan,nan,0.0,nan,nan,nan
1117,85471.1,85471.1,85238.8,85252.8,8913.0,nan,nan,0.0,nan,nan,nan
1118,85247.5,85285.1,85058.4,85130.4,12347.0,nan,nan,0.0,nan,nan,nan
1119,85139.0,85276.5,85129.6,85169.9,15130.0,83904.296875,nan,0.0,nan,nan,83904.296875
1120,85181.6,85200.2,85075.3,85088.0,8698.0,nan,85058.3984375,1.0,nan,85057.3984375,nan
1121,85088.0,85200.0,84990.6,85200.0,18433.0,nan,nan,0.0,nan,nan,nan
1122,85200.0,85268.6,85181.8,85237.4,5815.0,nan,nan,0.0,nan,nan,nan
1123,85240.1,85268.1,85166.9,85205.4,5931.0,nan,84990.6015625,1.0,nan,84989.6015625,nan
1124,85198.0,85198.4,85125.6,85172.6,3847.0,83472.6015625,nan,0.0,nan,nan,83472.6015625
1125,85173.4,85384.5,85173.4,85335.4,18953.0,nan,nan,0.0,nan,nan,nan
1126,85343.1,85349.8,85102.7,85181.6,8900.0,nan,nan,0.0,nan,nan,nan
1127,85186.6,85246.2,85127.0,85230.2,5599.0,nan,nan,0.0,nan,nan,nan
1128,85224.5,85288.6,85170.3,85281.0,4742.0,nan,85102.703125,1.0,nan,85101.703125,nan
1129,85281.0,85355.8,85279.4,85318.8,9746.0,nan,nan,0.0,nan,nan,nan
1130,85318.7,85318.7,85180.9,85189.8,5384.0,nan,nan,0.0,nan,nan,nan
1131,85183.3,85269.7,85161.6,85223.7,6086.0,nan,nan,0.0,nan,nan,nan
1132,85222.7,85222.7,85020.0,85020.0,7734.0,84531.8984375,nan,0.0,nan,nan,84531.8984375
1133,85006.4,85052.3,84906.1,84906.1,7145.0,nan,nan,0.0,nan,nan,nan
1134,84905.8,84951.2,84779.9,84868.0,12524.0,nan,nan,0.0,nan,nan,nan
1135,84860.9,85071.5,84860.9,84990.3,8568.0,nan,nan,0.0,nan,nan,nan
1136,84988.0,84988.0,84879.2,84910.6,8412.0,nan,84779.8984375,1.0,nan,84778.8984375,nan
1137,84910.7,84992.1,84867.1,84961.3,5568.0,nan,nan,0.0,nan,nan,nan
1138,84957.2,85017.6,84882.3,84901.1,4003.0,nan,nan,0.0,nan,nan,nan
1139,84897.8,84949.5,84831.7,84855.1,9828.0,nan,nan,0.0,nan,nan,nan
1140,84871.0,84949.6,84782.5,84790.1,4940.0,nan,nan,0.0,nan,nan,nan
1141,84788.3,84808.4,84700.0,84751.4,8883.0,85187.8984375,nan,0.0,nan,nan,85187.8984375
1142,84754.7,84754.7,84570.5,84612.5,12330.0,nan,nan,0.0,nan,nan,nan
1143,84604.1,84637.0,84327.4,84423.9,40936.0,nan,nan,0.0,nan,nan,nan
1144,84420.7,84420.7,84208.6,84229.8,10888.0,nan,nan,0.0,nan,nan,nan
1145,84229.8,84290.6,84004.7,84024.3,17100.0,nan,nan,0.0,nan,nan,nan
1146,84012.6,84258.9,83913.9,84150.8,11053.0,nan,nan,0.0,nan,nan,nan
1147,84150.8,84159.2,83900.0,83998.3,31858.0,nan,nan,0.0,nan,nan,nan
1148,83998.4,84009.6,83758.2,83909.4,21347.0,84537.796875,nan,0.0,nan,nan,84537.796875
1149,83909.5,84162.2,83873.9,84122.5,18923.0,nan,nan,0.0,nan,nan,nan
1150,84122.4,84122.4,83911.3,83937.3,10531.0,nan,83758.203125,1.0,nan,83757.203125,nan
1151,83951.5,84061.3,83783.2,83928.5,11695.0,nan,nan,0.0,nan,nan,nan
1152,83934.7,83934.7,83774.4,83783.4,7850.0,nan,nan,0.0,nan,nan,nan
1153,83792.7,83857.4,83586.1,83627.4,36647.0,nan,nan,0.0,nan,nan,nan
1154,83623.2,83674.0,83547.0,83663.7,8006.0,nan,nan,0.0,nan,nan,nan
1155,83660.6,83695.7,83545.4,83676.7,7245.0,nan,nan,0.0,nan,nan,nan
1156,83682.7,83777.7,83607.0,83716.5,13175.0,nan,nan,0.0,nan,nan,nan
1157,83715.4,83715.4,83408.4,83449.0,20753.0,nan,nan,0.0,nan,nan,nan
1158,83446.0,83498.2,83387.0,83480.7,13874.0,3767.0,nan,0.0,nan,nan,3767.0
1159,83493.3,83525.2,83452.6,83455.1,6233.0,nan,nan,0.0,nan,nan,nan
1160,83471.8,83471.8,83291.7,83334.0,12585.0,nan,nan,0.0,nan,nan,nan
1161,83342.4,83617.9,83325.6,83576.7,11625.0,nan,nan,0.0,nan,nan,nan
1162,83584.9,83594.5,83415.2,83489.9,7671.0,nan,83291.703125,1.0,nan,83290.703125,nan
1163,83460.4,83604.4,83436.0,83525.7,6586.0,nan,nan,0.0,nan,nan,nan
1164,83525.8,83653.4,83477.7,83620.6,9151.0,nan,nan,0.0,nan,nan,nan
1165,83629.0,83964.9,83580.7,83882.4,25524.0,1637.0,nan,0.0,nan,nan,1637.0
1166,83890.1,83915.8,83752.2,83793.9,9105.0,nan,nan,0.0,nan,nan,nan
1167,83798.6,83938.7,83798.5,83880.9,12169.0,nan,nan,0.0,nan,nan,nan
1168,83881.0,84189.7,83881.0,84072.7,17582.0,nan,nan,0.0,nan,nan,nan
1169,84072.6,84110.0,83977.5,84070.0,8548.0,nan,nan,0.0,nan,nan,nan
1170,84066.4,84172.1,83973.2,84144.1,11358.0,nan,nan,0.0,nan,nan,nan
1171,84139.7,84290.6,84139.7,84254.7,9421.0,nan,nan,0.0,nan,nan,nan
1172,84258.5,84413.2,84225.4,84413.2,12062.0,4446.0,nan,0.0,nan,nan,4446.0
1173,84413.2,84433.4,84171.6,84195.6,15662.0,nan,nan,0.0,nan,nan,nan
1174,84200.2,84304.5,84200.2,84296.3,3366.0,nan,nan,0.0,nan,nan,nan
1175,84296.4,84338.8,84269.6,84338.8,8487.0,3113.0,nan,0.0,nan,nan,3113.0
1176,84347.4,84581.3,84347.4,84485.4,12701.0,nan,nan,0.0,nan,nan,nan
1177,84487.4,84546.4,84484.0,84509.9,5394.0,nan,nan,0.0,nan,nan,nan
1178,84509.9,84590.6,84498.0,84536.8,6268.0,nan,nan,0.0,nan,nan,nan
1179,84533.6,84566.9,84485.3,84517.0,5349.0,nan,nan,0.0,nan,nan,nan
1180,84524.8,84553.9,84337.7,84382.3,14614.0,4240.0,nan,0.0,nan,nan,4240.0
1181,84392.1,84400.7,84168.8,84349.4,33939.0,nan,nan,0.0,nan,nan,nan
1182,84365.0,84388.0,84278.7,84349.9,6606.0,nan,nan,0.0,nan,nan,nan
1183,84345.6,84472.3,84345.6,84462.4,5434.0,nan,84168.796875,1.0,nan,84167.796875,nan
1184,84465.5,84531.8,84428.4,84529.1,16535.0,nan,nan,0.0,nan,nan,nan
1185,84532.3,84587.4,84397.0,84448.4,7372.0,nan,nan,0.0,nan,nan,nan
1186,84452.6,84506.9,84426.9,84432.8,6998.0,3075.0,nan,0.0,nan,nan,3075.0
1187,84436.5,84559.0,84403.6,84559.0,5150.0,nan,nan,0.0,nan,nan,nan
1188,84559.0,85041.7,84547.6,84927.3,23950.0,nan,nan,0.0,nan,nan,nan
1189,84929.4,85082.1,84766.9,84804.0,12416.0,3309.0,nan,0.0,nan,nan,3309.0
1190,84803.0,85016.3,84803.0,84878.2,11871.0,nan,nan,0.0,nan,nan,nan
1191,84877.0,84977.4,84773.4,84844.7,7295.0,nan,nan,0.0,nan,nan,nan
1192,84851.2,84856.0,84676.1,84707.5,12813.0,nan,nan,0.0,nan,nan,nan
1193,84720.3,84870.1,84720.3,84795.0,5609.0,4754.0,nan,0.0,nan,nan,4754.0
1194,84777.9,84777.9,84558.1,84683.4,7423.0,nan,nan,0.0,nan,nan,nan
1195,84666.5,84714.0,84598.9,84711.8,5164.0,nan,nan,0.0,nan,nan,nan
1196,84707.5,84745.1,84601.9,84646.0,5867.0,nan,84558.1015625,1.0,nan,84557.1015625,nan
1197,84645.3,84657.8,84504.9,84595.3,6202.0,nan,nan,0.0,nan,nan,nan
1198,84584.1,84642.0,84556.9,84621.6,3858.0,5794.0,nan,0.0,nan,nan,5794.0
1199,84612.8,84636.4,84562.6,84574.1,6899.0,nan,84504.8984375,1.0,nan,84503.8984375,nan
1200,84579.3,84653.4,84561.3,84595.8,4130.0,nan,nan,0.0,nan,nan,nan
1201,84601.0,84657.3,84428.3,84428.3,6261.0,nan,nan,0.0,nan,nan,nan
1202,84432.6,84573.7,84432.6,84560.2,7631.0,nan,nan,0.0,nan,nan,nan
1203,84547.6,84699.9,84523.2,84684.8,5995.0,nan,84428.296875,1.0,nan,84427.296875,nan
1204,84689.0,84767.0,84628.4,84749.9,10380.0,4643.0,nan,0.0,nan,nan,4643.0
1205,84752.5,84798.4,84665.3,84666.3,4803.0,nan,nan,0.0,nan,nan,nan
1206,84668.5,84668.5,84573.8,84594.9,4486.0,nan,nan,0.0,nan,nan,nan
1207,84603.5,84632.9,84568.0,84579.0,5117.0,2838.0,nan,0.0,nan,nan,2838.0
1208,84574.0,84622.8,84543.6,84622.8,4226.0,nan,nan,0.0,nan,nan,nan
1209,84622.8,84838.7,84622.8,84818.8,6063.0,nan,nan,0.0,nan,nan,nan
1210,84823.0,84893.5,84713.3,84753.6,5369.0,4429.0,84543.6015625,1.0,80114.6015625,84542.6015625,4428.0
1211,84753.5,84787.4,84651.2,84735.2,7993.0,nan,nan,0.0,nan,nan,nan
1212,84736.2,84751.3,84611.1,84628.1,3401.0,nan,nan,0.0,nan,nan,nan
1213,84619.0,84619.0,84500.1,84528.5,5541.0,nan,nan,0.0,nan,nan,nan
1214,84515.0,84601.6,84491.5,84564.8,4341.0,nan,nan,0.0,nan,nan,nan
1215,84560.6,84560.6,84477.0,84550.4,4307.0,nan,nan,0.0,nan,nan,nan
1216,84559.1,84682.5,84556.3,84682.5,3839.0,2704.0,nan,0.0,nan,nan,2704.0
1217,84686.6,84718.5,84635.9,84718.5,4857.0,nan,84477.0,1.0,nan,84476.0,nan
1218,84709.0,84710.8,84545.8,84555.3,3550.0,nan,nan,0.0,nan,nan,nan
1219,84571.0,84762.2,84567.1,84759.5,4013.0,nan,nan,0.0,nan,nan,nan
1220,84759.5,84912.6,84702.4,84889.8,5755.0,nan,84545.796875,1.0,nan,84544.796875,nan
1221,84896.8,84968.5,84896.8,84961.3,5503.0,nan,nan,0.0,nan,nan,nan
1222,84960.5,85023.8,84845.7,84852.6,7672.0,nan,nan,0.0,nan,nan,nan
1223,84871.0,84892.0,84759.8,84883.9,8826.0,nan,nan,0.0,nan,nan,nan
1224,84884.9,84952.4,84811.6,84914.5,4672.0,nan,nan,0.0,nan,nan,nan
1225,84901.7,85024.2,84901.7,84973.7,4123.0,3744.0,84759.796875,1.0,81015.796875,84758.796875,3743.0
1226,84970.0,85009.0,84947.1,84955.7,3577.0,nan,nan,0.0,nan,nan,nan
1227,84969.0,84973.7,84936.4,84937.4,2647.0,nan,nan,0.0,nan,nan,nan
1228,84937.3,84937.3,84827.7,84882.3,4596.0,nan,nan,0.0,nan,nan,nan
1229,84882.2,84925.0,84868.6,84895.3,4052.0,nan,nan,0.0,nan,nan,nan
1230,84895.3,84998.5,84866.9,84877.4,5019.0,4060.0,84827.703125,1.0,80767.703125,84826.703125,4059.0
1231,84888.3,84905.0,84702.6,84719.9,7820.0,nan,nan,0.0,nan,nan,nan
1232,84719.9,84799.6,84676.5,84744.1,7162.0,nan,nan,0.0,nan,nan,nan
1233,84742.8,84769.3,84649.4,84658.7,5654.0,nan,nan,0.0,nan,nan,nan
1234,84647.0,84680.1,84620.4,84639.7,3991.0,nan,nan,0.0,nan,nan,nan
1235,84639.8,84730.1,84639.8,84730.1,6066.0,1520.0,nan,0.0,nan,nan,1520.0
1236,84732.8,84841.4,84732.8,84758.0,4764.0,nan,84620.3984375,1.0,nan,84619.3984375,nan
1237,84757.9,84819.6,84709.7,84816.7,4422.0,nan,nan,0.0,nan,nan,nan
1238,84819.6,84872.1,84814.6,84855.0,3554.0,nan,nan,0.0,nan,nan,nan
1239,84850.0,84855.7,84745.7,84745.7,4365.0,nan,nan,0.0,nan,nan,nan
1240,84744.6,84772.2,84679.9,84681.8,6231.0,nan,nan,0.0,nan,nan,nan
1241,84682.2,84696.8,84600.0,84659.2,4135.0,2784.0,nan,0.0,nan,nan,2784.0
1242,84666.3,84700.8,84633.6,84657.1,4495.0,nan,nan,0.0,nan,nan,nan
1243,84657.4,84657.4,84437.4,84445.4,12001.0,nan,nan,0.0,nan,nan,nan
1244,84445.5,84470.5,84350.9,84440.0,5845.0,3229.0,nan,0.0,nan,nan,3229.0
1245,84447.1,84447.3,84342.6,84383.2,10287.0,nan,nan,0.0,nan,nan,nan
1246,84378.9,84403.2,84241.3,84274.8,6575.0,nan,nan,0.0,nan,nan,nan
1247,84270.6,84367.3,84225.5,84367.2,6615.0,nan,nan,0.0,nan,nan,nan
1248,84367.2,84430.8,84293.0,84388.3,8113.0,nan,nan,0.0,nan,nan,nan
1249,84388.2,84442.1,84332.8,84377.2,4869.0,3724.0,84225.5,1.0,80501.5,84224.5,3723.0
1250,84369.0,84404.5,84304.8,84324.8,6715.0,nan,nan,0.0,nan,nan,nan
1251,84316.3,84316.3,84249.3,84256.0,5524.0,nan,nan,0.0,nan,nan,nan
1252,84250.1,84307.1,84178.8,84238.0,9858.0,2319.0,nan,0.0,nan,nan,2319.0
1253,84240.4,84240.4,84116.7,84120.3,4542.0,nan,nan,0.0,nan,nan,nan
1254,84117.0,84193.2,84063.2,84170.8,5030.0,nan,nan,0.0,nan,nan,nan
1255,84176.1,84361.3,84176.1,84345.3,4132.0,4338.0,nan,0.0,nan,nan,4338.0
1256,84345.3,84359.7,84245.5,84254.0,5754.0,nan,84063.203125,1.0,nan,84062.203125,nan
1257,84254.1,84266.7,84165.4,84204.8,2063.0,nan,nan,0.0,nan,nan,nan
1258,84226.0,84268.1,84196.0,84207.2,3810.0,nan,nan,0.0,nan,nan,nan
1259,84188.2,84224.2,84179.5,84209.9,3738.0,nan,84165.3984375,1.0,nan,84164.3984375,nan
1260,84202.7,84268.2,84175.1,84237.9,6033.0,7444.0,nan,0.0,nan,nan,7444.0
1261,84234.1,84366.1,84194.6,84335.2,5805.0,nan,nan,0.0,nan,nan,nan
1262,84335.2,84340.4,84206.4,84239.7,8218.0,nan,84175.1015625,1.0,nan,84174.1015625,nan
1263,84239.6,84345.5,84214.1,84315.6,7880.0,nan,nan,0.0,nan,nan,nan
1264,84320.8,84320.8,84181.8,84186.3,3710.0,nan,nan,0.0,nan,nan,nan
1265,84182.0,84194.1,84034.7,84063.0,19380.0,nan,nan,0.0,nan,nan,nan
1266,84063.1,84101.4,84000.2,84000.2,12074.0,nan,nan,0.0,nan,nan,nan
1267,84000.0,84074.3,83904.3,83904.3,9397.0,nan,nan,0.0,nan,nan,nan
1268,83900.0,83929.4,83857.1,83916.3,8282.0,3753.0,nan,0.0,nan,nan,3753.0
1269,83933.1,83933.1,83883.7,83920.2,6761.0,nan,nan,0.0,nan,nan,nan
1270,83919.3,84011.8,83919.3,84011.8,17995.0,nan,83857.1015625,1.0,nan,83856.1015625,nan
1271,84011.9,84094.0,84011.9,84092.7,4472.0,nan,nan,0.0,nan,nan,nan
1272,84092.6,84344.8,84090.7,84217.9,10984.0,nan,nan,0.0,nan,nan,nan
1273,84214.3,84214.3,84078.0,84117.3,6081.0,6080.0,nan,0.0,nan,nan,6080.0
1274,84121.5,84198.6,84121.5,84192.3,3944.0,nan,nan,0.0,nan,nan,nan
1275,84207.3,84212.4,84004.8,84004.8,13441.0,nan,nan,0.0,nan,nan,nan
1276,83992.1,83996.7,83929.0,83961.3,6353.0,nan,nan,0.0,nan,nan,nan
1277,83966.4,83971.6,83877.7,83931.0,4186.0,5081.0,nan,0.0,nan,nan,5081.0
1278,83914.8,83940.5,83848.1,83859.0,4120.0,nan,nan,0.0,nan,nan,nan
1279,83850.6,83892.0,83769.8,83826.0,7933.0,nan,nan,0.0,nan,nan,nan
1280,83822.0,83848.0,83750.0,83818.8,6358.0,nan,nan,0.0,nan,nan,nan
1281,83820.1,83849.7,83779.1,83828.8,7407.0,nan,nan,0.0,nan,nan,nan
1282,83828.6,83891.3,83780.3,83853.9,7302.0,nan,83750.0,1.0,nan,83749.0,nan
1283,83843.7,83866.5,83708.9,83713.4,5583.0,nan,nan,0.0,nan,nan,nan
1284,83713.3,83713.3,83641.8,83693.4,6586.0,nan,nan,0.0,nan,nan,nan
1285,83700.0,83852.0,83700.0,83848.3,8200.0,12146.0,nan,0.0,nan,nan,12146.0
1286,83855.8,83905.9,83831.3,83862.8,3187.0,nan,83641.796875,1.0,nan,83640.796875,nan
1287,83872.8,83872.9,83650.6,83650.6,4158.0,nan,nan,0.0,nan,nan,nan
1288,83650.5,83652.1,83588.0,83647.7,5952.0,nan,nan,0.0,nan,nan,nan
1289,83645.7,83645.7,83500.1,83538.1,5771.0,nan,nan,0.0,nan,nan,nan
1290,83535.1,83580.0,83469.8,83503.7,7573.0,nan,nan,0.0,nan,nan,nan
1291,83513.7,83580.8,83482.9,83560.0,4075.0,nan,nan,0.0,nan,nan,nan
1292,83558.1,83583.9,83455.7,83472.6,4779.0,nan,nan,0.0,nan,nan,nan
1293,83475.7,83697.7,83460.8,83697.7,7239.0,nan,nan,0.0,nan,nan,nan
1294,83699.2,83728.7,83561.3,83568.8,3836.0,6082.0,83455.703125,1.0,77373.703125,83454.703125,6081.0
1295,83575.0,83868.0,83575.0,83768.7,8085.0,nan,nan,0.0,nan,nan,nan
1296,83759.3,83801.6,83697.5,83736.2,8254.0,nan,nan,0.0,nan,nan,nan
1297,83733.7,83895.9,83695.4,83895.1,5175.0,4222.0,nan,0.0,nan,nan,4222.0
1298,83895.1,84172.5,83887.2,84172.5,15440.0,nan,nan,0.0,nan,nan,nan
1299,84172.5,84198.5,84014.1,84014.1,18881.0,nan,nan,0.0,nan,nan,nan
1300,83997.4,84091.5,83936.3,84091.5,5203.0,nan,nan,0.0,nan,nan,nan
1301,84094.7,84191.0,84042.3,84116.6,5684.0,nan,nan,0.0,nan,nan,nan
1302,84106.1,84192.9,84071.6,84071.6,3578.0,nan,nan,0.0,nan,nan,nan
1303,84067.3,84262.1,84000.0,84188.2,5813.0,1869.0,nan,0.0,nan,nan,1869.0
1304,84184.0,84268.3,84160.8,84247.8,6726.0,nan,nan,0.0,nan,nan,nan
1305,84253.9,84347.9,84232.0,84289.8,12553.0,nan,84000.0,1.0,nan,83999.0,nan
1306,84291.0,84482.7,84288.8,84477.0,6928.0,nan,nan,0.0,nan,nan,nan
1307,84474.3,84572.8,84359.7,84463.5,12104.0,6078.0,nan,0.0,nan,nan,6078.0
1308,84491.5,84593.8,84445.5,84593.8,5926.0,nan,nan,0.0,nan,nan,nan
1309,84594.3,84657.3,84538.5,84556.0,6393.0,nan,nan,0.0,nan,nan,nan
1310,84561.0,84644.8,84352.5,84355.3,17323.0,nan,nan,0.0,nan,nan,nan
1311,84363.8,84549.6,84358.7,84520.5,3899.0,4604.0,nan,0.0,nan,nan,4604.0
1312,84505.5,84545.4,84432.1,84432.1,5541.0,nan,84352.5,1.0,nan,84351.5,nan
1313,84428.9,84500.3,84385.7,84385.7,5566.0,nan,nan,0.0,nan,nan,nan
1314,84385.6,84501.2,84352.7,84491.3,7929.0,nan,nan,0.0,nan,nan,nan
1315,84491.4,84517.3,84240.4,84367.0,27198.0,nan,nan,0.0,nan,nan,nan
1316,84371.1,84579.1,84371.1,84566.3,16838.0,nan,nan,0.0,nan,nan,nan
1317,84566.3,84657.5,84500.1,84637.2,28911.0,nan,84240.3984375,1.0,nan,84239.3984375,nan
1318,84637.2,84641.0,84500.1,84533.7,4804.0,nan,nan,0.0,nan,nan,nan
1319,84531.4,84644.5,84385.1,84562.9,35778.0,9931.0,nan,0.0,nan,nan,9931.0
1320,84565.2,84628.1,84510.1,84607.1,9880.0,nan,nan,0.0,nan,nan,nan
1321,84624.0,84749.9,84624.0,84645.2,13423.0,nan,84385.1015625,1.0,nan,84384.1015625,nan
1322,84645.2,84691.3,84599.5,84624.6,6810.0,nan,nan,0.0,nan,nan,nan
1323,84623.4,84623.4,84466.6,84474.4,7868.0,5087.0,nan,0.0,nan,nan,5087.0
1324,84473.5,84506.1,84339.1,84506.1,8344.0,nan,nan,0.0,nan,nan,nan
1325,84501.9,84535.7,84425.5,84470.1,5125.0,nan,nan,0.0,nan,nan,nan
1326,84473.0,84624.4,84473.0,84570.9,5409.0,nan,84339.1015625,1.0,nan,84338.1015625,nan
1327,84573.3,84586.9,84510.2,84570.1,5718.0,3452.0,nan,0.0,nan,nan,3452.0
1328,84577.4,84577.4,84502.7,84553.3,5204.0,nan,nan,0.0,nan,nan,nan
1329,84557.5,84573.1,84470.5,84474.8,3454.0,nan,nan,0.0,nan,nan,nan
1330,84494.4,84595.0,84459.5,84595.0,3585.0,nan,nan,0.0,nan,nan,nan
1331,84595.0,84641.1,84520.0,84520.0,5515.0,6456.0,nan,0.0,nan,nan,6456.0
1332,84520.0,84540.0,84436.8,84531.9,2068.0,nan,nan,0.0,nan,nan,nan
1333,84528.5,84623.9,84528.5,84593.7,5397.0,nan,nan,0.0,nan,nan,nan
1334,84593.8,84623.9,84580.6,84607.0,2500.0,4463.0,84436.796875,1.0,79973.796875,84435.796875,4462.0
1335,84602.0,84632.5,84525.2,84525.2,4342.0,nan,nan,0.0,nan,nan,nan
1336,84495.7,84515.5,84416.9,84435.8,6431.0,nan,nan,0.0,nan,nan,nan
1337,84437.8,84583.7,84433.5,84583.7,3990.0,nan,nan,0.0,nan,nan,nan
1338,84585.3,84629.4,84440.0,84440.0,3820.0,nan,84416.8984375,1.0,nan,84415.8984375,nan
1339,84434.2,84550.9,84434.2,84512.1,3444.0,6533.0,nan,0.0,nan,nan,6533.0
1340,84500.1,84700.0,84494.2,84683.0,7857.0,nan,nan,0.0,nan,nan,nan
1341,84682.9,84757.3,84664.2,84722.2,6431.0,nan,nan,0.0,nan,nan,nan
1342,84732.9,84821.9,84731.4,84813.0,6394.0,nan,nan,0.0,nan,nan,nan
1343,84816.3,84884.7,84795.9,84873.6,6753.0,nan,nan,0.0,nan,nan,nan
1344,84876.0,84882.6,84729.1,84737.6,5693.0,nan,nan,0.0,nan,nan,nan
1345,84741.8,84950.0,84732.4,84931.7,23302.0,6663.0,nan,0.0,nan,nan,6663.0
1346,84926.2,84950.0,84926.2,84930.6,3691.0,nan,84729.1015625,1.0,nan,84728.1015625,nan
1347,84930.5,84976.9,84930.5,84946.3,2009.0,nan,nan,0.0,nan,nan,nan
1348,84946.2,84959.3,84922.1,84943.4,2789.0,6193.0,nan,0.0,nan,nan,6193.0
1349,84943.5,84987.6,84943.5,84951.5,3120.0,nan,nan,0.0,nan,nan,nan
1350,84951.6,84976.7,84937.7,84976.7,4769.0,nan,84922.1015625,1.0,nan,84921.1015625,nan
1351,84986.9,85033.2,84976.6,85021.0,3567.0,7933.0,nan,0.0,nan,nan,7933.0
1352,85023.1,85095.1,84998.7,85054.4,7024.0,nan,nan,0.0,nan,nan,nan
1353,85060.0,85060.0,84988.0,84991.1,5809.0,nan,nan,0.0,nan,nan,nan
1354,84995.0,84995.0,84926.9,84981.1,6869.0,nan,nan,0.0,nan,nan,nan
1355,84986.9,85125.0,84986.9,85079.5,4883.0,nan,nan,0.0,nan,nan,nan
1356,85078.9,85287.3,85078.9,85214.9,12182.0,nan,84926.8984375,1.0,nan,84925.8984375,nan
1357,85207.9,85207.9,85091.6,85125.2,5917.0,5971.0,nan,0.0,nan,nan,5971.0
1358,85123.3,85191.3,85115.6,85191.3,3562.0,nan,nan,0.0,nan,nan,nan
1359,85203.1,85266.4,85172.5,85266.3,7952.0,nan,nan,0.0,nan,nan,nan
1360,85266.3,85335.9,85224.6,85314.8,4649.0,nan,nan,0.0,nan,nan,nan
1361,85314.7,85327.6,85257.9,85290.8,5677.0,nan,nan,0.0,nan,nan,nan
1362,85284.2,85385.0,85284.2,85349.3,4114.0,nan,nan,0.0,nan,nan,nan
1363,85349.3,85349.4,85323.7,85337.2,2560.0,5256.0,nan,0.0,nan,nan,5256.0
1364,85337.2,85337.2,85219.7,85247.9,5227.0,nan,nan,0.0,nan,nan,nan
1365,85249.9,85259.9,85178.6,85204.9,5217.0,nan,nan,0.0,nan,nan,nan
1366,85204.9,85235.3,85140.2,85140.2,4989.0,nan,nan,0.0,nan,nan,nan
1367,85140.2,85235.6,85140.2,85232.7,4661.0,5674.0,nan,0.0,nan,nan,5674.0
1368,85230.2,85332.6,85230.2,85308.8,3567.0,nan,nan,0.0,nan,nan,nan
1369,85308.7,85325.6,85247.1,85272.4,7719.0,nan,nan,0.0,nan,nan,nan
1370,85272.4,85299.3,85242.7,85271.8,3274.0,nan,nan,0.0,nan,nan,nan
1371,85271.7,85385.0,85263.6,85385.0,9905.0,nan,nan,0.0,nan,nan,nan
1372,85396.3,85402.3,85347.9,85376.7,7416.0,nan,nan,0.0,nan,nan,nan
1373,85376.6,85376.6,85336.1,85336.1,2453.0,nan,nan,0.0,nan,nan,nan
1374,85340.3,85340.3,85214.1,85227.1,3585.0,nan,nan,0.0,nan,nan,nan
1375,85232.9,85265.0,85131.3,85150.6,4884.0,nan,nan,0.0,nan,nan,nan
1376,85156.9,85264.9,85137.6,85233.7,4093.0,5640.0,nan,0.0,nan,nan,5640.0
1377,85217.6,85250.2,85187.9,85187.9,3042.0,nan,85131.296875,1.0,nan,85130.296875,nan
1378,85188.0,85219.6,85140.7,85146.9,5387.0,nan,nan,0.0,nan,nan,nan
1379,85147.0,85168.0,85123.9,85168.0,3676.0,nan,nan,0.0,nan,nan,nan
1380,85173.0,85201.1,85145.5,85175.5,2938.0,nan,nan,0.0,nan,nan,nan
1381,85175.4,85308.7,85175.4,85271.4,3374.0,5568.0,85123.8984375,1.0,79555.8984375,85122.8984375,5567.0
1382,85275.7,85346.8,85275.7,85335.1,4547.0,nan,nan,0.0,nan,nan,nan
1383,85331.1,85396.9,85307.4,85363.7,5691.0,nan,nan,0.0,nan,nan,nan
1384,85363.6,85363.6,85312.6,85317.6,2770.0,nan,nan,0.0,nan,nan,nan
1385,85312.7,85317.4,85182.3,85182.4,4293.0,nan,nan,0.0,nan,nan,nan
1386,85182.3,85314.3,85164.8,85314.3,6325.0,7671.0,nan,0.0,nan,nan,7671.0
1387,85318.0,85318.0,85226.7,85286.0,4384.0,nan,nan,0.0,nan,nan,nan
1388,85277.4,85298.6,85251.3,85282.4,2589.0,nan,85164.796875,1.0,nan,85163.796875,nan
1389,85280.3,85297.1,85264.1,85288.1,4552.0,nan,nan,0.0,nan,nan,nan
1390,85288.0,85288.0,85264.0,85276.2,3669.0,nan,nan,0.0,nan,nan,nan
1391,85272.0,85272.0,85151.5,85151.5,3295.0,5150.0,nan,0.0,nan,nan,5150.0
1392,85151.5,85151.5,85096.9,85118.3,5627.0,nan,nan,0.0,nan,nan,nan
1393,85116.5,85162.1,85071.1,85146.1,12648.0,nan,nan,0.0,nan,nan,nan
1394,85146.1,85163.0,85140.2,85155.3,2485.0,nan,nan,0.0,nan,nan,nan
1395,85151.3,85174.3,85094.8,85128.9,11086.0,nan,85071.1015625,1.0,nan,85070.1015625,nan
1396,85123.5,85173.4,85108.4,85152.5,4074.0,3401.0,nan,0.0,nan,nan,3401.0
1397,85157.6,85200.0,85123.5,85194.5,3695.0,nan,nan,0.0,nan,nan,nan
1398,85184.5,85184.5,85100.1,85108.0,4026.0,nan,nan,0.0,nan,nan,nan
1399,85103.8,85173.6,85103.8,85126.0,5888.0,2647.0,nan,0.0,nan,nan,2647.0
1400,85122.7,85122.7,85080.0,85080.0,5181.0,nan,nan,0.0,nan,nan,nan
1401,85078.1,85119.0,85066.1,85083.9,5969.0,nan,nan,0.0,nan,nan,nan
1402,85083.9,85083.9,85000.1,85000.1,7568.0,nan,nan,0.0,nan,nan,nan
1403,85000.0,85000.0,84768.8,84771.3,17413.0,nan,nan,0.0,nan,nan,nan
1404,84778.5,84901.1,84759.3,84759.4,18648.0,nan,nan,0.0,nan,nan,nan
1405,84759.3,84817.5,84719.9,84794.5,17624.0,2063.0,nan,0.0,nan,nan,2063.0
1406,84797.2,84886.7,84790.4,84886.7,5479.0,nan,nan,0.0,nan,nan,nan
1407,84894.2,85004.6,84875.5,84946.0,4911.0,nan,84719.8984375,1.0,nan,84718.8984375,nan
1408,84940.0,84940.0,84840.2,84886.5,2696.0,nan,nan,0.0,nan,nan,nan
1409,84886.5,84920.4,84827.7,84827.7,2818.0,nan,nan,0.0,nan,nan,nan
1410,84817.8,84817.8,84573.6,84573.6,10330.0,nan,nan,0.0,nan,nan,nan
1411,84573.6,84623.7,84513.1,84548.0,4644.0,4158.0,nan,0.0,nan,nan,4158.0
1412,84535.2,84575.2,84499.8,84537.8,6736.0,nan,nan,0.0,nan,nan,nan
1413,84545.2,84545.2,84415.2,84437.1,3132.0,nan,nan,0.0,nan,nan,nan
1414,84438.1,84441.4,84411.0,84431.5,8019.0,3578.0,nan,0.0,nan,nan,3578.0
1415,84431.5,84431.5,84329.5,84329.7,4837.0,nan,nan,0.0,nan,nan,nan
1416,84329.6,84573.8,84325.3,84543.5,4916.0,nan,nan,0.0,nan,nan,nan
1417,84543.5,84674.9,84491.1,84563.8,7479.0,nan,nan,0.0,nan,nan,nan
1418,84555.4,84580.1,84402.6,84417.6,5340.0,nan,84325.296875,1.0,nan,84324.296875,nan
1419,84426.5,84583.1,84420.1,84491.6,5714.0,nan,nan,0.0,nan,nan,nan
1420,84489.1,84580.6,84489.1,84493.1,3700.0,2068.0,nan,0.0,nan,nan,2068.0
1421,84493.1,84512.0,84401.3,84492.6,2634.0,nan,nan,0.0,nan,nan,nan
1422,84473.6,84607.2,84473.6,84543.7,9077.0,nan,nan,0.0,nan,nan,nan
1423,84535.3,84594.5,84535.3,84573.6,3174.0,2009.0,84401.296875,1.0,82392.296875,84400.296875,2008.0
1424,84568.0,84662.5,84558.3,84662.4,4561.0,nan,nan,0.0,nan,nan,nan
1425,84662.5,84971.1,84662.5,84875.6,23345.0,nan,nan,0.0,nan,nan,nan
1426,84873.3,84873.3,84697.5,84697.5,6030.0,4114.0,nan,0.0,nan,nan,4114.0
1427,84697.5,84697.5,84500.0,84500.0,5918.0,nan,nan,0.0,nan,nan,nan
1428,84500.0,84565.7,84439.7,84562.1,4697.0,nan,nan,0.0,nan,nan,nan
1429,84565.1,84598.8,84518.5,84570.2,2522.0,3042.0,nan,0.0,nan,nan,3042.0
1430,84579.0,84671.3,84562.1,84588.8,5727.0,nan,84439.703125,1.0,nan,84438.703125,nan
1431,84593.0,84593.0,84438.2,84500.6,5311.0,nan,nan,0.0,nan,nan,nan
1432,84504.8,84504.8,84356.0,84382.9,4358.0,nan,nan,0.0,nan,nan,nan
1433,84389.4,84476.9,84312.4,84476.9,7078.0,3695.0,nan,0.0,nan,nan,3695.0
1434,84477.0,84488.0,84382.9,84434.7,5544.0,nan,nan,0.0,nan,nan,nan
1435,84447.3,84447.3,84367.8,84444.3,4011.0,nan,84312.3984375,1.0,nan,84311.3984375,nan
1436,84444.3,84482.8,84433.5,84462.5,3019.0,nan,nan,0.0,nan,nan,nan
1437,84464.0,84523.8,84395.9,84404.6,4104.0,nan,nan,0.0,nan,nan,nan
1438,84407.5,84426.2,84308.9,84344.0,3211.0,nan,nan,0.0,nan,nan,nan
1439,84331.3,84382.0,84251.4,84285.8,8637.0,nan,nan,0.0,nan,nan,nan
