bar,open,high,low,close,volume,batched,isolated,cpu,abs_bi,abs_ic,abs_bc
0,88066.7,88174.6,88048.0,88155.1,5735.0,0.0,0.0,0.0,0.0,0.0,0.0
1,88146.7,88160.1,88081.7,88081.7,4816.0,0.0,0.0,0.0,0.0,0.0,0.0
2,88080.4,88080.4,87849.9,87850.0,10862.0,0.0,0.0,0.0,0.0,0.0,0.0
3,87857.1,87944.5,87780.2,87930.1,15390.0,0.0,0.0,0.0,0.0,0.0,0.0
4,87930.2,88039.6,87930.2,87991.6,4863.0,0.0,0.0,0.0,0.0,0.0,0.0
5,87980.8,87980.8,87852.6,87856.9,2161.0,0.0,0.0,0.0,0.0,0.0,0.0
6,87862.5,87869.1,87773.9,87797.8,3002.0,0.0,0.0,0.0,0.0,0.0,0.0
7,87794.2,87794.2,87660.4,87672.7,7045.0,0.0,0.0,0.0,0.0,0.0,0.0
8,87672.6,87704.8,87569.3,87664.0,6992.0,0.0,0.0,0.0,0.0,0.0,0.0
9,87657.2,87718.7,87621.5,87639.1,4116.0,0.0,0.0,0.0,0.0,0.0,0.0
10,87649.7,87726.9,87580.2,87580.2,5538.0,0.0,0.0,0.0,0.0,0.0,0.0
11,87583.2,87604.9,87412.0,87430.1,7937.0,0.0,0.0,0.0,0.0,0.0,0.0
12,87427.6,87504.4,87326.9,87504.4,28049.0,0.0,0.0,0.0,0.0,0.0,0.0
13,87505.9,87647.8,87477.7,87600.8,5425.0,0.0,0.0,0.0,0.0,0.0,0.0
14,87596.5,87649.2,87531.3,87564.6,5409.0,0.0,0.0,0.0,0.0,0.0,0.0
15,87564.6,87669.2,87529.0,87648.0,5356.0,0.0,0.0,0.0,0.0,0.0,0.0
16,87649.4,87731.5,87631.9,87721.9,8400.0,0.0,0.0,0.0,0.0,0.0,0.0
17,87708.6,87759.6,87682.4,87759.6,6562.0,0.0,0.0,0.0,0.0,0.0,0.0
18,87750.7,87750.7,87519.8,87519.8,4150.0,0.0,0.0,0.0,0.0,0.0,0.0
19,87502.6,87590.1,87498.4,87562.6,3954.0,0.0,0.0,0.0,0.0,0.0,0.0
20,87566.9,87578.4,87328.7,87343.5,11941.0,0.0,0.0,0.0,0.0,0.0,0.0
21,87343.4,87344.0,87227.3,87256.3,12379.0,0.0,0.0,0.0,0.0,0.0,0.0
22,87252.7,87420.8,87252.7,87392.1,3767.0,0.0,0.0,0.0,0.0,0.0,0.0
23,87392.1,87404.4,87287.0,87371.4,6300.0,0.0,0.0,0.0,0.0,0.0,0.0
24,87372.5,87475.6,87339.6,87471.7,3668.0,0.0,0.0,0.0,0.0,0.0,0.0
25,87471.1,87484.4,87403.9,87439.2,2831.0,0.0,0.0,0.0,0.0,0.0,0.0
26,87436.2,87436.2,87315.9,87370.4,3545.0,0.0,0.0,0.0,0.0,0.0,0.0
27,87363.6,87377.7,87303.3,87303.3,4063.0,0.0,0.0,0.0,0.0,0.0,0.0
28,87303.2,87318.1,87204.0,87204.0,3420.0,0.0,0.0,0.0,0.0,0.0,0.0
29,87200.9,87280.4,87200.9,87257.5,3839.0,0.0,0.0,0.0,0.0,0.0,0.0
30,87263.5,87278.8,87211.2,87226.8,13526.0,0.0,0.0,0.0,0.0,0.0,0.0
31,87226.1,87258.0,87206.6,87206.6,2066.0,0.0,0.0,0.0,0.0,0.0,0.0
32,87205.6,87205.6,87154.6,87173.2,5683.0,0.0,0.0,0.0,0.0,0.0,0.0
33,87173.3,87298.7,87173.3,87286.8,7188.0,0.0,0.0,0.0,0.0,0.0,0.0
34,87283.7,87286.9,87182.4,87186.8,7126.0,0.0,0.0,0.0,0.0,0.0,0.0
35,87183.8,87183.8,87080.0,87080.0,7382.0,0.0,0.0,0.0,0.0,0.0,0.0
36,87080.0,87113.9,86878.6,86895.9,34739.0,0.0,0.0,0.0,0.0,0.0,0.0
37,86901.3,86939.1,86776.4,86781.0,17855.0,0.0,0.0,0.0,0.0,0.0,0.0
38,86790.1,86895.4,86767.0,86877.6,13092.0,0.0,0.0,0.0,0.0,0.0,0.0
39,86877.7,86894.4,86752.5,86799.2,5481.0,0.0,0.0,0.0,0.0,0.0,0.0
40,86806.7,86985.6,86797.5,86985.6,5524.0,0.0,0.0,0.0,0.0,0.0,0.0
41,86985.6,87091.2,86985.6,87037.7,6819.0,0.0,0.0,0.0,0.0,0.0,0.0
42,87042.2,87085.2,87006.2,87022.0,9574.0,0.0,0.0,0.0,0.0,0.0,0.0
43,87016.0,87059.1,86992.0,87055.7,4562.0,0.0,0.0,0.0,0.0,0.0,0.0
44,87037.1,87118.4,87034.5,87034.5,4385.0,0.0,0.0,0.0,0.0,0.0,0.0
45,87034.0,87079.4,86918.0,86918.1,5614.0,0.0,0.0,0.0,0.0,0.0,0.0
46,86922.3,86999.7,86852.1,86965.0,3934.0,0.0,0.0,0.0,0.0,0.0,0.0
47,86973.7,87026.1,86973.7,87022.1,3649.0,0.0,0.0,0.0,0.0,0.0,0.0
48,87024.4,87024.4,86888.0,86937.6,4724.0,0.0,0.0,0.0,0.0,0.0,0.0
49,86937.7,86946.2,86784.8,86834.6,8186.0,0.0,0.0,0.0,0.0,0.0,0.0
50,86834.1,86875.0,86816.4,86816.4,3229.0,0.0,0.0,0.0,0.0,0.0,0.0
51,86811.0,86811.0,86736.8,86747.7,8672.0,0.0,0.0,0.0,0.0,0.0,0.0
52,86747.7,86754.9,86632.4,86663.7,10621.0,0.0,0.0,0.0,0.0,0.0,0.0
53,86662.6,86733.1,86656.0,86711.6,5251.0,0.0,0.0,0.0,0.0,0.0,0.0
54,86713.4,86797.0,86694.8,86776.0,8816.0,0.0,0.0,0.0,0.0,0.0,0.0
55,86771.9,86843.4,86754.9,86843.1,8289.0,0.0,0.0,0.0,0.0,0.0,0.0
56,86839.4,86843.2,86788.6,86793.6,4040.0,0.0,0.0,0.0,0.0,0.0,0.0
57,86791.6,86810.2,86771.6,86771.6,1637.0,0.0,0.0,0.0,0.0,0.0,0.0
58,86771.7,86775.9,86561.1,86561.5,18764.0,0.0,0.0,0.0,0.0,0.0,0.0
59,86561.1,86653.2,86547.3,86632.5,11099.0,0.0,0.0,0.0,0.0,0.0,0.0
60,86623.2,86749.9,86578.5,86691.8,11360.0,0.0,0.0,0.0,0.0,0.0,0.0
61,86692.1,86807.3,86674.1,86777.2,4944.0,0.0,0.0,0.0,0.0,0.0,0.0
62,86777.1,86912.6,86772.8,86888.4,31143.0,0.0,0.0,0.0,0.0,0.0,0.0
63,86890.1,86910.7,86847.2,86877.6,6761.0,0.0,0.0,0.0,0.0,0.0,0.0
64,86880.8,86880.8,86707.1,86707.1,6576.0,0.0,0.0,0.0,0.0,0.0,0.0
65,86703.9,87030.3,86664.3,87004.3,7093.0,0.0,0.0,0.0,0.0,0.0,0.0
66,87003.4,87029.3,86934.7,86960.8,9135.0,0.0,0.0,0.0,0.0,0.0,0.0
67,86961.3,87031.1,86961.3,87016.8,6887.0,0.0,0.0,0.0,0.0,0.0,0.0
68,87018.6,87098.9,86982.8,87042.9,4779.0,0.0,0.0,0.0,0.0,0.0,0.0
69,87042.8,87089.4,86993.0,87040.7,3567.0,0.0,0.0,0.0,0.0,0.0,0.0
70,87052.8,87151.8,87042.7,87146.3,5135.0,0.0,0.0,0.0,0.0,0.0,0.0
71,87136.8,87202.0,87082.7,87141.6,9808.0,0.0,0.0,0.0,0.0,0.0,0.0
72,87141.5,87171.3,87077.6,87103.5,9815.0,0.0,0.0,0.0,0.0,0.0,0.0
73,87120.2,87156.4,87092.1,87139.0,6378.0,0.0,0.0,0.0,0.0,0.0,0.0
74,87127.1,87285.6,87127.1,87285.6,10418.0,0.0,0.0,0.0,0.0,0.0,0.0
75,87286.3,87347.0,87230.6,87262.4,6640.0,0.0,0.0,0.0,0.0,0.0,0.0
76,87267.2,87304.4,87227.4,87265.9,7803.0,0.0,0.0,0.0,0.0,0.0,0.0
77,87258.1,87397.0,87246.9,87381.6,5966.0,0.0,0.0,0.0,0.0,0.0,0.0
78,87379.2,87416.2,87350.2,87382.5,8104.0,0.0,0.0,0.0,0.0,0.0,0.0
79,87385.3,87385.3,87203.1,87206.5,8375.0,0.0,0.0,0.0,0.0,0.0,0.0
80,87197.9,87269.5,87184.0,87255.9,5466.0,0.0,0.0,0.0,0.0,0.0,0.0
81,87257.0,87259.1,87077.1,87085.8,11182.0,0.0,0.0,0.0,0.0,0.0,0.0
82,87078.5,87191.7,87067.9,87178.3,8493.0,0.0,0.0,0.0,0.0,0.0,0.0
83,87179.5,87211.0,87081.9,87101.3,4100.0,0.0,0.0,0.0,0.0,0.0,0.0
84,87101.5,87165.0,87084.1,87164.6,4103.0,0.0,0.0,0.0,0.0,0.0,0.0
85,87159.0,87263.8,87159.0,87263.8,7991.0,0.0,0.0,0.0,0.0,0.0,0.0
86,87263.8,87364.8,87257.3,87257.3,12821.0,0.0,0.0,0.0,0.0,0.0,0.0
87,87254.8,87272.0,87194.2,87201.1,4852.0,0.0,0.0,0.0,0.0,0.0,0.0
88,87196.9,87344.5,87196.1,87273.3,9019.0,0.0,0.0,0.0,0.0,0.0,0.0
89,87273.3,87299.0,87234.8,87282.5,4458.0,0.0,0.0,0.0,0.0,0.0,0.0
90,87282.4,87294.7,87186.6,87234.4,13604.0,0.0,0.0,0.0,0.0,0.0,0.0
91,87234.5,87344.6,87234.5,87254.1,5698.0,0.0,0.0,0.0,0.0,0.0,0.0
92,87254.0,87260.8,87090.8,87090.8,4446.0,0.0,0.0,0.0,0.0,0.0,0.0
93,87088.6,87156.5,87058.1,87150.2,4771.0,0.0,0.0,0.0,0.0,0.0,0.0
94,87146.9,87224.5,87120.0,87136.1,7039.0,0.0,0.0,0.0,0.0,0.0,0.0
95,87147.1,87212.5,87021.3,87200.3,6592.0,0.0,0.0,0.0,0.0,0.0,0.0
96,87208.9,87303.3,87188.9,87287.3,7835.0,0.0,0.0,0.0,0.0,0.0,0.0
97,87292.2,87397.9,87289.2,87386.0,6161.0,0.0,0.0,0.0,0.0,0.0,0.0
98,87393.5,87497.2,87393.5,87484.7,9223.0,0.0,0.0,0.0,0.0,0.0,0.0
99,87479.7,87499.9,87346.1,87346.1,5379.0,86398.71875,87215.3984375,87215.421875,816.6796875,0.0234375,816.703125
100,87346.2,87399.9,87346.2,87374.0,3442.0,86372.5078125,87207.5859375,87218.5625,835.078125,10.9765625,846.0546875
101,87368.5,87480.9,87358.2,87448.0,4521.0,86348.9296875,87201.25,87223.109375,852.3203125,21.859375,874.1796875
102,87444.3,87446.4,87365.9,87396.3,4579.0,86322.1015625,87196.7109375,87226.5390625,874.609375,29.828125,904.4375
103,87418.0,87425.2,87303.7,87303.7,4357.0,86284.140625,87190.4453125,87228.0703125,906.3046875,37.625,943.9296875
104,87298.5,87299.3,87195.9,87228.9,6647.0,86252.7265625,87182.8203125,87228.0859375,930.09375,45.265625,975.359375
105,87225.0,87274.1,87190.0,87274.1,6185.0,86219.6953125,87177.0,87229.0,957.3046875,52.0,1009.3046875
106,87269.8,87339.4,87262.9,87336.5,2842.0,86190.03125,87172.375,87231.125,982.34375,58.75,1041.09375
107,87332.8,87389.0,87309.1,87343.0,3113.0,86161.0390625,87169.078125,87233.34375,1008.0390625,64.265625,1072.3046875
108,87343.0,87361.8,87296.6,87357.5,5787.0,86130.3203125,87166.0078125,87235.8046875,1035.6875,69.796875,1105.484375
109,87367.3,87367.3,87300.2,87324.3,2920.0,86102.5703125,87162.859375,87237.5546875,1060.2890625,74.6953125,1134.984375
110,87324.1,87420.1,87299.5,87391.6,3281.0,86081.1484375,87160.9765625,87240.6015625,1079.828125,79.625,1159.453125
111,87387.3,87426.6,87367.6,87367.6,3299.0,86059.15625,87160.359375,87243.1171875,1101.203125,82.7578125,1183.9609375
112,87370.5,87434.3,87366.8,87434.3,5919.0,86035.1015625,87159.65625,87246.90625,1124.5546875,87.25,1211.8046875
113,87441.1,87441.1,87327.1,87348.1,4270.0,86008.2265625,87157.140625,87248.90625,1148.9140625,91.765625,1240.6796875
114,87348.0,87402.0,87325.2,87387.7,2276.0,85981.1484375,87155.3671875,87251.65625,1174.21875,96.2890625,1270.5078125
115,87379.9,87435.9,87357.2,87418.0,3605.0,85947.28125,87153.0703125,87254.953125,1205.7890625,101.8828125,1307.671875
116,87412.0,87412.0,87284.7,87319.5,3262.0,85913.296875,87149.046875,87256.234375,1235.75,107.1875,1342.9375
117,87323.4,87333.8,87269.7,87269.7,3139.0,85880.9453125,87144.1484375,87256.5,1263.203125,112.3515625,1375.5546875
118,87268.0,87268.0,87192.3,87228.9,4089.0,85847.078125,87141.2265625,87255.953125,1294.1484375,114.7265625,1408.875
119,87233.8,87283.9,87226.1,87283.9,1985.0,85811.140625,87138.4375,87256.5078125,1327.296875,118.0703125,1445.3671875
120,87283.9,87334.5,87282.3,87327.1,2113.0,85775.828125,87138.265625,87257.90625,1362.4375,119.640625,1482.078125
121,87327.1,87342.2,87293.3,87342.2,2732.0,85739.4453125,87139.140625,87259.578125,1399.6953125,120.4375,1520.1328125
122,87346.3,87440.5,87267.0,87267.0,4450.0,85702.859375,87137.890625,87259.7265625,1435.03125,121.8359375,1556.8671875
123,87267.0,87291.5,87154.6,87233.4,12040.0,85667.2578125,87136.5,87259.203125,1469.2421875,122.703125,1591.9453125
124,87229.9,87343.2,87223.0,87322.4,6250.0,85628.8515625,87135.0,87260.453125,1506.1484375,125.453125,1631.6015625
125,87321.5,87395.6,87312.0,87383.6,3558.0,85587.4609375,87134.4453125,87262.890625,1546.984375,128.4453125,1675.4296875
126,87388.6,87466.1,87370.7,87449.7,5254.0,85543.1953125,87135.25,87266.59375,1592.0546875,131.34375,1723.3984375
127,87450.7,87466.7,87295.4,87343.6,16226.0,85502.5078125,87135.65625,87268.1171875,1633.1484375,132.4609375,1765.609375
128,87356.8,87381.6,87285.9,87330.1,8568.0,85456.0,87136.921875,87269.34375,1680.921875,132.421875,1813.34375
129,87339.4,87339.4,87218.9,87218.9,4133.0,85410.578125,87136.53125,87268.34375,1725.953125,131.8125,1857.765625
130,87202.4,87283.3,87168.3,87237.2,3723.0,85362.2265625,87136.640625,87267.7265625,1774.4140625,131.0859375,1905.5
131,87239.7,87262.3,87175.9,87235.0,3241.0,85316.7109375,87136.9296875,87267.078125,1820.21875,130.1484375,1950.3671875
132,87247.9,87259.9,87183.5,87198.4,4240.0,85265.2265625,87137.171875,87265.71875,1871.9453125,128.546875,2000.4921875
133,87205.2,87233.0,87176.7,87185.5,1926.0,85211.28125,87136.171875,87264.1328125,1924.890625,127.9609375,2052.8515625
134,87182.6,87182.6,87080.3,87157.2,6053.0,85163.5546875,87135.8671875,87262.015625,1972.3125,126.1484375,2098.4609375
135,87147.5,87234.0,87147.5,87233.0,3708.0,85111.984375,87137.40625,87261.4375,2025.421875,124.03125,2149.453125
136,87229.2,87275.8,87143.6,87155.3,7892.0,85062.71875,87140.0,87259.3359375,2077.28125,119.3359375,2196.6171875
137,87155.4,87198.1,87005.4,87017.6,15190.0,85015.65625,87142.3671875,87254.546875,2126.7109375,112.1796875,2238.890625
138,87018.5,87075.7,87005.2,87075.7,9681.0,84975.0859375,87144.3515625,87251.0078125,2169.265625,106.65625,2275.921875
139,87068.2,87068.2,86884.7,86918.4,9446.0,84937.875,87145.546875,87244.421875,2207.671875,98.875,2306.546875
140,86923.9,86925.9,86830.4,86912.9,6178.0,84897.7265625,87144.8203125,87237.859375,2247.09375,93.0390625,2340.1328125
141,86915.6,87056.8,86915.6,87049.1,8672.0,84857.3515625,87144.9375,87234.125,2287.5859375,89.1875,2376.7734375
142,87049.1,87251.5,87049.1,87242.7,7613.0,84820.796875,87147.140625,87234.296875,2326.34375,87.15625,2413.5
143,87227.2,87331.2,87227.2,87306.4,14326.0,84784.0390625,87149.640625,87235.7265625,2365.6015625,86.0859375,2451.6875
144,87306.3,87306.3,87113.3,87159.9,50306.0,84748.46875,87150.8984375,87234.2265625,2402.4296875,83.328125,2485.7578125
145,87164.3,87203.0,87143.6,87181.7,14310.0,84717.4609375,87153.5390625,87233.1875,2436.078125,79.6484375,2515.7265625
146,87183.5,87394.7,87183.5,87356.0,7122.0,84689.921875,87157.4453125,87235.6171875,2467.5234375,78.171875,2545.6953125
147,87368.6,87397.5,87249.7,87268.0,3750.0,84664.578125,87159.921875,87236.2578125,2495.34375,76.3359375,2571.6796875
148,87266.5,87266.5,87183.7,87217.1,3825.0,84638.40625,87162.7109375,87235.875,2524.3046875,73.1640625,2597.46875
149,87200.8,87325.8,87200.8,87286.3,5999.0,84608.90625,87167.2265625,87236.875,2558.3203125,69.6484375,2627.96875
150,87278.5,87324.1,87270.8,87315.4,3828.0,84580.5859375,87172.21875,87238.4296875,2591.6328125,66.2109375,2657.84375
151,87315.5,87327.8,87211.1,87211.1,2126.0,84551.75,87176.859375,87237.890625,2625.109375,61.03125,2686.140625
152,87207.4,87207.4,87079.5,87094.4,6031.0,84518.21875,87181.15625,87235.046875,2662.9375,53.890625,2716.828125
153,87111.9,87161.5,87092.5,87128.8,4104.0,84486.578125,87185.328125,87232.9453125,2698.75,47.6171875,2746.3671875
154,87116.6,87131.4,87081.3,87081.3,2055.0,84452.5703125,87188.390625,87229.9453125,2735.8203125,41.5546875,2777.375
155,87080.0,87080.0,86926.0,86933.7,4617.0,84418.0390625,87189.296875,87224.078125,2771.2578125,34.78125,2806.0390625
156,86946.5,87017.3,86910.8,87017.3,4854.0,84380.6171875,87191.5390625,87219.984375,2810.921875,28.4453125,2839.3671875
157,87023.3,87069.6,86971.3,87004.0,3525.0,84342.0859375,87193.859375,87215.7109375,2851.7734375,21.8515625,2873.625
158,87004.9,87153.3,87004.9,87103.2,7838.0,84302.7890625,87199.2578125,87213.484375,2896.46875,14.2265625,2910.6953125
159,87098.0,87153.9,87067.0,87098.1,2920.0,84262.9765625,87203.9296875,87211.203125,2940.953125,7.2734375,2948.2265625
160,87101.9,87141.3,87089.1,87089.1,6354.0,84220.3671875,87207.8984375,87208.7890625,2987.53125,0.890625,2988.421875
161,87088.1,87152.0,87075.8,87148.2,2718.0,84173.4609375,87211.609375,87207.5859375,3038.1484375,4.0234375,3034.125
162,87148.2,87220.1,87142.5,87220.1,3075.0,84132.171875,87214.921875,87207.8359375,3082.75,7.0859375,3075.6640625
163,87226.1,87260.8,87217.8,87243.1,2324.0,84100.0546875,87218.5703125,87208.53125,3118.515625,10.0390625,3108.4765625
164,87250.2,87250.2,87197.9,87236.4,2364.0,84070.375,87223.8671875,87209.0859375,3153.4921875,14.78125,3138.7109375
165,87239.3,87340.2,87231.4,87340.1,3636.0,84044.578125,87227.2265625,87211.6796875,3182.6484375,15.546875,3167.1015625
166,87331.3,87331.3,87163.4,87212.3,16197.0,84023.7109375,87229.734375,87211.6953125,3206.0234375,18.0390625,3187.984375
167,87209.9,87275.8,87209.9,87275.7,6730.0,84002.015625,87232.328125,87212.9609375,3230.3125,19.3671875,3210.9453125
168,87266.9,87281.3,87238.0,87241.9,3204.0,83979.125,87234.328125,87213.53125,3255.203125,20.796875,3234.40625
169,87240.0,87266.2,87151.5,87151.5,3662.0,83956.21875,87235.4375,87212.3046875,3279.21875,23.1328125,3256.0859375
170,87144.2,87230.2,87144.2,87230.2,2223.0,83933.8046875,87236.28125,87212.65625,3302.4765625,23.625,3278.8515625
171,87221.2,87257.5,87178.1,87211.1,3237.0,83915.421875,87236.9609375,87212.625,3321.5390625,24.3359375,3297.203125
172,87215.6,87223.3,87083.0,87083.0,6893.0,83893.2265625,87236.75,87210.0546875,3343.5234375,26.6953125,3316.828125
173,87081.0,87085.5,86996.2,87006.1,7449.0,83868.21875,87235.4296875,87206.015625,3367.2109375,29.4140625,3337.796875
174,87003.5,87043.2,87003.5,87043.1,6087.0,83842.0234375,87233.0,87202.7890625,3390.9765625,30.2109375,3360.765625
175,87048.4,87072.2,87023.0,87055.9,3957.0,83818.359375,87230.9375,87199.8828125,3412.578125,31.0546875,3381.5234375
176,87062.6,87110.1,87036.0,87042.7,3693.0,83796.390625,87228.6953125,87196.7734375,3432.3046875,31.921875,3400.3828125
177,87048.3,87113.2,87048.3,87113.2,3309.0,83775.5546875,87226.015625,87195.1171875,3450.4609375,30.8984375,3419.5625
178,87113.2,87170.8,87084.3,87104.6,2723.0,83755.4765625,87223.234375,87193.328125,3467.7578125,29.90625,3437.8515625
179,87104.6,87104.6,87035.5,87052.0,4439.0,83738.1484375,87221.6796875,87190.53125,3483.53125,31.1484375,3452.3828125
180,87046.0,87068.7,87030.2,87033.0,1778.0,83718.3984375,87219.4609375,87187.4140625,3501.0625,32.046875,3469.015625
181,87034.8,87046.3,87000.5,87004.0,2719.0,83696.9765625,87218.640625,87183.78125,3521.6640625,34.859375,3486.8046875
182,87001.9,87003.2,86893.3,86893.3,8052.0,83675.5390625,87215.7890625,87178.03125,3540.25,37.7578125,3502.4921875
183,86893.3,86991.3,86885.6,86970.4,5381.0,83649.734375,87214.4765625,87173.921875,3564.7421875,40.5546875,3524.1875
184,86976.8,86988.5,86935.2,86935.2,6084.0,83626.8359375,87212.1796875,87169.1953125,3585.34375,42.984375,3542.359375
185,86935.1,86936.0,86728.6,86737.0,15394.0,83603.0859375,87206.90625,87160.640625,3603.8203125,46.265625,3557.5546875
186,86737.0,86809.0,86600.0,86688.9,33820.0,83585.78125,87201.21875,87151.296875,3615.4375,49.921875,3565.515625
187,86691.1,86839.5,86691.1,86833.1,5536.0,83575.8828125,87197.53125,87144.9921875,3621.6484375,52.5390625,3569.109375
188,86830.6,86913.0,86830.6,86846.2,7789.0,83567.9296875,87193.2578125,87139.078125,3625.328125,54.1796875,3571.1484375
189,86839.2,86842.7,86651.1,86659.8,12443.0,83553.5859375,87187.046875,87129.5859375,3633.4609375,57.4609375,3576.0
190,86672.6,86716.7,86653.2,86716.7,4318.0,83549.0,87181.8671875,87121.40625,3632.8671875,60.4609375,3572.40625
191,86721.4,86721.4,86618.2,86643.8,3803.0,83542.734375,87175.7578125,87111.9453125,3633.0234375,63.8125,3569.2109375
192,86646.7,86660.6,86403.9,86496.2,24834.0,83530.9140625,87169.8046875,87099.75,3638.890625,70.0546875,3568.8359375
193,86500.8,86584.7,86418.7,86453.0,17044.0,83519.3359375,87162.828125,87086.9453125,3643.4921875,75.8828125,3567.609375
194,86455.9,86497.4,86401.9,86444.9,7346.0,83506.328125,87155.921875,87074.234375,3649.59375,81.6875,3567.90625
195,86440.1,86555.3,86408.2,86526.5,4643.0,83490.0390625,87149.1953125,87063.390625,3659.15625,85.8046875,3573.3515625
196,86526.5,86618.0,86492.5,86541.7,8116.0,83473.5,87141.734375,87053.0625,3668.234375,88.671875,3579.5625
197,86535.9,86535.9,86402.0,86402.1,4754.0,83455.984375,87131.8984375,87040.171875,3675.9140625,91.7265625,3584.1875
198,86410.8,86438.8,86176.2,86180.7,17726.0,83438.796875,87118.8515625,87023.15625,3680.0546875,95.6953125,3584.359375
199,86180.7,86411.4,86180.7,86403.0,18165.0,83416.9375,87109.4296875,87010.875,3692.4921875,98.5546875,3593.9375
200,86403.7,86516.5,86308.2,86516.5,9042.0,83393.2890625,87100.8515625,87001.0859375,3707.5625,99.765625,3607.796875
201,86520.8,86776.4,86520.8,86756.3,28362.0,83373.421875,87093.9375,86996.2421875,3720.515625,97.6953125,3622.8203125
202,86747.8,86747.8,86580.5,86610.5,10924.0,83353.65625,87086.0859375,86988.6015625,3732.4296875,97.484375,3634.9453125
203,86610.4,86780.8,86590.9,86748.0,15765.0,83343.3203125,87080.53125,86983.8359375,3737.2109375,96.6953125,3640.515625
204,86748.0,86786.9,86667.8,86706.6,4021.0,83329.2421875,87075.296875,86978.34375,3746.0546875,96.953125,3649.1015625
205,86703.3,86798.4,86669.7,86731.1,5333.0,83316.0703125,87069.875,86973.4453125,3753.8046875,96.4296875,3657.375
206,86722.3,86722.3,86635.2,86676.4,11247.0,83301.15625,87063.265625,86967.5625,3762.109375,95.703125,3666.40625
207,86694.1,86698.7,86556.8,86579.7,4820.0,83291.109375,87055.640625,86959.8828125,3764.53125,95.7578125,3668.7734375
208,86571.2,86596.5,86552.1,86578.7,3897.0,83281.484375,87047.8515625,86952.3359375,3766.3671875,95.515625,3670.8515625
209,86574.5,86660.9,86495.6,86495.6,9383.0,83270.75,87039.5703125,86943.2890625,3768.8203125,96.28125,3672.5390625
210,86495.8,86508.7,86253.3,86398.1,9546.0,83256.5390625,87029.625,86932.4921875,3773.0859375,97.1328125,3675.953125
211,86398.1,86542.0,86398.1,86528.6,8732.0,83246.9765625,87021.234375,86924.4921875,3774.2578125,96.7421875,3677.515625
212,86531.9,86568.2,86352.6,86352.8,9250.0,83237.125,87010.421875,86913.171875,3773.296875,97.25,3676.046875
213,86377.2,86444.9,86317.1,86433.1,8618.0,83229.734375,87001.28125,86903.6640625,3771.546875,97.6171875,3673.9296875
214,86428.1,86534.8,86383.7,86524.9,4693.0,83230.296875,86992.640625,86896.1640625,3762.34375,96.4765625,3665.8671875
215,86525.0,86670.4,86509.6,86589.1,7676.0,83236.8515625,86984.359375,86890.0859375,3747.5078125,94.2734375,3653.234375
216,86578.0,86640.7,86530.3,86562.6,5424.0,83246.171875,86976.7890625,86883.6015625,3730.6171875,93.1875,3637.4296875
217,86559.3,86609.8,86391.6,86395.6,13155.0,83260.671875,86968.046875,86873.9375,3707.375,94.109375,3613.265625
218,86404.0,86468.1,86379.2,86466.4,3063.0,83275.3359375,86960.421875,86865.8671875,3685.0859375,94.5546875,3590.53125
219,86466.4,86488.8,86301.9,86347.8,9455.0,83288.78125,86951.0546875,86855.609375,3662.2734375,95.4453125,3566.828125
220,86357.6,86492.7,86353.3,86484.3,4486.0,83301.7890625,86942.6171875,86848.2578125,3640.828125,94.359375,3546.46875
221,86475.5,86483.5,86409.6,86432.5,7786.0,83316.265625,86933.53125,86840.0234375,3617.265625,93.5078125,3523.7578125
222,86432.5,86488.2,86357.0,86447.1,5794.0,83331.859375,86925.3359375,86832.2421875,3593.4765625,93.09375,3500.3828125
223,86438.5,86438.5,86282.0,86331.4,7853.0,83347.265625,86916.3203125,86822.328125,3569.0546875,93.9921875,3475.0625
224,86328.9,86352.0,85852.6,85882.9,137327.0,83365.4140625,86901.9375,86803.7265625,3536.5234375,98.2109375,3438.3125
225,85887.1,86099.9,85852.2,86006.9,21941.0,83385.46875,86888.15625,86787.9453125,3502.6875,100.2109375,3402.4765625
226,86007.0,86190.6,86007.0,86186.3,11137.0,83407.7421875,86875.53125,86776.03125,3467.7890625,99.5,3368.2890625
227,86187.5,86250.8,86051.9,86138.2,10003.0,83427.8203125,86863.4609375,86763.3984375,3435.640625,100.0625,3335.578125
228,86153.7,86259.6,86135.6,86209.9,8193.0,83448.1015625,86852.2578125,86752.4375,3404.15625,99.8203125,3304.3359375
229,86209.9,86234.3,86131.4,86162.9,4426.0,83460.828125,86841.6953125,86740.765625,3380.8671875,100.9296875,3279.9375
230,86167.4,86250.8,86140.2,86152.9,9285.0,83475.984375,86830.8515625,86729.125,3354.8671875,101.7265625,3253.140625
231,86169.3,86169.3,85990.9,86043.0,9036.0,83485.90625,86818.9375,86715.5390625,3333.03125,103.3984375,3229.6328125
232,86033.5,86036.6,85656.5,85703.8,56064.0,83499.734375,86803.9765625,86695.5078125,3304.2421875,108.46875,3195.7734375
233,85703.9,85852.2,85703.9,85767.8,27207.0,83519.8359375,86789.8046875,86677.140625,3269.96875,112.6640625,3157.3046875
234,85762.0,85850.4,85727.8,85815.1,7963.0,83540.8671875,86776.390625,86660.0703125,3235.5234375,116.3203125,3119.203125
235,85832.0,85832.0,85600.1,85702.0,20876.0,83566.40625,86761.0859375,86641.1015625,3194.6796875,119.984375,3074.6953125
236,85701.9,85803.3,85600.1,85627.9,31337.0,83590.203125,86745.8046875,86621.0390625,3155.6015625,124.765625,3030.8359375
237,85624.6,85683.4,85558.8,85574.3,29383.0,83614.5546875,86731.3671875,86600.3125,3116.8125,131.0546875,2985.7578125
238,85574.0,85631.1,85473.9,85502.9,21038.0,83637.3203125,86715.640625,86578.578125,3078.3203125,137.0625,2941.2578125
239,85529.6,85593.1,85345.5,85439.8,37207.0,83656.25,86700.859375,86556.03125,3044.609375,144.828125,2899.78125
240,85439.7,85659.3,85427.1,85647.1,10836.0,83675.7890625,86688.1953125,86538.03125,3012.40625,150.1640625,2862.2421875
241,85625.5,85680.6,85510.3,85680.6,6731.0,83696.1875,86674.5078125,86521.0546875,2978.3203125,153.453125,2824.8671875
242,85680.5,85680.9,85575.1,85613.4,6608.0,83715.171875,86658.21875,86503.078125,2943.046875,155.140625,2787.90625
243,85626.1,85699.9,85549.1,85575.0,10137.0,83734.9765625,86640.921875,86484.703125,2905.9453125,156.21875,2749.7265625
244,85598.0,85715.5,85572.4,85672.9,7328.0,83754.8671875,86626.0390625,86468.625,2871.171875,157.4140625,2713.7578125
245,85673.0,85999.4,85673.0,85932.5,15574.0,83773.7109375,86613.5390625,86458.0078125,2839.828125,155.53125,2684.296875
246,85934.9,86054.4,85926.3,85992.9,11959.0,83791.640625,86599.8984375,86448.796875,2808.2578125,151.1015625,2657.15625
247,86000.8,86040.4,85902.2,85936.9,8689.0,83809.4453125,86586.5859375,86438.6640625,2777.140625,147.921875,2629.21875
248,85937.8,86035.6,85926.0,86014.1,10299.0,83825.9296875,86574.5546875,86430.2578125,2748.625,144.296875,2604.328125
249,86025.2,86025.2,85833.7,85839.4,5731.0,83839.71875,86560.0859375,86418.5546875,2720.3671875,141.53125,2578.8359375
250,85839.5,85941.5,85839.4,85930.4,4302.0,83851.3203125,86546.234375,86408.890625,2694.9140625,137.34375,2557.5703125
251,85921.9,85930.2,85830.6,85879.7,6486.0,83866.7734375,86532.9296875,86398.4140625,2666.15625,134.515625,2531.640625
252,85896.6,85930.0,85835.3,85912.9,4643.0,83884.8515625,86521.1171875,86388.796875,2636.265625,132.3203125,2503.9453125
253,85912.0,85912.0,85813.0,85827.0,2945.0,83900.6796875,86508.1015625,86377.671875,2607.421875,130.4296875,2476.9921875
254,85829.2,85829.2,85720.1,85774.1,4394.0,83919.234375,86495.03125,86365.71875,2575.796875,129.3125,2446.484375
255,85783.3,85943.9,85783.3,85942.9,5970.0,83934.9765625,86485.1171875,86357.34375,2550.140625,127.7734375,2422.3671875
256,85925.4,85974.4,85701.9,85718.3,10857.0,83950.25,86472.125,86344.6875,2521.875,127.4375,2394.4375
257,85718.3,85718.7,85533.6,85565.1,10773.0,83964.734375,86457.734375,86329.25,2493.0,128.484375,2364.515625
258,85565.1,85646.5,85544.6,85624.6,4371.0,83978.9765625,86442.9609375,86315.296875,2463.984375,127.6640625,2336.3203125
259,85624.7,85642.1,85466.0,85526.5,10898.0,83997.5390625,86427.234375,86299.6796875,2429.6953125,127.5546875,2302.140625
260,85510.1,85640.6,85480.2,85621.2,6778.0,84022.734375,86412.5546875,86286.2421875,2389.8203125,126.3125,2263.5078125
261,85621.2,85773.2,85621.2,85727.2,7407.0,84057.5390625,86398.3515625,86275.171875,2340.8125,123.1796875,2217.6328125
262,85729.2,85785.5,85703.8,85785.5,9769.0,84086.0078125,86384.0078125,86265.4765625,2298.0,118.53125,2179.46875
263,85785.6,85804.4,85650.4,85658.2,8415.0,84107.28125,86368.15625,86253.453125,2260.875,114.703125,2146.171875
264,85657.3,85657.3,85495.8,85533.1,4775.0,84126.0,86351.125,86239.1875,2225.125,111.9375,2113.1875
265,85534.1,85579.5,85432.9,85462.1,9237.0,84139.234375,86332.3515625,86223.796875,2193.1171875,108.5546875,2084.5625
266,85469.8,85567.3,85445.9,85535.4,10767.0,84150.671875,86315.578125,86210.1640625,2164.90625,105.4140625,2059.4921875
267,85533.0,85579.6,85487.1,85487.2,2838.0,84163.3984375,86297.6953125,86195.8515625,2134.296875,101.84375,2032.453125
268,85481.1,85625.0,85474.8,85612.1,6635.0,84177.8984375,86281.3984375,86184.2890625,2103.5,97.109375,2006.390625
269,85604.5,85711.2,85604.5,85687.9,6297.0,84192.8203125,86266.765625,86174.4609375,2073.9453125,92.3046875,1981.640625
270,85687.5,85792.8,85609.7,85792.8,6186.0,84206.9453125,86252.3984375,86166.90625,2045.453125,85.4921875,1959.9609375
271,85800.0,85853.5,85674.6,85701.6,7363.0,84216.0,86237.296875,86157.6953125,2021.296875,79.6015625,1941.6953125
272,85704.4,85796.4,85675.8,85759.0,4660.0,84231.0546875,86224.0546875,86149.796875,1993.0,74.2578125,1918.7421875
273,85759.1,85772.3,85654.9,85654.9,4528.0,84247.796875,86210.546875,86140.0,1962.75,70.546875,1892.203125
274,85663.4,85663.4,85579.3,85613.0,4202.0,84267.1953125,86196.2578125,86129.5625,1929.0625,66.6953125,1862.3671875
275,85617.9,85650.0,85577.4,85630.5,2748.0,84279.6796875,86182.0078125,86119.6796875,1902.328125,62.328125,1840.0
276,85642.8,85944.7,85642.2,85944.6,6701.0,84291.578125,86171.015625,86116.2109375,1879.4375,54.8046875,1824.6328125
277,85933.7,85994.8,85778.8,85800.3,9326.0,84302.515625,86157.8984375,86109.953125,1855.3828125,47.9453125,1807.4375
278,85794.2,85898.8,85778.1,85867.2,8023.0,84311.5859375,86145.515625,86105.1484375,1833.9296875,40.3671875,1793.5625
279,85855.5,85914.1,85800.5,85871.9,6588.0,84321.4375,86133.71875,86100.53125,1812.28125,33.1875,1779.09375
280,85866.2,86031.3,85852.7,85988.0,11707.0,84331.90625,86123.265625,86098.3046875,1791.359375,24.9609375,1766.3984375
281,85988.0,86090.0,85977.8,86068.3,5521.0,84341.609375,86113.90625,86097.7109375,1772.296875,16.1953125,1756.1015625
282,86062.7,86078.8,86009.1,86047.9,4429.0,84347.265625,86105.4609375,86096.7265625,1758.1953125,8.734375,1749.4609375
283,86058.4,86129.3,86037.8,86071.8,4974.0,84356.625,86096.46875,86096.234375,1739.84375,0.234375,1739.609375
284,86067.5,86108.6,86045.0,86058.0,3915.0,84364.484375,86087.7109375,86095.4765625,1723.2265625,7.765625,1730.9921875
285,86058.0,86125.1,86053.1,86063.0,4532.0,84373.65625,86080.96875,86094.8359375,1707.3125,13.8671875,1721.1796875
286,86062.2,86062.2,85998.7,85998.7,2655.0,84374.9296875,86074.0546875,86092.9296875,1699.125,18.875,1718.0
287,85999.1,86071.6,85999.0,86045.6,4464.0,84370.390625,86066.1875,86091.9921875,1695.796875,25.8046875,1721.6015625
288,86053.5,86057.0,85921.6,85951.1,5981.0,84399.5546875,86057.25,86089.203125,1657.6953125,31.953125,1689.6484375
289,85957.7,85994.0,85936.4,85974.5,3532.0,84433.9453125,86050.390625,86086.9296875,1616.4453125,36.5390625,1652.984375
290,85967.0,85997.2,85936.1,85997.2,6763.0,84459.0078125,86043.1875,86085.15625,1584.1796875,41.96875,1626.1484375
291,85997.2,86001.5,85941.1,85958.6,3057.0,84485.921875,86036.3359375,86082.6484375,1550.4140625,46.3125,1596.7265625
292,85971.0,86022.3,85971.0,85995.9,4989.0,84515.2578125,86031.3359375,86080.9296875,1516.078125,49.59375,1565.671875
293,85983.3,85996.5,85935.9,85962.2,5489.0,84543.2265625,86026.4296875,86078.578125,1483.203125,52.1484375,1535.3515625
294,85966.3,85986.7,85891.4,85922.4,8574.0,84572.9765625,86021.21875,86075.484375,1448.2421875,54.265625,1502.5078125
295,85918.2,85984.1,85918.2,85975.6,6319.0,84602.5,86015.6953125,86073.5078125,1413.1953125,57.8125,1471.0078125
296,85962.7,85986.5,85945.6,85961.5,4096.0,84633.7265625,86009.8984375,86071.2890625,1376.171875,61.390625,1437.5625
297,85962.6,86028.1,85961.3,86020.9,4533.0,84666.28125,86006.078125,86070.2890625,1339.796875,64.2109375,1404.0078125
298,86019.2,86020.8,85968.5,85968.5,2496.0,84695.6796875,86003.9453125,86068.2734375,1308.265625,64.328125,1372.59375
299,85964.2,85964.2,85817.3,85832.3,3535.0,84730.984375,85998.234375,86063.6015625,1267.25,65.3671875,1332.6171875
300,85817.3,85865.2,85798.6,85861.3,10066.0,84771.390625,85991.6953125,86059.59375,1220.3046875,67.8984375,1288.203125
301,85863.3,85863.3,85794.8,85802.0,9386.0,84809.1015625,85982.15625,86054.4921875,1173.0546875,72.3359375,1245.390625
302,85800.1,85864.7,85765.8,85810.0,5590.0,84852.1953125,85974.15625,86049.6484375,1121.9609375,75.4921875,1197.453125
303,85810.1,85859.5,85810.1,85828.0,3362.0,84897.1484375,85964.9453125,86045.2578125,1067.796875,80.3125,1148.109375
304,85822.3,85860.8,85822.1,85831.6,5387.0,84940.8203125,85956.1953125,86041.0234375,1015.375,84.828125,1100.203125
305,85822.8,85888.9,85697.6,85697.6,6473.0,84987.4375,85945.875,86034.2265625,958.4375,88.3515625,1046.7890625
306,85695.3,85766.4,85656.3,85766.1,10213.0,85031.8359375,85936.78125,86028.9140625,904.9453125,92.1328125,997.078125
307,85766.5,85852.0,85671.8,85693.6,3404.0,85077.9609375,85927.9296875,86022.2734375,849.96875,94.34375,944.3125
308,85702.2,85723.8,85620.9,85622.9,5585.0,85122.3984375,85918.359375,86014.3671875,795.9609375,96.0078125,891.96875
309,85644.7,85647.0,85622.9,85623.0,3111.0,85164.265625,85909.625,86006.6171875,745.359375,96.9921875,842.3515625
310,85631.0,85665.0,85631.0,85636.9,4084.0,85207.6796875,85902.015625,85999.296875,694.3359375,97.28125,791.6171875
311,85636.1,85707.5,85636.1,85703.2,4418.0,85244.1953125,85893.7578125,85993.4375,649.5625,99.6796875,749.2421875
312,85707.8,85771.7,85707.8,85711.1,2704.0,85282.1171875,85887.3359375,85987.84375,605.21875,100.5078125,705.7265625
313,85711.1,85769.9,85687.0,85752.4,4256.0,85320.0,85880.5390625,85983.1796875,560.5390625,102.640625,663.1796875
314,85748.2,85823.4,85698.3,85698.3,4213.0,85347.640625,85872.265625,85977.5390625,524.625,105.2734375,629.8984375
315,85698.2,85706.7,85631.2,85631.2,4632.0,85371.9453125,85862.6875,85970.6796875,490.7421875,107.9921875,598.734375
316,85632.3,85754.7,85625.5,85739.9,3221.0,85398.125,85854.4453125,85966.109375,456.3203125,111.6640625,567.984375
317,85747.2,85816.0,85691.2,85715.2,4803.0,85416.6484375,85847.640625,85961.140625,430.9921875,113.5,544.4921875
318,85722.2,85737.1,85632.0,85659.7,3118.0,85436.6015625,85839.578125,85955.171875,402.9765625,115.59375,518.5703125
319,85661.6,85687.8,85644.3,85668.9,5380.0,85456.6875,85832.796875,85949.5,376.109375,116.703125,492.8125
320,85664.7,85768.7,85664.7,85768.7,3704.0,85477.4296875,85825.640625,85945.921875,348.2109375,120.28125,468.4921875
321,85775.8,85825.9,85674.0,85674.0,4334.0,85498.6953125,85818.046875,85940.5390625,319.3515625,122.4921875,441.84375
322,85661.1,85722.1,85629.1,85722.1,3253.0,85516.140625,85810.796875,85936.2109375,294.65625,125.4140625,420.0703125
323,85718.0,85751.9,85661.0,85667.1,3712.0,85535.375,85804.15625,85930.8828125,268.78125,126.7265625,395.5078125
324,85667.1,85696.1,85603.6,85696.1,4164.0,85552.875,85802.2890625,85926.234375,249.4140625,123.9453125,373.359375
325,85682.4,85804.0,85669.9,85767.0,16307.0,85569.765625,85799.890625,85923.078125,230.125,123.1875,353.3125
326,85759.8,85850.0,85747.8,85850.0,3203.0,85585.546875,85796.53125,85921.6328125,210.984375,125.1015625,336.0859375
327,85854.0,85901.0,85835.9,85835.9,3468.0,85600.3671875,85793.5,85919.9375,193.1328125,126.4375,319.5703125
328,85832.3,85889.4,85832.3,85889.4,4198.0,85622.1484375,85790.296875,85919.3359375,168.1484375,129.0390625,297.1875
329,85890.3,85902.1,85825.9,85852.1,3332.0,85648.125,85787.1875,85918.0078125,139.0625,130.8203125,269.8828125
330,85852.1,85930.9,85852.1,85878.5,3155.0,85674.640625,85784.4375,85917.2265625,109.796875,132.7890625,242.5859375
331,85874.2,85874.2,85692.2,85700.0,4425.0,85704.859375,85781.015625,85912.921875,76.15625,131.90625,208.0625
332,85699.9,85699.9,85474.5,85474.5,8504.0,85734.640625,85778.7265625,85904.2421875,44.0859375,125.515625,169.6015625
333,85473.9,85526.3,85420.3,85486.2,9694.0,85758.4375,85775.8984375,85895.9609375,17.4609375,120.0625,137.5234375
334,85501.5,85604.9,85480.8,85572.9,10546.0,85772.828125,85773.4765625,85889.5625,0.6484375,116.0859375,116.734375
335,85568.5,85583.0,85450.0,85493.9,6985.0,85784.03125,85771.3984375,85881.7265625,12.6328125,110.328125,97.6953125
336,85489.0,85582.8,85474.2,85555.8,32121.0,85797.578125,85770.6796875,85875.2734375,26.8984375,104.59375,77.6953125
337,85555.7,85555.7,85450.0,85476.3,4223.0,85812.3359375,85769.6953125,85867.375,42.640625,97.6796875,55.0390625
338,85480.4,85523.9,85469.1,85472.7,7586.0,85824.2578125,85769.3984375,85859.5625,54.859375,90.1640625,35.3046875
339,85469.1,85523.7,85427.6,85442.0,8565.0,85834.890625,85769.421875,85851.296875,65.46875,81.875,16.40625
340,85442.0,85567.2,85442.0,85514.8,5399.0,85847.4453125,85768.1015625,85844.6328125,79.34375,76.53125,2.8125
341,85512.3,85561.3,85399.6,85561.3,6553.0,85857.9609375,85766.890625,85839.0234375,91.0703125,72.1328125,18.9375
342,85553.0,85729.4,85524.2,85654.8,5704.0,85869.484375,85767.3046875,85835.375,102.1796875,68.0703125,34.109375
343,85654.9,85931.1,85654.9,85913.5,16924.0,85881.375,85770.6875,85836.921875,110.6875,66.234375,44.453125
344,85914.5,86012.0,85878.8,85878.8,10279.0,85893.96875,85772.7578125,85837.75,121.2109375,64.9921875,56.21875
345,85883.0,85996.5,85883.0,85948.5,6728.0,85905.171875,85772.921875,85839.9453125,132.25,67.0234375,65.2265625
346,85950.9,85979.7,85879.3,85879.3,3159.0,85917.7109375,85771.78125,85840.7265625,145.9296875,68.9453125,76.984375
347,85875.2,85875.2,85723.7,85741.6,6791.0,85929.7109375,85769.8203125,85838.765625,159.890625,68.9453125,90.9453125
348,85745.6,85828.9,85745.6,85783.2,3525.0,85941.7265625,85767.5078125,85837.6640625,174.21875,70.15625,104.0625
349,85762.6,85807.2,85753.7,85778.3,2848.0,85955.296875,85766.90625,85836.4921875,188.390625,69.5859375,118.8046875
350,85768.1,85816.5,85768.1,85816.5,4345.0,85970.6015625,85765.765625,85836.09375,204.8359375,70.328125,134.5078125
351,85816.6,85888.1,85804.1,85871.0,3167.0,85985.7109375,85765.6796875,85836.78125,220.03125,71.1015625,148.9296875
352,85863.5,85912.7,85846.6,85887.0,7238.0,86000.828125,85765.421875,85837.7734375,235.40625,72.3515625,163.0546875
353,85889.3,85957.3,85854.7,85957.3,2948.0,86020.71875,85766.7265625,85840.140625,253.9921875,73.4140625,180.578125
354,85957.2,86040.2,85954.5,86032.3,5187.0,86033.8515625,85769.3046875,85843.9453125,264.546875,74.640625,189.90625
355,86032.3,86077.6,86003.0,86058.2,4787.0,86049.9375,85770.4609375,85848.1875,279.4765625,77.7265625,201.75
356,86056.2,86121.1,86056.1,86056.2,4706.0,86070.8203125,85773.8359375,85852.3046875,296.984375,78.46875,218.515625
357,86067.6,86115.4,86056.1,86056.1,3744.0,86092.5859375,85778.75,85856.34375,313.8359375,77.59375,236.2421875
358,86056.0,86056.0,85994.5,86026.6,2311.0,86117.3984375,85782.78125,85859.71875,334.6171875,76.9375,257.6796875
359,86026.5,86060.7,86012.3,86059.4,3384.0,86139.0078125,85788.1015625,85863.671875,350.90625,75.5703125,275.3359375
360,86052.5,86089.3,86026.7,86087.3,3147.0,86159.1171875,85792.765625,85868.1015625,366.3515625,75.3359375,291.015625
361,86087.2,86164.4,86012.3,86022.5,4912.0,86174.875,85795.71875,85871.15625,379.15625,75.4375,303.71875
362,86015.4,86086.4,85968.9,86082.1,4110.0,86191.78125,85798.6796875,85875.3359375,393.1015625,76.65625,316.4453125
363,86062.7,86078.7,86027.4,86062.1,2589.0,86208.78125,85802.71875,85879.03125,406.0625,76.3125,329.75
364,86068.1,86117.8,86020.7,86040.4,3568.0,86226.0078125,85807.7890625,85882.2265625,418.21875,74.4375,343.78125
365,86040.5,86048.8,85957.1,85980.7,3070.0,86243.15625,85812.9765625,85884.1796875,430.1796875,71.203125,358.9765625
366,85978.0,86169.3,85967.8,86135.8,4361.0,86260.4296875,85818.9765625,85889.1640625,441.453125,70.1875,371.265625
367,86135.8,86248.1,86031.1,86060.6,6480.0,86274.0703125,85824.7109375,85892.5625,449.359375,67.8515625,381.5078125
368,86056.3,86067.4,86014.9,86014.9,2417.0,86286.7578125,85828.75,85894.984375,458.0078125,66.234375,391.7734375
369,86010.6,86130.3,86010.6,86121.1,5066.0,86298.71875,85833.078125,85899.4609375,465.640625,66.3828125,399.2578125
370,86116.7,86126.7,86075.7,86095.0,4595.0,86309.5859375,85836.1015625,85903.3359375,473.484375,67.234375,406.25
371,86092.5,86129.6,86060.8,86069.6,2470.0,86320.546875,85839.78125,85906.625,480.765625,66.84375,413.921875
372,86075.4,86081.5,86056.1,86062.0,5649.0,86328.03125,85842.796875,85909.703125,485.234375,66.90625,418.328125
373,86056.0,86119.4,86048.2,86119.4,3238.0,86335.328125,85847.4453125,85913.859375,487.8828125,66.4140625,421.46875
374,86128.0,86220.8,86122.8,86216.6,5249.0,86341.7578125,85853.4765625,85919.8515625,488.28125,66.375,421.90625
375,86204.5,86322.9,86183.2,86192.3,9061.0,86348.5390625,85859.1015625,85925.25,489.4375,66.1484375,423.2890625
376,86192.2,86192.2,86142.7,86170.0,2753.0,86353.671875,85861.3515625,85930.09375,492.3203125,68.7421875,423.578125
377,86182.3,86340.0,86182.3,86301.2,7937.0,86357.8984375,85866.3671875,85937.4453125,491.53125,71.078125,420.453125
378,86305.9,86338.2,86290.0,86290.0,3039.0,86363.8359375,85870.5859375,85944.4296875,493.25,73.84375,419.40625
379,86286.2,86309.2,86236.0,86258.9,5341.0,86368.875,85874.4453125,85950.65625,494.4296875,76.2109375,418.21875
380,86257.3,86338.3,86244.4,86303.6,3256.0,86375.4609375,85877.609375,85957.6484375,497.8515625,80.0390625,417.8125
381,86303.6,86309.6,86250.7,86302.4,2599.0,86383.2109375,85879.9609375,85964.4765625,503.25,84.515625,418.734375
382,86303.6,86344.9,86277.8,86340.4,4060.0,86394.3046875,85882.875,85971.921875,511.4296875,89.046875,422.3828125
383,86338.3,86344.8,86258.4,86286.1,3108.0,86405.046875,85885.015625,85978.140625,520.03125,93.125,426.90625
384,86286.4,86309.7,86252.1,86309.7,2156.0,86416.25,85887.546875,85984.703125,528.703125,97.15625,431.546875
385,86314.0,86344.9,86299.6,86344.9,3074.0,86426.625,85890.3671875,85991.8359375,536.2578125,101.46875,434.7890625
386,86344.8,86344.8,86286.7,86324.9,5096.0,86438.1015625,85893.625,85998.4296875,544.4765625,104.8046875,439.671875
387,86334.8,86338.0,86254.7,86263.5,5631.0,86448.8359375,85895.8046875,86003.6796875,553.03125,107.875,445.15625
388,86267.7,86292.5,86240.0,86256.2,2701.0,86422.5859375,85898.859375,86008.6796875,523.7265625,109.8203125,413.90625
389,86254.1,86254.1,86193.9,86207.5,2405.0,86399.046875,85901.1875,86012.6171875,497.859375,111.4296875,386.4296875
390,86207.6,86266.1,86207.6,86266.1,6706.0,86371.03125,85903.890625,86017.6328125,467.140625,113.7421875,353.3984375
391,86267.1,86301.8,86220.0,86237.4,3000.0,86333.765625,85906.671875,86021.984375,427.09375,115.3125,311.78125
392,86238.3,86307.1,86219.1,86219.1,4243.0,86304.1171875,85908.8984375,86025.890625,395.21875,116.9921875,278.2265625
393,86217.2,86256.4,86160.5,86238.5,3859.0,86271.7109375,85911.671875,86030.1015625,360.0390625,118.4296875,241.609375
394,86242.7,86250.0,86205.0,86214.2,3779.0,86241.015625,85914.578125,86033.75,326.4375,119.171875,207.265625
395,86205.6,86205.6,86062.1,86062.1,8078.0,86212.1875,85915.4609375,86034.3125,296.7265625,118.8515625,177.875
396,86062.1,86067.8,86017.3,86036.8,5860.0,86181.3671875,85916.2109375,86034.359375,265.15625,118.1484375,147.0078125
397,86033.7,86033.7,85869.9,85932.9,9270.0,86154.2109375,85915.3203125,86032.3515625,238.890625,117.03125,121.859375
398,85932.5,85949.1,85905.2,85905.2,2510.0,86133.78125,85914.6796875,86029.8359375,219.1015625,115.15625,103.9453125
399,85902.4,85918.0,85846.1,85853.2,5250.0,86111.8515625,85914.890625,86026.3359375,196.9609375,111.4453125,85.515625
400,85864.9,85889.3,85829.6,85867.5,2686.0,86088.5,85914.9609375,86023.1875,173.5390625,108.2265625,65.3125
401,85855.7,85940.4,85855.7,85928.9,6484.0,86061.1015625,85916.2265625,86021.3203125,144.875,105.09375,39.78125
402,85926.0,85937.7,85894.7,85927.0,2066.0,86033.765625,85917.40625,86019.453125,116.359375,102.046875,14.3125
403,85928.6,86085.2,85894.1,86085.2,17823.0,86000.5859375,85919.984375,86020.7578125,80.6015625,100.7734375,20.171875
404,86085.1,86225.3,86025.6,86058.2,69246.0,85967.296875,85922.25,86021.5,45.046875,99.25,54.203125
405,86058.2,86058.2,85965.0,85970.3,4219.0,85933.78125,85924.96875,86020.484375,8.8125,95.515625,86.703125
406,85969.8,86053.8,85968.7,86053.8,2784.0,85900.4765625,85927.8515625,86021.140625,27.375,93.2890625,120.6640625
407,86054.0,86116.5,86018.3,86113.2,1520.0,85863.7578125,85932.0390625,86022.9609375,68.28125,90.921875,159.203125
408,86112.1,86142.0,86038.7,86071.7,3330.0,85828.90625,85936.53125,86023.9296875,107.625,87.3984375,195.0234375
409,86071.6,86087.8,86033.8,86065.8,3745.0,85792.9296875,85940.9609375,86024.7578125,148.03125,83.796875,231.828125
410,86070.7,86154.0,86070.7,86154.0,2658.0,85756.375,85946.125,86027.3203125,189.75,81.1953125,270.9453125
411,86158.8,86187.3,86136.3,86136.3,1825.0,85720.859375,85950.4609375,86029.4765625,229.6015625,79.015625,308.6171875
412,86136.1,86157.2,86093.9,86127.3,2414.0,85682.9296875,85954.6171875,86031.4140625,271.6875,76.796875,348.484375
413,86123.1,86146.9,86092.1,86096.5,2241.0,85641.5,85958.0546875,86032.703125,316.5546875,74.6484375,391.203125
414,86107.5,86107.5,86049.8,86084.9,3268.0,85598.578125,85961.9296875,86033.734375,363.3515625,71.8046875,435.15625
415,86070.8,86144.4,86070.8,86139.5,1926.0,85557.390625,85967.015625,86035.828125,409.625,68.8125,478.4375
416,86139.4,86208.2,86112.7,86112.7,2857.0,85510.0390625,85970.75,86037.3515625,460.7109375,66.6015625,527.3125
417,86129.9,86198.7,86124.3,86198.7,2111.0,85464.9609375,85975.5859375,86040.546875,510.625,64.9609375,575.5859375
418,86200.0,86219.3,86138.3,86138.3,2441.0,85416.78125,85980.375,86042.484375,563.59375,62.109375,625.703125
419,86135.0,86216.6,86133.7,86188.1,3033.0,85370.0390625,85985.5703125,86045.3671875,615.53125,59.796875,675.328125
420,86192.4,86234.1,86161.2,86211.7,3270.0,85318.3203125,85989.984375,86048.6640625,671.6640625,58.6796875,730.34375
421,86211.6,86254.0,86118.7,86118.7,3784.0,85266.921875,85994.4375,86050.0546875,727.515625,55.6171875,783.1328125
422,86120.6,86120.6,85981.3,86023.5,3653.0,85219.3515625,85997.4453125,86049.53125,778.09375,52.0859375,830.1796875
423,86038.5,86096.8,86002.0,86002.0,4179.0,85167.7890625,86000.8046875,86048.59375,833.015625,47.7890625,880.8046875
424,85999.1,86081.7,85999.1,86061.1,2863.0,85118.125,86004.4453125,86048.84375,886.3203125,44.3984375,930.71875
425,86060.1,86084.1,86005.2,86012.3,3312.0,85070.234375,86006.90625,86048.1171875,936.671875,41.2109375,977.8828125
426,86012.4,86124.6,85990.8,86002.0,5335.0,85030.5390625,86008.421875,86047.203125,977.8828125,38.78125,1016.6640625
427,85997.7,86007.1,85951.4,85959.4,2851.0,84994.8046875,86009.6484375,86045.4609375,1014.84375,35.8125,1050.65625
428,85959.3,85959.3,85800.9,85849.9,5078.0,84953.140625,86009.2578125,86041.5859375,1056.1171875,32.328125,1088.4453125
429,85857.6,85951.9,85857.6,85947.3,1962.0,84912.875,86010.21875,86039.71875,1097.34375,29.5,1126.84375
430,85956.3,86015.1,85938.5,85938.6,5221.0,84875.9296875,86010.8203125,86037.71875,1134.890625,26.8984375,1161.7890625
431,85932.1,85932.1,85836.9,85881.4,6432.0,84839.0390625,86012.640625,86034.625,1173.6015625,21.984375,1195.5859375
432,85891.7,86089.3,85891.7,85985.1,7549.0,84804.1875,86017.734375,86033.640625,1213.546875,15.90625,1229.453125
433,85991.3,86020.3,85972.0,85972.0,3266.0,84775.015625,86022.6015625,86032.421875,1247.5859375,9.8203125,1257.40625
434,85966.9,85993.7,85933.9,85973.8,3496.0,84746.8671875,86026.6015625,86031.2578125,1279.734375,4.65625,1284.390625
435,85961.0,85970.4,85883.3,85888.5,3662.0,84721.078125,86030.546875,86028.4296875,1309.46875,2.1171875,1307.3515625
436,85888.0,85888.0,85852.1,85869.9,2574.0,84696.484375,86033.6875,86025.2890625,1337.203125,8.3984375,1328.8046875
437,85861.3,85874.5,85800.0,85845.3,2784.0,84666.5546875,86037.375,86021.7265625,1370.8203125,15.6484375,1355.171875
438,85850.4,85866.5,85758.0,85774.0,10196.0,84638.5859375,86040.390625,86016.8203125,1401.8046875,23.5703125,1378.234375
439,85770.5,85770.5,85695.5,85742.7,8930.0,84609.1875,86043.390625,86011.390625,1434.203125,32.0,1402.203125
440,85742.6,85742.6,85650.0,85692.3,5327.0,84576.4609375,86045.171875,86005.0703125,1468.7109375,40.1015625,1428.609375
441,85692.3,85763.5,85692.3,85763.5,3544.0,84544.015625,86047.1875,86000.2890625,1503.171875,46.8984375,1456.2734375
442,85763.4,85831.0,85748.6,85819.0,4699.0,84510.046875,86048.8203125,85996.6953125,1538.7734375,52.125,1486.6484375
443,85823.3,85843.9,85761.2,85765.4,4608.0,84475.046875,86047.3515625,85992.1171875,1572.3046875,55.234375,1517.0703125
444,85765.3,85780.9,85723.6,85729.4,3187.0,84437.78125,86045.8359375,85986.9140625,1608.0546875,58.921875,1549.1328125
445,85727.3,85764.0,85685.6,85692.1,5761.0,84399.2109375,86043.2890625,85981.078125,1644.078125,62.2109375,1581.8671875
446,85691.1,85804.9,85654.5,85783.9,3678.0,84361.9453125,86042.328125,85977.171875,1680.3828125,65.15625,1615.2265625
447,85784.8,85822.1,85700.1,85700.1,5072.0,84322.359375,86041.90625,85971.6875,1719.546875,70.21875,1649.328125
448,85700.0,85700.0,85650.0,85657.6,3991.0,84279.6796875,86040.65625,85965.46875,1760.9765625,75.1875,1685.7890625
449,85657.6,85657.6,85601.1,85619.1,7419.0,84232.9375,86039.0546875,85958.609375,1806.1171875,80.4453125,1725.671875
450,85619.6,85649.6,85600.0,85600.0,3742.0,84192.3203125,86036.8984375,85951.5078125,1844.578125,85.390625,1759.1875
451,85600.0,85667.6,85600.0,85655.6,2979.0,84163.609375,86034.734375,85945.6484375,1871.125,89.0859375,1782.0390625
452,85641.1,85641.1,85606.0,85606.0,3229.0,84134.9609375,86031.921875,85938.921875,1896.9609375,93.0,1803.9609375
453,85600.0,85710.8,85588.3,85681.6,8372.0,84109.28125,86029.171875,85933.828125,1919.890625,95.34375,1824.546875
454,85677.5,85732.0,85669.1,85717.2,3388.0,84089.8515625,86026.03125,85929.5390625,1936.1796875,96.4921875,1839.6875
455,85713.0,85839.8,85713.0,85747.9,13622.0,84067.7265625,86022.921875,85925.9453125,1955.1953125,96.9765625,1858.21875
456,85755.1,85777.9,85710.1,85727.9,4033.0,84043.2890625,86019.640625,85922.0234375,1976.3515625,97.6171875,1878.734375
457,85714.0,85727.9,85639.6,85686.6,4296.0,84021.96875,86015.9375,85917.359375,1993.96875,98.578125,1895.390625
458,85687.3,85687.3,85548.0,85615.8,5345.0,84000.3203125,86011.828125,85911.390625,2011.5078125,100.4375,1911.0703125
459,85613.0,85663.5,85533.1,85663.5,7573.0,83981.9375,86007.8671875,85906.484375,2025.9296875,101.3828125,1924.546875
460,85666.8,85782.0,85618.0,85618.0,8897.0,83959.71875,86003.1953125,85900.7734375,2043.4765625,102.421875,1941.0546875
461,85621.1,85630.4,85570.6,85627.3,3147.0,83934.9375,85999.234375,85895.359375,2064.296875,103.875,1960.421875
462,85635.8,85697.5,85627.4,85655.6,3532.0,83908.40625,85994.96875,85890.609375,2086.5625,104.359375,1982.203125
463,85652.8,85659.1,85604.3,85659.1,4554.0,83884.8828125,85990.9375,85886.0234375,2106.0546875,104.9140625,2001.140625
464,85669.4,85729.7,85650.1,85672.0,3026.0,83863.3828125,85987.265625,85881.7890625,2123.8828125,105.4765625,2018.40625
465,85663.3,85706.7,85610.2,85610.2,5217.0,83844.53125,85983.5546875,85876.4140625,2139.0234375,107.140625,2031.8828125
466,85608.2,85635.8,85570.2,85622.3,3904.0,83825.046875,85978.421875,85871.3828125,2153.375,107.0390625,2046.3359375
467,85629.1,85700.6,85614.6,85677.6,4544.0,83807.703125,85974.5859375,85867.546875,2166.8828125,107.0390625,2059.84375
468,85677.6,85714.4,85666.9,85705.9,2819.0,83786.65625,85971.5,85864.34375,2184.84375,107.15625,2077.6875
469,85705.9,85723.0,85666.1,85666.3,2148.0,83766.5390625,85966.9453125,85860.421875,2200.40625,106.5234375,2093.8828125
470,85666.2,85703.8,85638.3,85682.5,3588.0,83744.859375,85962.8203125,85856.8984375,2217.9609375,105.921875,2112.0390625
471,85680.5,85730.5,85654.1,85696.0,4799.0,83719.6484375,85959.0859375,85853.7109375,2239.4375,105.375,2134.0625
472,85689.5,85709.4,85627.8,85627.8,5447.0,83697.015625,85954.734375,85849.234375,2257.71875,105.5,2152.21875
473,85625.0,85655.8,85555.5,85559.8,4459.0,83673.6484375,85949.1484375,85843.5,2275.5,105.6484375,2169.8515625
474,85564.9,85657.3,85564.9,85618.3,5351.0,83656.375,85943.15625,85839.0390625,2286.78125,104.1171875,2182.6640625
475,85617.3,85669.2,85602.1,85648.0,2294.0,83647.640625,85937.71875,85835.2578125,2290.078125,102.4609375,2187.6171875
476,85647.9,85647.9,85543.9,85583.7,4378.0,83639.484375,85931.8515625,85830.2734375,2292.3671875,101.578125,2190.7890625
477,85586.0,85586.0,85548.5,85573.6,3724.0,83628.9453125,85924.5859375,85825.1875,2295.640625,99.3984375,2196.2421875
478,85573.0,85629.0,85552.6,85624.7,6905.0,83624.0078125,85917.9296875,85821.21875,2293.921875,96.7109375,2197.2109375
479,85624.7,85624.7,85566.8,85578.8,4323.0,83618.6796875,85911.125,85816.421875,2292.4453125,94.703125,2197.7421875
480,85576.0,85636.0,85562.7,85631.7,6170.0,83607.609375,85904.40625,85812.765625,2296.796875,91.640625,2205.15625
481,85615.4,85650.7,85588.0,85604.5,5528.0,83596.046875,85897.4296875,85808.640625,2301.3828125,88.7890625,2212.59375
482,85604.4,85608.2,85542.0,85590.6,11641.0,83582.8984375,85889.9375,85804.3203125,2307.0390625,85.6171875,2221.421875
483,85590.6,85656.1,85501.2,85629.1,8618.0,83567.359375,85883.3671875,85800.8515625,2316.0078125,82.515625,2233.4921875
484,85619.6,85666.1,85604.8,85666.1,11701.0,83551.96875,85876.9296875,85798.1796875,2324.9609375,78.75,2246.2109375
485,85680.0,85762.5,85631.2,85631.2,19912.0,83534.9375,85869.7890625,85794.875,2334.8515625,74.9140625,2259.9375
486,85630.2,85630.2,85558.1,85577.5,8144.0,83517.65625,85862.3203125,85790.5703125,2344.6640625,71.75,2272.9140625
487,85599.6,85620.5,85485.0,85518.3,4472.0,83495.65625,85854.859375,85785.1796875,2359.203125,69.6796875,2289.5234375
488,85520.4,85536.4,85455.1,85462.1,3761.0,83473.0,85846.921875,85778.78125,2373.921875,68.140625,2305.78125
489,85469.1,85527.2,85457.5,85527.2,5913.0,83453.15625,85840.1171875,85773.796875,2386.9609375,66.3203125,2320.640625
490,85516.7,85541.7,85474.8,85499.5,4240.0,83433.375,85832.4609375,85768.3671875,2399.0859375,64.09375,2334.9921875
491,85499.5,85512.8,85477.6,85496.9,3884.0,83423.015625,85825.046875,85762.9921875,2402.03125,62.0546875,2339.9765625
492,85496.9,85516.1,85487.7,85516.1,2319.0,83407.453125,85818.015625,85758.1015625,2410.5625,59.9140625,2350.6484375
493,85512.7,85536.2,85505.6,85509.6,2976.0,83397.515625,85810.734375,85753.1796875,2413.21875,57.5546875,2355.6640625
494,85514.9,85535.1,85438.1,85513.3,7962.0,83385.0859375,85803.7265625,85748.4296875,2418.640625,55.296875,2363.34375
495,85521.4,85528.7,85482.0,85504.2,7172.0,83374.0703125,85798.1484375,85743.59375,2424.078125,54.5546875,2369.5234375
496,85504.1,85504.1,85387.9,85458.0,18297.0,83364.625,85792.3671875,85737.9375,2427.7421875,54.4296875,2373.3125
497,85447.9,85491.8,85408.0,85417.6,5314.0,83354.625,85787.2109375,85731.59375,2432.5859375,55.6171875,2376.96875
498,85429.0,85483.7,85403.2,85461.9,2438.0,83340.1953125,85782.765625,85726.25,2442.5703125,56.515625,2386.0546875
499,85461.9,85513.3,85409.2,85414.0,2979.0,83332.3203125,85778.375,85720.0703125,2446.0546875,58.3046875,2387.75
500,85408.2,85408.2,85161.3,85164.3,39030.0,83321.8515625,85771.359375,85709.0625,2449.5078125,62.296875,2387.2109375
501,85160.1,85331.3,85155.4,85173.1,30477.0,83316.375,85763.796875,85698.453125,2447.421875,65.34375,2382.078125
502,85168.9,85258.7,85168.9,85220.2,7878.0,83317.515625,85756.7265625,85688.984375,2439.2109375,67.7421875,2371.46875
503,85235.2,85317.8,85183.1,85287.0,7815.0,83324.9609375,85748.734375,85681.0234375,2423.7734375,67.7109375,2356.0625
504,85289.0,85333.4,85262.8,85309.2,6174.0,83335.484375,85741.25,85673.6640625,2405.765625,67.5859375,2338.1796875
505,85313.5,85363.1,85289.8,85333.1,5400.0,83349.7109375,85734.875,85666.921875,2385.1640625,67.953125,2317.2109375
506,85333.0,85333.0,85271.7,85271.7,2489.0,83363.8515625,85727.0546875,85659.09375,2363.203125,67.9609375,2295.2421875
507,85271.8,85323.1,85250.0,85312.8,4338.0,83379.6953125,85719.0546875,85652.234375,2339.359375,66.8203125,2272.5390625
508,85314.8,85351.5,85282.4,85288.7,2753.0,83393.671875,85711.2265625,85645.0390625,2317.5546875,66.1875,2251.3671875
509,85294.6,85294.6,85197.3,85197.3,11465.0,83407.671875,85702.53125,85636.171875,2294.859375,66.359375,2228.5
510,85208.0,85302.4,85180.7,85225.4,21586.0,83424.046875,85693.25,85628.0390625,2269.203125,65.2109375,2203.9921875
511,85233.8,85245.6,85111.1,85164.5,18436.0,83439.75,85683.53125,85618.859375,2243.78125,64.671875,2179.109375
512,85156.0,85156.0,84600.0,84823.2,231593.0,83457.4453125,85670.5,85603.1015625,2213.0546875,67.3984375,2145.65625
513,84823.2,84845.1,83173.2,83177.4,590196.0,83477.9453125,85641.3046875,85555.0703125,2163.359375,86.234375,2077.125
514,83177.4,83627.0,81277.3,83373.4,754291.0,83499.0703125,85614.1953125,85511.8671875,2115.125,102.328125,2012.796875
515,83371.8,83867.6,83225.0,83770.1,179103.0,83519.671875,85590.5,85477.375,2070.828125,113.125,1957.703125
516,83761.6,83783.0,83156.9,83492.3,111964.0,83540.0703125,85564.296875,85438.0703125,2024.2265625,126.2265625,1898.0
517,83492.3,84050.5,83441.5,83955.1,58244.0,83552.5859375,85541.8515625,85408.703125,1989.265625,133.1484375,1856.1171875
518,83955.3,84024.7,83683.2,83978.0,66531.0,83567.7109375,85520.2578125,85380.375,1952.546875,139.8828125,1812.6640625
519,83986.2,84147.0,83954.7,84055.5,37277.0,83577.9140625,85498.9296875,85354.140625,1921.015625,144.7890625,1776.2265625
520,84058.4,84486.0,83945.4,84261.5,47252.0,83593.0625,85479.4296875,85332.5078125,1886.3671875,146.921875,1739.4453125
521,84261.4,84480.4,84261.4,84371.1,38379.0,83613.5546875,85461.9609375,85313.46875,1848.40625,148.4921875,1699.9140625
522,84371.2,84436.2,84079.0,84251.8,25485.0,83634.59375,85444.234375,85292.4453125,1809.640625,151.7890625,1657.8515625
523,84251.8,84439.8,84130.6,84414.2,33484.0,83660.3515625,85428.359375,85275.0546875,1768.0078125,153.3046875,1614.703125
524,84413.2,84460.5,84326.4,84340.9,25856.0,83684.828125,85411.15625,85256.5546875,1726.328125,154.6015625,1571.7265625
525,84340.9,84366.2,84005.9,84104.9,21710.0,83714.0,85392.0859375,85233.75,1678.0859375,158.3359375,1519.75
526,84104.8,84108.3,83916.0,83972.3,26099.0,83736.5546875,85371.78125,85208.7734375,1635.2265625,163.0078125,1472.21875
527,83972.3,84125.8,83823.2,84004.7,42567.0,83754.3203125,85352.234375,85184.9296875,1597.9140625,167.3046875,1430.609375
528,84000.4,84076.4,83764.7,83946.5,24317.0,83775.1796875,85333.1953125,85160.40625,1558.015625,172.7890625,1385.2265625
529,83948.4,83962.7,83800.6,83923.2,12939.0,83795.7109375,85312.9609375,85135.90625,1517.25,177.0546875,1340.1953125
530,83923.3,84363.1,83896.8,84276.2,35765.0,83814.3984375,85296.3359375,85118.8828125,1481.9375,177.453125,1304.484375
531,84271.9,84271.9,84119.9,84125.6,8578.0,83833.71875,85278.78125,85099.2109375,1445.0625,179.5703125,1265.4921875
532,84125.6,84214.1,84125.6,84201.1,7444.0,83853.109375,85260.9375,85081.4296875,1407.828125,179.5078125,1228.3203125
533,84206.6,84230.6,83950.7,84025.7,13118.0,83869.0546875,85241.4765625,85060.5234375,1372.421875,180.953125,1191.46875
534,84025.6,84046.8,83888.0,83892.8,13711.0,83886.375,85220.65625,85037.3984375,1334.28125,183.2578125,1151.0234375
535,83892.9,83942.0,83773.1,83924.9,18049.0,83904.5703125,85201.03125,85015.3671875,1296.4609375,185.6640625,1110.796875
536,83930.0,84106.7,83911.3,84093.5,17280.0,83918.734375,85183.25,84997.109375,1264.515625,186.140625,1078.375
537,84093.5,84106.8,83890.5,83890.5,12428.0,83932.6171875,85163.71875,84975.1953125,1231.1015625,188.5234375,1042.578125
538,83890.5,84011.9,83836.9,84000.0,12719.0,83943.8671875,85145.9765625,84955.8828125,1202.109375,190.09375,1012.015625
539,83999.9,84104.6,83965.8,84031.3,23635.0,83959.4765625,85128.859375,84937.5703125,1169.3828125,191.2890625,978.09375
540,84027.0,84062.7,83935.3,83956.4,10085.0,83977.625,85111.5,84918.140625,1133.875,193.359375,940.515625
541,83954.4,84113.1,83954.4,84077.6,8905.0,83993.1015625,85094.640625,84901.5,1101.5390625,193.140625,908.3984375
542,84071.4,84106.1,83906.4,83943.9,8605.0,84011.484375,85075.875,84882.5390625,1064.390625,193.3359375,871.0546875
543,83943.9,83977.6,83786.0,83829.0,14854.0,84026.8984375,85056.515625,84861.6796875,1029.6171875,194.8359375,834.78125
544,83828.9,83834.2,83682.8,83769.5,25721.0,84041.5546875,85036.921875,84840.0546875,995.3671875,196.8671875,798.5
545,83753.6,84164.5,83737.6,84164.5,19937.0,84056.0703125,85021.6484375,84826.6796875,965.578125,194.96875,770.609375
546,84166.5,84403.6,84152.8,84233.0,27365.0,84070.3359375,85006.140625,84814.921875,935.8046875,191.21875,744.5859375
547,84222.5,84290.3,84123.7,84247.0,19768.0,84091.4453125,84991.609375,84803.6796875,900.1640625,187.9296875,712.234375
548,84248.0,84306.9,84207.2,84235.9,8087.0,84118.15625,84977.390625,84792.4375,859.234375,184.953125,674.28125
549,84229.8,84299.8,84133.2,84277.6,6664.0,84153.5859375,84963.9765625,84782.2421875,810.390625,181.734375,628.65625
550,84276.6,84300.0,84145.9,84204.3,6741.0,84181.53125,84950.0390625,84770.796875,768.5078125,179.2421875,589.265625
551,84197.3,84496.8,84197.3,84421.5,10103.0,84199.265625,84937.6875,84763.8828125,738.421875,173.8046875,564.6171875
552,84412.1,84619.0,84398.1,84521.6,14509.0,84216.625,84926.8359375,84759.0859375,710.2109375,167.75,542.4609375
553,84521.1,84690.3,84521.1,84637.8,8961.0,84229.1875,84916.3984375,84756.6875,687.2109375,159.7109375,527.5
554,84628.4,84635.7,84452.7,84481.3,14046.0,84239.6015625,84904.0390625,84751.234375,664.4375,152.8046875,511.6328125
555,84493.9,84667.9,84477.9,84667.9,7251.0,84252.765625,84893.234375,84749.5859375,640.46875,143.6484375,496.8203125
556,84675.9,84698.7,84520.8,84541.7,10289.0,84266.75,84881.375,84745.46875,614.625,135.90625,478.71875
557,84550.2,84617.9,84520.8,84568.8,10589.0,84279.3671875,84870.1953125,84741.96875,590.828125,128.2265625,462.6015625
558,84573.0,84583.0,84431.4,84437.8,19801.0,84292.046875,84858.421875,84735.9453125,566.375,122.4765625,443.8984375
559,84437.8,84500.3,84329.1,84345.4,20059.0,84301.7890625,84845.2265625,84728.2109375,543.4375,117.015625,426.421875
560,84345.5,84547.8,84322.4,84523.8,12934.0,84316.71875,84834.2890625,84724.1640625,517.5703125,110.125,407.4453125
561,84512.0,84575.5,84351.8,84454.9,17389.0,84334.1484375,84822.578125,84718.8359375,488.4296875,103.7421875,384.6875
562,84463.3,84559.9,84418.1,84488.0,6071.0,84353.25,84810.890625,84714.265625,457.640625,96.625,361.015625
563,84483.7,84575.3,84410.1,84568.3,16707.0,84365.6015625,84799.984375,84711.375,434.3828125,88.609375,345.7734375
564,84566.0,84633.5,84500.0,84500.1,6184.0,84377.6171875,84788.2578125,84707.1875,410.640625,81.0703125,329.5703125
565,84505.0,84508.1,84367.5,84380.3,5297.0,84386.53125,84775.96875,84700.7109375,389.4375,75.2578125,314.1796875
566,84380.2,84382.3,84259.6,84263.9,13940.0,84395.0703125,84762.390625,84692.0625,367.3203125,70.328125,296.9921875
567,84267.2,84388.4,84245.3,84335.2,13017.0,84404.765625,84748.9609375,84684.9921875,344.1953125,63.96875,280.2265625
568,84333.1,84359.2,84254.9,84281.2,5456.0,84414.9609375,84734.7109375,84677.0,319.75,57.7109375,262.0390625
569,84299.1,84302.4,84183.8,84222.4,6337.0,84423.0546875,84720.265625,84668.0,297.2109375,52.265625,244.9453125
570,84218.2,84288.9,84185.7,84259.6,17105.0,84428.7109375,84706.0390625,84659.9140625,277.328125,46.125,231.203125
571,84256.1,84401.5,84256.1,84368.0,3991.0,84437.53125,84692.7578125,84654.1328125,255.2265625,38.625,216.6015625
572,84356.6,84422.5,84348.0,84416.0,3753.0,84445.140625,84680.640625,84649.4140625,235.5,31.2265625,204.2734375
573,84412.6,84423.2,84229.5,84233.8,7003.0,84454.5703125,84667.375,84641.1875,212.8046875,26.1875,186.6171875
574,84241.4,84258.3,84025.8,84087.2,20531.0,84456.40625,84652.0546875,84630.21875,195.6484375,21.8359375,173.8125
575,84092.5,84117.3,83974.2,84081.9,12807.0,84450.734375,84636.40625,84619.359375,185.671875,17.046875,168.625
576,84074.3,84074.3,83921.5,83966.6,11815.0,84478.2578125,84620.234375,84606.4296875,141.9765625,13.8046875,128.171875
577,83961.5,84018.2,83932.4,83996.5,7262.0,84507.484375,84604.46875,84594.3515625,96.984375,10.1171875,86.8671875
578,83990.5,84098.4,83954.6,84026.7,16272.0,84530.1015625,84588.4765625,84583.109375,58.375,5.3671875,53.0078125
579,84031.0,84091.9,83981.0,83997.6,4046.0,84553.75,84572.671875,84571.515625,18.921875,1.15625,17.765625
580,83996.6,83996.6,83856.6,83871.3,10885.0,84581.109375,84555.0703125,84557.6484375,26.0390625,2.578125,23.4609375
581,83862.0,83979.0,83819.5,83926.6,18306.0,84607.5703125,84538.2890625,84545.15625,69.28125,6.8671875,62.4140625
582,83926.6,83954.9,83751.1,83780.1,10925.0,84635.890625,84520.1875,84530.0078125,115.703125,9.8203125,105.8828125
583,83780.9,83881.9,83754.6,83777.5,17305.0,84662.8046875,84501.671875,84515.109375,161.1328125,13.4375,147.6953125
584,83779.5,83873.5,83750.0,83805.9,31807.0,84691.5546875,84483.0703125,84501.0625,208.484375,17.9921875,190.4921875
585,83796.8,83874.7,83724.6,83741.9,29439.0,84722.1015625,84464.1796875,84486.03125,257.921875,21.8515625,236.0703125
586,83742.0,83828.0,83732.8,83768.1,8394.0,84750.6015625,84446.078125,84471.8125,304.5234375,25.734375,278.7890625
587,83770.4,83983.2,83770.4,83963.1,9143.0,84783.3671875,84430.5390625,84461.7421875,352.828125,31.203125,321.625
588,83963.1,83990.8,83844.3,83872.8,6328.0,84821.3046875,84414.640625,84450.078125,406.6640625,35.4375,371.2265625
589,83864.7,83890.0,83728.7,83728.7,8651.0,84857.46875,84396.65625,84435.796875,460.8125,39.140625,421.671875
590,83724.6,83753.9,83626.6,83653.1,15237.0,84899.71875,84378.1953125,84420.296875,521.5234375,42.1015625,479.421875
591,83675.5,83764.3,83633.8,83699.0,17326.0,84943.3359375,84360.21875,84406.015625,583.1171875,45.796875,537.3203125
592,83691.8,83697.5,83576.0,83692.0,14180.0,84985.3046875,84341.9765625,84391.875,643.328125,49.8984375,593.4296875
593,83700.4,83828.0,83700.4,83768.1,20744.0,85026.4609375,84324.5546875,84379.5234375,701.90625,54.96875,646.9375
594,83774.0,83820.8,83635.4,83701.0,9920.0,85067.15625,84306.4375,84366.0859375,760.71875,59.6484375,701.0703125
595,83695.9,83786.6,83679.7,83783.8,10010.0,85111.984375,84289.234375,84354.5546875,822.75,65.3203125,757.4296875
596,83788.0,83862.9,83781.0,83817.1,13303.0,85154.6953125,84272.828125,84343.9140625,881.8671875,71.0859375,810.78125
597,83817.2,83858.6,83785.7,83799.7,6080.0,85194.5859375,84256.6484375,84333.140625,937.9375,76.4921875,861.4453125
598,83799.7,83824.4,83707.4,83715.0,7485.0,85235.390625,84239.1796875,84320.8984375,996.2109375,81.71875,914.4921875
599,83715.0,83733.2,83636.1,83636.1,6127.0,85269.3515625,84221.3984375,84307.3359375,1047.953125,85.9375,962.015625
600,83636.1,83795.2,83636.1,83779.9,4312.0,85305.6171875,84207.5546875,84296.890625,1098.0625,89.3359375,1008.7265625
601,83786.9,83894.1,83751.7,83868.9,21353.0,85340.3671875,84194.515625,84288.4140625,1145.8515625,93.8984375,1051.953125
602,83864.7,83915.9,83809.1,83887.5,8606.0,85366.7578125,84181.1875,84280.4765625,1185.5703125,99.2890625,1086.28125
603,83887.4,83939.8,83877.6,83920.3,3860.0,85388.375,84167.53125,84273.34375,1220.84375,105.8125,1115.03125
604,83924.6,83989.8,83863.2,83921.5,6033.0,85411.3046875,84153.65625,84266.375,1257.6484375,112.71875,1144.9296875
605,83922.5,83976.3,83825.6,83833.7,6568.0,85429.0078125,84138.65625,84257.8046875,1290.3515625,119.1484375,1171.203125
606,83833.7,83873.5,83730.9,83853.3,9538.0,85447.5078125,84124.46875,84249.796875,1323.0390625,125.328125,1197.7109375
607,83863.5,83867.6,83690.1,83711.3,9399.0,85463.4765625,84108.4609375,84239.1328125,1355.015625,130.671875,1224.34375
608,83705.2,83764.7,83688.8,83724.5,6364.0,85482.28125,84092.8203125,84228.9453125,1389.4609375,136.125,1253.3359375
609,83722.3,83730.0,83650.2,83656.4,5595.0,85503.0078125,84077.40625,84217.609375,1425.6015625,140.203125,1285.3984375
610,83652.4,83737.5,83580.0,83737.5,9843.0,85518.7265625,84062.5390625,84208.1015625,1456.1875,145.5625,1310.625
611,83749.4,83902.4,83749.4,83829.3,23824.0,85536.7265625,84049.1796875,84200.6015625,1487.546875,151.421875,1336.125
612,83840.7,83880.9,83738.1,83790.5,7625.0,85552.8984375,84038.859375,84192.484375,1514.0390625,153.625,1360.4140625
613,83782.5,83786.6,83653.4,83706.2,9009.0,85568.3203125,84044.140625,84182.8515625,1524.1796875,138.7109375,1385.46875
614,83693.7,83716.8,83686.1,83706.8,4030.0,85581.9765625,84047.4765625,84173.421875,1534.5,125.9453125,1408.5546875
615,83703.1,83773.7,83700.3,83723.0,4499.0,85593.5703125,84047.0078125,84164.5,1546.5625,117.4921875,1429.0703125
616,83728.8,83766.6,83605.2,83614.7,5211.0,85613.109375,84048.2265625,84153.609375,1564.8828125,105.3828125,1459.5
617,83619.8,83712.5,83605.4,83707.3,5081.0,85638.53125,84045.7578125,84144.7734375,1592.7734375,99.015625,1493.7578125
618,83707.2,83715.0,83605.6,83625.1,5532.0,85663.125,84042.21875,84134.484375,1620.90625,92.265625,1528.640625
619,83632.5,83681.5,83608.1,83633.7,2527.0,85691.9375,84038.0,84124.5703125,1653.9375,86.5703125,1567.3671875
620,83641.5,83675.1,83404.8,83509.7,28966.0,85718.71875,84030.484375,84112.3984375,1688.234375,81.9140625,1606.3203125
621,83511.7,83610.5,83364.6,83364.7,13554.0,85738.171875,84020.40625,84097.59375,1717.765625,77.1875,1640.578125
622,83363.6,83493.4,83313.0,83425.7,7002.0,85750.8671875,84012.15625,84084.2890625,1738.7109375,72.1328125,1666.578125
623,83425.8,83497.8,83352.9,83358.4,21014.0,85759.7109375,84001.6015625,84069.9140625,1758.109375,68.3125,1689.796875
624,83361.2,83398.6,83304.6,83324.3,14907.0,85770.4765625,83991.4296875,84055.1484375,1779.046875,63.71875,1715.328125
625,83324.3,83355.3,83284.7,83334.3,8920.0,85779.3046875,83983.71875,84040.875,1795.5859375,57.15625,1738.4296875
626,83346.7,83346.7,83150.8,83181.1,41793.0,85788.734375,83975.8046875,84023.8515625,1812.9296875,48.046875,1764.8828125
627,83174.1,83320.8,83146.9,83226.1,12694.0,85797.765625,83968.03125,84008.0546875,1829.734375,40.0234375,1789.7109375
628,83218.3,83238.8,83062.5,83062.5,21836.0,85807.28125,83959.1875,83989.328125,1848.09375,30.140625,1817.953125
629,83058.7,83203.9,83058.7,83076.1,23222.0,85815.7890625,83950.71875,83971.2421875,1865.0703125,20.5234375,1844.546875
630,83074.2,83231.8,83050.5,83069.4,17291.0,85826.1484375,83938.6484375,83953.3828125,1887.5,14.734375,1872.765625
631,83049.5,83095.4,82865.7,83040.7,43387.0,85836.8203125,83927.8046875,83935.3125,1909.015625,7.5078125,1901.5078125
632,83036.6,83045.0,82700.0,82806.5,37530.0,85848.28125,83913.859375,83912.9609375,1934.421875,0.8984375,1935.3203125
633,82778.9,82940.5,82747.1,82860.2,18664.0,85858.1171875,83902.2109375,83892.1171875,1955.90625,10.09375,1966.0
634,82869.4,82985.0,82860.8,82870.9,23699.0,85869.7890625,83891.9765625,83871.8984375,1977.8125,20.078125,1997.890625
635,82871.0,82984.9,82840.1,82974.5,20211.0,85880.75,83882.484375,83854.125,1998.265625,28.359375,2026.625
636,82974.5,82985.0,82827.6,82841.9,11346.0,85892.28125,83869.96875,83834.078125,2022.3125,35.890625,2058.203125
637,82838.6,82953.3,82804.1,82953.3,21336.0,85904.1796875,83860.59375,83816.640625,2043.5859375,43.953125,2087.5390625
638,82949.2,82957.2,82736.6,82741.6,11185.0,85918.640625,83848.0078125,83795.3515625,2070.6328125,52.65625,2123.2890625
639,82737.0,82789.5,82602.4,82686.1,33922.0,85932.28125,83834.5546875,83773.3828125,2097.7265625,61.171875,2158.8984375
640,82686.0,82729.9,82603.4,82682.8,20981.0,85945.4296875,83821.8203125,83751.7890625,2123.609375,70.03125,2193.640625
641,82685.0,82700.0,82518.0,82532.8,19045.0,85964.4609375,83806.375,83727.6484375,2158.0859375,78.7265625,2236.8125
642,82541.0,82616.6,82480.1,82572.2,18141.0,85976.515625,83792.65625,83704.765625,2183.859375,87.890625,2271.75
643,82576.3,82596.8,82478.2,82495.0,14079.0,85991.796875,83779.3125,83680.8125,2212.484375,98.5,2310.984375
644,82495.1,82675.0,82495.1,82648.4,27026.0,86009.6953125,83768.1015625,83660.3671875,2241.59375,107.734375,2349.328125
645,82648.4,82684.7,82571.7,82624.2,46050.0,86030.640625,83752.6953125,83639.8515625,2277.9453125,112.84375,2390.7890625
646,82630.4,82670.6,82578.5,82657.8,14204.0,86052.1953125,83736.953125,83620.40625,2315.2421875,116.546875,2431.7890625
647,82653.8,82725.3,82600.2,82725.3,12563.0,86070.421875,83721.734375,83602.6796875,2348.6875,119.0546875,2467.7421875
648,82725.3,82757.9,82582.5,82603.3,8666.0,86088.0703125,83705.40625,83582.890625,2382.6640625,122.515625,2505.1796875
649,82606.3,82607.3,82472.6,82538.4,9220.0,86102.265625,83688.015625,83562.2109375,2414.25,125.8046875,2540.0546875
650,82546.8,82599.2,82477.9,82514.0,6482.0,86117.75,83671.109375,83541.453125,2446.640625,129.65625,2576.296875
651,82509.9,82590.9,82500.1,82500.1,18087.0,86134.2265625,83651.890625,83520.8359375,2482.3359375,131.0546875,2613.390625
652,82500.0,82500.1,82280.0,82280.0,18549.0,86150.578125,83629.4765625,83496.265625,2521.1015625,133.2109375,2654.3125
653,82275.9,82344.9,82234.6,82257.7,21916.0,86167.2109375,83605.671875,83471.7421875,2561.5390625,133.9296875,2695.46875
654,82248.8,82285.7,82125.3,82149.0,14685.0,86182.578125,83582.3515625,83445.546875,2600.2265625,136.8046875,2737.03125
655,82144.8,82267.9,82116.5,82208.8,12339.0,86195.3359375,83557.7578125,83421.0546875,2637.578125,136.703125,2774.28125
656,82210.8,82518.0,82210.8,82497.1,30776.0,86205.421875,83537.3125,83402.7578125,2668.109375,134.5546875,2802.6640625
657,82497.4,82506.8,82390.0,82453.9,12146.0,86216.2109375,83516.1640625,83383.96875,2700.046875,132.1953125,2832.2421875
658,82453.8,82478.6,82349.3,82387.6,7323.0,86226.5390625,83495.65625,83364.2421875,2730.8828125,131.4140625,2862.296875
659,82385.9,82385.9,82201.4,82217.5,10488.0,86236.0078125,83474.375,83341.53125,2761.6328125,132.84375,2894.4765625
660,82216.4,82231.7,82112.2,82176.2,12266.0,86242.546875,83450.90625,83318.453125,2791.640625,132.453125,2924.09375
661,82178.3,82200.4,82111.0,82161.7,16371.0,86247.2265625,83427.9765625,83295.546875,2819.25,132.4296875,2951.6796875
662,82168.0,82261.1,82020.7,82078.6,15816.0,86253.1796875,83403.8828125,83271.4453125,2849.296875,132.4375,2981.734375
663,82078.5,82089.4,81712.9,81949.0,58374.0,86258.5703125,83377.6796875,83245.2578125,2880.890625,132.421875,3013.3125
664,81948.9,81974.5,81786.1,81935.6,25616.0,86262.2109375,83352.0390625,83219.3203125,2910.171875,132.71875,3042.890625
665,81943.5,82391.7,81927.3,82061.4,45415.0,86265.71875,83328.8515625,83196.390625,2936.8671875,132.4609375,3069.328125
666,82053.6,82085.5,81905.2,82062.6,16898.0,86269.9765625,83306.8359375,83173.9375,2963.140625,132.8984375,3096.0390625
667,82058.6,82058.6,81802.1,81872.6,21012.0,86273.609375,83282.2109375,83148.171875,2991.3984375,134.0390625,3125.4375
668,81871.0,82140.3,81859.4,82019.9,32565.0,86279.65625,83259.6015625,83125.828125,3020.0546875,133.7734375,3153.828125
669,82012.6,82139.7,82004.9,82080.5,55937.0,86286.9296875,83238.1796875,83105.125,3048.75,133.0546875,3181.8046875
670,82080.3,82443.9,82070.5,82414.7,20236.0,86297.015625,83219.7265625,83091.453125,3077.2890625,128.2734375,3205.5625
671,82408.7,82428.3,82331.5,82382.7,17538.0,86306.7578125,83199.875,83077.421875,3106.8828125,122.453125,3229.3359375
672,82382.7,82499.9,82309.5,82316.1,21160.0,86315.828125,83178.875,83062.34375,3136.953125,116.53125,3253.484375
673,82309.4,82329.3,82107.0,82168.8,13391.0,86324.71875,83158.21875,83044.6484375,3166.5,113.5703125,3280.0703125
674,82168.3,82242.3,82082.7,82124.0,23107.0,86335.0,83138.59375,83026.4140625,3196.40625,112.1796875,3308.5859375
675,82116.1,82140.8,81937.9,81944.2,15948.0,86344.78125,83117.21875,83004.984375,3227.5625,112.234375,3339.796875
676,81936.1,82077.4,81640.3,82072.8,26241.0,86318.796875,83098.28125,82986.5234375,3220.515625,111.7578125,3332.2734375
677,82080.7,82224.5,81960.7,81975.2,13752.0,86295.9375,83078.0703125,82966.5,3217.8671875,111.5703125,3329.4375
678,81956.1,82014.3,81770.3,81877.2,9149.0,86252.890625,83056.5703125,82944.9296875,3196.3203125,111.640625,3307.9609375
679,81878.3,82077.9,81873.7,82077.8,19767.0,86214.53125,83037.375,82927.7578125,3177.15625,109.6171875,3286.7734375
680,82077.9,82077.9,81864.9,81965.1,12777.0,86182.9609375,83018.3125,82908.6953125,3164.6484375,109.6171875,3274.265625
681,81963.2,82231.1,81947.7,82190.6,22895.0,86148.5703125,83000.953125,82894.4765625,3147.6171875,106.4765625,3254.09375
682,82190.5,82197.1,81951.4,81964.9,11012.0,86116.3515625,82982.796875,82876.0703125,3133.5546875,106.7265625,3240.28125
683,81965.9,82024.8,81934.3,81992.6,15824.0,86087.0390625,82964.9453125,82858.578125,3122.09375,106.3671875,3228.4609375
684,81992.6,82196.1,81983.0,82196.1,21470.0,86054.9765625,82948.8515625,82845.4609375,3106.125,103.390625,3209.515625
685,82196.1,82351.9,82149.2,82305.4,16139.0,86028.1796875,82934.484375,82834.765625,3093.6953125,99.71875,3193.4140625
686,82307.4,82485.7,82241.3,82291.4,17690.0,86006.8203125,82919.7109375,82824.0078125,3087.109375,95.703125,3182.8125
687,82304.4,82304.4,82120.1,82120.1,16968.0,85985.5390625,82901.2890625,82810.0703125,3084.25,91.21875,3175.46875
688,82124.2,82124.2,81959.6,82019.2,13734.0,85961.171875,82882.75,82794.40625,3078.421875,88.34375,3166.765625
689,82019.4,82082.3,82007.4,82069.3,5797.0,85933.875,82866.1640625,82780.046875,3067.7109375,86.1171875,3153.828125
690,82069.3,82289.5,82061.1,82246.1,20921.0,85905.2578125,82852.09375,82769.4765625,3053.1640625,82.6171875,3135.78125
691,82246.0,82377.9,82227.1,82305.4,10687.0,85871.3046875,82838.15625,82760.2890625,3033.1484375,77.8671875,3111.015625
692,82314.6,82468.4,82299.2,82442.9,8486.0,85838.0390625,82825.671875,82754.0078125,3012.3671875,71.6640625,3084.03125
693,82444.2,82614.8,82395.6,82568.9,11545.0,85804.515625,82813.671875,82750.34375,2990.84375,63.328125,3054.171875
694,82550.4,82712.4,82443.3,82443.3,24783.0,85770.9609375,82801.1015625,82744.265625,2969.859375,56.8359375,3026.6953125
695,82446.9,82554.9,82389.0,82530.9,15584.0,85734.0859375,82788.5625,82740.0390625,2945.5234375,48.5234375,2994.046875
696,82532.6,82616.4,82462.8,82558.3,6799.0,85699.8203125,82775.9765625,82736.4375,2923.84375,39.5390625,2963.3828125
697,82555.0,82710.4,82548.8,82690.3,13435.0,85663.734375,82764.890625,82735.5234375,2898.84375,29.3671875,2928.2109375
698,82690.3,82866.1,82576.7,82834.2,28655.0,85627.0,82756.0859375,82737.4765625,2870.9140625,18.609375,2889.5234375
699,82840.6,82841.4,82689.9,82740.7,9596.0,85591.140625,82747.125,82737.5390625,2844.015625,9.5859375,2853.6015625
700,82740.8,82922.9,82718.3,82846.4,6538.0,85553.1171875,82737.796875,82739.6953125,2815.3203125,1.8984375,2813.421875
701,82846.5,82858.5,82597.3,82629.6,19970.0,85510.890625,82725.40625,82737.515625,2785.484375,12.109375,2773.375
702,82648.3,82648.3,82571.7,82593.2,6082.0,85466.5859375,82712.4609375,82734.65625,2754.125,22.1953125,2731.9296875
703,82594.4,82612.8,82527.2,82583.8,25629.0,85423.90625,82699.0859375,82731.671875,2724.8203125,32.5859375,2692.234375
704,82583.8,82583.8,82496.2,82543.8,7138.0,85376.421875,82685.3125,82727.953125,2691.109375,42.640625,2648.46875
705,82552.0,82581.1,82539.7,82574.0,4128.0,85330.3984375,82672.71875,82724.90625,2657.6796875,52.1875,2605.4921875
706,82574.9,82609.7,82444.9,82465.3,7259.0,85281.8203125,82658.8359375,82719.765625,2622.984375,60.9296875,2562.0546875
707,82459.9,82529.5,82450.4,82529.5,10327.0,85235.2578125,82647.015625,82716.0,2588.2421875,68.984375,2519.2578125
708,82533.6,82570.5,82487.9,82533.6,5208.0,85180.21875,82635.1015625,82712.390625,2545.1171875,77.2890625,2467.828125
709,82533.6,82570.5,82450.1,82456.7,6170.0,85126.4296875,82623.1015625,82707.328125,2503.328125,84.2265625,2419.1015625
710,82456.2,82456.2,82364.6,82452.6,18068.0,85077.5390625,82610.25,82702.28125,2467.2890625,92.03125,2375.2578125
711,82452.6,82561.7,82420.9,82557.5,6585.0,85024.40625,82597.53125,82699.4140625,2426.875,101.8828125,2324.9921875
712,82541.0,82732.5,82508.9,82717.9,24146.0,84974.890625,82586.8046875,82699.78125,2388.0859375,112.9765625,2275.109375
713,82721.6,82750.0,82660.9,82749.9,7956.0,84926.1796875,82577.2421875,82700.7734375,2348.9375,123.53125,2225.40625
714,82749.9,82766.4,82699.7,82710.1,5273.0,84885.9453125,82567.28125,82700.9609375,2318.6640625,133.6796875,2184.984375
715,82710.1,82807.6,82637.8,82742.8,9795.0,84849.9609375,82557.4765625,82701.7890625,2292.484375,144.3125,2148.171875
716,82739.3,82766.7,82656.8,82656.8,3375.0,84809.3203125,82547.8984375,82700.8984375,2261.421875,153.0,2108.421875
717,82656.8,82750.3,82638.5,82728.4,4222.0,84768.6796875,82538.109375,82701.4453125,2230.5703125,163.3359375,2067.234375
718,82728.4,82778.4,82721.2,82768.0,5202.0,84732.1171875,82529.5390625,82702.765625,2202.578125,173.2265625,2029.3515625
719,82762.0,82815.9,82703.3,82710.1,9929.0,84695.5390625,82520.3046875,82702.9140625,2175.234375,182.609375,1992.625
720,82713.3,82713.3,82619.2,82675.0,8385.0,84661.140625,82511.9609375,82702.359375,2149.1796875,190.3984375,1958.78125
721,82681.7,82931.5,82680.7,82931.4,15073.0,84630.3046875,82507.625,82706.8984375,2122.6796875,199.2734375,1923.40625
722,82931.5,82957.8,82852.1,82881.5,10984.0,84602.5859375,82502.1875,82710.359375,2100.3984375,208.171875,1892.2265625
723,82881.5,82953.2,82841.6,82892.7,11356.0,84577.3359375,82497.53125,82713.96875,2079.8046875,216.4375,1863.3671875
724,82896.6,82970.3,82870.1,82941.3,6136.0,84551.796875,82493.6953125,82718.46875,2058.1015625,224.7734375,1833.328125
725,82948.1,82995.0,82891.0,82899.2,6327.0,84522.3203125,82489.34375,82722.046875,2032.9765625,232.703125,1800.2734375
726,82907.5,82967.1,82812.0,82829.0,9037.0,84493.7890625,82485.8203125,82724.1640625,2007.96875,238.34375,1769.625
727,82830.1,83053.8,82812.0,83041.4,15284.0,84464.5,82483.9765625,82730.4453125,1980.5234375,246.46875,1734.0546875
728,83053.1,83343.1,83053.1,83295.7,38016.0,84432.3203125,82486.3046875,82741.640625,1946.015625,255.3359375,1690.6796875
729,83295.6,83351.2,83155.6,83228.5,9452.0,84400.125,82487.8359375,82751.28125,1912.2890625,263.4453125,1648.84375
730,83236.9,83337.0,83236.9,83250.0,7117.0,84365.5859375,82489.640625,82761.15625,1875.9453125,271.515625,1604.4296875
731,83241.7,83241.7,83053.5,83127.0,41546.0,84330.8984375,82490.5,82768.3984375,1840.3984375,277.8984375,1562.5
732,83126.1,83126.1,82951.0,82951.0,14525.0,84292.6484375,82491.9453125,82772.015625,1800.703125,280.0703125,1520.6328125
733,82949.5,83037.2,82932.4,83012.9,5621.0,84252.8671875,82493.4765625,82776.7890625,1759.390625,283.3125,1476.078125
734,83002.0,83118.3,82996.0,83095.3,6014.0,84213.8515625,82495.71875,82783.09375,1718.1328125,287.375,1430.7578125
735,83082.7,83120.9,83034.1,83045.2,4113.0,84173.3046875,82496.421875,82788.28125,1676.8828125,291.859375,1385.0234375
736,83051.4,83088.2,83015.6,83035.2,3492.0,84123.515625,82498.3515625,82793.171875,1625.1640625,294.8203125,1330.34375
737,83032.1,83187.9,83032.1,83044.6,6448.0,84074.359375,82499.265625,82798.1484375,1575.09375,298.8828125,1276.2109375
738,83039.7,83053.0,82948.6,82996.0,4963.0,84031.90625,82501.8125,82802.0625,1530.09375,300.25,1229.84375
739,82990.0,82990.0,82847.1,82879.6,13056.0,84000.4453125,82503.75,82803.6015625,1496.6953125,299.8515625,1196.84375
740,82887.9,83055.4,82887.9,83040.6,11412.0,83969.484375,82507.328125,82808.296875,1462.15625,300.96875,1161.1875
741,83040.5,83168.9,83027.1,83142.4,4509.0,83941.25,82513.421875,82814.9140625,1427.828125,301.4921875,1126.3359375
742,83142.7,83160.0,82995.9,83012.6,5393.0,83920.640625,82517.8203125,82818.828125,1402.8203125,301.0078125,1101.8125
743,83009.1,83240.3,82995.3,83159.1,11862.0,83897.3203125,82524.46875,82825.5625,1372.8515625,301.09375,1071.7578125
744,83159.0,83159.8,83064.3,83065.2,4129.0,83873.109375,82528.6328125,82830.3046875,1344.4765625,301.671875,1042.8046875
745,83073.6,83160.1,83064.0,83128.6,4387.0,83850.015625,82533.6796875,82836.2109375,1316.3359375,302.53125,1013.8046875
746,83128.5,83128.5,83037.6,83053.0,2391.0,83827.6015625,82537.6328125,82840.5,1289.96875,302.8671875,987.1015625
747,83053.0,83063.7,82969.0,82987.2,1869.0,83808.265625,82540.25,82843.40625,1268.015625,303.15625,964.859375
748,82988.2,83043.2,82978.0,82978.0,2917.0,83785.1875,82544.0,82846.0703125,1241.1875,302.0703125,939.1171875
749,82974.1,82974.1,82924.4,82924.4,3108.0,83758.84375,82547.859375,82847.625,1210.984375,299.765625,911.21875
750,82924.5,82950.7,82903.5,82903.5,3799.0,83731.1796875,82551.75,82848.734375,1179.4296875,296.984375,882.4453125
751,82904.4,82943.6,82899.0,82926.2,7938.0,83706.875,82556.015625,82850.265625,1150.859375,294.25,856.609375
752,82926.2,83079.2,82926.2,83079.2,36803.0,83685.421875,82564.0,82854.796875,1121.421875,290.796875,830.625
753,83080.0,83114.7,82959.2,82959.2,4886.0,83664.78125,82571.0234375,82856.8671875,1093.7578125,285.84375,807.9140625
754,82959.1,82959.1,82793.4,82799.5,8111.0,83644.671875,82577.53125,82855.734375,1067.140625,278.203125,788.9375
755,82796.0,82827.2,82726.5,82772.8,8515.0,83626.9609375,82583.171875,82854.09375,1043.7890625,270.921875,772.8671875
756,82767.3,82802.8,82747.5,82768.1,6283.0,83606.9765625,82585.875,82852.390625,1021.1015625,266.515625,754.5859375
757,82768.0,82775.3,82636.8,82680.8,6586.0,83586.265625,82588.1484375,82848.9921875,998.1171875,260.84375,737.2734375
758,82680.8,82707.4,82616.9,82638.7,6030.0,83563.8203125,82590.6640625,82844.828125,973.15625,254.1640625,718.9921875
759,82638.6,82711.8,82618.4,82618.4,6202.0,83538.53125,82594.671875,82840.34375,943.859375,245.671875,698.1875
760,82618.4,82695.4,82500.1,82521.2,10768.0,83515.4140625,82598.125,82834.0234375,917.2890625,235.8984375,681.390625
761,82501.0,82521.3,82389.9,82470.1,18509.0,83492.890625,82601.2109375,82826.8203125,891.6796875,225.609375,666.0703125
762,82469.3,82485.9,82382.7,82435.8,12156.0,83473.0390625,82604.78125,82819.078125,868.2578125,214.296875,653.9609375
763,82432.1,82530.0,82431.9,82509.6,7552.0,83462.5703125,82610.3828125,82812.953125,852.1875,202.5703125,649.6171875
764,82509.9,82552.0,82480.8,82524.7,7396.0,83452.7109375,82616.28125,82807.2421875,836.4296875,190.9609375,645.46875
765,82510.0,82528.1,82438.2,82443.3,5419.0,83438.7265625,82620.1015625,82800.0390625,818.625,179.9375,638.6875
766,82446.4,82479.7,82381.1,82419.4,2903.0,83433.609375,82623.671875,82792.5,809.9375,168.828125,641.109375
767,82418.7,82448.0,82284.2,82313.2,6078.0,83428.1328125,82628.0703125,82783.0078125,800.0625,154.9375,645.125
768,82317.0,82381.8,82257.2,82262.7,8322.0,83415.3828125,82630.5,82772.703125,784.8828125,142.203125,642.6796875
769,82279.4,82417.8,82229.4,82300.1,9838.0,83401.7890625,82632.6953125,82763.34375,769.09375,130.6484375,638.4453125
770,82300.1,82375.4,82229.0,82355.8,14190.0,83386.703125,82632.109375,82755.2734375,754.59375,123.1640625,631.4296875
771,82355.8,82385.9,82268.4,82284.7,9506.0,83370.609375,82631.125,82745.953125,739.484375,114.828125,624.65625
772,82268.2,82405.4,82268.2,82358.9,9579.0,83354.5546875,82631.5546875,82738.2890625,723.0,106.734375,616.265625
773,82358.0,82375.9,82200.1,82281.1,6470.0,83336.4453125,82632.6796875,82729.234375,703.765625,96.5546875,607.2109375
774,82286.5,82316.1,82221.9,82256.0,18679.0,83316.6796875,82634.0,82719.8671875,682.6796875,85.8671875,596.8125
775,82272.4,82360.0,82272.4,82308.6,4366.0,83293.8671875,82637.6484375,82711.7265625,656.21875,74.078125,582.140625
776,82307.5,82308.5,82208.6,82218.6,9752.0,83270.5,82639.1015625,82701.9609375,631.3984375,62.859375,568.5390625
777,82217.7,82360.9,82217.7,82360.9,9148.0,83248.359375,82642.9609375,82695.2109375,605.3984375,52.25,553.1484375
778,82341.3,82399.0,82309.4,82309.4,4196.0,83243.8046875,82647.28125,82687.5703125,596.5234375,40.2890625,556.234375
779,82309.4,82353.7,82286.1,82317.2,4291.0,83234.8125,82649.671875,82680.234375,585.140625,30.5625,554.578125
780,82313.1,82372.3,82294.0,82306.6,4651.0,83220.5859375,82653.0859375,82672.8359375,567.5,19.75,547.75
781,82306.6,82457.7,82278.2,82278.2,9994.0,83209.6015625,82653.96875,82665.0234375,555.6328125,11.0546875,544.578125
782,82267.6,82387.4,82256.5,82311.2,9736.0,83197.25,82657.4296875,82658.015625,539.8203125,0.5859375,539.234375
783,82316.4,82401.0,82213.3,82361.6,31401.0,83184.6796875,82661.1171875,82652.1484375,523.5625,8.96875,532.53125
784,82353.3,82353.3,82087.2,82207.2,17951.0,83175.3515625,82661.234375,82643.3359375,514.1171875,17.8984375,532.015625
785,82211.2,82229.2,82094.1,82094.1,10273.0,83164.0078125,82659.1171875,82632.4609375,504.890625,26.65625,531.546875
786,82094.2,82172.1,82050.7,82089.7,19987.0,83149.6796875,82657.1015625,82621.7109375,492.578125,35.390625,527.96875
787,82089.6,82200.0,82055.5,82200.0,4604.0,83141.0859375,82657.8984375,82613.359375,483.1875,44.5390625,527.7265625
788,82200.7,82200.7,81943.8,81995.4,16179.0,83131.09375,82657.65625,82601.125,473.4375,56.53125,529.96875
789,82007.8,82099.5,81995.4,82057.6,9907.0,83124.4765625,82657.546875,82590.359375,466.9296875,67.1875,534.1171875
790,82057.7,82081.7,81990.1,82015.7,17310.0,83125.4921875,82655.2421875,82578.9765625,470.25,76.265625,546.515625
791,82013.2,82148.5,82008.1,82120.8,29622.0,83132.40625,82653.390625,82569.90625,479.015625,83.484375,562.5
792,82124.4,82141.0,82045.5,82052.5,15856.0,83141.984375,82649.484375,82559.6640625,492.5,89.8203125,582.3203125
793,82052.5,82270.8,82033.9,82270.7,11670.0,83155.625,82646.5078125,82553.9453125,509.1171875,92.5625,601.6796875
794,82270.7,82389.6,82160.5,82310.0,34207.0,83168.8671875,82645.171875,82549.1171875,523.6953125,96.0546875,619.75
795,82309.9,82309.9,82090.1,82120.3,12909.0,83183.0625,82641.0625,82540.625,542.0,100.4375,642.4375
796,82117.5,82181.5,81982.3,82010.3,9110.0,83195.4765625,82635.578125,82530.125,559.8984375,105.453125,665.3515625
797,82010.4,82067.1,81956.0,82042.3,8570.0,83209.0546875,82629.1015625,82520.46875,579.953125,108.6328125,688.5859375
798,82038.6,82061.9,81913.8,81950.5,11482.0,83225.859375,82620.2578125,82509.1796875,605.6015625,111.078125,716.6796875
799,81950.4,82032.4,81945.1,81985.9,7187.0,83240.390625,82612.7109375,82498.8203125,627.6796875,113.890625,741.5703125
800,81973.8,82004.9,81846.1,81851.1,10167.0,83258.53125,82602.765625,82485.9921875,655.765625,116.7734375,772.5390625
801,81851.3,81854.3,81416.3,81444.9,69414.0,83279.609375,82590.9140625,82465.375,688.6953125,125.5390625,814.234375
802,81444.9,81613.8,81340.6,81551.5,39167.0,83301.203125,82580.4921875,82447.28125,720.7109375,133.2109375,853.921875
803,81548.4,81591.1,80831.4,81134.0,196906.0,83322.6640625,82565.9921875,82421.2734375,756.671875,144.71875,901.390625
804,81149.3,81160.4,80919.0,81101.0,45283.0,83341.15625,82551.5625,82395.1328125,789.59375,156.4296875,946.0234375
805,81100.0,81444.4,81079.6,81328.8,30209.0,83352.9140625,82539.109375,82374.015625,813.8046875,165.09375,978.8984375
806,81323.7,81323.7,81129.8,81140.6,36412.0,83366.4296875,82525.859375,82349.59375,840.5703125,176.265625,1016.8359375
807,81132.6,81159.4,80952.0,81011.6,32535.0,83376.796875,82510.6796875,82323.1015625,866.1171875,187.578125,1053.6953125
808,81011.6,81050.4,80705.1,80725.3,38780.0,83394.03125,82492.6015625,82291.4609375,901.4296875,201.140625,1102.5703125
809,80723.8,80963.9,80627.5,80945.5,42398.0,83414.2421875,82477.484375,82264.8046875,936.7578125,212.6796875,1149.4375
810,80957.6,81666.0,80957.6,81466.2,131612.0,83434.890625,82467.625,82248.9921875,967.265625,218.6328125,1185.8984375
811,81468.0,81877.6,81274.6,81711.1,61016.0,83462.1640625,82459.15625,82238.34375,1003.0078125,220.8125,1223.8203125
812,81711.1,81889.9,81500.2,81605.4,33883.0,83486.2734375,82448.03125,82225.8125,1038.2421875,222.21875,1260.4609375
813,81581.0,81707.1,81442.1,81606.9,30371.0,83512.15625,82436.6015625,82213.5546875,1075.5546875,223.046875,1298.6015625
814,81602.9,81807.5,81594.8,81700.5,18544.0,83535.40625,82426.515625,82203.3984375,1108.890625,223.1171875,1332.0078125
815,81704.5,81821.2,81510.1,81821.2,35648.0,83555.2109375,82417.2890625,82195.828125,1137.921875,221.4609375,1359.3828125
816,81825.1,82274.0,81710.7,82101.7,46923.0,83575.171875,82411.734375,82193.9609375,1163.4375,217.7734375,1381.2109375
817,82087.6,82581.6,82027.5,82511.1,70274.0,83595.7265625,82409.5625,82200.2421875,1186.1640625,209.3203125,1395.484375
818,82511.3,82866.1,82486.5,82768.0,63226.0,83614.125,82409.5625,82211.484375,1204.5625,198.078125,1402.640625
819,82767.9,82982.8,82628.3,82982.8,31887.0,83632.3671875,82412.2890625,82226.7578125,1220.078125,185.53125,1405.609375
820,82982.7,82982.7,82657.5,82736.3,19758.0,83651.5546875,82412.8984375,82236.8515625,1238.65625,176.046875,1414.703125
821,82745.5,82971.2,82693.7,82878.7,22928.0,83669.296875,82412.375,82249.5625,1256.921875,162.8125,1419.734375
822,82904.5,82908.6,82685.7,82750.9,12906.0,83686.4609375,82411.0703125,82259.4921875,1275.390625,151.578125,1426.96875
823,82751.0,82887.6,82565.4,82874.2,24953.0,83705.125,82410.875,82271.6640625,1294.25,139.2109375,1433.4609375
824,82874.1,83033.3,82795.5,83002.3,14212.0,83719.546875,82411.4921875,82286.1328125,1308.0546875,125.359375,1433.4140625
825,83010.6,83427.0,82994.9,83316.3,37958.0,83732.703125,82415.6640625,82306.53125,1317.0390625,109.1328125,1426.171875
826,83320.1,83419.2,83150.8,83164.4,16894.0,83744.28125,82419.015625,82323.515625,1325.265625,95.5,1420.765625
827,83176.3,83300.0,83106.8,83270.4,9931.0,83760.0703125,82421.3046875,82342.265625,1338.765625,79.0390625,1417.8046875
828,83252.6,83322.0,83008.6,83078.5,13767.0,83777.890625,82419.140625,82356.84375,1358.75,62.296875,1421.046875
829,83083.3,83191.8,82976.6,83191.8,11528.0,83793.890625,82418.765625,82373.375,1375.125,45.390625,1420.515625
830,83199.9,83528.1,83116.8,83499.9,25737.0,83812.6640625,82421.265625,82395.6796875,1391.3984375,25.5859375,1416.984375
831,83493.1,83499.9,83386.6,83496.4,18219.0,83828.0546875,82424.9609375,82417.4765625,1403.09375,7.484375,1410.578125
832,83496.4,83576.6,83367.6,83389.8,14373.0,83843.0078125,82429.3515625,82436.7265625,1413.65625,7.375,1406.28125
833,83386.5,83583.2,83358.5,83565.7,5882.0,83859.4453125,82434.8671875,82459.0859375,1424.578125,24.21875,1400.359375
834,83564.7,83589.1,83495.9,83564.2,9029.0,83873.7109375,82439.5546875,82480.96875,1434.15625,41.4140625,1392.7421875
835,83564.2,83567.0,83333.5,83333.5,10150.0,83893.4453125,82442.4375,82497.8515625,1451.0078125,55.4140625,1395.59375
836,83333.4,83355.8,83152.8,83179.1,17827.0,83925.125,82443.875,82511.34375,1481.25,67.46875,1413.78125
837,83179.1,83306.3,83050.0,83302.2,11455.0,83962.5390625,82446.453125,82527.0078125,1516.0859375,80.5546875,1435.53125
838,83311.7,83311.7,83137.3,83240.7,8036.0,83991.96875,82448.8984375,82541.140625,1543.0703125,92.2421875,1450.828125
839,83228.0,83278.0,83165.3,83272.9,7659.0,84012.109375,82452.8359375,82555.6328125,1559.2734375,102.796875,1456.4765625
840,83268.7,83413.3,83182.0,83400.6,9926.0,84031.1171875,82456.4296875,82572.3671875,1574.6875,115.9375,1458.75
841,83409.0,83420.5,83156.7,83156.7,9847.0,84046.0546875,82456.578125,82583.9375,1589.4765625,127.359375,1462.1171875
842,83156.6,83458.2,83136.0,83378.3,9308.0,84057.7578125,82460.234375,82599.6640625,1597.5234375,139.4296875,1458.09375
843,83365.8,83487.3,83233.6,83282.3,8245.0,84070.7890625,82461.4609375,82613.1796875,1609.328125,151.71875,1457.609375
844,83286.5,83299.6,83106.7,83237.1,12591.0,84086.40625,82463.1796875,82625.53125,1623.2265625,162.3515625,1460.875
845,83228.8,83428.0,83208.2,83400.3,11736.0,84101.2578125,82465.90625,82640.875,1635.3515625,174.96875,1460.3828125
846,83400.4,83614.9,83355.6,83556.5,9782.0,84115.015625,82470.9453125,82659.0078125,1644.0703125,188.0625,1456.0078125
847,83553.5,83566.5,83431.5,83466.6,5087.0,84125.5703125,82475.7421875,82675.0,1649.828125,199.2578125,1450.5703125
848,83455.0,83696.9,83436.8,83671.7,14552.0,84141.609375,82482.6796875,82694.734375,1658.9296875,212.0546875,1446.875
849,83660.6,83887.3,83660.6,83796.7,25035.0,84160.109375,82491.40625,82716.5546875,1668.703125,225.1484375,1443.5546875
850,83810.9,83866.3,83527.8,83527.8,8582.0,84180.6484375,82497.6484375,82732.6171875,1683.0,234.96875,1448.03125
851,83508.9,83671.5,83500.1,83644.1,7905.0,84193.46875,82504.828125,82750.6640625,1688.640625,245.8359375,1442.8046875
852,83644.0,83704.1,83595.4,83648.1,8093.0,84205.40625,82510.515625,82768.4375,1694.890625,257.921875,1436.96875
853,83648.2,83792.6,83612.6,83745.6,7432.0,84216.171875,82518.390625,82787.7890625,1697.78125,269.3984375,1428.3828125
854,83753.4,83836.6,83745.2,83810.6,14244.0,84225.375,82528.5,82808.0390625,1696.875,279.5390625,1417.3359375
855,83810.6,83911.9,83801.6,83908.4,9001.0,84235.0390625,82539.8515625,82829.828125,1695.1875,289.9765625,1405.2109375
856,83909.4,83988.6,83880.9,83988.6,11285.0,84243.78125,82552.0625,82852.7734375,1691.71875,300.7109375,1391.0078125
857,83988.5,84346.8,83980.2,84217.3,20381.0,84252.5,82567.4296875,82879.796875,1685.0703125,312.3671875,1372.703125
858,84217.2,84217.2,84061.1,84092.6,8302.0,84258.1796875,82581.96875,82903.8125,1676.2109375,321.84375,1354.3671875
859,84079.8,84182.5,83988.6,84143.9,7843.0,84266.109375,82597.2265625,82928.3671875,1668.8828125,331.140625,1337.7421875
860,84153.3,84185.7,83947.6,84021.0,8177.0,84274.5703125,82612.2265625,82950.0,1662.34375,337.7734375,1324.5703125
861,84016.8,84163.7,83968.7,84027.8,12205.0,84283.4765625,82627.8046875,82971.34375,1655.671875,343.5390625,1312.1328125
862,84021.4,84043.1,83807.6,83847.9,9911.0,84286.734375,82641.921875,82988.703125,1644.8125,346.78125,1298.03125
863,83843.7,83856.9,83719.5,83753.7,9225.0,84282.7109375,82654.359375,83003.8515625,1628.3515625,349.4921875,1278.859375
864,83753.7,83776.9,83628.0,83628.0,8345.0,84314.265625,82665.390625,83016.2109375,1648.875,350.8203125,1298.0546875
865,83627.2,83704.8,83567.2,83666.8,14747.0,84348.390625,82677.625,83029.09375,1670.765625,351.46875,1319.296875
866,83673.5,83715.7,83608.1,83699.0,5977.0,84373.6171875,82690.421875,83042.359375,1683.1953125,351.9375,1331.2578125
867,83695.6,83719.0,83549.8,83549.8,3452.0,84398.8046875,82702.7890625,83052.40625,1696.015625,349.6171875,1346.3984375
868,83555.8,83589.6,83380.5,83405.1,40093.0,84429.234375,82714.2109375,83059.390625,1715.0234375,345.1796875,1369.84375
869,83408.1,83495.8,83404.0,83440.7,9717.0,84458.1953125,82725.6171875,83066.9375,1732.578125,341.3203125,1391.2578125
870,83428.2,83583.5,83428.2,83571.6,7534.0,84490.6015625,82737.78125,83076.9296875,1752.8203125,339.1484375,1413.671875
871,83571.5,83598.2,83471.9,83564.6,6870.0,84519.9375,82750.578125,83086.5859375,1769.359375,336.0078125,1433.3515625
872,83564.5,83603.3,83409.2,83445.4,6639.0,84551.5390625,82761.4375,83093.6875,1790.1015625,332.25,1457.8515625
873,83436.3,83466.5,83282.1,83453.4,7506.0,84584.46875,82773.1640625,83100.8125,1811.3046875,327.6484375,1483.65625
874,83452.5,83527.9,83427.1,83512.6,5215.0,84616.2890625,82785.7265625,83108.96875,1830.5625,323.2421875,1507.3203125
875,83516.7,83790.7,83504.2,83747.7,11180.0,84650.6875,82800.125,83121.6171875,1850.5625,321.4921875,1529.0703125
876,83757.6,83895.3,83741.6,83858.9,10276.0,84691.0078125,82816.53125,83136.21875,1874.4765625,319.6875,1554.7890625
877,83860.0,83932.9,83826.0,83932.9,6560.0,84730.75,82832.2421875,83151.9921875,1898.5078125,319.75,1578.7578125
878,83940.1,83984.9,83859.6,83950.7,11958.0,84774.9609375,82848.65625,83167.8046875,1926.3046875,319.1484375,1607.15625
879,83937.7,83937.7,83837.1,83860.8,7627.0,84820.9375,82864.09375,83181.5234375,1956.84375,317.4296875,1639.4140625
880,83860.7,83988.5,83829.5,83944.8,3462.0,84864.875,82880.4765625,83196.640625,1984.3984375,316.1640625,1668.234375
881,83937.9,84109.1,83936.9,84099.5,15827.0,84910.9609375,82898.6953125,83214.515625,2012.265625,315.8203125,1696.4453125
882,84097.6,84195.8,84085.7,84107.1,6837.0,84955.3046875,82916.65625,83232.1875,2038.6484375,315.53125,1723.1171875
883,84141.4,84194.8,84112.1,84128.8,5869.0,85004.3515625,82934.328125,83249.9453125,2070.0234375,315.6171875,1754.40625
884,84128.8,84152.8,84085.4,84138.0,5619.0,85048.859375,82953.6328125,83267.53125,2095.2265625,313.8984375,1781.328125
885,84144.3,84282.8,84077.0,84253.4,11736.0,85091.6953125,82975.2265625,83287.0546875,2116.46875,311.828125,1804.640625
886,84253.5,84346.9,84108.1,84123.6,12369.0,85134.296875,82995.5703125,83303.6171875,2138.7265625,308.046875,1830.6796875
887,84123.6,84243.2,84105.0,84183.7,6456.0,85170.859375,83015.40625,83321.046875,2155.453125,305.640625,1849.8125
888,84183.7,84407.1,84175.8,84356.4,12382.0,85209.0859375,83039.015625,83341.546875,2170.0703125,302.53125,1867.5390625
889,84350.7,84350.7,84034.2,84086.3,10004.0,85246.4609375,83059.296875,83356.296875,2187.1640625,297.0,1890.1640625
890,84076.6,84152.9,84047.1,84143.1,8864.0,85275.0,83080.578125,83371.875,2194.421875,291.296875,1903.125
891,84143.0,84386.4,84143.0,84366.4,7931.0,85299.296875,83103.03125,83391.5703125,2196.265625,288.5390625,1907.7265625
892,84370.6,84424.5,84153.4,84209.8,9858.0,85325.2265625,83124.6015625,83407.7734375,2200.625,283.171875,1917.453125
893,84209.5,84308.4,84150.1,84244.1,10672.0,85345.3203125,83144.3359375,83424.3359375,2200.984375,280.0,1920.984375
894,84231.7,84277.4,84197.8,84265.0,4751.0,85366.3671875,83163.890625,83440.984375,2202.4765625,277.09375,1925.3828125
895,84269.4,84294.7,84186.8,84188.0,4961.0,85386.1171875,83184.5625,83455.7734375,2201.5546875,271.2109375,1930.34375
896,84197.3,84214.2,84110.1,84163.8,8754.0,85407.3671875,83206.1015625,83469.796875,2201.265625,263.6953125,1937.5703125
897,84167.6,84237.4,84125.5,84197.2,7185.0,85429.3203125,83227.640625,83484.203125,2201.6796875,256.5625,1945.1171875
898,84199.2,84214.4,84134.1,84178.5,4214.0,85446.03125,83249.921875,83497.953125,2196.109375,248.03125,1948.078125
899,84182.8,84243.3,84110.0,84110.1,9177.0,85466.484375,83271.1640625,83510.078125,2195.3203125,238.9140625,1956.40625
900,84110.0,84145.0,84000.9,84019.7,11135.0,85484.53125,83292.8515625,83520.171875,2191.6796875,227.3203125,1964.359375
901,84028.0,84028.1,83827.1,83878.1,31049.0,85501.2890625,83317.1796875,83527.2578125,2184.109375,210.078125,1974.03125
902,83878.0,84009.6,83856.5,83953.2,4463.0,85516.75,83341.203125,83535.6953125,2175.546875,194.4921875,1981.0546875
903,83953.2,83980.8,83895.1,83918.3,6474.0,85529.734375,83369.046875,83543.2734375,2160.6875,174.2265625,1986.4609375
904,83914.2,83935.5,83852.8,83852.8,6679.0,85553.9453125,83396.5625,83549.40625,2157.3828125,152.84375,2004.5390625
905,83841.9,83860.5,83741.6,83755.0,7145.0,85582.1484375,83420.8203125,83553.4765625,2161.328125,132.65625,2028.671875
906,83759.2,83974.9,83745.7,83964.7,7273.0,85610.625,83449.0625,83561.6171875,2161.5625,112.5546875,2049.0078125
907,83964.7,84032.4,83898.7,83969.7,9174.0,85641.421875,83478.6484375,83569.6953125,2162.7734375,91.046875,2071.7265625
908,83969.7,84129.4,83968.1,84078.1,7156.0,85670.3671875,83512.171875,83579.765625,2158.1953125,67.59375,2090.6015625
909,84073.9,84201.0,84073.0,84196.5,8198.0,85693.671875,83544.6796875,83591.9765625,2148.9921875,47.296875,2101.6953125
910,84201.7,84201.7,84025.3,84045.2,8063.0,85709.625,83570.4765625,83600.953125,2139.1484375,30.4765625,2108.671875
911,84037.6,84037.8,83930.5,83979.7,5928.0,85719.6796875,83593.1640625,83608.453125,2126.515625,15.2890625,2111.2265625
912,83977.9,83988.5,83936.0,83982.1,8969.0,85731.96875,83616.9296875,83615.8515625,2115.0390625,1.078125,2116.1171875
913,83979.3,83979.3,83847.1,83847.1,3779.0,85746.625,83639.3359375,83620.4296875,2107.2890625,18.90625,2126.1953125
914,83847.2,83916.9,83827.6,83827.6,7451.0,85757.6953125,83660.6015625,83624.53125,2097.09375,36.0703125,2133.1640625
915,83826.8,83826.8,83671.6,83685.5,10288.0,85768.375,83679.25,83625.7421875,2089.125,53.5078125,2142.6328125
916,83677.2,83750.0,83586.7,83735.2,11544.0,85779.7265625,83695.5859375,83627.90625,2084.140625,67.6796875,2151.8203125
917,83728.8,83728.8,83536.6,83616.9,42094.0,85790.421875,83706.6484375,83627.6875,2083.7734375,78.9609375,2162.734375
918,83619.0,83698.3,83610.0,83610.6,4024.0,85801.96875,83715.0703125,83627.3515625,2086.8984375,87.71875,2174.6171875
919,83608.5,83630.5,83587.0,83611.6,4610.0,85815.1796875,83721.359375,83627.0390625,2093.8203125,94.3203125,2188.140625
920,83615.8,83753.0,83608.5,83696.0,8401.0,85828.296875,83730.953125,83628.40625,2097.34375,102.546875,2199.890625
921,83696.0,83808.4,83672.4,83771.7,8045.0,85839.53125,83739.8828125,83631.2421875,2099.6484375,108.640625,2208.2890625
922,83771.9,83797.2,83687.7,83743.3,7048.0,85852.65625,83749.8046875,83633.4609375,2102.8515625,116.34375,2219.1953125
923,83749.0,83833.7,83689.7,83817.0,7983.0,85864.1875,83759.234375,83637.09375,2104.953125,122.140625,2227.09375
924,83825.4,83826.3,83705.9,83740.7,7670.0,85878.109375,83766.6171875,83639.1484375,2111.4921875,127.46875,2238.9609375
925,83740.1,83775.0,83627.8,83677.6,7738.0,85891.40625,83770.2265625,83639.90625,2121.1796875,130.3203125,2251.5
926,83666.0,83684.1,83608.1,83608.1,5996.0,85907.765625,83774.6640625,83639.2734375,2133.1015625,135.390625,2268.4921875
927,83608.2,83629.2,83549.2,83576.1,6533.0,85922.390625,83777.71875,83638.0234375,2144.671875,139.6953125,2284.3671875
928,83583.8,83622.3,83548.1,83548.2,7330.0,85936.9296875,83782.4140625,83636.2421875,2154.515625,146.171875,2300.6875
929,83555.1,83706.1,83555.1,83672.0,10687.0,85957.25,83787.21875,83636.953125,2170.03125,150.265625,2320.296875
930,83678.4,84299.9,83579.7,84099.8,48233.0,85971.3359375,83793.21875,83646.1171875,2178.1171875,147.1015625,2325.21875
931,84092.4,84256.8,83848.1,83896.1,20421.0,85987.578125,83797.2109375,83651.0703125,2190.3671875,146.140625,2336.5078125
932,83897.1,84299.9,83792.0,84270.3,17872.0,86009.625,83806.015625,83663.3359375,2203.609375,142.6796875,2346.2890625
933,84261.5,84293.4,83986.8,84269.2,10392.0,86031.578125,83813.0546875,83675.3359375,2218.5234375,137.71875,2356.2421875
934,84269.3,84820.2,84269.3,84762.7,44408.0,86056.546875,83825.0390625,83696.8671875,2231.5078125,128.171875,2359.6796875
935,84762.7,84900.0,84485.0,84890.9,32741.0,86077.9375,83840.6171875,83720.5078125,2237.3203125,120.109375,2357.4296875
936,84890.9,85001.8,84816.5,84976.8,62131.0,86098.5546875,83858.59375,83745.3828125,2239.9609375,113.2109375,2353.171875
937,84972.3,85140.8,84857.4,84864.4,30059.0,86114.2578125,83874.2109375,83767.5390625,2240.046875,106.671875,2346.71875
938,84860.9,84992.7,84711.4,84800.2,12249.0,86131.6015625,83889.8046875,83787.984375,2241.796875,101.8203125,2343.6171875
939,84797.1,85040.4,84796.9,84863.8,11989.0,86149.5,83905.7265625,83809.2890625,2243.7734375,96.4375,2340.2109375
940,84855.5,85041.6,84700.0,85007.8,10696.0,86167.6875,83921.796875,83833.0234375,2245.890625,88.7734375,2334.6640625
941,85007.8,85267.7,85007.8,85169.7,18893.0,86185.21875,83941.9296875,83859.4921875,2243.2890625,82.4375,2325.7265625
942,85171.3,85279.8,84913.6,85028.8,11743.0,86202.328125,83958.4296875,83882.6484375,2243.8984375,75.78125,2319.6796875
943,85028.8,85028.8,84774.4,84815.3,17450.0,86216.9765625,83973.7578125,83901.1171875,2243.21875,72.640625,2315.859375
944,84815.3,84968.6,84772.1,84907.1,9999.0,86229.8671875,83990.4453125,83921.0390625,2239.421875,69.40625,2308.828125
945,84917.0,84984.1,84649.0,84660.5,12520.0,86241.3671875,84003.0546875,83935.6796875,2238.3125,67.375,2305.6875
946,84656.3,84699.8,84407.8,84436.5,15972.0,86252.4609375,84011.859375,83945.59375,2240.6015625,66.265625,2306.8671875
947,84434.9,84539.6,84235.7,84261.3,11651.0,86262.6796875,84019.8046875,83951.84375,2242.875,67.9609375,2310.8359375
948,84265.7,84645.9,84251.6,84645.8,25414.0,86269.4609375,84029.546875,83965.5859375,2239.9140625,63.9609375,2303.875
949,84640.6,84671.3,84374.2,84546.2,8208.0,86275.65625,84037.0390625,83977.0859375,2238.6171875,59.953125,2298.5703125
950,84534.6,84682.1,84494.5,84649.9,18914.0,86282.015625,84048.265625,83990.40625,2233.75,57.859375,2291.609375
951,84650.6,84986.8,84570.9,84893.5,17548.0,86288.3515625,84060.7578125,84008.2890625,2227.59375,52.46875,2280.0625
952,84893.4,85162.0,84781.0,85125.8,20141.0,86292.9296875,84075.53125,84030.4140625,2217.3984375,45.1171875,2262.515625
953,85141.6,85217.2,85078.1,85179.5,8645.0,86296.984375,84089.875,84053.171875,2207.109375,36.703125,2243.8125
954,85179.5,85427.9,85162.8,85400.7,20955.0,86303.1015625,84105.78125,84079.859375,2197.3203125,25.921875,2223.2421875
955,85403.5,85488.7,85308.4,85417.0,8141.0,86308.2578125,84120.859375,84106.3359375,2187.3984375,14.5234375,2201.921875
956,85417.0,85417.0,85030.7,85069.6,20538.0,86317.15625,84131.671875,84125.4140625,2185.484375,6.2578125,2191.7421875
957,85055.6,85190.8,85055.6,85060.6,6663.0,86325.8203125,84140.1015625,84143.9296875,2185.71875,3.828125,2181.890625
958,85060.1,85154.7,85000.1,85122.8,11759.0,86337.265625,84150.3984375,84163.3125,2186.8671875,12.9140625,2173.953125
959,85122.8,85122.8,84836.1,84836.2,16029.0,86349.4765625,84157.3203125,84176.640625,2192.15625,19.3203125,2172.8359375
960,84836.2,85103.4,84806.1,84820.4,13616.0,86360.421875,84165.3046875,84189.390625,2195.1171875,24.0859375,2171.03125
961,84812.1,84833.6,84582.3,84582.3,12104.0,86370.6484375,84170.8515625,84197.171875,2199.796875,26.3203125,2173.4765625
962,84578.1,84628.0,84460.8,84469.8,16158.0,86382.625,84177.078125,84202.5703125,2205.546875,25.4921875,2180.0546875
963,84470.8,84551.8,84329.4,84551.7,10543.0,86394.1484375,84185.0546875,84209.484375,2209.09375,24.4296875,2184.6640625
964,84556.0,84601.9,84415.7,84555.3,7480.0,86367.71875,84194.328125,84216.3359375,2173.390625,22.0078125,2151.3828125
965,84539.0,84713.2,84494.4,84632.7,20191.0,86343.9609375,84203.9765625,84224.578125,2139.984375,20.6015625,2119.3828125
966,84632.6,84788.1,84526.3,84670.7,11339.0,86299.71875,84213.6953125,84233.4140625,2086.0234375,19.71875,2066.3046875
967,84670.0,84670.5,84503.8,84520.0,8458.0,86264.296875,84223.40625,84239.0859375,2040.890625,15.6796875,2025.2109375
968,84520.1,84558.2,84307.6,84440.3,13741.0,86234.734375,84233.7578125,84243.0703125,2000.9765625,9.3125,1991.6640625
969,84440.3,84502.6,84340.4,84454.2,4812.0,86202.171875,84243.890625,84247.25,1958.28125,3.359375,1954.921875
970,84454.1,84461.6,84317.9,84424.8,8405.0,86169.5546875,84252.421875,84250.765625,1917.1328125,1.65625,1918.7890625
971,84424.8,84466.4,84317.9,84428.5,5970.0,86140.78125,84261.0546875,84254.28125,1879.7265625,6.7734375,1886.5
972,84428.5,84469.6,84304.4,84328.8,6193.0,86108.515625,84269.8984375,84255.7578125,1838.6171875,14.140625,1852.7578125
973,84324.6,84341.3,84047.4,84155.2,19509.0,86081.5,84276.90625,84253.765625,1804.59375,23.140625,1827.734375
974,84155.2,84252.7,84064.1,84174.1,6456.0,86060.7578125,84283.53125,84252.1875,1777.2265625,31.34375,1808.5703125
975,84174.1,84294.7,84169.0,84187.5,9896.0,86039.515625,84287.9296875,84250.90625,1751.5859375,37.0234375,1788.609375
976,84186.0,84243.8,84129.5,84130.9,5068.0,86016.421875,84290.6484375,84248.53125,1725.7734375,42.1171875,1767.890625
977,84124.0,84124.0,83836.9,83943.2,13960.0,85988.8046875,84290.75,84242.484375,1698.0546875,48.265625,1746.3203125
978,83943.3,84075.7,83943.3,84063.2,18572.0,85959.734375,84291.8671875,84238.9375,1667.8671875,52.9296875,1720.796875
979,84067.1,84202.8,84029.6,84184.1,18730.0,85926.1796875,84295.1015625,84237.8515625,1631.078125,57.25,1688.328125
980,84184.6,84201.2,83800.1,83860.5,9955.0,85892.9453125,84294.2578125,84230.3828125,1598.6875,63.875,1662.5625
981,83860.4,83911.7,83750.0,83803.1,9483.0,85858.9453125,84291.296875,84221.921875,1567.6484375,69.375,1637.0234375
982,83803.4,84003.3,83686.4,83926.7,14106.0,85825.125,84289.484375,84216.078125,1535.640625,73.40625,1609.046875
983,83936.7,84116.6,83895.2,84063.1,5934.0,85787.4375,84288.828125,84213.046875,1498.609375,75.78125,1574.390625
984,84063.0,84068.0,83884.0,84056.9,11360.0,85753.6015625,84288.015625,84209.953125,1465.5859375,78.0625,1543.6484375
985,84058.9,84344.3,84000.1,84130.2,22610.0,85717.2578125,84286.7890625,84208.375,1430.46875,78.4140625,1508.8828125
986,84143.8,84143.8,83805.5,83890.7,6890.0,85680.8359375,84284.4609375,84202.0859375,1396.375,82.375,1478.75
987,83898.4,83898.4,83725.7,83767.8,7933.0,85644.796875,84280.296875,84193.484375,1364.5,86.8125,1451.3125
988,83769.1,83833.8,83644.4,83698.6,9021.0,85606.0546875,84273.71875,84183.6875,1332.3359375,90.03125,1422.3671875
989,83698.6,83698.6,83592.7,83631.9,7309.0,85563.375,84269.1796875,84172.7578125,1294.1953125,96.421875,1390.6171875
990,83628.6,83711.6,83506.1,83646.8,14344.0,85520.125,84264.21875,84162.34375,1255.90625,101.875,1357.78125
991,83640.5,83826.1,83518.1,83826.1,13397.0,85476.78125,84258.8046875,84155.6875,1217.9765625,103.1171875,1321.09375
992,83826.2,83863.0,83730.3,83806.9,14159.0,85428.671875,84254.7890625,84148.78125,1173.8828125,106.0078125,1279.890625
993,83793.4,83807.0,83529.3,83542.8,39490.0,85382.53125,84247.78125,84136.78125,1134.75,111.0,1245.75
994,83541.2,83617.5,83335.1,83363.5,30566.0,85333.8203125,84238.7578125,84121.46875,1095.0625,117.2890625,1212.3515625
995,83364.5,83410.2,83294.4,83322.6,14210.0,85286.65625,84230.109375,84105.6484375,1056.546875,124.4609375,1181.0078125
996,83329.0,83414.6,83195.0,83211.9,12244.0,85233.71875,84220.5859375,84087.953125,1013.1328125,132.6328125,1145.765625
997,83211.9,83284.2,83062.6,83228.9,68510.0,85181.5,84210.90625,84070.9453125,970.59375,139.9609375,1110.5546875
998,83244.1,83284.0,83121.4,83169.0,11905.0,85133.125,84200.8203125,84053.0859375,932.3046875,147.734375,1080.0390625
999,83175.6,83183.9,82916.8,82937.8,19501.0,85080.8515625,84189.0859375,84031.0,891.765625,158.0859375,1049.8515625
1000,82925.6,82963.6,82843.7,82875.6,29655.0,85031.078125,84177.65625,84008.1171875,853.421875,169.5390625,1022.9609375
1001,82876.6,83021.4,82870.1,82967.0,8328.0,84982.8046875,84168.546875,83987.5,814.2578125,181.046875,995.3046875
1002,82972.2,83028.8,82784.3,82884.9,14024.0,84943.96875,84157.859375,83965.6640625,786.109375,192.1953125,978.3046875
1003,82870.4,83052.6,82846.0,83030.4,9470.0,84910.5078125,84148.9765625,83947.140625,761.53125,201.8359375,963.3671875
1004,83030.4,83299.0,83030.4,83225.5,16092.0,84868.8671875,84142.6953125,83932.8515625,726.171875,209.84375,936.015625
1005,83225.5,83375.9,83118.9,83354.1,17205.0,84828.40625,84138.6953125,83921.390625,689.7109375,217.3046875,907.015625
1006,83346.1,83366.1,83235.0,83327.7,13563.0,84791.578125,84132.328125,83909.6328125,659.25,222.6953125,881.9453125
1007,83327.7,83387.0,83234.4,83319.0,10598.0,84754.5859375,84125.8203125,83897.9375,628.765625,227.8828125,856.6484375
1008,83328.2,83367.4,83068.8,83169.0,9307.0,84720.2109375,84116.734375,83883.5,603.4765625,233.234375,836.7109375
1009,83191.0,83333.0,83145.0,83262.0,5816.0,84691.0703125,84107.390625,83871.1953125,583.6796875,236.1953125,819.875
1010,83261.8,83261.8,83098.2,83204.9,7128.0,84663.515625,84098.984375,83858.0,564.53125,240.984375,805.515625
1011,83205.8,83210.9,82950.1,83020.0,10240.0,84638.4453125,84089.390625,83841.40625,549.0546875,247.984375,797.0390625
1012,83010.3,83025.3,82811.0,82841.7,16781.0,84614.2890625,84077.984375,83821.609375,536.3046875,256.375,792.6796875
1013,82845.8,82866.4,82718.4,82830.3,12697.0,84583.9296875,84067.828125,83801.9765625,516.1015625,265.8515625,781.953125
1014,82857.7,83147.1,82857.7,83096.5,12846.0,84555.2578125,84060.515625,83788.0078125,494.7421875,272.5078125,767.25
1015,83085.2,83168.2,82984.1,83070.7,10440.0,84525.3984375,84054.3671875,83773.8046875,471.03125,280.5625,751.59375
1016,83080.9,83200.2,82974.4,83158.8,10932.0,84493.90625,84048.6015625,83761.625,445.3046875,286.9765625,732.28125
1017,83158.9,83160.0,82927.1,82927.1,5971.0,84460.40625,84041.6953125,83745.1015625,418.7109375,296.59375,715.3046875
1018,82922.4,82988.2,82783.7,82963.5,13592.0,84426.6796875,84035.2265625,83729.625,391.453125,305.6015625,697.0546875
1019,82965.8,82977.4,82875.1,82922.3,7153.0,84391.0859375,84028.3359375,83713.640625,362.75,314.6953125,677.4453125
1020,82922.3,83030.4,82889.2,82941.3,11976.0,84353.984375,84020.7890625,83698.34375,333.1953125,322.4453125,655.640625
1021,82950.1,83099.9,82902.3,83002.0,9003.0,84314.4296875,84013.0859375,83684.5546875,301.34375,328.53125,629.875
1022,82996.5,83020.0,82769.9,82843.9,19729.0,84277.515625,84004.1015625,83667.90625,273.4140625,336.1953125,609.609375
1023,82843.8,82883.9,82707.7,82783.4,17817.0,84237.3359375,83993.765625,83650.390625,243.5703125,343.375,586.9453125
1024,82762.5,82762.5,82445.9,82450.1,38999.0,84190.3984375,83980.8671875,83626.625,209.53125,354.2421875,563.7734375
1025,82457.3,82604.0,82310.6,82464.0,20183.0,84141.4296875,83968.7265625,83603.6015625,172.703125,365.125,537.828125
1026,82463.2,82533.3,82345.6,82498.0,12211.0,84099.9765625,83957.625,83581.7109375,142.3515625,375.9140625,518.265625
1027,82490.7,82738.0,82431.8,82664.8,11469.0,84071.0546875,83948.515625,83563.5546875,122.5390625,384.9609375,507.5
1028,82683.2,83082.3,82666.0,82839.8,14730.0,84043.125,83941.4375,83549.2265625,101.6875,392.2109375,493.8984375
1029,82843.1,82933.7,82700.1,82887.1,6414.0,84015.03125,83933.578125,83536.1171875,81.453125,397.4609375,478.9140625
1030,82888.2,82990.1,82829.2,82875.8,8653.0,83995.8203125,83921.3359375,83523.0390625,74.484375,398.296875,472.78125
1031,82888.0,82961.2,82739.9,82799.9,10151.0,83973.5,83910.375,83508.71875,63.125,401.65625,464.78125
1032,82820.8,82825.6,82633.4,82714.6,15778.0,83947.1875,83894.8203125,83492.9921875,52.3671875,401.828125,454.1953125
1033,82715.6,82988.3,82715.6,82955.1,9882.0,83926.0703125,83881.6796875,83482.34375,44.390625,399.3359375,443.7265625
1034,82963.1,82967.7,82783.6,82919.9,7372.0,83903.9609375,83863.25,83471.203125,40.7109375,392.046875,432.7578125
1035,82913.9,82927.3,82831.9,82909.1,4950.0,83884.625,83843.4296875,83460.0703125,41.1953125,383.359375,424.5546875
1036,82910.5,82960.7,82740.6,82909.9,8216.0,83861.5390625,83822.7578125,83449.1796875,38.78125,373.578125,412.359375
1037,82921.7,83124.8,82802.1,82885.1,10440.0,83835.4375,83802.9609375,83438.0078125,32.4765625,364.953125,397.4296875
1038,82885.2,82910.2,82579.6,82602.9,8948.0,83808.7734375,83780.9921875,83421.46875,27.78125,359.5234375,387.3046875
1039,82597.0,82746.2,82551.9,82745.7,6251.0,83785.3828125,83759.8046875,83408.0859375,25.578125,351.71875,377.296875
1040,82746.0,82972.1,82713.0,82924.8,8474.0,83763.8046875,83738.9765625,83398.515625,24.828125,340.4609375,365.2890625
1041,82931.2,83200.3,82842.8,83181.5,11690.0,83744.8125,83719.1015625,83394.21875,25.7109375,324.8828125,350.59375
1042,83169.5,83271.3,82972.3,82976.7,31206.0,83724.8671875,83698.5703125,83385.953125,26.296875,312.6171875,338.9140625
1043,82981.4,83032.6,82853.1,82971.3,13061.0,83707.6015625,83680.1328125,83377.7421875,27.46875,302.390625,329.859375
1044,82965.3,83145.1,82965.3,83098.3,9214.0,83685.9375,83662.046875,83372.2109375,23.890625,289.8359375,313.7265625
1045,83087.7,83197.7,82994.5,83182.7,6665.0,83666.0,83647.2734375,83368.4609375,18.7265625,278.8125,297.5390625
1046,83178.7,83229.1,83127.5,83133.0,7498.0,83643.5078125,83634.234375,83363.796875,9.2734375,270.4375,279.7109375
1047,83128.0,83223.0,83102.7,83174.7,5256.0,83618.2265625,83623.3671875,83360.0546875,5.140625,263.3125,258.171875
1048,83174.6,83307.3,83072.9,83184.5,35632.0,83596.3828125,83608.7578125,83356.578125,12.375,252.1796875,239.8046875
1049,83184.6,83284.5,83088.8,83284.5,6360.0,83573.359375,83596.140625,83355.1484375,22.78125,240.9921875,218.2109375
1050,83272.9,83346.8,83179.9,83179.9,13760.0,83556.3359375,83581.4453125,83351.6796875,25.109375,229.765625,204.65625
1051,83179.7,83184.8,83045.7,83052.5,4461.0,83546.6015625,83563.03125,83345.7578125,16.4296875,217.2734375,200.84375
1052,83052.4,83146.3,82935.9,83116.1,10939.0,83537.09375,83542.9296875,83341.2109375,5.8359375,201.71875,195.8828125
1053,83100.4,83247.2,83088.1,83180.9,7460.0,83526.9765625,83522.9453125,83338.0390625,4.03125,184.90625,188.9375
1054,83176.7,83247.2,83113.7,83113.7,4538.0,83521.953125,83500.078125,83333.59375,21.875,166.484375,188.359375
1055,83112.5,83218.2,83097.6,83143.2,4559.0,83517.0234375,83477.3359375,83329.8203125,39.6875,147.515625,187.203125
1056,83147.8,83445.2,83122.1,83399.3,9186.0,83505.953125,83460.6328125,83331.1953125,45.3203125,129.4375,174.7578125
1057,83393.7,83643.2,83384.8,83617.9,18477.0,83493.296875,83446.2109375,83336.875,47.0859375,109.3359375,156.421875
1058,83616.3,83796.2,83572.4,83765.2,20164.0,83479.2421875,83432.625,83345.359375,46.6171875,87.265625,133.8828125
1059,83761.1,83769.4,83530.7,83549.3,9553.0,83463.625,83419.765625,83349.3984375,43.859375,70.3671875,114.2265625
1060,83552.4,83699.9,83552.4,83664.0,8323.0,83447.9609375,83408.1953125,83355.625,39.765625,52.5703125,92.3359375
1061,83663.9,83696.4,83552.1,83583.8,8161.0,83430.3359375,83398.2109375,83360.140625,32.125,38.0703125,70.1953125
1062,83581.5,83617.6,83483.5,83502.9,9247.0,83410.671875,83388.5390625,83362.96875,22.1328125,25.5703125,47.703125
1063,83498.6,83528.3,83410.5,83410.5,6310.0,83387.734375,83377.125,83363.90625,10.609375,13.21875,23.828125
1064,83419.0,83419.1,83243.2,83355.1,44546.0,83365.171875,83365.125,83363.734375,0.046875,1.390625,1.4375
1065,83365.5,83365.5,83137.7,83245.0,10509.0,83343.9765625,83351.25,83361.3828125,7.2734375,10.1328125,17.40625
1066,83244.9,83472.3,83217.3,83376.4,11346.0,83340.5,83338.3046875,83361.6796875,2.1953125,23.375,21.1796875
1067,83379.7,83599.9,83379.7,83593.4,5674.0,83330.3515625,83329.046875,83366.265625,1.3046875,37.21875,35.9140625
1068,83593.4,83810.5,83593.4,83773.3,12094.0,83314.046875,83322.375,83374.328125,8.328125,51.953125,60.28125
1069,83778.5,83884.0,83778.5,83853.8,8720.0,83302.9765625,83316.375,83383.8203125,13.3984375,67.4453125,80.84375
1070,83856.0,83932.0,83741.5,83919.5,6771.0,83292.2734375,83311.3203125,83394.4296875,19.046875,83.109375,102.15625
1071,83916.6,84107.5,83916.6,84096.0,22793.0,83278.296875,83308.0,83408.3203125,29.703125,100.3203125,130.0234375
1072,84094.0,84469.1,84059.2,84469.1,44748.0,83269.7265625,83309.390625,83429.328125,39.6640625,119.9375,159.6015625
1073,84469.1,84537.4,84331.0,84471.8,17837.0,83259.2109375,83312.5625,83449.96875,53.3515625,137.40625,190.7578125
1074,84468.2,84514.9,84353.3,84407.5,7191.0,83244.6328125,83314.8984375,83468.9296875,70.265625,154.03125,224.296875
1075,84405.0,84594.4,84400.8,84531.8,17853.0,83237.90625,83318.34375,83489.9765625,80.4375,171.6328125,252.0703125
1076,84531.8,84779.9,84531.8,84728.3,10834.0,83226.328125,83324.3203125,83514.5,97.9921875,190.1796875,288.171875
1077,84726.2,84730.2,84553.1,84639.2,8104.0,83221.25,83331.28125,83536.7734375,110.03125,205.4921875,315.5234375
1078,84645.4,84843.4,84645.4,84788.6,6836.0,83223.625,83338.5390625,83561.5625,114.9140625,223.0234375,337.9375
1079,84802.4,84937.8,84788.9,84921.0,9863.0,83231.25,83345.90625,83588.484375,114.65625,242.578125,357.234375
1080,84921.0,84963.5,84713.3,84825.4,29305.0,83242.7265625,83355.5546875,83612.9765625,112.828125,257.421875,370.25
1081,84825.4,84832.5,84578.6,84643.4,31444.0,83257.046875,83363.9609375,83633.3828125,106.9140625,269.421875,376.3359375
1082,84648.7,84856.0,84635.0,84707.8,12198.0,83270.6875,83371.78125,83654.65625,101.09375,282.875,383.96875
1083,84713.1,84934.3,84713.1,84924.9,22912.0,83287.1484375,83380.3984375,83679.8125,93.25,299.4140625,392.6640625
1084,84924.9,85000.0,84870.7,84992.2,7445.0,83301.3203125,83389.75,83705.796875,88.4296875,316.046875,404.4765625
1085,84988.3,85033.8,84865.2,84981.3,7177.0,83314.921875,83398.265625,83731.0546875,83.34375,332.7890625,416.1328125
1086,84981.5,85175.3,84981.5,85131.6,10751.0,83332.1015625,83410.671875,83758.7890625,78.5703125,348.1171875,426.6875
1087,85132.1,85495.4,85088.0,85405.6,32002.0,83347.15625,83427.046875,83791.3984375,79.890625,364.3515625,444.2421875
1088,85414.1,85414.1,85208.4,85305.7,15830.0,83365.625,83443.1171875,83821.3828125,77.4921875,378.265625,455.7578125
1089,85305.7,85471.1,85301.4,85384.0,5496.0,83387.8046875,83460.640625,83852.328125,72.8359375,391.6875,464.5234375
1090,85383.9,85383.9,85109.7,85229.7,15122.0,83408.265625,83476.46875,83879.6015625,68.203125,403.1328125,471.3359375
1091,85228.3,85329.5,85143.0,85234.0,10143.0,83429.8671875,83490.546875,83906.421875,60.6796875,415.875,476.5546875
1092,85242.4,85311.9,85073.9,85155.1,14359.0,83449.15625,83504.03125,83931.1484375,54.875,427.1171875,481.9921875
1093,85166.3,85242.2,85024.3,85132.6,10146.0,83462.21875,83519.9296875,83954.9375,57.7109375,435.0078125,492.71875
1094,85162.9,85233.7,85104.3,85130.0,9191.0,83475.9140625,83537.59375,83978.203125,61.6796875,440.609375,502.2890625
1095,85131.1,85316.6,85120.1,85194.0,7822.0,83486.8515625,83556.3046875,84002.28125,69.453125,445.9765625,515.4296875
1096,85201.8,85285.2,85079.0,85131.4,8329.0,83502.6171875,83575.5,84024.640625,72.8828125,449.140625,522.0234375
1097,85160.4,85295.5,84984.1,85144.8,17961.0,83523.140625,83594.65625,84046.8203125,71.515625,452.1640625,523.6796875
1098,85144.8,85407.8,85127.1,85361.0,17528.0,83543.40625,83616.5703125,84072.84375,73.1640625,456.2734375,529.4375
1099,85361.0,85448.1,85123.2,85123.2,8249.0,83570.0,83638.421875,84093.640625,68.421875,455.21875,523.640625
1100,85123.2,85130.6,84951.8,85037.8,10494.0,83594.6953125,83660.0546875,84112.3359375,65.359375,452.28125,517.640625
1101,85042.0,85250.6,85016.8,85054.9,12391.0,83623.78125,83680.9296875,84131.0,57.1484375,450.0703125,507.21875
1102,85063.5,85277.3,85063.5,85188.7,10834.0,83646.046875,83703.9609375,84151.9453125,57.9140625,447.984375,505.8984375
1103,85187.8,85337.9,85118.3,85337.9,10198.0,83663.921875,83727.0390625,84175.4296875,63.1171875,448.390625,511.5078125
1104,85346.5,85444.5,85329.2,85392.6,13602.0,83684.9296875,83748.7109375,84199.53125,63.78125,450.8203125,514.6015625
1105,85393.9,85561.9,85319.7,85418.8,11914.0,83705.8203125,83769.3515625,84223.671875,63.53125,454.3203125,517.8515625
1106,85417.8,85429.4,85300.1,85300.4,8748.0,83723.609375,83789.0859375,84244.9921875,65.4765625,455.90625,521.3828125
1107,85300.0,85300.0,85090.5,85152.2,6980.0,83741.484375,83807.421875,84262.953125,65.9375,455.53125,521.46875
1108,85153.2,85165.3,85047.3,85085.0,10597.0,83761.390625,83826.578125,84279.234375,65.1875,452.65625,517.84375
1109,85085.0,85226.7,85085.0,85199.7,8634.0,83777.265625,83845.9609375,84297.4609375,68.6953125,451.5,520.1953125
1110,85195.7,85336.2,85195.7,85319.5,6052.0,83793.71875,83867.1015625,84317.703125,73.3828125,450.6015625,523.984375
1111,85325.4,85429.3,85285.5,85289.7,7594.0,83812.3125,83889.796875,84336.953125,77.484375,447.15625,524.640625
1112,85285.6,85346.4,85205.0,85346.4,5640.0,83825.1796875,83914.8359375,84356.9453125,89.65625,442.109375,531.765625
1113,85342.2,85423.8,85333.7,85423.7,8240.0,83839.28125,83940.78125,84378.0703125,101.5,437.2890625,538.7890625
1114,85410.8,85471.1,85387.4,85430.1,7198.0,83850.890625,83964.1171875,84398.90625,113.2265625,434.7890625,548.015625
1115,85426.0,85471.1,85315.3,85394.0,5488.0,83866.578125,83987.3515625,84418.609375,120.7734375,431.2578125,552.03125
1116,85397.6,85463.6,85352.0,85463.6,7635.0,83884.640625,84010.3984375,84439.3046875,125.7578125,428.90625,554.6640625
1117,85471.1,85471.1,85238.8,85252.8,8913.0,83901.1796875,84033.65625,84455.4140625,132.4765625,421.7578125,554.234375
1118,85247.5,85285.1,85058.4,85130.4,12347.0,83919.5390625,84055.3203125,84468.78125,135.78125,413.4609375,549.2421875
1119,85139.0,85276.5,85129.6,85169.9,15130.0,83935.046875,84077.796875,84482.6640625,142.75,404.8671875,547.6171875
1120,85181.6,85200.2,85075.3,85088.0,8698.0,83948.5546875,84099.265625,84494.6484375,150.7109375,395.3828125,546.09375
1121,85088.0,85200.0,84990.6,85200.0,18433.0,83965.0859375,84121.25,84508.6171875,156.1640625,387.3671875,543.53125
1122,85200.0,85268.6,85181.8,85237.4,5815.0,83979.359375,84145.1796875,84523.046875,165.8203125,377.8671875,543.6875
1123,85240.1,85268.1,85166.9,85205.4,5931.0,84001.578125,84169.40625,84536.5625,167.828125,367.15625,534.984375
1124,85198.0,85198.4,85125.6,85172.6,3847.0,84032.1171875,84196.640625,84549.15625,164.5234375,352.515625,517.0390625
1125,85173.4,85384.5,85173.4,85335.4,18953.0,84070.796875,84225.3515625,84564.7265625,154.5546875,339.375,493.9296875
1126,85343.1,85349.8,85102.7,85181.6,8900.0,84098.5859375,84252.1796875,84576.9453125,153.59375,324.765625,478.359375
1127,85186.6,85246.2,85127.0,85230.2,5599.0,84116.25,84277.8359375,84589.8828125,161.5859375,312.046875,473.6328125
1128,85224.5,85288.6,85170.3,85281.0,4742.0,84132.2578125,84302.25,84603.5703125,169.9921875,301.3203125,471.3125
1129,85281.0,85355.8,85279.4,85318.8,9746.0,84147.0,84326.5546875,84617.734375,179.5546875,291.1796875,470.734375
1130,85318.7,85318.7,85180.9,85189.8,5384.0,84157.28125,84349.6953125,84629.0625,192.4140625,279.3671875,471.78125
1131,85183.3,85269.7,85161.6,85223.7,6086.0,84169.265625,84373.9375,84640.8359375,204.671875,266.8984375,471.5703125
1132,85222.7,85222.7,85020.0,85020.0,7734.0,84185.1875,84397.0,84648.34375,211.8125,251.34375,463.15625
1133,85006.4,85052.3,84906.1,84906.1,7145.0,84197.90625,84416.5,84653.4453125,218.59375,236.9453125,455.5390625
1134,84905.8,84951.2,84779.9,84868.0,12524.0,84210.359375,84435.984375,84657.6953125,225.625,221.7109375,447.3359375
1135,84860.9,85071.5,84860.9,84990.3,8568.0,84221.3515625,84456.796875,84664.28125,235.4453125,207.484375,442.9296875
1136,84988.0,84988.0,84879.2,84910.6,8412.0,84237.1875,84476.8046875,84669.15625,239.6171875,192.3515625,431.96875
1137,84910.7,84992.1,84867.1,84961.3,5568.0,84256.21875,84497.5703125,84674.9375,241.3515625,177.3671875,418.71875
1138,84957.2,85017.6,84882.3,84901.1,4003.0,84275.046875,84520.546875,84679.4140625,245.5,158.8671875,404.3671875
1139,84897.8,84949.5,84831.7,84855.1,9828.0,84287.0078125,84541.640625,84682.890625,254.6328125,141.25,395.8828125
1140,84871.0,84949.6,84782.5,84790.1,4940.0,84299.359375,84560.296875,84685.015625,260.9375,124.71875,385.65625
1141,84788.3,84808.4,84700.0,84751.4,8883.0,84308.6171875,84576.0,84686.328125,267.3828125,110.328125,377.7109375
1142,84754.7,84754.7,84570.5,84612.5,12330.0,84317.640625,84592.3515625,84684.8671875,274.7109375,92.515625,367.2265625
1143,84604.1,84637.0,84327.4,84423.9,40936.0,84326.9296875,84606.8671875,84679.703125,279.9375,72.8359375,352.7734375
1144,84420.7,84420.7,84208.6,84229.8,10888.0,84335.46875,84618.1875,84670.796875,282.71875,52.609375,335.328125
1145,84229.8,84290.6,84004.7,84024.3,17100.0,84343.546875,84626.609375,84657.9921875,283.0625,31.3828125,314.4453125
1146,84012.6,84258.9,83913.9,84150.8,11053.0,84349.4453125,84636.7890625,84647.9453125,287.34375,11.15625,298.5
1147,84150.8,84159.2,83900.0,83998.3,31858.0,84357.515625,84645.03125,84635.078125,287.515625,9.953125,277.5625
1148,83998.4,84009.6,83758.2,83909.4,21347.0,84365.078125,84652.28125,84620.7109375,287.203125,31.5703125,255.6328125
1149,83909.5,84162.2,83873.9,84122.5,18923.0,84375.2265625,84660.6484375,84610.84375,285.421875,49.8046875,235.6171875
1150,84122.4,84122.4,83911.3,83937.3,10531.0,84377.3046875,84668.2265625,84597.5078125,290.921875,70.71875,220.203125
1151,83951.5,84061.3,83783.2,83928.5,11695.0,84372.734375,84676.984375,84584.2578125,304.25,92.7265625,211.5234375
1152,83934.7,83934.7,83774.4,83783.4,7850.0,83678.484375,84683.65625,84568.3984375,1005.171875,115.2578125,889.9140625
1153,83792.7,83857.4,83586.1,83627.4,36647.0,82901.9453125,84688.125,84549.765625,1786.1796875,138.359375,1647.8203125
1154,83623.2,83674.0,83547.0,83663.7,8006.0,82104.40625,84693.625,84532.21875,2589.21875,161.40625,2427.8125
1155,83660.6,83695.7,83545.4,83676.7,7245.0,81294.671875,84698.9609375,84515.28125,3404.2890625,183.6796875,3220.609375
1156,83682.7,83777.7,83607.0,83716.5,13175.0,80512.15625,84702.125,84499.4609375,4189.96875,202.6640625,3987.3046875
1157,83715.4,83715.4,83408.4,83449.0,20753.0,79701.953125,84700.4453125,84478.65625,4998.4921875,221.7890625,4776.703125
1158,83446.0,83498.2,83387.0,83480.7,13874.0,78932.28125,84697.6015625,84458.8984375,5765.3203125,238.703125,5526.6171875
1159,83493.3,83525.2,83452.6,83455.1,6233.0,78222.578125,84696.65625,84439.0234375,6474.078125,257.6328125,6216.4453125
1160,83471.8,83471.8,83291.7,83334.0,12585.0,77427.5703125,84693.3515625,84417.140625,7265.78125,276.2109375,6989.5703125
1161,83342.4,83617.9,83325.6,83576.7,11625.0,76637.8203125,84693.265625,84400.5,8055.4453125,292.765625,7762.6796875
1162,83584.9,83594.5,83415.2,83489.9,7671.0,75854.90625,84693.140625,84382.46875,8838.234375,310.671875,8527.5625
1163,83460.4,83604.4,83436.0,83525.7,6586.0,75210.8515625,84694.2890625,84365.5,9483.4375,328.7890625,9154.6484375
1164,83525.8,83653.4,83477.7,83620.6,9151.0,74448.15625,84696.9375,84350.75,10248.78125,346.1875,9902.59375
1165,83629.0,83964.9,83580.7,83882.4,25524.0,73664.2578125,84703.3203125,84341.4765625,11039.0625,361.84375,10677.21875
1166,83890.1,83915.8,83752.2,83793.9,9105.0,72899.734375,84707.484375,84330.6328125,11807.75,376.8515625,11430.8984375
1167,83798.6,83938.7,83798.5,83880.9,12169.0,72151.140625,84710.3671875,84321.7265625,12559.2265625,388.640625,12170.5859375
1168,83881.0,84189.7,83881.0,84072.7,17582.0,71364.3046875,84713.359375,84316.796875,13349.0546875,396.5625,12952.4921875
1169,84072.6,84110.0,83977.5,84070.0,8548.0,70626.09375,84715.515625,84311.90625,14089.421875,403.609375,13685.8125
1170,84066.4,84172.1,83973.2,84144.1,11358.0,69844.25,84717.765625,84308.5859375,14873.515625,409.1796875,14464.3359375
1171,84139.7,84290.6,84139.7,84254.7,9421.0,69110.453125,84719.359375,84307.515625,15608.90625,411.84375,15197.0625
1172,84258.5,84413.2,84225.4,84413.2,12062.0,68324.3046875,84718.796875,84309.609375,16394.4921875,409.1875,15985.3046875
1173,84413.2,84433.4,84171.6,84195.6,15662.0,67550.3359375,84716.0390625,84307.3515625,17165.703125,408.6875,16757.015625
1174,84200.2,84304.5,84200.2,84296.3,3366.0,66761.2265625,84714.921875,84307.1328125,17953.6953125,407.7890625,17545.90625
1175,84296.4,84338.8,84269.6,84338.8,8487.0,65964.4609375,84712.984375,84307.7578125,18748.5234375,405.2265625,18343.296875
1176,84347.4,84581.3,84347.4,84485.4,12701.0,65250.7578125,84710.5546875,84311.2734375,19459.796875,399.28125,19060.515625
1177,84487.4,84546.4,84484.0,84509.9,5394.0,64498.703125,84709.265625,84315.203125,20210.5625,394.0625,19816.5
1178,84509.9,84590.6,84498.0,84536.8,6268.0,63673.2421875,84706.7578125,84319.59375,21033.515625,387.1640625,20646.3515625
1179,84533.6,84566.9,84485.3,84517.0,5349.0,62922.16796875,84702.71875,84323.5,21780.55078125,379.21875,21401.33203125
1180,84524.8,84553.9,84337.7,84382.3,14614.0,62216.1796875,84698.2890625,84324.6640625,22482.109375,373.625,22108.484375
1181,84392.1,84400.7,84168.8,84349.4,33939.0,61401.375,84695.3359375,84325.15625,23293.9609375,370.1796875,22923.78125
1182,84365.0,84388.0,84278.7,84349.9,6606.0,60591.08984375,84691.7578125,84325.6484375,24100.66796875,366.109375,23734.55859375
1183,84345.6,84472.3,84345.6,84462.4,5434.0,59815.859375,84687.140625,84328.359375,24871.28125,358.78125,24512.5
1184,84465.5,84531.8,84428.4,84529.1,16535.0,58985.71875,84682.5078125,84332.3359375,25696.7890625,350.171875,25346.6171875
1185,84532.3,84587.4,84397.0,84448.4,7372.0,58166.91015625,84677.1796875,84334.6328125,26510.26953125,342.546875,26167.72265625
1186,84452.6,84506.9,84426.9,84432.8,6998.0,57387.1640625,84670.1953125,84336.578125,27283.03125,333.6171875,26949.4140625
1187,84436.5,84559.0,84403.6,84559.0,5150.0,56563.08984375,84661.7265625,84340.984375,28098.63671875,320.7421875,27777.89453125
1188,84559.0,85041.7,84547.6,84927.3,23950.0,55764.84375,84657.9453125,84352.59375,28893.1015625,305.3515625,28587.75
1189,84929.4,85082.1,84766.9,84804.0,12416.0,54989.921875,84652.1484375,84361.53125,29662.2265625,290.6171875,29371.609375
1190,84803.0,85016.3,84803.0,84878.2,11871.0,54311.3046875,84648.640625,84371.765625,30337.3359375,276.875,30060.4609375
1191,84877.0,84977.4,84773.4,84844.7,7295.0,53639.5546875,84644.75,84381.1328125,31005.1953125,263.6171875,30741.578125
1192,84851.2,84856.0,84676.1,84707.5,12813.0,52952.96484375,84640.265625,84387.59375,31687.30078125,252.671875,31434.62890625
1193,84720.3,84870.1,84720.3,84795.0,5609.0,52152.83984375,84636.8984375,84395.6640625,32484.05859375,241.234375,32242.82421875
1194,84777.9,84777.9,84558.1,84683.4,7423.0,51402.75,84632.4296875,84401.359375,33229.6796875,231.0703125,32998.609375
1195,84666.5,84714.0,84598.9,84711.8,5164.0,50598.57421875,84627.609375,84407.5078125,34029.03515625,220.1015625,33808.93359375
1196,84707.5,84745.1,84601.9,84646.0,5867.0,49841.84765625,84622.75,84412.2265625,34780.90234375,210.5234375,34570.37890625
1197,84645.3,84657.8,84504.9,84595.3,6202.0,49083.0546875,84617.2578125,84415.8515625,35534.203125,201.40625,35332.796875
1198,84584.1,84642.0,84556.9,84621.6,3858.0,48513.16796875,84609.8671875,84419.9296875,36096.69921875,189.9375,35906.76171875
1199,84612.8,84636.4,84562.6,84574.1,6899.0,47878.1796875,84604.375,84422.984375,36726.1953125,181.390625,36544.8046875
1200,84579.3,84653.4,84561.3,84595.8,4130.0,47134.92578125,84599.9609375,84426.40625,37465.03515625,173.5546875,37291.48046875
1201,84601.0,84657.3,84428.3,84428.3,6261.0,46388.640625,84593.6875,84426.4453125,38205.046875,167.2421875,38037.8046875
1202,84432.6,84573.7,84432.6,84560.2,7631.0,45570.140625,84587.40625,84429.09375,39017.265625,158.3125,38858.953125
1203,84547.6,84699.9,84523.2,84684.8,5995.0,44767.6328125,84580.875,84434.15625,39813.2421875,146.71875,39666.5234375
1204,84689.0,84767.0,84628.4,84749.9,10380.0,44004.93359375,84574.4453125,84440.40625,40569.51171875,134.0390625,40435.47265625
1205,84752.5,84798.4,84665.3,84666.3,4803.0,43225.0546875,84566.921875,84444.8828125,41341.8671875,122.0390625,41219.828125
1206,84668.5,84668.5,84573.8,84594.9,4486.0,42425.05078125,84559.8671875,84447.8515625,42134.81640625,112.015625,42022.80078125
1207,84603.5,84632.9,84568.0,84579.0,5117.0,41659.72265625,84554.140625,84450.4453125,42894.41796875,103.6953125,42790.72265625
1208,84574.0,84622.8,84543.6,84622.8,4226.0,40860.625,84549.515625,84453.859375,43688.890625,95.65625,43593.234375
1209,84622.8,84838.7,84622.8,84818.8,6063.0,40071.61328125,84545.6953125,84461.0859375,44474.08203125,84.609375,44389.47265625
1210,84823.0,84893.5,84713.3,84753.6,5369.0,39279.9140625,84540.046875,84466.875,45260.1328125,73.171875,45186.9609375
1211,84753.5,84787.4,84651.2,84735.2,7993.0,38456.32421875,84534.5,84472.1875,46078.17578125,62.3125,46015.86328125
1212,84736.2,84751.3,84611.1,84628.1,3401.0,37645.48828125,84527.3203125,84475.2734375,46881.83203125,52.046875,46829.78515625
1213,84619.0,84619.0,84500.1,84528.5,5541.0,36857.45703125,84518.3671875,84476.328125,47660.91015625,42.0390625,47618.87109375
1214,84515.0,84601.6,84491.5,84564.8,4341.0,36058.8125,84509.7109375,84478.078125,48450.8984375,31.6328125,48419.265625
1215,84560.6,84560.6,84477.0,84550.4,4307.0,35247.921875,84501.28125,84479.5078125,49253.359375,21.7734375,49231.5859375
1216,84559.1,84682.5,84556.3,84682.5,3839.0,34441.88671875,84493.4609375,84483.53125,50051.57421875,9.9296875,50041.64453125
1217,84686.6,84718.5,84635.9,84718.5,4857.0,33644.703125,84488.1171875,84488.1875,50843.4140625,0.0703125,50843.484375
1218,84709.0,84710.8,84545.8,84555.3,3550.0,32900.47265625,84482.3671875,84489.515625,51581.89453125,7.1484375,51589.04296875
1219,84571.0,84762.2,84567.1,84759.5,4013.0,32137.7421875,84478.2578125,84494.859375,52340.515625,16.6015625,52357.1171875
1220,84759.5,84912.6,84702.4,84889.8,5755.0,31469.84765625,84476.28125,84502.6796875,53006.43359375,26.3984375,53032.83203125
1221,84896.8,84968.5,84896.8,84961.3,5503.0,30668.619140625,84473.890625,84511.7578125,53805.271484375,37.8671875,53843.138671875
1222,84960.5,85023.8,84845.7,84852.6,7672.0,29861.12109375,84470.0390625,84518.5078125,54608.91796875,48.46875,54657.38671875
1223,84871.0,84892.0,84759.8,84883.9,8826.0,29042.5078125,84466.8203125,84525.7421875,55424.3125,58.921875,55483.234375
1224,84884.9,84952.4,84811.6,84914.5,4672.0,28226.513671875,84464.234375,84533.4375,56237.720703125,69.203125,56306.923828125
1225,84901.7,85024.2,84901.7,84973.7,4123.0,27404.74609375,84460.625,84542.15625,57055.87890625,81.53125,57137.41015625
1226,84970.0,85009.0,84947.1,84955.7,3577.0,26593.26953125,84458.3671875,84550.34375,57865.09765625,91.9765625,57957.07421875
1227,84969.0,84973.7,84936.4,84937.4,2647.0,25778.322265625,84455.4375,84558.0078125,58677.115234375,102.5703125,58779.685546875
1228,84937.3,84937.3,84827.7,84882.3,4596.0,24964.65625,84451.4609375,84564.4296875,59486.8046875,112.96875,59599.7734375
1229,84882.2,84925.0,84868.6,84895.3,4052.0,24146.134765625,84447.21875,84570.984375,60301.083984375,123.765625,60424.849609375
1230,84895.3,84998.5,84866.9,84877.4,5019.0,23338.787109375,84444.1015625,84577.0546875,61105.314453125,132.953125,61238.267578125
1231,84888.3,84905.0,84702.6,84719.9,7820.0,22519.486328125,84439.0546875,84579.8828125,61919.568359375,140.828125,62060.396484375
1232,84719.9,84799.6,84676.5,84744.1,7162.0,21848.982421875,84436.3046875,84583.1328125,62587.322265625,146.828125,62734.150390625
1233,84742.8,84769.3,84649.4,84658.7,5654.0,21032.84765625,84433.8359375,84584.6328125,63400.98828125,150.796875,63551.78515625
1234,84647.0,84680.1,84620.4,84639.7,3991.0,20205.345703125,84431.5390625,84585.7265625,64226.193359375,154.1875,64380.380859375
1235,84639.8,84730.1,84639.8,84730.1,6066.0,19377.84375,84428.9453125,84588.5859375,65051.1015625,159.640625,65210.7421875
1236,84732.8,84841.4,84732.8,84758.0,4764.0,18566.26171875,84427.421875,84591.9375,65861.16015625,164.515625,66025.67578125
1237,84757.9,84819.6,84709.7,84816.7,4422.0,17763.953125,84425.9765625,84596.390625,66662.0234375,170.4140625,66832.4375
1238,84819.6,84872.1,84814.6,84855.0,3554.0,16943.251953125,84425.515625,84601.5078125,67482.263671875,175.9921875,67658.255859375
1239,84850.0,84855.7,84745.7,84745.7,4365.0,16193.7431640625,84424.421875,84604.359375,68230.6787109375,179.9375,68410.6162109375
1240,84744.6,84772.2,84679.9,84681.8,6231.0,15386.185546875,84423.328125,84605.890625,69037.142578125,182.5625,69219.705078125
1241,84682.2,84696.8,84600.0,84659.2,4135.0,14573.2724609375,84422.40625,84606.9453125,69849.1337890625,184.5390625,70033.6728515625
1242,84666.3,84700.8,84633.6,84657.1,4495.0,13805.53125,84422.859375,84607.9375,70617.328125,185.078125,70802.40625
1243,84657.4,84657.4,84437.4,84445.4,12001.0,13007.9013671875,84423.0703125,84604.71875,71415.1689453125,181.6484375,71596.8173828125
1244,84445.5,84470.5,84350.9,84440.0,5845.0,12205.728515625,84425.171875,84601.453125,72219.443359375,176.28125,72395.724609375
1245,84447.1,84447.3,84342.6,84383.2,10287.0,11385.0537109375,84428.7578125,84597.1328125,73043.7041015625,168.375,73212.0791015625
1246,84378.9,84403.2,84241.3,84274.8,6575.0,10585.2724609375,84430.0,84590.75,73844.7275390625,160.75,74005.4775390625
1247,84270.6,84367.3,84225.5,84367.2,6615.0,9810.146484375,84433.6875,84586.3203125,74623.541015625,152.6328125,74776.173828125
1248,84367.2,84430.8,84293.0,84388.3,8113.0,9050.58984375,84438.4765625,84582.3984375,75387.88671875,143.921875,75531.80859375
1249,84388.2,84442.1,84332.8,84377.2,4869.0,8242.578125,84441.015625,84578.3359375,76198.4375,137.3203125,76335.7578125
1250,84369.0,84404.5,84304.8,84324.8,6715.0,7427.56982421875,84444.8984375,84573.3125,77017.32861328125,128.4140625,77145.74267578125
1251,84316.3,84316.3,84249.3,84256.0,5524.0,6608.509765625,84448.1796875,84567.03125,77839.669921875,118.8515625,77958.521484375
1252,84250.1,84307.1,84178.8,84238.0,9858.0,6532.759765625,84452.71875,84560.515625,77919.958984375,107.796875,78027.755859375
1253,84240.4,84240.4,84116.7,84120.3,4542.0,6490.36962890625,84457.6484375,84551.796875,77967.27880859375,94.1484375,78061.42724609375
1254,84117.0,84193.2,84063.2,84170.8,5030.0,12338.080078125,84462.7265625,84544.25,72124.646484375,81.5234375,72206.169921875
1255,84176.1,84361.3,84176.1,84345.3,4132.0,12961.8896484375,84469.421875,84540.3125,71507.5322265625,70.890625,71578.4228515625
1256,84345.3,84359.7,84245.5,84254.0,5754.0,13233.7294921875,84474.7890625,84534.640625,71241.0595703125,59.8515625,71300.9111328125
1257,84254.1,84266.7,84165.4,84204.8,2063.0,13442.69921875,84482.3515625,84528.109375,71039.65234375,45.7578125,71085.41015625
1258,84226.0,84268.1,84196.0,84207.2,3810.0,13502.0,84489.6171875,84521.7578125,70987.6171875,32.140625,71019.7578125
1259,84188.2,84224.2,84179.5,84209.9,3738.0,13498.26953125,84497.1796875,84515.5859375,70998.91015625,18.40625,71017.31640625
1260,84202.7,84268.2,84175.1,84237.9,6033.0,13601.189453125,84506.2109375,84510.0859375,70905.021484375,3.875,70908.896484375
1261,84234.1,84366.1,84194.6,84335.2,5805.0,13634.8193359375,84513.7890625,84506.625,70878.9697265625,7.1640625,70871.8056640625
1262,84335.2,84340.4,84206.4,84239.7,8218.0,13671.919921875,84521.296875,84501.3359375,70849.376953125,19.9609375,70829.416015625
1263,84239.6,84345.5,84214.1,84315.6,7880.0,13682.2900390625,84529.1953125,84497.65625,70846.9052734375,31.5390625,70815.3662109375
1264,84320.8,84320.8,84181.8,84186.3,3710.0,13781.75,84534.8515625,84491.4921875,70753.1015625,43.359375,70709.7421875
1265,84182.0,84194.1,84034.7,84063.0,19380.0,13788.51953125,84536.65625,84483.0078125,70748.13671875,53.6484375,70694.48828125
1266,84063.1,84101.4,84000.2,84000.2,12074.0,13794.76953125,84538.7109375,84473.4453125,70743.94140625,65.265625,70678.67578125
1267,84000.0,84074.3,83904.3,83904.3,9397.0,13876.44921875,84538.9453125,84462.171875,70662.49609375,76.7734375,70585.72265625
1268,83900.0,83929.4,83857.1,83916.3,8282.0,14008.5,84537.390625,84451.359375,70528.890625,86.03125,70442.859375
1269,83933.1,83933.1,83883.7,83920.2,6761.0,13981.58984375,84535.8984375,84440.84375,70554.30859375,95.0546875,70459.25390625
1270,83919.3,84011.8,83919.3,84011.8,17995.0,14141.3193359375,84534.578125,84432.3515625,70393.2587890625,102.2265625,70291.0322265625
1271,84011.9,84094.0,84011.9,84092.7,4472.0,14123.939453125,84532.9609375,84425.625,70409.021484375,107.3359375,70301.685546875
1272,84092.6,84344.8,84090.7,84217.9,10984.0,14118.9697265625,84531.0078125,84421.5078125,70412.0380859375,109.5,70302.5380859375
1273,84214.3,84214.3,84078.0,84117.3,6081.0,14124.7392578125,84530.21875,84415.484375,70405.4794921875,114.734375,70290.7451171875
1274,84121.5,84198.6,84121.5,84192.3,3944.0,14172.1298828125,84529.1796875,84411.0625,70357.0498046875,118.1171875,70238.9326171875
1275,84207.3,84212.4,84004.8,84004.8,13441.0,14186.5595703125,84525.8359375,84403.015625,70339.2763671875,122.8203125,70216.4560546875
1276,83992.1,83996.7,83929.0,83961.3,6353.0,14276.2998046875,84520.5859375,84394.265625,70244.2861328125,126.3203125,70117.9658203125
1277,83966.4,83971.6,83877.7,83931.0,4186.0,14408.9794921875,84514.796875,84385.09375,70105.8173828125,129.703125,69976.1142578125
1278,83914.8,83940.5,83848.1,83859.0,4120.0,14576.359375,84508.03125,84374.6796875,69931.671875,133.3515625,69798.3203125
1279,83850.6,83892.0,83769.8,83826.0,7933.0,14591.3994140625,84501.1171875,84363.8125,69909.7177734375,137.3046875,69772.4130859375
1280,83822.0,83848.0,83750.0,83818.8,6358.0,14588.9296875,84495.4765625,84353.0234375,69906.546875,142.453125,69764.09375
1281,83820.1,83849.7,83779.1,83828.8,7407.0,14637.33984375,84490.265625,84342.640625,69852.92578125,147.625,69705.30078125
1282,83828.6,83891.3,83780.3,83853.9,7302.0,14815.4599609375,84485.3046875,84332.9609375,69669.8447265625,152.34375,69517.5009765625
1283,83843.7,83866.5,83708.9,83713.4,5583.0,14810.3095703125,84477.8203125,84320.6953125,69667.5107421875,157.125,69510.3857421875
1284,83713.3,83713.3,83641.8,83693.4,6586.0,15370.8095703125,84469.4609375,84308.2734375,69098.6513671875,161.1875,68937.4638671875
1285,83700.0,83852.0,83700.0,83848.3,8200.0,15664.419921875,84463.4609375,84299.1640625,68799.041015625,164.296875,68634.744140625
1286,83855.8,83905.9,83831.3,83862.8,3187.0,15723.83984375,84457.7578125,84290.5234375,68733.91796875,167.234375,68566.68359375
1287,83872.8,83872.9,83650.6,83650.6,4158.0,15788.099609375,84448.671875,84277.8515625,68660.572265625,170.8203125,68489.751953125
1288,83650.5,83652.1,83588.0,83647.7,5952.0,15892.529296875,84435.875,84265.375,68543.345703125,170.5,68372.845703125
1289,83645.7,83645.7,83500.1,83538.1,5771.0,15951.9794921875,84423.2109375,84250.9765625,68471.2314453125,172.234375,68298.9970703125
1290,83535.1,83580.0,83469.8,83503.7,7573.0,15896.9892578125,84409.46875,84236.1796875,68512.4794921875,173.2890625,68339.1904296875
1291,83513.7,83580.8,83482.9,83560.0,4075.0,16006.279296875,84396.6171875,84222.7890625,68390.337890625,173.828125,68216.509765625
1292,83558.1,83583.9,83455.7,83472.6,4779.0,16104.919921875,84384.28125,84207.9375,68279.361328125,176.34375,68103.017578125
1293,83475.7,83697.7,83460.8,83697.7,7239.0,16118.029296875,84373.296875,84197.8359375,68255.267578125,175.4609375,68079.806640625
1294,83699.2,83728.7,83561.3,83568.8,3836.0,16111.4091796875,84362.1484375,84185.3828125,68250.7392578125,176.765625,68073.9736328125
1295,83575.0,83868.0,83575.0,83768.7,8085.0,16132.7998046875,84352.71875,84177.1328125,68219.9189453125,175.5859375,68044.3330078125
1296,83759.3,83801.6,83697.5,83736.2,8254.0,16167.830078125,84343.6171875,84168.3984375,68175.787109375,175.21875,68000.568359375
1297,83733.7,83895.9,83695.4,83895.1,5175.0,16466.060546875,84336.6171875,84162.984375,67870.556640625,173.6328125,67696.923828125
1298,83895.1,84172.5,83887.2,84172.5,15440.0,16250.19921875,84332.125,84163.171875,68081.92578125,168.953125,67912.97265625
1299,84172.5,84198.5,84014.1,84014.1,18881.0,16089.44921875,84326.53125,84160.21875,68237.08203125,166.3125,68070.76953125
1300,83997.4,84091.5,83936.3,84091.5,5203.0,16106.69921875,84321.4765625,84158.859375,68214.77734375,162.6171875,68052.16015625
1301,84094.7,84191.0,84042.3,84116.6,5684.0,16032.8798828125,84318.3671875,84158.0234375,68285.4873046875,160.34375,68125.1435546875
1302,84106.1,84192.9,84071.6,84071.6,3578.0,16052.2900390625,84313.4765625,84156.3125,68261.1865234375,157.1640625,68104.0224609375
1303,84067.3,84262.1,84000.0,84188.2,5813.0,16068.8798828125,84308.515625,84156.9453125,68239.6357421875,151.5703125,68088.0654296875
1304,84184.0,84268.3,84160.8,84247.8,6726.0,16060.25,84303.5,84158.7421875,68243.25,144.7578125,68098.4921875
1305,84253.9,84347.9,84232.0,84289.8,12553.0,16077.1201171875,84299.7265625,84161.3359375,68222.6064453125,138.390625,68084.2158203125
1306,84291.0,84482.7,84288.8,84477.0,6928.0,16096.5400390625,84298.5546875,84167.5859375,68202.0146484375,130.96875,68071.0458984375
1307,84474.3,84572.8,84359.7,84463.5,12104.0,16058.26953125,84297.3984375,84173.4453125,68239.12890625,123.953125,68115.17578125
1308,84491.5,84593.8,84445.5,84593.8,5926.0,16322.5400390625,84297.109375,84181.765625,67974.5693359375,115.34375,67859.2255859375
1309,84594.3,84657.3,84538.5,84556.0,6393.0,16424.51953125,84294.4765625,84189.1796875,67869.95703125,105.296875,67764.66015625
1310,84561.0,84644.8,84352.5,84355.3,17323.0,16486.330078125,84290.5,84192.46875,67804.169921875,98.03125,67706.138671875
1311,84363.8,84549.6,84358.7,84520.5,3899.0,16576.189453125,84288.3515625,84198.9609375,67712.162109375,89.390625,67622.771484375
1312,84505.5,84545.4,84432.1,84432.1,5541.0,18511.62890625,84286.390625,84203.578125,65774.76171875,82.8125,65691.94921875
1313,84428.9,84500.3,84385.7,84385.7,5566.0,18843.580078125,84284.9609375,84207.1875,65441.380859375,77.7734375,65363.607421875
1314,84385.6,84501.2,84352.7,84491.3,7929.0,19104.73046875,84284.21875,84212.8125,65179.48828125,71.40625,65108.08203125
1315,84491.4,84517.3,84240.4,84367.0,27198.0,19705.80859375,84282.390625,84215.8671875,64576.58203125,66.5234375,64510.05859375
1316,84371.1,84579.1,84371.1,84566.3,16838.0,19918.21875,84281.2265625,84222.8046875,64363.0078125,58.421875,64304.5859375
1317,84566.3,84657.5,84500.1,84637.2,28911.0,20013.91015625,84280.40625,84231.0078125,64266.49609375,49.3984375,64217.09765625
1318,84637.2,84641.0,84500.1,84533.7,4804.0,19975.7890625,84280.1953125,84237.0,64304.40625,43.1953125,64261.2109375
1319,84531.4,84644.5,84385.1,84562.9,35778.0,19980.2890625,84278.2265625,84243.453125,64297.9375,34.7734375,64263.1640625
1320,84565.2,84628.1,84510.1,84607.1,9880.0,19893.5,84275.3984375,84250.65625,64381.8984375,24.7421875,64357.15625
1321,84624.0,84749.9,84624.0,84645.2,13423.0,20003.76953125,84272.234375,84258.46875,64268.46484375,13.765625,64254.69921875
1322,84645.2,84691.3,84599.5,84624.6,6810.0,20048.609375,84269.9609375,84265.71875,64221.3515625,4.2421875,64217.109375
1323,84623.4,84623.4,84466.6,84474.4,7868.0,20108.51953125,84265.859375,84269.8515625,64157.33984375,3.9921875,64161.33203125
1324,84473.5,84506.1,84339.1,84506.1,8344.0,20174.87890625,84261.78125,84274.53125,64086.90234375,12.75,64099.65234375
1325,84501.9,84535.7,84425.5,84470.1,5125.0,20551.638671875,84256.75,84278.40625,63705.111328125,21.65625,63726.767578125
1326,84473.0,84624.4,84473.0,84570.9,5409.0,20594.3203125,84252.8984375,84284.1953125,63658.578125,31.296875,63689.875
1327,84573.3,84586.9,84510.2,84570.1,5718.0,20683.509765625,84249.2265625,84289.859375,63565.716796875,40.6328125,63606.349609375
1328,84577.4,84577.4,84502.7,84553.3,5204.0,20711.119140625,84245.9296875,84295.078125,63534.810546875,49.1484375,63583.958984375
1329,84557.5,84573.1,84470.5,84474.8,3454.0,20807.9296875,84241.7265625,84298.640625,63433.796875,56.9140625,63490.7109375
1330,84494.4,84595.0,84459.5,84595.0,3585.0,20876.05859375,84238.90625,84304.5078125,63362.84765625,65.6015625,63428.44921875
1331,84595.0,84641.1,84520.0,84520.0,5515.0,20893.099609375,84236.90625,84308.7734375,63343.806640625,71.8671875,63415.673828125
1332,84520.0,84540.0,84436.8,84531.9,2068.0,20779.609375,84234.7890625,84313.1953125,63455.1796875,78.40625,63533.5859375
1333,84528.5,84623.9,84528.5,84593.7,5397.0,20817.869140625,84234.140625,84318.75,63416.271484375,84.609375,63500.880859375
1334,84593.8,84623.9,84580.6,84607.0,2500.0,20833.25,84233.8203125,84324.4609375,63400.5703125,90.640625,63491.2109375
1335,84602.0,84632.5,84525.2,84525.2,4342.0,20849.080078125,84231.78125,84328.4375,63382.701171875,96.65625,63479.357421875
1336,84495.7,84515.5,84416.9,84435.8,6431.0,20887.119140625,84228.5546875,84330.5625,63341.435546875,102.0078125,63443.443359375
1337,84437.8,84583.7,84433.5,84583.7,3990.0,20909.638671875,84226.21875,84335.578125,63316.580078125,109.359375,63425.939453125
1338,84585.3,84629.4,84440.0,84440.0,3820.0,20980.900390625,84222.078125,84337.6484375,63241.177734375,115.5703125,63356.748046875
1339,84434.2,84550.9,84434.2,84512.1,3444.0,21001.4296875,84219.7265625,84341.1015625,63218.296875,121.375,63339.671875
1340,84500.1,84700.0,84494.2,84683.0,7857.0,21129.849609375,84219.75,84347.875,63089.900390625,128.125,63218.025390625
1341,84682.9,84757.3,84664.2,84722.2,6431.0,21344.080078125,84220.375,84355.2890625,62876.294921875,134.9140625,63011.208984375
1342,84732.9,84821.9,84731.4,84813.0,6394.0,21346.80859375,84221.9296875,84364.3515625,62875.12109375,142.421875,63017.54296875
1343,84816.3,84884.7,84795.9,84873.6,6753.0,21410.94921875,84226.21875,84374.4375,62815.26953125,148.21875,62963.48828125
1344,84876.0,84882.6,84729.1,84737.6,5693.0,21470.83984375,84229.1875,84381.625,62758.34765625,152.4375,62910.78515625
1345,84741.8,84950.0,84732.4,84931.7,23302.0,21580.05859375,84234.671875,84392.515625,62654.61328125,157.84375,62812.45703125
1346,84926.2,84950.0,84926.2,84930.6,3691.0,21730.55859375,84241.2265625,84403.171875,62510.66796875,161.9453125,62672.61328125
1347,84930.5,84976.9,84930.5,84946.3,2009.0,21847.23046875,84247.015625,84413.9296875,62399.78515625,166.9140625,62566.69921875
1348,84946.2,84959.3,84922.1,84943.4,2789.0,21820.388671875,84252.578125,84424.4140625,62432.189453125,171.8359375,62604.025390625
1349,84943.5,84987.6,84943.5,84951.5,3120.0,21872.990234375,84258.3046875,84434.8515625,62385.314453125,176.546875,62561.861328125
1350,84951.6,84976.7,84937.7,84976.7,4769.0,22238.12890625,84264.8359375,84445.578125,62026.70703125,180.7421875,62207.44921875
1351,84986.9,85033.2,84976.6,85021.0,3567.0,22332.798828125,84272.4765625,84456.96875,61939.677734375,184.4921875,62124.169921875
1352,85023.1,85095.1,84998.7,85054.4,7024.0,22349.349609375,84280.640625,84468.796875,61931.291015625,188.15625,62119.447265625
1353,85060.0,85060.0,84988.0,84991.1,5809.0,22414.888671875,84289.3515625,84479.140625,61874.462890625,189.7890625,62064.251953125
1354,84995.0,84995.0,84926.9,84981.1,6869.0,16639.900390625,84297.4453125,84489.078125,67657.544921875,191.6328125,67849.177734375
1355,84986.9,85125.0,84986.9,85079.5,4883.0,16110.509765625,84304.796875,84500.7734375,68194.287109375,195.9765625,68390.263671875
1356,85078.9,85287.3,85078.9,85214.9,12182.0,15953.83984375,84314.40625,84514.9140625,68360.56640625,200.5078125,68561.07421875
1357,85207.9,85207.9,85091.6,85125.2,5917.0,15857.9697265625,84323.609375,84527.0,68465.6396484375,203.390625,68669.0302734375
1358,85123.3,85191.3,85115.6,85191.3,3562.0,15825.609375,84333.4453125,84540.15625,68507.8359375,206.7109375,68714.546875
1359,85203.1,85266.4,85172.5,85266.3,7952.0,15787.8994140625,84344.015625,84554.5390625,68556.1162109375,210.5234375,68766.6396484375
1360,85266.3,85335.9,85224.6,85314.8,4649.0,15769.9697265625,84354.7890625,84569.59375,68584.8193359375,214.8046875,68799.6240234375
1361,85314.7,85327.6,85257.9,85290.8,5677.0,16045.419921875,84364.3515625,84583.875,68318.931640625,219.5234375,68538.455078125
1362,85284.2,85385.0,85284.2,85349.3,4114.0,16030.4091796875,84375.4453125,84599.03125,68345.0361328125,223.5859375,68568.6220703125
1363,85349.3,85349.4,85323.7,85337.2,2560.0,16034.0400390625,84385.65625,84613.6484375,68351.6162109375,227.9921875,68579.6083984375
1364,85337.2,85337.2,85219.7,85247.9,5227.0,15930.0693359375,84396.28125,84626.2109375,68466.2119140625,229.9296875,68696.1416015625
1365,85249.9,85259.9,85178.6,85204.9,5217.0,15996.44921875,84407.6953125,84637.671875,68411.24609375,229.9765625,68641.22265625
1366,85204.9,85235.3,85140.2,85140.2,4989.0,16104.7900390625,84419.1015625,84647.625,68314.3115234375,228.5234375,68542.8349609375
1367,85140.2,85235.6,85140.2,85232.7,4661.0,16010.4296875,84432.3671875,84659.2109375,68421.9375,226.84375,68648.78125
1368,85230.2,85332.6,85230.2,85308.8,3567.0,16066.5,84446.296875,84672.0703125,68379.796875,225.7734375,68605.5703125
1369,85308.7,85325.6,85247.1,85272.4,7719.0,16161.51953125,84459.8203125,84683.9609375,68298.30078125,224.140625,68522.44140625
1370,85272.4,85299.3,85242.7,85271.8,3274.0,16055.5400390625,84472.421875,84695.6015625,68416.8818359375,223.1796875,68640.0615234375
1371,85271.7,85385.0,85263.6,85385.0,9905.0,16155.9697265625,84485.3359375,84709.25,68329.3662109375,223.9140625,68553.2802734375
1372,85396.3,85402.3,85347.9,85376.7,7416.0,16219.349609375,84496.921875,84722.46875,68277.572265625,225.546875,68503.119140625
1373,85376.6,85376.6,85336.1,85336.1,2453.0,16261.6796875,84509.109375,84734.6171875,68247.4296875,225.5078125,68472.9375
1374,85340.3,85340.3,85214.1,85227.1,3585.0,16253.9892578125,84519.4609375,84744.3671875,68265.4716796875,224.90625,68490.3779296875
1375,85232.9,85265.0,85131.3,85150.6,4884.0,16322.1396484375,84530.90625,84752.4140625,68208.7666015625,221.5078125,68430.2744140625
1376,85156.9,85264.9,85137.6,85233.7,4093.0,16171.3095703125,84543.640625,84761.9453125,68372.3310546875,218.3046875,68590.6357421875
1377,85217.6,85250.2,85187.9,85187.9,3042.0,16000.3701171875,84556.1953125,84770.3828125,68555.8251953125,214.1875,68770.0126953125
1378,85188.0,85219.6,85140.7,85146.9,5387.0,15885.1796875,84569.078125,84777.8359375,68683.8984375,208.7578125,68892.65625
1379,85147.0,85168.0,85123.9,85168.0,3676.0,15813.359375,84582.5078125,84785.5625,68769.1484375,203.0546875,68972.203125
1380,85173.0,85201.1,85145.5,85175.5,2938.0,16081.9296875,84596.0703125,84793.28125,68514.140625,197.2109375,68711.3515625
1381,85175.4,85308.7,85175.4,85271.4,3374.0,16208.7392578125,84610.5,84802.75,68401.7607421875,192.25,68594.0107421875
1382,85275.7,85346.8,85275.7,85335.1,4547.0,16356.0498046875,84625.3046875,84813.2890625,68269.2548828125,187.984375,68457.2392578125
1383,85331.1,85396.9,85307.4,85363.7,5691.0,16421.560546875,84641.8046875,84824.1875,68220.244140625,182.3828125,68402.626953125
1384,85363.6,85363.6,85312.6,85317.6,2770.0,15903.6796875,84658.046875,84833.9609375,68754.3671875,175.9140625,68930.28125
1385,85312.7,85317.4,85182.3,85182.4,4293.0,15753.849609375,84671.390625,84840.859375,68917.541015625,169.46875,69087.009765625
1386,85182.3,85314.3,85164.8,85314.3,6325.0,15776.5595703125,84685.8984375,84850.234375,68909.3388671875,164.3359375,69073.6748046875
1387,85318.0,85318.0,85226.7,85286.0,4384.0,15747.75,84702.2578125,84858.8671875,68954.5078125,156.609375,69111.1171875
1388,85277.4,85298.6,85251.3,85282.4,2589.0,15643.849609375,84718.609375,84867.2578125,69074.759765625,148.6484375,69223.408203125
1389,85280.3,85297.1,85264.1,85288.1,4552.0,15746.009765625,84736.1171875,84875.59375,68990.107421875,139.4765625,69129.583984375
1390,85288.0,85288.0,85264.0,85276.2,3669.0,15686.6494140625,84753.8359375,84883.5234375,69067.1865234375,129.6875,69196.8740234375
1391,85272.0,85272.0,85151.5,85151.5,3295.0,15438.6796875,84769.75,84888.828125,69331.0703125,119.078125,69450.1484375
1392,85151.5,85151.5,85096.9,85118.3,5627.0,15242.33984375,84786.2109375,84893.375,69543.87109375,107.1640625,69651.03515625
1393,85116.5,85162.1,85071.1,85146.1,12648.0,15232.51953125,84800.6953125,84898.3828125,69568.17578125,97.6875,69665.86328125
1394,85146.1,85163.0,85140.2,85155.3,2485.0,15208.3701171875,84816.5546875,84903.46875,69608.1845703125,86.9140625,69695.0986328125
1395,85151.3,85174.3,85094.8,85128.9,11086.0,15191.849609375,84830.15625,84907.9296875,69638.306640625,77.7734375,69716.080078125
1396,85123.5,85173.4,85108.4,85152.5,4074.0,15166.5498046875,84844.328125,84912.7734375,69677.7783203125,68.4453125,69746.2236328125
1397,85157.6,85200.0,85123.5,85194.5,3695.0,14832.349609375,84857.3203125,84918.3515625,70024.970703125,61.03125,70086.001953125
1398,85184.5,85184.5,85100.1,85108.0,4026.0,14832.6796875,84866.6796875,84922.109375,70034.0,55.4296875,70089.4296875
1399,85103.8,85173.6,85103.8,85126.0,5888.0,14818.58984375,84877.796875,84926.1484375,70059.20703125,48.3515625,70107.55859375
1400,85122.7,85122.7,85080.0,85080.0,5181.0,14819.9794921875,84887.6796875,84929.1953125,70067.7001953125,41.515625,70109.2158203125
1401,85078.1,85119.0,85066.1,85083.9,5969.0,14871.939453125,84897.3515625,84932.2578125,70025.412109375,34.90625,70060.318359375
1402,85083.9,85083.9,85000.1,85000.1,7568.0,14868.5,84906.625,84933.6015625,70038.125,26.9765625,70065.1015625
1403,85000.0,85000.0,84768.8,84771.3,17413.0,14846.2998046875,84912.46875,84930.390625,70066.1689453125,17.921875,70084.0908203125
1404,84778.5,84901.1,84759.3,84759.4,18648.0,14849.580078125,84917.578125,84927.0078125,70067.998046875,9.4296875,70077.427734375
1405,84759.3,84817.5,84719.9,84794.5,17624.0,14849.1796875,84922.625,84924.3828125,70073.4453125,1.7578125,70075.203125
1406,84797.2,84886.7,84790.4,84886.7,5479.0,14845.2900390625,84926.71875,84923.6328125,70081.4287109375,3.0859375,70078.3427734375
1407,84894.2,85004.6,84875.5,84946.0,4911.0,14844.529296875,84931.5390625,84924.078125,70087.009765625,7.4609375,70079.548828125
1408,84940.0,84940.0,84840.2,84886.5,2696.0,14586.349609375,84934.46875,84923.3359375,70348.119140625,11.1328125,70336.986328125
1409,84886.5,84920.4,84827.7,84827.7,2818.0,14484.080078125,84937.1875,84921.4453125,70453.107421875,15.7421875,70437.365234375
1410,84817.8,84817.8,84573.6,84573.6,10330.0,14439.76953125,84939.375,84914.5546875,70499.60546875,24.8203125,70474.78515625
1411,84573.6,84623.7,84513.1,84548.0,4644.0,14479.349609375,84939.65625,84907.296875,70460.306640625,32.359375,70427.947265625
1412,84535.2,84575.2,84499.8,84537.8,6736.0,12568.419921875,84940.71875,84899.9765625,72372.298828125,40.7421875,72331.556640625
1413,84545.2,84545.2,84415.2,84437.1,3132.0,12239.8798828125,84941.2265625,84890.8125,72701.3466796875,50.4140625,72650.9326171875
1414,84438.1,84441.4,84411.0,84431.5,8019.0,11991.830078125,84940.6171875,84881.71875,72948.787109375,58.8984375,72889.888671875
1415,84431.5,84431.5,84329.5,84329.7,4837.0,11407.609375,84940.25,84870.7890625,73532.640625,69.4609375,73463.1796875
1416,84329.6,84573.8,84325.3,84543.5,4916.0,11236.759765625,84940.015625,84864.3046875,73703.255859375,75.7109375,73627.544921875
1417,84543.5,84674.9,84491.1,84563.8,7479.0,11151.1298828125,84939.2890625,84858.3515625,73788.1591796875,80.9375,73707.2216796875
1418,84555.4,84580.1,84402.6,84417.6,5340.0,11146.279296875,84938.125,84849.625,73791.845703125,88.5,73703.345703125
1419,84426.5,84583.1,84420.1,84491.6,5714.0,11104.1201171875,84937.421875,84842.5390625,73833.3017578125,94.8828125,73738.4189453125
1420,84489.1,84580.6,84489.1,84493.1,3700.0,11089.2001953125,84936.28125,84835.6171875,73847.0810546875,100.6640625,73746.4169921875
1421,84493.1,84512.0,84401.3,84492.6,2634.0,10971.5693359375,84934.7578125,84828.828125,73963.1884765625,105.9296875,73857.2587890625
1422,84473.6,84607.2,84473.6,84543.7,9077.0,10955.33984375,84933.9453125,84823.1796875,73978.60546875,110.765625,73867.83984375
1423,84535.3,84594.5,84535.3,84573.6,3174.0,10907.939453125,84934.9375,84818.234375,74026.998046875,116.703125,73910.294921875
1424,84568.0,84662.5,84558.3,84662.4,4561.0,10841.2900390625,84936.5,84815.1484375,74095.2099609375,121.3515625,73973.8583984375
1425,84662.5,84971.1,84662.5,84875.6,23345.0,10476.029296875,84940.5546875,84816.34375,74464.525390625,124.2109375,74340.314453125
1426,84873.3,84873.3,84697.5,84697.5,6030.0,10425.5,84941.8203125,84813.9921875,74516.3203125,127.828125,74388.4921875
1427,84697.5,84697.5,84500.0,84500.0,5918.0,10359.7900390625,84941.109375,84807.7734375,74581.3193359375,133.3359375,74447.9833984375
1428,84500.0,84565.7,84439.7,84562.1,4697.0,10358.009765625,84941.2109375,84802.90625,74583.201171875,138.3046875,74444.896484375
1429,84565.1,84598.8,84518.5,84570.2,2522.0,10260.080078125,84942.15625,84798.296875,74682.076171875,143.859375,74538.216796875
1430,84579.0,84671.3,84562.1,84588.8,5727.0,10279.83984375,84942.0859375,84794.1484375,74662.24609375,147.9375,74514.30859375
1431,84593.0,84593.0,84438.2,84500.6,5311.0,10277.9599609375,84941.90625,84788.3359375,74663.9462890625,153.5703125,74510.3759765625
1432,84504.8,84504.8,84356.0,84382.9,4358.0,10387.349609375,84940.421875,84780.3046875,74553.072265625,160.1171875,74392.955078125
1433,84389.4,84476.9,84312.4,84476.9,7078.0,10342.75,84939.25,84774.296875,74596.5,164.953125,74431.546875
1434,84477.0,84488.0,84382.9,84434.7,5544.0,10336.279296875,84937.515625,84767.5703125,74601.236328125,169.9453125,74431.291015625
1435,84447.3,84447.3,84367.8,84444.3,4011.0,10349.439453125,84936.71875,84761.171875,74587.279296875,175.546875,74411.732421875
1436,84444.3,84482.8,84433.5,84462.5,3019.0,10301.349609375,84936.984375,84755.2578125,74635.634765625,181.7265625,74453.908203125
1437,84464.0,84523.8,84395.9,84404.6,4104.0,10275.01953125,84935.1875,84748.3125,74660.16796875,186.875,74473.29296875
1438,84407.5,84426.2,84308.9,84344.0,3211.0,10241.8798828125,84934.234375,84740.3046875,74692.3544921875,193.9296875,74498.4248046875
1439,84331.3,84382.0,84251.4,84285.8,8637.0,10151.5,84931.96875,84731.3046875,74780.46875,200.6640625,74579.8046875
