bar,open,high,low,close,volume,batched,isolated,cpu,abs_bi,abs_ic,abs_bc
0,88066.7,88174.6,88048.0,88155.1,5735.0,0.0,0.0,0.0,0.0,0.0,0.0
1,88146.7,88160.1,88081.7,88081.7,4816.0,0.0,0.0,0.0,0.0,0.0,0.0
2,88080.4,88080.4,87849.9,87850.0,10862.0,0.0,0.0,0.0,0.0,0.0,0.0
3,87857.1,87944.5,87780.2,87930.1,15390.0,0.0,0.0,0.0,0.0,0.0,0.0
4,87930.2,88039.6,87930.2,87991.6,4863.0,0.0,0.0,0.0,0.0,0.0,0.0
5,87980.8,87980.8,87852.6,87856.9,2161.0,0.0,0.0,0.0,0.0,0.0,0.0
6,87862.5,87869.1,87773.9,87797.8,3002.0,0.0,0.0,0.0,0.0,0.0,0.0
7,87794.2,87794.2,87660.4,87672.7,7045.0,0.0,0.0,0.0,0.0,0.0,0.0
8,87672.6,87704.8,87569.3,87664.0,6992.0,0.0,0.0,0.0,0.0,0.0,0.0
9,87657.2,87718.7,87621.5,87639.1,4116.0,0.0,0.0,0.0,0.0,0.0,0.0
10,87649.7,87726.9,87580.2,87580.2,5538.0,0.0,0.0,0.0,0.0,0.0,0.0
11,87583.2,87604.9,87412.0,87430.1,7937.0,0.0,0.0,0.0,0.0,0.0,0.0
12,87427.6,87504.4,87326.9,87504.4,28049.0,0.0,0.0,0.0,0.0,0.0,0.0
13,87505.9,87647.8,87477.7,87600.8,5425.0,0.0,0.0,0.0,0.0,0.0,0.0
14,87596.5,87649.2,87531.3,87564.6,5409.0,0.0,0.0,0.0,0.0,0.0,0.0
15,87564.6,87669.2,87529.0,87648.0,5356.0,0.0,0.0,0.0,0.0,0.0,0.0
16,87649.4,87731.5,87631.9,87721.9,8400.0,0.0,0.0,0.0,0.0,0.0,0.0
17,87708.6,87759.6,87682.4,87759.6,6562.0,0.0,0.0,0.0,0.0,0.0,0.0
18,87750.7,87750.7,87519.8,87519.8,4150.0,0.0,0.0,0.0,0.0,0.0,0.0
19,87502.6,87590.1,87498.4,87562.6,3954.0,87209.3203125,87726.5546875,87726.546875,517.234375,0.0078125,517.2265625
20,87566.9,87578.4,87328.7,87343.5,11941.0,87187.3671875,87685.9765625,87685.96875,498.609375,0.0078125,498.6015625
21,87343.4,87344.0,87227.3,87256.3,12379.0,87170.890625,87644.7109375,87644.6953125,473.8203125,0.015625,473.8046875
22,87252.7,87420.8,87252.7,87392.1,3767.0,87167.6484375,87621.8125,87621.796875,454.1640625,0.015625,454.1484375
23,87392.1,87404.4,87287.0,87371.4,6300.0,87143.5078125,87593.875,87593.8671875,450.3671875,0.0078125,450.359375
24,87372.5,87475.6,87339.6,87471.7,3668.0,87137.25,87567.8828125,87567.875,430.6328125,0.0078125,430.625
25,87471.1,87484.4,87403.9,87439.2,2831.0,87139.9296875,87546.9921875,87546.9921875,407.0625,0.0,407.0625
26,87436.2,87436.2,87315.9,87370.4,3545.0,87141.53125,87525.625,87525.625,384.09375,0.0,384.09375
27,87363.6,87377.7,87303.3,87303.3,4063.0,87152.9609375,87507.15625,87507.1484375,354.1953125,0.0078125,354.1875
28,87303.2,87318.1,87204.0,87204.0,3420.0,87163.515625,87484.1484375,87484.15625,320.6328125,0.0078125,320.640625
29,87200.9,87280.4,87200.9,87257.5,3839.0,87175.625,87465.0703125,87465.078125,289.4453125,0.0078125,289.453125
30,87263.5,87278.8,87211.2,87226.8,13526.0,87198.0859375,87447.3984375,87447.3984375,249.3125,0.0,249.3125
31,87226.1,87258.0,87206.6,87206.6,2066.0,87209.7421875,87436.21875,87436.234375,226.4765625,0.015625,226.4921875
32,87205.6,87205.6,87154.6,87173.2,5683.0,87226.546875,87419.6640625,87419.671875,193.1171875,0.0078125,193.125
33,87173.3,87298.7,87173.3,87286.8,7188.0,87238.9609375,87403.9609375,87403.9609375,165.0,0.0,165.0
34,87283.7,87286.9,87182.4,87186.8,7126.0,87236.9921875,87385.0703125,87385.0703125,148.078125,0.0,148.078125
35,87183.8,87183.8,87080.0,87080.0,7382.0,87223.6953125,87356.671875,87356.671875,132.9765625,0.0,132.9765625
36,87080.0,87113.9,86878.6,86895.9,34739.0,87209.3828125,87315.3671875,87315.3671875,105.984375,0.0,105.984375
37,86901.3,86939.1,86776.4,86781.0,17855.0,87191.0625,87266.4453125,87266.4375,75.3828125,0.0078125,75.375
38,86790.1,86895.4,86767.0,86877.6,13092.0,87161.6796875,87234.34375,87234.328125,72.6640625,0.015625,72.6484375
39,86877.7,86894.4,86752.5,86799.2,5481.0,87112.5390625,87196.171875,87196.1640625,83.6328125,0.0078125,83.625
40,86806.7,86985.6,86797.5,86985.6,5524.0,87072.15625,87178.2734375,87178.265625,106.1171875,0.0078125,106.109375
41,86985.6,87091.2,86985.6,87037.7,6819.0,87033.5703125,87167.34375,87167.34375,133.7734375,0.0,133.7734375
42,87042.2,87085.2,87006.2,87022.0,9574.0,86980.375,87148.8359375,87148.84375,168.4609375,0.0078125,168.46875
43,87016.0,87059.1,86992.0,87055.7,4562.0,86937.1796875,87133.046875,87133.0625,195.8671875,0.015625,195.8828125
44,87037.1,87118.4,87034.5,87034.5,4385.0,86895.75,87111.1875,87111.203125,215.4375,0.015625,215.453125
45,87034.0,87079.4,86918.0,86918.1,5614.0,86835.6015625,87085.1328125,87085.140625,249.53125,0.0078125,249.5390625
46,86922.3,86999.7,86852.1,86965.0,3934.0,86760.53125,87064.8671875,87064.875,304.3359375,0.0078125,304.34375
47,86973.7,87026.1,86973.7,87022.1,3649.0,86688.3046875,87050.8046875,87050.8125,362.5,0.0078125,362.5078125
48,87024.4,87024.4,86888.0,86937.6,4724.0,86608.25,87037.484375,87037.4921875,429.234375,0.0078125,429.2421875
49,86937.7,86946.2,86784.8,86834.6,8186.0,86541.8125,87016.3359375,87016.3515625,474.5234375,0.015625,474.5390625
50,86834.1,86875.0,86816.4,86816.4,3229.0,86481.8203125,86995.8125,86995.828125,513.9921875,0.015625,514.0078125
51,86811.0,86811.0,86736.8,86747.7,8672.0,86409.828125,86972.875,86972.8828125,563.046875,0.0078125,563.0546875
52,86747.7,86754.9,86632.4,86663.7,10621.0,86337.8046875,86947.3984375,86947.40625,609.59375,0.0078125,609.6015625
53,86662.6,86733.1,86656.0,86711.6,5251.0,86248.515625,86918.6484375,86918.6484375,670.1328125,0.0,670.1328125
54,86713.4,86797.0,86694.8,86776.0,8816.0,86182.421875,86898.109375,86898.109375,715.6875,0.0,715.6875
55,86771.9,86843.4,86754.9,86843.1,8289.0,86116.4609375,86886.265625,86886.265625,769.8046875,0.0,769.8046875
56,86839.4,86843.2,86788.6,86793.6,4040.0,86074.7265625,86881.1484375,86881.1484375,806.421875,0.0,806.421875
57,86791.6,86810.2,86771.6,86771.6,1637.0,86035.8671875,86880.6796875,86880.6875,844.8125,0.0078125,844.8203125
58,86771.7,86775.9,86561.1,86561.5,18764.0,86010.0,86864.875,86864.875,854.875,0.0,854.875
59,86561.1,86653.2,86547.3,86632.5,11099.0,85990.4296875,86856.5390625,86856.5390625,866.109375,0.0,866.109375
60,86623.2,86749.9,86578.5,86691.8,11360.0,85950.4140625,86841.8515625,86841.84375,891.4375,0.0078125,891.4296875
61,86692.1,86807.3,86674.1,86777.2,4944.0,85906.9609375,86828.8203125,86828.8203125,921.859375,0.0,921.859375
62,86777.1,86912.6,86772.8,86888.4,31143.0,85873.6484375,86822.1484375,86822.140625,948.5,0.0078125,948.4921875
63,86890.1,86910.7,86847.2,86877.6,6761.0,85839.5546875,86813.2421875,86813.234375,973.6875,0.0078125,973.6796875
64,86880.8,86880.8,86707.1,86707.1,6576.0,85803.53125,86796.875,86796.859375,993.34375,0.015625,993.328125
65,86703.9,87030.3,86664.3,87004.3,7093.0,85787.4609375,86801.1796875,86801.171875,1013.71875,0.0078125,1013.7109375
66,87003.4,87029.3,86934.7,86960.8,9135.0,85775.9609375,86800.96875,86800.9609375,1025.0078125,0.0078125,1025.0
67,86961.3,87031.1,86961.3,87016.8,6887.0,85771.2890625,86800.7109375,86800.6953125,1029.421875,0.015625,1029.40625
68,87018.6,87098.9,86982.8,87042.9,4779.0,85772.7265625,86805.96875,86805.953125,1033.2421875,0.015625,1033.2265625
69,87042.8,87089.4,86993.0,87040.7,3567.0,85763.1171875,86816.2734375,86816.265625,1053.15625,0.0078125,1053.1484375
70,87052.8,87151.8,87042.7,87146.3,5135.0,85761.984375,86832.7734375,86832.75,1070.7890625,0.0234375,1070.765625
71,87136.8,87202.0,87082.7,87141.6,9808.0,85786.5234375,86852.4609375,86852.453125,1065.9375,0.0078125,1065.9296875
72,87141.5,87171.3,87077.6,87103.5,9815.0,85800.3828125,86874.453125,86874.4375,1074.0703125,0.015625,1074.0546875
73,87120.2,87156.4,87092.1,87139.0,6378.0,85829.140625,86895.8203125,86895.8125,1066.6796875,0.0078125,1066.671875
74,87127.1,87285.6,87127.1,87285.6,10418.0,85843.984375,86921.3046875,86921.296875,1077.3203125,0.0078125,1077.3125
75,87286.3,87347.0,87230.6,87262.4,6640.0,85869.5703125,86942.265625,86942.265625,1072.6953125,0.0,1072.6953125
76,87267.2,87304.4,87227.4,87265.9,7803.0,85883.5625,86965.875,86965.875,1082.3125,0.0,1082.3125
77,87258.1,87397.0,87246.9,87381.6,5966.0,85894.2734375,86996.375,86996.375,1102.1015625,0.0,1102.1015625
78,87379.2,87416.2,87350.2,87382.5,8104.0,85905.96875,87037.4296875,87037.421875,1131.4609375,0.0078125,1131.453125
79,87385.3,87385.3,87203.1,87206.5,8375.0,85901.6328125,87066.1171875,87066.125,1164.484375,0.0078125,1164.4921875
80,87197.9,87269.5,87184.0,87255.9,5466.0,85907.5625,87094.3359375,87094.328125,1186.7734375,0.0078125,1186.765625
81,87257.0,87259.1,87077.1,87085.8,11182.0,85928.0546875,87109.7578125,87109.7578125,1181.703125,0.0,1181.703125
82,87078.5,87191.7,87067.9,87178.3,8493.0,85948.6484375,87124.25,87124.2578125,1175.6015625,0.0078125,1175.609375
83,87179.5,87211.0,87081.9,87101.3,4100.0,85972.53125,87135.4296875,87135.4375,1162.8984375,0.0078125,1162.90625
84,87101.5,87165.0,87084.1,87164.6,4103.0,85988.5546875,87158.3046875,87158.3046875,1169.75,0.0,1169.75
85,87159.0,87263.8,87159.0,87263.8,7991.0,85994.9140625,87171.2890625,87171.28125,1176.375,0.0078125,1176.3671875
86,87263.8,87364.8,87257.3,87257.3,12821.0,86020.78125,87186.1171875,87186.1015625,1165.3359375,0.015625,1165.3203125
87,87254.8,87272.0,87194.2,87201.1,4852.0,86039.28125,87195.3359375,87195.3203125,1156.0546875,0.015625,1156.0390625
88,87196.9,87344.5,87196.1,87273.3,9019.0,86047.703125,87206.8515625,87206.8359375,1159.1484375,0.015625,1159.1328125
89,87273.3,87299.0,87234.8,87282.5,4458.0,86045.4296875,87218.9375,87218.9296875,1173.5078125,0.0078125,1173.5
90,87282.4,87294.7,87186.6,87234.4,13604.0,86030.9609375,87223.3515625,87223.3359375,1192.390625,0.015625,1192.375
91,87234.5,87344.6,87234.5,87254.1,5698.0,86012.53125,87228.9765625,87228.9609375,1216.4453125,0.015625,1216.4296875
92,87254.0,87260.8,87090.8,87090.8,4446.0,85992.03125,87228.3359375,87228.328125,1236.3046875,0.0078125,1236.296875
93,87088.6,87156.5,87058.1,87150.2,4771.0,85973.1015625,87228.8984375,87228.890625,1255.796875,0.0078125,1255.7890625
94,87146.9,87224.5,87120.0,87136.1,7039.0,85951.5546875,87221.421875,87221.421875,1269.8671875,0.0,1269.8671875
95,87147.1,87212.5,87021.3,87200.3,6592.0,85914.90625,87218.3125,87218.3203125,1303.40625,0.0078125,1303.4140625
96,87208.9,87303.3,87188.9,87287.3,7835.0,85877.5234375,87219.3828125,87219.390625,1341.859375,0.0078125,1341.8671875
97,87292.2,87397.9,87289.2,87386.0,6161.0,85840.15625,87219.6015625,87219.609375,1379.4453125,0.0078125,1379.453125
98,87393.5,87497.2,87393.5,87484.7,9223.0,85804.9296875,87224.7109375,87224.7109375,1419.78125,0.0,1419.78125
99,87479.7,87499.9,87346.1,87346.1,5379.0,85779.75,87231.6875,87231.703125,1451.9375,0.015625,1451.953125
100,87346.2,87399.9,87346.2,87374.0,3442.0,85745.078125,87237.59375,87237.609375,1492.515625,0.015625,1492.53125
101,87368.5,87480.9,87358.2,87448.0,4521.0,85705.2109375,87255.703125,87255.703125,1550.4921875,0.0,1550.4921875
102,87444.3,87446.4,87365.9,87396.3,4579.0,85640.2109375,87266.609375,87266.609375,1626.3984375,0.0,1626.3984375
103,87418.0,87425.2,87303.7,87303.7,4357.0,85527.9765625,87276.7265625,87276.734375,1748.75,0.0078125,1748.7578125
104,87298.5,87299.3,87195.9,87228.9,6647.0,85438.640625,87279.9375,87279.953125,1841.296875,0.015625,1841.3125
105,87225.0,87274.1,87190.0,87274.1,6185.0,85340.6953125,87280.4609375,87280.4609375,1939.765625,0.0,1939.765625
106,87269.8,87339.4,87262.9,87336.5,2842.0,85251.4609375,87284.421875,87284.421875,2032.9609375,0.0,2032.9609375
107,87332.8,87389.0,87309.1,87343.0,3113.0,85153.46875,87291.515625,87291.515625,2138.046875,0.0,2138.046875
108,87343.0,87361.8,87296.6,87357.5,5787.0,85059.5,87295.7265625,87295.7265625,2236.2265625,0.0,2236.2265625
109,87367.3,87367.3,87300.2,87324.3,2920.0,84986.8984375,87297.8125,87297.8125,2310.9140625,0.0,2310.9140625
110,87324.1,87420.1,87299.5,87391.6,3281.0,84932.9609375,87305.6796875,87305.671875,2372.71875,0.0078125,2372.7109375
111,87387.3,87426.6,87367.6,87367.6,3299.0,84877.2421875,87311.3515625,87311.3515625,2434.109375,0.0,2434.109375
112,87370.5,87434.3,87366.8,87434.3,5919.0,84818.796875,87328.5234375,87328.5234375,2509.7265625,0.0,2509.7265625
113,87441.1,87441.1,87327.1,87348.1,4270.0,84751.5703125,87338.421875,87338.421875,2586.8515625,0.0,2586.8515625
114,87348.0,87402.0,87325.2,87387.7,2276.0,84690.953125,87351.0,87351.0,2660.046875,0.0,2660.046875
115,87379.9,87435.9,87357.2,87418.0,3605.0,84611.828125,87361.890625,87361.890625,2750.0625,0.0,2750.0625
116,87412.0,87412.0,87284.7,87319.5,3262.0,84521.3359375,87363.5,87363.5,2842.1640625,0.0,2842.1640625
117,87323.4,87333.8,87269.7,87269.7,3139.0,84443.46875,87357.6875,87357.6875,2914.21875,0.0,2914.21875
118,87268.0,87268.0,87192.3,87228.9,4089.0,84352.8515625,87344.8984375,87344.890625,2992.046875,0.0078125,2992.0390625
119,87233.8,87283.9,87226.1,87283.9,1985.0,84271.390625,87341.7890625,87341.7890625,3070.3984375,0.0,3070.3984375
120,87283.9,87334.5,87282.3,87327.1,2113.0,84204.0,87339.4375,87339.4453125,3135.4375,0.0078125,3135.4453125
121,87327.1,87342.2,87293.3,87342.2,2732.0,84123.5234375,87334.1484375,87334.15625,3210.625,0.0078125,3210.6328125
122,87346.3,87440.5,87267.0,87267.0,4450.0,84071.484375,87327.6796875,87327.6875,3256.1953125,0.0078125,3256.203125
123,87267.0,87291.5,87154.6,87233.4,12040.0,84059.078125,87324.171875,87324.171875,3265.09375,0.0,3265.09375
124,87229.9,87343.2,87223.0,87322.4,6250.0,84017.78125,87328.8359375,87328.8359375,3311.0546875,0.0,3311.0546875
125,87321.5,87395.6,87312.0,87383.6,3558.0,83978.6796875,87334.3125,87334.3203125,3355.6328125,0.0078125,3355.640625
126,87388.6,87466.1,87370.7,87449.7,5254.0,83907.2890625,87339.9765625,87339.984375,3432.6875,0.0078125,3432.6953125
127,87450.7,87466.7,87295.4,87343.6,16226.0,83860.2265625,87340.0078125,87340.0078125,3479.78125,0.0,3479.78125
128,87356.8,87381.6,87285.9,87330.1,8568.0,83791.8515625,87338.6328125,87338.640625,3546.78125,0.0078125,3546.7890625
129,87339.4,87339.4,87218.9,87218.9,4133.0,83715.7109375,87333.3671875,87333.359375,3617.65625,0.0078125,3617.6484375
130,87202.4,87283.3,87168.3,87237.2,3723.0,83603.453125,87325.6484375,87325.6484375,3722.1953125,0.0,3722.1953125
131,87239.7,87262.3,87175.9,87235.0,3241.0,83497.4921875,87319.0234375,87319.015625,3821.53125,0.0078125,3821.5234375
132,87247.9,87259.9,87183.5,87198.4,4240.0,83377.234375,87307.21875,87307.2265625,3929.984375,0.0078125,3929.9921875
133,87205.2,87233.0,87176.7,87185.5,1926.0,83254.125,87299.09375,87299.09375,4044.96875,0.0,4044.96875
134,87182.6,87182.6,87080.3,87157.2,6053.0,83148.9609375,87287.5703125,87287.5703125,4138.609375,0.0,4138.609375
135,87147.5,87234.0,87147.5,87233.0,3708.0,83047.25,87278.3203125,87278.3203125,4231.0703125,0.0,4231.0703125
136,87229.2,87275.8,87143.6,87155.3,7892.0,82956.5,87270.1171875,87270.109375,4313.6171875,0.0078125,4313.609375
137,87155.4,87198.1,87005.4,87017.6,15190.0,82864.5546875,87257.5,87257.5078125,4392.9453125,0.0078125,4392.953125
138,87018.5,87075.7,87005.2,87075.7,9681.0,82801.7421875,87249.84375,87249.84375,4448.1015625,0.0,4448.1015625
139,87068.2,87068.2,86884.7,86918.4,9446.0,82746.2734375,87231.5703125,87231.5703125,4485.296875,0.0,4485.296875
140,86923.9,86925.9,86830.4,86912.9,6178.0,82681.6171875,87210.859375,87210.859375,4529.2421875,0.0,4529.2421875
141,86915.6,87056.8,86915.6,87049.1,8672.0,82623.03125,87196.203125,87196.203125,4573.171875,0.0,4573.171875
142,87049.1,87251.5,87049.1,87242.7,7613.0,82569.9921875,87194.9921875,87194.984375,4625.0,0.0078125,4624.9921875
143,87227.2,87331.2,87227.2,87306.4,14326.0,82521.046875,87198.6484375,87198.640625,4677.6015625,0.0078125,4677.59375
144,87306.3,87306.3,87113.3,87159.9,50306.0,82493.828125,87190.5234375,87190.515625,4696.6953125,0.0078125,4696.6875
145,87164.3,87203.0,87143.6,87181.7,14310.0,82485.5703125,87180.421875,87180.421875,4694.8515625,0.0,4694.8515625
146,87183.5,87394.7,87183.5,87356.0,7122.0,82494.1015625,87175.734375,87175.734375,4681.6328125,0.0,4681.6328125
147,87368.6,87397.5,87249.7,87268.0,3750.0,82498.625,87171.9609375,87171.953125,4673.3359375,0.0078125,4673.328125
148,87266.5,87266.5,87183.7,87217.1,3825.0,82520.2734375,87166.3046875,87166.296875,4646.03125,0.0078125,4646.0234375
149,87200.8,87325.8,87200.8,87286.3,5999.0,82533.421875,87169.671875,87169.671875,4636.25,0.0,4636.25
150,87278.5,87324.1,87270.8,87315.4,3828.0,82573.625,87173.578125,87173.578125,4599.953125,0.0,4599.953125
151,87315.5,87327.8,87211.1,87211.1,2126.0,82584.984375,87172.390625,87172.390625,4587.40625,0.0,4587.40625
152,87207.4,87207.4,87079.5,87094.4,6031.0,82602.6640625,87167.1796875,87167.1796875,4564.515625,0.0,4564.515625
153,87111.9,87161.5,87092.5,87128.8,4104.0,82624.9609375,87164.3515625,87164.34375,4539.390625,0.0078125,4539.3828125
154,87116.6,87131.4,87081.3,87081.3,2055.0,82627.390625,87160.5546875,87160.546875,4533.1640625,0.0078125,4533.15625
155,87080.0,87080.0,86926.0,86933.7,4617.0,82646.6484375,87145.59375,87145.578125,4498.9453125,0.015625,4498.9296875
156,86946.5,87017.3,86910.8,87017.3,4854.0,82664.1796875,87138.6953125,87138.6796875,4474.515625,0.015625,4474.5
157,87023.3,87069.6,86971.3,87004.0,3525.0,82667.9921875,87138.015625,87138.0078125,4470.0234375,0.0078125,4470.015625
158,87004.9,87153.3,87004.9,87103.2,7838.0,82648.40625,87139.390625,87139.3828125,4490.984375,0.0078125,4490.9765625
159,87098.0,87153.9,87067.0,87098.1,2920.0,82615.8359375,87148.375,87148.3671875,4532.5390625,0.0078125,4532.53125
160,87101.9,87141.3,87089.1,87089.1,6354.0,82563.53125,87157.1796875,87157.1796875,4593.6484375,0.0,4593.6484375
161,87088.1,87152.0,87075.8,87148.2,2718.0,82487.4296875,87162.140625,87162.140625,4674.7109375,0.0,4674.7109375
162,87148.2,87220.1,87142.5,87220.1,3075.0,82430.40625,87161.0078125,87161.015625,4730.6015625,0.0078125,4730.609375
163,87226.1,87260.8,87217.8,87243.1,2324.0,82419.5546875,87157.8359375,87157.8515625,4738.28125,0.015625,4738.296875
164,87250.2,87250.2,87197.9,87236.4,2364.0,82413.0234375,87161.671875,87161.671875,4748.6484375,0.0,4748.6484375
165,87239.3,87340.2,87231.4,87340.1,3636.0,82422.9921875,87169.5859375,87169.59375,4746.59375,0.0078125,4746.6015625
166,87331.3,87331.3,87163.4,87212.3,16197.0,82444.84375,87162.3984375,87162.3984375,4717.5546875,0.0,4717.5546875
167,87209.9,87275.8,87209.9,87275.7,6730.0,82458.4453125,87162.78125,87162.796875,4704.3359375,0.015625,4704.3515625
168,87266.9,87281.3,87238.0,87241.9,3204.0,82476.2734375,87164.0234375,87164.03125,4687.75,0.0078125,4687.7578125
169,87240.0,87266.2,87151.5,87151.5,3662.0,82499.6171875,87157.28125,87157.2890625,4657.6640625,0.0078125,4657.671875
170,87144.2,87230.2,87144.2,87230.2,2223.0,82528.0234375,87153.0234375,87153.03125,4625.0,0.0078125,4625.0078125
171,87221.2,87257.5,87178.1,87211.1,3237.0,82604.84375,87153.0234375,87153.03125,4548.1796875,0.0078125,4548.1875
172,87215.6,87223.3,87083.0,87083.0,6893.0,82675.4296875,87152.4609375,87152.4609375,4477.03125,0.0,4477.03125
173,87081.0,87085.5,86996.2,87006.1,7449.0,82737.3671875,87146.328125,87146.328125,4408.9609375,0.0,4408.9609375
174,87003.5,87043.2,87003.5,87043.1,6087.0,82791.28125,87144.421875,87144.421875,4353.140625,0.0,4353.140625
175,87048.4,87072.2,87023.0,87055.9,3957.0,82871.2265625,87150.5234375,87150.5234375,4279.296875,0.0,4279.296875
176,87062.6,87110.1,87036.0,87042.7,3693.0,82962.46875,87151.8046875,87151.796875,4189.3359375,0.0078125,4189.328125
177,87048.3,87113.2,87048.3,87113.2,3309.0,83061.6171875,87157.2578125,87157.2578125,4095.640625,0.0,4095.640625
178,87113.2,87170.8,87084.3,87104.6,2723.0,83169.46875,87157.328125,87157.328125,3987.859375,0.0,3987.859375
179,87104.6,87104.6,87035.5,87052.0,4439.0,83277.5,87155.0234375,87155.0234375,3877.5234375,0.0,3877.5234375
180,87046.0,87068.7,87030.2,87033.0,1778.0,83397.7421875,87152.21875,87152.2109375,3754.4765625,0.0078125,3754.46875
181,87034.8,87046.3,87000.5,87004.0,2719.0,83545.6484375,87145.0078125,87145.0078125,3599.359375,0.0,3599.359375
182,87001.9,87003.2,86893.3,86893.3,8052.0,83665.5625,87128.6640625,87128.671875,3463.1015625,0.0078125,3463.109375
183,86893.3,86991.3,86885.6,86970.4,5381.0,83720.953125,87115.0234375,87115.03125,3394.0703125,0.0078125,3394.078125
184,86976.8,86988.5,86935.2,86935.2,6084.0,83770.8515625,87099.96875,87099.96875,3329.1171875,0.0,3329.1171875
185,86935.1,86936.0,86728.6,86737.0,15394.0,83787.4140625,87069.8125,87069.8125,3282.3984375,0.0,3282.3984375
186,86737.0,86809.0,86600.0,86688.9,33820.0,83831.15625,87043.6484375,87043.640625,3212.4921875,0.0078125,3212.484375
187,86691.1,86839.5,86691.1,86833.1,5536.0,83908.6171875,87021.515625,87021.5078125,3112.8984375,0.0078125,3112.890625
188,86830.6,86913.0,86830.6,86846.2,7789.0,83991.7734375,87001.734375,87001.7265625,3009.9609375,0.0078125,3009.953125
189,86839.2,86842.7,86651.1,86659.8,12443.0,84032.3046875,86977.1484375,86977.140625,2944.84375,0.0078125,2944.8359375
190,86672.6,86716.7,86653.2,86716.7,4318.0,84106.9765625,86951.4765625,86951.46875,2844.5,0.0078125,2844.4921875
191,86721.4,86721.4,86618.2,86643.8,3803.0,84149.1171875,86923.109375,86923.1015625,2773.9921875,0.0078125,2773.984375
192,86646.7,86660.6,86403.9,86496.2,24834.0,84180.46875,86893.765625,86893.765625,2713.296875,0.0,2713.296875
193,86500.8,86584.7,86418.7,86453.0,17044.0,84228.6953125,86866.109375,86866.109375,2637.4140625,0.0,2637.4140625
194,86455.9,86497.4,86401.9,86444.9,7346.0,84273.109375,86836.203125,86836.1953125,2563.09375,0.0078125,2563.0859375
195,86440.1,86555.3,86408.2,86526.5,4643.0,84273.2734375,86809.734375,86809.7265625,2536.4609375,0.0078125,2536.453125
196,86526.5,86618.0,86492.5,86541.7,8116.0,84263.03125,86784.6796875,86784.671875,2521.6484375,0.0078125,2521.640625
197,86535.9,86535.9,86402.0,86402.1,4754.0,84242.3046875,86749.125,86749.125,2506.8203125,0.0,2506.8203125
198,86410.8,86438.8,86176.2,86180.7,17726.0,84221.4921875,86702.9296875,86702.9296875,2481.4375,0.0,2481.4375
199,86180.7,86411.4,86180.7,86403.0,18165.0,84173.7421875,86670.46875,86670.484375,2496.7265625,0.015625,2496.7421875
200,86403.7,86516.5,86308.2,86516.5,9042.0,84119.59375,86644.6484375,86644.6484375,2525.0546875,0.0,2525.0546875
201,86520.8,86776.4,86520.8,86756.3,28362.0,84087.5234375,86632.265625,86632.265625,2544.7421875,0.0,2544.7421875
202,86747.8,86747.8,86580.5,86610.5,10924.0,84030.84375,86618.125,86618.1328125,2587.28125,0.0078125,2587.2890625
203,86610.4,86780.8,86590.9,86748.0,15765.0,83996.015625,86607.0078125,86607.0078125,2610.9921875,0.0,2610.9921875
204,86748.0,86786.9,86667.8,86706.6,4021.0,83950.7578125,86595.578125,86595.578125,2644.8203125,0.0,2644.8203125
205,86703.3,86798.4,86669.7,86731.1,5333.0,83905.7265625,86595.28125,86595.28125,2689.5546875,0.0,2689.5546875
206,86722.3,86722.3,86635.2,86676.4,11247.0,83828.4296875,86594.65625,86594.65625,2766.2265625,0.0,2766.2265625
207,86694.1,86698.7,86556.8,86579.7,4820.0,83729.6484375,86581.984375,86581.984375,2852.3359375,0.0,2852.3359375
208,86571.2,86596.5,86552.1,86578.7,3897.0,83627.2734375,86568.6171875,86568.609375,2941.34375,0.0078125,2941.3359375
209,86574.5,86660.9,86495.6,86495.6,9383.0,83572.71875,86560.40625,86560.4140625,2987.6875,0.0078125,2987.6953125
210,86495.8,86508.7,86253.3,86398.1,9546.0,83470.6640625,86544.4765625,86544.484375,3073.8125,0.0078125,3073.8203125
211,86398.1,86542.0,86398.1,86528.6,8732.0,83398.46875,86538.71875,86538.71875,3140.25,0.0,3140.25
212,86531.9,86568.2,86352.6,86352.8,9250.0,83349.8671875,86531.5546875,86531.546875,3181.6875,0.0078125,3181.6796875
213,86377.2,86444.9,86317.1,86433.1,8618.0,83303.5234375,86530.5546875,86530.5546875,3227.03125,0.0,3227.03125
214,86428.1,86534.8,86383.7,86524.9,4693.0,83310.75,86534.5546875,86534.546875,3223.8046875,0.0078125,3223.796875
215,86525.0,86670.4,86509.6,86589.1,7676.0,83345.859375,86537.6796875,86537.6796875,3191.8203125,0.0,3191.8203125
216,86578.0,86640.7,86530.3,86562.6,5424.0,83384.671875,86538.71875,86538.7265625,3154.046875,0.0078125,3154.0546875
217,86559.3,86609.8,86391.6,86395.6,13155.0,83466.921875,86538.3984375,86538.3984375,3071.4765625,0.0,3071.4765625
218,86404.0,86468.1,86379.2,86466.4,3063.0,83535.5703125,86552.6796875,86552.6796875,3017.109375,0.0,3017.109375
219,86466.4,86488.8,86301.9,86347.8,9455.0,83630.609375,86549.9296875,86549.921875,2919.3203125,0.0078125,2919.3125
220,86357.6,86492.7,86353.3,86484.3,4486.0,83746.484375,86548.3203125,86548.3125,2801.8359375,0.0078125,2801.828125
221,86475.5,86483.5,86409.6,86432.5,7786.0,83837.7265625,86532.1328125,86532.125,2694.40625,0.0078125,2694.3984375
222,86432.5,86488.2,86357.0,86447.1,5794.0,83962.5546875,86523.9609375,86523.953125,2561.40625,0.0078125,2561.3984375
223,86438.5,86438.5,86282.0,86331.4,7853.0,84078.8046875,86503.1328125,86503.1171875,2424.328125,0.015625,2424.3125
224,86328.9,86352.0,85852.6,85882.9,137327.0,84198.6171875,86461.9453125,86461.9296875,2263.328125,0.015625,2263.3125
225,85887.1,86099.9,85852.2,86006.9,21941.0,84325.6875,86425.734375,86425.71875,2100.046875,0.015625,2100.03125
226,86007.0,86190.6,86007.0,86186.3,11137.0,84440.21875,86401.234375,86401.2109375,1961.015625,0.0234375,1960.9921875
227,86187.5,86250.8,86051.9,86138.2,10003.0,84543.8203125,86379.1484375,86379.140625,1835.328125,0.0078125,1835.3203125
228,86153.7,86259.6,86135.6,86209.9,8193.0,84624.9609375,86360.7109375,86360.703125,1735.75,0.0078125,1735.7421875
229,86209.9,86234.3,86131.4,86162.9,4426.0,84666.1484375,86344.078125,86344.0625,1677.9296875,0.015625,1677.9140625
230,86167.4,86250.8,86140.2,86152.9,9285.0,84700.7578125,86331.8125,86331.8046875,1631.0546875,0.0078125,1631.046875
231,86169.3,86169.3,85990.9,86043.0,9036.0,84692.2421875,86307.53125,86307.5234375,1615.2890625,0.0078125,1615.28125
232,86033.5,86036.6,85656.5,85703.8,56064.0,84690.3359375,86275.078125,86275.078125,1584.7421875,0.0,1584.7421875
233,85703.9,85852.2,85703.9,85767.8,27207.0,84704.7109375,86241.8046875,86241.8046875,1537.09375,0.0,1537.09375
234,85762.0,85850.4,85727.8,85815.1,7963.0,84701.921875,86206.3203125,86206.3203125,1504.3984375,0.0,1504.3984375
235,85832.0,85832.0,85600.1,85702.0,20876.0,84695.1484375,86161.9609375,86161.9609375,1466.8125,0.0,1466.8125
236,85701.9,85803.3,85600.1,85627.9,31337.0,84676.7734375,86115.2265625,86115.2265625,1438.453125,0.0,1438.453125
237,85624.6,85683.4,85558.8,85574.3,29383.0,84634.015625,86074.15625,86074.15625,1440.140625,0.0,1440.140625
238,85574.0,85631.1,85473.9,85502.9,21038.0,84611.7109375,86025.984375,86025.984375,1414.2734375,0.0,1414.2734375
239,85529.6,85593.1,85345.5,85439.8,37207.0,84583.6796875,85980.5859375,85980.578125,1396.90625,0.0078125,1396.8984375
240,85439.7,85659.3,85427.1,85647.1,10836.0,84551.6796875,85938.734375,85938.7265625,1387.0546875,0.0078125,1387.046875
241,85625.5,85680.6,85510.3,85680.6,6731.0,84522.7109375,85901.140625,85901.1328125,1378.4296875,0.0078125,1378.421875
242,85680.5,85680.9,85575.1,85613.4,6608.0,84486.5546875,85859.453125,85859.453125,1372.8984375,0.0,1372.8984375
243,85626.1,85699.9,85549.1,85575.0,10137.0,84459.625,85821.6328125,85821.6328125,1362.0078125,0.0,1362.0078125
244,85598.0,85715.5,85572.4,85672.9,7328.0,84441.1796875,85811.1328125,85811.1328125,1369.953125,0.0,1369.953125
245,85673.0,85999.4,85673.0,85932.5,15574.0,84426.8125,85807.40625,85807.4140625,1380.59375,0.0078125,1380.6015625
246,85934.9,86054.4,85926.3,85992.9,11959.0,84413.640625,85797.7421875,85797.7421875,1384.1015625,0.0,1384.1015625
247,86000.8,86040.4,85902.2,85936.9,8689.0,84406.7578125,85787.6796875,85787.671875,1380.921875,0.0078125,1380.9140625
248,85937.8,86035.6,85926.0,86014.1,10299.0,84409.421875,85777.890625,85777.890625,1368.46875,0.0,1368.46875
249,86025.2,86025.2,85833.7,85839.4,5731.0,84427.8671875,85761.7109375,85761.7109375,1333.84375,0.0,1333.84375
250,85839.5,85941.5,85839.4,85930.4,4302.0,84450.2421875,85750.5859375,85750.5859375,1300.34375,0.0,1300.34375
251,85921.9,85930.2,85830.6,85879.7,6486.0,84489.2421875,85742.4140625,85742.421875,1253.171875,0.0078125,1253.1796875
252,85896.6,85930.0,85835.3,85912.9,4643.0,84528.203125,85752.8671875,85752.875,1224.6640625,0.0078125,1224.671875
253,85912.0,85912.0,85813.0,85827.0,2945.0,84529.1484375,85755.8359375,85755.8359375,1226.6875,0.0,1226.6875
254,85829.2,85829.2,85720.1,85774.1,4394.0,84519.2109375,85753.78125,85753.7890625,1234.5703125,0.0078125,1234.578125
255,85783.3,85943.9,85783.3,85942.9,5970.0,84489.4609375,85765.8359375,85765.828125,1276.375,0.0078125,1276.3671875
256,85925.4,85974.4,85701.9,85718.3,10857.0,84464.359375,85770.34375,85770.3515625,1305.984375,0.0078125,1305.9921875
257,85718.3,85718.7,85533.6,85565.1,10773.0,84418.9296875,85769.890625,85769.890625,1350.9609375,0.0,1350.9609375
258,85565.1,85646.5,85544.6,85624.6,4371.0,84356.703125,85775.9765625,85775.9765625,1419.2734375,0.0,1419.2734375
259,85624.7,85642.1,85466.0,85526.5,10898.0,84322.2421875,85780.3125,85780.3125,1458.0703125,0.0,1458.0703125
260,85510.1,85640.6,85480.2,85621.2,6778.0,84298.234375,85779.015625,85779.015625,1480.78125,0.0,1480.78125
261,85621.2,85773.2,85621.2,85727.2,7407.0,84294.109375,85781.34375,85781.3515625,1487.234375,0.0078125,1487.2421875
262,85729.2,85785.5,85703.8,85785.5,9769.0,84284.609375,85789.953125,85789.953125,1505.34375,0.0,1505.34375
263,85785.6,85804.4,85650.4,85658.2,8415.0,84281.015625,85794.1171875,85794.125,1513.1015625,0.0078125,1513.109375
264,85657.3,85657.3,85495.8,85533.1,4775.0,84268.6328125,85787.125,85787.140625,1518.4921875,0.015625,1518.5078125
265,85534.1,85579.5,85432.9,85462.1,9237.0,84250.640625,85763.609375,85763.6171875,1512.96875,0.0078125,1512.9765625
266,85469.8,85567.3,85445.9,85535.4,10767.0,84239.9296875,85740.734375,85740.7421875,1500.8046875,0.0078125,1500.8125
267,85533.0,85579.6,85487.1,85487.2,2838.0,84228.2109375,85718.25,85718.2578125,1490.0390625,0.0078125,1490.046875
268,85481.1,85625.0,85474.8,85612.1,6635.0,84236.15625,85698.1484375,85698.15625,1461.9921875,0.0078125,1462.0
269,85604.5,85711.2,85604.5,85687.9,6297.0,84265.1015625,85690.5703125,85690.578125,1425.46875,0.0078125,1425.4765625
270,85687.5,85792.8,85609.7,85792.8,6186.0,84306.0859375,85683.6875,85683.6953125,1377.6015625,0.0078125,1377.609375
271,85800.0,85853.5,85674.6,85701.6,7363.0,84350.953125,85674.78125,85674.78125,1323.828125,0.0,1323.828125
272,85704.4,85796.4,85675.8,85759.0,4660.0,84406.4296875,85667.0859375,85667.0859375,1260.65625,0.0,1260.65625
273,85759.1,85772.3,85654.9,85654.9,4528.0,84472.9453125,85658.4921875,85658.484375,1185.546875,0.0078125,1185.5390625
274,85663.4,85663.4,85579.3,85613.0,4202.0,84531.0625,85650.4296875,85650.421875,1119.3671875,0.0078125,1119.359375
275,85617.9,85650.0,85577.4,85630.5,2748.0,84594.71875,85634.8203125,85634.8046875,1040.1015625,0.015625,1040.0859375
276,85642.8,85944.7,85642.2,85944.6,6701.0,84669.09375,85646.1328125,85646.125,977.0390625,0.0078125,977.03125
277,85933.7,85994.8,85778.8,85800.3,9326.0,84750.4375,85657.8984375,85657.8828125,907.4609375,0.015625,907.4453125
278,85794.2,85898.8,85778.1,85867.2,8023.0,84832.4765625,85670.0234375,85670.015625,837.546875,0.0078125,837.5390625
279,85855.5,85914.1,85800.5,85871.9,6588.0,84896.9453125,85687.296875,85687.28125,790.3515625,0.015625,790.3359375
280,85866.2,86031.3,85852.7,85988.0,11707.0,84943.578125,85705.6328125,85705.625,762.0546875,0.0078125,762.046875
281,85988.0,86090.0,85977.8,86068.3,5521.0,84966.0,85722.6875,85722.671875,756.6875,0.015625,756.671875
282,86062.7,86078.8,86009.1,86047.9,4429.0,84971.8203125,85735.8046875,85735.796875,763.984375,0.0078125,763.9765625
283,86058.4,86129.3,86037.8,86071.8,4974.0,84967.7265625,85756.484375,85756.4765625,788.7578125,0.0078125,788.75
284,86067.5,86108.6,86045.0,86058.0,3915.0,84963.3203125,85782.734375,85782.71875,819.4140625,0.015625,819.3984375
285,86058.0,86125.1,86053.1,86063.0,4532.0,84959.453125,85812.7734375,85812.765625,853.3203125,0.0078125,853.3125
286,86062.2,86062.2,85998.7,85998.7,2655.0,84952.4921875,85835.9375,85835.9296875,883.4453125,0.0078125,883.4375
287,85999.1,86071.6,85999.0,86045.6,4464.0,84943.609375,85863.8515625,85863.8515625,920.2421875,0.0,920.2421875
288,86053.5,86057.0,85921.6,85951.1,5981.0,85100.0234375,85880.8046875,85880.8046875,780.78125,0.0,780.78125
289,85957.7,85994.0,85936.4,85974.5,3532.0,85237.953125,85895.1328125,85895.140625,657.1796875,0.0078125,657.1875
290,85967.0,85997.2,85936.1,85997.2,6763.0,85367.3359375,85905.359375,85905.359375,538.0234375,0.0,538.0234375
291,85997.2,86001.5,85941.1,85958.6,3057.0,85498.7109375,85918.2109375,85918.2109375,419.5,0.0,419.5
292,85971.0,86022.3,85971.0,85995.9,4989.0,85601.46875,85930.046875,85930.0546875,328.578125,0.0078125,328.5859375
293,85983.3,85996.5,85935.9,85962.2,5489.0,85705.859375,85945.4140625,85945.421875,239.5546875,0.0078125,239.5625
294,85966.3,85986.7,85891.4,85922.4,8574.0,85801.96875,85960.890625,85960.890625,158.921875,0.0,158.921875
295,85918.2,85984.1,85918.2,85975.6,6319.0,85887.3359375,85978.140625,85978.140625,90.8046875,0.0,90.8046875
296,85962.7,85986.5,85945.6,85961.5,4096.0,85973.7421875,85978.9765625,85978.984375,5.234375,0.0078125,5.2421875
297,85962.6,86028.1,85961.3,86020.9,4533.0,86061.0859375,85990.015625,85990.015625,71.0703125,0.0,71.0703125
298,86019.2,86020.8,85968.5,85968.5,2496.0,86141.9140625,85995.078125,85995.078125,146.8359375,0.0,146.8359375
299,85964.2,85964.2,85817.3,85832.3,3535.0,86221.4921875,85993.09375,85993.1015625,228.3984375,0.0078125,228.390625
300,85817.3,85865.2,85798.6,85861.3,10066.0,86317.0234375,85986.765625,85986.765625,330.2578125,0.0,330.2578125
301,85863.3,85863.3,85794.8,85802.0,9386.0,86424.9609375,85973.453125,85973.4453125,451.5078125,0.0078125,451.515625
302,85800.1,85864.7,85765.8,85810.0,5590.0,86555.515625,85961.5546875,85961.546875,593.9609375,0.0078125,593.96875
303,85810.1,85859.5,85810.1,85828.0,3362.0,86698.5546875,85949.3671875,85949.359375,749.1875,0.0078125,749.1953125
304,85822.3,85860.8,85822.1,85831.6,5387.0,86832.34375,85938.0546875,85938.046875,894.2890625,0.0078125,894.296875
305,85822.8,85888.9,85697.6,85697.6,6473.0,86974.5703125,85919.78125,85919.7734375,1054.7890625,0.0078125,1054.796875
306,85695.3,85766.4,85656.3,85766.1,10213.0,87112.9296875,85908.15625,85908.140625,1204.7734375,0.015625,1204.7890625
307,85766.5,85852.0,85671.8,85693.6,3404.0,87267.4140625,85890.5546875,85890.546875,1376.859375,0.0078125,1376.8671875
308,85702.2,85723.8,85620.9,85622.9,5585.0,87241.4453125,85874.140625,85874.140625,1367.3046875,0.0,1367.3046875
309,85644.7,85647.0,85622.9,85623.0,3111.0,87224.3046875,85856.5625,85856.5703125,1367.7421875,0.0078125,1367.734375
310,85631.0,85665.0,85631.0,85636.9,4084.0,87213.9609375,85838.546875,85838.546875,1375.4140625,0.0,1375.4140625
311,85636.1,85707.5,85636.1,85703.2,4418.0,87189.8359375,85825.7734375,85825.78125,1364.0625,0.0078125,1364.0546875
312,85707.8,85771.7,85707.8,85711.1,2704.0,87184.1796875,85811.5390625,85811.5390625,1372.640625,0.0,1372.640625
313,85711.1,85769.9,85687.0,85752.4,4256.0,87187.3671875,85801.046875,85801.046875,1386.3203125,0.0,1386.3203125
314,85748.2,85823.4,85698.3,85698.3,4213.0,87184.078125,85789.8359375,85789.84375,1394.2421875,0.0078125,1394.234375
315,85698.2,85706.7,85631.2,85631.2,4632.0,87193.0859375,85772.6171875,85772.625,1420.46875,0.0078125,1420.4609375
316,85632.3,85754.7,85625.5,85739.9,3221.0,87206.6953125,85761.53125,85761.546875,1445.1640625,0.015625,1445.1484375
317,85747.2,85816.0,85691.2,85715.2,4803.0,87218.8046875,85746.25,85746.265625,1472.5546875,0.015625,1472.5390625
318,85722.2,85737.1,85632.0,85659.7,3118.0,87240.21875,85730.8125,85730.8203125,1509.40625,0.0078125,1509.3984375
319,85661.6,85687.8,85644.3,85668.9,5380.0,87259.09375,85722.6484375,85722.640625,1536.4453125,0.0078125,1536.453125
320,85664.7,85768.7,85664.7,85768.7,3704.0,87276.6015625,85718.0234375,85718.015625,1558.578125,0.0078125,1558.5859375
321,85775.8,85825.9,85674.0,85674.0,4334.0,87285.71875,85711.6171875,85711.6171875,1574.1015625,0.0,1574.1015625
322,85661.1,85722.1,85629.1,85722.1,3253.0,87282.1796875,85707.21875,85707.2265625,1574.9609375,0.0078125,1574.953125
323,85718.0,85751.9,85661.0,85667.1,3712.0,87269.90625,85699.1796875,85699.1796875,1570.7265625,0.0,1570.7265625
324,85667.1,85696.1,85603.6,85696.1,4164.0,87258.921875,85692.3984375,85692.40625,1566.5234375,0.0078125,1566.515625
325,85682.4,85804.0,85669.9,85767.0,16307.0,87237.34375,85695.8671875,85695.875,1541.4765625,0.0078125,1541.46875
326,85759.8,85850.0,85747.8,85850.0,3203.0,87208.7578125,85700.0625,85700.0703125,1508.6953125,0.0078125,1508.6875
327,85854.0,85901.0,85835.9,85835.9,3468.0,87155.8359375,85707.1796875,85707.1796875,1448.65625,0.0,1448.65625
328,85832.3,85889.4,85832.3,85889.4,4198.0,87123.6171875,85720.5078125,85720.5078125,1403.109375,0.0,1403.109375
329,85890.3,85902.1,85825.9,85852.1,3332.0,87085.359375,85731.9609375,85731.953125,1353.3984375,0.0078125,1353.40625
330,85852.1,85930.9,85852.1,85878.5,3155.0,87035.546875,85744.046875,85744.0390625,1291.5,0.0078125,1291.5078125
331,85874.2,85874.2,85692.2,85700.0,4425.0,86995.5546875,85743.890625,85743.8828125,1251.6640625,0.0078125,1251.671875
332,85699.9,85699.9,85474.5,85474.5,8504.0,86952.8984375,85732.0546875,85732.046875,1220.84375,0.0078125,1220.8515625
333,85473.9,85526.3,85420.3,85486.2,9694.0,86896.7890625,85718.75,85718.7421875,1178.0390625,0.0078125,1178.046875
334,85501.5,85604.9,85480.8,85572.9,10546.0,86827.75,85712.4765625,85712.4765625,1115.2734375,0.0,1115.2734375
335,85568.5,85583.0,85450.0,85493.9,6985.0,86755.515625,85705.6171875,85705.609375,1049.8984375,0.0078125,1049.90625
336,85489.0,85582.8,85474.2,85555.8,32121.0,86673.9453125,85696.40625,85696.390625,977.5390625,0.015625,977.5546875
337,85555.7,85555.7,85450.0,85476.3,4223.0,86612.3984375,85684.4609375,85684.453125,927.9375,0.0078125,927.9453125
338,85480.4,85523.9,85469.1,85472.7,7586.0,86549.9296875,85675.1171875,85675.1015625,874.8125,0.015625,874.828125
339,85469.1,85523.7,85427.6,85442.0,8565.0,86474.5859375,85663.7734375,85663.7578125,810.8125,0.015625,810.828125
340,85442.0,85567.2,85442.0,85514.8,5399.0,86401.7734375,85651.0703125,85651.0546875,750.703125,0.015625,750.71875
341,85512.3,85561.3,85399.6,85561.3,6553.0,86318.953125,85645.4296875,85645.421875,673.5234375,0.0078125,673.53125
342,85553.0,85729.4,85524.2,85654.8,5704.0,86253.296875,85642.0625,85642.0546875,611.234375,0.0078125,611.2421875
343,85654.9,85931.1,85654.9,85913.5,16924.0,86189.6953125,85654.3828125,85654.375,535.3125,0.0078125,535.3203125
344,85914.5,86012.0,85878.8,85878.8,10279.0,86146.6015625,85663.5234375,85663.5078125,483.078125,0.015625,483.09375
345,85883.0,85996.5,85883.0,85948.5,6728.0,86103.796875,85672.59375,85672.578125,431.203125,0.015625,431.21875
346,85950.9,85979.7,85879.3,85879.3,3159.0,86074.390625,85674.0625,85674.046875,400.328125,0.015625,400.34375
347,85875.2,85875.2,85723.7,85741.6,6791.0,86053.4921875,85669.3515625,85669.328125,384.140625,0.0234375,384.1640625
348,85745.6,85828.9,85745.6,85783.2,3525.0,86007.4296875,85664.0390625,85664.03125,343.390625,0.0078125,343.3984375
349,85762.6,85807.2,85753.7,85778.3,2848.0,85963.796875,85660.34375,85660.34375,303.453125,0.0,303.453125
350,85768.1,85816.5,85768.1,85816.5,4345.0,85930.046875,85657.2421875,85657.2421875,272.8046875,0.0,272.8046875
351,85816.6,85888.1,85804.1,85871.0,3167.0,85893.5,85665.796875,85665.796875,227.703125,0.0,227.703125
352,85863.5,85912.7,85846.6,85887.0,7238.0,85859.171875,85686.421875,85686.421875,172.75,0.0,172.75
353,85889.3,85957.3,85854.7,85957.3,2948.0,85840.65625,85709.96875,85709.9765625,130.6875,0.0078125,130.6796875
354,85957.2,86040.2,85954.5,86032.3,5187.0,85824.359375,85732.9375,85732.9453125,91.421875,0.0078125,91.4140625
355,86032.3,86077.6,86003.0,86058.2,4787.0,85818.9921875,85761.1484375,85761.1640625,57.84375,0.015625,57.828125
356,86056.2,86121.1,86056.1,86056.2,4706.0,85830.5546875,85786.1796875,85786.1796875,44.375,0.0,44.375
357,86067.6,86115.4,86056.1,86056.1,3744.0,85820.2109375,85815.1640625,85815.171875,5.046875,0.0078125,5.0390625
358,86056.0,86056.0,85994.5,86026.6,2311.0,85822.484375,85842.859375,85842.8671875,20.375,0.0078125,20.3828125
359,86026.5,86060.7,86012.3,86059.4,3384.0,85842.953125,85873.7265625,85873.734375,30.7734375,0.0078125,30.78125
360,86052.5,86089.3,86026.7,86087.3,3147.0,85856.6640625,85902.3515625,85902.359375,45.6875,0.0078125,45.6953125
361,86087.2,86164.4,86012.3,86022.5,4912.0,85878.78125,85925.4140625,85925.421875,46.6328125,0.0078125,46.640625
362,86015.4,86086.4,85968.9,86082.1,4110.0,85896.140625,85946.78125,85946.7890625,50.640625,0.0078125,50.6484375
363,86062.7,86078.7,86027.4,86062.1,2589.0,85918.109375,85954.2109375,85954.21875,36.1015625,0.0078125,36.109375
364,86068.1,86117.8,86020.7,86040.4,3568.0,85928.890625,85962.296875,85962.296875,33.40625,0.0,33.40625
365,86040.5,86048.8,85957.1,85980.7,3070.0,85940.6640625,85963.8984375,85963.90625,23.234375,0.0078125,23.2421875
366,85978.0,86169.3,85967.8,86135.8,4361.0,85953.65625,85976.7265625,85976.734375,23.0703125,0.0078125,23.078125
367,86135.8,86248.1,86031.1,86060.6,6480.0,85950.078125,85992.6796875,85992.6796875,42.6015625,0.0,42.6015625
368,86056.3,86067.4,86014.9,86014.9,2417.0,85961.3515625,86004.265625,86004.265625,42.9140625,0.0,42.9140625
369,86010.6,86130.3,86010.6,86121.1,5066.0,85982.2734375,86021.40625,86021.40625,39.1328125,0.0,39.1328125
370,86116.7,86126.7,86075.7,86095.0,4595.0,86001.1171875,86035.3359375,86035.328125,34.21875,0.0078125,34.2109375
371,86092.5,86129.6,86060.8,86069.6,2470.0,86025.21875,86045.265625,86045.265625,20.046875,0.0,20.046875
372,86075.4,86081.5,86056.1,86062.0,5649.0,86042.46875,86054.015625,86054.015625,11.546875,0.0,11.546875
373,86056.0,86119.4,86048.2,86119.4,3238.0,86045.96875,86062.1171875,86062.1171875,16.1484375,0.0,16.1484375
374,86128.0,86220.8,86122.8,86216.6,5249.0,86070.6796875,86071.3359375,86071.328125,0.65625,0.0078125,0.6484375
375,86204.5,86322.9,86183.2,86192.3,9061.0,86087.8046875,86078.0390625,86078.0390625,9.765625,0.0,9.765625
376,86192.2,86192.2,86142.7,86170.0,2753.0,86083.4453125,86083.7265625,86083.71875,0.28125,0.0078125,0.2734375
377,86182.3,86340.0,86182.3,86301.2,7937.0,86077.0,86095.984375,86095.984375,18.984375,0.0,18.984375
378,86305.9,86338.2,86290.0,86290.0,3039.0,86064.6796875,86109.1484375,86109.1484375,44.46875,0.0,44.46875
379,86286.2,86309.2,86236.0,86258.9,5341.0,86046.2421875,86119.125,86119.1328125,72.8828125,0.0078125,72.890625
380,86257.3,86338.3,86244.4,86303.6,3256.0,86025.2578125,86129.9453125,86129.9453125,104.6875,0.0,104.6875
381,86303.6,86309.6,86250.7,86302.4,2599.0,86007.6171875,86143.9375,86143.9375,136.3203125,0.0,136.3203125
382,86303.6,86344.9,86277.8,86340.4,4060.0,85984.4296875,86156.859375,86156.8515625,172.4296875,0.0078125,172.421875
383,86338.3,86344.8,86258.4,86286.1,3108.0,85948.96875,86168.0546875,86168.0546875,219.0859375,0.0,219.0859375
384,86286.4,86309.7,86252.1,86309.7,2156.0,85914.53125,86181.5234375,86181.515625,266.9921875,0.0078125,266.984375
385,86314.0,86344.9,86299.6,86344.9,3074.0,85876.7265625,86199.7265625,86199.7265625,323.0,0.0,323.0
386,86344.8,86344.8,86286.7,86324.9,5096.0,85840.7109375,86209.1796875,86209.1796875,368.46875,0.0,368.46875
387,86334.8,86338.0,86254.7,86263.5,5631.0,85817.4453125,86219.328125,86219.328125,401.8828125,0.0,401.8828125
388,86267.7,86292.5,86240.0,86256.2,2701.0,85779.0703125,86231.390625,86231.390625,452.3203125,0.0,452.3203125
389,86254.1,86254.1,86193.9,86207.5,2405.0,85739.546875,86235.7109375,86235.7109375,496.1640625,0.0,496.1640625
390,86207.6,86266.1,86207.6,86266.1,6706.0,85674.4609375,86244.2734375,86244.265625,569.8125,0.0078125,569.8046875
391,86267.1,86301.8,86220.0,86237.4,3000.0,85564.7265625,86252.65625,86252.65625,687.9296875,0.0,687.9296875
392,86238.3,86307.1,86219.1,86219.1,4243.0,85481.8671875,86260.5078125,86260.515625,778.640625,0.0078125,778.6484375
393,86217.2,86256.4,86160.5,86238.5,3859.0,85387.734375,86266.4609375,86266.46875,878.7265625,0.0078125,878.734375
394,86242.7,86250.0,86205.0,86214.2,3779.0,85298.2421875,86266.34375,86266.34375,968.1015625,0.0,968.1015625
395,86205.6,86205.6,86062.1,86062.1,8078.0,85205.5234375,86259.8359375,86259.8359375,1054.3125,0.0,1054.3125
396,86062.1,86067.8,86017.3,86036.8,5860.0,85112.203125,86253.1796875,86253.171875,1140.9765625,0.0078125,1140.96875
397,86033.7,86033.7,85869.9,85932.9,9270.0,85042.5546875,86234.765625,86234.7578125,1192.2109375,0.0078125,1192.203125
398,85932.5,85949.1,85905.2,85905.2,2510.0,84991.5234375,86215.5234375,86215.5234375,1224.0,0.0,1224.0
399,85902.4,85918.0,85846.1,85853.2,5250.0,84936.3203125,86195.2421875,86195.234375,1258.921875,0.0078125,1258.9140625
400,85864.9,85889.3,85829.6,85867.5,2686.0,84882.125,86173.4296875,86173.4375,1291.3046875,0.0078125,1291.3125
401,85855.7,85940.4,85855.7,85928.9,6484.0,84814.3671875,86154.765625,86154.7578125,1340.3984375,0.0078125,1340.390625
402,85926.0,85937.7,85894.7,85927.0,2066.0,84752.7421875,86134.0859375,86134.0859375,1381.34375,0.0,1381.34375
403,85928.6,86085.2,85894.1,86085.2,17823.0,84676.2109375,86124.046875,86124.046875,1447.8359375,0.0,1447.8359375
404,86085.1,86225.3,86025.6,86058.2,69246.0,84587.5,86111.4609375,86111.4765625,1523.9609375,0.015625,1523.9765625
405,86058.2,86058.2,85965.0,85970.3,4219.0,84510.21875,86092.7421875,86092.7421875,1582.5234375,0.0,1582.5234375
406,85969.8,86053.8,85968.7,86053.8,2784.0,84424.8046875,86079.1796875,86079.1796875,1654.375,0.0,1654.375
407,86054.0,86116.5,86018.3,86113.2,1520.0,84341.8359375,86071.671875,86071.671875,1729.8359375,0.0,1729.8359375
408,86112.1,86142.0,86038.7,86071.7,3330.0,84272.9375,86062.4375,86062.4453125,1789.5,0.0078125,1789.5078125
409,86071.6,86087.8,86033.8,86065.8,3745.0,84193.6015625,86055.359375,86055.3515625,1861.7578125,0.0078125,1861.75
410,86070.7,86154.0,86070.7,86154.0,2658.0,84140.671875,86049.75,86049.7421875,1909.078125,0.0078125,1909.0703125
411,86158.8,86187.3,86136.3,86136.3,1825.0,84125.1796875,86044.703125,86044.6875,1919.5234375,0.015625,1919.5078125
412,86136.1,86157.2,86093.9,86127.3,2414.0,84078.0859375,86040.109375,86040.1015625,1962.0234375,0.0078125,1962.015625
413,86123.1,86146.9,86092.1,86096.5,2241.0,84036.203125,86033.0078125,86033.0,1996.8046875,0.0078125,1996.796875
414,86107.5,86107.5,86049.8,86084.9,3268.0,83971.703125,86026.546875,86026.53125,2054.84375,0.015625,2054.828125
415,86070.8,86144.4,86070.8,86139.5,1926.0,83918.96875,86030.4140625,86030.3984375,2111.4453125,0.015625,2111.4296875
416,86139.4,86208.2,86112.7,86112.7,2857.0,83849.9296875,86034.2109375,86034.203125,2184.28125,0.0078125,2184.2734375
417,86129.9,86198.7,86124.3,86198.7,2111.0,83772.4765625,86047.5078125,86047.4921875,2275.03125,0.015625,2275.015625
418,86200.0,86219.3,86138.3,86138.3,2441.0,83655.2109375,86059.1484375,86059.1484375,2403.9375,0.0,2403.9375
419,86135.0,86216.6,86133.7,86188.1,3033.0,83549.9921875,86075.8984375,86075.8984375,2525.90625,0.0,2525.90625
420,86192.4,86234.1,86161.2,86211.7,3270.0,83425.6953125,86093.109375,86093.109375,2667.4140625,0.0,2667.4140625
421,86211.6,86254.0,86118.7,86118.7,3784.0,83314.7421875,86102.6015625,86102.609375,2787.859375,0.0078125,2787.8671875
422,86120.6,86120.6,85981.3,86023.5,3653.0,83210.0546875,86107.4296875,86107.4296875,2897.375,0.0,2897.375
423,86038.5,86096.8,86002.0,86002.0,4179.0,83105.84375,86103.2578125,86103.265625,2997.4140625,0.0078125,2997.421875
424,85999.1,86081.7,85999.1,86061.1,2863.0,83012.9921875,86103.3984375,86103.4140625,3090.40625,0.015625,3090.421875
425,86060.1,86084.1,86005.2,86012.3,3312.0,82919.65625,86105.5,86105.5078125,3185.84375,0.0078125,3185.8515625
426,86012.4,86124.6,85990.8,86002.0,5335.0,82859.0,86102.9140625,86102.921875,3243.9140625,0.0078125,3243.921875
427,85997.7,86007.1,85951.4,85959.4,2851.0,82811.0859375,86095.21875,86095.2265625,3284.1328125,0.0078125,3284.140625
428,85959.3,85959.3,85800.9,85849.9,5078.0,82744.7421875,86084.125,86084.1328125,3339.3828125,0.0078125,3339.390625
429,85857.6,85951.9,85857.6,85947.3,1962.0,82685.0234375,86078.2109375,86078.203125,3393.1875,0.0078125,3393.1796875
430,85956.3,86015.1,85938.5,85938.6,5221.0,82633.1953125,86067.4375,86067.4375,3434.2421875,0.0,3434.2421875
431,85932.1,85932.1,85836.9,85881.4,6432.0,82586.3671875,86054.6953125,86054.6875,3468.328125,0.0078125,3468.3203125
432,85891.7,86089.3,85891.7,85985.1,7549.0,82559.140625,86047.5859375,86047.578125,3488.4453125,0.0078125,3488.4375
433,85991.3,86020.3,85972.0,85972.0,3266.0,82564.359375,86041.3671875,86041.359375,3477.0078125,0.0078125,3477.0
434,85966.9,85993.7,85933.9,85973.8,3496.0,82569.1875,86035.8125,86035.796875,3466.625,0.015625,3466.609375
435,85961.0,85970.4,85883.3,85888.5,3662.0,82573.96875,86023.265625,86023.25,3449.296875,0.015625,3449.28125
436,85888.0,85888.0,85852.1,85869.9,2574.0,82606.1484375,86011.1171875,86011.109375,3404.96875,0.0078125,3404.9609375
437,85861.3,85874.5,85800.0,85845.3,2784.0,82620.4140625,85993.453125,85993.4375,3373.0390625,0.015625,3373.0234375
438,85850.4,85866.5,85758.0,85774.0,10196.0,82658.8984375,85975.2421875,85975.2265625,3316.34375,0.015625,3316.328125
439,85770.5,85770.5,85695.5,85742.7,8930.0,82670.3359375,85952.9609375,85952.953125,3282.625,0.0078125,3282.6171875
440,85742.6,85742.6,85650.0,85692.3,5327.0,82692.3671875,85926.9921875,85926.984375,3234.625,0.0078125,3234.6171875
441,85692.3,85763.5,85692.3,85763.5,3544.0,82704.4453125,85909.234375,85909.2265625,3204.7890625,0.0078125,3204.78125
442,85763.4,85831.0,85748.6,85819.0,4699.0,82706.78125,85899.0,85899.0078125,3192.21875,0.0078125,3192.2265625
443,85823.3,85843.9,85761.2,85765.4,4608.0,82726.0234375,85887.171875,85887.171875,3161.1484375,0.0,3161.1484375
444,85765.3,85780.9,85723.6,85729.4,3187.0,82744.8359375,85870.5859375,85870.5859375,3125.75,0.0,3125.75
445,85727.3,85764.0,85685.6,85692.1,5761.0,82748.6484375,85854.578125,85854.578125,3105.9296875,0.0,3105.9296875
446,85691.1,85804.9,85654.5,85783.9,3678.0,82731.4609375,85843.671875,85843.671875,3112.2109375,0.0,3112.2109375
447,85784.8,85822.1,85700.1,85700.1,5072.0,82691.2421875,85830.703125,85830.703125,3139.4609375,0.0,3139.4609375
448,85700.0,85700.0,85650.0,85657.6,3991.0,82640.1640625,85821.09375,85821.09375,3180.9296875,0.0,3180.9296875
449,85657.6,85657.6,85601.1,85619.1,7419.0,82564.15625,85804.6796875,85804.6796875,3240.5234375,0.0,3240.5234375
450,85619.6,85649.6,85600.0,85600.0,3742.0,82512.015625,85787.7421875,85787.7578125,3275.7265625,0.015625,3275.7421875
451,85600.0,85667.6,85600.0,85655.6,2979.0,82516.3984375,85776.4609375,85776.46875,3260.0625,0.0078125,3260.0703125
452,85641.1,85641.1,85606.0,85606.0,3229.0,82513.1171875,85757.5,85757.515625,3244.3828125,0.015625,3244.3984375
453,85600.0,85710.8,85588.3,85681.6,8372.0,82512.0625,85742.984375,85742.9921875,3230.921875,0.0078125,3230.9296875
454,85677.5,85732.0,85669.1,85717.2,3388.0,82539.359375,85730.15625,85730.1640625,3190.796875,0.0078125,3190.8046875
455,85713.0,85839.8,85713.0,85747.9,13622.0,82552.2890625,85723.125,85723.1328125,3170.8359375,0.0078125,3170.84375
456,85755.1,85777.9,85710.1,85727.9,4033.0,82564.6484375,85716.03125,85716.03125,3151.3828125,0.0,3151.3828125
457,85714.0,85727.9,85639.6,85686.6,4296.0,82597.3359375,85708.09375,85708.109375,3110.7578125,0.015625,3110.7734375
458,85687.3,85687.3,85548.0,85615.8,5345.0,82631.2265625,85700.1875,85700.1875,3068.9609375,0.0,3068.9609375
459,85613.0,85663.5,85533.1,85663.5,7573.0,82706.7109375,85696.2265625,85696.2265625,2989.515625,0.0,2989.515625
460,85666.8,85782.0,85618.0,85618.0,8897.0,82773.0546875,85692.515625,85692.515625,2919.4609375,0.0,2919.4609375
461,85621.1,85630.4,85570.6,85627.3,3147.0,82833.453125,85685.703125,85685.703125,2852.25,0.0,2852.25
462,85635.8,85697.5,85627.4,85655.6,3532.0,82887.984375,85677.53125,85677.53125,2789.546875,0.0,2789.546875
463,85652.8,85659.1,85604.3,85659.1,4554.0,82967.2734375,85672.21875,85672.2109375,2704.9453125,0.0078125,2704.9375
464,85669.4,85729.7,85650.1,85672.0,3026.0,83056.9609375,85669.3515625,85669.3359375,2612.390625,0.015625,2612.375
465,85663.3,85706.7,85610.2,85610.2,5217.0,83167.2890625,85665.25,85665.25,2497.9609375,0.0,2497.9609375
466,85608.2,85635.8,85570.2,85622.3,3904.0,83269.171875,85657.1796875,85657.171875,2388.0078125,0.0078125,2388.0
467,85629.1,85700.6,85614.6,85677.6,4544.0,83376.796875,85656.0546875,85656.046875,2279.2578125,0.0078125,2279.25
468,85677.6,85714.4,85666.9,85705.9,2819.0,83496.28125,85658.46875,85658.4609375,2162.1875,0.0078125,2162.1796875
469,85705.9,85723.0,85666.1,85666.3,2148.0,83650.234375,85660.828125,85660.8203125,2010.59375,0.0078125,2010.5859375
470,85666.2,85703.8,85638.3,85682.5,3588.0,83763.8359375,85664.953125,85664.9453125,1901.1171875,0.0078125,1901.109375
471,85680.5,85730.5,85654.1,85696.0,4799.0,83805.453125,85666.9609375,85666.9609375,1861.5078125,0.0,1861.5078125
472,85689.5,85709.4,85627.8,85627.8,5447.0,83852.7578125,85668.0546875,85668.046875,1815.296875,0.0078125,1815.2890625
473,85625.0,85655.8,85555.5,85559.8,4459.0,83867.7734375,85661.9609375,85661.953125,1794.1875,0.0078125,1794.1796875
474,85564.9,85657.3,85564.9,85618.3,5351.0,83903.2734375,85657.015625,85657.015625,1753.7421875,0.0,1753.7421875
475,85617.3,85669.2,85602.1,85648.0,2294.0,83987.328125,85652.0234375,85652.015625,1664.6953125,0.0078125,1664.6875
476,85647.9,85647.9,85543.9,85583.7,4378.0,84064.3984375,85644.8203125,85644.8046875,1580.421875,0.015625,1580.40625
477,85586.0,85586.0,85548.5,85573.6,3724.0,84111.84375,85639.171875,85639.15625,1527.328125,0.015625,1527.3125
478,85573.0,85629.0,85552.6,85624.7,6905.0,84183.0859375,85639.6171875,85639.609375,1456.53125,0.0078125,1456.5234375
479,85624.7,85624.7,85566.8,85578.8,4323.0,84229.953125,85635.375,85635.375,1405.421875,0.0,1405.421875
480,85576.0,85636.0,85562.7,85631.7,6170.0,84264.6953125,85636.0625,85636.0625,1371.3671875,0.0,1371.3671875
481,85615.4,85650.7,85588.0,85604.5,5528.0,84313.125,85634.9296875,85634.921875,1321.8046875,0.0078125,1321.796875
482,85604.4,85608.2,85542.0,85590.6,11641.0,84356.859375,85631.671875,85631.671875,1274.8125,0.0,1274.8125
483,85590.6,85656.1,85501.2,85629.1,8618.0,84361.3984375,85630.171875,85630.1796875,1268.7734375,0.0078125,1268.78125
484,85619.6,85666.1,85604.8,85666.1,11701.0,84357.4921875,85629.875,85629.8828125,1272.3828125,0.0078125,1272.390625
485,85680.0,85762.5,85631.2,85631.2,19912.0,84328.828125,85630.921875,85630.9375,1302.09375,0.015625,1302.109375
486,85630.2,85630.2,85558.1,85577.5,8144.0,84303.7578125,85628.6796875,85628.6953125,1324.921875,0.015625,1324.9375
487,85599.6,85620.5,85485.0,85518.3,4472.0,84257.2421875,85620.7109375,85620.7265625,1363.46875,0.015625,1363.484375
488,85520.4,85536.4,85455.1,85462.1,3761.0,84210.828125,85608.5234375,85608.5390625,1397.6953125,0.015625,1397.7109375
489,85469.1,85527.2,85457.5,85527.2,5913.0,84172.734375,85601.5703125,85601.578125,1428.8359375,0.0078125,1428.84375
490,85516.7,85541.7,85474.8,85499.5,4240.0,84117.0859375,85592.4296875,85592.4296875,1475.34375,0.0,1475.34375
491,85499.5,85512.8,85477.6,85496.9,3884.0,84081.5859375,85582.46875,85582.4765625,1500.8828125,0.0078125,1500.890625
492,85496.9,85516.1,85487.7,85516.1,2319.0,84034.09375,85576.890625,85576.890625,1542.796875,0.0,1542.796875
493,85512.7,85536.2,85505.6,85509.6,2976.0,84007.09375,85574.3828125,85574.3828125,1567.2890625,0.0,1567.2890625
494,85514.9,85535.1,85438.1,85513.3,7962.0,83941.84375,85569.140625,85569.1328125,1627.296875,0.0078125,1627.2890625
495,85521.4,85528.7,85482.0,85504.2,7172.0,83837.71875,85561.9453125,85561.9453125,1724.2265625,0.0,1724.2265625
496,85504.1,85504.1,85387.9,85458.0,18297.0,83737.90625,85555.65625,85555.65625,1817.75,0.0,1817.75
497,85447.9,85491.8,85408.0,85417.6,5314.0,83670.984375,85547.859375,85547.8515625,1876.875,0.0078125,1876.8671875
498,85429.0,85483.7,85403.2,85461.9,2438.0,83572.4765625,85539.71875,85539.7109375,1967.2421875,0.0078125,1967.234375
499,85461.9,85513.3,85409.2,85414.0,2979.0,83504.546875,85531.484375,85531.46875,2026.9375,0.015625,2026.921875
500,85408.2,85408.2,85161.3,85164.3,39030.0,83453.375,85508.109375,85508.1015625,2054.734375,0.0078125,2054.7265625
501,85160.1,85331.3,85155.4,85173.1,30477.0,83415.9921875,85486.5390625,85486.53125,2070.546875,0.0078125,2070.5390625
502,85168.9,85258.7,85168.9,85220.2,7878.0,83425.8046875,85468.0234375,85468.015625,2042.21875,0.0078125,2042.2109375
503,85235.2,85317.8,85183.1,85287.0,7815.0,83464.1796875,85450.9140625,85450.90625,1986.734375,0.0078125,1986.7265625
504,85289.0,85333.4,85262.8,85309.2,6174.0,83505.0625,85433.0625,85433.0625,1928.0,0.0,1928.0
505,85313.5,85363.1,85289.8,85333.1,5400.0,83584.0859375,85418.15625,85418.1640625,1834.0703125,0.0078125,1834.078125
506,85333.0,85333.0,85271.7,85271.7,2489.0,83655.8359375,85402.8671875,85402.875,1747.03125,0.0078125,1747.0390625
507,85271.8,85323.1,85250.0,85312.8,4338.0,83762.0234375,85392.59375,85392.59375,1630.5703125,0.0,1630.5703125
508,85314.8,85351.5,85282.4,85288.7,2753.0,83876.296875,85383.9296875,85383.921875,1507.6328125,0.0078125,1507.625
509,85294.6,85294.6,85197.3,85197.3,11465.0,83966.1796875,85367.4296875,85367.4296875,1401.25,0.0,1401.25
510,85208.0,85302.4,85180.7,85225.4,21586.0,84094.0546875,85353.7265625,85353.7265625,1259.671875,0.0,1259.671875
511,85233.8,85245.6,85111.1,85164.5,18436.0,84208.8984375,85337.1015625,85337.1015625,1128.203125,0.0,1128.203125
512,85156.0,85156.0,84600.0,84823.2,231593.0,84328.1171875,85302.4609375,85302.453125,974.34375,0.0078125,974.3359375
513,84823.2,84845.1,83173.2,83177.4,590196.0,84438.4296875,85185.84375,85185.84375,747.4140625,0.0,747.4140625
514,83177.4,83627.0,81277.3,83373.4,754291.0,84541.6328125,85078.8515625,85078.8515625,537.21875,0.0,537.21875
515,83371.8,83867.6,83225.0,83770.1,179103.0,84647.0,84992.1484375,84992.140625,345.1484375,0.0078125,345.140625
516,83761.6,83783.0,83156.9,83492.3,111964.0,84727.21875,84893.8671875,84893.859375,166.6484375,0.0078125,166.640625
517,83492.3,84050.5,83441.5,83955.1,58244.0,84762.3359375,84820.7421875,84820.734375,58.40625,0.0078125,58.3984375
518,83955.3,84024.7,83683.2,83978.0,66531.0,84792.84375,84746.546875,84746.5390625,46.296875,0.0078125,46.3046875
519,83986.2,84147.0,83954.7,84055.5,37277.0,84777.9453125,84678.6171875,84678.609375,99.328125,0.0078125,99.3359375
520,84058.4,84486.0,83945.4,84261.5,47252.0,84781.75,84633.484375,84633.4765625,148.265625,0.0078125,148.2734375
521,84261.4,84480.4,84261.4,84371.1,38379.0,84800.7109375,84593.3828125,84593.375,207.328125,0.0078125,207.3359375
522,84371.2,84436.2,84079.0,84251.8,25485.0,84795.5078125,84544.9609375,84544.953125,250.546875,0.0078125,250.5546875
523,84251.8,84439.8,84130.6,84414.2,33484.0,84782.8671875,84501.3125,84501.3125,281.5546875,0.0,281.5546875
524,84413.2,84460.5,84326.4,84340.9,25856.0,84759.7734375,84452.8984375,84452.8984375,306.875,0.0,306.875
525,84340.9,84366.2,84005.9,84104.9,21710.0,84741.1484375,84391.4921875,84391.4921875,349.65625,0.0,349.65625
526,84104.8,84108.3,83916.0,83972.3,26099.0,84722.5390625,84326.5234375,84326.515625,396.015625,0.0078125,396.0234375
527,83972.3,84125.8,83823.2,84004.7,42567.0,84684.25,84261.1171875,84261.1171875,423.1328125,0.0,423.1328125
528,84000.4,84076.4,83764.7,83946.5,24317.0,84652.3515625,84194.0078125,84194.0078125,458.34375,0.0,458.34375
529,83948.4,83962.7,83800.6,83923.2,12939.0,84625.2265625,84130.3046875,84130.3046875,494.921875,0.0,494.921875
530,83923.3,84363.1,83896.8,84276.2,35765.0,84584.9921875,84082.84375,84082.84375,502.1484375,0.0,502.1484375
531,84271.9,84271.9,84119.9,84125.6,8578.0,84556.2734375,84030.8984375,84030.8984375,525.375,0.0,525.375
532,84125.6,84214.1,84125.6,84201.1,7444.0,84537.4765625,83999.7890625,83999.796875,537.6875,0.0078125,537.6796875
533,84206.6,84230.6,83950.7,84025.7,13118.0,84519.90625,84042.203125,84042.2109375,477.703125,0.0078125,477.6953125
534,84025.6,84046.8,83888.0,83892.8,13711.0,84505.765625,84068.171875,84068.1796875,437.59375,0.0078125,437.5859375
535,83892.9,83942.0,83773.1,83924.9,18049.0,84498.484375,84075.9140625,84075.921875,422.5703125,0.0078125,422.5625
536,83930.0,84106.7,83911.3,84093.5,17280.0,84499.5,84105.9765625,84105.9765625,393.5234375,0.0,393.5234375
537,84093.5,84106.8,83890.5,83890.5,12428.0,84520.5625,84102.7421875,84102.7421875,417.8203125,0.0,417.8203125
538,83890.5,84011.9,83836.9,84000.0,12719.0,84539.7109375,84103.84375,84103.84375,435.8671875,0.0,435.8671875
539,83999.9,84104.6,83965.8,84031.3,23635.0,84578.2109375,84102.6328125,84102.6328125,475.578125,0.0,475.578125
540,84027.0,84062.7,83935.3,83956.4,10085.0,84615.2734375,84087.3828125,84087.375,527.890625,0.0078125,527.8984375
541,83954.4,84113.1,83954.4,84077.6,8905.0,84602.2421875,84072.7109375,84072.703125,529.53125,0.0078125,529.5390625
542,84071.4,84106.1,83906.4,83943.9,8605.0,84591.296875,84057.3125,84057.3046875,533.984375,0.0078125,533.9921875
543,83943.9,83977.6,83786.0,83829.0,14854.0,84558.78125,84028.0546875,84028.046875,530.7265625,0.0078125,530.734375
544,83828.9,83834.2,83682.8,83769.5,25721.0,84528.4921875,83999.484375,83999.4765625,529.0078125,0.0078125,529.015625
545,83753.6,84164.5,83737.6,84164.5,19937.0,84459.0078125,84002.46875,84002.453125,456.5390625,0.015625,456.5546875
546,84166.5,84403.6,84152.8,84233.0,27365.0,84400.390625,84015.5078125,84015.4921875,384.8828125,0.015625,384.8984375
547,84222.5,84290.3,84123.7,84247.0,19768.0,84376.90625,84027.6171875,84027.609375,349.2890625,0.0078125,349.296875
548,84248.0,84306.9,84207.2,84235.9,8087.0,84355.0234375,84042.0859375,84042.078125,312.9375,0.0078125,312.9453125
549,84229.8,84299.8,84133.2,84277.6,6664.0,84353.578125,84059.8046875,84059.8046875,293.7734375,0.0,293.7734375
550,84276.6,84300.0,84145.9,84204.3,6741.0,84347.640625,84056.2109375,84056.203125,291.4296875,0.0078125,291.4375
551,84197.3,84496.8,84197.3,84421.5,10103.0,84344.1484375,84071.0,84071.0,273.1484375,0.0,273.1484375
552,84412.1,84619.0,84398.1,84521.6,14509.0,84330.71875,84087.0234375,84087.015625,243.6953125,0.0078125,243.703125
553,84521.1,84690.3,84521.1,84637.8,8961.0,84312.7265625,84117.6171875,84117.625,195.109375,0.0078125,195.1015625
554,84628.4,84635.7,84452.7,84481.3,14046.0,84305.4609375,84147.0546875,84147.046875,158.40625,0.0078125,158.4140625
555,84493.9,84667.9,84477.9,84667.9,7251.0,84293.3203125,84184.203125,84184.203125,109.1171875,0.0,109.1171875
556,84675.9,84698.7,84520.8,84541.7,10289.0,84304.6875,84206.609375,84206.609375,98.078125,0.0,98.078125
557,84550.2,84617.9,84520.8,84568.8,10589.0,84331.1171875,84240.53125,84240.5234375,90.5859375,0.0078125,90.59375
558,84573.0,84583.0,84431.4,84437.8,19801.0,84372.1015625,84262.421875,84262.4140625,109.6796875,0.0078125,109.6875
559,84437.8,84500.3,84329.1,84345.4,20059.0,84418.2578125,84278.125,84278.109375,140.1328125,0.015625,140.1484375
560,84345.5,84547.8,84322.4,84523.8,12934.0,84468.453125,84306.5,84306.484375,161.953125,0.015625,161.96875
561,84512.0,84575.5,84351.8,84454.9,17389.0,84538.609375,84325.359375,84325.359375,213.25,0.0,213.25
562,84463.3,84559.9,84418.1,84488.0,6071.0,84596.71875,84352.5625,84352.5625,244.15625,0.0,244.15625
563,84483.7,84575.3,84410.1,84568.3,16707.0,84660.6796875,84389.5234375,84389.515625,271.15625,0.0078125,271.1640625
564,84566.0,84633.5,84500.0,84500.1,6184.0,84737.1953125,84426.0546875,84426.046875,311.140625,0.0078125,311.1484375
565,84505.0,84508.1,84367.5,84380.3,5297.0,84819.5234375,84436.84375,84436.84375,382.6796875,0.0,382.6796875
566,84380.2,84382.3,84259.6,84263.9,13940.0,84892.7421875,84438.390625,84438.390625,454.3515625,0.0,454.3515625
567,84267.2,84388.4,84245.3,84335.2,13017.0,84943.3359375,84442.8046875,84442.796875,500.53125,0.0078125,500.5390625
568,84333.1,84359.2,84254.9,84281.2,5456.0,84980.234375,84445.0625,84445.0703125,535.171875,0.0078125,535.1640625
569,84299.1,84302.4,84183.8,84222.4,6337.0,84997.546875,84442.3046875,84442.3046875,555.2421875,0.0,555.2421875
570,84218.2,84288.9,84185.7,84259.6,17105.0,84999.7890625,84445.0703125,84445.078125,554.71875,0.0078125,554.7109375
571,84256.1,84401.5,84256.1,84368.0,3991.0,84996.7421875,84442.3984375,84442.3984375,554.34375,0.0,554.34375
572,84356.6,84422.5,84348.0,84416.0,3753.0,84995.3046875,84437.109375,84437.125,558.1953125,0.015625,558.1796875
573,84412.6,84423.2,84229.5,84233.8,7003.0,84994.71875,84416.9140625,84416.921875,577.8046875,0.0078125,577.796875
574,84241.4,84258.3,84025.8,84087.2,20531.0,84987.3671875,84397.2109375,84397.21875,590.15625,0.0078125,590.1484375
575,84092.5,84117.3,83974.2,84081.9,12807.0,84977.2109375,84367.90625,84367.9140625,609.3046875,0.0078125,609.296875
576,84074.3,84074.3,83921.5,83966.6,11815.0,85121.9921875,84339.1484375,84339.1640625,782.84375,0.015625,782.828125
577,83961.5,84018.2,83932.4,83996.5,7262.0,85252.4921875,84310.53125,84310.546875,941.9609375,0.015625,941.9453125
578,83990.5,84098.4,83954.6,84026.7,16272.0,85373.3671875,84289.984375,84289.984375,1083.3828125,0.0,1083.3828125
579,84031.0,84091.9,83981.0,83997.6,4046.0,85489.8046875,84272.59375,84272.6015625,1217.2109375,0.0078125,1217.203125
580,83996.6,83996.6,83856.6,83871.3,10885.0,85586.6796875,84239.9765625,84239.984375,1346.703125,0.0078125,1346.6953125
581,83862.0,83979.0,83819.5,83926.6,18306.0,85680.2421875,84213.5625,84213.5625,1466.6796875,0.0,1466.6796875
582,83926.6,83954.9,83751.1,83780.1,10925.0,85770.0859375,84178.1640625,84178.171875,1591.921875,0.0078125,1591.9140625
583,83780.9,83881.9,83754.6,83777.5,17305.0,85847.453125,84138.625,84138.625,1708.828125,0.0,1708.828125
584,83779.5,83873.5,83750.0,83805.9,31807.0,85927.2109375,84103.921875,84103.921875,1823.2890625,0.0,1823.2890625
585,83796.8,83874.7,83724.6,83741.9,29439.0,86006.6796875,84072.0,84071.9921875,1934.6796875,0.0078125,1934.6875
586,83742.0,83828.0,83732.8,83768.1,8394.0,86081.375,84047.2109375,84047.203125,2034.1640625,0.0078125,2034.171875
587,83770.4,83983.2,83770.4,83963.1,9143.0,86150.2109375,84028.609375,84028.6015625,2121.6015625,0.0078125,2121.609375
588,83963.1,83990.8,83844.3,83872.8,6328.0,86242.5703125,84008.1796875,84008.1796875,2234.390625,0.0,2234.390625
589,83864.7,83890.0,83728.7,83728.7,8651.0,86344.7109375,83983.5,83983.4921875,2361.2109375,0.0078125,2361.21875
590,83724.6,83753.9,83626.6,83653.1,15237.0,86472.0546875,83953.1796875,83953.171875,2518.875,0.0078125,2518.8828125
591,83675.5,83764.3,83633.8,83699.0,17326.0,86610.5546875,83919.7265625,83919.7265625,2690.828125,0.0,2690.828125
592,83691.8,83697.5,83576.0,83692.0,14180.0,86734.921875,83883.5234375,83883.5234375,2851.3984375,0.0,2851.3984375
593,83700.4,83828.0,83700.4,83768.1,20744.0,86866.4453125,83860.2421875,83860.234375,3006.203125,0.0078125,3006.2109375
594,83774.0,83820.8,83635.4,83701.0,9920.0,86995.5,83840.9296875,83840.921875,3154.5703125,0.0078125,3154.578125
595,83695.9,83786.6,83679.7,83783.8,10010.0,87143.8671875,83826.0234375,83826.015625,3317.84375,0.0078125,3317.8515625
596,83788.0,83862.9,83781.0,83817.1,13303.0,87120.0390625,83818.5546875,83818.546875,3301.484375,0.0078125,3301.4921875
597,83817.2,83858.6,83785.7,83799.7,6080.0,87106.40625,83808.7109375,83808.703125,3297.6953125,0.0078125,3297.703125
598,83799.7,83824.4,83707.4,83715.0,7485.0,87098.875,83793.125,83793.125,3305.75,0.0,3305.75
599,83715.0,83733.2,83636.1,83636.1,6127.0,87082.4921875,83775.046875,83775.0546875,3307.4453125,0.0078125,3307.4375
600,83636.1,83795.2,83636.1,83779.9,4312.0,87075.8828125,83770.4765625,83770.4765625,3305.40625,0.0,3305.40625
601,83786.9,83894.1,83751.7,83868.9,21353.0,87079.9765625,83767.59375,83767.5859375,3312.3828125,0.0078125,3312.390625
602,83864.7,83915.9,83809.1,83887.5,8606.0,87080.1484375,83772.9609375,83772.9609375,3307.1875,0.0,3307.1875
603,83887.4,83939.8,83877.6,83920.3,3860.0,87092.0546875,83780.109375,83780.1015625,3311.9453125,0.0078125,3311.953125
604,83924.6,83989.8,83863.2,83921.5,6033.0,87103.828125,83785.890625,83785.875,3317.9375,0.015625,3317.953125
605,83922.5,83976.3,83825.6,83833.7,6568.0,87118.609375,83790.4765625,83790.46875,3328.1328125,0.0078125,3328.140625
606,83833.7,83873.5,83730.9,83853.3,9538.0,87140.4296875,83794.7421875,83794.7265625,3345.6875,0.015625,3345.703125
607,83863.5,83867.6,83690.1,83711.3,9399.0,87162.625,83782.1484375,83782.140625,3380.4765625,0.0078125,3380.484375
608,83705.2,83764.7,83688.8,83724.5,6364.0,87181.1484375,83774.7265625,83774.71875,3406.421875,0.0078125,3406.4296875
609,83722.3,83730.0,83650.2,83656.4,5595.0,87193.9140625,83771.1171875,83771.109375,3422.796875,0.0078125,3422.8046875
610,83652.4,83737.5,83580.0,83737.5,9843.0,87189.1171875,83775.3359375,83775.328125,3413.78125,0.0078125,3413.7890625
611,83749.4,83902.4,83749.4,83829.3,23824.0,87175.8203125,83781.84375,83781.8359375,3393.9765625,0.0078125,3393.984375
612,83840.7,83880.9,83738.1,83790.5,7625.0,87166.0078125,83786.7734375,83786.765625,3379.234375,0.0078125,3379.2421875
613,83782.5,83786.6,83653.4,83706.2,9009.0,87147.7265625,83783.6796875,83783.671875,3364.046875,0.0078125,3364.0546875
614,83693.7,83716.8,83686.1,83706.8,4030.0,87115.7578125,83783.96875,83783.9609375,3331.7890625,0.0078125,3331.796875
615,83703.1,83773.7,83700.3,83723.0,4499.0,87054.8984375,83780.9296875,83780.921875,3273.96875,0.0078125,3273.9765625
616,83728.8,83766.6,83605.2,83614.7,5211.0,87019.2578125,83770.8046875,83770.8046875,3248.453125,0.0,3248.453125
617,83619.8,83712.5,83605.4,83707.3,5081.0,86982.03125,83766.1796875,83766.1796875,3215.8515625,0.0,3215.8515625
618,83707.2,83715.0,83605.6,83625.1,5532.0,86931.53125,83761.6875,83761.6875,3169.84375,0.0,3169.84375
619,83632.5,83681.5,83608.1,83633.7,2527.0,86890.8828125,83761.5625,83761.578125,3129.3203125,0.015625,3129.3046875
620,83641.5,83675.1,83404.8,83509.7,28966.0,86847.25,83748.0546875,83748.0625,3099.1953125,0.0078125,3099.1875
621,83511.7,83610.5,83364.6,83364.7,13554.0,86789.734375,83722.84375,83722.859375,3066.890625,0.015625,3066.875
622,83363.6,83493.4,83313.0,83425.7,7002.0,86716.0859375,83699.7578125,83699.765625,3016.328125,0.0078125,3016.3203125
623,83425.8,83497.8,83352.9,83358.4,21014.0,86639.5234375,83671.65625,83671.671875,2967.8671875,0.015625,2967.8515625
624,83361.2,83398.6,83304.6,83324.3,14907.0,86555.6171875,83641.8046875,83641.8125,2913.8125,0.0078125,2913.8046875
625,83324.3,83355.3,83284.7,83334.3,8920.0,86492.7265625,83616.828125,83616.8359375,2875.8984375,0.0078125,2875.890625
626,83346.7,83346.7,83150.8,83181.1,41793.0,86428.7578125,83583.21875,83583.234375,2845.5390625,0.015625,2845.5234375
627,83174.1,83320.8,83146.9,83226.1,12694.0,86355.7421875,83558.9609375,83558.96875,2796.78125,0.0078125,2796.7734375
628,83218.3,83238.8,83062.5,83062.5,21836.0,86277.3828125,83525.8671875,83525.859375,2751.515625,0.0078125,2751.5234375
629,83058.7,83203.9,83058.7,83076.1,23222.0,86189.2109375,83496.84375,83496.8515625,2692.3671875,0.0078125,2692.359375
630,83074.2,83231.8,83050.5,83069.4,17291.0,86122.1484375,83463.4375,83463.4453125,2658.7109375,0.0078125,2658.703125
631,83049.5,83095.4,82865.7,83040.7,43387.0,86056.84375,83424.015625,83424.015625,2632.828125,0.0,2632.828125
632,83036.6,83045.0,82700.0,82806.5,37530.0,86014.4609375,83374.8203125,83374.8203125,2639.640625,0.0,2639.640625
633,82778.9,82940.5,82747.1,82860.2,18664.0,85969.0,83332.5234375,83332.515625,2636.4765625,0.0078125,2636.484375
634,82869.4,82985.0,82860.8,82870.9,23699.0,85944.8671875,83290.734375,83290.7265625,2654.1328125,0.0078125,2654.140625
635,82871.0,82984.9,82840.1,82974.5,20211.0,85934.4765625,83253.3125,83253.296875,2681.1640625,0.015625,2681.1796875
636,82974.5,82985.0,82827.6,82841.9,11346.0,85895.4296875,83214.6640625,83214.65625,2680.765625,0.0078125,2680.7734375
637,82838.6,82953.3,82804.1,82953.3,21336.0,85848.875,83176.9609375,83176.9609375,2671.9140625,0.0,2671.9140625
638,82949.2,82957.2,82736.6,82741.6,11185.0,85817.3671875,83132.7890625,83132.78125,2684.578125,0.0078125,2684.5859375
639,82737.0,82789.5,82602.4,82686.1,33922.0,85780.0078125,83085.3984375,83085.3984375,2694.609375,0.0,2694.609375
640,82686.0,82729.9,82603.4,82682.8,20981.0,85748.9609375,83044.0546875,83044.046875,2704.90625,0.0078125,2704.9140625
641,82685.0,82700.0,82518.0,82532.8,19045.0,85733.7890625,83002.4609375,83002.453125,2731.328125,0.0078125,2731.3359375
642,82541.0,82616.6,82480.1,82572.2,18141.0,85719.6171875,82959.78125,82959.78125,2759.8359375,0.0,2759.8359375
643,82576.3,82596.8,82478.2,82495.0,14079.0,85719.3671875,82916.6171875,82916.609375,2802.75,0.0078125,2802.7578125
644,82495.1,82675.0,82495.1,82648.4,27026.0,85724.65625,82882.8203125,82882.8125,2841.8359375,0.0078125,2841.84375
645,82648.4,82684.7,82571.7,82624.2,46050.0,85715.6328125,82847.328125,82847.3125,2868.3046875,0.015625,2868.3203125
646,82630.4,82670.6,82578.5,82657.8,14204.0,85717.7265625,82821.1640625,82821.140625,2896.5625,0.0234375,2896.5859375
647,82653.8,82725.3,82600.2,82725.3,12563.0,85740.21875,82796.1171875,82796.109375,2944.1015625,0.0078125,2944.109375
648,82725.3,82757.9,82582.5,82603.3,8666.0,85759.0625,82773.15625,82773.140625,2985.90625,0.015625,2985.921875
649,82606.3,82607.3,82472.6,82538.4,9220.0,85786.078125,82746.2734375,82746.265625,3039.8046875,0.0078125,3039.8125
650,82546.8,82599.2,82477.9,82514.0,6482.0,85805.7421875,82718.4921875,82718.484375,3087.25,0.0078125,3087.2578125
651,82509.9,82590.9,82500.1,82500.1,18087.0,85831.3359375,82691.4609375,82691.4609375,3139.875,0.0,3139.875
652,82500.0,82500.1,82280.0,82280.0,18549.0,85842.3671875,82665.140625,82665.1328125,3177.2265625,0.0078125,3177.234375
653,82275.9,82344.9,82234.6,82257.7,21916.0,85858.2890625,82635.0078125,82635.015625,3223.28125,0.0078125,3223.2734375
654,82248.8,82285.7,82125.3,82149.0,14685.0,85869.515625,82598.9140625,82598.921875,3270.6015625,0.0078125,3270.59375
655,82144.8,82267.9,82116.5,82208.8,12339.0,85866.34375,82560.6328125,82560.6328125,3305.7109375,0.0,3305.7109375
656,82210.8,82518.0,82210.8,82497.1,30776.0,85870.546875,82543.3984375,82543.3984375,3327.1484375,0.0,3327.1484375
657,82497.4,82506.8,82390.0,82453.9,12146.0,85891.4296875,82518.4296875,82518.421875,3373.0,0.0078125,3373.0078125
658,82453.8,82478.6,82349.3,82387.6,7323.0,85911.6875,82500.7265625,82500.7265625,3410.9609375,0.0,3410.9609375
659,82385.9,82385.9,82201.4,82217.5,10488.0,85937.0078125,82477.2890625,82477.296875,3459.71875,0.0078125,3459.7109375
660,82216.4,82231.7,82112.2,82176.2,12266.0,85954.0546875,82451.9609375,82451.96875,3502.09375,0.0078125,3502.0859375
661,82178.3,82200.4,82111.0,82161.7,16371.0,85952.4921875,82433.40625,82433.421875,3519.0859375,0.015625,3519.0703125
662,82168.0,82261.1,82020.7,82078.6,15816.0,85980.078125,82408.7265625,82408.734375,3571.3515625,0.0078125,3571.34375
663,82078.5,82089.4,81712.9,81949.0,58374.0,85994.5234375,82381.4296875,82381.4375,3613.09375,0.0078125,3613.0859375
664,81948.9,81974.5,81786.1,81935.6,25616.0,85999.8359375,82345.7890625,82345.796875,3654.046875,0.0078125,3654.0390625
665,81943.5,82391.7,81927.3,82061.4,45415.0,85995.0546875,82317.6484375,82317.65625,3677.40625,0.0078125,3677.3984375
666,82053.6,82085.5,81905.2,82062.6,16898.0,85981.734375,82287.890625,82287.8984375,3693.84375,0.0078125,3693.8359375
667,82058.6,82058.6,81802.1,81872.6,21012.0,85959.4140625,82245.2578125,82245.265625,3714.15625,0.0078125,3714.1484375
668,81871.0,82140.3,81859.4,82019.9,32565.0,85938.2578125,82216.0859375,82216.0859375,3722.171875,0.0,3722.171875
669,82012.6,82139.7,82004.9,82080.5,55937.0,85920.8671875,82193.1953125,82193.1953125,3727.671875,0.0,3727.671875
670,82080.3,82443.9,82070.5,82414.7,20236.0,85896.2265625,82188.2265625,82188.234375,3708.0,0.0078125,3707.9921875
671,82408.7,82428.3,82331.5,82382.7,17538.0,85859.359375,82182.359375,82182.359375,3677.0,0.0,3677.0
672,82382.7,82499.9,82309.5,82316.1,21160.0,85821.4921875,82184.1640625,82184.171875,3637.328125,0.0078125,3637.3203125
673,82309.4,82329.3,82107.0,82168.8,13391.0,85782.25,82179.71875,82179.71875,3602.53125,0.0,3602.53125
674,82168.3,82242.3,82082.7,82124.0,23107.0,85749.5078125,82178.46875,82178.46875,3571.0390625,0.0,3571.0390625
675,82116.1,82140.8,81937.9,81944.2,15948.0,85724.40625,82165.2421875,82165.2421875,3559.1640625,0.0,3559.1640625
676,81936.1,82077.4,81640.3,82072.8,26241.0,85688.8515625,82144.0234375,82144.0234375,3544.828125,0.0,3544.828125
677,82080.7,82224.5,81960.7,81975.2,13752.0,85651.0390625,82120.09375,82120.0859375,3530.9453125,0.0078125,3530.953125
678,81956.1,82014.3,81770.3,81877.2,9149.0,85505.0859375,82094.5703125,82094.5703125,3410.515625,0.0,3410.515625
679,81878.3,82077.9,81873.7,82077.8,19767.0,85382.3359375,82087.5859375,82087.578125,3294.75,0.0078125,3294.7578125
680,82077.9,82077.9,81864.9,81965.1,12777.0,85288.765625,82077.03125,82077.0234375,3211.734375,0.0078125,3211.7421875
681,81963.2,82231.1,81947.7,82190.6,22895.0,85186.9609375,82078.4765625,82078.4765625,3108.484375,0.0,3108.484375
682,82190.5,82197.1,81951.4,81964.9,11012.0,85085.890625,82072.7890625,82072.7890625,3013.1015625,0.0,3013.1015625
683,81965.9,82024.8,81934.3,81992.6,15824.0,84989.8359375,82074.96875,82074.96875,2914.8671875,0.0,2914.8671875
684,81992.6,82196.1,81983.0,82196.1,21470.0,84891.078125,82087.9921875,82087.9921875,2803.0859375,0.0,2803.0859375
685,82196.1,82351.9,82149.2,82305.4,16139.0,84818.9296875,82100.1953125,82100.1953125,2718.734375,0.0,2718.734375
686,82307.4,82485.7,82241.3,82291.4,17690.0,84765.578125,82111.6328125,82111.625,2653.9453125,0.0078125,2653.953125
687,82304.4,82304.4,82120.1,82120.1,16968.0,84709.75,82124.015625,82124.0078125,2585.734375,0.0078125,2585.7421875
688,82124.2,82124.2,81959.6,82019.2,13734.0,84650.046875,82123.9765625,82123.9765625,2526.0703125,0.0,2526.0703125
689,82019.4,82082.3,82007.4,82069.3,5797.0,84579.4453125,82123.421875,82123.4140625,2456.0234375,0.0078125,2456.03125
690,82069.3,82289.5,82061.1,82246.1,20921.0,84513.1484375,82114.9921875,82114.984375,2398.15625,0.0078125,2398.1640625
691,82246.0,82377.9,82227.1,82305.4,10687.0,84433.2421875,82111.1171875,82111.1171875,2322.125,0.0,2322.125
692,82314.6,82468.4,82299.2,82442.9,8486.0,84345.9140625,82117.4609375,82117.453125,2228.453125,0.0078125,2228.4609375
693,82444.2,82614.8,82395.6,82568.9,11545.0,84265.375,82137.4609375,82137.4609375,2127.9140625,0.0,2127.9140625
694,82550.4,82712.4,82443.3,82443.3,24783.0,84175.1171875,82153.4296875,82153.421875,2021.6875,0.0078125,2021.6953125
695,82446.9,82554.9,82389.0,82530.9,15584.0,84090.328125,82182.765625,82182.75,1907.5625,0.015625,1907.578125
696,82532.6,82616.4,82462.8,82558.3,6799.0,84025.046875,82207.0390625,82207.0234375,1818.0078125,0.015625,1818.0234375
697,82555.0,82710.4,82548.8,82690.3,13435.0,83945.3671875,82242.796875,82242.7734375,1702.5703125,0.0234375,1702.59375
698,82690.3,82866.1,82576.7,82834.2,28655.0,83969.3828125,82290.6484375,82290.6328125,1678.734375,0.015625,1678.75
699,82840.6,82841.4,82689.9,82740.7,9596.0,83965.5,82323.78125,82323.78125,1641.71875,0.0,1641.71875
700,82740.8,82922.9,82718.3,82846.4,6538.0,83926.6171875,82367.8515625,82367.84375,1558.765625,0.0078125,1558.7734375
701,82846.5,82858.5,82597.3,82629.6,19970.0,83891.5,82389.8046875,82389.796875,1501.6953125,0.0078125,1501.703125
702,82648.3,82648.3,82571.7,82593.2,6082.0,83831.3203125,82421.2109375,82421.21875,1410.109375,0.0078125,1410.1015625
703,82594.4,82612.8,82527.2,82583.8,25629.0,83776.3046875,82450.7734375,82450.7734375,1325.53125,0.0,1325.53125
704,82583.8,82583.8,82496.2,82543.8,7138.0,83710.9140625,82468.15625,82468.1640625,1242.7578125,0.0078125,1242.75
705,82552.0,82581.1,82539.7,82574.0,4128.0,83629.6796875,82481.5859375,82481.5859375,1148.09375,0.0,1148.09375
706,82574.9,82609.7,82444.9,82465.3,7259.0,83515.3515625,82490.28125,82490.28125,1025.0703125,0.0,1025.0703125
707,82459.9,82529.5,82450.4,82529.5,10327.0,83411.2421875,82510.75,82510.75,900.4921875,0.0,900.4921875
708,82533.6,82570.5,82487.9,82533.6,5208.0,83276.3828125,82536.4609375,82536.46875,739.921875,0.0078125,739.9140625
709,82533.6,82570.5,82450.1,82456.7,6170.0,83156.609375,82555.8359375,82555.84375,600.7734375,0.0078125,600.765625
710,82456.2,82456.2,82364.6,82452.6,18068.0,83050.4921875,82566.15625,82566.171875,484.3359375,0.015625,484.3203125
711,82452.6,82561.7,82420.9,82557.5,6585.0,82941.265625,82578.7734375,82578.7734375,362.4921875,0.0,362.4921875
712,82541.0,82732.5,82508.9,82717.9,24146.0,82850.25,82592.5234375,82592.5234375,257.7265625,0.0,257.7265625
713,82721.6,82750.0,82660.9,82749.9,7956.0,82756.0234375,82601.578125,82601.578125,154.4453125,0.0,154.4453125
714,82749.9,82766.4,82699.7,82710.1,5273.0,82690.78125,82614.921875,82614.921875,75.859375,0.0,75.859375
715,82710.1,82807.6,82637.8,82742.8,9795.0,82634.2421875,82625.515625,82625.515625,8.7265625,0.0,8.7265625
716,82739.3,82766.7,82656.8,82656.8,3375.0,82566.7265625,82630.4375,82630.4296875,63.7109375,0.0078125,63.703125
717,82656.8,82750.3,82638.5,82728.4,4222.0,82506.6796875,82632.34375,82632.3359375,125.6640625,0.0078125,125.65625
718,82728.4,82778.4,82721.2,82768.0,5202.0,82457.0546875,82629.03125,82629.0234375,171.9765625,0.0078125,171.96875
719,82762.0,82815.9,82703.3,82710.1,9929.0,82412.8359375,82627.5,82627.5,214.6640625,0.0,214.6640625
720,82713.3,82713.3,82619.2,82675.0,8385.0,82387.2734375,82618.9296875,82618.921875,231.65625,0.0078125,231.6484375
721,82681.7,82931.5,82680.7,82931.4,15073.0,82386.8046875,82634.0234375,82634.015625,247.21875,0.0078125,247.2109375
722,82931.5,82957.8,82852.1,82881.5,10984.0,82396.0703125,82648.4296875,82648.4296875,252.359375,0.0,252.359375
723,82881.5,82953.2,82841.6,82892.7,11356.0,82406.6640625,82663.875,82663.8828125,257.2109375,0.0078125,257.21875
724,82896.6,82970.3,82870.1,82941.3,6136.0,82432.515625,82683.7578125,82683.7578125,251.2421875,0.0,251.2421875
725,82948.1,82995.0,82891.0,82899.2,6327.0,82452.28125,82700.0234375,82700.015625,247.7421875,0.0078125,247.734375
726,82907.5,82967.1,82812.0,82829.0,9037.0,82488.515625,82718.2109375,82718.203125,229.6953125,0.0078125,229.6875
727,82830.1,83053.8,82812.0,83041.4,15284.0,82501.8984375,82743.8046875,82743.796875,241.90625,0.0078125,241.8984375
728,83053.1,83343.1,83053.1,83295.7,38016.0,82537.859375,82781.8984375,82781.90625,244.0390625,0.0078125,244.046875
729,83295.6,83351.2,83155.6,83228.5,9452.0,82557.75,82820.4921875,82820.4921875,262.7421875,0.0,262.7421875
730,83236.9,83337.0,83236.9,83250.0,7117.0,82562.40625,82860.3515625,82860.359375,297.9453125,0.0078125,297.953125
731,83241.7,83241.7,83053.5,83127.0,41546.0,82589.3671875,82888.828125,82888.8359375,299.4609375,0.0078125,299.46875
732,83126.1,83126.1,82951.0,82951.0,14525.0,82603.3125,82900.4921875,82900.4921875,297.1796875,0.0,297.1796875
733,82949.5,83037.2,82932.4,83012.9,5621.0,82602.5234375,82913.640625,82913.640625,311.1171875,0.0,311.1171875
734,83002.0,83118.3,82996.0,83095.3,6014.0,82584.4375,82932.8984375,82932.8984375,348.4609375,0.0,348.4609375
735,83082.7,83120.9,83034.1,83045.2,4113.0,82551.2890625,82948.015625,82948.015625,396.7265625,0.0,396.7265625
736,83051.4,83088.2,83015.6,83035.2,3492.0,82466.4921875,82966.9375,82966.9453125,500.4453125,0.0078125,500.453125
737,83032.1,83187.9,83032.1,83044.6,6448.0,82377.359375,82982.75,82982.75,605.390625,0.0,605.390625
738,83039.7,83053.0,82948.6,82996.0,4963.0,82316.4140625,82994.1484375,82994.1484375,677.734375,0.0,677.734375
739,82990.0,82990.0,82847.1,82879.6,13056.0,82304.6796875,83002.625,83002.6328125,697.9453125,0.0078125,697.953125
740,82887.9,83055.4,82887.9,83040.6,11412.0,82290.8671875,83020.90625,83020.9140625,730.0390625,0.0078125,730.046875
741,83040.5,83168.9,83027.1,83142.4,4509.0,82288.6484375,83031.4609375,83031.4609375,742.8125,0.0,742.8125
742,83142.7,83160.0,82995.9,83012.6,5393.0,82309.953125,83038.015625,83038.015625,728.0625,0.0,728.0625
743,83009.1,83240.3,82995.3,83159.1,11862.0,82319.390625,83051.3359375,83051.3359375,731.9453125,0.0,731.9453125
744,83159.0,83159.8,83064.3,83065.2,4129.0,82331.3046875,83057.53125,83057.53125,726.2265625,0.0,726.2265625
745,83073.6,83160.1,83064.0,83128.6,4387.0,82354.2421875,83069.0,83069.0,714.7578125,0.0,714.7578125
746,83128.5,83128.5,83037.6,83053.0,2391.0,82386.90625,83080.1953125,83080.203125,693.2890625,0.0078125,693.296875
747,83053.0,83063.7,82969.0,82987.2,1869.0,82459.1171875,83077.4921875,83077.4921875,618.375,0.0,618.375
748,82988.2,83043.2,82978.0,82978.0,2917.0,82523.4921875,83061.6015625,83061.609375,538.109375,0.0078125,538.1171875
749,82974.1,82974.1,82924.4,82924.4,3108.0,82579.65625,83046.3984375,83046.3984375,466.7421875,0.0,466.7421875
750,82924.5,82950.7,82903.5,82903.5,3799.0,82633.7578125,83029.078125,83029.078125,395.3203125,0.0,395.3203125
751,82904.4,82943.6,82899.0,82926.2,7938.0,82711.2734375,83019.0390625,83019.046875,307.765625,0.0078125,307.7734375
752,82926.2,83079.2,82926.2,83079.2,36803.0,82806.2109375,83025.4453125,83025.453125,219.234375,0.0078125,219.2421875
753,83080.0,83114.7,82959.2,82959.2,4886.0,82917.8125,83022.7734375,83022.765625,104.9609375,0.0078125,104.953125
754,82959.1,82959.1,82793.4,82799.5,8111.0,83023.6328125,83007.9765625,83007.9765625,15.65625,0.0,15.65625
755,82796.0,82827.2,82726.5,82772.8,8515.0,83134.6484375,82994.3515625,82994.3515625,140.296875,0.0,140.296875
756,82767.3,82802.8,82747.5,82768.1,6283.0,83287.8359375,82980.9921875,82980.9921875,306.84375,0.0,306.84375
757,82768.0,82775.3,82636.8,82680.8,6586.0,83450.9765625,82962.8046875,82962.8046875,488.171875,0.0,488.171875
758,82680.8,82707.4,82616.9,82638.7,6030.0,83571.2265625,82944.9375,82944.9375,626.2890625,0.0,626.2890625
759,82638.6,82711.8,82618.4,82618.4,6202.0,83627.3984375,82931.8828125,82931.875,695.515625,0.0078125,695.5234375
760,82618.4,82695.4,82500.1,82521.2,10768.0,83683.6171875,82905.9140625,82905.90625,777.703125,0.0078125,777.7109375
761,82501.0,82521.3,82389.9,82470.1,18509.0,83710.59375,82872.3046875,82872.2890625,838.2890625,0.015625,838.3046875
762,82469.3,82485.9,82382.7,82435.8,12156.0,83742.015625,82843.4609375,82843.453125,898.5546875,0.0078125,898.5625
763,82432.1,82530.0,82431.9,82509.6,7552.0,83820.71875,82810.984375,82810.9765625,1009.734375,0.0078125,1009.7421875
764,82509.9,82552.0,82480.8,82524.7,7396.0,83897.7578125,82783.9609375,82783.953125,1113.796875,0.0078125,1113.8046875
765,82510.0,82528.1,82438.2,82443.3,5419.0,83938.5,82749.6953125,82749.6875,1188.8046875,0.0078125,1188.8125
766,82446.4,82479.7,82381.1,82419.4,2903.0,84011.7734375,82718.0234375,82718.0078125,1293.75,0.015625,1293.765625
767,82418.7,82448.0,82284.2,82313.2,6078.0,84058.7265625,82684.3125,82684.3046875,1374.4140625,0.0078125,1374.421875
768,82317.0,82381.8,82257.2,82262.7,8322.0,84089.21875,82648.546875,82648.546875,1440.671875,0.0,1440.671875
769,82279.4,82417.8,82229.4,82300.1,9838.0,84135.5703125,82617.3359375,82617.328125,1518.234375,0.0078125,1518.2421875
770,82300.1,82375.4,82229.0,82355.8,14190.0,84173.8359375,82589.9453125,82589.9453125,1583.890625,0.0,1583.890625
771,82355.8,82385.9,82268.4,82284.7,9506.0,84178.0234375,82557.8671875,82557.8671875,1620.15625,0.0,1620.15625
772,82268.2,82405.4,82268.2,82358.9,9579.0,84167.1796875,82521.8515625,82521.8515625,1645.328125,0.0,1645.328125
773,82358.0,82375.9,82200.1,82281.1,6470.0,84140.609375,82487.9453125,82487.953125,1652.6640625,0.0078125,1652.65625
774,82286.5,82316.1,82221.9,82256.0,18679.0,84109.5703125,82460.7734375,82460.7734375,1648.796875,0.0,1648.796875
775,82272.4,82360.0,82272.4,82308.6,4366.0,84058.9296875,82437.5625,82437.5625,1621.3671875,0.0,1621.3671875
776,82307.5,82308.5,82208.6,82218.6,9752.0,84006.4765625,82410.0859375,82410.0859375,1596.390625,0.0,1596.390625
777,82217.7,82360.9,82217.7,82360.9,9148.0,83961.5078125,82394.09375,82394.09375,1567.4140625,0.0,1567.4140625
778,82341.3,82399.0,82309.4,82309.4,4196.0,83905.0703125,82377.625,82377.625,1527.4453125,0.0,1527.4453125
779,82309.4,82353.7,82286.1,82317.2,4291.0,83863.75,82362.5703125,82362.5703125,1501.1796875,0.0,1501.1796875
780,82313.1,82372.3,82294.0,82306.6,4651.0,83814.65625,82351.8359375,82351.8359375,1462.8203125,0.0,1462.8203125
781,82306.6,82457.7,82278.2,82278.2,9994.0,83770.546875,82342.2421875,82342.2421875,1428.3046875,0.0,1428.3046875
782,82267.6,82387.4,82256.5,82311.2,9736.0,83706.9921875,82336.0234375,82336.015625,1370.96875,0.0078125,1370.9765625
783,82316.4,82401.0,82213.3,82361.6,31401.0,83600.3984375,82328.6171875,82328.6171875,1271.78125,0.0,1271.78125
784,82353.3,82353.3,82087.2,82207.2,17951.0,83504.3359375,82312.7421875,82312.75,1191.59375,0.0078125,1191.5859375
785,82211.2,82229.2,82094.1,82094.1,10273.0,83445.3984375,82295.28125,82295.2890625,1150.1171875,0.0078125,1150.109375
786,82094.2,82172.1,82050.7,82089.7,19987.0,83345.8984375,82278.796875,82278.8046875,1067.1015625,0.0078125,1067.09375
787,82089.6,82200.0,82055.5,82200.0,4604.0,83274.5078125,82273.1328125,82273.140625,1001.375,0.0078125,1001.3671875
788,82200.7,82200.7,81943.8,81995.4,16179.0,83228.5625,82259.7734375,82259.7734375,968.7890625,0.0,968.7890625
789,82007.8,82099.5,81995.4,82057.6,9907.0,83192.8515625,82247.6484375,82247.640625,945.203125,0.0078125,945.2109375
790,82057.7,82081.7,81990.1,82015.7,17310.0,83207.0390625,82230.6484375,82230.640625,976.390625,0.0078125,976.3984375
791,82013.2,82148.5,82008.1,82120.8,29622.0,83242.1484375,82222.4453125,82222.4453125,1019.703125,0.0,1019.703125
792,82124.4,82141.0,82045.5,82052.5,15856.0,83283.0390625,82207.125,82207.125,1075.9140625,0.0,1075.9140625
793,82052.5,82270.8,82033.9,82270.7,11670.0,83361.2421875,82206.609375,82206.609375,1154.6328125,0.0,1154.6328125
794,82270.7,82389.6,82160.5,82310.0,34207.0,83435.9921875,82209.3046875,82209.296875,1226.6875,0.0078125,1226.6953125
795,82309.9,82309.9,82090.1,82120.3,12909.0,83536.2734375,82199.8984375,82199.890625,1336.375,0.0078125,1336.3828125
796,82117.5,82181.5,81982.3,82010.3,9110.0,83649.8984375,82189.484375,82189.46875,1460.4140625,0.015625,1460.4296875
797,82010.4,82067.1,81956.0,82042.3,8570.0,83748.8203125,82173.5546875,82173.53125,1575.265625,0.0234375,1575.2890625
798,82038.6,82061.9,81913.8,81950.5,11482.0,83879.5859375,82155.609375,82155.5859375,1723.9765625,0.0234375,1724.0
799,81950.4,82032.4,81945.1,81985.9,7187.0,83993.3203125,82139.046875,82139.0234375,1854.2734375,0.0234375,1854.296875
800,81973.8,82004.9,81846.1,81851.1,10167.0,84116.2734375,82116.2734375,82116.25,2000.0,0.0234375,2000.0234375
801,81851.3,81854.3,81416.3,81444.9,69414.0,84241.4921875,82074.6015625,82074.578125,2166.890625,0.0234375,2166.9140625
802,81444.9,81613.8,81340.6,81551.5,39167.0,84351.0234375,82036.6171875,82036.6015625,2314.40625,0.015625,2314.421875
803,81548.4,81591.1,80831.4,81134.0,196906.0,84466.1484375,81975.234375,81975.21875,2490.9140625,0.015625,2490.9296875
804,81149.3,81160.4,80919.0,81101.0,45283.0,84539.8671875,81919.921875,81919.9140625,2619.9453125,0.0078125,2619.953125
805,81100.0,81444.4,81079.6,81328.8,30209.0,84574.1328125,81881.65625,81881.640625,2692.4765625,0.015625,2692.4921875
806,81323.7,81323.7,81129.8,81140.6,36412.0,84599.0234375,81834.203125,81834.1953125,2764.8203125,0.0078125,2764.828125
807,81132.6,81159.4,80952.0,81011.6,32535.0,84589.75,81774.7734375,81774.7734375,2814.9765625,0.0,2814.9765625
808,81011.6,81050.4,80705.1,80725.3,38780.0,84591.03125,81711.2734375,81711.265625,2879.7578125,0.0078125,2879.765625
809,80723.8,80963.9,80627.5,80945.5,42398.0,84605.40625,81655.6640625,81655.6640625,2949.7421875,0.0,2949.7421875
810,80957.6,81666.0,80957.6,81466.2,131612.0,84597.4375,81628.1796875,81628.1875,2969.2578125,0.0078125,2969.25
811,81468.0,81877.6,81274.6,81711.1,61016.0,84590.0703125,81607.703125,81607.703125,2982.3671875,0.0,2982.3671875
812,81711.1,81889.9,81500.2,81605.4,33883.0,84571.6953125,81585.34375,81585.3515625,2986.3515625,0.0078125,2986.34375
813,81581.0,81707.1,81442.1,81606.9,30371.0,84538.65625,81552.15625,81552.15625,2986.5,0.0,2986.5
814,81602.9,81807.5,81594.8,81700.5,18544.0,84523.4609375,81521.6796875,81521.6796875,3001.78125,0.0,3001.78125
815,81704.5,81821.2,81510.1,81821.2,35648.0,84494.9453125,81506.734375,81506.734375,2988.2109375,0.0,2988.2109375
816,81825.1,82274.0,81710.7,82101.7,46923.0,84465.1875,81511.3046875,81511.3046875,2953.8828125,0.0,2953.8828125
817,82087.6,82581.6,82027.5,82511.1,70274.0,84440.0078125,81534.7421875,81534.75,2905.265625,0.0078125,2905.2578125
818,82511.3,82866.1,82486.5,82768.0,63226.0,84398.328125,81575.6171875,81575.6171875,2822.7109375,0.0,2822.7109375
819,82767.9,82982.8,82628.3,82982.8,31887.0,84372.703125,81625.4609375,81625.46875,2747.2421875,0.0078125,2747.234375
820,82982.7,82982.7,82657.5,82736.3,19758.0,84352.34375,81669.7109375,81669.71875,2682.6328125,0.0078125,2682.625
821,82745.5,82971.2,82693.7,82878.7,22928.0,84335.21875,81741.40625,81741.4140625,2593.8125,0.0078125,2593.8046875
822,82904.5,82908.6,82685.7,82750.9,12906.0,84322.3828125,81801.375,81801.3828125,2521.0078125,0.0078125,2521.0
823,82751.0,82887.6,82565.4,82874.2,24953.0,84319.0,81888.390625,81888.390625,2430.609375,0.0,2430.609375
824,82874.1,83033.3,82795.5,83002.3,14212.0,84324.5078125,81983.4609375,81983.453125,2341.046875,0.0078125,2341.0546875
825,83010.6,83427.0,82994.9,83316.3,37958.0,84351.2421875,82082.8359375,82082.8203125,2268.40625,0.015625,2268.421875
826,83320.1,83419.2,83150.8,83164.4,16894.0,84377.7734375,82184.0234375,82184.015625,2193.75,0.0078125,2193.7578125
827,83176.3,83300.0,83106.8,83270.4,9931.0,84418.21875,82296.9609375,82296.953125,2121.2578125,0.0078125,2121.265625
828,83252.6,83322.0,83008.6,83078.5,13767.0,84457.125,82414.625,82414.6171875,2042.5,0.0078125,2042.5078125
829,83083.3,83191.8,82976.6,83191.8,11528.0,84455.9296875,82526.9375,82526.9296875,1928.9921875,0.0078125,1929.0
830,83199.9,83528.1,83116.8,83499.9,25737.0,84451.2421875,82628.625,82628.609375,1822.6171875,0.015625,1822.6328125
831,83493.1,83499.9,83386.6,83496.4,18219.0,84418.75,82717.890625,82717.8671875,1700.859375,0.0234375,1700.8828125
832,83496.4,83576.6,83367.6,83389.8,14373.0,84386.9140625,82807.109375,82807.09375,1579.8046875,0.015625,1579.8203125
833,83386.5,83583.2,83358.5,83565.7,5882.0,84338.9296875,82905.046875,82905.0390625,1433.8828125,0.0078125,1433.890625
834,83564.7,83589.1,83495.9,83564.2,9029.0,84275.9609375,82998.234375,82998.2265625,1277.7265625,0.0078125,1277.734375
835,83564.2,83567.0,83333.5,83333.5,10150.0,84242.4765625,83073.84375,83073.8359375,1168.6328125,0.0078125,1168.640625
836,83333.4,83355.8,83152.8,83179.1,17827.0,84216.3203125,83127.7109375,83127.7109375,1088.609375,0.0,1088.609375
837,83179.1,83306.3,83050.0,83302.2,11455.0,84211.4140625,83167.265625,83167.2734375,1044.1484375,0.0078125,1044.140625
838,83311.7,83311.7,83137.3,83240.7,8036.0,84205.6875,83190.8984375,83190.9140625,1014.7890625,0.015625,1014.7734375
839,83228.0,83278.0,83165.3,83272.9,7659.0,84203.40625,83205.40625,83205.421875,998.0,0.015625,997.984375
840,83268.7,83413.3,83182.0,83400.6,9926.0,84188.75,83238.6171875,83238.6328125,950.1328125,0.015625,950.1171875
841,83409.0,83420.5,83156.7,83156.7,9847.0,84172.5,83252.5234375,83252.53125,919.9765625,0.0078125,919.96875
842,83156.6,83458.2,83136.0,83378.3,9308.0,84166.4609375,83283.890625,83283.890625,882.5703125,0.0,882.5703125
843,83365.8,83487.3,83233.6,83282.3,8245.0,84147.7265625,83304.2890625,83304.296875,843.4375,0.0078125,843.4296875
844,83286.5,83299.6,83106.7,83237.1,12591.0,84165.6484375,83316.03125,83316.046875,849.6171875,0.015625,849.6015625
845,83228.8,83428.0,83208.2,83400.3,11736.0,84197.1015625,83320.234375,83320.234375,876.8671875,0.0,876.8671875
846,83400.4,83614.9,83355.6,83556.5,9782.0,84240.671875,83339.8359375,83339.84375,900.8359375,0.0078125,900.828125
847,83553.5,83566.5,83431.5,83466.6,5087.0,84286.6484375,83349.6484375,83349.6484375,937.0,0.0,937.0
848,83455.0,83696.9,83436.8,83671.7,14552.0,84342.1328125,83379.3125,83379.3125,962.8203125,0.0,962.8203125
849,83660.6,83887.3,83660.6,83796.7,25035.0,84410.78125,83409.5625,83409.5625,1001.21875,0.0,1001.21875
850,83810.9,83866.3,83527.8,83527.8,8582.0,84473.6875,83410.9609375,83410.953125,1062.7265625,0.0078125,1062.734375
851,83508.9,83671.5,83500.1,83644.1,7905.0,84538.3203125,83418.3515625,83418.34375,1119.96875,0.0078125,1119.9765625
852,83644.0,83704.1,83595.4,83648.1,8093.0,84618.2421875,83431.2734375,83431.265625,1186.96875,0.0078125,1186.9765625
853,83648.2,83792.6,83612.6,83745.6,7432.0,84701.4140625,83440.265625,83440.265625,1261.1484375,0.0,1261.1484375
854,83753.4,83836.6,83745.2,83810.6,14244.0,84781.9296875,83452.5859375,83452.578125,1329.34375,0.0078125,1329.3515625
855,83810.6,83911.9,83801.6,83908.4,9001.0,84842.578125,83481.3203125,83481.328125,1361.2578125,0.0078125,1361.25
856,83909.4,83988.6,83880.9,83988.6,11285.0,84881.0234375,83521.796875,83521.796875,1359.2265625,0.0,1359.2265625
857,83988.5,84346.8,83980.2,84217.3,20381.0,84900.75,83567.546875,83567.546875,1333.203125,0.0,1333.203125
858,84217.2,84217.2,84061.1,84092.6,8302.0,84902.21875,83610.140625,83610.140625,1292.078125,0.0,1292.078125
859,84079.8,84182.5,83988.6,84143.9,7843.0,84897.34375,83653.6875,83653.6953125,1243.65625,0.0078125,1243.6484375
860,84153.3,84185.7,83947.6,84021.0,8177.0,84900.78125,83684.7109375,83684.7109375,1216.0703125,0.0,1216.0703125
861,84016.8,84163.7,83968.7,84027.8,12205.0,84897.6328125,83728.2734375,83728.265625,1169.359375,0.0078125,1169.3671875
862,84021.4,84043.1,83807.6,83847.9,9911.0,84886.828125,83751.75,83751.7421875,1135.078125,0.0078125,1135.0859375
863,83843.7,83856.9,83719.5,83753.7,9225.0,84880.2734375,83775.3203125,83775.3125,1104.953125,0.0078125,1104.9609375
864,83753.7,83776.9,83628.0,83628.0,8345.0,85036.9921875,83794.8671875,83794.859375,1242.125,0.0078125,1242.1328125
865,83627.2,83704.8,83567.2,83666.8,14747.0,85174.0859375,83808.1953125,83808.1796875,1365.890625,0.015625,1365.90625
866,83673.5,83715.7,83608.1,83699.0,5977.0,85304.71875,83815.3203125,83815.3125,1489.3984375,0.0078125,1489.40625
867,83695.6,83719.0,83549.8,83549.8,3452.0,85424.9296875,83819.484375,83819.46875,1605.4453125,0.015625,1605.4609375
868,83555.8,83589.6,83380.5,83405.1,40093.0,85527.3046875,83806.1484375,83806.140625,1721.15625,0.0078125,1721.1640625
869,83408.1,83495.8,83404.0,83440.7,9717.0,85625.9921875,83788.34375,83788.34375,1837.6484375,0.0,1837.6484375
870,83428.2,83583.5,83428.2,83571.6,7534.0,85723.53125,83790.53125,83790.53125,1933.0,0.0,1933.0
871,83571.5,83598.2,83471.9,83564.6,6870.0,85810.375,83786.5546875,83786.5546875,2023.8203125,0.0,2023.8203125
872,83564.5,83603.3,83409.2,83445.4,6639.0,85897.796875,83776.421875,83776.421875,2121.375,0.0,2121.375
873,83436.3,83466.5,83282.1,83453.4,7506.0,85982.109375,83761.8046875,83761.8046875,2220.3046875,0.0,2220.3046875
874,83452.5,83527.9,83427.1,83512.6,5215.0,86064.140625,83746.90625,83746.9140625,2317.234375,0.0078125,2317.2265625
875,83516.7,83790.7,83504.2,83747.7,11180.0,86137.203125,83738.875,83738.8828125,2398.328125,0.0078125,2398.3203125
876,83757.6,83895.3,83741.6,83858.9,10276.0,86242.6484375,83732.390625,83732.3984375,2510.2578125,0.0078125,2510.25
877,83860.0,83932.9,83826.0,83932.9,6560.0,86352.7734375,83718.171875,83718.171875,2634.6015625,0.0,2634.6015625
878,83940.1,83984.9,83859.6,83950.7,11958.0,86488.9609375,83711.078125,83711.078125,2777.8828125,0.0,2777.8828125
879,83937.7,83937.7,83837.1,83860.8,7627.0,86637.9609375,83696.921875,83696.921875,2941.0390625,0.0,2941.0390625
880,83860.7,83988.5,83829.5,83944.8,3462.0,86766.2578125,83693.109375,83693.109375,3073.1484375,0.0,3073.1484375
881,83937.9,84109.1,83936.9,84099.5,15827.0,86907.9375,83696.6953125,83696.6953125,3211.2421875,0.0,3211.2421875
882,84097.6,84195.8,84085.7,84107.1,6837.0,87049.828125,83709.65625,83709.65625,3340.171875,0.0,3340.171875
883,84141.4,84194.8,84112.1,84128.8,5869.0,87208.6171875,83728.40625,83728.40625,3480.2109375,0.0,3480.2109375
884,84128.8,84152.8,84085.4,84138.0,5619.0,87177.296875,83753.90625,83753.8984375,3423.390625,0.0078125,3423.3984375
885,84144.3,84282.8,84077.0,84253.4,11736.0,87161.9765625,83783.2421875,83783.234375,3378.734375,0.0078125,3378.7421875
886,84253.5,84346.9,84108.1,84123.6,12369.0,87149.3359375,83804.46875,83804.4609375,3344.8671875,0.0078125,3344.875
887,84123.6,84243.2,84105.0,84183.7,6456.0,87134.8046875,83836.171875,83836.1640625,3298.6328125,0.0078125,3298.640625
888,84183.7,84407.1,84175.8,84356.4,12382.0,87127.8984375,83883.7421875,83883.7265625,3244.15625,0.015625,3244.171875
889,84350.7,84350.7,84034.2,84086.3,10004.0,87134.2109375,83916.015625,83916.0078125,3218.1953125,0.0078125,3218.203125
890,84076.6,84152.9,84047.1,84143.1,8864.0,87129.1484375,83944.5859375,83944.5859375,3184.5625,0.0,3184.5625
891,84143.0,84386.4,84143.0,84366.4,7931.0,87139.0546875,83984.6796875,83984.6796875,3154.375,0.0,3154.375
892,84370.6,84424.5,84153.4,84209.8,9858.0,87151.578125,84022.8984375,84022.890625,3128.6796875,0.0078125,3128.6875
893,84209.5,84308.4,84150.1,84244.1,10672.0,87165.546875,84062.4296875,84062.4296875,3103.1171875,0.0,3103.1171875
894,84231.7,84277.4,84197.8,84265.0,4751.0,87186.40625,84100.046875,84100.046875,3086.359375,0.0,3086.359375
895,84269.4,84294.7,84186.8,84188.0,4961.0,87213.4921875,84122.0546875,84122.0625,3091.4375,0.0078125,3091.4296875
896,84197.3,84214.2,84110.1,84163.8,8754.0,87231.7734375,84137.3046875,84137.296875,3094.46875,0.0078125,3094.4765625
897,84167.6,84237.4,84125.5,84197.2,7185.0,87241.7265625,84150.5234375,84150.515625,3091.203125,0.0078125,3091.2109375
898,84199.2,84214.4,84134.1,84178.5,4214.0,87235.078125,84161.90625,84161.9140625,3073.171875,0.0078125,3073.1640625
899,84182.8,84243.3,84110.0,84110.1,9177.0,87221.1796875,84174.375,84174.3828125,3046.8046875,0.0078125,3046.796875
900,84110.0,84145.0,84000.9,84019.7,11135.0,87214.6484375,84178.1328125,84178.125,3036.515625,0.0078125,3036.5234375
901,84028.0,84028.1,83827.1,83878.1,31049.0,87193.2890625,84167.0546875,84167.0625,3026.234375,0.0078125,3026.2265625
902,83878.0,84009.6,83856.5,83953.2,4463.0,87158.4296875,84159.359375,84159.3671875,2999.0703125,0.0078125,2999.0625
903,83953.2,83980.8,83895.1,83918.3,6474.0,87093.2265625,84148.8359375,84148.84375,2944.390625,0.0078125,2944.3828125
904,83914.2,83935.5,83852.8,83852.8,6679.0,87065.4375,84134.578125,84134.578125,2930.859375,0.0,2930.859375
905,83841.9,83860.5,83741.6,83755.0,7145.0,87026.5,84109.65625,84109.6640625,2916.84375,0.0078125,2916.8359375
906,83759.2,83974.9,83745.7,83964.7,7273.0,86980.7421875,84101.7109375,84101.7109375,2879.03125,0.0,2879.03125
907,83964.7,84032.4,83898.7,83969.7,9174.0,86942.6171875,84091.0078125,84091.015625,2851.609375,0.0078125,2851.6015625
908,83969.7,84129.4,83968.1,84078.1,7156.0,86897.5234375,84077.09375,84077.1015625,2820.4296875,0.0078125,2820.421875
909,84073.9,84201.0,84073.0,84196.5,8198.0,86841.515625,84082.609375,84082.609375,2758.90625,0.0,2758.90625
910,84201.7,84201.7,84025.3,84045.2,8063.0,86770.625,84077.7109375,84077.7109375,2692.9140625,0.0,2692.9140625
911,84037.6,84037.8,83930.5,83979.7,5928.0,86691.984375,84058.375,84058.390625,2633.609375,0.015625,2633.59375
912,83977.9,83988.5,83936.0,83982.1,8969.0,86605.421875,84046.9921875,84047.0,2558.4296875,0.0078125,2558.421875
913,83979.3,83979.3,83847.1,83847.1,3779.0,86545.2734375,84027.1484375,84027.15625,2518.125,0.0078125,2518.1171875
914,83847.2,83916.9,83827.6,83827.6,7451.0,86480.1796875,84005.2734375,84005.28125,2474.90625,0.0078125,2474.8984375
915,83826.8,83826.8,83671.6,83685.5,10288.0,86406.2421875,83980.1484375,83980.15625,2426.09375,0.0078125,2426.0859375
916,83677.2,83750.0,83586.7,83735.2,11544.0,86327.0,83958.71875,83958.734375,2368.28125,0.015625,2368.265625
917,83728.8,83728.8,83536.6,83616.9,42094.0,86245.515625,83929.703125,83929.7109375,2315.8125,0.0078125,2315.8046875
918,83619.0,83698.3,83610.0,83610.6,4024.0,86177.953125,83901.3046875,83901.3125,2276.6484375,0.0078125,2276.640625
919,83608.5,83630.5,83587.0,83611.6,4610.0,86116.0859375,83876.390625,83876.390625,2239.6953125,0.0,2239.6953125
920,83615.8,83753.0,83608.5,83696.0,8401.0,86071.15625,83860.203125,83860.203125,2210.953125,0.0,2210.953125
921,83696.0,83808.4,83672.4,83771.7,8045.0,86026.3984375,83854.8828125,83854.8828125,2171.515625,0.0,2171.515625
922,83771.9,83797.2,83687.7,83743.3,7048.0,86001.859375,83844.390625,83844.390625,2157.46875,0.0,2157.46875
923,83749.0,83833.7,83689.7,83817.0,7983.0,85991.2421875,83839.328125,83839.3203125,2151.9140625,0.0078125,2151.921875
924,83825.4,83826.3,83705.9,83740.7,7670.0,85945.2421875,83833.71875,83833.71875,2111.5234375,0.0,2111.5234375
925,83740.1,83775.0,83627.8,83677.6,7738.0,85897.453125,83829.859375,83829.84375,2067.59375,0.015625,2067.609375
926,83666.0,83684.1,83608.1,83608.1,5996.0,85863.4140625,83812.0234375,83812.015625,2051.390625,0.0078125,2051.3984375
927,83608.2,83629.2,83549.2,83576.1,6533.0,85823.0859375,83792.3359375,83792.3359375,2030.75,0.0,2030.75
928,83583.8,83622.3,83548.1,83548.2,7330.0,85789.8671875,83765.84375,83765.84375,2024.0234375,0.0,2024.0234375
929,83555.1,83706.1,83555.1,83672.0,10687.0,85773.84375,83739.625,83739.6171875,2034.21875,0.0078125,2034.2265625
930,83678.4,84299.9,83579.7,84099.8,48233.0,85759.7734375,83742.3515625,83742.34375,2017.421875,0.0078125,2017.4296875
931,84092.4,84256.8,83848.1,83896.1,20421.0,85758.265625,83738.171875,83738.171875,2020.09375,0.0,2020.09375
932,83897.1,84299.9,83792.0,84270.3,17872.0,85775.1875,83752.578125,83752.5703125,2022.609375,0.0078125,2022.6171875
933,84261.5,84293.4,83986.8,84269.2,10392.0,85763.640625,83773.6796875,83773.671875,1989.9609375,0.0078125,1989.96875
934,84269.3,84820.2,84269.3,84762.7,44408.0,85770.1484375,83820.4375,83820.4375,1949.7109375,0.0,1949.7109375
935,84762.7,84900.0,84485.0,84890.9,32741.0,85790.2578125,83880.7109375,83880.703125,1909.546875,0.0078125,1909.5546875
936,84890.9,85001.8,84816.5,84976.8,62131.0,85810.4453125,83942.78125,83942.78125,1867.6640625,0.0,1867.6640625
937,84972.3,85140.8,84857.4,84864.4,30059.0,85830.5859375,84005.1640625,84005.15625,1825.421875,0.0078125,1825.4296875
938,84860.9,84992.7,84711.4,84800.2,12249.0,85853.8125,84064.6484375,84064.640625,1789.1640625,0.0078125,1789.171875
939,84797.1,85040.4,84796.9,84863.8,11989.0,85874.953125,84127.25,84127.2421875,1747.703125,0.0078125,1747.7109375
940,84855.5,85041.6,84700.0,85007.8,10696.0,85885.6640625,84192.84375,84192.828125,1692.8203125,0.015625,1692.8359375
941,85007.8,85267.7,85007.8,85169.7,18893.0,85900.9296875,84262.7421875,84262.734375,1638.1875,0.0078125,1638.1953125
942,85171.3,85279.8,84913.6,85028.8,11743.0,85914.7421875,84327.0234375,84327.0078125,1587.71875,0.015625,1587.734375
943,85028.8,85028.8,84774.4,84815.3,17450.0,85911.578125,84376.9296875,84376.921875,1534.6484375,0.0078125,1534.65625
944,84815.3,84968.6,84772.1,84907.1,9999.0,85924.4375,84435.2421875,84435.2421875,1489.1953125,0.0,1489.1953125
945,84917.0,84984.1,84649.0,84660.5,12520.0,85946.875,84484.390625,84484.3828125,1462.484375,0.0078125,1462.4921875
946,84656.3,84699.8,84407.8,84436.5,15972.0,85964.0859375,84525.8125,84525.796875,1438.2734375,0.015625,1438.2890625
947,84434.9,84539.6,84235.7,84261.3,11651.0,85988.0078125,84560.078125,84560.0625,1427.9296875,0.015625,1427.9453125
948,84265.7,84645.9,84251.6,84645.8,25414.0,86004.75,84614.953125,84614.9375,1389.796875,0.015625,1389.8125
949,84640.6,84671.3,84374.2,84546.2,8208.0,86002.78125,84658.65625,84658.65625,1344.125,0.0,1344.125
950,84534.6,84682.1,84494.5,84649.9,18914.0,86027.0703125,84686.171875,84686.1640625,1340.8984375,0.0078125,1340.90625
951,84650.6,84986.8,84570.9,84893.5,17548.0,86042.125,84736.0390625,84736.03125,1306.0859375,0.0078125,1306.09375
952,84893.4,85162.0,84781.0,85125.8,20141.0,86034.7265625,84778.8125,84778.8046875,1255.9140625,0.0078125,1255.921875
953,85141.6,85217.2,85078.1,85179.5,8645.0,86028.4453125,84824.328125,84824.3203125,1204.1171875,0.0078125,1204.125
954,85179.5,85427.9,85162.8,85400.7,20955.0,86014.6640625,84856.2265625,84856.2265625,1158.4375,0.0,1158.4375
955,85403.5,85488.7,85308.4,85417.0,8141.0,85994.125,84882.5234375,84882.53125,1111.6015625,0.0078125,1111.59375
956,85417.0,85417.0,85030.7,85069.6,20538.0,85973.9765625,84887.1640625,84887.171875,1086.8125,0.0078125,1086.8046875
957,85055.6,85190.8,85055.6,85060.6,6663.0,85958.5234375,84896.9765625,84896.984375,1061.546875,0.0078125,1061.5390625
958,85060.1,85154.7,85000.1,85122.8,11759.0,85930.546875,84913.109375,84913.109375,1017.4375,0.0,1017.4375
959,85122.8,85122.8,84836.1,84836.2,16029.0,85897.28125,84911.7265625,84911.734375,985.5546875,0.0078125,985.546875
960,84836.2,85103.4,84806.1,84820.4,13616.0,85864.4296875,84902.359375,84902.359375,962.0703125,0.0,962.0703125
961,84812.1,84833.6,84582.3,84582.3,12104.0,85824.7265625,84872.984375,84872.984375,951.7421875,0.0,951.7421875
962,84578.1,84628.0,84460.8,84469.8,16158.0,85788.28125,84845.0390625,84845.03125,943.2421875,0.0078125,943.25
963,84470.8,84551.8,84329.4,84551.7,10543.0,85766.1171875,84831.8671875,84831.859375,934.25,0.0078125,934.2578125
964,84556.0,84601.9,84415.7,84555.3,7480.0,85726.203125,84814.2734375,84814.265625,911.9296875,0.0078125,911.9375
965,84539.0,84713.2,84494.4,84632.7,20191.0,85687.046875,84812.8828125,84812.8828125,874.1640625,0.0,874.1640625
966,84632.6,84788.1,84526.3,84670.7,11339.0,85541.09375,84824.5859375,84824.59375,716.5078125,0.0078125,716.5
967,84670.0,84670.5,84503.8,84520.0,8458.0,85433.0859375,84837.5234375,84837.5234375,595.5625,0.0,595.5625
968,84520.1,84558.2,84307.6,84440.3,13741.0,85353.6875,84827.25,84827.25,526.4375,0.0,526.4375
969,84440.3,84502.6,84340.4,84454.2,4812.0,85258.5234375,84822.6484375,84822.65625,435.875,0.0078125,435.8671875
970,84454.1,84461.6,84317.9,84424.8,8405.0,85161.2109375,84811.3984375,84811.390625,349.8125,0.0078125,349.8203125
971,84424.8,84466.4,84317.9,84428.5,5970.0,85072.5078125,84788.1484375,84788.140625,284.359375,0.0078125,284.3671875
972,84428.5,84469.6,84304.4,84328.8,6193.0,84975.6796875,84748.3046875,84748.296875,227.375,0.0078125,227.3828125
973,84324.6,84341.3,84047.4,84155.2,19509.0,84904.6015625,84697.0859375,84697.078125,207.515625,0.0078125,207.5234375
974,84155.2,84252.7,84064.1,84174.1,6456.0,84852.40625,84635.75,84635.7421875,216.65625,0.0078125,216.6640625
975,84174.1,84294.7,84169.0,84187.5,9896.0,84793.515625,84574.2734375,84574.2734375,219.2421875,0.0,219.2421875
976,84186.0,84243.8,84129.5,84130.9,5068.0,84738.96875,84527.3359375,84527.3359375,211.6328125,0.0,211.6328125
977,84124.0,84124.0,83836.9,83943.2,13960.0,84667.7421875,84471.4609375,84471.46875,196.28125,0.0078125,196.2734375
978,83943.3,84075.7,83943.3,84063.2,18572.0,84601.4375,84418.4921875,84418.4921875,182.9453125,0.0,182.9453125
979,84067.1,84202.8,84029.6,84184.1,18730.0,84521.5390625,84385.8828125,84385.890625,135.65625,0.0078125,135.6484375
980,84184.6,84201.2,83800.1,83860.5,9955.0,84428.9609375,84337.890625,84337.8984375,91.0703125,0.0078125,91.0625
981,83860.4,83911.7,83750.0,83803.1,9483.0,84349.4921875,84298.9296875,84298.9375,50.5625,0.0078125,50.5546875
982,83803.4,84003.3,83686.4,83926.7,14106.0,84262.421875,84271.78125,84271.78125,9.359375,0.0,9.359375
983,83936.7,84116.6,83895.2,84063.1,5934.0,84175.078125,84247.34375,84247.359375,72.265625,0.015625,72.28125
984,84063.0,84068.0,83884.0,84056.9,11360.0,84106.7421875,84222.4296875,84222.4296875,115.6875,0.0,115.6875
985,84058.9,84344.3,84000.1,84130.2,22610.0,84028.53125,84197.296875,84197.3046875,168.765625,0.0078125,168.7734375
986,84143.8,84143.8,83805.5,83890.7,6890.0,84054.96875,84158.3046875,84158.3046875,103.3359375,0.0,103.3359375
987,83898.4,83898.4,83725.7,83767.8,7933.0,84037.3203125,84120.6875,84120.6953125,83.3671875,0.0078125,83.375
988,83769.1,83833.8,83644.4,83698.6,9021.0,83984.5234375,84083.609375,84083.609375,99.0859375,0.0,99.0859375
989,83698.6,83698.6,83592.7,83631.9,7309.0,83940.328125,84042.4921875,84042.4921875,102.1640625,0.0,102.1640625
990,83628.6,83711.6,83506.1,83646.8,14344.0,83882.0546875,84003.59375,84003.5859375,121.5390625,0.0078125,121.53125
991,83640.5,83826.1,83518.1,83826.1,13397.0,83819.1328125,83973.4765625,83973.4765625,154.34375,0.0,154.34375
992,83826.2,83863.0,83730.3,83806.9,14159.0,83752.4296875,83947.3828125,83947.375,194.953125,0.0078125,194.9453125
993,83793.4,83807.0,83529.3,83542.8,39490.0,83670.8046875,83916.7578125,83916.75,245.953125,0.0078125,245.9453125
994,83541.2,83617.5,83335.1,83363.5,30566.0,83551.796875,83876.234375,83876.21875,324.4375,0.015625,324.421875
995,83364.5,83410.2,83294.4,83322.6,14210.0,83449.296875,83832.9921875,83832.9765625,383.6953125,0.015625,383.6796875
996,83329.0,83414.6,83195.0,83211.9,12244.0,83318.328125,83787.046875,83787.0234375,468.71875,0.0234375,468.6953125
997,83211.9,83284.2,83062.6,83228.9,68510.0,83205.2578125,83751.328125,83751.3125,546.0703125,0.015625,546.0546875
998,83244.1,83284.0,83121.4,83169.0,11905.0,83102.015625,83706.6171875,83706.6015625,604.6015625,0.015625,604.5859375
999,83175.6,83183.9,82916.8,82937.8,19501.0,82994.53125,83644.3046875,83644.2890625,649.7734375,0.015625,649.7578125
1000,82925.6,82963.6,82843.7,82875.6,29655.0,82905.296875,83595.0546875,83595.046875,689.7578125,0.0078125,689.75
1001,82876.6,83021.4,82870.1,82967.0,8328.0,82812.6171875,83553.25,83553.234375,740.6328125,0.015625,740.6171875
1002,82972.2,83028.8,82784.3,82884.9,14024.0,82752.65625,83501.15625,83501.140625,748.5,0.015625,748.484375
1003,82870.4,83052.6,82846.0,83030.4,9470.0,82708.6171875,83449.515625,83449.515625,740.8984375,0.0,740.8984375
1004,83030.4,83299.0,83030.4,83225.5,16092.0,82641.796875,83407.9453125,83407.9453125,766.1484375,0.0,766.1484375
1005,83225.5,83375.9,83118.9,83354.1,17205.0,82582.2421875,83369.140625,83369.140625,786.8984375,0.0,786.8984375
1006,83346.1,83366.1,83235.0,83327.7,13563.0,82534.4296875,83340.9921875,83340.9921875,806.5625,0.0,806.5625
1007,83327.7,83387.0,83234.4,83319.0,10598.0,82491.578125,83318.546875,83318.546875,826.96875,0.0,826.96875
1008,83328.2,83367.4,83068.8,83169.0,9307.0,82468.2890625,83292.0703125,83292.0703125,823.78125,0.0,823.78125
1009,83191.0,83333.0,83145.0,83262.0,5816.0,82479.953125,83273.5703125,83273.578125,793.6171875,0.0078125,793.625
1010,83261.8,83261.8,83098.2,83204.9,7128.0,82487.5859375,83251.484375,83251.484375,763.8984375,0.0,763.8984375
1011,83205.8,83210.9,82950.1,83020.0,10240.0,82500.3046875,83211.171875,83211.171875,710.8671875,0.0,710.8671875
1012,83010.3,83025.3,82811.0,82841.7,16781.0,82533.5,83162.90625,83162.921875,629.40625,0.015625,629.421875
1013,82845.8,82866.4,82718.4,82830.3,12697.0,82552.2421875,83127.2890625,83127.2890625,575.046875,0.0,575.046875
1014,82857.7,83147.1,82857.7,83096.5,12846.0,82587.3203125,83113.9375,83113.9296875,526.6171875,0.0078125,526.609375
1015,83085.2,83168.2,82984.1,83070.7,10440.0,82599.875,83101.34375,83101.34375,501.46875,0.0,501.46875
1016,83080.9,83200.2,82974.4,83158.8,10932.0,82627.8984375,83098.6875,83098.6953125,470.7890625,0.0078125,470.796875
1017,83158.9,83160.0,82927.1,82927.1,5971.0,82640.0390625,83083.59375,83083.609375,443.5546875,0.015625,443.5703125
1018,82922.4,82988.2,82783.7,82963.5,13592.0,82645.6640625,83073.3203125,83073.328125,427.65625,0.0078125,427.6640625
1019,82965.8,82977.4,82875.1,82922.3,7153.0,82667.265625,83072.5546875,83072.546875,405.2890625,0.0078125,405.28125
1020,82922.3,83030.4,82889.2,82941.3,11976.0,82685.71875,83075.8359375,83075.828125,390.1171875,0.0078125,390.109375
1021,82950.1,83099.9,82902.3,83002.0,9003.0,82684.5234375,83077.5859375,83077.578125,393.0625,0.0078125,393.0546875
1022,82996.5,83020.0,82769.9,82843.9,19729.0,82669.6171875,83075.5390625,83075.5234375,405.921875,0.015625,405.90625
1023,82843.8,82883.9,82707.7,82783.4,17817.0,82625.4296875,83063.1875,83063.171875,437.7578125,0.015625,437.7421875
1024,82762.5,82762.5,82445.9,82450.1,38999.0,82552.9453125,83024.421875,83024.4140625,471.4765625,0.0078125,471.46875
1025,82457.3,82604.0,82310.6,82464.0,20183.0,82462.53125,82979.9140625,82979.90625,517.3828125,0.0078125,517.375
1026,82463.2,82533.3,82345.6,82498.0,12211.0,82405.3828125,82938.4296875,82938.421875,533.046875,0.0078125,533.0390625
1027,82490.7,82738.0,82431.8,82664.8,11469.0,82405.3828125,82905.71875,82905.7109375,500.3359375,0.0078125,500.328125
1028,82683.2,83082.3,82666.0,82839.8,14730.0,82404.4609375,82889.2578125,82889.2578125,484.796875,0.0,484.796875
1029,82843.1,82933.7,82700.1,82887.1,6414.0,82393.59375,82870.5078125,82870.515625,476.9140625,0.0078125,476.921875
1030,82888.2,82990.1,82829.2,82875.8,8653.0,82421.2421875,82854.0546875,82854.046875,432.8125,0.0078125,432.8046875
1031,82888.0,82961.2,82739.9,82799.9,10151.0,82433.4765625,82843.0546875,82843.046875,409.578125,0.0078125,409.5703125
1032,82820.8,82825.6,82633.4,82714.6,15778.0,82439.6328125,82836.6875,82836.6875,397.0546875,0.0,397.0546875
1033,82715.6,82988.3,82715.6,82955.1,9882.0,82474.3203125,82842.9296875,82842.921875,368.609375,0.0078125,368.6015625
1034,82963.1,82967.7,82783.6,82919.9,7372.0,82513.640625,82834.1015625,82834.1015625,320.4609375,0.0,320.4609375
1035,82913.9,82927.3,82831.9,82909.1,4950.0,82586.3359375,82826.0234375,82826.0234375,239.6875,0.0,239.6875
1036,82910.5,82960.7,82740.6,82909.9,8216.0,82648.5390625,82813.578125,82813.578125,165.0390625,0.0,165.0390625
1037,82921.7,83124.8,82802.1,82885.1,10440.0,82705.6484375,82811.4765625,82811.484375,105.828125,0.0078125,105.8359375
1038,82885.2,82910.2,82579.6,82602.9,8948.0,82764.265625,82793.4453125,82793.453125,29.1796875,0.0078125,29.1875
1039,82597.0,82746.2,82551.9,82745.7,6251.0,82846.328125,82784.6171875,82784.625,61.7109375,0.0078125,61.703125
1040,82746.0,82972.1,82713.0,82924.8,8474.0,82934.6875,82783.796875,82783.796875,150.890625,0.0,150.890625
1041,82931.2,83200.3,82842.8,83181.5,11690.0,83052.7421875,82792.765625,82792.7734375,259.9765625,0.0078125,259.96875
1042,83169.5,83271.3,82972.3,82976.7,31206.0,83151.4140625,82799.40625,82799.4140625,352.0078125,0.0078125,352.0
1043,82981.4,83032.6,82853.1,82971.3,13061.0,83262.8125,82808.8046875,82808.8046875,454.0078125,0.0,454.0078125
1044,82965.3,83145.1,82965.3,83098.3,9214.0,83402.03125,82841.2109375,82841.2109375,560.8203125,0.0,560.8203125
1045,83087.7,83197.7,82994.5,83182.7,6665.0,83569.671875,82877.1484375,82877.1484375,692.5234375,0.0,692.5234375
1046,83178.7,83229.1,83127.5,83133.0,7498.0,83681.6796875,82908.8984375,82908.8984375,772.78125,0.0,772.78125
1047,83128.0,83223.0,83102.7,83174.7,5256.0,83723.8125,82934.390625,82934.390625,789.421875,0.0,789.421875
1048,83174.6,83307.3,83072.9,83184.5,35632.0,83770.953125,82951.6328125,82951.6328125,819.3203125,0.0,819.3203125
1049,83184.6,83284.5,83088.8,83284.5,6360.0,83794.4375,82971.4921875,82971.5,822.9453125,0.0078125,822.9375
1050,83272.9,83346.8,83179.9,83179.9,13760.0,83829.6171875,82986.7109375,82986.703125,842.90625,0.0078125,842.9140625
1051,83179.7,83184.8,83045.7,83052.5,4461.0,83907.5859375,82999.3359375,82999.3359375,908.25,0.0,908.25
1052,83052.4,83146.3,82935.9,83116.1,10939.0,83984.2421875,83019.4140625,83019.4140625,964.828125,0.0,964.828125
1053,83100.4,83247.2,83088.1,83180.9,7460.0,84032.9453125,83030.703125,83030.703125,1002.2421875,0.0,1002.2421875
1054,83176.7,83247.2,83113.7,83113.7,4538.0,84104.640625,83040.3984375,83040.390625,1064.2421875,0.0078125,1064.25
1055,83112.5,83218.2,83097.6,83143.2,4559.0,84156.1484375,83052.09375,83052.1015625,1104.0546875,0.0078125,1104.046875
1056,83147.8,83445.2,83122.1,83399.3,9186.0,84196.046875,83076.5625,83076.5703125,1119.484375,0.0078125,1119.4765625
1057,83393.7,83643.2,83384.8,83617.9,18477.0,84247.8046875,83113.203125,83113.203125,1134.6015625,0.0,1134.6015625
1058,83616.3,83796.2,83572.4,83765.2,20164.0,84282.890625,83171.3203125,83171.3203125,1111.5703125,0.0,1111.5703125
1059,83761.1,83769.4,83530.7,83549.3,9553.0,84288.515625,83211.4921875,83211.5,1077.0234375,0.0078125,1077.015625
1060,83552.4,83699.9,83552.4,83664.0,8323.0,84285.234375,83248.4609375,83248.4609375,1036.7734375,0.0,1036.7734375
1061,83663.9,83696.4,83552.1,83583.8,8161.0,84252.34375,83268.578125,83268.5703125,983.765625,0.0078125,983.7734375
1062,83581.5,83617.6,83483.5,83502.9,9247.0,84217.28125,83294.8828125,83294.875,922.3984375,0.0078125,922.40625
1063,83498.6,83528.3,83410.5,83410.5,6310.0,84166.8046875,83316.84375,83316.8359375,849.9609375,0.0078125,849.96875
1064,83419.0,83419.1,83243.2,83355.1,44546.0,84122.421875,83329.6875,83329.6796875,792.734375,0.0078125,792.7421875
1065,83365.5,83365.5,83137.7,83245.0,10509.0,84076.9609375,83332.8046875,83332.796875,744.15625,0.0078125,744.1640625
1066,83244.9,83472.3,83217.3,83376.4,11346.0,84026.1171875,83344.96875,83344.9609375,681.1484375,0.0078125,681.15625
1067,83379.7,83599.9,83379.7,83593.4,5674.0,83993.7578125,83365.90625,83365.8984375,627.8515625,0.0078125,627.859375
1068,83593.4,83810.5,83593.4,83773.3,12094.0,83942.078125,83395.34375,83395.3359375,546.734375,0.0078125,546.7421875
1069,83778.5,83884.0,83778.5,83853.8,8720.0,83906.65625,83423.8125,83423.8046875,482.84375,0.0078125,482.8515625
1070,83856.0,83932.0,83741.5,83919.5,6771.0,83840.953125,83460.796875,83460.78125,380.15625,0.015625,380.171875
1071,83916.6,84107.5,83916.6,84096.0,22793.0,83731.0859375,83512.96875,83512.953125,218.1171875,0.015625,218.1328125
1072,84094.0,84469.1,84059.2,84469.1,44748.0,83638.8828125,83580.6171875,83580.609375,58.265625,0.0078125,58.2734375
1073,84469.1,84537.4,84331.0,84471.8,17837.0,83565.828125,83645.15625,83645.15625,79.328125,0.0,79.328125
1074,84468.2,84514.9,84353.3,84407.5,7191.0,83465.8984375,83709.84375,83709.84375,243.9453125,0.0,243.9453125
1075,84405.0,84594.4,84400.8,84531.8,17853.0,83398.015625,83779.2734375,83779.265625,381.2578125,0.0078125,381.25
1076,84531.8,84779.9,84531.8,84728.3,10834.0,83340.953125,83845.7265625,83845.7265625,504.7734375,0.0,504.7734375
1077,84726.2,84730.2,84553.1,84639.2,8104.0,83307.609375,83896.796875,83896.796875,589.1875,0.0,589.1875
1078,84645.4,84843.4,84645.4,84788.6,6836.0,83323.4296875,83947.9609375,83947.9609375,624.53125,0.0,624.53125
1079,84802.4,84937.8,84788.9,84921.0,9863.0,83359.6953125,84016.5546875,84016.546875,656.859375,0.0078125,656.8515625
1080,84921.0,84963.5,84713.3,84825.4,29305.0,83402.7890625,84074.6171875,84074.6171875,671.828125,0.0,671.828125
1081,84825.4,84832.5,84578.6,84643.4,31444.0,83483.140625,84127.6015625,84127.6015625,644.4609375,0.0,644.4609375
1082,84648.7,84856.0,84635.0,84707.8,12198.0,83562.625,84187.84375,84187.84375,625.21875,0.0,625.21875
1083,84713.1,84934.3,84713.1,84924.9,22912.0,83672.2265625,84263.5625,84263.5625,591.3359375,0.0,591.3359375
1084,84924.9,85000.0,84870.7,84992.2,7445.0,83787.6015625,84345.4140625,84345.421875,557.8125,0.0078125,557.8203125
1085,84988.3,85033.8,84865.2,84981.3,7177.0,83883.3984375,84432.234375,84432.234375,548.8359375,0.0,548.8359375
1086,84981.5,85175.3,84981.5,85131.6,10751.0,84013.078125,84519.9921875,84519.984375,506.9140625,0.0078125,506.90625
1087,85132.1,85495.4,85088.0,85405.6,32002.0,84121.421875,84610.59375,84610.609375,489.171875,0.015625,489.1875
1088,85414.1,85414.1,85208.4,85305.7,15830.0,84242.5234375,84687.2109375,84687.2265625,444.6875,0.015625,444.703125
1089,85305.7,85471.1,85301.4,85384.0,5496.0,84364.5859375,84763.7265625,84763.734375,399.140625,0.0078125,399.1484375
1090,85383.9,85383.9,85109.7,85229.7,15122.0,84462.1328125,84829.2421875,84829.25,367.109375,0.0078125,367.1171875
1091,85228.3,85329.5,85143.0,85234.0,10143.0,84577.0390625,84886.140625,84886.1484375,309.1015625,0.0078125,309.109375
1092,85242.4,85311.9,85073.9,85155.1,14359.0,84649.6796875,84920.4375,84920.4453125,270.7578125,0.0078125,270.765625
1093,85166.3,85242.2,85024.3,85132.6,10146.0,84685.921875,84953.4921875,84953.4921875,267.5703125,0.0,267.5703125
1094,85162.9,85233.7,85104.3,85130.0,9191.0,84708.2421875,84989.609375,84989.6171875,281.3671875,0.0078125,281.375
1095,85131.1,85316.6,85120.1,85194.0,7822.0,84694.0234375,85022.71875,85022.7265625,328.6953125,0.0078125,328.703125
1096,85201.8,85285.2,85079.0,85131.4,8329.0,84699.7734375,85042.875,85042.8828125,343.1015625,0.0078125,343.109375
1097,85160.4,85295.5,84984.1,85144.8,17961.0,84714.75,85068.1484375,85068.15625,353.3984375,0.0078125,353.40625
1098,85144.8,85407.8,85127.1,85361.0,17528.0,84700.9453125,85096.7734375,85096.78125,395.828125,0.0078125,395.8359375
1099,85361.0,85448.1,85123.2,85123.2,8249.0,84688.359375,85106.8828125,85106.890625,418.5234375,0.0078125,418.53125
1100,85123.2,85130.6,84951.8,85037.8,10494.0,84665.2265625,85117.5078125,85117.5,452.28125,0.0078125,452.2734375
1101,85042.0,85250.6,85016.8,85054.9,12391.0,84646.3046875,85138.0859375,85138.078125,491.78125,0.0078125,491.7734375
1102,85063.5,85277.3,85063.5,85188.7,10834.0,84629.421875,85162.1328125,85162.125,532.7109375,0.0078125,532.703125
1103,85187.8,85337.9,85118.3,85337.9,10198.0,84592.453125,85182.7890625,85182.7734375,590.3359375,0.015625,590.3203125
1104,85346.5,85444.5,85329.2,85392.6,13602.0,84559.8046875,85202.8046875,85202.796875,643.0,0.0078125,642.9921875
1105,85393.9,85561.9,85319.7,85418.8,11914.0,84536.6875,85224.6796875,85224.671875,687.9921875,0.0078125,687.984375
1106,85417.8,85429.4,85300.1,85300.4,8748.0,84491.9296875,85233.1171875,85233.109375,741.1875,0.0078125,741.1796875
1107,85300.0,85300.0,85090.5,85152.2,6980.0,84463.171875,85220.453125,85220.4375,757.28125,0.015625,757.265625
1108,85153.2,85165.3,85047.3,85085.0,10597.0,84447.1015625,85209.40625,85209.40625,762.3046875,0.0,762.3046875
1109,85085.0,85226.7,85085.0,85199.7,8634.0,84427.1796875,85200.1953125,85200.1953125,773.015625,0.0,773.015625
1110,85195.7,85336.2,85195.7,85319.5,6052.0,84414.8046875,85204.6796875,85204.6796875,789.875,0.0,789.875
1111,85325.4,85429.3,85285.5,85289.7,7594.0,84412.4921875,85207.4609375,85207.4609375,794.96875,0.0,794.96875
1112,85285.6,85346.4,85205.0,85346.4,5640.0,84413.578125,85217.0234375,85217.03125,803.4453125,0.0078125,803.453125
1113,85342.2,85423.8,85333.7,85423.7,8240.0,84437.515625,85231.5859375,85231.59375,794.0703125,0.0078125,794.078125
1114,85410.8,85471.1,85387.4,85430.1,7198.0,84462.1640625,85246.5859375,85246.59375,784.421875,0.0078125,784.4296875
1115,85426.0,85471.1,85315.3,85394.0,5488.0,84498.484375,85256.5859375,85256.6015625,758.1015625,0.015625,758.1171875
1116,85397.6,85463.6,85352.0,85463.6,7635.0,84537.9765625,85273.1953125,85273.203125,735.21875,0.0078125,735.2265625
1117,85471.1,85471.1,85238.8,85252.8,8913.0,84530.1484375,85278.6015625,85278.609375,748.453125,0.0078125,748.4609375
1118,85247.5,85285.1,85058.4,85130.4,12347.0,84526.2265625,85267.0625,85267.0703125,740.8359375,0.0078125,740.84375
1119,85139.0,85276.5,85129.6,85169.9,15130.0,84492.3359375,85269.3984375,85269.3984375,777.0625,0.0,777.0625
1120,85181.6,85200.2,85075.3,85088.0,8698.0,84454.8984375,85271.9140625,85271.9140625,817.015625,0.0,817.015625
1121,85088.0,85200.0,84990.6,85200.0,18433.0,84390.9140625,85279.1796875,85279.1640625,888.265625,0.015625,888.25
1122,85200.0,85268.6,85181.8,85237.4,5815.0,84336.0546875,85281.609375,85281.6015625,945.5546875,0.0078125,945.546875
1123,85240.1,85268.1,85166.9,85205.4,5931.0,84313.59375,85274.9921875,85274.96875,961.3984375,0.0234375,961.375
1124,85198.0,85198.4,85125.6,85172.6,3847.0,84288.7734375,85263.9921875,85263.9765625,975.21875,0.015625,975.203125
1125,85173.4,85384.5,85173.4,85335.4,18953.0,84287.3125,85259.8203125,85259.8046875,972.5078125,0.015625,972.4921875
1126,85343.1,85349.8,85102.7,85181.6,8900.0,84280.171875,85253.875,85253.875,973.703125,0.0,973.703125
1127,85186.6,85246.2,85127.0,85230.2,5599.0,84279.09375,85257.7734375,85257.765625,978.6796875,0.0078125,978.671875
1128,85224.5,85288.6,85170.3,85281.0,4742.0,84258.6171875,85267.578125,85267.5703125,1008.9609375,0.0078125,1008.953125
1129,85281.0,85355.8,85279.4,85318.8,9746.0,84242.171875,85273.5234375,85273.5234375,1031.3515625,0.0,1031.3515625
1130,85318.7,85318.7,85180.9,85189.8,5384.0,84238.921875,85267.046875,85267.0390625,1028.125,0.0078125,1028.1171875
1131,85183.3,85269.7,85161.6,85223.7,6086.0,84218.1640625,85263.7421875,85263.734375,1045.578125,0.0078125,1045.5703125
1132,85222.7,85222.7,85020.0,85020.0,7734.0,84239.578125,85247.421875,85247.421875,1007.84375,0.0,1007.84375
1133,85006.4,85052.3,84906.1,84906.1,7145.0,84267.3359375,85221.5390625,85221.5390625,954.203125,0.0,954.203125
1134,84905.8,84951.2,84779.9,84868.0,12524.0,84310.8828125,85193.4296875,85193.4296875,882.546875,0.0,882.546875
1135,84860.9,85071.5,84860.9,84990.3,8568.0,84360.0859375,85173.25,85173.2421875,813.1640625,0.0078125,813.15625
1136,84988.0,84988.0,84879.2,84910.6,8412.0,84411.1640625,85145.59375,85145.6015625,734.4296875,0.0078125,734.4375
1137,84910.7,84992.1,84867.1,84961.3,5568.0,84480.7890625,85131.0234375,85131.0234375,650.234375,0.0,650.234375
1138,84957.2,85017.6,84882.3,84901.1,4003.0,84541.734375,85119.5546875,85119.5625,577.8203125,0.0078125,577.828125
1139,84897.8,84949.5,84831.7,84855.1,9828.0,84606.1328125,85103.8203125,85103.828125,497.6875,0.0078125,497.6953125
1140,84871.0,84949.6,84782.5,84790.1,4940.0,84688.6484375,85088.9296875,85088.921875,400.28125,0.0078125,400.2734375
1141,84788.3,84808.4,84700.0,84751.4,8883.0,84770.3828125,85066.4921875,85066.4921875,296.109375,0.0,296.109375
1142,84754.7,84754.7,84570.5,84612.5,12330.0,84842.8046875,85035.25,85035.25,192.4453125,0.0,192.4453125
1143,84604.1,84637.0,84327.4,84423.9,40936.0,84889.578125,84996.1796875,84996.171875,106.6015625,0.0078125,106.59375
1144,84420.7,84420.7,84208.6,84229.8,10888.0,84918.7265625,84949.0390625,84949.0390625,30.3125,0.0,30.3125
1145,84229.8,84290.6,84004.7,84024.3,17100.0,84933.3671875,84883.4921875,84883.484375,49.875,0.0078125,49.8828125
1146,84012.6,84258.9,83913.9,84150.8,11053.0,84935.9296875,84831.9453125,84831.9375,103.984375,0.0078125,103.9921875
1147,84150.8,84159.2,83900.0,83998.3,31858.0,84930.125,84770.3515625,84770.3359375,159.7734375,0.015625,159.7890625
1148,83998.4,84009.6,83758.2,83909.4,21347.0,84935.0859375,84701.765625,84701.7578125,233.3203125,0.0078125,233.328125
1149,83909.5,84162.2,83873.9,84122.5,18923.0,84935.5234375,84641.953125,84641.9375,293.5703125,0.015625,293.5859375
1150,84122.4,84122.4,83911.3,83937.3,10531.0,84929.6796875,84579.328125,84579.3125,350.3515625,0.015625,350.3671875
1151,83951.5,84061.3,83783.2,83928.5,11695.0,84924.8828125,84514.5625,84514.546875,410.3203125,0.015625,410.3359375
1152,83934.7,83934.7,83774.4,83783.4,7850.0,81450.703125,84452.734375,84452.7265625,3002.03125,0.0078125,3002.0234375
1153,83792.7,83857.4,83586.1,83627.4,36647.0,77553.140625,84388.8046875,84388.7890625,6835.6640625,0.015625,6835.6484375
1154,83623.2,83674.0,83547.0,83663.7,8006.0,73574.8359375,84328.5859375,84328.578125,10753.75,0.0078125,10753.7421875
1155,83660.6,83695.7,83545.4,83676.7,7245.0,69522.7734375,84262.90625,84262.90625,14740.1328125,0.0,14740.1328125
1156,83682.7,83777.7,83607.0,83716.5,13175.0,65570.90625,84203.203125,84203.203125,18632.296875,0.0,18632.296875
1157,83715.4,83715.4,83408.4,83449.0,20753.0,61476.46875,84127.5859375,84127.5859375,22651.1171875,0.0,22651.1171875
1158,83446.0,83498.2,83387.0,83480.7,13874.0,57569.0625,84056.5625,84056.578125,26487.5,0.015625,26487.515625
1159,83493.3,83525.2,83452.6,83455.1,6233.0,53966.3203125,83986.5546875,83986.578125,30020.234375,0.0234375,30020.2578125
1160,83471.8,83471.8,83291.7,83334.0,12585.0,49926.23046875,83913.7421875,83913.765625,33987.51171875,0.0234375,33987.53515625
1161,83342.4,83617.9,83325.6,83576.7,11625.0,45898.3125,83855.015625,83855.03125,37956.703125,0.015625,37956.71875
1162,83584.9,83594.5,83415.2,83489.9,7671.0,41903.55859375,83798.875,83798.8984375,41895.31640625,0.0234375,41895.33984375
1163,83460.4,83604.4,83436.0,83525.7,6586.0,38586.35546875,83753.96875,83753.984375,45167.61328125,0.015625,45167.62890625
1164,83525.8,83653.4,83477.7,83620.6,9151.0,34685.83984375,83723.515625,83723.53125,49037.67578125,0.015625,49037.69140625
1165,83629.0,83964.9,83580.7,83882.4,25524.0,30680.466796875,83716.421875,83716.4296875,53035.955078125,0.0078125,53035.962890625
1166,83890.1,83915.8,83752.2,83793.9,9105.0,26777.509765625,83698.5859375,83698.5859375,56921.076171875,0.0,56921.076171875
1167,83798.6,83938.7,83798.5,83880.9,12169.0,22961.830078125,83692.7109375,83692.71875,60730.880859375,0.0078125,60730.888671875
1168,83881.0,84189.7,83881.0,84072.7,17582.0,18938.150390625,83700.875,83700.8828125,64762.724609375,0.0078125,64762.732421875
1169,84072.6,84110.0,83977.5,84070.0,8548.0,15160.9951171875,83698.25,83698.2578125,68537.2548828125,0.0078125,68537.2626953125
1170,84066.4,84172.1,83973.2,84144.1,11358.0,11175.7001953125,83708.6015625,83708.59375,72532.9013671875,0.0078125,72532.8935546875
1171,84139.7,84290.6,84139.7,84254.7,9421.0,7419.64990234375,83724.90625,83724.90625,76305.25634765625,0.0,76305.25634765625
1172,84258.5,84413.2,84225.4,84413.2,12062.0,6868.0,83756.3984375,83756.3984375,76888.3984375,0.0,76888.3984375
1173,84413.2,84433.4,84171.6,84195.6,15662.0,6807.75,83784.8125,83784.8125,76977.0625,0.0,76977.0625
1174,84200.2,84304.5,84200.2,84296.3,3366.0,6750.0,83816.4453125,83816.4375,77066.4453125,0.0078125,77066.4375
1175,84296.4,84338.8,84269.6,84338.8,8487.0,6746.9501953125,83849.5390625,83849.5390625,77102.5888671875,0.0,77102.5888671875
1176,84347.4,84581.3,84347.4,84485.4,12701.0,7033.9501953125,83887.9921875,83887.984375,76854.0419921875,0.0078125,76854.0341796875
1177,84487.4,84546.4,84484.0,84509.9,5394.0,7291.35009765625,83941.0390625,83941.0234375,76649.68896484375,0.015625,76649.67333984375
1178,84509.9,84590.6,84498.0,84536.8,6268.0,7028.25,83993.8359375,83993.828125,76965.5859375,0.0078125,76965.578125
1179,84533.6,84566.9,84485.3,84517.0,5349.0,6857.7001953125,84046.9296875,84046.921875,77189.2294921875,0.0078125,77189.2216796875
1180,84524.8,84553.9,84337.7,84382.3,14614.0,7345.89990234375,84099.3515625,84099.328125,76753.45166015625,0.0234375,76753.42822265625
1181,84392.1,84400.7,84168.8,84349.4,33939.0,7300.9501953125,84137.984375,84137.96875,76837.0341796875,0.015625,76837.0185546875
1182,84365.0,84388.0,84278.7,84349.9,6606.0,7243.60009765625,84180.984375,84180.9765625,76937.38427734375,0.0078125,76937.37646484375
1183,84345.6,84472.3,84345.6,84462.4,5434.0,6697.30029296875,84227.8203125,84227.8046875,77530.52001953125,0.015625,77530.50439453125
1184,84465.5,84531.8,84428.4,84529.1,16535.0,6475.4501953125,84273.2421875,84273.234375,77797.7919921875,0.0078125,77797.7841796875
1185,84532.3,84587.4,84397.0,84448.4,7372.0,6396.7001953125,84301.546875,84301.53125,77904.8466796875,0.015625,77904.8310546875
1186,84452.6,84506.9,84426.9,84432.8,6998.0,6450.25,84333.4921875,84333.4765625,77883.2421875,0.015625,77883.2265625
1187,84436.5,84559.0,84403.6,84559.0,5150.0,6181.2001953125,84367.3984375,84367.3828125,78186.1982421875,0.015625,78186.1826171875
1188,84559.0,85041.7,84547.6,84927.3,23950.0,6245.25,84410.1171875,84410.109375,78164.8671875,0.0078125,78164.859375
1189,84929.4,85082.1,84766.9,84804.0,12416.0,6183.75,84446.8203125,84446.8125,78263.0703125,0.0078125,78263.0625
1190,84803.0,85016.3,84803.0,84878.2,11871.0,6797.39990234375,84483.5234375,84483.5234375,77686.12353515625,0.0,77686.12353515625
1191,84877.0,84977.4,84773.4,84844.7,7295.0,7222.55029296875,84513.0234375,84513.015625,77290.47314453125,0.0078125,77290.46533203125
1192,84851.2,84856.0,84676.1,84707.5,12813.0,7792.9501953125,84527.7265625,84527.734375,76734.7763671875,0.0078125,76734.7841796875
1193,84720.3,84870.1,84720.3,84795.0,5609.0,7698.4501953125,84557.6953125,84557.703125,76859.2451171875,0.0078125,76859.2529296875
1194,84777.9,84777.9,84558.1,84683.4,7423.0,7915.85009765625,84577.0546875,84577.0625,76661.20458984375,0.0078125,76661.21240234375
1195,84666.5,84714.0,84598.9,84711.8,5164.0,7864.55029296875,84595.7109375,84595.7109375,76731.16064453125,0.0,76731.16064453125
1196,84707.5,84745.1,84601.9,84646.0,5867.0,7655.2001953125,84603.734375,84603.7421875,76948.5341796875,0.0078125,76948.5419921875
1197,84645.3,84657.8,84504.9,84595.3,6202.0,7636.4501953125,84608.0078125,84608.015625,76971.5576171875,0.0078125,76971.5654296875
1198,84584.1,84642.0,84556.9,84621.6,3858.0,8900.5,84612.25,84612.25,75711.75,0.0,75711.75
1199,84612.8,84636.4,84562.6,84574.1,6899.0,9468.3505859375,84615.109375,84615.109375,75146.7587890625,0.0,75146.7587890625
1200,84579.3,84653.4,84561.3,84595.8,4130.0,9258.900390625,84625.7734375,84625.78125,75366.873046875,0.0078125,75366.880859375
1201,84601.0,84657.3,84428.3,84428.3,6261.0,9582.6005859375,84629.71875,84629.7265625,75047.1181640625,0.0078125,75047.1259765625
1202,84432.6,84573.7,84432.6,84560.2,7631.0,9524.650390625,84640.2421875,84640.234375,75115.591796875,0.0078125,75115.583984375
1203,84547.6,84699.9,84523.2,84684.8,5995.0,9351.2998046875,84651.3671875,84651.359375,75300.0673828125,0.0078125,75300.0595703125
1204,84689.0,84767.0,84628.4,84749.9,10380.0,9655.8505859375,84662.40625,84662.3984375,75006.5556640625,0.0078125,75006.5478515625
1205,84752.5,84798.4,84665.3,84666.3,4803.0,9827.400390625,84673.3046875,84673.296875,74845.904296875,0.0078125,74845.896484375
1206,84668.5,84668.5,84573.8,84594.9,4486.0,9681.3505859375,84681.4140625,84681.390625,75000.0634765625,0.0234375,75000.0400390625
1207,84603.5,84632.9,84568.0,84579.0,5117.0,9946.3505859375,84682.40625,84682.3984375,74736.0556640625,0.0078125,74736.0478515625
1208,84574.0,84622.8,84543.6,84622.8,4226.0,9926.0,84667.1796875,84667.171875,74741.1796875,0.0078125,74741.171875
1209,84622.8,84838.7,84622.8,84818.8,6063.0,9835.6005859375,84667.9296875,84667.9140625,74832.3291015625,0.015625,74832.3134765625
1210,84823.0,84893.5,84713.3,84753.6,5369.0,9257.8505859375,84661.6875,84661.6796875,75403.8369140625,0.0078125,75403.8291015625
1211,84753.5,84787.4,84651.2,84735.2,7993.0,8496.3505859375,84656.2109375,84656.2109375,76159.8603515625,0.0,76159.8603515625
1212,84736.2,84751.3,84611.1,84628.1,3401.0,7876.2001953125,84652.2421875,84652.2421875,76776.0419921875,0.0,76776.0419921875
1213,84619.0,84619.0,84500.1,84528.5,5541.0,7960.60009765625,84638.9140625,84638.921875,76678.31396484375,0.0078125,76678.32177734375
1214,84515.0,84601.6,84491.5,84564.8,4341.0,7742.5,84632.984375,84632.984375,76890.484375,0.0,76890.484375
1215,84560.6,84560.6,84477.0,84550.4,4307.0,7745.25,84624.9140625,84624.921875,76879.6640625,0.0078125,76879.671875
1216,84559.1,84682.5,84556.3,84682.5,3839.0,7538.2001953125,84626.7421875,84626.7421875,77088.5419921875,0.0,77088.5419921875
1217,84686.6,84718.5,84635.9,84718.5,4857.0,7338.4501953125,84632.8984375,84632.90625,77294.4482421875,0.0078125,77294.4560546875
1218,84709.0,84710.8,84545.8,84555.3,3550.0,6462.80029296875,84629.5859375,84629.5859375,78166.78564453125,0.0,78166.78564453125
1219,84571.0,84762.2,84567.1,84759.5,4013.0,5790.2001953125,84638.8515625,84638.859375,78848.6513671875,0.0078125,78848.6591796875
1220,84759.5,84912.6,84702.4,84889.8,5755.0,6129.55029296875,84653.5546875,84653.5546875,78524.00439453125,0.0,78524.00439453125
1221,84896.8,84968.5,84896.8,84961.3,5503.0,5790.85009765625,84680.203125,84680.203125,78889.35302734375,0.0,78889.35302734375
1222,84960.5,85023.8,84845.7,84852.6,7672.0,5791.0,84694.8203125,84694.828125,78903.8203125,0.0078125,78903.828125
1223,84871.0,84892.0,84759.8,84883.9,8826.0,5688.0,84704.7734375,84704.7734375,79016.7734375,0.0,79016.7734375
1224,84884.9,84952.4,84811.6,84914.5,4672.0,5396.7001953125,84713.015625,84713.015625,79316.3154296875,0.0,79316.3154296875
1225,84901.7,85024.2,84901.7,84973.7,4123.0,5185.80029296875,84728.3828125,84728.3828125,79542.58251953125,0.0,79542.58251953125
1226,84970.0,85009.0,84947.1,84955.7,3577.0,5121.30029296875,84746.4296875,84746.421875,79625.12939453125,0.0078125,79625.12158203125
1227,84969.0,84973.7,84936.4,84937.4,2647.0,4872.10009765625,84764.34375,84764.34375,79892.24365234375,0.0,79892.24365234375
1228,84937.3,84937.3,84827.7,84882.3,4596.0,4778.80029296875,84777.3203125,84777.3203125,79998.52001953125,0.0,79998.52001953125
1229,84882.2,84925.0,84868.6,84895.3,4052.0,4614.80029296875,84781.1484375,84781.140625,80166.34814453125,0.0078125,80166.34033203125
1230,84895.3,84998.5,84866.9,84877.4,5019.0,4533.30029296875,84787.3359375,84787.3359375,80254.03564453125,0.0,80254.03564453125
1231,84888.3,84905.0,84702.6,84719.9,7820.0,4534.0,84786.5625,84786.5703125,80252.5625,0.0078125,80252.5703125
1232,84719.9,84799.6,84676.5,84744.1,7162.0,5257.05029296875,84792.3671875,84792.3671875,79535.31689453125,0.0,79535.31689453125
1233,84742.8,84769.3,84649.4,84658.7,5654.0,5144.30029296875,84798.8671875,84798.875,79654.56689453125,0.0078125,79654.57470703125
1234,84647.0,84680.1,84620.4,84639.7,3991.0,5043.55029296875,84802.6171875,84802.625,79759.06689453125,0.0078125,79759.07470703125
1235,84639.8,84730.1,84639.8,84730.1,6066.0,5009.7001953125,84811.609375,84811.609375,79801.9091796875,0.0,79801.9091796875
1236,84732.8,84841.4,84732.8,84758.0,4764.0,5033.05029296875,84815.375,84815.390625,79782.32470703125,0.015625,79782.34033203125
1237,84757.9,84819.6,84709.7,84816.7,4422.0,5077.05029296875,84820.2890625,84820.296875,79743.23876953125,0.0078125,79743.24658203125
1238,84819.6,84872.1,84814.6,84855.0,3554.0,4755.64990234375,84835.2734375,84835.2890625,80079.62353515625,0.015625,80079.63916015625
1239,84850.0,84855.7,84745.7,84745.7,4365.0,4886.14990234375,84834.5859375,84834.6015625,79948.43603515625,0.015625,79948.45166015625
1240,84744.6,84772.2,84679.9,84681.8,6231.0,4270.35009765625,84824.1875,84824.1953125,80553.83740234375,0.0078125,80553.84521484375
1241,84682.2,84696.8,84600.0,84659.2,4135.0,4293.64990234375,84809.0859375,84809.0859375,80515.43603515625,0.0,80515.43603515625
1242,84666.3,84700.8,84633.6,84657.1,4495.0,4564.85009765625,84799.3046875,84799.3125,80234.45458984375,0.0078125,80234.46240234375
1243,84657.4,84657.4,84437.4,84445.4,12001.0,4716.55029296875,84777.3828125,84777.390625,80060.83251953125,0.0078125,80060.84033203125
1244,84445.5,84470.5,84350.9,84440.0,5845.0,4814.80029296875,84753.65625,84753.671875,79938.85595703125,0.015625,79938.87158203125
1245,84447.1,84447.3,84342.6,84383.2,10287.0,4834.89990234375,84724.1328125,84724.140625,79889.23291015625,0.0078125,79889.24072265625
1246,84378.9,84403.2,84241.3,84274.8,6575.0,4895.9501953125,84690.0859375,84690.0859375,79794.1357421875,0.0,79794.1357421875
1247,84270.6,84367.3,84225.5,84367.2,6615.0,5089.25,84661.578125,84661.578125,79572.328125,0.0,79572.328125
1248,84367.2,84430.8,84293.0,84388.3,8113.0,5364.75,84636.8828125,84636.8828125,79272.1328125,0.0,79272.1328125
1249,84388.2,84442.1,84332.8,84377.2,4869.0,5417.75,84610.984375,84610.9765625,79193.234375,0.0078125,79193.2265625
1250,84369.0,84404.5,84304.8,84324.8,6715.0,5373.60009765625,84583.359375,84583.34375,79209.75927734375,0.015625,79209.74365234375
1251,84316.3,84316.3,84249.3,84256.0,5524.0,5370.0,84560.1640625,84560.1484375,79190.1640625,0.015625,79190.1484375
1252,84250.1,84307.1,84178.8,84238.0,9858.0,4869.60009765625,84534.859375,84534.84375,79665.25927734375,0.015625,79665.24365234375
1253,84240.4,84240.4,84116.7,84120.3,4542.0,4840.75,84507.9296875,84507.921875,79667.1796875,0.0078125,79667.171875
1254,84117.0,84193.2,84063.2,84170.8,5030.0,34238.5,84484.484375,84484.4765625,50245.984375,0.0078125,50245.9765625
1255,84176.1,84361.3,84176.1,84345.3,4132.0,37443.0,84465.2421875,84465.234375,47022.2421875,0.0078125,47022.234375
1256,84345.3,84359.7,84245.5,84254.0,5754.0,38908.25,84440.046875,84440.03125,45531.796875,0.015625,45531.78125
1257,84254.1,84266.7,84165.4,84204.8,2063.0,39870.19921875,84409.453125,84409.4296875,44539.25390625,0.0234375,44539.23046875
1258,84226.0,84268.1,84196.0,84207.2,3810.0,40362.80078125,84377.0625,84377.046875,44014.26171875,0.015625,44014.24609375
1259,84188.2,84224.2,84179.5,84209.9,3738.0,40488.94921875,84350.2734375,84350.2578125,43861.32421875,0.015625,43861.30859375
1260,84202.7,84268.2,84175.1,84237.9,6033.0,41001.25,84328.078125,84328.0625,43326.828125,0.015625,43326.8125
1261,84234.1,84366.1,84194.6,84335.2,5805.0,41206.05078125,84311.875,84311.8671875,43105.82421875,0.0078125,43105.81640625
1262,84335.2,84340.4,84206.4,84239.7,8218.0,41235.5,84291.0078125,84291.0078125,43055.5078125,0.0,43055.5078125
1263,84239.6,84345.5,84214.1,84315.6,7880.0,41958.30078125,84284.515625,84284.515625,42326.21484375,0.0,42326.21484375
1264,84320.8,84320.8,84181.8,84186.3,3710.0,42565.94921875,84271.828125,84271.828125,41705.87890625,0.0,41705.87890625
1265,84182.0,84194.1,84034.7,84063.0,19380.0,42697.80078125,84255.8125,84255.8203125,41558.01171875,0.0078125,41558.01953125
1266,84063.1,84101.4,84000.2,84000.2,12074.0,42825.0,84242.0859375,84242.09375,41417.0859375,0.0078125,41417.09375
1267,84000.0,84074.3,83904.3,83904.3,9397.0,43293.3515625,84218.9296875,84218.9453125,40925.578125,0.015625,40925.59375
1268,83900.0,83929.4,83857.1,83916.3,8282.0,43727.69921875,84195.3359375,84195.3359375,40467.63671875,0.0,40467.63671875
1269,83933.1,83933.1,83883.7,83920.2,6761.0,43856.05078125,84172.4765625,84172.484375,40316.42578125,0.0078125,40316.43359375
1270,83919.3,84011.8,83919.3,84011.8,17995.0,44744.44921875,84156.8359375,84156.828125,39412.38671875,0.0078125,39412.37890625
1271,84011.9,84094.0,84011.9,84092.7,4472.0,44996.80078125,84148.671875,84148.671875,39151.87109375,0.0,39151.87109375
1272,84092.6,84344.8,84090.7,84217.9,10984.0,44799.05078125,84147.6640625,84147.671875,39348.61328125,0.0078125,39348.62109375
1273,84214.3,84214.3,84078.0,84117.3,6081.0,44979.6015625,84147.515625,84147.515625,39167.9140625,0.0,39167.9140625
1274,84121.5,84198.6,84121.5,84192.3,3944.0,15920.25,84148.59375,84148.5859375,68228.34375,0.0078125,68228.3359375
1275,84207.3,84212.4,84004.8,84004.8,13441.0,12870.2998046875,84131.578125,84131.5625,71261.2783203125,0.015625,71261.2626953125
1276,83992.1,83996.7,83929.0,83961.3,6353.0,12246.7998046875,84116.9375,84116.921875,71870.1376953125,0.015625,71870.1220703125
1277,83966.4,83971.6,83877.7,83931.0,4186.0,12122.75,84103.25,84103.234375,71980.5,0.015625,71980.484375
1278,83914.8,83940.5,83848.1,83859.0,4120.0,12400.0498046875,84085.8359375,84085.828125,71685.7861328125,0.0078125,71685.7783203125
1279,83850.6,83892.0,83769.8,83826.0,7933.0,12323.3505859375,84066.6484375,84066.6328125,71743.2978515625,0.015625,71743.2822265625
1280,83822.0,83848.0,83750.0,83818.8,6358.0,12284.6005859375,84045.6875,84045.671875,71761.0869140625,0.015625,71761.0712890625
1281,83820.1,83849.7,83779.1,83828.8,7407.0,12313.5498046875,84020.3671875,84020.359375,71706.8173828125,0.0078125,71706.8095703125
1282,83828.6,83891.3,83780.3,83853.9,7302.0,12961.2998046875,84001.078125,84001.0703125,71039.7783203125,0.0078125,71039.7705078125
1283,83843.7,83866.5,83708.9,83713.4,5583.0,12337.400390625,83970.9609375,83970.953125,71633.560546875,0.0078125,71633.552734375
1284,83713.3,83713.3,83641.8,83693.4,6586.0,14420.75,83946.328125,83946.3125,69525.578125,0.015625,69525.5625
1285,83700.0,83852.0,83700.0,83848.3,8200.0,15776.2001953125,83935.5859375,83935.578125,68159.3857421875,0.0078125,68159.3779296875
1286,83855.8,83905.9,83831.3,83862.8,3187.0,16095.6005859375,83928.7109375,83928.703125,67833.1103515625,0.0078125,67833.1025390625
1287,83872.8,83872.9,83650.6,83650.6,4158.0,15739.4501953125,83916.0234375,83916.015625,68176.5732421875,0.0078125,68176.5654296875
1288,83650.5,83652.1,83588.0,83647.7,5952.0,15665.400390625,83902.59375,83902.59375,68237.193359375,0.0,68237.193359375
1289,83645.7,83645.7,83500.1,83538.1,5771.0,16035.7001953125,83883.484375,83883.4921875,67847.7841796875,0.0078125,67847.7919921875
1290,83535.1,83580.0,83469.8,83503.7,7573.0,15575.75,83858.0859375,83858.09375,68282.3359375,0.0078125,68282.34375
1291,83513.7,83580.8,83482.9,83560.0,4075.0,16634.25,83831.4453125,83831.453125,67197.1953125,0.0078125,67197.203125
1292,83558.1,83583.9,83455.7,83472.6,4779.0,17722.701171875,83794.1796875,83794.1953125,66071.478515625,0.015625,66071.494140625
1293,83475.7,83697.7,83460.8,83697.7,7239.0,17664.900390625,83773.203125,83773.21875,66108.302734375,0.015625,66108.318359375
1294,83699.2,83728.7,83561.3,83568.8,3836.0,17612.25,83742.0234375,83742.0390625,66129.7734375,0.015625,66129.7890625
1295,83575.0,83868.0,83575.0,83768.7,8085.0,17595.75,83730.2265625,83730.234375,66134.4765625,0.0078125,66134.484375
1296,83759.3,83801.6,83697.5,83736.2,8254.0,17112.849609375,83718.96875,83718.984375,66606.119140625,0.015625,66606.134765625
1297,83733.7,83895.9,83695.4,83895.1,5175.0,17921.849609375,83717.1796875,83717.1953125,65795.330078125,0.015625,65795.345703125
1298,83895.1,84172.5,83887.2,84172.5,15440.0,17269.701171875,83732.84375,83732.859375,66463.142578125,0.015625,66463.158203125
1299,84172.5,84198.5,84014.1,84014.1,18881.0,16958.599609375,83742.2421875,83742.265625,66783.642578125,0.0234375,66783.666015625
1300,83997.4,84091.5,83936.3,84091.5,5203.0,16847.75,83755.890625,83755.90625,66908.140625,0.015625,66908.15625
1301,84094.7,84191.0,84042.3,84116.6,5684.0,16560.30078125,83770.28125,83770.296875,67209.98046875,0.015625,67209.99609375
1302,84106.1,84192.9,84071.6,84071.6,3578.0,15708.7998046875,83781.171875,83781.1796875,68072.3720703125,0.0078125,68072.3798828125
1303,84067.3,84262.1,84000.0,84188.2,5813.0,15644.150390625,83804.9140625,83804.921875,68160.763671875,0.0078125,68160.771484375
1304,84184.0,84268.3,84160.8,84247.8,6726.0,13103.0498046875,83832.6328125,83832.6328125,70729.5830078125,0.0,70729.5830078125
1305,84253.9,84347.9,84232.0,84289.8,12553.0,11890.900390625,83854.7109375,83854.703125,71963.810546875,0.0078125,71963.802734375
1306,84291.0,84482.7,84288.8,84477.0,6928.0,11544.8505859375,83885.4296875,83885.421875,72340.5791015625,0.0078125,72340.5712890625
1307,84474.3,84572.8,84359.7,84463.5,12104.0,11297.2001953125,83926.0703125,83926.0625,72628.8701171875,0.0078125,72628.8623046875
1308,84491.5,84593.8,84445.5,84593.8,5926.0,12076.0498046875,83973.375,83973.359375,71897.3251953125,0.015625,71897.3095703125
1309,84594.3,84657.3,84538.5,84556.0,6393.0,12198.2998046875,84024.2734375,84024.2578125,71825.9736328125,0.015625,71825.9580078125
1310,84561.0,84644.8,84352.5,84355.3,17323.0,12204.5498046875,84066.8515625,84066.8359375,71862.3017578125,0.015625,71862.2861328125
1311,84363.8,84549.6,84358.7,84520.5,3899.0,11345.900390625,84114.875,84114.859375,72768.974609375,0.015625,72768.958984375
1312,84505.5,84545.4,84432.1,84432.1,5541.0,19909.75,84162.8515625,84162.8359375,64253.1015625,0.015625,64253.0859375
1313,84428.9,84500.3,84385.7,84385.7,5566.0,21588.349609375,84197.25,84197.2421875,62608.900390625,0.0078125,62608.892578125
1314,84385.6,84501.2,84352.7,84491.3,7929.0,22709.099609375,84243.375,84243.359375,61534.275390625,0.015625,61534.259765625
1315,84491.4,84517.3,84240.4,84367.0,27198.0,25610.30078125,84273.2890625,84273.28125,58662.98828125,0.0078125,58662.98046875
1316,84371.1,84579.1,84371.1,84566.3,16838.0,26290.150390625,84314.796875,84314.78125,58024.646484375,0.015625,58024.630859375
1317,84566.3,84657.5,84500.1,84637.2,28911.0,25077.701171875,84351.8984375,84351.890625,59274.197265625,0.0078125,59274.189453125
1318,84637.2,84641.0,84500.1,84533.7,4804.0,25090.75,84369.9609375,84369.953125,59279.2109375,0.0078125,59279.203125
1319,84531.4,84644.5,84385.1,84562.9,35778.0,25244.400390625,84397.390625,84397.390625,59152.990234375,0.0,59152.990234375
1320,84565.2,84628.1,84510.1,84607.1,9880.0,25063.55078125,84423.171875,84423.171875,59359.62109375,0.0,59359.62109375
1321,84624.0,84749.9,84624.0,84645.2,13423.0,25645.30078125,84449.6015625,84449.609375,58804.30078125,0.0078125,58804.30859375
1322,84645.2,84691.3,84599.5,84624.6,6810.0,25772.599609375,84477.2421875,84477.2578125,58704.642578125,0.015625,58704.658203125
1323,84623.4,84623.4,84466.6,84474.4,7868.0,25886.201171875,84491.5546875,84491.5703125,58605.353515625,0.015625,58605.369140625
1324,84473.5,84506.1,84339.1,84506.1,8344.0,25969.849609375,84504.46875,84504.484375,58534.619140625,0.015625,58534.634765625
1325,84501.9,84535.7,84425.5,84470.1,5125.0,27558.400390625,84513.4921875,84513.5,56955.091796875,0.0078125,56955.099609375
1326,84473.0,84624.4,84473.0,84570.9,5409.0,27610.201171875,84518.1796875,84518.1875,56907.978515625,0.0078125,56907.986328125
1327,84573.3,84586.9,84510.2,84570.1,5718.0,27998.30078125,84523.5078125,84523.515625,56525.20703125,0.0078125,56525.21484375
1328,84577.4,84577.4,84502.7,84553.3,5204.0,26721.701171875,84521.4921875,84521.4921875,57799.791015625,0.0,57799.791015625
1329,84557.5,84573.1,84470.5,84474.8,3454.0,26531.849609375,84517.4296875,84517.421875,57985.580078125,0.0078125,57985.572265625
1330,84494.4,84595.0,84459.5,84595.0,3585.0,26481.951171875,84529.421875,84529.4140625,58047.470703125,0.0078125,58047.462890625
1331,84595.0,84641.1,84520.0,84520.0,5515.0,26118.55078125,84529.3984375,84529.390625,58410.84765625,0.0078125,58410.83984375
1332,84520.0,84540.0,84436.8,84531.9,2068.0,16596.951171875,84534.3828125,84534.375,67937.431640625,0.0078125,67937.423828125
1333,84528.5,84623.9,84528.5,84593.7,5397.0,15015.75,84544.78125,84544.78125,69529.03125,0.0,69529.03125
1334,84593.8,84623.9,84580.6,84607.0,2500.0,13686.150390625,84550.5703125,84550.5625,70864.419921875,0.0078125,70864.412109375
1335,84602.0,84632.5,84525.2,84525.2,4342.0,10726.0498046875,84558.4921875,84558.4765625,73832.4423828125,0.015625,73832.4267578125
1336,84495.7,84515.5,84416.9,84435.8,6431.0,9877.5498046875,84551.9609375,84551.953125,74674.4111328125,0.0078125,74674.4033203125
1337,84437.8,84583.7,84433.5,84583.7,3990.0,9555.7001953125,84549.28125,84549.28125,74993.5810546875,0.0,74993.5810546875
1338,84585.3,84629.4,84440.0,84440.0,3820.0,9781.2001953125,84544.59375,84544.59375,74763.3935546875,0.0,74763.3935546875
1339,84434.2,84550.9,84434.2,84512.1,3444.0,9991.8505859375,84542.0546875,84542.0546875,74550.2041015625,0.0,74550.2041015625
1340,84500.1,84700.0,84494.2,84683.0,7857.0,10452.1005859375,84545.8515625,84545.8515625,74093.7509765625,0.0,74093.7509765625
1341,84682.9,84757.3,84664.2,84722.2,6431.0,10995.2001953125,84549.6953125,84549.703125,73554.4951171875,0.0078125,73554.5029296875
1342,84732.9,84821.9,84731.4,84813.0,6394.0,11055.8505859375,84559.109375,84559.1171875,73503.2587890625,0.0078125,73503.2666015625
1343,84816.3,84884.7,84795.9,84873.6,6753.0,11228.7001953125,84579.078125,84579.078125,73350.3779296875,0.0,73350.3779296875
1344,84876.0,84882.6,84729.1,84737.6,5693.0,11294.6005859375,84590.6484375,84590.65625,73296.0478515625,0.0078125,73296.0556640625
1345,84741.8,84950.0,84732.4,84931.7,23302.0,9977.0,84613.7265625,84613.734375,74636.7265625,0.0078125,74636.734375
1346,84926.2,84950.0,84926.2,84930.6,3691.0,10577.150390625,84631.7109375,84631.7265625,74054.560546875,0.015625,74054.576171875
1347,84930.5,84976.9,84930.5,84946.3,2009.0,10907.8505859375,84650.5234375,84650.53125,73742.6728515625,0.0078125,73742.6806640625
1348,84946.2,84959.3,84922.1,84943.4,2789.0,10911.1005859375,84670.03125,84670.03125,73758.9306640625,0.0,73758.9306640625
1349,84943.5,84987.6,84943.5,84951.5,3120.0,10743.0498046875,84693.8671875,84693.8671875,73950.8173828125,0.0,73950.8173828125
1350,84951.6,84976.7,84937.7,84976.7,4769.0,12183.9501953125,84712.9609375,84712.953125,72529.0107421875,0.0078125,72529.0029296875
1351,84986.9,85033.2,84976.6,85021.0,3567.0,12568.5,84738.0078125,84738.0078125,72169.5078125,0.0,72169.5078125
1352,85023.1,85095.1,84998.7,85054.4,7024.0,12718.2998046875,84764.1328125,84764.125,72045.8330078125,0.0078125,72045.8251953125
1353,85060.0,85060.0,84988.0,84991.1,5809.0,12825.8505859375,84784.0,84783.9921875,71958.1494140625,0.0078125,71958.1416015625
1354,84995.0,84995.0,84926.9,84981.1,6869.0,13271.75,84802.7109375,84802.703125,71530.9609375,0.0078125,71530.953125
1355,84986.9,85125.0,84986.9,85079.5,4883.0,13750.150390625,84830.421875,84830.421875,71080.271484375,0.0,71080.271484375
1356,85078.9,85287.3,85078.9,85214.9,12182.0,14241.8505859375,84869.375,84869.375,70627.5244140625,0.0,70627.5244140625
1357,85207.9,85207.9,85091.6,85125.2,5917.0,14611.8505859375,84896.453125,84896.453125,70284.6025390625,0.0,70284.6025390625
1358,85123.3,85191.3,85115.6,85191.3,3562.0,14586.3505859375,84934.0234375,84934.015625,70347.6728515625,0.0078125,70347.6650390625
1359,85203.1,85266.4,85172.5,85266.3,7952.0,14421.2998046875,84971.7265625,84971.71875,70550.4267578125,0.0078125,70550.4189453125
1360,85266.3,85335.9,85224.6,85314.8,4649.0,14201.8505859375,85003.3203125,85003.296875,70801.4697265625,0.0234375,70801.4462890625
1361,85314.7,85327.6,85257.9,85290.8,5677.0,14712.75,85031.7421875,85031.7265625,70318.9921875,0.015625,70318.9765625
1362,85284.2,85385.0,85284.2,85349.3,4114.0,14653.5,85058.5546875,85058.546875,70405.0546875,0.0078125,70405.046875
1363,85349.3,85349.4,85323.7,85337.2,2560.0,15073.75,85081.7421875,85081.734375,70007.9921875,0.0078125,70007.984375
1364,85337.2,85337.2,85219.7,85247.9,5227.0,14862.1005859375,85107.2578125,85107.234375,70245.1572265625,0.0234375,70245.1337890625
1365,85249.9,85259.9,85178.6,85204.9,5217.0,14779.75,85120.9140625,85120.8984375,70341.1640625,0.015625,70341.1484375
1366,85204.9,85235.3,85140.2,85140.2,4989.0,14696.150390625,85131.390625,85131.3828125,70435.240234375,0.0078125,70435.232421875
1367,85140.2,85235.6,85140.2,85232.7,4661.0,14109.3505859375,85145.7109375,85145.7109375,71036.3603515625,0.0,71036.3603515625
1368,85230.2,85332.6,85230.2,85308.8,3567.0,14958.25,85163.9921875,85163.9765625,70205.7421875,0.015625,70205.7265625
1369,85308.7,85325.6,85247.1,85272.4,7719.0,15298.7001953125,85180.03125,85180.0234375,69881.3310546875,0.0078125,69881.3232421875
1370,85272.4,85299.3,85242.7,85271.8,3274.0,13831.5,85194.78125,85194.78125,71363.28125,0.0,71363.28125
1371,85271.7,85385.0,85263.6,85385.0,9905.0,14112.650390625,85212.9765625,85212.984375,71100.326171875,0.0078125,71100.333984375
1372,85396.3,85402.3,85347.9,85376.7,7416.0,14149.0498046875,85229.0859375,85229.1015625,71080.0361328125,0.015625,71080.0517578125
1373,85376.6,85376.6,85336.1,85336.1,2453.0,14213.5498046875,85246.3359375,85246.34375,71032.7861328125,0.0078125,71032.7939453125
1374,85340.3,85340.3,85214.1,85227.1,3585.0,13990.7001953125,85258.6328125,85258.640625,71267.9326171875,0.0078125,71267.9404296875
1375,85232.9,85265.0,85131.3,85150.6,4884.0,13928.4501953125,85262.1875,85262.203125,71333.7373046875,0.015625,71333.7529296875
1376,85156.9,85264.9,85137.6,85233.7,4093.0,13334.150390625,85263.1328125,85263.140625,71928.982421875,0.0078125,71928.990234375
1377,85217.6,85250.2,85187.9,85187.9,3042.0,12834.75,85266.265625,85266.2734375,72431.515625,0.0078125,72431.5234375
1378,85188.0,85219.6,85140.7,85146.9,5387.0,12697.900390625,85264.046875,85264.0546875,72566.146484375,0.0078125,72566.154296875
1379,85147.0,85168.0,85123.9,85168.0,3676.0,12450.650390625,85259.140625,85259.140625,72808.490234375,0.0,72808.490234375
1380,85173.0,85201.1,85145.5,85175.5,2938.0,13844.400390625,85252.1796875,85252.171875,71407.779296875,0.0078125,71407.771484375
1381,85175.4,85308.7,85175.4,85271.4,3374.0,13130.150390625,85251.2109375,85251.203125,72121.060546875,0.0078125,72121.052734375
1382,85275.7,85346.8,85275.7,85335.1,4547.0,14589.5,85250.5,85250.4921875,70661.0,0.0078125,70660.9921875
1383,85331.1,85396.9,85307.4,85363.7,5691.0,14275.0,85251.8203125,85251.828125,70976.8203125,0.0078125,70976.828125
1384,85363.6,85363.6,85312.6,85317.6,2770.0,14288.7998046875,85255.3046875,85255.3125,70966.5048828125,0.0078125,70966.5126953125
1385,85312.7,85317.4,85182.3,85182.4,4293.0,14563.2001953125,85254.1796875,85254.1796875,70690.9794921875,0.0,70690.9794921875
1386,85182.3,85314.3,85164.8,85314.3,6325.0,14454.4501953125,85262.8828125,85262.890625,70808.4326171875,0.0078125,70808.4404296875
1387,85318.0,85318.0,85226.7,85286.0,4384.0,14426.0498046875,85265.546875,85265.546875,70839.4970703125,0.0,70839.4970703125
1388,85277.4,85298.6,85251.3,85282.4,2589.0,13552.150390625,85264.234375,85264.2265625,71712.083984375,0.0078125,71712.076171875
1389,85280.3,85297.1,85264.1,85288.1,4552.0,13958.150390625,85265.0234375,85265.015625,71306.873046875,0.0078125,71306.865234375
1390,85288.0,85288.0,85264.0,85276.2,3669.0,13731.2998046875,85265.2421875,85265.234375,71533.9423828125,0.0078125,71533.9345703125
1391,85272.0,85272.0,85151.5,85151.5,3295.0,13047.7998046875,85253.5703125,85253.5546875,72205.7705078125,0.015625,72205.7548828125
1392,85151.5,85151.5,85096.9,85118.3,5627.0,12837.650390625,85240.6484375,85240.640625,72402.998046875,0.0078125,72402.990234375
1393,85116.5,85162.1,85071.1,85146.1,12648.0,12519.1005859375,85231.1484375,85231.140625,72712.0478515625,0.0078125,72712.0400390625
1394,85146.1,85163.0,85140.2,85155.3,2485.0,12384.150390625,85227.5546875,85227.546875,72843.404296875,0.0078125,72843.396484375
1395,85151.3,85174.3,85094.8,85128.9,11086.0,11944.2998046875,85226.4609375,85226.4609375,73282.1611328125,0.0,73282.1611328125
1396,85123.5,85173.4,85108.4,85152.5,4074.0,12089.0498046875,85222.40625,85222.3984375,73133.3564453125,0.0078125,73133.3486328125
1397,85157.6,85200.0,85123.5,85194.5,3695.0,12081.75,85222.7421875,85222.734375,73140.9921875,0.0078125,73140.984375
1398,85184.5,85184.5,85100.1,85108.0,4026.0,12007.2001953125,85220.7890625,85220.7890625,73213.5888671875,0.0,73213.5888671875
1399,85103.8,85173.6,85103.8,85126.0,5888.0,11984.75,85218.6875,85218.6875,73233.9375,0.0,73233.9375
1400,85122.7,85122.7,85080.0,85080.0,5181.0,10538.0,85213.921875,85213.9140625,74675.921875,0.0078125,74675.9140625
1401,85078.1,85119.0,85066.1,85083.9,5969.0,9876.2998046875,85204.546875,85204.5390625,75328.2470703125,0.0078125,75328.2392578125
1402,85083.9,85083.9,85000.1,85000.1,7568.0,8271.0498046875,85187.796875,85187.796875,76916.7470703125,0.0,76916.7470703125
1403,85000.0,85000.0,84768.8,84771.3,17413.0,7767.85009765625,85158.1796875,85158.171875,77390.32958984375,0.0078125,77390.32177734375
1404,84778.5,84901.1,84759.3,84759.4,18648.0,7832.55029296875,85130.2578125,85130.2578125,77297.70751953125,0.0,77297.70751953125
1405,84759.3,84817.5,84719.9,84794.5,17624.0,7367.55029296875,85110.8671875,85110.859375,77743.31689453125,0.0078125,77743.30908203125
1406,84797.2,84886.7,84790.4,84886.7,5479.0,6888.5,85089.484375,85089.484375,78200.984375,0.0,78200.984375
1407,84894.2,85004.6,84875.5,84946.0,4911.0,6781.10009765625,85072.484375,85072.484375,78291.38427734375,0.0,78291.38427734375
1408,84940.0,84940.0,84840.2,84886.5,2696.0,6788.55029296875,85052.6875,85052.6875,78264.13720703125,0.0,78264.13720703125
1409,84886.5,84920.4,84827.7,84827.7,2818.0,5888.64990234375,85029.671875,85029.671875,79141.02197265625,0.0,79141.02197265625
1410,84817.8,84817.8,84573.6,84573.6,10330.0,5970.14990234375,84994.5390625,84994.546875,79024.38916015625,0.0078125,79024.39697265625
1411,84573.6,84623.7,84513.1,84548.0,4644.0,6549.25,84964.3671875,84964.375,78415.1171875,0.0078125,78415.125
1412,84535.2,84575.2,84499.8,84537.8,6736.0,6540.14990234375,84935.3359375,84935.34375,78395.18603515625,0.0078125,78395.19384765625
1413,84545.2,84545.2,84415.2,84437.1,3132.0,6625.14990234375,84899.890625,84899.890625,78274.74072265625,0.0,78274.74072265625
1414,84438.1,84441.4,84411.0,84431.5,8019.0,6626.39990234375,84863.6953125,84863.703125,78237.29541015625,0.0078125,78237.30322265625
1415,84431.5,84431.5,84329.5,84329.7,4837.0,6689.10009765625,84823.7421875,84823.7421875,78134.64208984375,0.0,78134.64208984375
1416,84329.6,84573.8,84325.3,84543.5,4916.0,6641.2001953125,84793.2890625,84793.296875,78152.0888671875,0.0078125,78152.0966796875
1417,84543.5,84674.9,84491.1,84563.8,7479.0,6671.60009765625,84761.75,84761.75,78090.14990234375,0.0,78090.14990234375
1418,84555.4,84580.1,84402.6,84417.6,5340.0,6658.75,84727.234375,84727.234375,78068.484375,0.0,78068.484375
1419,84426.5,84583.1,84420.1,84491.6,5714.0,6672.05029296875,84695.5234375,84695.515625,78023.47314453125,0.0078125,78023.46533203125
1420,84489.1,84580.6,84489.1,84493.1,3700.0,6409.64990234375,84666.171875,84666.171875,78256.52197265625,0.0,78256.52197265625
1421,84493.1,84512.0,84401.3,84492.6,2634.0,6143.4501953125,84636.609375,84636.609375,78493.1591796875,0.0,78493.1591796875
1422,84473.6,84607.2,84473.6,84543.7,9077.0,6206.80029296875,84613.7890625,84613.796875,78406.98876953125,0.0078125,78406.99658203125
1423,84535.3,84594.5,84535.3,84573.6,3174.0,6194.39990234375,84603.90625,84603.90625,78409.50634765625,0.0,78409.50634765625
1424,84568.0,84662.5,84558.3,84662.4,4561.0,5928.39990234375,84599.0546875,84599.0546875,78670.65478515625,0.0,78670.65478515625
1425,84662.5,84971.1,84662.5,84875.6,23345.0,5692.64990234375,84603.1171875,84603.109375,78910.46728515625,0.0078125,78910.45947265625
1426,84873.3,84873.3,84697.5,84697.5,6030.0,5511.25,84593.6484375,84593.65625,79082.3984375,0.0078125,79082.40625
1427,84697.5,84697.5,84500.0,84500.0,5918.0,5574.60009765625,84571.359375,84571.359375,78996.75927734375,0.0,78996.75927734375
1428,84500.0,84565.7,84439.7,84562.1,4697.0,5580.0,84555.140625,84555.140625,78975.140625,0.0,78975.140625
1429,84565.1,84598.8,84518.5,84570.2,2522.0,5411.85009765625,84542.2578125,84542.265625,79130.40771484375,0.0078125,79130.41552734375
1430,84579.0,84671.3,84562.1,84588.8,5727.0,5682.30029296875,84543.015625,84543.015625,78860.71533203125,0.0,78860.71533203125
1431,84593.0,84593.0,84438.2,84500.6,5311.0,5111.60009765625,84540.6484375,84540.6484375,79429.04833984375,0.0,79429.04833984375
1432,84504.8,84504.8,84356.0,84382.9,4358.0,5691.60009765625,84532.8984375,84532.8984375,78841.29833984375,0.0,78841.29833984375
1433,84389.4,84476.9,84312.4,84476.9,7078.0,5530.10009765625,84534.890625,84534.890625,79004.79052734375,0.0,79004.79052734375
1434,84477.0,84488.0,84382.9,84434.7,5544.0,5408.39990234375,84535.0546875,84535.046875,79126.65478515625,0.0078125,79126.64697265625
1435,84447.3,84447.3,84367.8,84444.3,4011.0,5435.2001953125,84540.78125,84540.7734375,79105.5810546875,0.0078125,79105.5732421875
1436,84444.3,84482.8,84433.5,84462.5,3019.0,5200.5,84536.734375,84536.7265625,79336.234375,0.0078125,79336.2265625
1437,84464.0,84523.8,84395.9,84404.6,4104.0,5175.14990234375,84528.7734375,84528.765625,79353.62353515625,0.0078125,79353.61572265625
1438,84407.5,84426.2,84308.9,84344.0,3211.0,5259.2001953125,84525.09375,84525.0859375,79265.8935546875,0.0078125,79265.8857421875
1439,84331.3,84382.0,84251.4,84285.8,8637.0,5228.75,84514.8046875,84514.796875,79286.0546875,0.0078125,79286.046875
