bar,open,high,low,close,volume,batched,isolated,cpu,abs_bi,abs_ic,abs_bc
0,88066.7,88174.6,88048.0,88155.1,5735.0,0.0,0.0,nan,0.0,nan,nan
1,88146.7,88160.1,88081.7,88081.7,4816.0,0.0,0.0,-16.024412155151367,0.0,16.024412155151367,16.024412155151367
2,88080.4,88080.4,87849.9,87850.0,10862.0,0.0,0.0,125.53986358642578,0.0,125.53986358642578,125.53986358642578
3,87857.1,87944.5,87780.2,87930.1,15390.0,0.0,0.0,41.686614990234375,0.0,41.686614990234375,41.686614990234375
4,87930.2,88039.6,87930.2,87991.6,4863.0,0.0,0.0,-68.40155792236328,0.0,68.40155792236328,68.40155792236328
5,87980.8,87980.8,87852.6,87856.9,2161.0,0.0,0.0,-55.562408447265625,0.0,55.562408447265625,55.562408447265625
6,87862.5,87869.1,87773.9,87797.8,3002.0,0.0,0.0,38.91716766357422,0.0,38.91716766357422,38.91716766357422
7,87794.2,87794.2,87660.4,87672.7,7045.0,0.0,0.0,134.6768798828125,0.0,134.6768798828125,134.6768798828125
8,87672.6,87704.8,87569.3,87664.0,6992.0,0.0,0.0,-0.7523065805435181,0.0,0.7523065805435181,0.7523065805435181
9,87657.2,87718.7,87621.5,87639.1,4116.0,0.0,0.0,-41.13272476196289,0.0,41.13272476196289,41.13272476196289
10,87649.7,87726.9,87580.2,87580.2,5538.0,-1.383830189704895,-3.4350481033325195,34.54810333251953,2.0512179136276245,37.98315143585205,35.931933522224426
11,87583.2,87604.9,87412.0,87430.1,7937.0,-1.2504409551620483,64.80481719970703,43.318885803222656,66.05525815486908,21.485931396484375,44.569326758384705
12,87427.6,87504.4,87326.9,87504.4,28049.0,-0.8170453906059265,158.2305145263672,253.39549255371094,159.0475599169731,95.16497802734375,254.21253794431686
13,87505.9,87647.8,87477.7,87600.8,5425.0,-0.5254754424095154,-64.74983978271484,-80.65884399414062,64.22436434030533,15.909004211425781,80.13336855173111
14,87596.5,87649.2,87531.3,87564.6,5409.0,-0.2808645963668823,11.227636337280273,-0.2949308753013611,11.508500933647156,11.522567212581635,0.01406627893447876
15,87564.6,87669.2,87529.0,87648.0,5356.0,0.21146391332149506,147.84820556640625,-0.9798483848571777,147.63674165308475,148.82805395126343,1.1913122981786728
16,87649.4,87731.5,87631.9,87721.9,8400.0,-0.20874816179275513,179.81346130371094,56.833457946777344,180.0222094655037,122.9800033569336,57.0422061085701
17,87708.6,87759.6,87682.4,87759.6,6562.0,0.4553455412387848,-6.855926036834717,-21.880952835083008,7.311271578073502,15.025026798248291,22.336298376321793
18,87750.7,87750.7,87519.8,87519.8,4150.0,0.1261495053768158,-40.64645004272461,-36.75708770751953,40.772599548101425,3.889362335205078,36.88323721289635
19,87502.6,87590.1,87498.4,87562.6,3954.0,0.6234349012374878,-3.9358601570129395,-4.722891330718994,4.559295058250427,0.7870311737060547,5.346326231956482
20,87566.9,87578.4,87328.7,87343.5,11941.0,0.6747533679008484,115.61934661865234,201.9979705810547,114.9445932507515,86.37862396240234,201.32321721315384
21,87343.4,87344.0,87227.3,87256.3,12379.0,0.9313598275184631,55.965728759765625,3.668034553527832,55.03436893224716,52.29769420623779,2.736674726009369
22,87252.7,87420.8,87252.7,87392.1,3767.0,0.5377518534660339,-86.56993103027344,-69.5694351196289,87.10768288373947,17.00049591064453,70.10718697309494
23,87392.1,87404.4,87287.0,87371.4,6300.0,0.2194322943687439,16.1290340423584,67.24183654785156,15.909601747989655,51.112802505493164,67.02240425348282
24,87372.5,87475.6,87339.6,87471.7,3668.0,0.11798495799303055,-32.187095642089844,-41.77777862548828,32.305080600082874,9.590682983398438,41.89576358348131
25,87471.1,87484.4,87403.9,87439.2,2831.0,-0.052524205297231674,-47.14339065551758,-22.8189754486084,47.09086645022035,24.32441520690918,22.766451243311167
26,87436.2,87436.2,87315.9,87370.4,3545.0,0.0931115597486496,-57.79762268066406,25.22076988220215,57.89073424041271,83.01839256286621,25.1276583224535
27,87363.6,87377.7,87303.3,87303.3,4063.0,-0.23500171303749084,-38.08290100097656,14.612130165100098,37.84789928793907,52.69503116607666,14.847131878137589
28,87303.2,87318.1,87204.0,87204.0,3420.0,0.18290776014328003,-17.590362548828125,-15.82574462890625,17.773270308971405,1.764617919921875,16.00865238904953
29,87200.9,87280.4,87200.9,87257.5,3839.0,-0.3188239336013794,-2.908447265625,12.25146198272705,2.5896233320236206,15.15990924835205,12.57028591632843
30,87263.5,87278.8,87211.2,87226.8,13526.0,-0.20836375653743744,13.273594856262207,252.33132934570312,13.481958612799644,239.05773448944092,252.53969310224056
31,87226.1,87258.0,87206.6,87206.6,2066.0,-0.3082353174686432,-83.31044006347656,-84.72571563720703,83.00220474600792,1.4152755737304688,84.41748031973839
32,87205.6,87205.6,87154.6,87173.2,5683.0,-0.11196235567331314,50.862754821777344,175.07260131835938,50.97471717745066,124.20984649658203,175.1845636740327
33,87173.3,87298.7,87173.3,87286.8,7188.0,0.007110919337719679,14.095237731933594,26.482492446899414,14.088126812595874,12.38725471496582,26.475381527561694
34,87283.7,87286.9,87182.4,87186.8,7126.0,-0.2595422565937042,94.27481079101562,-0.8625487089157104,94.53435304760933,95.13735949993134,0.6030064523220062
35,87183.8,87183.8,87080.0,87080.0,7382.0,-0.2688327133655548,160.7559051513672,3.5924782752990723,161.02473786473274,157.16342687606812,3.861310988664627
36,87080.0,87113.9,86878.6,86895.9,34739.0,-0.23606166243553162,879.9435424804688,370.59063720703125,880.1796041429043,509.3529052734375,370.8266988694668
37,86901.3,86939.1,86776.4,86781.0,17855.0,-0.26301220059394836,339.45361328125,-48.60243606567383,339.71662548184395,388.0560493469238,48.33942386507988
38,86790.1,86895.4,86767.0,86877.6,13092.0,-0.9740402698516846,282.8070068359375,-26.676000595092773,283.7810471057892,309.4830074310303,25.70196032524109
39,86877.7,86894.4,86752.5,86799.2,5481.0,-1.1698216199874878,42.77155303955078,-58.13473892211914,43.94137465953827,100.90629196166992,56.96491730213165
40,86806.7,86985.6,86797.5,86985.6,5524.0,-0.4231128692626953,-59.16013717651367,0.784528374671936,58.73702430725098,59.94466555118561,1.2076412439346313
41,86985.6,87091.2,86985.6,87037.7,6819.0,-0.6010470986366272,230.05810546875,23.443157196044922,230.65915256738663,206.61494827270508,24.04420429468155
42,87042.2,87085.2,87006.2,87022.0,9574.0,-0.9422345161437988,68.46736145019531,40.401817321777344,69.40959596633911,28.06554412841797,41.34405183792114
43,87016.0,87059.1,86992.0,87055.7,4562.0,-0.8867509365081787,-36.533111572265625,-52.35011672973633,35.646360635757446,15.817005157470703,51.46336579322815
44,87037.1,87118.4,87034.5,87034.5,4385.0,-0.7753728628158569,-38.464778900146484,-3.8798773288726807,37.68940603733063,34.584901571273804,3.1045044660568237
45,87034.0,87079.4,86918.0,86918.1,5614.0,-1.0271594524383545,-23.950151443481445,28.027366638183594,22.92299199104309,51.97751808166504,29.05452609062195
46,86922.3,86999.7,86852.1,86965.0,3934.0,-1.3966907262802124,-88.67554473876953,-29.925186157226562,87.27885401248932,58.75035858154297,28.52849543094635
47,86973.7,87026.1,86973.7,87022.1,3649.0,-1.5080764293670654,-79.56314849853516,-7.244534969329834,78.05507206916809,72.31861352920532,5.7364585399627686
48,87024.4,87024.4,86888.0,86937.6,4724.0,-0.9922959804534912,-63.91689682006836,29.460126876831055,62.92460083961487,93.37702369689941,30.452422857284546
49,86937.7,86946.2,86784.8,86834.6,8186.0,-0.18043482303619385,49.35231018066406,73.28535461425781,49.532745003700256,23.93304443359375,73.465789437294
50,86834.1,86875.0,86816.4,86816.4,3229.0,-1.0591562986373901,-41.545982360839844,-60.554603576660156,40.486826062202454,19.008621215820312,59.495447278022766
51,86811.0,86811.0,86736.8,86747.7,8672.0,-1.0970861911773682,27.174070358276367,168.5661163330078,28.271156549453735,141.39204597473145,169.66320252418518
52,86747.7,86754.9,86632.4,86663.7,10621.0,-0.8918449282646179,10.935868263244629,22.47463035583496,11.827713191509247,11.538762092590332,23.36647528409958
53,86662.6,86733.1,86656.0,86711.6,5251.0,-0.9968016147613525,15.103025436401367,-50.560211181640625,16.09982705116272,65.66323661804199,49.56340956687927
54,86713.4,86797.0,86694.8,86776.0,8816.0,-0.7708889842033386,101.04902648925781,67.89183044433594,101.81991547346115,33.157196044921875,68.66271942853928
55,86771.9,86843.4,86754.9,86843.1,8289.0,-0.41108787059783936,47.64873504638672,-5.977767467498779,48.05982291698456,53.6265025138855,5.56667959690094
56,86839.4,86843.2,86788.6,86793.6,4040.0,0.3562183678150177,2.694458484649658,-51.26070785522461,2.3382401168346405,53.95516633987427,51.61692622303963
57,86791.6,86810.2,86771.6,86771.6,1637.0,0.5005303025245667,-55.138397216796875,-59.48019790649414,55.63892751932144,4.341800689697266,59.98072820901871
58,86771.7,86775.9,86561.1,86561.5,18764.0,0.4302634000778198,297.20574951171875,1046.2431640625,296.77548611164093,749.0374145507812,1045.8129006624222
59,86561.1,86653.2,86547.3,86632.5,11099.0,-0.07090944796800613,35.585147857666016,-40.8494987487793,35.65605730563402,76.43464660644531,40.77858930081129
60,86623.2,86749.9,86578.5,86691.8,11360.0,-0.008046504110097885,251.8116912841797,2.3515632152557373,251.81973778828979,249.46012806892395,2.359609719365835
61,86692.1,86807.3,86674.1,86777.2,4944.0,0.023357747122645378,-42.988929748535156,-56.47887420654297,43.0122874956578,13.489944458007812,56.502231953665614
62,86777.1,86912.6,86772.8,86888.4,31143.0,0.10612785071134567,193.22097778320312,529.9150390625,193.11484993249178,336.6940612792969,529.8089112117887
63,86890.1,86910.7,86847.2,86877.6,6761.0,0.0667039230465889,28.756427764892578,-78.29046630859375,28.68972384184599,107.04689407348633,78.35717023164034
64,86880.8,86880.8,86707.1,86707.1,6576.0,0.0043228790163993835,-25.408348083496094,-2.736281633377075,25.412670962512493,22.67206645011902,2.7406045123934746
65,86703.9,87030.3,86664.3,87004.3,7093.0,0.040529582649469376,-14.42876148223877,7.861922264099121,14.469291064888239,22.29068374633789,7.821392681449652
66,87003.4,87029.3,86934.7,86960.8,9135.0,-0.6576233506202698,126.1138687133789,28.7889461517334,126.77149206399918,97.32492256164551,29.446569502353668
67,86961.3,87031.1,86961.3,87016.8,6887.0,-0.5684208869934082,320.7086181640625,-24.6086483001709,321.2770390510559,345.3172664642334,24.04022741317749
68,87018.6,87098.9,86982.8,87042.9,4779.0,-0.060252536088228226,-74.53102111816406,-30.6083927154541,74.47076858207583,43.92262840270996,30.548140179365873
69,87042.8,87089.4,86993.0,87040.7,3567.0,-0.23451803624629974,-67.86196899414062,-25.36095428466797,67.62745095789433,42.501014709472656,25.12643624842167
70,87052.8,87151.8,87042.7,87146.3,5135.0,0.15719254314899445,-54.79753494262695,43.9585075378418,54.95472748577595,98.75604248046875,43.8013149946928
71,87136.8,87202.0,87082.7,87141.6,9808.0,0.4457916021347046,98.38187408447266,91.00292205810547,97.93608248233795,7.3789520263671875,90.55713045597076
72,87141.5,87171.3,87077.6,87103.5,9815.0,0.3730672299861908,-68.48408508300781,0.07137031108140945,68.857152312994,68.55545539408922,0.30169691890478134
73,87120.2,87156.4,87092.1,87139.0,6378.0,0.40741705894470215,-5.66484260559082,-35.01782989501953,6.0722596645355225,29.35298728942871,35.42524695396423
74,87127.1,87285.6,87127.1,87285.6,10418.0,0.5380110144615173,58.42457580566406,63.34273910522461,57.886564791202545,4.918163299560547,62.80472809076309
75,87286.3,87347.0,87230.6,87262.4,6640.0,0.4609440863132477,-6.38657808303833,-36.264156341552734,6.847522169351578,29.877578258514404,36.72510042786598
76,87267.2,87304.4,87227.4,87265.9,7803.0,0.9179937839508057,-14.581280708312988,17.515060424804688,15.499274492263794,32.096341133117676,16.597066640853882
77,87258.1,87397.0,87246.9,87381.6,5966.0,0.9184605479240417,-13.373022079467773,-23.542226791381836,14.291482627391815,10.169204711914062,24.460687339305878
78,87379.2,87416.2,87350.2,87382.5,8104.0,0.3820113241672516,69.57522583007812,35.83640670776367,69.19321450591087,33.73881912231445,35.45439538359642
79,87385.3,87385.3,87203.1,87206.5,8375.0,0.16300447285175323,134.79115295410156,3.3440277576446533,134.6281484812498,131.4471251964569,3.1810232847929
80,87197.9,87269.5,87184.0,87255.9,5466.0,0.14879316091537476,6.445959091186523,-34.73432922363281,6.297165930271149,41.180288314819336,34.88312238454819
81,87257.0,87259.1,87077.1,87085.8,11182.0,0.05242752283811569,14.00897216796875,104.57373046875,13.956544645130634,90.56475830078125,104.52130294591188
82,87078.5,87191.7,87067.9,87178.3,8493.0,0.0457758903503418,-13.4691801071167,-24.047576904296875,13.514955997467041,10.578396797180176,24.093352794647217
83,87179.5,87211.0,87081.9,87101.3,4100.0,0.1446315199136734,-35.71652603149414,-51.72494888305664,35.861157551407814,16.0084228515625,51.869580402970314
84,87101.5,87165.0,87084.1,87164.6,4103.0,-0.1496591418981552,-60.616241455078125,0.0731707289814949,60.46658231317997,60.68941218405962,0.22282987087965012
85,87159.0,87263.8,87159.0,87263.8,7991.0,-0.4967208504676819,20.346385955810547,94.75993347167969,20.84310680627823,74.41354751586914,95.25665432214737
86,87263.8,87364.8,87257.3,87257.3,12821.0,-0.3702785074710846,64.30859375,60.442996978759766,64.67887225747108,3.8655967712402344,60.81327548623085
87,87254.8,87272.0,87194.2,87201.1,4852.0,-0.560670793056488,-18.67247772216797,-62.15583801269531,18.11180692911148,43.483360290527344,61.595167219638824
88,87196.9,87344.5,87196.1,87273.3,9019.0,-0.553561270236969,11.290721893310547,85.88211059570312,11.844283163547516,74.59138870239258,86.4356718659401
89,87273.3,87299.0,87234.8,87282.5,4458.0,-0.2849709391593933,-46.77014923095703,-50.57101821899414,46.48517829179764,3.8008689880371094,50.28604727983475
90,87282.4,87294.7,87186.6,87234.4,13604.0,-0.4734867811203003,148.88400268554688,205.15927124023438,149.35748946666718,56.2752685546875,205.63275802135468
91,87234.5,87344.6,87234.5,87254.1,5698.0,-0.5328140258789062,-49.0431022644043,-58.11526107788086,48.51028823852539,9.072158813476562,57.58244705200195
92,87254.0,87260.8,87090.8,87090.8,4446.0,-0.5087844729423523,-47.651004791259766,-21.97262191772461,47.14222031831741,25.678382873535156,21.463837444782257
93,87088.6,87156.5,87058.1,87150.2,4771.0,-0.4981732964515686,16.36585235595703,7.309941291809082,16.8640256524086,9.05591106414795,7.808114588260651
94,87146.9,87224.5,87120.0,87136.1,7039.0,-0.5048925876617432,71.5573959350586,47.53720474243164,72.06228852272034,24.020191192626953,48.042097330093384
95,87147.1,87212.5,87021.3,87200.3,6592.0,-0.2712612748146057,-17.50719451904297,-6.3503336906433105,17.235933244228363,11.156860828399658,6.079072415828705
96,87208.9,87303.3,87188.9,87287.3,7835.0,-0.4039890468120575,-38.889320373535156,18.856189727783203,38.4853313267231,57.74551010131836,19.26017877459526
97,87292.2,87397.9,87289.2,87386.0,6161.0,-0.35140103101730347,26.978567123413086,-21.36566734313965,27.32996815443039,48.344234466552734,21.014266312122345
98,87393.5,87497.2,87393.5,87484.7,9223.0,-0.2919577658176422,2.2618916034698486,49.69972229003906,2.553849369287491,47.437830686569214,49.991680055856705
99,87479.7,87499.9,87346.1,87346.1,5379.0,-0.22847142815589905,20.659488677978516,-41.67841339111328,20.887960106134415,62.3379020690918,41.44994196295738
100,87346.2,87399.9,87346.2,87374.0,3442.0,-0.45344462990760803,-74.69862365722656,-36.01041030883789,74.24517902731895,38.68821334838867,35.55696567893028
101,87368.5,87480.9,87358.2,87448.0,4521.0,-0.37190431356430054,-20.656370162963867,31.348052978515625,20.284465849399567,52.00442314147949,31.719957292079926
102,87444.3,87446.4,87365.9,87396.3,4579.0,-2.9088566303253174,2.991452693939209,1.2829020023345947,5.900309324264526,1.7085506916046143,4.191758632659912
103,87418.0,87425.2,87303.7,87303.7,4357.0,-2.006507396697998,-8.6774263381958,-4.848220348358154,6.670918941497803,3.8292059898376465,2.8417129516601562
104,87298.5,87299.3,87195.9,87228.9,6647.0,-1.345990538597107,-5.568973064422607,52.55910110473633,4.2229825258255005,58.128074169158936,53.905091643333435
105,87225.0,87274.1,87190.0,87274.1,6185.0,-1.9577350616455078,-6.174150466918945,-6.950503826141357,4.2164154052734375,0.7763533592224121,4.99276876449585
106,87269.8,87339.4,87262.9,87336.5,2842.0,-1.8617233037948608,-63.72686767578125,-54.05012130737305,61.86514437198639,9.676746368408203,52.188398003578186
107,87332.8,87389.0,87309.1,87343.0,3113.0,-1.7189873456954956,-49.47248840332031,9.535538673400879,47.75350105762482,59.00802707672119,11.254526019096375
108,87343.0,87361.8,87296.6,87357.5,5787.0,-1.9715862274169922,-37.25468826293945,85.8978500366211,35.28310203552246,123.15253829956055,87.86943626403809
109,87367.3,87367.3,87300.2,87324.3,2920.0,-1.4416968822479248,-45.714820861816406,-49.542076110839844,44.27312397956848,3.8272552490234375,48.10037922859192
110,87324.1,87420.1,87299.5,87391.6,3281.0,-0.7745448350906372,-4.6775126457214355,12.36301326751709,3.9029678106307983,17.040525913238525,13.137558102607727
111,87387.3,87426.6,87367.6,87367.6,3299.0,-1.0045239925384521,-27.0294189453125,0.5486132502555847,26.024894952774048,27.578032195568085,1.5531372427940369
112,87370.5,87434.3,87366.8,87434.3,5919.0,1.6694458723068237,29.26403045654297,79.41800689697266,27.594584584236145,50.15397644042969,77.74856102466583
113,87441.1,87441.1,87327.1,87348.1,4270.0,0.3725593090057373,-1.9967867136001587,-27.85943603515625,2.369346022605896,25.86264932155609,28.231995344161987
114,87348.0,87402.0,87325.2,87387.7,2276.0,-0.20352821052074432,-65.75898742675781,-46.69789123535156,65.55545921623707,19.06109619140625,46.49436302483082
115,87379.9,87435.9,87357.2,87418.0,3605.0,0.09839563071727753,-41.71382141113281,58.39191436767578,41.81221704185009,100.1057357788086,58.293518736958504
116,87412.0,87412.0,87284.7,87319.5,3262.0,-0.2928887903690338,14.778325080871582,-9.51456356048584,15.071213871240616,24.292888641357422,9.221674770116806
117,87323.4,87333.8,87269.7,87269.7,3139.0,-0.16094699501991272,0.8352072238922119,-3.770692825317383,0.9961542189121246,4.605900049209595,3.60974583029747
118,87268.0,87268.0,87192.3,87228.9,4089.0,-0.06548867374658585,-29.341629028320312,30.264415740966797,29.276140354573727,59.60604476928711,30.329904414713383
119,87233.8,87283.9,87226.1,87283.9,1985.0,-0.6111814379692078,-32.02054977416992,-51.45512390136719,31.409368336200714,19.434574127197266,50.84394246339798
120,87283.9,87334.5,87282.3,87327.1,2113.0,-0.8316320180892944,-35.598899841308594,6.448362827301025,34.7672678232193,42.04726266860962,7.27999484539032
121,87327.1,87342.2,87293.3,87342.2,2732.0,-0.8473693132400513,-17.187026977539062,29.294841766357422,16.33965766429901,46.481868743896484,30.142211079597473
122,87346.3,87440.5,87267.0,87267.0,4450.0,-1.0314983129501343,-24.818382263183594,62.884334564208984,23.78688395023346,87.70271682739258,63.91583287715912
123,87267.0,87291.5,87154.6,87233.4,12040.0,-0.7907575964927673,181.9672088623047,170.56179809570312,182.75796645879745,11.405410766601562,171.3525556921959
124,87229.9,87343.2,87223.0,87322.4,6250.0,-1.044848918914795,174.6045684814453,-48.08970260620117,175.6494174003601,222.69427108764648,47.04485368728638
125,87321.5,87395.6,87312.0,87383.6,3558.0,-1.157069206237793,-1.3037447929382324,-43.071998596191406,0.14667558670043945,41.768253803253174,41.91492938995361
126,87388.6,87466.1,87370.7,87449.7,5254.0,-1.0863057374954224,61.066829681396484,47.66722869873047,62.15313541889191,13.399600982666016,48.75353443622589
127,87450.7,87466.7,87295.4,87343.6,16226.0,-1.3446694612503052,416.9162292480469,208.83135986328125,418.2608987092972,208.08486938476562,210.17602932453156
128,87356.8,87381.6,87285.9,87330.1,8568.0,-1.526605486869812,109.53779602050781,-47.195858001708984,111.06440150737762,156.7336540222168,45.66925251483917
129,87339.4,87339.4,87218.9,87218.9,4133.0,-1.3243781328201294,108.21158599853516,-51.76237106323242,109.53596413135529,159.97395706176758,50.43799293041229
130,87202.4,87283.3,87168.3,87237.2,3723.0,-1.9967979192733765,76.19498443603516,-9.920154571533203,78.19178235530853,86.11513900756836,7.923356652259827
131,87239.7,87262.3,87175.9,87235.0,3241.0,-1.5962276458740234,18.631038665771484,-12.946548461914062,20.227266311645508,31.577587127685547,11.350320816040039
132,87247.9,87259.9,87183.5,87198.4,4240.0,-2.0847504138946533,-4.719101428985596,30.823820114135742,2.6343510150909424,35.54292154312134,32.908570528030396
133,87205.2,87233.0,87176.7,87185.5,1926.0,-1.936924695968628,-84.00332641601562,-54.575469970703125,82.066401720047,29.4278564453125,52.6385452747345
134,87182.6,87182.6,87080.3,87157.2,6053.0,-1.4310089349746704,-3.1519997119903564,214.27828979492188,1.720990777015686,217.43028950691223,215.70929872989655
135,87147.5,87234.0,87147.5,87233.0,3708.0,-1.4211710691452026,4.215851306915283,-38.741119384765625,5.637022376060486,42.95697069168091,37.31994831562042
136,87229.2,87275.8,87143.6,87155.3,7892.0,-1.058046579360962,50.20936584472656,112.83711242675781,51.267412424087524,62.62774658203125,113.89515900611877
137,87155.4,87198.1,87005.4,87017.6,15190.0,-0.867328405380249,-6.384814739227295,92.473388671875,5.517486333847046,98.8582034111023,93.34071707725525
138,87018.5,87075.7,87005.2,87075.7,9681.0,0.06703048944473267,12.990196228027344,-36.26728057861328,12.923165738582611,49.257476806640625,36.334311068058014
139,87068.2,87068.2,86884.7,86918.4,9446.0,0.2836402356624603,128.55068969726562,-2.4274351596832275,128.26704946160316,130.97812485694885,2.711075395345688
140,86923.9,86925.9,86830.4,86912.9,6178.0,0.40730080008506775,65.94144439697266,-34.59665298461914,65.53414359688759,100.5380973815918,35.00395378470421
141,86915.6,87056.8,86915.6,87049.1,8672.0,0.1792820543050766,167.5717315673828,40.36905288696289,167.39244951307774,127.20267868041992,40.189770832657814
142,87049.1,87251.5,87049.1,87242.7,7613.0,0.9774383902549744,79.55188751220703,-12.211715698242188,78.57444912195206,91.76360321044922,13.189154088497162
143,87227.2,87331.2,87227.2,87306.4,14326.0,0.9137600660324097,643.8214111328125,88.17811584472656,642.9076510667801,555.6432952880859,87.26435577869415
144,87306.3,87306.3,87113.3,87159.9,50306.0,0.886357307434082,731.092041015625,251.15174865722656,730.2056837081909,479.94029235839844,250.26539134979248
145,87164.3,87203.0,87143.6,87181.7,14310.0,1.7309894561767578,285.92230224609375,-71.55409240722656,284.191312789917,357.4763946533203,73.28508186340332
146,87183.5,87394.7,87183.5,87356.0,7122.0,1.2310848236083984,-9.75671672821045,-50.23060607910156,10.987801551818848,40.47388935089111,51.46169090270996
147,87368.6,87397.5,87249.7,87268.0,3750.0,1.1833804845809937,-75.31270599365234,-47.34625244140625,76.49608647823334,27.966453552246094,48.529632925987244
148,87266.5,87266.5,87183.7,87217.1,3825.0,0.7372484803199768,-60.489620208740234,2.0,61.22686868906021,62.489620208740234,1.2627515196800232
149,87200.8,87325.8,87200.8,87286.3,5999.0,0.16115285456180573,-36.491634368896484,56.83660125732422,36.65278722345829,93.3282356262207,56.67544840276241
150,87278.5,87324.1,87270.8,87315.4,3828.0,0.4544532001018524,-38.03820037841797,-36.18936538696289,38.49265357851982,1.8488349914550781,36.64381858706474
151,87315.5,87327.8,87211.1,87211.1,2126.0,0.12722091376781464,-75.48431396484375,-44.46186065673828,75.61153487861156,31.02245330810547,44.589081570506096
152,87207.4,87207.4,87079.5,87094.4,6031.0,-0.2900305688381195,-20.780244827270508,183.6782684326172,20.49021425843239,204.4585132598877,183.9682990014553
153,87111.9,87161.5,87092.5,87128.8,4104.0,-0.5831197500228882,-71.352783203125,-31.951583862304688,70.76966345310211,39.40119934082031,31.3684641122818
154,87116.6,87131.4,87081.3,87081.3,2055.0,-0.7359789609909058,-95.91500854492188,-49.92689895629883,95.17902958393097,45.98810958862305,49.19091999530792
155,87080.0,87080.0,86926.0,86933.7,4617.0,-1.1839797496795654,-67.73584747314453,124.6715316772461,66.55186772346497,192.40737915039062,125.85551142692566
156,86946.5,87017.3,86910.8,87017.3,4854.0,-0.78155118227005,-31.844987869262695,5.133203506469727,31.063436686992645,36.97819137573242,5.914754688739777
157,87023.3,87069.6,86971.3,87004.0,3525.0,-1.1835198402404785,-6.0,-27.379480361938477,4.8164801597595215,21.379480361938477,26.195960521697998
158,87004.9,87153.3,87004.9,87103.2,7838.0,-1.0681909322738647,104.91503143310547,122.35460662841797,105.98322236537933,17.4395751953125,123.42279756069183
159,87098.0,87153.9,87067.0,87098.1,2920.0,-1.233762264251709,-51.325218200683594,-62.74559783935547,50.091455936431885,11.420379638671875,61.51183557510376
160,87101.9,87141.3,87089.1,87089.1,6354.0,-2.181562662124634,65.98746490478516,117.60273742675781,68.16902756690979,51.615272521972656,119.78430008888245
161,87088.1,87152.0,87075.8,87148.2,2718.0,-2.317082643508911,27.845720291137695,-57.22379684448242,30.162802934646606,85.06951713562012,54.90671420097351
162,87148.2,87220.1,87142.5,87220.1,3075.0,-1.0992621183395386,-49.013431549072266,13.134657859802246,47.91416943073273,62.14808940887451,14.233919978141785
163,87226.1,87260.8,87217.8,87243.1,2324.0,0.5937087535858154,-43.37232208251953,-24.42276382446289,43.96603083610535,18.94955825805664,25.016472578048706
164,87250.2,87250.2,87197.9,87236.4,2364.0,0.7140923142433167,15.03649616241455,1.721170425415039,14.322403848171234,13.315325736999512,1.0070781111717224
165,87239.3,87340.2,87231.4,87340.1,3636.0,0.9402308464050293,-21.2475643157959,53.807106018066406,22.187795162200928,75.0546703338623,52.86687517166138
166,87331.3,87331.3,87163.4,87212.3,16197.0,1.4709869623184204,233.68356323242188,345.4620361328125,232.21257627010345,111.77847290039062,343.9910491704941
167,87209.9,87275.8,87209.9,87275.7,6730.0,1.4879111051559448,90.92198944091797,-58.4490966796875,89.43407833576202,149.37108612060547,59.937007784843445
168,87266.9,87281.3,87238.0,87241.9,3204.0,1.2347005605697632,-59.122222900390625,-52.39227294921875,60.35692346096039,6.729949951171875,53.62697350978851
169,87240.0,87266.2,87151.5,87151.5,3662.0,2.0868759155273438,25.410959243774414,14.294631958007812,23.32408332824707,11.116327285766602,12.207756042480469
170,87144.2,87230.2,87144.2,87230.2,2223.0,3.2090253829956055,-65.01416778564453,-39.295467376708984,68.22319316864014,25.718700408935547,42.50449275970459
171,87221.2,87257.5,87178.1,87211.1,3237.0,4.157386302947998,19.09492301940918,45.614036560058594,14.937536716461182,26.519113540649414,41.456650257110596
172,87215.6,87223.3,87083.0,87083.0,6893.0,2.6356964111328125,124.16260528564453,112.94408416748047,121.52690887451172,11.218521118164062,110.30838775634766
173,87081.0,87085.5,86996.2,87006.1,7449.0,0.7734920382499695,220.5249481201172,8.066154479980469,219.75145608186722,212.45879364013672,7.292662441730499
174,87003.5,87043.2,87003.5,87043.1,6087.0,0.6979241967201233,157.4873046875,-18.284334182739258,156.78938049077988,175.77163887023926,18.98225837945938
175,87048.4,87072.2,87023.0,87055.9,3957.0,1.028373122215271,8.82838249206543,-34.99260711669922,7.800009369850159,43.82098960876465,36.02098023891449
176,87062.6,87110.1,87036.0,87042.7,3693.0,0.6750382781028748,-77.1994857788086,-6.6717209815979,77.87452405691147,70.5277647972107,7.346759259700775
177,87048.3,87113.2,87048.3,87113.2,3309.0,1.3489488363265991,-50.83209991455078,-10.398050308227539,52.18104875087738,40.43404960632324,11.746999144554138
178,87113.2,87170.8,87084.3,87104.6,2723.0,1.134881615638733,-15.012484550476074,-17.709278106689453,16.147366166114807,2.696793556213379,18.844159722328186
179,87104.6,87104.6,87035.5,87052.0,4439.0,0.6241830587387085,21.217914581298828,63.01873016357422,20.59373152256012,41.80081558227539,62.39454710483551
180,87046.0,87068.7,87030.2,87033.0,1778.0,0.19199781119823456,-20.017993927001953,-59.9459342956543,20.209991738200188,39.927940368652344,60.13793210685253
181,87034.8,87046.3,87000.5,87004.0,2719.0,-0.007015284616500139,-16.002471923828125,52.92463302612305,15.995456639211625,68.92710494995117,52.93164831073955
182,87001.9,87003.2,86893.3,86893.3,8052.0,0.11163684725761414,16.814159393310547,196.13829040527344,16.702522546052933,179.3241310119629,196.02665355801582
183,86893.3,86991.3,86885.6,86970.4,5381.0,0.24026255309581757,-27.762115478515625,-33.17188262939453,28.002378031611443,5.409767150878906,33.41214518249035
184,86976.8,86988.5,86935.2,86935.2,6084.0,0.4468391537666321,-0.04928536340594292,13.064486503601074,0.496124517172575,13.113771867007017,12.617647349834442
185,86935.1,86936.0,86728.6,86737.0,15394.0,-0.4558160901069641,289.0321044921875,153.02432250976562,289.48792058229446,136.00778198242188,153.4801385998726
186,86737.0,86809.0,86600.0,86688.9,33820.0,0.16700583696365356,815.78662109375,119.69598388671875,815.6196152567863,696.0906372070312,119.5289780497551
187,86691.1,86839.5,86691.1,86833.1,5536.0,0.5292171835899353,67.30130004882812,-83.63098907470703,66.77208286523819,150.93228912353516,84.16020625829697
188,86830.6,86913.0,86830.6,86846.2,7789.0,0.6928433775901794,186.04481506347656,40.6972541809082,185.35197168588638,145.34756088256836,40.004410803318024
189,86839.2,86842.7,86651.1,86659.8,12443.0,0.5438221096992493,180.31088256835938,59.75093078613281,179.76706045866013,120.55995178222656,59.20710867643356
190,86672.6,86716.7,86653.2,86716.7,4318.0,1.5078458786010742,142.85714721679688,-65.29776000976562,141.3493013381958,208.1549072265625,66.8056058883667
191,86721.4,86721.4,86618.2,86643.8,3803.0,1.2475910186767578,39.86759948730469,-11.926817893981934,38.62000846862793,51.79441738128662,13.174408912658691
192,86646.7,86660.6,86403.9,86496.2,24834.0,0.8453434109687805,208.42027282714844,553.0108032226562,207.57492941617966,344.5905303955078,552.1654598116875
193,86500.8,86584.7,86418.7,86453.0,17044.0,0.994871199131012,216.7440948486328,-31.3682861328125,215.7492236495018,248.1123809814453,32.36315733194351
194,86455.9,86497.4,86401.9,86444.9,7346.0,0.39344245195388794,20.74293327331543,-56.89978790283203,20.34949082136154,77.64272117614746,57.29323035478592
195,86440.1,86555.3,86408.2,86526.5,4643.0,0.6127692461013794,-69.83889770507812,-36.795536041259766,70.4516669511795,33.04336166381836,37.408305287361145
196,86526.5,86618.0,86492.5,86541.7,8116.0,-0.2448066771030426,-76.00236511230469,74.80077362060547,75.75755843520164,150.80313873291016,75.04558029770851
197,86535.9,86535.9,86402.0,86402.1,4754.0,-1.295445203781128,-14.125722885131836,-41.424346923828125,12.830277681350708,27.29862403869629,40.128901720047
198,86410.8,86438.8,86176.2,86180.7,17726.0,-1.5021979808807373,127.57736206054688,272.8649597167969,129.0795600414276,145.28759765625,274.3671576976776
199,86180.7,86411.4,86180.7,86403.0,18165.0,-1.730847716331482,45.985694885253906,2.476588010787964,47.71654260158539,43.50910687446594,4.207435727119446
200,86403.7,86516.5,86308.2,86516.5,9042.0,-2.523026704788208,109.40250396728516,-50.222957611083984,111.92553067207336,159.62546157836914,47.699930906295776
201,86520.8,86776.4,86520.8,86756.3,28362.0,-2.269423723220825,645.7796630859375,213.66954040527344,648.0490868091583,432.11012268066406,215.93896412849426
202,86747.8,86747.8,86580.5,86610.5,10924.0,-2.0084877014160156,-56.01192092895508,-61.48367691040039,54.00343322753906,5.4717559814453125,59.475189208984375
203,86610.4,86780.8,86590.9,86748.0,15765.0,-1.746204137802124,-7.5041069984436035,44.315269470214844,5.7579028606414795,51.81937646865845,46.06147360801697
204,86748.0,86786.9,86667.8,86706.6,4021.0,-1.6549222469329834,-45.26272964477539,-74.49413299560547,43.60780739784241,29.231403350830078,72.83921074867249
205,86703.3,86798.4,86669.7,86731.1,5333.0,-1.455979824066162,14.86108112335205,32.628700256347656,16.317060947418213,17.767619132995605,34.08468008041382
206,86722.3,86722.3,86635.2,86676.4,11247.0,-1.3084214925765991,38.578121185302734,110.8944320678711,39.88654267787933,72.31631088256836,112.20285356044769
207,86694.1,86698.7,86556.8,86579.7,4820.0,-1.3161529302597046,1.3883044719696045,-57.144126892089844,2.704457402229309,58.53243136405945,55.82797396183014
208,86571.2,86596.5,86552.1,86578.7,3897.0,-0.6893678903579712,-78.01534271240234,-19.149377822875977,77.32597482204437,58.86596488952637,18.460009932518005
209,86574.5,86660.9,86495.6,86495.6,9383.0,0.0108204809948802,-48.34571838378906,140.7749481201172,48.35653886478394,189.12066650390625,140.7641276391223
210,86495.8,86508.7,86253.3,86398.1,9546.0,0.17620617151260376,5.573988437652588,1.7371842861175537,5.397782266139984,3.836804151535034,1.56097811460495
211,86398.1,86542.0,86398.1,86528.6,8732.0,0.6852923631668091,-69.21232604980469,-8.527132034301758,69.8976184129715,60.68519401550293,9.212424397468567
212,86531.9,86568.2,86352.6,86352.8,9250.0,0.6774226427078247,-15.324056625366211,5.93220329284668,16.001479268074036,21.25625991821289,5.254780650138855
213,86377.2,86444.9,86317.1,86433.1,8618.0,0.9795640707015991,-45.33460235595703,-6.832432270050049,46.31416642665863,38.50217008590698,7.811996340751648
214,86428.1,86534.8,86383.7,86524.9,4693.0,2.0609612464904785,16.712261199951172,-45.54420852661133,14.651299953460693,62.2564697265625,47.60516977310181
215,86525.0,86670.4,86509.6,86589.1,7676.0,2.3650693893432617,43.93399429321289,63.56275177001953,41.56892490386963,19.62875747680664,61.19768238067627
216,86578.0,86640.7,86530.3,86562.6,5424.0,2.364661931991577,-51.7738037109375,-29.338197708129883,54.13846564292908,22.435606002807617,31.70285964012146
217,86559.3,86609.8,86391.6,86395.6,13155.0,3.279420852661133,172.92532348632812,142.53318786621094,169.645902633667,30.392135620117188,139.2537670135498
218,86404.0,86468.1,86379.2,86466.4,3063.0,2.648820161819458,-21.401079177856445,-76.71607971191406,24.049899339675903,55.31500053405762,79.36489987373352
219,86466.4,86488.8,86301.9,86347.8,9455.0,2.6163477897644043,0.7673451900482178,208.68429565429688,1.8490025997161865,207.91695046424866,206.06794786453247
220,86357.6,86492.7,86353.3,86484.3,4486.0,2.608659267425537,-53.006492614746094,-52.554203033447266,55.61515188217163,0.4522895812988281,55.1628623008728
221,86475.5,86483.5,86409.6,86432.5,7786.0,1.5805647373199463,-10.833714485168457,73.56219482421875,12.414279222488403,84.3959093093872,71.9816300868988
222,86432.5,86488.2,86357.0,86447.1,5794.0,2.3877017498016357,-37.362159729003906,-25.584383010864258,39.74986147880554,11.777776718139648,27.972084760665894
223,86438.5,86438.5,86282.0,86331.4,7853.0,1.623924970626831,-8.876769065856934,35.53676223754883,10.500694036483765,44.41353130340576,33.912837266922
224,86328.9,86352.0,85852.6,85882.9,137327.0,0.863990068435669,2826.209228515625,1648.72021484375,2825.3452384471893,1177.489013671875,1647.8562247753143
225,85887.1,86099.9,85852.2,86006.9,21941.0,0.5643726587295532,185.83897399902344,-84.0228042602539,185.27460134029388,269.86177825927734,84.58717691898346
226,86007.0,86190.6,86007.0,86186.3,11137.0,-0.0224922988563776,105.32816314697266,-49.241146087646484,105.35065544582903,154.56930923461914,49.21865378879011
227,86187.5,86250.8,86051.9,86138.2,10003.0,-0.4781699776649475,-23.960472106933594,-10.182275772094727,23.482302129268646,13.778196334838867,9.704105794429779
228,86153.7,86259.6,86135.6,86209.9,8193.0,-0.8715007305145264,167.4828643798828,-18.094572067260742,168.35436511039734,185.57743644714355,17.223071336746216
229,86209.9,86234.3,86131.4,86162.9,4426.0,-1.700425386428833,-53.18878936767578,-45.978275299072266,51.48836398124695,7.210514068603516,44.27784991264343
230,86167.4,86250.8,86140.2,86152.9,9285.0,-2.019176959991455,106.97725677490234,109.78309631347656,108.9964337348938,2.8058395385742188,111.80227327346802
231,86169.3,86169.3,85990.9,86043.0,9036.0,-1.8707212209701538,16.05445671081543,-2.6817448139190674,17.925177931785583,18.736201524734497,0.8110235929489136
232,86033.5,86036.6,85656.5,85703.8,56064.0,-2.2069809436798096,867.6217041015625,520.4515380859375,869.8286850452423,347.170166015625,522.6585190296173
233,85703.9,85852.2,85703.9,85767.8,27207.0,-1.2525382041931152,246.4535675048828,-51.47153091430664,247.70610570907593,297.92509841918945,50.218992710113525
234,85762.0,85850.4,85727.8,85815.1,7963.0,-1.1711505651474,-94.20143127441406,-70.73179626464844,93.03028070926666,23.469635009765625,69.56064569950104
235,85832.0,85832.0,85600.1,85702.0,20876.0,-0.876395046710968,-4.853926181793213,162.16250610351562,3.977531135082245,167.01643228530884,163.0389011502266
236,85701.9,85803.3,85600.1,85627.9,31337.0,-0.5185710191726685,181.37738037109375,50.11017608642578,181.89595139026642,131.26720428466797,50.62874710559845
237,85624.6,85683.4,85558.8,85574.3,29383.0,0.03722306713461876,193.74188232421875,-6.235440731048584,193.70465925708413,199.97732305526733,6.272663798183203
238,85574.0,85631.1,85473.9,85502.9,21038.0,0.4231134057044983,156.78016662597656,-28.400775909423828,156.35705322027206,185.1809425354004,28.823889315128326
239,85529.6,85593.1,85345.5,85439.8,37207.0,0.8381611704826355,740.646240234375,76.85616302490234,739.8080790638924,663.7900772094727,76.01800185441971
240,85439.7,85659.3,85427.1,85647.1,10836.0,1.2745229005813599,16.704362869262695,-70.87644958496094,15.429839968681335,87.58081245422363,72.1509724855423
241,85625.5,85680.6,85510.3,85680.6,6731.0,1.3528032302856445,-25.509077072143555,-37.88298416137695,26.8618803024292,12.373907089233398,39.2357873916626
242,85680.5,85680.9,85575.1,85613.4,6608.0,1.1843085289001465,-88.21347045898438,-1.8273658752441406,89.39777898788452,86.38610458374023,3.011674404144287
243,85626.1,85699.9,85549.1,85575.0,10137.0,0.592819094657898,-62.74120330810547,53.404964447021484,63.33402240276337,116.14616775512695,52.812145352363586
244,85598.0,85715.5,85572.4,85672.9,7328.0,0.81317538022995,-7.974381923675537,-27.71036720275879,8.787557303905487,19.735985279083252,28.52354258298874
245,85673.0,85999.4,85673.0,85932.5,15574.0,0.41238224506378174,-25.397586822509766,112.52729034423828,25.809969067573547,137.92487716674805,112.1149080991745
246,85934.9,86054.4,85926.3,85992.9,11959.0,0.21488061547279358,-61.83744812011719,-23.211763381958008,62.05232873558998,38.62568473815918,23.4266439974308
247,86000.8,86040.4,85902.2,85936.9,8689.0,-0.09348757565021515,-70.42848205566406,-27.34342384338379,70.33499448001385,43.08505821228027,27.249936267733574
248,85937.8,86035.6,85926.0,86014.1,10299.0,-0.39208143949508667,-51.04572677612305,18.5291748046875,50.65364533662796,69.57490158081055,18.921256244182587
249,86025.2,86025.2,85833.7,85839.4,5731.0,-0.2654370963573456,-84.59698486328125,-44.35382080078125,84.3315477669239,40.2431640625,44.088383704423904
250,85839.5,85941.5,85839.4,85930.4,4302.0,-0.6754123568534851,-60.29900360107422,-24.934566497802734,59.623591244220734,35.364437103271484,24.25915414094925
251,85921.9,85930.2,85830.6,85879.7,6486.0,-0.5135658383369446,-3.6398754119873047,50.767086029052734,3.12630957365036,54.40696144104004,51.28065186738968
252,85896.6,85930.0,85835.3,85912.9,4643.0,-0.22978541254997253,-29.736679077148438,-28.415048599243164,29.506893664598465,1.3216304779052734,28.18526318669319
253,85912.0,85912.0,85813.0,85827.0,2945.0,-0.7542756199836731,-70.94801330566406,-36.57118225097656,70.19373768568039,34.3768310546875,35.81690663099289
254,85829.2,85829.2,85720.1,85774.1,4394.0,-0.8993335962295532,-40.038211822509766,49.2020378112793,39.13887822628021,89.24024963378906,50.10137140750885
255,85783.3,85943.9,85783.3,85942.9,5970.0,-1.215333104133606,-61.6668815612793,35.86709213256836,60.45154845714569,97.53397369384766,37.082425236701965
256,85925.4,85974.4,85701.9,85718.3,10857.0,-1.1030552387237549,-9.21481704711914,81.85929870605469,8.111761808395386,91.07411575317383,82.96235394477844
257,85718.3,85718.7,85533.6,85565.1,10773.0,-1.419324517250061,23.984346389770508,-0.7736943960189819,25.40367090702057,24.75804078578949,0.6456301212310791
258,85565.1,85646.5,85544.6,85624.6,4371.0,-0.8837615251541138,-57.558982849121094,-59.42634201049805,56.67522132396698,1.8673591613769531,58.54258048534393
259,85624.7,85642.1,85466.0,85526.5,10898.0,-0.25560814142227173,90.15878295898438,149.32510375976562,90.41439110040665,59.16632080078125,149.5807119011879
260,85510.1,85640.6,85480.2,85621.2,6778.0,0.07965096086263657,57.55462646484375,-37.80510330200195,57.47497550398111,95.3597297668457,37.88475426286459
261,85621.2,85773.2,85621.2,85727.2,7407.0,0.4823642373085022,14.199813842773438,9.280023574829102,13.717449605464935,4.919790267944336,8.7976593375206
262,85729.2,85785.5,85703.8,85785.5,9769.0,0.07685492187738419,110.40276336669922,31.88875389099121,110.32590844482183,78.51400947570801,31.811898969113827
263,85785.6,85804.4,85650.4,85658.2,8415.0,0.7128258943557739,185.73854064941406,-13.860170364379883,185.0257147550583,199.59871101379395,14.572996258735657
264,85657.3,85657.3,85495.8,85533.1,4775.0,0.41844239830970764,8.670914649963379,-43.2560920715332,8.252472251653671,51.92700672149658,43.67453446984291
265,85534.1,85579.5,85432.9,85462.1,9237.0,0.8430451154708862,54.7236213684082,93.44502258300781,53.88057625293732,38.72140121459961,92.60197746753693
266,85469.8,85567.3,85445.9,85535.4,10767.0,1.0518041849136353,-0.8289582133293152,16.563819885253906,1.8807623982429504,17.39277809858322,15.512015700340271
267,85533.0,85579.6,85487.1,85487.2,2838.0,0.9426664710044861,-73.65636444091797,-73.64168548583984,74.59903091192245,0.014678955078125,74.58435195684433
268,85481.1,85625.0,85474.8,85612.1,6635.0,1.4059834480285645,51.795928955078125,133.79139709472656,50.38994550704956,81.99546813964844,132.385413646698
269,85604.5,85711.2,85604.5,85687.9,6297.0,0.9159761667251587,-42.218753814697266,-5.0941972732543945,43.134729981422424,37.12455654144287,6.010173439979553
270,85687.5,85792.8,85609.7,85792.8,6186.0,0.963365912437439,-8.734139442443848,-1.7627441883087158,9.697505354881287,6.971395254135132,2.726110100746155
271,85800.0,85853.5,85674.6,85701.6,7363.0,0.7196758389472961,-0.5940327048301697,19.02683448791504,1.3137085437774658,19.62086719274521,18.307158648967743
272,85704.4,85796.4,85675.8,85759.0,4660.0,1.1276824474334717,-52.29808807373047,-36.71057891845703,53.42577052116394,15.587509155273438,37.8382613658905
273,85759.1,85772.3,85654.9,85654.9,4528.0,0.9195455312728882,-46.19132614135742,-2.832617998123169,47.11087167263031,43.35870814323425,3.752163529396057
274,85663.4,85663.4,85579.3,85613.0,4202.0,1.026116967201233,-12.0,-7.199646472930908,13.026116967201233,4.800353527069092,8.225763440132141
275,85617.9,85650.0,85577.4,85630.5,2748.0,0.6971587538719177,-70.25008392333984,-34.602569580078125,70.94724267721176,35.64751434326172,35.29972833395004
276,85642.8,85944.7,85642.2,85944.6,6701.0,0.9100013375282288,-37.7635383605957,143.85006713867188,38.67353969812393,181.61360549926758,142.94006580114365
277,85933.7,85994.8,85778.8,85800.3,9326.0,1.0020747184753418,228.61170959472656,39.173255920410156,227.60963487625122,189.4384536743164,38.171181201934814
278,85794.2,85898.8,85778.1,85867.2,8023.0,0.3182307779788971,20.91936683654785,-13.971692085266113,20.601136058568954,34.891058921813965,14.28992286324501
279,85855.5,85914.1,85800.5,85871.9,6588.0,0.18870998919010162,4.621248245239258,-17.886077880859375,4.432538256049156,22.507326126098633,18.074787870049477
280,85866.2,86031.3,85852.7,85988.0,11707.0,-0.25472086668014526,89.24992370605469,77.7018814086914,89.50464457273483,11.548042297363281,77.95660227537155
281,85988.0,86090.0,85977.8,86068.3,5521.0,-0.37158456444740295,-25.01697540283203,-52.840179443359375,24.64539083838463,27.823204040527344,52.46859487891197
282,86062.7,86078.8,86009.1,86047.9,4429.0,-1.0535868406295776,-4.9570817947387695,-19.77902603149414,3.903494954109192,14.821944236755371,18.725439190864563
283,86058.4,86129.3,86037.8,86071.8,4974.0,-1.0341302156448364,9.849822998046875,12.30526065826416,10.883953213691711,2.455437660217285,13.339390873908997
284,86067.5,86108.6,86045.0,86058.0,3915.0,-0.9049614667892456,-6.830081462860107,-21.290712356567383,5.925119996070862,14.460630893707275,20.385750889778137
285,86058.0,86125.1,86053.1,86063.0,4532.0,-0.6834045052528381,64.9199447631836,15.75989818572998,65.60334926843643,49.16004657745361,16.44330269098282
286,86062.2,86062.2,85998.7,85998.7,2655.0,-1.0386178493499756,-60.379051208496094,-41.41659164428711,59.34043335914612,18.962459564208984,40.377973794937134
287,85999.1,86071.6,85999.0,86045.6,4464.0,-1.1128010749816895,-52.13381576538086,68.13558959960938,51.02101469039917,120.26940536499023,69.24839067459106
288,86053.5,86057.0,85921.6,85951.1,5981.0,3.3982765674591064,-25.451824188232422,33.982975006103516,28.85010075569153,59.43479919433594,30.58469843864441
289,85957.7,85994.0,85936.4,85974.5,3532.0,3.07260799407959,-46.387367248535156,-40.94633102416992,49.459975242614746,5.441036224365234,44.01893901824951
290,85967.0,85997.2,85936.1,85997.2,6763.0,3.3861215114593506,-42.231143951416016,91.47791290283203,45.617265462875366,133.70905685424805,88.09179139137268
291,85997.2,86001.5,85941.1,85958.6,3057.0,3.18496036529541,-44.62959671020508,-54.79816818237305,47.81455707550049,10.168571472167969,57.98312854766846
292,85971.0,86022.3,85971.0,85995.9,4989.0,3.5973093509674072,12.643938064575195,63.199214935302734,9.046628713607788,50.55527687072754,59.60190558433533
293,85983.3,85996.5,85935.9,85962.2,5489.0,3.3803348541259766,10.353839874267578,10.022048950195312,6.973505020141602,0.3317909240722656,6.641714096069336
294,85966.3,85986.7,85891.4,85922.4,8574.0,3.2150440216064453,119.00382995605469,56.20331573486328,115.78878593444824,62.800514221191406,52.988271713256836
295,85918.2,85984.1,85918.2,85975.6,6319.0,2.7544422149658203,39.43071746826172,-26.300443649291992,36.6762752532959,65.73116111755371,29.054885864257812
296,85962.7,85986.5,85945.6,85961.5,4096.0,3.1267662048339844,54.27495193481445,-35.17961883544922,51.14818572998047,89.45457077026367,38.3063850402832
297,85962.6,86028.1,85961.3,86020.9,4533.0,3.1007540225982666,1.545698881149292,10.6689453125,1.5550551414489746,9.123246431350708,7.568191289901733
298,86019.2,86020.8,85968.5,85968.5,2496.0,-1.4114121198654175,-58.26784896850586,-44.93712615966797,56.85643684864044,13.33072280883789,43.52571403980255
299,85964.2,85964.2,85817.3,85832.3,3535.0,-1.2146782875061035,0.08493771404027939,41.62660217285156,1.299616001546383,41.54166445881128,42.841280460357666
300,85817.3,85865.2,85798.6,85861.3,10066.0,-0.8766836524009705,48.83927536010742,184.75247192382812,49.71595901250839,135.9131965637207,185.6291555762291
301,85863.3,85863.3,85794.8,85802.0,9386.0,-0.5716435313224792,207.0330352783203,-6.7554144859313965,207.6046788096428,213.7884497642517,6.183770954608917
302,85800.1,85864.7,85765.8,85810.0,5590.0,-0.21720342338085175,12.046502113342285,-40.443214416503906,12.263705536723137,52.48971652984619,40.226010993123055
303,85810.1,85859.5,85810.1,85828.0,3362.0,0.12018556147813797,-38.75022888183594,-39.85688781738281,38.870414443314075,1.106658935546875,39.97707337886095
304,85822.3,85860.8,85822.1,85831.6,5387.0,-0.13965260982513428,-37.17051315307617,60.23200607299805,37.03086054325104,97.40251922607422,60.37165868282318
305,85822.8,85888.9,85697.6,85697.6,6473.0,0.4656243920326233,2.4370946884155273,20.159643173217773,1.971470296382904,17.722548484802246,19.69401878118515
306,85695.3,85766.4,85656.3,85766.1,10213.0,0.1217900812625885,149.3408203125,57.778465270996094,149.2190302312374,91.5623550415039,57.656675189733505
307,85766.5,85852.0,85671.8,85693.6,3404.0,0.6368251442909241,-24.9062442779541,-66.66992950439453,25.543069422245026,41.76368522644043,67.30675464868546
308,85702.2,85723.8,85620.9,85622.9,5585.0,0.5787030458450317,123.75801849365234,64.0716781616211,123.17931544780731,59.68634033203125,63.49297511577606
309,85644.7,85647.0,85622.9,85623.0,3111.0,0.8240823745727539,-11.994341850280762,-44.29722595214844,12.818424224853516,32.302884101867676,45.12130832672119
310,85631.0,85665.0,85631.0,85636.9,4084.0,0.5999059677124023,-59.427772521972656,31.2761173248291,60.02767848968506,90.70388984680176,30.6762113571167
311,85636.1,85707.5,85636.1,85703.2,4418.0,0.22333373129367828,-52.92989730834961,8.17825698852539,53.15323103964329,61.108154296875,7.954923257231712
312,85707.8,85771.7,85707.8,85711.1,2704.0,0.06599204987287521,-51.62790298461914,-38.795833587646484,51.693895034492016,12.832069396972656,38.86182563751936
313,85711.1,85769.9,85687.0,85752.4,4256.0,-0.052524205297231674,26.591312408447266,57.39645004272461,26.643836613744497,30.805137634277344,57.44897424802184
314,85748.2,85823.4,85698.3,85698.3,4213.0,0.02019338309764862,-21.79320526123047,-1.010338306427002,21.813398644328117,20.782866954803467,1.0305316895246506
315,85698.2,85706.7,85631.2,85631.2,4632.0,-0.2643751800060272,-28.44121742248535,9.945406913757324,28.176842242479324,38.386624336242676,10.209782093763351
316,85632.3,85754.7,85625.5,85739.9,3221.0,0.09377741068601608,-68.46176147460938,-30.462003707885742,68.55553888529539,37.99975776672363,30.55578111857176
317,85747.2,85816.0,85691.2,85715.2,4803.0,-0.19897346198558807,41.09870910644531,49.11518096923828,41.2976825684309,8.016471862792969,49.31415443122387
318,85722.2,85737.1,85632.0,85659.7,3118.0,-0.19232507050037384,-44.1718864440918,-35.08224105834961,43.97956137359142,9.089645385742188,34.889915987849236
319,85661.6,85687.8,85644.3,85668.9,5380.0,-0.24425436556339264,72.93474578857422,72.54650115966797,73.17900015413761,0.38824462890625,72.79075552523136
320,85664.7,85768.7,85664.7,85768.7,3704.0,-0.17367666959762573,-9.304603576660156,-31.152416229248047,9.13092690706253,21.84781265258789,30.97873955965042
321,85775.8,85825.9,85674.0,85674.0,4334.0,-0.020273283123970032,-1.9013127088546753,17.008638381958008,1.8810394257307053,18.909951090812683,17.028911665081978
322,85661.1,85722.1,85629.1,85722.1,3253.0,-0.3434726297855377,20.303255081176758,-24.94231605529785,20.646727710962296,45.24557113647461,24.598843425512314
323,85718.0,85751.9,85661.0,85667.1,3712.0,-0.2688327133655548,-12.781953811645508,14.110052108764648,12.513121098279953,26.892005920410156,14.378884822130203
324,85667.1,85696.1,85603.6,85696.1,4164.0,-0.22263796627521515,-1.1630667448043823,12.176724433898926,0.9404287785291672,13.339791178703308,12.399362400174141
325,85682.4,85804.0,85669.9,85767.0,16307.0,-0.25899237394332886,252.0509490966797,291.6186218261719,252.30994147062302,39.56767272949219,291.8776142001152
326,85759.8,85850.0,85747.8,85850.0,3203.0,-0.9265064001083374,-0.5588326454162598,-80.3581314086914,0.36767375469207764,79.79929876327515,79.43162500858307
327,85854.0,85901.0,85835.9,85835.9,3468.0,-1.0471115112304688,-27.795127868652344,8.273493766784668,26.748016357421875,36.06862163543701,9.320605278015137
328,85832.3,85889.4,85832.3,85889.4,4198.0,-0.3953798711299896,34.6375846862793,21.049596786499023,35.03296455740929,13.587987899780273,21.444976657629013
329,85890.3,85902.1,85825.9,85852.1,3332.0,-0.5656660199165344,-38.06691360473633,-20.628870010375977,37.501247584819794,17.43804359436035,20.063203990459442
330,85852.1,85930.9,85852.1,85878.5,3155.0,-0.8199479579925537,-14.821813583374023,-5.312124729156494,14.00186562538147,9.50968885421753,4.49217677116394
331,85874.2,85874.2,85692.2,85700.0,4425.0,-0.8908445835113525,2.099677085876465,40.25356674194336,2.9905216693878174,38.153889656066895,41.14441132545471
332,85699.9,85699.9,85474.5,85474.5,8504.0,-0.7940919995307922,161.42022705078125,92.18079376220703,162.21431905031204,69.23943328857422,92.97488576173782
333,85473.9,85526.3,85420.3,85486.2,9694.0,-0.999148964881897,161.15301513671875,13.993414878845215,162.15216410160065,147.15960025787354,14.992563843727112
334,85501.5,85604.9,85480.8,85572.9,10546.0,-1.3083356618881226,153.26609802246094,8.788941383361816,154.57443368434906,144.47715663909912,10.097277045249939
335,85568.5,85583.0,85450.0,85493.9,6985.0,-1.4389252662658691,-57.16563415527344,-33.766357421875,55.72670888900757,23.399276733398438,32.32743215560913
336,85489.0,85582.8,85474.2,85555.8,32121.0,-0.9039560556411743,902.841064453125,359.8568420410156,903.7450205087662,542.9842224121094,360.7607980966568
337,85555.7,85555.7,85450.0,85476.3,4223.0,-0.4469263255596161,21.77047348022461,-86.85283660888672,22.217399805784225,108.62331008911133,86.4059102833271
338,85480.4,85523.9,85469.1,85472.7,7586.0,-1.1035021543502808,80.7051010131836,79.63533020019531,81.80860316753387,1.0697708129882812,80.7388323545456
339,85469.1,85523.7,85427.6,85442.0,8565.0,-1.1756130456924438,157.0528106689453,12.905351638793945,158.22842371463776,144.14745903015137,14.08096468448639
340,85442.0,85567.2,85442.0,85514.8,5399.0,-1.0140429735183716,71.12519836425781,-36.96438980102539,72.13924133777618,108.0895881652832,35.95034682750702
341,85512.3,85561.3,85399.6,85561.3,6553.0,-0.8990687131881714,48.090396881103516,21.37432861328125,48.98946559429169,26.716068267822266,22.27339732646942
342,85553.0,85729.4,85524.2,85654.8,5704.0,-0.7974355220794678,-32.925682067871094,-12.95589828491211,32.128246545791626,19.969783782958984,12.158462762832642
343,85654.9,85931.1,85654.9,85913.5,16924.0,-0.3713085353374481,74.58221435546875,196.70407104492188,74.9535228908062,122.12185668945312,197.07537958025932
344,85914.5,86012.0,85878.8,85878.8,10279.0,0.30075937509536743,-2.5317656993865967,-39.26376724243164,2.832525074481964,36.732001543045044,39.56452661752701
345,85883.0,85996.5,85883.0,85948.5,6728.0,0.46837708353996277,-3.6793127059936523,-34.54616165161133,4.147689789533615,30.866848945617676,35.01453873515129
346,85950.9,85979.7,85879.3,85879.3,3159.0,0.3163991868495941,-90.16531372070312,-53.046966552734375,90.48171290755272,37.11834716796875,53.36336573958397
347,85875.2,85875.2,85723.7,85741.6,6791.0,-0.07090944796800613,60.809852600097656,114.97309112548828,60.88076204806566,54.163238525390625,115.04400057345629
348,85745.6,85828.9,85745.6,85783.2,3525.0,0.036810025572776794,-53.5328254699707,-48.09306335449219,53.56963549554348,5.439762115478516,48.129873380064964
349,85762.6,85807.2,85753.7,85778.3,2848.0,0.00571966078132391,-66.7483901977539,-19.205673217773438,66.75410985853523,47.54271697998047,19.21139287855476
350,85768.1,85816.5,85768.1,85816.5,4345.0,0.19391408562660217,-19.522132873535156,52.563201904296875,19.71604695916176,72.08533477783203,52.36928781867027
351,85816.6,85888.1,85804.1,85871.0,3167.0,-0.027308272197842598,-51.67099380493164,-27.111621856689453,51.6436855327338,24.559371948242188,27.08431358449161
352,85863.5,85912.7,85846.6,85887.0,7238.0,0.038176313042640686,26.893407821655273,128.5443572998047,26.855231508612633,101.65094947814941,128.50618098676205
353,85889.3,85957.3,85854.7,85957.3,2948.0,-0.013967440463602543,-82.5809555053711,-59.27051544189453,82.56698806490749,23.310440063476562,59.25654800143093
354,85957.2,86040.2,85954.5,86032.3,5187.0,-0.5849626064300537,-49.53789520263672,75.94979858398438,48.952932596206665,125.4876937866211,76.53476119041443
355,86032.3,86077.6,86003.0,86058.2,4787.0,-0.5468949675559998,-28.849584579467773,-7.7115864753723145,28.302689611911774,21.13799810409546,7.164691507816315
356,86056.2,86121.1,86056.1,86056.2,4706.0,0.029419519007205963,48.971195220947266,-1.6920827627182007,48.94177570194006,50.663277983665466,1.7215022817254066
357,86067.6,86115.4,86056.1,86056.1,3744.0,-0.1826341599225998,-44.86820983886719,-20.44198989868164,44.68557567894459,24.426219940185547,20.25935573875904
358,86056.0,86056.0,85994.5,86026.6,2311.0,0.20895013213157654,-34.439720153808594,-38.274574279785156,34.64867028594017,3.8348541259765625,38.48352441191673
359,86026.5,86060.7,86012.3,86059.4,3384.0,0.48303288221359253,18.820222854614258,46.430118560791016,18.337189972400665,27.609895706176758,45.94708567857742
360,86052.5,86089.3,86026.7,86087.3,3147.0,0.34302818775177,-27.571922302246094,-7.003546237945557,27.914950489997864,20.568376064300537,7.346574425697327
361,86087.2,86164.4,86012.3,86022.5,4912.0,0.5164095759391785,55.099464416503906,56.08515930175781,54.58305484056473,0.9856948852539062,55.568749725818634
362,86015.4,86086.4,85968.9,86082.1,4110.0,0.6122744679450989,-43.21635818481445,-16.327362060546875,43.82863265275955,26.888996124267578,16.939636528491974
363,86062.7,86078.7,86027.4,86062.1,2589.0,0.47391337156295776,-12.17774772644043,-37.00729751586914,12.651661098003387,24.82954978942871,37.4812108874321
364,86068.1,86117.8,86020.7,86040.4,3568.0,0.8233228921890259,-31.212646484375,37.81382751464844,32.035969376564026,69.02647399902344,36.99050462245941
365,86040.5,86048.8,85957.1,85980.7,3070.0,0.854030430316925,-35.867977142333984,-13.957399368286133,36.72200757265091,21.91057777404785,14.811429798603058
366,85978.0,86169.3,85967.8,86135.8,4361.0,0.2767055630683899,-7.331066608428955,42.05211639404297,7.607772171497345,49.383183002471924,41.77541083097458
367,86135.8,86248.1,86031.1,86060.6,6480.0,0.1291230469942093,73.07691955566406,48.58977127075195,72.94779650866985,24.48714828491211,48.460648223757744
368,86056.3,86067.4,86014.9,86014.9,2417.0,0.21512474119663239,4.586758613586426,-62.700618743896484,4.371633872389793,67.28737735748291,62.91574348509312
369,86010.6,86130.3,86010.6,86121.1,5066.0,0.031482141464948654,49.704490661621094,109.59867858886719,49.673008520156145,59.894187927246094,109.56719644740224
370,86116.7,86126.7,86075.7,86095.0,4595.0,-0.011956733651459217,46.01207733154297,-9.29727554321289,46.02403406519443,55.30935287475586,9.285318809561431
371,86092.5,86129.6,86060.8,86069.6,2470.0,0.10020247101783752,-49.71498489379883,-46.24591827392578,49.815187364816666,3.469066619873047,46.34612074494362
372,86075.4,86081.5,86056.1,86062.0,5649.0,-0.16132274270057678,37.445255279541016,128.70445251464844,37.60657802224159,91.25919723510742,128.86577525734901
373,86056.0,86119.4,86048.2,86119.4,3238.0,-0.413982093334198,25.06759262084961,-42.680118560791016,25.481574714183807,67.74771118164062,42.26613646745682
374,86128.0,86220.8,86122.8,86216.6,5249.0,-0.36612337827682495,47.11323165893555,62.106239318847656,47.47935503721237,14.99300765991211,62.47236269712448
375,86204.5,86322.9,86183.2,86192.3,9061.0,-0.560670793056488,195.14657592773438,72.62335968017578,195.70724672079086,122.5232162475586,73.18403047323227
376,86192.2,86192.2,86142.7,86170.0,2753.0,-0.5438858866691589,-36.872276306152344,-69.6170425415039,36.328390419483185,32.74476623535156,69.07315665483475
377,86182.3,86340.0,86182.3,86301.2,7937.0,-0.3030778467655182,22.484569549560547,188.3036651611328,22.787647396326065,165.81909561157227,188.60674300789833
378,86305.9,86338.2,86290.0,86290.0,3039.0,-0.5721022486686707,25.73438262939453,-61.710975646972656,26.306484878063202,87.44535827636719,61.138873398303986
379,86286.2,86309.2,86236.0,86258.9,5341.0,-0.49286532402038574,5.428345680236816,75.74860382080078,5.921211004257202,70.32025814056396,76.24146914482117
380,86257.3,86338.3,86244.4,86303.6,3256.0,-0.4387502670288086,-29.14036750793457,-39.03763198852539,28.70161724090576,9.89726448059082,38.59888172149658
381,86303.6,86309.6,86250.7,86302.4,2599.0,-0.5725133419036865,5.222671985626221,-20.178133010864258,5.795185327529907,25.40080499649048,19.60561966896057
382,86303.6,86344.9,86277.8,86340.4,4060.0,-0.4930272102355957,-28.12887191772461,56.21392822265625,27.635844707489014,84.34280014038086,56.706955432891846
383,86338.3,86344.8,86258.4,86286.1,3108.0,-0.3806725740432739,-4.014823913574219,-23.44827651977539,3.634151339530945,19.433452606201172,23.067603945732117
384,86286.4,86309.7,86252.1,86309.7,2156.0,-0.38095995783805847,-58.92551040649414,-30.630630493164062,58.54455044865608,28.294879913330078,30.249670535326004
385,86314.0,86344.9,86299.6,86344.9,3074.0,-0.28366032242774963,-66.07438659667969,42.57884979248047,65.79072627425194,108.65323638916016,42.86251011490822
386,86344.8,86344.8,86286.7,86324.9,5096.0,-0.28654032945632935,85.10716247558594,65.7774887084961,85.39370280504227,19.329673767089844,66.06402903795242
387,86334.8,86338.0,86254.7,86263.5,5631.0,-0.16846688091754913,-29.05379867553711,10.498430252075195,28.88533179461956,39.552228927612305,10.666897132992744
388,86267.7,86292.5,86240.0,86256.2,2701.0,-0.46493905782699585,-11.122079849243164,-52.03338623046875,10.657140791416168,40.911306381225586,51.568447172641754
389,86254.1,86254.1,86193.9,86207.5,2405.0,-0.4306366741657257,-54.970977783203125,-10.958904266357422,54.5403411090374,44.0120735168457,10.528267592191696
390,86207.6,86266.1,86207.6,86266.1,6706.0,-2.4527125358581543,105.95822143554688,178.83575439453125,108.41093397140503,72.87753295898438,181.2884669303894
391,86267.1,86301.8,86220.0,86237.4,3000.0,-1.83847975730896,15.429011344909668,-55.26394271850586,17.267491102218628,70.69295406341553,53.4254629611969
392,86238.3,86307.1,86219.1,86219.1,4243.0,-1.3971920013427734,4.507389068603516,41.43333435058594,5.904581069946289,36.92594528198242,42.83052635192871
393,86217.2,86256.4,86160.5,86238.5,3859.0,-1.9410288333892822,24.163448333740234,-9.050200462341309,26.104477167129517,33.21364879608154,7.109171628952026
394,86242.7,86250.0,86205.0,86214.2,3779.0,-1.8902513980865479,75.2782974243164,-2.073076009750366,77.16854882240295,77.35137343406677,0.18282461166381836
395,86205.6,86205.6,86062.1,86062.1,8078.0,-1.663332223892212,162.78465270996094,113.76025390625,164.44798493385315,49.02439880371094,115.42358613014221
396,86062.1,86067.8,86017.3,86036.8,5860.0,-1.9885385036468506,14.99215030670166,-27.457290649414062,16.98068881034851,42.44944095611572,25.468752145767212
397,86033.7,86033.7,85869.9,85932.9,9270.0,-1.4190776348114014,64.62440490722656,58.19112777709961,66.04348254203796,6.433277130126953,59.61020541191101
398,85932.5,85949.1,85905.2,85905.2,2510.0,-0.8176110982894897,-7.071455001831055,-72.92340850830078,6.253843903541565,65.85195350646973,72.10579741001129
399,85902.4,85918.0,85846.1,85853.2,5250.0,-0.9312485456466675,118.29521942138672,109.16334533691406,119.22646796703339,9.131874084472656,110.09459388256073
400,85864.9,85889.3,85829.6,85867.5,2686.0,1.2035586833953857,-59.94631576538086,-48.838096618652344,61.149874448776245,11.108219146728516,50.04165530204773
401,85855.7,85940.4,85855.7,85928.9,6484.0,0.1846749633550644,116.13333129882812,141.3998565673828,115.94865633547306,25.266525268554688,141.21518160402775
402,85926.0,85937.7,85894.7,85927.0,2066.0,-0.2394055426120758,-51.30803680419922,-68.13695526123047,51.06863126158714,16.82891845703125,67.8975497186184
403,85928.6,86085.2,85894.1,86085.2,17823.0,0.15387225151062012,361.8553771972656,762.6815185546875,361.701504945755,400.8261413574219,762.5276463031769
404,86085.1,86225.3,86025.6,86058.2,69246.0,-0.20619092881679535,1732.389404296875,288.52044677734375,1732.5955952256918,1443.8689575195312,288.72663770616055
405,86058.2,86058.2,85965.0,85970.3,4219.0,-0.25516030192375183,-47.77172088623047,-93.9072265625,47.51656058430672,46.13550567626953,93.65206626057625
406,85969.8,86053.8,85968.7,86053.8,2784.0,-0.01599138416349888,-52.4914665222168,-34.01279830932617,52.4754751380533,18.478668212890625,33.99680692516267
407,86054.0,86116.5,86018.3,86113.2,1520.0,-0.6721175909042358,-83.60301971435547,-45.40229797363281,82.93090212345123,38.200721740722656,44.73018038272858
408,86112.1,86142.0,86038.7,86071.7,3330.0,-0.7631605267524719,32.6693229675293,119.07894897460938,33.43248349428177,86.40962600708008,119.84210950136185
409,86071.6,86087.8,86033.8,86065.8,3745.0,-0.9115907549858093,-28.66666603088379,12.462462425231934,27.75507527589798,41.12912845611572,13.374053180217743
410,86070.7,86154.0,86070.7,86154.0,2658.0,-1.0831445455551147,-1.0424423217773438,-29.025367736816406,0.040702223777770996,27.982925415039062,27.94222319126129
411,86158.8,86187.3,86136.3,86136.3,1825.0,-0.7365133762359619,-71.85379028320312,-31.339353561401367,71.11727690696716,40.51443672180176,30.602840185165405
412,86136.1,86157.2,86093.9,86127.3,2414.0,-1.0203094482421875,16.84414291381836,32.27397155761719,17.864452362060547,15.429828643798828,33.294281005859375
413,86123.1,86146.9,86092.1,86096.5,2241.0,-1.0559875965118408,-87.42636108398438,-7.166528701782227,86.37037348747253,80.25983238220215,6.110541105270386
414,86107.5,86107.5,86049.8,86084.9,3268.0,-1.0593334436416626,-95.28060150146484,45.827754974365234,94.22126805782318,141.10835647583008,46.8870884180069
415,86070.8,86144.4,86070.8,86139.5,1926.0,-1.311836838722229,-54.34937286376953,-41.06487274169922,53.0375360250473,13.284500122070312,39.75303590297699
416,86139.4,86208.2,86112.7,86112.7,2857.0,-1.366960048675537,2.622126340866089,48.338523864746094,3.989086389541626,45.716397523880005,49.70548391342163
417,86129.9,86198.7,86124.3,86198.7,2111.0,-1.3446354866027832,38.8815803527832,-26.111305236816406,40.226215839385986,64.99288558959961,24.766669750213623
418,86200.0,86219.3,86138.3,86138.3,2441.0,-2.0289294719696045,-26.696697235107422,15.632401466369629,24.667767763137817,42.32909870147705,17.661330938339233
419,86135.0,86216.6,86133.7,86188.1,3033.0,-1.6052806377410889,-19.01201629638672,24.252355575561523,17.40673565864563,43.26437187194824,25.857636213302612
420,86192.4,86234.1,86161.2,86211.7,3270.0,-2.081179618835449,23.024831771850586,7.814045429229736,25.106011390686035,15.21078634262085,9.895225048065186
421,86211.6,86254.0,86118.7,86118.7,3784.0,-1.8424584865570068,107.34246826171875,15.71865463256836,109.18492674827576,91.62381362915039,17.561113119125366
422,86120.6,86120.6,85981.3,86023.5,3653.0,-1.3864797353744507,51.325599670410156,-3.461945056915283,52.71207940578461,54.78754472732544,2.0754653215408325
423,86038.5,86096.8,86002.0,86002.0,4179.0,-1.353302001953125,86.47925567626953,14.399124145507812,87.83255767822266,72.08013153076172,15.752426147460938
424,85999.1,86081.7,85999.1,86061.1,2863.0,-0.9506518244743347,-12.392900466918945,-31.490787506103516,11.44224864244461,19.09788703918457,30.54013568162918
425,86060.1,86084.1,86005.2,86012.3,3312.0,-0.8542183637619019,71.96261596679688,15.682849884033203,72.81683433055878,56.27976608276367,16.537068247795105
426,86012.4,86124.6,85990.8,86002.0,5335.0,0.04523548483848572,86.73433685302734,61.08091735839844,86.68910136818886,25.653419494628906,61.03568187355995
427,85997.7,86007.1,85951.4,85959.4,2851.0,0.28339090943336487,35.054473876953125,-46.56045150756836,34.77108296751976,81.61492538452148,46.843842417001724
428,85959.3,85959.3,85800.9,85849.9,5078.0,0.36226674914360046,108.02949523925781,78.11294555664062,107.66722849011421,29.916549682617188,77.75067880749702
429,85857.6,85951.9,85857.6,85947.3,1962.0,0.22406937181949615,-35.31156921386719,-61.36273956298828,35.535638585686684,26.051170349121094,61.58680893480778
430,85956.3,86015.1,85938.5,85938.6,5221.0,0.9660302400588989,59.663604736328125,166.10601806640625,58.697574496269226,106.44241333007812,165.13998782634735
431,85932.1,85932.1,85836.9,85881.4,6432.0,0.8232259154319763,69.9788589477539,23.19478988647461,69.15563303232193,46.7840690612793,22.371563971042633
432,85891.7,86089.3,85891.7,85985.1,7549.0,0.8851892948150635,106.65206909179688,17.36629295349121,105.76687979698181,89.28577613830566,16.481103658676147
433,85991.3,86020.3,85972.0,85972.0,3266.0,1.5513368844985962,-21.847332000732422,-56.735992431640625,23.398668885231018,34.8886604309082,58.28732931613922
434,85966.9,85993.7,85933.9,85973.8,3496.0,1.1219452619552612,22.109676361083984,7.042253494262695,20.987731099128723,15.067422866821289,5.920308232307434
435,85961.0,85970.4,85883.3,85888.5,3662.0,1.1058452129364014,10.567632675170898,4.748283863067627,9.461787462234497,5.8193488121032715,3.6424386501312256
436,85888.0,85888.0,85852.1,85869.9,2574.0,0.5409085750579834,-51.75257873535156,-29.710540771484375,52.293487310409546,22.042037963867188,30.25144934654236
437,85861.3,85874.5,85800.0,85845.3,2784.0,0.16018937528133392,-2.35005259513855,8.15850830078125,2.5102419704198837,10.5085608959198,7.998318925499916
438,85850.4,85866.5,85758.0,85774.0,10196.0,0.4544532001018524,100.78771209716797,266.2356262207031,100.33325889706612,165.44791412353516,265.7811730206013
439,85770.5,85770.5,85695.5,85742.7,8930.0,0.1711227148771286,355.1477966308594,-12.416633605957031,354.97667391598225,367.5644302368164,12.58775632083416
440,85742.6,85742.6,85650.0,85692.3,5327.0,-0.2590404450893402,2.0302624702453613,-40.347145080566406,2.2893029153347015,42.37740755081177,40.088104635477066
441,85692.3,85763.5,85692.3,85763.5,3544.0,-0.48070666193962097,-44.90049743652344,-33.47099685668945,44.41979077458382,11.429500579833984,32.99029019474983
442,85763.4,85831.0,85748.6,85819.0,4699.0,-0.7884692549705505,-37.75334167480469,32.590293884277344,36.96487241983414,70.34363555908203,33.378763139247894
443,85823.3,85843.9,85761.2,85765.4,4608.0,-1.196743369102478,41.09001922607422,-1.9365822076797485,42.2867625951767,43.02660143375397,0.7398388385772705
444,85765.3,85780.9,85723.6,85729.4,3187.0,-0.9203749895095825,-8.838672637939453,-30.83767318725586,7.918297648429871,21.999000549316406,29.917298197746277
445,85727.3,85764.0,85685.6,85692.1,5761.0,-1.0730208158493042,57.31840896606445,80.76560974121094,58.39142978191376,23.447200775146484,81.83863055706024
446,85691.1,85804.9,85654.5,85783.9,3678.0,-0.9261630773544312,42.890445709228516,-36.156917572021484,43.81660878658295,79.04736328125,35.23075449466705
447,85784.8,85822.1,85700.1,85700.1,5072.0,-1.1349362134933472,82.18390655517578,37.901031494140625,83.31884276866913,44.282875061035156,39.03596770763397
448,85700.0,85700.0,85650.0,85657.6,3991.0,-2.1681807041168213,-60.85719299316406,-21.313091278076172,58.68901228904724,39.54410171508789,19.14491057395935
449,85657.6,85657.6,85601.1,85619.1,7419.0,-2.1132397651672363,-16.92049217224121,85.89325714111328,14.807252407073975,102.81374931335449,88.00649690628052
450,85619.6,85649.6,85600.0,85600.0,3742.0,-0.9018558263778687,-29.75408363342285,-49.56193542480469,28.852227807044983,19.807851791381836,48.66007959842682
451,85600.0,85667.6,85600.0,85655.6,2979.0,0.6855315566062927,-15.942438125610352,-20.390165328979492,16.627969682216644,4.447727203369141,21.075696885585785
452,85641.1,85641.1,85606.0,85606.0,3229.0,0.8712697625160217,-31.28325080871582,8.392077445983887,32.15452057123184,39.67532825469971,7.520807683467865
453,85600.0,85710.8,85588.3,85681.6,8372.0,1.0176758766174316,81.68402862548828,159.2753143310547,80.66635274887085,77.5912857055664,158.25763845443726
454,85677.5,85732.0,85669.1,85717.2,3388.0,1.5006135702133179,6.3068718910217285,-59.53177261352539,4.806258320808411,65.83864450454712,61.03238618373871
455,85713.0,85839.8,85713.0,85747.9,13622.0,1.4354532957077026,136.45201110839844,302.06610107421875,135.01655781269073,165.6140899658203,300.63064777851105
456,85755.1,85777.9,85710.1,85727.9,4033.0,1.104508399963379,9.651985168457031,-70.39347839355469,8.547476768493652,80.04546356201172,71.49798679351807
457,85714.0,85727.9,85639.6,85686.6,4296.0,2.2611780166625977,-15.29968547821045,6.521200180053711,17.560863494873047,21.82088565826416,4.260022163391113
458,85687.3,85687.3,85548.0,85615.8,5345.0,3.2974250316619873,33.926334381103516,24.41806411743164,30.62890934944153,9.508270263671875,21.120639085769653
459,85613.0,85663.5,85533.1,85663.5,7573.0,3.9753541946411133,2.075751304626465,41.683815002441406,1.8996028900146484,39.60806369781494,37.70846080780029
460,85666.8,85782.0,85618.0,85618.0,8897.0,2.4073567390441895,137.7605743408203,17.483163833618164,135.35321760177612,120.27741050720215,15.075807094573975
461,85621.1,85630.4,85570.6,85627.3,3147.0,0.618200421333313,5.639476299285889,-64.62852478027344,5.021275877952576,70.26800107955933,65.24672520160675
462,85635.8,85697.5,85627.4,85655.6,3532.0,0.5956665873527527,9.383709907531738,12.23387336730957,8.788043320178986,2.850163459777832,11.638206779956818
463,85652.8,85659.1,85604.3,85659.1,4554.0,0.8966103196144104,-45.60439682006836,28.935447692871094,46.50100713968277,74.53984451293945,28.038837373256683
464,85669.4,85729.7,85650.1,85672.0,3026.0,0.6743646264076233,-10.684769630432129,-33.552921295166016,11.359134256839752,22.868151664733887,34.22728592157364
465,85663.3,85706.7,85610.2,85610.2,5217.0,1.2880990505218506,-61.701656341552734,72.40581512451172,62.989755392074585,134.10747146606445,71.11771607398987
466,85608.2,85635.8,85570.2,85622.3,3904.0,1.1738313436508179,-3.1986117362976074,-25.167720794677734,4.372443079948425,21.969109058380127,26.341552138328552
467,85629.1,85700.6,85614.6,85677.6,4544.0,0.4243788719177246,5.7728118896484375,16.393442153930664,5.348433017730713,10.620630264282227,15.96906328201294
468,85677.6,85714.4,85666.9,85705.9,2819.0,0.1179656982421875,-47.25912094116211,-37.9621467590332,47.3770866394043,9.296974182128906,38.08011245727539
469,85705.9,85723.0,85666.1,85666.3,2148.0,0.021976063027977943,-71.63607788085938,-23.802766799926758,71.65805394388735,47.83331108093262,23.824742862954736
470,85666.2,85703.8,85638.3,85682.5,3588.0,0.16711050271987915,-59.67180252075195,67.03910827636719,59.83891302347183,126.71091079711914,66.87199777364731
471,85680.5,85730.5,85654.1,85696.0,4799.0,0.1613292247056961,52.494441986083984,33.75139236450195,52.33311276137829,18.74304962158203,33.59006313979626
472,85689.5,85709.4,85627.8,85627.8,5447.0,0.3572440445423126,54.218570709228516,13.502813339233398,53.8613266646862,40.71575736999512,13.145569294691086
473,85625.0,85655.8,85555.5,85559.8,4459.0,-0.2759207487106323,-2.08607816696167,-18.138423919677734,1.8101574182510376,16.052345752716064,17.862503170967102
474,85564.9,85657.3,85564.9,85618.3,5351.0,0.7930886149406433,76.8341064453125,20.004486083984375,76.04101783037186,56.829620361328125,19.21139746904373
475,85617.3,85669.2,85602.1,85648.0,2294.0,0.8176520466804504,-56.02836608886719,-57.12950897216797,56.84601813554764,1.1011428833007812,57.94716101884842
476,85647.9,85647.9,85543.9,85583.7,4378.0,0.8201523423194885,12.141392707824707,90.84568786621094,11.321240365505219,78.70429515838623,90.02553552389145
477,85586.0,85586.0,85548.5,85573.6,3724.0,0.5080522298812866,-18.045774459838867,-14.93832778930664,18.553826689720154,3.1074466705322266,15.446380019187927
478,85573.0,85629.0,85552.6,85624.7,6905.0,1.7780300378799438,144.9450225830078,85.41890716552734,143.16699254512787,59.52611541748047,83.6408771276474
479,85624.7,85624.7,85566.8,85578.8,4323.0,1.0947576761245728,101.25698852539062,-37.393192291259766,100.16223084926605,138.6501808166504,38.48794996738434
480,85576.0,85636.0,85562.7,85631.7,6170.0,0.8162837624549866,71.96209716796875,42.72496032714844,71.14581340551376,29.237136840820312,41.90867656469345
481,85615.4,85650.7,85588.0,85604.5,5528.0,1.042803168296814,15.190665245056152,-10.405186653137207,14.147862076759338,25.59585189819336,11.447989821434021
482,85604.4,85608.2,85542.0,85590.6,11641.0,0.5086783170700073,113.7139663696289,110.58248901367188,113.2052880525589,3.1314773559570312,110.07381069660187
483,85590.6,85656.1,85501.2,85629.1,8618.0,0.5933800935745239,93.27203369140625,-25.96855926513672,92.67865359783173,119.24059295654297,26.561939358711243
484,85619.6,85666.1,85604.8,85666.1,11701.0,-0.8868207335472107,118.66941833496094,35.77396011352539,119.55623906850815,82.89545822143555,36.6607808470726
485,85680.0,85762.5,85631.2,85631.2,19912.0,-1.5778346061706543,768.0035400390625,70.17349243164062,769.5813746452332,697.8300476074219,71.75132703781128
486,85630.2,85630.2,85558.1,85577.5,8144.0,-1.5901185274124146,86.02101135253906,-59.100040435791016,87.61112987995148,145.12105178833008,57.5099219083786
487,85599.6,85620.5,85485.0,85518.3,4472.0,-1.756673812866211,20.08592987060547,-45.088409423828125,21.84260368347168,65.1743392944336,43.331735610961914
488,85520.4,85536.4,85455.1,85462.1,3761.0,-2.4920413494110107,-45.532222747802734,-15.898926734924316,43.040181398391724,29.633296012878418,13.406885385513306
489,85469.1,85527.2,85457.5,85527.2,5913.0,-2.1026058197021484,36.78001403808594,57.21882629394531,38.882619857788086,20.438812255859375,59.32143211364746
490,85516.7,85541.7,85474.8,85499.5,4240.0,-1.7195794582366943,-31.2803897857666,-28.293590545654297,29.560810327529907,2.9867992401123047,26.574011087417603
491,85499.5,85512.8,85477.6,85496.9,3884.0,-1.8049184083938599,-29.7395076751709,-8.39622688293457,27.93458926677704,21.343280792236328,6.5913084745407104
492,85496.9,85516.1,85487.7,85516.1,2319.0,-1.7687301635742188,-80.07903289794922,-40.29351043701172,78.310302734375,39.7855224609375,38.5247802734375
493,85512.7,85536.2,85505.6,85509.6,2976.0,-1.5071871280670166,-65.4676284790039,28.3311767578125,63.96044135093689,93.7988052368164,29.838363885879517
494,85514.9,85535.1,85438.1,85513.3,7962.0,-1.308817744255066,-31.954532623291016,167.5403289794922,30.64571487903595,199.4948616027832,168.84914672374725
495,85521.4,85528.7,85482.0,85504.2,7172.0,-1.1378904581069946,-63.98152160644531,-9.922130584716797,62.84363114833832,54.059391021728516,8.784240126609802
496,85504.1,85504.1,85387.9,85458.0,18297.0,-0.5649516582489014,124.66846466064453,155.11712646484375,125.23341631889343,30.44866180419922,155.68207812309265
497,85447.9,85491.8,85408.0,85417.6,5314.0,0.120938740670681,18.828264236450195,-70.95698547363281,18.707325495779514,89.78524971008301,71.0779242143035
498,85429.0,85483.7,85403.2,85461.9,2438.0,-0.06218187138438225,-35.176815032958984,-54.12118911743164,35.1146331615746,18.944374084472656,54.05900724604726
499,85461.9,85513.3,85409.2,85414.0,2979.0,0.5236802101135254,-49.619483947753906,22.190319061279297,50.14316415786743,71.8098030090332,21.66663885116577
500,85408.2,85408.2,85161.3,85164.3,39030.0,0.32713109254837036,820.5188598632812,1210.171142578125,820.1917287707329,389.65228271484375,1209.8440114855766
501,85160.1,85331.3,85155.4,85173.1,30477.0,1.0925885438919067,684.6807861328125,-21.913911819458008,683.5881975889206,706.5946979522705,23.006500363349915
502,85168.9,85258.7,85168.9,85220.2,7878.0,2.117382287979126,239.71539306640625,-74.1510009765625,237.59801077842712,313.86639404296875,76.26838326454163
503,85235.2,85317.8,85183.1,85287.0,7815.0,2.416501045227051,162.60079956054688,-0.7996953725814819,160.18429851531982,163.40049493312836,3.2161964178085327
504,85289.0,85333.4,85262.8,85309.2,6174.0,2.4495036602020264,-22.456668853759766,-20.99808120727539,24.906172513961792,1.458587646484375,23.447584867477417
505,85313.5,85363.1,85289.8,85333.1,5400.0,3.2930796146392822,-24.707195281982422,-12.536442756652832,28.000274896621704,12.17075252532959,15.829522371292114
506,85333.0,85333.0,85271.7,85271.7,2489.0,2.511996030807495,-86.39667510986328,-53.907405853271484,88.90867114067078,32.4892692565918,56.41940188407898
507,85271.8,85323.1,85250.0,85312.8,4338.0,2.597844123840332,-18.366579055786133,74.286865234375,20.964423179626465,92.65344429016113,71.68902111053467
508,85314.8,85351.5,85282.4,85288.7,2753.0,2.639484405517578,12.920427322387695,-36.537574768066406,10.280942916870117,49.4580020904541,39.177059173583984
509,85294.6,85294.6,85197.3,85197.3,11465.0,1.7396622896194458,284.8606872558594,316.45477294921875,283.12102496623993,31.594085693359375,314.7151106595993
510,85208.0,85302.4,85180.7,85225.4,21586.0,2.4598681926727295,-44.693824768066406,88.2773666381836,47.153692960739136,132.97119140625,85.81749844551086
511,85233.8,85245.6,85111.1,85164.5,18436.0,1.660030484199524,-39.50848388671875,-14.592791557312012,41.168514370918274,24.91569232940674,16.252822041511536
512,85156.0,85156.0,84600.0,84823.2,231593.0,0.8087331652641296,2839.74365234375,1156.1998291015625,2838.934919178486,1683.5438232421875,1155.3910959362984
513,84823.2,84845.1,83173.2,83177.4,590196.0,0.49212485551834106,7452.091796875,154.84190368652344,7451.599672019482,7297.249893188477,154.3497788310051
514,83177.4,83627.0,81277.3,83373.4,754291.0,-0.05740809068083763,12117.2177734375,27.803476333618164,12117.27518152818,12089.414297103882,27.860884424299
515,83371.8,83867.6,83225.0,83770.1,179103.0,-0.6102665662765503,3216.72216796875,-76.25544738769531,3217.3324345350266,3292.9776153564453,75.64518082141876
516,83761.6,83783.0,83156.9,83492.3,111964.0,-0.9538480043411255,4398.35302734375,-37.48625183105469,4399.306875348091,4435.839279174805,36.53240382671356
517,83492.3,84050.5,83441.5,83955.1,58244.0,-1.5048882961273193,1242.6463623046875,-47.97970962524414,1244.1512506008148,1290.6260719299316,46.47482132911682
518,83955.3,84024.7,83683.2,83978.0,66531.0,-2.0721051692962646,2316.672607421875,14.22807502746582,2318.7447125911713,2302.444532394409,16.300180196762085
519,83986.2,84147.0,83954.7,84055.5,37277.0,-1.996440052986145,225.1373748779297,-43.97047805786133,227.13381493091583,269.107852935791,41.97403800487518
520,84058.4,84486.0,83945.4,84261.5,47252.0,-2.1266872882843018,118.90113067626953,26.759126663208008,121.02781796455383,92.14200401306152,28.88581395149231
521,84261.4,84480.4,84261.4,84371.1,38379.0,-1.367903232574463,108.1742172241211,-18.77804183959961,109.54212045669556,126.9522590637207,17.410138607025146
522,84371.2,84436.2,84079.0,84251.8,25485.0,-1.0491963624954224,-88.99578094482422,-33.59649658203125,87.9465845823288,55.39928436279297,32.54730021953583
523,84251.8,84439.8,84130.6,84414.2,33484.0,-0.9242470264434814,-94.32662963867188,31.3870906829834,93.4023826122284,125.71372032165527,32.31133770942688
524,84413.2,84460.5,84326.4,84340.9,25856.0,-0.4937025308609009,-96.5721435546875,-22.781030654907227,96.0784410238266,73.79111289978027,22.287328124046326
525,84340.9,84366.2,84005.9,84104.9,21710.0,0.15609458088874817,-87.87848663330078,-16.034963607788086,88.03458121418953,71.8435230255127,16.191058188676834
526,84104.8,84108.3,83916.0,83972.3,26099.0,0.4231134057044983,-76.68983459472656,20.216489791870117,77.11294800043106,96.90632438659668,19.79337638616562
527,83972.3,84125.8,83823.2,84004.7,42567.0,0.5634302496910095,-26.916078567504883,63.098201751708984,27.479508817195892,90.01428031921387,62.534771502017975
528,84000.4,84076.4,83764.7,83946.5,24317.0,1.3062599897384644,-63.45012283325195,-42.87358856201172,64.75638282299042,20.576534271240234,44.17984855175018
529,83948.4,83962.7,83800.6,83923.2,12939.0,1.5725793838500977,-65.28958892822266,-46.79030990600586,66.86216831207275,18.499279022216797,48.36288928985596
530,83923.3,84363.1,83896.8,84276.2,35765.0,1.1334902048110962,-24.310081481933594,176.4123992919922,25.44357168674469,200.72248077392578,175.2789090871811
531,84271.9,84271.9,84119.9,84125.6,8578.0,0.775416910648346,-77.64923858642578,-76.01565551757812,78.42465549707413,1.6335830688476562,76.79107242822647
532,84125.6,84214.1,84125.6,84201.1,7444.0,0.7685217261314392,-70.79066467285156,-13.219864845275879,71.559186398983,57.570799827575684,13.988386571407318
533,84206.6,84230.6,83950.7,84025.7,13118.0,0.42345359921455383,-60.82307815551758,76.22245788574219,61.24653175473213,137.04553604125977,75.79900428652763
534,84025.6,84046.8,83888.0,83892.8,13711.0,0.17544250190258026,-46.97168731689453,4.520506381988525,47.14712981879711,51.49219369888306,4.345063880085945
535,83892.9,83942.0,83773.1,83924.9,18049.0,-0.2660940885543823,-16.863197326660156,31.638830184936523,16.597103238105774,48.50202751159668,31.904924273490906
536,83930.0,84106.7,83911.3,84093.5,17280.0,-0.3625926673412323,-33.79056930541992,-4.260623931884766,33.42797663807869,29.529945373535156,3.8980312645435333
537,84093.5,84106.8,83890.5,83890.5,12428.0,-0.2295665740966797,-70.80368041992188,-28.078702926635742,70.5741138458252,42.72497749328613,27.849136352539062
538,83890.5,84011.9,83836.9,84000.0,12719.0,-0.6769106984138489,-47.695030212402344,2.341486930847168,47.018119513988495,50.03651714324951,3.018397629261017
539,83999.9,84104.6,83965.8,84031.3,23635.0,-0.7243156433105469,82.66481018066406,85.82435607910156,83.38912582397461,3.1595458984375,86.54867172241211
540,84027.0,84062.7,83935.3,83956.4,10085.0,-0.33191415667533875,-71.80204010009766,-57.330230712890625,71.47012594342232,14.471809387207031,56.998316556215286
541,83954.4,84113.1,83954.4,84077.6,8905.0,-0.9781501293182373,3.812077283859253,-11.700545310974121,4.79022741317749,15.512622594833374,10.722395181655884
542,84071.4,84106.1,83906.4,83943.9,8605.0,-0.8873167634010315,15.596453666687012,-3.36889386177063,16.483770430088043,18.96534752845764,2.4815770983695984
543,83943.9,83977.6,83786.0,83829.0,14854.0,-1.2163673639297485,13.233724594116211,72.62056732177734,14.45009195804596,59.38684272766113,73.83693468570709
544,83828.9,83834.2,83682.8,83769.5,25721.0,-1.1417142152786255,87.59390258789062,73.15874481201172,88.73561680316925,14.435157775878906,74.30045902729034
545,83753.6,84164.5,83737.6,84164.5,19937.0,-1.425950050354004,10.460412979125977,-22.48746109008789,11.88636302947998,32.94787406921387,21.061511039733887
546,84166.5,84403.6,84152.8,84233.0,27365.0,-0.878172755241394,58.36227035522461,37.257362365722656,59.240443110466,21.104907989501953,38.13553512096405
547,84222.5,84290.3,84123.7,84247.0,19768.0,-0.28848353028297424,59.060184478759766,-27.76173973083496,59.34866800904274,86.82192420959473,27.473256200551987
548,84248.0,84306.9,84207.2,84235.9,8087.0,0.08919217437505722,-36.4179573059082,-59.090450286865234,36.50714948028326,22.67249298095703,59.17964246124029
549,84229.8,84299.8,84133.2,84277.6,6664.0,0.5142152905464172,-71.80452728271484,-17.596141815185547,72.31874257326126,54.2083854675293,18.110357105731964
550,84276.6,84300.0,84145.9,84204.3,6741.0,0.21395224332809448,-33.15815734863281,1.1554621458053589,33.37210959196091,34.31361949443817,0.9415099024772644
551,84197.3,84496.8,84197.3,84421.5,10103.0,0.8475779294967651,13.453115463256836,49.873905181884766,12.60553753376007,36.42078971862793,49.026327252388
552,84412.1,84619.0,84398.1,84521.6,14509.0,0.3652079701423645,68.61127471923828,43.610809326171875,68.24606674909592,25.000465393066406,43.24560135602951
553,84521.1,84690.3,84521.1,84637.8,8961.0,0.81187903881073,-39.67281723022461,-38.23833465576172,40.48469626903534,1.4344825744628906,39.05021369457245
554,84628.4,84635.7,84452.7,84481.3,14046.0,1.0877621173858643,-45.390926361083984,56.74589920043945,46.47868847846985,102.13682556152344,55.65813708305359
555,84493.9,84667.9,84477.9,84667.9,7251.0,1.0821778774261475,-63.63043212890625,-48.37676239013672,64.7126100063324,15.253669738769531,49.458940267562866
556,84675.9,84698.7,84520.8,84541.7,10289.0,1.378139615058899,-62.40087127685547,41.89767074584961,63.77901089191437,104.29854202270508,40.51953113079071
557,84550.2,84617.9,84520.8,84568.8,10589.0,0.9371919631958008,-46.433631896972656,2.9157352447509766,47.37082386016846,49.34936714172363,1.9785432815551758
558,84573.0,84583.0,84431.4,84437.8,19801.0,0.8623682856559753,144.84974670410156,86.99594116210938,143.9873784184456,57.85380554199219,86.1335728764534
559,84437.8,84500.3,84329.1,84345.4,20059.0,0.7194909453392029,201.00538635253906,1.302964448928833,200.28589540719986,199.70242190361023,0.5834735035896301
560,84345.5,84547.8,84322.4,84523.8,12934.0,0.9893350601196289,91.87063598632812,-35.52021408081055,90.8813009262085,127.39085006713867,36.509549140930176
561,84512.0,84575.5,84351.8,84454.9,17389.0,0.8046613335609436,72.11719512939453,34.44409942626953,71.31253379583359,37.673095703125,33.63943809270859
562,84463.3,84559.9,84418.1,84488.0,6071.0,0.9871421456336975,-58.15700912475586,-65.08712768554688,59.14415127038956,6.930118560791016,66.07426983118057
563,84483.7,84575.3,84410.1,84568.3,16707.0,0.7034133076667786,86.44124603271484,175.19354248046875,85.73783272504807,88.7522964477539,174.49012917280197
564,84566.0,84633.5,84500.0,84500.1,6184.0,0.8741067051887512,-55.97323226928711,-62.98557662963867,56.84733897447586,7.0123443603515625,63.85968333482742
565,84505.0,84508.1,84367.5,84380.3,5297.0,0.8825490474700928,-26.94800567626953,-14.343466758728027,27.830554723739624,12.604538917541504,15.22601580619812
566,84380.2,84382.3,84259.6,84263.9,13940.0,0.3303367495536804,35.4844970703125,163.16783142089844,35.15416032075882,127.68333435058594,162.83749467134476
567,84267.2,84388.4,84245.3,84335.2,13017.0,0.21885545551776886,22.929454803466797,-6.621233940124512,22.710599347949028,29.55068874359131,6.840089395642281
568,84333.1,84359.2,84254.9,84281.2,5456.0,-0.11047525703907013,-72.44583129882812,-58.08557891845703,72.33535604178905,14.360252380371094,57.97510366141796
569,84299.1,84302.4,84183.8,84222.4,6337.0,-0.40578708052635193,-68.40819549560547,16.14735984802246,68.00240841507912,84.55555534362793,16.553146928548813
570,84218.2,84288.9,84185.7,84259.6,17105.0,-1.0497236251831055,32.24833679199219,169.9226837158203,33.29806041717529,137.67434692382812,170.97240734100342
571,84256.1,84401.5,84256.1,84368.0,3991.0,-0.8701959848403931,-77.0487060546875,-76.66764068603516,76.1785100698471,0.38106536865234375,75.79744470119476
572,84356.6,84422.5,84348.0,84416.0,3753.0,-0.7942283749580383,-38.1815185546875,-5.9634175300598145,37.38729017972946,32.218101024627686,5.169189155101776
573,84412.6,84423.2,84229.5,84233.8,7003.0,-0.6683297753334045,-58.083438873291016,86.5973892211914,57.41510909795761,144.68082809448242,87.26571899652481
574,84241.4,84258.3,84025.8,84087.2,20531.0,-1.0257318019866943,232.001953125,193.17434692382812,233.0276849269867,38.827606201171875,194.20007872581482
575,84092.5,84117.3,83974.2,84081.9,12807.0,-1.0728400945663452,141.7783660888672,-37.621158599853516,142.85120618343353,179.3995246887207,36.54831850528717
576,84074.3,84074.3,83921.5,83966.6,11815.0,3.2493021488189697,-15.243901252746582,-7.745764255523682,18.49320340156555,7.4981369972229,10.995066404342651
577,83961.5,84018.2,83932.4,83996.5,7262.0,2.8740108013153076,-44.2114143371582,-38.53575897216797,47.08542513847351,5.675655364990234,41.409769773483276
578,83990.5,84098.4,83954.6,84026.7,16272.0,3.097951889038086,198.240478515625,124.07050323486328,195.1425266265869,74.16997528076172,120.9725513458252
579,84031.0,84091.9,83981.0,83997.6,4046.0,3.0357842445373535,-36.15275573730469,-75.13520050048828,39.18853998184204,38.982444763183594,78.17098474502563
580,83996.6,83996.6,83856.6,83871.3,10885.0,3.432206392288208,-36.3636360168457,169.03114318847656,39.79584240913391,205.39477920532227,165.59893679618835
581,83862.0,83979.0,83819.5,83926.6,18306.0,3.0949409008026123,358.68206787109375,68.1763916015625,355.58712697029114,290.50567626953125,65.08145070075989
582,83926.6,83954.9,83751.1,83780.1,10925.0,2.9764044284820557,191.10044860839844,-40.32011413574219,188.12404417991638,231.42056274414062,43.29651856422424
583,83780.9,83881.9,83754.6,83777.5,17305.0,2.5457847118377686,147.10838317871094,58.398170471191406,144.56259846687317,88.71021270751953,55.85238575935364
584,83779.5,83873.5,83750.0,83805.9,31807.0,3.014037609100342,54.92182922363281,83.8023681640625,51.90779161453247,28.880538940429688,80.78833055496216
585,83796.8,83874.7,83724.6,83741.9,29439.0,2.8475229740142822,129.86648559570312,-7.444901943206787,127.01896262168884,137.3113875389099,10.29242491722107
586,83742.0,83828.0,83732.8,83768.1,8394.0,-1.4049850702285767,-28.95471954345703,-71.48680114746094,27.549734473228455,42.532081604003906,70.08181607723236
587,83770.4,83983.2,83770.4,83963.1,9143.0,-1.2259583473205566,25.901952743530273,8.923040390014648,27.12791109085083,16.978912353515625,10.148998737335205
588,83963.1,83990.8,83844.3,83872.8,6328.0,-0.9416006803512573,-61.11111068725586,-30.78858184814453,60.1695100069046,30.322528839111328,29.846981167793274
589,83864.7,83890.0,83728.7,83728.7,8651.0,-0.5776087641716003,113.81610870361328,36.709861755371094,114.39371746778488,77.10624694824219,37.287470519542694
590,83724.6,83753.9,83626.6,83653.1,15237.0,-0.24330313503742218,39.981624603271484,76.12992858886719,40.22492773830891,36.1483039855957,76.37323172390461
591,83675.5,83764.3,83633.8,83699.0,17326.0,0.002526493277400732,-5.35343599319458,13.710047721862793,5.355962486471981,19.063483715057373,13.707521228585392
592,83691.8,83697.5,83576.0,83692.0,14180.0,-0.11274853348731995,29.794048309326172,-18.157682418823242,29.906796842813492,47.951730728149414,18.044933885335922
593,83700.4,83828.0,83700.4,83768.1,20744.0,0.5559458136558533,19.87286949157715,46.290550231933594,19.316923677921295,26.417680740356445,45.73460441827774
594,83774.0,83820.8,83635.4,83701.0,9920.0,0.09823690354824066,-68.81189727783203,-52.1789436340332,68.91013418138027,16.632953643798828,52.277180537581444
595,83695.9,83786.6,83679.7,83783.8,10010.0,0.6467776894569397,-65.99748992919922,0.9072580933570862,66.64426761865616,66.9047480225563,0.2604804039001465
596,83788.0,83862.9,83781.0,83817.1,13303.0,0.5780065059661865,58.48225402832031,32.89710235595703,57.904247522354126,25.58515167236328,32.319095849990845
597,83817.2,83858.6,83785.7,83799.7,6080.0,0.8699362277984619,-33.501041412353516,-54.296024322509766,34.37097764015198,20.79498291015625,55.16596055030823
598,83799.7,83824.4,83707.4,83715.0,7485.0,0.7128614783287048,18.2838191986084,23.108552932739258,17.570957720279694,4.824733734130859,22.395691454410553
599,83715.0,83733.2,83636.1,83636.1,6127.0,0.26795440912246704,-29.175817489624023,-18.14295196533203,29.44377189874649,11.032865524291992,18.4109063744545
600,83636.1,83795.2,83636.1,83779.9,4312.0,0.11006728559732437,-71.70046997070312,-29.62298011779785,71.81053725630045,42.07748985290527,29.733047403395176
601,83786.9,83894.1,83751.7,83868.9,21353.0,0.01811503991484642,23.242525100708008,395.1994323730469,23.22441006079316,371.95690727233887,395.18131733313203
602,83864.7,83915.9,83809.1,83887.5,8606.0,-0.004368980880826712,-39.30888748168945,-59.696529388427734,39.304518500808626,20.38764190673828,59.69216040754691
603,83887.4,83939.8,83877.6,83920.3,3860.0,-0.401323527097702,-81.3922119140625,-55.1475715637207,80.9908883869648,26.244640350341797,54.746248036623
604,83924.6,83989.8,83863.2,83921.5,6033.0,-0.007694128900766373,-39.183467864990234,56.29533767700195,39.17577373608947,95.47880554199219,56.30303180590272
605,83922.5,83976.3,83825.6,83833.7,6568.0,-0.16635508835315704,-34.38561248779297,8.86789321899414,34.21925739943981,43.25350570678711,9.034248307347298
606,83833.7,83873.5,83730.9,83853.3,9538.0,-0.1314300000667572,-28.301889419555664,45.21924591064453,28.170459419488907,73.5211353302002,45.35067591071129
607,83863.5,83867.6,83690.1,83711.3,9399.0,-0.2671278417110443,54.58881759643555,-1.4573285579681396,54.85594543814659,56.04614615440369,1.1902007162570953
608,83705.2,83764.7,83688.8,83724.5,6364.0,-0.14578229188919067,-14.9766206741333,-32.29066848754883,14.83083838224411,17.314047813415527,32.14488619565964
609,83722.3,83730.0,83650.2,83656.4,5595.0,-0.08552664518356323,-8.682879447937012,-12.083595275878906,8.597352802753448,3.4007158279418945,11.998068630695343
610,83652.4,83737.5,83580.0,83737.5,9843.0,-0.251653790473938,128.2699432373047,75.92493438720703,128.52159702777863,52.345008850097656,76.17658817768097
611,83749.4,83902.4,83749.4,83829.3,23824.0,-0.21027372777462006,11.572144508361816,142.04002380371094,11.782418236136436,130.46787929534912,142.25029753148556
612,83840.7,83880.9,83738.1,83790.5,7625.0,-0.1666206419467926,-11.39902400970459,-67.99446105957031,11.232403367757797,56.59543704986572,67.82784041762352
613,83782.5,83786.6,83653.4,83706.2,9009.0,-0.26886382699012756,133.39378356933594,18.150819778442383,133.66264739632607,115.24296379089355,18.41968360543251
614,83693.7,83716.8,83686.1,83706.8,4030.0,-0.8166359066963196,-33.20072937011719,-55.2669563293457,32.38409346342087,22.066226959228516,54.45032042264938
615,83703.1,83773.7,83700.3,83723.0,4499.0,-1.1698216199874878,-31.5012149810791,11.637717247009277,30.331393361091614,43.13893222808838,12.807538866996765
616,83728.8,83766.6,83605.2,83614.7,5211.0,-0.4748436212539673,-45.365901947021484,15.825738906860352,44.89105832576752,61.191640853881836,16.30058252811432
617,83619.8,83712.5,83605.4,83707.3,5081.0,-0.6562743782997131,-45.94105911254883,-2.494722604751587,45.284784734249115,43.44633650779724,1.8384482264518738
618,83707.2,83715.0,83605.6,83625.1,5532.0,-0.9337327480316162,-13.073537826538086,8.876205444335938,12.13980507850647,21.949743270874023,9.809938192367554
619,83632.5,83681.5,83608.1,83633.7,2527.0,-0.9748559594154358,-54.83467102050781,-54.320316314697266,53.85981506109238,0.5143547058105469,53.34546035528183
620,83641.5,83675.1,83404.8,83509.7,28966.0,-1.3228185176849365,194.2801971435547,1046.2603759765625,195.60301566123962,851.9801788330078,1047.5831944942474
621,83511.7,83610.5,83364.6,83364.7,13554.0,-1.0387732982635498,-43.1077880859375,-53.20720672607422,42.06901478767395,10.099418640136719,52.16843342781067
622,83363.6,83493.4,83313.0,83425.7,7002.0,-1.3888576030731201,-8.170491218566895,-48.33997344970703,6.781633615493774,40.16948223114014,46.95111584663391
623,83425.8,83497.8,83352.9,83358.4,21014.0,-1.506734013557434,133.25563049316406,200.1142578125,134.7623645067215,66.85862731933594,201.62099182605743
624,83361.2,83398.6,83304.6,83324.3,14907.0,-0.9600483179092407,269.9007568359375,-29.06157875061035,270.86080515384674,298.96233558654785,28.10153043270111
625,83324.3,83355.3,83284.7,83334.3,8920.0,-0.40264230966567993,98.26628112792969,-40.16233825683594,98.66892343759537,138.42861938476562,39.75969594717026
626,83346.7,83346.7,83150.8,83181.1,41793.0,-1.0934802293777466,702.0149536132812,368.5314025878906,703.108433842659,333.4835510253906,369.6248828172684
627,83174.1,83320.8,83146.9,83226.1,12694.0,-1.1903513669967651,149.8327178955078,-69.62649536132812,151.02306926250458,219.45921325683594,68.43614399433136
628,83218.3,83238.8,83062.5,83062.5,21836.0,-1.0278631448745728,294.72161865234375,72.01828002929688,295.7494817972183,222.70333862304688,73.04614317417145
629,83058.7,83203.9,83058.7,83076.1,23222.0,-0.8080916404724121,818.9552001953125,6.347316265106201,819.7632918357849,812.6078839302063,7.155407905578613
630,83074.2,83231.8,83050.5,83069.4,17291.0,-0.31834176182746887,-40.30587387084961,-25.540435791015625,39.98753210902214,14.765438079833984,25.222094029188156
631,83049.5,83095.4,82865.7,83040.7,43387.0,-0.38417866826057434,220.10476684570312,150.9224395751953,220.4889455139637,69.18232727050781,151.3066182434559
632,83036.6,83045.0,82700.0,82806.5,37530.0,0.37001198530197144,435.9897155761719,-13.499435424804688,435.6197035908699,449.48915100097656,13.869447410106659
633,82778.9,82940.5,82747.1,82860.2,18664.0,0.6923604011535645,-11.183021545410156,-50.26911926269531,11.87538194656372,39.086097717285156,50.96147966384888
634,82869.4,82985.0,82860.8,82870.9,23699.0,0.37278375029563904,58.979000091552734,26.977067947387695,58.606216341257095,32.00193214416504,26.604284197092056
635,82871.0,82984.9,82840.1,82974.5,20211.0,-0.019113995134830475,126.58071899414062,-14.717920303344727,126.59983298927546,141.29863929748535,14.698806308209896
636,82974.5,82985.0,82827.6,82841.9,11346.0,0.11899193376302719,-72.85191345214844,-43.86225509643555,72.97090538591146,28.98965835571289,43.981247030198574
637,82838.6,82953.3,82804.1,82953.3,21336.0,0.1835799366235733,68.07940673828125,88.04865264892578,67.89582680165768,19.96924591064453,87.86507271230221
638,82949.2,82957.2,82736.6,82741.6,11185.0,0.23685374855995178,-48.777244567871094,-47.576866149902344,49.014098316431046,1.20037841796875,47.813719898462296
639,82737.0,82789.5,82602.4,82686.1,33922.0,0.04648923501372337,46.076995849609375,203.2811737060547,46.03050661459565,157.2041778564453,203.23468447104096
640,82686.0,82729.9,82603.4,82682.8,20981.0,0.028400195762515068,21.3405818939209,-38.14928436279297,21.312181698158383,59.48986625671387,38.177684558555484
641,82685.0,82700.0,82518.0,82532.8,19045.0,0.02960173599421978,-56.10436248779297,-9.227396011352539,56.13396422378719,46.87696647644043,9.256997747346759
642,82541.0,82616.6,82480.1,82572.2,18141.0,-0.655707061290741,-51.66267013549805,-4.746652603149414,51.006963074207306,46.91601753234863,4.090945541858673
643,82576.3,82596.8,82478.2,82495.0,14079.0,-0.5920621156692505,-24.566009521484375,-22.391267776489258,23.973947405815125,2.174741744995117,21.799205660820007
644,82495.1,82675.0,82495.1,82648.4,27026.0,-0.0146715072914958,14.038567543029785,91.95965576171875,14.053239050321281,77.92108821868896,91.97432726901025
645,82648.4,82684.7,82571.7,82624.2,46050.0,-0.07410364598035812,127.8462142944336,70.39147186279297,127.92031794041395,57.454742431640625,70.46557550877333
646,82630.4,82670.6,82578.5,82657.8,14204.0,0.15427079796791077,25.189495086669922,-69.15526580810547,25.03522428870201,94.34476089477539,69.30953660607338
647,82653.8,82725.3,82600.2,82725.3,12563.0,0.4547830820083618,-41.1182975769043,-11.553083419799805,41.57308065891266,29.565214157104492,12.007866501808167
648,82725.3,82757.9,82582.5,82603.3,8666.0,0.3762108087539673,-22.52123260498047,-31.01966094970703,22.897443413734436,8.498428344726562,31.395871758461
649,82606.3,82607.3,82472.6,82538.4,9220.0,0.42770472168922424,-72.81999206542969,6.392799377441406,73.24769678711891,79.2127914428711,5.965094655752182
650,82546.8,82599.2,82477.9,82514.0,6482.0,0.6065110564231873,-69.10537719726562,-29.696311950683594,69.71188825368881,39.40906524658203,30.30282300710678
651,82509.9,82590.9,82500.1,82500.1,18087.0,0.47782963514328003,-5.030191898345947,179.0342559814453,5.508021533489227,184.06444787979126,178.55642634630203
652,82500.0,82500.1,82280.0,82280.0,18549.0,0.9023133516311646,2.249049186706543,2.554320812225342,1.3467358350753784,0.30527162551879883,1.6520074605941772
653,82275.9,82344.9,82234.6,82257.7,21916.0,0.8970131874084473,55.664466857910156,18.15192222595215,54.76745367050171,37.51254463195801,17.2549090385437
654,82248.8,82285.7,82125.3,82149.0,14685.0,0.37984129786491394,-45.66343307495117,-32.99415969848633,46.043274372816086,12.669273376464844,33.37400099635124
655,82144.8,82267.9,82116.5,82208.8,12339.0,0.1077486202120781,-73.20520782470703,-15.975484848022461,73.31295644491911,57.22972297668457,16.08323346823454
656,82210.8,82518.0,82210.8,82497.1,30776.0,0.08272000402212143,116.67135620117188,149.4205322265625,116.58863619714975,32.749176025390625,149.33781222254038
657,82497.4,82506.8,82390.0,82453.9,12146.0,0.024996424093842506,-3.3192708492279053,-60.534183502197266,3.344267273321748,57.21491265296936,60.55917992629111
658,82453.8,82478.6,82349.3,82387.6,7323.0,0.033821798861026764,-15.497345924377441,-39.70854568481445,15.531167723238468,24.21119976043701,39.74236748367548
659,82385.9,82385.9,82201.4,82217.5,10488.0,0.14312371611595154,13.752710342407227,43.219993591308594,13.609586626291275,29.467283248901367,43.07686987519264
660,82216.4,82231.7,82112.2,82176.2,12266.0,-0.14362667500972748,89.23171997070312,16.952707290649414,89.37534664571285,72.27901268005371,17.09633396565914
661,82178.3,82200.4,82111.0,82161.7,16371.0,-0.43879401683807373,-9.48747730255127,33.46649169921875,9.048683285713196,42.95396900177002,33.905285716056824
662,82168.0,82261.1,82020.7,82078.6,15816.0,-0.3689221441745758,-14.733945846557617,-3.390141010284424,14.365023702383041,11.343804836273193,3.021218866109848
663,82078.5,82089.4,81712.9,81949.0,58374.0,-0.5782293677330017,166.3533477783203,269.0819396972656,166.9315771460533,102.72859191894531,269.6601690649986
664,81948.9,81974.5,81786.1,81935.6,25616.0,-0.5584344863891602,74.4365005493164,-56.11745071411133,74.99493503570557,130.55395126342773,55.55901622772217
665,81943.5,82391.7,81927.3,82061.4,45415.0,-0.28539443016052246,268.06060791015625,77.29153442382812,268.3460023403168,190.76907348632812,77.57692885398865
666,82053.6,82085.5,81905.2,82062.6,16898.0,-0.4144115447998047,-45.09357833862305,-62.792030334472656,44.67916679382324,17.69845199584961,62.37761878967285
667,82058.6,82058.6,81802.1,81872.6,21012.0,-0.5819751620292664,72.99522399902344,24.34607696533203,73.5771991610527,48.649147033691406,24.928052127361298
668,81871.0,82140.3,81859.4,82019.9,32565.0,-0.4644930362701416,344.6947937011719,54.98286819458008,345.159286737442,289.7119255065918,55.44736123085022
669,82012.6,82139.7,82004.9,82080.5,55937.0,-0.5428787469863892,433.34283447265625,71.77030181884766,433.88571321964264,361.5725326538086,72.31318056583405
670,82080.3,82443.9,82070.5,82414.7,20236.0,-0.5048925876617432,64.97634887695312,-63.823585510253906,65.48124146461487,128.79993438720703,63.31869292259216
671,82408.7,82428.3,82331.5,82382.7,17538.0,-0.33870577812194824,7.128458499908447,-13.332674026489258,7.4671642780303955,20.461132526397705,12.99396824836731
672,82382.7,82499.9,82309.5,82316.1,21160.0,-0.38297057151794434,33.78856658935547,20.652297973632812,34.17153716087341,13.136268615722656,21.035268545150757
673,82309.4,82329.3,82107.0,82168.8,13391.0,-0.27772754430770874,-77.05999755859375,-36.71549987792969,76.78227001428604,40.34449768066406,36.43777233362198
674,82168.3,82242.3,82082.7,82124.0,23107.0,-0.33304715156555176,-9.794659614562988,72.55619812011719,9.461612462997437,82.35085773468018,72.88924527168274
675,82116.1,82140.8,81937.9,81944.2,15948.0,-0.2241775393486023,-64.88385009765625,-30.981952667236328,64.65967255830765,33.90189743041992,30.757775127887726
676,81936.1,82077.4,81640.3,82072.8,26241.0,-0.4742721617221832,55.29056930541992,64.54100799560547,55.764841467142105,9.250438690185547,65.01528015732765
677,82080.7,82224.5,81960.7,81975.2,13752.0,-0.3926020562648773,-34.55168533325195,-47.59346008300781,34.159083276987076,13.04177474975586,47.200858026742935
678,81956.1,82014.3,81770.3,81877.2,9149.0,-5.105428695678711,-71.90542602539062,-33.47149658203125,66.79999732971191,38.433929443359375,28.36606788635254
679,81878.3,82077.9,81873.7,82077.8,19767.0,-1.9977545738220215,-64.66203308105469,116.056396484375,62.664278507232666,180.7184295654297,118.05415105819702
680,82077.9,82077.9,81864.9,81965.1,12777.0,-1.447439432144165,-36.860050201416016,-35.36196517944336,35.41261076927185,1.4980850219726562,33.914525747299194
681,81963.2,82231.1,81947.7,82190.6,22895.0,-2.064113140106201,30.545103073120117,79.18917083740234,32.60921621322632,48.64406776428223,81.25328397750854
682,82190.5,82197.1,81951.4,81964.9,11012.0,-2.0054914951324463,-47.95840835571289,-51.90216064453125,45.952916860580444,3.9437522888183594,49.896669149398804
683,81965.9,82024.8,81934.3,81992.6,15824.0,-1.7455495595932007,18.168920516967773,43.697784423828125,19.914470076560974,25.52886390686035,45.443333983421326
684,81992.6,82196.1,81983.0,82196.1,21470.0,-2.0544753074645996,-7.084433555603027,35.67998123168945,5.029958248138428,42.76441478729248,37.73445653915405
685,82196.1,82351.9,82149.2,82305.4,16139.0,-1.4939842224121094,1.1976423263549805,-24.82999610900879,2.69162654876709,26.02763843536377,23.33601188659668
686,82307.4,82485.7,82241.3,82291.4,17690.0,-0.9501139521598816,-32.58641052246094,9.610260963439941,31.636296570301056,42.19667148590088,10.560374915599823
687,82304.4,82304.4,82120.1,82120.1,16968.0,-1.0190409421920776,23.385690689086914,-4.081401824951172,24.40473163127899,27.467092514038086,3.0623608827590942
688,82124.2,82124.2,81959.6,82019.2,13734.0,3.965071678161621,50.11476135253906,-19.059406280517578,46.14968967437744,69.17416763305664,23.0244779586792
689,82019.4,82082.3,82007.4,82069.3,5797.0,0.2728777825832367,-70.67334747314453,-57.7908821105957,70.94622525572777,12.882465362548828,58.06375989317894
690,82069.3,82289.5,82061.1,82246.1,20921.0,-0.356473833322525,63.739532470703125,260.8935546875,64.09600630402565,197.15402221679688,261.2500285208225
691,82246.0,82377.9,82227.1,82305.4,10687.0,0.21527104079723358,-53.32168960571289,-48.917354583740234,53.536960646510124,4.404335021972656,49.13262562453747
692,82314.6,82468.4,82299.2,82442.9,8486.0,-0.16450506448745728,-22.93861198425293,-20.595115661621094,22.774106919765472,2.343496322631836,20.430610597133636
693,82444.2,82614.8,82395.6,82568.9,11545.0,-0.2823694348335266,-27.041202545166016,36.047607421875,26.75883311033249,63.088809967041016,36.32997685670853
694,82550.4,82712.4,82443.3,82443.3,24783.0,-0.05664059892296791,15.43083381652832,114.66436004638672,15.487474415451288,99.2335262298584,114.72100064530969
695,82446.9,82554.9,82389.0,82530.9,15584.0,-0.5908505916595459,-3.4388747215270996,-37.118186950683594,2.8480241298675537,33.679312229156494,36.52733635902405
696,82532.6,82616.4,82462.8,82558.3,6799.0,-0.6980238556861877,-61.56585693359375,-56.37192153930664,60.86783307790756,5.193935394287109,55.67389768362045
697,82555.0,82710.4,82548.8,82690.3,13435.0,-0.8050582408905029,-20.82154655456543,97.60258483886719,20.016488313674927,118.42413139343262,98.40764307975769
698,82690.3,82866.1,82576.7,82834.2,28655.0,-0.9631934762001038,108.64278411865234,113.28619384765625,109.60597759485245,4.643409729003906,114.24938732385635
699,82840.6,82841.4,82689.9,82740.7,9596.0,-0.6838552355766296,65.53389739990234,-66.51195526123047,66.21775263547897,132.0458526611328,65.82810002565384
700,82740.8,82922.9,82718.3,82846.4,6538.0,-0.8583022356033325,-68.74909973144531,-31.86744499206543,67.89079749584198,36.88165473937988,31.009142756462097
701,82846.5,82858.5,82597.3,82629.6,19970.0,-1.0982208251953125,86.862548828125,205.44508361816406,87.96076965332031,118.58253479003906,206.54330444335938
702,82648.3,82648.3,82571.7,82593.2,6082.0,-1.0617351531982422,-28.329011917114258,-69.54431915283203,27.267276763916016,41.21530723571777,68.48258399963379
703,82594.4,82612.8,82527.2,82583.8,25629.0,-1.3451833724975586,121.99220275878906,321.3909912109375,123.33738613128662,199.39878845214844,322.73617458343506
704,82583.8,82583.8,82496.2,82543.8,7138.0,-1.3634141683578491,-71.19800567626953,-72.14873504638672,69.83459150791168,0.9507293701171875,70.78532087802887
705,82552.0,82581.1,82539.7,82574.0,4128.0,-1.3911457061767578,-73.51129913330078,-42.16867446899414,72.12015342712402,31.34262466430664,40.77752876281738
706,82574.9,82609.7,82444.9,82465.3,7259.0,-2.0723109245300293,6.765700817108154,75.84786987304688,8.838011741638184,69.08216905593872,77.9201807975769
707,82459.9,82529.5,82450.4,82529.5,10327.0,-1.7319798469543457,-23.13360595703125,42.264774322509766,21.401626110076904,65.39838027954102,43.99675416946411
708,82533.6,82570.5,82487.9,82533.6,5208.0,-2.2703890800476074,-81.82516479492188,-49.569091796875,79.55477571487427,32.256072998046875,47.29870271682739
709,82533.6,82570.5,82450.1,82456.7,6170.0,-1.9175212383270264,-35.70237350463867,18.471582412719727,33.784852266311646,54.1739559173584,20.389103651046753
710,82456.2,82456.2,82364.6,82452.6,18068.0,-1.4667837619781494,176.3536376953125,192.8363037109375,177.82042145729065,16.482666015625,194.30308747291565
711,82452.6,82561.7,82420.9,82557.5,6585.0,-1.4267016649246216,-67.0255355834961,-63.554351806640625,65.59883391857147,3.4711837768554688,62.127650141716
712,82541.0,82732.5,82508.9,82717.9,24146.0,-1.0593632459640503,297.007568359375,266.6818542480469,298.06693160533905,30.325714111328125,267.7412174940109
713,82721.6,82750.0,82660.9,82749.9,7956.0,-0.7203180193901062,-68.95704650878906,-67.05044555664062,68.23672848939896,1.9066009521484375,66.33012753725052
714,82749.9,82766.4,82699.7,82710.1,5273.0,-0.06279728561639786,-26.12776756286621,-33.72297668457031,26.064970277249813,7.595209121704102,33.660179398953915
715,82710.1,82807.6,82637.8,82742.8,9795.0,0.2634776532649994,137.281982421875,85.75763702392578,137.01850476861,51.52434539794922,85.49415937066078
716,82739.3,82766.7,82656.8,82656.8,3375.0,0.45163458585739136,-53.505985260009766,-65.54364776611328,53.95761984586716,12.037662506103516,65.99528235197067
717,82656.8,82750.3,82638.5,82728.4,4222.0,0.3025533854961395,-59.11687469482422,25.096296310424805,59.41942808032036,84.21317100524902,24.793742924928665
718,82728.4,82778.4,82721.2,82768.0,5202.0,1.1170622110366821,-0.11520737409591675,23.211748123168945,1.2322695851325989,23.326955497264862,22.094685912132263
719,82762.0,82815.9,82703.3,82710.1,9929.0,0.8516545295715332,60.923828125,90.868896484375,60.07217359542847,29.945068359375,90.01724195480347
720,82713.3,82713.3,82619.2,82675.0,8385.0,0.9592745304107666,-53.59199142456055,-15.550408363342285,54.55126595497131,38.04158306121826,16.50968289375305
721,82681.7,82931.5,82680.7,82931.4,15073.0,1.565702199935913,128.8990020751953,79.76148223876953,127.3332998752594,49.13751983642578,78.19578003883362
722,82931.5,82957.8,82852.1,82881.5,10984.0,1.2356220483779907,-54.51006317138672,-27.12797737121582,55.74568521976471,27.3820858001709,28.36359941959381
723,82881.5,82953.2,82841.6,82892.7,11356.0,1.0239357948303223,42.73503875732422,3.386744260787964,41.7111029624939,39.348294496536255,2.3628084659576416
724,82896.6,82970.3,82870.1,82941.3,6136.0,0.7532449960708618,16.366395950317383,-45.966888427734375,15.613150954246521,62.33328437805176,46.72013342380524
725,82948.1,82995.0,82891.0,82899.2,6327.0,0.2835896611213684,-35.405818939208984,3.1127769947052,35.68940860033035,38.518595933914185,2.829187333583832
726,82907.5,82967.1,82812.0,82829.0,9037.0,0.36025330424308777,167.76295471191406,42.832305908203125,167.40270140767097,124.93064880371094,42.47205260396004
727,82830.1,83053.8,82812.0,83041.4,15284.0,0.20411966741085052,262.0085144042969,69.12692260742188,261.804394736886,192.881591796875,68.92280294001102
728,83053.1,83343.1,83053.1,83295.7,38016.0,-0.26470017433166504,630.7958374023438,148.73069763183594,631.0605375766754,482.0651397705078,148.9953978061676
729,83295.6,83351.2,83155.6,83228.5,9452.0,-0.5730103254318237,-4.804109573364258,-75.13678741455078,4.231099247932434,70.33267784118652,74.56377708911896
730,83236.9,83337.0,83236.9,83250.0,7117.0,-0.7821917533874512,-15.122241973876953,-24.703765869140625,14.340050220489502,9.581523895263672,23.921574115753174
731,83241.7,83241.7,83053.5,83127.0,41546.0,-1.0456300973892212,175.63192749023438,483.7572021484375,176.6775575876236,308.1252746582031,484.8028322458267
732,83126.1,83126.1,82951.0,82951.0,14525.0,-1.0949887037277222,32.237796783447266,-65.03874969482422,33.33278548717499,97.27654647827148,63.9437609910965
733,82949.5,83037.2,82932.4,83012.9,5621.0,-1.0280420780181885,-50.50193786621094,-61.301204681396484,49.47389578819275,10.799266815185547,60.273162603378296
734,83002.0,83118.3,82996.0,83095.3,6014.0,-1.088068962097168,-1.988265872001648,6.991638660430908,0.90019690990448,8.979904532432556,8.079707622528076
735,83082.7,83120.9,83034.1,83045.2,4113.0,-1.1809513568878174,-34.992889404296875,-31.609577178955078,33.81193804740906,3.383312225341797,30.42862582206726
736,83051.4,83088.2,83015.6,83035.2,3492.0,-2.263946533203125,-61.358856201171875,-15.098467826843262,59.09490966796875,46.26038837432861,12.834521293640137
737,83032.1,83187.9,83032.1,83044.6,6448.0,-2.4097518920898438,-57.812095642089844,84.65062713623047,55.40234375,142.4627227783203,87.06037902832031
738,83039.7,83053.0,82948.6,82996.0,4963.0,-1.07418954372406,-86.9449691772461,-23.030397415161133,85.87077963352203,63.91457176208496,21.956207871437073
739,82990.0,82990.0,82847.1,82879.6,13056.0,0.48510441184043884,38.12949752807617,163.0666961669922,37.64439311623573,124.93719863891602,162.58159175515175
740,82887.9,83055.4,82887.9,83040.6,11412.0,0.6976262927055359,60.34845733642578,-12.591911315917969,59.650831043720245,72.94036865234375,13.289537608623505
741,83040.5,83168.9,83027.1,83142.4,4509.0,0.8391453623771667,-89.14697265625,-60.48896026611328,89.98611801862717,28.65801239013672,61.32810562849045
742,83142.7,83160.0,82995.9,83012.6,5393.0,1.7160961627960205,-62.870906829833984,19.605234146118164,64.58700299263,82.47614097595215,17.889137983322144
743,83009.1,83240.3,82995.3,83159.1,11862.0,1.4267855882644653,111.03006744384766,119.95178985595703,109.60328185558319,8.921722412109375,118.52500426769257
744,83159.0,83159.8,83064.3,83065.2,4129.0,1.151652216911316,-31.34353256225586,-65.19136810302734,32.495184779167175,33.847835540771484,66.34302031993866
745,83073.6,83160.1,83064.0,83128.6,4387.0,2.093474864959717,6.66180419921875,6.248486518859863,4.568329334259033,0.4133176803588867,4.1550116539001465
746,83128.5,83128.5,83037.6,83053.0,2391.0,3.4926323890686035,-31.529212951660156,-45.49806213378906,35.02184534072876,13.968849182128906,48.990694522857666
747,83053.0,83063.7,82969.0,82987.2,1869.0,4.1686787605285645,-71.01426696777344,-21.83186912536621,75.182945728302,49.18239784240723,26.000547885894775
748,82988.2,83043.2,82978.0,82978.0,2917.0,2.4918293952941895,-41.225067138671875,56.0727653503418,43.716896533966064,97.29783248901367,53.58093595504761
749,82974.1,82974.1,82924.4,82924.4,3108.0,0.9387862682342529,-76.19485473632812,6.547822952270508,77.13364100456238,82.74267768859863,5.609036684036255
750,82924.5,82950.7,82903.5,82903.5,3799.0,0.7628452777862549,-66.71047973632812,22.232946395874023,67.47332501411438,88.94342613220215,21.47010111808777
751,82904.4,82943.6,82899.0,82926.2,7938.0,1.0370392799377441,76.04790496826172,108.94972229003906,75.01086568832397,32.901817321777344,107.91268301010132
752,82926.2,83079.2,82926.2,83079.2,36803.0,0.7060226798057556,582.4216918945312,363.6306457519531,581.7156692147255,218.79104614257812,362.92462307214737
753,83080.0,83114.7,82959.2,82959.2,4886.0,1.0447943210601807,-58.80964279174805,-86.72390747070312,59.85443711280823,27.914264678955078,87.7687017917633
754,82959.1,82959.1,82793.4,82799.5,8111.0,1.3128830194473267,96.43981170654297,66.00491333007812,95.12692868709564,30.434898376464844,64.6920303106308
755,82796.0,82827.2,82726.5,82772.8,8515.0,0.537168562412262,94.09619903564453,4.980890274047852,93.55903047323227,89.11530876159668,4.44372171163559
756,82767.3,82802.8,82747.5,82768.1,6283.0,0.12847751379013062,162.77708435058594,-26.212566375732422,162.6486068367958,188.98965072631836,26.341043889522552
757,82768.0,82775.3,82636.8,82680.8,6586.0,0.10048796236515045,252.38095092773438,4.822536945343018,252.28046296536922,247.55841398239136,4.722048982977867
758,82680.8,82707.4,82616.9,82638.7,6030.0,0.23867790400981903,106.71923065185547,-8.442150115966797,106.48055274784565,115.16138076782227,8.680828019976616
759,82638.6,82711.8,82618.4,82618.4,6202.0,0.21941393613815308,99.54955291748047,2.8524045944213867,99.33013898134232,96.69714832305908,2.6329906582832336
760,82618.4,82695.4,82500.1,82521.2,10768.0,0.33418020606040955,183.44302368164062,73.62141418457031,183.10884347558022,109.82160949707031,73.2872339785099
761,82501.0,82521.3,82389.9,82470.1,18509.0,-0.33636659383773804,133.16957092285156,71.88893127441406,133.5059375166893,61.2806396484375,72.2252978682518
762,82469.3,82485.9,82382.7,82435.8,12156.0,0.21870437264442444,-66.97008514404297,-34.3238410949707,67.1887895166874,32.646244049072266,34.54254546761513
763,82432.1,82530.0,82431.9,82509.6,7552.0,0.9076010584831238,54.56406021118164,-37.87430191040039,53.65645915269852,92.43836212158203,38.781902968883514
764,82509.9,82552.0,82480.8,82524.7,7396.0,0.6820899248123169,-8.81518840789795,-2.0656778812408447,9.497278332710266,6.7495105266571045,2.7477678060531616
765,82510.0,82528.1,82438.2,82443.3,5419.0,0.3141162097454071,-36.35936737060547,-26.73066520690918,36.673483580350876,9.628702163696289,27.044781416654587
766,82446.4,82479.7,82381.1,82419.4,2903.0,1.5622614622116089,-53.79595947265625,-46.429229736328125,55.35822093486786,7.366729736328125,47.991491198539734
767,82418.7,82448.0,82284.2,82313.2,6078.0,0.907665491104126,-7.71333122253418,109.36962127685547,8.620996713638306,117.08295249938965,108.46195578575134
768,82317.0,82381.8,82257.2,82262.7,8322.0,0.7015607357025146,38.00994873046875,36.920040130615234,37.308387994766235,1.0899085998535156,36.21847939491272
769,82279.4,82417.8,82229.4,82300.1,9838.0,0.9013344645500183,58.62624740600586,18.216773986816406,57.72491294145584,40.40947341918945,17.315439522266388
770,82300.1,82375.4,82229.0,82355.8,14190.0,0.4279305636882782,31.779346466064453,44.23663330078125,31.351415902376175,12.457286834716797,43.80870273709297
771,82355.8,82385.9,82268.4,82284.7,9506.0,0.5678886771202087,-48.641197204589844,-33.00916290283203,49.20908588171005,15.632034301757812,33.57705157995224
772,82268.2,82405.4,82268.2,82358.9,9579.0,-0.4572209417819977,-21.19940757751465,0.7679360508918762,20.74218663573265,21.967343628406525,1.225156992673874
773,82358.0,82375.9,82200.1,82281.1,6470.0,-1.4200935363769531,-14.327330589294434,-32.45641326904297,12.90723705291748,18.129082679748535,31.036319732666016
774,82286.5,82316.1,82221.9,82256.0,18679.0,-1.6951332092285156,152.55543518066406,188.7017059326172,154.25056838989258,36.146270751953125,190.3968391418457
775,82272.4,82360.0,82272.4,82308.6,4366.0,-1.7273125648498535,-19.431629180908203,-76.62615966796875,17.70431661605835,57.19453048706055,74.8988471031189
776,82307.5,82308.5,82208.6,82218.6,9752.0,-2.503908395767212,235.92837524414062,123.36234283447266,238.43228363990784,112.56603240966797,125.86625123023987
777,82217.7,82360.9,82217.7,82360.9,9148.0,-1.9933749437332153,50.51003646850586,-6.193601131439209,52.503411412239075,56.70363759994507,4.200226187705994
778,82341.3,82399.0,82309.4,82309.4,4196.0,-1.845628023147583,-49.57942581176758,-54.132049560546875,47.733797788619995,4.552623748779297,52.28642153739929
779,82309.4,82353.7,82286.1,82317.2,4291.0,-1.7373607158660889,-56.3834114074707,2.2640609741210938,54.646050691604614,58.6474723815918,4.001421689987183
780,82313.1,82372.3,82294.0,82306.6,4651.0,-1.9249632358551025,-67.22339630126953,8.389653205871582,65.29843306541443,75.61304950714111,10.314616441726685
781,82306.6,82457.7,82278.2,82278.2,9994.0,-1.5821805000305176,5.133599758148193,114.8785171508789,6.715780258178711,109.74491739273071,116.46069765090942
782,82267.6,82387.4,82256.5,82311.2,9736.0,-1.3118096590042114,1.6390019655227661,-2.5815489292144775,2.9508116245269775,4.220550894737244,1.2697392702102661
783,82316.4,82401.0,82213.3,82361.6,31401.0,-1.245090365409851,385.3323059082031,222.524658203125,386.577396273613,162.80764770507812,223.76974856853485
784,82353.3,82353.3,82087.2,82207.2,17951.0,-0.44375622272491455,-3.8974246978759766,-42.833030700683594,3.453668475151062,38.93560600280762,42.38927447795868
785,82211.2,82229.2,82094.1,82094.1,10273.0,0.20743685960769653,135.2954559326172,-42.77199172973633,135.0880190730095,178.06744766235352,42.979428589344025
786,82094.2,82172.1,82050.7,82089.7,19987.0,0.10033034533262253,104.95283508300781,94.55854797363281,104.85250473767519,10.394287109375,94.45821762830019
787,82089.6,82200.0,82055.5,82200.0,4604.0,0.4638921618461609,-49.672061920166016,-76.96502685546875,50.13595408201218,27.292964935302734,77.42891901731491
788,82200.7,82200.7,81943.8,81995.4,16179.0,0.465255469083786,285.5815124511719,251.4118194580078,285.1162569820881,34.16969299316406,250.94656398892403
789,82007.8,82099.5,81995.4,82057.6,9907.0,1.0900721549987793,130.8785858154297,-38.766300201416016,129.7885136604309,169.6448860168457,39.856372356414795
790,82057.7,82081.7,81990.1,82015.7,17310.0,2.3135151863098145,272.17803955078125,74.72494506835938,269.86452436447144,197.45309448242188,72.41142988204956
791,82013.2,82148.5,82008.1,82120.8,29622.0,2.5257487297058105,196.39784240722656,71.12651824951172,193.87209367752075,125.27132415771484,68.60076951980591
792,82124.4,82141.0,82045.5,82052.5,15856.0,2.521153450012207,62.859493255615234,-46.47221755981445,60.33833980560303,109.33171081542969,48.99337100982666
793,82052.5,82270.8,82033.9,82270.7,11670.0,3.330631971359253,-62.83557891845703,-26.400100708007812,66.16621088981628,36.43547821044922,29.730732679367065
794,82270.7,82389.6,82160.5,82310.0,34207.0,2.578186511993408,90.55763244628906,193.11911010742188,87.97944593429565,102.56147766113281,190.54092359542847
795,82309.9,82309.9,82090.1,82120.3,12909.0,2.448472499847412,25.659496307373047,-62.26211166381836,23.211023807525635,87.9216079711914,64.71058416366577
796,82117.5,82181.5,81982.3,82010.3,9110.0,2.6656253337860107,-54.42037582397461,-29.429080963134766,57.08600115776062,24.991294860839844,32.094706296920776
797,82010.4,82067.1,81956.0,82042.3,8570.0,1.8607491254806519,86.1424789428711,-5.927552223205566,84.28172981739044,92.07003116607666,7.788301348686218
798,82038.6,82061.9,81913.8,81950.5,11482.0,2.575820207595825,-29.031461715698242,33.97899627685547,31.607281923294067,63.01045799255371,31.403176069259644
799,81950.4,82032.4,81945.1,81985.9,7187.0,1.6127068996429443,-27.455333709716797,-37.406375885009766,29.06804060935974,9.951042175292969,39.01908278465271
800,81973.8,82004.9,81846.1,81851.1,10167.0,0.9155595898628235,-41.26516342163086,41.46375274658203,42.18072301149368,82.72891616821289,40.54819315671921
801,81851.3,81854.3,81416.3,81444.9,69414.0,0.5784955620765686,134.3325958251953,582.73828125,133.75410026311874,448.4056854248047,582.1597856879234
802,81444.9,81613.8,81340.6,81551.5,39167.0,-0.10699179023504257,147.0168914794922,-43.57478332519531,147.12388326972723,190.5916748046875,43.46779153496027
803,81548.4,81591.1,80831.4,81134.0,196906.0,-0.5506302714347839,1587.2835693359375,402.73443603515625,1587.8341996073723,1184.5491333007812,403.28506630659103
804,81149.3,81160.4,80919.0,81101.0,45283.0,-1.0524678230285645,32.379337310791016,-77.00273132324219,33.43180513381958,109.3820686340332,75.95026350021362
805,81100.0,81444.4,81079.6,81328.8,30209.0,-1.467642903327942,134.01502990722656,-33.288429260253906,135.4826728105545,167.30345916748047,31.820786356925964
806,81323.7,81323.7,81129.8,81140.6,36412.0,-2.08862042427063,299.6926574707031,20.533615112304688,301.78127789497375,279.15904235839844,22.622235536575317
807,81132.6,81159.4,80952.0,81011.6,32535.0,-1.9185502529144287,279.6382751464844,-10.647588729858398,281.5568253993988,290.2858638763428,8.72903847694397
808,81011.6,81050.4,80705.1,80725.3,38780.0,-2.2365071773529053,237.7460479736328,19.194713592529297,239.98255515098572,218.55133438110352,21.431220769882202
809,80723.8,80963.9,80627.5,80945.5,42398.0,-1.353350043296814,489.9262390136719,9.329551696777344,491.2795890569687,480.59668731689453,10.682901740074158
810,80957.6,81666.0,80957.6,81466.2,131612.0,-1.0870977640151978,1194.5018310546875,210.42030334472656,1195.5889288187027,984.0815277099609,211.50740110874176
811,81468.0,81877.6,81274.6,81711.1,61016.0,-0.9311763644218445,-12.098423957824707,-53.63948440551758,11.167247593402863,41.54106044769287,52.708308041095734
812,81711.1,81889.9,81500.2,81605.4,33883.0,-0.41460296511650085,-13.490947723388672,-44.46866226196289,13.076344758272171,30.97771453857422,44.05405929684639
813,81581.0,81707.1,81442.1,81606.9,30371.0,-0.07639206200838089,-84.57588958740234,-10.365079879760742,84.49949752539396,74.2108097076416,10.288687817752361
814,81602.9,81807.5,81594.8,81700.5,18544.0,0.4150407314300537,-59.04865264892578,-38.94175338745117,59.463693380355835,20.10689926147461,39.356794118881226
815,81704.5,81821.2,81510.1,81821.2,35648.0,0.8211172819137573,18.004568099975586,92.23468780517578,17.18345081806183,74.2301197052002,91.41357052326202
816,81825.1,82274.0,81710.7,82101.7,46923.0,1.2943593263626099,28.866857528686523,31.62870216369629,27.572498202323914,2.7618446350097656,30.33434283733368
817,82087.6,82581.6,82027.5,82511.1,70274.0,1.402227520942688,115.99508666992188,49.76450729370117,114.59285914897919,66.2305793762207,48.362279772758484
818,82511.3,82866.1,82486.5,82768.0,63226.0,1.2144522666931152,63.03765106201172,-10.029314041137695,61.8231987953186,73.06696510314941,11.24376630783081
819,82767.9,82982.8,82628.3,82982.8,31887.0,0.7020946741104126,-24.791263580322266,-49.56663513183594,25.493358254432678,24.775371551513672,50.26872980594635
820,82982.7,82982.7,82657.5,82736.3,19758.0,0.72612464427948,-84.9876937866211,-38.037445068359375,85.71381843090057,46.95024871826172,38.763569712638855
821,82745.5,82971.2,82693.7,82878.7,22928.0,0.4536939859390259,-62.4229736328125,16.04413414001465,62.876667618751526,78.46710777282715,15.590440154075623
822,82904.5,82908.6,82685.7,82750.9,12906.0,0.22741162776947021,-61.91010284423828,-43.71074676513672,62.13751447200775,18.199356079101562,43.93815839290619
823,82751.0,82887.6,82565.4,82874.2,24953.0,-0.025004232302308083,-17.839385986328125,93.34417724609375,17.814381754025817,111.18356323242188,93.36918147839606
824,82874.1,83033.3,82795.5,83002.3,14212.0,-0.24504230916500092,-23.360654830932617,-43.044925689697266,23.115612521767616,19.68427085876465,42.799883380532265
825,83010.6,83427.0,82994.9,83316.3,37958.0,-0.2717568874359131,6.480027198791504,167.0841522216797,6.751784086227417,160.60412502288818,167.3559091091156
826,83320.1,83419.2,83150.8,83164.4,16894.0,-0.6678553819656372,-63.996337890625,-55.49291229248047,63.32848250865936,8.503425598144531,54.82505691051483
827,83176.3,83300.0,83106.8,83270.4,9931.0,-0.5238504409790039,-85.86817169189453,-41.215816497802734,85.34432125091553,44.6523551940918,40.69196605682373
828,83252.6,83322.0,83008.6,83078.5,13767.0,-0.36654946208000183,-78.2257308959961,38.626522064208984,77.85918143391609,116.85225296020508,38.993071526288986
829,83083.3,83191.8,82976.6,83191.8,11528.0,-0.8081138134002686,-63.84733200073242,-16.26352882385254,63.03921818733215,47.58380317687988,15.45541501045227
830,83199.9,83528.1,83116.8,83499.9,25737.0,-0.8136876821517944,30.261157989501953,123.25641632080078,31.074845671653748,92.99525833129883,124.07010400295258
831,83493.1,83499.9,83386.6,83496.4,18219.0,-1.294712781906128,-20.5382080078125,-29.21086311340332,19.243495225906372,8.67265510559082,27.916150331497192
832,83496.4,83576.6,83367.6,83389.8,14373.0,-1.1564606428146362,11.366805076599121,-21.109830856323242,12.523265719413757,32.47663593292236,19.953370213508606
833,83386.5,83583.2,83358.5,83565.7,5882.0,-1.4698108434677124,-76.42768859863281,-59.076045989990234,74.9578777551651,17.351642608642578,57.60623514652252
834,83564.7,83589.1,83495.9,83564.2,9029.0,-0.936091423034668,-36.469181060791016,53.5022087097168,35.53308963775635,89.97138977050781,54.438300132751465
835,83564.2,83567.0,83333.5,83333.5,10150.0,-0.37790197134017944,-73.25991821289062,12.415550231933594,72.88201624155045,85.67546844482422,12.793452203273773
836,83333.4,83355.8,83152.8,83179.1,17827.0,0.11609567701816559,5.522670745849609,75.63546752929688,5.406575068831444,70.11279678344727,75.51937185227871
837,83179.1,83306.3,83050.0,83302.2,11455.0,0.4264696538448334,15.34588623046875,-35.743534088134766,14.919416576623917,51.089420318603516,36.1700037419796
838,83311.7,83311.7,83137.3,83240.7,8036.0,0.20302045345306396,-41.62853240966797,-29.84722900390625,41.83155286312103,11.781303405761719,30.050249457359314
839,83228.0,83278.0,83165.3,83272.9,7659.0,0.5977303981781006,-33.56175994873047,-4.6913886070251465,34.15949034690857,28.870371341705322,5.289119005203247
840,83268.7,83413.3,83182.0,83400.6,9926.0,0.25867533683776855,-61.43295669555664,29.599164962768555,61.69163203239441,91.0321216583252,29.340489625930786
841,83409.0,83420.5,83156.7,83156.7,9847.0,0.8364627361297607,-45.9520263671875,-0.7958895564079285,46.78848910331726,45.15613681077957,1.6323522925376892
842,83156.6,83458.2,83136.0,83378.3,9308.0,1.1224110126495361,-35.23968505859375,-5.473748207092285,36.362096071243286,29.765936851501465,6.596159219741821
843,83365.8,83487.3,83233.6,83282.3,8245.0,1.1186832189559937,40.17341232299805,-11.420283317565918,39.05472910404205,51.593695640563965,12.538966536521912
844,83286.5,83299.6,83106.7,83237.1,12591.0,1.3975425958633423,39.450660705566406,52.71073532104492,38.053118109703064,13.260074615478516,51.31319272518158
845,83228.8,83428.0,83208.2,83400.3,11736.0,1.10624098777771,15.625617027282715,-6.79056453704834,14.519376039505005,22.416181564331055,7.89680552482605
846,83400.4,83614.9,83355.6,83556.5,9782.0,0.9102831482887268,-45.128173828125,-16.649625778198242,46.03845697641373,28.478548049926758,17.55990892648697
847,83553.5,83566.5,83431.5,83466.6,5087.0,0.7499541640281677,-55.59144592285156,-47.99631881713867,56.34140008687973,7.595127105712891,48.74627298116684
848,83455.0,83696.9,83436.8,83671.7,14552.0,1.0278271436691284,81.08511352539062,186.06251525878906,80.0572863817215,104.97740173339844,185.03468811511993
849,83660.6,83887.3,83660.6,83796.7,25035.0,1.0215072631835938,226.87034606933594,72.0382080078125,225.84883880615234,154.83213806152344,71.0167007446289
850,83810.9,83866.3,83527.8,83527.8,8582.0,1.0374783277511597,-13.54019832611084,-65.7199935913086,14.577676653862,52.179795265197754,66.75747191905975
851,83508.9,83671.5,83500.1,83644.1,7905.0,0.7735226154327393,-19.721742630004883,-7.888604164123535,20.495265245437622,11.833138465881348,8.662126779556274
852,83644.0,83704.1,83595.4,83648.1,8093.0,0.8654466867446899,-13.053287506103516,2.378241539001465,13.918734192848206,15.43152904510498,1.512794852256775
853,83648.2,83792.6,83612.6,83745.6,7432.0,0.982893705368042,-9.86052131652832,-8.16755199432373,10.843415021896362,1.6929693222045898,9.150445699691772
854,83753.4,83836.6,83745.2,83810.6,14244.0,0.48519521951675415,13.128425598144531,91.65769958496094,12.643230378627777,78.5292739868164,91.17250436544418
855,83810.6,83911.9,83801.6,83908.4,9001.0,0.18870998919010162,-23.304363250732422,-36.80847930908203,23.493073239922523,13.50411605834961,36.99718929827213
856,83909.4,83988.6,83880.9,83988.6,11285.0,-0.19734802842140198,15.364954948425293,25.374958038330078,15.562302976846695,10.010003089904785,25.57230606675148
857,83988.5,84346.8,83980.2,84217.3,20381.0,-0.40482184290885925,300.6487121582031,80.60256958007812,301.053534001112,220.046142578125,81.00739142298698
858,84217.2,84217.2,84061.1,84092.6,8302.0,-0.9489625692367554,-42.949424743652344,-59.26598358154297,42.00046217441559,16.316558837890625,58.31702101230621
859,84079.8,84182.5,83988.6,84143.9,7843.0,-0.9701210260391235,-68.67186737060547,-5.528788089752197,67.70174634456635,63.14307928085327,4.558667063713074
860,84153.3,84185.7,83947.6,84021.0,8177.0,-0.7695964574813843,-4.719179630279541,4.258574485778809,3.9495831727981567,8.97775411605835,5.028170943260193
861,84016.8,84163.7,83968.7,84027.8,12205.0,-0.711196780204773,54.39595031738281,49.2601203918457,55.107147097587585,5.135829925537109,49.971317172050476
862,84021.4,84043.1,83807.6,83847.9,9911.0,-1.0897605419158936,22.463855743408203,-18.795576095581055,23.553616285324097,41.25943183898926,17.70581555366516
863,83843.7,83856.9,83719.5,83753.7,9225.0,-1.1877250671386719,24.125402450561523,-6.921602249145508,25.313127517700195,31.04700469970703,5.733877182006836
864,83753.7,83776.9,83628.0,83628.0,8345.0,3.349062442779541,-41.4139289855957,-9.539295196533203,44.762991428375244,31.8746337890625,12.888357639312744
865,83627.2,83704.8,83567.2,83666.8,14747.0,2.9790735244750977,63.83734893798828,76.71659851074219,60.858275413513184,12.879249572753906,73.73752498626709
866,83673.5,83715.7,83608.1,83699.0,5977.0,3.3097307682037354,-47.035888671875,-59.469722747802734,50.345619440078735,12.433834075927734,62.77945351600647
867,83695.6,83719.0,83549.8,83549.8,3452.0,3.224062442779541,-83.06265258789062,-42.24527359008789,86.28671503067017,40.817378997802734,45.46933603286743
868,83555.8,83589.6,83380.5,83405.1,40093.0,3.62595272064209,382.93182373046875,1061.442626953125,379.30587100982666,678.5108032226562,1057.816674232483
869,83408.1,83495.8,83404.0,83440.7,9717.0,3.3610458374023438,23.893918991088867,-75.76384735107422,20.532873153686523,99.65776634216309,79.12489318847656
870,83428.2,83583.5,83428.2,83571.6,7534.0,3.108506202697754,-7.863519191741943,-22.465782165527344,10.972025394439697,14.6022629737854,25.574288368225098
871,83571.5,83598.2,83471.9,83564.6,6870.0,2.6984663009643555,-43.71159362792969,-8.813379287719727,46.41005992889404,34.89821434020996,11.511845588684082
872,83564.5,83603.3,83409.2,83445.4,6639.0,3.1423444747924805,-33.01382064819336,-3.36244535446167,36.15616512298584,29.65137529373169,6.50478982925415
873,83436.3,83466.5,83282.1,83453.4,7506.0,3.066065549850464,-18.634145736694336,13.059195518493652,21.7002112865448,31.69334125518799,9.993129968643188
874,83452.5,83527.9,83427.1,83512.6,5215.0,-1.3814972639083862,-37.50748825073242,-30.522249221801758,36.125990986824036,6.985239028930664,29.14075195789337
875,83516.7,83790.7,83504.2,83747.7,11180.0,-1.1485759019851685,-24.187971115112305,114.381591796875,23.039395213127136,138.5695629119873,115.53016769886017
876,83757.6,83895.3,83741.6,83858.9,10276.0,-0.9792770147323608,71.92571258544922,-8.085867881774902,72.90498960018158,80.01158046722412,7.1065908670425415
877,83860.0,83932.9,83826.0,83932.9,6560.0,-0.5960289239883423,90.03475952148438,-36.161930084228516,90.63078844547272,126.19668960571289,35.56590116024017
878,83940.1,83984.9,83859.6,83950.7,11958.0,-0.21275630593299866,-70.1743392944336,82.28658294677734,69.9615829885006,152.46092224121094,82.49933925271034
879,83937.7,83937.7,83837.1,83860.8,7627.0,-0.0584476962685585,-21.508695602416992,-36.21842956542969,21.450247906148434,14.709733963012695,36.15998186916113
880,83860.7,83988.5,83829.5,83944.8,3462.0,-0.025457195937633514,-54.04831314086914,-54.60862731933594,54.02285594493151,0.5603141784667969,54.583170123398304
881,83937.9,84109.1,83936.9,84099.5,15827.0,0.5567987561225891,130.3784637451172,357.1634826660156,129.8216649889946,226.78501892089844,356.60668390989304
882,84097.6,84195.8,84085.7,84107.1,6837.0,0.11673711985349655,2.98237681388855,-56.801666259765625,2.8656396940350533,59.784043073654175,56.91840337961912
883,84141.4,84194.8,84112.1,84128.8,5869.0,0.5890508890151978,-21.809219360351562,-14.158256530761719,22.39827024936676,7.650962829589844,14.747307419776917
884,84128.8,84152.8,84085.4,84138.0,5619.0,0.5219166874885559,7.746884346008301,-4.259669303894043,7.224967658519745,12.006553649902344,4.781585991382599
885,84144.3,84282.8,84077.0,84253.4,11736.0,0.7985419631004333,4.973165988922119,108.86278533935547,4.174624025821686,103.88961935043335,108.06424337625504
886,84253.5,84346.9,84108.1,84123.6,12369.0,0.7849432229995728,20.367847442626953,5.393660545349121,19.58290421962738,14.974186897277832,4.608717322349548
887,84123.6,84243.2,84105.0,84183.7,6456.0,0.2794041335582733,-1.5853657722473145,-47.804996490478516,1.8647699058055878,46.2196307182312,48.08440062403679
888,84183.7,84407.1,84175.8,84356.4,12382.0,0.04215686768293381,3.545743227005005,91.79058074951172,3.503586359322071,88.24483752250671,91.74842388182878
889,84350.7,84350.7,84034.2,84086.3,10004.0,0.014217332005500793,31.16559600830078,-19.205297470092773,31.15137867629528,50.370893478393555,19.219514802098274
890,84076.6,84152.9,84047.1,84143.1,8864.0,-0.008487892337143421,156.03697204589844,-11.395442008972168,156.04545993823558,167.4324140548706,11.386954116635025
891,84143.0,84386.4,84143.0,84366.4,7931.0,-0.4171529710292816,-49.889427185058594,-10.525721549987793,49.47227421402931,39.3637056350708,10.108568578958511
892,84370.6,84424.5,84153.4,84209.8,9858.0,0.027310006320476532,44.18605041503906,24.297061920166016,44.158740408718586,19.888988494873047,24.26975191384554
893,84209.5,84308.4,84150.1,84244.1,10672.0,-0.06846863776445389,81.8367691040039,8.25725269317627,81.90523774176836,73.57951641082764,8.325721330940723
894,84231.7,84277.4,84197.8,84265.0,4751.0,-0.1692117601633072,-15.447587966918945,-55.48163604736328,15.278376206755638,40.034048080444336,55.312424287199974
895,84269.4,84294.7,84186.8,84188.0,4961.0,-0.2590290606021881,-57.728363037109375,4.420122146606445,57.46933397650719,62.14848518371582,4.679151207208633
896,84197.3,84214.2,84110.1,84163.8,8754.0,-0.17314185202121735,-29.226293563842773,76.45635986328125,29.053151711821556,105.68265342712402,76.62950171530247
897,84167.6,84237.4,84125.5,84197.2,7185.0,-0.1516871303319931,11.29182243347168,-17.923234939575195,11.443509563803673,29.215057373046875,17.771547809243202
898,84199.2,84214.4,84134.1,84178.5,4214.0,-0.31984561681747437,-65.96672821044922,-41.35003662109375,65.64688259363174,24.61669158935547,41.030191004276276
899,84182.8,84243.3,84110.0,84110.1,9177.0,-0.19135580956935883,-8.266693115234375,117.77408599853516,8.075337305665016,126.04077911376953,117.96544180810452
900,84110.0,84145.0,84000.9,84019.7,11135.0,-0.25471216440200806,25.620487213134766,21.335948944091797,25.875199377536774,4.284538269042969,21.590661108493805
901,84028.0,84028.1,83827.1,83878.1,31049.0,-0.29752224683761597,291.4891357421875,178.84149169921875,291.7866579890251,112.64764404296875,179.13901394605637
902,83878.0,84009.6,83856.5,83953.2,4463.0,-0.8203313946723938,-54.72712707519531,-85.62594604492188,53.90679568052292,30.898818969726562,84.80561465024948
903,83953.2,83980.8,83895.1,83918.3,6474.0,-1.0119537115097046,-39.33658218383789,45.05937576293945,38.324628472328186,84.39595794677734,46.07132947444916
904,83914.2,83935.5,83852.8,83852.8,6679.0,-0.43028220534324646,40.5809326171875,3.1665122509002686,41.01121482253075,37.41442036628723,3.596794456243515
905,83841.9,83860.5,83741.6,83755.0,7145.0,-0.6917487382888794,44.02338409423828,6.977092266082764,44.71513283252716,37.04629182815552,7.668841004371643
906,83759.2,83974.9,83745.7,83964.7,7273.0,-0.8155998587608337,-16.91798210144043,1.7914625406265259,16.102382242679596,18.709444642066956,2.6070623993873596
907,83964.7,84032.4,83898.7,83969.7,9174.0,-0.92219078540802,27.68267059326172,26.13776969909668,28.60486137866974,1.544900894165039,27.0599604845047
908,83969.7,84129.4,83968.1,84078.1,7156.0,-1.3329064846038818,69.81490325927734,-21.9969482421875,71.14780974388123,91.81185150146484,20.664041757583618
909,84073.9,84201.0,84073.0,84196.5,8198.0,-1.0213453769683838,-10.667974472045898,14.56120777130127,9.646629095077515,25.229182243347168,15.582553148269653
910,84201.7,84201.7,84025.3,84045.2,8063.0,-1.2884325981140137,-27.588685989379883,-1.6467430591583252,26.30025339126587,25.941942930221558,0.3583104610443115
911,84037.6,84037.8,83930.5,83979.7,5928.0,-1.4078038930892944,-80.90760040283203,-26.47897720336914,79.49979650974274,54.42862319946289,25.071173310279846
912,83977.9,83988.5,83936.0,83982.1,8969.0,-0.8930544257164001,100.96347045898438,51.298919677734375,101.85652488470078,49.66455078125,52.191974103450775
913,83979.3,83979.3,83847.1,83847.1,3779.0,-0.6522939801216125,-41.6280517578125,-57.86598205566406,40.97575777769089,16.237930297851562,57.21368807554245
914,83847.2,83916.9,83827.6,83827.6,7451.0,-1.0754659175872803,11.558616638183594,97.16856384277344,12.634082555770874,85.60994720458984,98.24402976036072
915,83826.8,83826.8,83671.6,83685.5,10288.0,-1.1204055547714233,43.988807678222656,38.0754280090332,45.10921323299408,5.913379669189453,39.19583356380463
916,83677.2,83750.0,83586.7,83735.2,11544.0,-1.1462559700012207,58.72405242919922,12.20839786529541,59.87030839920044,46.51565456390381,13.35465383529663
917,83728.8,83728.8,83536.6,83616.9,42094.0,-0.7642330527305603,358.8402099609375,264.6396484375,359.60444301366806,94.2005615234375,265.40388149023056
918,83619.0,83698.3,83610.0,83610.6,4024.0,-0.31426331400871277,-43.7674674987793,-90.44044494628906,43.453204184770584,46.672977447509766,90.12618163228035
919,83608.5,83630.5,83587.0,83611.6,4610.0,-0.33773237466812134,-43.76677322387695,14.562623977661133,43.42904084920883,58.329397201538086,14.900356352329254
920,83615.8,83753.0,83608.5,83696.0,8401.0,0.2830485999584198,4.191988468170166,82.2342758178711,3.908939868211746,78.04228734970093,81.95122721791267
921,83696.0,83808.4,83672.4,83771.7,8045.0,0.6258243918418884,35.71187973022461,-4.237590789794922,35.08605533838272,39.94947052001953,4.86341518163681
922,83771.9,83797.2,83687.7,83743.3,7048.0,0.2912239730358124,-21.4182186126709,-12.392790794372559,21.70944258570671,9.02542781829834,12.684014767408371
923,83749.0,83833.7,83689.7,83817.0,7983.0,-0.008273079991340637,111.2463607788086,13.266175270080566,111.25463385879993,97.98018550872803,13.274448350071907
924,83825.4,83826.3,83705.9,83740.7,7670.0,0.06703655421733856,2.9392027854919434,-3.9208316802978516,2.872166231274605,6.860034465789795,3.98786823451519
925,83740.1,83775.0,83627.8,83677.6,7738.0,0.11283053457736969,-24.78615951538086,0.8865710496902466,24.89899004995823,25.672730565071106,0.7737405151128769
926,83666.0,83684.1,83608.1,83608.1,5996.0,0.19313612580299377,-48.05959701538086,-22.512277603149414,48.25273314118385,25.547319412231445,22.705413728952408
927,83608.2,83629.2,83549.2,83576.1,6533.0,-0.02217349223792553,-84.47997283935547,8.955970764160156,84.45779934711754,93.43594360351562,8.978144256398082
928,83583.8,83622.3,83548.1,83548.2,7330.0,0.09706652164459229,82.15705108642578,12.199602127075195,82.05998456478119,69.95744895935059,12.102535605430603
929,83555.1,83706.1,83555.1,83672.0,10687.0,-0.023053962737321854,131.82212829589844,45.798091888427734,131.84518225863576,86.0240364074707,45.821145851165056
930,83678.4,84299.9,83579.7,84099.8,48233.0,-0.5636914372444153,474.1340637207031,351.32403564453125,474.69775515794754,122.81002807617188,351.88772708177567
931,84092.4,84256.8,83848.1,83896.1,20421.0,-0.6193696856498718,153.83468627929688,-57.661766052246094,154.45405596494675,211.49645233154297,57.04239636659622
932,83897.1,84299.9,83792.0,84270.3,17872.0,-0.05074528232216835,153.5754852294922,-12.482248306274414,153.62623051181436,166.0577335357666,12.431503023952246
933,84261.5,84293.4,83986.8,84269.2,10392.0,-0.06291338056325912,30.176624298095703,-41.853179931640625,30.239537678658962,72.02980422973633,41.790266551077366
934,84269.3,84820.2,84269.3,84762.7,44408.0,0.23382450640201569,478.9830627441406,327.3287048339844,478.7492382377386,151.65435791015625,327.09488032758236
935,84762.7,84900.0,84485.0,84890.9,32741.0,0.5096743106842041,323.1196594238281,-26.272293090820312,322.6099851131439,349.39195251464844,26.781967401504517
936,84890.9,85001.8,84816.5,84976.8,62131.0,0.3991929292678833,936.2074584960938,89.76512908935547,935.8082655668259,846.4423294067383,89.36593616008759
937,84972.3,85140.8,84857.4,84864.4,30059.0,0.5278498530387878,360.1101989746094,-51.619964599609375,359.5823491215706,411.73016357421875,52.14781445264816
938,84860.9,84992.7,84711.4,84800.2,12249.0,0.6073789000511169,67.10777282714844,-59.25014114379883,66.50039392709732,126.35791397094727,59.857520043849945
939,84797.1,85040.4,84796.9,84863.8,11989.0,0.4738345146179199,12.183026313781738,-2.12262225151062,11.709191799163818,14.305648565292358,2.59645676612854
940,84855.5,85041.6,84700.0,85007.8,10696.0,0.8610258102416992,-77.82431030273438,-10.784886360168457,78.68533611297607,67.03942394256592,11.645912170410156
941,85007.8,85267.7,85007.8,85169.7,18893.0,0.8959294557571411,-7.482493877410889,76.63612365722656,8.37842333316803,84.11861753463745,75.74019420146942
942,85171.3,85279.8,84913.6,85028.8,11743.0,0.3905577063560486,-34.29386520385742,-37.844703674316406,34.68442291021347,3.5508384704589844,38.235261380672455
943,85028.8,85028.8,84774.4,84815.3,17450.0,0.08732540905475616,67.9176254272461,48.59916687011719,67.83030001819134,19.318458557128906,48.51184146106243
944,84815.3,84968.6,84772.1,84907.1,9999.0,0.030112236738204956,-77.4837875366211,-42.69913864135742,77.5138997733593,34.78464889526367,42.72925087809563
945,84917.0,84984.1,84649.0,84660.5,12520.0,0.007434908766299486,-61.7604866027832,25.212520599365234,61.7679215115495,86.97300720214844,25.205085690598935
946,84656.3,84699.8,84407.8,84436.5,15972.0,0.051719892770051956,-74.29302978515625,27.571884155273438,74.3447496779263,101.86491394042969,27.520164262503386
947,84434.9,84539.6,84235.7,84261.3,11651.0,0.07779742777347565,-61.239559173583984,-27.0535945892334,61.31735660135746,34.185964584350586,27.131392017006874
948,84265.7,84645.9,84251.6,84645.8,25414.0,-0.18035969138145447,107.47815704345703,118.127197265625,107.65851673483849,10.649040222167969,118.30755695700645
949,84640.6,84671.3,84374.2,84546.2,8208.0,-0.3612399101257324,-31.537240982055664,-67.70284271240234,31.17600107192993,36.16560173034668,67.34160280227661
950,84534.6,84682.1,84494.5,84649.9,18914.0,-0.38918712735176086,76.83245849609375,130.4337158203125,77.22164562344551,53.60125732421875,130.82290294766426
951,84650.6,84986.8,84570.9,84893.5,17548.0,-0.5391606092453003,-7.1190385818481445,-7.222163677215576,6.579877972602844,0.10312509536743164,6.683003067970276
952,84893.4,85162.0,84781.0,85125.8,20141.0,-0.5623257756233215,71.51494598388672,14.776612281799316,72.07727175951004,56.7383337020874,15.338938057422638
953,85141.6,85217.2,85078.1,85179.5,8645.0,-0.272676557302475,-50.45845413208008,-57.07760238647461,50.1857775747776,6.619148254394531,56.804925829172134
954,85179.5,85427.9,85162.8,85400.7,20955.0,-0.3962434232234955,109.57095336914062,142.3944549560547,109.96719679236412,32.82350158691406,142.79069837927818
955,85403.5,85488.7,85308.4,85417.0,8141.0,-0.4674294590950012,-34.97603988647461,-61.150081634521484,34.50861042737961,26.174041748046875,60.68265217542648
956,85417.0,85417.0,85030.7,85069.6,20538.0,-0.4796409606933594,28.587526321411133,152.27859497070312,29.067167282104492,123.69106864929199,152.75823593139648
957,85055.6,85190.8,85055.6,85060.6,6663.0,-0.6054254174232483,-42.81177520751953,-67.55770111083984,42.20634979009628,24.745925903320312,66.9522756934166
958,85060.1,85154.7,85000.1,85122.8,11759.0,-0.5145236253738403,-53.730224609375,76.48206329345703,53.21570098400116,130.21228790283203,76.99658691883087
959,85122.8,85122.8,84836.1,84836.2,16029.0,-0.4287511110305786,95.28508758544922,36.3126106262207,95.7138386964798,58.972476959228516,36.74136173725128
960,84836.2,85103.4,84806.1,84820.4,13616.0,-0.35789427161216736,-28.010997772216797,-15.053964614868164,27.65310350060463,12.957033157348633,14.696070343255997
961,84812.1,84833.6,84582.3,84582.3,12104.0,-0.2513333559036255,-31.023479461669922,-11.104582786560059,30.772146105766296,19.918896675109863,10.853249430656433
962,84578.1,84628.0,84460.8,84469.8,16158.0,-0.25207406282424927,-19.77558135986328,33.49306106567383,19.523507297039032,53.26864242553711,33.74513512849808
963,84470.8,84551.8,84329.4,84551.7,10543.0,-0.23955118656158447,21.95488739013672,-34.750587463378906,22.194438576698303,56.705474853515625,34.51103627681732
964,84556.0,84601.9,84415.7,84555.3,7480.0,-0.47598379850387573,-64.30445861816406,-29.052452087402344,63.82847481966019,35.25200653076172,28.576468288898468
965,84539.0,84713.2,84494.4,84632.7,20191.0,-0.5442261099815369,148.01622009277344,169.9331512451172,148.56044620275497,21.91693115234375,170.47737735509872
966,84632.6,84788.1,84526.3,84670.7,11339.0,-2.683025360107422,-44.79014205932617,-43.84131622314453,42.10711669921875,0.9488258361816406,41.15829086303711
967,84670.0,84670.5,84503.8,84520.0,8458.0,-1.880315899848938,26.939817428588867,-25.40788459777832,28.820133328437805,52.34770202636719,23.527568697929382
968,84520.1,84558.2,84307.6,84440.3,13741.0,-1.4919689893722534,16.855175018310547,62.46157455444336,18.3471440076828,45.60639953613281,63.95354354381561
969,84440.3,84502.6,84340.4,84454.2,4812.0,-1.9345840215682983,-69.97941589355469,-64.980712890625,68.04483187198639,4.9987030029296875,63.0461288690567
970,84454.1,84461.6,84317.9,84424.8,8405.0,-2.070019245147705,-38.271148681640625,74.66749572753906,36.20112943649292,112.93864440917969,76.73751497268677
971,84424.8,84466.4,84317.9,84428.5,5970.0,-1.7490414381027222,-50.677467346191406,-28.970849990844727,48.928425908088684,21.70661735534668,27.221808552742004
972,84428.5,84469.6,84304.4,84328.8,6193.0,-2.0392115116119385,-61.67223358154297,3.7353434562683105,59.63302206993103,65.40757703781128,5.774554967880249
973,84324.6,84341.3,84047.4,84155.2,19509.0,-1.3304592370986938,85.04220581054688,215.01695251464844,86.37266504764557,129.97474670410156,216.34741175174713
974,84155.2,84252.7,84064.1,84174.1,6456.0,-0.9704770445823669,-13.689840316772461,-66.90757751464844,12.719363272190094,53.21773719787598,65.93710047006607
975,84174.1,84294.7,84169.0,84187.5,9896.0,-0.9999125003814697,-50.988067626953125,53.28376770019531,49.988155126571655,104.27183532714844,54.28368020057678
976,84186.0,84243.8,84129.5,84130.9,5068.0,1.3513940572738647,-55.3046989440918,-48.78738784790039,56.65609300136566,6.517311096191406,50.138781905174255
977,84124.0,84124.0,83836.9,83943.2,13960.0,0.19855740666389465,65.05084228515625,175.45382690429688,64.85228487849236,110.40298461914062,175.25526949763298
978,83943.3,84075.7,83943.3,84063.2,18572.0,-0.3007974922657013,35.15755844116211,33.03725051879883,35.45835593342781,2.1203079223632812,33.33804801106453
979,84067.1,84202.8,84029.6,84184.1,18730.0,0.08865061402320862,289.2352294921875,0.8507430553436279,289.1465788781643,288.3844864368439,0.7620924413204193
980,84184.6,84201.2,83800.1,83860.5,9955.0,-0.1035827100276947,18.441404342651367,-46.849971771240234,18.544987052679062,65.2913761138916,46.74638906121254
981,83860.4,83911.7,83750.0,83803.1,9483.0,-0.3600964844226837,58.84421920776367,-4.741335868835449,59.204315692186356,63.58555507659912,4.3812393844127655
982,83803.4,84003.3,83686.4,83926.7,14106.0,-0.08177200704813004,127.77330017089844,48.750396728515625,127.85507217794657,79.02290344238281,48.832168735563755
983,83936.7,84116.6,83895.2,84063.1,5934.0,-0.7611749768257141,-69.58326721191406,-57.93279266357422,68.82209223508835,11.650474548339844,57.171617686748505
984,84063.0,84068.0,83884.0,84056.9,11360.0,-0.662628173828125,75.9603500366211,91.43916320800781,76.62297821044922,15.478813171386719,92.10179138183594
985,84058.9,84344.3,84000.1,84130.2,22610.0,-0.816879153251648,128.4761505126953,99.03169250488281,129.29302966594696,29.4444580078125,99.84857165813446
986,84143.8,84143.8,83805.5,83890.7,6890.0,-0.9388209581375122,35.95106506347656,-69.5267562866211,36.889886021614075,105.47782135009766,68.58793532848358
987,83898.4,83898.4,83725.7,83767.8,7933.0,-0.6989771723747253,-43.1733512878418,15.1378812789917,42.47437411546707,58.311232566833496,15.836858451366425
988,83769.1,83833.8,83644.4,83698.6,9021.0,-0.9072798490524292,-51.4268798828125,13.714861869812012,50.51960003376007,65.14174175262451,14.622141718864441
989,83698.6,83698.6,83592.7,83631.9,7309.0,-1.097055196762085,-60.97704315185547,-18.97793960571289,59.879987955093384,41.99910354614258,17.880884408950806
990,83628.6,83711.6,83506.1,83646.8,14344.0,-1.1156731843948364,44.08839797973633,96.2511978149414,45.204071164131165,52.16279983520508,97.36687099933624
991,83640.5,83826.1,83518.1,83826.1,13397.0,-1.2452139854431152,41.27385711669922,-6.6020636558532715,42.519071102142334,47.87592077255249,5.356849670410156
992,83826.2,83863.0,83730.3,83806.9,14159.0,-1.2575734853744507,0.3757266700267792,5.687840461730957,1.6333001554012299,5.312113791704178,6.945413947105408
993,83793.4,83807.0,83529.3,83542.8,39490.0,-1.312475323677063,565.4869995117188,178.9038848876953,566.7994748353958,386.58311462402344,180.21636021137238
994,83541.2,83617.5,83335.1,83363.5,30566.0,-2.1120927333831787,169.06690979003906,-22.598125457763672,171.17900252342224,191.66503524780273,20.486032724380493
995,83364.5,83410.2,83294.4,83322.6,14210.0,-1.7200099229812622,-37.151702880859375,-53.51043701171875,35.43169295787811,16.358734130859375,51.79042708873749
996,83329.0,83414.6,83195.0,83211.9,12244.0,-2.1159517765045166,77.70681762695312,-13.8353271484375,79.82276940345764,91.54214477539062,11.719375371932983
997,83211.9,83284.2,83062.6,83228.9,68510.0,-1.8571498394012451,763.6077270507812,459.53936767578125,765.4648768901825,304.068359375,461.3965175151825
998,83244.1,83284.0,83121.4,83169.0,11905.0,-1.4405124187469482,31.9698486328125,-82.62297821044922,33.41036105155945,114.59282684326172,81.18246579170227
999,83175.6,83183.9,82916.8,82937.8,19501.0,-1.2016749382019043,166.8080596923828,63.80512237548828,168.00973463058472,103.00293731689453,65.00679731369019
1000,82925.6,82963.6,82843.7,82875.6,29655.0,-0.814274787902832,106.74150085449219,52.06912612915039,107.55577564239502,54.6723747253418,52.88340091705322
1001,82876.6,83021.4,82870.1,82967.0,8328.0,-0.7459593415260315,-37.836830139160156,-71.91704559326172,37.090870797634125,34.08021545410156,71.17108625173569
1002,82972.2,83028.8,82784.3,82884.9,14024.0,-0.24816156923770905,-0.9534571170806885,68.3957748413086,0.7052955478429794,69.34923195838928,68.6439364105463
1003,82870.4,83052.6,82846.0,83030.4,9470.0,0.24510373175144196,-76.01924896240234,-32.472904205322266,76.26435269415379,43.54634475708008,32.71800793707371
1004,83030.4,83299.0,83030.4,83225.5,16092.0,0.48058634996414185,-47.353267669677734,69.92607879638672,47.833854019641876,117.27934646606445,69.44549244642258
1005,83225.5,83375.9,83118.9,83354.1,17205.0,0.29093945026397705,21.07670783996582,6.91648006439209,20.785768389701843,14.16022777557373,6.625540614128113
1006,83346.1,83366.1,83235.0,83327.7,13563.0,0.9452545046806335,10.772623062133789,-21.168264389038086,9.827368557453156,31.940887451171875,22.11351889371872
1007,83327.7,83387.0,83234.4,83319.0,10598.0,0.7670537829399109,-84.53072357177734,-21.860944747924805,85.29777735471725,62.66977882385254,22.627998530864716
1008,83328.2,83367.4,83068.8,83169.0,9307.0,0.9951986074447632,-21.82276153564453,-12.181543350219727,22.817960143089294,9.641218185424805,13.17674195766449
1009,83191.0,83333.0,83145.0,83262.0,5816.0,1.4019663333892822,-70.17588806152344,-37.509403228759766,71.57785439491272,32.66648483276367,38.91136956214905
1010,83261.8,83261.8,83098.2,83204.9,7128.0,1.093963384628296,-75.96358489990234,22.558460235595703,77.05754828453064,98.52204513549805,21.464496850967407
1011,83205.8,83210.9,82950.1,83020.0,10240.0,0.987342119216919,22.958694458007812,43.658809661865234,21.971352338790894,20.700115203857422,42.671467542648315
1012,83010.3,83025.3,82811.0,82841.7,16781.0,0.7543442249298096,19.659156799316406,63.876953125,18.904812574386597,44.217796325683594,63.12260890007019
1013,82845.8,82866.4,82718.4,82830.3,12697.0,0.2220132201910019,34.07603073120117,-24.337047576904297,33.85401751101017,58.41307830810547,24.5590607970953
1014,82857.7,83147.1,82857.7,83096.5,12846.0,0.30977872014045715,-20.1715145111084,1.1735055446624756,20.481293231248856,21.345020055770874,0.8637268245220184
1015,83085.2,83168.2,82984.1,83070.7,10440.0,0.1960972249507904,-39.31996536254883,-18.72956657409668,39.51606258749962,20.59039878845215,18.92566379904747
1016,83080.9,83200.2,82974.4,83158.8,10932.0,-0.224154531955719,-19.39836311340332,4.712643623352051,19.1742085814476,24.11100673675537,4.93679815530777
1017,83158.9,83160.0,82927.1,82927.1,5971.0,-0.49570730328559875,-43.6591796875,-45.38053512573242,43.1634723842144,1.7213554382324219,44.88482782244682
1018,82922.4,82988.2,82783.7,82963.5,13592.0,-0.8262432217597961,46.04061508178711,127.63356018066406,46.866858303546906,81.59294509887695,128.45980340242386
1019,82965.8,82977.4,82875.1,82922.3,7153.0,-1.0949337482452393,22.988309860229492,-47.37345504760742,24.08324360847473,70.36176490783691,46.27852129936218
1020,82922.3,83030.4,82889.2,82941.3,11976.0,-1.06876540184021,68.01347351074219,67.42625427246094,69.0822389125824,0.58721923828125,68.49501967430115
1021,82950.1,83099.9,82902.3,83002.0,9003.0,-0.9918001294136047,-12.080078125,-24.824649810791016,11.088277995586395,12.744571685791016,23.83284968137741
1022,82996.5,83020.0,82769.9,82843.9,19729.0,-0.9091691374778748,17.567487716674805,119.1380615234375,18.47665685415268,101.5705738067627,120.04723066091537
1023,82843.8,82883.9,82707.7,82783.4,17817.0,-1.13175368309021,40.324485778808594,-9.691317558288574,41.456239461898804,50.01580333709717,8.559563875198364
1024,82762.5,82762.5,82445.9,82450.1,38999.0,-2.0513408184051514,203.58868408203125,118.88645935058594,205.6400249004364,84.70222473144531,120.93780016899109
1025,82457.3,82604.0,82310.6,82464.0,20183.0,-2.0248496532440186,93.3237533569336,-48.24739074707031,95.34860301017761,141.5711441040039,46.222541093826294
1026,82463.2,82533.3,82345.6,82498.0,12211.0,-0.9987350702285767,11.699597358703613,-39.49858856201172,12.69833242893219,51.19818592071533,38.49985349178314
1027,82490.7,82738.0,82431.8,82664.8,11469.0,0.8295193314552307,92.07837677001953,-6.076488494873047,91.2488574385643,98.15486526489258,6.906007826328278
1028,82683.2,83082.3,82666.0,82839.8,14730.0,0.9072856307029724,8.372572898864746,28.433168411254883,7.465287268161774,20.060595512390137,27.52588278055191
1029,82843.1,82933.7,82700.1,82887.1,6414.0,1.0624678134918213,-10.331329345703125,-56.45621109008789,11.393797159194946,46.124881744384766,57.51867890357971
1030,82888.2,82990.1,82829.2,82875.8,8653.0,1.6507068872451782,-27.747159957885742,34.90801239013672,29.39786684513092,62.65517234802246,33.25730550289154
1031,82888.0,82961.2,82739.9,82799.9,10151.0,1.4810290336608887,12.751304626464844,17.311914443969727,11.270275592803955,4.560609817504883,15.830885410308838
1032,82820.8,82825.6,82633.4,82714.6,15778.0,1.1263535022735596,-20.026357650756836,55.432960510253906,21.152711153030396,75.45931816101074,54.30660700798035
1033,82715.6,82988.3,82715.6,82955.1,9882.0,2.2086782455444336,-44.5361213684082,-37.36848831176758,46.74479961395264,7.167633056640625,39.57716655731201
1034,82963.1,82967.7,82783.6,82919.9,7372.0,3.3410210609436035,-81.09695434570312,-25.399717330932617,84.43797540664673,55.69723701477051,28.74073839187622
1035,82913.9,82927.3,82831.9,82909.1,4950.0,3.951298475265503,-75.47441101074219,-32.854042053222656,79.42570948600769,42.62036895751953,36.80534052848816
1036,82910.5,82960.7,82740.6,82909.9,8216.0,2.359226703643799,-32.71640396118164,65.97979736328125,35.07563066482544,98.69620132446289,63.62057065963745
1037,82921.7,83124.8,82802.1,82885.1,10440.0,0.5518085956573486,-8.97201156616211,27.069133758544922,9.523820161819458,36.04114532470703,26.517325162887573
1038,82885.2,82910.2,82579.6,82602.9,8948.0,0.6148079037666321,-39.25322723388672,-14.291187286376953,39.86803513765335,24.962039947509766,14.905995190143585
1039,82597.0,82746.2,82551.9,82745.7,6251.0,0.8041658401489258,-2.541316032409668,-30.14081382751465,3.3454818725585938,27.59949779510498,30.944979667663574
1040,82746.0,82972.1,82713.0,82924.8,8474.0,0.6866539120674133,-2.0686469078063965,35.56230926513672,2.75530081987381,37.630956172943115,34.875655353069305
1041,82931.2,83200.3,82842.8,83181.5,11690.0,0.9767864942550659,15.1610689163208,37.95138168334961,14.184282422065735,22.79031276702881,36.97459518909454
1042,83169.5,83271.3,82972.3,82976.7,31206.0,1.234904170036316,97.78172302246094,166.94610595703125,96.54681885242462,69.16438293457031,165.71120178699493
1043,82981.4,83032.6,82853.1,82971.3,13061.0,0.3739985227584839,32.16960144042969,-58.145870208740234,31.795602917671204,90.31547164916992,58.51986873149872
1044,82965.3,83145.1,82965.3,83098.3,9214.0,0.05034602805972099,24.986434936523438,-29.454099655151367,24.936088908463717,54.440534591674805,29.504445683211088
1045,83087.7,83197.7,82994.5,83182.7,6665.0,0.0625138133764267,34.646461486816406,-27.6644229888916,34.58394767343998,62.31088447570801,27.72693680226803
1046,83178.7,83229.1,83127.5,83133.0,7498.0,0.23867790400981903,-8.739046096801758,12.498124122619629,8.977724000811577,21.237170219421387,12.25944621860981
1047,83128.0,83223.0,83102.7,83174.7,5256.0,0.20481425523757935,-49.65517044067383,-29.90130615234375,49.85998469591141,19.753864288330078,30.10612040758133
1048,83174.6,83307.3,83072.9,83184.5,35632.0,0.2731342911720276,298.2118835449219,577.9299926757812,297.93874925374985,279.7181091308594,577.6568583846092
1049,83184.6,83284.5,83088.8,83284.5,6360.0,-0.22513125836849213,1.7437210083007812,-82.15087890625,1.9688522666692734,83.89459991455078,81.92574764788151
1050,83272.9,83346.8,83179.9,83179.9,13760.0,0.742474377155304,62.3790397644043,116.35220336914062,61.63656538724899,53.97316360473633,115.60972899198532
1051,83179.7,83184.8,83045.7,83052.5,4461.0,0.9246453642845154,-61.83917999267578,-67.57994079589844,62.7638253569603,5.740760803222656,68.50458616018295
1052,83052.4,83146.3,82935.9,83116.1,10939.0,0.76200270652771,-64.94583892822266,145.21408081054688,65.70784163475037,210.15991973876953,144.45207810401917
1053,83100.4,83247.2,83088.1,83180.9,7460.0,0.5184889435768127,-42.883392333984375,-31.803638458251953,43.40188127756119,11.079753875732422,32.322127401828766
1054,83176.7,83247.2,83113.7,83113.7,4538.0,1.8459804058074951,-50.74885940551758,-39.16889953613281,52.59483981132507,11.579959869384766,41.01487994194031
1055,83112.5,83218.2,83097.6,83143.2,4559.0,0.7597740292549133,-31.597900390625,0.4627589285373688,32.35767441987991,32.06065931916237,0.29701510071754456
1056,83147.8,83445.2,83122.1,83399.3,9186.0,0.868085503578186,22.512670516967773,101.4915542602539,21.644585013389587,78.97888374328613,100.62346875667572
1057,83393.7,83643.2,83384.8,83617.9,18477.0,1.0077568292617798,251.5410919189453,101.1430435180664,250.53333508968353,150.3980484008789,100.13528668880463
1058,83616.3,83796.2,83572.4,83765.2,20164.0,0.5175480842590332,-43.41041564941406,9.130270004272461,43.927963733673096,52.54068565368652,8.612721920013428
1059,83761.1,83769.4,83530.7,83549.3,9553.0,0.6120346188545227,50.204402923583984,-52.62348556518555,49.59236830472946,102.82788848876953,53.23552018404007
1060,83552.4,83699.9,83552.4,83664.0,8323.0,-0.8326830267906189,-39.51308059692383,-12.875536918640137,38.68039757013321,26.63754367828369,12.042853891849518
1061,83663.9,83696.4,83552.1,83583.8,8161.0,-1.4516183137893677,82.94104766845703,-1.946413516998291,84.3926659822464,84.88746118545532,0.49479520320892334
1062,83581.5,83617.6,83483.5,83502.9,9247.0,-1.8179887533187866,-15.4675931930542,13.3071928024292,13.649604439735413,28.7747859954834,15.125181555747986
1063,83498.6,83528.3,83410.5,83410.5,6310.0,-1.9023991823196411,-15.415549278259277,-31.76165199279785,13.513150095939636,16.346102714538574,29.85925281047821
1064,83419.0,83419.1,83243.2,83355.1,44546.0,-2.547055244445801,881.621826171875,605.9588012695312,884.1688814163208,275.66302490234375,608.505856513977
1065,83365.5,83365.5,83137.7,83245.0,10509.0,-1.8555793762207031,130.5110626220703,-76.40865325927734,132.36664199829102,206.91971588134766,74.55307388305664
1066,83244.9,83472.3,83217.3,83376.4,11346.0,-1.7252578735351562,23.514041900634766,7.964601993560791,25.239299774169922,15.549439907073975,9.689859867095947
1067,83379.7,83599.9,83379.7,83593.4,5674.0,-1.8138898611068726,-69.29155731201172,-49.991188049316406,67.47766745090485,19.300369262695312,48.177298188209534
1068,83593.4,83810.5,83593.4,83773.3,12094.0,-2.048135995864868,-40.021820068359375,113.14768981933594,37.97368407249451,153.1695098876953,115.1958258152008
1069,83778.5,83884.0,83778.5,83853.8,8720.0,-1.5406708717346191,-8.719773292541504,-27.898130416870117,7.179102420806885,19.178357124328613,26.357459545135498
1070,83856.0,83932.0,83741.5,83919.5,6771.0,-1.352655291557312,-18.64712142944336,-22.35091781616211,17.294466137886047,3.70379638671875,20.998262524604797
1071,83916.6,84107.5,83916.6,84096.0,22793.0,-1.0596380233764648,179.29176330566406,236.6267852783203,180.35140132904053,57.33502197265625,237.68642330169678
1072,84094.0,84469.1,84059.2,84469.1,44748.0,-0.3181285858154297,383.91912841796875,96.32343292236328,384.2372570037842,287.59569549560547,96.64156150817871
1073,84469.1,84537.4,84331.0,84471.8,17837.0,0.4180278778076172,182.6782989501953,-60.138999938964844,182.2602710723877,242.81729888916016,60.55702781677246
1074,84468.2,84514.9,84353.3,84407.5,7191.0,-0.13433007895946503,-83.85713958740234,-59.6849250793457,83.72280950844288,24.17221450805664,59.55059500038624
1075,84405.0,84594.4,84400.8,84531.8,17853.0,0.3450516164302826,69.8829574584961,148.2686767578125,69.53790584206581,78.3857192993164,147.92362514138222
1076,84531.8,84779.9,84531.8,84728.3,10834.0,0.3112063407897949,-4.512603759765625,-39.315521240234375,4.82381010055542,34.80291748046875,39.62672758102417
1077,84726.2,84730.2,84553.1,84639.2,8104.0,1.1233408451080322,42.82693099975586,-25.198450088500977,41.70359015464783,68.02538108825684,26.32179093360901
1078,84645.4,84843.4,84645.4,84788.6,6836.0,2.374039888381958,-43.47610092163086,-15.646594047546387,45.85014081001282,27.829506874084473,18.020633935928345
1079,84802.4,84937.8,84788.9,84921.0,9863.0,2.45381760597229,13.10779857635498,44.28028106689453,10.65398097038269,31.17248249053955,41.82646346092224
1080,84921.0,84963.5,84713.3,84825.4,29305.0,2.499164342880249,332.8016662597656,197.12054443359375,330.3025019168854,135.68112182617188,194.6213800907135
1081,84825.4,84832.5,84578.6,84643.4,31444.0,3.18843936920166,37.95463562011719,7.299095630645752,34.76619625091553,30.655539989471436,4.110656261444092
1082,84648.7,84856.0,84635.0,84707.8,12198.0,2.444939613342285,-72.74067687988281,-61.20722579956055,75.1856164932251,11.533451080322266,63.65216541290283
1083,84713.1,84934.3,84713.1,84924.9,22912.0,2.207737684249878,28.45209503173828,87.83406829833984,26.244357347488403,59.38197326660156,85.62633061408997
1084,84924.9,85000.0,84870.7,84992.2,7445.0,2.7419044971466064,3.5321929454803467,-67.50611114501953,0.7902884483337402,71.03830409049988,70.24801564216614
1085,84988.3,85033.8,84865.2,84981.3,7177.0,1.9753681421279907,-59.79947280883789,-3.5997314453125,61.77484095096588,56.19974136352539,5.575099587440491
1086,84981.5,85175.3,84981.5,85131.6,10751.0,2.489349842071533,-0.7661067247390747,49.79796600341797,3.255456566810608,50.56407272815704,47.308616161346436
1087,85132.1,85495.4,85088.0,85405.6,32002.0,1.5695194005966187,294.89141845703125,197.6653289794922,293.32189905643463,97.22608947753906,196.09580957889557
1088,85414.1,85414.1,85208.4,85305.7,15830.0,0.9064378142356873,131.56817626953125,-50.534339904785156,130.66173845529556,182.1025161743164,51.44077771902084
1089,85305.7,85471.1,85301.4,85384.0,5496.0,0.468431681394577,-44.276588439941406,-65.28111267089844,44.74502012133598,21.00452423095703,65.74954435229301
1090,85383.9,85383.9,85109.7,85229.7,15122.0,-0.14613473415374756,-48.397884368896484,175.1455535888672,48.25174963474274,223.54343795776367,175.29168832302094
1091,85228.3,85329.5,85143.0,85234.0,10143.0,-0.6194350719451904,-67.74266052246094,-32.925537109375,67.12322545051575,34.81712341308594,32.30610203742981
1092,85242.4,85311.9,85073.9,85155.1,14359.0,-1.0574452877044678,17.716018676757812,41.56561279296875,18.77346396446228,23.849594116210938,42.62305808067322
1093,85166.3,85242.2,85024.3,85132.6,10146.0,-1.1755938529968262,-55.717533111572266,-29.340482711791992,54.54193925857544,26.377050399780273,28.164888858795166
1094,85162.9,85233.7,85104.3,85130.0,9191.0,-2.024646759033203,23.451982498168945,-9.412576675415039,25.47662925720215,32.864559173583984,7.387929916381836
1095,85131.1,85316.6,85120.1,85194.0,7822.0,-2.047661542892456,8.987042427062988,-14.89500617980957,11.034703969955444,23.88204860687256,12.847344636917114
1096,85201.8,85285.2,85079.0,85131.4,8329.0,-2.118105888366699,-22.52813720703125,6.481718063354492,20.41003131866455,29.009855270385742,8.599823951721191
1097,85160.4,85295.5,84984.1,85144.8,17961.0,-1.291416883468628,-43.87538528442383,115.64413452148438,42.5839684009552,159.5195198059082,116.935551404953
1098,85144.8,85407.8,85127.1,85361.0,17528.0,-1.0288575887680054,10.726469039916992,-2.4107789993286133,11.755326628684998,13.137248039245605,1.381921410560608
1099,85361.0,85448.1,85123.2,85123.2,8249.0,-0.9397657513618469,50.090972900390625,-52.93815612792969,51.03073865175247,103.02912902832031,51.99839037656784
1100,85123.2,85130.6,84951.8,85037.8,10494.0,-0.3993241488933563,-30.604419708251953,27.21541976928711,30.205095559358597,57.81983947753906,27.614743918180466
1101,85042.0,85250.6,85016.8,85054.9,12391.0,-0.060222141444683075,22.163068771362305,18.076995849609375,22.223290912806988,4.08607292175293,18.137217991054058
1102,85063.5,85277.3,85063.5,85188.7,10834.0,0.5385286211967468,-24.549062728881836,-12.565571784973145,25.087591350078583,11.983490943908691,13.104100406169891
1103,85187.8,85337.9,85118.3,85337.9,10198.0,0.5368380546569824,0.5125172138214111,-5.870408058166504,0.02432084083557129,6.382925271987915,6.407246112823486
1104,85346.5,85444.5,85329.2,85392.6,13602.0,1.2982873916625977,47.99260330200195,33.379093170166016,46.694315910339355,14.613510131835938,32.08080577850342
1105,85393.9,85561.9,85319.7,85418.8,11914.0,1.6340467929840088,52.31398391723633,-12.409939765930176,50.67993712425232,64.7239236831665,14.043986558914185
1106,85417.8,85429.4,85300.1,85300.4,8748.0,1.1291420459747314,5.03061580657959,-26.57377815246582,3.9014737606048584,31.60439395904541,27.70292019844055
1107,85300.0,85300.0,85090.5,85152.2,6980.0,0.820149838924408,-61.138023376464844,-20.2103328704834,61.95817321538925,40.927690505981445,21.030482709407806
1108,85153.2,85165.3,85047.3,85085.0,10597.0,0.7333692312240601,-39.54244613647461,51.81948471069336,40.27581536769867,91.36193084716797,51.0861154794693
1109,85085.0,85226.7,85085.0,85199.7,8634.0,0.44759857654571533,4.667232513427734,-18.524110794067383,4.219633936882019,23.191343307495117,18.971709370613098
1110,85195.7,85336.2,85195.7,85319.5,6052.0,0.1308443546295166,-42.328948974609375,-29.905027389526367,42.45979332923889,12.423921585083008,30.035871744155884
1111,85325.4,85429.3,85285.5,85289.7,7594.0,-0.06874306499958038,-38.713584899902344,25.47918128967285,38.64484183490276,64.1927661895752,25.547924354672432
1112,85285.6,85346.4,85205.0,85346.4,5640.0,-0.28742167353630066,-47.94166564941406,-25.7308406829834,47.65424397587776,22.210824966430664,25.443419009447098
1113,85342.2,85423.8,85333.7,85423.7,8240.0,-0.23281173408031464,-19.199844360351562,46.09928894042969,18.967032626271248,65.29913330078125,46.33210067451
1114,85410.8,85471.1,85387.4,85430.1,7198.0,-0.6833064556121826,-47.08131408691406,-12.645630836486816,46.39800763130188,34.435683250427246,11.962324380874634
1115,85426.0,85471.1,85315.3,85394.0,5488.0,-0.717881441116333,-53.936546325683594,-23.75659942626953,53.21866488456726,30.179946899414062,23.0387179851532
1116,85397.6,85463.6,85352.0,85463.6,7635.0,-0.4475858211517334,-12.722908020019531,39.12171936035156,12.275322198867798,51.844627380371094,39.569305181503296
1117,85471.1,85471.1,85238.8,85252.8,8913.0,-0.990209698677063,27.693408966064453,16.73870277404785,28.683618664741516,10.954706192016602,17.728912472724915
1118,85247.5,85285.1,85058.4,85130.4,12347.0,-0.8505062460899353,16.51410675048828,38.527992248535156,17.364612996578217,22.013885498046875,39.37849849462509
1119,85139.0,85276.5,85129.6,85169.9,15130.0,-1.2595477104187012,75.23743438720703,22.539888381958008,76.49698209762573,52.69754600524902,23.79943609237671
1120,85181.6,85200.2,85075.3,85088.0,8698.0,-1.1180387735366821,43.72108459472656,-42.511566162109375,44.839123368263245,86.23265075683594,41.39352738857269
1121,85088.0,85200.0,84990.6,85200.0,18433.0,-1.4249708652496338,142.73110961914062,111.92227935791016,144.15608048439026,30.80883026123047,113.34725022315979
1122,85200.0,85268.6,85181.8,85237.4,5815.0,-1.0317422151565552,3.102836847305298,-68.45331573486328,4.134579062461853,71.55615258216858,67.42157351970673
1123,85240.1,85268.1,85166.9,85205.4,5931.0,-0.4303313195705414,-28.02184295654297,1.9948409795761108,27.591511636972427,30.01668393611908,2.425172299146652
1124,85198.0,85198.4,85125.6,85172.6,3847.0,0.09148065745830536,-46.554595947265625,-35.137413024902344,46.64607660472393,11.417182922363281,35.22889368236065
1125,85173.4,85384.5,85173.4,85335.4,18953.0,0.410998672246933,245.35348510742188,392.66961669921875,244.94248643517494,147.31613159179688,392.2586180269718
1126,85343.1,85349.8,85102.7,85181.6,8900.0,0.36229172348976135,16.56843376159668,-53.0417366027832,16.20614203810692,69.61017036437988,53.404028326272964
1127,85186.6,85246.2,85127.0,85230.2,5599.0,0.7658409476280212,-37.181644439697266,-37.08988952636719,37.94748538732529,0.09175491333007812,37.85573047399521
1128,85224.5,85288.6,85170.3,85281.0,4742.0,0.3727237582206726,-61.59390640258789,-15.306304931640625,61.96663016080856,46.287601470947266,15.679028689861298
1129,85281.0,85355.8,85279.4,85318.8,9746.0,0.7739804983139038,-35.584930419921875,105.52509307861328,36.35891091823578,141.11002349853516,104.75111258029938
1130,85318.7,85318.7,85180.9,85189.8,5384.0,1.091605305671692,-38.100711822509766,-44.7568244934082,39.19231712818146,6.6561126708984375,45.848429799079895
1131,85183.3,85269.7,85161.6,85223.7,6086.0,1.1659350395202637,-66.98312377929688,13.038633346557617,68.14905881881714,80.02175712585449,11.872698307037354
1132,85222.7,85222.7,85020.0,85020.0,7734.0,1.3986138105392456,33.000858306884766,27.078540802001953,31.60224449634552,5.9223175048828125,25.679926991462708
1133,85006.4,85052.3,84906.1,84906.1,7145.0,1.1157631874084473,20.46872329711914,-7.61572265625,19.352960109710693,28.08444595336914,8.731485843658447
1134,84905.8,84951.2,84779.9,84868.0,12524.0,0.8704140782356262,225.5523681640625,75.28341674804688,224.68195408582687,150.26895141601562,74.41300266981125
1135,84860.9,85071.5,84860.9,84990.3,8568.0,0.8400312662124634,-54.793434143066406,-31.587352752685547,55.63346540927887,23.20608139038086,32.42738401889801
1136,84988.0,84988.0,84879.2,84910.6,8412.0,0.8954786658287048,-5.4831461906433105,-1.8207283020019531,6.378624856472015,3.6624178886413574,2.716206967830658
1137,84910.7,84992.1,84867.1,84961.3,5568.0,0.8390204906463623,-0.5536702275276184,-33.80884552001953,1.3926907181739807,33.25517529249191,34.647866010665894
1138,84957.2,85017.6,84882.3,84901.1,4003.0,0.853192925453186,-15.58414077758789,-28.107040405273438,16.437333703041077,12.522899627685547,28.960233330726624
1139,84897.8,84949.5,84831.7,84855.1,9828.0,0.8206034898757935,0.8413708806037903,145.515869140625,0.020767390727996826,144.6744982600212,144.6952656507492
1140,84871.0,84949.6,84782.5,84790.1,4940.0,0.8398850560188293,-8.24665641784668,-49.735450744628906,9.086541473865509,41.48879432678223,50.575335800647736
1141,84788.3,84808.4,84700.0,84751.4,8883.0,0.9182116985321045,45.95793914794922,79.81781005859375,45.039727449417114,33.85987091064453,78.89959836006165
1142,84754.7,84754.7,84570.5,84612.5,12330.0,0.4929279386997223,59.425907135009766,38.80445861816406,58.93297919631004,20.621448516845703,38.31153067946434
1143,84604.1,84637.0,84327.4,84423.9,40936.0,0.20541131496429443,472.9321594238281,232.0032501220703,472.72674810886383,240.9289093017578,231.79783880710602
1144,84420.7,84420.7,84208.6,84229.8,10888.0,-0.26088520884513855,-13.062919616699219,-73.40238189697266,12.80203440785408,60.33946228027344,73.14149668812752
1145,84229.8,84290.6,84004.7,84024.3,17100.0,-0.5143811702728271,99.579833984375,57.05363845825195,100.09421515464783,42.52619552612305,57.56801962852478
1146,84012.6,84258.9,83913.9,84150.8,11053.0,-0.9576757550239563,31.395626068115234,-35.362571716308594,32.35330182313919,66.75819778442383,34.40489596128464
1147,84150.8,84159.2,83900.0,83998.3,31858.0,-0.9156501889228821,472.162353515625,188.2294464111328,473.0780037045479,283.9329071044922,189.1450966000557
1148,83998.4,84009.6,83758.2,83909.4,21347.0,-0.6625863313674927,433.2750244140625,-32.993282318115234,433.93761074543,466.26830673217773,32.33069598674774
1149,83909.5,84162.2,83873.9,84122.5,18923.0,-0.7019031643867493,92.54170989990234,-11.355225563049316,93.2436130642891,103.89693546295166,10.653322398662567
1150,84122.4,84122.4,83911.3,83937.3,10531.0,-1.0348373651504517,113.17813110351562,-44.348148345947266,114.21296846866608,157.5262794494629,43.313310980796814
1151,83951.5,84061.3,83783.2,83928.5,11695.0,-1.1751986742019653,31.655969619750977,11.053081512451172,32.83116829395294,20.602888107299805,12.228280186653137
1152,83934.7,83934.7,83774.4,83783.4,7850.0,-94.28926086425781,-36.334144592285156,-32.877296447753906,57.955116271972656,3.45684814453125,61.411964416503906
1153,83792.7,83857.4,83586.1,83627.4,36647.0,-95.1648178100586,-10.477330207824707,366.84075927734375,84.68748760223389,377.31808948516846,462.00557708740234
1154,83623.2,83674.0,83547.0,83663.7,8006.0,-93.618408203125,-26.469507217407227,-78.15373992919922,67.14890098571777,51.68423271179199,15.464668273925781
1155,83660.6,83695.7,83545.4,83676.7,7245.0,-95.33878326416016,-57.63157653808594,-9.50537109375,37.70720672607422,48.12620544433594,85.83341217041016
1156,83682.7,83777.7,83607.0,83716.5,13175.0,-95.65564727783203,19.198408126831055,81.84954833984375,114.85405540466309,62.651140213012695,177.50519561767578
1157,83715.4,83715.4,83408.4,83449.0,20753.0,-95.45635223388672,-34.85780715942383,57.518028259277344,60.59854507446289,92.37583541870117,152.97438049316406
1158,83446.0,83498.2,83387.0,83480.7,13874.0,-91.58304595947266,-35.00726318359375,-33.14701461791992,56.575782775878906,1.8602485656738281,58.436031341552734
1159,83493.3,83525.2,83452.6,83455.1,6233.0,-93.51899719238281,-67.06124877929688,-55.07423782348633,26.457748413085938,11.987010955810547,38.444759368896484
1160,83471.8,83471.8,83291.7,83334.0,12585.0,-94.80663299560547,19.50432014465332,101.90919494628906,114.31095314025879,82.40487480163574,196.71582794189453
1161,83342.4,83617.9,83325.6,83576.7,11625.0,-90.28780364990234,-0.5985463261604309,-7.628128528594971,89.68925732374191,7.02958220243454,82.65967512130737
1162,83584.9,83594.5,83415.2,83489.9,7671.0,81.28726959228516,-2.280254602432251,-34.01290512084961,83.56752419471741,31.73265051841736,115.30017471313477
1163,83460.4,83604.4,83436.0,83525.7,6586.0,169.65499877929688,-82.0285415649414,-14.144179344177246,251.68354034423828,67.88436222076416,183.79917812347412
1164,83525.8,83653.4,83477.7,83620.6,9151.0,21.575153350830078,14.301774024963379,38.946250915527344,7.273379325866699,24.644476890563965,17.371097564697266
1165,83629.0,83964.9,83580.7,83882.4,25524.0,-9.787556648254395,252.2981414794922,178.9203338623047,262.0856981277466,73.3778076171875,188.70789051055908
1166,83890.1,83915.8,83752.2,83793.9,9105.0,184.02398681640625,-30.891841888427734,-64.32769012451172,214.91582870483398,33.435848236083984,248.35167694091797
1167,83798.6,83938.7,83798.5,83880.9,12169.0,118.15576171875,-41.362693786621094,33.65184020996094,159.5184555053711,75.01453399658203,84.50392150878906
1168,83881.0,84189.7,83881.0,84072.7,17582.0,-42.422119140625,26.72624969482422,44.48188018798828,69.14836883544922,17.755630493164062,86.90399932861328
1169,84072.6,84110.0,83977.5,84070.0,8548.0,-18.664478302001953,37.141021728515625,-51.38209533691406,55.80550003051758,88.52311706542969,32.71761703491211
1170,84066.4,84172.1,83973.2,84144.1,11358.0,60.524513244628906,-9.749701499938965,32.87318801879883,70.27421474456787,42.62288951873779,27.651325225830078
1171,84139.7,84290.6,84139.7,84254.7,9421.0,-34.290252685546875,-18.959138870239258,-17.054058074951172,15.331113815307617,1.905080795288086,17.236194610595703
1172,84258.5,84413.2,84225.4,84413.2,12062.0,-24.602994918823242,57.24155807495117,28.033117294311523,81.84455299377441,29.20844078063965,52.636112213134766
1173,84413.2,84433.4,84171.6,84195.6,15662.0,-73.69132232666016,137.80746459960938,29.845796585083008,211.49878692626953,107.96166801452637,103.53711891174316
1174,84200.2,84304.5,84200.2,84296.3,3366.0,-65.38928985595703,-63.217132568359375,-78.50849151611328,2.1721572875976562,15.291358947753906,13.11920166015625
1175,84296.4,84338.8,84269.6,84338.8,8487.0,-44.35099792480469,-66.74893951416016,152.1390380859375,22.39794158935547,218.88797760009766,196.4900360107422
1176,84347.4,84581.3,84347.4,84485.4,12701.0,-40.0076789855957,39.494781494140625,49.652408599853516,79.50246047973633,10.15762710571289,89.66008758544922
1177,84487.4,84546.4,84484.0,84509.9,5394.0,-50.6507453918457,-55.67425537109375,-57.53090286254883,5.023509979248047,1.8566474914550781,6.880157470703125
1178,84509.9,84590.6,84498.0,84536.8,6268.0,47.52620315551758,-64.34989929199219,16.203187942504883,111.87610244750977,80.55308723449707,31.323015213012695
1179,84533.6,84566.9,84485.3,84517.0,5349.0,111.88874053955078,-37.42395782470703,-14.661773681640625,149.3126983642578,22.762184143066406,126.5505142211914
1180,84524.8,84553.9,84337.7,84382.3,14614.0,614.6753540039062,28.667016983032227,173.20994567871094,586.008337020874,144.5429286956787,441.4654083251953
1181,84392.1,84400.7,84168.8,84349.4,33939.0,11.526307106018066,260.2483825683594,132.2362060546875,248.7220754623413,128.01217651367188,120.70989894866943
1182,84365.0,84388.0,84278.7,84349.9,6606.0,-69.08380126953125,-45.23296356201172,-80.5356674194336,23.85083770751953,35.302703857421875,11.451866149902344
1183,84345.6,84472.3,84345.6,84462.4,5434.0,0.0,-65.30455780029297,-17.74144744873047,65.30455780029297,47.5631103515625,17.74144744873047
1184,84465.5,84531.8,84428.4,84529.1,16535.0,3.8664321899414062,391.2358703613281,204.28781127929688,387.3694381713867,186.94805908203125,200.42137908935547
1185,84532.3,84587.4,84397.0,84448.4,7372.0,84.48362731933594,-13.137740135192871,-55.4157829284668,97.62136745452881,42.278042793273926,139.89941024780273
1186,84452.6,84506.9,84426.9,84432.8,6998.0,-2.6080000400543213,-44.9019775390625,-5.0732502937316895,42.29397749900818,39.82872724533081,2.465250253677368
1187,84436.5,84559.0,84403.6,84559.0,5150.0,7.403822898864746,-4.5235443115234375,-26.40754508972168,11.927367210388184,21.884000778198242,33.811367988586426
1188,84559.0,85041.7,84547.6,84927.3,23950.0,0.5121427774429321,282.09954833984375,365.0485534667969,281.5874055624008,82.94900512695312,364.53641068935394
1189,84929.4,85082.1,84766.9,84804.0,12416.0,31.727712631225586,132.1181640625,-48.15866470336914,100.39045143127441,180.27682876586914,79.88637733459473
1190,84803.0,85016.3,84803.0,84878.2,11871.0,-85.39737701416016,-18.769672393798828,-4.38949728012085,66.62770462036133,14.380175113677979,81.0078797340393
1191,84877.0,84977.4,84773.4,84844.7,7295.0,202.8004608154297,-78.50555419921875,-38.54772186279297,281.30601501464844,39.95783233642578,241.34818267822266
1192,84851.2,84856.0,84676.1,84707.5,12813.0,95.66909790039062,93.96003723144531,75.6408462524414,1.7090606689453125,18.319190979003906,20.02825164794922
1193,84720.3,84870.1,84720.3,84795.0,5609.0,221.33563232421875,3.220463991165161,-56.22414779663086,218.1151683330536,59.44461178779602,277.5597801208496
1194,84777.9,84777.9,84558.1,84683.4,7423.0,98.51945495605469,-55.10734939575195,32.34088134765625,153.62680435180664,87.4482307434082,66.17857360839844
1195,84666.5,84714.0,84598.9,84711.8,5164.0,158.1922607421875,-29.951168060302734,-30.43243980407715,188.14342880249023,0.48127174377441406,188.62470054626465
1196,84707.5,84745.1,84601.9,84646.0,5867.0,2156.0703125,-16.161760330200195,13.61347770690918,2172.2320728302,29.775238037109375,2142.456834793091
1197,84645.3,84657.8,84504.9,84595.3,6202.0,-0.292858749628067,20.42718505859375,5.709902763366699,20.720043808221817,14.71728229522705,6.002761512994766
1198,84584.1,84642.0,84556.9,84621.6,3858.0,30.884286880493164,-83.89144134521484,-37.79425811767578,114.77572822570801,46.09718322753906,68.67854499816895
1199,84612.8,84636.4,84562.6,84574.1,6899.0,199.01954650878906,-44.43459701538086,78.82322692871094,243.45414352416992,123.2578239440918,120.19631958007812
1200,84579.3,84653.4,84561.3,84595.8,4130.0,-0.24503131210803986,-65.2093276977539,-40.136253356933594,64.96429638564587,25.073074340820312,39.891222044825554
1201,84601.0,84657.3,84428.3,84428.3,6261.0,-68.4503173828125,-14.174091339111328,51.59806442260742,54.27622604370117,65.77215576171875,120.04838180541992
1202,84432.6,84573.7,84432.6,84560.2,7631.0,9.276299476623535,-40.44329833984375,21.881488800048828,49.719597816467285,62.32478713989258,12.605189323425293
1203,84547.6,84699.9,84523.2,84684.8,5995.0,16.146221160888672,6.8817973136901855,-21.438867568969727,9.264423847198486,28.320664882659912,37.5850887298584
1204,84689.0,84767.0,84628.4,84749.9,10380.0,1.7472831010818481,39.83564758300781,73.144287109375,38.088364481925964,33.30863952636719,71.39700400829315
1205,84752.5,84798.4,84665.3,84666.3,4803.0,-33.40031814575195,-6.990704536437988,-53.72832489013672,26.409613609313965,46.73762035369873,20.328006744384766
1206,84668.5,84668.5,84573.8,84594.9,4486.0,-96.94015502929688,-23.538436889648438,-6.60004186630249,73.40171813964844,16.938395023345947,90.34011316299438
1207,84603.5,84632.9,84568.0,84579.0,5117.0,48.847721099853516,-17.494356155395508,14.065982818603516,66.34207725524902,31.560338973999023,34.78173828125
1208,84574.0,84622.8,84543.6,84622.8,4226.0,-50.835113525390625,9.538620948791504,-17.412546157836914,60.37373447418213,26.951167106628418,33.42256736755371
1209,84622.8,84838.7,84622.8,84818.8,6063.0,-90.50716400146484,-12.117697715759277,43.46900177001953,78.38946628570557,55.58669948577881,133.97616577148438
1210,84823.0,84893.5,84713.3,84753.6,5369.0,17.00327491760254,30.000001907348633,-11.446478843688965,12.996726989746094,41.4464807510376,28.449753761291504
1211,84753.5,84787.4,84651.2,84735.2,7993.0,-38.31791687011719,27.663314819335938,48.87316131591797,65.98123168945312,21.20984649658203,87.19107818603516
1212,84736.2,84751.3,84611.1,84628.1,3401.0,22.5989990234375,-55.43178939819336,-57.45026779174805,78.03078842163086,2.0184783935546875,80.04926681518555
1213,84619.0,84619.0,84500.1,84528.5,5541.0,-71.45347595214844,-7.572977066040039,62.92266845703125,63.8804988861084,70.49564552307129,134.3761444091797
1214,84515.0,84601.6,84491.5,84564.8,4341.0,-11.769633293151855,-58.179195404052734,-21.656740188598633,46.40956211090088,36.5224552154541,9.887106895446777
1215,84560.6,84560.6,84477.0,84550.4,4307.0,-14.562490463256836,-10.326878547668457,-0.783229649066925,4.235611915588379,9.543648898601532,13.779260814189911
1216,84559.1,84682.5,84556.3,84682.5,3839.0,-0.9043312668800354,-14.422647476196289,-10.866031646728516,13.518316209316254,3.5566158294677734,9.96170037984848
1217,84686.6,84718.5,84635.9,84718.5,4857.0,-49.42319107055664,-5.08110237121582,26.517322540283203,44.34208869934082,31.598424911499023,75.94051361083984
1218,84709.0,84710.8,84545.8,84555.3,3550.0,169.37420654296875,-15.99621295928955,-26.90961456298828,185.3704195022583,10.91340160369873,196.28382110595703
1219,84571.0,84762.2,84567.1,84759.5,4013.0,142.49717712402344,-33.8116455078125,13.042253494262695,176.30882263183594,46.853899002075195,129.45492362976074
1220,84759.5,84912.6,84702.4,84889.8,5755.0,19.885700225830078,7.189420700073242,43.40892028808594,12.696279525756836,36.219499588012695,23.52322006225586
1221,84896.8,84968.5,84896.8,84961.3,5503.0,-19.434228897094727,-31.152257919311523,-4.378800868988037,11.718029022216797,26.773457050323486,15.05542802810669
1222,84960.5,85023.8,84845.7,84852.6,7672.0,-3.712641477584839,125.58071899414062,39.41486358642578,129.29336047172546,86.16585540771484,43.12750506401062
1223,84871.0,84892.0,84759.8,84883.9,8826.0,8.775313377380371,59.28532409667969,15.041709899902344,50.510010719299316,44.243614196777344,6.266396522521973
1224,84884.9,84952.4,84811.6,84914.5,4672.0,-15.309755325317383,7.62497091293335,-47.065486907958984,22.934726238250732,54.690457820892334,31.7557315826416
1225,84901.7,85024.2,84901.7,84973.7,4123.0,-5.836431503295898,-4.272115230560303,-11.750856399536133,1.5643162727355957,7.47874116897583,5.914424896240234
1226,84970.0,85009.0,84947.1,84955.7,3577.0,26.056676864624023,-6.82469367980957,-13.24278450012207,32.881370544433594,6.4180908203125,39.299461364746094
1227,84969.0,84973.7,84936.4,84937.4,2647.0,60.29411697387695,-45.501338958740234,-25.999441146850586,105.79545593261719,19.50189781188965,86.29355812072754
1228,84937.3,84937.3,84827.7,84882.3,4596.0,-79.55622863769531,29.464786529541016,73.63052368164062,109.02101516723633,44.16573715209961,153.18675231933594
1229,84882.2,84925.0,84868.6,84895.3,4052.0,-71.92060089111328,0.9718415141105652,-11.836379051208496,72.89244240522385,12.808220565319061,60.084221839904785
1230,84895.3,84998.5,84866.9,84877.4,5019.0,-63.23572540283203,-12.78887939453125,23.864757537841797,50.44684600830078,36.65363693237305,87.10048294067383
1231,84888.3,84905.0,84702.6,84719.9,7820.0,84.33988189697266,42.104305267333984,55.80792999267578,42.23557662963867,13.703624725341797,28.531951904296875
1232,84719.9,84799.6,84676.5,84744.1,7162.0,1234.9913330078125,-6.647549629211426,-8.414321899414062,1241.638882637024,1.7667722702026367,1243.4056549072266
1233,84742.8,84769.3,84649.4,84658.7,5654.0,10.667848587036133,-35.93927001953125,-21.055570602416992,46.60711860656738,14.883699417114258,31.723419189453125
1234,84647.0,84680.1,84620.4,84639.7,3991.0,-8.408071517944336,-14.57619857788086,-29.412805557250977,6.168127059936523,14.836606979370117,21.00473403930664
1235,84639.8,84730.1,84639.8,84730.1,6066.0,-40.130279541015625,47.125877380371094,51.991981506347656,87.25615692138672,4.8661041259765625,92.12226104736328
1236,84732.8,84841.4,84732.8,84758.0,4764.0,-45.45627975463867,33.184234619140625,-21.463897705078125,78.6405143737793,54.64813232421875,23.992382049560547
1237,84757.9,84819.6,84709.7,84816.7,4422.0,-63.26530456542969,67.05704498291016,-7.1788411140441895,130.32234954833984,74.23588609695435,56.0864634513855
1238,84819.6,84872.1,84814.6,84855.0,3554.0,62.15213394165039,-22.671886444091797,-19.629127502441406,84.82402038574219,3.0427589416503906,81.7812614440918
1239,84850.0,84855.7,84745.7,84745.7,4365.0,271.30975341796875,7.724580764770508,22.819358825683594,263.58517265319824,15.094778060913086,248.49039459228516
1240,84744.6,84772.2,84679.9,84681.8,6231.0,-15.665519714355469,24.148235321044922,42.749141693115234,39.81375503540039,18.600906372070312,58.4146614074707
1241,84682.2,84696.8,84600.0,84659.2,4135.0,41.31428527832031,-47.12276077270508,-33.63825988769531,88.43704605102539,13.484500885009766,74.95254516601562
1242,84666.3,84700.8,84633.6,84657.1,4495.0,-95.10730743408203,-37.23820114135742,8.706167221069336,57.86910629272461,45.94436836242676,103.81347465515137
1243,84657.4,84657.4,84437.4,84445.4,12001.0,102.21629333496094,112.25679779052734,166.98553466796875,10.040504455566406,54.728736877441406,64.76924133300781
1244,84445.5,84470.5,84350.9,84440.0,5845.0,-7.4051408767700195,46.454524993896484,-51.29572677612305,53.859665870666504,97.75025177001953,43.89058589935303
1245,84447.1,84447.3,84342.6,84383.2,10287.0,-29.179031372070312,69.58456420898438,75.99658203125,98.76359558105469,6.412017822265625,105.17561340332031
1246,84378.9,84403.2,84241.3,84274.8,6575.0,86.90185546875,38.0142707824707,-36.08437728881836,48.8875846862793,74.09864807128906,122.98623275756836
1247,84270.6,84367.3,84225.5,84367.2,6615.0,120.33638763427734,49.59294509887695,0.608364999294281,70.74344253540039,48.98458009958267,119.72802263498306
1248,84367.2,84430.8,84293.0,84388.3,8113.0,234.69679260253906,128.2779998779297,22.6455020904541,106.41879272460938,105.63249778747559,212.05129051208496
1249,84388.2,84442.1,84332.8,84377.2,4869.0,-33.784996032714844,11.546392440795898,-39.98521041870117,45.33138847351074,51.53160285949707,6.200214385986328
1250,84369.0,84404.5,84304.8,84324.8,6715.0,149.82742309570312,7.767613410949707,37.913330078125,142.05980968475342,30.145716667175293,111.91409301757812
1251,84316.3,84316.3,84249.3,84256.0,5524.0,-59.846336364746094,33.59129333496094,-17.73641014099121,93.43762969970703,51.32770347595215,42.10992622375488
1252,84250.1,84307.1,84178.8,84238.0,9858.0,82.23139953613281,119.31034088134766,78.4576416015625,37.078941345214844,40.852699279785156,3.7737579345703125
1253,84240.4,84240.4,84116.7,84120.3,4542.0,51.39310836791992,-62.15315628051758,-53.92574691772461,113.5462646484375,8.227409362792969,105.31885528564453
1254,84117.0,84193.2,84063.2,84170.8,5030.0,24827.0,-13.943540573120117,10.744165420532227,24840.94354057312,24.687705993652344,24816.255834579468
1255,84176.1,84361.3,84176.1,84345.3,4132.0,1635.42822265625,-59.83279800415039,-17.852882385253906,1695.2610206604004,41.979915618896484,1653.281105041504
1256,84345.3,84359.7,84245.5,84254.0,5754.0,383.19940185546875,-12.48669147491455,39.25459671020508,395.6860933303833,51.74128818511963,343.9448051452637
1257,84254.1,84266.7,84165.4,84204.8,2063.0,199.3060302734375,-68.81330871582031,-64.14668273925781,268.1193389892578,4.6666259765625,263.4527130126953
1258,84226.0,84268.1,84196.0,84207.2,3810.0,17.17801856994629,-53.038333892822266,84.68250274658203,70.21635246276855,137.7208366394043,67.50448417663574
1259,84188.2,84224.2,84179.5,84209.9,3738.0,299.7125244140625,-23.22859001159668,-1.8897638320922852,322.9411144256592,21.338826179504395,301.6022882461548
1260,84202.7,84268.2,84175.1,84237.9,6033.0,223.04696655273438,-10.156366348266602,61.39646911621094,233.20333290100098,71.55283546447754,161.65049743652344
1261,84234.1,84366.1,84194.6,84335.2,5805.0,123.69922637939453,5.086893558502197,-3.779214382171631,118.61233282089233,8.866107940673828,127.47844076156616
1262,84335.2,84340.4,84206.4,84239.7,8218.0,127.50242614746094,-16.636234283447266,41.5676155090332,144.1386604309082,58.20384979248047,85.93481063842773
1263,84239.6,84345.5,84214.1,84315.6,7880.0,74.95857238769531,73.49185180664062,-4.112922668457031,1.4667205810546875,77.60477447509766,79.07149505615234
1264,84320.8,84320.8,84181.8,84186.3,3710.0,-99.1801528930664,-26.24254608154297,-52.91878128051758,72.93760681152344,26.67623519897461,46.26137161254883
1265,84182.0,84194.1,84034.7,84063.0,19380.0,-83.00023651123047,369.02227783203125,422.3719787597656,452.0225143432617,53.349700927734375,505.3722152709961
1266,84063.1,84101.4,84000.2,84000.2,12074.0,-20.594831466674805,109.83663940429688,-37.69865798950195,130.43147087097168,147.53529739379883,17.10382652282715
1267,84000.0,84074.3,83904.3,83904.3,9397.0,-68.73019409179688,355.501708984375,-22.171607971191406,424.2319030761719,377.6733169555664,46.55858612060547
1268,83900.0,83929.4,83857.1,83916.3,8282.0,131.98162841796875,117.37532806396484,-11.86548900604248,14.606300354003906,129.24081707000732,143.84711742401123
1269,83933.1,83933.1,83883.7,83920.2,6761.0,-63.39750289916992,80.87211608886719,-18.365129470825195,144.2696189880371,99.23724555969238,45.03237342834473
1270,83919.3,84011.8,83919.3,84011.8,17995.0,-61.43229675292969,198.27615356445312,166.1588592529297,259.7084503173828,32.11729431152344,227.59115600585938
1271,84011.9,84094.0,84011.9,84092.7,4472.0,-8.058222770690918,-22.962961196899414,-75.14865112304688,14.904738426208496,52.18568992614746,67.09042835235596
1272,84092.6,84344.8,84090.7,84217.9,10984.0,-57.04827117919922,33.6578254699707,145.61717224121094,90.70609664916992,111.95934677124023,202.66544342041016
1273,84214.3,84214.3,84078.0,84117.3,6081.0,-72.10728454589844,-22.8299503326416,-44.63765335083008,49.277334213256836,21.807703018188477,27.46963119506836
1274,84121.5,84198.6,84121.5,84192.3,3944.0,-34.831825256347656,6.307277679443359,-35.14224624633789,41.139102935791016,41.44952392578125,0.3104209899902344
1275,84207.3,84212.4,84004.8,84004.8,13441.0,-60.12309265136719,-30.644994735717773,240.796142578125,29.478097915649414,271.4411373138428,300.9192352294922
1276,83992.1,83996.7,83929.0,83961.3,6353.0,-27.392724990844727,-47.382808685302734,-52.73417282104492,19.990083694458008,5.3513641357421875,25.341447830200195
1277,83966.4,83971.6,83877.7,83931.0,4186.0,473.9495849609375,-55.45386505126953,-34.10987091064453,529.403450012207,21.343994140625,508.05945587158203
1278,83914.8,83940.5,83848.1,83859.0,4120.0,-25.491243362426758,-50.253562927246094,-1.5766842365264893,24.762319564819336,48.676878690719604,23.91455912590027
1279,83850.6,83892.0,83769.8,83826.0,7933.0,292.11651611328125,17.334714889526367,92.54854583740234,274.7818012237549,75.21383094787598,199.5679702758789
1280,83822.0,83848.0,83750.0,83818.8,6358.0,172.43951416015625,-64.66796112060547,-19.853775024414062,237.10747528076172,44.814186096191406,192.2932891845703
1281,83820.1,83849.7,83779.1,83828.8,7407.0,50.481475830078125,65.6305923461914,16.498899459838867,15.149116516113281,49.13169288635254,33.98257637023926
1282,83828.6,83891.3,83780.3,83853.9,7302.0,143.41123962402344,-33.521484375,-1.4175779819488525,176.93272399902344,32.10390639305115,144.8288176059723
1283,83843.7,83866.5,83708.9,83713.4,5583.0,87.45307922363281,-8.18944263458252,-23.54149627685547,95.64252185821533,15.35205364227295,110.99457550048828
1284,83713.3,83713.3,83641.8,83693.4,6586.0,535.6327514648438,66.98783111572266,17.965251922607422,468.6449203491211,49.022579193115234,517.6674995422363
1285,83700.0,83852.0,83700.0,83848.3,8200.0,2113.573486328125,-38.99263381958008,24.506528854370117,2152.566120147705,63.499162673950195,2089.066957473755
1286,83855.8,83905.9,83831.3,83862.8,3187.0,55.007713317871094,-49.83472442626953,-61.13414764404297,104.84243774414062,11.299423217773438,116.14186096191406
1287,83872.8,83872.9,83650.6,83650.6,4158.0,-14.878132820129395,-0.6688963174819946,30.4675235748291,14.2092365026474,31.136419892311096,45.345656394958496
1288,83650.5,83652.1,83588.0,83647.7,5952.0,-9.405461311340332,44.46601867675781,43.14574432373047,53.871479988098145,1.3202743530273438,52.5512056350708
1289,83645.7,83645.7,83500.1,83538.1,5771.0,-82.91079711914062,-27.253246307373047,-3.040994644165039,55.65755081176758,24.212251663208008,79.86980247497559
1290,83535.1,83580.0,83469.8,83503.7,7573.0,-8.299415588378906,19.109783172607422,31.22509002685547,27.409198760986328,12.115306854248047,39.524505615234375
1291,83513.7,83580.8,83482.9,83560.0,4075.0,4.078091144561768,-44.984474182128906,-46.19041442871094,49.062565326690674,1.2059402465820312,50.268505573272705
1292,83558.1,83583.9,83455.7,83472.6,4779.0,-51.392578125,-34.55217742919922,17.276073455810547,16.84040069580078,51.828250885009766,68.66865158081055
1293,83475.7,83697.7,83460.8,83697.7,7239.0,-41.170860290527344,29.661474227905273,51.47520446777344,70.83233451843262,21.813730239868164,92.64606475830078
1294,83699.2,83728.7,83561.3,83568.8,3836.0,-79.41521453857422,-41.7552375793457,-47.009254455566406,37.659976959228516,5.254016876220703,32.40596008300781
1295,83575.0,83868.0,83575.0,83768.7,8085.0,-82.24967956542969,-1.402438998222351,110.76642608642578,80.84724056720734,112.16886508464813,193.01610565185547
1296,83759.3,83801.6,83697.5,83736.2,8254.0,-73.44528198242188,158.98963928222656,2.0902905464172363,232.43492126464844,156.89934873580933,75.53557252883911
1297,83733.7,83895.9,83695.4,83895.1,5175.0,-52.18292999267578,24.458873748779297,-37.30312728881836,76.64180374145508,61.762001037597656,14.879802703857422
1298,83895.1,84172.5,83887.2,84172.5,15440.0,-71.98882293701172,159.40859985351562,198.35748291015625,231.39742279052734,38.948883056640625,270.34630584716797
1299,84172.5,84198.5,84014.1,84014.1,18881.0,125.21994018554688,227.17031860351562,22.286270141601562,101.95037841796875,204.88404846191406,102.93367004394531
1300,83997.4,84091.5,83936.3,84091.5,5203.0,-83.33938598632812,-31.295391082763672,-72.44319915771484,52.04399490356445,41.14780807495117,10.896186828613281
1301,84094.7,84191.0,84042.3,84116.6,5684.0,-67.61150360107422,39.48466491699219,9.24466609954834,107.0961685180664,30.239998817443848,76.85616970062256
1302,84106.1,84192.9,84071.6,84071.6,3578.0,13.631270408630371,-25.130781173706055,-37.05137252807617,38.762051582336426,11.920591354370117,50.68264293670654
1303,84067.3,84262.1,84000.0,84188.2,5813.0,0.5186386108398438,-19.698854446411133,62.465065002441406,20.217493057250977,82.16391944885254,61.94642639160156
1304,84184.0,84268.3,84160.8,84247.8,6726.0,40.26171112060547,75.33889770507812,15.706175804138184,35.077186584472656,59.63272190093994,24.555535316467285
1305,84253.9,84347.9,84232.0,84289.8,12553.0,-0.9165071845054626,55.26283264160156,86.63395690917969,56.179339826107025,31.371124267578125,87.55046409368515
1306,84291.0,84482.7,84288.8,84477.0,6928.0,204.41656494140625,-16.064939498901367,-44.81000518798828,220.48150444030762,28.745065689086914,249.22657012939453
1307,84474.3,84572.8,84359.7,84463.5,12104.0,-54.60219955444336,133.8937225341797,74.71131896972656,188.49592208862305,59.182403564453125,129.31351852416992
1308,84491.5,84593.8,84445.5,84593.8,5926.0,198.4868621826172,-61.61917495727539,-51.040977478027344,260.1060371398926,10.578197479248047,249.52783966064453
1309,84594.3,84657.3,84538.5,84556.0,6393.0,-24.11918067932129,-66.14056396484375,7.880526542663574,42.02138328552246,74.02109050750732,31.999707221984863
1310,84561.0,84644.8,84352.5,84355.3,17323.0,728.457275390625,232.94253540039062,170.96824645996094,495.5147399902344,61.97428894042969,557.4890289306641
1311,84363.8,84549.6,84358.7,84520.5,3899.0,131.24195861816406,-31.403940200805664,-77.49234771728516,162.64589881896973,46.08840751647949,208.73430633544922
1312,84505.5,84545.4,84432.1,84432.1,5541.0,458.29119873046875,54.86305236816406,42.11336135864258,403.4281463623047,12.749691009521484,416.1778373718262
1313,84428.9,84500.3,84385.7,84385.7,5566.0,583.6181640625,-4.249096870422363,0.451182097196579,587.8672609329224,4.700278967618942,583.1669819653034
1314,84385.6,84501.2,84352.7,84491.3,7929.0,150.73011779785156,17.88581657409668,42.454185485839844,132.84430122375488,24.568368911743164,108.27593231201172
1315,84491.4,84517.3,84240.4,84367.0,27198.0,224.12075805664062,116.66533660888672,243.01930236816406,107.4554214477539,126.35396575927734,18.898544311523438
1316,84371.1,84579.1,84371.1,84566.3,16838.0,-23.9145565032959,143.042724609375,-38.09103775024414,166.9572811126709,181.13376235961914,14.176481246948242
1317,84566.3,84657.5,84500.1,84637.2,28911.0,168.6553192138672,138.8549346923828,71.70091247558594,29.800384521484375,67.15402221679688,96.95440673828125
1318,84637.2,84641.0,84500.1,84533.7,4804.0,-49.70196533203125,-18.933513641357422,-83.38348388671875,30.768451690673828,64.44997024536133,33.6815185546875
1319,84531.4,84644.5,84385.1,84562.9,35778.0,-22.69102668762207,459.64337158203125,644.75439453125,482.3343982696533,185.11102294921875,667.4454212188721
1320,84565.2,84628.1,84510.1,84607.1,9880.0,-63.191741943359375,-42.965999603271484,-72.38526153564453,20.22574234008789,29.419261932373047,9.193519592285156
1321,84624.0,84749.9,84624.0,84645.2,13423.0,248.33726501464844,244.2677764892578,35.86032485961914,4.069488525390625,208.40745162963867,212.4769401550293
1322,84645.2,84691.3,84599.5,84624.6,6810.0,-68.54448699951172,22.902002334594727,-49.26618576049805,91.44648933410645,72.16818809509277,19.278301239013672
1323,84623.4,84623.4,84466.6,84474.4,7868.0,-81.5014877319336,41.358245849609375,15.53597640991211,122.85973358154297,25.822269439697266,97.0374641418457
1324,84473.5,84506.1,84339.1,84506.1,8344.0,-54.998924255371094,5.233951091766357,6.049821853637695,60.23287534713745,0.8158707618713379,61.04874610900879
1325,84501.9,84535.7,84425.5,84470.1,5125.0,-69.52676391601562,-81.15670776367188,-38.57862091064453,11.62994384765625,42.578086853027344,30.948143005371094
1326,84473.0,84624.4,84473.0,84570.9,5409.0,-63.30565643310547,-67.87622833251953,5.541463375091553,4.5705718994140625,73.41769170761108,68.84711980819702
1327,84573.3,84586.9,84510.2,84570.1,5718.0,-33.83934783935547,-80.22206115722656,5.712700843811035,46.382713317871094,85.9347620010376,39.552048683166504
1328,84577.4,84577.4,84502.7,84553.3,5204.0,-37.76719665527344,8.326395034790039,-8.989156723022461,46.09359169006348,17.3155517578125,28.778039932250977
1329,84557.5,84573.1,84470.5,84474.8,3454.0,30.61757469177246,-90.34602355957031,-33.62797927856445,120.96359825134277,56.71804428100586,64.24555397033691
1330,84494.4,84595.0,84459.5,84595.0,3585.0,-62.26669692993164,-63.714576721191406,3.7927041053771973,1.4478797912597656,67.5072808265686,66.05940103530884
1331,84595.0,84641.1,84520.0,84520.0,5515.0,-63.34332275390625,-58.91380310058594,53.835426330566406,4.4295196533203125,112.74922943115234,117.17874908447266
1332,84520.0,84540.0,84436.8,84531.9,2068.0,-53.11008834838867,-69.63289642333984,-62.50226593017578,16.522808074951172,7.1306304931640625,9.39217758178711
1333,84528.5,84623.9,84528.5,84593.7,5397.0,4.526329517364502,-31.40569305419922,160.97679138183594,35.93202257156372,192.38248443603516,156.45046186447144
1334,84593.8,84623.9,84580.6,84607.0,2500.0,-10.71300220489502,-70.0383529663086,-53.67797088623047,59.325350761413574,16.360382080078125,42.96496868133545
1335,84602.0,84632.5,84525.2,84525.2,4342.0,-52.557373046875,-15.278048515319824,73.68000030517578,37.279324531555176,88.9580488204956,126.23737335205078
1336,84495.7,84515.5,84416.9,84435.8,6431.0,47.07574462890625,18.89443588256836,48.11146926879883,28.18130874633789,29.21703338623047,1.0357246398925781
1337,84437.8,84583.7,84433.5,84583.7,3990.0,40.12062072753906,-30.220355987548828,-37.95677185058594,70.34097671508789,7.736415863037109,78.077392578125
1338,84585.3,84629.4,84440.0,84440.0,3820.0,690.3185424804688,-26.594928741455078,-4.260651588439941,716.9134712219238,22.334277153015137,694.5791940689087
1339,84434.2,84550.9,84434.2,84512.1,3444.0,19.84206199645996,-0.28951939940452576,-9.842931747436523,20.131581395864487,9.553412348031998,29.684993743896484
1340,84500.1,84700.0,84494.2,84683.0,7857.0,110.46095275878906,119.16317749023438,128.13589477539062,8.702224731445312,8.97271728515625,17.674942016601562
1341,84682.9,84757.3,84664.2,84722.2,6431.0,-10.559005737304688,16.6092472076416,-18.14942169189453,27.16825294494629,34.75866889953613,7.590415954589844
1342,84732.9,84821.9,84731.4,84813.0,6394.0,213.74456787109375,209.1876220703125,-0.5753381848335266,4.55694580078125,209.76296025514603,214.31990605592728
1343,84816.3,84884.7,84795.9,84873.6,6753.0,95.52330017089844,25.12506866455078,5.614638805389404,70.39823150634766,19.510429859161377,89.90866136550903
1344,84876.0,84882.6,84729.1,84737.6,5693.0,0.389209508895874,127.72000885009766,-15.696727752685547,127.33079934120178,143.4167366027832,16.08593726158142
1345,84741.8,84950.0,84732.4,84931.7,23302.0,4.381778717041016,436.66510009765625,309.3096923828125,432.28332138061523,127.35540771484375,304.9279136657715
1346,84926.2,84950.0,84926.2,84930.6,3691.0,-15.827901840209961,-42.60612869262695,-84.16015625,26.778226852416992,41.55402755737305,68.33225440979004
1347,84930.5,84976.9,84930.5,84946.3,2009.0,75.25965881347656,-49.64912414550781,-45.57030487060547,124.90878295898438,4.078819274902344,120.82996368408203
1348,84946.2,84959.3,84922.1,84943.4,2789.0,-74.41902160644531,-26.98952865600586,38.825286865234375,47.42949295043945,65.81481552124023,113.24430847167969
1349,84943.5,84987.6,84943.5,84951.5,3120.0,-39.03578186035156,-9.407665252685547,11.868053436279297,29.628116607666016,21.275718688964844,50.90383529663086
1350,84951.6,84976.7,84937.7,84976.7,4769.0,205.69058227539062,-39.30253219604492,52.85256576538086,244.99311447143555,92.15509796142578,152.83801651000977
1351,84986.9,85033.2,84976.6,85021.0,3567.0,137.5852813720703,-44.5342903137207,-25.204444885253906,182.11957168579102,19.329845428466797,162.78972625732422
1352,85023.1,85095.1,84998.7,85054.4,7024.0,-23.206871032714844,9.852987289428711,96.91617584228516,33.059858322143555,87.06318855285645,120.123046875
1353,85060.0,85060.0,84988.0,84991.1,5809.0,-63.71576690673828,-13.978971481323242,-17.297836303710938,49.73679542541504,3.3188648223876953,46.417930603027344
1354,84995.0,84995.0,84926.9,84981.1,6869.0,71.73796844482422,20.656946182250977,18.247547149658203,51.08102226257324,2.4093990325927734,53.490421295166016
1355,84986.9,85125.0,84986.9,85079.5,4883.0,48.649208068847656,-79.04470825195312,-28.912506103515625,127.69391632080078,50.1322021484375,77.56171417236328
1356,85078.9,85287.3,85078.9,85214.9,12182.0,504.0737609863281,230.04608154296875,149.477783203125,274.0276794433594,80.56829833984375,354.5959777832031
1357,85207.9,85207.9,85091.6,85125.2,5917.0,-65.7554702758789,194.52462768554688,-51.42833709716797,260.2800979614258,245.95296478271484,14.327133178710938
1358,85123.3,85191.3,85115.6,85191.3,3562.0,-35.10563659667969,27.716026306152344,-39.800575256347656,62.82166290283203,67.5166015625,4.694938659667969
1359,85203.1,85266.4,85172.5,85266.3,7952.0,-14.475305557250977,154.8717803955078,123.24536895751953,169.3470859527588,31.62641143798828,137.7206745147705
1360,85266.3,85335.9,85224.6,85314.8,4649.0,-69.85539245605469,-2.5162506103515625,-41.536720275878906,67.33914184570312,39.020469665527344,28.31867218017578
1361,85314.7,85327.6,85257.9,85290.8,5677.0,-67.38628387451172,59.15335464477539,22.112281799316406,126.53963851928711,37.041072845458984,89.49856567382812
1362,85284.2,85385.0,85284.2,85349.3,4114.0,-71.79965209960938,-41.42938232421875,-27.532146453857422,30.370269775390625,13.897235870361328,44.26750564575195
1363,85349.3,85349.4,85323.7,85337.2,2560.0,64.2537841796875,-55.93045425415039,-37.77345657348633,120.18423843383789,18.156997680664062,102.02724075317383
1364,85337.2,85337.2,85219.7,85247.9,5227.0,246.76942443847656,-23.904497146606445,104.1796875,270.673921585083,128.08418464660645,142.58973693847656
1365,85249.9,85259.9,85178.6,85204.9,5217.0,21.906892776489258,6.840056896209717,-0.19131432473659515,15.066835880279541,7.031371220946312,22.098207101225853
1366,85204.9,85235.3,85140.2,85140.2,4989.0,-81.56107330322266,-59.046138763427734,-4.370327949523926,22.514934539794922,54.67581081390381,77.19074535369873
1367,85140.2,85235.6,85140.2,85232.7,4661.0,53.77299880981445,-21.226972579956055,-6.574463844299316,74.99997138977051,14.652508735656738,60.34746265411377
1368,85230.2,85332.6,85230.2,85308.8,3567.0,0.990233302116394,0.14037057757377625,-23.471357345581055,0.8498627245426178,23.61172792315483,24.46159064769745
1369,85308.7,85325.6,85247.1,85272.4,7719.0,-12.0780668258667,-2.9300804138183594,116.40033721923828,9.14798641204834,119.33041763305664,128.47840404510498
1370,85272.4,85299.3,85242.7,85271.8,3274.0,-0.24962015450000763,-29.57625389099121,-57.58517837524414,29.326633736491203,28.00892448425293,57.33555822074413
1371,85271.7,85385.0,85263.6,85385.0,9905.0,29.701255798339844,74.4759521484375,202.53512573242188,44.774696350097656,128.05917358398438,172.83386993408203
1372,85396.3,85402.3,85347.9,85376.7,7416.0,199.73556518554688,80.26251983642578,-25.12872314453125,119.4730453491211,105.39124298095703,224.86428833007812
1373,85376.6,85376.6,85336.1,85336.1,2453.0,-9.620014190673828,-4.1796875,-66.92286682128906,5.440326690673828,62.74317932128906,57.302852630615234
1374,85340.3,85340.3,85214.1,85227.1,3585.0,-83.84142303466797,-31.413814544677734,46.14757537841797,52.427608489990234,77.5613899230957,129.98899841308594
1375,85232.9,85265.0,85131.3,85150.6,4884.0,73.5091781616211,-6.382978916168213,36.234310150146484,79.8921570777893,42.6172890663147,37.27486801147461
1376,85156.9,85264.9,85137.6,85233.7,4093.0,-46.50257110595703,-17.959510803222656,-16.195741653442383,28.543060302734375,1.7637691497802734,30.30682945251465
1377,85217.6,85250.2,85187.9,85187.9,3042.0,-1.1862516403198242,-34.73503494262695,-25.67798614501953,33.54878330230713,9.057048797607422,24.491734504699707
1378,85188.0,85219.6,85140.7,85146.9,5387.0,68.22029113769531,51.02327346801758,77.08744049072266,17.197017669677734,26.064167022705078,8.867149353027344
1379,85147.0,85168.0,85123.9,85168.0,3676.0,78.82096099853516,-52.377254486083984,-31.761648178100586,131.19821548461914,20.6156063079834,110.58260917663574
1380,85173.0,85201.1,85145.5,85175.5,2938.0,18.463714599609375,-10.262675285339355,-20.076169967651367,28.72638988494873,9.813494682312012,38.53988456726074
1381,85175.4,85308.7,85175.4,85271.4,3374.0,129.3975067138672,-65.93639373779297,14.84002685546875,195.33390045166016,80.77642059326172,114.55747985839844
1382,85275.7,85346.8,85275.7,85335.1,4547.0,-41.14101028442383,-38.686622619628906,34.7658576965332,2.454387664794922,73.45248031616211,75.90686798095703
1383,85331.1,85396.9,85307.4,85363.7,5691.0,-27.80866241455078,132.0016326904297,25.159446716308594,159.81029510498047,106.8421859741211,52.968109130859375
1384,85363.6,85363.6,85312.6,85317.6,2770.0,27.13253402709961,-22.733610153198242,-51.326656341552734,49.86614418029785,28.593046188354492,78.45919036865234
1385,85312.7,85317.4,85182.3,85182.4,4293.0,-43.50297546386719,-12.100736618041992,54.98194885253906,31.402238845825195,67.08268547058105,98.48492431640625
1386,85182.3,85314.3,85164.8,85314.3,6325.0,-12.503250122070312,54.532127380371094,47.33286666870117,67.0353775024414,7.199260711669922,59.836116790771484
1387,85318.0,85318.0,85226.7,85286.0,4384.0,-45.11594772338867,44.11571502685547,-30.687747955322266,89.23166275024414,74.80346298217773,14.428199768066406
1388,85277.4,85298.6,85251.3,85282.4,2589.0,32.02650833129883,-51.939857482910156,-40.94434356689453,83.96636581420898,10.995513916015625,72.97085189819336
1389,85280.3,85297.1,85264.1,85288.1,4552.0,26.332927703857422,23.830249786376953,75.8207778930664,2.5026779174804688,51.99052810668945,49.487850189208984
1390,85288.0,85288.0,85264.0,85276.2,3669.0,-31.824026107788086,24.88087272644043,-19.398067474365234,56.704898834228516,44.278940200805664,12.425958633422852
1391,85272.0,85272.0,85151.5,85151.5,3295.0,-63.54172134399414,-2.3414344787597656,-10.193512916564941,61.200286865234375,7.852078437805176,53.3482084274292
1392,85151.5,85151.5,85096.9,85118.3,5627.0,29.652759552001953,23.751924514770508,70.7739028930664,5.900835037231445,47.0219783782959,41.12114334106445
1393,85116.5,85162.1,85071.1,85146.1,12648.0,-2.7274184226989746,122.24564361572266,124.7734146118164,124.97306203842163,2.52777099609375,127.50083303451538
1394,85146.1,85163.0,85140.2,85155.3,2485.0,-52.562557220458984,-10.288808822631836,-80.35262298583984,42.27374839782715,70.06381416320801,27.79006576538086
1395,85151.3,85174.3,85094.8,85128.9,11086.0,-53.0533447265625,158.2343292236328,346.11669921875,211.2876739501953,187.8823699951172,399.1700439453125
1396,85123.5,85173.4,85108.4,85152.5,4074.0,38.79976272583008,-35.588932037353516,-63.250946044921875,74.3886947631836,27.66201400756836,102.05070877075195
1397,85157.6,85200.0,85123.5,85194.5,3695.0,-24.24752426147461,-15.716240882873535,-9.302896499633789,8.531283378601074,6.413344383239746,14.94462776184082
1398,85184.5,85184.5,85100.1,85108.0,4026.0,-75.86331939697266,55.50405502319336,8.958051681518555,131.36737442016602,46.546003341674805,84.82137107849121
1399,85103.8,85173.6,85103.8,85126.0,5888.0,-64.84375,29.349735260009766,46.2493782043457,94.19348526000977,16.899642944335938,111.0931282043457
1400,85122.7,85122.7,85080.0,85080.0,5181.0,-21.258251190185547,41.210140228271484,-12.00747299194336,62.46839141845703,53.217613220214844,9.250778198242188
1401,85078.1,85119.0,85066.1,85083.9,5969.0,-29.4245548248291,81.15326690673828,15.209419250488281,110.57782173156738,65.94384765625,44.63397407531738
1402,85083.9,85083.9,85000.1,85000.1,7568.0,-51.54142379760742,34.49440383911133,26.788406372070312,86.03582763671875,7.705997467041016,78.32983016967773
1403,85000.0,85000.0,84768.8,84771.3,17413.0,-38.347354888916016,37.6739387512207,130.0872039794922,76.02129364013672,92.41326522827148,168.4345588684082
1404,84778.5,84901.1,84759.3,84759.4,18648.0,-14.535820007324219,650.4225463867188,7.092402458190918,664.958366394043,643.3301439285278,21.628222465515137
1405,84759.3,84817.5,84719.9,84794.5,17624.0,68.47745513916016,58.975284576416016,-5.49120569229126,9.50217056274414,64.46649026870728,73.96866083145142
1406,84797.2,84886.7,84790.4,84886.7,5479.0,-15.582191467285156,34.48698806762695,-68.91171264648438,50.06917953491211,103.39870071411133,53.32952117919922
1407,84894.2,85004.6,84875.5,84946.0,4911.0,95.77986907958984,32.90933609008789,-10.36685562133789,62.87053298950195,43.27619171142578,106.14672470092773
1408,84940.0,84940.0,84840.2,84886.5,2696.0,65.02130126953125,-33.03527069091797,-45.10282897949219,98.05657196044922,12.067558288574219,110.12413024902344
1409,84886.5,84920.4,84827.7,84827.7,2818.0,32.21076583862305,-52.13994216918945,4.5252227783203125,84.3507080078125,56.665164947509766,27.685543060302734
1410,84817.8,84817.8,84573.6,84573.6,10330.0,-34.37125778198242,99.38235473632812,266.5720520019531,133.75361251831055,167.189697265625,300.94330978393555
1411,84573.6,84623.7,84513.1,84548.0,4644.0,287.77984619140625,-22.19802474975586,-55.04356384277344,309.9778709411621,32.84553909301758,342.8234100341797
1412,84535.2,84575.2,84499.8,84537.8,6736.0,33.71769332885742,-10.993657112121582,45.0473747253418,44.711350440979004,56.04103183746338,11.329681396484375
1413,84545.2,84545.2,84415.2,84437.1,3132.0,71.02728271484375,-82.01344299316406,-53.503562927246094,153.0407257080078,28.50988006591797,124.53084564208984
1414,84438.1,84441.4,84411.0,84431.5,8019.0,113.71968078613281,-56.998069763183594,156.03448486328125,170.7177505493164,213.03255462646484,42.31480407714844
1415,84431.5,84431.5,84329.5,84329.7,4837.0,429.1820983886719,-72.5544662475586,-39.68075942993164,501.73656463623047,32.87370681762695,468.8628578186035
1416,84329.6,84573.8,84325.3,84543.5,4916.0,111.56185913085938,-10.27559757232666,1.6332437992095947,121.83745670318604,11.908841371536255,109.92861533164978
1417,84543.5,84674.9,84491.1,84563.8,7479.0,-56.460357666015625,52.290771484375,52.13588333129883,108.75112915039062,0.15488815307617188,108.59624099731445
1418,84555.4,84580.1,84402.6,84417.6,5340.0,-62.04069137573242,98.07122039794922,-28.600080490112305,160.11191177368164,126.67130088806152,33.44061088562012
1419,84426.5,84583.1,84420.1,84491.6,5714.0,-40.32229995727539,102.7679214477539,7.0037455558776855,143.0902214050293,95.76417589187622,47.326045513153076
1420,84489.1,84580.6,84489.1,84493.1,3700.0,48.4098014831543,-64.18199157714844,-35.246761322021484,112.59179306030273,28.935230255126953,83.65656280517578
1421,84493.1,84512.0,84401.3,84492.6,2634.0,-83.47545623779297,-43.281654357910156,-28.810810089111328,40.19380187988281,14.470844268798828,54.66464614868164
1422,84473.6,84607.2,84473.6,84543.7,9077.0,2.126077890396118,34.753562927246094,244.6089630126953,32.627485036849976,209.85540008544922,242.4828851222992
1423,84535.3,84594.5,84535.3,84573.6,3174.0,24.38604736328125,1.3409961462020874,-65.03250122070312,23.045051217079163,66.37349736690521,89.41854858398438
1424,84568.0,84662.5,84558.3,84662.4,4561.0,-34.07743835449219,-43.12258529663086,43.69880294799805,9.045146942138672,86.8213882446289,77.77624130249023
1425,84662.5,84971.1,84662.5,84875.6,23345.0,-78.42528533935547,382.63385009765625,411.8395080566406,461.0591354370117,29.205657958984375,490.2647933959961
1426,84873.3,84873.3,84697.5,84697.5,6030.0,-57.03499221801758,22.66069984436035,-74.17005920410156,79.69569206237793,96.83075904846191,17.135066986083984
1427,84697.5,84697.5,84500.0,84500.0,5918.0,6.427330493927002,-20.87177276611328,-1.8573797941207886,27.299103260040283,19.014392971992493,8.28471028804779
1428,84500.0,84565.7,84439.7,84562.1,4697.0,10.800000190734863,-12.04119873046875,-20.631969451904297,22.841198921203613,8.590770721435547,31.43196964263916
1429,84565.1,84598.8,84518.5,84570.2,2522.0,32.17189407348633,-55.862796783447266,-46.30615234375,88.0346908569336,9.556644439697266,78.47804641723633
1430,84579.0,84671.3,84562.1,84588.8,5727.0,-56.34990310668945,54.78378677368164,127.08168029785156,111.1336898803711,72.29789352416992,183.43158340454102
1431,84593.0,84593.0,84438.2,84500.6,5311.0,88.71794128417969,101.63249969482422,-7.263837814331055,12.914558410644531,108.89633750915527,95.98177909851074
1432,84504.8,84504.8,84356.0,84382.9,4358.0,171.48056030273438,-51.98854064941406,-17.943889617919922,223.46910095214844,34.04465103149414,189.4244499206543
1433,84389.4,84476.9,84312.4,84476.9,7078.0,-64.5623779296875,122.99938201904297,62.4139518737793,187.56175994873047,60.58543014526367,126.9763298034668
1434,84477.0,84488.0,84382.9,84434.7,5544.0,53.41496276855469,21.552291870117188,-21.672788619995117,31.8626708984375,43.225080490112305,75.0877513885498
1435,84447.3,84447.3,84367.8,84444.3,4011.0,-25.97486686706543,-82.81858825683594,-27.65151596069336,56.84372138977051,55.16707229614258,1.6766490936279297
1436,84444.3,84482.8,84433.5,84462.5,3019.0,27.224546432495117,-49.93366622924805,-24.73198699951172,77.15821266174316,25.201679229736328,51.956533432006836
1437,84464.0,84523.8,84395.9,84404.6,4104.0,-31.392818450927734,-30.652246475219727,35.93905258178711,0.7405719757080078,66.59129905700684,67.33187103271484
1438,84407.5,84426.2,84308.9,84344.0,3211.0,100.1444091796875,-31.63721466064453,-21.759260177612305,131.78162384033203,9.877954483032227,121.9036693572998
1439,84331.3,84382.0,84251.4,84285.8,8637.0,89.74077606201172,242.46627807617188,168.98162841796875,152.72550201416016,73.48464965820312,79.24085235595703
