bar,open,high,low,close,volume,batched,isolated,cpu,abs_bi,abs_ic,abs_bc
0,88066.7,88174.6,88048.0,88155.1,5735.0,0.0,0.0,0.0,0.0,0.0,0.0
1,88146.7,88160.1,88081.7,88081.7,4816.0,0.0,0.0,0.0,0.0,0.0,0.0
2,88080.4,88080.4,87849.9,87850.0,10862.0,0.0,0.0,0.0,0.0,0.0,0.0
3,87857.1,87944.5,87780.2,87930.1,15390.0,0.0,0.0,0.0,0.0,0.0,0.0
4,87930.2,88039.6,87930.2,87991.6,4863.0,87635.6796875,88001.6953125,88001.703125,366.015625,0.0078125,366.0234375
5,87980.8,87980.8,87852.6,87856.9,2161.0,87524.8515625,87953.4296875,87953.4375,428.578125,0.0078125,428.5859375
6,87862.5,87869.1,87773.9,87797.8,3002.0,87407.6640625,87901.5546875,87901.5546875,493.890625,0.0,493.890625
7,87794.2,87794.2,87660.4,87672.7,7045.0,87201.8125,87825.2734375,87825.2734375,623.4609375,0.0,623.4609375
8,87672.6,87704.8,87569.3,87664.0,6992.0,87139.875,87771.515625,87771.515625,631.640625,0.0,631.640625
9,87657.2,87718.7,87621.5,87639.1,4116.0,87101.3828125,87727.375,87727.375,625.9921875,0.0,625.9921875
10,87649.7,87726.9,87580.2,87580.2,5538.0,86955.125,87678.3203125,87678.3203125,723.1953125,0.0,723.1953125
11,87583.2,87604.9,87412.0,87430.1,7937.0,86893.984375,87595.578125,87595.578125,701.59375,0.0,701.59375
12,87427.6,87504.4,87326.9,87504.4,28049.0,86892.6875,87565.1875,87565.1875,672.5,0.0,672.5
13,87505.9,87647.8,87477.7,87600.8,5425.0,86934.65625,87577.0546875,87577.0546875,642.3984375,0.0,642.3984375
14,87596.5,87649.2,87531.3,87564.6,5409.0,86996.5078125,87572.90625,87572.90625,576.3984375,0.0,576.3984375
15,87564.6,87669.2,87529.0,87648.0,5356.0,87124.0703125,87597.9375,87597.9375,473.8671875,0.0,473.8671875
16,87649.4,87731.5,87631.9,87721.9,8400.0,87142.546875,87639.2578125,87639.2578125,496.7109375,0.0,496.7109375
17,87708.6,87759.6,87682.4,87759.6,6562.0,87160.6640625,87679.375,87679.375,518.7109375,0.0,518.7109375
18,87750.7,87750.7,87519.8,87519.8,4150.0,87136.640625,87626.1796875,87626.1796875,489.5390625,0.0,489.5390625
19,87502.6,87590.1,87498.4,87562.6,3954.0,87222.2578125,87604.984375,87604.984375,382.7265625,0.0,382.7265625
20,87566.9,87578.4,87328.7,87343.5,11941.0,87287.5078125,87517.8203125,87517.8203125,230.3125,0.0,230.3125
21,87343.4,87344.0,87227.3,87256.3,12379.0,87306.0078125,87430.6484375,87430.6484375,124.640625,0.0,124.640625
22,87252.7,87420.8,87252.7,87392.1,3767.0,87351.0390625,87417.796875,87417.796875,66.7578125,0.0,66.7578125
23,87392.1,87404.4,87287.0,87371.4,6300.0,87323.359375,87402.328125,87402.328125,78.96875,0.0,78.96875
24,87372.5,87475.6,87339.6,87471.7,3668.0,87304.5703125,87425.453125,87425.453125,120.8828125,0.0,120.8828125
25,87471.1,87484.4,87403.9,87439.2,2831.0,87321.9765625,87430.0390625,87430.0390625,108.0625,0.0,108.0625
26,87436.2,87436.2,87315.9,87370.4,3545.0,87283.0546875,87410.15625,87410.15625,127.1015625,0.0,127.1015625
27,87363.6,87377.7,87303.3,87303.3,4063.0,87194.8671875,87374.5390625,87374.5390625,179.671875,0.0,179.671875
28,87303.2,87318.1,87204.0,87204.0,3420.0,87205.6484375,87317.6953125,87317.6953125,112.046875,0.0,112.046875
29,87200.9,87280.4,87200.9,87257.5,3839.0,87225.9296875,87297.6328125,87297.6328125,71.703125,0.0,71.703125
30,87263.5,87278.8,87211.2,87226.8,13526.0,87187.921875,87274.0234375,87274.0234375,86.1015625,0.0,86.1015625
31,87226.1,87258.0,87206.6,87206.6,2066.0,87126.9140625,87251.546875,87251.546875,124.6328125,0.0,124.6328125
32,87205.6,87205.6,87154.6,87173.2,5683.0,87159.9765625,87225.4296875,87225.4296875,65.453125,0.0,65.453125
33,87173.3,87298.7,87173.3,87286.8,7188.0,87195.6171875,87245.8828125,87245.8828125,50.265625,0.0,50.265625
34,87283.7,87286.9,87182.4,87186.8,7126.0,87157.4140625,87226.1875,87226.1875,68.7734375,0.0,68.7734375
35,87183.8,87183.8,87080.0,87080.0,7382.0,87142.6796875,87177.4609375,87177.4609375,34.78125,0.0,34.78125
36,87080.0,87113.9,86878.6,86895.9,34739.0,87059.5546875,87083.609375,87083.609375,24.0546875,0.0,24.0546875
37,86901.3,86939.1,86776.4,86781.0,17855.0,86983.234375,86982.7421875,86982.7421875,0.4921875,0.0,0.4921875
38,86790.1,86895.4,86767.0,86877.6,13092.0,86822.421875,86947.6953125,86947.6953125,125.2734375,0.0,125.2734375
39,86877.7,86894.4,86752.5,86799.2,5481.0,86685.2109375,86898.1953125,86898.1953125,212.984375,0.0,212.984375
40,86806.7,86985.6,86797.5,86985.6,5524.0,86660.2734375,86927.328125,86927.328125,267.0546875,0.0,267.0546875
41,86985.6,87091.2,86985.6,87037.7,6819.0,86630.5859375,86964.1171875,86964.1171875,333.53125,0.0,333.53125
42,87042.2,87085.2,87006.2,87022.0,9574.0,86546.125,86983.4140625,86983.4140625,437.2890625,0.0,437.2890625
43,87016.0,87059.1,86992.0,87055.7,4562.0,86498.75,87007.5078125,87007.5078125,508.7578125,0.0,508.7578125
44,87037.1,87118.4,87034.5,87034.5,4385.0,86478.6640625,87016.5078125,87016.5078125,537.84375,0.0,537.84375
45,87034.0,87079.4,86918.0,86918.1,5614.0,86370.34375,86983.703125,86983.703125,613.359375,0.0,613.359375
46,86922.3,86999.7,86852.1,86965.0,3934.0,86148.1953125,86977.46875,86977.46875,829.2734375,0.0,829.2734375
47,86973.7,87026.1,86973.7,87022.1,3649.0,85956.796875,86992.34375,86992.34375,1035.546875,0.0,1035.546875
48,87024.4,87024.4,86888.0,86937.6,4724.0,85846.5625,86974.09375,86974.09375,1127.53125,0.0,1127.53125
49,86937.7,86946.2,86784.8,86834.6,8186.0,85876.9765625,86927.59375,86927.59375,1050.6171875,0.0,1050.6171875
50,86834.1,86875.0,86816.4,86816.4,3229.0,85888.6484375,86890.53125,86890.53125,1001.8828125,0.0,1001.8828125
51,86811.0,86811.0,86736.8,86747.7,8672.0,85780.796875,86842.921875,86842.921875,1062.125,0.0,1062.125
52,86747.7,86754.9,86632.4,86663.7,10621.0,85782.3984375,86783.1796875,86783.1796875,1000.78125,0.0,1000.78125
53,86662.6,86733.1,86656.0,86711.6,5251.0,85681.96875,86759.3203125,86759.3203125,1077.3515625,0.0,1077.3515625
54,86713.4,86797.0,86694.8,86776.0,8816.0,85707.6796875,86764.8828125,86764.8828125,1057.203125,0.0,1057.203125
55,86771.9,86843.4,86754.9,86843.1,8289.0,85736.5234375,86790.953125,86790.953125,1054.4296875,0.0,1054.4296875
56,86839.4,86843.2,86788.6,86793.6,4040.0,85843.8125,86791.8359375,86791.8359375,948.0234375,0.0,948.0234375
57,86791.6,86810.2,86771.6,86771.6,1637.0,85913.7109375,86785.09375,86785.09375,871.3828125,0.0,871.3828125
58,86771.7,86775.9,86561.1,86561.5,18764.0,85936.90625,86710.5625,86710.5625,773.65625,0.0,773.65625
59,86561.1,86653.2,86547.3,86632.5,11099.0,85964.3359375,86684.5390625,86684.5390625,720.203125,0.0,720.203125
60,86623.2,86749.9,86578.5,86691.8,11360.0,85912.921875,86686.9609375,86686.9609375,774.0390625,0.0,774.0390625
61,86692.1,86807.3,86674.1,86777.2,4944.0,85842.6796875,86717.0390625,86717.0390625,874.359375,0.0,874.359375
62,86777.1,86912.6,86772.8,86888.4,31143.0,85798.8203125,86774.15625,86774.15625,975.3359375,0.0,975.3359375
63,86890.1,86910.7,86847.2,86877.6,6761.0,85773.28125,86808.640625,86808.640625,1035.359375,0.0,1035.359375
64,86880.8,86880.8,86707.1,86707.1,6576.0,85754.8515625,86774.796875,86774.796875,1019.9453125,0.0,1019.9453125
65,86703.9,87030.3,86664.3,87004.3,7093.0,85780.6640625,86851.296875,86851.296875,1070.6328125,0.0,1070.6328125
66,87003.4,87029.3,86934.7,86960.8,9135.0,85678.40625,86887.796875,86887.796875,1209.390625,0.0,1209.390625
67,86961.3,87031.1,86961.3,87016.8,6887.0,85612.40625,86930.796875,86930.796875,1318.390625,0.0,1318.390625
68,87018.6,87098.9,86982.8,87042.9,4779.0,85626.5703125,86968.1640625,86968.1640625,1341.59375,0.0,1341.59375
69,87042.8,87089.4,86993.0,87040.7,3567.0,85666.25,86992.34375,86992.34375,1326.09375,0.0,1326.09375
70,87052.8,87151.8,87042.7,87146.3,5135.0,85740.6015625,87043.6640625,87043.6640625,1303.0625,0.0,1303.0625
71,87136.8,87202.0,87082.7,87141.6,9808.0,85845.734375,87076.3125,87076.3125,1230.578125,0.0,1230.578125
72,87141.5,87171.3,87077.6,87103.5,9815.0,85918.0546875,87085.375,87085.375,1167.3203125,0.0,1167.3203125
73,87120.2,87156.4,87092.1,87139.0,6378.0,85964.1328125,87103.25,87103.25,1139.1171875,0.0,1139.1171875
74,87127.1,87285.6,87127.1,87285.6,10418.0,85994.7578125,87164.03125,87164.03125,1169.2734375,0.0,1169.2734375
75,87286.3,87347.0,87230.6,87262.4,6640.0,86098.46875,87196.8203125,87196.8203125,1098.3515625,0.0,1098.3515625
76,87267.2,87304.4,87227.4,87265.9,7803.0,86178.4140625,87219.84375,87219.84375,1041.4296875,0.0,1041.4296875
77,87258.1,87397.0,87246.9,87381.6,5966.0,86208.1796875,87273.765625,87273.765625,1065.5859375,0.0,1065.5859375
78,87379.2,87416.2,87350.2,87382.5,8104.0,86211.1875,87310.0078125,87310.0078125,1098.8203125,0.0,1098.8203125
79,87385.3,87385.3,87203.1,87206.5,8375.0,86118.2890625,87275.5078125,87275.5078125,1157.21875,0.0,1157.21875
80,87197.9,87269.5,87184.0,87255.9,5466.0,86055.0625,87268.96875,87268.96875,1213.90625,0.0,1213.90625
81,87257.0,87259.1,87077.1,87085.8,11182.0,86074.078125,87207.9140625,87207.9140625,1133.8359375,0.0,1133.8359375
82,87078.5,87191.7,87067.9,87178.3,8493.0,86090.421875,87198.0390625,87198.0390625,1107.6171875,0.0,1107.6171875
83,87179.5,87211.0,87081.9,87101.3,4100.0,86126.9453125,87165.7890625,87165.7890625,1038.84375,0.0,1038.84375
84,87101.5,87165.0,87084.1,87164.6,4103.0,86097.4609375,87165.390625,87165.390625,1067.9296875,0.0,1067.9296875
85,87159.0,87263.8,87159.0,87263.8,7991.0,86051.40625,87198.1953125,87198.1953125,1146.7890625,0.0,1146.7890625
86,87263.8,87364.8,87257.3,87257.3,12821.0,86031.3671875,87217.8984375,87217.8984375,1186.53125,0.0,1186.53125
87,87254.8,87272.0,87194.2,87201.1,4852.0,85971.046875,87212.296875,87212.296875,1241.25,0.0,1241.25
88,87196.9,87344.5,87196.1,87273.3,9019.0,85921.796875,87232.6328125,87232.6328125,1310.8359375,0.0,1310.8359375
89,87273.3,87299.0,87234.8,87282.5,4458.0,85847.8671875,87249.2578125,87249.2578125,1401.390625,0.0,1401.390625
90,87282.4,87294.7,87186.6,87234.4,13604.0,85765.2421875,87244.3046875,87244.3046875,1479.0625,0.0,1479.0625
91,87234.5,87344.6,87234.5,87254.1,5698.0,85739.2578125,87247.5703125,87247.5703125,1508.3125,0.0,1508.3125
92,87254.0,87260.8,87090.8,87090.8,4446.0,85710.4375,87195.3125,87195.3125,1484.875,0.0,1484.875
93,87088.6,87156.5,87058.1,87150.2,4771.0,85699.4921875,87180.2734375,87180.2734375,1480.78125,0.0,1480.78125
94,87146.9,87224.5,87120.0,87136.1,7039.0,85674.6640625,87165.546875,87165.546875,1490.8828125,0.0,1490.8828125
95,87147.1,87212.5,87021.3,87200.3,6592.0,85640.7734375,87177.1328125,87177.1328125,1536.359375,0.0,1536.359375
96,87208.9,87303.3,87188.9,87287.3,7835.0,85624.046875,87213.8515625,87213.8515625,1589.8046875,0.0,1589.8046875
97,87292.2,87397.9,87289.2,87386.0,6161.0,85589.5,87271.234375,87271.234375,1681.734375,0.0,1681.734375
98,87393.5,87497.2,87393.5,87484.7,9223.0,85563.8984375,87342.390625,87342.390625,1778.4921875,0.0,1778.4921875
99,87479.7,87499.9,87346.1,87346.1,5379.0,85518.9296875,87343.625,87343.625,1824.6953125,0.0,1824.6953125
100,87346.2,87399.9,87346.2,87374.0,3442.0,85424.3515625,87353.75,87353.75,1929.3984375,0.0,1929.3984375
101,87368.5,87480.9,87358.2,87448.0,4521.0,85387.8359375,87385.1640625,87385.1640625,1997.328125,0.0,1997.328125
102,87444.3,87446.4,87365.9,87396.3,4579.0,85199.625,87388.875,87388.875,2189.25,0.0,2189.25
103,87418.0,87425.2,87303.7,87303.7,4357.0,84784.8515625,87360.484375,87360.484375,2575.6328125,0.0,2575.6328125
104,87298.5,87299.3,87195.9,87228.9,6647.0,84607.1640625,87316.625,87316.625,2709.4609375,0.0,2709.4609375
105,87225.0,87274.1,87190.0,87274.1,6185.0,84404.90625,87302.453125,87302.453125,2897.546875,0.0,2897.546875
106,87269.8,87339.4,87262.9,87336.5,2842.0,84338.8046875,87313.8046875,87313.8046875,2975.0,0.0,2975.0
107,87332.8,87389.0,87309.1,87343.0,3113.0,84189.3671875,87323.5390625,87323.5390625,3134.171875,0.0,3134.171875
108,87343.0,87361.8,87296.6,87357.5,5787.0,84107.546875,87334.859375,87334.859375,3227.3125,0.0,3227.3125
109,87367.3,87367.3,87300.2,87324.3,2920.0,84154.3671875,87331.3359375,87331.3359375,3176.96875,0.0,3176.96875
110,87324.1,87420.1,87299.5,87391.6,3281.0,84276.609375,87351.421875,87351.421875,3074.8125,0.0,3074.8125
111,87387.3,87426.6,87367.6,87367.6,3299.0,84375.40625,87356.8125,87356.8125,2981.40625,0.0,2981.40625
112,87370.5,87434.3,87366.8,87434.3,5919.0,84411.5078125,87382.640625,87382.640625,2971.1328125,0.0,2971.1328125
113,87441.1,87441.1,87327.1,87348.1,4270.0,84385.375,87371.125,87371.125,2985.75,0.0,2985.75
114,87348.0,87402.0,87325.2,87387.7,2276.0,84394.453125,87376.6484375,87376.6484375,2982.1953125,0.0,2982.1953125
115,87379.9,87435.9,87357.2,87418.0,3605.0,84259.8046875,87390.4296875,87390.4296875,3130.625,0.0,3130.625
116,87412.0,87412.0,87284.7,87319.5,3262.0,84100.171875,87366.7890625,87366.7890625,3266.6171875,0.0,3266.6171875
117,87323.4,87333.8,87269.7,87269.7,3139.0,84054.484375,87334.4296875,87334.4296875,3279.9453125,0.0,3279.9453125
118,87268.0,87268.0,87192.3,87228.9,4089.0,83936.453125,87299.25,87299.25,3362.796875,0.0,3362.796875
119,87233.8,87283.9,87226.1,87283.9,1985.0,83890.8671875,87294.1328125,87294.1328125,3403.265625,0.0,3403.265625
120,87283.9,87334.5,87282.3,87327.1,2113.0,83889.7109375,87305.125,87305.125,3415.4140625,0.0,3415.4140625
121,87327.1,87342.2,87293.3,87342.2,2732.0,83828.2109375,87317.484375,87317.484375,3489.2734375,0.0,3489.2734375
122,87346.3,87440.5,87267.0,87267.0,4450.0,83812.9765625,87300.65625,87300.65625,3487.6796875,0.0,3487.6796875
123,87267.0,87291.5,87154.6,87233.4,12040.0,83777.71875,87278.234375,87278.234375,3500.515625,0.0,3500.515625
124,87229.9,87343.2,87223.0,87322.4,6250.0,83660.4140625,87292.953125,87292.953125,3632.5390625,0.0,3632.5390625
125,87321.5,87395.6,87312.0,87383.6,3558.0,83513.0390625,87323.171875,87323.171875,3810.1328125,0.0,3810.1328125
126,87388.6,87466.1,87370.7,87449.7,5254.0,83268.328125,87365.3515625,87365.3515625,4097.0234375,0.0,4097.0234375
127,87450.7,87466.7,87295.4,87343.6,16226.0,83161.953125,87358.1015625,87358.1015625,4196.1484375,0.0,4196.1484375
128,87356.8,87381.6,87285.9,87330.1,8568.0,82966.734375,87348.765625,87348.765625,4382.03125,0.0,4382.03125
129,87339.4,87339.4,87218.9,87218.9,4133.0,82886.2578125,87305.4765625,87305.4765625,4419.21875,0.0,4419.21875
130,87202.4,87283.3,87168.3,87237.2,3723.0,82682.8046875,87282.71875,87282.71875,4599.9140625,0.0,4599.9140625
131,87239.7,87262.3,87175.9,87235.0,3241.0,82606.46875,87266.8125,87266.8125,4660.34375,0.0,4660.34375
132,87247.9,87259.9,87183.5,87198.4,4240.0,82430.4765625,87244.0078125,87244.0078125,4813.53125,0.0,4813.53125
133,87205.2,87233.0,87176.7,87185.5,1926.0,82243.984375,87224.5078125,87224.5078125,4980.5234375,0.0,4980.5234375
134,87182.6,87182.6,87080.3,87157.2,6053.0,82265.7890625,87202.0703125,87202.0703125,4936.28125,0.0,4936.28125
135,87147.5,87234.0,87147.5,87233.0,3708.0,82162.5625,87212.3828125,87212.3828125,5049.8203125,0.0,5049.8203125
136,87229.2,87275.8,87143.6,87155.3,7892.0,82097.0078125,87193.3515625,87193.3515625,5096.34375,0.0,5096.34375
137,87155.4,87198.1,87005.4,87017.6,15190.0,82106.0703125,87134.765625,87134.765625,5028.6953125,0.0,5028.6953125
138,87018.5,87075.7,87005.2,87075.7,9681.0,82218.78125,87115.078125,87115.078125,4896.296875,0.0,4896.296875
139,87068.2,87068.2,86884.7,86918.4,9446.0,82375.953125,87049.515625,87049.515625,4673.5625,0.0,4673.5625
140,86923.9,86925.9,86830.4,86912.9,6178.0,82448.765625,87003.9765625,87003.9765625,4555.2109375,0.0,4555.2109375
141,86915.6,87056.8,86915.6,87049.1,8672.0,82477.046875,87019.015625,87019.015625,4541.96875,0.0,4541.96875
142,87049.1,87251.5,87049.1,87242.7,7613.0,82558.5625,87093.578125,87093.578125,4535.015625,0.0,4535.015625
143,87227.2,87331.2,87227.2,87306.4,14326.0,82615.171875,87164.515625,87164.515625,4549.34375,0.0,4549.34375
144,87306.3,87306.3,87113.3,87159.9,50306.0,82703.9453125,87162.9765625,87162.9765625,4459.03125,0.0,4459.03125
145,87164.3,87203.0,87143.6,87181.7,14310.0,82820.328125,87169.21875,87169.21875,4348.890625,0.0,4348.890625
146,87183.5,87394.7,87183.5,87356.0,7122.0,82863.3828125,87231.4765625,87231.4765625,4368.09375,0.0,4368.09375
147,87368.6,87397.5,87249.7,87268.0,3750.0,82922.15625,87243.6484375,87243.6484375,4321.4921875,0.0,4321.4921875
148,87266.5,87266.5,87183.7,87217.1,3825.0,82951.140625,87234.796875,87234.796875,4283.65625,0.0,4283.65625
149,87200.8,87325.8,87200.8,87286.3,5999.0,82963.4921875,87251.9609375,87251.9609375,4288.46875,0.0,4288.46875
150,87278.5,87324.1,87270.8,87315.4,3828.0,83002.328125,87273.109375,87273.109375,4270.78125,0.0,4270.78125
151,87315.5,87327.8,87211.1,87211.1,2126.0,82895.1484375,87252.4375,87252.4375,4357.2890625,0.0,4357.2890625
152,87207.4,87207.4,87079.5,87094.4,6031.0,82740.796875,87199.7578125,87199.7578125,4458.9609375,0.0,4458.9609375
153,87111.9,87161.5,87092.5,87128.8,4104.0,82599.53125,87176.1015625,87176.1015625,4576.5703125,0.0,4576.5703125
154,87116.6,87131.4,87081.3,87081.3,2055.0,82519.0234375,87144.5,87144.5,4625.4765625,0.0,4625.4765625
155,87080.0,87080.0,86926.0,86933.7,4617.0,82459.78125,87074.234375,87074.234375,4614.453125,0.0,4614.453125
156,86946.5,87017.3,86910.8,87017.3,4854.0,82411.984375,87055.2578125,87055.2578125,4643.2734375,0.0,4643.2734375
157,87023.3,87069.6,86971.3,87004.0,3525.0,82341.5546875,87038.171875,87038.171875,4696.6171875,0.0,4696.6171875
158,87004.9,87153.3,87004.9,87103.2,7838.0,82245.203125,87059.8515625,87059.8515625,4814.6484375,0.0,4814.6484375
159,87098.0,87153.9,87067.0,87098.1,2920.0,82176.3359375,87072.6015625,87072.6015625,4896.265625,0.0,4896.265625
160,87101.9,87141.3,87089.1,87089.1,6354.0,81967.0234375,87078.1015625,87078.1015625,5111.078125,0.0,5111.078125
161,87088.1,87152.0,87075.8,87148.2,2718.0,81648.546875,87101.46875,87101.46875,5452.921875,0.0,5452.921875
162,87148.2,87220.1,87142.5,87220.1,3075.0,81626.03125,87141.015625,87141.015625,5514.984375,0.0,5514.984375
163,87226.1,87260.8,87217.8,87243.1,2324.0,81921.1171875,87175.046875,87175.046875,5253.9296875,0.0,5253.9296875
164,87250.2,87250.2,87197.9,87236.4,2364.0,82197.7421875,87195.5,87195.5,4997.7578125,0.0,4997.7578125
165,87239.3,87340.2,87231.4,87340.1,3636.0,82549.359375,87243.703125,87243.703125,4694.34375,0.0,4694.34375
166,87331.3,87331.3,87163.4,87212.3,16197.0,82828.40625,87233.234375,87233.234375,4404.828125,0.0,4404.828125
167,87209.9,87275.8,87209.9,87275.7,6730.0,82989.5078125,87247.390625,87247.390625,4257.8828125,0.0,4257.8828125
168,87266.9,87281.3,87238.0,87241.9,3204.0,83114.9375,87245.5625,87245.5625,4130.625,0.0,4130.625
169,87240.0,87266.2,87151.5,87151.5,3662.0,83228.2890625,87214.2109375,87214.2109375,3985.921875,0.0,3985.921875
170,87144.2,87230.2,87144.2,87230.2,2223.0,83368.2578125,87219.5390625,87219.5390625,3851.28125,0.0,3851.28125
171,87221.2,87257.5,87178.1,87211.1,3237.0,83651.2421875,87216.7265625,87216.7265625,3565.484375,0.0,3565.484375
172,87215.6,87223.3,87083.0,87083.0,6893.0,83715.3984375,87172.1484375,87172.1484375,3456.75,0.0,3456.75
173,87081.0,87085.5,86996.2,87006.1,7449.0,83662.1953125,87116.796875,87116.796875,3454.6015625,0.0,3454.6015625
174,87003.5,87043.2,87003.5,87043.1,6087.0,83586.8984375,87092.234375,87092.234375,3505.3359375,0.0,3505.3359375
175,87048.4,87072.2,87023.0,87055.9,3957.0,83704.6328125,87080.125,87080.125,3375.4921875,0.0,3375.4921875
176,87062.6,87110.1,87036.0,87042.7,3693.0,83850.21875,87067.6484375,87067.6484375,3217.4296875,0.0,3217.4296875
177,87048.3,87113.2,87048.3,87113.2,3309.0,83961.3828125,87082.8359375,87082.8359375,3121.453125,0.0,3121.453125
178,87113.2,87170.8,87084.3,87104.6,2723.0,84044.0859375,87090.09375,87090.09375,3046.0078125,0.0,3046.0078125
179,87104.6,87104.6,87035.5,87052.0,4439.0,84095.7890625,87077.3984375,87077.3984375,2981.609375,0.0,2981.609375
180,87046.0,87068.7,87030.2,87033.0,1778.0,84048.2578125,87062.6015625,87062.6015625,3014.34375,0.0,3014.34375
181,87034.8,87046.3,87000.5,87004.0,2719.0,84022.0703125,87043.0703125,87043.0703125,3021.0,0.0,3021.0
182,87001.9,87003.2,86893.3,86893.3,8052.0,84007.8125,86993.1484375,86993.1484375,2985.3359375,0.0,2985.3359375
183,86893.3,86991.3,86885.6,86970.4,5381.0,83878.2109375,86985.5625,86985.5625,3107.3515625,0.0,3107.3515625
184,86976.8,86988.5,86935.2,86935.2,6084.0,83835.140625,86968.7734375,86968.7734375,3133.6328125,0.0,3133.6328125
185,86935.1,86936.0,86728.6,86737.0,15394.0,83751.359375,86891.515625,86891.515625,3140.15625,0.0,3140.15625
186,86737.0,86809.0,86600.0,86688.9,33820.0,83921.40625,86823.9765625,86823.9765625,2902.5703125,0.0,2902.5703125
187,86691.1,86839.5,86691.1,86833.1,5536.0,84234.5703125,86827.015625,86827.015625,2592.4453125,0.0,2592.4453125
188,86830.6,86913.0,86830.6,86846.2,7789.0,84499.3125,86833.4140625,86833.4140625,2334.1015625,0.0,2334.1015625
189,86839.2,86842.7,86651.1,86659.8,12443.0,84421.4453125,86775.5390625,86775.5390625,2354.09375,0.0,2354.09375
190,86672.6,86716.7,86653.2,86716.7,4318.0,84661.5,86755.9296875,86755.9296875,2094.4296875,0.0,2094.4296875
191,86721.4,86721.4,86618.2,86643.8,3803.0,84794.3671875,86718.5546875,86718.5546875,1924.1875,0.0,1924.1875
192,86646.7,86660.6,86403.9,86496.2,24834.0,84686.5078125,86644.4375,86644.4375,1957.9296875,0.0,1957.9296875
193,86500.8,86584.7,86418.7,86453.0,17044.0,84631.0390625,86580.625,86580.625,1949.5859375,0.0,1949.5859375
194,86455.9,86497.4,86401.9,86444.9,7346.0,84528.890625,86535.3828125,86535.3828125,2006.4921875,0.0,2006.4921875
195,86440.1,86555.3,86408.2,86526.5,4643.0,84333.6953125,86532.421875,86532.421875,2198.7265625,0.0,2198.7265625
196,86526.5,86618.0,86492.5,86541.7,8116.0,84201.3671875,86535.515625,86535.515625,2334.1484375,0.0,2334.1484375
197,86535.9,86535.9,86402.0,86402.1,4754.0,84057.28125,86491.046875,86491.046875,2433.765625,0.0,2433.765625
198,86410.8,86438.8,86176.2,86180.7,17726.0,83969.3203125,86387.6015625,86387.6015625,2418.28125,0.0,2418.28125
199,86180.7,86411.4,86180.7,86403.0,18165.0,83727.578125,86392.734375,86392.734375,2665.15625,0.0,2665.15625
200,86403.7,86516.5,86308.2,86516.5,9042.0,83441.8515625,86433.9921875,86433.9921875,2992.140625,0.0,2992.140625
201,86520.8,86776.4,86520.8,86756.3,28362.0,83403.96875,86541.4296875,86541.4296875,3137.4609375,0.0,3137.4609375
202,86747.8,86747.8,86580.5,86610.5,10924.0,83217.9140625,86564.453125,86564.453125,3346.5390625,0.0,3346.5390625
203,86610.4,86780.8,86590.9,86748.0,15765.0,83119.40625,86625.6328125,86625.6328125,3506.2265625,0.0,3506.2265625
204,86748.0,86786.9,86667.8,86706.6,4021.0,83027.5390625,86652.625,86652.625,3625.0859375,0.0,3625.0859375
205,86703.3,86798.4,86669.7,86731.1,5333.0,82912.7578125,86678.78125,86678.78125,3766.0234375,0.0,3766.0234375
206,86722.3,86722.3,86635.2,86676.4,11247.0,82847.0390625,86677.984375,86677.984375,3830.9453125,0.0,3830.9453125
207,86694.1,86698.7,86556.8,86579.7,4820.0,82859.7578125,86645.2265625,86645.2265625,3785.46875,0.0,3785.46875
208,86571.2,86596.5,86552.1,86578.7,3897.0,82900.3046875,86623.0546875,86623.0546875,3722.75,0.0,3722.75
209,86574.5,86660.9,86495.6,86495.6,9383.0,82991.734375,86580.5703125,86580.5703125,3588.8359375,0.0,3588.8359375
210,86495.8,86508.7,86253.3,86398.1,9546.0,83027.953125,86519.75,86519.75,3491.796875,0.0,3491.796875
211,86398.1,86542.0,86398.1,86528.6,8732.0,83224.0703125,86522.703125,86522.703125,3298.6328125,0.0,3298.6328125
212,86531.9,86568.2,86352.6,86352.8,9250.0,83315.578125,86466.0703125,86466.0703125,3150.4921875,0.0,3150.4921875
213,86377.2,86444.9,86317.1,86433.1,8618.0,83408.1875,86455.078125,86455.078125,3046.890625,0.0,3046.890625
214,86428.1,86534.8,86383.7,86524.9,4693.0,83761.828125,86478.3515625,86478.3515625,2716.5234375,0.0,2716.5234375
215,86525.0,86670.4,86509.6,86589.1,7676.0,84056.3515625,86515.265625,86515.265625,2458.9140625,0.0,2458.9140625
216,86578.0,86640.7,86530.3,86562.6,5424.0,84275.265625,86531.046875,86531.046875,2255.78125,0.0,2255.78125
217,86559.3,86609.8,86391.6,86395.6,13155.0,84654.875,86485.8984375,86485.8984375,1831.0234375,0.0,1831.0234375
218,86404.0,86468.1,86379.2,86466.4,3063.0,84825.3515625,86479.3984375,86479.3984375,1654.046875,0.0,1654.046875
219,86466.4,86488.8,86301.9,86347.8,9455.0,84931.8359375,86435.53125,86435.53125,1503.6953125,0.0,1503.6953125
220,86357.6,86492.7,86353.3,86484.3,4486.0,85017.15625,86451.7890625,86451.7890625,1434.6328125,0.0,1434.6328125
221,86475.5,86483.5,86409.6,86432.5,7786.0,85062.5078125,86445.359375,86445.359375,1382.8515625,0.0,1382.8515625
222,86432.5,86488.2,86357.0,86447.1,5794.0,85155.7421875,86445.9375,86445.9375,1290.1953125,0.0,1290.1953125
223,86438.5,86438.5,86282.0,86331.4,7853.0,85186.328125,86407.7578125,86407.7578125,1221.4296875,0.0,1221.4296875
224,86328.9,86352.0,85852.6,85882.9,137327.0,85204.25,86232.8046875,86232.8046875,1028.5546875,0.0,1028.5546875
225,85887.1,86099.9,85852.2,86006.9,21941.0,85211.0,86157.5,86157.5,946.5,0.0,946.5
226,86007.0,86190.6,86007.0,86186.3,11137.0,85142.796875,86167.1015625,86167.1015625,1024.3046875,0.0,1024.3046875
227,86187.5,86250.8,86051.9,86138.2,10003.0,85080.9296875,86157.46875,86157.46875,1076.5390625,0.0,1076.5390625
228,86153.7,86259.6,86135.6,86209.9,8193.0,84921.984375,86174.9453125,86174.9453125,1252.9609375,0.0,1252.9609375
229,86209.9,86234.3,86131.4,86162.9,4426.0,84614.125,86170.9296875,86170.9296875,1556.8046875,0.0,1556.8046875
230,86167.4,86250.8,86140.2,86152.9,9285.0,84340.3203125,86164.921875,86164.921875,1824.6015625,0.0,1824.6015625
231,86169.3,86169.3,85990.9,86043.0,9036.0,84042.2109375,86124.28125,86124.28125,2082.0703125,0.0,2082.0703125
232,86033.5,86036.6,85656.5,85703.8,56064.0,83848.2734375,85984.1171875,85984.1171875,2135.84375,0.0,2135.84375
233,85703.9,85852.2,85703.9,85767.8,27207.0,83859.1796875,85912.0078125,85912.0078125,2052.828125,0.0,2052.828125
234,85762.0,85850.4,85727.8,85815.1,7963.0,84043.8515625,85879.703125,85879.703125,1835.8515625,0.0,1835.8515625
235,85832.0,85832.0,85600.1,85702.0,20876.0,84199.203125,85820.46875,85820.46875,1621.265625,0.0,1621.265625
236,85701.9,85803.3,85600.1,85627.9,31337.0,84248.0,85756.28125,85756.28125,1508.28125,0.0,1508.28125
237,85624.6,85683.4,85558.8,85574.3,29383.0,84351.6640625,85695.6171875,85695.6171875,1343.953125,0.0,1343.953125
238,85574.0,85631.1,85473.9,85502.9,21038.0,84474.5390625,85631.375,85631.375,1156.8359375,0.0,1156.8359375
239,85529.6,85593.1,85345.5,85439.8,37207.0,84511.0625,85567.515625,85567.515625,1056.453125,0.0,1056.453125
240,85439.7,85659.3,85427.1,85647.1,10836.0,84523.2421875,85594.046875,85594.046875,1070.8046875,0.0,1070.8046875
241,85625.5,85680.6,85510.3,85680.6,6731.0,84540.1640625,85622.8984375,85622.8984375,1082.734375,0.0,1082.734375
242,85680.5,85680.9,85575.1,85613.4,6608.0,84566.4453125,85619.734375,85619.734375,1053.2890625,0.0,1053.2890625
243,85626.1,85699.9,85549.1,85575.0,10137.0,84613.9609375,85604.8203125,85604.8203125,990.859375,0.0,990.859375
244,85598.0,85715.5,85572.4,85672.9,7328.0,84699.640625,85627.515625,85627.515625,927.875,0.0,927.875
245,85673.0,85999.4,85673.0,85932.5,15574.0,84778.859375,85729.1796875,85729.1796875,950.3203125,0.0,950.3203125
246,85934.9,86054.4,85926.3,85992.9,11959.0,84766.8359375,85817.0859375,85817.0859375,1050.25,0.0,1050.25
247,86000.8,86040.4,85902.2,85936.9,8689.0,84784.421875,85857.0234375,85857.0234375,1072.6015625,0.0,1072.6015625
248,85937.8,86035.6,85926.0,86014.1,10299.0,84742.078125,85909.3828125,85909.3828125,1167.3046875,0.0,1167.3046875
249,86025.2,86025.2,85833.7,85839.4,5731.0,84617.1171875,85886.0546875,85886.0546875,1268.9375,0.0,1268.9375
250,85839.5,85941.5,85839.4,85930.4,4302.0,84491.546875,85900.8359375,85900.8359375,1409.2890625,0.0,1409.2890625
251,85921.9,85930.2,85830.6,85879.7,6486.0,84403.03125,85893.7890625,85893.7890625,1490.7578125,0.0,1490.7578125
252,85896.6,85930.0,85835.3,85912.9,4643.0,84348.5546875,85900.15625,85900.15625,1551.6015625,0.0,1551.6015625
253,85912.0,85912.0,85813.0,85827.0,2945.0,84199.0390625,85875.7734375,85875.7734375,1676.734375,0.0,1676.734375
254,85829.2,85829.2,85720.1,85774.1,4394.0,84204.125,85841.8828125,85841.8828125,1637.7578125,0.0,1637.7578125
255,85783.3,85943.9,85783.3,85942.9,5970.0,84107.6796875,85875.5546875,85875.5546875,1767.875,0.0,1767.875
256,85925.4,85974.4,85701.9,85718.3,10857.0,84019.6875,85823.1328125,85823.1328125,1803.4453125,0.0,1803.4453125
257,85718.3,85718.7,85533.6,85565.1,10773.0,83896.625,85737.125,85737.125,1840.5,0.0,1840.5
258,85565.1,85646.5,85544.6,85624.6,4371.0,83756.3203125,85699.6171875,85699.6171875,1943.296875,0.0,1943.296875
259,85624.7,85642.1,85466.0,85526.5,10898.0,83802.578125,85641.9140625,85641.9140625,1839.3359375,0.0,1839.3359375
260,85510.1,85640.6,85480.2,85621.2,6778.0,83890.8203125,85635.0078125,85635.0078125,1744.1875,0.0,1744.1875
261,85621.2,85773.2,85621.2,85727.2,7407.0,84091.046875,85665.7421875,85665.7421875,1574.6953125,0.0,1574.6953125
262,85729.2,85785.5,85703.8,85785.5,9769.0,84203.6640625,85705.6640625,85705.6640625,1502.0,0.0,1502.0
263,85785.6,85804.4,85650.4,85658.2,8415.0,84348.1796875,85689.84375,85689.84375,1341.6640625,0.0,1341.6640625
264,85657.3,85657.3,85495.8,85533.1,4775.0,84439.921875,85637.59375,85637.59375,1197.671875,0.0,1197.671875
265,85534.1,85579.5,85432.9,85462.1,9237.0,84485.75,85579.09375,85579.09375,1093.34375,0.0,1093.34375
266,85469.8,85567.3,85445.9,85535.4,10767.0,84500.0,85564.53125,85564.53125,1064.53125,0.0,1064.53125
267,85533.0,85579.6,85487.1,85487.2,2838.0,84528.4296875,85538.7578125,85538.7578125,1010.328125,0.0,1010.328125
268,85481.1,85625.0,85474.8,85612.1,6635.0,84624.3828125,85563.203125,85563.203125,938.8203125,0.0,938.8203125
269,85604.5,85711.2,85604.5,85687.9,6297.0,84731.65625,85604.765625,85604.765625,873.109375,0.0,873.109375
270,85687.5,85792.8,85609.7,85792.8,6186.0,84841.1015625,85667.4453125,85667.4453125,826.34375,0.0,826.34375
271,85800.0,85853.5,85674.6,85701.6,7363.0,84935.1640625,85678.828125,85678.828125,743.6640625,0.0,743.6640625
272,85704.4,85796.4,85675.8,85759.0,4660.0,85073.2109375,85705.5546875,85705.5546875,632.34375,0.0,632.34375
273,85759.1,85772.3,85654.9,85654.9,4528.0,85125.5390625,85688.671875,85688.671875,563.1328125,0.0,563.1328125
274,85663.4,85663.4,85579.3,85613.0,4202.0,85209.2265625,85663.4453125,85663.4453125,454.21875,0.0,454.21875
275,85617.9,85650.0,85577.4,85630.5,2748.0,85202.1484375,85652.4609375,85652.4609375,450.3125,0.0,450.3125
276,85642.8,85944.7,85642.2,85944.6,6701.0,85245.1328125,85749.84375,85749.84375,504.7109375,0.0,504.7109375
277,85933.7,85994.8,85778.8,85800.3,9326.0,85255.890625,85766.6640625,85766.6640625,510.7734375,0.0,510.7734375
278,85794.2,85898.8,85778.1,85867.2,8023.0,85209.4296875,85800.1796875,85800.1796875,590.75,0.0,590.75
279,85855.5,85914.1,85800.5,85871.9,6588.0,85201.1171875,85824.0859375,85824.0859375,622.96875,0.0,622.96875
280,85866.2,86031.3,85852.7,85988.0,11707.0,85134.078125,85878.7265625,85878.7265625,744.6484375,0.0,744.6484375
281,85988.0,86090.0,85977.8,86068.3,5521.0,85069.3828125,85941.9140625,85941.9140625,872.53125,0.0,872.53125
282,86062.7,86078.8,86009.1,86047.9,4429.0,84894.65625,85977.2421875,85977.2421875,1082.5859375,0.0,1082.5859375
283,86058.4,86129.3,86037.8,86071.8,4974.0,84781.5703125,86008.7578125,86008.7578125,1227.1875,0.0,1227.1875
284,86067.5,86108.6,86045.0,86058.0,3915.0,84699.4765625,86025.171875,86025.171875,1325.6953125,0.0,1325.6953125
285,86058.0,86125.1,86053.1,86063.0,4532.0,84632.984375,86037.78125,86037.78125,1404.796875,0.0,1404.796875
286,86062.2,86062.2,85998.7,85998.7,2655.0,84551.7890625,86024.7578125,86024.7578125,1472.96875,0.0,1472.96875
287,85999.1,86071.6,85999.0,86045.6,4464.0,84503.6953125,86031.703125,86031.703125,1528.0078125,0.0,1528.0078125
288,86053.5,86057.0,85921.6,85951.1,5981.0,85650.6328125,86004.8359375,86004.8359375,354.203125,0.0,354.203125
289,85957.7,85994.0,85936.4,85974.5,3532.0,86335.3515625,85994.7265625,85994.7265625,340.625,0.0,340.625
290,85967.0,85997.2,85936.1,85997.2,6763.0,86772.8359375,85995.5546875,85995.5546875,777.28125,0.0,777.28125
291,85997.2,86001.5,85941.1,85958.6,3057.0,87098.7890625,85983.234375,85983.234375,1115.5546875,0.0,1115.5546875
292,85971.0,86022.3,85971.0,85995.9,4989.0,87200.65625,85987.453125,85987.453125,1213.203125,0.0,1213.203125
293,85983.3,85996.5,85935.9,85962.2,5489.0,87239.8046875,85979.0390625,85979.0390625,1260.765625,0.0,1260.765625
294,85966.3,85986.7,85891.4,85922.4,8574.0,87259.4375,85960.15625,85960.15625,1299.28125,0.0,1299.28125
295,85918.2,85984.1,85918.2,85975.6,6319.0,87138.09375,85965.3046875,85965.3046875,1172.7890625,0.0,1172.7890625
296,85962.7,85986.5,85945.6,85961.5,4096.0,87111.765625,85964.0390625,85964.0390625,1147.7265625,0.0,1147.7265625
297,85962.6,86028.1,85961.3,86020.9,4533.0,87082.640625,85982.9921875,85982.9921875,1099.6484375,0.0,1099.6484375
298,86019.2,86020.8,85968.5,85968.5,2496.0,86966.125,85978.1640625,85978.1640625,987.9609375,0.0,987.9609375
299,85964.2,85964.2,85817.3,85832.3,3535.0,86902.71875,85929.5390625,85929.5390625,973.1796875,0.0,973.1796875
300,85817.3,85865.2,85798.6,85861.3,10066.0,86905.3828125,85906.7890625,85906.7890625,998.59375,0.0,998.59375
301,85863.3,85863.3,85794.8,85802.0,9386.0,86969.890625,85871.859375,85871.859375,1098.03125,0.0,1098.03125
302,85800.1,85864.7,85765.8,85810.0,5590.0,87032.0625,85851.2421875,85851.2421875,1180.8203125,0.0,1180.8203125
303,85810.1,85859.5,85810.1,85828.0,3362.0,87160.109375,85843.4921875,85843.4921875,1316.6171875,0.0,1316.6171875
304,85822.3,85860.8,85822.1,85831.6,5387.0,87177.0703125,85839.53125,85839.53125,1337.5390625,0.0,1337.5390625
305,85822.8,85888.9,85697.6,85697.6,6473.0,87232.8828125,85792.21875,85792.21875,1440.6640625,0.0,1440.6640625
306,85695.3,85766.4,85656.3,85766.1,10213.0,87207.421875,85783.515625,85783.515625,1423.90625,0.0,1423.90625
307,85766.5,85852.0,85671.8,85693.6,3404.0,87304.015625,85753.546875,85753.546875,1550.46875,0.0,1550.46875
308,85702.2,85723.8,85620.9,85622.9,5585.0,87344.4140625,85710.0,85710.0,1634.4140625,0.0,1634.4140625
309,85644.7,85647.0,85622.9,85623.0,3111.0,87350.2109375,85681.0,85681.0,1669.2109375,0.0,1669.2109375
310,85631.0,85665.0,85631.0,85636.9,4084.0,87380.5078125,85666.296875,85666.296875,1714.2109375,0.0,1714.2109375
311,85636.1,85707.5,85636.1,85703.2,4418.0,87343.0078125,85678.6015625,85678.6015625,1664.40625,0.0,1664.40625
312,85707.8,85771.7,85707.8,85711.1,2704.0,87325.8359375,85689.4375,85689.4375,1636.3984375,0.0,1636.3984375
313,85711.1,85769.9,85687.0,85752.4,4256.0,87344.421875,85710.421875,85710.421875,1634.0,0.0,1634.0
314,85748.2,85823.4,85698.3,85698.3,4213.0,87307.28125,85706.3828125,85706.3828125,1600.8984375,0.0,1600.8984375
315,85698.2,85706.7,85631.2,85631.2,4632.0,87230.0859375,85681.3203125,85681.3203125,1548.765625,0.0,1548.765625
316,85632.3,85754.7,85625.5,85739.9,3221.0,87263.7890625,85700.84375,85700.84375,1562.9453125,0.0,1562.9453125
317,85747.2,85816.0,85691.2,85715.2,4803.0,87264.6953125,85705.6328125,85705.6328125,1559.0625,0.0,1559.0625
318,85722.2,85737.1,85632.0,85659.7,3118.0,87230.296875,85690.3203125,85690.3203125,1539.9765625,0.0,1539.9765625
319,85661.6,85687.8,85644.3,85668.9,5380.0,87204.6328125,85683.1796875,85683.1796875,1521.453125,0.0,1521.453125
320,85664.7,85768.7,85664.7,85768.7,3704.0,87223.3515625,85711.6875,85711.6875,1511.6640625,0.0,1511.6640625
321,85775.8,85825.9,85674.0,85674.0,4334.0,87242.6640625,85699.125,85699.125,1543.5390625,0.0,1543.5390625
322,85661.1,85722.1,85629.1,85722.1,3253.0,87190.2734375,85706.78125,85706.78125,1483.4921875,0.0,1483.4921875
323,85718.0,85751.9,85661.0,85667.1,3712.0,87183.78125,85693.5546875,85693.5546875,1490.2265625,0.0,1490.2265625
324,85667.1,85696.1,85603.6,85696.1,4164.0,87119.6171875,85694.40625,85694.40625,1425.2109375,0.0,1425.2109375
325,85682.4,85804.0,85669.9,85767.0,16307.0,87050.7421875,85718.6015625,85718.6015625,1332.140625,0.0,1332.140625
326,85759.8,85850.0,85747.8,85850.0,3203.0,86895.3984375,85762.3984375,85762.3984375,1133.0,0.0,1133.0
327,85854.0,85901.0,85835.9,85835.9,3468.0,86743.1953125,85786.8984375,85786.8984375,956.296875,0.0,956.296875
328,85832.3,85889.4,85832.3,85889.4,4198.0,86755.7265625,85821.0625,85821.0625,934.6640625,0.0,934.6640625
329,85890.3,85902.1,85825.9,85852.1,3332.0,86702.6484375,85831.40625,85831.40625,871.2421875,0.0,871.2421875
330,85852.1,85930.9,85852.1,85878.5,3155.0,86616.734375,85847.1015625,85847.1015625,769.6328125,0.0,769.6328125
331,85874.2,85874.2,85692.2,85700.0,4425.0,86567.1875,85798.0703125,85798.0703125,769.1171875,0.0,769.1171875
332,85699.9,85699.9,85474.5,85474.5,8504.0,86524.2890625,85690.2109375,85690.2109375,834.078125,0.0,834.078125
333,85473.9,85526.3,85420.3,85486.2,9694.0,86436.0625,85622.2109375,85622.2109375,813.8515625,0.0,813.8515625
334,85501.5,85604.9,85480.8,85572.9,10546.0,86241.4453125,85605.7734375,85605.7734375,635.671875,0.0,635.671875
335,85568.5,85583.0,85450.0,85493.9,6985.0,86038.0,85568.484375,85568.484375,469.515625,0.0,469.515625
336,85489.0,85582.8,85474.2,85555.8,32121.0,85925.296875,85564.2578125,85564.2578125,361.0390625,0.0,361.0390625
337,85555.7,85555.7,85450.0,85476.3,4223.0,85962.0625,85534.9375,85534.9375,427.125,0.0,427.125
338,85480.4,85523.9,85469.1,85472.7,7586.0,85945.375,85514.1953125,85514.1953125,431.1796875,0.0,431.1796875
339,85469.1,85523.7,85427.6,85442.0,8565.0,85845.75,85490.1328125,85490.1328125,355.6171875,0.0,355.6171875
340,85442.0,85567.2,85442.0,85514.8,5399.0,85831.96875,85498.3515625,85498.3515625,333.6171875,0.0,333.6171875
341,85512.3,85561.3,85399.6,85561.3,6553.0,85762.9765625,85519.3359375,85519.3359375,243.640625,0.0,243.640625
342,85553.0,85729.4,85524.2,85654.8,5704.0,85766.0859375,85564.4921875,85564.4921875,201.59375,0.0,201.59375
343,85654.9,85931.1,85654.9,85913.5,16924.0,85810.3203125,85680.828125,85680.828125,129.4921875,0.0,129.4921875
344,85914.5,86012.0,85878.8,85878.8,10279.0,85916.6484375,85746.8203125,85746.8203125,169.828125,0.0,169.828125
345,85883.0,85996.5,85883.0,85948.5,6728.0,85963.4296875,85814.046875,85814.046875,149.3828125,0.0,149.3828125
346,85950.9,85979.7,85879.3,85879.3,3159.0,85974.453125,85835.796875,85835.796875,138.65625,0.0,138.65625
347,85875.2,85875.2,85723.7,85741.6,6791.0,85989.8984375,85804.3984375,85804.3984375,185.5,0.0,185.5
348,85745.6,85828.9,85745.6,85783.2,3525.0,85946.4296875,85797.3359375,85797.3359375,149.09375,0.0,149.09375
349,85762.6,85807.2,85753.7,85778.3,2848.0,85872.21875,85790.9921875,85790.9921875,81.2265625,0.0,81.2265625
350,85768.1,85816.5,85768.1,85816.5,4345.0,85838.109375,85799.4921875,85799.4921875,38.6171875,0.0,38.6171875
351,85816.6,85888.1,85804.1,85871.0,3167.0,85804.4375,85823.328125,85823.328125,18.890625,0.0,18.890625
352,85863.5,85912.7,85846.6,85887.0,7238.0,85786.921875,85844.5546875,85844.5546875,57.6328125,0.0,57.6328125
353,85889.3,85957.3,85854.7,85957.3,2948.0,85821.078125,85882.1328125,85882.1328125,61.0546875,0.0,61.0546875
354,85957.2,86040.2,85954.5,86032.3,5187.0,85722.8203125,85932.1875,85932.1875,209.3671875,0.0,209.3671875
355,86032.3,86077.6,86003.0,86058.2,4787.0,85656.515625,85974.1953125,85974.1953125,317.6796875,0.0,317.6796875
356,86056.2,86121.1,86056.1,86056.2,4706.0,85748.046875,86001.53125,86001.53125,253.484375,0.0,253.484375
357,86067.6,86115.4,86056.1,86056.1,3744.0,85775.0,86019.71875,86019.71875,244.71875,0.0,244.71875
358,86056.0,86056.0,85994.5,86026.6,2311.0,85835.765625,86022.015625,86022.015625,186.25,0.0,186.25
359,86026.5,86060.7,86012.3,86059.4,3384.0,85909.1796875,86034.4765625,86034.4765625,125.296875,0.0,125.296875
360,86052.5,86089.3,86026.7,86087.3,3147.0,85965.6875,86052.0859375,86052.0859375,86.3984375,0.0,86.3984375
361,86087.2,86164.4,86012.3,86022.5,4912.0,85999.59375,86042.2265625,86042.2265625,42.6328125,0.0,42.6328125
362,86015.4,86086.4,85968.9,86082.1,4110.0,86039.53125,86055.515625,86055.515625,15.984375,0.0,15.984375
363,86062.7,86078.7,86027.4,86062.1,2589.0,86139.0859375,86057.7109375,86057.7109375,81.375,0.0,81.375
364,86068.1,86117.8,86020.7,86040.4,3568.0,86207.65625,86051.9375,86051.9375,155.71875,0.0,155.71875
365,86040.5,86048.8,85957.1,85980.7,3070.0,86235.9375,86028.1953125,86028.1953125,207.7421875,0.0,207.7421875
366,85978.0,86169.3,85967.8,86135.8,4361.0,86242.7578125,86064.0625,86064.0625,178.6953125,0.0,178.6953125
367,86135.8,86248.1,86031.1,86060.6,6480.0,86144.875,86062.90625,86062.90625,81.96875,0.0,81.96875
368,86056.3,86067.4,86014.9,86014.9,2417.0,86124.984375,86046.90625,86046.90625,78.078125,0.0,78.078125
369,86010.6,86130.3,86010.6,86121.1,5066.0,86130.65625,86071.640625,86071.640625,59.015625,0.0,59.015625
370,86116.7,86126.7,86075.7,86095.0,4595.0,86136.0703125,86079.4296875,86079.4296875,56.640625,0.0,56.640625
371,86092.5,86129.6,86060.8,86069.6,2470.0,86163.8125,86076.15625,86076.15625,87.65625,0.0,87.65625
372,86075.4,86081.5,86056.1,86062.0,5649.0,86141.4765625,86071.4375,86071.4375,70.0390625,0.0,70.0390625
373,86056.0,86119.4,86048.2,86119.4,3238.0,86080.75,86087.421875,86087.421875,6.671875,0.0,6.671875
374,86128.0,86220.8,86122.8,86216.6,5249.0,86060.6015625,86130.484375,86130.484375,69.8828125,0.0,69.8828125
375,86204.5,86322.9,86183.2,86192.3,9061.0,85995.8984375,86151.0859375,86151.0859375,155.1875,0.0,155.1875
376,86192.2,86192.2,86142.7,86170.0,2753.0,85945.234375,86157.390625,86157.390625,212.15625,0.0,212.15625
377,86182.3,86340.0,86182.3,86301.2,7937.0,85863.4921875,86205.328125,86205.328125,341.8359375,0.0,341.8359375
378,86305.9,86338.2,86290.0,86290.0,3039.0,85812.59375,86233.5546875,86233.5546875,420.9609375,0.0,420.9609375
379,86286.2,86309.2,86236.0,86258.9,5341.0,85770.828125,86242.0,86242.0,471.171875,0.0,471.171875
380,86257.3,86338.3,86244.4,86303.6,3256.0,85733.5859375,86262.53125,86262.53125,528.9453125,0.0,528.9453125
381,86303.6,86309.6,86250.7,86302.4,2599.0,85727.1875,86275.8203125,86275.8203125,548.6328125,0.0,548.6328125
382,86303.6,86344.9,86277.8,86340.4,4060.0,85703.390625,86297.34375,86297.34375,593.953125,0.0,593.953125
383,86338.3,86344.8,86258.4,86286.1,3108.0,85678.59375,86293.59375,86293.59375,615.0,0.0,615.0
384,86286.4,86309.7,86252.1,86309.7,2156.0,85671.09375,86298.9609375,86298.9609375,627.8671875,0.0,627.8671875
385,86314.0,86344.9,86299.6,86344.9,3074.0,85626.1953125,86314.2734375,86314.2734375,688.078125,0.0,688.078125
386,86344.8,86344.8,86286.7,86324.9,5096.0,85596.1953125,86317.8125,86317.8125,721.6171875,0.0,721.6171875
387,86334.8,86338.0,86254.7,86263.5,5631.0,85558.6953125,86299.7109375,86299.7109375,741.015625,0.0,741.015625
388,86267.7,86292.5,86240.0,86256.2,2701.0,85478.3984375,86285.2109375,86285.2109375,806.8125,0.0,806.8125
389,86254.1,86254.1,86193.9,86207.5,2405.0,85436.1015625,86259.3046875,86259.3046875,823.203125,0.0,823.203125
390,86207.6,86266.1,86207.6,86266.1,6706.0,85239.1015625,86261.5703125,86261.5703125,1022.46875,0.0,1022.46875
391,86267.1,86301.8,86220.0,86237.4,3000.0,84834.3046875,86253.515625,86253.515625,1419.2109375,0.0,1419.2109375
392,86238.3,86307.1,86219.1,86219.1,4243.0,84702.8046875,86242.046875,86242.046875,1539.2421875,0.0,1539.2421875
393,86217.2,86256.4,86160.5,86238.5,3859.0,84494.0,86240.8671875,86240.8671875,1746.8671875,0.0,1746.8671875
394,86242.7,86250.0,86205.0,86214.2,3779.0,84406.203125,86231.9765625,86231.9765625,1825.7734375,0.0,1825.7734375
395,86205.6,86205.6,86062.1,86062.1,8078.0,84274.765625,86175.3515625,86175.3515625,1900.5859375,0.0,1900.5859375
396,86062.1,86067.8,86017.3,86036.8,5860.0,84175.7109375,86129.1640625,86129.1640625,1953.453125,0.0,1953.453125
397,86033.7,86033.7,85869.9,85932.9,9270.0,84219.4375,86063.7421875,86063.7421875,1844.3046875,0.0,1844.3046875
398,85932.5,85949.1,85905.2,85905.2,2510.0,84376.390625,86010.8984375,86010.8984375,1634.5078125,0.0,1634.5078125
399,85902.4,85918.0,85846.1,85853.2,5250.0,84445.2578125,85958.3359375,85958.3359375,1513.078125,0.0,1513.078125
400,85864.9,85889.3,85829.6,85867.5,2686.0,84488.6015625,85928.0546875,85928.0546875,1439.453125,0.0,1439.453125
401,85855.7,85940.4,85855.7,85928.9,6484.0,84445.46875,85928.3359375,85928.3359375,1482.8671875,0.0,1482.8671875
402,85926.0,85937.7,85894.7,85927.0,2066.0,84438.046875,85927.890625,85927.890625,1489.84375,0.0,1489.84375
403,85928.6,86085.2,85894.1,86085.2,17823.0,84324.828125,85980.328125,85980.328125,1655.5,0.0,1655.5
404,86085.1,86225.3,86025.6,86058.2,69246.0,84177.1875,86006.2890625,86006.2890625,1829.1015625,0.0,1829.1015625
405,86058.2,86058.2,85965.0,85970.3,4219.0,84115.0546875,85994.2890625,85994.2890625,1879.234375,0.0,1879.234375
406,85969.8,86053.8,85968.7,86053.8,2784.0,84019.3671875,86014.125,86014.125,1994.7578125,0.0,1994.7578125
407,86054.0,86116.5,86018.3,86113.2,1520.0,83954.375,86047.1484375,86047.1484375,2092.7734375,0.0,2092.7734375
408,86112.1,86142.0,86038.7,86071.7,3330.0,83949.515625,86055.3359375,86055.3359375,2105.8203125,0.0,2105.8203125
409,86071.6,86087.8,86033.8,86065.8,3745.0,83887.9140625,86058.8203125,86058.8203125,2170.90625,0.0,2170.90625
410,86070.7,86154.0,86070.7,86154.0,2658.0,83854.140625,86090.546875,86090.546875,2236.40625,0.0,2236.40625
411,86158.8,86187.3,86136.3,86136.3,1825.0,83807.7578125,86105.796875,86105.796875,2298.0390625,0.0,2298.0390625
412,86136.1,86157.2,86093.9,86127.3,2414.0,83704.4375,86112.9609375,86112.9609375,2408.5234375,0.0,2408.5234375
413,86123.1,86146.9,86092.1,86096.5,2241.0,83549.2265625,86107.4765625,86107.4765625,2558.25,0.0,2558.25
414,86107.5,86107.5,86049.8,86084.9,3268.0,83346.3203125,86099.953125,86099.953125,2753.6328125,0.0,2753.6328125
415,86070.8,86144.4,86070.8,86139.5,1926.0,83216.6171875,86113.1328125,86113.1328125,2896.515625,0.0,2896.515625
416,86139.4,86208.2,86112.7,86112.7,2857.0,83010.0078125,86112.9921875,86112.9921875,3102.984375,0.0,3102.984375
417,86129.9,86198.7,86124.3,86198.7,2111.0,82925.96875,86141.5625,86141.5625,3215.59375,0.0,3215.59375
418,86200.0,86219.3,86138.3,86138.3,2441.0,82732.28125,86140.4765625,86140.4765625,3408.1953125,0.0,3408.1953125
419,86135.0,86216.6,86133.7,86188.1,3033.0,82647.71875,86156.3515625,86156.3515625,3508.6328125,0.0,3508.6328125
420,86192.4,86234.1,86161.2,86211.7,3270.0,82461.609375,86174.8046875,86174.8046875,3713.1953125,0.0,3713.1953125
421,86211.6,86254.0,86118.7,86118.7,3784.0,82354.5078125,86156.1015625,86156.1015625,3801.59375,0.0,3801.59375
422,86120.6,86120.6,85981.3,86023.5,3653.0,82346.1015625,86111.8984375,86111.8984375,3765.796875,0.0,3765.796875
423,86038.5,86096.8,86002.0,86002.0,4179.0,82235.5,86075.265625,86075.265625,3839.765625,0.0,3839.765625
424,85999.1,86081.7,85999.1,86061.1,2863.0,82165.265625,86070.546875,86070.546875,3905.28125,0.0,3905.28125
425,86060.1,86084.1,86005.2,86012.3,3312.0,82151.578125,86051.1328125,86051.1328125,3899.5546875,0.0,3899.5546875
426,86012.4,86124.6,85990.8,86002.0,5335.0,82305.984375,86034.7578125,86034.7578125,3728.7734375,0.0,3728.7734375
427,85997.7,86007.1,85951.4,85959.4,2851.0,82492.6875,86009.640625,86009.640625,3516.953125,0.0,3516.953125
428,85959.3,85959.3,85800.9,85849.9,5078.0,82532.7265625,85956.390625,85956.390625,3423.6640625,0.0,3423.6640625
429,85857.6,85951.9,85857.6,85947.3,1962.0,82545.3203125,85953.359375,85953.359375,3408.0390625,0.0,3408.0390625
430,85956.3,86015.1,85938.5,85938.6,5221.0,82613.546875,85948.4375,85948.4375,3334.890625,0.0,3334.890625
431,85932.1,85932.1,85836.9,85881.4,6432.0,82668.5,85926.09375,85926.09375,3257.59375,0.0,3257.59375
432,85891.7,86089.3,85891.7,85985.1,7549.0,82763.3984375,85945.765625,85945.765625,3182.3671875,0.0,3182.3671875
433,85991.3,86020.3,85972.0,85972.0,3266.0,82956.6328125,85954.5078125,85954.5078125,2997.875,0.0,2997.875
434,85966.9,85993.7,85933.9,85973.8,3496.0,82983.4921875,85960.9375,85960.9375,2977.4453125,0.0,2977.4453125
435,85961.0,85970.4,85883.3,85888.5,3662.0,83006.6640625,85936.7890625,85936.7890625,2930.125,0.0,2930.125
436,85888.0,85888.0,85852.1,85869.9,2574.0,83084.5390625,85914.4921875,85914.4921875,2829.953125,0.0,2829.953125
437,85861.3,85874.5,85800.0,85845.3,2784.0,83070.7578125,85891.4296875,85891.4296875,2820.671875,0.0,2820.671875
438,85850.4,85866.5,85758.0,85774.0,10196.0,83085.40625,85852.2890625,85852.2890625,2766.8828125,0.0,2766.8828125
439,85770.5,85770.5,85695.5,85742.7,8930.0,82959.40625,85815.7578125,85815.7578125,2856.3515625,0.0,2856.3515625
440,85742.6,85742.6,85650.0,85692.3,5327.0,82816.2734375,85774.6015625,85774.6015625,2958.328125,0.0,2958.328125
441,85692.3,85763.5,85692.3,85763.5,3544.0,82671.4453125,85770.8984375,85770.8984375,3099.453125,0.0,3099.453125
442,85763.4,85831.0,85748.6,85819.0,4699.0,82572.9296875,85786.9296875,85786.9296875,3214.0,0.0,3214.0
443,85823.3,85843.9,85761.2,85765.4,4608.0,82514.953125,85779.75,85779.75,3264.796875,0.0,3264.796875
444,85765.3,85780.9,85723.6,85729.4,3187.0,82476.96875,85762.96875,85762.96875,3286.0,0.0,3286.0
445,85727.3,85764.0,85685.6,85692.1,5761.0,82384.8828125,85739.34375,85739.34375,3354.4609375,0.0,3354.4609375
446,85691.1,85804.9,85654.5,85783.9,3678.0,82346.8515625,85754.1953125,85754.1953125,3407.34375,0.0,3407.34375
447,85784.8,85822.1,85700.1,85700.1,5072.0,82251.8671875,85736.1640625,85736.1640625,3484.296875,0.0,3484.296875
448,85700.0,85700.0,85650.0,85657.6,3991.0,82031.609375,85709.9765625,85709.9765625,3678.3671875,0.0,3678.3671875
449,85657.6,85657.6,85601.1,85619.1,7419.0,81704.5390625,85679.6875,85679.6875,3975.1484375,0.0,3975.1484375
450,85619.6,85649.6,85600.0,85600.0,3742.0,81705.390625,85653.125,85653.125,3947.734375,0.0,3947.734375
451,85600.0,85667.6,85600.0,85655.6,2979.0,82092.296875,85653.953125,85653.953125,3561.65625,0.0,3561.65625
452,85641.1,85641.1,85606.0,85606.0,3229.0,82357.3984375,85637.96875,85637.96875,3280.5703125,0.0,3280.5703125
453,85600.0,85710.8,85588.3,85681.6,8372.0,82678.9296875,85652.515625,85652.515625,2973.5859375,0.0,2973.5859375
454,85677.5,85732.0,85669.1,85717.2,3388.0,82980.3515625,85674.078125,85674.078125,2693.7265625,0.0,2693.7265625
455,85713.0,85839.8,85713.0,85747.9,13622.0,83090.8046875,85698.6875,85698.6875,2607.8828125,0.0,2607.8828125
456,85755.1,85777.9,85710.1,85727.9,4033.0,83222.96875,85708.421875,85708.421875,2485.453125,0.0,2485.453125
457,85714.0,85727.9,85639.6,85686.6,4296.0,83380.9453125,85701.1484375,85701.1484375,2320.203125,0.0,2320.203125
458,85687.3,85687.3,85548.0,85615.8,5345.0,83518.1640625,85672.6953125,85672.6953125,2154.53125,0.0,2154.53125
459,85613.0,85663.5,85533.1,85663.5,7573.0,83751.1796875,85669.6328125,85669.6328125,1918.453125,0.0,1918.453125
460,85666.8,85782.0,85618.0,85618.0,8897.0,83786.421875,85652.421875,85652.421875,1866.0,0.0,1866.0
461,85621.1,85630.4,85570.6,85627.3,3147.0,83720.8125,85644.046875,85644.046875,1923.234375,0.0,1923.234375
462,85635.8,85697.5,85627.4,85655.6,3532.0,83636.0390625,85647.8984375,85647.8984375,2011.859375,0.0,2011.859375
463,85652.8,85659.1,85604.3,85659.1,4554.0,83752.328125,85651.6328125,85651.6328125,1899.3046875,0.0,1899.3046875
464,85669.4,85729.7,85650.1,85672.0,3026.0,83899.8203125,85658.421875,85658.421875,1758.6015625,0.0,1758.6015625
465,85663.3,85706.7,85610.2,85610.2,5217.0,84068.9140625,85642.3515625,85642.3515625,1573.4375,0.0,1573.4375
466,85608.2,85635.8,85570.2,85622.3,3904.0,84148.7421875,85635.6640625,85635.6640625,1486.921875,0.0,1486.921875
467,85629.1,85700.6,85614.6,85677.6,4544.0,84170.625,85649.640625,85649.640625,1479.015625,0.0,1479.015625
468,85677.6,85714.4,85666.9,85705.9,2819.0,84107.3515625,85668.390625,85668.390625,1561.0390625,0.0,1561.0390625
469,85705.9,85723.0,85666.1,85666.3,2148.0,84114.703125,85667.6953125,85667.6953125,1552.9921875,0.0,1552.9921875
470,85666.2,85703.8,85638.3,85682.5,3588.0,84069.5703125,85672.6328125,85672.6328125,1603.0625,0.0,1603.0625
471,85680.5,85730.5,85654.1,85696.0,4799.0,83945.8125,85680.421875,85680.421875,1734.609375,0.0,1734.609375
472,85689.5,85709.4,85627.8,85627.8,5447.0,83908.4453125,85662.8828125,85662.8828125,1754.4375,0.0,1754.4375
473,85625.0,85655.8,85555.5,85559.8,4459.0,83813.0625,85628.5234375,85628.5234375,1815.4609375,0.0,1815.4609375
474,85564.9,85657.3,85564.9,85618.3,5351.0,83973.171875,85625.1171875,85625.1171875,1651.9453125,0.0,1651.9453125
475,85617.3,85669.2,85602.1,85648.0,2294.0,84313.015625,85632.7421875,85632.7421875,1319.7265625,0.0,1319.7265625
476,85647.9,85647.9,85543.9,85583.7,4378.0,84551.609375,85616.3984375,85616.3984375,1064.7890625,0.0,1064.7890625
477,85586.0,85586.0,85548.5,85573.6,3724.0,84583.0390625,85602.1328125,85602.1328125,1019.09375,0.0,1019.09375
478,85573.0,85629.0,85552.6,85624.7,6905.0,84794.4296875,85609.65625,85609.65625,815.2265625,0.0,815.2265625
479,85624.7,85624.7,85566.8,85578.8,4323.0,84914.5234375,85599.3671875,85599.3671875,684.84375,0.0,684.84375
480,85576.0,85636.0,85562.7,85631.7,6170.0,84793.6171875,85610.1484375,85610.1484375,816.53125,0.0,816.53125
481,85615.4,85650.7,85588.0,85604.5,5528.0,84715.1484375,85608.265625,85608.265625,893.1171875,0.0,893.1171875
482,85604.4,85608.2,85542.0,85590.6,11641.0,84590.53125,85602.375,85602.375,1011.84375,0.0,1011.84375
483,85590.6,85656.1,85501.2,85629.1,8618.0,84418.921875,85611.28125,85611.28125,1192.359375,0.0,1192.359375
484,85619.6,85666.1,85604.8,85666.1,11701.0,84318.1484375,85629.5546875,85629.5546875,1311.40625,0.0,1311.40625
485,85680.0,85762.5,85631.2,85631.2,19912.0,84156.6953125,85630.1015625,85630.1015625,1473.40625,0.0,1473.40625
486,85630.2,85630.2,85558.1,85577.5,8144.0,84040.1328125,85612.5703125,85612.5703125,1572.4375,0.0,1572.4375
487,85599.6,85620.5,85485.0,85518.3,4472.0,83788.0859375,85581.1484375,85581.1484375,1793.0625,0.0,1793.0625
488,85520.4,85536.4,85455.1,85462.1,3761.0,83542.921875,85541.46875,85541.46875,1998.546875,0.0,1998.546875
489,85469.1,85527.2,85457.5,85527.2,5913.0,83484.4140625,85536.7109375,85536.7109375,2052.296875,0.0,2052.296875
490,85516.7,85541.7,85474.8,85499.5,4240.0,83278.40625,85524.3046875,85524.3046875,2245.8984375,0.0,2245.8984375
491,85499.5,85512.8,85477.6,85496.9,3884.0,83181.671875,85515.171875,85515.171875,2333.5,0.0,2333.5
492,85496.9,85516.1,85487.7,85516.1,2319.0,83082.4140625,85515.484375,85515.484375,2433.0703125,0.0,2433.0703125
493,85512.7,85536.2,85505.6,85509.6,2976.0,83082.375,85513.5234375,85513.5234375,2431.1484375,0.0,2431.1484375
494,85514.9,85535.1,85438.1,85513.3,7962.0,83051.015625,85513.4453125,85513.4453125,2462.4296875,0.0,2462.4296875
495,85521.4,85528.7,85482.0,85504.2,7172.0,83004.078125,85510.3671875,85510.3671875,2506.2890625,0.0,2506.2890625
496,85504.1,85504.1,85387.9,85458.0,18297.0,83013.5859375,85492.9140625,85492.9140625,2479.328125,0.0,2479.328125
497,85447.9,85491.8,85408.0,85417.6,5314.0,83111.4921875,85467.8125,85467.8125,2356.3203125,0.0,2356.3203125
498,85429.0,85483.7,85403.2,85461.9,2438.0,83156.7265625,85465.84375,85465.84375,2309.1171875,0.0,2309.1171875
499,85461.9,85513.3,85409.2,85414.0,2979.0,83369.8828125,85448.5625,85448.5625,2078.6796875,0.0,2078.6796875
500,85408.2,85408.2,85161.3,85164.3,39030.0,83422.6875,85353.8046875,85353.8046875,1931.1171875,0.0,1931.1171875
501,85160.1,85331.3,85155.4,85173.1,30477.0,83551.9609375,85293.5703125,85293.5703125,1741.609375,0.0,1741.609375
502,85168.9,85258.7,85168.9,85220.2,7878.0,83880.4375,85269.1171875,85269.1171875,1388.6796875,0.0,1388.6796875
503,85235.2,85317.8,85183.1,85287.0,7815.0,84201.421875,85275.078125,85275.078125,1073.65625,0.0,1073.65625
504,85289.0,85333.4,85262.8,85309.2,6174.0,84445.7109375,85286.453125,85286.453125,840.7421875,0.0,840.7421875
505,85313.5,85363.1,85289.8,85333.1,5400.0,84768.5078125,85302.0,85302.0,533.4921875,0.0,533.4921875
506,85333.0,85333.0,85271.7,85271.7,2489.0,84926.40625,85291.8984375,85291.8984375,365.4921875,0.0,365.4921875
507,85271.8,85323.1,85250.0,85312.8,4338.0,85086.8671875,85298.8671875,85298.8671875,212.0,0.0,212.0
508,85314.8,85351.5,85282.4,85288.7,2753.0,85170.546875,85295.4765625,85295.4765625,124.9296875,0.0,124.9296875
509,85294.6,85294.6,85197.3,85197.3,11465.0,85168.796875,85262.75,85262.75,93.953125,0.0,93.953125
510,85208.0,85302.4,85180.7,85225.4,21586.0,85253.796875,85250.296875,85250.296875,3.5,0.0,3.5
511,85233.8,85245.6,85111.1,85164.5,18436.0,85264.234375,85221.6953125,85221.6953125,42.5390625,0.0,42.5390625
512,85156.0,85156.0,84600.0,84823.2,231593.0,85265.5234375,85088.8671875,85088.8671875,176.65625,0.0,176.65625
513,84823.2,84845.1,83173.2,83177.4,590196.0,85273.21875,84451.7109375,84451.7109375,821.5078125,0.0,821.5078125
514,83177.4,83627.0,81277.3,83373.4,754291.0,85199.578125,84092.2734375,84092.2734375,1107.3046875,0.0,1107.3046875
515,83371.8,83867.6,83225.0,83770.1,179103.0,85138.921875,83984.8828125,83984.8828125,1154.0390625,0.0,1154.0390625
516,83761.6,83783.0,83156.9,83492.3,111964.0,84971.6171875,83820.6875,83820.6875,1150.9296875,0.0,1150.9296875
517,83492.3,84050.5,83441.5,83955.1,58244.0,84650.9453125,83865.4921875,83865.4921875,785.453125,0.0,785.453125
518,83955.3,84024.7,83683.2,83978.0,66531.0,84386.4296875,83902.9921875,83902.9921875,483.4375,0.0,483.4375
519,83986.2,84147.0,83954.7,84055.5,37277.0,84090.3515625,83953.828125,83953.828125,136.5234375,0.0,136.5234375
520,84058.4,84486.0,83945.4,84261.5,47252.0,83928.3671875,84056.3828125,84056.3828125,128.015625,0.0,128.015625
521,84261.4,84480.4,84261.4,84371.1,38379.0,84015.4765625,84161.2890625,84161.2890625,145.8125,0.0,145.8125
522,84371.2,84436.2,84079.0,84251.8,25485.0,84154.78125,84191.4609375,84191.4609375,36.6796875,0.0,36.6796875
523,84251.8,84439.8,84130.6,84414.2,33484.0,84300.0546875,84265.7109375,84265.7109375,34.34375,0.0,34.34375
524,84413.2,84460.5,84326.4,84340.9,25856.0,84357.46875,84290.7734375,84290.7734375,66.6953125,0.0,66.6953125
525,84340.9,84366.2,84005.9,84104.9,21710.0,84585.546875,84228.8125,84228.8125,356.734375,0.0,356.734375
526,84104.8,84108.3,83916.0,83972.3,26099.0,84680.3984375,84143.3046875,84143.3046875,537.09375,0.0,537.09375
527,83972.3,84125.8,83823.2,84004.7,42567.0,84667.6015625,84097.1015625,84097.1015625,570.5,0.0,570.5
528,84000.4,84076.4,83764.7,83946.5,24317.0,84678.3671875,84046.8984375,84046.8984375,631.46875,0.0,631.46875
529,83948.4,83962.7,83800.6,83923.2,12939.0,84659.84375,84005.6640625,84005.6640625,654.1796875,0.0,654.1796875
530,83923.3,84363.1,83896.8,84276.2,35765.0,84646.2265625,84095.84375,84095.84375,550.3828125,0.0,550.3828125
531,84271.9,84271.9,84119.9,84125.6,8578.0,84667.75,84105.765625,84105.765625,561.984375,0.0,561.984375
532,84125.6,84214.1,84125.6,84201.1,7444.0,84742.5,84137.546875,84137.546875,604.953125,0.0,604.953125
533,84206.6,84230.6,83950.7,84025.7,13118.0,84807.4296875,84100.265625,84100.265625,707.1640625,0.0,707.1640625
534,84025.6,84046.8,83888.0,83892.8,13711.0,84794.71875,84031.109375,84031.109375,763.609375,0.0,763.609375
535,83892.9,83942.0,83773.1,83924.9,18049.0,84820.515625,83995.703125,83995.703125,824.8125,0.0,824.8125
536,83930.0,84106.7,83911.3,84093.5,17280.0,84766.140625,84028.3046875,84028.3046875,737.8359375,0.0,737.8359375
537,84093.5,84106.8,83890.5,83890.5,12428.0,84654.359375,83982.3671875,83982.3671875,671.9921875,0.0,671.9921875
538,83890.5,84011.9,83836.9,84000.0,12719.0,84516.375,83988.2421875,83988.2421875,528.1328125,0.0,528.1328125
539,83999.9,84104.6,83965.8,84031.3,23635.0,84433.6171875,84002.59375,84002.59375,431.0234375,0.0,431.0234375
540,84027.0,84062.7,83935.3,83956.4,10085.0,84404.2421875,83987.1953125,83987.1953125,417.046875,0.0,417.046875
541,83954.4,84113.1,83954.4,84077.6,8905.0,84245.9609375,84017.328125,84017.328125,228.6328125,0.0,228.6328125
542,84071.4,84106.1,83906.4,83943.9,8605.0,84235.40625,83992.8515625,83992.8515625,242.5546875,0.0,242.5546875
543,83943.9,83977.6,83786.0,83829.0,14854.0,84137.1015625,83938.234375,83938.234375,198.8671875,0.0,198.8671875
544,83828.9,83834.2,83682.8,83769.5,25721.0,84046.8984375,83881.9921875,83881.9921875,164.90625,0.0,164.90625
545,83753.6,84164.5,83737.6,84164.5,19937.0,83915.296875,83976.1640625,83976.1640625,60.8671875,0.0,60.8671875
546,84166.5,84403.6,84152.8,84233.0,27365.0,83842.765625,84061.7734375,84061.7734375,219.0078125,0.0,219.0078125
547,84222.5,84290.3,84123.7,84247.0,19768.0,83952.6796875,84123.515625,84123.515625,170.8359375,0.0,170.8359375
548,84248.0,84306.9,84207.2,84235.9,8087.0,84055.8203125,84160.9765625,84160.9765625,105.15625,0.0,105.15625
549,84229.8,84299.8,84133.2,84277.6,6664.0,84235.1484375,84199.8515625,84199.8515625,35.296875,0.0,35.296875
550,84276.6,84300.0,84145.9,84204.3,6741.0,84323.53125,84201.3359375,84201.3359375,122.1953125,0.0,122.1953125
551,84197.3,84496.8,84197.3,84421.5,10103.0,84429.3515625,84274.7265625,84274.7265625,154.625,0.0,154.625
552,84412.1,84619.0,84398.1,84521.6,14509.0,84494.03125,84357.015625,84357.015625,137.015625,0.0,137.015625
553,84521.1,84690.3,84521.1,84637.8,8961.0,84521.8203125,84450.609375,84450.609375,71.2109375,0.0,71.2109375
554,84628.4,84635.7,84452.7,84481.3,14046.0,84555.84375,84460.8359375,84460.8359375,95.0078125,0.0,95.0078125
555,84493.9,84667.9,84477.9,84667.9,7251.0,84580.359375,84529.859375,84529.859375,50.5,0.0,50.5
556,84675.9,84698.7,84520.8,84541.7,10289.0,84681.8046875,84533.8046875,84533.8046875,148.0,0.0,148.0
557,84550.2,84617.9,84520.8,84568.8,10589.0,84774.3046875,84545.46875,84545.46875,228.8359375,0.0,228.8359375
558,84573.0,84583.0,84431.4,84437.8,19801.0,84869.5390625,84509.578125,84509.578125,359.9609375,0.0,359.9609375
559,84437.8,84500.3,84329.1,84345.4,20059.0,84976.7890625,84454.8515625,84454.8515625,521.9375,0.0,521.9375
560,84345.5,84547.8,84322.4,84523.8,12934.0,85100.9921875,84477.8359375,84477.8359375,623.15625,0.0,623.15625
561,84512.0,84575.5,84351.8,84454.9,17389.0,85178.1953125,84470.1875,84470.1875,708.0078125,0.0,708.0078125
562,84463.3,84559.9,84418.1,84488.0,6071.0,85244.328125,84476.125,84476.125,768.203125,0.0,768.203125
563,84483.7,84575.3,84410.1,84568.3,16707.0,85236.0859375,84506.8515625,84506.8515625,729.234375,0.0,729.234375
564,84566.0,84633.5,84500.0,84500.1,6184.0,85289.6875,84504.6015625,84504.6015625,785.0859375,0.0,785.0859375
565,84505.0,84508.1,84367.5,84380.3,5297.0,85292.65625,84463.1640625,84463.1640625,829.4921875,0.0,829.4921875
566,84380.2,84382.3,84259.6,84263.9,13940.0,85249.140625,84396.7421875,84396.7421875,852.3984375,0.0,852.3984375
567,84267.2,84388.4,84245.3,84335.2,13017.0,85227.59375,84376.2265625,84376.2265625,851.3671875,0.0,851.3671875
568,84333.1,84359.2,84254.9,84281.2,5456.0,85151.7265625,84344.5546875,84344.5546875,807.171875,0.0,807.171875
569,84299.1,84302.4,84183.8,84222.4,6337.0,85081.1484375,84303.8359375,84303.8359375,777.3125,0.0,777.3125
570,84218.2,84288.9,84185.7,84259.6,17105.0,84902.5,84289.09375,84289.09375,613.40625,0.0,613.40625
571,84256.1,84401.5,84256.1,84368.0,3991.0,84795.03125,84315.3984375,84315.3984375,479.6328125,0.0,479.6328125
572,84356.6,84422.5,84348.0,84416.0,3753.0,84728.1875,84348.9296875,84348.9296875,379.2578125,0.0,379.2578125
573,84412.6,84423.2,84229.5,84233.8,7003.0,84674.0234375,84310.5546875,84310.5546875,363.46875,0.0,363.46875
574,84241.4,84258.3,84025.8,84087.2,20531.0,84608.3125,84236.1015625,84236.1015625,372.2109375,0.0,372.2109375
575,84092.5,84117.3,83974.2,84081.9,12807.0,84547.609375,84184.703125,84184.703125,362.90625,0.0,362.90625
576,84074.3,84074.3,83921.5,83966.6,11815.0,85625.140625,84112.0,84112.0,1513.140625,0.0,1513.140625
577,83961.5,84018.2,83932.4,83996.5,7262.0,86273.1953125,84073.5,84073.5,2199.6953125,0.0,2199.6953125
578,83990.5,84098.4,83954.6,84026.7,16272.0,86674.6953125,84057.8984375,84057.8984375,2616.796875,0.0,2616.796875
579,84031.0,84091.9,83981.0,83997.6,4046.0,86956.3984375,84037.796875,84037.796875,2918.6015625,0.0,2918.6015625
580,83996.6,83996.6,83856.6,83871.3,10885.0,87066.6015625,83982.296875,83982.296875,3084.3046875,0.0,3084.3046875
581,83862.0,83979.0,83819.5,83926.6,18306.0,87112.3984375,83963.734375,83963.734375,3148.6640625,0.0,3148.6640625
582,83926.6,83954.9,83751.1,83780.1,10925.0,87132.6953125,83902.5234375,83902.5234375,3230.171875,0.0,3230.171875
583,83780.9,83881.9,83754.6,83777.5,17305.0,87010.796875,83860.8515625,83860.8515625,3149.9453125,0.0,3149.9453125
584,83779.5,83873.5,83750.0,83805.9,31807.0,87004.53125,83842.53125,83842.53125,3162.0,0.0,3162.0
585,83796.8,83874.7,83724.6,83741.9,29439.0,86965.6875,83808.984375,83808.984375,3156.703125,0.0,3156.703125
586,83742.0,83828.0,83732.8,83768.1,8394.0,86862.4609375,83795.359375,83795.359375,3067.1015625,0.0,3067.1015625
587,83770.4,83983.2,83770.4,83963.1,9143.0,86762.0078125,83851.2734375,83851.2734375,2910.734375,0.0,2910.734375
588,83963.1,83990.8,83844.3,83872.8,6328.0,86790.40625,83858.4453125,83858.4453125,2931.9609375,0.0,2931.9609375
589,83864.7,83890.0,83728.7,83728.7,8651.0,86854.5390625,83815.1953125,83815.1953125,3039.34375,0.0,3039.34375
590,83724.6,83753.9,83626.6,83653.1,15237.0,86933.7265625,83761.1640625,83761.1640625,3172.5625,0.0,3172.5625
591,83675.5,83764.3,83633.8,83699.0,17326.0,87072.5546875,83740.4453125,83740.4453125,3332.109375,0.0,3332.109375
592,83691.8,83697.5,83576.0,83692.0,14180.0,87075.671875,83724.296875,83724.296875,3351.375,0.0,3351.375
593,83700.4,83828.0,83700.4,83768.1,20744.0,87115.8125,83738.8984375,83738.8984375,3376.9140625,0.0,3376.9140625
594,83774.0,83820.8,83635.4,83701.0,9920.0,87096.578125,83726.265625,83726.265625,3370.3125,0.0,3370.3125
595,83695.9,83786.6,83679.7,83783.8,10010.0,87195.5546875,83745.4453125,83745.4453125,3450.109375,0.0,3450.109375
596,83788.0,83862.9,83781.0,83817.1,13303.0,87231.6015625,83769.328125,83769.328125,3462.2734375,0.0,3462.2734375
597,83817.2,83858.6,83785.7,83799.7,6080.0,87253.265625,83779.453125,83779.453125,3473.8125,0.0,3473.8125
598,83799.7,83824.4,83707.4,83715.0,7485.0,87277.875,83757.96875,83757.96875,3519.90625,0.0,3519.90625
599,83715.0,83733.2,83636.1,83636.1,6127.0,87249.3515625,83717.34375,83717.34375,3532.0078125,0.0,3532.0078125
600,83636.1,83795.2,83636.1,83779.9,4312.0,87217.765625,83738.1953125,83738.1953125,3479.5703125,0.0,3479.5703125
601,83786.9,83894.1,83751.7,83868.9,21353.0,87240.4765625,83781.765625,83781.765625,3458.7109375,0.0,3458.7109375
602,83864.7,83915.9,83809.1,83887.5,8606.0,87219.21875,83817.0078125,83817.0078125,3402.2109375,0.0,3402.2109375
603,83887.4,83939.8,83877.6,83920.3,3860.0,87147.8828125,83851.4375,83851.4375,3296.4453125,0.0,3296.4453125
604,83924.6,83989.8,83863.2,83921.5,6033.0,87174.3203125,83874.7890625,83874.7890625,3299.53125,0.0,3299.53125
605,83922.5,83976.3,83825.6,83833.7,6568.0,87177.4453125,83861.09375,83861.09375,3316.3515625,0.0,3316.3515625
606,83833.7,83873.5,83730.9,83853.3,9538.0,87149.1328125,83858.4921875,83858.4921875,3290.640625,0.0,3290.640625
607,83863.5,83867.6,83690.1,83711.3,9399.0,87101.0546875,83809.4296875,83809.4296875,3291.625,0.0,3291.625
608,83705.2,83764.7,83688.8,83724.5,6364.0,87139.96875,83781.1171875,83781.1171875,3358.8515625,0.0,3358.8515625
609,83722.3,83730.0,83650.2,83656.4,5595.0,87172.6484375,83739.546875,83739.546875,3433.1015625,0.0,3433.1015625
610,83652.4,83737.5,83580.0,83737.5,9843.0,87113.8359375,83738.8671875,83738.8671875,3374.96875,0.0,3374.96875
611,83749.4,83902.4,83749.4,83829.3,23824.0,87103.9921875,83769.0078125,83769.0078125,3334.984375,0.0,3334.984375
612,83840.7,83880.9,83738.1,83790.5,7625.0,87031.1953125,83776.171875,83776.171875,3255.0234375,0.0,3255.0234375
613,83782.5,83786.6,83653.4,83706.2,9009.0,86964.328125,83752.8515625,83752.8515625,3211.4765625,0.0,3211.4765625
614,83693.7,83716.8,83686.1,83706.8,4030.0,86782.453125,83737.5,83737.5,3044.953125,0.0,3044.953125
615,83703.1,83773.7,83700.3,83723.0,4499.0,86580.3671875,83732.6640625,83732.6640625,2847.703125,0.0,2847.703125
616,83728.8,83766.6,83605.2,83614.7,5211.0,86583.875,83693.34375,83693.34375,2890.53125,0.0,2890.53125
617,83619.8,83712.5,83605.4,83707.3,5081.0,86573.28125,83697.9921875,83697.9921875,2875.2890625,0.0,2875.2890625
618,83707.2,83715.0,83605.6,83625.1,5532.0,86487.890625,83673.6953125,83673.6953125,2814.1953125,0.0,2814.1953125
619,83632.5,83681.5,83608.1,83633.7,2527.0,86451.6640625,83660.3671875,83660.3671875,2791.296875,0.0,2791.296875
620,83641.5,83675.1,83404.8,83509.7,28966.0,86395.109375,83610.1484375,83610.1484375,2784.9609375,0.0,2784.9609375
621,83511.7,83610.5,83364.6,83364.7,13554.0,86308.609375,83528.3359375,83528.3359375,2780.2734375,0.0,2780.2734375
622,83363.6,83493.4,83313.0,83425.7,7002.0,86107.0390625,83494.125,83494.125,2612.9140625,0.0,2612.9140625
623,83425.8,83497.8,83352.9,83358.4,21014.0,85895.9921875,83448.8828125,83448.8828125,2447.109375,0.0,2447.109375
624,83361.2,83398.6,83304.6,83324.3,14907.0,85780.359375,83407.3515625,83407.3515625,2373.0078125,0.0,2373.0078125
625,83324.3,83355.3,83284.7,83334.3,8920.0,85828.90625,83383.0,83383.0,2445.90625,0.0,2445.90625
626,83346.7,83346.7,83150.8,83181.1,41793.0,85823.6015625,83315.703125,83315.703125,2507.8984375,0.0,2507.8984375
627,83174.1,83320.8,83146.9,83226.1,12694.0,85730.6015625,83285.8359375,83285.8359375,2444.765625,0.0,2444.765625
628,83218.3,83238.8,83062.5,83062.5,21836.0,85703.8671875,83211.390625,83211.390625,2492.4765625,0.0,2492.4765625
629,83058.7,83203.9,83058.7,83076.1,23222.0,85627.5078125,83166.296875,83166.296875,2461.2109375,0.0,2461.2109375
630,83074.2,83231.8,83050.5,83069.4,17291.0,85636.640625,83134.0,83134.0,2502.640625,0.0,2502.640625
631,83049.5,83095.4,82865.7,83040.7,43387.0,85683.796875,83102.8984375,83102.8984375,2580.8984375,0.0,2580.8984375
632,83036.6,83045.0,82700.0,82806.5,37530.0,85801.796875,83004.1015625,83004.1015625,2797.6953125,0.0,2797.6953125
633,82778.9,82940.5,82747.1,82860.2,18664.0,85841.734375,82956.1328125,82956.1328125,2885.6015625,0.0,2885.6015625
634,82869.4,82985.0,82860.8,82870.9,23699.0,85873.125,82927.71875,82927.71875,2945.40625,0.0,2945.40625
635,82871.0,82984.9,82840.1,82974.5,20211.0,85904.9140625,82943.3125,82943.3125,2961.6015625,0.0,2961.6015625
636,82974.5,82985.0,82827.6,82841.9,11346.0,85873.3125,82909.5078125,82909.5078125,2963.8046875,0.0,2963.8046875
637,82838.6,82953.3,82804.1,82953.3,21336.0,85789.171875,82924.1015625,82924.1015625,2865.0703125,0.0,2865.0703125
638,82949.2,82957.2,82736.6,82741.6,11185.0,85755.1171875,82863.265625,82863.265625,2891.8515625,0.0,2891.8515625
639,82737.0,82789.5,82602.4,82686.1,33922.0,85714.078125,82804.2109375,82804.2109375,2909.8671875,0.0,2909.8671875
640,82686.0,82729.9,82603.4,82682.8,20981.0,85696.3828125,82763.7421875,82763.7421875,2932.640625,0.0,2932.640625
641,82685.0,82700.0,82518.0,82532.8,19045.0,85741.6875,82686.7578125,82686.7578125,3054.9296875,0.0,3054.9296875
642,82541.0,82616.6,82480.1,82572.2,18141.0,85634.5546875,82648.5703125,82648.5703125,2985.984375,0.0,2985.984375
643,82576.3,82596.8,82478.2,82495.0,14079.0,85579.40625,82597.3828125,82597.3828125,2982.0234375,0.0,2982.0234375
644,82495.1,82675.0,82495.1,82648.4,27026.0,85604.5703125,82614.390625,82614.390625,2990.1796875,0.0,2990.1796875
645,82648.4,82684.7,82571.7,82624.2,46050.0,85651.578125,82617.6640625,82617.6640625,3033.9140625,0.0,3033.9140625
646,82630.4,82670.6,82578.5,82657.8,14204.0,85719.2890625,82631.0390625,82631.0390625,3088.25,0.0,3088.25
647,82653.8,82725.3,82600.2,82725.3,12563.0,85811.0234375,82662.4609375,82662.4609375,3148.5625,0.0,3148.5625
648,82725.3,82757.9,82582.5,82603.3,8666.0,85883.1484375,82642.7421875,82642.7421875,3240.40625,0.0,3240.40625
649,82606.3,82607.3,82472.6,82538.4,9220.0,85927.0625,82607.9609375,82607.9609375,3319.1015625,0.0,3319.1015625
650,82546.8,82599.2,82477.9,82514.0,6482.0,85967.4453125,82576.640625,82576.640625,3390.8046875,0.0,3390.8046875
651,82509.9,82590.9,82500.1,82500.1,18087.0,86074.9609375,82551.125,82551.125,3523.8359375,0.0,3523.8359375
652,82500.0,82500.1,82280.0,82280.0,18549.0,86136.109375,82460.75,82460.75,3675.359375,0.0,3675.359375
653,82275.9,82344.9,82234.6,82257.7,21916.0,86170.7421875,82393.0703125,82393.0703125,3777.671875,0.0,3777.671875
654,82248.8,82285.7,82125.3,82149.0,14685.0,86167.328125,82311.7109375,82311.7109375,3855.6171875,0.0,3855.6171875
655,82144.8,82267.9,82116.5,82208.8,12339.0,86079.953125,82277.40625,82277.40625,3802.546875,0.0,3802.546875
656,82210.8,82518.0,82210.8,82497.1,30776.0,86018.0,82350.640625,82350.640625,3667.359375,0.0,3667.359375
657,82497.4,82506.8,82390.0,82453.9,12146.0,86024.8984375,82385.0625,82385.0625,3639.8359375,0.0,3639.8359375
658,82453.8,82478.6,82349.3,82387.6,7323.0,86047.296875,82385.90625,82385.90625,3661.390625,0.0,3661.390625
659,82385.9,82385.9,82201.4,82217.5,10488.0,86077.6328125,82329.7734375,82329.7734375,3747.859375,0.0,3747.859375
660,82216.4,82231.7,82112.2,82176.2,12266.0,86052.421875,82278.5859375,82278.5859375,3773.8359375,0.0,3773.8359375
661,82178.3,82200.4,82111.0,82161.7,16371.0,85968.578125,82239.625,82239.625,3728.953125,0.0,3728.953125
662,82168.0,82261.1,82020.7,82078.6,15816.0,85969.71875,82185.953125,82185.953125,3783.765625,0.0,3783.765625
663,82078.5,82089.4,81712.9,81949.0,58374.0,85899.1484375,82106.96875,82106.96875,3792.1796875,0.0,3792.1796875
664,81948.9,81974.5,81786.1,81935.6,25616.0,85853.1640625,82049.84375,82049.84375,3803.3203125,0.0,3803.3203125
665,81943.5,82391.7,81927.3,82061.4,45415.0,85785.4453125,82053.6953125,82053.6953125,3731.75,0.0,3731.75
666,82053.6,82085.5,81905.2,82062.6,16898.0,85719.7265625,82056.6640625,82056.6640625,3663.0625,0.0,3663.0625
667,82058.6,82058.6,81802.1,81872.6,21012.0,85662.484375,81995.3125,81995.3125,3667.171875,0.0,3667.171875
668,81871.0,82140.3,81859.4,82019.9,32565.0,85643.0859375,82003.5078125,82003.5078125,3639.578125,0.0,3639.578125
669,82012.6,82139.7,82004.9,82080.5,55937.0,85651.0234375,82029.171875,82029.171875,3621.8515625,0.0,3621.8515625
670,82080.3,82443.9,82070.5,82414.7,20236.0,85619.1796875,82157.6796875,82157.6796875,3461.5,0.0,3461.5
671,82408.7,82428.3,82331.5,82382.7,17538.0,85596.984375,82232.6875,82232.6875,3364.296875,0.0,3364.296875
672,82382.7,82499.9,82309.5,82316.1,21160.0,85565.0546875,82260.4921875,82260.4921875,3304.5625,0.0,3304.5625
673,82309.4,82329.3,82107.0,82168.8,13391.0,85528.40625,82229.9296875,82229.9296875,3298.4765625,0.0,3298.4765625
674,82168.3,82242.3,82082.7,82124.0,23107.0,85520.8046875,82194.6171875,82194.6171875,3326.1875,0.0,3326.1875
675,82116.1,82140.8,81937.9,81944.2,15948.0,85481.6015625,82111.1484375,82111.1484375,3370.453125,0.0,3370.453125
676,81936.1,82077.4,81640.3,82072.8,26241.0,85382.1015625,82098.3671875,82098.3671875,3283.734375,0.0,3283.734375
677,82080.7,82224.5,81960.7,81975.2,13752.0,85348.8671875,82057.3125,82057.3125,3291.5546875,0.0,3291.5546875
678,81956.1,82014.3,81770.3,81877.2,9149.0,84623.6484375,81997.2734375,81997.2734375,2626.375,0.0,2626.375
679,81878.3,82077.9,81873.7,82077.8,19767.0,84310.1640625,82024.1171875,82024.1171875,2286.046875,0.0,2286.046875
680,82077.9,82077.9,81864.9,81965.1,12777.0,84250.3125,82004.4453125,82004.4453125,2245.8671875,0.0,2245.8671875
681,81963.2,82231.1,81947.7,82190.6,22895.0,84088.4453125,82066.5,82066.5,2021.9453125,0.0,2021.9453125
682,82190.5,82197.1,81951.4,81964.9,11012.0,84042.53125,82032.6328125,82032.6328125,2009.8984375,0.0,2009.8984375
683,81965.9,82024.8,81934.3,81992.6,15824.0,83973.984375,82019.2890625,82019.2890625,1954.6953125,0.0,1954.6953125
684,81992.6,82196.1,81983.0,82196.1,21470.0,83911.3203125,82078.2265625,82078.2265625,1833.09375,0.0,1833.09375
685,82196.1,82351.9,82149.2,82305.4,16139.0,84009.9453125,82153.953125,82153.953125,1855.9921875,0.0,1855.9921875
686,82307.4,82485.7,82241.3,82291.4,17690.0,84180.328125,82199.765625,82199.765625,1980.5625,0.0,1980.5625
687,82304.4,82304.4,82120.1,82120.1,16968.0,84264.015625,82173.2109375,82173.2109375,2090.8046875,0.0,2090.8046875
688,82124.2,82124.2,81959.6,82019.2,13734.0,84312.7109375,82121.875,82121.875,2190.8359375,0.0,2190.8359375
689,82019.4,82082.3,82007.4,82069.3,5797.0,84293.4375,82104.3515625,82104.3515625,2189.0859375,0.0,2189.0859375
690,82069.3,82289.5,82061.1,82246.1,20921.0,84272.125,82151.6015625,82151.6015625,2120.5234375,0.0,2120.5234375
691,82246.0,82377.9,82227.1,82305.4,10687.0,84166.28125,82202.8671875,82202.8671875,1963.4140625,0.0,1963.4140625
692,82314.6,82468.4,82299.2,82442.9,8486.0,84029.0546875,82282.875,82282.875,1746.1796875,0.0,1746.1796875
693,82444.2,82614.8,82395.6,82568.9,11545.0,83967.46875,82378.21875,82378.21875,1589.25,0.0,1589.25
694,82550.4,82712.4,82443.3,82443.3,24783.0,83878.4453125,82399.9140625,82399.9140625,1478.53125,0.0,1478.53125
695,82446.9,82554.9,82389.0,82530.9,15584.0,83821.4296875,82443.578125,82443.578125,1377.8515625,0.0,1377.8515625
696,82532.6,82616.4,82462.8,82558.3,6799.0,83840.15625,82481.8203125,82481.8203125,1358.3359375,0.0,1358.3359375
697,82555.0,82710.4,82548.8,82690.3,13435.0,83789.703125,82551.3125,82551.3125,1238.390625,0.0,1238.390625
698,82690.3,82866.1,82576.7,82834.2,28655.0,83744.265625,82645.609375,82645.609375,1098.65625,0.0,1098.65625
699,82840.6,82841.4,82689.9,82740.7,9596.0,83698.046875,82677.3046875,82677.3046875,1020.7421875,0.0,1020.7421875
700,82740.8,82922.9,82718.3,82846.4,6538.0,83583.0,82733.671875,82733.671875,849.328125,0.0,849.328125
701,82846.5,82858.5,82597.3,82629.6,19970.0,83409.5,82698.984375,82698.984375,710.515625,0.0,710.515625
702,82648.3,82648.3,82571.7,82593.2,6082.0,83188.703125,82663.7265625,82663.7265625,524.9765625,0.0,524.9765625
703,82594.4,82612.8,82527.2,82583.8,25629.0,83038.0,82637.0859375,82637.0859375,400.9140625,0.0,400.9140625
704,82583.8,82583.8,82496.2,82543.8,7138.0,82851.3984375,82605.9921875,82605.9921875,245.40625,0.0,245.40625
705,82552.0,82581.1,82539.7,82574.0,4128.0,82761.765625,82595.328125,82595.328125,166.4375,0.0,166.4375
706,82574.9,82609.7,82444.9,82465.3,7259.0,82586.046875,82551.984375,82551.984375,34.0625,0.0,34.0625
707,82459.9,82529.5,82450.4,82529.5,10327.0,82507.1328125,82544.4921875,82544.4921875,37.359375,0.0,37.359375
708,82533.6,82570.5,82487.9,82533.6,5208.0,82242.390625,82540.859375,82540.859375,298.46875,0.0,298.46875
709,82533.6,82570.5,82450.1,82456.7,6170.0,82114.7265625,82512.8046875,82512.8046875,398.078125,0.0,398.078125
710,82456.2,82456.2,82364.6,82452.6,18068.0,82112.1484375,82492.734375,82492.734375,380.5859375,0.0,380.5859375
711,82452.6,82561.7,82420.9,82557.5,6585.0,81998.1953125,82514.3203125,82514.3203125,516.125,0.0,516.125
712,82541.0,82732.5,82508.9,82717.9,24146.0,81976.8984375,82582.1796875,82582.1796875,605.28125,0.0,605.28125
713,82721.6,82750.0,82660.9,82749.9,7956.0,81971.1328125,82638.0859375,82638.0859375,666.953125,0.0,666.953125
714,82749.9,82766.4,82699.7,82710.1,5273.0,82112.625,82662.09375,82662.09375,549.46875,0.0,549.46875
715,82710.1,82807.6,82637.8,82742.8,9795.0,82267.3203125,82688.9921875,82688.9921875,421.671875,0.0,421.671875
716,82739.3,82766.7,82656.8,82656.8,3375.0,82353.9453125,82678.2578125,82678.2578125,324.3125,0.0,324.3125
717,82656.8,82750.3,82638.5,82728.4,4222.0,82398.59375,82694.96875,82694.96875,296.375,0.0,296.375
718,82728.4,82778.4,82721.2,82768.0,5202.0,82486.03125,82719.3125,82719.3125,233.28125,0.0,233.28125
719,82762.0,82815.9,82703.3,82710.1,9929.0,82564.421875,82716.2421875,82716.2421875,151.8203125,0.0,151.8203125
720,82713.3,82713.3,82619.2,82675.0,8385.0,82656.8125,82702.4921875,82702.4921875,45.6796875,0.0,45.6796875
721,82681.7,82931.5,82680.7,82931.4,15073.0,82788.90625,82778.796875,82778.796875,10.109375,0.0,10.109375
722,82931.5,82957.8,82852.1,82881.5,10984.0,82836.734375,82813.03125,82813.03125,23.703125,0.0,23.703125
723,82881.5,82953.2,82841.6,82892.7,11356.0,82874.0234375,82839.5859375,82839.5859375,34.4375,0.0,34.4375
724,82896.6,82970.3,82870.1,82941.3,6136.0,82914.4453125,82873.4921875,82873.4921875,40.953125,0.0,40.953125
725,82948.1,82995.0,82891.0,82899.2,6327.0,82935.6328125,82882.0625,82882.0625,53.5703125,0.0,53.5703125
726,82907.5,82967.1,82812.0,82829.0,9037.0,82943.4921875,82864.375,82864.375,79.1171875,0.0,79.1171875
727,82830.1,83053.8,82812.0,83041.4,15284.0,82834.625,82923.3828125,82923.3828125,88.7578125,0.0,88.7578125
728,83053.1,83343.1,83053.1,83295.7,38016.0,82700.3828125,83047.4921875,83047.4921875,347.109375,0.0,347.109375
729,83295.6,83351.2,83155.6,83228.5,9452.0,82552.65625,83107.828125,83107.828125,555.171875,0.0,555.171875
730,83236.9,83337.0,83236.9,83250.0,7117.0,82435.140625,83155.21875,83155.21875,720.078125,0.0,720.078125
731,83241.7,83241.7,83053.5,83127.0,41546.0,82393.2265625,83145.8125,83145.8125,752.5859375,0.0,752.5859375
732,83126.1,83126.1,82951.0,82951.0,14525.0,82333.25,83080.875,83080.875,747.625,0.0,747.625
733,82949.5,83037.2,82932.4,83012.9,5621.0,82203.4296875,83058.21875,83058.21875,854.7890625,0.0,854.7890625
734,83002.0,83118.3,82996.0,83095.3,6014.0,82146.921875,83070.578125,83070.578125,923.65625,0.0,923.65625
735,83082.7,83120.9,83034.1,83045.2,4113.0,82069.2109375,83062.1171875,83062.1171875,992.90625,0.0,992.90625
736,83051.4,83088.2,83015.6,83035.2,3492.0,81656.609375,83053.1484375,83053.1484375,1396.5390625,0.0,1396.5390625
737,83032.1,83187.9,83032.1,83044.6,6448.0,81339.4375,83050.296875,83050.296875,1710.859375,0.0,1710.859375
738,83039.7,83053.0,82948.6,82996.0,4963.0,81373.65625,83032.1953125,83032.1953125,1658.5390625,0.0,1658.5390625
739,82990.0,82990.0,82847.1,82879.6,13056.0,81744.6015625,82981.328125,82981.328125,1236.7265625,0.0,1236.7265625
740,82887.9,83055.4,82887.9,83040.6,11412.0,82018.203125,83001.0859375,83001.0859375,982.8828125,0.0,982.8828125
741,83040.5,83168.9,83027.1,83142.4,4509.0,82348.3359375,83048.1875,83048.1875,699.8515625,0.0,699.8515625
742,83142.7,83160.0,82995.9,83012.6,5393.0,82685.0546875,83036.328125,83036.328125,351.2734375,0.0,351.2734375
743,83009.1,83240.3,82995.3,83159.1,11862.0,82835.8046875,83077.25,83077.25,241.4453125,0.0,241.4453125
744,83159.0,83159.8,83064.3,83065.2,4129.0,82968.40625,83073.234375,83073.234375,104.828125,0.0,104.828125
745,83073.6,83160.1,83064.0,83128.6,4387.0,83124.5390625,83091.6875,83091.6875,32.8515625,0.0,32.8515625
746,83128.5,83128.5,83037.6,83053.0,2391.0,83287.2265625,83078.7890625,83078.7890625,208.4375,0.0,208.4375
747,83053.0,83063.7,82969.0,82987.2,1869.0,83545.1875,83048.2578125,83048.2578125,496.9296875,0.0,496.9296875
748,82988.2,83043.2,82978.0,82978.0,2917.0,83603.2890625,83024.8359375,83024.8359375,578.453125,0.0,578.453125
749,82974.1,82974.1,82924.4,82924.4,3108.0,83529.0234375,82991.359375,82991.359375,537.6640625,0.0,537.6640625
750,82924.5,82950.7,82903.5,82903.5,3799.0,83446.71875,82962.0703125,82962.0703125,484.6484375,0.0,484.6484375
751,82904.4,82943.6,82899.0,82926.2,7938.0,83584.34375,82950.1171875,82950.1171875,634.2265625,0.0,634.2265625
752,82926.2,83079.2,82926.2,83079.2,36803.0,83760.265625,82993.1484375,82993.1484375,767.1171875,0.0,767.1171875
753,83080.0,83114.7,82959.2,82959.2,4886.0,83898.7734375,82981.8359375,82981.8359375,916.9375,0.0,916.9375
754,82959.1,82959.1,82793.4,82799.5,8111.0,83982.546875,82921.0546875,82921.0546875,1061.4921875,0.0,1061.4921875
755,82796.0,82827.2,82726.5,82772.8,8515.0,84033.0625,82871.6328125,82871.6328125,1161.4296875,0.0,1161.4296875
756,82767.3,82802.8,82747.5,82768.1,6283.0,83987.078125,82837.125,82837.125,1149.953125,0.0,1149.953125
757,82768.0,82775.3,82636.8,82680.8,6586.0,83980.75,82785.015625,82785.015625,1195.734375,0.0,1195.734375
758,82680.8,82707.4,82616.9,82638.7,6030.0,83936.203125,82736.2421875,82736.2421875,1199.9609375,0.0,1199.9609375
759,82638.6,82711.8,82618.4,82618.4,6202.0,83827.46875,82696.9609375,82696.9609375,1130.5078125,0.0,1130.5078125
760,82618.4,82695.4,82500.1,82521.2,10768.0,83781.546875,82638.375,82638.375,1143.171875,0.0,1143.171875
761,82501.0,82521.3,82389.9,82470.1,18509.0,83703.734375,82582.28125,82582.28125,1121.453125,0.0,1121.453125
762,82469.3,82485.9,82382.7,82435.8,12156.0,83798.0859375,82533.453125,82533.453125,1264.6328125,0.0,1264.6328125
763,82432.1,82530.0,82431.9,82509.6,7552.0,84102.5234375,82525.5,82525.5,1577.0234375,0.0,1577.0234375
764,82509.9,82552.0,82480.8,82524.7,7396.0,84326.484375,82525.234375,82525.234375,1801.25,0.0,1801.25
765,82510.0,82528.1,82438.2,82443.3,5419.0,84301.5234375,82497.921875,82497.921875,1803.6015625,0.0,1803.6015625
766,82446.4,82479.7,82381.1,82419.4,2903.0,84560.3828125,82471.75,82471.75,2088.6328125,0.0,2088.6328125
767,82418.7,82448.0,82284.2,82313.2,6078.0,84706.953125,82418.8984375,82418.8984375,2288.0546875,0.0,2288.0546875
768,82317.0,82381.8,82257.2,82262.7,8322.0,84581.1015625,82366.8359375,82366.8359375,2214.265625,0.0,2214.265625
769,82279.4,82417.8,82229.4,82300.1,9838.0,84489.9375,82344.59375,82344.59375,2145.34375,0.0,2145.34375
770,82300.1,82375.4,82229.0,82355.8,14190.0,84342.421875,82348.328125,82348.328125,1994.09375,0.0,1994.09375
771,82355.8,82385.9,82268.4,82284.7,9506.0,84209.3828125,82327.1171875,82327.1171875,1882.265625,0.0,1882.265625
772,82268.2,82405.4,82268.2,82358.9,9579.0,84104.65625,82337.7109375,82337.7109375,1766.9453125,0.0,1766.9453125
773,82358.0,82375.9,82200.1,82281.1,6470.0,83951.234375,82318.84375,82318.84375,1632.390625,0.0,1632.390625
774,82286.5,82316.1,82221.9,82256.0,18679.0,83810.5859375,82297.8984375,82297.8984375,1512.6875,0.0,1512.6875
775,82272.4,82360.0,82272.4,82308.6,4366.0,83580.859375,82301.46875,82301.46875,1279.390625,0.0,1279.390625
776,82307.5,82308.5,82208.6,82218.6,9752.0,83335.90625,82273.84375,82273.84375,1062.0625,0.0,1062.0625
777,82217.7,82360.9,82217.7,82360.9,9148.0,83246.8671875,82302.859375,82302.859375,944.0078125,0.0,944.0078125
778,82341.3,82399.0,82309.4,82309.4,4196.0,83070.7109375,82305.0390625,82305.0390625,765.671875,0.0,765.671875
779,82309.4,82353.7,82286.1,82317.2,4291.0,82975.0390625,82309.09375,82309.09375,665.9453125,0.0,665.9453125
780,82313.1,82372.3,82294.0,82306.6,4651.0,82885.9296875,82308.265625,82308.265625,577.6640625,0.0,577.6640625
781,82306.6,82457.7,82278.2,82278.2,9994.0,82812.6171875,82298.2421875,82298.2421875,514.375,0.0,514.375
782,82267.6,82387.4,82256.5,82311.2,9736.0,82780.28125,82302.5625,82302.5625,477.71875,0.0,477.71875
783,82316.4,82401.0,82213.3,82361.6,31401.0,82713.390625,82322.2421875,82322.2421875,391.1484375,0.0,391.1484375
784,82353.3,82353.3,82087.2,82207.2,17951.0,82759.9609375,82283.8984375,82283.8984375,476.0625,0.0,476.0625
785,82211.2,82229.2,82094.1,82094.1,10273.0,82864.2734375,82220.6328125,82220.6328125,643.640625,0.0,643.640625
786,82094.2,82172.1,82050.7,82089.7,19987.0,82938.8828125,82176.9921875,82176.9921875,761.890625,0.0,761.890625
787,82089.6,82200.0,82055.5,82200.0,4604.0,83150.0546875,82184.6640625,82184.6640625,965.390625,0.0,965.390625
788,82200.7,82200.7,81943.8,81995.4,16179.0,83236.8671875,82121.578125,82121.578125,1115.2890625,0.0,1115.2890625
789,82007.8,82099.5,81995.4,82057.6,9907.0,83355.7109375,82100.25,82100.25,1255.4609375,0.0,1255.4609375
790,82057.7,82081.7,81990.1,82015.7,17310.0,83680.8046875,82072.0703125,82072.0703125,1608.734375,0.0,1608.734375
791,82013.2,82148.5,82008.1,82120.8,29622.0,84002.3359375,82088.3125,82088.3125,1914.0234375,0.0,1914.0234375
792,82124.4,82141.0,82045.5,82052.5,15856.0,84239.2578125,82076.375,82076.375,2162.8828125,0.0,2162.8828125
793,82052.5,82270.8,82033.9,82270.7,11670.0,84562.3046875,82141.1484375,82141.1484375,2421.15625,0.0,2421.15625
794,82270.7,82389.6,82160.5,82310.0,34207.0,84716.3046875,82197.4296875,82197.4296875,2518.875,0.0,2518.875
795,82309.9,82309.9,82090.1,82120.3,12909.0,84853.234375,82171.71875,82171.71875,2681.515625,0.0,2681.515625
796,82117.5,82181.5,81982.3,82010.3,9110.0,84941.5859375,82117.9140625,82117.9140625,2823.671875,0.0,2823.671875
797,82010.4,82067.1,81956.0,82042.3,8570.0,84976.8203125,82092.7109375,82092.7109375,2884.109375,0.0,2884.109375
798,82038.6,82061.9,81913.8,81950.5,11482.0,85095.78125,82045.3046875,82045.3046875,3050.4765625,0.0,3050.4765625
799,81950.4,82032.4,81945.1,81985.9,7187.0,85083.3203125,82025.5,82025.5,3057.8203125,0.0,3057.8203125
800,81973.8,82004.9,81846.1,81851.1,10167.0,85111.1796875,81967.3671875,81967.3671875,3143.8125,0.0,3143.8125
801,81851.3,81854.3,81416.3,81444.9,69414.0,85130.8828125,81793.2109375,81793.2109375,3337.671875,0.0,3337.671875
802,81444.9,81613.8,81340.6,81551.5,39167.0,85055.953125,81712.640625,81712.640625,3343.3125,0.0,3343.3125
803,81548.4,81591.1,80831.4,81134.0,196906.0,84998.0703125,81519.7578125,81519.7578125,3478.3125,0.0,3478.3125
804,81149.3,81160.4,80919.0,81101.0,45283.0,84774.515625,81380.171875,81380.171875,3394.34375,0.0,3394.34375
805,81100.0,81444.4,81079.6,81328.8,30209.0,84435.7421875,81363.046875,81363.046875,3072.6953125,0.0,3072.6953125
806,81323.7,81323.7,81129.8,81140.6,36412.0,84152.53125,81288.8984375,81288.8984375,2863.6328125,0.0,2863.6328125
807,81132.6,81159.4,80952.0,81011.6,32535.0,83897.3515625,81196.46875,81196.46875,2700.8828125,0.0,2700.8828125
808,81011.6,81050.4,80705.1,80725.3,38780.0,83743.5703125,81039.4140625,81039.4140625,2704.15625,0.0,2704.15625
809,80723.8,80963.9,80627.5,80945.5,42398.0,83789.3828125,81008.109375,81008.109375,2781.2734375,0.0,2781.2734375
810,80957.6,81666.0,80957.6,81466.2,131612.0,83916.7890625,81160.8046875,81160.8046875,2755.984375,0.0,2755.984375
811,81468.0,81877.6,81274.6,81711.1,61016.0,84110.5234375,81344.234375,81344.234375,2766.2890625,0.0,2766.2890625
812,81711.1,81889.9,81500.2,81605.4,33883.0,84188.8828125,81431.2890625,81431.2890625,2757.59375,0.0,2757.59375
813,81581.0,81707.1,81442.1,81606.9,30371.0,84308.453125,81489.828125,81489.828125,2818.625,0.0,2818.625
814,81602.9,81807.5,81594.8,81700.5,18544.0,84445.734375,81560.0546875,81560.0546875,2885.6796875,0.0,2885.6796875
815,81704.5,81821.2,81510.1,81821.2,35648.0,84482.7890625,81647.1015625,81647.1015625,2835.6875,0.0,2835.6875
816,81825.1,82274.0,81710.7,82101.7,46923.0,84496.2578125,81798.6328125,81798.6328125,2697.625,0.0,2697.625
817,82087.6,82581.6,82027.5,82511.1,70274.0,84512.0390625,82036.125,82036.125,2475.9140625,0.0,2475.9140625
818,82511.3,82866.1,82486.5,82768.0,63226.0,84508.0625,82280.0859375,82280.0859375,2227.9765625,0.0,2227.9765625
819,82767.9,82982.8,82628.3,82982.8,31887.0,84520.640625,82514.3203125,82514.3203125,2006.3203125,0.0,2006.3203125
820,82982.7,82982.7,82657.5,82736.3,19758.0,84600.359375,82588.3125,82588.3125,2012.046875,0.0,2012.046875
821,82745.5,82971.2,82693.7,82878.7,22928.0,84676.140625,82685.109375,82685.109375,1991.03125,0.0,1991.03125
822,82904.5,82908.6,82685.7,82750.9,12906.0,84667.2265625,82707.0390625,82707.0390625,1960.1875,0.0,1960.1875
823,82751.0,82887.6,82565.4,82874.2,24953.0,84716.3515625,82762.7578125,82762.7578125,1953.59375,0.0,1953.59375
824,82874.1,83033.3,82795.5,83002.3,14212.0,84623.3671875,82842.6015625,82842.6015625,1780.765625,0.0,1780.765625
825,83010.6,83427.0,82994.9,83316.3,37958.0,84513.2421875,83000.5,83000.5,1512.7421875,0.0,1512.7421875
826,83320.1,83419.2,83150.8,83164.4,16894.0,84381.0625,83055.1328125,83055.1328125,1325.9296875,0.0,1325.9296875
827,83176.3,83300.0,83106.8,83270.4,9931.0,84319.375,83126.890625,83126.890625,1192.484375,0.0,1192.484375
828,83252.6,83322.0,83008.6,83078.5,13767.0,84284.28125,83110.7578125,83110.7578125,1173.5234375,0.0,1173.5234375
829,83083.3,83191.8,82976.6,83191.8,11528.0,84141.890625,83137.7734375,83137.7734375,1004.1171875,0.0,1004.1171875
830,83199.9,83528.1,83116.8,83499.9,25737.0,84120.59375,83258.484375,83258.484375,862.109375,0.0,862.109375
831,83493.1,83499.9,83386.6,83496.4,18219.0,84029.765625,83337.7890625,83337.7890625,691.9765625,0.0,691.9765625
832,83496.4,83576.6,83367.6,83389.8,14373.0,83922.8125,83355.125,83355.125,567.6875,0.0,567.6875
833,83386.5,83583.2,83358.5,83565.7,5882.0,83811.2109375,83425.3203125,83425.3203125,385.890625,0.0,385.890625
834,83564.7,83589.1,83495.9,83564.2,9029.0,83694.40625,83471.6171875,83471.6171875,222.7890625,0.0,222.7890625
835,83564.2,83567.0,83333.5,83333.5,10150.0,83758.671875,83425.578125,83425.578125,333.09375,0.0,333.09375
836,83333.4,83355.8,83152.8,83179.1,17827.0,83839.1171875,83343.421875,83343.421875,495.6953125,0.0,495.6953125
837,83179.1,83306.3,83050.0,83302.2,11455.0,84041.2421875,83329.6796875,83329.6796875,711.5625,0.0,711.5625
838,83311.7,83311.7,83137.3,83240.7,8036.0,84156.0625,83300.0234375,83300.0234375,856.0390625,0.0,856.0390625
839,83228.0,83278.0,83165.3,83272.9,7659.0,84270.7421875,83290.984375,83290.984375,979.7578125,0.0,979.7578125
840,83268.7,83413.3,83182.0,83400.6,9926.0,84336.03125,83327.5234375,83327.5234375,1008.5078125,0.0,1008.5078125
841,83409.0,83420.5,83156.7,83156.7,9847.0,84391.5859375,83270.5859375,83270.5859375,1121.0,0.0,1121.0
842,83156.6,83458.2,83136.0,83378.3,9308.0,84437.2265625,83306.4921875,83306.4921875,1130.734375,0.0,1130.734375
843,83365.8,83487.3,83233.6,83282.3,8245.0,84438.1484375,83298.4296875,83298.4296875,1139.71875,0.0,1139.71875
844,83286.5,83299.6,83106.7,83237.1,12591.0,84557.3984375,83277.984375,83277.984375,1279.4140625,0.0,1279.4140625
845,83228.8,83428.0,83208.2,83400.3,11736.0,84678.96875,83318.7578125,83318.7578125,1360.2109375,0.0,1360.2109375
846,83400.4,83614.9,83355.6,83556.5,9782.0,84781.9765625,83398.0078125,83398.0078125,1383.96875,0.0,1383.96875
847,83553.5,83566.5,83431.5,83466.6,5087.0,84893.1875,83420.875,83420.875,1472.3125,0.0,1472.3125
848,83455.0,83696.9,83436.8,83671.7,14552.0,85036.6953125,83504.484375,83504.484375,1532.2109375,0.0,1532.2109375
849,83660.6,83887.3,83660.6,83796.7,25035.0,85101.1953125,83601.890625,83601.890625,1499.3046875,0.0,1499.3046875
850,83810.9,83866.3,83527.8,83527.8,8582.0,85179.5,83577.1953125,83577.1953125,1602.3046875,0.0,1602.3046875
851,83508.9,83671.5,83500.1,83644.1,7905.0,85166.5703125,83599.5,83599.5,1567.0703125,0.0,1567.0703125
852,83644.0,83704.1,83595.4,83648.1,8093.0,85213.515625,83615.703125,83615.703125,1597.8125,0.0,1597.8125
853,83648.2,83792.6,83612.6,83745.6,7432.0,85226.109375,83659.0,83659.0,1567.109375,0.0,1567.109375
854,83753.4,83836.6,83745.2,83810.6,14244.0,85174.4375,83709.53125,83709.53125,1464.90625,0.0,1464.90625
855,83810.6,83911.9,83801.6,83908.4,9001.0,85149.65625,83775.8203125,83775.8203125,1373.8359375,0.0,1373.8359375
856,83909.4,83988.6,83880.9,83988.6,11285.0,85022.703125,83846.75,83846.75,1175.953125,0.0,1175.953125
857,83988.5,84346.8,83980.2,84217.3,20381.0,84961.8671875,83970.265625,83970.265625,991.6015625,0.0,991.6015625
858,84217.2,84217.2,84061.1,84092.6,8302.0,84779.6484375,84011.046875,84011.046875,768.6015625,0.0,768.6015625
859,84079.8,84182.5,83988.6,84143.9,7843.0,84653.96875,84055.328125,84055.328125,598.640625,0.0,598.640625
860,84153.3,84185.7,83947.6,84021.0,8177.0,84614.4140625,84043.8828125,84043.8828125,570.53125,0.0,570.53125
861,84016.8,84163.7,83968.7,84027.8,12205.0,84556.1796875,84038.5234375,84038.5234375,517.65625,0.0,517.65625
862,84021.4,84043.1,83807.6,83847.9,9911.0,84474.921875,83974.984375,83974.984375,499.9375,0.0,499.9375
863,83843.7,83856.9,83719.5,83753.7,9225.0,84419.578125,83901.2265625,83901.2265625,518.3515625,0.0,518.3515625
864,83753.7,83776.9,83628.0,83628.0,8345.0,85589.75,83810.1484375,83810.1484375,1779.6015625,0.0,1779.6015625
865,83627.2,83704.8,83567.2,83666.8,14747.0,86281.1640625,83762.3671875,83762.3671875,2518.796875,0.0,2518.796875
866,83673.5,83715.7,83608.1,83699.0,5977.0,86721.0390625,83741.2421875,83741.2421875,2979.796875,0.0,2979.796875
867,83695.6,83719.0,83549.8,83549.8,3452.0,86987.2890625,83677.4296875,83677.4296875,3309.859375,0.0,3309.859375
868,83555.8,83589.6,83380.5,83405.1,40093.0,87115.328125,83586.65625,83586.65625,3528.671875,0.0,3528.671875
869,83408.1,83495.8,83404.0,83440.7,9717.0,87144.8828125,83538.0078125,83538.0078125,3606.875,0.0,3606.875
870,83428.2,83583.5,83428.2,83571.6,7534.0,87192.1875,83549.203125,83549.203125,3642.984375,0.0,3642.984375
871,83571.5,83598.2,83471.9,83564.6,6870.0,87087.328125,83554.3359375,83554.3359375,3532.9921875,0.0,3532.9921875
872,83564.5,83603.3,83409.2,83445.4,6639.0,87076.7890625,83518.0234375,83518.0234375,3558.765625,0.0,3558.765625
873,83436.3,83466.5,83282.1,83453.4,7506.0,87030.390625,83496.484375,83496.484375,3533.90625,0.0,3533.90625
874,83452.5,83527.9,83427.1,83512.6,5215.0,86924.125,83501.859375,83501.859375,3422.265625,0.0,3422.265625
875,83516.7,83790.7,83504.2,83747.7,11180.0,86803.25,83583.8046875,83583.8046875,3219.4453125,0.0,3219.4453125
876,83757.6,83895.3,83741.6,83858.9,10276.0,86828.03125,83675.5,83675.5,3152.53125,0.0,3152.53125
877,83860.0,83932.9,83826.0,83932.9,6560.0,86899.65625,83761.296875,83761.296875,3138.359375,0.0,3138.359375
878,83940.1,83984.9,83859.6,83950.7,11958.0,86979.4375,83824.4296875,83824.4296875,3155.0078125,0.0,3155.0078125
879,83937.7,83937.7,83837.1,83860.8,7627.0,87113.7890625,83836.5546875,83836.5546875,3277.234375,0.0,3277.234375
880,83860.7,83988.5,83829.5,83944.8,3462.0,87109.625,83872.6328125,83872.6328125,3236.9921875,0.0,3236.9921875
881,83937.9,84109.1,83936.9,84099.5,15827.0,87164.1796875,83948.2578125,83948.2578125,3215.921875,0.0,3215.921875
882,84097.6,84195.8,84085.7,84107.1,6837.0,87159.5234375,84001.203125,84001.203125,3158.3203125,0.0,3158.3203125
883,84141.4,84194.8,84112.1,84128.8,5869.0,87267.9140625,84043.734375,84043.734375,3224.1796875,0.0,3224.1796875
884,84128.8,84152.8,84085.4,84138.0,5619.0,87279.84375,84075.15625,84075.15625,3204.6875,0.0,3204.6875
885,84144.3,84282.8,84077.0,84253.4,11736.0,87305.7265625,84134.5703125,84134.5703125,3171.15625,0.0,3171.15625
886,84253.5,84346.9,84108.1,84123.6,12369.0,87319.8515625,84130.9140625,84130.9140625,3188.9375,0.0,3188.9375
887,84123.6,84243.2,84105.0,84183.7,6456.0,87289.53125,84148.5078125,84148.5078125,3141.0234375,0.0,3141.0234375
888,84183.7,84407.1,84175.8,84356.4,12382.0,87270.8203125,84217.8046875,84217.8046875,3053.015625,0.0,3053.015625
889,84350.7,84350.7,84034.2,84086.3,10004.0,87290.578125,84173.96875,84173.96875,3116.609375,0.0,3116.609375
890,84076.6,84152.9,84047.1,84143.1,8864.0,87255.5546875,84163.6796875,84163.6796875,3091.875,0.0,3091.875
891,84143.0,84386.4,84143.0,84366.4,7931.0,87195.6015625,84231.25,84231.25,2964.3515625,0.0,2964.3515625
892,84370.6,84424.5,84153.4,84209.8,9858.0,87232.53125,84224.1015625,84224.1015625,3008.4296875,0.0,3008.4296875
893,84209.5,84308.4,84150.1,84244.1,10672.0,87227.390625,84230.765625,84230.765625,2996.625,0.0,2996.625
894,84231.7,84277.4,84197.8,84265.0,4751.0,87194.5234375,84242.1796875,84242.1796875,2952.34375,0.0,2952.34375
895,84269.4,84294.7,84186.8,84188.0,4961.0,87164.0859375,84224.1171875,84224.1171875,2939.96875,0.0,2939.96875
896,84197.3,84214.2,84110.1,84163.8,8754.0,87190.421875,84204.0078125,84204.0078125,2986.4140625,0.0,2986.4140625
897,84167.6,84237.4,84125.5,84197.2,7185.0,87207.578125,84201.7421875,84201.7421875,3005.8359375,0.0,3005.8359375
898,84199.2,84214.4,84134.1,84178.5,4214.0,87140.421875,84193.9921875,84193.9921875,2946.4296875,0.0,2946.4296875
899,84182.8,84243.3,84110.0,84110.1,9177.0,87128.484375,84166.03125,84166.03125,2962.453125,0.0,2962.453125
900,84110.0,84145.0,84000.9,84019.7,11135.0,87075.7890625,84117.2578125,84117.2578125,2958.53125,0.0,2958.53125
901,84028.0,84028.1,83827.1,83878.1,31049.0,86999.2578125,84037.5390625,84037.5390625,2961.71875,0.0,2961.71875
902,83878.0,84009.6,83856.5,83953.2,4463.0,86817.171875,84009.4296875,84009.4296875,2807.7421875,0.0,2807.7421875
903,83953.2,83980.8,83895.1,83918.3,6474.0,86605.015625,83979.0546875,83979.0546875,2625.9609375,0.0,2625.9609375
904,83914.2,83935.5,83852.8,83852.8,6679.0,86652.6796875,83936.96875,83936.96875,2715.7109375,0.0,2715.7109375
905,83841.9,83860.5,83741.6,83755.0,7145.0,86628.0234375,83876.3125,83876.3125,2751.7109375,0.0,2751.7109375
906,83759.2,83974.9,83745.7,83964.7,7273.0,86563.046875,83905.7734375,83905.7734375,2657.2734375,0.0,2657.2734375
907,83964.7,84032.4,83898.7,83969.7,9174.0,86530.828125,83927.0859375,83927.0859375,2603.7421875,0.0,2603.7421875
908,83969.7,84129.4,83968.1,84078.1,7156.0,86464.3515625,83977.421875,83977.421875,2486.9296875,0.0,2486.9296875
909,84073.9,84201.0,84073.0,84196.5,8198.0,86379.53125,84050.4453125,84050.4453125,2329.0859375,0.0,2329.0859375
910,84201.7,84201.7,84025.3,84045.2,8063.0,86175.6171875,84048.6953125,84048.6953125,2126.921875,0.0,2126.921875
911,84037.6,84037.8,83930.5,83979.7,5928.0,85951.375,84025.6953125,84025.6953125,1925.6796875,0.0,1925.6796875
912,83977.9,83988.5,83936.0,83982.1,8969.0,85825.9140625,84011.1640625,84011.1640625,1814.75,0.0,1814.75
913,83979.3,83979.3,83847.1,83847.1,3779.0,85888.640625,83956.4765625,83956.4765625,1932.1640625,0.0,1932.1640625
914,83847.2,83916.9,83827.6,83827.6,7451.0,85868.09375,83913.515625,83913.515625,1954.578125,0.0,1954.578125
915,83826.8,83826.8,83671.6,83685.5,10288.0,85786.9296875,83837.5078125,83837.5078125,1949.421875,0.0,1949.421875
916,83677.2,83750.0,83586.7,83735.2,11544.0,85744.0234375,83803.40625,83803.40625,1940.6171875,0.0,1940.6171875
917,83728.8,83728.8,83536.6,83616.9,42094.0,85700.046875,83741.234375,83741.234375,1958.8125,0.0,1958.8125
918,83619.0,83698.3,83610.0,83610.6,4024.0,85685.0,83697.6875,83697.6875,1987.3125,0.0,1987.3125
919,83608.5,83630.5,83587.0,83611.6,4610.0,85745.734375,83668.9921875,83668.9921875,2076.7421875,0.0,2076.7421875
920,83615.8,83753.0,83608.5,83696.0,8401.0,85854.421875,83677.9921875,83677.9921875,2176.4296875,0.0,2176.4296875
921,83696.0,83808.4,83672.4,83771.7,8045.0,85886.6484375,83709.2265625,83709.2265625,2177.421875,0.0,2177.421875
922,83771.9,83797.2,83687.7,83743.3,7048.0,85911.8359375,83720.5859375,83720.5859375,2191.25,0.0,2191.25
923,83749.0,83833.7,83689.7,83817.0,7983.0,85930.7265625,83752.7265625,83752.7265625,2178.0,0.0,2178.0
924,83825.4,83826.3,83705.9,83740.7,7670.0,85896.484375,83748.71875,83748.71875,2147.765625,0.0,2147.765625
925,83740.1,83775.0,83627.8,83677.6,7738.0,85805.2890625,83725.015625,83725.015625,2080.2734375,0.0,2080.2734375
926,83666.0,83684.1,83608.1,83608.1,5996.0,85787.65625,83686.046875,83686.046875,2101.609375,0.0,2101.609375
927,83608.2,83629.2,83549.2,83576.1,6533.0,85745.0078125,83649.3984375,83649.3984375,2095.609375,0.0,2095.609375
928,83583.8,83622.3,83548.1,83548.2,7330.0,85719.0390625,83615.6640625,83615.6640625,2103.375,0.0,2103.375
929,83555.1,83706.1,83555.1,83672.0,10687.0,85775.828125,83634.4453125,83634.4453125,2141.3828125,0.0,2141.3828125
930,83678.4,84299.9,83579.7,84099.8,48233.0,85679.2890625,83789.5625,83789.5625,1889.7265625,0.0,1889.7265625
931,84092.4,84256.8,83848.1,83896.1,20421.0,85610.4296875,83825.078125,83825.078125,1785.3515625,0.0,1785.3515625
932,83897.1,84299.9,83792.0,84270.3,17872.0,85711.453125,83973.484375,83973.484375,1737.96875,0.0,1737.96875
933,84261.5,84293.4,83986.8,84269.2,10392.0,85735.3671875,84072.0546875,84072.0546875,1663.3125,0.0,1663.3125
934,84269.3,84820.2,84269.3,84762.7,44408.0,85809.34375,84302.2734375,84302.2734375,1507.0703125,0.0,1507.0703125
935,84762.7,84900.0,84485.0,84890.9,32741.0,85881.765625,84498.484375,84498.484375,1383.28125,0.0,1383.28125
936,84890.9,85001.8,84816.5,84976.8,62131.0,85941.875,84657.921875,84657.921875,1283.953125,0.0,1283.953125
937,84972.3,85140.8,84857.4,84864.4,30059.0,85966.21875,84726.75,84726.75,1239.46875,0.0,1239.46875
938,84860.9,84992.7,84711.4,84800.2,12249.0,86017.28125,84751.234375,84751.234375,1266.046875,0.0,1266.046875
939,84797.1,85040.4,84796.9,84863.8,11989.0,86108.1875,84788.7578125,84788.7578125,1319.4296875,0.0,1319.4296875
940,84855.5,85041.6,84700.0,85007.8,10696.0,86167.4921875,84861.7734375,84861.7734375,1305.71875,0.0,1305.71875
941,85007.8,85267.7,85007.8,85169.7,18893.0,86197.0625,84964.4140625,84964.4140625,1232.6484375,0.0,1232.6484375
942,85171.3,85279.8,84913.6,85028.8,11743.0,86210.875,84985.875,84985.875,1225.0,0.0,1225.0
943,85028.8,85028.8,84774.4,84815.3,17450.0,86108.984375,84929.015625,84929.015625,1179.96875,0.0,1179.96875
944,84815.3,84968.6,84772.1,84907.1,9999.0,86101.0546875,84921.7109375,84921.7109375,1179.34375,0.0,1179.34375
945,84917.0,84984.1,84649.0,84660.5,12520.0,86091.2734375,84834.640625,84834.640625,1256.6328125,0.0,1256.6328125
946,84656.3,84699.8,84407.8,84436.5,15972.0,86093.015625,84701.9296875,84701.9296875,1391.0859375,0.0,1391.0859375
947,84434.9,84539.6,84235.7,84261.3,11651.0,86108.109375,84555.0546875,84555.0546875,1553.0546875,0.0,1553.0546875
948,84265.7,84645.9,84251.6,84645.8,25414.0,86072.7421875,84585.3046875,84585.3046875,1487.4375,0.0,1487.4375
949,84640.6,84671.3,84374.2,84546.2,8208.0,85998.4609375,84572.2734375,84572.2734375,1426.1875,0.0,1426.1875
950,84534.6,84682.1,84494.5,84649.9,18914.0,85989.640625,84598.1484375,84598.1484375,1391.4921875,0.0,1391.4921875
951,84650.6,84986.8,84570.9,84893.5,17548.0,85917.7578125,84696.6015625,84696.6015625,1221.15625,0.0,1221.15625
952,84893.4,85162.0,84781.0,85125.8,20141.0,85866.96875,84839.6640625,84839.6640625,1027.3046875,0.0,1027.3046875
953,85141.6,85217.2,85078.1,85179.5,8645.0,85797.1796875,84952.9453125,84952.9453125,844.234375,0.0,844.234375
954,85179.5,85427.9,85162.8,85400.7,20955.0,85758.65625,85102.1953125,85102.1953125,656.4609375,0.0,656.4609375
955,85403.5,85488.7,85308.4,85417.0,8141.0,85711.0390625,85207.1328125,85207.1328125,503.90625,0.0,503.90625
956,85417.0,85417.0,85030.7,85069.6,20538.0,85693.7265625,85161.2890625,85161.2890625,532.4375,0.0,532.4375
957,85055.6,85190.8,85055.6,85060.6,6663.0,85697.78125,85127.7265625,85127.7265625,570.0546875,0.0,570.0546875
958,85060.1,85154.7,85000.1,85122.8,11759.0,85651.7890625,85126.0859375,85126.0859375,525.703125,0.0,525.703125
959,85122.8,85122.8,84836.1,84836.2,16029.0,85642.7578125,85029.4609375,85029.4609375,613.296875,0.0,613.296875
960,84836.2,85103.4,84806.1,84820.4,13616.0,85638.203125,84959.7734375,84959.7734375,678.4296875,0.0,678.4296875
961,84812.1,84833.6,84582.3,84582.3,12104.0,85579.5,84833.9453125,84833.9453125,745.5546875,0.0,745.5546875
962,84578.1,84628.0,84460.8,84469.8,16158.0,85556.203125,84712.5625,84712.5625,843.640625,0.0,843.640625
963,84470.8,84551.8,84329.4,84551.7,10543.0,85524.765625,84658.9453125,84658.9453125,865.8203125,0.0,865.8203125
964,84556.0,84601.9,84415.7,84555.3,7480.0,85445.5078125,84624.3984375,84624.3984375,821.109375,0.0,821.109375
965,84539.0,84713.2,84494.4,84632.7,20191.0,85393.2421875,84627.1640625,84627.1640625,766.078125,0.0,766.078125
966,84632.6,84788.1,84526.3,84670.7,11339.0,84654.625,84641.6796875,84641.6796875,12.9453125,0.0,12.9453125
967,84670.0,84670.5,84503.8,84520.0,8458.0,84429.0859375,84601.1171875,84601.1171875,172.03125,0.0,172.03125
968,84520.1,84558.2,84307.6,84440.3,13741.0,84424.125,84547.5078125,84547.5078125,123.3828125,0.0,123.3828125
969,84440.3,84502.6,84340.4,84454.2,4812.0,84264.9140625,84516.40625,84516.40625,251.4921875,0.0,251.4921875
970,84454.1,84461.6,84317.9,84424.8,8405.0,84185.1796875,84485.8671875,84485.8671875,300.6875,0.0,300.6875
971,84424.8,84466.4,84317.9,84428.5,5970.0,84123.453125,84466.7421875,84466.7421875,343.2890625,0.0,343.2890625
972,84428.5,84469.6,84304.4,84328.8,6193.0,84025.3046875,84420.7578125,84420.7578125,395.453125,0.0,395.453125
973,84324.6,84341.3,84047.4,84155.2,19509.0,84095.5,84332.2421875,84332.2421875,236.7421875,0.0,236.7421875
974,84155.2,84252.7,84064.1,84174.1,6456.0,84276.265625,84279.53125,84279.53125,3.265625,0.0,3.265625
975,84174.1,84294.7,84169.0,84187.5,9896.0,84330.109375,84248.8515625,84248.8515625,81.2578125,0.0,81.2578125
976,84186.0,84243.8,84129.5,84130.9,5068.0,84409.5078125,84209.53125,84209.53125,199.9765625,0.0,199.9765625
977,84124.0,84124.0,83836.9,83943.2,13960.0,84366.7421875,84120.7578125,84120.7578125,245.984375,0.0,245.984375
978,83943.3,84075.7,83943.3,84063.2,18572.0,84322.4296875,84101.5703125,84101.5703125,220.859375,0.0,220.859375
979,84067.1,84202.8,84029.6,84184.1,18730.0,84223.8515625,84129.078125,84129.078125,94.7734375,0.0,94.7734375
980,84184.6,84201.2,83800.1,83860.5,9955.0,84075.0703125,84039.5546875,84039.5546875,35.515625,0.0,35.515625
981,83860.4,83911.7,83750.0,83803.1,9483.0,84007.6484375,83960.734375,83960.734375,46.9140625,0.0,46.9140625
982,83803.4,84003.3,83686.4,83926.7,14106.0,83927.796875,83949.390625,83949.390625,21.59375,0.0,21.59375
983,83936.7,84116.6,83895.2,84063.1,5934.0,83856.8671875,83987.296875,83987.296875,130.4296875,0.0,130.4296875
984,84063.0,84068.0,83884.0,84056.9,11360.0,83878.0078125,84010.5,84010.5,132.4921875,0.0,132.4921875
985,84058.9,84344.3,84000.1,84130.2,22610.0,83826.8359375,84050.3984375,84050.3984375,223.5625,0.0,223.5625
986,84143.8,84143.8,83805.5,83890.7,6890.0,83786.625,83997.1640625,83997.1640625,210.5390625,0.0,210.5390625
987,83898.4,83898.4,83725.7,83767.8,7933.0,83732.78125,83920.7109375,83920.7109375,187.9296875,0.0,187.9296875
988,83769.1,83833.8,83644.4,83698.6,9021.0,83607.984375,83846.671875,83846.671875,238.6875,0.0,238.6875
989,83698.6,83698.6,83592.7,83631.9,7309.0,83426.15625,83775.078125,83775.078125,348.921875,0.0,348.921875
990,83628.6,83711.6,83506.1,83646.8,14344.0,83237.5078125,83732.3203125,83732.3203125,494.8125,0.0,494.8125
991,83640.5,83826.1,83518.1,83826.1,13397.0,83072.203125,83763.578125,83763.578125,691.375,0.0,691.375
992,83826.2,83863.0,83730.3,83806.9,14159.0,82879.8046875,83778.015625,83778.015625,898.2109375,0.0,898.2109375
993,83793.4,83807.0,83529.3,83542.8,39490.0,82787.6328125,83699.609375,83699.609375,911.9765625,0.0,911.9765625
994,83541.2,83617.5,83335.1,83363.5,30566.0,82610.9921875,83587.5703125,83587.5703125,976.578125,0.0,976.578125
995,83364.5,83410.2,83294.4,83322.6,14210.0,82536.53125,83499.25,83499.25,962.71875,0.0,962.71875
996,83329.0,83414.6,83195.0,83211.9,12244.0,82340.6875,83403.46875,83403.46875,1062.78125,0.0,1062.78125
997,83211.9,83284.2,83062.6,83228.9,68510.0,82233.7578125,83345.28125,83345.28125,1111.5234375,0.0,1111.5234375
998,83244.1,83284.0,83121.4,83169.0,11905.0,82212.1015625,83286.5234375,83286.5234375,1074.421875,0.0,1074.421875
999,83175.6,83183.9,82916.8,82937.8,19501.0,82100.46875,83170.28125,83170.28125,1069.8125,0.0,1069.8125
1000,82925.6,82963.6,82843.7,82875.6,29655.0,82064.515625,83072.0546875,83072.0546875,1007.5390625,0.0,1007.5390625
1001,82876.6,83021.4,82870.1,82967.0,8328.0,82049.4140625,83037.0390625,83037.0390625,987.625,0.0,987.625
1002,82972.2,83028.8,82784.3,82884.9,14024.0,82222.578125,82986.328125,82986.328125,763.75,0.0,763.75
1003,82870.4,83052.6,82846.0,83030.4,9470.0,82426.453125,83001.015625,83001.015625,574.5625,0.0,574.5625
1004,83030.4,83299.0,83030.4,83225.5,16092.0,82478.8984375,83075.84375,83075.84375,596.9453125,0.0,596.9453125
1005,83225.5,83375.9,83118.9,83354.1,17205.0,82497.1328125,83168.59375,83168.59375,671.4609375,0.0,671.4609375
1006,83346.1,83366.1,83235.0,83327.7,13563.0,82581.390625,83221.6328125,83221.6328125,640.2421875,0.0,640.2421875
1007,83327.7,83387.0,83234.4,83319.0,10598.0,82643.59375,83254.0859375,83254.0859375,610.4921875,0.0,610.4921875
1008,83328.2,83367.4,83068.8,83169.0,9307.0,82726.6328125,83225.7265625,83225.7265625,499.09375,0.0,499.09375
1009,83191.0,83333.0,83145.0,83262.0,5816.0,82916.3203125,83237.8203125,83237.8203125,321.5,0.0,321.5
1010,83261.8,83261.8,83098.2,83204.9,7128.0,82948.515625,83226.84375,83226.84375,278.328125,0.0,278.328125
1011,83205.8,83210.9,82950.1,83020.0,10240.0,82964.34375,83157.8984375,83157.8984375,193.5546875,0.0,193.5546875
1012,83010.3,83025.3,82811.0,82841.7,16781.0,83029.265625,83052.5,83052.5,23.234375,0.0,23.234375
1013,82845.8,82866.4,82718.4,82830.3,12697.0,83012.1796875,82978.4296875,82978.4296875,33.75,0.0,33.75
1014,82857.7,83147.1,82857.7,83096.5,12846.0,82994.5234375,83017.7890625,83017.7890625,23.265625,0.0,23.265625
1015,83085.2,83168.2,82984.1,83070.7,10440.0,82875.9140625,83035.4296875,83035.4296875,159.515625,0.0,159.515625
1016,83080.9,83200.2,82974.4,83158.8,10932.0,82753.8125,83076.5546875,83076.5546875,322.7421875,0.0,322.7421875
1017,83158.9,83160.0,82927.1,82927.1,5971.0,82590.109375,83026.734375,83026.734375,436.625,0.0,436.625
1018,82922.4,82988.2,82783.7,82963.5,13592.0,82487.109375,83005.65625,83005.65625,518.546875,0.0,518.546875
1019,82965.8,82977.4,82875.1,82922.3,7153.0,82427.875,82977.8671875,82977.8671875,549.9921875,0.0,549.9921875
1020,82922.3,83030.4,82889.2,82941.3,11976.0,82405.78125,82965.6796875,82965.6796875,559.8984375,0.0,559.8984375
1021,82950.1,83099.9,82902.3,83002.0,9003.0,82268.984375,82977.7890625,82977.7890625,708.8046875,0.0,708.8046875
1022,82996.5,83020.0,82769.9,82843.9,19729.0,82269.5546875,82933.15625,82933.15625,663.6015625,0.0,663.6015625
1023,82843.8,82883.9,82707.7,82783.4,17817.0,82163.203125,82883.234375,82883.234375,720.03125,0.0,720.03125
1024,82762.5,82762.5,82445.9,82450.1,38999.0,81820.1328125,82738.859375,82738.859375,918.7265625,0.0,918.7265625
1025,82457.3,82604.0,82310.6,82464.0,20183.0,81455.1875,82647.2421875,82647.2421875,1192.0546875,0.0,1192.0546875
1026,82463.2,82533.3,82345.6,82498.0,12211.0,81505.7578125,82597.4921875,82597.4921875,1091.734375,0.0,1091.734375
1027,82490.7,82738.0,82431.8,82664.8,11469.0,81926.5078125,82619.9296875,82619.9296875,693.421875,0.0,693.421875
1028,82683.2,83082.3,82666.0,82839.8,14730.0,82242.40625,82693.21875,82693.21875,450.8125,0.0,450.8125
1029,82843.1,82933.7,82700.1,82887.1,6414.0,82521.1015625,82757.84375,82757.84375,236.7421875,0.0,236.7421875
1030,82888.2,82990.1,82829.2,82875.8,8653.0,82869.3046875,82797.1640625,82797.1640625,72.140625,0.0,72.140625
1031,82888.0,82961.2,82739.9,82799.9,10151.0,82993.1015625,82798.078125,82798.078125,195.0234375,0.0,195.0234375
1032,82820.8,82825.6,82633.4,82714.6,15778.0,83089.5,82770.25,82770.25,319.25,0.0,319.25
1033,82715.6,82988.3,82715.6,82955.1,9882.0,83283.5703125,82831.8671875,82831.8671875,451.703125,0.0,451.703125
1034,82963.1,82967.7,82783.6,82919.9,7372.0,83437.578125,82861.2109375,82861.2109375,576.3671875,0.0,576.3671875
1035,82913.9,82927.3,82831.9,82909.1,4950.0,83655.921875,82877.171875,82877.171875,778.75,0.0,778.75
1036,82910.5,82960.7,82740.6,82909.9,8216.0,83688.515625,82888.078125,82888.078125,800.4375,0.0,800.4375
1037,82921.7,83124.8,82802.1,82885.1,10440.0,83594.046875,82887.0859375,82887.0859375,706.9609375,0.0,706.9609375
1038,82885.2,82910.2,82579.6,82602.9,8948.0,83547.1640625,82792.359375,82792.359375,754.8046875,0.0,754.8046875
1039,82597.0,82746.2,82551.9,82745.7,6251.0,83681.6796875,82776.8046875,82776.8046875,904.875,0.0,904.875
1040,82746.0,82972.1,82713.0,82924.8,8474.0,83830.71875,82826.1328125,82826.1328125,1004.5859375,0.0,1004.5859375
1041,82931.2,83200.3,82842.8,83181.5,11690.0,84005.9453125,82944.5859375,82944.5859375,1061.359375,0.0,1061.359375
1042,83169.5,83271.3,82972.3,82976.7,31206.0,84085.328125,82955.2890625,82955.2890625,1130.0390625,0.0,1130.0390625
1043,82981.4,83032.6,82853.1,82971.3,13061.0,84116.3828125,82960.625,82960.625,1155.7578125,0.0,1155.7578125
1044,82965.3,83145.1,82965.3,83098.3,9214.0,84050.3515625,83006.515625,83006.515625,1043.8359375,0.0,1043.8359375
1045,83087.7,83197.7,82994.5,83182.7,6665.0,84059.6015625,83065.2421875,83065.2421875,994.359375,0.0,994.359375
1046,83178.7,83229.1,83127.5,83133.0,7498.0,83988.765625,83087.828125,83087.828125,900.9375,0.0,900.9375
1047,83128.0,83223.0,83102.7,83174.7,5256.0,83862.7109375,83116.7890625,83116.7890625,745.921875,0.0,745.921875
1048,83174.6,83307.3,83072.9,83184.5,35632.0,83847.4765625,83139.359375,83139.359375,708.1171875,0.0,708.1171875
1049,83184.6,83284.5,83088.8,83284.5,6360.0,83747.71875,83187.7421875,83187.7421875,559.9765625,0.0,559.9765625
1050,83272.9,83346.8,83179.9,83179.9,13760.0,83921.546875,83185.125,83185.125,736.421875,0.0,736.421875
1051,83179.7,83184.8,83045.7,83052.5,4461.0,84214.4296875,83140.9140625,83140.9140625,1073.515625,0.0,1073.515625
1052,83052.4,83146.3,82935.9,83116.1,10939.0,84414.71875,83132.640625,83132.640625,1282.078125,0.0,1282.078125
1053,83100.4,83247.2,83088.1,83180.9,7460.0,84491.7421875,83148.7265625,83148.7265625,1343.015625,0.0,1343.015625
1054,83176.7,83247.2,83113.7,83113.7,4538.0,84720.9921875,83137.0546875,83137.0546875,1583.9375,0.0,1583.9375
1055,83112.5,83218.2,83097.6,83143.2,4559.0,84854.9296875,83139.1015625,83139.1015625,1715.828125,0.0,1715.828125
1056,83147.8,83445.2,83122.1,83399.3,9186.0,84753.8515625,83225.8359375,83225.8359375,1528.015625,0.0,1528.015625
1057,83393.7,83643.2,83384.8,83617.9,18477.0,84649.3359375,83356.5234375,83356.5234375,1292.8125,0.0,1292.8125
1058,83616.3,83796.2,83572.4,83765.2,20164.0,84484.625,83492.75,83492.75,991.875,0.0,991.875
1059,83761.1,83769.4,83530.7,83549.3,9553.0,84344.1484375,83511.6015625,83511.6015625,832.546875,0.0,832.546875
1060,83552.4,83699.9,83552.4,83664.0,8323.0,84250.46875,83562.3984375,83562.3984375,688.0703125,0.0,688.0703125
1061,83663.9,83696.4,83552.1,83583.8,8161.0,84066.515625,83569.53125,83569.53125,496.984375,0.0,496.984375
1062,83581.5,83617.6,83483.5,83502.9,9247.0,83891.9453125,83547.3203125,83547.3203125,344.625,0.0,344.625
1063,83498.6,83528.3,83410.5,83410.5,6310.0,83650.9609375,83501.7109375,83501.7109375,149.25,0.0,149.25
1064,83419.0,83419.1,83243.2,83355.1,44546.0,83444.109375,83452.84375,83452.84375,8.734375,0.0,8.734375
1065,83365.5,83365.5,83137.7,83245.0,10509.0,83352.40625,83383.5625,83383.5625,31.15625,0.0,31.15625
1066,83244.9,83472.3,83217.3,83376.4,11346.0,83178.3671875,83381.171875,83381.171875,202.8046875,0.0,202.8046875
1067,83379.7,83599.9,83379.7,83593.4,5674.0,83106.7421875,83451.9140625,83451.9140625,345.171875,0.0,345.171875
1068,83593.4,83810.5,83593.4,83773.3,12094.0,82998.9609375,83559.0390625,83559.0390625,560.078125,0.0,560.078125
1069,83778.5,83884.0,83778.5,83853.8,8720.0,82945.90625,83657.2890625,83657.2890625,711.3828125,0.0,711.3828125
1070,83856.0,83932.0,83741.5,83919.5,6771.0,82948.96875,83744.6953125,83744.6953125,795.7265625,0.0,795.7265625
1071,83916.6,84107.5,83916.6,84096.0,22793.0,82833.609375,83861.796875,83861.796875,1028.1875,0.0,1028.1875
1072,84094.0,84469.1,84059.2,84469.1,44748.0,82879.5078125,84064.234375,84064.234375,1184.7265625,0.0,1184.7265625
1073,84469.1,84537.4,84331.0,84471.8,17837.0,82981.171875,84200.0859375,84200.0859375,1218.9140625,0.0,1218.9140625
1074,84468.2,84514.9,84353.3,84407.5,7191.0,83047.75,84269.2265625,84269.2265625,1221.4765625,0.0,1221.4765625
1075,84405.0,84594.4,84400.8,84531.8,17853.0,83286.8984375,84356.75,84356.75,1069.8515625,0.0,1069.8515625
1076,84531.8,84779.9,84531.8,84728.3,10834.0,83328.1015625,84480.6015625,84480.6015625,1152.5,0.0,1152.5
1077,84726.2,84730.2,84553.1,84639.2,8104.0,83476.5,84533.46875,84533.46875,1056.96875,0.0,1056.96875
1078,84645.4,84843.4,84645.4,84788.6,6836.0,83808.265625,84618.515625,84618.515625,810.25,0.0,810.25
1079,84802.4,84937.8,84788.9,84921.0,9863.0,84135.046875,84719.34375,84719.34375,584.296875,0.0,584.296875
1080,84921.0,84963.5,84713.3,84825.4,29305.0,84398.328125,84754.6953125,84754.6953125,356.3671875,0.0,356.3671875
1081,84825.4,84832.5,84578.6,84643.4,31444.0,84700.7890625,84717.59375,84717.59375,16.8046875,0.0,16.8046875
1082,84648.7,84856.0,84635.0,84707.8,12198.0,84844.7265625,84714.328125,84714.328125,130.3984375,0.0,130.3984375
1083,84713.1,84934.3,84713.1,84924.9,22912.0,85016.8203125,84784.515625,84784.515625,232.3046875,0.0,232.3046875
1084,84924.9,85000.0,84870.7,84992.2,7445.0,85123.84375,84853.7421875,84853.7421875,270.1015625,0.0,270.1015625
1085,84988.3,85033.8,84865.2,84981.3,7177.0,85110.8984375,84896.2578125,84896.2578125,214.640625,0.0,214.640625
1086,84981.5,85175.3,84981.5,85131.6,10751.0,85215.1640625,84974.703125,84974.703125,240.4609375,0.0,240.4609375
1087,85132.1,85495.4,85088.0,85405.6,32002.0,85186.90625,85118.3359375,85118.3359375,68.5703125,0.0,68.5703125
1088,85414.1,85414.1,85208.4,85305.7,15830.0,85193.0703125,85180.7890625,85180.7890625,12.28125,0.0,12.28125
1089,85305.7,85471.1,85301.4,85384.0,5496.0,85222.3828125,85248.5234375,85248.5234375,26.140625,0.0,26.140625
1090,85383.9,85383.9,85109.7,85229.7,15122.0,85116.953125,85242.25,85242.25,125.296875,0.0,125.296875
1091,85228.3,85329.5,85143.0,85234.0,10143.0,85045.0,85239.5,85239.5,194.5,0.0,194.5
1092,85242.4,85311.9,85073.9,85155.1,14359.0,84837.96875,85211.3671875,85211.3671875,373.3984375,0.0,373.3984375
1093,85166.3,85242.2,85024.3,85132.6,10146.0,84528.4453125,85185.109375,85185.109375,656.6640625,0.0,656.6640625
1094,85162.9,85233.7,85104.3,85130.0,9191.0,84228.09375,85166.7421875,85166.7421875,938.6484375,0.0,938.6484375
1095,85131.1,85316.6,85120.1,85194.0,7822.0,83978.9609375,85175.828125,85175.828125,1196.8671875,0.0,1196.8671875
1096,85201.8,85285.2,85079.0,85131.4,8329.0,83827.875,85161.015625,85161.015625,1333.140625,0.0,1333.140625
1097,85160.4,85295.5,84984.1,85144.8,17961.0,83909.484375,85155.609375,85155.609375,1246.125,0.0,1246.125
1098,85144.8,85407.8,85127.1,85361.0,17528.0,84004.859375,85224.0703125,85224.0703125,1219.2109375,0.0,1219.2109375
1099,85361.0,85448.1,85123.2,85123.2,8249.0,84182.171875,85190.4453125,85190.4453125,1008.2734375,0.0,1008.2734375
1100,85123.2,85130.6,84951.8,85037.8,10494.0,84275.578125,85139.5625,85139.5625,863.984375,0.0,863.984375
1101,85042.0,85250.6,85016.8,85054.9,12391.0,84492.8203125,85111.34375,85111.34375,618.5234375,0.0,618.5234375
1102,85063.5,85277.3,85063.5,85188.7,10834.0,84593.546875,85137.1328125,85137.1328125,543.5859375,0.0,543.5859375
1103,85187.8,85337.9,85118.3,85337.9,10198.0,84602.8984375,85204.0546875,85204.0546875,601.15625,0.0,601.15625
1104,85346.5,85444.5,85329.2,85392.6,13602.0,84630.1953125,85266.90625,85266.90625,636.7109375,0.0,636.7109375
1105,85393.9,85561.9,85319.7,85418.8,11914.0,84627.7265625,85317.5390625,85317.5390625,689.8125,0.0,689.8125
1106,85417.8,85429.4,85300.1,85300.4,8748.0,84594.6484375,85311.828125,85311.828125,717.1796875,0.0,717.1796875
1107,85300.0,85300.0,85090.5,85152.2,6980.0,84581.53125,85258.6171875,85258.6171875,677.0859375,0.0,677.0859375
1108,85153.2,85165.3,85047.3,85085.0,10597.0,84682.3203125,85200.7421875,85200.7421875,518.421875,0.0,518.421875
1109,85085.0,85226.7,85085.0,85199.7,8634.0,84748.9765625,85200.3984375,85200.3984375,451.421875,0.0,451.421875
1110,85195.7,85336.2,85195.7,85319.5,6052.0,84718.8828125,85240.1015625,85240.1015625,521.21875,0.0,521.21875
1111,85325.4,85429.3,85285.5,85289.7,7594.0,84764.2578125,85256.6328125,85256.6328125,492.375,0.0,492.375
1112,85285.6,85346.4,85205.0,85346.4,5640.0,84657.96875,85286.5546875,85286.5546875,628.5859375,0.0,628.5859375
1113,85342.2,85423.8,85333.7,85423.7,8240.0,84568.078125,85332.2734375,85332.2734375,764.1953125,0.0,764.1953125
1114,85410.8,85471.1,85387.4,85430.1,7198.0,84418.8203125,85364.8828125,85364.8828125,946.0625,0.0,946.0625
1115,85426.0,85471.1,85315.3,85394.0,5488.0,84348.28125,85374.5859375,85374.5859375,1026.3046875,0.0,1026.3046875
1116,85397.6,85463.6,85352.0,85463.6,7635.0,84337.390625,85404.2578125,85404.2578125,1066.8671875,0.0,1066.8671875
1117,85471.1,85471.1,85238.8,85252.8,8913.0,84197.0234375,85353.7734375,85353.7734375,1156.75,0.0,1156.75
1118,85247.5,85285.1,85058.4,85130.4,12347.0,84170.4453125,85279.3125,85279.3125,1108.8671875,0.0,1108.8671875
1119,85139.0,85276.5,85129.6,85169.9,15130.0,84066.6328125,85242.84375,85242.84375,1176.2109375,0.0,1176.2109375
1120,85181.6,85200.2,85075.3,85088.0,8698.0,83948.890625,85191.2265625,85191.2265625,1242.3359375,0.0,1242.3359375
1121,85088.0,85200.0,84990.6,85200.0,18433.0,83848.4921875,85194.1484375,85194.1484375,1345.65625,0.0,1345.65625
1122,85200.0,85268.6,85181.8,85237.4,5815.0,83798.2265625,85208.5625,85208.5625,1410.3359375,0.0,1410.3359375
1123,85240.1,85268.1,85166.9,85205.4,5931.0,83922.984375,85207.5078125,85207.5078125,1284.5234375,0.0,1284.5234375
1124,85198.0,85198.4,85125.6,85172.6,3847.0,84011.390625,85195.875,85195.875,1184.484375,0.0,1184.484375
1125,85173.4,85384.5,85173.4,85335.4,18953.0,84205.5234375,85242.3828125,85242.3828125,1036.859375,0.0,1036.859375
1126,85343.1,85349.8,85102.7,85181.6,8900.0,84265.5859375,85222.125,85222.125,956.5390625,0.0,956.5390625
1127,85186.6,85246.2,85127.0,85230.2,5599.0,84354.9609375,85224.8203125,85224.8203125,869.859375,0.0,869.859375
1128,85224.5,85288.6,85170.3,85281.0,4742.0,84394.7734375,85243.546875,85243.546875,848.7734375,0.0,848.7734375
1129,85281.0,85355.8,85279.4,85318.8,9746.0,84447.6171875,85268.6328125,85268.6328125,821.015625,0.0,821.015625
1130,85318.7,85318.7,85180.9,85189.8,5384.0,84496.3125,85242.3515625,85242.3515625,746.0390625,0.0,746.0390625
1131,85183.3,85269.7,85161.6,85223.7,6086.0,84477.5390625,85236.1328125,85236.1328125,758.59375,0.0,758.59375
1132,85222.7,85222.7,85020.0,85020.0,7734.0,84609.5625,85164.0859375,85164.0859375,554.5234375,0.0,554.5234375
1133,85006.4,85052.3,84906.1,84906.1,7145.0,84720.84375,85078.09375,85078.09375,357.25,0.0,357.25
1134,84905.8,84951.2,84779.9,84868.0,12524.0,84810.9296875,85008.0625,85008.0625,197.1328125,0.0,197.1328125
1135,84860.9,85071.5,84860.9,84990.3,8568.0,84937.71875,85002.140625,85002.140625,64.421875,0.0,64.421875
1136,84988.0,84988.0,84879.2,84910.6,8412.0,85070.8828125,84971.625,84971.625,99.2578125,0.0,99.2578125
1137,84910.7,84992.1,84867.1,84961.3,5568.0,85150.1875,84968.1796875,84968.1796875,182.0078125,0.0,182.0078125
1138,84957.2,85017.6,84882.3,84901.1,4003.0,85212.15625,84945.8203125,84945.8203125,266.3359375,0.0,266.3359375
1139,84897.8,84949.5,84831.7,84855.1,9828.0,85190.40625,84915.578125,84915.578125,274.828125,0.0,274.828125
1140,84871.0,84949.6,84782.5,84790.1,4940.0,85248.171875,84873.75,84873.75,374.421875,0.0,374.421875
1141,84788.3,84808.4,84700.0,84751.4,8883.0,85259.578125,84832.96875,84832.96875,426.609375,0.0,426.609375
1142,84754.7,84754.7,84570.5,84612.5,12330.0,85221.75,84759.4765625,84759.4765625,462.2734375,0.0,462.2734375
1143,84604.1,84637.0,84327.4,84423.9,40936.0,85183.8359375,84647.6171875,84647.6171875,536.21875,0.0,536.21875
1144,84420.7,84420.7,84208.6,84229.8,10888.0,85046.3203125,84508.34375,84508.34375,537.9765625,0.0,537.9765625
1145,84229.8,84290.6,84004.7,84024.3,17100.0,84993.046875,84346.9921875,84346.9921875,646.0546875,0.0,646.0546875
1146,84012.6,84258.9,83913.9,84150.8,11053.0,84807.734375,84281.59375,84281.59375,526.140625,0.0,526.140625
1147,84150.8,84159.2,83900.0,83998.3,31858.0,84677.6875,84187.1640625,84187.1640625,490.5234375,0.0,490.5234375
1148,83998.4,84009.6,83758.2,83909.4,21347.0,84642.9921875,84094.578125,84094.578125,548.4140625,0.0,548.4140625
1149,83909.5,84162.2,83873.9,84122.5,18923.0,84616.03125,84103.8828125,84103.8828125,512.1484375,0.0,512.1484375
1150,84122.4,84122.4,83911.3,83937.3,10531.0,84569.65625,84048.3515625,84048.3515625,521.3046875,0.0,521.3046875
1151,83951.5,84061.3,83783.2,83928.5,11695.0,84494.4375,84008.3984375,84008.3984375,486.0390625,0.0,486.0390625
1152,83934.7,83934.7,83774.4,83783.4,7850.0,61459.625,83933.3984375,83933.3984375,22473.7734375,0.0,22473.7734375
1153,83792.7,83857.4,83586.1,83627.4,36647.0,43303.75,83831.3984375,83831.3984375,40527.6484375,0.0,40527.6484375
1154,83623.2,83674.0,83547.0,83663.7,8006.0,30677.5,83775.5,83775.5,53098.0,0.0,53098.0
1155,83660.6,83695.7,83545.4,83676.7,7245.0,21835.0,83742.5703125,83742.5703125,61907.5703125,0.0,61907.5703125
1156,83682.7,83777.7,83607.0,83716.5,13175.0,16656.666015625,83733.8828125,83733.8828125,67077.216796875,0.0,67077.216796875
1157,83715.4,83715.4,83408.4,83449.0,20753.0,12244.4443359375,83638.921875,83638.921875,71394.4775390625,0.0,71394.4775390625
1158,83446.0,83498.2,83387.0,83480.7,13874.0,10558.962890625,83586.1796875,83586.1796875,73027.216796875,0.0,73027.216796875
1159,83493.3,83525.2,83452.6,83455.1,6233.0,11403.30859375,83542.484375,83542.484375,72139.17578125,0.0,72139.17578125
1160,83471.8,83471.8,83291.7,83334.0,12585.0,9122.8720703125,83472.9921875,83472.9921875,74350.1201171875,0.0,74350.1201171875
1161,83342.4,83617.9,83325.6,83576.7,11625.0,7656.58154296875,83507.5625,83507.5625,75850.98095703125,0.0,75850.98095703125
1162,83584.9,83594.5,83415.2,83489.9,7671.0,6854.72119140625,83501.671875,83501.671875,76646.95068359375,0.0,76646.95068359375
1163,83460.4,83604.4,83436.0,83525.7,6586.0,10824.4814453125,83509.6796875,83509.6796875,72685.1982421875,0.0,72685.1982421875
1164,83525.8,83653.4,83477.7,83620.6,9151.0,9469.9873046875,83546.65625,83546.65625,74076.6689453125,0.0,74076.6689453125
1165,83629.0,83964.9,83580.7,83882.4,25524.0,7906.32470703125,83658.5703125,83658.5703125,75752.24560546875,0.0,75752.24560546875
1166,83890.1,83915.8,83752.2,83793.9,9105.0,7396.88330078125,83703.6796875,83703.6796875,76306.79638671875,0.0,76306.79638671875
1167,83798.6,83938.7,83798.5,83880.9,12169.0,7632.5888671875,83762.75,83762.75,76130.1611328125,0.0,76130.1611328125
1168,83881.0,84189.7,83881.0,84072.7,17582.0,6455.05908203125,83866.0703125,83866.0703125,77411.01123046875,0.0,77411.01123046875
1169,84072.6,84110.0,83977.5,84070.0,8548.0,7309.7060546875,83934.046875,83934.046875,76624.3408203125,0.0,76624.3408203125
1170,84066.4,84172.1,83973.2,84144.1,11358.0,6463.470703125,84004.0625,84004.0625,77540.591796875,0.0,77540.591796875
1171,84139.7,84290.6,84139.7,84254.7,9421.0,7383.31396484375,84087.609375,84087.609375,76704.29541015625,0.0,76704.29541015625
1172,84258.5,84413.2,84225.4,84413.2,12062.0,6374.54248046875,84196.140625,84196.140625,77821.59814453125,0.0,77821.59814453125
1173,84413.2,84433.4,84171.6,84195.6,15662.0,6178.69482421875,84195.9609375,84195.9609375,78017.26611328125,0.0,78017.26611328125
1174,84200.2,84304.5,84200.2,84296.3,3366.0,5542.46337890625,84229.40625,84229.40625,78686.94287109375,0.0,78686.94287109375
1175,84296.4,84338.8,84269.6,84338.8,8487.0,5057.9755859375,84265.8671875,84265.8671875,79207.8916015625,0.0,79207.8916015625
1176,84347.4,84581.3,84347.4,84485.4,12701.0,7385.31689453125,84339.046875,84339.046875,76953.72998046875,0.0,76953.72998046875
1177,84487.4,84546.4,84484.0,84509.9,5394.0,7779.54443359375,84396.0,84396.0,76616.45556640625,0.0,76616.45556640625
1178,84509.9,84590.6,84498.0,84536.8,6268.0,5828.36279296875,84442.9296875,84442.9296875,78614.56689453125,0.0,78614.56689453125
1179,84533.6,84566.9,84485.3,84517.0,5349.0,7112.5751953125,84467.6171875,84467.6171875,77355.0419921875,0.0,77355.0419921875
1180,84524.8,84553.9,84337.7,84382.3,14614.0,9517.0498046875,84439.1796875,84439.1796875,74922.1298828125,0.0,74922.1298828125
1181,84392.1,84400.7,84168.8,84349.4,33939.0,7619.69970703125,84409.25,84409.25,76789.55029296875,0.0,76789.55029296875
1182,84365.0,84388.0,84278.7,84349.9,6606.0,6447.7998046875,84389.46875,84389.46875,77941.6689453125,0.0,77941.6689453125
1183,84345.6,84472.3,84345.6,84462.4,5434.0,6911.19970703125,84413.78125,84413.78125,77502.58154296875,0.0,77502.58154296875
1184,84465.5,84531.8,84428.4,84529.1,16535.0,5382.13330078125,84452.21875,84452.21875,79070.08544921875,0.0,79070.08544921875
1185,84532.3,84587.4,84397.0,84448.4,7372.0,4656.0888671875,84450.9453125,84450.9453125,79794.8564453125,0.0,79794.8564453125
1186,84452.6,84506.9,84426.9,84432.8,6998.0,5587.05908203125,84444.8984375,84444.8984375,78857.83935546875,0.0,78857.83935546875
1187,84436.5,84559.0,84403.6,84559.0,5150.0,4632.37255859375,84482.9296875,84482.9296875,79850.55712890625,0.0,79850.55712890625
1188,84559.0,85041.7,84547.6,84927.3,23950.0,4881.9150390625,84631.0546875,84631.0546875,79749.1396484375,0.0,79749.1396484375
1189,84929.4,85082.1,84766.9,84804.0,12416.0,5850.943359375,84688.703125,84688.703125,78837.759765625,0.0,78837.759765625
1190,84803.0,85016.3,84803.0,84878.2,11871.0,9581.9619140625,84751.8671875,84751.8671875,75169.9052734375,0.0,75169.9052734375
1191,84877.0,84977.4,84773.4,84844.7,7295.0,12296.6416015625,84782.8125,84782.8125,72486.1708984375,0.0,72486.1708984375
1192,84851.2,84856.0,84676.1,84707.5,12813.0,13452.7607421875,84757.7109375,84757.7109375,71304.9501953125,0.0,71304.9501953125
1193,84720.3,84870.1,84720.3,84795.0,5609.0,10267.5068359375,84770.140625,84770.140625,74502.6337890625,0.0,74502.6337890625
1194,84777.9,84777.9,84558.1,84683.4,7423.0,9717.6708984375,84741.2265625,84741.2265625,75023.5556640625,0.0,75023.5556640625
1195,84666.5,84714.0,84598.9,84711.8,5164.0,7499.447265625,84731.4140625,84731.4140625,77231.966796875,0.0,77231.966796875
1196,84707.5,84745.1,84601.9,84646.0,5867.0,7617.29833984375,84702.9453125,84702.9453125,77085.64697265625,0.0,77085.64697265625
1197,84645.3,84657.8,84504.9,84595.3,6202.0,7809.19873046875,84667.0625,84667.0625,76857.86376953125,0.0,76857.86376953125
1198,84584.1,84642.0,84556.9,84621.6,3858.0,14275.1328125,84651.90625,84651.90625,70376.7734375,0.0,70376.7734375
1199,84612.8,84636.4,84562.6,84574.1,6899.0,16529.421875,84625.96875,84625.96875,68096.546875,0.0,68096.546875
1200,84579.3,84653.4,84561.3,84595.8,4130.0,14398.6142578125,84615.9140625,84615.9140625,70217.2998046875,0.0,70217.2998046875
1201,84601.0,84657.3,84428.3,84428.3,6261.0,13032.076171875,84553.375,84553.375,71521.298828125,0.0,71521.298828125
1202,84432.6,84573.7,84432.6,84560.2,7631.0,9669.7177734375,84555.6484375,84555.6484375,74885.9306640625,0.0,74885.9306640625
1203,84547.6,84699.9,84523.2,84684.8,5995.0,7903.478515625,84598.6953125,84598.6953125,76695.216796875,0.0,76695.216796875
1204,84689.0,84767.0,84628.4,84749.9,10380.0,8073.98583984375,84649.09375,84649.09375,76575.10791015625,0.0,76575.10791015625
1205,84752.5,84798.4,84665.3,84666.3,4803.0,7594.32373046875,84654.828125,84654.828125,77060.50439453125,0.0,77060.50439453125
1206,84668.5,84668.5,84573.8,84594.9,4486.0,6572.2158203125,84634.8515625,84634.8515625,78062.6357421875,0.0,78062.6357421875
1207,84603.5,84632.9,84568.0,84579.0,5117.0,7055.810546875,84616.234375,84616.234375,77560.423828125,0.0,77560.423828125
1208,84574.0,84622.8,84543.6,84622.8,4226.0,6361.87353515625,84618.421875,84618.421875,78256.54833984375,0.0,78256.54833984375
1209,84622.8,84838.7,84622.8,84818.8,6063.0,6234.91552734375,84685.2109375,84685.2109375,78450.29541015625,0.0,78450.29541015625
1210,84823.0,84893.5,84713.3,84753.6,5369.0,5986.27685546875,84708.0078125,84708.0078125,78721.73095703125,0.0,78721.73095703125
1211,84753.5,84787.4,84651.2,84735.2,7993.0,4822.85107421875,84717.0703125,84717.0703125,79894.21923828125,0.0,79894.21923828125
1212,84736.2,84751.3,84611.1,84628.1,3401.0,4335.90087890625,84687.4140625,84687.4140625,80351.51318359375,0.0,80351.51318359375
1213,84619.0,84619.0,84500.1,84528.5,5541.0,4752.26708984375,84634.4453125,84634.4453125,79882.17822265625,0.0,79882.17822265625
1214,84515.0,84601.6,84491.5,84564.8,4341.0,4586.8447265625,84611.2265625,84611.2265625,80024.3818359375,0.0,80024.3818359375
1215,84560.6,84560.6,84477.0,84550.4,4307.0,4097.22998046875,84590.953125,84590.953125,80493.72314453125,0.0,80493.72314453125
1216,84559.1,84682.5,84556.3,84682.5,3839.0,3968.820068359375,84621.46875,84621.46875,80652.64868164062,0.0,80652.64868164062
1217,84686.6,84718.5,84635.9,84718.5,4857.0,4045.21337890625,84653.8125,84653.8125,80608.59912109375,0.0,80608.59912109375
1218,84709.0,84710.8,84545.8,84555.3,3550.0,5928.14208984375,84620.9765625,84620.9765625,78692.83447265625,0.0,78692.83447265625
1219,84571.0,84762.2,84567.1,84759.5,4013.0,6480.76123046875,84667.1484375,84667.1484375,78186.38720703125,0.0,78186.38720703125
1220,84759.5,84912.6,84702.4,84889.8,5755.0,9961.8408203125,84741.3671875,84741.3671875,74779.5263671875,0.0,74779.5263671875
1221,84896.8,84968.5,84896.8,84961.3,5503.0,7816.22705078125,84814.6796875,84814.6796875,76998.45263671875,0.0,76998.45263671875
1222,84960.5,85023.8,84845.7,84852.6,7672.0,6193.48486328125,84827.3203125,84827.3203125,78633.83544921875,0.0,78633.83544921875
1223,84871.0,84892.0,84759.8,84883.9,8826.0,4899.3232421875,84846.1796875,84846.1796875,79946.8564453125,0.0,79946.8564453125
1224,84884.9,84952.4,84811.6,84914.5,4672.0,4129.21533203125,84868.953125,84868.953125,80739.73779296875,0.0,80739.73779296875
1225,84901.7,85024.2,84901.7,84973.7,4123.0,3558.476806640625,84903.8671875,84903.8671875,81345.39038085938,0.0,81345.39038085938
1226,84970.0,85009.0,84947.1,84955.7,3577.0,3451.651123046875,84921.1484375,84921.1484375,81469.49731445312,0.0,81469.49731445312
1227,84969.0,84973.7,84936.4,84937.4,2647.0,3314.100830078125,84926.5625,84926.5625,81612.46166992188,0.0,81612.46166992188
1228,84937.3,84937.3,84827.7,84882.3,4596.0,3245.400634765625,84911.8046875,84911.8046875,81666.40405273438,0.0,81666.40405273438
1229,84882.2,84925.0,84868.6,84895.3,4052.0,3063.933837890625,84906.3046875,84906.3046875,81842.37084960938,0.0,81842.37084960938
1230,84895.3,84998.5,84866.9,84877.4,5019.0,3328.955810546875,84896.671875,84896.671875,81567.71606445312,0.0,81567.71606445312
1231,84888.3,84905.0,84702.6,84719.9,7820.0,3055.970458984375,84837.75,84837.75,81781.77954101562,0.0,81781.77954101562
1232,84719.9,84799.6,84676.5,84744.1,7162.0,7978.3134765625,84806.53125,84806.53125,76828.2177734375,0.0,76828.2177734375
1233,84742.8,84769.3,84649.4,84658.7,5654.0,6428.87548828125,84757.2578125,84757.2578125,78328.38232421875,0.0,78328.38232421875
1234,84647.0,84680.1,84620.4,84639.7,3991.0,5032.9169921875,84718.0703125,84718.0703125,79685.1533203125,0.0,79685.1533203125
1235,84639.8,84730.1,84639.8,84730.1,6066.0,4168.94482421875,84722.078125,84722.078125,80553.13330078125,0.0,80553.13330078125
1236,84732.8,84841.4,84732.8,84758.0,4764.0,4172.29638671875,84734.0546875,84734.0546875,80561.75830078125,0.0,80561.75830078125
1237,84757.9,84819.6,84709.7,84816.7,4422.0,4474.19775390625,84761.6015625,84761.6015625,80287.40380859375,0.0,80287.40380859375
1238,84819.6,84872.1,84814.6,84855.0,3554.0,4071.465087890625,84792.734375,84792.734375,80721.26928710938,0.0,80721.26928710938
1239,84850.0,84855.7,84745.7,84745.7,4365.0,6112.97705078125,84777.0546875,84777.0546875,78664.07763671875,0.0,78664.07763671875
1240,84744.6,84772.2,84679.9,84681.8,6231.0,5611.31787109375,84745.3046875,84745.3046875,79133.98681640625,0.0,79133.98681640625
1241,84682.2,84696.8,84600.0,84659.2,4135.0,5071.2119140625,84716.6015625,84716.6015625,79645.3896484375,0.0,79645.3896484375
1242,84666.3,84700.8,84633.6,84657.1,4495.0,6171.474609375,84696.765625,84696.765625,78525.291015625,0.0,78525.291015625
1243,84657.4,84657.4,84437.4,84445.4,12001.0,5895.98291015625,84612.9765625,84612.9765625,78716.99365234375,0.0,78716.99365234375
1244,84445.5,84470.5,84350.9,84440.0,5845.0,5448.6552734375,84555.3203125,84555.3203125,79106.6650390625,0.0,79106.6650390625
1245,84447.1,84447.3,84342.6,84383.2,10287.0,4572.103515625,84497.9453125,84497.9453125,79925.841796875,0.0,79925.841796875
1246,84378.9,84403.2,84241.3,84274.8,6575.0,4534.40234375,84423.5625,84423.5625,79889.16015625,0.0,79889.16015625
1247,84270.6,84367.3,84225.5,84367.2,6615.0,5324.6015625,84404.7734375,84404.7734375,79080.171875,0.0,79080.171875
1248,84367.2,84430.8,84293.0,84388.3,8113.0,6422.40087890625,84399.28125,84399.28125,77976.88037109375,0.0,77976.88037109375
1249,84388.2,84442.1,84332.8,84377.2,4869.0,5535.26708984375,84391.921875,84391.921875,78856.65478515625,0.0,78856.65478515625
1250,84369.0,84404.5,84304.8,84324.8,6715.0,4682.17822265625,84369.546875,84369.546875,79687.36865234375,0.0,79687.36865234375
1251,84316.3,84316.3,84249.3,84256.0,5524.0,3934.118896484375,84331.6953125,84331.6953125,80397.57641601562,0.0,80397.57641601562
1252,84250.1,84307.1,84178.8,84238.0,9858.0,5227.74609375,84300.4609375,84300.4609375,79072.71484375,0.0,79072.71484375
1253,84240.4,84240.4,84116.7,84120.3,4542.0,4402.83056640625,84240.40625,84240.40625,79837.57568359375,0.0,79837.57568359375
1254,84117.0,84193.2,84063.2,84170.8,5030.0,199667.234375,84217.203125,84217.203125,115450.03125,0.0,115450.03125
1255,84176.1,84361.3,84176.1,84345.3,4132.0,155288.484375,84259.8984375,84259.8984375,71028.5859375,0.0,71028.5859375
1256,84345.3,84359.7,84245.5,84254.0,5754.0,114686.9921875,84257.9296875,84257.9296875,30429.0625,0.0,30429.0625
1257,84254.1,84266.7,84165.4,84204.8,2063.0,84563.6640625,84240.21875,84240.21875,323.4453125,0.0,323.4453125
1258,84226.0,84268.1,84196.0,84207.2,3810.0,60748.44140625,84229.2109375,84229.2109375,23480.76953125,0.0,23480.76953125
1259,84188.2,84224.2,84179.5,84209.9,3738.0,44738.62890625,84222.7734375,84222.7734375,39484.14453125,0.0,39484.14453125
1260,84202.7,84268.2,84175.1,84237.9,6033.0,34777.0859375,84227.8125,84227.8125,49450.7265625,0.0,49450.7265625
1261,84234.1,84366.1,84194.6,84335.2,5805.0,25880.390625,84263.609375,84263.609375,58383.21875,0.0,58383.21875
1262,84335.2,84340.4,84206.4,84239.7,8218.0,20240.59375,84255.640625,84255.640625,64015.046875,0.0,64015.046875
1263,84239.6,84345.5,84214.1,84315.6,7880.0,20094.0625,84275.625,84275.625,64181.5625,0.0,64181.5625
1264,84320.8,84320.8,84181.8,84186.3,3710.0,18965.041015625,84245.8515625,84245.8515625,65280.810546875,0.0,65280.810546875
1265,84182.0,84194.1,84034.7,84063.0,19380.0,14462.02734375,84184.8984375,84184.8984375,69722.87109375,0.0,69722.87109375
1266,84063.1,84101.4,84000.2,84000.2,12074.0,11975.6845703125,84123.3359375,84123.3359375,72147.6513671875,0.0,72147.6513671875
1267,84000.0,84074.3,83904.3,83904.3,9397.0,13407.7900390625,84050.3203125,84050.3203125,70642.5302734375,0.0,70642.5302734375
1268,83900.0,83929.4,83857.1,83916.3,8282.0,14706.8603515625,84005.6484375,84005.6484375,69298.7880859375,0.0,69298.7880859375
1269,83933.1,83933.1,83883.7,83920.2,6761.0,11913.9072265625,83977.1640625,83977.1640625,72063.2568359375,0.0,72063.2568359375
1270,83919.3,84011.8,83919.3,84011.8,17995.0,14857.271484375,83988.7109375,83988.7109375,69131.439453125,0.0,69131.439453125
1271,84011.9,84094.0,84011.9,84092.7,4472.0,12399.84765625,84023.375,84023.375,71623.52734375,0.0,71623.52734375
1272,84092.6,84344.8,84090.7,84217.9,10984.0,9553.2314453125,84088.21875,84088.21875,74534.9873046875,0.0,74534.9873046875
1273,84214.3,84214.3,84078.0,84117.3,6081.0,8490.154296875,84097.9140625,84097.9140625,75607.759765625,0.0,75607.759765625
1274,84121.5,84198.6,84121.5,84192.3,3944.0,8663.1025390625,84129.375,84129.375,75466.2724609375,0.0,75466.2724609375
1275,84207.3,84212.4,84004.8,84004.8,13441.0,7619.40185546875,84087.8515625,84087.8515625,76468.44970703125,0.0,76468.44970703125
1276,83992.1,83996.7,83929.0,83961.3,6353.0,12084.267578125,84045.6640625,84045.6640625,71961.396484375,0.0,71961.396484375
1277,83966.4,83971.6,83877.7,83931.0,4186.0,15334.8447265625,84007.4453125,84007.4453125,68672.6005859375,0.0,68672.6005859375
1278,83914.8,83940.5,83848.1,83859.0,4120.0,16444.5625,83957.9609375,83957.9609375,67513.3984375,0.0,67513.3984375
1279,83850.6,83892.0,83769.8,83826.0,7933.0,14691.375,83913.9765625,83913.9765625,69222.6015625,0.0,69222.6015625
1280,83822.0,83848.0,83750.0,83818.8,6358.0,14487.25,83882.25,83882.25,69395.0,0.0,69395.0
1281,83820.1,83849.7,83779.1,83828.8,7407.0,12546.8330078125,83864.4296875,83864.4296875,71317.5966796875,0.0,71317.5966796875
1282,83828.6,83891.3,83780.3,83853.9,7302.0,15669.888671875,83860.921875,83860.921875,68191.033203125,0.0,68191.033203125
1283,83843.7,83866.5,83708.9,83713.4,5583.0,12887.5927734375,83811.75,83811.75,70924.1572265625,0.0,70924.1572265625
1284,83713.3,83713.3,83641.8,83693.4,6586.0,28049.728515625,83772.296875,83772.296875,55722.568359375,0.0,55722.568359375
1285,83700.0,83852.0,83700.0,83848.3,8200.0,29554.818359375,83797.6328125,83797.6328125,54242.814453125,0.0,54242.814453125
1286,83855.8,83905.9,83831.3,83862.8,3187.0,24166.87890625,83819.3515625,83819.3515625,59652.47265625,0.0,59652.47265625
1287,83872.8,83872.9,83650.6,83650.6,4158.0,19160.919921875,83763.1015625,83763.1015625,64602.181640625,0.0,64602.181640625
1288,83650.5,83652.1,83588.0,83647.7,5952.0,18048.61328125,83724.6328125,83724.6328125,65676.01953125,0.0,65676.01953125
1289,83645.7,83645.7,83500.1,83538.1,5771.0,16610.408203125,83662.453125,83662.453125,67052.044921875,0.0,67052.044921875
1290,83535.1,83580.0,83469.8,83503.7,7573.0,14921.9384765625,83609.5390625,83609.5390625,68687.6005859375,0.0,68687.6005859375
1291,83513.7,83580.8,83482.9,83560.0,4075.0,19499.625,83593.0234375,83593.0234375,64093.3984375,0.0,64093.3984375
1292,83558.1,83583.9,83455.7,83472.6,4779.0,21542.75,83552.8828125,83552.8828125,62010.1328125,0.0,62010.1328125
1293,83475.7,83697.7,83460.8,83697.7,7239.0,16097.8330078125,83601.15625,83601.15625,67503.3232421875,0.0,67503.3232421875
1294,83699.2,83728.7,83561.3,83568.8,3836.0,13383.888671875,83590.3671875,83590.3671875,70206.478515625,0.0,70206.478515625
1295,83575.0,83868.0,83575.0,83768.7,8085.0,10656.5927734375,83649.8125,83649.8125,72993.2197265625,0.0,72993.2197265625
1296,83759.3,83801.6,83697.5,83736.2,8254.0,10889.728515625,83678.609375,83678.609375,72788.880859375,0.0,72788.880859375
1297,83733.7,83895.9,83695.4,83895.1,5175.0,19931.818359375,83750.7734375,83750.7734375,63818.955078125,0.0,63818.955078125
1298,83895.1,84172.5,83887.2,84172.5,15440.0,15161.5458984375,83891.3515625,83891.3515625,68729.8056640625,0.0,68729.8056640625
1299,84172.5,84198.5,84014.1,84014.1,18881.0,11762.0302734375,83932.265625,83932.265625,72170.2353515625,0.0,72170.2353515625
1300,83997.4,84091.5,83936.3,84091.5,5203.0,11795.353515625,83985.34375,83985.34375,72189.990234375,0.0,72189.990234375
1301,84094.7,84191.0,84042.3,84116.6,5684.0,8835.90234375,84029.09375,84029.09375,75193.19140625,0.0,75193.19140625
1302,84106.1,84192.9,84071.6,84071.6,3578.0,7519.26806640625,84043.265625,84043.265625,76523.99755859375,0.0,76523.99755859375
1303,84067.3,84262.1,84000.0,84188.2,5813.0,7022.84521484375,84091.578125,84091.578125,77068.73291015625,0.0,77068.73291015625
1304,84184.0,84268.3,84160.8,84247.8,6726.0,7199.22998046875,84143.6484375,84143.6484375,76944.41845703125,0.0,76944.41845703125
1305,84253.9,84347.9,84232.0,84289.8,12553.0,7573.48681640625,84192.3671875,84192.3671875,76618.88037109375,0.0,76618.88037109375
1306,84291.0,84482.7,84288.8,84477.0,6928.0,7205.65771484375,84287.2421875,84287.2421875,77081.58447265625,0.0,77081.58447265625
1307,84474.3,84572.8,84359.7,84463.5,12104.0,6202.4384765625,84345.9921875,84345.9921875,78143.5537109375,0.0,78143.5537109375
1308,84491.5,84593.8,84445.5,84593.8,5926.0,14601.9599609375,84428.59375,84428.59375,69826.6337890625,0.0,69826.6337890625
1309,84594.3,84657.3,84538.5,84556.0,6393.0,15127.6396484375,84471.0625,84471.0625,69343.4228515625,0.0,69343.4228515625
1310,84561.0,84644.8,84352.5,84355.3,17323.0,13975.0927734375,84432.4765625,84432.4765625,70457.3837890625,0.0,70457.3837890625
1311,84363.8,84549.6,84358.7,84520.5,3899.0,13144.0615234375,84461.8203125,84461.8203125,71317.7587890625,0.0,71317.7587890625
1312,84505.5,84545.4,84432.1,84432.1,5541.0,74398.0390625,84451.9140625,84451.9140625,10053.875,0.0,10053.875
1313,84428.9,84500.3,84385.7,84385.7,5566.0,62525.359375,84429.84375,84429.84375,21904.484375,0.0,21904.484375
1314,84385.6,84501.2,84352.7,84491.3,7929.0,51807.23828125,84450.328125,84450.328125,32643.08984375,0.0,32643.08984375
1315,84491.4,84517.3,84240.4,84367.0,27198.0,55613.4921875,84422.5546875,84422.5546875,28809.0625,0.0,28809.0625
1316,84371.1,84579.1,84371.1,84566.3,16838.0,45393.328125,84470.46875,84470.46875,39077.140625,0.0,39077.140625
1317,84566.3,84657.5,84500.1,84637.2,28911.0,34851.21875,84526.046875,84526.046875,49674.828125,0.0,49674.828125
1318,84637.2,84641.0,84500.1,84533.7,4804.0,25194.8125,84528.6015625,84528.6015625,59333.7890625,0.0,59333.7890625
1319,84531.4,84644.5,84385.1,84562.9,35778.0,19475.208984375,84540.03125,84540.03125,65064.822265625,0.0,65064.822265625
1320,84565.2,84628.1,84510.1,84607.1,9880.0,15731.8056640625,84562.390625,84562.390625,68830.5849609375,0.0,68830.5849609375
1321,84624.0,84749.9,84624.0,84645.2,13423.0,15338.537109375,84589.9921875,84589.9921875,69251.455078125,0.0,69251.455078125
1322,84645.2,84691.3,84599.5,84624.6,6810.0,12703.0244140625,84601.53125,84601.53125,71898.5068359375,0.0,71898.5068359375
1323,84623.4,84623.4,84466.6,84474.4,7868.0,11236.0166015625,84559.15625,84559.15625,73323.1396484375,0.0,73323.1396484375
1324,84473.5,84506.1,84339.1,84506.1,8344.0,10565.677734375,84541.46875,84541.46875,73975.791015625,0.0,73975.791015625
1325,84501.9,84535.7,84425.5,84470.1,5125.0,20408.119140625,84517.6796875,84517.6796875,64109.560546875,0.0,64109.560546875
1326,84473.0,84624.4,84473.0,84570.9,5409.0,16107.4130859375,84535.421875,84535.421875,68428.0087890625,0.0,68428.0087890625
1327,84573.3,84586.9,84510.2,84570.1,5718.0,14724.275390625,84546.984375,84546.984375,69822.708984375,0.0,69822.708984375
1328,84577.4,84577.4,84502.7,84553.3,5204.0,11772.5166015625,84549.0859375,84549.0859375,72776.5693359375,0.0,72776.5693359375
1329,84557.5,84573.1,84470.5,84474.8,3454.0,11975.677734375,84524.3203125,84524.3203125,72548.642578125,0.0,72548.642578125
1330,84494.4,84595.0,84459.5,84595.0,3585.0,11541.1181640625,84547.8828125,84547.8828125,73006.7646484375,0.0,73006.7646484375
1331,84595.0,84641.1,84520.0,84520.0,5515.0,9098.7451171875,84538.5859375,84538.5859375,75439.8408203125,0.0,75439.8408203125
1332,84520.0,84540.0,84436.8,84531.9,2068.0,8223.830078125,84536.359375,84536.359375,76312.529296875,0.0,76312.529296875
1333,84528.5,84623.9,84528.5,84593.7,5397.0,7867.88671875,84555.4765625,84555.4765625,76687.58984375,0.0,76687.58984375
1334,84593.8,84623.9,84580.6,84607.0,2500.0,6504.92431640625,84572.6484375,84572.6484375,78067.72412109375,0.0,78067.72412109375
1335,84602.0,84632.5,84525.2,84525.2,4342.0,5677.94970703125,84556.8359375,84556.8359375,78878.88623046875,0.0,78878.88623046875
1336,84495.7,84515.5,84416.9,84435.8,6431.0,6446.2998046875,84516.4921875,84516.4921875,78070.1923828125,0.0,78070.1923828125
1337,84437.8,84583.7,84433.5,84583.7,3990.0,6740.86669921875,84538.8984375,84538.8984375,77798.03173828125,0.0,77798.03173828125
1338,84585.3,84629.4,84440.0,84440.0,3820.0,7957.9111328125,84505.9296875,84505.9296875,76548.0185546875,0.0,76548.0185546875
1339,84434.2,84550.9,84434.2,84512.1,3444.0,9388.2744140625,84507.984375,84507.984375,75119.7099609375,0.0,75119.7099609375
1340,84500.1,84700.0,84494.2,84683.0,7857.0,12075.5166015625,84566.3203125,84566.3203125,72490.8037109375,0.0,72490.8037109375
1341,84682.9,84757.3,84664.2,84722.2,6431.0,16521.677734375,84618.28125,84618.28125,68096.603515625,0.0,68096.603515625
1342,84732.9,84821.9,84731.4,84813.0,6394.0,13896.1181640625,84683.1875,84683.1875,70787.0693359375,0.0,70787.0693359375
1343,84816.3,84884.7,84795.9,84873.6,6753.0,13183.7451171875,84746.65625,84746.65625,71562.9111328125,0.0,71562.9111328125
1344,84876.0,84882.6,84729.1,84737.6,5693.0,12303.4970703125,84743.640625,84743.640625,72440.1435546875,0.0,72440.1435546875
1345,84741.8,84950.0,84732.4,84931.7,23302.0,12782.6650390625,84806.328125,84806.328125,72023.6630859375,0.0,72023.6630859375
1346,84926.2,84950.0,84926.2,84930.6,3691.0,15024.7763671875,84847.75,84847.75,69822.9736328125,0.0,69822.9736328125
1347,84930.5,84976.9,84930.5,84946.3,2009.0,16207.1845703125,84880.6015625,84880.6015625,68673.4169921875,0.0,68673.4169921875
1348,84946.2,84959.3,84922.1,84943.4,2789.0,12782.7900390625,84901.53125,84901.53125,72118.7412109375,0.0,72118.7412109375
1349,84943.5,84987.6,84943.5,84951.5,3120.0,11528.8603515625,84918.1875,84918.1875,73389.3271484375,0.0,73389.3271484375
1350,84951.6,84976.7,84937.7,84976.7,4769.0,20849.240234375,84937.6953125,84937.6953125,64088.455078125,0.0,64088.455078125
1351,84986.9,85033.2,84976.6,85021.0,3567.0,17867.826171875,84965.4609375,84965.4609375,67097.634765625,0.0,67097.634765625
1352,85023.1,85095.1,84998.7,85054.4,7024.0,15068.55078125,84995.109375,84995.109375,69926.55859375,0.0,69926.55859375
1353,85060.0,85060.0,84988.0,84991.1,5809.0,13148.0341796875,84993.7734375,84993.7734375,71845.7392578125,0.0,71845.7392578125
1354,84995.0,84995.0,84926.9,84981.1,6869.0,12997.689453125,84989.546875,84989.546875,71991.857421875,0.0,71991.857421875
1355,84986.9,85125.0,84986.9,85079.5,4883.0,13195.79296875,85019.53125,85019.53125,71823.73828125,0.0,71823.73828125
1356,85078.9,85287.3,85078.9,85214.9,12182.0,14736.1953125,85084.65625,85084.65625,70348.4609375,0.0,70348.4609375
1357,85207.9,85207.9,85091.6,85125.2,5917.0,14734.1298828125,85098.171875,85098.171875,70364.0419921875,0.0,70364.0419921875
1358,85123.3,85191.3,85115.6,85191.3,3562.0,13116.7529296875,85129.2109375,85129.2109375,72012.4580078125,0.0,72012.4580078125
1359,85203.1,85266.4,85172.5,85266.3,7952.0,11727.1689453125,85174.90625,85174.90625,73447.7373046875,0.0,73447.7373046875
1360,85266.3,85335.9,85224.6,85314.8,4649.0,12171.779296875,85221.5390625,85221.5390625,73049.759765625,0.0,73049.759765625
1361,85314.7,85327.6,85257.9,85290.8,5677.0,19991.853515625,85244.625,85244.625,65252.771484375,0.0,65252.771484375
1362,85284.2,85385.0,85284.2,85349.3,4114.0,15814.5693359375,85279.515625,85279.515625,69464.9462890625,0.0,69464.9462890625
1363,85349.3,85349.4,85323.7,85337.2,2560.0,17264.37890625,85298.7421875,85298.7421875,68034.36328125,0.0,68034.36328125
1364,85337.2,85337.2,85219.7,85247.9,5227.0,13612.9189453125,85281.796875,85281.796875,71668.8779296875,0.0,71668.8779296875
1365,85249.9,85259.9,85178.6,85204.9,5217.0,13106.6123046875,85256.1640625,85256.1640625,72149.5517578125,0.0,72149.5517578125
1366,85204.9,85235.3,85140.2,85140.2,4989.0,14683.408203125,85217.5078125,85217.5078125,70534.099609375,0.0,70534.099609375
1367,85140.2,85235.6,85140.2,85232.7,4661.0,12067.60546875,85222.5703125,85222.5703125,73154.96484375,0.0,73154.96484375
1368,85230.2,85332.6,85230.2,85308.8,3567.0,15682.4033203125,85251.3125,85251.3125,69568.9091796875,0.0,69568.9091796875
1369,85308.7,85325.6,85247.1,85272.4,7719.0,15731.6025390625,85258.34375,85258.34375,69526.7412109375,0.0,69526.7412109375
1370,85272.4,85299.3,85242.7,85271.8,3274.0,13869.7353515625,85262.828125,85262.828125,71393.0927734375,0.0,71393.0927734375
1371,85271.7,85385.0,85263.6,85385.0,9905.0,15089.1572265625,85303.5546875,85303.5546875,70214.3974609375,0.0,70214.3974609375
1372,85396.3,85402.3,85347.9,85376.7,7416.0,13458.771484375,85327.9375,85327.9375,71869.166015625,0.0,71869.166015625
1373,85376.6,85376.6,85336.1,85336.1,2453.0,12504.84765625,85330.65625,85330.65625,72825.80859375,0.0,72825.80859375
1374,85340.3,85340.3,85214.1,85227.1,3585.0,11083.2314453125,85296.140625,85296.140625,74212.9091796875,0.0,74212.9091796875
1375,85232.9,85265.0,85131.3,85150.6,4884.0,11504.4873046875,85247.625,85247.625,73743.1376953125,0.0,73743.1376953125
1376,85156.9,85264.9,85137.6,85233.7,4093.0,9646.658203125,85242.984375,85242.984375,75596.326171875,0.0,75596.326171875
1377,85217.6,85250.2,85187.9,85187.9,3042.0,8011.77197265625,85224.625,85224.625,77212.85302734375,0.0,77212.85302734375
1378,85188.0,85219.6,85140.7,85146.9,5387.0,7722.84814453125,85198.71875,85198.71875,77475.87060546875,0.0,77475.87060546875
1379,85147.0,85168.0,85123.9,85168.0,3676.0,6482.89892578125,85188.4765625,85188.4765625,78705.57763671875,0.0,78705.57763671875
1380,85173.0,85201.1,85145.5,85175.5,2938.0,17967.265625,85184.1484375,85184.1484375,67216.8828125,0.0,67216.8828125
1381,85175.4,85308.7,85175.4,85271.4,3374.0,19093.84375,85213.234375,85213.234375,66119.390625,0.0,66119.390625
1382,85275.7,85346.8,85275.7,85335.1,4547.0,24944.896484375,85253.859375,85253.859375,60308.962890625,0.0,60308.962890625
1383,85331.1,85396.9,85307.4,85363.7,5691.0,21254.59765625,85290.4765625,85290.4765625,64035.87890625,0.0,64035.87890625
1384,85363.6,85363.6,85312.6,85317.6,2770.0,16365.0654296875,85299.515625,85299.515625,68934.4501953125,0.0,68934.4501953125
1385,85312.7,85317.4,85182.3,85182.4,4293.0,16770.7109375,85260.4765625,85260.4765625,68489.765625,0.0,68489.765625
1386,85182.3,85314.3,85164.8,85314.3,6325.0,16401.140625,85278.4140625,85278.4140625,68877.2734375,0.0,68877.2734375
1387,85318.0,85318.0,85226.7,85286.0,4384.0,13023.4267578125,85280.9453125,85280.9453125,72257.5185546875,0.0,72257.5185546875
1388,85277.4,85298.6,85251.3,85282.4,2589.0,10493.6181640625,85281.4296875,85281.4296875,74787.8115234375,0.0,74787.8115234375
1389,85280.3,85297.1,85264.1,85288.1,4552.0,14979.0791015625,85283.65625,85283.65625,70304.5771484375,0.0,70304.5771484375
1390,85288.0,85288.0,85264.0,85276.2,3669.0,11855.7197265625,85281.171875,85281.171875,73425.4521484375,0.0,73425.4521484375
1391,85272.0,85272.0,85151.5,85151.5,3295.0,9189.8134765625,85237.9453125,85237.9453125,76048.1318359375,0.0,76048.1318359375
1392,85151.5,85151.5,85096.9,85118.3,5627.0,8124.87548828125,85198.0625,85198.0625,77073.18701171875,0.0,77073.18701171875
1393,85116.5,85162.1,85071.1,85146.1,12648.0,6825.25048828125,85180.7421875,85180.7421875,78355.49169921875,0.0,78355.49169921875
1394,85146.1,85163.0,85140.2,85155.3,2485.0,6397.1669921875,85172.2578125,85172.2578125,78775.0908203125,0.0,78775.0908203125
1395,85151.3,85174.3,85094.8,85128.9,11086.0,5448.111328125,85157.8046875,85157.8046875,79709.693359375,0.0,79709.693359375
1396,85123.5,85173.4,85108.4,85152.5,4074.0,6574.07421875,85156.0390625,85156.0390625,78581.96484375,0.0,78581.96484375
1397,85157.6,85200.0,85123.5,85194.5,3695.0,5914.71630859375,85168.859375,85168.859375,79254.14306640625,0.0,79254.14306640625
1398,85184.5,85184.5,85100.1,85108.0,4026.0,5827.81103515625,85148.5703125,85148.5703125,79320.75927734375,0.0,79320.75927734375
1399,85103.8,85173.6,85103.8,85126.0,5888.0,5069.8740234375,85141.046875,85141.046875,80071.1728515625,0.0,80071.1728515625
1400,85122.7,85122.7,85080.0,85080.0,5181.0,7380.24951171875,85120.6953125,85120.6953125,77740.44580078125,0.0,77740.44580078125
1401,85078.1,85119.0,85066.1,85083.9,5969.0,7624.49951171875,85108.4296875,85108.4296875,77483.93017578125,0.0,77483.93017578125
1402,85083.9,85083.9,85000.1,85000.1,7568.0,6596.99951171875,85072.3203125,85072.3203125,78475.32080078125,0.0,78475.32080078125
1403,85000.0,85000.0,84768.8,84771.3,17413.0,5667.99951171875,84971.9765625,84971.9765625,79303.97705078125,0.0,79303.97705078125
1404,84778.5,84901.1,84759.3,84759.4,18648.0,6405.3330078125,84901.1171875,84901.1171875,78495.7841796875,0.0,78495.7841796875
1405,84759.3,84817.5,84719.9,84794.5,17624.0,7030.888671875,84865.578125,84865.578125,77834.689453125,0.0,77834.689453125
1406,84797.2,84886.7,84790.4,84886.7,5479.0,6714.25927734375,84872.6171875,84872.6171875,78158.35791015625,0.0,78158.35791015625
1407,84894.2,85004.6,84875.5,84946.0,4911.0,5849.50634765625,84897.078125,84897.078125,79047.57177734375,0.0,79047.57177734375
1408,84940.0,84940.0,84840.2,84886.5,2696.0,5760.6708984375,84893.5546875,84893.5546875,79132.8837890625,0.0,79132.8837890625
1409,84886.5,84920.4,84827.7,84827.7,2818.0,5824.447265625,84871.6015625,84871.6015625,79047.154296875,0.0,79047.154296875
1410,84817.8,84817.8,84573.6,84573.6,10330.0,6295.96484375,84772.265625,84772.265625,78476.30078125,0.0,78476.30078125
1411,84573.6,84623.7,84513.1,84548.0,4644.0,9343.9765625,84697.5078125,84697.5078125,75353.53125,0.0,75353.53125
1412,84535.2,84575.2,84499.8,84537.8,6736.0,8166.984375,84644.2734375,84644.2734375,76477.2890625,0.0,76477.2890625
1413,84545.2,84545.2,84415.2,84437.1,3132.0,7419.98974609375,84575.21875,84575.21875,77155.22900390625,0.0,77155.22900390625
1414,84438.1,84441.4,84411.0,84431.5,8019.0,6801.9931640625,84527.3125,84527.3125,77725.3193359375,0.0,77725.3193359375
1415,84431.5,84431.5,84329.5,84329.7,4837.0,6135.99560546875,84461.4453125,84461.4453125,78325.44970703125,0.0,78325.44970703125
1416,84329.6,84573.8,84325.3,84543.5,4916.0,6713.33056640625,84488.796875,84488.796875,77775.46630859375,0.0,77775.46630859375
1417,84543.5,84674.9,84491.1,84563.8,7479.0,6210.22021484375,84513.796875,84513.796875,78303.57666015625,0.0,78303.57666015625
1418,84555.4,84580.1,84402.6,84417.6,5340.0,5939.14697265625,84481.734375,84481.734375,78542.58740234375,0.0,78542.58740234375
1419,84426.5,84583.1,84420.1,84491.6,5714.0,5232.7646484375,84485.0234375,84485.0234375,79252.2587890625,0.0,79252.2587890625
1420,84489.1,84580.6,84489.1,84493.1,3700.0,5739.509765625,84487.71875,84487.71875,78748.208984375,0.0,78748.208984375
1421,84493.1,84512.0,84401.3,84492.6,2634.0,4756.00634765625,84489.34375,84489.34375,79733.33740234375,0.0,79733.33740234375
1422,84473.6,84607.2,84473.6,84543.7,9077.0,5107.00439453125,84507.4609375,84507.4609375,79400.45654296875,0.0,79400.45654296875
1423,84535.3,84594.5,84535.3,84573.6,3174.0,4592.0029296875,84529.5078125,84529.5078125,79937.5048828125,0.0,79937.5048828125
1424,84568.0,84662.5,84558.3,84662.4,4561.0,3914.668701171875,84573.8046875,84573.8046875,80659.13598632812,0.0,80659.13598632812
1425,84662.5,84971.1,84662.5,84875.6,23345.0,3798.779052734375,84674.40625,84674.40625,80875.62719726562,0.0,80875.62719726562
1426,84873.3,84873.3,84697.5,84697.5,6030.0,3350.18603515625,84682.1015625,84682.1015625,81331.91552734375,0.0,81331.91552734375
1427,84697.5,84697.5,84500.0,84500.0,5918.0,4029.1240234375,84621.3984375,84621.3984375,80592.2744140625,0.0,80592.2744140625
1428,84500.0,84565.7,84439.7,84562.1,4697.0,4583.08251953125,84601.6328125,84601.6328125,80018.55029296875,0.0,80018.55029296875
1429,84565.1,84598.8,84518.5,84570.2,2522.0,3918.388427734375,84591.15625,84591.15625,80672.76782226562,0.0,80672.76782226562
1430,84579.0,84671.3,84562.1,84588.8,5727.0,6828.2587890625,84590.3671875,84590.3671875,77762.1083984375,0.0,77762.1083984375
1431,84593.0,84593.0,84438.2,84500.6,5311.0,5894.17236328125,84560.4453125,84560.4453125,78666.27294921875,0.0,78666.27294921875
1432,84504.8,84504.8,84356.0,84382.9,4358.0,9733.7822265625,84501.265625,84501.265625,74767.4833984375,0.0,74767.4833984375
1433,84389.4,84476.9,84312.4,84476.9,7078.0,7387.85498046875,84493.140625,84493.140625,77105.28564453125,0.0,77105.28564453125
1434,84477.0,84488.0,84382.9,84434.7,5544.0,5969.23681640625,84473.6640625,84473.6640625,78504.42724609375,0.0,78504.42724609375
1435,84447.3,84447.3,84367.8,84444.3,4011.0,5759.4912109375,84463.875,84463.875,78704.3837890625,0.0,78704.3837890625
1436,84444.3,84482.8,84433.5,84462.5,3019.0,4897.66064453125,84463.4140625,84463.4140625,79565.75341796875,0.0,79565.75341796875
1437,84464.0,84523.8,84395.9,84404.6,4104.0,4830.77392578125,84443.8125,84443.8125,79613.03857421875,0.0,79613.03857421875
1438,84407.5,84426.2,84308.9,84344.0,3211.0,5579.84912109375,84410.5390625,84410.5390625,78830.68994140625,0.0,78830.68994140625
1439,84331.3,84382.0,84251.4,84285.8,8637.0,4790.23291015625,84368.9609375,84368.9609375,79578.72802734375,0.0,79578.72802734375
