bar,open,high,low,close,volume,batched,isolated,cpu,abs_bi,abs_ic,abs_bc
0,88066.7,88174.6,88048.0,88155.1,5735.0,50.0,50.0,nan,0.0,nan,nan
1,88146.7,88160.1,88081.7,88081.7,4816.0,50.0,50.0,nan,0.0,nan,nan
2,88080.4,88080.4,87849.9,87850.0,10862.0,50.0,50.0,nan,0.0,nan,nan
3,87857.1,87944.5,87780.2,87930.1,15390.0,50.0,50.0,nan,0.0,nan,nan
4,87930.2,88039.6,87930.2,87991.6,4863.0,50.0,50.0,nan,0.0,nan,nan
5,87980.8,87980.8,87852.6,87856.9,2161.0,50.0,50.0,nan,0.0,nan,nan
6,87862.5,87869.1,87773.9,87797.8,3002.0,50.0,50.0,nan,0.0,nan,nan
7,87794.2,87794.2,87660.4,87672.7,7045.0,50.0,50.0,nan,0.0,nan,nan
8,87672.6,87704.8,87569.3,87664.0,6992.0,50.0,50.0,nan,0.0,nan,nan
9,87657.2,87718.7,87621.5,87639.1,4116.0,50.0,50.0,nan,0.0,nan,nan
10,87649.7,87726.9,87580.2,87580.2,5538.0,50.0,50.0,nan,0.0,nan,nan
11,87583.2,87604.9,87412.0,87430.1,7937.0,50.0,50.0,nan,0.0,nan,nan
12,87427.6,87504.4,87326.9,87504.4,28049.0,50.0,50.0,nan,0.0,nan,nan
13,87505.9,87647.8,87477.7,87600.8,5425.0,39.78791046142578,44.103553771972656,nan,4.315643310546875,nan,nan
14,87596.5,87649.2,87531.3,87564.6,5409.0,41.067359924316406,40.877464294433594,nan,0.1898956298828125,nan,nan
15,87564.6,87669.2,87529.0,87648.0,5356.0,50.29667282104492,42.531898498535156,nan,7.764774322509766,nan,nan
16,87649.4,87731.5,87631.9,87721.9,8400.0,46.417083740234375,46.27738571166992,nan,0.13969802856445312,nan,nan
17,87708.6,87759.6,87682.4,87759.6,6562.0,53.98545455932617,49.84075164794922,52.91680908203125,4.144702911376953,3.0760574340820312,1.0686454772949219
18,87750.7,87750.7,87519.8,87519.8,4150.0,49.97191619873047,41.87263107299805,48.545169830322266,8.099285125732422,6.672538757324219,1.4267463684082031
19,87502.6,87590.1,87498.4,87562.6,3954.0,76.08953857421875,45.06158447265625,44.56135940551758,31.0279541015625,0.5002250671386719,31.528179168701172
20,87566.9,87578.4,87328.7,87343.5,11941.0,78.01170349121094,30.162277221679688,25.507915496826172,47.84942626953125,4.654361724853516,52.503787994384766
21,87343.4,87344.0,87227.3,87256.3,12379.0,83.33120727539062,26.890623092651367,17.490665435791016,56.44058418273926,9.399957656860352,65.84054183959961
22,87252.7,87420.8,87252.7,87392.1,3767.0,89.91841888427734,29.33782958984375,13.320406913757324,60.580589294433594,16.017422676086426,76.59801197052002
23,87392.1,87404.4,87287.0,87371.4,6300.0,83.85752868652344,27.766569137573242,21.15995216369629,56.090959548950195,6.606616973876953,62.69757652282715
24,87372.5,87475.6,87339.6,87471.7,3668.0,83.64588928222656,34.3397102355957,34.64885711669922,49.30617904663086,0.3091468811035156,48.997032165527344
25,87471.1,87484.4,87403.9,87439.2,2831.0,86.26953125,33.97182846069336,37.59839630126953,52.29770278930664,3.626567840576172,48.67113494873047
26,87436.2,87436.2,87315.9,87370.4,3545.0,74.67742156982422,31.731643676757812,37.53577423095703,42.945777893066406,5.804130554199219,37.14164733886719
27,87363.6,87377.7,87303.3,87303.3,4063.0,47.65198516845703,26.660337448120117,26.99004364013672,20.991647720336914,0.32970619201660156,20.661941528320312
28,87303.2,87318.1,87204.0,87204.0,3420.0,57.135643005371094,19.4639949798584,13.72031021118164,37.671648025512695,5.743684768676758,43.41533279418945
29,87200.9,87280.4,87200.9,87257.5,3839.0,54.897918701171875,18.751739501953125,8.136139869689941,36.14617919921875,10.615599632263184,46.761778831481934
30,87263.5,87278.8,87211.2,87226.8,13526.0,43.11260986328125,14.283729553222656,4.922112941741943,28.828880310058594,9.361616611480713,38.19049692153931
31,87226.1,87258.0,87206.6,87206.6,2066.0,31.0924129486084,11.357589721679688,5.267879962921143,19.73482322692871,6.089709758758545,25.824532985687256
32,87205.6,87205.6,87154.6,87173.2,5683.0,42.1265754699707,9.970877647399902,3.3146893978118896,32.1556978225708,6.656188249588013,38.81188607215881
33,87173.3,87298.7,87173.3,87286.8,7188.0,45.296443939208984,17.507183074951172,12.167231559753418,27.789260864257812,5.339951515197754,33.129212379455566
34,87283.7,87286.9,87182.4,87186.8,7126.0,34.089351654052734,12.413408279418945,15.075519561767578,21.67594337463379,2.662111282348633,19.013832092285156
35,87183.8,87183.8,87080.0,87080.0,7382.0,34.17186737060547,9.973530769348145,13.651749610900879,24.198336601257324,3.6782188415527344,20.52011775970459
36,87080.0,87113.9,86878.6,86895.9,34739.0,13.926531791687012,8.414054870605469,4.20579719543457,5.512476921081543,4.208257675170898,9.720734596252441
37,86901.3,86939.1,86776.4,86781.0,17855.0,22.699466705322266,6.345841884613037,1.1683883666992188,16.35362482070923,5.177453517913818,21.531078338623047
38,86790.1,86895.4,86767.0,86877.6,13092.0,5.653131008148193,10.058977127075195,6.307399749755859,4.405846118927002,3.751577377319336,0.654268741607666
39,86877.7,86894.4,86752.5,86799.2,5481.0,4.208144664764404,7.745242595672607,7.632626533508301,3.537097930908203,0.11261606216430664,3.4244818687438965
40,86806.7,86985.6,86797.5,86985.6,5524.0,6.409217357635498,18.36278533935547,19.844024658203125,11.95356798171997,1.4812393188476562,13.434807300567627
41,86985.6,87091.2,86985.6,87037.7,6819.0,5.018659591674805,25.510923385620117,31.513259887695312,20.492263793945312,6.002336502075195,26.494600296020508
42,87042.2,87085.2,87006.2,87022.0,9574.0,-2.6411962509155273,31.071441650390625,45.683162689208984,33.71263790130615,14.61172103881836,48.32435894012451
43,87016.0,87059.1,86992.0,87055.7,4562.0,-4.540624141693115,37.364479064941406,51.75880432128906,41.90510320663452,14.394325256347656,56.29942846298218
44,87037.1,87118.4,87034.5,87034.5,4385.0,-2.1714205741882324,40.021690368652344,52.160274505615234,42.193110942840576,12.13858413696289,54.33169507980347
45,87034.0,87079.4,86918.0,86918.1,5614.0,-3.222280502319336,35.90161895751953,45.81962585449219,39.12389945983887,9.918006896972656,49.04190635681152
46,86922.3,86999.7,86852.1,86965.0,3934.0,-10.263568878173828,38.276084899902344,40.28425216674805,48.53965377807617,2.008167266845703,50.547821044921875
47,86973.7,87026.1,86973.7,87022.1,3649.0,-5.551726341247559,41.542415618896484,39.89105224609375,47.09414196014404,1.6513633728027344,45.44277858734131
48,87024.4,87024.4,86888.0,86937.6,4724.0,-5.236994743347168,40.91197967529297,44.090641021728516,46.14897441864014,3.178661346435547,49.327635765075684
49,86937.7,86946.2,86784.8,86834.6,8186.0,3.8068788051605225,34.96424865722656,38.601776123046875,31.15736985206604,3.6375274658203125,34.79489731788635
50,86834.1,86875.0,86816.4,86816.4,3229.0,8.135271072387695,31.11322021484375,27.606407165527344,22.977949142456055,3.5068130493164062,19.47113609313965
51,86811.0,86811.0,86736.8,86747.7,8672.0,2.173901081085205,22.978496551513672,14.253267288208008,20.804595470428467,8.725229263305664,12.079366207122803
52,86747.7,86754.9,86632.4,86663.7,10621.0,8.325422286987305,20.177671432495117,8.920916557312012,11.852249145507812,11.256754875183105,0.595494270324707
53,86662.6,86733.1,86656.0,86711.6,5251.0,2.045177459716797,19.817703247070312,8.532084465026855,17.772525787353516,11.285618782043457,6.486907005310059
54,86713.4,86797.0,86694.8,86776.0,8816.0,9.793988227844238,23.181007385253906,17.428627014160156,13.387019157409668,5.75238037109375,7.634638786315918
55,86771.9,86843.4,86754.9,86843.1,8289.0,12.278226852416992,28.784423828125,29.73304557800293,16.506196975708008,0.9486217498779297,17.454818725585938
56,86839.4,86843.2,86788.6,86793.6,4040.0,24.116527557373047,28.37826919555664,35.3571891784668,4.261741638183594,6.978919982910156,11.24066162109375
57,86791.6,86810.2,86771.6,86771.6,1637.0,30.54007339477539,28.60177230834961,35.055511474609375,1.9383010864257812,6.453739166259766,4.515438079833984
58,86771.7,86775.9,86561.1,86561.5,18764.0,41.808326721191406,19.018972396850586,20.629619598388672,22.78935432434082,1.610647201538086,21.178707122802734
59,86561.1,86653.2,86547.3,86632.5,11099.0,49.58658981323242,21.80523681640625,15.5048189163208,27.781352996826172,6.300417900085449,34.08177089691162
60,86623.2,86749.9,86578.5,86691.8,11360.0,47.91898727416992,23.667844772338867,16.017053604125977,24.251142501831055,7.650791168212891,31.901933670043945
61,86692.1,86807.3,86674.1,86777.2,4944.0,43.15959167480469,31.220401763916016,32.054134368896484,11.939189910888672,0.8337326049804688,11.105457305908203
62,86777.1,86912.6,86772.8,86888.4,31143.0,41.57775115966797,46.79914855957031,54.625545501708984,5.221397399902344,7.826396942138672,13.047794342041016
63,86890.1,86910.7,86847.2,86877.6,6761.0,40.16326904296875,56.14617156982422,74.70542907714844,15.982902526855469,18.55925750732422,34.54216003417969
64,86880.8,86880.8,86707.1,86707.1,6576.0,38.899749755859375,48.89697265625,73.2245864868164,9.997222900390625,24.327613830566406,34.32483673095703
65,86703.9,87030.3,86664.3,87004.3,7093.0,45.20638656616211,66.55337524414062,76.26050567626953,21.346988677978516,9.707130432128906,31.054119110107422
66,87003.4,87029.3,86934.7,86960.8,9135.0,24.31270408630371,67.02037048339844,74.65777587890625,42.70766639709473,7.6374053955078125,50.34507179260254
67,86961.3,87031.1,86961.3,87016.8,6887.0,18.217144012451172,76.87234497070312,92.42367553710938,58.65520095825195,15.55133056640625,74.2065315246582
68,87018.6,87098.9,86982.8,87042.9,4779.0,20.847068786621094,77.91349029541016,90.83393096923828,57.06642150878906,12.920440673828125,69.98686218261719
69,87042.8,87089.4,86993.0,87040.7,3567.0,25.629444122314453,81.411865234375,92.11359405517578,55.78242111206055,10.701728820800781,66.48414993286133
70,87052.8,87151.8,87042.7,87146.3,5135.0,37.50675964355469,86.13850402832031,92.79588317871094,48.631744384765625,6.657379150390625,55.28912353515625
71,87136.8,87202.0,87082.7,87141.6,9808.0,54.36528015136719,86.10835266113281,93.10486602783203,31.743072509765625,6.996513366699219,38.739585876464844
72,87141.5,87171.3,87077.6,87103.5,9815.0,62.4285888671875,85.73394775390625,91.60662078857422,23.30535888671875,5.872673034667969,29.17803192138672
73,87120.2,87156.4,87092.1,87139.0,6378.0,70.33612823486328,87.24601745605469,88.54181671142578,16.909889221191406,1.2957992553710938,18.2056884765625
74,87127.1,87285.6,87127.1,87285.6,10418.0,75.33306884765625,90.99333190917969,91.6169204711914,15.660263061523438,0.6235885620117188,16.283851623535156
75,87286.3,87347.0,87230.6,87262.4,6640.0,87.8187484741211,88.6157455444336,92.5011978149414,0.7969970703125,3.8854522705078125,4.6824493408203125
76,87267.2,87304.4,87227.4,87265.9,7803.0,89.25804901123047,89.24320983886719,91.90946197509766,0.01483917236328125,2.6662521362304688,2.6514129638671875
77,87258.1,87397.0,87246.9,87381.6,5966.0,89.11341857910156,91.91912078857422,91.20893096923828,2.8057022094726562,0.7101898193359375,2.0955123901367188
78,87379.2,87416.2,87350.2,87382.5,8104.0,87.41900634765625,92.22666931152344,93.84552764892578,4.8076629638671875,1.6188583374023438,6.426521301269531
79,87385.3,87385.3,87203.1,87206.5,8375.0,74.82046508789062,80.19792175292969,83.28800201416016,5.3774566650390625,3.0900802612304688,8.467536926269531
80,87197.9,87269.5,87184.0,87255.9,5466.0,69.89202880859375,79.06184387207031,72.24217987060547,9.169815063476562,6.819664001464844,2.3501510620117188
81,87257.0,87259.1,87077.1,87085.8,11182.0,71.77474975585938,61.008331298828125,48.32470703125,10.76641845703125,12.683624267578125,23.450042724609375
82,87078.5,87191.7,87067.9,87178.3,8493.0,65.20156860351562,61.28485107421875,44.103519439697266,3.916717529296875,17.181331634521484,21.09804916381836
83,87179.5,87211.0,87081.9,87101.3,4100.0,68.9638671875,45.99364471435547,27.74578857421875,22.97022247314453,18.24785614013672,41.21807861328125
84,87101.5,87165.0,87084.1,87164.6,4103.0,53.6760368347168,45.01415252685547,29.078693389892578,8.661884307861328,15.93545913696289,24.59734344482422
85,87159.0,87263.8,87159.0,87263.8,7991.0,43.530174255371094,49.083740234375,33.2317008972168,5.553565979003906,15.852039337158203,10.298473358154297
86,87263.8,87364.8,87257.3,87257.3,12821.0,39.7290153503418,49.4917106628418,46.128196716308594,9.7626953125,3.363513946533203,6.399181365966797
87,87254.8,87272.0,87194.2,87201.1,4852.0,27.001707077026367,45.60624313354492,49.621307373046875,18.604536056518555,4.015064239501953,22.619600296020508
88,87196.9,87344.5,87196.1,87273.3,9019.0,25.677734375,51.35628890991211,50.53047180175781,25.67855453491211,0.8258171081542969,24.852737426757812
89,87273.3,87299.0,87234.8,87282.5,4458.0,13.924989700317383,52.85856628417969,52.94245147705078,38.933576583862305,0.08388519287109375,39.0174617767334
90,87282.4,87294.7,87186.6,87234.4,13604.0,11.253969192504883,50.67261505126953,56.1290168762207,39.41864585876465,5.456401824951172,44.87504768371582
91,87234.5,87344.6,87234.5,87254.1,5698.0,10.852801322937012,52.330345153808594,54.291996002197266,41.47754383087158,1.9616508483886719,43.439194679260254
92,87254.0,87260.8,87090.8,87090.8,4446.0,8.35305404663086,36.73912811279297,36.15907669067383,28.38607406616211,0.5800514221191406,27.80602264404297
93,87088.6,87156.5,87058.1,87150.2,4771.0,9.177345275878906,39.699928283691406,30.23485565185547,30.5225830078125,9.465072631835938,21.057510375976562
94,87146.9,87224.5,87120.0,87136.1,7039.0,5.608756065368652,33.957157135009766,20.892377853393555,28.348401069641113,13.064779281616211,15.283621788024902
95,87147.1,87212.5,87021.3,87200.3,6592.0,4.236033916473389,41.922569274902344,35.85778045654297,37.686535358428955,6.064788818359375,31.62174654006958
96,87208.9,87303.3,87188.9,87287.3,7835.0,3.5267772674560547,51.10595703125,51.6603889465332,47.579179763793945,0.5544319152832031,48.13361167907715
97,87292.2,87397.9,87289.2,87386.0,6161.0,-0.9077820777893066,63.289703369140625,75.4631118774414,64.19748544692993,12.173408508300781,76.37089395523071
98,87393.5,87497.2,87393.5,87484.7,9223.0,1.894963264465332,70.5896987915039,90.55071258544922,68.69473552703857,19.961013793945312,88.65574932098389
99,87479.7,87499.9,87346.1,87346.1,5379.0,-0.9719388484954834,67.24825286865234,87.35978698730469,68.22019171714783,20.111534118652344,88.33172583580017
100,87346.2,87399.9,87346.2,87374.0,3442.0,3.381171226501465,70.51082611083984,79.64443969726562,67.12965488433838,9.133613586425781,76.26326847076416
101,87368.5,87480.9,87358.2,87448.0,4521.0,9.099315643310547,75.63844299316406,76.9053726196289,66.53912734985352,1.2669296264648438,67.80605697631836
102,87444.3,87446.4,87365.9,87396.3,4579.0,-14.356279373168945,74.83418273925781,80.4013442993164,89.19046211242676,5.567161560058594,94.75762367248535
103,87418.0,87425.2,87303.7,87303.7,4357.0,5.068122863769531,69.8263931274414,75.5053482055664,64.75827026367188,5.678955078125,70.43722534179688
104,87298.5,87299.3,87195.9,87228.9,6647.0,8.09212875366211,62.67909240722656,60.245506286621094,54.58696365356445,2.4335861206054688,52.153377532958984
105,87225.0,87274.1,87190.0,87274.1,6185.0,12.126762390136719,61.77567672729492,51.734928131103516,49.6489143371582,10.040748596191406,39.6081657409668
106,87269.8,87339.4,87262.9,87336.5,2842.0,17.620777130126953,63.437984466552734,54.019142150878906,45.81720733642578,9.418842315673828,36.39836502075195
107,87332.8,87389.0,87309.1,87343.0,3113.0,15.981754302978516,64.14366149902344,61.96601486206055,48.16190719604492,2.1776466369628906,45.98426055908203
108,87343.0,87361.8,87296.6,87357.5,5787.0,18.184223175048828,65.94287109375,67.77449798583984,47.75864791870117,1.8316268920898438,49.590274810791016
109,87367.3,87367.3,87300.2,87324.3,2920.0,23.1712646484375,57.87434005737305,60.333587646484375,34.70307540893555,2.459247589111328,37.162322998046875
110,87324.1,87420.1,87299.5,87391.6,3281.0,29.825851440429688,62.95709991455078,59.61250686645508,33.131248474121094,3.344593048095703,29.78665542602539
111,87387.3,87426.6,87367.6,87367.6,3299.0,35.571739196777344,59.38035202026367,55.300052642822266,23.808612823486328,4.080299377441406,19.728313446044922
112,87370.5,87434.3,87366.8,87434.3,5919.0,38.225677490234375,67.05624389648438,67.06497955322266,28.83056640625,0.00873565673828125,28.83930206298828
113,87441.1,87441.1,87327.1,87348.1,4270.0,39.82529067993164,60.262001037597656,63.49675750732422,20.436710357666016,3.2347564697265625,23.671466827392578
114,87348.0,87402.0,87325.2,87387.7,2276.0,42.68281173706055,65.09373474121094,67.04786682128906,22.41092300415039,1.954132080078125,24.365055084228516
115,87379.9,87435.9,87357.2,87418.0,3605.0,37.03860092163086,71.42662048339844,70.41214752197266,34.38801956176758,1.0144729614257812,33.3735466003418
116,87412.0,87412.0,87284.7,87319.5,3262.0,34.70158386230469,62.69770431518555,69.4865951538086,27.99612045288086,6.788890838623047,34.785011291503906
117,87323.4,87333.8,87269.7,87269.7,3139.0,31.007198333740234,55.28857421875,57.412750244140625,24.281375885009766,2.124176025390625,26.40555191040039
118,87268.0,87268.0,87192.3,87228.9,4089.0,22.194278717041016,44.492469787597656,32.935089111328125,22.29819107055664,11.557380676269531,10.74081039428711
119,87233.8,87283.9,87226.1,87283.9,1985.0,21.388809204101562,45.532569885253906,28.016387939453125,24.143760681152344,17.51618194580078,6.6275787353515625
120,87283.9,87334.5,87282.3,87327.1,2113.0,21.1530818939209,48.06865692138672,35.49623489379883,26.91557502746582,12.57242202758789,14.34315299987793
121,87327.1,87342.2,87293.3,87342.2,2732.0,14.634725570678711,51.283935546875,50.41604995727539,36.64920997619629,0.8678855895996094,35.78132438659668
122,87346.3,87440.5,87267.0,87267.0,4450.0,15.001551628112793,43.12580108642578,48.152103424072266,28.12424945831299,5.026302337646484,33.15055179595947
123,87267.0,87291.5,87154.6,87233.4,12040.0,12.637530326843262,40.637672424316406,39.259552001953125,28.000142097473145,1.3781204223632812,26.622021675109863
124,87229.9,87343.2,87223.0,87322.4,6250.0,10.792835235595703,47.44377899169922,38.69864273071289,36.650943756103516,8.745136260986328,27.905807495117188
125,87321.5,87395.6,87312.0,87383.6,3558.0,8.911234855651855,56.003883361816406,55.333770751953125,47.09264850616455,0.6701126098632812,46.42253589630127
126,87388.6,87466.1,87370.7,87449.7,5254.0,0.1746816635131836,66.06111145019531,77.74456024169922,65.88642978668213,11.683448791503906,77.56987857818604
127,87450.7,87466.7,87295.4,87343.6,16226.0,5.6294989585876465,60.87406539916992,78.40768432617188,55.244566440582275,17.533618927001953,72.77818536758423
128,87356.8,87381.6,87285.9,87330.1,8568.0,2.702068328857422,61.055625915527344,70.50818634033203,58.35355758666992,9.452560424804688,67.80611801147461
129,87339.4,87339.4,87218.9,87218.9,4133.0,7.4276275634765625,47.51032257080078,45.796722412109375,40.08269500732422,1.7136001586914062,38.36909484863281
130,87202.4,87283.3,87168.3,87237.2,3723.0,-2.2244200706481934,45.01073455810547,34.433067321777344,47.23515462875366,10.577667236328125,36.65748739242554
131,87239.7,87262.3,87175.9,87235.0,3241.0,0.6467870473861694,39.4271354675293,24.275951385498047,38.78034842014313,15.15118408203125,23.629164338111877
132,87247.9,87259.9,87183.5,87198.4,4240.0,-2.31691312789917,32.82358932495117,22.08649444580078,35.14050245285034,10.73709487915039,24.40340757369995
133,87205.2,87233.0,87176.7,87185.5,1926.0,-4.079541206359863,27.383617401123047,16.564453125,31.46315860748291,10.819164276123047,20.643994331359863
134,87182.6,87182.6,87080.3,87157.2,6053.0,2.5773794651031494,26.703384399414062,14.61198902130127,24.126004934310913,12.091395378112793,12.03460955619812
135,87147.5,87234.0,87147.5,87233.0,3708.0,-2.5214641094207764,31.201934814453125,23.10729217529297,33.7233989238739,8.094642639160156,25.628756284713745
136,87229.2,87275.8,87143.6,87155.3,7892.0,-1.8315070867538452,25.771648406982422,26.27712631225586,27.603155493736267,0.5054779052734375,28.108633399009705
137,87155.4,87198.1,87005.4,87017.6,15190.0,0.05387250706553459,19.87297821044922,20.524593353271484,19.819105703383684,0.6516151428222656,20.47072084620595
138,87018.5,87075.7,87005.2,87075.7,9681.0,9.386005401611328,20.30696678161621,12.44374942779541,10.920961380004883,7.863217353820801,3.057744026184082
139,87068.2,87068.2,86884.7,86918.4,9446.0,24.396543502807617,15.323172569274902,7.903731822967529,9.073370933532715,7.419440746307373,16.492811679840088
140,86923.9,86925.9,86830.4,86912.9,6178.0,30.760717391967773,16.198543548583984,11.343777656555176,14.562173843383789,4.854765892028809,19.416939735412598
141,86915.6,87056.8,86915.6,87049.1,8672.0,38.481407165527344,23.733043670654297,19.477489471435547,14.748363494873047,4.25555419921875,19.003917694091797
142,87049.1,87251.5,87049.1,87242.7,7613.0,51.13001251220703,40.311492919921875,44.5485954284668,10.818519592285156,4.237102508544922,6.581417083740234
143,87227.2,87331.2,87227.2,87306.4,14326.0,58.20732879638672,53.03052520751953,71.90911102294922,5.1768035888671875,18.878585815429688,13.7017822265625
144,87306.3,87306.3,87113.3,87159.9,50306.0,71.25984954833984,53.045379638671875,80.61467742919922,18.21446990966797,27.569297790527344,9.354827880859375
145,87164.3,87203.0,87143.6,87181.7,14310.0,82.20632934570312,58.74131393432617,76.99639892578125,23.465015411376953,18.255084991455078,5.209930419921875
146,87183.5,87394.7,87183.5,87356.0,7122.0,76.25604248046875,68.30938720703125,76.36119842529297,7.9466552734375,8.051811218261719,0.10515594482421875
147,87368.6,87397.5,87249.7,87268.0,3750.0,80.35452270507812,68.07176208496094,80.15135955810547,12.282760620117188,12.079597473144531,0.20316314697265625
148,87266.5,87266.5,87183.7,87217.1,3825.0,78.8586654663086,68.190185546875,79.49847412109375,10.668479919433594,11.30828857421875,0.6398086547851562
149,87200.8,87325.8,87200.8,87286.3,5999.0,78.3659896850586,72.21763610839844,75.2483139038086,6.148353576660156,3.0306777954101562,3.11767578125
150,87278.5,87324.1,87270.8,87315.4,3828.0,79.99090576171875,75.31014251708984,78.0343246459961,4.680763244628906,2.72418212890625,1.9565811157226562
151,87315.5,87327.8,87211.1,87211.1,2126.0,65.95195007324219,71.55305480957031,77.68164825439453,5.601104736328125,6.128593444824219,11.729698181152344
152,87207.4,87207.4,87079.5,87094.4,6031.0,47.462459564208984,64.47190856933594,66.40216064453125,17.009449005126953,1.9302520751953125,18.939701080322266
153,87111.9,87161.5,87092.5,87128.8,4104.0,33.68560028076172,62.88104248046875,55.434017181396484,29.19544219970703,7.447025299072266,21.748416900634766
154,87116.6,87131.4,87081.3,87081.3,2055.0,30.124065399169922,53.91227340698242,44.51818084716797,23.7882080078125,9.394092559814453,14.394115447998047
155,87080.0,87080.0,86926.0,86933.7,4617.0,25.293121337890625,39.47568893432617,29.545259475708008,14.182567596435547,9.930429458618164,4.252138137817383
156,86946.5,87017.3,86910.8,87017.3,4854.0,21.685134887695312,38.42329406738281,19.29984474182129,16.7381591796875,19.123449325561523,2.3852901458740234
157,87023.3,87069.6,86971.3,87004.0,3525.0,18.87388038635254,32.34962463378906,14.221854209899902,13.475744247436523,18.12777042388916,4.652026176452637
158,87004.9,87153.3,87004.9,87103.2,7838.0,12.446226119995117,36.768497467041016,26.854795455932617,24.3222713470459,9.913702011108398,14.4085693359375
159,87098.0,87153.9,87067.0,87098.1,2920.0,11.20353889465332,35.86750030517578,32.388946533203125,24.66396141052246,3.4785537719726562,21.185407638549805
160,87101.9,87141.3,87089.1,87089.1,6354.0,9.93243408203125,36.42373275756836,38.217384338378906,26.49129867553711,1.7936515808105469,28.284950256347656
161,87088.1,87152.0,87075.8,87148.2,2718.0,5.024513244628906,43.07439422607422,44.017181396484375,38.04988098144531,0.9427871704101562,38.99266815185547
162,87148.2,87220.1,87142.5,87220.1,3075.0,12.47431468963623,51.223976135253906,55.91364669799805,38.749661445617676,4.689670562744141,43.439332008361816
163,87226.1,87260.8,87217.8,87243.1,2324.0,31.770740509033203,57.99592208862305,70.2650375366211,26.225181579589844,12.269115447998047,38.49429702758789
164,87250.2,87250.2,87197.9,87236.4,2364.0,47.74937438964844,62.43394088745117,77.31502532958984,14.684566497802734,14.881084442138672,29.565650939941406
165,87239.3,87340.2,87231.4,87340.1,3636.0,58.81147003173828,73.46874237060547,85.91587829589844,14.657272338867188,12.447135925292969,27.104408264160156
166,87331.3,87331.3,87163.4,87212.3,16197.0,67.3482666015625,68.70530700683594,82.75716400146484,1.3570404052734375,14.051856994628906,15.408897399902344
167,87209.9,87275.8,87209.9,87275.7,6730.0,72.82499694824219,75.7177734375,85.05628204345703,2.8927764892578125,9.338508605957031,12.231285095214844
168,87266.9,87281.3,87238.0,87241.9,3204.0,78.26004791259766,73.84330749511719,77.43310546875,4.416740417480469,3.5897979736328125,0.8269424438476562
169,87240.0,87266.2,87151.5,87151.5,3662.0,83.15696716308594,68.53865051269531,72.71365356445312,14.618316650390625,4.1750030517578125,10.443313598632812
170,87144.2,87230.2,87144.2,87230.2,2223.0,89.09309387207031,70.85469818115234,67.78128051757812,18.23839569091797,3.0734176635742188,21.311813354492188
171,87221.2,87257.5,87178.1,87211.1,3237.0,94.44499206542969,66.96353149414062,62.57807922363281,27.481460571289062,4.3854522705078125,31.866912841796875
172,87215.6,87223.3,87083.0,87083.0,6893.0,92.51220703125,47.891563415527344,45.845272064208984,44.620643615722656,2.0462913513183594,46.666934967041016
173,87081.0,87085.5,86996.2,87006.1,7449.0,90.32451629638672,39.24418258666992,23.41037940979004,51.0803337097168,15.833803176879883,66.91413688659668
174,87003.5,87043.2,87003.5,87043.1,6087.0,87.56993103027344,33.58967208862305,7.455722808837891,53.98025894165039,26.133949279785156,80.11420822143555
175,87048.4,87072.2,87023.0,87055.9,3957.0,91.522705078125,30.0623836517334,11.288002967834473,61.4603214263916,18.774380683898926,80.23470211029053
176,87062.6,87110.1,87036.0,87042.7,3693.0,95.18379211425781,25.72316551208496,14.834665298461914,69.46062660217285,10.888500213623047,80.3491268157959
177,87048.3,87113.2,87048.3,87113.2,3309.0,93.84417724609375,29.93239402770996,21.627452850341797,63.91178321838379,8.304941177368164,72.21672439575195
178,87113.2,87170.8,87084.3,87104.6,2723.0,95.00555419921875,29.055578231811523,26.34674835205078,65.94997596740723,2.708829879760742,68.65880584716797
179,87104.6,87104.6,87035.5,87052.0,4439.0,94.63323211669922,25.21303367614746,27.391307830810547,69.42019844055176,2.178274154663086,67.24192428588867
180,87046.0,87068.7,87030.2,87033.0,1778.0,87.42062377929688,22.3918514251709,20.356412887573242,65.02877235412598,2.0354385375976562,67.06421089172363
181,87034.8,87046.3,87000.5,87004.0,2719.0,85.39373016357422,16.779911041259766,10.764303207397461,68.61381912231445,6.015607833862305,74.62942695617676
182,87001.9,87003.2,86893.3,86893.3,8052.0,77.88082885742188,13.05725383758545,5.21392822265625,64.82357501983643,7.843325614929199,72.66690063476562
183,86893.3,86991.3,86885.6,86970.4,5381.0,57.0615234375,17.546083450317383,8.51197624206543,39.51543998718262,9.034107208251953,48.54954719543457
184,86976.8,86988.5,86935.2,86935.2,6084.0,53.90676498413086,14.646910667419434,12.046159744262695,39.259854316711426,2.6007509231567383,41.860605239868164
185,86935.1,86936.0,86728.6,86737.0,15394.0,37.92300033569336,11.296897888183594,12.612059593200684,26.626102447509766,1.3151617050170898,25.310940742492676
186,86737.0,86809.0,86600.0,86688.9,33820.0,64.33029174804688,13.839418411254883,10.203179359436035,50.49087333679199,3.6362390518188477,54.12711238861084
187,86691.1,86839.5,86691.1,86833.1,5536.0,66.66384887695312,21.991413116455078,19.370019912719727,44.67243576049805,2.6213932037353516,47.2938289642334
188,86830.6,86913.0,86830.6,86846.2,7789.0,77.49819946289062,26.321353912353516,33.18186569213867,51.17684555053711,6.860511779785156,44.31633377075195
189,86839.2,86842.7,86651.1,86659.8,12443.0,63.71332550048828,19.596267700195312,31.482393264770508,44.11705780029297,11.886125564575195,32.23093223571777
190,86672.6,86716.7,86653.2,86716.7,4318.0,83.59059143066406,22.121089935302734,24.68497085571289,61.46950149536133,2.5638809204101562,58.90562057495117
191,86721.4,86721.4,86618.2,86643.8,3803.0,75.85755920410156,16.46343231201172,12.864872932434082,59.394126892089844,3.5985593795776367,62.99268627166748
192,86646.7,86660.6,86403.9,86496.2,24834.0,69.045654296875,17.252559661865234,13.763912200927734,51.793094635009766,3.4886474609375,55.281742095947266
193,86500.8,86584.7,86418.7,86453.0,17044.0,65.10595703125,13.700617790222168,9.410650253295898,51.40533924102783,4.2899675369262695,55.6953067779541
194,86455.9,86497.4,86401.9,86444.9,7346.0,57.9193229675293,12.542022705078125,9.077301979064941,45.37730026245117,3.4647207260131836,48.842020988464355
195,86440.1,86555.3,86408.2,86526.5,4643.0,47.183685302734375,15.654837608337402,11.59354019165039,31.528847694396973,4.061297416687012,35.590145111083984
196,86526.5,86618.0,86492.5,86541.7,8116.0,41.08808517456055,17.305585861206055,17.038217544555664,23.782499313354492,0.2673683166503906,24.049867630004883
197,86535.9,86535.9,86402.0,86402.1,4754.0,32.389034271240234,10.998351097106934,14.82546329498291,21.3906831741333,3.8271121978759766,17.563570976257324
198,86410.8,86438.8,86176.2,86180.7,17726.0,27.90523910522461,9.63206672668457,8.115594863891602,18.27317237854004,1.5164718627929688,19.789644241333008
199,86180.7,86411.4,86180.7,86403.0,18165.0,20.584888458251953,17.13729476928711,10.469451904296875,3.4475936889648438,6.667842864990234,10.115436553955078
200,86403.7,86516.5,86308.2,86516.5,9042.0,14.77532958984375,24.318449020385742,25.85323715209961,9.543119430541992,1.5347881317138672,11.07790756225586
201,86520.8,86776.4,86520.8,86756.3,28362.0,16.64058494567871,40.062530517578125,51.89976501464844,23.421945571899414,11.837234497070312,35.25918006896973
202,86747.8,86747.8,86580.5,86610.5,10924.0,8.748498916625977,43.180599212646484,63.35954666137695,34.43210029602051,20.17894744873047,54.61104774475098
203,86610.4,86780.8,86590.9,86748.0,15765.0,7.783971309661865,59.2728385925293,79.48934936523438,51.48886728286743,20.216510772705078,71.70537805557251
204,86748.0,86786.9,86667.8,86706.6,4021.0,3.7600817680358887,63.10166931152344,82.1959228515625,59.34158754348755,19.094253540039062,78.43584108352661
205,86703.3,86798.4,86669.7,86731.1,5333.0,6.612155914306641,70.51949310302734,90.2036361694336,63.9073371887207,19.68414306640625,83.59148025512695
206,86722.3,86722.3,86635.2,86676.4,11247.0,6.957398891448975,71.33772277832031,85.47584533691406,64.38032388687134,14.13812255859375,78.51844644546509
207,86694.1,86698.7,86556.8,86579.7,4820.0,11.322235107421875,68.90274047851562,78.142333984375,57.58050537109375,9.239593505859375,66.82009887695312
208,86571.2,86596.5,86552.1,86578.7,3897.0,15.74138069152832,68.31025695800781,69.97777557373047,52.56887626647949,1.6675186157226562,54.23639488220215
209,86574.5,86660.9,86495.6,86495.6,9383.0,22.811477661132812,62.84904098510742,60.29180908203125,40.03756332397461,2.557231903076172,37.48033142089844
210,86495.8,86508.7,86253.3,86398.1,9546.0,25.14497947692871,55.607696533203125,50.5627326965332,30.462717056274414,5.044963836669922,25.417753219604492
211,86398.1,86542.0,86398.1,86528.6,8732.0,48.617156982421875,58.36488342285156,47.878604888916016,9.747726440429688,10.486278533935547,0.7385520935058594
212,86531.9,86568.2,86352.6,86352.8,9250.0,53.22422409057617,47.277732849121094,40.054107666015625,5.946491241455078,7.223625183105469,13.170116424560547
213,86377.2,86444.9,86317.1,86433.1,8618.0,65.27738952636719,46.209388732910156,39.16135787963867,19.06800079345703,7.048030853271484,26.116031646728516
214,86428.1,86534.8,86383.7,86524.9,4693.0,85.74971008300781,47.77099609375,36.89067459106445,37.97871398925781,10.880321502685547,48.85903549194336
215,86525.0,86670.4,86509.6,86589.1,7676.0,85.53094482421875,51.861480712890625,48.13848876953125,33.669464111328125,3.722991943359375,37.3924560546875
216,86578.0,86640.7,86530.3,86562.6,5424.0,88.82357788085938,52.125022888183594,56.057498931884766,36.69855499267578,3.932476043701172,32.76607894897461
217,86559.3,86609.8,86391.6,86395.6,13155.0,97.2408447265625,43.36419677734375,48.150909423828125,53.87664794921875,4.786712646484375,49.089935302734375
218,86404.0,86468.1,86379.2,86466.4,3063.0,94.59988403320312,44.861045837402344,40.64752960205078,49.73883819580078,4.2135162353515625,53.952354431152344
219,86466.4,86488.8,86301.9,86347.8,9455.0,96.12413787841797,36.12483215332031,28.449752807617188,59.999305725097656,7.675079345703125,67.67438507080078
220,86357.6,86492.7,86353.3,86484.3,4486.0,96.32273864746094,44.28287887573242,37.03531265258789,52.039859771728516,7.247566223144531,59.28742599487305
221,86475.5,86483.5,86409.6,86432.5,7786.0,93.75362396240234,41.123870849609375,38.32530975341797,52.62975311279297,2.7985610961914062,55.428314208984375
222,86432.5,86488.2,86357.0,86447.1,5794.0,95.6268539428711,43.957130432128906,47.09709930419922,51.66972351074219,3.1399688720703125,48.529754638671875
223,86438.5,86438.5,86282.0,86331.4,7853.0,94.0603256225586,34.60194396972656,36.05112075805664,59.45838165283203,1.4491767883300781,58.00920486450195
224,86328.9,86352.0,85852.6,85882.9,137327.0,93.65615844726562,27.421255111694336,22.964717864990234,66.23490333557129,4.456537246704102,70.69144058227539
225,85887.1,86099.9,85852.2,86006.9,21941.0,92.74410247802734,26.97669792175293,13.77880573272705,65.76740455627441,13.197892189025879,78.9652967453003
226,86007.0,86190.6,86007.0,86186.3,11137.0,88.73827362060547,31.743656158447266,21.1481990814209,56.9946174621582,10.595457077026367,67.59007453918457
227,86187.5,86250.8,86051.9,86138.2,10003.0,82.22966766357422,31.225112915039062,31.564960479736328,51.004554748535156,0.3398475646972656,50.66470718383789
228,86153.7,86259.6,86135.6,86209.9,8193.0,55.056236267089844,35.56211853027344,39.8351936340332,19.494117736816406,4.273075103759766,15.22104263305664
229,86209.9,86234.3,86131.4,86162.9,4426.0,41.752540588378906,35.39685821533203,39.358638763427734,6.355682373046875,3.961780548095703,2.393901824951172
230,86167.4,86250.8,86140.2,86152.9,9285.0,29.07806396484375,36.883270263671875,40.937255859375,7.805206298828125,4.053985595703125,11.85919189453125
231,86169.3,86169.3,85990.9,86043.0,9036.0,18.3353214263916,34.02295684814453,36.29430389404297,15.68763542175293,2.2713470458984375,17.958982467651367
232,86033.5,86036.6,85656.5,85703.8,56064.0,13.540288925170898,25.520793914794922,25.045242309570312,11.980504989624023,0.4755516052246094,11.504953384399414
233,85703.9,85852.2,85703.9,85767.8,27207.0,16.01014518737793,24.284513473510742,16.251558303833008,8.274368286132812,8.032955169677734,0.24141311645507812
234,85762.0,85850.4,85727.8,85815.1,7963.0,24.913803100585938,22.958267211914062,12.678476333618164,1.955535888671875,10.279790878295898,12.235326766967773
235,85832.0,85832.0,85600.1,85702.0,20876.0,30.65090560913086,19.572174072265625,14.61767292022705,11.078731536865234,4.954501152038574,16.03323268890381
236,85701.9,85803.3,85600.1,85627.9,31337.0,32.509944915771484,15.281972885131836,11.286233901977539,17.22797203063965,3.995738983154297,21.223711013793945
237,85624.6,85683.4,85558.8,85574.3,29383.0,39.52136993408203,12.269416809082031,5.581104278564453,27.251953125,6.688312530517578,33.94026565551758
238,85574.0,85631.1,85473.9,85502.9,21038.0,45.53617477416992,10.414117813110352,2.9868457317352295,35.12205696105957,7.427272081375122,42.54932904243469
239,85529.6,85593.1,85345.5,85439.8,37207.0,49.19010543823242,10.999777793884277,5.320287227630615,38.190327644348145,5.679490566253662,43.86981821060181
240,85439.7,85659.3,85427.1,85647.1,10836.0,54.446266174316406,18.136070251464844,15.667025566101074,36.31019592285156,2.4690446853637695,38.77924060821533
241,85625.5,85680.6,85510.3,85680.6,6731.0,60.062068939208984,21.931655883789062,26.656410217285156,38.13041305541992,4.724754333496094,33.40565872192383
242,85680.5,85680.9,85575.1,85613.4,6608.0,64.84695434570312,23.220020294189453,33.0819206237793,41.62693405151367,9.861900329589844,31.765033721923828
243,85626.1,85699.9,85549.1,85575.0,10137.0,70.63565063476562,23.500823974609375,30.534082412719727,47.13482666015625,7.033258438110352,40.1015682220459
244,85598.0,85715.5,85572.4,85672.9,7328.0,77.8387451171875,28.821151733398438,31.56191635131836,49.01759338378906,2.740764617919922,46.27682876586914
245,85673.0,85999.4,85673.0,85932.5,15574.0,82.03778076171875,45.752952575683594,50.010093688964844,36.284828186035156,4.25714111328125,32.027687072753906
246,85934.9,86054.4,85926.3,85992.9,11959.0,80.16021728515625,55.299556732177734,72.00135040283203,24.860660552978516,16.701793670654297,8.158866882324219
247,86000.8,86040.4,85902.2,85936.9,8689.0,80.35326385498047,61.49250411987305,86.56214141845703,18.860759735107422,25.069637298583984,6.2088775634765625
248,85937.8,86035.6,85926.0,86014.1,10299.0,69.6146011352539,70.36920928955078,89.6883773803711,0.754608154296875,19.319168090820312,20.073776245117188
249,86025.2,86025.2,85833.7,85839.4,5731.0,54.59332275390625,67.17765808105469,82.4706039428711,12.584335327148438,15.292945861816406,27.877281188964844
250,85839.5,85941.5,85839.4,85930.4,4302.0,40.95336151123047,73.35164642333984,82.16496276855469,32.398284912109375,8.813316345214844,41.21160125732422
251,85921.9,85930.2,85830.6,85879.7,6486.0,30.732925415039062,71.9620361328125,75.84537506103516,41.22911071777344,3.8833389282226562,45.112449645996094
252,85896.6,85930.0,85835.3,85912.9,4643.0,23.409252166748047,75.11772155761719,79.30143737792969,51.70846939086914,4.1837158203125,55.89218521118164
253,85912.0,85912.0,85813.0,85827.0,2945.0,14.610967636108398,70.27641296386719,73.04856872558594,55.66544532775879,2.77215576171875,58.43760108947754
254,85829.2,85829.2,85720.1,85774.1,4394.0,20.037561416625977,64.6261978149414,64.09112548828125,44.58863639831543,0.5350723266601562,44.05356407165527
255,85783.3,85943.9,85783.3,85942.9,5970.0,9.835630416870117,70.94546508789062,63.38922882080078,61.10983467102051,7.556236267089844,53.553598403930664
256,85925.4,85974.4,85701.9,85718.3,10857.0,10.39875602722168,56.35200119018555,53.30085372924805,45.95324516296387,3.0511474609375,42.90209770202637
257,85718.3,85718.7,85533.6,85565.1,10773.0,1.5435279607772827,44.448631286621094,39.15550994873047,42.90510332584381,5.293121337890625,37.611981987953186
258,85565.1,85646.5,85544.6,85624.6,4371.0,2.0354270935058594,39.42462158203125,19.001995086669922,37.38919448852539,20.422626495361328,16.966567993164062
259,85624.7,85642.1,85466.0,85526.5,10898.0,9.637861251831055,31.385135650634766,11.267931938171387,21.74727439880371,20.11720371246338,1.630070686340332
260,85510.1,85640.6,85480.2,85621.2,6778.0,18.340099334716797,32.60995864868164,18.258495330810547,14.269859313964844,14.351463317871094,0.08160400390625
261,85621.2,85773.2,85621.2,85727.2,7407.0,37.00434494018555,36.61741638183594,27.719810485839844,0.3869285583496094,8.897605895996094,9.284534454345703
262,85729.2,85785.5,85703.8,85785.5,9769.0,53.812034606933594,42.120750427246094,43.33738327026367,11.6912841796875,1.2166328430175781,10.474651336669922
263,85785.6,85804.4,85650.4,85658.2,8415.0,74.51573181152344,38.84792709350586,46.93254852294922,35.66780471801758,8.08462142944336,27.58318328857422
264,85657.3,85657.3,85495.8,85533.1,4775.0,76.09044647216797,31.38909912109375,36.04636764526367,44.70134735107422,4.657268524169922,40.0440788269043
265,85534.1,85579.5,85432.9,85462.1,9237.0,82.07804870605469,25.210012435913086,18.7990779876709,56.8680362701416,6.4109344482421875,63.27897071838379
266,85469.8,85567.3,85445.9,85535.4,10767.0,83.06964111328125,25.176006317138672,12.506841659545898,57.89363479614258,12.669164657592773,70.56279945373535
267,85533.0,85579.6,85487.1,85487.2,2838.0,87.17222595214844,20.13819694519043,11.45015811920166,67.03402900695801,8.68803882598877,75.72206783294678
268,85481.1,85625.0,85474.8,85612.1,6635.0,94.03387451171875,26.13601303100586,20.683767318725586,67.89786148071289,5.452245712280273,73.35010719299316
269,85604.5,85711.2,85604.5,85687.9,6297.0,94.22265625,31.121875762939453,30.071271896362305,63.10078048706055,1.0506038665771484,64.1513843536377
270,85687.5,85792.8,85609.7,85792.8,6186.0,97.79094696044922,51.378334045410156,59.020782470703125,46.41261291503906,7.642448425292969,38.770164489746094
271,85800.0,85853.5,85674.6,85701.6,7363.0,98.31101989746094,48.79521179199219,69.28465270996094,49.51580810546875,20.48944091796875,29.0263671875
272,85704.4,85796.4,85675.8,85759.0,4660.0,99.43002319335938,59.2352409362793,79.43157196044922,40.19478225708008,20.196331024169922,19.998451232910156
273,85759.1,85772.3,85654.9,85654.9,4528.0,96.91650390625,53.604000091552734,64.7330551147461,43.312503814697266,11.12905502319336,32.183448791503906
274,85663.4,85663.4,85579.3,85613.0,4202.0,101.13509368896484,51.88641357421875,57.711238861083984,49.248680114746094,5.824825286865234,43.42385482788086
275,85617.9,85650.0,85577.4,85630.5,2748.0,94.53424072265625,50.823707580566406,47.52741241455078,43.710533142089844,3.296295166015625,47.00682830810547
276,85642.8,85944.7,85642.2,85944.6,6701.0,99.17979431152344,67.56343078613281,63.260284423828125,31.616363525390625,4.3031463623046875,35.91950988769531
277,85933.7,85994.8,85778.8,85800.3,9326.0,96.48663330078125,61.2574462890625,70.78202056884766,35.22918701171875,9.524574279785156,25.704612731933594
278,85794.2,85898.8,85778.1,85867.2,8023.0,91.02130126953125,68.70442199707031,80.88591766357422,22.316879272460938,12.181495666503906,10.135383605957031
279,85855.5,85914.1,85800.5,85871.9,6588.0,90.88664245605469,69.19062042236328,73.42919158935547,21.696022033691406,4.2385711669921875,17.45745086669922
280,85866.2,86031.3,85852.7,85988.0,11707.0,82.00668334960938,76.70494079589844,82.37405395507812,5.3017425537109375,5.6691131591796875,0.36737060546875
281,85988.0,86090.0,85977.8,86068.3,5521.0,69.49658203125,80.78926086425781,88.76732635498047,11.292678833007812,7.978065490722656,19.27074432373047
282,86062.7,86078.8,86009.1,86047.9,4429.0,50.9287109375,83.09363555908203,93.49288940429688,32.16492462158203,10.399253845214844,42.564178466796875
283,86058.4,86129.3,86037.8,86071.8,4974.0,41.005367279052734,84.48810577392578,92.61343383789062,43.48273849487305,8.125328063964844,51.60806655883789
284,86067.5,86108.6,86045.0,86058.0,3915.0,33.08971405029297,84.88775634765625,89.48320770263672,51.79804229736328,4.595451354980469,56.39349365234375
285,86058.0,86125.1,86053.1,86063.0,4532.0,25.744544982910156,85.78778076171875,88.21681213378906,60.043235778808594,2.4290313720703125,62.472267150878906
286,86062.2,86062.2,85998.7,85998.7,2655.0,16.095918655395508,82.33763122558594,83.8021240234375,66.24171257019043,1.4644927978515625,67.70620536804199
287,85999.1,86071.6,85999.0,86045.6,4464.0,11.615962982177734,84.32014465332031,83.05328369140625,72.70418167114258,1.2668609619140625,71.43732070922852
288,86053.5,86057.0,85921.6,85951.1,5981.0,40.62622833251953,78.12335968017578,76.29489135742188,37.49713134765625,1.8284683227539062,35.668663024902344
289,85957.7,85994.0,85936.4,85974.5,3532.0,46.64122772216797,76.887939453125,73.5892105102539,30.24671173095703,3.2987289428710938,26.947982788085938
290,85967.0,85997.2,85936.1,85997.2,6763.0,57.8022575378418,72.46623229980469,66.1066665649414,14.66397476196289,6.359565734863281,8.30440902709961
291,85997.2,86001.5,85941.1,85958.6,3057.0,64.45567321777344,66.91669464111328,60.66786575317383,2.4610214233398438,6.248828887939453,3.7878074645996094
292,85971.0,86022.3,85971.0,85995.9,4989.0,67.27066802978516,66.27041625976562,57.73719787597656,1.0002517700195312,8.533218383789062,9.533470153808594
293,85983.3,85996.5,85935.9,85962.2,5489.0,69.64852905273438,57.591949462890625,50.13765335083008,12.05657958984375,7.454296112060547,19.510875701904297
294,85966.3,85986.7,85891.4,85922.4,8574.0,71.20454406738281,45.63104248046875,37.34927749633789,25.573501586914062,8.28176498413086,33.85526657104492
295,85918.2,85984.1,85918.2,85975.6,6319.0,68.87862396240234,46.20585250854492,29.338027954101562,22.672771453857422,16.86782455444336,39.54059600830078
296,85962.7,85986.5,85945.6,85961.5,4096.0,70.09834289550781,40.43463897705078,25.9641170501709,29.66370391845703,14.470521926879883,44.134225845336914
297,85962.6,86028.1,85961.3,86020.9,4533.0,69.41664123535156,47.35089111328125,40.09125518798828,22.065750122070312,7.259635925292969,29.32538604736328
298,86019.2,86020.8,85968.5,85968.5,2496.0,66.96891784667969,40.25892639160156,39.29014587402344,26.709991455078125,0.968780517578125,27.67877197265625
299,85964.2,85964.2,85817.3,85832.3,3535.0,66.31173706054688,31.169418334960938,31.43395233154297,35.14231872558594,0.26453399658203125,34.877784729003906
300,85817.3,85865.2,85798.6,85861.3,10066.0,66.49250793457031,31.464553833007812,20.618331909179688,35.0279541015625,10.846221923828125,45.874176025390625
301,85863.3,85863.3,85794.8,85802.0,9386.0,52.4282341003418,21.79370880126953,10.536969184875488,30.634525299072266,11.256739616394043,41.89126491546631
302,85800.1,85864.7,85765.8,85810.0,5590.0,51.65182113647461,23.37002944946289,14.188097953796387,28.28179168701172,9.181931495666504,37.46372318267822
303,85810.1,85859.5,85810.1,85828.0,3362.0,57.264984130859375,22.959272384643555,14.437684059143066,34.30571174621582,8.521588325500488,42.82730007171631
304,85822.3,85860.8,85822.1,85831.6,5387.0,51.87324523925781,23.805477142333984,21.88433837890625,28.067768096923828,1.9211387634277344,29.988906860351562
305,85822.8,85888.9,85697.6,85697.6,6473.0,65.22610473632812,15.588249206542969,16.26706314086914,49.637855529785156,0.6788139343261719,48.959041595458984
306,85695.3,85766.4,85656.3,85766.1,10213.0,58.68177032470703,22.975540161132812,18.2066707611084,35.70623016357422,4.768869400024414,40.47509956359863
307,85766.5,85852.0,85671.8,85693.6,3404.0,81.87248229980469,16.199066162109375,13.18876838684082,65.67341613769531,3.0102977752685547,68.68371391296387
308,85702.2,85723.8,85620.9,85622.9,5585.0,77.62757873535156,13.221921920776367,13.352486610412598,64.4056568145752,0.13056468963623047,64.27509212493896
309,85644.7,85647.0,85622.9,85623.0,3111.0,81.03163146972656,9.979028701782227,3.680220603942871,71.05260276794434,6.2988080978393555,77.35141086578369
310,85631.0,85665.0,85631.0,85636.9,4084.0,84.39251708984375,9.043397903442383,1.6454983949661255,75.34911918640137,7.397899508476257,82.74701869487762
311,85636.1,85707.5,85636.1,85703.2,4418.0,78.69976806640625,13.201274871826172,8.342246055603027,65.49849319458008,4.8590288162231445,70.35752201080322
312,85707.8,85771.7,85707.8,85711.1,2704.0,78.28439331054688,16.173206329345703,16.928529739379883,62.11118698120117,0.7553234100341797,61.35586357116699
313,85711.1,85769.9,85687.0,85752.4,4256.0,79.83715057373047,26.147216796875,31.974502563476562,53.68993377685547,5.8272857666015625,47.862648010253906
314,85748.2,85823.4,85698.3,85698.3,4213.0,67.66937255859375,23.73348045349121,34.74070739746094,43.93589210510254,11.007226943969727,32.92866516113281
315,85698.2,85706.7,85631.2,85631.2,4632.0,38.87671661376953,17.90857696533203,27.264070510864258,20.9681396484375,9.355493545532227,11.612646102905273
316,85632.3,85754.7,85625.5,85739.9,3221.0,51.59446334838867,28.681682586669922,25.70934295654297,22.91278076171875,2.972339630126953,25.885120391845703
317,85747.2,85816.0,85691.2,85715.2,4803.0,38.778324127197266,27.2595272064209,27.812110900878906,11.518796920776367,0.5525836944580078,10.96621322631836
318,85722.2,85737.1,85632.0,85659.7,3118.0,25.810028076171875,23.47352409362793,31.356887817382812,2.3365039825439453,7.883363723754883,5.5468597412109375
319,85661.6,85687.8,85644.3,85668.9,5380.0,28.31249237060547,23.834381103515625,23.47925567626953,4.478111267089844,0.35512542724609375,4.8332366943359375
320,85664.7,85768.7,85664.7,85768.7,3704.0,33.536163330078125,37.08816909790039,33.06867980957031,3.5520057678222656,4.019489288330078,0.4674835205078125
321,85775.8,85825.9,85674.0,85674.0,4334.0,37.772953033447266,28.941917419433594,36.87662887573242,8.831035614013672,7.934711456298828,0.8963241577148438
322,85661.1,85722.1,85629.1,85722.1,3253.0,25.10626983642578,38.29954147338867,46.242774963378906,13.19327163696289,7.943233489990234,21.136505126953125
323,85718.0,85751.9,85661.0,85667.1,3712.0,29.46712303161621,29.333629608154297,31.843719482421875,0.13349342346191406,2.510089874267578,2.376596450805664
324,85667.1,85696.1,85603.6,85696.1,4164.0,17.33376121520996,36.41473388671875,37.07965850830078,19.08097267150879,0.6649246215820312,19.74589729309082
325,85682.4,85804.0,85669.9,85767.0,16307.0,19.510276794433594,46.41765594482422,45.291683197021484,26.907379150390625,1.1259727478027344,25.78140640258789
326,85759.8,85850.0,85747.8,85850.0,3203.0,9.140504837036133,60.94413375854492,71.70520782470703,51.80362892150879,10.76107406616211,62.5647029876709
327,85854.0,85901.0,85835.9,85835.9,3468.0,5.781396389007568,61.823814392089844,83.87141418457031,56.042418003082275,22.04759979248047,78.09001779556274
328,85832.3,85889.4,85832.3,85889.4,4198.0,14.479365348815918,72.95564270019531,91.40287780761719,58.476277351379395,18.447235107421875,76.92351245880127
329,85890.3,85902.1,85825.9,85852.1,3332.0,9.105754852294922,72.67635345458984,85.81940460205078,63.57059860229492,13.143051147460938,76.71364974975586
330,85852.1,85930.9,85852.1,85878.5,3155.0,4.3296661376953125,76.54084777832031,87.77970123291016,72.211181640625,11.238853454589844,83.45003509521484
331,85874.2,85874.2,85692.2,85700.0,4425.0,1.6372613906860352,59.55670166015625,65.56434631347656,57.919440269470215,6.0076446533203125,63.92708492279053
332,85699.9,85699.9,85474.5,85474.5,8504.0,0.023867130279541016,45.36585235595703,37.814483642578125,45.34198522567749,7.551368713378906,37.790616512298584
333,85473.9,85526.3,85420.3,85486.2,9694.0,0.8253333568572998,39.276710510253906,14.120158195495605,38.451377153396606,25.1565523147583,13.294824838638306
334,85501.5,85604.9,85480.8,85572.9,10546.0,-4.464470863342285,38.176395416259766,14.264730453491211,42.64086627960205,23.911664962768555,18.729201316833496
335,85568.5,85583.0,85450.0,85493.9,6985.0,-2.3204896450042725,30.622594833374023,19.069622039794922,32.943084478378296,11.552972793579102,21.390111684799194
336,85489.0,85582.8,85474.2,85555.8,32121.0,-1.8185161352157593,31.77877426147461,23.61287498474121,33.59729039669037,8.165899276733398,25.43139111995697
337,85555.7,85555.7,85450.0,85476.3,4223.0,7.279662609100342,24.456275939941406,17.306486129760742,17.176613330841064,7.149789810180664,10.0268235206604
338,85480.4,85523.9,85469.1,85472.7,7586.0,8.649009704589844,22.166227340698242,15.92280387878418,13.517217636108398,6.2434234619140625,7.273794174194336
339,85469.1,85523.7,85427.6,85442.0,8565.0,4.262898921966553,16.95766830444336,8.49386215209961,12.694769382476807,8.46380615234375,4.230963230133057
340,85442.0,85567.2,85442.0,85514.8,5399.0,8.061766624450684,19.210493087768555,11.007237434387207,11.148726463317871,8.203255653381348,2.9454708099365234
341,85512.3,85561.3,85399.6,85561.3,6553.0,5.372664928436279,22.20074462890625,17.73072052001953,16.82807970046997,4.470024108886719,12.358055591583252
342,85553.0,85729.4,85524.2,85654.8,5704.0,10.099220275878906,29.81458854675293,32.324729919433594,19.715368270874023,2.510141372680664,22.225509643554688
343,85654.9,85931.1,85654.9,85913.5,16924.0,15.184463500976562,49.56788635253906,58.38497543334961,34.3834228515625,8.817089080810547,43.20051193237305
344,85914.5,86012.0,85878.8,85878.8,10279.0,25.695966720581055,52.54380798339844,74.3232650756836,26.847841262817383,21.779457092285156,48.62729835510254
345,85883.0,85996.5,85883.0,85948.5,6728.0,31.231977462768555,63.91421127319336,88.18939971923828,32.682233810424805,24.275188446044922,56.95742225646973
346,85950.9,85979.7,85879.3,85879.3,3159.0,41.72003173828125,64.92953491210938,82.07015991210938,23.209503173828125,17.140625,40.350128173828125
347,85875.2,85875.2,85723.7,85741.6,6791.0,49.256507873535156,61.56324768066406,74.60250854492188,12.306739807128906,13.039260864257812,25.34600067138672
348,85745.6,85828.9,85745.6,85783.2,3525.0,48.605247497558594,63.04399871826172,65.60526275634766,14.438751220703125,2.5612640380859375,17.000015258789062
349,85762.6,85807.2,85753.7,85778.3,2848.0,42.037757873535156,62.1484375,60.107757568359375,20.110679626464844,2.040679931640625,18.06999969482422
350,85768.1,85816.5,85768.1,85816.5,4345.0,42.642333984375,64.42292785644531,64.18453979492188,21.780593872070312,0.2383880615234375,21.542205810546875
351,85816.6,85888.1,85804.1,85871.0,3167.0,38.512779235839844,67.84905242919922,68.96339416503906,29.336273193359375,1.1143417358398438,30.45061492919922
352,85863.5,85912.7,85846.6,85887.0,7238.0,38.30414581298828,70.62014770507812,74.88018798828125,32.316001892089844,4.260040283203125,36.57604217529297
353,85889.3,85957.3,85854.7,85957.3,2948.0,45.83799362182617,76.51219940185547,82.54387664794922,30.674205780029297,6.03167724609375,36.70588302612305
354,85957.2,86040.2,85954.5,86032.3,5187.0,24.566131591796875,81.96605682373047,89.80722045898438,57.399925231933594,7.841163635253906,65.2410888671875
355,86032.3,86077.6,86003.0,86058.2,4787.0,21.48383331298828,84.99098205566406,95.442626953125,63.50714874267578,10.451644897460938,73.95879364013672
356,86056.2,86121.1,86056.1,86056.2,4706.0,38.77008056640625,84.34547424316406,93.77994537353516,45.57539367675781,9.434471130371094,55.009864807128906
357,86067.6,86115.4,86056.1,86056.1,3744.0,37.12855529785156,84.32669830322266,88.73921966552734,47.198143005371094,4.4125213623046875,51.61066436767578
358,86056.0,86056.0,85994.5,86026.6,2311.0,51.7288818359375,81.6308364868164,81.98110961914062,29.901954650878906,0.35027313232421875,30.252227783203125
359,86026.5,86060.7,86012.3,86059.4,3384.0,59.11438751220703,83.4769287109375,81.44573211669922,24.36254119873047,2.0311965942382812,22.331344604492188
360,86052.5,86089.3,86026.7,86087.3,3147.0,65.58824920654297,85.53375244140625,84.0623550415039,19.94550323486328,1.4713973999023438,18.474105834960938
361,86087.2,86164.4,86012.3,86022.5,4912.0,69.36526489257812,78.3760986328125,80.69477844238281,9.010833740234375,2.3186798095703125,11.329513549804688
362,86015.4,86086.4,85968.9,86082.1,4110.0,75.60711669921875,81.29048156738281,79.1908950805664,5.6833648681640625,2.0995864868164062,3.5837783813476562
363,86062.7,86078.7,86027.4,86062.1,2589.0,89.30345153808594,77.95113372802734,73.4219970703125,11.352317810058594,4.529136657714844,15.881454467773438
364,86068.1,86117.8,86020.7,86040.4,3568.0,89.85967254638672,74.94184875488281,73.24410247802734,14.917823791503906,1.6977462768554688,16.615570068359375
365,86040.5,86048.8,85957.1,85980.7,3070.0,90.84521484375,65.03008270263672,60.656002044677734,25.81513214111328,4.374080657958984,30.189212799072266
366,85978.0,86169.3,85967.8,86135.8,4361.0,89.83412170410156,76.44109344482422,65.71084594726562,13.393028259277344,10.730247497558594,24.123275756835938
367,86135.8,86248.1,86031.1,86060.6,6480.0,76.8446044921875,59.20304489135742,55.89551544189453,17.641559600830078,3.3075294494628906,20.94908905029297
368,86056.3,86067.4,86014.9,86014.9,2417.0,77.92700958251953,51.835205078125,48.450252532958984,26.09180450439453,3.3849525451660156,29.476757049560547
369,86010.6,86130.3,86010.6,86121.1,5066.0,73.93929290771484,55.79854965209961,37.452266693115234,18.140743255615234,18.346282958984375,36.48702621459961
370,86116.7,86126.7,86075.7,86095.0,4595.0,69.90794372558594,51.67384338378906,41.202213287353516,18.234100341796875,10.471630096435547,28.705730438232422
371,86092.5,86129.6,86060.8,86069.6,2470.0,71.60087585449219,48.710731506347656,47.468318939208984,22.89014434814453,1.2424125671386719,24.132556915283203
372,86075.4,86081.5,86056.1,86062.0,5649.0,60.19639587402344,45.47738265991211,40.69838333129883,14.719013214111328,4.778999328613281,19.49801254272461
373,86056.0,86119.4,86048.2,86119.4,3238.0,45.70054626464844,49.98674774169922,43.4931640625,4.286201477050781,6.493583679199219,2.2073822021484375
374,86128.0,86220.8,86122.8,86216.6,5249.0,42.061859130859375,61.546470642089844,60.33164978027344,19.48461151123047,1.2148208618164062,18.269790649414062
375,86204.5,86322.9,86183.2,86192.3,9061.0,28.687118530273438,58.60997772216797,69.7480239868164,29.92285919189453,11.138046264648438,41.06090545654297
376,86192.2,86192.2,86142.7,86170.0,2753.0,24.419797897338867,59.45257568359375,70.5577392578125,35.03277778625488,11.10516357421875,46.13794136047363
377,86182.3,86340.0,86182.3,86301.2,7937.0,9.915643692016602,69.31005096435547,70.78852081298828,59.39440727233887,1.4784698486328125,60.87287712097168
378,86305.9,86338.2,86290.0,86290.0,3039.0,14.746543884277344,71.90144348144531,78.33685302734375,57.15489959716797,6.4354095458984375,63.590309143066406
379,86286.2,86309.2,86236.0,86258.9,5341.0,10.551370620727539,73.14064025878906,85.00656127929688,62.58926963806152,11.865921020507812,74.45519065856934
380,86257.3,86338.3,86244.4,86303.6,3256.0,9.411593437194824,77.99737548828125,84.70071411132812,68.58578205108643,6.703338623046875,75.2891206741333
381,86303.6,86309.6,86250.7,86302.4,2599.0,10.640674591064453,79.90760040283203,85.24840545654297,69.26692581176758,5.3408050537109375,74.60773086547852
382,86303.6,86344.9,86277.8,86340.4,4060.0,7.483314514160156,85.51962280273438,92.06289672851562,78.03630828857422,6.54327392578125,84.57958221435547
383,86338.3,86344.8,86258.4,86286.1,3108.0,8.18703842163086,81.86998748779297,89.14047241210938,73.68294906616211,7.270484924316406,80.95343399047852
384,86286.4,86309.7,86252.1,86309.7,2156.0,8.72153377532959,85.17572021484375,88.99139404296875,76.45418643951416,3.815673828125,80.26986026763916
385,86314.0,86344.9,86299.6,86344.9,3074.0,3.1610629558563232,89.01524353027344,89.44010162353516,85.85418057441711,0.42485809326171875,86.27903866767883
386,86344.8,86344.8,86286.7,86324.9,5096.0,5.062019348144531,89.15001678466797,93.79888153076172,84.08799743652344,4.64886474609375,88.73686218261719
387,86334.8,86338.0,86254.7,86263.5,5631.0,2.128288984298706,80.50535583496094,85.53662872314453,78.37706685066223,5.031272888183594,83.40833973884583
388,86267.7,86292.5,86240.0,86256.2,2701.0,5.52691650390625,75.26307678222656,70.9145736694336,69.73616027832031,4.348503112792969,65.38765716552734
389,86254.1,86254.1,86193.9,86207.5,2405.0,8.214963912963867,62.605037689208984,50.510440826416016,54.39007377624512,12.094596862792969,42.29547691345215
390,86207.6,86266.1,86207.6,86266.1,6706.0,-11.389948844909668,63.136009216308594,46.5734748840332,74.52595806121826,16.56253433227539,57.96342372894287
391,86267.1,86301.8,86220.0,86237.4,3000.0,-1.556126594543457,51.516334533691406,37.464839935302734,53.07246112823486,14.051494598388672,39.02096652984619
392,86238.3,86307.1,86219.1,86219.1,4243.0,3.196841239929199,43.78105163574219,32.346221923828125,40.58421039581299,11.434829711914062,29.149380683898926
393,86217.2,86256.4,86160.5,86238.5,3859.0,1.0607627630233765,45.86570358276367,29.266155242919922,44.804940819740295,16.59954833984375,28.205392479896545
394,86242.7,86250.0,86205.0,86214.2,3779.0,4.992645263671875,39.590057373046875,29.37131118774414,34.597412109375,10.218746185302734,24.378665924072266
395,86205.6,86205.6,86062.1,86062.1,8078.0,1.2518986463546753,28.48525619506836,23.807708740234375,27.233357548713684,4.677547454833984,22.5558100938797
396,86062.1,86067.8,86017.3,86036.8,5860.0,0.5629900693893433,24.675888061523438,11.691923141479492,24.112897992134094,12.983964920043945,11.128933072090149
397,86033.7,86033.7,85869.9,85932.9,9270.0,5.945919036865234,22.141433715820312,6.40516996383667,16.195514678955078,15.736263751983643,0.45925092697143555
398,85932.5,85949.1,85905.2,85905.2,2510.0,15.669997215270996,18.083295822143555,8.882692337036133,2.4132986068725586,9.200603485107422,6.787304878234863
399,85902.4,85918.0,85846.1,85853.2,5250.0,19.3437442779541,13.882919311523438,7.373250484466553,5.460824966430664,6.509668827056885,11.970493793487549
400,85864.9,85889.3,85829.6,85867.5,2686.0,23.70565414428711,13.140231132507324,5.437023162841797,10.565423011779785,7.703207969665527,18.268630981445312
401,85855.7,85940.4,85855.7,85928.9,6484.0,22.373273849487305,15.939436912536621,9.891220092773438,6.433836936950684,6.048216819763184,12.482053756713867
402,85926.0,85937.7,85894.7,85927.0,2066.0,25.04653549194336,16.492416381835938,16.215736389160156,8.554119110107422,0.27667999267578125,8.830799102783203
403,85928.6,86085.2,85894.1,86085.2,17823.0,17.984525680541992,28.653661727905273,31.57395362854004,10.669136047363281,2.9202919006347656,13.589427947998047
404,86085.1,86225.3,86025.6,86058.2,69246.0,11.072218894958496,31.00691795349121,40.60045623779297,19.934699058532715,9.593538284301758,29.528237342834473
405,86058.2,86058.2,85965.0,85970.3,4219.0,11.294357299804688,29.70852279663086,43.622928619384766,18.414165496826172,13.914405822753906,32.32857131958008
406,85969.8,86053.8,85968.7,86053.8,2784.0,11.800298690795898,37.74839782714844,43.28980255126953,25.94809913635254,5.541404724121094,31.489503860473633
407,86054.0,86116.5,86018.3,86113.2,1520.0,11.923083305358887,44.97236633300781,49.81830596923828,33.049283027648926,4.845939636230469,37.895222663879395
408,86112.1,86142.0,86038.7,86071.7,3330.0,15.974650382995605,47.96820068359375,60.39125442504883,31.993550300598145,12.423053741455078,44.41660404205322
409,86071.6,86087.8,86033.8,86065.8,3745.0,11.536657333374023,50.87725830078125,62.77840805053711,39.34060096740723,11.90114974975586,51.241750717163086
410,86070.7,86154.0,86070.7,86154.0,2658.0,12.136919021606445,60.275779724121094,67.61897277832031,48.13886070251465,7.343193054199219,55.48205375671387
411,86158.8,86187.3,86136.3,86136.3,1825.0,8.473825454711914,62.886993408203125,73.06034088134766,54.41316795349121,10.173347473144531,64.58651542663574
412,86136.1,86157.2,86093.9,86127.3,2414.0,6.991889476776123,66.132080078125,78.24109649658203,59.14019060134888,12.109016418457031,71.24920701980591
413,86123.1,86146.9,86092.1,86096.5,2241.0,2.9767680168151855,65.48986053466797,73.39730072021484,62.51309251785278,7.907440185546875,70.42053270339966
414,86107.5,86107.5,86049.8,86084.9,3268.0,0.7550028562545776,64.54490661621094,68.23224639892578,63.78990375995636,3.6873397827148438,67.4772435426712
415,86070.8,86144.4,86070.8,86139.5,1926.0,1.333833932876587,68.04318237304688,67.85267639160156,66.70934844017029,0.1905059814453125,66.51884245872498
416,86139.4,86208.2,86112.7,86112.7,2857.0,0.24340221285820007,66.19730377197266,67.37045288085938,65.95390155911446,1.1731491088867188,67.12705066800117
417,86129.9,86198.7,86124.3,86198.7,2111.0,3.9828076362609863,74.67459869384766,76.62730407714844,70.69179105758667,1.9527053833007812,72.64449644088745
418,86200.0,86219.3,86138.3,86138.3,2441.0,-2.2805233001708984,69.67312622070312,74.64485931396484,71.95364952087402,4.971733093261719,76.92538261413574
419,86135.0,86216.6,86133.7,86188.1,3033.0,0.056361835449934006,77.29972839355469,81.82740020751953,77.24336655810475,4.527671813964844,81.7710383720696
420,86192.4,86234.1,86161.2,86211.7,3270.0,-4.2285308837890625,78.86460876464844,81.7732925415039,83.0931396484375,2.9086837768554688,86.00182342529297
421,86211.6,86254.0,86118.7,86118.7,3784.0,0.08621682226657867,64.90750122070312,71.91018676757812,64.82128439843655,7.002685546875,71.82396994531155
422,86120.6,86120.6,85981.3,86023.5,3653.0,3.513030767440796,53.0826530456543,47.88499069213867,49.5696222782135,5.197662353515625,44.371959924697876
423,86038.5,86096.8,86002.0,86002.0,4179.0,0.398780882358551,41.86065673828125,20.54193878173828,41.4618758559227,21.31871795654297,20.14315789937973
424,85999.1,86081.7,85999.1,86061.1,2863.0,0.64420485496521,41.40254211425781,17.443992614746094,40.7583372592926,23.95854949951172,16.799787759780884
425,86060.1,86084.1,86005.2,86012.3,3312.0,1.7567224502563477,31.543624877929688,16.074600219726562,29.78690242767334,15.469024658203125,14.317877769470215
426,86012.4,86124.6,85990.8,86002.0,5335.0,15.193462371826172,26.845996856689453,16.074600219726562,11.652534484863281,10.77139663696289,0.8811378479003906
427,85997.7,86007.1,85951.4,85959.4,2851.0,31.611433029174805,20.34445571899414,7.201077461242676,11.266977310180664,13.143378257751465,24.41035556793213
428,85959.3,85959.3,85800.9,85849.9,5078.0,35.5424919128418,19.334936141967773,7.016636848449707,16.207555770874023,12.318299293518066,28.52585506439209
429,85857.6,85951.9,85857.6,85947.3,1962.0,43.716453552246094,23.996562957763672,15.256128311157227,19.719890594482422,8.740434646606445,28.460325241088867
430,85956.3,86015.1,85938.5,85938.6,5221.0,55.2315788269043,24.574241638183594,24.505290985107422,30.657337188720703,0.06895065307617188,30.726287841796875
431,85932.1,85932.1,85836.9,85881.4,6432.0,62.97802734375,22.112415313720703,26.822650909423828,40.8656120300293,4.710235595703125,36.15537643432617
432,85891.7,86089.3,85891.7,85985.1,7549.0,73.56531524658203,29.113494873046875,29.603830337524414,44.451820373535156,0.49033546447753906,43.96148490905762
433,85991.3,86020.3,85972.0,85972.0,3266.0,92.64341735839844,29.662734985351562,32.06085205078125,62.980682373046875,2.3981170654296875,60.58256530761719
434,85966.9,85993.7,85933.9,85973.8,3496.0,82.97454833984375,32.311702728271484,38.858333587646484,50.662845611572266,6.546630859375,44.116214752197266
435,85961.0,85970.4,85883.3,85888.5,3662.0,85.85111999511719,29.678916931152344,34.32782745361328,56.172203063964844,4.6489105224609375,51.523292541503906
436,85888.0,85888.0,85852.1,85869.9,2574.0,89.56368255615234,27.768814086914062,28.845670700073242,61.79486846923828,1.0768566131591797,60.7180118560791
437,85861.3,85874.5,85800.0,85845.3,2784.0,85.47078704833984,23.80078125,20.777584075927734,61.670005798339844,3.0231971740722656,64.69320297241211
438,85850.4,85866.5,85758.0,85774.0,10196.0,87.16166687011719,18.644668579101562,13.211615562438965,68.51699829101562,5.433053016662598,73.95005130767822
439,85770.5,85770.5,85695.5,85742.7,8930.0,67.84626007080078,17.8153018951416,9.773158073425293,50.03095817565918,8.042143821716309,58.07310199737549
440,85742.6,85742.6,85650.0,85692.3,5327.0,53.61432647705078,15.362761497497559,8.331059455871582,38.25156497955322,7.031702041625977,45.2832670211792
441,85692.3,85763.5,85692.3,85763.5,3544.0,37.70651626586914,19.67160415649414,15.488503456115723,18.034912109375,4.183100700378418,22.218012809753418
442,85763.4,85831.0,85748.6,85819.0,4699.0,29.26447296142578,24.501644134521484,24.645206451416016,4.762828826904297,0.14356231689453125,4.619266510009766
443,85823.3,85843.9,85761.2,85765.4,4608.0,23.76558494567871,23.480712890625,30.192068099975586,0.28487205505371094,6.711355209350586,6.426483154296875
444,85765.3,85780.9,85723.6,85729.4,3187.0,19.194297790527344,22.018779754638672,27.604480743408203,2.824481964111328,5.585700988769531,8.41018295288086
445,85727.3,85764.0,85685.6,85692.1,5761.0,14.342460632324219,18.361114501953125,17.975576400756836,4.018653869628906,0.38553810119628906,3.633115768432617
446,85691.1,85804.9,85654.5,85783.9,3678.0,15.10964584350586,25.51321792602539,21.27252960205078,10.403572082519531,4.240688323974609,6.162883758544922
447,85784.8,85822.1,85700.1,85700.1,5072.0,9.66971206665039,19.483774185180664,20.10686492919922,9.814062118530273,0.6230907440185547,10.437152862548828
448,85700.0,85700.0,85650.0,85657.6,3991.0,7.7733154296875,15.78984260559082,17.703092575073242,8.01652717590332,1.9132499694824219,9.929777145385742
449,85657.6,85657.6,85601.1,85619.1,7419.0,4.006264686584473,13.849205017089844,7.741173267364502,9.842940330505371,6.108031749725342,3.7349085807800293
450,85619.6,85649.6,85600.0,85600.0,3742.0,13.198152542114258,9.879682540893555,2.8821771144866943,3.318470001220703,6.99750542640686,10.315975427627563
451,85600.0,85667.6,85600.0,85655.6,2979.0,37.62024688720703,14.864171981811523,9.04587459564209,22.756074905395508,5.818297386169434,28.57437229156494
452,85641.1,85641.1,85606.0,85606.0,3229.0,48.734710693359375,9.067964553833008,7.774555206298828,39.66674613952637,1.2934093475341797,40.96015548706055
453,85600.0,85710.8,85588.3,85681.6,8372.0,60.68452072143555,20.145366668701172,19.942541122436523,40.539154052734375,0.20282554626464844,40.74197959899902
454,85677.5,85732.0,85669.1,85717.2,3388.0,70.99283599853516,26.54861068725586,29.798831939697266,44.4442253112793,3.2502212524414062,41.19400405883789
455,85713.0,85839.8,85713.0,85747.9,13622.0,74.54551696777344,36.37850570678711,49.792667388916016,38.16701126098633,13.414161682128906,24.752849578857422
456,85755.1,85777.9,85710.1,85727.9,4033.0,81.6666488647461,39.18132781982422,55.83030319213867,42.485321044921875,16.648975372314453,25.836345672607422
457,85714.0,85727.9,85639.6,85686.6,4296.0,86.5172119140625,38.215728759765625,52.048587799072266,48.301483154296875,13.83285903930664,34.468624114990234
458,85687.3,85687.3,85548.0,85615.8,5345.0,91.00152587890625,33.54377746582031,38.979496002197266,57.45774841308594,5.435718536376953,52.022029876708984
459,85613.0,85663.5,85533.1,85663.5,7573.0,95.1996078491211,38.092254638671875,34.946292877197266,57.10735321044922,3.1459617614746094,60.25331497192383
460,85666.8,85782.0,85618.0,85618.0,8897.0,91.99632263183594,33.10590744018555,31.144405364990234,58.89041519165039,1.9615020751953125,60.8519172668457
461,85621.1,85630.4,85570.6,85627.3,3147.0,89.36221313476562,33.97038650512695,33.63731384277344,55.39182662963867,0.3330726623535156,55.72489929199219
462,85635.8,85697.5,85627.4,85655.6,3532.0,86.05058288574219,35.6727409362793,32.778865814208984,50.37784194946289,2.8938751220703125,53.2717170715332
463,85652.8,85659.1,85604.3,85659.1,4554.0,89.18303680419922,36.908748626708984,37.246009826660156,52.274288177490234,0.3372611999511719,51.93702697753906
464,85669.4,85729.7,85650.1,85672.0,3026.0,92.399658203125,39.290077209472656,42.104591369628906,53.109580993652344,2.81451416015625,50.295066833496094
465,85663.3,85706.7,85610.2,85610.2,5217.0,95.25614929199219,33.7794303894043,37.170440673828125,61.47671890258789,3.391010284423828,58.08570861816406
466,85608.2,85635.8,85570.2,85622.3,3904.0,93.49205017089844,34.050743103027344,33.17030334472656,59.441307067871094,0.8804397583007812,60.321746826171875
467,85629.1,85700.6,85614.6,85677.6,4544.0,90.94126892089844,38.31511688232422,33.77911376953125,52.62615203857422,4.536003112792969,57.16215515136719
468,85677.6,85714.4,85666.9,85705.9,2819.0,82.29371643066406,42.9024658203125,44.179805755615234,39.39125061035156,1.2773399353027344,38.11391067504883
469,85705.9,85723.0,85666.1,85666.3,2148.0,81.84895324707031,44.91050338745117,52.323543548583984,36.93844985961914,7.4130401611328125,29.525409698486328
470,85666.2,85703.8,85638.3,85682.5,3588.0,71.49666595458984,49.2789421081543,56.62643814086914,22.217723846435547,7.347496032714844,14.870227813720703
471,85680.5,85730.5,85654.1,85696.0,4799.0,55.158958435058594,53.212398529052734,59.661842346191406,1.9465599060058594,6.449443817138672,4.5028839111328125
472,85689.5,85709.4,85627.8,85627.8,5447.0,52.025962829589844,46.845703125,54.50579071044922,5.180259704589844,7.660087585449219,2.479827880859375
473,85625.0,85655.8,85555.5,85559.8,4459.0,36.53705978393555,33.98506164550781,35.13019943237305,2.5519981384277344,1.1451377868652344,1.4068603515625
474,85564.9,85657.3,85564.9,85618.3,5351.0,58.895721435546875,38.90489959716797,25.275588989257812,19.990821838378906,13.629310607910156,33.62013244628906
475,85617.3,85669.2,85602.1,85648.0,2294.0,64.9275131225586,41.91570281982422,30.21271514892578,23.011810302734375,11.702987670898438,34.71479797363281
476,85647.9,85647.9,85543.9,85583.7,4378.0,69.74748229980469,34.050662994384766,36.690818786621094,35.69681930541992,2.640155792236328,33.056663513183594
477,85586.0,85586.0,85548.5,85573.6,3724.0,65.57512664794922,30.628103256225586,30.03548812866211,34.94702339172363,0.5926151275634766,35.53963851928711
478,85573.0,85629.0,85552.6,85624.7,6905.0,77.41351318359375,35.99403381347656,26.85088348388672,41.41947937011719,9.143150329589844,50.56262969970703
479,85624.7,85624.7,85566.8,85578.8,4323.0,76.105712890625,28.44141960144043,25.97446060180664,47.66429328918457,2.466958999633789,50.13125228881836
480,85576.0,85636.0,85562.7,85631.7,6170.0,68.37477111816406,37.16336441040039,36.35335922241211,31.211406707763672,0.8100051879882812,32.02141189575195
481,85615.4,85650.7,85588.0,85604.5,5528.0,65.48129272460938,32.693748474121094,32.74440002441406,32.78754425048828,0.05065155029296875,32.73689270019531
482,85604.4,85608.2,85542.0,85590.6,11641.0,57.89562225341797,31.880146026611328,35.104801177978516,26.01547622680664,3.2246551513671875,22.790821075439453
483,85590.6,85656.1,85501.2,85629.1,8618.0,49.450599670410156,40.11747741699219,38.01276779174805,9.333122253417969,2.1047096252441406,11.43783187866211
484,85619.6,85666.1,85604.8,85666.1,11701.0,44.86957931518555,47.97081756591797,51.15889358520508,3.101238250732422,3.1880760192871094,6.289314270019531
485,85680.0,85762.5,85631.2,85631.2,19912.0,35.254695892333984,45.946712493896484,59.148399353027344,10.6920166015625,13.20168685913086,23.89370346069336
486,85630.2,85630.2,85558.1,85577.5,8144.0,30.023101806640625,41.03894805908203,50.28865432739258,11.015846252441406,9.249706268310547,20.265552520751953
487,85599.6,85620.5,85485.0,85518.3,4472.0,21.756092071533203,32.994842529296875,30.316673278808594,11.238750457763672,2.6781692504882812,8.56058120727539
488,85520.4,85536.4,85455.1,85462.1,3761.0,17.59198570251465,25.436988830566406,14.491785049438477,7.845003128051758,10.94520378112793,3.100200653076172
489,85469.1,85527.2,85457.5,85527.2,5913.0,17.842056274414062,27.295745849609375,12.577153205871582,9.453689575195312,14.718592643737793,5.2649030685424805
490,85516.7,85541.7,85474.8,85499.5,4240.0,9.596769332885742,22.392009735107422,13.39195728302002,12.79524040222168,9.000052452087402,3.7951879501342773
491,85499.5,85512.8,85477.6,85496.9,3884.0,8.629297256469727,21.09490966796875,17.16522216796875,12.465612411499023,3.9296875,8.535924911499023
492,85496.9,85516.1,85487.7,85516.1,2319.0,4.182690620422363,21.11029052734375,15.961402893066406,16.927599906921387,5.148887634277344,11.778712272644043
493,85512.7,85536.2,85505.6,85509.6,2976.0,9.747162818908691,19.97821044921875,17.056785583496094,10.231047630310059,2.9214248657226562,7.309622764587402
494,85514.9,85535.1,85438.1,85513.3,7962.0,8.712950706481934,21.422809600830078,20.251102447509766,12.709858894348145,1.1717071533203125,11.538151741027832
495,85521.4,85528.7,85482.0,85504.2,7172.0,9.474425315856934,20.592559814453125,20.428672790527344,11.118134498596191,0.16388702392578125,10.95424747467041
496,85504.1,85504.1,85387.9,85458.0,18297.0,12.58395767211914,20.24300193786621,20.756738662719727,7.65904426574707,0.5137367248535156,8.172780990600586
497,85447.9,85491.8,85408.0,85417.6,5314.0,20.85158920288086,16.254940032958984,15.67318344116211,4.596649169921875,0.581756591796875,5.17840576171875
498,85429.0,85483.7,85403.2,85461.9,2438.0,23.219074249267578,18.750755310058594,15.465738296508789,4.468318939208984,3.2850170135498047,7.753335952758789
499,85461.9,85513.3,85409.2,85414.0,2979.0,47.107635498046875,15.259300231933594,12.818595886230469,31.84833526611328,2.440704345703125,34.289039611816406
500,85408.2,85408.2,85161.3,85164.3,39030.0,50.928955078125,11.55445384979248,10.393278121948242,39.37450122833252,1.1611757278442383,40.53567695617676
501,85160.1,85331.3,85155.4,85173.1,30477.0,69.98068237304688,10.465479850769043,5.336065769195557,59.51520252227783,5.129414081573486,64.64461660385132
502,85168.9,85258.7,85168.9,85220.2,7878.0,84.10018157958984,12.93182373046875,7.3371758460998535,71.1683578491211,5.5946478843688965,76.76300573348999
503,85235.2,85317.8,85183.1,85287.0,7815.0,85.7302474975586,19.154695510864258,18.475000381469727,66.57555198669434,0.6796951293945312,67.25524711608887
504,85289.0,85333.4,85262.8,85309.2,6174.0,91.56355285644531,24.15863609313965,30.410568237304688,67.40491676330566,6.251932144165039,61.152984619140625
505,85313.5,85363.1,85289.8,85333.1,5400.0,95.69725036621094,29.99283218383789,40.373775482177734,65.70441818237305,10.380943298339844,55.3234748840332
506,85333.0,85333.0,85271.7,85271.7,2489.0,94.6307373046875,28.231098175048828,39.19879150390625,66.39963912963867,10.967693328857422,55.43194580078125
507,85271.8,85323.1,85250.0,85312.8,4338.0,97.81832885742188,33.22565460205078,39.55333709716797,64.5926742553711,6.3276824951171875,58.264991760253906
508,85314.8,85351.5,85282.4,85288.7,2753.0,97.6100082397461,32.388702392578125,35.90140151977539,65.22130584716797,3.5126991271972656,61.7086067199707
509,85294.6,85294.6,85197.3,85197.3,11465.0,94.62022399902344,25.773717880249023,29.623058319091797,68.84650611877441,3.8493404388427734,64.99716567993164
510,85208.0,85302.4,85180.7,85225.4,21586.0,97.32830047607422,25.907012939453125,22.324922561645508,71.4212875366211,3.582090377807617,75.00337791442871
511,85233.8,85245.6,85111.1,85164.5,18436.0,94.74853515625,21.65249252319336,14.847386360168457,73.09604263305664,6.805106163024902,79.90114879608154
512,85156.0,85156.0,84600.0,84823.2,231593.0,93.8623275756836,23.99959373474121,19.09154510498047,69.86273384094238,4.908048629760742,74.77078247070312
513,84823.2,84845.1,83173.2,83177.4,590196.0,93.07365417480469,15.279932975769043,12.634575843811035,77.79372119903564,2.645357131958008,80.43907833099365
514,83177.4,83627.0,81277.3,83373.4,754291.0,88.28892517089844,30.19386100769043,25.309677124023438,58.09506416320801,4.884183883666992,62.979248046875
515,83371.8,83867.6,83225.0,83770.1,179103.0,78.83863830566406,35.49504852294922,37.500370025634766,43.343589782714844,2.005321502685547,41.3382682800293
516,83761.6,83783.0,83156.9,83492.3,111964.0,51.473060607910156,39.967002868652344,55.50849533081055,11.506057739257812,15.541492462158203,4.035434722900391
517,83492.3,84050.5,83441.5,83955.1,58244.0,39.61423110961914,47.00042724609375,60.25422286987305,7.386196136474609,13.253795623779297,20.639991760253906
518,83955.3,84024.7,83683.2,83978.0,66531.0,28.677021026611328,51.02236557006836,61.95032501220703,22.34534454345703,10.927959442138672,33.2733039855957
519,83986.2,84147.0,83954.7,84055.5,37277.0,18.62244415283203,55.404296875,66.60966491699219,36.78185272216797,11.205368041992188,47.987220764160156
520,84058.4,84486.0,83945.4,84261.5,47252.0,15.943016052246094,59.8909912109375,69.1786880493164,43.947975158691406,9.287696838378906,53.23567199707031
521,84261.4,84480.4,84261.4,84371.1,38379.0,22.1366024017334,63.7439079284668,72.45761108398438,41.6073055267334,8.713703155517578,50.32100868225098
522,84371.2,84436.2,84079.0,84251.8,25485.0,27.654020309448242,65.84455871582031,74.3604965209961,38.19053840637207,8.515937805175781,46.70647621154785
523,84251.8,84439.8,84130.6,84414.2,33484.0,34.36123275756836,69.17402648925781,75.92292785644531,34.81279373168945,6.7489013671875,41.56169509887695
524,84413.2,84460.5,84326.4,84340.9,25856.0,36.32627868652344,70.74011993408203,76.3447036743164,34.413841247558594,5.604583740234375,40.01842498779297
525,84340.9,84366.2,84005.9,84104.9,21710.0,51.04509735107422,70.93828582763672,76.01202392578125,19.8931884765625,5.073738098144531,24.96692657470703
526,84104.8,84108.3,83916.0,83972.3,26099.0,53.34764862060547,72.40502166748047,75.2130355834961,19.057373046875,2.808013916015625,21.865386962890625
527,83972.3,84125.8,83823.2,84004.7,42567.0,55.640830993652344,76.1145248413086,77.81253814697266,20.47369384765625,1.6980133056640625,22.171707153320312
528,84000.4,84076.4,83764.7,83946.5,24317.0,62.771270751953125,69.30941009521484,73.31519317626953,6.538139343261719,4.0057830810546875,10.543922424316406
529,83948.4,83962.7,83800.6,83923.2,12939.0,64.2567367553711,67.6932601928711,67.35492706298828,3.4365234375,0.3383331298828125,3.0981903076171875
530,83923.3,84363.1,83896.8,84276.2,35765.0,67.03718566894531,72.30560302734375,65.6595458984375,5.2684173583984375,6.64605712890625,1.3776397705078125
531,84271.9,84271.9,84119.9,84125.6,8578.0,70.67182922363281,65.03533935546875,64.2257080078125,5.6364898681640625,0.80963134765625,6.4461212158203125
532,84125.6,84214.1,84125.6,84201.1,7444.0,77.17790222167969,65.94762420654297,65.17440032958984,11.230278015136719,0.773223876953125,12.003501892089844
533,84206.6,84230.6,83950.7,84025.7,13118.0,80.92686462402344,55.72259521484375,50.59796142578125,25.204269409179688,5.1246337890625,30.328903198242188
534,84025.6,84046.8,83888.0,83892.8,13711.0,78.56961059570312,46.522674560546875,38.194847106933594,32.04693603515625,8.327827453613281,40.37476348876953
535,83892.9,83942.0,83773.1,83924.9,18049.0,79.15055084228516,41.756187438964844,25.70197105407715,37.39436340332031,16.054216384887695,53.44857978820801
536,83930.0,84106.7,83911.3,84093.5,17280.0,67.03385162353516,45.17786407470703,29.391937255859375,21.855987548828125,15.785926818847656,37.64191436767578
537,84093.5,84106.8,83890.5,83890.5,12428.0,52.02665328979492,35.00453186035156,29.452516555786133,17.02212142944336,5.55201530456543,22.57413673400879
538,83890.5,84011.9,83836.9,84000.0,12719.0,36.51908874511719,39.76691436767578,34.817535400390625,3.2478256225585938,4.949378967285156,1.7015533447265625
539,83999.9,84104.6,83965.8,84031.3,23635.0,29.578044891357422,39.77422332763672,33.91636657714844,10.196178436279297,5.857856750488281,4.338321685791016
540,84027.0,84062.7,83935.3,83956.4,10085.0,25.570804595947266,37.19195556640625,38.56809616088867,11.621150970458984,1.3761405944824219,12.997291564941406
541,83954.4,84113.1,83954.4,84077.6,8905.0,13.21558952331543,43.085166931152344,42.95841598510742,29.869577407836914,0.12675094604492188,29.742826461791992
542,84071.4,84106.1,83906.4,83943.9,8605.0,17.921470642089844,36.40858459472656,37.75755310058594,18.48711395263672,1.348968505859375,19.836082458496094
543,83943.9,83977.6,83786.0,83829.0,14854.0,9.37967586517334,29.656021118164062,30.237415313720703,20.276345252990723,0.5813941955566406,20.857739448547363
544,83828.9,83834.2,83682.8,83769.5,25721.0,8.36086368560791,26.927488327026367,17.71359634399414,18.566624641418457,9.213891983032227,9.35273265838623
545,83753.6,84164.5,83737.6,84164.5,19937.0,-0.564689040184021,48.17229461669922,37.375179290771484,48.73698365688324,10.797115325927734,37.939868330955505
546,84166.5,84403.6,84152.8,84233.0,27365.0,5.2606329917907715,50.477195739746094,59.661006927490234,45.21656274795532,9.18381118774414,54.40037393569946
547,84222.5,84290.3,84123.7,84247.0,19768.0,16.416595458984375,58.974517822265625,80.84640502929688,42.55792236328125,21.87188720703125,64.4298095703125
548,84248.0,84306.9,84207.2,84235.9,8087.0,25.203296661376953,62.06187057495117,77.11325073242188,36.85857391357422,15.051380157470703,51.90995407104492
549,84229.8,84299.8,84133.2,84277.6,6664.0,44.1215934753418,67.85197448730469,79.17583465576172,23.73038101196289,11.323860168457031,35.05424118041992
550,84276.6,84300.0,84145.9,84204.3,6741.0,54.73977279663086,67.42118835449219,77.20104217529297,12.681415557861328,9.779853820800781,22.46126937866211
551,84197.3,84496.8,84197.3,84421.5,10103.0,68.3603515625,75.34098052978516,81.87300109863281,6.980628967285156,6.532020568847656,13.512649536132812
552,84412.1,84619.0,84398.1,84521.6,14509.0,70.75035858154297,77.45286560058594,84.23197174072266,6.702507019042969,6.779106140136719,13.481613159179688
553,84521.1,84690.3,84521.1,84637.8,8961.0,74.77217864990234,82.52764129638672,91.71176147460938,7.755462646484375,9.184120178222656,16.93958282470703
554,84628.4,84635.7,84452.7,84481.3,14046.0,78.2387924194336,79.74536895751953,87.88037109375,1.5065765380859375,8.135002136230469,9.641578674316406
555,84493.9,84667.9,84477.9,84667.9,7251.0,80.89216613769531,86.68328094482422,90.60716247558594,5.791114807128906,3.9238815307617188,9.714996337890625
556,84675.9,84698.7,84520.8,84541.7,10289.0,89.99627685546875,83.65815734863281,87.19274139404297,6.3381195068359375,3.5345840454101562,2.8035354614257812
557,84550.2,84617.9,84520.8,84568.8,10589.0,90.52299499511719,85.85140228271484,89.84513854980469,4.671592712402344,3.9937362670898438,0.6778564453125
558,84573.0,84583.0,84431.4,84437.8,19801.0,94.12274169921875,80.78765869140625,81.53733825683594,13.3350830078125,0.7496795654296875,12.585403442382812
559,84437.8,84500.3,84329.1,84345.4,20059.0,93.0033187866211,68.39825439453125,66.2072982788086,24.605064392089844,2.1909561157226562,26.7960205078125
560,84345.5,84547.8,84322.4,84523.8,12934.0,96.21617126464844,72.92247772216797,60.33021545410156,23.29369354248047,12.592262268066406,35.885955810546875
561,84512.0,84575.5,84351.8,84454.9,17389.0,96.55337524414062,66.06920623779297,55.00803756713867,30.484169006347656,11.061168670654297,41.54533767700195
562,84463.3,84559.9,84418.1,84488.0,6071.0,97.258544921875,67.24403381347656,63.06959533691406,30.014511108398438,4.1744384765625,34.18894958496094
563,84483.7,84575.3,84410.1,84568.3,16707.0,91.4127197265625,69.90776824951172,65.34577941894531,21.50495147705078,4.561988830566406,26.066940307617188
564,84566.0,84633.5,84500.0,84500.1,6184.0,96.693115234375,65.8476333618164,66.51384735107422,30.845481872558594,0.6662139892578125,30.17926788330078
565,84505.0,84508.1,84367.5,84380.3,5297.0,92.62705993652344,50.38048553466797,50.729068756103516,42.24657440185547,0.3485832214355469,41.89799118041992
566,84380.2,84382.3,84259.6,84263.9,13940.0,87.647216796875,39.06889343261719,25.585233688354492,48.57832336425781,13.483659744262695,62.06198310852051
567,84267.2,84388.4,84245.3,84335.2,13017.0,85.51548767089844,36.426151275634766,12.06456184387207,49.08933639526367,24.361589431762695,73.45092582702637
568,84333.1,84359.2,84254.9,84281.2,5456.0,75.03853607177734,27.80475616455078,9.575617790222168,47.23377990722656,18.229138374328613,65.46291828155518
569,84299.1,84302.4,84183.8,84222.4,6337.0,60.50914764404297,23.90924072265625,11.748369216918945,36.59990692138672,12.160871505737305,48.76077842712402
570,84218.2,84288.9,84185.7,84259.6,17105.0,43.94768524169922,22.856868743896484,10.757547378540039,21.090816497802734,12.099321365356445,33.19013786315918
571,84256.1,84401.5,84256.1,84368.0,3991.0,35.02057647705078,29.242385864257812,21.7714900970459,5.778190612792969,7.470895767211914,13.249086380004883
572,84356.6,84422.5,84348.0,84416.0,3753.0,27.117063522338867,34.5780029296875,36.48413848876953,7.460939407348633,1.9061355590820312,9.367074966430664
573,84412.6,84423.2,84229.5,84233.8,7003.0,20.321502685546875,24.979612350463867,34.57141876220703,4.658109664916992,9.591806411743164,14.249916076660156
574,84241.4,84258.3,84025.8,84087.2,20531.0,14.756340026855469,23.220754623413086,24.28594970703125,8.464414596557617,1.065195083618164,9.529609680175781
575,84092.5,84117.3,83974.2,84081.9,12807.0,8.716265678405762,21.511747360229492,12.519322395324707,12.79548168182373,8.992424964904785,3.8030567169189453
576,84074.3,84074.3,83921.5,83966.6,11815.0,38.34784698486328,17.02233123779297,10.92466926574707,21.325515747070312,6.097661972045898,27.42317771911621
577,83961.5,84018.2,83932.4,83996.5,7262.0,44.246238708496094,16.35593032836914,11.067689895629883,27.890308380126953,5.288240432739258,33.17854881286621
578,83990.5,84098.4,83954.6,84026.7,16272.0,55.235992431640625,17.104202270507812,11.600846290588379,38.13179016113281,5.503355979919434,43.635146141052246
579,84031.0,84091.9,83981.0,83997.6,4046.0,61.257652282714844,16.209592819213867,14.545564651489258,45.04805946350098,1.6640281677246094,46.712087631225586
580,83996.6,83996.6,83856.6,83871.3,10885.0,64.75868225097656,11.969127655029297,11.898858070373535,52.789554595947266,0.07026958465576172,52.85982418060303
581,83862.0,83979.0,83819.5,83926.6,18306.0,67.15943908691406,15.306495666503906,11.834333419799805,51.852943420410156,3.4721622467041016,55.32510566711426
582,83926.6,83954.9,83751.1,83780.1,10925.0,68.840576171875,10.530149459838867,8.21639347076416,58.31042671203613,2.313755989074707,60.62418270111084
583,83780.9,83881.9,83754.6,83777.5,17305.0,66.41490173339844,9.921463966369629,8.661111831665039,56.49343776702881,1.2603521347045898,57.7537899017334
584,83779.5,83873.5,83750.0,83805.9,31807.0,68.26351165771484,9.584989547729492,5.515307903289795,58.67852210998535,4.069681644439697,62.74820375442505
585,83796.8,83874.7,83724.6,83741.9,29439.0,67.10197448730469,7.327460765838623,4.902342319488525,59.774513721466064,2.4251184463500977,62.19963216781616
586,83742.0,83828.0,83732.8,83768.1,8394.0,65.16897583007812,7.7130584716796875,5.6686692237854,57.45591735839844,2.044389247894287,59.500306606292725
587,83770.4,83983.2,83770.4,83963.1,9143.0,63.25310516357422,19.90964698791504,17.79702377319336,43.34345817565918,2.1126232147216797,45.45608139038086
588,83963.1,83990.8,83844.3,83872.8,6328.0,64.57490539550781,21.78689956665039,29.551044464111328,42.78800582885742,7.7641448974609375,35.023860931396484
589,83864.7,83890.0,83728.7,83728.7,8651.0,50.6683349609375,14.264605522155762,27.84122657775879,36.40372943878174,13.576621055603027,22.82710838317871
590,83724.6,83753.9,83626.6,83653.1,15237.0,51.83836364746094,13.889442443847656,14.817360877990723,37.94892120361328,0.9279184341430664,37.021002769470215
591,83675.5,83764.3,83633.8,83699.0,17326.0,58.10769271850586,14.49976921081543,7.353116512298584,43.60792350769043,7.146652698516846,50.754576206207275
592,83691.8,83697.5,83576.0,83692.0,14180.0,51.63951873779297,16.958087921142578,14.482375144958496,34.68143081665039,2.475712776184082,37.15714359283447
593,83700.4,83828.0,83700.4,83768.1,20744.0,64.07341766357422,25.710302352905273,27.834449768066406,38.363115310668945,2.124147415161133,36.23896789550781
594,83774.0,83820.8,83635.4,83701.0,9920.0,59.3319206237793,24.267873764038086,32.764442443847656,35.06404685974121,8.49656867980957,26.56747817993164
595,83695.9,83786.6,83679.7,83783.8,10010.0,81.73379516601562,33.35807800292969,41.96811294555664,48.37571716308594,8.610034942626953,39.765682220458984
596,83788.0,83862.9,83781.0,83817.1,13303.0,77.8522720336914,38.58372497558594,46.118831634521484,39.26854705810547,7.535106658935547,31.733440399169922
597,83817.2,83858.6,83785.7,83799.7,6080.0,83.69957733154297,41.95752716064453,54.05067825317383,41.74205017089844,12.093151092529297,29.64889907836914
598,83799.7,83824.4,83707.4,83715.0,7485.0,85.34771728515625,38.0172119140625,48.522117614746094,47.33050537109375,10.504905700683594,36.825599670410156
599,83715.0,83733.2,83636.1,83636.1,6127.0,81.73430633544922,31.48804473876953,33.976844787597656,50.24626159667969,2.488800048828125,47.75746154785156
600,83636.1,83795.2,83636.1,83779.9,4312.0,77.11459350585938,39.55382537841797,32.38533020019531,37.560768127441406,7.168495178222656,44.72926330566406
601,83786.9,83894.1,83751.7,83868.9,21353.0,81.55509948730469,47.21812438964844,44.75270462036133,34.33697509765625,2.4654197692871094,36.80239486694336
602,83864.7,83915.9,83809.1,83887.5,8606.0,70.4280014038086,59.472320556640625,70.47124481201172,10.955680847167969,10.998924255371094,0.043243408203125
603,83887.4,83939.8,83877.6,83920.3,3860.0,50.643211364746094,67.110107421875,85.63246154785156,16.466896057128906,18.522354125976562,34.98925018310547
604,83924.6,83989.8,83863.2,83921.5,6033.0,60.5963134765625,70.02583312988281,89.92665100097656,9.429519653320312,19.90081787109375,29.330337524414062
605,83922.5,83976.3,83825.6,83833.7,6568.0,53.34979248046875,66.47120666503906,80.13754272460938,13.121414184570312,13.666336059570312,26.787750244140625
606,83833.7,83873.5,83730.9,83853.3,9538.0,45.92988204956055,65.99369812011719,69.0855941772461,20.06381607055664,3.0918960571289062,23.155712127685547
607,83863.5,83867.6,83690.1,83711.3,9399.0,35.897518157958984,51.29368209838867,48.392616271972656,15.396163940429688,2.9010658264160156,12.495098114013672
608,83705.2,83764.7,83688.8,83724.5,6364.0,47.84800338745117,47.426734924316406,35.96432876586914,0.4212684631347656,11.462406158447266,11.883674621582031
609,83722.3,83730.0,83650.2,83656.4,5595.0,50.17347717285156,34.81964874267578,17.382490158081055,15.353828430175781,17.437158584594727,32.79098701477051
610,83652.4,83737.5,83580.0,83737.5,9843.0,34.75243377685547,40.226688385009766,23.05500602722168,5.474254608154297,17.171682357788086,11.697427749633789
611,83749.4,83902.4,83749.4,83829.3,23824.0,37.73930358886719,45.29352951049805,35.00215148925781,7.554225921630859,10.291378021240234,2.737152099609375
612,83840.7,83880.9,83738.1,83790.5,7625.0,23.62661361694336,45.62904357910156,50.211612701416016,22.002429962158203,4.582569122314453,26.584999084472656
613,83782.5,83786.6,83653.4,83706.2,9009.0,27.29755210876465,40.573028564453125,47.665889739990234,13.275476455688477,7.092861175537109,20.368337631225586
614,83693.7,83716.8,83686.1,83706.8,4030.0,17.485157012939453,39.047821044921875,37.70160675048828,21.562664031982422,1.3462142944335938,20.216449737548828
615,83703.1,83773.7,83700.3,83723.0,4499.0,5.625200271606445,38.17206573486328,32.21107864379883,32.546865463256836,5.960987091064453,26.585878372192383
616,83728.8,83766.6,83605.2,83614.7,5211.0,15.485682487487793,28.562755584716797,24.768367767333984,13.077073097229004,3.7943878173828125,9.282685279846191
617,83619.8,83712.5,83605.4,83707.3,5081.0,13.22083854675293,32.59941101074219,24.809038162231445,19.378572463989258,7.790372848510742,11.588199615478516
618,83707.2,83715.0,83605.6,83625.1,5532.0,8.190467834472656,24.18097496032715,16.970844268798828,15.990507125854492,7.21013069152832,8.780376434326172
619,83632.5,83681.5,83608.1,83633.7,2527.0,8.16997241973877,24.4792537689209,19.700511932373047,16.30928134918213,4.778741836547852,11.530539512634277
620,83641.5,83675.1,83404.8,83509.7,28966.0,2.6026198863983154,23.247535705566406,16.373502731323242,20.64491581916809,6.874032974243164,13.770882844924927
621,83511.7,83610.5,83364.6,83364.7,13554.0,6.068307399749756,15.9152250289917,12.586214065551758,9.846917629241943,3.3290109634399414,6.517906665802002
622,83363.6,83493.4,83313.0,83425.7,7002.0,3.928654670715332,19.42816162109375,13.407661437988281,15.499506950378418,6.020500183105469,9.47900676727295
623,83425.8,83497.8,83352.9,83358.4,21014.0,1.5846891403198242,14.348630905151367,8.94770336151123,12.763941764831543,5.400927543640137,7.363014221191406
624,83361.2,83398.6,83304.6,83324.3,14907.0,1.6190049648284912,12.357147216796875,10.03962516784668,10.738142251968384,2.3175220489501953,8.420620203018188
625,83324.3,83355.3,83284.7,83334.3,8920.0,9.557929039001465,11.67471694946289,6.438508987426758,2.116787910461426,5.236207962036133,3.119420051574707
626,83346.7,83346.7,83150.8,83181.1,41793.0,11.597614288330078,9.599405288696289,5.459791660308838,1.998208999633789,4.139613628387451,6.13782262802124
627,83174.1,83320.8,83146.9,83226.1,12694.0,7.3846964836120605,11.303378105163574,8.573579788208008,3.9186816215515137,2.7297983169555664,1.1888833045959473
628,83218.3,83238.8,83062.5,83062.5,21836.0,9.861591339111328,6.967594146728516,5.800788402557373,2.8939971923828125,1.1668057441711426,4.060802936553955
629,83058.7,83203.9,83058.7,83076.1,23222.0,5.391515254974365,6.909577369689941,5.031257629394531,1.5180621147155762,1.8783197402954102,0.360257625579834
630,83074.2,83231.8,83050.5,83069.4,17291.0,9.95608901977539,5.573726654052734,1.7672559022903442,4.382362365722656,3.80647075176239,8.188833117485046
631,83049.5,83095.4,82865.7,83040.7,43387.0,14.41422176361084,11.029528617858887,8.635682106018066,3.384693145751953,2.3938465118408203,5.778539657592773
632,83036.6,83045.0,82700.0,82806.5,37530.0,25.719863891601562,9.151331901550293,11.433342933654785,16.56853199005127,2.282011032104492,14.286520957946777
633,82778.9,82940.5,82747.1,82860.2,18664.0,29.07811737060547,12.203413963317871,15.961798667907715,16.874703407287598,3.7583847045898438,13.116318702697754
634,82869.4,82985.0,82860.8,82870.9,23699.0,47.040645599365234,13.37482738494873,15.349950790405273,33.665818214416504,1.975123405456543,31.69069480895996
635,82871.0,82984.9,82840.1,82974.5,20211.0,56.738372802734375,19.995166778564453,23.20212173461914,36.74320602416992,3.2069549560546875,33.536251068115234
636,82974.5,82985.0,82827.6,82841.9,11346.0,55.638031005859375,17.052095413208008,23.6544246673584,38.58593559265137,6.602329254150391,31.983606338500977
637,82838.6,82953.3,82804.1,82953.3,21336.0,46.17632293701172,24.434988021850586,29.483747482299805,21.741334915161133,5.048759460449219,16.692575454711914
638,82949.2,82957.2,82736.6,82741.6,11185.0,46.96247482299805,15.945196151733398,20.130830764770508,31.01727867126465,4.185634613037109,26.83164405822754
639,82737.0,82789.5,82602.4,82686.1,33922.0,40.48710632324219,17.208667755126953,17.950674057006836,23.278438568115234,0.7420063018798828,22.53643226623535
640,82686.0,82729.9,82603.4,82682.8,20981.0,40.48019027709961,14.781736373901367,9.595221519470215,25.698453903198242,5.186514854431152,30.884968757629395
641,82685.0,82700.0,82518.0,82532.8,19045.0,49.480255126953125,11.347750663757324,8.163335800170898,38.1325044631958,3.184414863586426,41.31691932678223
642,82541.0,82616.6,82480.1,82572.2,18141.0,26.540115356445312,12.793998718261719,8.498902320861816,13.746116638183594,4.295096397399902,18.041213035583496
643,82576.3,82596.8,82478.2,82495.0,14079.0,26.500530242919922,8.790217399597168,5.5114216804504395,17.710312843322754,3.2787957191467285,20.989108562469482
644,82495.1,82675.0,82495.1,82648.4,27026.0,30.127653121948242,16.386606216430664,14.01900577545166,13.741046905517578,2.367600440979004,16.108647346496582
645,82648.4,82684.7,82571.7,82624.2,46050.0,36.833648681640625,16.978538513183594,18.52109718322754,19.85511016845703,1.5425586700439453,18.312551498413086
646,82630.4,82670.6,82578.5,82657.8,14204.0,46.90586853027344,22.934057235717773,29.590471267700195,23.971811294555664,6.656414031982422,17.315397262573242
647,82653.8,82725.3,82600.2,82725.3,12563.0,57.85865020751953,29.556190490722656,36.650596618652344,28.302459716796875,7.0944061279296875,21.208053588867188
648,82725.3,82757.9,82582.5,82603.3,8666.0,66.67627716064453,25.7244873046875,36.29207229614258,40.95178985595703,10.567584991455078,30.384204864501953
649,82606.3,82607.3,82472.6,82538.4,9220.0,72.57896423339844,22.707212448120117,28.760047912597656,49.87175178527832,6.052835464477539,43.81891632080078
650,82546.8,82599.2,82477.9,82514.0,6482.0,79.06446838378906,18.991493225097656,15.355649948120117,60.072975158691406,3.635843276977539,63.708818435668945
651,82509.9,82590.9,82500.1,82500.1,18087.0,90.96916198730469,15.791156768798828,9.019500732421875,75.17800521850586,6.771656036376953,81.94966125488281
652,82500.0,82500.1,82280.0,82280.0,18549.0,90.3315658569336,11.594217300415039,4.739181041717529,78.73734855651855,6.85503625869751,85.59238481521606
653,82275.9,82344.9,82234.6,82257.7,21916.0,91.90631103515625,10.599998474121094,3.3631279468536377,81.30631256103516,7.236870527267456,88.54318308830261
654,82248.8,82285.7,82125.3,82149.0,14685.0,89.05150604248047,8.647047996520996,2.720515727996826,80.40445804595947,5.92653226852417,86.33099031448364
655,82144.8,82267.9,82116.5,82208.8,12339.0,78.45407104492188,11.212329864501953,7.5171637535095215,67.24174118041992,3.6951661109924316,70.93690729141235
656,82210.8,82518.0,82210.8,82497.1,30776.0,73.5277099609375,26.399572372436523,25.825401306152344,47.12813758850098,0.5741710662841797,47.702308654785156
657,82497.4,82506.8,82390.0,82453.9,12146.0,73.15239715576172,30.071823120117188,42.11094665527344,43.08057403564453,12.03912353515625,31.04145050048828
658,82453.8,82478.6,82349.3,82387.6,7323.0,70.70500183105469,32.91288757324219,51.403385162353516,37.7921142578125,18.490497589111328,19.301616668701172
659,82385.9,82385.9,82201.4,82217.5,10488.0,70.04550170898438,26.243850708007812,36.872554779052734,43.80165100097656,10.628704071044922,33.17294692993164
660,82216.4,82231.7,82112.2,82176.2,12266.0,57.48146057128906,23.022846221923828,22.6419677734375,34.458614349365234,0.3808784484863281,34.83949279785156
661,82178.3,82200.4,82111.0,82161.7,16371.0,36.990814208984375,19.03485870361328,11.165506362915039,17.955955505371094,7.869352340698242,25.825307846069336
662,82168.0,82261.1,82020.7,82078.6,15816.0,39.65618133544922,17.309329986572266,9.20665168762207,22.346851348876953,8.102678298950195,30.44952964782715
663,82078.5,82089.4,81712.9,81949.0,58374.0,22.672500610351562,20.994354248046875,14.782342910766602,1.6781463623046875,6.212011337280273,7.890157699584961
664,81948.9,81974.5,81786.1,81935.6,25616.0,21.556846618652344,21.222835540771484,20.624656677246094,0.3340110778808594,0.5981788635253906,0.93218994140625
665,81943.5,82391.7,81927.3,82061.4,45415.0,11.89612102508545,28.501218795776367,31.763385772705078,16.605097770690918,3.262166976928711,19.86726474761963
666,82053.6,82085.5,81905.2,82062.6,16898.0,10.284086227416992,31.053319931030273,37.362396240234375,20.76923370361328,6.309076309204102,27.078310012817383
667,82058.6,82058.6,81802.1,81872.6,21012.0,4.244650840759277,26.463645935058594,35.519588470458984,22.218995094299316,9.05594253540039,31.274937629699707
668,81871.0,82140.3,81859.4,82019.9,32565.0,4.735857963562012,31.8829345703125,33.80137634277344,27.14707660675049,1.9184417724609375,29.065518379211426
669,82012.6,82139.7,82004.9,82080.5,55937.0,6.821449279785156,34.66853713989258,34.54241943359375,27.847087860107422,0.12611770629882812,27.720970153808594
670,82080.3,82443.9,82070.5,82414.7,20236.0,0.6781133413314819,51.650428771972656,57.39689254760742,50.972315430641174,5.746463775634766,56.71877920627594
671,82408.7,82428.3,82331.5,82382.7,17538.0,2.732449531555176,57.931575775146484,73.8448715209961,55.19912624359131,15.91329574584961,71.11242198944092
672,82382.7,82499.9,82309.5,82316.1,21160.0,-1.2211976051330566,62.075958251953125,84.17382049560547,63.29715585708618,22.097862243652344,85.39501810073853
673,82309.4,82329.3,82107.0,82168.8,13391.0,-1.0689330101013184,59.31206512451172,74.01676940917969,60.38099813461304,14.704704284667969,75.085702419281
674,82168.3,82242.3,82082.7,82124.0,23107.0,0.5943197011947632,57.874855041503906,62.270355224609375,57.28053534030914,4.395500183105469,61.67603552341461
675,82116.1,82140.8,81937.9,81944.2,15948.0,-0.5182478427886963,48.85920333862305,46.51862335205078,49.37745118141174,2.3405799865722656,47.03687119483948
676,81936.1,82077.4,81640.3,82072.8,26241.0,0.7183246612548828,52.34935760498047,43.980411529541016,51.631032943725586,8.368946075439453,43.26208686828613
677,82080.7,82224.5,81960.7,81975.2,13752.0,7.057290554046631,46.72306823730469,39.555110931396484,39.66577768325806,7.167957305908203,32.49782037734985
678,81956.1,82014.3,81770.3,81877.2,9149.0,-40.2509651184082,42.210811614990234,38.94488525390625,82.46177673339844,3.2659263610839844,79.19585037231445
679,81878.3,82077.9,81873.7,82077.8,19767.0,-7.513132095336914,46.60985565185547,39.138771057128906,54.12298774719238,7.4710845947265625,46.65190315246582
680,82077.9,82077.9,81864.9,81965.1,12777.0,-5.796163082122803,42.202056884765625,38.7470588684082,47.99821996688843,3.454998016357422,44.543221950531006
681,81963.2,82231.1,81947.7,82190.6,22895.0,0.43269476294517517,50.94349670410156,50.8999137878418,50.51080194115639,0.043582916259765625,50.46721902489662
682,82190.5,82197.1,81951.4,81964.9,11012.0,5.8834357261657715,43.63580322265625,46.521976470947266,37.75236749649048,2.8861732482910156,40.638540744781494
683,81965.9,82024.8,81934.3,81992.6,15824.0,8.062143325805664,45.187984466552734,47.58836364746094,37.12584114074707,2.400379180908203,39.52622032165527
684,81992.6,82196.1,81983.0,82196.1,21470.0,9.998320579528809,51.16073226928711,47.801639556884766,41.1624116897583,3.3590927124023438,37.80331897735596
685,82196.1,82351.9,82149.2,82305.4,16139.0,17.910879135131836,57.907325744628906,61.00543212890625,39.99644660949707,3.0981063842773438,43.094552993774414
686,82307.4,82485.7,82241.3,82291.4,17690.0,26.305191040039062,62.028160095214844,73.01602172851562,35.72296905517578,10.987861633300781,46.71083068847656
687,82304.4,82304.4,82120.1,82120.1,16968.0,30.94447135925293,58.8966064453125,70.3813247680664,27.95213508605957,11.484718322753906,39.43685340881348
688,82124.2,82124.2,81959.6,82019.2,13734.0,35.67115020751953,55.248069763183594,59.530059814453125,19.576919555664062,4.281990051269531,23.858909606933594
689,82019.4,82082.3,82007.4,82069.3,5797.0,37.01956558227539,54.963172912597656,50.772865295410156,17.943607330322266,4.1903076171875,13.753299713134766
690,82069.3,82289.5,82061.1,82246.1,20921.0,38.58201599121094,58.90652084350586,54.024192810058594,20.324504852294922,4.882328033447266,15.442176818847656
691,82246.0,82377.9,82227.1,82305.4,10687.0,35.44451904296875,62.88885498046875,64.01667785644531,27.4443359375,1.1278228759765625,28.572158813476562
692,82314.6,82468.4,82299.2,82442.9,8486.0,34.345436096191406,71.63345336914062,78.13672637939453,37.28801727294922,6.503273010253906,43.791290283203125
693,82444.2,82614.8,82395.6,82568.9,11545.0,27.299345016479492,76.13389587402344,87.26040649414062,48.834550857543945,11.126510620117188,59.96106147766113
694,82550.4,82712.4,82443.3,82443.3,24783.0,24.93715476989746,71.06099700927734,84.1333236694336,46.12384223937988,13.07232666015625,59.19616889953613
695,82446.9,82554.9,82389.0,82530.9,15584.0,22.048030853271484,74.62296295166016,78.65633392333984,52.57493209838867,4.0333709716796875,56.60830307006836
696,82532.6,82616.4,82462.8,82558.3,6799.0,26.302518844604492,75.29305267333984,74.09493255615234,48.99053382873535,1.1981201171875,47.79241371154785
697,82555.0,82710.4,82548.8,82690.3,13435.0,20.096431732177734,82.32670593261719,84.64441680908203,62.23027420043945,2.3177108764648438,64.5479850769043
698,82690.3,82866.1,82576.7,82834.2,28655.0,18.197006225585938,84.70030212402344,91.2468032836914,66.5032958984375,6.546501159667969,73.04979705810547
699,82840.6,82841.4,82689.9,82740.7,9596.0,13.80885124206543,84.39791870117188,93.23731994628906,70.58906745910645,8.839401245117188,79.42846870422363
700,82740.8,82922.9,82718.3,82846.4,6538.0,11.769755363464355,87.05224609375,91.56880187988281,75.28249073028564,4.5165557861328125,79.79904651641846
701,82846.5,82858.5,82597.3,82629.6,19970.0,6.191332817077637,80.3343276977539,82.59268951416016,74.14299488067627,2.25836181640625,76.40135669708252
702,82648.3,82648.3,82571.7,82593.2,6082.0,6.993730068206787,77.12466430664062,75.19957733154297,70.13093423843384,1.9250869750976562,68.20584726333618
703,82594.4,82612.8,82527.2,82583.8,25629.0,5.179064750671387,72.70359802246094,64.73066711425781,67.52453327178955,7.972930908203125,59.551602363586426
704,82583.8,82583.8,82496.2,82543.8,7138.0,4.01369571685791,65.11458587646484,56.71822738647461,61.100890159606934,8.396358489990234,52.7045316696167
705,82552.0,82581.1,82539.7,82574.0,4128.0,5.6126227378845215,60.625885009765625,50.075584411621094,55.0132622718811,10.550300598144531,44.46296167373657
706,82574.9,82609.7,82444.9,82465.3,7259.0,2.2005908489227295,46.676998138427734,34.621826171875,44.476407289505005,12.055171966552734,32.42123532295227
707,82459.9,82529.5,82450.4,82529.5,10327.0,4.143309593200684,44.539581298828125,28.221954345703125,40.39627170562744,16.317626953125,24.07864475250244
708,82533.6,82570.5,82487.9,82533.6,5208.0,-3.714017391204834,39.43355941772461,22.563495635986328,43.14757680892944,16.87006378173828,26.277513027191162
709,82533.6,82570.5,82450.1,82456.7,6170.0,1.1227314472198486,28.814247131347656,18.623188018798828,27.691515684127808,10.191059112548828,17.50045657157898
710,82456.2,82456.2,82364.6,82452.6,18068.0,4.355412483215332,28.003341674804688,15.105306625366211,23.647929191589355,12.898035049438477,10.749894142150879
711,82452.6,82561.7,82420.9,82557.5,6585.0,1.2816234827041626,30.456274032592773,17.594350814819336,29.17465054988861,12.861923217773438,16.312727332115173
712,82541.0,82732.5,82508.9,82717.9,24146.0,4.32286262512207,40.58026885986328,37.8648796081543,36.25740623474121,2.7153892517089844,33.54201698303223
713,82721.6,82750.0,82660.9,82749.9,7956.0,5.2281622886657715,46.68314743041992,55.61510467529297,41.45498514175415,8.931957244873047,50.3869423866272
714,82749.9,82766.4,82699.7,82710.1,5273.0,17.852170944213867,52.40569305419922,67.4159164428711,34.55352210998535,15.010223388671875,49.56374549865723
715,82710.1,82807.6,82637.8,82742.8,9795.0,31.96950340270996,61.486751556396484,74.7793197631836,29.517248153686523,13.29256820678711,42.80981636047363
716,82739.3,82766.7,82656.8,82656.8,3375.0,40.17626953125,59.95025634765625,73.76112365722656,19.77398681640625,13.810867309570312,33.58485412597656
717,82656.8,82750.3,82638.5,82728.4,4222.0,52.796112060546875,67.85273742675781,77.81697082519531,15.056625366210938,9.9642333984375,25.020858764648438
718,82728.4,82778.4,82721.2,82768.0,5202.0,66.99020385742188,72.95452880859375,79.71336364746094,5.964324951171875,6.7588348388671875,12.723159790039062
719,82762.0,82815.9,82703.3,82710.1,9929.0,75.77397155761719,72.45480346679688,83.24630737304688,3.3191680908203125,10.79150390625,7.4723358154296875
720,82713.3,82713.3,82619.2,82675.0,8385.0,87.02572631835938,71.39617919921875,78.79898071289062,15.629547119140625,7.402801513671875,8.22674560546875
721,82681.7,82931.5,82680.7,82931.4,15073.0,95.55784606933594,81.27769470214844,81.77281188964844,14.2801513671875,0.4951171875,13.7850341796875
722,82931.5,82957.8,82852.1,82881.5,10984.0,90.96876525878906,79.93728637695312,85.29975891113281,11.031478881835938,5.3624725341796875,5.66900634765625
723,82881.5,82953.2,82841.6,82892.7,11356.0,92.33619689941406,83.41385650634766,92.04888916015625,8.922340393066406,8.635032653808594,0.2873077392578125
724,82896.6,82970.3,82870.1,82941.3,6136.0,92.67462158203125,86.02421569824219,90.29535675048828,6.6504058837890625,4.271141052246094,2.3792648315429688
725,82948.1,82995.0,82891.0,82899.2,6327.0,92.7200927734375,83.24363708496094,88.01364135742188,9.476455688476562,4.7700042724609375,4.706451416015625
726,82907.5,82967.1,82812.0,82829.0,9037.0,91.7640609741211,75.03168487548828,76.94717407226562,16.732376098632812,1.9154891967773438,14.816886901855469
727,82830.1,83053.8,82812.0,83041.4,15284.0,75.5340805053711,85.14081573486328,77.7557144165039,9.606735229492188,7.385101318359375,2.2216339111328125
728,83053.1,83343.1,83053.1,83295.7,38016.0,58.210670471191406,84.54161071777344,82.14221954345703,26.33094024658203,2.3993911743164062,23.931549072265625
729,83295.6,83351.2,83155.6,83228.5,9452.0,43.41168212890625,84.30657196044922,91.2789077758789,40.89488983154297,6.9723358154296875,47.867225646972656
730,83236.9,83337.0,83236.9,83250.0,7117.0,30.98342514038086,85.00753784179688,87.62135314941406,54.024112701416016,2.6138153076171875,56.6379280090332
731,83241.7,83241.7,83053.5,83127.0,41546.0,28.455371856689453,79.56175994873047,79.59429168701172,51.106388092041016,0.03253173828125,51.138919830322266
732,83126.1,83126.1,82951.0,82951.0,14525.0,19.637203216552734,69.965576171875,66.95767974853516,50.328372955322266,3.0078964233398438,47.32047653198242
733,82949.5,83037.2,82932.4,83012.9,5621.0,12.299959182739258,67.7702865600586,56.16070556640625,55.470327377319336,11.609580993652344,43.86074638366699
734,83002.0,83118.3,82996.0,83095.3,6014.0,10.26207160949707,66.52313232421875,53.64815902709961,56.26106071472168,12.87497329711914,43.38608741760254
735,83082.7,83120.9,83034.1,83045.2,4113.0,6.238881587982178,59.180999755859375,52.95553970336914,52.9421181678772,6.225460052490234,46.71665811538696
736,83051.4,83088.2,83015.6,83035.2,3492.0,-4.501708507537842,55.69970703125,48.82603454589844,60.20141553878784,6.8736724853515625,53.32774305343628
737,83032.1,83187.9,83032.1,83044.6,6448.0,-3.367021083831787,52.672908782958984,42.59420394897461,56.03992986679077,10.078704833984375,45.9612250328064
738,83039.7,83053.0,82948.6,82996.0,4963.0,5.210186958312988,47.49901580810547,39.55248260498047,42.28882884979248,7.946533203125,34.34229564666748
739,82990.0,82990.0,82847.1,82879.6,13056.0,26.885578155517578,37.56974411010742,29.93325424194336,10.684165954589844,7.6364898681640625,3.0476760864257812
740,82887.9,83055.4,82887.9,83040.6,11412.0,40.651222229003906,42.48831558227539,29.685976028442383,1.8370933532714844,12.802339553833008,10.965246200561523
741,83040.5,83168.9,83027.1,83142.4,4509.0,53.68994903564453,46.21230697631836,37.83744812011719,7.477642059326172,8.374858856201172,15.852500915527344
742,83142.7,83160.0,82995.9,83012.6,5393.0,64.39564514160156,40.51043701171875,44.601905822753906,23.885208129882812,4.091468811035156,19.793739318847656
743,83009.1,83240.3,82995.3,83159.1,11862.0,69.28184509277344,50.136474609375,51.698734283447266,19.145370483398438,1.5622596740722656,17.583110809326172
744,83159.0,83159.8,83064.3,83065.2,4129.0,75.79769897460938,48.6394157409668,50.596229553222656,27.158283233642578,1.9568138122558594,25.20146942138672
745,83073.6,83160.1,83064.0,83128.6,4387.0,82.38043212890625,56.78960418701172,63.51697540283203,25.59082794189453,6.7273712158203125,18.86345672607422
746,83128.5,83128.5,83037.6,83053.0,2391.0,87.53105926513672,52.59815216064453,59.743228912353516,34.93290710449219,7.145076751708984,27.787830352783203
747,83053.0,83063.7,82969.0,82987.2,1869.0,92.0213623046875,48.33976364135742,53.196632385253906,43.68159866333008,4.856868743896484,38.824729919433594
748,82988.2,83043.2,82978.0,82978.0,2917.0,90.43055725097656,44.742950439453125,40.4293098449707,45.68760681152344,4.313640594482422,50.00124740600586
749,82974.1,82974.1,82924.4,82924.4,3108.0,87.65123748779297,37.5804557800293,29.52704620361328,50.07078170776367,8.053409576416016,58.12419128417969
750,82924.5,82950.7,82903.5,82903.5,3799.0,85.10726928710938,32.22234344482422,22.43107032775879,52.884925842285156,9.79127311706543,62.676198959350586
751,82904.4,82943.6,82899.0,82926.2,7938.0,89.44625091552734,29.97347640991211,18.039962768554688,59.472774505615234,11.933513641357422,71.40628814697266
752,82926.2,83079.2,82926.2,83079.2,36803.0,93.98020935058594,40.408470153808594,31.163610458374023,53.571739196777344,9.24485969543457,62.816598892211914
753,83080.0,83114.7,82959.2,82959.2,4886.0,96.06190490722656,30.205352783203125,33.127105712890625,65.85655212402344,2.9217529296875,62.93479919433594
754,82959.1,82959.1,82793.4,82799.5,8111.0,96.89727783203125,23.993045806884766,26.8763370513916,72.90423202514648,2.883291244506836,70.02094078063965
755,82796.0,82827.2,82726.5,82772.8,8515.0,97.38169860839844,21.069711685180664,10.203386306762695,76.31198692321777,10.866325378417969,87.17831230163574
756,82767.3,82802.8,82747.5,82768.1,6283.0,90.53280639648438,17.71988296508789,6.1576457023620605,72.81292343139648,11.56223726272583,84.37516069412231
757,82768.0,82775.3,82636.8,82680.8,6586.0,90.18208312988281,15.732566833496094,8.505242347717285,74.44951629638672,7.227324485778809,81.67684078216553
758,82680.8,82707.4,82616.9,82638.7,6030.0,80.13020324707031,12.488848686218262,6.839695930480957,67.64135456085205,5.649152755737305,73.29050731658936
759,82638.6,82711.8,82618.4,82618.4,6202.0,65.89213562011719,9.504871368408203,4.238464832305908,56.387264251708984,5.266406536102295,61.65367078781128
760,82618.4,82695.4,82500.1,82521.2,10768.0,61.41605758666992,8.475698471069336,2.58022141456604,52.940359115600586,5.895477056503296,58.83583617210388
761,82501.0,82521.3,82389.9,82470.1,18509.0,48.745643615722656,9.68201732635498,4.930683612823486,39.063626289367676,4.751333713531494,43.81496000289917
762,82469.3,82485.9,82382.7,82435.8,12156.0,62.95824432373047,8.470319747924805,7.250699520111084,54.487924575805664,1.2196202278137207,55.707544803619385
763,82432.1,82530.0,82431.9,82509.6,7552.0,68.07852172851562,11.829397201538086,11.884859085083008,56.24912452697754,0.055461883544921875,56.19366264343262
764,82509.9,82552.0,82480.8,82524.7,7396.0,71.72408294677734,13.232874870300293,14.662668228149414,58.49120807647705,1.429793357849121,57.06141471862793
765,82510.0,82528.1,82438.2,82443.3,5419.0,62.80084991455078,11.113368034362793,15.00419807434082,51.68748188018799,3.8908300399780273,47.79665184020996
766,82446.4,82479.7,82381.1,82419.4,2903.0,79.76789855957031,9.855545043945312,10.96571159362793,69.912353515625,1.1101665496826172,68.80218696594238
767,82418.7,82448.0,82284.2,82313.2,6078.0,80.17353820800781,8.421952247619629,5.931723117828369,71.75158596038818,2.4902291297912598,74.24181509017944
768,82317.0,82381.8,82257.2,82262.7,8322.0,71.0010757446289,6.4141364097595215,3.49408221244812,64.58693933486938,2.9200541973114014,67.50699353218079
769,82279.4,82417.8,82229.4,82300.1,9838.0,67.59251403808594,9.055543899536133,5.864131927490234,58.536970138549805,3.1914119720458984,61.7283821105957
770,82300.1,82375.4,82229.0,82355.8,14190.0,57.593719482421875,12.893309593200684,12.168567657470703,44.70040988922119,0.7247419357299805,45.42515182495117
771,82355.8,82385.9,82268.4,82284.7,9506.0,50.802101135253906,11.162147521972656,15.692793846130371,39.63995361328125,4.530646324157715,35.109307289123535
772,82268.2,82405.4,82268.2,82358.9,9579.0,44.13232421875,16.986953735351562,20.55108070373535,27.145370483398438,3.564126968383789,23.58124351501465
773,82358.0,82375.9,82200.1,82281.1,6470.0,33.786678314208984,14.834310531616211,18.265605926513672,18.952367782592773,3.431295394897461,15.521072387695312
774,82286.5,82316.1,82221.9,82256.0,18679.0,25.525115966796875,15.902029037475586,19.714683532714844,9.623086929321289,3.812654495239258,5.810432434082031
775,82272.4,82360.0,82272.4,82308.6,4366.0,20.766429901123047,20.523033142089844,21.0238037109375,0.24339675903320312,0.5007705688476562,0.2573738098144531
776,82307.5,82308.5,82208.6,82218.6,9752.0,16.346097946166992,13.894086837768555,17.324926376342773,2.4520111083984375,3.4308395385742188,0.9788284301757812
777,82217.7,82360.9,82217.7,82360.9,9148.0,16.59239959716797,26.703746795654297,27.2613582611084,10.111347198486328,0.5576114654541016,10.66895866394043
778,82341.3,82399.0,82309.4,82309.4,4196.0,10.001665115356445,24.640018463134766,28.091176986694336,14.63835334777832,3.4511585235595703,18.08951187133789
779,82309.4,82353.7,82286.1,82317.2,4291.0,8.855878829956055,31.075115203857422,40.2993049621582,22.219236373901367,9.224189758300781,31.44342613220215
780,82313.1,82372.3,82294.0,82306.6,4651.0,5.368839263916016,32.89208984375,39.38831329345703,27.523250579833984,6.496223449707031,34.019474029541016
781,82306.6,82457.7,82278.2,82278.2,9994.0,8.371785163879395,31.42864990234375,38.38715744018555,23.056864738464355,6.958507537841797,30.015372276306152
782,82267.6,82387.4,82256.5,82311.2,9736.0,9.096874237060547,35.81665802001953,38.80303955078125,26.719783782958984,2.9863815307617188,29.706165313720703
783,82316.4,82401.0,82213.3,82361.6,31401.0,8.43505859375,43.313011169433594,45.38056564331055,34.877952575683594,2.067554473876953,36.94550704956055
784,82353.3,82353.3,82087.2,82207.2,17951.0,14.1160306930542,37.17277908325195,46.07053756713867,23.056748390197754,8.897758483886719,31.954506874084473
785,82211.2,82229.2,82094.1,82094.1,10273.0,23.073558807373047,27.44923973083496,32.31476974487305,4.375680923461914,4.865530014038086,9.2412109375
786,82094.2,82172.1,82050.7,82089.7,19987.0,28.32196617126465,24.734777450561523,14.610966682434082,3.587188720703125,10.123810768127441,13.710999488830566
787,82089.6,82200.0,82055.5,82200.0,4604.0,52.13127899169922,29.622098922729492,16.042171478271484,22.509180068969727,13.579927444458008,36.089107513427734
788,82200.7,82200.7,81943.8,81995.4,16179.0,55.937896728515625,21.46597671508789,18.768545150756836,34.471920013427734,2.6974315643310547,37.16935157775879
789,82007.8,82099.5,81995.4,82057.6,9907.0,70.58513641357422,24.41103744506836,22.956117630004883,46.17409896850586,1.4549198150634766,47.629018783569336
790,82057.7,82081.7,81990.1,82015.7,17310.0,84.81077575683594,19.956371307373047,15.392723083496094,64.85440444946289,4.563648223876953,69.41805267333984
791,82013.2,82148.5,82008.1,82120.8,29622.0,86.93517303466797,26.26982879638672,23.52640151977539,60.66534423828125,2.743427276611328,63.40877151489258
792,82124.4,82141.0,82045.5,82052.5,15856.0,92.67036437988281,22.459508895874023,23.195499420166016,70.21085548400879,0.7359905242919922,69.4748649597168
793,82052.5,82270.8,82033.9,82270.7,11670.0,96.16818237304688,37.44712829589844,39.73548126220703,58.72105407714844,2.2883529663085938,56.432701110839844
794,82270.7,82389.6,82160.5,82310.0,34207.0,94.82009887695312,43.72179412841797,52.0077018737793,51.098304748535156,8.285907745361328,42.81239700317383
795,82309.9,82309.9,82090.1,82120.3,12909.0,96.78492736816406,39.92440414428711,57.82502365112305,56.86052322387695,17.900619506835938,38.959903717041016
796,82117.5,82181.5,81982.3,82010.3,9110.0,96.84991455078125,32.730384826660156,41.469329833984375,64.1195297241211,8.738945007324219,55.380584716796875
797,82010.4,82067.1,81956.0,82042.3,8570.0,94.31394958496094,31.583221435546875,25.08137321472168,62.73072814941406,6.501848220825195,69.23257637023926
798,82038.6,82061.9,81913.8,81950.5,11482.0,97.52838134765625,24.009170532226562,14.78458023071289,73.51921081542969,9.224590301513672,82.74380111694336
799,81950.4,82032.4,81945.1,81985.9,7187.0,93.23015594482422,23.581998825073242,14.987462997436523,69.64815711975098,8.594535827636719,78.2426929473877
800,81973.8,82004.9,81846.1,81851.1,10167.0,93.7911605834961,16.170377731323242,7.929157733917236,77.62078285217285,8.241219997406006,85.86200284957886
801,81851.3,81854.3,81416.3,81444.9,69414.0,92.60285949707031,14.230326652526855,6.337390422821045,78.37253284454346,7.8929362297058105,86.26546907424927
802,81444.9,81613.8,81340.6,81551.5,39167.0,87.92864990234375,16.835140228271484,7.987759590148926,71.09350967407227,8.847380638122559,79.94089031219482
803,81548.4,81591.1,80831.4,81134.0,196906.0,81.39973449707031,16.82845687866211,14.154406547546387,64.5712776184082,2.6740503311157227,67.24532794952393
804,81149.3,81160.4,80919.0,81101.0,45283.0,47.025535583496094,16.98855972290039,18.942232131958008,30.036975860595703,1.9536724090576172,28.083303451538086
805,81100.0,81444.4,81079.6,81328.8,30209.0,39.55321502685547,21.912765502929688,22.88109016418457,17.64044952392578,0.9683246612548828,16.6721248626709
806,81323.7,81323.7,81129.8,81140.6,36412.0,24.881038665771484,19.58163070678711,23.02231216430664,5.299407958984375,3.4406814575195312,1.8587265014648438
807,81132.6,81159.4,80952.0,81011.6,32535.0,21.111095428466797,17.6864013671875,21.109886169433594,3.424694061279297,3.4234848022460938,0.001209259033203125
808,81011.6,81050.4,80705.1,80725.3,38780.0,15.804086685180664,12.842155456542969,10.888936042785645,2.9619312286376953,1.9532194137573242,4.9151506423950195
809,80723.8,80963.9,80627.5,80945.5,42398.0,20.410316467285156,16.997291564941406,11.095519065856934,3.41302490234375,5.901772499084473,9.314797401428223
810,80957.6,81666.0,80957.6,81466.2,131612.0,25.160625457763672,29.36627960205078,26.660383224487305,4.205654144287109,2.7058963775634766,1.4997577667236328
811,81468.0,81877.6,81274.6,81711.1,61016.0,33.877296447753906,40.63584899902344,51.4222297668457,6.758552551269531,10.786380767822266,17.544933319091797
812,81711.1,81889.9,81500.2,81605.4,33883.0,35.75261688232422,46.53615951538086,67.80323791503906,10.78354263305664,21.267078399658203,32.050621032714844
813,81581.0,81707.1,81442.1,81606.9,30371.0,44.86943817138672,52.75898742675781,72.08509063720703,7.889549255371094,19.32610321044922,27.215652465820312
814,81602.9,81807.5,81594.8,81700.5,18544.0,51.8169059753418,61.430694580078125,75.23607635498047,9.613788604736328,13.805381774902344,23.419170379638672
815,81704.5,81821.2,81510.1,81821.2,35648.0,54.06500244140625,69.58267974853516,83.55341339111328,15.517677307128906,13.970733642578125,29.48841094970703
816,81825.1,82274.0,81710.7,82101.7,46923.0,60.55915832519531,73.51631927490234,89.69695281982422,12.957160949707031,16.180633544921875,29.137794494628906
817,82087.6,82581.6,82027.5,82511.1,70274.0,65.92974853515625,79.83040618896484,93.49537658691406,13.900657653808594,13.664970397949219,27.565628051757812
818,82511.3,82866.1,82486.5,82768.0,63226.0,68.8223876953125,82.98815155029297,93.84850311279297,14.165763854980469,10.8603515625,25.02611541748047
819,82767.9,82982.8,82628.3,82982.8,31887.0,72.69268035888672,87.60619354248047,97.3366470336914,14.91351318359375,9.730453491210938,24.643966674804688
820,82982.7,82982.7,82657.5,82736.3,19758.0,77.43685150146484,86.70952606201172,95.05065155029297,9.272674560546875,8.34112548828125,17.613800048828125
821,82745.5,82971.2,82693.7,82878.7,22928.0,80.7784652709961,89.96539306640625,95.03822326660156,9.186927795410156,5.0728302001953125,14.259757995605469
822,82904.5,82908.6,82685.7,82750.9,12906.0,77.43218994140625,88.94303894042969,91.75627899169922,11.510848999023438,2.8132400512695312,14.324089050292969
823,82751.0,82887.6,82565.4,82874.2,24953.0,79.950439453125,91.18209838867188,93.45748901367188,11.231658935546875,2.275390625,13.507049560546875
824,82874.1,83033.3,82795.5,83002.3,14212.0,60.375083923339844,92.7874984741211,94.34312438964844,32.41241455078125,1.5556259155273438,33.968040466308594
825,83010.6,83427.0,82994.9,83316.3,37958.0,49.89324188232422,92.79744720458984,95.76597595214844,42.904205322265625,2.9685287475585938,45.87273406982422
826,83320.1,83419.2,83150.8,83164.4,16894.0,34.062137603759766,90.78499603271484,93.14336395263672,56.72285842895508,2.358367919921875,59.08122634887695
827,83176.3,83300.0,83106.8,83270.4,9931.0,29.290037155151367,91.80430603027344,91.00774383544922,62.51426887512207,0.7965621948242188,61.71770668029785
828,83252.6,83322.0,83008.6,83078.5,13767.0,23.194189071655273,88.13630676269531,86.80669403076172,64.94211769104004,1.3296127319335938,63.612504959106445
829,83083.3,83191.8,82976.6,83191.8,11528.0,15.986140251159668,88.7455062866211,86.64865112304688,72.75936603546143,2.0968551635742188,70.6625108718872
830,83199.9,83528.1,83116.8,83499.9,25737.0,18.612545013427734,91.66746520996094,88.74534606933594,73.0549201965332,2.922119140625,70.1328010559082
831,83493.1,83499.9,83386.6,83496.4,18219.0,10.610209465026855,92.45643615722656,93.7909164428711,81.8462266921997,1.3344802856445312,83.18070697784424
832,83496.4,83576.6,83367.6,83389.8,14373.0,7.701204299926758,88.55013275146484,92.20111846923828,80.84892845153809,3.6509857177734375,84.49991416931152
833,83386.5,83583.2,83358.5,83565.7,5882.0,4.494302749633789,93.0957260131836,92.25447082519531,88.6014232635498,0.8412551879882812,87.76016807556152
834,83564.7,83589.1,83495.9,83564.2,9029.0,4.17901611328125,93.07122802734375,92.45830535888672,88.8922119140625,0.6129226684570312,88.27928924560547
835,83564.2,83567.0,83333.5,83333.5,10150.0,14.153656005859375,87.06621551513672,90.29336547851562,72.91255950927734,3.2271499633789062,76.13970947265625
836,83333.4,83355.8,83152.8,83179.1,17827.0,20.31754493713379,80.02892303466797,77.51626586914062,59.71137809753418,2.5126571655273438,57.198720932006836
837,83179.1,83306.3,83050.0,83302.2,11455.0,40.32315444946289,76.98123168945312,66.27651977539062,36.658077239990234,10.7047119140625,25.953365325927734
838,83311.7,83311.7,83137.3,83240.7,8036.0,54.5435791015625,66.7095947265625,55.63883590698242,12.166015625,11.070758819580078,1.0952568054199219
839,83228.0,83278.0,83165.3,83272.9,7659.0,69.65298461914062,64.02194213867188,51.78072738647461,5.63104248046875,12.241214752197266,17.872257232666016
840,83268.7,83413.3,83182.0,83400.6,9926.0,70.24136352539062,66.65200805664062,53.57270431518555,3.58935546875,13.079303741455078,16.668659210205078
841,83409.0,83420.5,83156.7,83156.7,9847.0,76.50399780273438,53.35942840576172,49.00127410888672,23.144569396972656,4.358154296875,27.502723693847656
842,83156.6,83458.2,83136.0,83378.3,9308.0,79.52369689941406,61.864784240722656,54.73724365234375,17.658912658691406,7.127540588378906,24.786453247070312
843,83365.8,83487.3,83233.6,83282.3,8245.0,80.09275817871094,52.77128219604492,46.02562713623047,27.321475982666016,6.745655059814453,34.06713104248047
844,83286.5,83299.6,83106.7,83237.1,12591.0,90.1712875366211,49.78075408935547,47.79290771484375,40.390533447265625,1.9878463745117188,42.378379821777344
845,83228.8,83428.0,83208.2,83400.3,11736.0,89.99504089355469,55.84331512451172,47.59123611450195,34.15172576904297,8.252079010009766,42.403804779052734
846,83400.4,83614.9,83355.6,83556.5,9782.0,93.63860321044922,65.09541320800781,63.11540603637695,28.543190002441406,1.9800071716308594,30.523197174072266
847,83553.5,83566.5,83431.5,83466.6,5087.0,95.29827117919922,64.89559173583984,76.12936401367188,30.402679443359375,11.233772277832031,19.168907165527344
848,83455.0,83696.9,83436.8,83671.7,14552.0,97.71612548828125,75.36540222167969,86.50513458251953,22.350723266601562,11.139732360839844,11.210990905761719
849,83660.6,83887.3,83660.6,83796.7,25035.0,96.89327239990234,76.48040771484375,86.34449005126953,20.412864685058594,9.864082336425781,10.548782348632812
850,83810.9,83866.3,83527.8,83527.8,8582.0,100.87673950195312,69.63667297363281,80.78321075439453,31.240066528320312,11.146537780761719,20.093528747558594
851,83508.9,83671.5,83500.1,83644.1,7905.0,94.32989501953125,71.65397644042969,71.69641876220703,22.675918579101562,0.04244232177734375,22.63347625732422
852,83644.0,83704.1,83595.4,83648.1,8093.0,100.1609115600586,70.21597290039062,65.0887680053711,29.94493865966797,5.127204895019531,35.0721435546875
853,83648.2,83792.6,83612.6,83745.6,7432.0,97.66949462890625,74.57257080078125,73.34994506835938,23.096923828125,1.222625732421875,24.319549560546875
854,83753.4,83836.6,83745.2,83810.6,14244.0,91.54682922363281,78.32109832763672,80.45992279052734,13.225730895996094,2.138824462890625,11.086906433105469
855,83810.6,83911.9,83801.6,83908.4,9001.0,89.8399887084961,84.15299987792969,90.5292739868164,5.686988830566406,6.376274108886719,0.6892852783203125
856,83909.4,83988.6,83880.9,83988.6,11285.0,73.9263687133789,87.49136352539062,96.58002471923828,13.564994812011719,9.088661193847656,22.653656005859375
857,83988.5,84346.8,83980.2,84217.3,20381.0,61.403526306152344,87.06719970703125,96.37419128417969,25.663673400878906,9.306991577148438,34.970664978027344
858,84217.2,84217.2,84061.1,84092.6,8302.0,41.41819763183594,84.07772827148438,89.07728576660156,42.65953063964844,4.9995574951171875,47.659088134765625
859,84079.8,84182.5,83988.6,84143.9,7843.0,30.45513916015625,83.55828857421875,82.2539291381836,53.1031494140625,1.3043594360351562,51.798789978027344
860,84153.3,84185.7,83947.6,84021.0,8177.0,26.560956954956055,77.34712219238281,73.86996459960938,50.78616523742676,3.4771575927734375,47.30900764465332
861,84016.8,84163.7,83968.7,84027.8,12205.0,17.57505226135254,75.28349304199219,69.62677001953125,57.70844078063965,5.6567230224609375,52.05171775817871
862,84021.4,84043.1,83807.6,83847.9,9911.0,13.110655784606934,64.56919860839844,56.80912399291992,51.458542823791504,7.760074615478516,43.69846820831299
863,83843.7,83856.9,83719.5,83753.7,9225.0,8.498678207397461,56.60154342651367,45.32465362548828,48.10286521911621,11.27688980102539,36.82597541809082
864,83753.7,83776.9,83628.0,83628.0,8345.0,39.180091857910156,45.425445556640625,28.711503982543945,6.245353698730469,16.71394157409668,10.468587875366211
865,83627.2,83704.8,83567.2,83666.8,14747.0,45.48912811279297,38.267356872558594,19.277538299560547,7.221771240234375,18.989818572998047,26.211589813232422
866,83673.5,83715.7,83608.1,83699.0,5977.0,57.253807067871094,33.53288269042969,14.928842544555664,23.720924377441406,18.604040145874023,42.32496452331543
867,83695.6,83719.0,83549.8,83549.8,3452.0,62.55369186401367,23.933414459228516,9.893641471862793,38.620277404785156,14.039772987365723,52.66005039215088
868,83555.8,83589.6,83380.5,83405.1,40093.0,66.91417694091797,20.004087448120117,6.48393440246582,46.91008949279785,13.520153045654297,60.43024253845215
869,83408.1,83495.8,83404.0,83440.7,9717.0,68.63660430908203,16.722599029541016,2.9254186153411865,51.914005279541016,13.797180414199829,65.71118569374084
870,83428.2,83583.5,83428.2,83571.6,7534.0,71.40502166748047,18.834461212158203,9.51764965057373,52.570560455322266,9.316811561584473,61.88737201690674
871,83571.5,83598.2,83471.9,83564.6,6870.0,69.24095153808594,19.186758041381836,16.003398895263672,50.0541934967041,3.183359146118164,53.237552642822266
872,83564.5,83603.3,83409.2,83445.4,6639.0,71.03585052490234,15.360368728637695,16.613262176513672,55.67548179626465,1.2528934478759766,54.42258834838867
873,83436.3,83466.5,83282.1,83453.4,7506.0,69.85615539550781,17.83475112915039,16.340072631835938,52.02140426635742,1.4946784973144531,53.516082763671875
874,83452.5,83527.9,83427.1,83512.6,5215.0,68.03923797607422,19.78023910522461,17.720869064331055,48.25899887084961,2.0593700408935547,50.318368911743164
875,83516.7,83790.7,83504.2,83747.7,11180.0,65.69742584228516,32.9326171875,35.42852783203125,32.764808654785156,2.49591064453125,30.268898010253906
876,83757.6,83895.3,83741.6,83858.9,10276.0,67.02268981933594,48.92566680908203,60.46419906616211,18.097023010253906,11.538532257080078,6.558490753173828
877,83860.0,83932.9,83826.0,83932.9,6560.0,53.153892517089844,60.61942672729492,85.08232879638672,7.465534210205078,24.462902069091797,31.928436279296875
878,83940.1,83984.9,83859.6,83950.7,11958.0,54.02880859375,68.22650146484375,96.3995132446289,14.19769287109375,28.173011779785156,42.370704650878906
879,83937.7,83937.7,83837.1,83860.8,7627.0,58.36979293823242,70.39590454101562,92.49205017089844,12.026111602783203,22.096145629882812,34.122257232666016
880,83860.7,83988.5,83829.5,83944.8,3462.0,51.25048065185547,77.47855377197266,90.42980194091797,26.228073120117188,12.951248168945312,39.1793212890625
881,83937.9,84109.1,83936.9,84099.5,15827.0,65.29335021972656,82.2378158569336,91.66466522216797,16.94446563720703,9.426849365234375,26.371315002441406
882,84097.6,84195.8,84085.7,84107.1,6837.0,61.795127868652344,83.33634948730469,94.31497192382812,21.541221618652344,10.978622436523438,32.51984405517578
883,84141.4,84194.8,84112.1,84128.8,5869.0,86.24822998046875,86.08043670654297,93.93293762207031,0.16779327392578125,7.852500915527344,7.6847076416015625
884,84128.8,84152.8,84085.4,84138.0,5619.0,76.54837036132812,87.69706726074219,92.2114028930664,11.148696899414062,4.514335632324219,15.663032531738281
885,84144.3,84282.8,84077.0,84253.4,11736.0,83.75253295898438,90.2799072265625,94.46790313720703,6.527374267578125,4.187995910644531,10.715370178222656
886,84253.5,84346.9,84108.1,84123.6,12369.0,82.52119445800781,85.66871643066406,89.92191314697266,3.14752197265625,4.253196716308594,7.400718688964844
887,84123.6,84243.2,84105.0,84183.7,6456.0,79.44589233398438,86.06869506835938,86.11627197265625,6.622802734375,0.047576904296875,6.670379638671875
888,84183.7,84407.1,84175.8,84356.4,12382.0,76.74666595458984,88.707275390625,85.22367095947266,11.960609436035156,3.4836044311523438,8.477005004882812
889,84350.7,84350.7,84034.2,84086.3,10004.0,78.29492950439453,75.52363586425781,76.14559936523438,2.7712936401367188,0.6219635009765625,2.1493301391601562
890,84076.6,84152.9,84047.1,84143.1,8864.0,64.67050170898438,72.93331909179688,66.91613006591797,8.2628173828125,6.017189025878906,2.2456283569335938
891,84143.0,84386.4,84143.0,84366.4,7931.0,52.137237548828125,80.47001647949219,66.43901824951172,28.332778930664062,14.030998229980469,14.301780700683594
892,84370.6,84424.5,84153.4,84209.8,9858.0,61.214385986328125,72.4395980834961,70.47918701171875,11.225212097167969,1.9604110717773438,9.264801025390625
893,84209.5,84308.4,84150.1,84244.1,10672.0,53.17377853393555,74.19685363769531,75.51648712158203,21.023075103759766,1.3196334838867188,22.342708587646484
894,84231.7,84277.4,84197.8,84265.0,4751.0,46.70725631713867,71.30844116210938,66.96174621582031,24.601184844970703,4.3466949462890625,20.25448989868164
895,84269.4,84294.7,84186.8,84188.0,4961.0,40.7129020690918,61.636802673339844,58.79163360595703,20.923900604248047,2.8451690673828125,18.078731536865234
896,84197.3,84214.2,84110.1,84163.8,8754.0,47.022029876708984,55.38304901123047,46.63261795043945,8.361019134521484,8.750431060791016,0.38941192626953125
897,84167.6,84237.4,84125.5,84197.2,7185.0,47.03697204589844,52.927642822265625,38.1240234375,5.8906707763671875,14.803619384765625,8.912948608398438
898,84199.2,84214.4,84134.1,84178.5,4214.0,31.510173797607422,48.42724609375,37.31267547607422,16.917072296142578,11.114570617675781,5.802501678466797
899,84182.8,84243.3,84110.0,84110.1,9177.0,33.70619201660156,40.26707458496094,32.72682571411133,6.560882568359375,7.540248870849609,0.9793663024902344
900,84110.0,84145.0,84000.9,84019.7,11135.0,26.35780906677246,31.04452133178711,20.28554344177246,4.686712265014648,10.758977890014648,6.072265625
901,84028.0,84028.1,83827.1,83878.1,31049.0,20.729602813720703,26.61620330810547,10.807530403137207,5.886600494384766,15.808672904968262,9.922072410583496
902,83878.0,84009.6,83856.5,83953.2,4463.0,14.185469627380371,26.256393432617188,11.36156940460205,12.070923805236816,14.894824028015137,2.8239002227783203
903,83953.2,83980.8,83895.1,83918.3,6474.0,3.9017395973205566,22.712669372558594,14.970292091369629,18.810929775238037,7.742377281188965,11.068552494049072
904,83914.2,83935.5,83852.8,83852.8,6679.0,18.116256713867188,17.756755828857422,13.558354377746582,0.3595008850097656,4.19840145111084,4.5579023361206055
905,83841.9,83860.5,83741.6,83755.0,7145.0,13.510554313659668,14.143806457519531,7.176201820373535,0.6332521438598633,6.967604637145996,6.334352493286133
906,83759.2,83974.9,83745.7,83964.7,7273.0,13.210546493530273,23.754127502441406,15.208338737487793,10.543581008911133,8.545788764953613,1.9977922439575195
907,83964.7,84032.4,83898.7,83969.7,9174.0,13.31275749206543,26.37946319580078,27.521421432495117,13.066705703735352,1.141958236694336,14.208663940429688
908,83969.7,84129.4,83968.1,84078.1,7156.0,8.011222839355469,36.99077606201172,47.14699935913086,28.97955322265625,10.15622329711914,39.13577651977539
909,84073.9,84201.0,84073.0,84196.5,8198.0,9.332980155944824,51.34749984741211,64.25048065185547,42.014519691467285,12.90298080444336,54.917500495910645
910,84201.7,84201.7,84025.3,84045.2,8063.0,7.1956095695495605,49.6177978515625,70.67536926269531,42.42218828201294,21.057571411132812,63.47975969314575
911,84037.6,84037.8,83930.5,83979.7,5928.0,4.055509567260742,49.47489929199219,66.21559143066406,45.419389724731445,16.740692138671875,62.16008186340332
912,83977.9,83988.5,83936.0,83982.1,8969.0,3.766334295272827,49.01005554199219,51.97066116333008,45.24372124671936,2.9606056213378906,48.20432686805725
913,83979.3,83979.3,83847.1,83847.1,3779.0,12.86126708984375,40.4715576171875,39.44219207763672,27.61029052734375,1.0293655395507812,26.58092498779297
914,83847.2,83916.9,83827.6,83827.6,7451.0,12.668962478637695,36.057716369628906,29.852903366088867,23.38875389099121,6.204813003540039,17.183940887451172
915,83826.8,83826.8,83671.6,83685.5,10288.0,10.175070762634277,26.383708953857422,14.747696876525879,16.208638191223145,11.636012077331543,4.572626113891602
916,83677.2,83750.0,83586.7,83735.2,11544.0,10.219947814941406,28.862590789794922,15.153237342834473,18.642642974853516,13.70935344696045,4.933289527893066
917,83728.8,83728.8,83536.6,83616.9,42094.0,10.078855514526367,22.439725875854492,12.947019577026367,12.360870361328125,9.492706298828125,2.8681640625
918,83619.0,83698.3,83610.0,83610.6,4024.0,11.466794967651367,20.809480667114258,15.781778335571289,9.34268569946289,5.027702331542969,4.314983367919922
919,83608.5,83630.5,83587.0,83611.6,4610.0,18.960464477539062,18.175228118896484,11.491822242736816,0.7852363586425781,6.683405876159668,7.468642234802246
920,83615.8,83753.0,83608.5,83696.0,8401.0,28.262645721435547,20.983579635620117,15.456207275390625,7.27906608581543,5.527372360229492,12.806438446044922
921,83696.0,83808.4,83672.4,83771.7,8045.0,32.099159240722656,24.835678100585938,23.530241012573242,7.263481140136719,1.3054370880126953,8.568918228149414
922,83771.9,83797.2,83687.7,83743.3,7048.0,42.76897430419922,25.632171630859375,30.13050079345703,17.136802673339844,4.498329162597656,12.638473510742188
923,83749.0,83833.7,83689.7,83817.0,7983.0,52.564720153808594,30.875530242919922,36.194740295410156,21.689189910888672,5.319210052490234,16.369979858398438
924,83825.4,83826.3,83705.9,83740.7,7670.0,51.327056884765625,32.410221099853516,37.9863166809082,18.91683578491211,5.5760955810546875,13.340740203857422
925,83740.1,83775.0,83627.8,83677.6,7738.0,42.41449737548828,31.495819091796875,38.027801513671875,10.918678283691406,6.531982421875,4.386695861816406
926,83666.0,83684.1,83608.1,83608.1,5996.0,46.4596061706543,26.685699462890625,29.35857391357422,19.773906707763672,2.6728744506835938,17.101032257080078
927,83608.2,83629.2,83549.2,83576.1,6533.0,39.51983642578125,22.856046676635742,19.246461868286133,16.663789749145508,3.6095848083496094,20.273374557495117
928,83583.8,83622.3,83548.1,83548.2,7330.0,38.979347229003906,17.815555572509766,10.147533416748047,21.16379165649414,7.668022155761719,28.83181381225586
929,83555.1,83706.1,83555.1,83672.0,10687.0,49.2375602722168,28.748241424560547,19.954883575439453,20.48931884765625,8.793357849121094,29.282676696777344
930,83678.4,84299.9,83579.7,84099.8,48233.0,30.062602996826172,40.116119384765625,41.08753204345703,10.053516387939453,0.9714126586914062,11.02492904663086
931,84092.4,84256.8,83848.1,83896.1,20421.0,26.33251953125,38.38448715209961,55.21559524536133,12.05196762084961,16.83110809326172,28.883075714111328
932,83897.1,84299.9,83792.0,84270.3,17872.0,43.44204330444336,58.18772506713867,72.04541015625,14.745681762695312,13.857685089111328,28.60336685180664
933,84261.5,84293.4,83986.8,84269.2,10392.0,40.587520599365234,64.16310119628906,79.42291259765625,23.575580596923828,15.259811401367188,38.835391998291016
934,84269.3,84820.2,84269.3,84762.7,44408.0,58.710227966308594,72.6102523803711,95.81985473632812,13.9000244140625,23.20960235595703,37.10962677001953
935,84762.7,84900.0,84485.0,84890.9,32741.0,64.736328125,78.70004272460938,96.90792083740234,13.963714599609375,18.20787811279297,32.171592712402344
936,84890.9,85001.8,84816.5,84976.8,62131.0,74.82018280029297,83.19685363769531,97.69564056396484,8.376670837402344,14.498786926269531,22.875457763671875
937,84972.3,85140.8,84857.4,84864.4,30059.0,73.75816345214844,81.51425170898438,93.4176254272461,7.7560882568359375,11.903373718261719,19.659461975097656
938,84860.9,84992.7,84711.4,84800.2,12249.0,82.03286743164062,81.10879516601562,86.5137939453125,0.924072265625,5.404998779296875,4.480926513671875
939,84797.1,85040.4,84796.9,84863.8,11989.0,91.01493835449219,81.74371337890625,81.28974151611328,9.271224975585938,0.45397186279296875,9.725196838378906
940,84855.5,85041.6,84700.0,85007.8,10696.0,90.35978698730469,84.83396911621094,84.29090881347656,5.52581787109375,0.543060302734375,6.068878173828125
941,85007.8,85267.7,85007.8,85169.7,18893.0,91.0988998413086,86.95956420898438,89.51949310302734,4.139335632324219,2.5599288940429688,1.57940673828125
942,85171.3,85279.8,84913.6,85028.8,11743.0,90.4329833984375,85.74674987792969,90.4656982421875,4.6862335205078125,4.7189483642578125,0.03271484375
943,85028.8,85028.8,84774.4,84815.3,17450.0,77.39303588867188,81.79476928710938,84.14189910888672,4.4017333984375,2.3471298217773438,6.748863220214844
944,84815.3,84968.6,84772.1,84907.1,9999.0,79.86003875732422,80.83045959472656,77.69151306152344,0.9704208374023438,3.138946533203125,2.1685256958007812
945,84917.0,84984.1,84649.0,84660.5,12520.0,73.15615844726562,73.66671752929688,68.6675796508789,0.51055908203125,4.999137878417969,4.488578796386719
946,84656.3,84699.8,84407.8,84436.5,15972.0,71.28658294677734,63.09233856201172,56.03485870361328,8.194244384765625,7.0574798583984375,15.251724243164062
947,84434.9,84539.6,84235.7,84261.3,11651.0,67.27659606933594,46.40345001220703,31.868671417236328,20.873146057128906,14.534778594970703,35.40792465209961
948,84265.7,84645.9,84251.6,84645.8,25414.0,52.470733642578125,49.591094970703125,25.502864837646484,2.879638671875,24.08823013305664,26.96786880493164
949,84640.6,84671.3,84374.2,84546.2,8208.0,33.45671081542969,41.91108703613281,23.822494506835938,8.454376220703125,18.088592529296875,9.63421630859375
950,84534.6,84682.1,84494.5,84649.9,18914.0,32.412288665771484,43.72416687011719,36.22883605957031,11.311878204345703,7.495330810546875,3.816547393798828
951,84650.6,84986.8,84570.9,84893.5,17548.0,17.001049041748047,49.545654296875,44.13690948486328,32.54460525512695,5.408744812011719,27.135860443115234
952,84893.4,85162.0,84781.0,85125.8,20141.0,12.939338684082031,59.50672912597656,62.64079666137695,46.56739044189453,3.1340675354003906,49.70145797729492
953,85141.6,85217.2,85078.1,85179.5,8645.0,7.712725639343262,66.48208618164062,79.54865264892578,58.76936054229736,13.066566467285156,71.83592700958252
954,85179.5,85427.9,85162.8,85400.7,20955.0,10.389457702636719,74.56922912597656,91.12104797363281,64.17977142333984,16.55181884765625,80.7315902709961
955,85403.5,85488.7,85308.4,85417.0,8141.0,6.551266670227051,78.44293212890625,94.13008117675781,71.8916654586792,15.687149047851562,87.57881450653076
956,85417.0,85417.0,85030.7,85069.6,20538.0,8.984759330749512,73.1881103515625,86.1828384399414,64.20335102081299,12.994728088378906,77.1980791091919
957,85055.6,85190.8,85055.6,85060.6,6663.0,11.458078384399414,72.4883041381836,75.55450439453125,61.03022575378418,3.0662002563476562,64.09642601013184
958,85060.1,85154.7,85000.1,85122.8,11759.0,3.9100492000579834,72.15800476074219,67.72786712646484,68.2479555606842,4.430137634277344,63.81781792640686
959,85122.8,85122.8,84836.1,84836.2,16029.0,8.149898529052734,64.1904296875,61.51881408691406,56.040531158447266,2.6716156005859375,53.36891555786133
960,84836.2,85103.4,84806.1,84820.4,13616.0,7.413846015930176,61.004024505615234,55.12873458862305,53.59017848968506,5.8752899169921875,47.71488857269287
961,84812.1,84833.6,84582.3,84582.3,12104.0,2.0680654048919678,50.64197540283203,40.440025329589844,48.57390999794006,10.201950073242188,38.371959924697876
962,84578.1,84628.0,84460.8,84469.8,16158.0,2.7147278785705566,40.07442855834961,27.32412338256836,37.35970067977905,12.75030517578125,24.609395503997803
963,84470.8,84551.8,84329.4,84551.7,10543.0,4.777905464172363,36.630699157714844,18.161476135253906,31.85279369354248,18.469223022460938,13.383570671081543
964,84556.0,84601.9,84415.7,84555.3,7480.0,5.9246320724487305,32.06360626220703,15.746216773986816,26.1389741897583,16.317389488220215,9.821584701538086
965,84539.0,84713.2,84494.4,84632.7,20191.0,7.6181640625,31.618980407714844,21.608003616333008,24.000816345214844,10.010976791381836,13.989839553833008
966,84632.6,84788.1,84526.3,84670.7,11339.0,-52.590370178222656,31.041015625,25.02959442138672,83.63138580322266,6.011421203613281,77.61996459960938
967,84670.0,84670.5,84503.8,84520.0,8458.0,-14.56018352508545,26.367008209228516,24.01470947265625,40.927191734313965,2.3522987365722656,38.5748929977417
968,84520.1,84558.2,84307.6,84440.3,13741.0,-13.751177787780762,22.880966186523438,19.038787841796875,36.6321439743042,3.8421783447265625,32.78996562957764
969,84440.3,84502.6,84340.4,84454.2,4812.0,-9.601816177368164,20.82082748413086,13.63013744354248,30.422643661499023,7.190690040588379,23.231953620910645
970,84454.1,84461.6,84317.9,84424.8,8405.0,-6.432509422302246,18.990421295166016,12.572951316833496,25.42293071746826,6.4174699783325195,19.005460739135742
971,84424.8,84466.4,84317.9,84428.5,5970.0,-3.3231749534606934,18.027753829956055,13.58533000946045,21.350928783416748,4.4424238204956055,16.908504962921143
972,84428.5,84469.6,84304.4,84328.8,6193.0,-4.447927474975586,13.333139419555664,10.174240112304688,17.78106689453125,3.1588993072509766,14.622167587280273
973,84324.6,84341.3,84047.4,84155.2,19509.0,4.126832962036133,13.856557846069336,9.154010772705078,9.729724884033203,4.702547073364258,5.027177810668945
974,84155.2,84252.7,84064.1,84174.1,6456.0,14.65876293182373,14.435174942016602,9.768614768981934,0.2235879898071289,4.666560173034668,4.890148162841797
975,84174.1,84294.7,84169.0,84187.5,9896.0,17.61846923828125,15.735468864440918,15.079757690429688,1.883000373840332,0.6557111740112305,2.5387115478515625
976,84186.0,84243.8,84129.5,84130.9,5068.0,25.17262077331543,13.814573287963867,15.434523582458496,11.358047485351562,1.619950294494629,9.738097190856934
977,84124.0,84124.0,83836.9,83943.2,13960.0,23.6927490234375,13.575285911560059,13.78785228729248,10.117463111877441,0.21256637573242188,9.90489673614502
978,83943.3,84075.7,83943.3,84063.2,18572.0,24.573429107666016,17.0604248046875,15.413434028625488,7.513004302978516,1.6469907760620117,9.159995079040527
979,84067.1,84202.8,84029.6,84184.1,18730.0,19.652387619018555,22.379058837890625,23.822898864746094,2.7266712188720703,1.4438400268554688,4.170511245727539
980,84184.6,84201.2,83800.1,83860.5,9955.0,14.628074645996094,15.459551811218262,22.410686492919922,0.831477165222168,6.95113468170166,7.782611846923828
981,83860.4,83911.7,83750.0,83803.1,9483.0,15.483856201171875,14.802978515625,16.67032241821289,0.680877685546875,1.8673439025878906,1.1864662170410156
982,83803.4,84003.3,83686.4,83926.7,14106.0,13.022727966308594,19.90143585205078,14.317090034484863,6.8787078857421875,5.584345817565918,1.2943620681762695
983,83936.7,84116.6,83895.2,84063.1,5934.0,10.404470443725586,27.600723266601562,28.036617279052734,17.196252822875977,0.4358940124511719,17.63214683532715
984,84063.0,84068.0,83884.0,84056.9,11360.0,16.765012741088867,31.60263442993164,41.615089416503906,14.837621688842773,10.012454986572266,24.85007667541504
985,84058.9,84344.3,84000.1,84130.2,22610.0,10.331449508666992,38.622901916503906,50.68960952758789,28.291452407836914,12.066707611083984,40.3581600189209
986,84143.8,84143.8,83805.5,83890.7,6890.0,9.589334487915039,33.75989532470703,45.00840377807617,24.170560836791992,11.24850845336914,35.41906929016113
987,83898.4,83898.4,83725.7,83767.8,7933.0,4.015876770019531,28.251766204833984,33.363990783691406,24.235889434814453,5.112224578857422,29.348114013671875
988,83769.1,83833.8,83644.4,83698.6,9021.0,2.524775266647339,23.252029418945312,17.05702018737793,20.727254152297974,6.195009231567383,14.53224492073059
989,83698.6,83698.6,83592.7,83631.9,7309.0,-2.257770299911499,18.906253814697266,8.443960189819336,21.164024114608765,10.46229362487793,10.701730489730835
990,83628.6,83711.6,83506.1,83646.8,14344.0,1.2354021072387695,19.647930145263672,9.914963722229004,18.412528038024902,9.732966423034668,8.679561614990234
991,83640.5,83826.1,83518.1,83826.1,13397.0,-1.7261760234832764,25.5771484375,20.059242248535156,27.303324460983276,5.517906188964844,21.785418272018433
992,83826.2,83863.0,83730.3,83806.9,14159.0,-2.0091452598571777,27.037109375,30.283004760742188,29.046254634857178,3.2458953857421875,32.292150020599365
993,83793.4,83807.0,83529.3,83542.8,39490.0,-0.47985339164733887,18.997385025024414,26.14713478088379,19.477238416671753,7.149749755859375,26.626988172531128
994,83541.2,83617.5,83335.1,83363.5,30566.0,-1.2974300384521484,16.282821655273438,14.359371185302734,17.580251693725586,1.9234504699707031,15.656801223754883
995,83364.5,83410.2,83294.4,83322.6,14210.0,1.6649339199066162,12.655492782592773,3.2927117347717285,10.990558862686157,9.362781047821045,1.6277778148651123
996,83329.0,83414.6,83195.0,83211.9,12244.0,-2.2905354499816895,10.136214256286621,2.3235228061676025,12.42674970626831,7.8126914501190186,4.614058256149292
997,83211.9,83284.2,83062.6,83228.9,68510.0,2.2509679794311523,11.922155380249023,5.710453033447266,9.671187400817871,6.211702346801758,3.4594850540161133
998,83244.1,83284.0,83121.4,83169.0,11905.0,4.971513748168945,10.119917869567871,7.582156658172607,5.148404121398926,2.5377612113952637,2.610642910003662
999,83175.6,83183.9,82916.8,82937.8,19501.0,2.485883951187134,7.917855262756348,7.662544250488281,5.431971311569214,0.2553110122680664,5.1766602993011475
1000,82925.6,82963.6,82843.7,82875.6,29655.0,4.781876564025879,7.0207319259643555,4.345765590667725,2.2388553619384766,2.674966335296631,0.4361109733581543
1001,82876.6,83021.4,82870.1,82967.0,8328.0,5.6976447105407715,9.011618614196777,5.610726833343506,3.313973903656006,3.4008917808532715,0.08691787719726562
1002,82972.2,83028.8,82784.3,82884.9,14024.0,21.230960845947266,8.452836990356445,8.14894962310791,12.77812385559082,0.30388736724853516,13.082011222839355
1003,82870.4,83052.6,82846.0,83030.4,9470.0,36.416786193847656,13.426344871520996,14.745667457580566,22.99044132232666,1.3193225860595703,21.67111873626709
1004,83030.4,83299.0,83030.4,83225.5,16092.0,43.67334747314453,20.926815032958984,24.34733009338379,22.746532440185547,3.4205150604248047,19.326017379760742
1005,83225.5,83375.9,83118.9,83354.1,17205.0,54.75767135620117,29.058761596679688,38.846317291259766,25.698909759521484,9.787555694580078,15.911354064941406
1006,83346.1,83366.1,83235.0,83327.7,13563.0,70.05360412597656,34.37329864501953,48.95289611816406,35.68030548095703,14.579597473144531,21.1007080078125
1007,83327.7,83387.0,83234.4,83319.0,10598.0,79.6639404296875,42.53548812866211,56.71061325073242,37.12845230102539,14.175125122070312,22.953327178955078
1008,83328.2,83367.4,83068.8,83169.0,9307.0,82.02096557617188,45.9810905456543,59.44772720336914,36.03987503051758,13.466636657714844,22.573238372802734
1009,83191.0,83333.0,83145.0,83262.0,5816.0,98.69744873046875,54.768611907958984,66.9993667602539,43.928836822509766,12.230754852294922,31.698081970214844
1010,83261.8,83261.8,83098.2,83204.9,7128.0,90.54076385498047,56.845191955566406,68.86985778808594,33.69557189941406,12.024665832519531,21.67090606689453
1011,83205.8,83210.9,82950.1,83020.0,10240.0,92.6551742553711,50.2404899597168,61.56092071533203,42.4146842956543,11.320430755615234,31.094253540039062
1012,83010.3,83025.3,82811.0,82841.7,16781.0,94.87149047851562,38.87015914916992,39.472774505615234,56.0013313293457,0.6026153564453125,55.39871597290039
1013,82845.8,82866.4,82718.4,82830.3,12697.0,91.18834686279297,35.28227996826172,21.78955078125,55.90606689453125,13.492729187011719,69.39879608154297
1014,82857.7,83147.1,82857.7,83096.5,12846.0,89.37995910644531,43.56785202026367,27.60403060913086,45.81210708618164,15.963821411132812,61.77592849731445
1015,83085.2,83168.2,82984.1,83070.7,10440.0,69.52013397216797,43.84763717651367,41.99335479736328,25.672496795654297,1.8542823791503906,27.526779174804688
1016,83080.9,83200.2,82974.4,83158.8,10932.0,56.4483757019043,51.094696044921875,58.37082290649414,5.353679656982422,7.276126861572266,1.9224472045898438
1017,83158.9,83160.0,82927.1,82927.1,5971.0,39.95942306518555,42.052406311035156,49.925411224365234,2.0929832458496094,7.873004913330078,9.965988159179688
1018,82922.4,82988.2,82783.7,82963.5,13592.0,30.8454647064209,43.268646240234375,44.58076858520508,12.423181533813477,1.3121223449707031,13.73530387878418
1019,82965.8,82977.4,82875.1,82922.3,7153.0,23.44868278503418,38.605770111083984,32.78998947143555,15.157087326049805,5.8157806396484375,9.341306686401367
1020,82922.3,83030.4,82889.2,82941.3,11976.0,20.119171142578125,38.404144287109375,33.49769973754883,18.28497314453125,4.906444549560547,13.378528594970703
1021,82950.1,83099.9,82902.3,83002.0,9003.0,7.285708904266357,40.236053466796875,35.84416580200195,32.95034456253052,4.391887664794922,28.558456897735596
1022,82996.5,83020.0,82769.9,82843.9,19729.0,15.808462142944336,33.01997756958008,32.48532485961914,17.211515426635742,0.5346527099609375,16.676862716674805
1023,82843.8,82883.9,82707.7,82783.4,17817.0,4.916590690612793,28.97237777709961,25.92635726928711,24.055787086486816,3.0460205078125,21.009766578674316
1024,82762.5,82762.5,82445.9,82450.1,38999.0,-1.8393256664276123,20.84726333618164,11.543420791625977,22.686589002609253,9.303842544555664,13.382746458053589
1025,82457.3,82604.0,82310.6,82464.0,20183.0,-3.4530811309814453,22.354381561279297,10.484676361083984,25.807462692260742,11.869705200195312,13.93775749206543
1026,82463.2,82533.3,82345.6,82498.0,12211.0,7.956273555755615,21.422359466552734,12.952787399291992,13.46608591079712,8.469572067260742,4.996513843536377
1027,82490.7,82738.0,82431.8,82664.8,11469.0,32.080074310302734,27.863933563232422,26.04132843017578,4.2161407470703125,1.8226051330566406,6.038745880126953
1028,82683.2,83082.3,82666.0,82839.8,14730.0,46.59844207763672,36.2576904296875,40.12242126464844,10.340751647949219,3.8647308349609375,6.476020812988281
1029,82843.1,82933.7,82700.1,82887.1,6414.0,58.22948455810547,42.97530746459961,54.70204162597656,15.25417709350586,11.726734161376953,3.5274429321289062
1030,82888.2,82990.1,82829.2,82875.8,8653.0,69.20570373535156,48.591217041015625,63.61057662963867,20.614486694335938,15.019359588623047,5.595127105712891
1031,82888.0,82961.2,82739.9,82799.9,10151.0,72.38160705566406,51.186004638671875,64.44548034667969,21.195602416992188,13.259475708007812,7.936126708984375
1032,82820.8,82825.6,82633.4,82714.6,15778.0,77.65695190429688,50.320674896240234,59.90564727783203,27.33627700805664,9.584972381591797,17.751304626464844
1033,82715.6,82988.3,82715.6,82955.1,9882.0,84.85513305664062,61.05387878417969,64.9437484741211,23.801254272460938,3.8898696899414062,19.91138458251953
1034,82963.1,82967.7,82783.6,82919.9,7372.0,88.78924560546875,62.85648727416992,70.01155090332031,25.932758331298828,7.155063629150391,18.777694702148438
1035,82913.9,82927.3,82831.9,82909.1,4950.0,92.3792724609375,67.15563201904297,78.8021240234375,25.22364044189453,11.646492004394531,13.5771484375
1036,82910.5,82960.7,82740.6,82909.9,8216.0,90.69371032714844,69.22396850585938,77.47039794921875,21.469741821289062,8.246429443359375,13.223312377929688
1037,82921.7,83124.8,82802.1,82885.1,10440.0,87.4759750366211,68.98002624511719,75.25891876220703,18.495948791503906,6.278892517089844,12.217056274414062
1038,82885.2,82910.2,82579.6,82602.9,8948.0,86.37529754638672,58.034698486328125,61.37344741821289,28.340599060058594,3.3387489318847656,25.001850128173828
1039,82597.0,82746.2,82551.9,82745.7,6251.0,90.22291564941406,59.454254150390625,52.602867126464844,30.768661499023438,6.851387023925781,37.62004852294922
1040,82746.0,82972.1,82713.0,82924.8,8474.0,92.81422424316406,62.876312255859375,52.79603576660156,29.937911987304688,10.080276489257812,40.0181884765625
1041,82931.2,83200.3,82842.8,83181.5,11690.0,99.99871826171875,73.14386749267578,73.19635009765625,26.85485076904297,0.05248260498046875,26.8023681640625
1042,83169.5,83271.3,82972.3,82976.7,31206.0,93.88482666015625,65.02339172363281,75.76366424560547,28.861434936523438,10.740272521972656,18.12116241455078
1043,82981.4,83032.6,82853.1,82971.3,13061.0,92.07572937011719,65.48858642578125,71.48316955566406,26.587142944335938,5.9945831298828125,20.592559814453125
1044,82965.3,83145.1,82965.3,83098.3,9214.0,81.28449249267578,68.82137298583984,64.43353271484375,12.463119506835938,4.387840270996094,16.85095977783203
1045,83087.7,83197.7,82994.5,83182.7,6665.0,81.39445495605469,73.99833679199219,73.97854614257812,7.3961181640625,0.0197906494140625,7.4159088134765625
1046,83178.7,83229.1,83127.5,83133.0,7498.0,68.76497650146484,74.53192138671875,81.47106170654297,5.766944885253906,6.939140319824219,12.706085205078125
1047,83128.0,83223.0,83102.7,83174.7,5256.0,56.03226852416992,78.36775207519531,85.01134490966797,22.33548355102539,6.643592834472656,28.979076385498047
1048,83174.6,83307.3,83072.9,83184.5,35632.0,55.04829025268555,78.88125610351562,83.69770812988281,23.832965850830078,4.8164520263671875,28.649417877197266
1049,83184.6,83284.5,83088.8,83284.5,6360.0,40.747615814208984,84.74372100830078,89.09973907470703,43.9961051940918,4.35601806640625,48.35212326049805
1050,83272.9,83346.8,83179.9,83179.9,13760.0,61.74755859375,80.87626647949219,86.57667541503906,19.128707885742188,5.700408935546875,24.829116821289062
1051,83179.7,83184.8,83045.7,83052.5,4461.0,63.6545524597168,76.19892883300781,79.65424346923828,12.544376373291016,3.4553146362304688,15.999691009521484
1052,83052.4,83146.3,82935.9,83116.1,10939.0,67.72093200683594,76.01773834228516,70.9862060546875,8.296806335449219,5.031532287597656,3.2652740478515625
1053,83100.4,83247.2,83088.1,83180.9,7460.0,66.1666259765625,75.34711456298828,69.25982666015625,9.180488586425781,6.087287902832031,3.09320068359375
1054,83176.7,83247.2,83113.7,83113.7,4538.0,78.16744232177734,68.37203216552734,66.18463897705078,9.79541015625,2.1873931884765625,11.982803344726562
1055,83112.5,83218.2,83097.6,83143.2,4559.0,80.46355438232422,67.49346923828125,62.112388610839844,12.970085144042969,5.381080627441406,18.351165771484375
1056,83147.8,83445.2,83122.1,83399.3,9186.0,73.28364562988281,76.03746795654297,68.25312805175781,2.7538223266601562,7.784339904785156,5.030517578125
1057,83393.7,83643.2,83384.8,83617.9,18477.0,69.32542419433594,79.98443603515625,82.47684478759766,10.659011840820312,2.4924087524414062,13.151420593261719
1058,83616.3,83796.2,83572.4,83765.2,20164.0,59.6494140625,84.13951110839844,95.02196502685547,24.490097045898438,10.882453918457031,35.37255096435547
1059,83761.1,83769.4,83530.7,83549.3,9553.0,53.1803092956543,78.47470092773438,88.03971099853516,25.294391632080078,9.565010070800781,34.85940170288086
1060,83552.4,83699.9,83552.4,83664.0,8323.0,47.796478271484375,82.41573333740234,84.10991668701172,34.61925506591797,1.694183349609375,36.313438415527344
1061,83663.9,83696.4,83552.1,83583.8,8161.0,36.22126007080078,78.73359680175781,77.0811538696289,42.51233673095703,1.6524429321289062,40.859893798828125
1062,83581.5,83617.6,83483.5,83502.9,9247.0,27.309280395507812,75.68540954589844,75.28340911865234,48.376129150390625,0.40200042724609375,47.97412872314453
1063,83498.6,83528.3,83410.5,83410.5,6310.0,20.14809226989746,69.86189270019531,65.4613037109375,49.71380043029785,4.4005889892578125,45.31321144104004
1064,83419.0,83419.1,83243.2,83355.1,44546.0,17.941844940185547,64.75819396972656,56.600284576416016,46.816349029541016,8.157909393310547,38.65843963623047
1065,83365.5,83365.5,83137.7,83245.0,10509.0,16.84144401550293,56.84980010986328,46.60776138305664,40.00835609436035,10.24203872680664,29.76631736755371
1066,83244.9,83472.3,83217.3,83376.4,11346.0,11.423772811889648,54.10735321044922,41.790218353271484,42.68358039855957,12.317134857177734,30.366445541381836
1067,83379.7,83599.9,83379.7,83593.4,5674.0,11.244037628173828,60.642356872558594,49.20442581176758,49.398319244384766,11.437931060791016,37.96038818359375
1068,83593.4,83810.5,83593.4,83773.3,12094.0,6.683595180511475,69.84371185302734,68.8218002319336,63.16011667251587,1.02191162109375,62.13820505142212
1069,83778.5,83884.0,83778.5,83853.8,8720.0,8.883956909179688,75.50729370117188,87.26238250732422,66.62333679199219,11.755088806152344,78.37842559814453
1070,83856.0,83932.0,83741.5,83919.5,6771.0,10.013349533081055,81.25909423828125,96.41450500488281,71.2457447052002,15.155410766601562,86.40115547180176
1071,83916.6,84107.5,83916.6,84096.0,22793.0,5.129244804382324,85.19352722167969,97.75875854492188,80.06428241729736,12.565231323242188,92.62951374053955
1072,84094.0,84469.1,84059.2,84469.1,44748.0,12.01612663269043,88.81755065917969,99.08015441894531,76.80142402648926,10.262603759765625,87.06402778625488
1073,84469.1,84537.4,84331.0,84471.8,17837.0,19.84625244140625,89.77474212646484,98.04244995117188,69.9284896850586,8.267707824707031,78.19619750976562
1074,84468.2,84514.9,84353.3,84407.5,7191.0,24.65399169921875,89.77061462402344,95.34422302246094,65.11662292480469,5.5736083984375,70.69023132324219
1075,84405.0,84594.4,84400.8,84531.8,17853.0,46.418758392333984,91.7492904663086,93.9117202758789,45.33053207397461,2.1624298095703125,47.49296188354492
1076,84531.8,84779.9,84531.8,84728.3,10834.0,50.738548278808594,92.79256439208984,94.42659759521484,42.05401611328125,1.634033203125,43.68804931640625
1077,84726.2,84730.2,84553.1,84639.2,8104.0,72.59252166748047,91.99144744873047,94.66425323486328,19.39892578125,2.6728057861328125,22.071731567382812
1078,84645.4,84843.4,84645.4,84788.6,6836.0,83.19615936279297,93.85714721679688,95.02589416503906,10.660987854003906,1.1687469482421875,11.829734802246094
1079,84802.4,84937.8,84788.9,84921.0,9863.0,86.23705291748047,94.95744323730469,95.74787139892578,8.720390319824219,0.7904281616210938,9.510818481445312
1080,84921.0,84963.5,84713.3,84825.4,29305.0,92.98693084716797,93.36498260498047,95.69715881347656,0.3780517578125,2.3321762084960938,2.7102279663085938
1081,84825.4,84832.5,84578.6,84643.4,31444.0,95.42726135253906,88.3197021484375,88.98023986816406,7.1075592041015625,0.6605377197265625,6.447021484375
1082,84648.7,84856.0,84635.0,84707.8,12198.0,94.82250213623047,86.91991424560547,82.33068084716797,7.902587890625,4.5892333984375,12.4918212890625
1083,84713.1,84934.3,84713.1,84924.9,22912.0,98.43022155761719,90.69358825683594,84.18426513671875,7.73663330078125,6.5093231201171875,14.245956420898438
1084,84924.9,85000.0,84870.7,84992.2,7445.0,99.225341796875,92.29794311523438,91.73216247558594,6.927398681640625,0.5657806396484375,7.4931793212890625
1085,84988.3,85033.8,84865.2,84981.3,7177.0,96.12864685058594,92.53489685058594,96.91152954101562,3.59375,4.3766326904296875,0.7828826904296875
1086,84981.5,85175.3,84981.5,85131.6,10751.0,100.3330078125,93.21916961669922,96.23937225341797,7.113838195800781,3.02020263671875,4.093635559082031
1087,85132.1,85495.4,85088.0,85405.6,32002.0,94.0892333984375,92.63055419921875,93.85845184326172,1.45867919921875,1.2278976440429688,0.23078155517578125
1088,85414.1,85414.1,85208.4,85305.7,15830.0,93.75111389160156,89.50655364990234,89.87738037109375,4.244560241699219,0.37082672119140625,3.8737335205078125
1089,85305.7,85471.1,85301.4,85384.0,5496.0,92.8424301147461,90.1921615600586,87.74895477294922,2.6502685546875,2.443206787109375,5.093475341796875
1090,85383.9,85383.9,85109.7,85229.7,15122.0,85.59465026855469,83.83406066894531,80.97090911865234,1.760589599609375,2.8631515502929688,4.623741149902344
1091,85228.3,85329.5,85143.0,85234.0,10143.0,73.95867156982422,81.83802795410156,77.2435531616211,7.879356384277344,4.594474792480469,3.284881591796875
1092,85242.4,85311.9,85073.9,85155.1,14359.0,45.797874450683594,76.1846923828125,68.72442626953125,30.386817932128906,7.46026611328125,22.926551818847656
1093,85166.3,85242.2,85024.3,85132.6,10146.0,37.89655303955078,72.81683349609375,64.93254089355469,34.92028045654297,7.8842926025390625,27.035987854003906
1094,85162.9,85233.7,85104.3,85130.0,9191.0,24.803279876708984,69.71517944335938,61.1512565612793,44.91189956665039,8.563922882080078,36.34797668457031
1095,85131.1,85316.6,85120.1,85194.0,7822.0,21.42449951171875,69.16730499267578,61.847232818603516,47.74280548095703,7.320072174072266,40.422733306884766
1096,85201.8,85285.2,85079.0,85131.4,8329.0,16.678380966186523,64.11761474609375,59.5280876159668,47.43923377990723,4.589527130126953,42.84970664978027
1097,85160.4,85295.5,84984.1,85144.8,17961.0,23.020671844482422,59.217041015625,54.26881790161133,36.19636917114258,4.948223114013672,31.248146057128906
1098,85144.8,85407.8,85127.1,85361.0,17528.0,25.58618927001953,67.3360595703125,58.836692810058594,41.74987030029297,8.499366760253906,33.25050354003906
1099,85361.0,85448.1,85123.2,85123.2,8249.0,34.20083236694336,51.375755310058594,50.204627990722656,17.174922943115234,1.1711273193359375,16.003795623779297
1100,85123.2,85130.6,84951.8,85037.8,10494.0,36.69656753540039,44.844078063964844,40.689361572265625,8.147510528564453,4.154716491699219,3.9927940368652344
1101,85042.0,85250.6,85016.8,85054.9,12391.0,51.398555755615234,38.691200256347656,21.08277702331543,12.707355499267578,17.608423233032227,30.315778732299805
1102,85063.5,85277.3,85063.5,85188.7,10834.0,54.646263122558594,43.051727294921875,27.098024368286133,11.594535827636719,15.953702926635742,27.54823875427246
1103,85187.8,85337.9,85118.3,85337.9,10198.0,57.372642517089844,53.17939758300781,47.756309509277344,4.193244934082031,5.423088073730469,9.6163330078125
1104,85346.5,85444.5,85329.2,85392.6,13602.0,65.52326965332031,61.68282699584961,70.74417114257812,3.840442657470703,9.061344146728516,5.2209014892578125
1105,85393.9,85561.9,85319.7,85418.8,11914.0,68.99889373779297,63.80228805541992,81.05242156982422,5.196605682373047,17.250133514404297,12.05352783203125
1106,85417.8,85429.4,85300.1,85300.4,8748.0,70.62223052978516,60.87446594238281,74.16675567626953,9.747764587402344,13.292289733886719,3.544525146484375
1107,85300.0,85300.0,85090.5,85152.2,6980.0,72.96187591552734,52.50825500488281,55.510311126708984,20.45362091064453,3.002056121826172,17.45156478881836
1108,85153.2,85165.3,85047.3,85085.0,10597.0,79.48872375488281,45.07189178466797,37.27307891845703,34.416831970214844,7.7988128662109375,42.21564483642578
1109,85085.0,85226.7,85085.0,85199.7,8634.0,82.36052703857422,46.071250915527344,31.771520614624023,36.289276123046875,14.29973030090332,50.589006423950195
1110,85195.7,85336.2,85195.7,85319.5,6052.0,77.94721984863281,50.47077178955078,40.911903381347656,27.47644805908203,9.558868408203125,37.035316467285156
1111,85325.4,85429.3,85285.5,85289.7,7594.0,80.97396850585938,50.642425537109375,52.096004486083984,30.33154296875,1.4535789489746094,28.87796401977539
1112,85285.6,85346.4,85205.0,85346.4,5640.0,58.18037033081055,55.26374053955078,60.110809326171875,2.9166297912597656,4.847068786621094,1.9304389953613281
1113,85342.2,85423.8,85333.7,85423.7,8240.0,48.47825622558594,61.084991455078125,65.80402374267578,12.606735229492188,4.719032287597656,17.325767517089844
1114,85410.8,85471.1,85387.4,85430.1,7198.0,30.128494262695312,64.05677795410156,72.61613464355469,33.92828369140625,8.559356689453125,42.487640380859375
1115,85426.0,85471.1,85315.3,85394.0,5488.0,26.308277130126953,64.171630859375,73.5145034790039,37.86335372924805,9.342872619628906,47.20622634887695
1116,85397.6,85463.6,85352.0,85463.6,7635.0,23.694595336914062,69.70895385742188,74.69772338867188,46.01435852050781,4.98876953125,51.00312805175781
1117,85471.1,85471.1,85238.8,85252.8,8913.0,17.04605484008789,57.938133239746094,62.73512649536133,40.8920783996582,4.796993255615234,45.68907165527344
1118,85247.5,85285.1,85058.4,85130.4,12347.0,20.297340393066406,47.93193817138672,45.66032409667969,27.634597778320312,2.2716140747070312,25.36298370361328
1119,85139.0,85276.5,85129.6,85169.9,15130.0,11.019325256347656,44.932952880859375,28.33710479736328,33.91362762451172,16.595848083496094,17.317779541015625
1120,85181.6,85200.2,85075.3,85088.0,8698.0,6.2097578048706055,34.1563720703125,18.22724151611328,27.946614265441895,15.929130554199219,12.017483711242676
1121,85088.0,85200.0,84990.6,85200.0,18433.0,5.669315338134766,40.8895378112793,27.37076187133789,35.22022247314453,13.518775939941406,21.701446533203125
1122,85200.0,85268.6,85181.8,85237.4,5815.0,9.018943786621094,42.13614273071289,34.848670959472656,33.1171989440918,7.287471771240234,25.829727172851562
1123,85240.1,85268.1,85166.9,85205.4,5931.0,23.046062469482422,42.57615661621094,46.54819107055664,19.530094146728516,3.972034454345703,23.50212860107422
1124,85198.0,85198.4,85125.6,85172.6,3847.0,29.245527267456055,40.8631706237793,44.64750289916992,11.617643356323242,3.784332275390625,15.401975631713867
1125,85173.4,85384.5,85173.4,85335.4,18953.0,48.926509857177734,51.732421875,51.44597625732422,2.8059120178222656,0.28644561767578125,2.5194664001464844
1126,85343.1,85349.8,85102.7,85181.6,8900.0,55.10283660888672,44.11528778076172,49.795135498046875,10.987548828125,5.679847717285156,5.307701110839844
1127,85186.6,85246.2,85127.0,85230.2,5599.0,67.01640319824219,48.5709228515625,53.791080474853516,18.445480346679688,5.220157623291016,13.225322723388672
1128,85224.5,85288.6,85170.3,85281.0,4742.0,69.18431854248047,51.040977478027344,50.01734161376953,18.143341064453125,1.0236358642578125,19.166976928710938
1129,85281.0,85355.8,85279.4,85318.8,9746.0,76.1209716796875,55.971595764160156,59.534881591796875,20.149375915527344,3.5632858276367188,16.586090087890625
1130,85318.7,85318.7,85180.9,85189.8,5384.0,80.30445861816406,49.489471435546875,56.7318115234375,30.814987182617188,7.242340087890625,23.572647094726562
1131,85183.3,85269.7,85161.6,85223.7,6086.0,79.64187622070312,54.879722595214844,56.3122673034668,24.76215362548828,1.4325447082519531,23.329608917236328
1132,85222.7,85222.7,85020.0,85020.0,7734.0,90.68736267089844,37.277549743652344,36.03246307373047,53.409812927246094,1.245086669921875,54.65489959716797
1133,85006.4,85052.3,84906.1,84906.1,7145.0,90.40231323242188,30.719091415405273,22.213848114013672,59.6832218170166,8.505243301391602,68.1884651184082
1134,84905.8,84951.2,84779.9,84868.0,12524.0,93.05291748046875,27.5228271484375,7.34509801864624,65.53009033203125,20.17772912979126,85.70781946182251
1135,84860.9,85071.5,84860.9,84990.3,8568.0,94.03353881835938,31.013813018798828,16.45711898803711,63.01972579956055,14.556694030761719,77.57641983032227
1136,84988.0,84988.0,84879.2,84910.6,8412.0,96.80380249023438,26.71823501586914,23.66313934326172,70.08556747436523,3.055095672607422,73.14066314697266
1137,84910.7,84992.1,84867.1,84961.3,5568.0,97.43791198730469,29.245006561279297,28.80685043334961,68.19290542602539,0.4381561279296875,68.63106155395508
1138,84957.2,85017.6,84882.3,84901.1,4003.0,96.37005615234375,25.336673736572266,23.88926887512207,71.03338241577148,1.4474048614501953,72.48078727722168
1139,84897.8,84949.5,84831.7,84855.1,9828.0,89.6069564819336,22.54669189453125,21.036048889160156,67.06026458740234,1.5106430053710938,68.57090759277344
1140,84871.0,84949.6,84782.5,84790.1,4940.0,94.49354553222656,16.551685333251953,11.625621795654297,77.94186019897461,4.926063537597656,82.86792373657227
1141,84788.3,84808.4,84700.0,84751.4,8883.0,90.69120788574219,15.64531135559082,7.555881023406982,75.04589653015137,8.089430332183838,83.1353268623352
1142,84754.7,84754.7,84570.5,84612.5,12330.0,85.7270736694336,12.515097618103027,4.985846042633057,73.21197605133057,7.529251575469971,80.74122762680054
1143,84604.1,84637.0,84327.4,84423.9,40936.0,81.31617736816406,12.631686210632324,7.640165328979492,68.68449115753174,4.991520881652832,73.67601203918457
1144,84420.7,84420.7,84208.6,84229.8,10888.0,63.48484420776367,9.048089027404785,5.693474769592285,54.43675518035889,3.3546142578125,57.79136943817139
1145,84229.8,84290.6,84004.7,84024.3,17100.0,52.55022430419922,7.762819290161133,4.44693660736084,44.787405014038086,3.315882682800293,48.10328769683838
1146,84012.6,84258.9,83913.9,84150.8,11053.0,34.71648406982422,12.425167083740234,8.023585319519043,22.291316986083984,4.401581764221191,26.692898750305176
1147,84150.8,84159.2,83900.0,83998.3,31858.0,24.359800338745117,9.526224136352539,10.154653549194336,14.833576202392578,0.6284294128417969,14.205146789550781
1148,83998.4,84009.6,83758.2,83909.4,21347.0,21.1008358001709,11.154681205749512,13.455976486206055,9.946154594421387,2.301295280456543,7.644859313964844
1149,83909.5,84162.2,83873.9,84122.5,18923.0,17.49258804321289,16.535724639892578,16.276533126831055,0.9568634033203125,0.25919151306152344,1.216054916381836
1150,84122.4,84122.4,83911.3,83937.3,10531.0,15.991236686706543,13.970328330993652,18.219831466674805,2.0209083557128906,4.249503135681152,2.2285947799682617
1151,83951.5,84061.3,83783.2,83928.5,11695.0,9.867380142211914,14.676044464111328,18.88964080810547,4.808664321899414,4.213596343994141,9.022260665893555
1152,83934.7,83934.7,83774.4,83783.4,7850.0,10.646788597106934,10.253714561462402,9.952475547790527,0.39307403564453125,0.301239013671875,0.6943130493164062
1153,83792.7,83857.4,83586.1,83627.4,36647.0,6.815484523773193,9.319499969482422,6.221863269805908,2.5040154457092285,3.0976366996765137,0.5936212539672852
1154,83623.2,83674.0,83547.0,83663.7,8006.0,5.130832195281982,9.608366966247559,4.798464298248291,4.477534770965576,4.809902667999268,0.3323678970336914
1155,83660.6,83695.7,83545.4,83676.7,7245.0,2.9590811729431152,9.928577423095703,7.712830543518066,6.969496250152588,2.2157468795776367,4.753749370574951
1156,83682.7,83777.7,83607.0,83716.5,13175.0,3.7340869903564453,11.737101554870605,11.9280366897583,8.00301456451416,0.1909351348876953,8.193949699401855
1157,83715.4,83715.4,83408.4,83449.0,20753.0,2.0888142585754395,8.558828353881836,10.181010246276855,6.4700140953063965,1.6221818923950195,8.092195987701416
1158,83446.0,83498.2,83387.0,83480.7,13874.0,3.3467087745666504,10.221963882446289,10.018375396728516,6.875255107879639,0.20358848571777344,6.671666622161865
1159,83493.3,83525.2,83452.6,83455.1,6233.0,5.652585029602051,8.863838195800781,7.397162437438965,3.2112531661987305,1.4666757583618164,1.744577407836914
1160,83471.8,83471.8,83291.7,83334.0,12585.0,3.3272063732147217,7.981573104858398,7.679866790771484,4.654366731643677,0.30170631408691406,4.352660417556763
1161,83342.4,83617.9,83325.6,83576.7,11625.0,3.4353861808776855,16.52840805053711,15.136481285095215,13.093021869659424,1.3919267654418945,11.70109510421753
1162,83584.9,83594.5,83415.2,83489.9,7671.0,2.913062572479248,15.759323120117188,20.122236251831055,12.84626054763794,4.362913131713867,17.209173679351807
1163,83460.4,83604.4,83436.0,83525.7,6586.0,9.00578498840332,20.152301788330078,27.89232063293457,11.146516799926758,7.740018844604492,18.88653564453125
1164,83525.8,83653.4,83477.7,83620.6,9151.0,6.035116195678711,26.21608543395996,31.22459602355957,20.18096923828125,5.008510589599609,25.18947982788086
1165,83629.0,83964.9,83580.7,83882.4,25524.0,8.177592277526855,44.7044677734375,52.88360595703125,36.526875495910645,8.17913818359375,44.706013679504395
1166,83890.1,83915.8,83752.2,83793.9,9105.0,9.511702537536621,48.50643539428711,68.3601303100586,38.99473285675049,19.853694915771484,58.84842777252197
1167,83798.6,83938.7,83798.5,83880.9,12169.0,12.408626556396484,60.24436569213867,83.28865051269531,47.83573913574219,23.04428482055664,70.88002395629883
1168,83881.0,84189.7,83881.0,84072.7,17582.0,9.78699016571045,65.2406234741211,83.0306625366211,55.453633308410645,17.7900390625,73.24367237091064
1169,84072.6,84110.0,83977.5,84070.0,8548.0,14.832128524780273,70.71834564208984,87.0544204711914,55.88621711730957,16.336074829101562,72.22229194641113
1170,84066.4,84172.1,83973.2,84144.1,11358.0,11.362276077270508,76.96028900146484,89.52098083496094,65.59801292419434,12.560691833496094,78.15870475769043
1171,84139.7,84290.6,84139.7,84254.7,9421.0,16.3704833984375,81.36161804199219,92.66603088378906,64.99113464355469,11.304412841796875,76.29554748535156
1172,84258.5,84413.2,84225.4,84413.2,12062.0,11.983261108398438,86.1072998046875,97.10935974121094,74.12403869628906,11.002059936523438,85.1260986328125
1173,84413.2,84433.4,84171.6,84195.6,15662.0,21.820110321044922,82.21350860595703,91.85926818847656,60.39339828491211,9.645759582519531,70.03915786743164
1174,84200.2,84304.5,84200.2,84296.3,3366.0,19.115310668945312,85.3149185180664,88.93184661865234,66.1996078491211,3.6169281005859375,69.81653594970703
1175,84296.4,84338.8,84269.6,84338.8,8487.0,20.953201293945312,86.07911682128906,85.8348159790039,65.12591552734375,0.24430084228515625,64.8816146850586
1176,84347.4,84581.3,84347.4,84485.4,12701.0,44.36177062988281,87.67359924316406,89.98653411865234,43.31182861328125,2.3129348754882812,45.62476348876953
1177,84487.4,84546.4,84484.0,84509.9,5394.0,40.501914978027344,89.0943603515625,91.9553451538086,48.592445373535156,2.8609848022460938,51.45343017578125
1178,84509.9,84590.6,84498.0,84536.8,6268.0,24.21221923828125,90.48008728027344,93.2764663696289,66.26786804199219,2.7963790893554688,69.06424713134766
1179,84533.6,84566.9,84485.3,84517.0,5349.0,44.123226165771484,90.26521301269531,93.14126586914062,46.14198684692383,2.8760528564453125,49.01803970336914
1180,84524.8,84553.9,84337.7,84382.3,14614.0,61.27937316894531,84.81586456298828,86.53190612792969,23.53649139404297,1.7160415649414062,25.252532958984375
1181,84392.1,84400.7,84168.8,84349.4,33939.0,37.57891845703125,80.36325073242188,76.97736358642578,42.784332275390625,3.3858871459960938,39.39844512939453
1182,84365.0,84388.0,84278.7,84349.9,6606.0,36.3554573059082,75.3974838256836,66.9080810546875,39.04202651977539,8.489402770996094,30.552623748779297
1183,84345.6,84472.3,84345.6,84462.4,5434.0,52.97722625732422,78.33189392089844,68.75230407714844,25.35466766357422,9.57958984375,15.775077819824219
1184,84465.5,84531.8,84428.4,84529.1,16535.0,25.304927825927734,80.02998352050781,75.5362777709961,54.72505569458008,4.493705749511719,50.23134994506836
1185,84532.3,84587.4,84397.0,84448.4,7372.0,26.42174530029297,74.88294982910156,77.29415893554688,48.461204528808594,2.4112091064453125,50.872413635253906
1186,84452.6,84506.9,84426.9,84432.8,6998.0,28.353336334228516,72.50038146972656,71.74524688720703,44.14704513549805,0.7551345825195312,43.391910552978516
1187,84436.5,84559.0,84403.6,84559.0,5150.0,17.36418914794922,79.96378326416016,73.79439544677734,62.59959411621094,6.1693878173828125,56.430206298828125
1188,84559.0,85041.7,84547.6,84927.3,23950.0,21.097023010253906,79.78593444824219,80.66328430175781,58.68891143798828,0.877349853515625,59.566261291503906
1189,84929.4,85082.1,84766.9,84804.0,12416.0,17.931262969970703,76.4332275390625,82.98387145996094,58.5019645690918,6.5506439208984375,65.05260848999023
1190,84803.0,85016.3,84803.0,84878.2,11871.0,28.15443992614746,77.96460723876953,78.03942108154297,49.81016731262207,0.0748138427734375,49.88498115539551
1191,84877.0,84977.4,84773.4,84844.7,7295.0,31.246328353881836,76.13483428955078,73.74375915527344,44.888505935668945,2.3910751342773438,42.4974308013916
1192,84851.2,84856.0,84676.1,84707.5,12813.0,33.55859375,71.02779388427734,70.22174835205078,37.469200134277344,0.8060455322265625,36.66315460205078
1193,84720.3,84870.1,84720.3,84795.0,5609.0,22.492843627929688,71.9090576171875,67.18504333496094,49.41621398925781,4.7240142822265625,44.69219970703125
1194,84777.9,84777.9,84558.1,84683.4,7423.0,24.693462371826172,66.42729187011719,61.297828674316406,41.733829498291016,5.129463195800781,36.604366302490234
1195,84666.5,84714.0,84598.9,84711.8,5164.0,15.71575927734375,64.08135986328125,59.605751037597656,48.3656005859375,4.475608825683594,43.889991760253906
1196,84707.5,84745.1,84601.9,84646.0,5867.0,18.649986267089844,57.09864807128906,50.34667205810547,38.44866180419922,6.751976013183594,31.696685791015625
1197,84645.3,84657.8,84504.9,84595.3,6202.0,17.004119873046875,50.0413932800293,41.21305847167969,33.03727340698242,8.82833480834961,24.208938598632812
1198,84584.1,84642.0,84556.9,84621.6,3858.0,37.99332046508789,46.6412467956543,34.171714782714844,8.647926330566406,12.469532012939453,3.821605682373047
1199,84612.8,84636.4,84562.6,84574.1,6899.0,37.701454162597656,40.60386657714844,28.952268600463867,2.9024124145507812,11.65159797668457,8.749185562133789
1200,84579.3,84653.4,84561.3,84595.8,4130.0,32.691200256347656,38.52387237548828,28.746383666992188,5.832672119140625,9.777488708496094,3.9448165893554688
1201,84601.0,84657.3,84428.3,84428.3,6261.0,29.82330894470215,26.375913619995117,17.8184871673584,3.4473953247070312,8.557426452636719,12.00482177734375
1202,84432.6,84573.7,84432.6,84560.2,7631.0,18.898284912109375,28.358322143554688,16.167226791381836,9.460037231445312,12.191095352172852,2.731058120727539
1203,84547.6,84699.9,84523.2,84684.8,5995.0,15.90087890625,32.78556442260742,21.2658748626709,16.884685516357422,11.519689559936523,5.364995956420898
1204,84689.0,84767.0,84628.4,84749.9,10380.0,16.309894561767578,39.90419006347656,40.78876876831055,23.594295501708984,0.8845787048339844,24.47887420654297
1205,84752.5,84798.4,84665.3,84666.3,4803.0,15.178016662597656,42.18656921386719,52.020362854003906,27.00855255126953,9.833793640136719,36.84234619140625
1206,84668.5,84668.5,84573.8,84594.9,4486.0,12.472648620605469,39.9333610534668,50.04932403564453,27.460712432861328,10.115962982177734,37.57667541503906
1207,84603.5,84632.9,84568.0,84579.0,5117.0,15.281428337097168,40.946441650390625,44.09955978393555,25.665013313293457,3.153118133544922,28.81813144683838
1208,84574.0,84622.8,84543.6,84622.8,4226.0,11.749692916870117,44.47765350341797,43.660621643066406,32.72796058654785,0.8170318603515625,31.91092872619629
1209,84622.8,84838.7,84622.8,84818.8,6063.0,12.68652629852295,60.191246032714844,62.80738830566406,47.504719734191895,2.6161422729492188,50.12086200714111
1210,84823.0,84893.5,84713.3,84753.6,5369.0,11.246099472045898,58.19878387451172,72.54340362548828,46.95268440246582,14.344619750976562,61.29730415344238
1211,84753.5,84787.4,84651.2,84735.2,7993.0,7.57752799987793,61.454185485839844,77.01653289794922,53.876657485961914,15.562347412109375,69.43900489807129
1212,84736.2,84751.3,84611.1,84628.1,3401.0,6.887429714202881,54.20098876953125,59.61665344238281,47.31355905532837,5.4156646728515625,52.72922372817993
1213,84619.0,84619.0,84500.1,84528.5,5541.0,14.860755920410156,45.73160934448242,43.487388610839844,30.870853424072266,2.244220733642578,28.626632690429688
1214,84515.0,84601.6,84491.5,84564.8,4341.0,12.839166641235352,43.09154510498047,31.277219772338867,30.252378463745117,11.814325332641602,18.438053131103516
1215,84560.6,84560.6,84477.0,84550.4,4307.0,10.925936698913574,38.1270866394043,25.479923248291016,27.201149940490723,12.647163391113281,14.553986549377441
1216,84559.1,84682.5,84556.3,84682.5,3839.0,12.04288387298584,43.51946258544922,34.746620178222656,31.47657871246338,8.772842407226562,22.703736305236816
1217,84686.6,84718.5,84635.9,84718.5,4857.0,13.832635879516602,46.543251037597656,44.29367446899414,32.710615158081055,2.2495765686035156,30.46103858947754
1218,84709.0,84710.8,84545.8,84555.3,3550.0,37.52260971069336,36.28716278076172,42.040565490722656,1.2354469299316406,5.7534027099609375,4.517955780029297
1219,84571.0,84762.2,84567.1,84759.5,4013.0,22.65036392211914,50.21918487548828,48.20302963256836,27.56882095336914,2.016155242919922,25.55266571044922
1220,84759.5,84912.6,84702.4,84889.8,5755.0,36.17079162597656,60.4237174987793,60.46356201171875,24.252925872802734,0.039844512939453125,24.292770385742188
1221,84896.8,84968.5,84896.8,84961.3,5503.0,20.537353515625,69.72579193115234,87.04212188720703,49.188438415527344,17.316329956054688,66.50476837158203
1222,84960.5,85023.8,84845.7,84852.6,7672.0,19.17919921875,66.2802505493164,87.33016204833984,47.101051330566406,21.049911499023438,68.15096282958984
1223,84871.0,84892.0,84759.8,84883.9,8826.0,12.79353141784668,70.14031982421875,80.546875,57.34678840637207,10.40655517578125,67.75334358215332
1224,84884.9,84952.4,84811.6,84914.5,4672.0,10.527267456054688,72.14400482177734,74.37252807617188,61.616737365722656,2.2285232543945312,63.84526062011719
1225,84901.7,85024.2,84901.7,84973.7,4123.0,7.448390960693359,77.68519592285156,81.73253631591797,70.2368049621582,4.047340393066406,74.28414535522461
1226,84970.0,85009.0,84947.1,84955.7,3577.0,6.596978664398193,79.10366821289062,86.0881576538086,72.50668954849243,6.984489440917969,79.4911789894104
1227,84969.0,84973.7,84936.4,84937.4,2647.0,5.061388969421387,80.30850982666016,87.4632339477539,75.24712085723877,7.15472412109375,82.40184497833252
1228,84937.3,84937.3,84827.7,84882.3,4596.0,3.718693733215332,77.82638549804688,81.89514923095703,74.10769176483154,4.068763732910156,78.1764554977417
1229,84882.2,84925.0,84868.6,84895.3,4052.0,2.2893104553222656,77.06331634521484,77.08623504638672,74.77400588989258,0.022918701171875,74.79692459106445
1230,84895.3,84998.5,84866.9,84877.4,5019.0,2.457536220550537,74.7344970703125,72.1452865600586,72.27696084976196,2.5892105102539062,69.68775033950806
1231,84888.3,84905.0,84702.6,84719.9,7820.0,0.13275146484375,62.72993469238281,59.586952209472656,62.59718322753906,3.1429824829101562,59.454200744628906
1232,84719.9,84799.6,84676.5,84744.1,7162.0,18.339168548583984,58.7288932800293,48.14268112182617,40.38972473144531,10.586212158203125,29.803512573242188
1233,84742.8,84769.3,84649.4,84658.7,5654.0,18.144855499267578,41.31379318237305,25.8655948638916,23.16893768310547,15.448198318481445,7.720739364624023
1234,84647.0,84680.1,84620.4,84639.7,3991.0,17.00286865234375,34.94112777709961,15.328496932983398,17.93825912475586,19.61263084411621,1.6743717193603516
1235,84639.8,84730.1,84639.8,84730.1,6066.0,17.90043830871582,34.474098205566406,11.476871490478516,16.573659896850586,22.99722671508789,6.423566818237305
1236,84732.8,84841.4,84732.8,84758.0,4764.0,29.489660263061523,34.497169494628906,22.008113861083984,5.007509231567383,12.489055633544922,7.481546401977539
1237,84757.9,84819.6,84709.7,84816.7,4422.0,39.688724517822266,39.19501495361328,36.619136810302734,0.4937095642089844,2.575878143310547,3.0695877075195312
1238,84819.6,84872.1,84814.6,84855.0,3554.0,34.783878326416016,43.929988861083984,46.92927169799805,9.146110534667969,2.9992828369140625,12.145393371582031
1239,84850.0,84855.7,84745.7,84745.7,4365.0,83.08366394042969,38.45668029785156,46.3188591003418,44.626983642578125,7.862178802490234,36.76480484008789
1240,84744.6,84772.2,84679.9,84681.8,6231.0,60.025146484375,32.875091552734375,35.52714157104492,27.150054931640625,2.652050018310547,24.498004913330078
1241,84682.2,84696.8,84600.0,84659.2,4135.0,64.29573822021484,28.729421615600586,21.11337661743164,35.56631660461426,7.616044998168945,43.1823616027832
1242,84666.3,84700.8,84633.6,84657.1,4495.0,87.45158386230469,25.311214447021484,15.141408920288086,62.1403694152832,10.169805526733398,72.3101749420166
1243,84657.4,84657.4,84437.4,84445.4,12001.0,76.26737976074219,18.488800048828125,10.203794479370117,57.77857971191406,8.285005569458008,66.06358528137207
1244,84445.5,84470.5,84350.9,84440.0,5845.0,74.94635009765625,19.960128784179688,10.6117525100708,54.98622131347656,9.348376274108887,64.33459758758545
1245,84447.1,84447.3,84342.6,84383.2,10287.0,59.12738037109375,15.372279167175293,8.39134693145752,43.75510120391846,6.980932235717773,50.73603343963623
1246,84378.9,84403.2,84241.3,84274.8,6575.0,64.63560485839844,13.54769515991211,9.68631649017334,51.08790969848633,3.8613786697387695,54.9492883682251
1247,84270.6,84367.3,84225.5,84367.2,6615.0,78.23651123046875,16.945011138916016,11.631214141845703,61.291500091552734,5.3137969970703125,66.60529708862305
1248,84367.2,84430.8,84293.0,84388.3,8113.0,97.82076263427734,18.556673049926758,17.467681884765625,79.26408958435059,1.0889911651611328,80.35308074951172
1249,84388.2,84442.1,84332.8,84377.2,4869.0,64.76162719726562,19.654430389404297,23.51799201965332,45.10719680786133,3.8635616302490234,41.243635177612305
1250,84369.0,84404.5,84304.8,84324.8,6715.0,57.95378875732422,17.855945587158203,21.331884384155273,40.097843170166016,3.4759387969970703,36.621904373168945
1251,84316.3,84316.3,84249.3,84256.0,5524.0,41.15339660644531,14.07578182220459,14.511770248413086,27.077614784240723,0.4359884262084961,26.641626358032227
1252,84250.1,84307.1,84178.8,84238.0,9858.0,39.541873931884766,13.559287071228027,9.606612205505371,25.98258686065674,3.9526748657226562,29.935261726379395
1253,84240.4,84240.4,84116.7,84120.3,4542.0,27.41219139099121,9.394438743591309,4.670449733734131,18.017752647399902,4.723989009857178,22.74174165725708
1254,84117.0,84193.2,84063.2,84170.8,5030.0,718.24462890625,13.276232719421387,8.723115921020508,704.9683961868286,4.553116798400879,709.5215129852295
1255,84176.1,84361.3,84176.1,84345.3,4132.0,268.0734558105469,22.30472183227539,20.55556869506836,245.76873397827148,1.7491531372070312,247.51788711547852
1256,84345.3,84359.7,84245.5,84254.0,5754.0,338.2472229003906,22.56369400024414,31.076196670532227,315.6835289001465,8.512502670288086,307.1710262298584
1257,84254.1,84266.7,84165.4,84204.8,2063.0,208.79454040527344,26.544225692749023,37.0392951965332,182.2503147125244,10.49506950378418,171.75524520874023
1258,84226.0,84268.1,84196.0,84207.2,3810.0,185.63027954101562,28.866256713867188,34.78841018676758,156.76402282714844,5.922153472900391,150.84186935424805
1259,84188.2,84224.2,84179.5,84209.9,3738.0,134.63665771484375,31.37558364868164,36.990455627441406,103.26107406616211,5.614871978759766,97.64620208740234
1260,84202.7,84268.2,84175.1,84237.9,6033.0,110.5664291381836,35.449317932128906,40.77107238769531,75.11711120605469,5.321754455566406,69.79535675048828
1261,84234.1,84366.1,84194.6,84335.2,5805.0,83.48789978027344,46.20398712158203,52.2031364440918,37.283912658691406,5.999149322509766,31.28476333618164
1262,84335.2,84340.4,84206.4,84239.7,8218.0,66.70402526855469,42.7452392578125,54.8251838684082,23.958786010742188,12.079944610595703,11.878841400146484
1263,84239.6,84345.5,84214.1,84315.6,7880.0,55.37870407104492,54.3006591796875,64.1073989868164,1.0780448913574219,9.806739807128906,8.728694915771484
1264,84320.8,84320.8,84181.8,84186.3,3710.0,44.52510070800781,45.89483642578125,53.72459411621094,1.3697357177734375,7.8297576904296875,9.199493408203125
1265,84182.0,84194.1,84034.7,84063.0,19380.0,33.64752960205078,36.24470901489258,41.0433349609375,2.597179412841797,4.798625946044922,7.395805358886719
1266,84063.1,84101.4,84000.2,84000.2,12074.0,27.05867576599121,27.37984848022461,16.39241600036621,0.32117271423339844,10.987432479858398,10.666259765625
1267,84000.0,84074.3,83904.3,83904.3,9397.0,24.09175682067871,21.208187103271484,2.8462088108062744,2.8835697174072266,18.36197829246521,21.245548009872437
1268,83900.0,83929.4,83857.1,83916.3,8282.0,21.22470474243164,20.072587966918945,3.8765757083892822,1.1521167755126953,16.196012258529663,17.34812903404236
1269,83933.1,83933.1,83883.7,83920.2,6761.0,17.5843563079834,17.89264678955078,8.008963584899902,0.3082904815673828,9.883683204650879,9.575392723083496
1270,83919.3,84011.8,83919.3,84011.8,17995.0,36.92274475097656,22.785747528076172,18.139633178710938,14.13699722290039,4.646114349365234,18.783111572265625
1271,84011.9,84094.0,84011.9,84092.7,4472.0,23.437541961669922,28.988513946533203,29.69210433959961,5.550971984863281,0.7035903930664062,6.2545623779296875
1272,84092.6,84344.8,84090.7,84217.9,10984.0,20.271148681640625,40.88591766357422,49.18754196166992,20.614768981933594,8.301624298095703,28.916393280029297
1273,84214.3,84214.3,84078.0,84117.3,6081.0,18.255542755126953,40.33111572265625,56.09651184082031,22.075572967529297,15.765396118164062,37.84096908569336
1274,84121.5,84198.6,84121.5,84192.3,3944.0,20.262187957763672,49.023582458496094,62.61869812011719,28.761394500732422,13.595115661621094,42.356510162353516
1275,84207.3,84212.4,84004.8,84004.8,13441.0,15.793754577636719,39.865150451660156,49.07112121582031,24.071395874023438,9.205970764160156,33.277366638183594
1276,83992.1,83996.7,83929.0,83961.3,6353.0,40.685211181640625,36.740936279296875,39.14283752441406,3.94427490234375,2.4019012451171875,1.5423736572265625
1277,83966.4,83971.6,83877.7,83931.0,4186.0,34.67192459106445,30.586223602294922,22.242467880249023,4.085700988769531,8.343755722045898,12.42945671081543
1278,83914.8,83940.5,83848.1,83859.0,4120.0,37.65962600708008,23.173782348632812,12.893617630004883,14.485843658447266,10.28016471862793,24.766008377075195
1279,83850.6,83892.0,83769.8,83826.0,7933.0,30.36104393005371,21.17815399169922,9.040410041809082,9.182889938354492,12.137743949890137,21.32063388824463
1280,83822.0,83848.0,83750.0,83818.8,6358.0,30.503490447998047,18.639461517333984,7.84503173828125,11.864028930664062,10.794429779052734,22.658458709716797
1281,83820.1,83849.7,83779.1,83828.8,7407.0,23.407794952392578,17.68843650817871,11.529533386230469,5.719358444213867,6.158903121948242,11.87826156616211
1282,83828.6,83891.3,83780.3,83853.9,7302.0,32.6200065612793,17.931926727294922,14.094009399414062,14.688079833984375,3.8379173278808594,18.525997161865234
1283,83843.7,83866.5,83708.9,83713.4,5583.0,20.626890182495117,12.109342575073242,10.474413871765137,8.517547607421875,1.6349287033081055,10.15247631072998
1284,83713.3,83713.3,83641.8,83693.4,6586.0,64.123779296875,12.460487365722656,8.50524616241455,51.663291931152344,3.9552412033081055,55.61853313446045
1285,83700.0,83852.0,83700.0,83848.3,8200.0,52.16640853881836,17.981313705444336,12.47398853302002,34.18509483337402,5.507325172424316,39.69242000579834
1286,83855.8,83905.9,83831.3,83862.8,3187.0,45.9946403503418,23.014806747436523,25.105642318725586,22.979833602905273,2.0908355712890625,20.88899803161621
1287,83872.8,83872.9,83650.6,83650.6,4158.0,36.2602653503418,14.17972469329834,23.173261642456055,22.080540657043457,8.993536949157715,13.087003707885742
1288,83650.5,83652.1,83588.0,83647.7,5952.0,36.76670837402344,15.585411071777344,16.56912612915039,21.181297302246094,0.9837150573730469,20.197582244873047
1289,83645.7,83645.7,83500.1,83538.1,5771.0,30.509700775146484,12.472381591796875,6.252255439758301,18.03731918334961,6.220126152038574,24.257445335388184
1290,83535.1,83580.0,83469.8,83503.7,7573.0,25.34706687927246,11.60488510131836,7.990191459655762,13.742181777954102,3.6146936416625977,17.3568754196167
1291,83513.7,83580.8,83482.9,83560.0,4075.0,37.88198471069336,14.41358470916748,11.19078540802002,23.46840000152588,3.222799301147461,26.69119930267334
1292,83558.1,83583.9,83455.7,83472.6,4779.0,47.46197509765625,9.924016952514648,9.891308784484863,37.5379581451416,0.032708168029785156,37.57066631317139
1293,83475.7,83697.7,83460.8,83697.7,7239.0,27.26821517944336,26.030683517456055,25.557170867919922,1.2375316619873047,0.4735126495361328,1.7110443115234375
1294,83699.2,83728.7,83561.3,83568.8,3836.0,27.439693450927734,20.35858154296875,27.54302215576172,7.081111907958984,7.184440612792969,0.10332870483398438
1295,83575.0,83868.0,83575.0,83768.7,8085.0,19.466167449951172,38.638214111328125,49.466957092285156,19.172046661376953,10.828742980957031,30.000789642333984
1296,83759.3,83801.6,83697.5,83736.2,8254.0,24.590621948242188,40.434364318847656,52.317569732666016,15.843742370605469,11.88320541381836,27.726947784423828
1297,83733.7,83895.9,83695.4,83895.1,5175.0,65.84445190429688,58.891441345214844,76.47779846191406,6.953010559082031,17.58635711669922,10.633346557617188
1298,83895.1,84172.5,83887.2,84172.5,15440.0,31.394445419311523,66.44194030761719,86.6360092163086,35.047494888305664,20.194068908691406,55.24156379699707
1299,84172.5,84198.5,84014.1,84014.1,18881.0,33.074737548828125,66.83617401123047,90.92562103271484,33.761436462402344,24.089447021484375,57.85088348388672
1300,83997.4,84091.5,83936.3,84091.5,5203.0,28.312862396240234,72.95770263671875,86.92337036132812,44.644840240478516,13.965667724609375,58.61050796508789
1301,84094.7,84191.0,84042.3,84116.6,5684.0,21.34297752380371,76.25606536865234,83.24813842773438,54.91308784484863,6.992073059082031,61.905160903930664
1302,84106.1,84192.9,84071.6,84071.6,3578.0,19.08658218383789,77.37664031982422,85.82847595214844,58.29005813598633,8.451835632324219,66.74189376831055
1303,84067.3,84262.1,84000.0,84188.2,5813.0,16.972248077392578,81.48956298828125,87.57547760009766,64.51731491088867,6.085914611816406,70.60322952270508
1304,84184.0,84268.3,84160.8,84247.8,6726.0,16.793996810913086,85.44780731201172,90.40977478027344,68.65381050109863,4.961967468261719,73.61577796936035
1305,84253.9,84347.9,84232.0,84289.8,12553.0,16.676692962646484,86.80839538574219,93.93367004394531,70.1317024230957,7.125274658203125,77.25697708129883
1306,84291.0,84482.7,84288.8,84477.0,6928.0,15.022275924682617,90.5660400390625,96.80230712890625,75.54376411437988,6.23626708984375,81.78003120422363
1307,84474.3,84572.8,84359.7,84463.5,12104.0,12.521276473999023,88.8563461303711,94.04142761230469,76.33506965637207,5.185081481933594,81.52015113830566
1308,84491.5,84593.8,84445.5,84593.8,5926.0,33.99153137207031,93.14080047607422,96.21216583251953,59.149269104003906,3.0713653564453125,62.22063446044922
1309,84594.3,84657.3,84538.5,84556.0,6393.0,27.526350021362305,90.48873901367188,92.88787841796875,62.96238899230957,2.399139404296875,65.36152839660645
1310,84561.0,84644.8,84352.5,84355.3,17323.0,28.73995018005371,84.07777404785156,86.02427673339844,55.33782386779785,1.946502685546875,57.28432655334473
1311,84363.8,84549.6,84358.7,84520.5,3899.0,26.83148193359375,85.6009521484375,80.1030502319336,58.76947021484375,5.497901916503906,53.271568298339844
1312,84505.5,84545.4,84432.1,84432.1,5541.0,114.77421569824219,79.48165893554688,73.20211029052734,35.29255676269531,6.279548645019531,41.572105407714844
1313,84428.9,84500.3,84385.7,84385.7,5566.0,65.41741180419922,75.80452728271484,71.1111831665039,10.387115478515625,4.6933441162109375,5.6937713623046875
1314,84385.6,84501.2,84352.7,84491.3,7929.0,74.12956237792969,76.67708587646484,68.61408996582031,2.5475234985351562,8.062995910644531,5.515472412109375
1315,84491.4,84517.3,84240.4,84367.0,27198.0,76.66636657714844,69.43878173828125,64.30358123779297,7.2275848388671875,5.135200500488281,12.362785339355469
1316,84371.1,84579.1,84371.1,84566.3,16838.0,60.73128890991211,77.42376708984375,72.24507141113281,16.69247817993164,5.1786956787109375,11.513782501220703
1317,84566.3,84657.5,84500.1,84637.2,28911.0,50.51197052001953,80.9254150390625,79.30127716064453,30.41344451904297,1.6241378784179688,28.789306640625
1318,84637.2,84641.0,84500.1,84533.7,4804.0,37.73839569091797,76.41824340820312,84.32488250732422,38.679847717285156,7.906639099121094,46.58648681640625
1319,84531.4,84644.5,84385.1,84562.9,35778.0,31.181949615478516,78.22099304199219,81.37950897216797,47.03904342651367,3.1585159301757812,50.19755935668945
1320,84565.2,84628.1,84510.1,84607.1,9880.0,24.84610366821289,80.8520736694336,78.71394348144531,56.0059700012207,2.1381301879882812,53.86783981323242
1321,84624.0,84749.9,84624.0,84645.2,13423.0,23.792510986328125,79.50814819335938,81.56254577636719,55.71563720703125,2.0543975830078125,57.77003479003906
1322,84645.2,84691.3,84599.5,84624.6,6810.0,17.66737937927246,78.58937072753906,80.92540740966797,60.9219913482666,2.3360366821289062,63.25802803039551
1323,84623.4,84623.4,84466.6,84474.4,7868.0,15.485931396484375,68.00830078125,66.92887115478516,52.522369384765625,1.0794296264648438,51.44293975830078
1324,84473.5,84506.1,84339.1,84506.1,8344.0,13.195356369018555,66.24915313720703,57.828346252441406,53.05379676818848,8.420806884765625,44.63298988342285
1325,84501.9,84535.7,84425.5,84470.1,5125.0,28.076644897460938,59.78049850463867,47.720394134521484,31.703853607177734,12.060104370117188,19.643749237060547
1326,84473.0,84624.4,84473.0,84570.9,5409.0,16.10486602783203,63.63238525390625,54.033775329589844,47.52751922607422,9.598609924316406,37.92890930175781
1327,84573.3,84586.9,84510.2,84570.1,5718.0,19.65270233154297,62.708003997802734,58.22088623046875,43.055301666259766,4.487117767333984,38.56818389892578
1328,84577.4,84577.4,84502.7,84553.3,5204.0,13.77253246307373,62.58441162109375,63.66382598876953,48.81187915802002,1.0794143676757812,49.8912935256958
1329,84557.5,84573.1,84470.5,84474.8,3454.0,26.425514221191406,52.774879455566406,53.052059173583984,26.349365234375,0.2771797180175781,26.626544952392578
1330,84494.4,84595.0,84459.5,84595.0,3585.0,29.696949005126953,59.217491149902344,52.24607849121094,29.52054214477539,6.971412658691406,22.549129486083984
1331,84595.0,84641.1,84520.0,84520.0,5515.0,20.427539825439453,52.00945281982422,46.453792572021484,31.581912994384766,5.555660247802734,26.02625274658203
1332,84520.0,84540.0,84436.8,84531.9,2068.0,20.358318328857422,52.71978759765625,51.08719253540039,32.36146926879883,1.6325950622558594,30.72887420654297
1333,84528.5,84623.9,84528.5,84593.7,5397.0,18.069202423095703,55.56890869140625,50.981956481933594,37.49970626831055,4.586952209472656,32.91275405883789
1334,84593.8,84623.9,84580.6,84607.0,2500.0,13.204145431518555,57.83434295654297,58.04140853881836,44.630197525024414,0.20706558227539062,44.837263107299805
1335,84602.0,84632.5,84525.2,84525.2,4342.0,11.115346908569336,55.41456604003906,60.0107536315918,44.29921913146973,4.596187591552734,48.89540672302246
1336,84495.7,84515.5,84416.9,84435.8,6431.0,13.579315185546875,48.42240524291992,50.02436447143555,34.84309005737305,1.601959228515625,36.44504928588867
1337,84437.8,84583.7,84433.5,84583.7,3990.0,12.915639877319336,61.61029052734375,55.284217834472656,48.694650650024414,6.326072692871094,42.36857795715332
1338,84585.3,84629.4,84440.0,84440.0,3820.0,17.21420669555664,40.1121826171875,41.10535430908203,22.89797592163086,0.9931716918945312,23.89114761352539
1339,84434.2,84550.9,84434.2,84512.1,3444.0,14.543757438659668,48.061790466308594,44.58687973022461,33.518033027648926,3.4749107360839844,30.04312229156494
1340,84500.1,84700.0,84494.2,84683.0,7857.0,18.092750549316406,60.7230224609375,48.92060852050781,42.630271911621094,11.802413940429688,30.827857971191406
1341,84682.9,84757.3,84664.2,84722.2,6431.0,22.98896026611328,66.15840911865234,75.3827896118164,43.16944885253906,9.224380493164062,52.393829345703125
1342,84732.9,84821.9,84731.4,84813.0,6394.0,16.111188888549805,74.89476776123047,93.8294448852539,58.783578872680664,18.934677124023438,77.7182559967041
1343,84816.3,84884.7,84795.9,84873.6,6753.0,17.250625610351562,79.56002044677734,95.0400390625,62.30939483642578,15.480018615722656,77.78941345214844
1344,84876.0,84882.6,84729.1,84737.6,5693.0,14.634974479675293,74.3365707397461,87.99488830566406,59.7015962600708,13.658317565917969,73.35991382598877
1345,84741.8,84950.0,84732.4,84931.7,23302.0,15.991415977478027,83.48815155029297,87.58321380615234,67.49673557281494,4.095062255859375,71.59179782867432
1346,84926.2,84950.0,84926.2,84930.6,3691.0,18.143774032592773,84.72865295410156,87.16132354736328,66.58487892150879,2.4326705932617188,69.01754951477051
1347,84930.5,84976.9,84930.5,84946.3,2009.0,18.755016326904297,87.58407592773438,95.82149505615234,68.82905960083008,8.237419128417969,77.06647872924805
1348,84946.2,84959.3,84922.1,84943.4,2789.0,12.145258903503418,88.77685546875,94.97150421142578,76.63159656524658,6.194648742675781,82.82624530792236
1349,84943.5,84987.6,84943.5,84951.5,3120.0,11.98529052734375,90.01171112060547,94.0758285522461,78.02642059326172,4.064117431640625,82.09053802490234
1350,84951.6,84976.7,84937.7,84976.7,4769.0,27.88512420654297,92.27389526367188,95.24172973632812,64.3887710571289,2.96783447265625,67.35660552978516
1351,84986.9,85033.2,84976.6,85021.0,3567.0,16.693906784057617,93.41612243652344,96.55669403076172,76.72221565246582,3.1405715942382812,79.8627872467041
1352,85023.1,85095.1,84998.7,85054.4,7024.0,16.812435150146484,93.17708587646484,96.61237335205078,76.36465072631836,3.4352874755859375,79.7999382019043
1353,85060.0,85060.0,84988.0,84991.1,5809.0,18.404752731323242,89.76192474365234,91.49885559082031,71.3571720123291,1.7369308471679688,73.09410285949707
1354,84995.0,84995.0,84926.9,84981.1,6869.0,26.852340698242188,85.49422454833984,83.35916137695312,58.641883850097656,2.1350631713867188,56.50682067871094
1355,84986.9,85125.0,84986.9,85079.5,4883.0,32.524658203125,87.92110443115234,81.58113098144531,55.396446228027344,6.339973449707031,49.05647277832031
1356,85078.9,85287.3,85078.9,85214.9,12182.0,46.899261474609375,86.8150863647461,83.02690124511719,39.91582489013672,3.7881851196289062,36.12763977050781
1357,85207.9,85207.9,85091.6,85125.2,5917.0,64.93179321289062,81.89910125732422,82.16605377197266,16.967308044433594,0.2669525146484375,17.23426055908203
1358,85123.3,85191.3,85115.6,85191.3,3562.0,54.448604583740234,83.80458068847656,80.23018646240234,29.355976104736328,3.5743942260742188,25.78158187866211
1359,85203.1,85266.4,85172.5,85266.3,7952.0,52.86424255371094,86.65111541748047,82.63676452636719,33.78687286376953,4.014350891113281,29.77252197265625
1360,85266.3,85335.9,85224.6,85314.8,4649.0,66.90020751953125,88.45207214355469,90.61656188964844,21.551864624023438,2.16448974609375,23.716354370117188
1361,85314.7,85327.6,85257.9,85290.8,5677.0,161.81065368652344,88.06791687011719,92.75023651123047,73.74273681640625,4.682319641113281,69.06041717529297
1362,85284.2,85385.0,85284.2,85349.3,4114.0,85.08090209960938,89.57542419433594,92.0691146850586,4.4945220947265625,2.4936904907226562,6.988212585449219
1363,85349.3,85349.4,85323.7,85337.2,2560.0,142.11822509765625,89.06988525390625,90.29105377197266,53.04833984375,1.2211685180664062,51.827171325683594
1364,85337.2,85337.2,85219.7,85247.9,5227.0,79.96240997314453,82.90570831298828,83.94813537597656,2.94329833984375,1.0424270629882812,3.9857254028320312
1365,85249.9,85259.9,85178.6,85204.9,5217.0,101.46559143066406,77.5536117553711,73.44111633300781,23.91197967529297,4.112495422363281,28.02447509765625
1366,85204.9,85235.3,85140.2,85140.2,4989.0,84.38925170898438,69.00735473632812,59.10659408569336,15.38189697265625,9.900760650634766,25.282657623291016
1367,85140.2,85235.6,85140.2,85232.7,4661.0,64.95478820800781,71.10525512695312,58.000919342041016,6.1504669189453125,13.10433578491211,6.953868865966797
1368,85230.2,85332.6,85230.2,85308.8,3567.0,72.25474548339844,73.65699768066406,64.72530364990234,1.402252197265625,8.931694030761719,7.529441833496094
1369,85308.7,85325.6,85247.1,85272.4,7719.0,59.19560241699219,69.32552337646484,70.27581787109375,10.129920959472656,0.9502944946289062,11.080215454101562
1370,85272.4,85299.3,85242.7,85271.8,3274.0,50.04100799560547,68.13304138183594,68.49642181396484,18.09203338623047,0.36338043212890625,18.455413818359375
1371,85271.7,85385.0,85263.6,85385.0,9905.0,52.0325927734375,79.1528549194336,74.87696838378906,27.120262145996094,4.275886535644531,22.844375610351562
1372,85396.3,85402.3,85347.9,85376.7,7416.0,40.31494903564453,79.17359924316406,83.88382720947266,38.85865020751953,4.710227966308594,43.568878173828125
1373,85376.6,85376.6,85336.1,85336.1,2453.0,37.58079528808594,77.69003295898438,88.32617950439453,40.10923767089844,10.636146545410156,50.745384216308594
1374,85340.3,85340.3,85214.1,85227.1,3585.0,29.763425827026367,63.33970260620117,66.04467010498047,33.576276779174805,2.704967498779297,36.2812442779541
1375,85232.9,85265.0,85131.3,85150.6,4884.0,31.112106323242188,49.3844108581543,38.340877532958984,18.27230453491211,11.043533325195312,7.228771209716797
1376,85156.9,85264.9,85137.6,85233.7,4093.0,20.667755126953125,50.17080307006836,26.02242088317871,29.503047943115234,24.14838218688965,5.354665756225586
1377,85217.6,85250.2,85187.9,85187.9,3042.0,16.154647827148438,40.14713668823242,21.93265724182129,23.992488861083984,18.214479446411133,5.778009414672852
1378,85188.0,85219.6,85140.7,85146.9,5387.0,14.268073081970215,32.024993896484375,21.4771671295166,17.75692081451416,10.547826766967773,7.209094047546387
1379,85147.0,85168.0,85123.9,85168.0,3676.0,8.124881744384766,29.337766647338867,14.161462783813477,21.2128849029541,15.17630386352539,6.036581039428711
1380,85173.0,85201.1,85145.5,85175.5,2938.0,53.02519989013672,26.63263702392578,13.377782821655273,26.392562866210938,13.254854202270508,39.647417068481445
1381,85175.4,85308.7,85175.4,85271.4,3374.0,40.70978927612305,36.317344665527344,29.119312286376953,4.392444610595703,7.198032379150391,11.590476989746094
1382,85275.7,85346.8,85275.7,85335.1,4547.0,111.77098083496094,46.271202087402344,49.12679672241211,65.4997787475586,2.8555946350097656,62.64418411254883
1383,85331.1,85396.9,85307.4,85363.7,5691.0,72.34784698486328,56.24192428588867,71.66082000732422,16.10592269897461,15.418895721435547,0.6870269775390625
1384,85363.6,85363.6,85312.6,85317.6,2770.0,64.01058959960938,57.36359786987305,77.19283294677734,6.646991729736328,19.829235076904297,13.182243347167969
1385,85312.7,85317.4,85182.3,85182.4,4293.0,76.5811996459961,44.872859954833984,58.9093132019043,31.70833969116211,14.036453247070312,17.671886444091797
1386,85182.3,85314.3,85164.8,85314.3,6325.0,73.017578125,57.32649230957031,53.444576263427734,15.691085815429688,3.881916046142578,19.573001861572266
1387,85318.0,85318.0,85226.7,85286.0,4384.0,52.100582122802734,53.85906982421875,50.04464340209961,1.7584877014160156,3.8144264221191406,2.055938720703125
1388,85277.4,85298.6,85251.3,85282.4,2589.0,41.75276184082031,56.41472625732422,62.39316177368164,14.661964416503906,5.978435516357422,20.640399932861328
1389,85280.3,85297.1,85264.1,85288.1,4552.0,53.052024841308594,56.80715560913086,59.19470977783203,3.7551307678222656,2.387554168701172,6.1426849365234375
1390,85288.0,85288.0,85264.0,85276.2,3669.0,32.13304901123047,56.3370475769043,57.998512268066406,24.203998565673828,1.6614646911621094,25.865463256835938
1391,85272.0,85272.0,85151.5,85151.5,3295.0,26.899084091186523,41.08489227294922,42.01579666137695,14.185808181762695,0.9309043884277344,15.11671257019043
1392,85151.5,85151.5,85096.9,85118.3,5627.0,20.65576171875,34.851585388183594,24.344179153442383,14.195823669433594,10.507406234741211,3.688417434692383
1393,85116.5,85162.1,85071.1,85146.1,12648.0,14.821151733398438,32.985652923583984,13.42125129699707,18.164501190185547,19.564401626586914,1.3999004364013672
1394,85146.1,85163.0,85140.2,85155.3,2485.0,14.16152572631836,31.22671127319336,18.66539192199707,17.065185546875,12.561319351196289,4.503866195678711
1395,85151.3,85174.3,85094.8,85128.9,11086.0,9.823532104492188,27.317508697509766,22.201173782348633,17.493976593017578,5.116334915161133,12.377641677856445
1396,85123.5,85173.4,85108.4,85152.5,4074.0,13.916603088378906,27.842880249023438,22.855817794799805,13.926277160644531,4.987062454223633,8.939214706420898
1397,85157.6,85200.0,85123.5,85194.5,3695.0,9.989521026611328,32.44929504394531,28.30402374267578,22.459774017333984,4.145271301269531,18.314502716064453
1398,85184.5,85184.5,85100.1,85108.0,4026.0,11.171870231628418,25.0789852142334,27.37223243713379,13.90711498260498,2.2932472229003906,16.20036220550537
1399,85103.8,85173.6,85103.8,85126.0,5888.0,8.019965171813965,26.58783721923828,26.45583724975586,18.567872047424316,0.13199996948242188,18.435872077941895
1400,85122.7,85122.7,85080.0,85080.0,5181.0,16.361488342285156,18.42363739013672,13.594700813293457,2.0621490478515625,4.828936576843262,2.766787528991699
1401,85078.1,85119.0,85066.1,85083.9,5969.0,13.949726104736328,17.555349349975586,11.164629936218262,3.605623245239258,6.390719413757324,2.7850961685180664
1402,85083.9,85083.9,85000.1,85000.1,7568.0,21.91942596435547,11.992996215820312,3.7528860569000244,9.926429748535156,8.240110158920288,18.166539907455444
1403,85000.0,85000.0,84768.8,84771.3,17413.0,21.77651023864746,10.0099515914917,2.7120256423950195,11.766558647155762,7.29792594909668,19.06448459625244
1404,84778.5,84901.1,84759.3,84759.4,18648.0,47.263458251953125,7.340919017791748,0.16710545122623444,39.92253923416138,7.173813566565514,47.09635280072689
1405,84759.3,84817.5,84719.9,84794.5,17624.0,43.72054672241211,10.963191986083984,5.346673488616943,32.757354736328125,5.616518497467041,38.373873233795166
1406,84797.2,84886.7,84790.4,84886.7,5479.0,43.70661926269531,17.682580947875977,16.767379760742188,26.024038314819336,0.9152011871337891,26.939239501953125
1407,84894.2,85004.6,84875.5,84946.0,4911.0,35.99152374267578,25.24676513671875,32.458953857421875,10.744758605957031,7.212188720703125,3.5325698852539062
1408,84940.0,84940.0,84840.2,84886.5,2696.0,38.28649139404297,25.876888275146484,38.84648895263672,12.409603118896484,12.969600677490234,0.55999755859375
1409,84886.5,84920.4,84827.7,84827.7,2818.0,37.70842742919922,24.526073455810547,34.7501335144043,13.182353973388672,10.22406005859375,2.958293914794922
1410,84817.8,84817.8,84573.6,84573.6,10330.0,42.566017150878906,16.800987243652344,19.051958084106445,25.765029907226562,2.2509708404541016,23.51405906677246
1411,84573.6,84623.7,84513.1,84548.0,4644.0,71.29915618896484,15.50831127166748,9.217476844787598,55.79084491729736,6.290834426879883,62.081679344177246
1412,84535.2,84575.2,84499.8,84537.8,6736.0,50.44132614135742,12.649638175964355,3.6124963760375977,37.791687965393066,9.037141799926758,46.828829765319824
1413,84545.2,84545.2,84415.2,84437.1,3132.0,53.44268035888672,10.417712211608887,4.644225120544434,43.02496814727783,5.773487091064453,48.798455238342285
1414,84438.1,84441.4,84411.0,84431.5,8019.0,46.291839599609375,8.654276847839355,3.876760721206665,37.63756275177002,4.77751612663269,42.41507887840271
1415,84431.5,84431.5,84329.5,84329.7,4837.0,39.4287109375,6.366305351257324,2.005863666534424,33.062405586242676,4.3604416847229,37.422847270965576
1416,84329.6,84573.8,84325.3,84543.5,4916.0,41.66996383666992,15.714041709899902,11.681315422058105,25.95592212677002,4.032726287841797,29.988648414611816
1417,84543.5,84674.9,84491.1,84563.8,7479.0,31.120372772216797,19.063261032104492,22.41929817199707,12.057111740112305,3.356037139892578,8.701074600219727
1418,84555.4,84580.1,84402.6,84417.6,5340.0,31.776424407958984,16.121807098388672,26.939693450927734,15.654617309570312,10.817886352539062,4.83673095703125
1419,84426.5,84583.1,84420.1,84491.6,5714.0,24.9195613861084,19.888891220092773,24.393049240112305,5.030670166015625,4.504158020019531,0.5265121459960938
1420,84489.1,84580.6,84489.1,84493.1,3700.0,29.47189712524414,20.23770523071289,20.92404556274414,9.23419189453125,0.68634033203125,8.5478515625
1421,84493.1,84512.0,84401.3,84492.6,2634.0,19.883808135986328,22.447917938232422,25.467058181762695,2.5641098022460938,3.0191402435302734,5.583250045776367
1422,84473.6,84607.2,84473.6,84543.7,9077.0,24.993724822998047,26.46209716796875,29.54007911682129,1.4683723449707031,3.077981948852539,4.546354293823242
1423,84535.3,84594.5,84535.3,84573.6,3174.0,18.450084686279297,33.10906982421875,38.111671447753906,14.658985137939453,5.002601623535156,19.66158676147461
1424,84568.0,84662.5,84558.3,84662.4,4561.0,15.719833374023438,51.998558044433594,61.180789947509766,36.278724670410156,9.182231903076172,45.46095657348633
1425,84662.5,84971.1,84662.5,84875.6,23345.0,14.892119407653809,56.77329635620117,77.351318359375,41.88117694854736,20.578022003173828,62.45919895172119
1426,84873.3,84873.3,84697.5,84697.5,6030.0,11.20202922821045,55.46862030029297,79.75691986083984,44.26659107208252,24.288299560546875,68.5548906326294
1427,84697.5,84697.5,84500.0,84500.0,5918.0,16.291278839111328,46.431312561035156,56.632755279541016,30.140033721923828,10.20144271850586,40.34147644042969
1428,84500.0,84565.7,84439.7,84562.1,4697.0,17.441011428833008,46.189361572265625,40.45138931274414,28.748350143432617,5.737972259521484,23.010377883911133
1429,84565.1,84598.8,84518.5,84570.2,2522.0,12.937923431396484,43.51444625854492,33.88093948364258,30.576522827148438,9.633506774902344,20.943016052246094
1430,84579.0,84671.3,84562.1,84588.8,5727.0,44.98656463623047,40.86994171142578,35.832275390625,4.1166229248046875,5.037666320800781,9.154289245605469
1431,84593.0,84593.0,84438.2,84500.6,5311.0,25.917160034179688,33.937416076660156,29.41883659362793,8.020256042480469,4.518579483032227,3.501676559448242
1432,84504.8,84504.8,84356.0,84382.9,4358.0,74.1080551147461,26.393455505371094,18.23562240600586,47.714599609375,8.157833099365234,55.872432708740234
1433,84389.4,84476.9,84312.4,84476.9,7078.0,35.592796325683594,28.434728622436523,15.591389656066895,7.15806770324707,12.843338966369629,20.0014066696167
1434,84477.0,84488.0,84382.9,84434.7,5544.0,40.24662780761719,24.465229034423828,15.971273422241211,15.78139877319336,8.493955612182617,24.275354385375977
1435,84447.3,84447.3,84367.8,84444.3,4011.0,33.660552978515625,24.307973861694336,21.188257217407227,9.352579116821289,3.1197166442871094,12.472295761108398
1436,84444.3,84482.8,84433.5,84462.5,3019.0,25.11712646484375,23.853546142578125,20.459630966186523,1.263580322265625,3.3939151763916016,4.657495498657227
1437,84464.0,84523.8,84395.9,84404.6,4104.0,27.630834579467773,20.7197322845459,18.936357498168945,6.911102294921875,1.7833747863769531,8.694477081298828
1438,84407.5,84426.2,84308.9,84344.0,3211.0,37.18535614013672,16.62466812133789,14.02861213684082,20.560688018798828,2.5960559844970703,23.1567440032959
1439,84331.3,84382.0,84251.4,84285.8,8637.0,22.426223754882812,14.291866302490234,8.276533126831055,8.134357452392578,6.01533317565918,14.149690628051758
