bar,open,high,low,close,volume,batched,isolated,cpu,abs_bi,abs_ic,abs_bc
0,88066.7,88174.6,88048.0,88155.1,5735.0,0.0,0.0,0.0,0.0,0.0,0.0
1,88146.7,88160.1,88081.7,88081.7,4816.0,0.0,0.0,0.0,0.0,0.0,0.0
2,88080.4,88080.4,87849.9,87850.0,10862.0,0.0,0.0,0.0,0.0,0.0,0.0
3,87857.1,87944.5,87780.2,87930.1,15390.0,0.0,0.0,0.0,0.0,0.0,0.0
4,87930.2,88039.6,87930.2,87991.6,4863.0,0.0,0.0,0.0,0.0,0.0,0.0
5,87980.8,87980.8,87852.6,87856.9,2161.0,0.0,0.0,0.0,0.0,0.0,0.0
6,87862.5,87869.1,87773.9,87797.8,3002.0,0.0,0.0,0.0,0.0,0.0,0.0
7,87794.2,87794.2,87660.4,87672.7,7045.0,0.0,0.0,0.0,0.0,0.0,0.0
8,87672.6,87704.8,87569.3,87664.0,6992.0,0.0,0.0,0.0,0.0,0.0,0.0
9,87657.2,87718.7,87621.5,87639.1,4116.0,0.0,0.0,0.0,0.0,0.0,0.0
10,87649.7,87726.9,87580.2,87580.2,5538.0,0.0,0.0,0.0,0.0,0.0,0.0
11,87583.2,87604.9,87412.0,87430.1,7937.0,0.0,0.0,87430.1015625,0.0,87430.1015625,87430.1015625
12,87427.6,87504.4,87326.9,87504.4,28049.0,0.0,0.0,87504.3984375,0.0,87504.3984375,87504.3984375
13,87505.9,87647.8,87477.7,87600.8,5425.0,0.0,0.0,87600.796875,0.0,87600.796875,87600.796875
14,87596.5,87649.2,87531.3,87564.6,5409.0,0.0,0.0,87564.6015625,0.0,87564.6015625,87564.6015625
15,87564.6,87669.2,87529.0,87648.0,5356.0,0.0,0.0,87648.0,0.0,87648.0,87648.0
16,87649.4,87731.5,87631.9,87721.9,8400.0,0.0,0.0,87721.8984375,0.0,87721.8984375,87721.8984375
17,87708.6,87759.6,87682.4,87759.6,6562.0,0.0,0.0,87759.6015625,0.0,87759.6015625,87759.6015625
18,87750.7,87750.7,87519.8,87519.8,4150.0,0.0,0.0,87519.796875,0.0,87519.796875,87519.796875
19,87502.6,87590.1,87498.4,87562.6,3954.0,0.0,0.0,87562.6015625,0.0,87562.6015625,87562.6015625
20,87566.9,87578.4,87328.7,87343.5,11941.0,0.0,0.0,87343.5,0.0,87343.5,87343.5
21,87343.4,87344.0,87227.3,87256.3,12379.0,0.0,0.0,87256.296875,0.0,87256.296875,87256.296875
22,87252.7,87420.8,87252.7,87392.1,3767.0,0.0,0.0,87392.1015625,0.0,87392.1015625,87392.1015625
23,87392.1,87404.4,87287.0,87371.4,6300.0,0.0,0.0,87371.3984375,0.0,87371.3984375,87371.3984375
24,87372.5,87475.6,87339.6,87471.7,3668.0,0.0,0.0,87471.703125,0.0,87471.703125,87471.703125
25,87471.1,87484.4,87403.9,87439.2,2831.0,0.0,0.0,87439.203125,0.0,87439.203125,87439.203125
26,87436.2,87436.2,87315.9,87370.4,3545.0,0.0,0.0,87370.3984375,0.0,87370.3984375,87370.3984375
27,87363.6,87377.7,87303.3,87303.3,4063.0,0.0,0.0,87303.296875,0.0,87303.296875,87303.296875
28,87303.2,87318.1,87204.0,87204.0,3420.0,0.0,0.0,87204.0,0.0,87204.0,87204.0
29,87200.9,87280.4,87200.9,87257.5,3839.0,0.0,0.0,87257.5,0.0,87257.5,87257.5
30,87263.5,87278.8,87211.2,87226.8,13526.0,184.1796875,-163.953125,-499.75,348.1328125,335.796875,683.9296875
31,87226.1,87258.0,87206.6,87206.6,2066.0,230.6328125,-342.4765625,-479.3671875,573.109375,136.890625,710.0
32,87205.6,87205.6,87154.6,87173.2,5683.0,172.109375,-388.4140625,-471.4921875,560.5234375,83.078125,643.6015625
33,87173.3,87298.7,87173.3,87286.8,7188.0,273.453125,-229.7109375,-335.0,503.1640625,105.2890625,608.453125
34,87283.7,87286.9,87182.4,87186.8,7126.0,124.4921875,-222.4765625,-407.0703125,346.96875,184.59375,531.5625
35,87183.8,87183.8,87080.0,87080.0,7382.0,129.75,-96.1796875,-487.875,225.9296875,391.6953125,617.625
36,87080.0,87113.9,86878.6,86895.9,34739.0,216.8671875,-107.7890625,-651.09375,324.65625,543.3046875,867.9609375
37,86901.3,86939.1,86776.4,86781.0,17855.0,63.671875,-155.2265625,-744.625,218.8984375,589.3984375,808.296875
38,86790.1,86895.4,86767.0,86877.6,13092.0,-134.4609375,-203.859375,-629.546875,69.3984375,425.6875,495.0859375
39,86877.7,86894.4,86752.5,86799.2,5481.0,63.6875,-280.1484375,-684.953125,343.8359375,404.8046875,748.640625
40,86806.7,86985.6,86797.5,86985.6,5524.0,90.875,-207.5703125,-479.4765625,298.4453125,271.90625,570.3515625
41,86985.6,87091.2,86985.6,87037.7,6819.0,-86.1875,-220.6015625,-409.6953125,134.4140625,189.09375,323.5078125
42,87042.2,87085.2,87006.2,87022.0,9574.0,-204.84375,-229.6171875,-414.234375,24.7734375,184.6171875,209.390625
43,87016.0,87059.1,86992.0,87055.7,4562.0,-0.4453125,-246.4609375,-363.96875,246.015625,117.5078125,363.5234375
44,87037.1,87118.4,87034.5,87034.5,4385.0,27.9375,-117.1640625,-369.4609375,145.1015625,252.296875,397.3984375
45,87034.0,87079.4,86918.0,86918.1,5614.0,-155.9921875,-198.2734375,-466.96875,42.28125,268.6953125,310.9765625
46,86922.3,86999.7,86852.1,86965.0,3934.0,-110.4921875,-276.671875,-391.671875,166.1796875,115.0,281.1796875
47,86973.7,87026.1,86973.7,87022.1,3649.0,-316.0859375,-419.46875,-293.265625,103.3828125,126.203125,22.8203125
48,87024.4,87024.4,86888.0,86937.6,4724.0,-360.4609375,-485.4453125,-328.8359375,124.984375,156.609375,31.625
49,86937.7,86946.2,86784.8,86834.6,8186.0,-660.8828125,-356.7421875,-399.7265625,304.140625,42.984375,261.15625
50,86834.1,86875.0,86816.4,86816.4,3229.0,-701.7421875,-396.96875,-379.765625,304.7734375,17.203125,321.9765625
51,86811.0,86811.0,86736.8,86747.7,8672.0,-461.7578125,-192.671875,-430.5625,269.0859375,237.890625,31.1953125
52,86747.7,86754.9,86632.4,86663.7,10621.0,-462.3671875,-129.640625,-503.640625,332.7265625,374.0,41.2734375
53,86662.6,86733.1,86656.0,86711.6,5251.0,-603.171875,-126.8359375,-437.2421875,476.3359375,310.40625,165.9296875
54,86713.4,86797.0,86694.8,86776.0,8816.0,-533.1796875,-77.34375,-357.0625,455.8359375,279.71875,176.1171875
55,86771.9,86843.4,86754.9,86843.1,8289.0,-457.25,-76.6875,-268.1015625,380.5625,191.4140625,189.1484375
56,86839.4,86843.2,86788.6,86793.6,4040.0,-681.8984375,-167.03125,-291.5390625,514.8671875,124.5078125,390.359375
57,86791.6,86810.2,86771.6,86771.6,1637.0,-1056.6328125,-99.8671875,-293.2734375,956.765625,193.40625,763.359375
58,86771.7,86775.9,86561.1,86561.5,18764.0,-1114.3046875,-28.703125,-489.3125,1085.6015625,460.609375,624.9921875
59,86561.1,86653.2,86547.3,86632.5,11099.0,-982.1484375,-99.8828125,-404.9921875,882.265625,305.109375,577.15625
60,86623.2,86749.9,86578.5,86691.8,11360.0,-604.015625,-181.734375,-324.5546875,422.28125,142.8203125,279.4609375
61,86692.1,86807.3,86674.1,86777.2,4944.0,-569.8203125,-179.4140625,-218.625,390.40625,39.2109375,351.1953125
62,86777.1,86912.6,86772.8,86888.4,31143.0,-844.7265625,-225.171875,-84.484375,619.5546875,140.6875,760.2421875
63,86890.1,86910.7,86847.2,86877.6,6761.0,-552.203125,-283.6953125,-69.8046875,268.5078125,213.890625,482.3984375
64,86880.8,86880.8,86707.1,86707.1,6576.0,-767.4140625,-207.046875,-211.546875,560.3671875,4.5,555.8671875
65,86703.9,87030.3,86664.3,87004.3,7093.0,-423.3203125,-122.109375,106.1875,301.2109375,228.296875,529.5078125
66,87003.4,87029.3,86934.7,86960.8,9135.0,-322.2578125,-43.1640625,74.53125,279.09375,117.6953125,396.7890625
67,86961.3,87031.1,86961.3,87016.8,6887.0,-16.328125,-87.546875,135.6484375,71.21875,223.1953125,151.9765625
68,87018.6,87098.9,86982.8,87042.9,4779.0,17.6328125,-109.078125,162.2109375,126.7109375,271.2890625,144.578125
69,87042.8,87089.4,86993.0,87040.7,3567.0,-26.703125,-303.375,175.828125,276.671875,479.203125,202.53125
70,87052.8,87151.8,87042.7,87146.3,5135.0,28.7734375,-224.0390625,289.7578125,252.8125,513.796875,260.984375
71,87136.8,87202.0,87082.7,87141.6,9808.0,-140.3125,-150.0546875,299.7578125,9.7421875,449.8125,440.0703125
72,87141.5,87171.3,87077.6,87103.5,9815.0,-204.7578125,-51.6171875,274.6796875,153.140625,326.296875,479.4375
73,87120.2,87156.4,87092.1,87139.0,6378.0,-162.546875,66.25,316.859375,228.796875,250.609375,479.40625
74,87127.1,87285.6,87127.1,87285.6,10418.0,-117.3515625,64.359375,472.3671875,181.7109375,408.0078125,589.71875
75,87286.3,87347.0,87230.6,87262.4,6640.0,-85.53125,-89.7734375,465.5390625,4.2421875,555.3125,551.0703125
76,87267.2,87304.4,87227.4,87265.9,7803.0,44.8359375,203.1171875,464.7265625,158.28125,261.609375,419.890625
77,87258.1,87397.0,87246.9,87381.6,5966.0,-302.0625,159.828125,580.640625,461.890625,420.8125,882.703125
78,87379.2,87416.2,87350.2,87382.5,8104.0,-290.890625,216.0859375,581.8046875,506.9765625,365.71875,872.6953125
79,87385.3,87385.3,87203.1,87206.5,8375.0,-117.828125,236.9296875,400.546875,354.7578125,163.6171875,518.375
80,87197.9,87269.5,87184.0,87255.9,5466.0,-17.515625,224.4296875,439.6328125,241.9453125,215.203125,457.1484375
81,87257.0,87259.1,87077.1,87085.8,11182.0,127.3125,313.5234375,253.046875,186.2109375,60.4765625,125.734375
82,87078.5,87191.7,87067.9,87178.3,8493.0,269.4765625,289.140625,325.84375,19.6640625,36.703125,56.3671875
83,87179.5,87211.0,87081.9,87101.3,4100.0,262.3203125,229.046875,226.859375,33.2734375,2.1875,35.4609375
84,87101.5,87165.0,87084.1,87164.6,4103.0,227.15625,243.1796875,268.7890625,16.0234375,25.609375,41.6328125
85,87159.0,87263.8,87159.0,87263.8,7991.0,212.015625,364.296875,342.5,152.28125,21.796875,130.484375
86,87263.8,87364.8,87257.3,87257.3,12821.0,436.328125,320.1328125,315.03125,116.1953125,5.1015625,121.296875
87,87254.8,87272.0,87194.2,87201.1,4852.0,454.734375,300.0234375,235.2265625,154.7109375,64.796875,219.5078125
88,87196.9,87344.5,87196.1,87273.3,9019.0,373.4296875,385.2265625,276.921875,11.796875,108.3046875,96.5078125
89,87273.3,87299.0,87234.8,87282.5,4458.0,311.234375,345.0703125,245.078125,33.8359375,99.9921875,66.15625
90,87282.4,87294.7,87186.6,87234.4,13604.0,30.8671875,140.3828125,168.2734375,109.515625,27.890625,137.40625
91,87234.5,87344.6,87234.5,87254.1,5698.0,21.0390625,161.5625,159.7734375,140.5234375,1.7890625,138.734375
92,87254.0,87260.8,87090.8,87090.8,4446.0,184.046875,-23.9609375,-18.9609375,208.0078125,5.0,203.0078125
93,87088.6,87156.5,87058.1,87150.2,4771.0,174.453125,54.046875,25.9453125,120.40625,28.1015625,148.5078125
94,87146.9,87224.5,87120.0,87136.1,7039.0,227.46875,-34.1328125,0.6640625,261.6015625,34.796875,226.8046875
95,87147.1,87212.5,87021.3,87200.3,6592.0,49.9453125,6.296875,41.9921875,43.6484375,35.6953125,7.953125
96,87208.9,87303.3,87188.9,87287.3,7835.0,-35.6171875,92.5078125,116.015625,128.125,23.5078125,151.6328125
97,87292.2,87397.9,87289.2,87386.0,6161.0,-29.484375,71.1796875,199.8984375,100.6640625,128.71875,229.3828125
98,87393.5,87497.2,87393.5,87484.7,9223.0,-188.8828125,5.765625,289.3828125,194.6484375,283.6171875,478.265625
99,87479.7,87499.9,87346.1,87346.1,5379.0,-224.40625,66.4453125,139.265625,290.8515625,72.8203125,363.671875
100,87346.2,87399.9,87346.2,87374.0,3442.0,-345.4296875,63.5625,155.0703125,408.9921875,91.5078125,500.5
101,87368.5,87480.9,87358.2,87448.0,4521.0,-430.9609375,11.046875,224.6640625,442.0078125,213.6171875,655.625
102,87444.3,87446.4,87365.9,87396.3,4579.0,-325.234375,25.125,167.3359375,350.359375,142.2109375,492.5703125
103,87418.0,87425.2,87303.7,87303.7,4357.0,-339.234375,-137.5390625,75.375,201.6953125,212.9140625,414.609375
104,87298.5,87299.3,87195.9,87228.9,6647.0,-295.5,-78.6953125,0.0078125,216.8046875,78.703125,295.5078125
105,87225.0,87274.1,87190.0,87274.1,6185.0,-326.5546875,-85.3203125,52.6796875,241.234375,138.0,379.234375
106,87269.8,87339.4,87262.9,87336.5,2842.0,-341.90625,-18.015625,118.1796875,323.890625,136.1953125,460.0859375
107,87332.8,87389.0,87309.1,87343.0,3113.0,-286.921875,67.9140625,123.609375,354.8359375,55.6953125,410.53125
108,87343.0,87361.8,87296.6,87357.5,5787.0,-319.7578125,166.3984375,137.890625,486.15625,28.5078125,457.6484375
109,87367.3,87367.3,87300.2,87324.3,2920.0,-292.2265625,259.9921875,99.5859375,552.21875,160.40625,391.8125
110,87324.1,87420.1,87299.5,87391.6,3281.0,-350.75,114.4140625,159.8984375,465.1640625,45.484375,510.6484375
111,87387.3,87426.6,87367.6,87367.6,3299.0,-509.875,136.40625,129.9921875,646.28125,6.4140625,639.8671875
112,87370.5,87434.3,87366.8,87434.3,5919.0,-390.4140625,192.296875,178.59375,582.7109375,13.703125,569.0078125
113,87441.1,87441.1,87327.1,87348.1,4270.0,-817.0078125,129.6875,81.4921875,946.6953125,48.1953125,898.5
114,87348.0,87402.0,87325.2,87387.7,2276.0,-1572.6796875,26.9765625,110.96875,1599.65625,83.9921875,1683.6484375
115,87379.9,87435.9,87357.2,87418.0,3605.0,-1186.84375,-51.0390625,138.046875,1135.8046875,189.0859375,1324.890625
116,87412.0,87412.0,87284.7,87319.5,3262.0,-1340.296875,-6.359375,39.0390625,1333.9375,45.3984375,1379.3359375
117,87323.4,87333.8,87269.7,87269.7,3139.0,-1044.859375,52.078125,-14.71875,1096.9375,66.796875,1030.140625
118,87268.0,87268.0,87192.3,87228.9,4089.0,-1262.96875,51.484375,-62.6171875,1314.453125,114.1015625,1200.3515625
119,87233.8,87283.9,87226.1,87283.9,1985.0,-1115.6015625,61.7734375,-11.828125,1177.375,73.6015625,1103.7734375
120,87283.9,87334.5,87282.3,87327.1,2113.0,-738.8984375,26.484375,29.2890625,765.3828125,2.8046875,768.1875
121,87327.1,87342.2,87293.3,87342.2,2732.0,-411.859375,85.921875,36.53125,497.78125,49.390625,448.390625
122,87346.3,87440.5,87267.0,87267.0,4450.0,-304.2421875,56.25,-44.3515625,360.4921875,100.6015625,259.890625
123,87267.0,87291.5,87154.6,87233.4,12040.0,-335.09375,105.7734375,-95.125,440.8671875,200.8984375,239.96875
124,87229.9,87343.2,87223.0,87322.4,6250.0,-418.46875,9.6796875,-16.0234375,428.1484375,25.703125,402.4453125
125,87321.5,87395.6,87312.0,87383.6,3558.0,-278.3515625,36.703125,32.6015625,315.0546875,4.1015625,310.953125
126,87388.6,87466.1,87370.7,87449.7,5254.0,-621.328125,56.109375,87.8125,677.4375,31.703125,709.140625
127,87450.7,87466.7,87295.4,87343.6,16226.0,-740.4375,-44.0,-19.8984375,696.4375,24.1015625,720.5390625
128,87356.8,87381.6,87285.9,87330.1,8568.0,-480.3671875,-87.984375,-27.5859375,392.3828125,60.3984375,452.78125
129,87339.4,87339.4,87218.9,87218.9,4133.0,-652.453125,-116.0,-125.9921875,536.453125,9.9921875,526.4609375
130,87202.4,87283.3,87168.3,87237.2,3723.0,-471.6875,-57.890625,-104.5859375,413.796875,46.6953125,367.1015625
131,87239.7,87262.3,87175.9,87235.0,3241.0,-316.6015625,-12.3359375,-104.4453125,304.265625,92.109375,212.15625
132,87247.9,87259.9,87183.5,87198.4,4240.0,-418.3203125,8.0546875,-135.7578125,426.375,143.8125,282.5625
133,87205.2,87233.0,87176.7,87185.5,1926.0,-288.984375,-60.6796875,-142.1875,228.3046875,81.5078125,146.796875
134,87182.6,87182.6,87080.3,87157.2,6053.0,-351.875,-90.7734375,-166.96875,261.1015625,76.1953125,184.90625
135,87147.5,87234.0,87147.5,87233.0,3708.0,-591.984375,-6.4375,-95.8359375,585.546875,89.3984375,496.1484375
136,87229.2,87275.8,87143.6,87155.3,7892.0,-760.3828125,49.2890625,-179.0234375,809.671875,228.3125,581.359375
137,87155.4,87198.1,87005.4,87017.6,15190.0,-1128.390625,109.7265625,-322.3828125,1238.1171875,432.109375,806.0078125
138,87018.5,87075.7,87005.2,87075.7,9681.0,-911.0234375,3.59375,-264.3046875,914.6171875,267.8984375,646.71875
139,87068.2,87068.2,86884.7,86918.4,9446.0,-1215.5546875,-8.53125,-420.2421875,1207.0234375,411.7109375,795.3125
140,86923.9,86925.9,86830.4,86912.9,6178.0,-990.4140625,-114.46875,-420.4609375,875.9453125,305.9921875,569.953125
141,86915.6,87056.8,86915.6,87049.1,8672.0,-1327.5546875,-88.4453125,-276.546875,1239.109375,188.1015625,1051.0078125
142,87049.1,87251.5,87049.1,87242.7,7613.0,-1043.6953125,-84.0234375,-76.3125,959.671875,7.7109375,967.3828125
143,87227.2,87331.2,87227.2,87306.4,14326.0,-1298.734375,-108.8203125,-0.828125,1189.9140625,107.9921875,1297.90625
144,87306.3,87306.3,87113.3,87159.9,50306.0,-1383.125,-113.59375,-139.1953125,1269.53125,25.6015625,1243.9296875
145,87164.3,87203.0,87143.6,87181.7,14310.0,-839.5625,-130.3671875,-105.8671875,709.1953125,24.5,733.6953125
146,87183.5,87394.7,87183.5,87356.0,7122.0,-1091.1484375,-45.3203125,77.6796875,1045.828125,123.0,1168.828125
147,87368.6,87397.5,87249.7,87268.0,3750.0,-990.6015625,-114.8203125,-2.109375,875.78125,112.7109375,988.4921875
148,87266.5,87266.5,87183.7,87217.1,3825.0,-740.3515625,-239.8984375,-40.40625,500.453125,199.4921875,699.9453125
149,87200.8,87325.8,87200.8,87286.3,5999.0,-357.5390625,-174.140625,36.453125,183.3984375,210.59375,393.9921875
150,87278.5,87324.1,87270.8,87315.4,3828.0,-55.9765625,-313.171875,83.828125,257.1953125,397.0,139.8046875
151,87315.5,87327.8,87211.1,87211.1,2126.0,-87.21875,-297.9609375,0.2421875,210.7421875,298.203125,87.4609375
152,87207.4,87207.4,87079.5,87094.4,6031.0,-89.4296875,-147.1015625,-101.8046875,57.671875,45.296875,12.375
153,87111.9,87161.5,87092.5,87128.8,4104.0,151.609375,47.7109375,-66.1875,103.8984375,113.8984375,217.796875
154,87116.6,87131.4,87081.3,87081.3,2055.0,207.3515625,107.75,-117.34375,99.6015625,225.09375,324.6953125
155,87080.0,87080.0,86926.0,86933.7,4617.0,387.671875,-30.625,-256.8125,418.296875,226.1875,644.484375
156,86946.5,87017.3,86910.8,87017.3,4854.0,567.53125,1.28125,-163.125,566.25,164.40625,730.65625
157,87023.3,87069.6,86971.3,87004.0,3525.0,455.3984375,180.265625,-171.734375,275.1328125,352.0,627.1328125
158,87004.9,87153.3,87004.9,87103.2,7838.0,541.078125,96.0390625,-68.75,445.0390625,164.7890625,609.828125
159,87098.0,87153.9,87067.0,87098.1,2920.0,488.828125,50.796875,-68.1953125,438.03125,118.9921875,557.0234375
160,87101.9,87141.3,87089.1,87089.1,6354.0,454.78125,116.625,-80.5703125,338.15625,197.1953125,535.3515625
161,87088.1,87152.0,87075.8,87148.2,2718.0,506.375,141.8203125,-25.375,364.5546875,167.1953125,531.75
162,87148.2,87220.1,87142.5,87220.1,3075.0,95.8125,38.7109375,47.7109375,57.1015625,9.0,48.1015625
163,87226.1,87260.8,87217.8,87243.1,2324.0,-170.5625,-72.78125,75.921875,97.78125,148.703125,246.484375
164,87250.2,87250.2,87197.9,87236.4,2364.0,-307.9609375,-35.5546875,72.0546875,272.40625,107.609375,380.015625
165,87239.3,87340.2,87231.4,87340.1,3636.0,-269.390625,-79.2578125,179.5546875,190.1328125,258.8125,448.9453125
166,87331.3,87331.3,87163.4,87212.3,16197.0,-305.3515625,-211.890625,66.71875,93.4609375,278.609375,372.0703125
167,87209.9,87275.8,87209.9,87275.7,6730.0,-347.78125,-121.3984375,137.0234375,226.3828125,258.421875,484.8046875
168,87266.9,87281.3,87238.0,87241.9,3204.0,-467.2890625,-134.015625,103.890625,333.2734375,237.90625,571.1796875
169,87240.0,87266.2,87151.5,87151.5,3662.0,-595.90625,-36.1875,12.1171875,559.71875,48.3046875,608.0234375
170,87144.2,87230.2,87144.2,87230.2,2223.0,-577.234375,-50.2734375,81.8359375,526.9609375,132.109375,659.0703125
171,87221.2,87257.5,87178.1,87211.1,3237.0,-1015.1328125,-68.078125,53.921875,947.0546875,122.0,1069.0546875
172,87215.6,87223.3,87083.0,87083.0,6893.0,-1475.828125,-13.9375,-79.140625,1461.890625,65.203125,1396.6875
173,87081.0,87085.5,86996.2,87006.1,7449.0,-849.40625,59.09375,-154.9140625,908.5,214.0078125,694.4921875
174,87003.5,87043.2,87003.5,87043.1,6087.0,91.7421875,85.265625,-114.75,6.4765625,200.015625,206.4921875
175,87048.4,87072.2,87023.0,87055.9,3957.0,337.9765625,74.7265625,-105.7734375,263.25,180.5,443.75
176,87062.6,87110.1,87036.0,87042.7,3693.0,829.609375,170.515625,-126.890625,659.09375,297.40625,956.5
177,87048.3,87113.2,87048.3,87113.2,3309.0,941.65625,49.8984375,-49.1953125,891.7578125,99.09375,990.8515625
178,87113.2,87170.8,87084.3,87104.6,2723.0,853.2578125,112.921875,-58.1953125,740.3359375,171.1171875,911.453125
179,87104.6,87104.6,87035.5,87052.0,4439.0,889.5234375,77.875,-112.03125,811.6484375,189.90625,1001.5546875
180,87046.0,87068.7,87030.2,87033.0,1778.0,955.3828125,-5.78125,-124.2890625,961.1640625,118.5078125,1079.671875
181,87034.8,87046.3,87000.5,87004.0,2719.0,1120.1796875,77.1796875,-149.03125,1043.0,226.2109375,1269.2109375
182,87001.9,87003.2,86893.3,86893.3,8052.0,1612.359375,58.078125,-259.734375,1554.28125,317.8125,1872.09375
183,86893.3,86991.3,86885.6,86970.4,5381.0,1168.2734375,-69.4609375,-182.0625,1237.734375,112.6015625,1350.3359375
184,86976.8,86988.5,86935.2,86935.2,6084.0,818.4296875,-140.2265625,-211.125,958.65625,70.8984375,1029.5546875
185,86935.1,86936.0,86728.6,86737.0,15394.0,645.015625,-101.3203125,-407.421875,746.3359375,306.1015625,1052.4375
186,86737.0,86809.0,86600.0,86688.9,33820.0,1068.875,-94.625,-461.625,1163.5,367.0,1530.5
187,86691.1,86839.5,86691.1,86833.1,5536.0,1178.9296875,-109.1015625,-318.6953125,1288.03125,209.59375,1497.625
188,86830.6,86913.0,86830.6,86846.2,7789.0,1122.0859375,-44.0546875,-311.0546875,1166.140625,267.0,1433.140625
189,86839.2,86842.7,86651.1,86659.8,12443.0,1040.03125,-52.7265625,-497.53125,1092.7578125,444.8046875,1537.5625
190,86672.6,86716.7,86653.2,86716.7,4318.0,921.703125,-103.0234375,-438.3203125,1024.7265625,335.296875,1360.0234375
191,86721.4,86721.4,86618.2,86643.8,3803.0,555.4609375,-119.21875,-508.4140625,674.6796875,389.1953125,1063.875
192,86646.7,86660.6,86403.9,86496.2,24834.0,424.0546875,-141.0078125,-648.8046875,565.0625,507.796875,1072.859375
193,86500.8,86584.7,86418.7,86453.0,17044.0,313.734375,-235.3671875,-675.671875,549.1015625,440.3046875,989.40625
194,86455.9,86497.4,86401.9,86444.9,7346.0,-101.953125,-144.625,-670.1328125,42.671875,525.5078125,568.1796875
195,86440.1,86555.3,86408.2,86526.5,4643.0,-21.8515625,-164.765625,-573.46875,142.9140625,408.703125,551.6171875
196,86526.5,86618.0,86492.5,86541.7,8116.0,-203.6171875,-332.8125,-528.109375,129.1953125,195.296875,324.4921875
197,86535.9,86535.9,86402.0,86402.1,4754.0,430.34375,-354.75,-641.5390625,785.09375,286.7890625,1071.8828125
198,86410.8,86438.8,86176.2,86180.7,17726.0,952.28125,-188.4140625,-840.8046875,1140.6953125,652.390625,1793.0859375
199,86180.7,86411.4,86180.7,86403.0,18165.0,1037.0234375,-155.53125,-598.7265625,1192.5546875,443.1953125,1635.75
200,86403.7,86516.5,86308.2,86516.5,9042.0,233.3984375,-317.3515625,-460.640625,550.75,143.2890625,694.0390625
201,86520.8,86776.4,86520.8,86756.3,28362.0,1034.625,-234.7734375,-195.171875,1269.3984375,39.6015625,1229.796875
202,86747.8,86747.8,86580.5,86610.5,10924.0,910.984375,-279.3125,-312.6015625,1190.296875,33.2890625,1223.5859375
203,86610.4,86780.8,86590.9,86748.0,15765.0,290.328125,-397.5625,-145.765625,687.890625,251.796875,436.09375
204,86748.0,86786.9,86667.8,86706.6,4021.0,291.40625,-413.109375,-159.5078125,704.515625,253.6015625,450.9140625
205,86703.3,86798.4,86669.7,86731.1,5333.0,51.4921875,-391.3046875,-105.09375,442.796875,286.2109375,156.5859375
206,86722.3,86722.3,86635.2,86676.4,11247.0,-329.9765625,-283.234375,-133.328125,46.7421875,149.90625,196.6484375
207,86694.1,86698.7,86556.8,86579.7,4820.0,-326.328125,-242.9765625,-204.96875,83.3515625,38.0078125,121.359375
208,86571.2,86596.5,86552.1,86578.7,3897.0,-473.203125,-347.0234375,-170.421875,126.1796875,176.6015625,302.78125
209,86574.5,86660.9,86495.6,86495.6,9383.0,-428.09375,-522.2265625,-207.328125,94.1328125,314.8984375,220.765625
210,86495.8,86508.7,86253.3,86398.1,9546.0,-929.640625,-267.46875,-272.3828125,662.171875,4.9140625,657.2578125
211,86398.1,86542.0,86398.1,86528.6,8732.0,-1249.1953125,-128.1484375,-116.046875,1121.046875,12.1015625,1133.1484375
212,86531.9,86568.2,86352.6,86352.8,9250.0,-759.3203125,124.03125,-279.46875,883.3515625,403.5,479.8515625
213,86377.2,86444.9,86317.1,86433.1,8618.0,-1185.046875,-7.625,-185.03125,1177.421875,177.40625,1000.015625
214,86428.1,86534.8,86383.7,86524.9,4693.0,-1073.6171875,140.9921875,-82.109375,1214.609375,223.1015625,991.5078125
215,86525.0,86670.4,86509.6,86589.1,7676.0,-1106.9609375,111.0234375,-6.4765625,1217.984375,117.5,1100.484375
216,86578.0,86640.7,86530.3,86562.6,5424.0,-1222.5234375,135.8203125,-32.6796875,1358.34375,168.5,1189.84375
217,86559.3,86609.8,86391.6,86395.6,13155.0,-1112.828125,81.7421875,-199.0546875,1194.5703125,280.796875,913.7734375
218,86404.0,86468.1,86379.2,86466.4,3063.0,-844.4453125,-2.28125,-115.5859375,842.1640625,113.3046875,728.859375
219,86466.4,86488.8,86301.9,86347.8,9455.0,-645.875,10.0859375,-220.8125,655.9609375,230.8984375,425.0625
220,86357.6,86492.7,86353.3,86484.3,4486.0,-398.1171875,-64.8046875,-76.1171875,333.3125,11.3125,322.0
221,86475.5,86483.5,86409.6,86432.5,7786.0,-370.265625,-146.375,-111.984375,223.890625,34.390625,258.28125
222,86432.5,86488.2,86357.0,86447.1,5794.0,217.828125,-10.1171875,-91.6171875,227.9453125,81.5,309.4453125
223,86438.5,86438.5,86282.0,86331.4,7853.0,148.734375,-178.7578125,-200.1484375,327.4921875,21.390625,348.8828125
224,86328.9,86352.0,85852.6,85882.9,137327.0,289.875,-97.453125,-647.65625,387.328125,550.203125,937.53125
225,85887.1,86099.9,85852.2,86006.9,21941.0,1158.3515625,-9.65625,-527.6484375,1168.0078125,517.9921875,1686.0
226,86007.0,86190.6,86007.0,86186.3,11137.0,1299.5390625,51.421875,-351.3828125,1248.1171875,402.8046875,1650.921875
227,86187.5,86250.8,86051.9,86138.2,10003.0,1328.4296875,23.8828125,-400.5234375,1304.546875,424.40625,1728.953125
228,86153.7,86259.6,86135.6,86209.9,8193.0,1947.1796875,-142.796875,-328.5,2089.9765625,185.703125,2275.6796875
229,86209.9,86234.3,86131.4,86162.9,4426.0,1630.7265625,-86.28125,-389.78125,1717.0078125,303.5,2020.5078125
230,86167.4,86250.8,86140.2,86152.9,9285.0,1514.1875,-202.1328125,-397.0234375,1716.3203125,194.890625,1911.2109375
231,86169.3,86169.3,85990.9,86043.0,9036.0,1441.3125,-64.0234375,-505.3125,1505.3359375,441.2890625,1946.625
232,86033.5,86036.6,85656.5,85703.8,56064.0,1315.4765625,-99.6328125,-828.328125,1415.109375,728.6953125,2143.8046875
233,85703.9,85852.2,85703.9,85767.8,27207.0,1379.6484375,-76.859375,-756.15625,1456.5078125,679.296875,2135.8046875
234,85762.0,85850.4,85727.8,85815.1,7963.0,1168.6953125,-171.734375,-688.015625,1340.4296875,516.28125,1856.7109375
235,85832.0,85832.0,85600.1,85702.0,20876.0,1041.484375,-579.046875,-759.9296875,1620.53125,180.8828125,1801.4140625
236,85701.9,85803.3,85600.1,85627.9,31337.0,898.8125,-418.8359375,-797.8203125,1317.6484375,378.984375,1696.6328125
237,85624.6,85683.4,85558.8,85574.3,29383.0,566.1796875,-214.9375,-826.9140625,781.1171875,611.9765625,1393.09375
238,85574.0,85631.1,85473.9,85502.9,21038.0,413.3828125,-240.9453125,-876.2421875,654.328125,635.296875,1289.625
239,85529.6,85593.1,85345.5,85439.8,37207.0,-20.859375,-150.8125,-920.90625,129.953125,770.09375,900.046875
240,85439.7,85659.3,85427.1,85647.1,10836.0,-667.75,-181.1796875,-696.9609375,486.5703125,515.78125,29.2109375
241,85625.5,85680.6,85510.3,85680.6,6731.0,-908.0546875,-178.9140625,-651.203125,729.140625,472.2890625,256.8515625
242,85680.5,85680.9,85575.1,85613.4,6608.0,-1246.2421875,-264.53125,-694.125,981.7109375,429.59375,552.1171875
243,85626.1,85699.9,85549.1,85575.0,10137.0,-1229.9375,-571.28125,-700.078125,658.65625,128.796875,529.859375
244,85598.0,85715.5,85572.4,85672.9,7328.0,-823.7109375,-474.0078125,-568.90625,349.703125,94.8984375,254.8046875
245,85673.0,85999.4,85673.0,85932.5,15574.0,-288.71875,-391.21875,-273.8203125,102.5,117.3984375,14.8984375
246,85934.9,86054.4,85926.3,85992.9,11959.0,-185.25,-459.9609375,-169.0625,274.7109375,290.8984375,16.1875
247,86000.8,86040.4,85902.2,85936.9,8689.0,-331.171875,-487.328125,-178.328125,156.15625,309.0,152.84375
248,85937.8,86035.6,85926.0,86014.1,10299.0,-75.015625,-499.859375,-60.0546875,424.84375,439.8046875,14.9609375
249,86025.2,86025.2,85833.7,85839.4,5731.0,108.5859375,-523.0859375,-186.5859375,631.671875,336.5,295.171875
250,85839.5,85941.5,85839.4,85930.4,4302.0,0.421875,-540.7890625,-50.1796875,541.2109375,490.609375,50.6015625
251,85921.9,85930.2,85830.6,85879.7,6486.0,-4.078125,-291.6328125,-59.0234375,287.5546875,232.609375,54.9453125
252,85896.6,85930.0,85835.3,85912.9,4643.0,51.2890625,-220.5390625,11.765625,271.828125,232.3046875,39.5234375
253,85912.0,85912.0,85813.0,85827.0,2945.0,132.4453125,-246.0546875,-32.453125,378.5,213.6015625,164.8984375
254,85829.2,85829.2,85720.1,85774.1,4394.0,249.375,-246.6328125,-47.53125,496.0078125,199.1015625,296.90625
255,85783.3,85943.9,85783.3,85942.9,5970.0,429.8203125,-138.234375,131.765625,568.0546875,270.0,298.0546875
256,85925.4,85974.4,85701.9,85718.3,10857.0,510.484375,125.09375,-89.1171875,385.390625,214.2109375,599.6015625
257,85718.3,85718.7,85533.6,85565.1,10773.0,329.15625,195.15625,-232.640625,134.0,427.796875,561.796875
258,85565.1,85646.5,85544.6,85624.6,4371.0,412.84375,149.21875,-163.0703125,263.625,312.2890625,575.9140625
259,85624.7,85642.1,85466.0,85526.5,10898.0,247.9765625,236.2109375,-251.390625,11.765625,487.6015625,499.3671875
260,85510.1,85640.6,85480.2,85621.2,6778.0,-60.6640625,77.6875,-140.5078125,138.3515625,218.1953125,79.84375
261,85621.2,85773.2,85621.2,85727.2,7407.0,-209.84375,179.8125,-23.3828125,389.65625,203.1953125,186.4609375
262,85729.2,85785.5,85703.8,85785.5,9769.0,-263.2421875,137.2890625,43.078125,400.53125,94.2109375,306.3203125
263,85785.6,85804.4,85650.4,85658.2,8415.0,-288.6015625,160.03125,-94.671875,448.6328125,254.703125,193.9296875
264,85657.3,85657.3,85495.8,85533.1,4775.0,-629.1484375,71.1640625,-222.734375,700.3125,293.8984375,406.4140625
265,85534.1,85579.5,85432.9,85462.1,9237.0,-304.9140625,20.3203125,-291.6875,325.234375,312.0078125,13.2265625
266,85469.8,85567.3,85445.9,85535.4,10767.0,-574.6640625,177.0625,-230.4296875,751.7265625,407.4921875,344.234375
267,85533.0,85579.6,85487.1,85487.2,2838.0,-620.65625,-52.046875,-283.1484375,568.609375,231.1015625,337.5078125
268,85481.1,85625.0,85474.8,85612.1,6635.0,-768.4296875,-204.7890625,-157.7890625,563.640625,47.0,610.640625
269,85604.5,85711.2,85604.5,85687.9,6297.0,-881.0,-151.375,-88.078125,729.625,63.296875,792.921875
270,85687.5,85792.8,85609.7,85792.8,6186.0,-427.140625,-253.8125,12.484375,173.328125,266.296875,439.625
271,85800.0,85853.5,85674.6,85701.6,7363.0,-230.9375,-157.8125,-77.4140625,73.125,80.3984375,153.5234375
272,85704.4,85796.4,85675.8,85759.0,4660.0,197.390625,-54.140625,-22.3515625,251.53125,31.7890625,219.7421875
273,85759.1,85772.3,85654.9,85654.9,4528.0,144.2890625,-4.453125,-135.0546875,148.7421875,130.6015625,279.34375
274,85663.4,85663.4,85579.3,85613.0,4202.0,356.1875,-135.9140625,-181.125,492.1015625,45.2109375,537.3125
275,85617.9,85650.0,85577.4,85630.5,2748.0,354.765625,-254.0234375,-156.640625,608.7890625,97.3828125,511.40625
276,85642.8,85944.7,85642.2,85944.6,6701.0,326.7578125,-301.5078125,180.984375,628.265625,482.4921875,145.7734375
277,85933.7,85994.8,85778.8,85800.3,9326.0,288.5703125,-205.3359375,59.5546875,493.90625,264.890625,229.015625
278,85794.2,85898.8,85778.1,85867.2,8023.0,357.0859375,-231.046875,148.9453125,588.1328125,379.9921875,208.140625
279,85855.5,85914.1,85800.5,85871.9,6588.0,580.140625,-86.046875,173.7421875,666.1875,259.7890625,406.3984375
280,85866.2,86031.3,85852.7,85988.0,11707.0,681.1015625,-2.671875,297.421875,683.7734375,300.09375,383.6796875
281,85988.0,86090.0,85977.8,86068.3,5521.0,753.9140625,109.109375,384.6015625,644.8046875,275.4921875,369.3125
282,86062.7,86078.8,86009.1,86047.9,4429.0,772.34375,26.8203125,373.1171875,745.5234375,346.296875,399.2265625
283,86058.4,86129.3,86037.8,86071.8,4974.0,942.8671875,91.9140625,404.7109375,850.953125,312.796875,538.15625
284,86067.5,86108.6,86045.0,86058.0,3915.0,757.2578125,-3.59375,399.515625,760.8515625,403.109375,357.7421875
285,86058.0,86125.1,86053.1,86063.0,4532.0,845.5390625,-37.4296875,412.578125,882.96875,450.0078125,432.9609375
286,86062.2,86062.2,85998.7,85998.7,2655.0,593.28125,-4.3203125,363.8984375,597.6015625,368.21875,229.3828125
287,85999.1,86071.6,85999.0,86045.6,4464.0,662.0078125,298.46875,399.4765625,363.5390625,101.0078125,262.53125
288,86053.5,86057.0,85921.6,85951.1,5981.0,526.9609375,142.3984375,293.21875,384.5625,150.8203125,233.7421875
289,85957.7,85994.0,85936.4,85974.5,3532.0,284.0234375,197.1796875,304.484375,86.84375,107.3046875,20.4609375
290,85967.0,85997.2,85936.1,85997.2,6763.0,287.5546875,184.6015625,309.921875,102.953125,125.3203125,22.3671875
291,85997.2,86001.5,85941.1,85958.6,3057.0,56.421875,282.3671875,252.9765625,225.9453125,29.390625,196.5546875
292,85971.0,86022.3,85971.0,85995.9,4989.0,-26.0,345.609375,273.2265625,371.609375,72.3828125,299.2265625
293,85983.3,85996.5,85935.9,85962.2,5489.0,-426.6171875,312.09375,226.40625,738.7109375,85.6875,653.0234375
294,85966.3,85986.7,85891.4,85922.4,8574.0,-412.328125,315.3125,165.921875,727.640625,149.390625,578.25
295,85918.2,85984.1,85918.2,85975.6,6319.0,-428.0234375,275.265625,192.8828125,703.2890625,82.3828125,620.90625
296,85962.7,85986.5,85945.6,85961.5,4096.0,-459.453125,250.2265625,148.734375,709.6796875,101.4921875,608.1875
297,85962.6,86028.1,85961.3,86020.9,4533.0,-563.09375,162.765625,184.96875,725.859375,22.203125,748.0625
298,86019.2,86020.8,85968.5,85968.5,2496.0,-536.109375,181.75,104.6484375,717.859375,77.1015625,640.7578125
299,85964.2,85964.2,85817.3,85832.3,3535.0,2844.4765625,70.296875,-48.5078125,2774.1796875,118.8046875,2892.984375
300,85817.3,85865.2,85798.6,85861.3,10066.0,2466.84375,79.3671875,-33.84375,2387.4765625,113.2109375,2500.6875
301,85863.3,85863.3,85794.8,85802.0,9386.0,2280.4609375,91.84375,-103.359375,2188.6171875,195.203125,2383.8203125
302,85800.1,85864.7,85765.8,85810.0,5590.0,2251.9921875,40.390625,-108.2109375,2211.6015625,148.6015625,2360.203125
303,85810.1,85859.5,85810.1,85828.0,3362.0,1802.9296875,65.8515625,-102.0546875,1737.078125,167.90625,1904.984375
304,85822.3,85860.8,85822.1,85831.6,5387.0,1612.2421875,16.7890625,-113.8203125,1595.453125,130.609375,1726.0625
305,85822.8,85888.9,85697.6,85697.6,6473.0,1496.734375,-38.4921875,-263.2890625,1535.2265625,224.796875,1760.0234375
306,85695.3,85766.4,85656.3,85766.1,10213.0,1008.0625,-2.5390625,-212.0390625,1010.6015625,209.5,1220.1015625
307,85766.5,85852.0,85671.8,85693.6,3404.0,1085.359375,-17.4765625,-285.3828125,1102.8359375,267.90625,1370.7421875
308,85702.2,85723.8,85620.9,85622.9,5585.0,963.3125,30.8828125,-367.1171875,932.4296875,398.0,1330.4296875
309,85644.7,85647.0,85622.9,85623.0,3111.0,591.1875,-26.578125,-372.078125,617.765625,345.5,963.265625
310,85631.0,85665.0,85631.0,85636.9,4084.0,554.40625,-160.796875,-356.203125,715.203125,195.40625,910.609375
311,85636.1,85707.5,85636.1,85703.2,4418.0,593.6796875,-125.46875,-283.5625,719.1484375,158.09375,877.2421875
312,85707.8,85771.7,85707.8,85711.1,2704.0,673.9375,-171.453125,-262.34375,845.390625,90.890625,936.28125
313,85711.1,85769.9,85687.0,85752.4,4256.0,600.8828125,-151.5546875,-209.1484375,752.4375,57.59375,810.03125
314,85748.2,85823.4,85698.3,85698.3,4213.0,717.6484375,-121.3671875,-251.0625,839.015625,129.6953125,968.7109375
315,85698.2,85706.7,85631.2,85631.2,4632.0,378.65625,-106.453125,-306.84375,485.109375,200.390625,685.5
316,85632.3,85754.7,85625.5,85739.9,3221.0,369.9296875,-222.1796875,-179.875,592.109375,42.3046875,549.8046875
317,85747.2,85816.0,85691.2,85715.2,4803.0,43.5703125,-142.0546875,-192.9375,185.625,50.8828125,236.5078125
318,85722.2,85737.1,85632.0,85659.7,3118.0,229.7890625,-196.953125,-230.84375,426.7421875,33.890625,460.6328125
319,85661.6,85687.8,85644.3,85668.9,5380.0,183.7578125,-251.2421875,-205.2421875,435.0,46.0,389.0
320,85664.7,85768.7,85664.7,85768.7,3704.0,137.4921875,-233.5625,-87.8671875,371.0546875,145.6953125,225.359375
321,85775.8,85825.9,85674.0,85674.0,4334.0,227.140625,-201.6484375,-164.546875,428.7890625,37.1015625,391.6875
322,85661.1,85722.1,85629.1,85722.1,3253.0,78.1640625,-122.5703125,-103.6796875,200.734375,18.890625,181.84375
323,85718.0,85751.9,85661.0,85667.1,3712.0,107.3203125,-100.4375,-144.4375,207.7578125,44.0,251.7578125
324,85667.1,85696.1,85603.6,85696.1,4164.0,194.234375,-48.6484375,-104.9453125,242.8828125,56.296875,299.1796875
325,85682.4,85804.0,85669.9,85767.0,16307.0,48.921875,-91.5390625,-22.84375,140.4609375,68.6953125,71.765625
326,85759.8,85850.0,85747.8,85850.0,3203.0,-117.3828125,-141.4140625,77.375,24.03125,218.7890625,194.7578125
327,85854.0,85901.0,85835.9,85835.9,3468.0,124.5078125,-21.6328125,74.3515625,146.140625,95.984375,50.15625
328,85832.3,85889.4,85832.3,85889.4,4198.0,47.6953125,-31.046875,143.1328125,78.7421875,174.1796875,95.4375
329,85890.3,85902.1,85825.9,85852.1,3332.0,-78.71875,-71.109375,121.28125,7.609375,192.390625,200.0
330,85852.1,85930.9,85852.1,85878.5,3155.0,-105.796875,-53.75,155.859375,52.046875,209.609375,261.65625
331,85874.2,85874.2,85692.2,85700.0,4425.0,-15.8046875,50.6796875,-18.015625,66.484375,68.6953125,2.2109375
332,85699.9,85699.9,85474.5,85474.5,8504.0,-4.421875,-37.6171875,-237.1171875,33.1953125,199.5,232.6953125
333,85473.9,85526.3,85420.3,85486.2,9694.0,-196.6796875,14.8828125,-221.0234375,211.5625,235.90625,24.34375
334,85501.5,85604.9,85480.8,85572.9,10546.0,-99.109375,-32.078125,-126.28125,67.03125,94.203125,27.171875
335,85568.5,85583.0,85450.0,85493.9,6985.0,-267.625,3.703125,-198.5078125,271.328125,202.2109375,69.1171875
336,85489.0,85582.8,85474.2,85555.8,32121.0,-324.34375,71.1328125,-140.078125,395.4765625,211.2109375,184.265625
337,85555.7,85555.7,85450.0,85476.3,4223.0,-624.0546875,149.9375,-223.7734375,773.9921875,373.7109375,400.28125
338,85480.4,85523.9,85469.1,85472.7,7586.0,-717.0390625,128.71875,-234.4765625,845.7578125,363.1953125,482.5625
339,85469.1,85523.7,85427.6,85442.0,8565.0,-342.8203125,168.890625,-278.5078125,511.7109375,447.3984375,64.3125
340,85442.0,85567.2,85442.0,85514.8,5399.0,-488.859375,120.140625,-217.15625,609.0,337.296875,271.703125
341,85512.3,85561.3,85399.6,85561.3,6553.0,-590.6484375,134.453125,-182.7421875,725.1015625,317.1953125,407.90625
342,85553.0,85729.4,85524.2,85654.8,5704.0,-527.453125,-43.890625,-89.0859375,483.5625,45.1953125,438.3671875
343,85654.9,85931.1,85654.9,85913.5,16924.0,-514.3984375,-257.5546875,181.453125,256.84375,439.0078125,695.8515625
344,85914.5,86012.0,85878.8,85878.8,10279.0,-637.1875,-232.546875,160.0546875,404.640625,392.6015625,797.2421875
345,85883.0,85996.5,85883.0,85948.5,6728.0,-975.546875,-139.578125,236.0234375,835.96875,375.6015625,1211.5703125
346,85950.9,85979.7,85879.3,85879.3,3159.0,-1124.4140625,-211.71875,173.6875,912.6953125,385.40625,1298.1015625
347,85875.2,85875.2,85723.7,85741.6,6791.0,-974.046875,-140.609375,45.2109375,833.4375,185.8203125,1019.2578125
348,85745.6,85828.9,85745.6,85783.2,3525.0,-576.796875,-208.1640625,98.75,368.6328125,306.9140625,675.546875
349,85762.6,85807.2,85753.7,85778.3,2848.0,-637.9296875,-202.4140625,103.1953125,435.515625,305.609375,741.125
350,85768.1,85816.5,85768.1,85816.5,4345.0,-828.0859375,-221.7734375,152.7421875,606.3125,374.515625,980.828125
351,85816.6,85888.1,85804.1,85871.0,3167.0,-597.375,-136.2734375,219.9453125,461.1015625,356.21875,817.3203125
352,85863.5,85912.7,85846.6,85887.0,7238.0,-693.953125,-84.1328125,241.578125,609.8203125,325.7109375,935.53125
353,85889.3,85957.3,85854.7,85957.3,2948.0,-481.0,12.734375,315.2421875,493.734375,302.5078125,796.2421875
354,85957.2,86040.2,85954.5,86032.3,5187.0,-290.8984375,259.1171875,377.921875,550.015625,118.8046875,668.8203125
355,86032.3,86077.6,86003.0,86058.2,4787.0,-17.3046875,215.2734375,394.6953125,232.578125,179.421875,412.0
356,86056.2,86121.1,86056.1,86056.2,4706.0,-46.796875,275.90625,383.625,322.703125,107.71875,430.421875
357,86067.6,86115.4,86056.1,86056.1,3744.0,-77.890625,205.234375,382.0546875,283.125,176.8203125,459.9453125
358,86056.0,86056.0,85994.5,86026.6,2311.0,-32.6953125,72.25,357.2734375,104.9453125,285.0234375,389.96875
359,86026.5,86060.7,86012.3,86059.4,3384.0,-147.9296875,119.1640625,395.3671875,267.09375,276.203125,543.296875
360,86052.5,86089.3,86026.7,86087.3,3147.0,-240.0,117.953125,426.953125,357.953125,309.0,666.953125
361,86087.2,86164.4,86012.3,86022.5,4912.0,-160.1484375,159.2578125,365.2578125,319.40625,206.0,525.40625
362,86015.4,86086.4,85968.9,86082.1,4110.0,-156.3984375,205.203125,416.3046875,361.6015625,211.1015625,572.703125
363,86062.7,86078.7,86027.4,86062.1,2589.0,-107.2734375,200.578125,375.6796875,307.8515625,175.1015625,482.953125
364,86068.1,86117.8,86020.7,86040.4,3568.0,48.7421875,247.328125,330.421875,198.5859375,83.09375,281.6796875
365,86040.5,86048.8,85957.1,85980.7,3070.0,-298.0625,299.359375,247.7578125,597.421875,51.6015625,545.8203125
366,85978.0,86169.3,85967.8,86135.8,4361.0,-295.09375,297.0546875,374.6328125,592.1484375,77.578125,669.7265625
367,86135.8,86248.1,86031.1,86060.6,6480.0,100.546875,270.0234375,274.421875,169.4765625,4.3984375,173.875
368,86056.3,86067.4,86014.9,86014.9,2417.0,8.6875,240.9375,199.7265625,232.25,41.2109375,191.0390625
369,86010.6,86130.3,86010.6,86121.1,5066.0,134.8125,183.7421875,278.234375,48.9296875,94.4921875,143.421875
370,86116.7,86126.7,86075.7,86095.0,4595.0,213.046875,185.671875,221.265625,27.375,35.59375,8.21875
371,86092.5,86129.6,86060.8,86069.6,2470.0,222.0390625,184.9453125,167.2421875,37.09375,17.703125,54.796875
372,86075.4,86081.5,86056.1,86062.0,5649.0,188.6171875,97.0859375,136.578125,91.53125,39.4921875,52.0390625
373,86056.0,86119.4,86048.2,86119.4,3238.0,223.2578125,135.3203125,172.609375,87.9375,37.2890625,50.6484375
374,86128.0,86220.8,86122.8,86216.6,5249.0,420.09375,107.890625,262.3828125,312.203125,154.4921875,157.7109375
375,86204.5,86322.9,86183.2,86192.3,9061.0,415.90625,78.1015625,230.0,337.8046875,151.8984375,185.90625
376,86192.2,86192.2,86142.7,86170.0,2753.0,351.8359375,16.8046875,206.09375,335.03125,189.2890625,145.7421875
377,86182.3,86340.0,86182.3,86301.2,7937.0,302.7421875,159.0703125,324.46875,143.671875,165.3984375,21.7265625
378,86305.9,86338.2,86290.0,86290.0,3039.0,-0.9765625,67.921875,297.3203125,68.8984375,229.3984375,298.296875
379,86286.2,86309.2,86236.0,86258.9,5341.0,123.8515625,10.6328125,254.6328125,113.21875,244.0,130.78125
380,86257.3,86338.3,86244.4,86303.6,3256.0,159.7265625,99.6953125,282.1953125,60.03125,182.5,122.46875
381,86303.6,86309.6,86250.7,86302.4,2599.0,145.78125,59.6640625,267.0703125,86.1171875,207.40625,121.2890625
382,86303.6,86344.9,86277.8,86340.4,4060.0,194.078125,24.3359375,295.1328125,169.7421875,270.796875,101.0546875
383,86338.3,86344.8,86258.4,86286.1,3108.0,54.328125,7.984375,232.0859375,46.34375,224.1015625,177.7578125
384,86286.4,86309.7,86252.1,86309.7,2156.0,-86.671875,57.28125,247.5859375,143.953125,190.3046875,334.2578125
385,86314.0,86344.9,86299.6,86344.9,3074.0,-50.3828125,145.265625,273.5703125,195.6484375,128.3046875,323.953125
386,86344.8,86344.8,86286.7,86324.9,5096.0,-221.3046875,114.2578125,246.859375,335.5625,132.6015625,468.1640625
387,86334.8,86338.0,86254.7,86263.5,5631.0,-239.546875,86.2734375,179.78125,325.8203125,93.5078125,419.328125
388,86267.7,86292.5,86240.0,86256.2,2701.0,-377.0,205.21875,160.21875,582.21875,45.0,537.21875
389,86254.1,86254.1,86193.9,86207.5,2405.0,-353.8828125,180.8515625,98.3515625,534.734375,82.5,452.234375
390,86207.6,86266.1,86207.6,86266.1,6706.0,-358.9453125,139.7734375,146.96875,498.71875,7.1953125,505.9140625
391,86267.1,86301.8,86220.0,86237.4,3000.0,-366.15625,173.65625,107.453125,539.8125,66.203125,473.609375
392,86238.3,86307.1,86219.1,86219.1,4243.0,-293.21875,158.4609375,75.1640625,451.6796875,83.296875,368.3828125
393,86217.2,86256.4,86160.5,86238.5,3859.0,-328.6328125,183.5390625,81.6484375,512.171875,101.890625,410.28125
394,86242.7,86250.0,86205.0,86214.2,3779.0,-319.96875,118.046875,46.1484375,438.015625,71.8984375,366.1171875
395,86205.6,86205.6,86062.1,86062.1,8078.0,-258.4296875,128.1796875,-119.4140625,386.609375,247.59375,139.015625
396,86062.1,86067.8,86017.3,86036.8,5860.0,-340.328125,145.171875,-162.9296875,485.5,308.1015625,177.3984375
397,86033.7,86033.7,85869.9,85932.9,9270.0,-304.5078125,115.71875,-276.28125,420.2265625,392.0,28.2265625
398,85932.5,85949.1,85905.2,85905.2,2510.0,-333.7421875,44.171875,-314.125,377.9140625,358.296875,19.6171875
399,85902.4,85918.0,85846.1,85853.2,5250.0,-461.2734375,24.8125,-378.1875,486.0859375,403.0,83.0859375
400,85864.9,85889.3,85829.6,85867.5,2686.0,-388.046875,-28.2109375,-368.2109375,359.8359375,340.0,19.8359375
401,85855.7,85940.4,85855.7,85928.9,6484.0,-829.359375,21.828125,-315.3671875,851.1875,337.1953125,513.9921875
402,85926.0,85937.7,85894.7,85927.0,2066.0,-1540.0234375,-15.2578125,-325.65625,1524.765625,310.3984375,1214.3671875
403,85928.6,86085.2,85894.1,86085.2,17823.0,-1042.0703125,-41.40625,-175.3125,1000.6640625,133.90625,866.7578125
404,86085.1,86225.3,86025.6,86058.2,69246.0,-1311.3359375,-27.9609375,-208.265625,1283.375,180.3046875,1103.0703125
405,86058.2,86058.2,85965.0,85970.3,4219.0,-1067.640625,-52.140625,-296.046875,1015.5,243.90625,771.59375
406,85969.8,86053.8,85968.7,86053.8,2784.0,-1193.625,-197.734375,-206.0390625,995.890625,8.3046875,987.5859375
407,86054.0,86116.5,86018.3,86113.2,1520.0,-1134.6015625,-216.3828125,-139.96875,918.21875,76.4140625,994.6328125
408,86112.1,86142.0,86038.7,86071.7,3330.0,-735.65625,-301.8671875,-163.0546875,433.7890625,138.8125,572.6015625
409,86071.6,86087.8,86033.8,86065.8,3745.0,-301.2265625,-310.3203125,-149.7265625,9.09375,160.59375,151.5
410,86070.7,86154.0,86070.7,86154.0,2658.0,-353.3203125,-342.0390625,-41.234375,11.28125,300.8046875,312.0859375
411,86158.8,86187.3,86136.3,86136.3,1825.0,-306.828125,-305.9296875,-37.140625,0.8984375,268.7890625,269.6875
412,86136.1,86157.2,86093.9,86127.3,2414.0,-455.1640625,-225.8671875,-27.4609375,229.296875,198.40625,427.703125
413,86123.1,86146.9,86092.1,86096.5,2241.0,-329.5390625,-207.0859375,-37.5859375,122.453125,169.5,291.953125
414,86107.5,86107.5,86049.8,86084.9,3268.0,-577.8125,-38.84375,-39.1484375,538.96875,0.3046875,538.6640625
415,86070.8,86144.4,86070.8,86139.5,1926.0,-705.6015625,-53.2578125,28.0234375,652.34375,81.28125,733.625
416,86139.4,86208.2,86112.7,86112.7,2857.0,-519.421875,-122.4453125,19.9609375,396.9765625,142.40625,539.3828125
417,86129.9,86198.7,86124.3,86198.7,2111.0,-596.8046875,-25.3828125,119.5234375,571.421875,144.90625,716.328125
418,86200.0,86219.3,86138.3,86138.3,2441.0,-517.4375,41.53125,66.625,558.96875,25.09375,584.0625
419,86135.0,86216.6,86133.7,86188.1,3033.0,-333.140625,9.265625,125.65625,342.40625,116.390625,458.796875
420,86192.4,86234.1,86161.2,86211.7,3270.0,-428.8984375,10.4375,156.3515625,439.3359375,145.9140625,585.25
421,86211.6,86254.0,86118.7,86118.7,3784.0,-354.0703125,104.25,68.9609375,458.3203125,35.2890625,423.03125
422,86120.6,86120.6,85981.3,86023.5,3653.0,-410.1796875,91.59375,-21.1875,501.7734375,112.78125,388.9921875
423,86038.5,86096.8,86002.0,86002.0,4179.0,-580.2890625,87.1875,-38.1015625,667.4765625,125.2890625,542.1875
424,85999.1,86081.7,85999.1,86061.1,2863.0,-797.40625,63.4921875,28.1015625,860.8984375,35.390625,825.5078125
425,86060.1,86084.1,86005.2,86012.3,3312.0,-1031.203125,58.3515625,-14.234375,1089.5546875,72.5859375,1016.96875
426,86012.4,86124.6,85990.8,86002.0,5335.0,-961.765625,109.0859375,-28.3984375,1070.8515625,137.484375,933.3671875
427,85997.7,86007.1,85951.4,85959.4,2851.0,-1253.1328125,78.4921875,-74.8046875,1331.625,153.296875,1178.328125
428,85959.3,85959.3,85800.9,85849.9,5078.0,-1014.578125,151.1953125,-197.59375,1165.7734375,348.7890625,816.984375
429,85857.6,85951.9,85857.6,85947.3,1962.0,-1310.3125,79.1484375,-111.8515625,1389.4609375,191.0,1198.4609375
430,85956.3,86015.1,85938.5,85938.6,5221.0,-1071.390625,112.203125,-137.296875,1183.59375,249.5,934.09375
431,85932.1,85932.1,85836.9,85881.4,6432.0,-1336.296875,118.59375,-211.7109375,1454.890625,330.3046875,1124.5859375
432,85891.7,86089.3,85891.7,85985.1,7549.0,-1174.4453125,16.1015625,-117.5078125,1190.546875,133.609375,1056.9375
433,85991.3,86020.3,85972.0,85972.0,3266.0,-880.7578125,-83.9296875,-135.4296875,796.828125,51.5,745.328125
434,85966.9,85993.7,85933.9,85973.8,3496.0,-1091.546875,-101.2578125,-129.46875,990.2890625,28.2109375,962.078125
435,85961.0,85970.4,85883.3,85888.5,3662.0,-988.1953125,-42.296875,-214.9140625,945.8984375,172.6171875,773.28125
436,85888.0,85888.0,85852.1,85869.9,2574.0,-795.453125,-93.203125,-235.609375,702.25,142.40625,559.84375
437,85861.3,85874.5,85800.0,85845.3,2784.0,-244.203125,-100.9140625,-257.625,143.2890625,156.7109375,13.421875
438,85850.4,85866.5,85758.0,85774.0,10196.0,55.015625,-135.8203125,-321.2265625,190.8359375,185.40625,376.2421875
439,85770.5,85770.5,85695.5,85742.7,8930.0,-131.9453125,-234.2265625,-341.4296875,102.28125,107.203125,209.484375
440,85742.6,85742.6,85650.0,85692.3,5327.0,-114.5234375,-130.9140625,-385.90625,16.390625,254.9921875,271.3828125
441,85692.3,85763.5,85692.3,85763.5,3544.0,116.8046875,-128.8359375,-303.9375,245.640625,175.1015625,420.7421875
442,85763.4,85831.0,85748.6,85819.0,4699.0,192.03125,-173.296875,-235.6875,365.328125,62.390625,427.71875
443,85823.3,85843.9,85761.2,85765.4,4608.0,394.0625,-62.484375,-282.1796875,456.546875,219.6953125,676.2421875
444,85765.3,85780.9,85723.6,85729.4,3187.0,778.7421875,-69.3671875,-311.9609375,848.109375,242.59375,1090.703125
445,85727.3,85764.0,85685.6,85692.1,5761.0,468.015625,-62.015625,-343.6953125,530.03125,281.6796875,811.7109375
446,85691.1,85804.9,85654.5,85783.9,3678.0,479.03125,-134.765625,-239.3515625,613.796875,104.5859375,718.3828125
447,85784.8,85822.1,85700.1,85700.1,5072.0,634.1484375,-141.21875,-311.0078125,775.3671875,169.7890625,945.15625
448,85700.0,85700.0,85650.0,85657.6,3991.0,422.7890625,-148.15625,-335.8359375,570.9453125,187.6796875,758.625
449,85657.6,85657.6,85601.1,85619.1,7419.0,455.8046875,-201.2421875,-356.125,657.046875,154.8828125,811.9296875
450,85619.6,85649.6,85600.0,85600.0,3742.0,37.0625,-210.2578125,-352.953125,247.3203125,142.6953125,390.015625
451,85600.0,85667.6,85600.0,85655.6,2979.0,-162.3671875,-234.6953125,-271.3828125,72.328125,36.6875,109.015625
452,85641.1,85641.1,85606.0,85606.0,3229.0,-322.6484375,-145.734375,-303.2265625,176.9140625,157.4921875,19.421875
453,85600.0,85710.8,85588.3,85681.6,8372.0,-330.8828125,-80.0,-217.40625,250.8828125,137.40625,113.4765625
454,85677.5,85732.0,85669.1,85717.2,3388.0,-327.0234375,-121.7734375,-169.96875,205.25,48.1953125,157.0546875
455,85713.0,85839.8,85713.0,85747.9,13622.0,-343.8359375,-141.1875,-122.6875,202.6484375,18.5,221.1484375
456,85755.1,85777.9,85710.1,85727.9,4033.0,-547.9453125,-162.4765625,-126.6796875,385.46875,35.796875,421.265625
457,85714.0,85727.9,85639.6,85686.6,4296.0,-460.6640625,-59.7734375,-157.0703125,400.890625,97.296875,303.59375
458,85687.3,85687.3,85548.0,85615.8,5345.0,-629.34375,-130.6015625,-214.90625,498.7421875,84.3046875,414.4375
459,85613.0,85663.5,85533.1,85663.5,7573.0,-1049.0625,-163.4921875,-157.59375,885.5703125,5.8984375,891.46875
460,85666.8,85782.0,85618.0,85618.0,8897.0,-1513.7578125,-185.578125,-186.6796875,1328.1796875,1.1015625,1327.078125
461,85621.1,85630.4,85570.6,85627.3,3147.0,-804.9140625,-187.7421875,-160.4609375,617.171875,27.28125,644.453125
462,85635.8,85697.5,85627.4,85655.6,3532.0,349.703125,-120.859375,-120.8671875,470.5625,0.0078125,470.5703125
463,85652.8,85659.1,85604.3,85659.1,4554.0,374.484375,-151.5,-98.4140625,525.984375,53.0859375,472.8984375
464,85669.4,85729.7,85650.1,85672.0,3026.0,809.9375,-61.3828125,-70.9921875,871.3203125,9.609375,880.9296875
465,85663.3,85706.7,85610.2,85610.2,5217.0,1043.84375,-12.953125,-119.9609375,1056.796875,107.0078125,1163.8046875
466,85608.2,85635.8,85570.2,85622.3,3904.0,759.4140625,24.7734375,-100.8359375,734.640625,125.609375,860.25
467,85629.1,85700.6,85614.6,85677.6,4544.0,922.6484375,11.8671875,-38.4296875,910.78125,50.296875,961.078125
468,85677.6,85714.4,85666.9,85705.9,2819.0,1099.5625,-21.4921875,-2.2109375,1121.0546875,19.28125,1101.7734375
469,85705.9,85723.0,85666.1,85666.3,2148.0,1161.375,-84.390625,-33.890625,1245.765625,50.5,1195.265625
470,85666.2,85703.8,85638.3,85682.5,3588.0,1510.4921875,-32.7265625,-13.7265625,1543.21875,19.0,1524.21875
471,85680.5,85730.5,85654.1,85696.0,4799.0,1083.84375,-74.515625,3.484375,1158.359375,78.0,1080.359375
472,85689.5,85709.4,85627.8,85627.8,5447.0,756.1484375,-58.40625,-57.90625,814.5546875,0.5,814.0546875
473,85625.0,85655.8,85555.5,85559.8,4459.0,578.515625,-21.9296875,-117.734375,600.4453125,95.8046875,696.25
474,85564.9,85657.3,85564.9,85618.3,5351.0,1017.625,-13.1171875,-53.9140625,1030.7421875,40.796875,1071.5390625
475,85617.3,85669.2,85602.1,85648.0,2294.0,1137.8359375,2.6484375,-21.3359375,1135.1875,23.984375,1159.171875
476,85647.9,85647.9,85543.9,85583.7,4378.0,1239.8125,-55.046875,-81.546875,1294.859375,26.5,1321.359375
477,85586.0,85586.0,85548.5,85573.6,3724.0,1039.2265625,-34.8828125,-83.5703125,1074.109375,48.6875,1122.796875
478,85573.0,85629.0,85552.6,85624.7,6905.0,837.6015625,21.546875,-31.34375,816.0546875,52.890625,868.9453125
479,85624.7,85624.7,85566.8,85578.8,4323.0,484.515625,47.4296875,-79.6640625,437.0859375,127.09375,564.1796875
480,85576.0,85636.0,85562.7,85631.7,6170.0,479.1640625,5.46875,-29.1171875,473.6953125,34.5859375,508.28125
481,85615.4,85650.7,85588.0,85604.5,5528.0,215.4609375,17.546875,-60.4453125,197.9140625,77.9921875,275.90625
482,85604.4,85608.2,85542.0,85590.6,11641.0,-107.15625,29.0390625,-76.359375,136.1953125,105.3984375,30.796875
483,85590.6,85656.1,85501.2,85629.1,8618.0,-19.0546875,-40.2578125,-38.9453125,21.203125,1.3125,19.890625
484,85619.6,85666.1,85604.8,85666.1,11701.0,-245.4765625,-102.1640625,4.1484375,143.3125,106.3125,249.625
485,85680.0,85762.5,85631.2,85631.2,19912.0,390.125,-38.71875,-25.8125,428.84375,12.90625,415.9375
486,85630.2,85630.2,85558.1,85577.5,8144.0,1005.375,-4.0234375,-74.515625,1009.3984375,70.4921875,1079.890625
487,85599.6,85620.5,85485.0,85518.3,4472.0,964.3984375,-61.1171875,-126.5078125,1025.515625,65.390625,1090.90625
488,85520.4,85536.4,85455.1,85462.1,3761.0,534.0546875,-65.5703125,-177.0546875,599.625,111.484375,711.109375
489,85469.1,85527.2,85457.5,85527.2,5913.0,1034.1171875,-14.9140625,-112.40625,1049.03125,97.4921875,1146.5234375
490,85516.7,85541.7,85474.8,85499.5,4240.0,924.75,-56.578125,-135.875,981.328125,79.296875,1060.625
491,85499.5,85512.8,85477.6,85496.9,3884.0,287.1015625,-4.359375,-139.1640625,291.4609375,134.8046875,426.265625
492,85496.9,85516.1,85487.7,85516.1,2319.0,245.078125,-30.4296875,-118.8203125,275.5078125,88.390625,363.8984375
493,85512.7,85536.2,85505.6,85509.6,2976.0,-15.5625,-41.0703125,-122.0703125,25.5078125,81.0,106.5078125
494,85514.9,85535.1,85438.1,85513.3,7962.0,-285.6953125,-1.0703125,-116.8828125,284.625,115.8125,168.8125
495,85521.4,85528.7,85482.0,85504.2,7172.0,-240.890625,36.2265625,-125.6796875,277.1171875,161.90625,115.2109375
496,85504.1,85504.1,85387.9,85458.0,18297.0,-495.03125,0.28125,-172.9375,495.3125,173.21875,322.09375
497,85447.9,85491.8,85408.0,85417.6,5314.0,-496.7578125,-51.1796875,-211.09375,445.578125,159.9140625,285.6640625
498,85429.0,85483.7,85403.2,85461.9,2438.0,-973.2421875,-102.4140625,-158.828125,870.828125,56.4140625,814.4140625
499,85461.9,85513.3,85409.2,85414.0,2979.0,-1158.2265625,-146.421875,-194.5390625,1011.8046875,48.1171875,963.6875
500,85408.2,85408.2,85161.3,85164.3,39030.0,-805.3359375,-74.3671875,-437.28125,730.96875,362.9140625,368.0546875
501,85160.1,85331.3,85155.4,85173.1,30477.0,-1250.6875,-92.9296875,-419.328125,1157.7578125,326.3984375,831.359375
502,85168.9,85258.7,85168.9,85220.2,7878.0,-1093.3828125,-85.5703125,-362.2734375,1007.8125,276.703125,731.109375
503,85235.2,85317.8,85183.1,85287.0,7815.0,-1150.1953125,-60.7890625,-289.890625,1089.40625,229.1015625,860.3046875
504,85289.0,85333.4,85262.8,85309.2,6174.0,-924.796875,-64.78125,-265.1796875,860.015625,200.3984375,659.6171875
505,85313.5,85363.1,85289.8,85333.1,5400.0,-953.546875,-55.84375,-236.03125,897.703125,180.1875,717.515625
506,85333.0,85333.0,85271.7,85271.7,2489.0,-927.515625,-57.7421875,-290.2421875,869.7734375,232.5,637.2734375
507,85271.8,85323.1,85250.0,85312.8,4338.0,-705.3046875,-97.65625,-242.859375,607.6484375,145.203125,462.4453125
508,85314.8,85351.5,85282.4,85288.7,2753.0,-363.6875,-130.2578125,-259.1484375,233.4296875,128.890625,104.5390625
509,85294.6,85294.6,85197.3,85197.3,11465.0,-325.2734375,-77.8203125,-342.4140625,247.453125,264.59375,17.140625
510,85208.0,85302.4,85180.7,85225.4,21586.0,291.65625,-117.484375,-306.0703125,409.140625,188.5859375,597.7265625
511,85233.8,85245.6,85111.1,85164.5,18436.0,74.921875,-343.8125,-343.6015625,418.734375,0.2109375,418.5234375
512,85156.0,85156.0,84600.0,84823.2,231593.0,394.5078125,-313.4375,-663.328125,707.9453125,349.890625,1057.8359375
513,84823.2,84845.1,83173.2,83177.4,590196.0,1111.59375,-247.8203125,-2290.6171875,1359.4140625,2042.796875,3402.2109375
514,83177.4,83627.0,81277.3,83373.4,754291.0,1379.21875,-163.9140625,-2077.5078125,1543.1328125,1913.59375,3456.7265625
515,83371.8,83867.6,83225.0,83770.1,179103.0,1429.234375,-123.859375,-1662.9609375,1553.09375,1539.1015625,3092.1953125
516,83761.6,83783.0,83156.9,83492.3,111964.0,1830.015625,-85.0546875,-1925.8671875,1915.0703125,1840.8125,3755.8828125
517,83492.3,84050.5,83441.5,83955.1,58244.0,1586.3671875,-131.1640625,-1447.7734375,1717.53125,1316.609375,3034.140625
518,83955.3,84024.7,83683.2,83978.0,66531.0,1645.7734375,-79.796875,-1414.59375,1725.5703125,1334.796875,3060.3671875
519,83986.2,84147.0,83954.7,84055.5,37277.0,1461.6015625,-95.2265625,-1328.421875,1556.828125,1233.1953125,2790.0234375
520,84058.4,84486.0,83945.4,84261.5,47252.0,1199.1171875,-170.1328125,-1105.9296875,1369.25,935.796875,2305.046875
521,84261.4,84480.4,84261.4,84371.1,38379.0,1329.7421875,-128.328125,-982.625,1458.0703125,854.296875,2312.3671875
522,84371.2,84436.2,84079.0,84251.8,25485.0,1076.203125,-172.6015625,-1085.3046875,1248.8046875,912.703125,2161.5078125
523,84251.8,84439.8,84130.6,84414.2,33484.0,939.984375,-479.2578125,-888.25,1419.2421875,408.9921875,1828.234375
524,84413.2,84460.5,84326.4,84340.9,25856.0,850.171875,-2008.4453125,-844.9453125,2858.6171875,1163.5,1695.1171875
525,84340.9,84366.2,84005.9,84104.9,21710.0,510.6640625,-1705.453125,-973.953125,2216.1171875,731.5,1484.6171875
526,84104.8,84108.3,83916.0,83972.3,26099.0,370.6015625,-1222.046875,-1019.84375,1592.6484375,202.203125,1390.4453125
527,83972.3,84125.8,83823.2,84004.7,42567.0,-90.21875,-1401.5703125,-889.15625,1311.3515625,512.4140625,798.9375
528,84000.4,84076.4,83764.7,83946.5,24317.0,-752.734375,-865.640625,-874.234375,112.90625,8.59375,121.5
529,83948.4,83962.7,83800.6,83923.2,12939.0,-935.4453125,-768.546875,-823.3359375,166.8984375,54.7890625,112.109375
530,83923.3,84363.1,83896.8,84276.2,35765.0,-1279.7421875,-623.1171875,-402.40625,656.625,220.7109375,877.3359375
531,84271.9,84271.9,84119.9,84125.6,8578.0,-1177.3515625,-371.984375,-507.875,805.3671875,135.890625,669.4765625
532,84125.6,84214.1,84125.6,84201.1,7444.0,-611.0078125,-222.28125,-392.2734375,388.7265625,169.9921875,218.734375
533,84206.6,84230.6,83950.7,84025.7,13118.0,-362.109375,-293.1640625,-519.25,68.9453125,226.0859375,157.140625
534,84025.6,84046.8,83888.0,83892.8,13711.0,-192.265625,-87.109375,-608.515625,105.15625,521.40625,416.25
535,83892.9,83942.0,83773.1,83924.9,18049.0,-287.4765625,-112.0,-528.0,175.4765625,416.0,240.5234375
536,83930.0,84106.7,83911.3,84093.5,17280.0,300.5546875,-286.59375,-297.9921875,587.1484375,11.3984375,598.546875
537,84093.5,84106.8,83890.5,83890.5,12428.0,147.5625,-354.2265625,-436.015625,501.7890625,81.7890625,583.578125
538,83890.5,84011.9,83836.9,84000.0,12719.0,-42.25,-256.4140625,-261.1171875,214.1640625,4.703125,218.8671875
539,83999.9,84104.6,83965.8,84031.3,23635.0,47.546875,-247.5078125,-162.7109375,295.0546875,84.796875,210.2578125
540,84027.0,84062.7,83935.3,83956.4,10085.0,-2.4296875,-207.1015625,-173.90625,204.671875,33.1953125,171.4765625
541,83954.4,84113.1,83954.4,84077.6,8905.0,34.0078125,193.359375,-5.2421875,159.3515625,198.6015625,39.25
542,84071.4,84106.1,83906.4,83943.9,8605.0,154.5234375,94.703125,-87.0,59.8203125,181.703125,241.5234375
543,83943.9,83977.6,83786.0,83829.0,14854.0,354.5234375,201.3125,-170.796875,153.2109375,372.109375,525.3203125
544,83828.9,83834.2,83682.8,83769.5,25721.0,417.390625,-16.5,-272.7109375,433.890625,256.2109375,690.1015625
545,83753.6,84164.5,83737.6,84164.5,19937.0,263.53125,-175.375,96.3203125,438.90625,271.6953125,167.2109375
546,84166.5,84403.6,84152.8,84233.0,27365.0,373.6171875,-151.015625,157.078125,524.6328125,308.09375,216.5390625
547,84222.5,84290.3,84123.7,84247.0,19768.0,157.8984375,-12.4765625,141.0234375,170.375,153.5,16.875
548,84248.0,84306.9,84207.2,84235.9,8087.0,-89.765625,-212.2421875,133.15625,122.4765625,345.3984375,222.921875
549,84229.8,84299.8,84133.2,84277.6,6664.0,-299.3125,-103.84375,173.7578125,195.46875,277.6015625,473.0703125
550,84276.6,84300.0,84145.9,84204.3,6741.0,-310.109375,-71.3359375,101.6640625,238.7734375,173.0,411.7734375
551,84197.3,84496.8,84197.3,84421.5,10103.0,-269.7734375,-130.984375,334.125,138.7890625,465.109375,603.8984375
552,84412.1,84619.0,84398.1,84521.6,14509.0,-672.84375,4.890625,448.8984375,677.734375,444.0078125,1121.7421875
553,84521.1,84690.3,84521.1,84637.8,8961.0,-377.0,-113.4140625,580.4921875,263.5859375,693.90625,957.4921875
554,84628.4,84635.7,84452.7,84481.3,14046.0,-618.28125,-199.0546875,453.25,419.2265625,652.3046875,1071.53125
555,84493.9,84667.9,84477.9,84667.9,7251.0,-661.9921875,-229.984375,668.421875,432.0078125,898.40625,1330.4140625
556,84675.9,84698.7,84520.8,84541.7,10289.0,-806.90625,162.03125,539.25,968.9375,377.21875,1346.15625
557,84550.2,84617.9,84520.8,84568.8,10589.0,-702.6875,217.4921875,553.3046875,920.1796875,335.8125,1255.9921875
558,84573.0,84583.0,84431.4,84437.8,19801.0,-204.40625,219.3828125,410.1875,423.7890625,190.8046875,614.59375
559,84437.8,84500.3,84329.1,84345.4,20059.0,-92.921875,193.8125,303.3203125,286.734375,109.5078125,396.2421875
560,84345.5,84547.8,84322.4,84523.8,12934.0,240.21875,217.796875,463.9921875,22.421875,246.1953125,223.7734375
561,84512.0,84575.5,84351.8,84454.9,17389.0,152.65625,148.0859375,398.6953125,4.5703125,250.609375,246.0390625
562,84463.3,84559.9,84418.1,84488.0,6071.0,296.8515625,350.5,417.0,53.6484375,66.5,120.1484375
563,84483.7,84575.3,84410.1,84568.3,16707.0,292.6796875,434.578125,481.28125,141.8984375,46.703125,188.6015625
564,84566.0,84633.5,84500.0,84500.1,6184.0,264.671875,520.1796875,382.4765625,255.5078125,137.703125,117.8046875
565,84505.0,84508.1,84367.5,84380.3,5297.0,318.4375,334.2421875,233.25,15.8046875,100.9921875,85.1875
566,84380.2,84382.3,84259.6,84263.9,13940.0,336.078125,483.6953125,79.6953125,147.6171875,404.0,256.3828125
567,84267.2,84388.4,84245.3,84335.2,13017.0,580.015625,335.09375,128.59375,244.921875,206.5,451.421875
568,84333.1,84359.2,84254.9,84281.2,5456.0,628.1796875,328.265625,40.6796875,299.9140625,287.5859375,587.5
569,84299.1,84302.4,84183.8,84222.4,6337.0,687.8984375,175.375,-40.015625,512.5234375,215.390625,727.9140625
570,84218.2,84288.9,84185.7,84259.6,17105.0,773.0390625,67.2734375,-18.5078125,705.765625,85.78125,791.546875
571,84256.1,84401.5,84256.1,84368.0,3991.0,880.9453125,217.296875,61.515625,663.6484375,155.78125,819.4296875
572,84356.6,84422.5,84348.0,84416.0,3753.0,793.9921875,129.5390625,90.640625,664.453125,38.8984375,703.3515625
573,84412.6,84423.2,84229.5,84233.8,7003.0,779.8828125,135.4375,-118.765625,644.4453125,254.203125,898.6484375
574,84241.4,84258.3,84025.8,84087.2,20531.0,558.921875,178.7734375,-302.3125,380.1484375,481.0859375,861.234375
575,84092.5,84117.3,83974.2,84081.9,12807.0,659.703125,74.046875,-344.1484375,585.65625,418.1953125,1003.8515625
576,84074.3,84074.3,83921.5,83966.6,11815.0,479.078125,-56.546875,-470.2421875,535.625,413.6953125,949.3203125
577,83961.5,84018.2,83932.4,83996.5,7262.0,269.359375,-174.4921875,-441.890625,443.8515625,267.3984375,711.25
578,83990.5,84098.4,83954.6,84026.7,16272.0,241.1640625,-107.6015625,-416.09375,348.765625,308.4921875,657.2578125
579,84031.0,84091.9,83981.0,83997.6,4046.0,19.765625,-163.859375,-447.46875,183.625,283.609375,467.234375
580,83996.6,83996.6,83856.6,83871.3,10885.0,-57.546875,-219.90625,-571.0078125,162.359375,351.1015625,513.4609375
581,83862.0,83979.0,83819.5,83926.6,18306.0,-454.5859375,-185.46875,-518.4765625,269.1171875,333.0078125,63.890625
582,83926.6,83954.9,83751.1,83780.1,10925.0,-416.640625,-74.3984375,-662.296875,342.2421875,587.8984375,245.65625
583,83780.9,83881.9,83754.6,83777.5,17305.0,-400.8046875,-21.109375,-659.625,379.6953125,638.515625,258.8203125
584,83779.5,83873.5,83750.0,83805.9,31807.0,-429.015625,-183.1171875,-611.0234375,245.8984375,427.90625,182.0078125
585,83796.8,83874.7,83724.6,83741.9,29439.0,-510.46875,-310.0078125,-655.3203125,200.4609375,345.3125,144.8515625
586,83742.0,83828.0,83732.8,83768.1,8394.0,-551.0078125,-286.0078125,-599.8125,265.0,313.8046875,48.8046875
587,83770.4,83983.2,83770.4,83963.1,9143.0,2658.2109375,-372.546875,-376.0625,3030.7578125,3.515625,3034.2734375
588,83963.1,83990.8,83844.3,83872.8,6328.0,2316.8046875,-314.03125,-437.75,2630.8359375,123.71875,2754.5546875
589,83864.7,83890.0,83728.7,83728.7,8651.0,2104.3359375,-263.28125,-561.28125,2367.6171875,298.0,2665.6171875
590,83724.6,83753.9,83626.6,83653.1,15237.0,2029.9921875,-274.9921875,-619.5,2304.984375,344.5078125,2649.4921875
591,83675.5,83764.3,83633.8,83699.0,17326.0,1700.3203125,-368.6796875,-540.984375,2069.0,172.3046875,2241.3046875
592,83691.8,83697.5,83576.0,83692.0,14180.0,1523.7578125,-286.9609375,-521.5625,1810.71875,234.6015625,2045.3203125
593,83700.4,83828.0,83700.4,83768.1,20744.0,1403.2109375,-398.0625,-410.0703125,1801.2734375,12.0078125,1813.28125
594,83774.0,83820.8,83635.4,83701.0,9920.0,919.546875,-361.125,-437.625,1280.671875,76.5,1357.171875
595,83695.9,83786.6,83679.7,83783.8,10010.0,1064.7890625,-298.0234375,-320.125,1362.8125,22.1015625,1384.9140625
596,83788.0,83862.9,83781.0,83817.1,13303.0,881.3203125,-330.1015625,-254.890625,1211.421875,75.2109375,1136.2109375
597,83817.2,83858.6,83785.7,83799.7,6080.0,574.625,-279.109375,-247.5,853.734375,31.609375,822.125
598,83799.7,83824.4,83707.4,83715.0,7485.0,410.890625,-65.5078125,-313.6015625,476.3984375,248.09375,724.4921875
599,83715.0,83733.2,83636.1,83636.1,6127.0,604.6328125,-135.3828125,-372.078125,740.015625,236.6953125,976.7109375
600,83636.1,83795.2,83636.1,83779.9,4312.0,638.0859375,-254.796875,-203.59375,892.8828125,51.203125,841.6796875
601,83786.9,83894.1,83751.7,83868.9,21353.0,620.046875,-300.078125,-84.2734375,920.125,215.8046875,704.3203125
602,83864.7,83915.9,83809.1,83887.5,8606.0,739.6484375,-220.7265625,-32.2265625,960.375,188.5,771.875
603,83887.4,83939.8,83877.6,83920.3,3860.0,346.9765625,-191.5234375,36.7734375,538.5,228.296875,310.203125
604,83924.6,83989.8,83863.2,83921.5,6033.0,329.65625,-92.140625,61.265625,421.796875,153.40625,268.390625
605,83922.5,83976.3,83825.6,83833.7,6568.0,62.6015625,-139.9296875,-7.21875,202.53125,132.7109375,69.8203125
606,83833.7,83873.5,83730.9,83853.3,9538.0,249.6328125,-42.2265625,27.28125,291.859375,69.5078125,222.3515625
607,83863.5,83867.6,83690.1,83711.3,9399.0,183.6640625,-1.453125,-107.25,185.1171875,105.796875,290.9140625
608,83705.2,83764.7,83688.8,83724.5,6364.0,190.1953125,-9.0078125,-84.203125,199.203125,75.1953125,274.3984375
609,83722.3,83730.0,83650.2,83656.4,5595.0,228.2265625,-78.125,-136.7265625,306.3515625,58.6015625,364.953125
610,83652.4,83737.5,83580.0,83737.5,9843.0,109.8046875,-138.9453125,-37.5546875,248.75,101.390625,147.359375
611,83749.4,83902.4,83749.4,83829.3,23824.0,78.71875,9.421875,58.8203125,69.296875,49.3984375,19.8984375
612,83840.7,83880.9,83738.1,83790.5,7625.0,205.921875,101.3046875,22.9140625,104.6171875,78.390625,183.0078125
613,83782.5,83786.6,83653.4,83706.2,9009.0,96.5546875,114.5390625,-66.7578125,17.984375,181.296875,163.3125
614,83693.7,83716.8,83686.1,83706.8,4030.0,-86.8515625,140.1875,-73.3046875,227.0390625,213.4921875,13.546875
615,83703.1,83773.7,83700.3,83723.0,4499.0,123.375,135.609375,-62.875,12.234375,198.484375,186.25
616,83728.8,83766.6,83605.2,83614.7,5211.0,65.09375,43.2265625,-175.765625,21.8671875,218.9921875,240.859375
617,83619.8,83712.5,83605.4,83707.3,5081.0,-47.9296875,58.5546875,-87.4296875,106.484375,145.984375,39.5
618,83707.2,83715.0,83605.6,83625.1,5532.0,-157.7265625,-70.8515625,-157.0390625,86.875,86.1875,0.6875
619,83632.5,83681.5,83608.1,83633.7,2527.0,36.6484375,-50.2265625,-141.015625,86.875,90.7890625,177.6640625
620,83641.5,83675.1,83404.8,83509.7,28966.0,44.0859375,-114.71875,-261.40625,158.8046875,146.6875,305.4921875
621,83511.7,83610.5,83364.6,83364.7,13554.0,-192.9140625,-37.8359375,-410.625,155.078125,372.7890625,217.7109375
622,83363.6,83493.4,83313.0,83425.7,7002.0,-91.5234375,47.453125,-356.1328125,138.9765625,403.5859375,264.609375
623,83425.8,83497.8,83352.9,83358.4,21014.0,-280.40625,3.7265625,-428.3671875,284.1328125,432.09375,147.9609375
624,83361.2,83398.6,83304.6,83324.3,14907.0,-317.125,-77.4765625,-459.375,239.6484375,381.8984375,142.25
625,83324.3,83355.3,83284.7,83334.3,8920.0,-697.0546875,-77.171875,-449.6640625,619.8828125,372.4921875,247.390625
626,83346.7,83346.7,83150.8,83181.1,41793.0,-878.6953125,-57.9296875,-599.8203125,820.765625,541.890625,278.875
627,83174.1,83320.8,83146.9,83226.1,12694.0,-428.359375,-156.1015625,-544.703125,272.2578125,388.6015625,116.34375
628,83218.3,83238.8,83062.5,83062.5,21836.0,-429.9296875,-58.8828125,-703.6796875,371.046875,644.796875,273.75
629,83058.7,83203.9,83058.7,83076.1,23222.0,-614.4296875,-136.5859375,-685.5859375,477.84375,549.0,71.15625
630,83074.2,83231.8,83050.5,83069.4,17291.0,-511.6796875,-127.859375,-692.1796875,383.8203125,564.3203125,180.5
631,83049.5,83095.4,82865.7,83040.7,43387.0,-565.25,-238.3515625,-707.359375,326.8984375,469.0078125,142.109375
632,83036.6,83045.0,82700.0,82806.5,37530.0,-654.1328125,-358.140625,-916.359375,295.9921875,558.21875,262.2265625
633,82778.9,82940.5,82747.1,82860.2,18664.0,-1012.1875,-274.0546875,-839.5625,738.1328125,565.5078125,172.625
634,82869.4,82985.0,82860.8,82870.9,23699.0,-1165.625,-313.2578125,-800.7734375,852.3671875,487.515625,364.8515625
635,82871.0,82984.9,82840.1,82974.5,20211.0,-1006.515625,-317.5078125,-667.3125,689.0078125,349.8046875,339.203125
636,82974.5,82985.0,82827.6,82841.9,11346.0,-566.7265625,-282.53125,-774.9375,284.1953125,492.40625,208.2109375
637,82838.6,82953.3,82804.1,82953.3,21336.0,-615.7578125,-402.1171875,-629.9375,213.640625,227.8203125,14.1796875
638,82949.2,82957.2,82736.6,82741.6,11185.0,-811.140625,-332.859375,-817.3671875,478.28125,484.5078125,6.2265625
639,82737.0,82789.5,82602.4,82686.1,33922.0,-626.984375,-463.3671875,-839.7578125,163.6171875,376.390625,212.7734375
640,82686.0,82729.9,82603.4,82682.8,20981.0,-714.4140625,-420.7421875,-814.0546875,293.671875,393.3125,99.640625
641,82685.0,82700.0,82518.0,82532.8,19045.0,-467.25,-394.0390625,-930.6484375,73.2109375,536.609375,463.3984375
642,82541.0,82616.6,82480.1,82572.2,18141.0,-278.7421875,-383.3125,-851.8125,104.5703125,468.5,573.0703125
643,82576.3,82596.8,82478.2,82495.0,14079.0,23.3359375,-568.3203125,-879.8203125,591.65625,311.5,903.15625
644,82495.1,82675.0,82495.1,82648.4,27026.0,-47.3984375,-472.3203125,-684.1171875,424.921875,211.796875,636.71875
645,82648.4,82684.7,82571.7,82624.2,46050.0,-8.96875,-419.8359375,-666.5234375,410.8671875,246.6875,657.5546875
646,82630.4,82670.6,82578.5,82657.8,14204.0,34.0234375,-278.8125,-595.5,312.8359375,316.6875,629.5234375
647,82653.8,82725.3,82600.2,82725.3,12563.0,-85.328125,-372.765625,-489.359375,287.4375,116.59375,404.03125
648,82725.3,82757.9,82582.5,82603.3,8666.0,-227.9765625,-223.6640625,-573.6640625,4.3125,350.0,345.6875
649,82606.3,82607.3,82472.6,82538.4,9220.0,-130.3671875,-391.1875,-594.3828125,260.8203125,203.1953125,464.015625
650,82546.8,82599.2,82477.9,82514.0,6482.0,-148.0078125,-399.296875,-571.3984375,251.2890625,172.1015625,423.390625
651,82509.9,82590.9,82500.1,82500.1,18087.0,-87.9609375,-361.2578125,-543.9453125,273.296875,182.6875,455.984375
652,82500.0,82500.1,82280.0,82280.0,18549.0,98.5078125,-469.6640625,-722.453125,568.171875,252.7890625,820.9609375
653,82275.9,82344.9,82234.6,82257.7,21916.0,-299.3203125,-387.578125,-702.078125,88.2578125,314.5,402.7578125
654,82248.8,82285.7,82125.3,82149.0,14685.0,-250.265625,-421.6171875,-767.609375,171.3515625,345.9921875,517.34375
655,82144.8,82267.9,82116.5,82208.8,12339.0,-69.7578125,-234.421875,-674.015625,164.6640625,439.59375,604.2578125
656,82210.8,82518.0,82210.8,82497.1,30776.0,29.96875,-223.125,-350.2109375,253.09375,127.0859375,380.1796875
657,82497.4,82506.8,82390.0,82453.9,12146.0,136.9765625,-163.3671875,-367.2421875,300.34375,203.875,504.21875
658,82453.8,82478.6,82349.3,82387.6,7323.0,254.28125,-70.8203125,-408.5078125,325.1015625,337.6875,662.7890625
659,82385.9,82385.9,82201.4,82217.5,10488.0,268.3359375,-169.859375,-555.640625,438.1953125,385.78125,823.9765625
660,82216.4,82231.7,82112.2,82176.2,12266.0,228.8203125,-207.875,-570.0625,436.6953125,362.1875,798.8828125
661,82178.3,82200.4,82111.0,82161.7,16371.0,242.4609375,-204.4921875,-556.78125,446.953125,352.2890625,799.2421875
662,82168.0,82261.1,82020.7,82078.6,15816.0,458.6640625,-191.359375,-612.859375,650.0234375,421.5,1071.5234375
663,82078.5,82089.4,81712.9,81949.0,58374.0,416.03125,-385.140625,-716.1328125,801.171875,330.9921875,1132.1640625
664,81948.9,81974.5,81786.1,81935.6,25616.0,381.7109375,-377.3046875,-699.4140625,759.015625,322.109375,1081.125
665,81943.5,82391.7,81927.3,82061.4,45415.0,290.984375,-449.9140625,-537.5234375,740.8984375,87.609375,828.5078125
666,82053.6,82085.5,81905.2,82062.6,16898.0,38.859375,-351.8359375,-498.03125,390.6953125,146.1953125,536.890625
667,82058.6,82058.6,81802.1,81872.6,21012.0,23.5546875,-46.296875,-670.796875,69.8515625,624.5,694.3515625
668,81871.0,82140.3,81859.4,82019.9,32565.0,147.2734375,-64.53125,-498.5234375,211.8046875,433.9921875,645.796875
669,82012.6,82139.7,82004.9,82080.5,55937.0,180.4140625,-113.125,-420.2265625,293.5390625,307.1015625,600.640625
670,82080.3,82443.9,82070.5,82414.7,20236.0,201.2890625,-259.7890625,-62.59375,461.078125,197.1953125,263.8828125
671,82408.7,82428.3,82331.5,82382.7,17538.0,47.9453125,-275.7578125,-69.265625,323.703125,206.4921875,117.2109375
672,82382.7,82499.9,82309.5,82316.1,21160.0,-151.59375,-271.703125,-117.3203125,120.109375,154.3828125,34.2734375
673,82309.4,82329.3,82107.0,82168.8,13391.0,-8.078125,-330.125,-239.9375,322.046875,90.1875,231.859375
674,82168.3,82242.3,82082.7,82124.0,23107.0,-236.5234375,-432.4296875,-257.4375,195.90625,174.9921875,20.9140625
675,82116.1,82140.8,81937.9,81944.2,15948.0,-238.6328125,-410.1875,-401.59375,171.5546875,8.59375,162.9609375
676,81936.1,82077.4,81640.3,82072.8,26241.0,-345.0546875,-256.25,-244.859375,88.8046875,11.390625,100.1953125
677,82080.7,82224.5,81960.7,81975.2,13752.0,-393.4375,-225.2890625,-312.6953125,168.1484375,87.40625,80.7421875
678,81956.1,82014.3,81770.3,81877.2,9149.0,-411.4140625,-372.65625,-368.0625,38.7578125,4.59375,43.3515625
679,81878.3,82077.9,81873.7,82077.8,19767.0,-333.9609375,-196.1875,-138.2890625,137.7734375,57.8984375,195.671875
680,82077.9,82077.9,81864.9,81965.1,12777.0,-253.96875,-112.6953125,-228.09375,141.2734375,115.3984375,25.875
681,81963.2,82231.1,81947.7,82190.6,22895.0,-340.7265625,226.4765625,2.3671875,567.203125,224.109375,343.09375
682,82190.5,82197.1,81951.4,81964.9,11012.0,-306.7578125,200.34375,-217.4609375,507.1015625,417.8046875,89.296875
683,81965.9,82024.8,81934.3,81992.6,15824.0,-320.2890625,131.9375,-191.5703125,452.2265625,323.5078125,128.71875
684,81992.6,82196.1,81983.0,82196.1,21470.0,-327.1484375,-10.921875,16.3828125,316.2265625,27.3046875,343.53125
685,82196.1,82351.9,82149.2,82305.4,16139.0,-243.90625,-54.46875,126.9296875,189.4375,181.3984375,370.8359375
686,82307.4,82485.7,82241.3,82291.4,17690.0,-321.203125,-221.0390625,126.15625,100.1640625,347.1953125,447.359375
687,82304.4,82304.4,82120.1,82120.1,16968.0,-505.75,-71.2265625,-23.921875,434.5234375,47.3046875,481.828125
688,82124.2,82124.2,81959.6,82019.2,13734.0,-368.640625,-144.890625,-100.8828125,223.75,44.0078125,267.7578125
689,82019.4,82082.3,82007.4,82069.3,5797.0,-2331.8828125,-217.3671875,-25.2734375,2114.515625,192.09375,2306.609375
690,82069.3,82289.5,82061.1,82246.1,20921.0,-1699.1328125,-9.7890625,158.5234375,1689.34375,168.3125,1857.65625
691,82246.0,82377.9,82227.1,82305.4,10687.0,-1158.1640625,-111.9296875,228.375,1046.234375,340.3046875,1386.5390625
692,82314.6,82468.4,82299.2,82442.9,8486.0,-1422.2578125,112.125,364.421875,1534.3828125,252.296875,1786.6796875
693,82444.2,82614.8,82395.6,82568.9,11545.0,-1135.1875,-107.890625,496.109375,1027.296875,604.0,1631.296875
694,82550.4,82712.4,82443.3,82443.3,24783.0,-1152.9375,-82.3671875,368.328125,1070.5703125,450.6953125,1521.265625
695,82446.9,82554.9,82389.0,82530.9,15584.0,-1105.078125,108.109375,442.90625,1213.1875,334.796875,1547.984375
696,82532.6,82616.4,82462.8,82558.3,6799.0,-611.7265625,205.203125,458.1015625,816.9296875,252.8984375,1069.828125
697,82555.0,82710.4,82548.8,82690.3,13435.0,-244.4765625,179.765625,578.671875,424.2421875,398.90625,823.1484375
698,82690.3,82866.1,82576.7,82834.2,28655.0,-278.3515625,-3.9140625,710.1953125,274.4375,714.109375,988.546875
699,82840.6,82841.4,82689.9,82740.7,9596.0,-239.9453125,-104.7734375,616.7265625,135.171875,721.5,856.671875
700,82740.8,82922.9,82718.3,82846.4,6538.0,-324.546875,-54.125,722.984375,270.421875,777.109375,1047.53125
701,82846.5,82858.5,82597.3,82629.6,19970.0,-283.6484375,131.109375,514.6171875,414.7578125,383.5078125,798.265625
702,82648.3,82648.3,82571.7,82593.2,6082.0,-478.640625,194.28125,482.0859375,672.921875,287.8046875,960.7265625
703,82594.4,82612.8,82527.2,82583.8,25629.0,-591.3125,325.4375,466.34375,916.75,140.90625,1057.65625
704,82583.8,82583.8,82496.2,82543.8,7138.0,-421.078125,431.4375,406.3359375,852.515625,25.1015625,827.4140625
705,82552.0,82581.1,82539.7,82574.0,4128.0,-474.71875,289.8671875,420.578125,764.5859375,130.7109375,895.296875
706,82574.9,82609.7,82444.9,82465.3,7259.0,-382.9296875,348.1328125,282.546875,731.0625,65.5859375,665.4765625
707,82459.9,82529.5,82450.4,82529.5,10327.0,-147.4453125,351.2578125,322.4765625,498.703125,28.78125,469.921875
708,82533.6,82570.5,82487.9,82533.6,5208.0,-256.5703125,447.5,290.828125,704.0703125,156.671875,547.3984375
709,82533.6,82570.5,82450.1,82456.7,6170.0,-315.984375,543.5546875,166.0703125,859.5390625,377.484375,482.0546875
710,82456.2,82456.2,82364.6,82452.6,18068.0,-359.8984375,416.921875,128.8203125,776.8203125,288.1015625,488.71875
711,82452.6,82561.7,82420.9,82557.5,6585.0,-573.71875,478.546875,189.65625,1052.265625,288.890625,763.375
712,82541.0,82732.5,82508.9,82717.9,24146.0,-829.0,239.796875,328.1015625,1068.796875,88.3046875,1157.1015625
713,82721.6,82750.0,82660.9,82749.9,7956.0,-1084.21875,171.9921875,328.6796875,1256.2109375,156.6875,1412.8984375
714,82749.9,82766.4,82699.7,82710.1,5273.0,-1039.703125,133.0234375,259.328125,1172.7265625,126.3046875,1299.03125
715,82710.1,82807.6,82637.8,82742.8,9795.0,-1232.7109375,75.640625,274.6328125,1308.3515625,198.9921875,1507.34375
716,82739.3,82766.7,82656.8,82656.8,3375.0,-1047.1796875,92.4140625,175.2109375,1139.59375,82.796875,1222.390625
717,82656.8,82750.3,82638.5,82728.4,4222.0,-1280.75,-24.984375,238.1171875,1255.765625,263.1015625,1518.8671875
718,82728.4,82778.4,82721.2,82768.0,5202.0,-1061.9453125,18.75,257.25,1080.6953125,238.5,1319.1953125
719,82762.0,82815.9,82703.3,82710.1,9929.0,-1563.484375,-2.859375,173.6328125,1560.625,176.4921875,1737.1171875
720,82713.3,82713.3,82619.2,82675.0,8385.0,-1297.2109375,-99.1328125,119.15625,1198.078125,218.2890625,1416.3671875
721,82681.7,82931.5,82680.7,82931.4,15073.0,-943.4921875,-113.5546875,365.2265625,829.9375,478.78125,1308.71875
722,82931.5,82957.8,82852.1,82881.5,10984.0,-1170.96875,-21.2734375,302.7265625,1149.6953125,324.0,1473.6953125
723,82881.5,82953.2,82841.6,82892.7,11356.0,-915.953125,125.375,300.1796875,1041.328125,174.8046875,1216.1328125
724,82896.6,82970.3,82870.1,82941.3,6136.0,-796.421875,148.3203125,339.71875,944.7421875,191.3984375,1136.140625
725,82948.1,82995.0,82891.0,82899.2,6327.0,-295.1796875,95.1796875,284.28125,390.359375,189.1015625,579.4609375
726,82907.5,82967.1,82812.0,82829.0,9037.0,-57.5390625,117.28125,203.484375,174.8203125,86.203125,261.0234375
727,82830.1,83053.8,82812.0,83041.4,15284.0,-39.5234375,26.359375,410.96875,65.8828125,384.609375,450.4921875
728,83053.1,83343.1,83053.1,83295.7,38016.0,-18.78125,96.0546875,663.3671875,114.8359375,567.3125,682.1484375
729,83295.6,83351.2,83155.6,83228.5,9452.0,203.84375,138.96875,599.4765625,64.875,460.5078125,395.6328125
730,83236.9,83337.0,83236.9,83250.0,7117.0,308.3671875,82.6015625,622.5,225.765625,539.8984375,314.1328125
731,83241.7,83241.7,83053.5,83127.0,41546.0,454.328125,56.0703125,508.078125,398.2578125,452.0078125,53.75
732,83126.1,83126.1,82951.0,82951.0,14525.0,666.296875,297.375,316.984375,368.921875,19.609375,349.3125
733,82949.5,83037.2,82932.4,83012.9,5621.0,536.328125,233.0703125,364.46875,303.2578125,131.3984375,171.859375
734,83002.0,83118.3,82996.0,83095.3,6014.0,541.9375,228.828125,431.4140625,313.109375,202.5859375,110.5234375
735,83082.7,83120.9,83034.1,83045.2,4113.0,562.78125,257.5390625,361.4453125,305.2421875,103.90625,201.3359375
736,83051.4,83088.2,83015.6,83035.2,3492.0,525.71875,199.1796875,335.1875,326.5390625,136.0078125,190.53125
737,83032.1,83187.9,83032.1,83044.6,6448.0,470.6875,110.7890625,326.3984375,359.8984375,215.609375,144.2890625
738,83039.7,83053.0,82948.6,82996.0,4963.0,115.0,297.59375,252.203125,182.59375,45.390625,137.203125
739,82990.0,82990.0,82847.1,82879.6,13056.0,-105.9609375,513.8046875,97.6953125,619.765625,416.109375,203.65625
740,82887.9,83055.4,82887.9,83040.6,11412.0,-300.546875,408.0078125,220.109375,708.5546875,187.8984375,520.65625
741,83040.5,83168.9,83027.1,83142.4,4509.0,-362.3046875,389.6484375,282.0390625,751.953125,107.609375,644.34375
742,83142.7,83160.0,82995.9,83012.6,5393.0,-279.96875,238.171875,123.765625,518.140625,114.40625,403.734375
743,83009.1,83240.3,82995.3,83159.1,11862.0,-390.015625,50.5078125,258.609375,440.5234375,208.1015625,648.625
744,83159.0,83159.8,83064.3,83065.2,4129.0,-658.7265625,99.2578125,151.5625,757.984375,52.3046875,810.2890625
745,83073.6,83160.1,83064.0,83128.6,4387.0,-550.5390625,162.3984375,195.703125,712.9375,33.3046875,746.2421875
746,83128.5,83128.5,83037.6,83053.0,2391.0,-637.4921875,97.1875,104.984375,734.6796875,7.796875,742.4765625
747,83053.0,83063.7,82969.0,82987.2,1869.0,-1635.09375,68.265625,20.2578125,1703.359375,48.0078125,1655.3515625
748,82988.2,83043.2,82978.0,82978.0,2917.0,-1672.2578125,61.8515625,-4.75,1734.109375,66.6015625,1667.5078125
749,82974.1,82974.1,82924.4,82924.4,3108.0,-874.3125,1.8515625,-69.75,876.1640625,71.6015625,804.5625
750,82924.5,82950.7,82903.5,82903.5,3799.0,181.8203125,-123.0234375,-99.1328125,304.84375,23.890625,280.953125
751,82904.4,82943.6,82899.0,82926.2,7938.0,274.53125,19.6953125,-94.7109375,254.8359375,114.40625,369.2421875
752,82926.2,83079.2,82926.2,83079.2,36803.0,719.953125,110.9375,47.7421875,609.015625,63.1953125,672.2109375
753,83080.0,83114.7,82959.2,82959.2,4886.0,1048.546875,-25.4140625,-78.8125,1073.9609375,53.3984375,1127.359375
754,82959.1,82959.1,82793.4,82799.5,8111.0,817.90625,107.765625,-251.8359375,710.140625,359.6015625,1069.7421875
755,82796.0,82827.2,82726.5,82772.8,8515.0,902.296875,7.671875,-284.734375,894.625,292.40625,1187.03125
756,82767.3,82802.8,82747.5,82768.1,6283.0,1082.5546875,59.6015625,-300.8984375,1022.953125,360.5,1383.453125
757,82768.0,82775.3,82636.8,82680.8,6586.0,1225.6953125,-27.1953125,-399.40625,1252.890625,372.2109375,1625.1015625
758,82680.8,82707.4,82616.9,82638.7,6030.0,1601.984375,-90.2890625,-438.7890625,1692.2734375,348.5,2040.7734375
759,82638.6,82711.8,82618.4,82618.4,6202.0,1196.0078125,-83.6015625,-443.2109375,1279.609375,359.609375,1639.21875
760,82618.4,82695.4,82500.1,82521.2,10768.0,800.84375,-122.0,-525.1953125,922.84375,403.1953125,1326.0390625
761,82501.0,82521.3,82389.9,82470.1,18509.0,648.34375,-125.578125,-558.9765625,773.921875,433.3984375,1207.3203125
762,82469.3,82485.9,82382.7,82435.8,12156.0,1148.328125,-92.8359375,-583.25,1241.1640625,490.4140625,1731.578125
763,82432.1,82530.0,82431.9,82509.6,7552.0,1305.890625,53.7578125,-515.8515625,1252.1328125,569.609375,1821.7421875
764,82509.9,82552.0,82480.8,82524.7,7396.0,1257.984375,-63.5703125,-498.0625,1321.5546875,434.4921875,1756.046875
765,82510.0,82528.1,82438.2,82443.3,5419.0,1126.46875,-208.4765625,-564.6796875,1334.9453125,356.203125,1691.1484375
766,82446.4,82479.7,82381.1,82419.4,2903.0,999.453125,-221.5546875,-574.953125,1221.0078125,353.3984375,1574.40625
767,82418.7,82448.0,82284.2,82313.2,6078.0,607.265625,-212.890625,-667.7890625,820.15625,454.8984375,1275.0546875
768,82317.0,82381.8,82257.2,82262.7,8322.0,517.125,-282.0078125,-700.1015625,799.1328125,418.09375,1217.2265625
769,82279.4,82417.8,82229.4,82300.1,9838.0,275.875,-306.234375,-644.8359375,582.109375,338.6015625,920.7109375
770,82300.1,82375.4,82229.0,82355.8,14190.0,-17.3984375,-313.484375,-576.078125,296.0859375,262.59375,558.6796875
771,82355.8,82385.9,82268.4,82284.7,9506.0,6.0859375,-384.7109375,-621.203125,390.796875,236.4921875,627.2890625
772,82268.2,82405.4,82268.2,82358.9,9579.0,-162.4921875,-402.203125,-513.390625,239.7109375,111.1875,350.8984375
773,82358.0,82375.9,82200.1,82281.1,6470.0,244.78125,-407.6640625,-562.3515625,652.4453125,154.6875,807.1328125
774,82286.5,82316.1,82221.9,82256.0,18679.0,890.6796875,-301.3828125,-554.9765625,1192.0625,253.59375,1445.65625
775,82272.4,82360.0,82272.4,82308.6,4366.0,876.640625,-259.2578125,-475.3515625,1135.8984375,216.09375,1351.9921875
776,82307.5,82308.5,82208.6,82218.6,9752.0,313.1015625,-306.3984375,-531.0859375,619.5,224.6875,844.1875
777,82217.7,82360.9,82217.7,82360.9,9148.0,1066.328125,-298.625,-357.109375,1364.953125,58.484375,1423.4375
778,82341.3,82399.0,82309.4,82309.4,4196.0,941.375,-371.109375,-374.90625,1312.484375,3.796875,1316.28125
779,82309.4,82353.7,82286.1,82317.2,4291.0,240.1796875,-385.84375,-331.34375,626.0234375,54.5,571.5234375
780,82313.1,82372.3,82294.0,82306.6,4651.0,172.03125,-317.234375,-310.7265625,489.265625,6.5078125,482.7578125
781,82306.6,82457.7,82278.2,82278.2,9994.0,-126.4375,-234.1484375,-311.7421875,107.7109375,77.59375,185.3046875
782,82267.6,82387.4,82256.5,82311.2,9736.0,-234.7265625,-273.1640625,-246.6640625,38.4375,26.5,11.9375
783,82316.4,82401.0,82213.3,82361.6,31401.0,-271.9765625,-162.953125,-160.25,109.0234375,2.703125,111.7265625
784,82353.3,82353.3,82087.2,82207.2,17951.0,-496.2109375,-206.84375,-280.75,289.3671875,73.90625,215.4609375
785,82211.2,82229.2,82094.1,82094.1,10273.0,-580.2734375,-204.7734375,-366.671875,375.5,161.8984375,213.6015625
786,82094.2,82172.1,82050.7,82089.7,19987.0,-937.53125,-128.9609375,-347.859375,808.5703125,218.8984375,589.671875
787,82089.6,82200.0,82055.5,82200.0,4604.0,-1160.4765625,-191.484375,-210.0859375,968.9921875,18.6015625,950.390625
788,82200.7,82200.7,81943.8,81995.4,16179.0,-892.7109375,-33.1953125,-398.6953125,859.515625,365.5,494.015625
789,82007.8,82099.5,81995.4,82057.6,9907.0,-1186.671875,-68.2265625,-320.0234375,1118.4453125,251.796875,866.6484375
790,82057.7,82081.7,81990.1,82015.7,17310.0,-1080.046875,-45.3671875,-346.8671875,1034.6796875,301.5,733.1796875
791,82013.2,82148.5,82008.1,82120.8,29622.0,-1106.953125,-45.234375,-231.0390625,1061.71875,185.8046875,875.9140625
792,82124.4,82141.0,82045.5,82052.5,15856.0,-1104.546875,-64.0390625,-289.7421875,1040.5078125,225.703125,814.8046875
793,82052.5,82270.8,82033.9,82270.7,11670.0,-991.390625,-24.8203125,-65.3125,966.5703125,40.4921875,926.078125
794,82270.7,82389.6,82160.5,82310.0,34207.0,-1020.796875,32.984375,-18.6171875,1053.78125,51.6015625,1002.1796875
795,82309.9,82309.9,82090.1,82120.3,12909.0,-651.234375,-105.5390625,-192.453125,545.6953125,86.9140625,458.78125
796,82117.5,82181.5,81982.3,82010.3,9110.0,-372.5,-201.1796875,-284.9921875,171.3203125,83.8125,87.5078125
797,82010.4,82067.1,81956.0,82042.3,8570.0,-257.796875,-189.09375,-236.5078125,68.703125,47.4140625,21.2890625
798,82038.6,82061.9,81913.8,81950.5,11482.0,297.890625,-73.1328125,-322.640625,371.0234375,249.5078125,620.53125
799,81950.4,82032.4,81945.1,81985.9,7187.0,181.9375,-264.375,-273.875,446.3125,9.5,455.8125
800,81973.8,82004.9,81846.1,81851.1,10167.0,400.546875,-190.046875,-396.5390625,590.59375,206.4921875,797.0859375
801,81851.3,81854.3,81416.3,81444.9,69414.0,1123.9609375,-214.9453125,-785.7421875,1338.90625,570.796875,1909.703125
802,81444.9,81613.8,81340.6,81551.5,39167.0,1403.25,-101.6484375,-670.9453125,1504.8984375,569.296875,2074.1953125
803,81548.4,81591.1,80831.4,81134.0,196906.0,1430.0625,-154.625,-1073.125,1584.6875,918.5,2503.1875
804,81149.3,81160.4,80919.0,81101.0,45283.0,1847.15625,64.09375,-1105.609375,1783.0625,1169.703125,2952.765625
805,81100.0,81444.4,81079.6,81328.8,30209.0,1588.3046875,100.6953125,-880.5,1487.609375,981.1953125,2468.8046875
806,81323.7,81323.7,81129.8,81140.6,36412.0,1590.828125,-79.6015625,-1059.2890625,1670.4296875,979.6875,2650.1171875
807,81132.6,81159.4,80952.0,81011.6,32535.0,1468.3984375,-179.1875,-1177.8671875,1647.5859375,998.6796875,2646.265625
808,81011.6,81050.4,80705.1,80725.3,38780.0,1298.4765625,-131.2578125,-1448.234375,1429.734375,1316.9765625,2746.7109375
809,80723.8,80963.9,80627.5,80945.5,42398.0,1454.1171875,-205.109375,-1210.0859375,1659.2265625,1004.9765625,2664.203125
810,80957.6,81666.0,80957.6,81466.2,131612.0,1065.078125,-153.1484375,-672.8203125,1218.2265625,519.671875,1737.8984375
811,81468.0,81877.6,81274.6,81711.1,61016.0,1050.625,-265.171875,-405.1484375,1315.796875,139.9765625,1455.7734375
812,81711.1,81889.9,81500.2,81605.4,33883.0,928.8046875,-629.703125,-469.1796875,1558.5078125,160.5234375,1397.984375
813,81581.0,81707.1,81442.1,81606.9,30371.0,555.078125,-485.1171875,-429.703125,1040.1953125,55.4140625,984.78125
814,81602.9,81807.5,81594.8,81700.5,18544.0,416.1484375,-841.234375,-274.71875,1257.3828125,566.515625,690.8671875
815,81704.5,81821.2,81510.1,81821.2,35648.0,-212.46875,-818.921875,-98.7109375,606.453125,720.2109375,113.7578125
816,81825.1,82274.0,81710.7,82101.7,46923.0,-815.9296875,-552.859375,220.0625,263.0703125,772.921875,1035.9921875
817,82087.6,82581.6,82027.5,82511.1,70274.0,-1012.921875,-693.6015625,676.90625,319.3203125,1370.5078125,1689.828125
818,82511.3,82866.1,82486.5,82768.0,63226.0,-1202.75,-763.171875,993.2265625,439.578125,1756.3984375,2195.9765625
819,82767.9,82982.8,82628.3,82982.8,31887.0,-1155.03125,-985.9765625,1271.53125,169.0546875,2257.5078125,2426.5625
820,82982.7,82982.7,82657.5,82736.3,19758.0,-724.40625,-710.1640625,1080.6328125,14.2421875,1790.796875,1805.0390625
821,82745.5,82971.2,82693.7,82878.7,22928.0,-425.8359375,-161.9765625,1250.515625,263.859375,1412.4921875,1676.3515625
822,82904.5,82908.6,82685.7,82750.9,12906.0,-92.0703125,103.3984375,1143.1953125,195.46875,1039.796875,1235.265625
823,82751.0,82887.6,82565.4,82874.2,24953.0,-226.09375,20.0546875,1288.8515625,246.1484375,1268.796875,1514.9453125
824,82874.1,83033.3,82795.5,83002.3,14212.0,8.9453125,54.7421875,1450.140625,45.796875,1395.3984375,1441.1953125
825,83010.6,83427.0,82994.9,83316.3,37958.0,196.8359375,178.8203125,1794.6171875,18.015625,1615.796875,1597.78125
826,83320.1,83419.2,83150.8,83164.4,16894.0,61.953125,314.46875,1657.6640625,252.515625,1343.1953125,1595.7109375
827,83176.3,83300.0,83106.8,83270.4,9931.0,58.015625,590.3984375,1759.09375,532.3828125,1168.6953125,1701.078125
828,83252.6,83322.0,83008.6,83078.5,13767.0,103.59375,976.359375,1543.75,872.765625,567.390625,1440.15625
829,83083.3,83191.8,82976.6,83191.8,11528.0,101.7734375,1192.3828125,1616.1796875,1090.609375,423.796875,1514.40625
830,83199.9,83528.1,83116.8,83499.9,25737.0,173.09375,1357.3359375,1874.4296875,1184.2421875,517.09375,1701.3359375
831,83493.1,83499.9,83386.6,83496.4,18219.0,407.453125,1066.5859375,1826.6796875,659.1328125,760.09375,1419.2265625
832,83496.4,83576.6,83367.6,83389.8,14373.0,492.484375,1137.296875,1648.3828125,644.8125,511.0859375,1155.8984375
833,83386.5,83583.2,83358.5,83565.7,5882.0,327.015625,949.5234375,1764.3203125,622.5078125,814.796875,1437.3046875
834,83564.7,83589.1,83495.9,83564.2,9029.0,495.6015625,985.8125,1675.8125,490.2109375,690.0,1180.2109375
835,83564.2,83567.0,83333.5,83333.5,10150.0,112.890625,1018.8359375,1350.046875,905.9453125,331.2109375,1237.15625
836,83333.4,83355.8,83152.8,83179.1,17827.0,-58.2421875,1233.4609375,1096.28125,1291.703125,137.1796875,1154.5234375
837,83179.1,83306.3,83050.0,83302.2,11455.0,-261.0703125,980.375,1118.1875,1241.4453125,137.8125,1379.2578125
838,83311.7,83311.7,83137.3,83240.7,8036.0,-222.21875,973.4375,943.75,1195.65625,29.6875,1165.96875
839,83228.0,83278.0,83165.3,83272.9,7659.0,-243.0234375,663.875,858.28125,906.8984375,194.40625,1101.3046875
840,83268.7,83413.3,83182.0,83400.6,9926.0,-598.828125,664.859375,873.671875,1263.6875,208.8125,1472.5
841,83409.0,83420.5,83156.7,83156.7,9847.0,-373.2421875,871.2734375,528.09375,1244.515625,343.1796875,901.3359375
842,83156.6,83458.2,83136.0,83378.3,9308.0,-570.6484375,778.5078125,660.4296875,1349.15625,118.078125,1231.078125
843,83365.8,83487.3,83233.6,83282.3,8245.0,-678.015625,582.6875,475.203125,1260.703125,107.484375,1153.21875
844,83286.5,83299.6,83106.7,83237.1,12591.0,-750.9296875,660.65625,332.0625,1411.5859375,328.59375,1082.9921875
845,83228.8,83428.0,83208.2,83400.3,11736.0,-815.1640625,565.96875,402.0703125,1381.1328125,163.8984375,1217.234375
846,83400.4,83614.9,83355.6,83556.5,9782.0,-355.2734375,259.65625,482.6640625,614.9296875,223.0078125,837.9375
847,83553.5,83566.5,83431.5,83466.6,5087.0,-216.3203125,51.390625,338.890625,267.7109375,287.5,555.2109375
848,83455.0,83696.9,83436.8,83671.7,14552.0,234.0859375,134.9375,504.4296875,99.1484375,369.4921875,270.34375
849,83660.6,83887.3,83660.6,83796.7,25035.0,180.015625,49.8046875,605.7890625,130.2109375,555.984375,425.7734375
850,83810.9,83866.3,83527.8,83527.8,8582.0,296.6953125,67.4921875,322.375,229.203125,254.8828125,25.6796875
851,83508.9,83671.5,83500.1,83644.1,7905.0,277.8515625,161.984375,405.46875,115.8671875,243.484375,127.6171875
852,83644.0,83704.1,83595.4,83648.1,8093.0,330.203125,-95.8203125,395.5703125,426.0234375,491.390625,65.3671875
853,83648.2,83792.6,83612.6,83745.6,7432.0,362.0390625,94.40625,461.7109375,267.6328125,367.3046875,99.671875
854,83753.4,83836.6,83745.2,83810.6,14244.0,292.2734375,-21.9921875,506.3046875,314.265625,528.296875,214.03125
855,83810.6,83911.9,83801.6,83908.4,9001.0,630.25,-78.9296875,592.3515625,709.1796875,671.28125,37.8984375
856,83909.4,83988.6,83880.9,83988.6,11285.0,725.0,80.0625,668.3671875,644.9375,588.3046875,56.6328125
857,83988.5,84346.8,83980.2,84217.3,20381.0,747.328125,216.6640625,877.453125,530.6640625,660.7890625,130.125
858,84217.2,84217.2,84061.1,84092.6,8302.0,828.953125,116.953125,742.953125,712.0,626.0,86.0
859,84079.8,84182.5,83988.6,84143.9,7843.0,981.5703125,292.390625,764.5859375,689.1796875,472.1953125,216.984375
860,84153.3,84185.7,83947.6,84021.0,8177.0,819.421875,387.140625,611.4375,432.28125,224.296875,207.984375
861,84016.8,84163.7,83968.7,84027.8,12205.0,862.4140625,116.8359375,616.84375,745.578125,500.0078125,245.5703125
862,84021.4,84043.1,83807.6,83847.9,9911.0,602.3828125,225.75,429.5546875,376.6328125,203.8046875,172.828125
863,83843.7,83856.9,83719.5,83753.7,9225.0,689.15625,216.828125,322.4375,472.328125,105.609375,366.71875
864,83753.7,83776.9,83628.0,83628.0,8345.0,549.8828125,305.3359375,187.734375,244.546875,117.6015625,362.1484375
865,83627.2,83704.8,83567.2,83666.8,14747.0,289.171875,358.015625,214.21875,68.84375,143.796875,74.953125
866,83673.5,83715.7,83608.1,83699.0,5977.0,257.5234375,427.078125,217.671875,169.5546875,209.40625,39.8515625
867,83695.6,83719.0,83549.8,83549.8,3452.0,-112.2265625,466.8046875,28.0,579.03125,438.8046875,140.2265625
868,83555.8,83589.6,83380.5,83405.1,40093.0,-60.546875,649.75,-162.4453125,710.296875,812.1953125,101.8984375
869,83408.1,83495.8,83404.0,83440.7,9717.0,-487.015625,482.4609375,-169.4375,969.4765625,651.8984375,317.578125
870,83428.2,83583.5,83428.2,83571.6,7534.0,-494.7421875,490.2109375,-82.09375,984.953125,572.3046875,412.6484375
871,83571.5,83598.2,83471.9,83564.6,6870.0,-365.484375,336.2890625,-120.109375,701.7734375,456.3984375,245.375
872,83564.5,83603.3,83409.2,83445.4,6639.0,-457.9296875,299.5234375,-282.8671875,757.453125,582.390625,175.0625
873,83436.3,83466.5,83282.1,83453.4,7506.0,-574.4296875,96.1484375,-298.34375,670.578125,394.4921875,276.0859375
874,83452.5,83527.9,83427.1,83512.6,5215.0,-571.375,-21.6171875,-262.7109375,549.7578125,241.09375,308.6640625
875,83516.7,83790.7,83504.2,83747.7,11180.0,2893.109375,-166.8671875,-47.15625,3059.9765625,119.7109375,2940.265625
876,83757.6,83895.3,83741.6,83858.9,10276.0,2489.9140625,-141.3984375,50.71875,2631.3125,192.1171875,2439.1953125
877,83860.0,83932.9,83826.0,83932.9,6560.0,2296.078125,-116.3203125,117.5859375,2412.3984375,233.90625,2178.4921875
878,83940.1,83984.9,83859.6,83950.7,11958.0,2094.8671875,-269.6875,131.234375,2364.5546875,400.921875,1963.6328125
879,83937.7,83937.7,83837.1,83860.8,7627.0,1844.09375,-401.046875,54.65625,2245.140625,455.703125,1789.4375
880,83860.7,83988.5,83829.5,83944.8,3462.0,1578.0078125,-347.640625,156.453125,1925.6484375,504.09375,1421.5546875
881,83937.9,84109.1,83936.9,84099.5,15827.0,1563.265625,-218.9296875,308.96875,1782.1953125,527.8984375,1254.296875
882,84097.6,84195.8,84085.7,84107.1,6837.0,1067.2265625,-221.953125,320.546875,1289.1796875,542.5,746.6796875
883,84141.4,84194.8,84112.1,84128.8,5869.0,1157.90625,-331.0234375,352.375,1488.9296875,683.3984375,805.53125
884,84128.8,84152.8,84085.4,84138.0,5619.0,955.4921875,-308.40625,376.1953125,1263.8984375,684.6015625,579.296875
885,84144.3,84282.8,84077.0,84253.4,11736.0,647.4609375,-234.3046875,506.484375,881.765625,740.7890625,140.9765625
886,84253.5,84346.9,84108.1,84123.6,12369.0,424.296875,8.828125,384.71875,415.46875,375.890625,39.578125
887,84123.6,84243.2,84105.0,84183.7,6456.0,634.953125,126.5078125,451.3046875,508.4453125,324.796875,183.6484375
888,84183.7,84407.1,84175.8,84356.4,12382.0,690.125,214.7265625,638.2265625,475.3984375,423.5,51.8984375
889,84350.7,84350.7,84034.2,84086.3,10004.0,650.0390625,239.625,375.21875,410.4140625,135.59375,274.8203125
890,84076.6,84152.9,84047.1,84143.1,8864.0,744.5390625,163.875,446.1796875,580.6640625,282.3046875,298.359375
891,84143.0,84386.4,84143.0,84366.4,7931.0,335.0390625,251.6875,673.2890625,83.3515625,421.6015625,338.25
892,84370.6,84424.5,84153.4,84209.8,9858.0,365.359375,402.8046875,513.1015625,37.4453125,110.296875,147.7421875
893,84209.5,84308.4,84150.1,84244.1,10672.0,100.375,397.4453125,534.4453125,297.0703125,137.0,434.0703125
894,84231.7,84277.4,84197.8,84265.0,4751.0,276.0859375,400.390625,536.59375,124.3046875,136.203125,260.5078125
895,84269.4,84294.7,84186.8,84188.0,4961.0,126.40625,384.09375,434.1015625,257.6875,50.0078125,307.6953125
896,84197.3,84214.2,84110.1,84163.8,8754.0,195.5234375,470.15625,380.5625,274.6328125,89.59375,185.0390625
897,84167.6,84237.4,84125.5,84197.2,7185.0,198.765625,319.1328125,392.7421875,120.3671875,73.609375,193.9765625
898,84199.2,84214.4,84134.1,84178.5,4214.0,94.09375,347.53125,342.3359375,253.4375,5.1953125,248.2421875
899,84182.8,84243.3,84110.0,84110.1,9177.0,105.5,472.65625,226.375,367.15625,246.28125,120.875
900,84110.0,84145.0,84000.9,84019.7,11135.0,195.890625,170.28125,103.6953125,25.609375,66.5859375,92.1953125
901,84028.0,84028.1,83827.1,83878.1,31049.0,56.3515625,198.515625,-66.484375,142.1640625,265.0,122.8359375
902,83878.0,84009.6,83856.5,83953.2,4463.0,-63.3515625,381.71875,-31.4765625,445.0703125,413.1953125,31.875
903,83953.2,83980.8,83895.1,83918.3,6474.0,154.8203125,186.8984375,-104.59375,32.078125,291.4921875,259.4140625
904,83914.2,83935.5,83852.8,83852.8,6679.0,51.5546875,181.671875,-209.6328125,130.1171875,391.3046875,261.1875
905,83841.9,83860.5,83741.6,83755.0,7145.0,-57.609375,164.953125,-345.046875,222.5625,510.0,287.4375
906,83759.2,83974.9,83745.7,83964.7,7273.0,-110.2890625,65.9453125,-157.359375,176.234375,223.3046875,47.0703125
907,83964.7,84032.4,83898.7,83969.7,9174.0,11.328125,26.4921875,-167.59375,15.1640625,194.0859375,178.921875
908,83969.7,84129.4,83968.1,84078.1,7156.0,0.171875,46.6796875,-72.4140625,46.5078125,119.09375,72.5859375
909,84073.9,84201.0,84073.0,84196.5,8198.0,-228.9765625,16.59375,34.5859375,245.5703125,17.9921875,263.5625
910,84201.7,84201.7,84025.3,84045.2,8063.0,-116.578125,-64.2734375,-129.1796875,52.3046875,64.90625,12.6015625
911,84037.6,84037.8,83930.5,83979.7,5928.0,-244.25,-158.4296875,-198.421875,85.8203125,39.9921875,45.828125
912,83977.9,83988.5,83936.0,83982.1,8969.0,-347.0859375,-288.953125,-184.9609375,58.1328125,103.9921875,162.125
913,83979.3,83979.3,83847.1,83847.1,3779.0,-705.4296875,-206.15625,-312.265625,499.2734375,106.109375,393.1640625
914,83847.2,83916.9,83827.6,83827.6,7451.0,-912.5234375,-230.5390625,-321.2421875,681.984375,90.703125,591.28125
915,83826.8,83826.8,83671.6,83685.5,10288.0,-317.4375,-281.78125,-449.078125,35.65625,167.296875,131.640625
916,83677.2,83750.0,83586.7,83735.2,11544.0,-447.796875,-354.65625,-374.4609375,93.140625,19.8046875,73.3359375
917,83728.8,83728.8,83536.6,83616.9,42094.0,-547.640625,-137.0078125,-484.8125,410.6328125,347.8046875,62.828125
918,83619.0,83698.3,83610.0,83610.6,4024.0,-476.21875,-121.3046875,-480.4140625,354.9140625,359.109375,4.1953125
919,83608.5,83630.5,83587.0,83611.6,4610.0,-566.125,1.0078125,-465.5,567.1328125,466.5078125,100.625
920,83615.8,83753.0,83608.5,83696.0,8401.0,-631.6171875,113.890625,-386.609375,745.5078125,500.5,245.0078125
921,83696.0,83808.4,83672.4,83771.7,8045.0,-1002.828125,-32.5078125,-306.0078125,970.3203125,273.5,696.8203125
922,83771.9,83797.2,83687.7,83743.3,7048.0,-1189.0859375,-78.671875,-315.09375,1110.4140625,236.421875,873.9921875
923,83749.0,83833.7,83689.7,83817.0,7983.0,-1030.421875,-64.890625,-230.0,965.53125,165.109375,800.421875
924,83825.4,83826.3,83705.9,83740.7,7670.0,-531.171875,-180.046875,-286.453125,351.125,106.40625,244.71875
925,83740.1,83775.0,83627.8,83677.6,7738.0,-653.1796875,-177.671875,-327.6796875,475.5078125,150.0078125,325.5
926,83666.0,83684.1,83608.1,83608.1,5996.0,-781.640625,-294.6484375,-372.0546875,486.9921875,77.40625,409.5859375
927,83608.2,83629.2,83549.2,83576.1,6533.0,-668.796875,-223.515625,-382.6328125,445.28125,159.1171875,286.1640625
928,83583.8,83622.3,83548.1,83548.2,7330.0,-633.4140625,-312.8046875,-381.5078125,320.609375,68.703125,251.90625
929,83555.1,83706.1,83555.1,83672.0,10687.0,-523.0546875,-290.703125,-229.3125,232.3515625,61.390625,293.7421875
930,83678.4,84299.9,83579.7,84099.8,48233.0,-248.8828125,-264.7890625,223.40625,15.90625,488.1953125,472.2890625
931,84092.4,84256.8,83848.1,83896.1,20421.0,0.640625,-164.203125,35.8984375,164.84375,200.1015625,35.2578125
932,83897.1,84299.9,83792.0,84270.3,17872.0,-75.296875,-83.1796875,415.4140625,7.8828125,498.59375,490.7109375
933,84261.5,84293.4,83986.8,84269.2,10392.0,-39.65625,-101.09375,424.8125,61.4375,525.90625,464.46875
934,84269.3,84820.2,84269.3,84762.7,44408.0,-22.7421875,-22.328125,923.3828125,0.4140625,945.7109375,946.125
935,84762.7,84900.0,84485.0,84890.9,32741.0,-117.2421875,-93.015625,1057.1796875,24.2265625,1150.1953125,1174.421875
936,84890.9,85001.8,84816.5,84976.8,62131.0,-274.5546875,-152.2578125,1146.953125,122.296875,1299.2109375,1421.5078125
937,84972.3,85140.8,84857.4,84864.4,30059.0,-111.015625,-203.921875,1052.3828125,92.90625,1256.3046875,1163.3984375
938,84860.9,84992.7,84711.4,84800.2,12249.0,-163.3828125,-216.234375,1007.8671875,52.8515625,1224.1015625,1171.25
939,84797.1,85040.4,84796.9,84863.8,11989.0,-122.765625,-217.640625,1097.953125,94.875,1315.59375,1220.71875
940,84855.5,85041.6,84700.0,85007.8,10696.0,115.5546875,-67.625,1268.1796875,183.1796875,1335.8046875,1152.625
941,85007.8,85267.7,85007.8,85169.7,18893.0,-273.5703125,357.4453125,1427.359375,631.015625,1069.9140625,1700.9296875
942,85171.3,85279.8,84913.6,85028.8,11743.0,-285.5625,157.9296875,1290.625,443.4921875,1132.6953125,1576.1875
943,85028.8,85028.8,84774.4,84815.3,17450.0,138.3125,517.71875,1062.7265625,379.40625,545.0078125,924.4140625
944,84815.3,84968.6,84772.1,84907.1,9999.0,19.5625,495.5234375,1133.4296875,475.9609375,637.90625,1113.8671875
945,84917.0,84984.1,84649.0,84660.5,12520.0,187.1484375,942.265625,840.0625,755.1171875,102.203125,652.9140625
946,84656.3,84699.8,84407.8,84436.5,15972.0,236.34375,1010.1875,555.796875,773.84375,454.390625,319.453125
947,84434.9,84539.6,84235.7,84261.3,11651.0,251.65625,1034.015625,318.515625,782.359375,715.5,66.859375
948,84265.7,84645.9,84251.6,84645.8,25414.0,184.3125,859.234375,640.640625,674.921875,218.59375,456.328125
949,84640.6,84671.3,84374.2,84546.2,8208.0,265.5859375,735.5546875,481.5625,469.96875,253.9921875,215.9765625
950,84534.6,84682.1,84494.5,84649.9,18914.0,415.046875,736.546875,522.65625,321.5,213.890625,107.609375
951,84650.6,84986.8,84570.9,84893.5,17548.0,400.4375,814.953125,700.671875,414.515625,114.28125,300.234375
952,84893.4,85162.0,84781.0,85125.8,20141.0,355.2734375,906.9609375,863.0625,551.6875,43.8984375,507.7890625
953,85141.6,85217.2,85078.1,85179.5,8645.0,323.7578125,701.7734375,852.4921875,378.015625,150.71875,528.734375
954,85179.5,85427.9,85162.8,85400.7,20955.0,-6.375,438.3671875,1023.78125,444.7421875,585.4140625,1030.15625
955,85403.5,85488.7,85308.4,85417.0,8141.0,160.765625,471.859375,981.7578125,311.09375,509.8984375,820.9921875
956,85417.0,85417.0,85030.7,85069.6,20538.0,124.828125,176.109375,585.21875,51.28125,409.109375,460.390625
957,85055.6,85190.8,85055.6,85060.6,6663.0,132.4140625,-89.3125,534.8046875,221.7265625,624.1171875,402.390625
958,85060.1,85154.7,85000.1,85122.8,11759.0,150.2890625,-298.78125,562.734375,449.0703125,861.515625,412.4453125
959,85122.8,85122.8,84836.1,84836.2,16029.0,-2.75,30.84375,221.265625,33.59375,190.421875,224.015625
960,84836.2,85103.4,84806.1,84820.4,13616.0,-152.8828125,-112.453125,161.7421875,40.4296875,274.1953125,314.625
961,84812.1,84833.6,84582.3,84582.3,12104.0,-55.0703125,-36.2734375,-103.8671875,18.796875,67.59375,48.796875
962,84578.1,84628.0,84460.8,84469.8,16158.0,-268.125,157.4609375,-266.234375,425.5859375,423.6953125,1.890625
963,84470.8,84551.8,84329.4,84551.7,10543.0,-269.328125,346.984375,-227.1015625,616.3125,574.0859375,42.2265625
964,84556.0,84601.9,84415.7,84555.3,7480.0,-370.84375,355.171875,-269.0234375,726.015625,624.1953125,101.8203125
965,84539.0,84713.2,84494.4,84632.7,20191.0,-333.0625,544.4765625,-223.5234375,877.5390625,768.0,109.5390625
966,84632.6,84788.1,84526.3,84670.7,11339.0,-378.328125,534.4765625,-211.828125,912.8046875,746.3046875,166.5
967,84670.0,84670.5,84503.8,84520.0,8458.0,-314.875,182.4375,-367.171875,497.3125,549.609375,52.296875
968,84520.1,84558.2,84307.6,84440.3,13741.0,-252.625,163.625,-456.6875,416.25,620.3125,204.0625
969,84440.3,84502.6,84340.4,84454.2,4812.0,-370.75,209.6875,-458.90625,580.4375,668.59375,88.15625
970,84454.1,84461.6,84317.9,84424.8,8405.0,-272.578125,-75.5234375,-486.9375,197.0546875,411.4140625,214.359375
971,84424.8,84466.4,84317.9,84428.5,5970.0,-235.328125,-81.9609375,-473.859375,153.3671875,391.8984375,238.53125
972,84428.5,84469.6,84304.4,84328.8,6193.0,-362.625,-290.6875,-544.1875,71.9375,253.5,181.5625
973,84324.6,84341.3,84047.4,84155.2,19509.0,-278.6796875,-375.2421875,-689.828125,96.5625,314.5859375,411.1484375
974,84155.2,84252.7,84064.1,84174.1,6456.0,-304.21875,-280.1640625,-657.7578125,24.0546875,377.59375,353.5390625
975,84174.1,84294.7,84169.0,84187.5,9896.0,-439.203125,-258.9765625,-626.765625,180.2265625,367.7890625,187.5625
976,84186.0,84243.8,84129.5,84130.9,5068.0,-398.34375,-180.1796875,-681.984375,218.1640625,501.8046875,283.640625
977,84124.0,84124.0,83836.9,83943.2,13960.0,-2363.6953125,-153.8828125,-881.390625,2209.8125,727.5078125,1482.3046875
978,83943.3,84075.7,83943.3,84063.2,18572.0,-1455.0859375,-317.5234375,-774.3203125,1137.5625,456.796875,680.765625
979,84067.1,84202.8,84029.6,84184.1,18730.0,-939.484375,-386.953125,-643.1484375,552.53125,256.1953125,296.3359375
980,84184.6,84201.2,83800.1,83860.5,9955.0,-1312.0234375,-368.4453125,-962.15625,943.578125,593.7109375,349.8671875
981,83860.4,83911.7,83750.0,83803.1,9483.0,-1135.5078125,-386.6015625,-1008.2890625,748.90625,621.6875,127.21875
982,83803.4,84003.3,83686.4,83926.7,14106.0,-1072.5078125,-359.6484375,-861.4375,712.859375,501.7890625,211.0703125
983,83936.7,84116.6,83895.2,84063.1,5934.0,-1146.6796875,-419.5078125,-685.1953125,727.171875,265.6875,461.484375
984,84063.0,84068.0,83884.0,84056.9,11360.0,-668.703125,-541.8828125,-640.1796875,126.8203125,98.296875,28.5234375
985,84058.9,84344.3,84000.1,84130.2,22610.0,-214.609375,-461.6484375,-505.5390625,247.0390625,43.890625,290.9296875
986,84143.8,84143.8,83805.5,83890.7,6890.0,-355.71875,-386.7734375,-683.5703125,31.0546875,296.796875,327.8515625
987,83898.4,83898.4,83725.7,83767.8,7933.0,-170.671875,-396.4375,-759.5390625,225.765625,363.1015625,588.8671875
988,83769.1,83833.8,83644.4,83698.6,9021.0,-386.5390625,-528.2578125,-772.8671875,141.71875,244.609375,386.328125
989,83698.6,83698.6,83592.7,83631.9,7309.0,-367.640625,-355.2890625,-786.59375,12.3515625,431.3046875,418.953125
990,83628.6,83711.6,83506.1,83646.8,14344.0,-494.8359375,-201.78125,-739.09375,293.0546875,537.3125,244.2578125
991,83640.5,83826.1,83518.1,83826.1,13397.0,-651.4609375,-477.390625,-511.796875,174.0703125,34.40625,139.6640625
992,83826.2,83863.0,83730.3,83806.9,14159.0,-476.6953125,-495.828125,-492.0390625,19.1328125,3.7890625,15.34375
993,83793.4,83807.0,83529.3,83542.8,39490.0,-494.3203125,-345.078125,-728.984375,149.2421875,383.90625,234.6640625
994,83541.2,83617.5,83335.1,83363.5,30566.0,-460.078125,-184.2421875,-883.859375,275.8359375,699.6171875,423.78125
995,83364.5,83410.2,83294.4,83322.6,14210.0,-186.4453125,-165.53125,-899.828125,20.9140625,734.296875,713.3828125
996,83329.0,83414.6,83195.0,83211.9,12244.0,-304.03125,-67.09375,-985.40625,236.9375,918.3125,681.375
997,83211.9,83284.2,83062.6,83228.9,68510.0,-348.765625,-267.6015625,-929.40625,81.1640625,661.8046875,580.640625
998,83244.1,83284.0,83121.4,83169.0,11905.0,-412.21875,-352.890625,-951.6953125,59.328125,598.8046875,539.4765625
999,83175.6,83183.9,82916.8,82937.8,19501.0,-626.125,-385.0078125,-1145.8125,241.1171875,760.8046875,519.6875
1000,82925.6,82963.6,82843.7,82875.6,29655.0,-877.828125,-410.59375,-1166.890625,467.234375,756.296875,289.0625
1001,82876.6,83021.4,82870.1,82967.0,8328.0,-1021.8515625,-356.796875,-1036.5859375,665.0546875,679.7890625,14.734375
1002,82972.2,83028.8,82784.3,82884.9,14024.0,-1077.53125,-147.375,-1088.578125,930.15625,941.203125,11.046875
1003,82870.4,83052.6,82846.0,83030.4,9470.0,-1257.4296875,-140.484375,-916.9765625,1116.9453125,776.4921875,340.453125
1004,83030.4,83299.0,83030.4,83225.5,16092.0,-1067.5078125,-373.9609375,-691.25,693.546875,317.2890625,376.2578125
1005,83225.5,83375.9,83118.9,83354.1,17205.0,-1294.09375,-512.734375,-522.1171875,781.359375,9.3828125,771.9765625
1006,83346.1,83366.1,83235.0,83327.7,13563.0,-1061.6953125,-510.390625,-505.2734375,551.3046875,5.1171875,556.421875
1007,83327.7,83387.0,83234.4,83319.0,10598.0,-1369.328125,-575.1484375,-468.0234375,794.1796875,107.125,901.3046875
1008,83328.2,83367.4,83068.8,83169.0,9307.0,-1185.359375,-522.4296875,-582.3125,662.9296875,59.8828125,603.046875
1009,83191.0,83333.0,83145.0,83262.0,5816.0,-933.21875,-537.6171875,-444.6015625,395.6015625,93.015625,488.6171875
1010,83261.8,83261.8,83098.2,83204.9,7128.0,-1117.328125,-706.5078125,-439.390625,410.8203125,267.1171875,677.9375
1011,83205.8,83210.9,82950.1,83020.0,10240.0,-912.6953125,-719.453125,-575.046875,193.2421875,144.40625,337.6484375
1012,83010.3,83025.3,82811.0,82841.7,16781.0,-793.4140625,-586.25,-711.53125,207.1640625,125.28125,81.8828125
1013,82845.8,82866.4,82718.4,82830.3,12697.0,-183.7578125,-616.2578125,-670.84375,432.5,54.5859375,487.0859375
1014,82857.7,83147.1,82857.7,83096.5,12846.0,125.5859375,-419.1171875,-353.015625,544.703125,66.1015625,478.6015625
1015,83085.2,83168.2,82984.1,83070.7,10440.0,-58.0,-182.4453125,-337.2421875,124.4453125,154.796875,279.2421875
1016,83080.9,83200.2,82974.4,83158.8,10932.0,-48.640625,-15.0390625,-210.34375,33.6015625,195.3046875,161.703125
1017,83158.9,83160.0,82927.1,82927.1,5971.0,215.46875,-13.2890625,-413.890625,228.7578125,400.6015625,629.359375
1018,82922.4,82988.2,82783.7,82963.5,13592.0,276.421875,0.453125,-355.046875,275.96875,355.5,631.46875
1019,82965.8,82977.4,82875.1,82922.3,7153.0,424.4140625,-123.0703125,-369.7734375,547.484375,246.703125,794.1875
1020,82922.3,83030.4,82889.2,82941.3,11976.0,815.75,-11.5703125,-332.28125,827.3203125,320.7109375,1148.03125
1021,82950.1,83099.9,82902.3,83002.0,9003.0,525.3125,-46.5859375,-249.484375,571.8984375,202.8984375,774.796875
1022,82996.5,83020.0,82769.9,82843.9,19729.0,495.6953125,-191.171875,-367.2734375,686.8671875,176.1015625,862.96875
1023,82843.8,82883.9,82707.7,82783.4,17817.0,625.6015625,-321.203125,-379.5234375,946.8046875,58.3203125,1005.125
1024,82762.5,82762.5,82445.9,82450.1,38999.0,425.7578125,-296.9921875,-677.1875,722.75,380.1953125,1102.9453125
1025,82457.3,82604.0,82310.6,82464.0,20183.0,371.8828125,-17.4375,-649.9296875,389.3203125,632.4921875,1021.8125
1026,82463.2,82533.3,82345.6,82498.0,12211.0,38.828125,-30.640625,-603.34375,69.46875,572.703125,642.171875
1027,82490.7,82738.0,82431.8,82664.8,11469.0,-118.296875,60.109375,-433.8984375,178.40625,494.0078125,315.6015625
1028,82683.2,83082.3,82666.0,82839.8,14730.0,-377.3359375,-156.4921875,-243.8125,220.84375,87.3203125,133.5234375
1029,82843.1,82933.7,82700.1,82887.1,6414.0,-364.5625,-109.8203125,-186.2265625,254.7421875,76.40625,178.3359375
1030,82888.2,82990.1,82829.2,82875.8,8653.0,-357.8671875,-150.2578125,-196.75,207.609375,46.4921875,161.1171875
1031,82888.0,82961.2,82739.9,82799.9,10151.0,-324.1171875,-134.5390625,-275.9296875,189.578125,141.390625,48.1875
1032,82820.8,82825.6,82633.4,82714.6,15778.0,-689.125,-75.5859375,-362.9765625,613.5390625,287.390625,326.1484375
1033,82715.6,82988.3,82715.6,82955.1,9882.0,-398.9140625,-231.640625,-120.421875,167.2734375,111.21875,278.4921875
1034,82963.1,82967.7,82783.6,82919.9,7372.0,-674.9296875,-279.7890625,-143.2734375,395.140625,136.515625,531.65625
1035,82913.9,82927.3,82831.9,82909.1,4950.0,-1418.9453125,-574.3203125,-115.3125,844.625,459.0078125,1303.6328125
1036,82910.5,82960.7,82740.6,82909.9,8216.0,-1737.234375,-515.9140625,-70.0078125,1221.3203125,445.90625,1667.2265625
1037,82921.7,83124.8,82802.1,82885.1,10440.0,-798.484375,-440.4296875,-53.3203125,358.0546875,387.109375,745.1640625
1038,82885.2,82910.2,82579.6,82602.9,8948.0,362.6171875,-240.921875,-302.8125,603.5390625,61.890625,665.4296875
1039,82597.0,82746.2,82551.9,82745.7,6251.0,469.7421875,-49.4609375,-143.5546875,519.203125,94.09375,613.296875
1040,82746.0,82972.1,82713.0,82924.8,8474.0,684.90625,16.59375,54.28125,668.3125,37.6875,630.625
1041,82931.2,83200.3,82842.8,83181.5,11690.0,1144.4609375,21.7421875,327.453125,1122.71875,305.7109375,817.0078125
1042,83169.5,83271.3,82972.3,82976.7,31206.0,807.2265625,-43.15625,133.65625,850.3828125,176.8125,673.5703125
1043,82981.4,83032.6,82853.1,82971.3,13061.0,842.6640625,-122.0859375,134.609375,964.75,256.6953125,708.0546875
1044,82965.3,83145.1,82965.3,83098.3,9214.0,1197.3828125,112.171875,255.375,1085.2109375,143.203125,942.0078125
1045,83087.7,83197.7,82994.5,83182.7,6665.0,1231.9609375,85.796875,348.6015625,1146.1640625,262.8046875,883.359375
1046,83178.7,83229.1,83127.5,83133.0,7498.0,1506.265625,83.078125,306.9765625,1423.1875,223.8984375,1199.2890625
1047,83128.0,83223.0,83102.7,83174.7,5256.0,1105.1640625,96.3203125,361.125,1008.84375,264.8046875,744.0390625
1048,83174.6,83307.3,83072.9,83184.5,35632.0,699.453125,73.625,373.015625,625.828125,299.390625,326.4375
1049,83184.6,83284.5,83088.8,83284.5,6360.0,689.1328125,-190.546875,491.046875,879.6796875,681.59375,198.0859375
1050,83272.9,83346.8,83179.9,83179.9,13760.0,1104.375,-38.9140625,395.2734375,1143.2890625,434.1875,709.1015625
1051,83179.7,83184.8,83045.7,83052.5,4461.0,1194.109375,141.0,268.703125,1053.109375,127.703125,925.40625
1052,83052.4,83146.3,82935.9,83116.1,10939.0,1303.65625,388.734375,323.328125,914.921875,65.40625,980.328125
1053,83100.4,83247.2,83088.1,83180.9,7460.0,1092.6875,177.296875,381.484375,915.390625,204.1875,711.203125
1054,83176.7,83247.2,83113.7,83113.7,4538.0,915.6875,162.4921875,304.8984375,753.1953125,142.40625,610.7890625
1055,83112.5,83218.2,83097.6,83143.2,4559.0,516.265625,257.0859375,301.9921875,259.1796875,44.90625,214.2734375
1056,83147.8,83445.2,83122.1,83399.3,9186.0,508.4296875,305.5546875,522.1484375,202.875,216.59375,13.71875
1057,83393.7,83643.2,83384.8,83617.9,18477.0,165.421875,224.1015625,709.0,58.6796875,484.8984375,543.578125
1058,83616.3,83796.2,83572.4,83765.2,20164.0,-113.2109375,240.3125,830.8125,353.5234375,590.5,944.0234375
1059,83761.1,83769.4,83530.7,83549.3,9553.0,46.046875,232.8671875,597.6640625,186.8203125,364.796875,551.6171875
1060,83552.4,83699.9,83552.4,83664.0,8323.0,-246.234375,313.0078125,692.5,559.2421875,379.4921875,938.734375
1061,83663.9,83696.4,83552.1,83583.8,8161.0,439.5859375,193.1875,597.09375,246.3984375,403.90625,157.5078125
1062,83581.5,83617.6,83483.5,83502.9,9247.0,892.6171875,53.1640625,503.5625,839.453125,450.3984375,389.0546875
1063,83498.6,83528.3,83410.5,83410.5,6310.0,831.0546875,96.6875,391.0859375,734.3671875,294.3984375,439.96875
1064,83419.0,83419.1,83243.2,83355.1,44546.0,612.8515625,150.1953125,324.3984375,462.65625,174.203125,288.453125
1065,83365.5,83365.5,83137.7,83245.0,10509.0,1074.859375,73.3046875,204.609375,1001.5546875,131.3046875,870.25
1066,83244.9,83472.3,83217.3,83376.4,11346.0,966.6484375,91.109375,324.296875,875.5390625,233.1875,642.3515625
1067,83379.7,83599.9,83379.7,83593.4,5674.0,355.65625,322.734375,516.828125,32.921875,194.09375,161.171875
1068,83593.4,83810.5,83593.4,83773.3,12094.0,192.4921875,504.6953125,660.09375,312.203125,155.3984375,467.6015625
1069,83778.5,83884.0,83778.5,83853.8,8720.0,-127.6875,593.8828125,682.4765625,721.5703125,88.59375,810.1640625
1070,83856.0,83932.0,83741.5,83919.5,6771.0,-225.3125,337.8046875,708.0,563.1171875,370.1953125,933.3125
1071,83916.6,84107.5,83916.6,84096.0,22793.0,-222.1328125,415.5390625,847.5390625,637.671875,432.0,1069.671875
1072,84094.0,84469.1,84059.2,84469.1,44748.0,-553.7421875,315.21875,1200.53125,868.9609375,885.3125,1754.2734375
1073,84469.1,84537.4,84331.0,84471.8,17837.0,-674.484375,208.015625,1176.921875,882.5,968.90625,1851.40625
1074,84468.2,84514.9,84353.3,84407.5,7191.0,-997.8046875,93.65625,1090.6640625,1091.4609375,997.0078125,2088.46875
1075,84405.0,84594.4,84400.8,84531.8,17853.0,-1092.0234375,25.4140625,1202.1171875,1117.4375,1176.703125,2294.140625
1076,84531.8,84779.9,84531.8,84728.3,10834.0,-907.9609375,-87.8046875,1395.5,820.15625,1483.3046875,2303.4609375
1077,84726.2,84730.2,84553.1,84639.2,8104.0,-1195.8203125,31.4296875,1294.2421875,1227.25,1262.8125,2490.0625
1078,84645.4,84843.4,84645.4,84788.6,6836.0,-1030.2578125,227.4921875,1422.703125,1257.75,1195.2109375,2452.9609375
1079,84802.4,84937.8,84788.9,84921.0,9863.0,-1158.6796875,377.953125,1525.6640625,1536.6328125,1147.7109375,2684.34375
1080,84921.0,84963.5,84713.3,84825.4,29305.0,-1066.859375,429.984375,1401.59375,1496.84375,971.609375,2468.453125
1081,84825.4,84832.5,84578.6,84643.4,31444.0,-885.8515625,458.703125,1182.6171875,1344.5546875,723.9140625,2068.46875
1082,84648.7,84856.0,84635.0,84707.8,12198.0,-1128.1875,583.03125,1194.84375,1711.21875,611.8125,2323.03125
1083,84713.1,84934.3,84713.1,84924.9,22912.0,-667.5859375,888.484375,1344.2890625,1556.0703125,455.8046875,2011.875
1084,84924.9,85000.0,84870.7,84992.2,7445.0,-381.328125,826.640625,1347.046875,1207.96875,520.40625,1728.375
1085,84988.3,85033.8,84865.2,84981.3,7177.0,-285.0,697.65625,1271.453125,982.65625,573.796875,1556.453125
1086,84981.5,85175.3,84981.5,85131.6,10751.0,367.1875,752.5234375,1352.3359375,385.3359375,599.8125,985.1484375
1087,85132.1,85495.4,85088.0,85405.6,32002.0,69.546875,882.5703125,1559.875,813.0234375,677.3046875,1490.328125
1088,85414.1,85414.1,85208.4,85305.7,15830.0,465.6875,742.40625,1408.90625,276.71875,666.5,943.21875
1089,85305.7,85471.1,85301.4,85384.0,5496.0,1148.3671875,840.640625,1436.0390625,307.7265625,595.3984375,287.671875
1090,85383.9,85383.9,85109.7,85229.7,15122.0,1428.90625,904.4453125,1213.15625,524.4609375,308.7109375,215.75
1091,85228.3,85329.5,85143.0,85234.0,10143.0,1522.109375,750.78125,1159.3828125,771.328125,408.6015625,362.7265625
1092,85242.4,85311.9,85073.9,85155.1,14359.0,1822.5625,515.796875,1027.5,1306.765625,511.703125,795.0625
1093,85166.3,85242.2,85024.3,85132.6,10146.0,1569.9765625,519.953125,944.7578125,1050.0234375,424.8046875,625.21875
1094,85162.9,85233.7,85104.3,85130.0,9191.0,1688.7734375,661.3359375,866.4375,1027.4375,205.1015625,822.3359375
1095,85131.1,85316.6,85120.1,85194.0,7822.0,1550.296875,646.7890625,848.578125,903.5078125,201.7890625,701.71875
1096,85201.8,85285.2,85079.0,85131.4,8329.0,1201.6015625,549.0625,699.1640625,652.5390625,150.1015625,502.4375
1097,85160.4,85295.5,84984.1,85144.8,17961.0,1410.625,611.609375,624.8125,799.015625,13.203125,785.8125
1098,85144.8,85407.8,85127.1,85361.0,17528.0,1008.9765625,795.0078125,750.390625,213.96875,44.6171875,258.5859375
1099,85361.0,85448.1,85123.2,85123.2,8249.0,962.875,618.4921875,435.9765625,344.3828125,182.515625,526.8984375
1100,85123.2,85130.6,84951.8,85037.8,10494.0,916.4140625,620.2734375,274.0625,296.140625,346.2109375,642.3515625
1101,85042.0,85250.6,85016.8,85054.9,12391.0,443.96875,400.4609375,225.6484375,43.5078125,174.8125,218.3203125
1102,85063.5,85277.3,85063.5,85188.7,10834.0,324.0625,347.859375,302.5546875,23.796875,45.3046875,21.5078125
1103,85187.8,85337.9,85118.3,85337.9,10198.0,-225.78125,234.6640625,417.453125,460.4453125,182.7890625,643.234375
1104,85346.5,85444.5,85329.2,85392.6,13602.0,-776.5234375,179.109375,439.109375,955.6328125,260.0,1215.6328125
1105,85393.9,85561.9,85319.7,85418.8,11914.0,-1080.84375,140.390625,429.1796875,1221.234375,288.7890625,1510.0234375
1106,85417.8,85429.4,85300.1,85300.4,8748.0,-1213.3203125,171.28125,277.671875,1384.6015625,106.390625,1490.9921875
1107,85300.0,85300.0,85090.5,85152.2,6980.0,-1174.0703125,88.5234375,109.3203125,1262.59375,20.796875,1283.390625
1108,85153.2,85165.3,85047.3,85085.0,10597.0,-642.046875,76.6484375,16.84375,718.6953125,59.8046875,658.890625
1109,85085.0,85226.7,85085.0,85199.7,8634.0,-505.34375,264.2265625,102.921875,769.5703125,161.3046875,608.265625
1110,85195.7,85336.2,85195.7,85319.5,6052.0,-151.5625,16.3203125,212.609375,167.8828125,196.2890625,364.171875
1111,85325.4,85429.3,85285.5,85289.7,7594.0,-202.828125,-79.7109375,172.203125,123.1171875,251.9140625,375.03125
1112,85285.6,85346.4,85205.0,85346.4,5640.0,280.9921875,-83.1875,208.3203125,364.1796875,291.5078125,72.671875
1113,85342.2,85423.8,85333.7,85423.7,8240.0,165.578125,26.5703125,261.578125,139.0078125,235.0078125,96.0
1114,85410.8,85471.1,85387.4,85430.1,7198.0,29.1484375,155.109375,247.328125,125.9609375,92.21875,218.1796875
1115,85426.0,85471.1,85315.3,85394.0,5488.0,124.9921875,189.796875,191.203125,64.8046875,1.40625,66.2109375
1116,85397.6,85463.6,85352.0,85463.6,7635.0,86.109375,194.1171875,238.9296875,108.0078125,44.8125,152.8203125
1117,85471.1,85471.1,85238.8,85252.8,8913.0,36.5703125,67.28125,19.6875,30.7109375,47.59375,16.8828125
1118,85247.5,85285.1,85058.4,85130.4,12347.0,92.125,-68.25,-90.0390625,160.375,21.7890625,182.1640625
1119,85139.0,85276.5,85129.6,85169.9,15130.0,436.796875,-124.40625,-39.5078125,561.203125,84.8984375,476.3046875
1120,85181.6,85200.2,85075.3,85088.0,8698.0,455.1171875,-0.4921875,-112.1953125,455.609375,111.703125,567.3125
1121,85088.0,85200.0,84990.6,85200.0,18433.0,243.8984375,114.8203125,-4.6796875,129.078125,119.5,248.578125
1122,85200.0,85268.6,85181.8,85237.4,5815.0,442.5078125,82.2421875,29.9375,360.265625,52.3046875,412.5703125
1123,85240.1,85268.1,85166.9,85205.4,5931.0,31.8203125,129.375,-11.6328125,97.5546875,141.0078125,43.453125
1124,85198.0,85198.4,85125.6,85172.6,3847.0,-49.21875,192.1171875,-58.9921875,241.3359375,251.109375,9.7734375
1125,85173.4,85384.5,85173.4,85335.4,18953.0,-341.8671875,183.515625,88.8046875,525.3828125,94.7109375,430.671875
1126,85343.1,85349.8,85102.7,85181.6,8900.0,-291.28125,137.4140625,-75.0,428.6953125,212.4140625,216.28125
1127,85186.6,85246.2,85127.0,85230.2,5599.0,-222.375,190.40625,-43.0,412.78125,233.40625,179.375
1128,85224.5,85288.6,85170.3,85281.0,4742.0,-613.8515625,-25.8046875,2.390625,588.046875,28.1953125,616.2421875
1129,85281.0,85355.8,85279.4,85318.8,9746.0,-408.9296875,-136.6640625,51.7265625,272.265625,188.390625,460.65625
1130,85318.7,85318.7,85180.9,85189.8,5384.0,-633.3359375,-99.5,-79.6015625,533.8359375,19.8984375,553.734375
1131,85183.3,85269.7,85161.6,85223.7,6086.0,-741.5,-183.9140625,-48.2109375,557.5859375,135.703125,693.2890625
1132,85222.7,85222.7,85020.0,85020.0,7734.0,-743.2109375,-79.1796875,-259.1640625,664.03125,179.984375,484.046875
1133,85006.4,85052.3,84906.1,84906.1,7145.0,-638.3515625,-44.2109375,-375.5,594.140625,331.2890625,262.8515625
1134,84905.8,84951.2,84779.9,84868.0,12524.0,-141.09375,-69.59375,-406.96875,71.5,337.375,265.875
1135,84860.9,85071.5,84860.9,84990.3,8568.0,-100.5703125,-91.390625,-273.6796875,9.1796875,182.2890625,173.109375
1136,84988.0,84988.0,84879.2,84910.6,8412.0,306.484375,75.578125,-349.203125,230.90625,424.78125,655.6875
1137,84910.7,84992.1,84867.1,84961.3,5568.0,105.53125,-72.2734375,-292.578125,177.8046875,220.3046875,398.109375
1138,84957.2,85017.6,84882.3,84901.1,4003.0,254.609375,-27.5703125,-356.6640625,282.1796875,329.09375,611.2734375
1139,84897.8,84949.5,84831.7,84855.1,9828.0,215.78125,13.421875,-412.46875,202.359375,425.890625,628.25
1140,84871.0,84949.6,84782.5,84790.1,4940.0,311.125,45.2734375,-483.421875,265.8515625,528.6953125,794.546875
1141,84788.3,84808.4,84700.0,84751.4,8883.0,354.78125,-77.25,-515.640625,432.03125,438.390625,870.421875
1142,84754.7,84754.7,84570.5,84612.5,12330.0,221.8359375,-40.0390625,-651.234375,261.875,611.1953125,873.0703125
1143,84604.1,84637.0,84327.4,84423.9,40936.0,634.0234375,-227.421875,-823.5234375,861.4453125,596.1015625,1457.546875
1144,84420.7,84420.7,84208.6,84229.8,10888.0,676.0625,-315.4375,-991.7421875,991.5,676.3046875,1667.8046875
1145,84229.8,84290.6,84004.7,84024.3,17100.0,680.21875,-325.4296875,-1169.1328125,1005.6484375,843.703125,1849.3515625
1146,84012.6,84258.9,83913.9,84150.8,11053.0,831.2109375,-182.953125,-1022.4453125,1014.1640625,839.4921875,1853.65625
1147,84150.8,84159.2,83900.0,83998.3,31858.0,926.0390625,-234.9921875,-1147.3046875,1161.03125,912.3125,2073.34375
1148,83998.4,84009.6,83758.2,83909.4,21347.0,828.0078125,-169.7265625,-1221.625,997.734375,1051.8984375,2049.6328125
1149,83909.5,84162.2,83873.9,84122.5,18923.0,794.3671875,-218.453125,-997.0625,1012.8203125,778.609375,1791.4296875
1150,84122.4,84122.4,83911.3,83937.3,10531.0,540.765625,-248.71875,-1166.53125,789.484375,917.8125,1707.296875
1151,83951.5,84061.3,83783.2,83928.5,11695.0,675.0546875,-298.828125,-1160.421875,973.8828125,861.59375,1835.4765625
1152,83934.7,83934.7,83774.4,83783.4,7850.0,512.015625,-315.09375,-1283.09375,827.109375,968.0,1795.109375
1153,83792.7,83857.4,83586.1,83627.4,36647.0,303.296875,-422.75,-1407.8515625,726.046875,985.1015625,1711.1484375
1154,83623.2,83674.0,83547.0,83663.7,8006.0,218.421875,-572.28125,-1332.46875,790.703125,760.1875,1550.890625
1155,83660.6,83695.7,83545.4,83676.7,7245.0,-147.4296875,-719.2421875,-1272.3359375,571.8125,553.09375,1124.90625
1156,83682.7,83777.7,83607.0,83716.5,13175.0,-46.8671875,-859.1953125,-1166.984375,812.328125,307.7890625,1120.1171875
1157,83715.4,83715.4,83408.4,83449.0,20753.0,-498.828125,-681.1484375,-1382.9375,182.3203125,701.7890625,884.109375
1158,83446.0,83498.2,83387.0,83480.7,13874.0,-512.5234375,-772.0546875,-1289.6328125,259.53125,517.578125,777.109375
1159,83493.3,83525.2,83452.6,83455.1,6233.0,-361.484375,-792.3671875,-1246.65625,430.8828125,454.2890625,885.171875
1160,83471.8,83471.8,83291.7,83334.0,12585.0,-373.421875,-519.453125,-1307.9375,146.03125,788.484375,934.515625
1161,83342.4,83617.9,83325.6,83576.7,11625.0,-452.78125,-642.03125,-1002.609375,189.25,360.578125,549.828125
1162,83584.9,83594.5,83415.2,83489.9,7671.0,-580.8828125,-586.0625,-1024.6484375,5.1796875,438.5859375,443.765625
1163,83460.4,83604.4,83436.0,83525.7,6586.0,-66060.703125,-669.3359375,-927.0234375,65391.3671875,257.6875,65133.6796875
1164,83525.8,83653.4,83477.7,83620.6,9151.0,-70561.140625,-761.40625,-768.1875,69799.734375,6.78125,69792.953125
1165,83629.0,83964.9,83580.7,83882.4,25524.0,-68149.8359375,-664.8828125,-446.1796875,67484.953125,218.703125,67703.65625
1166,83890.1,83915.8,83752.2,83793.9,9105.0,-65372.7734375,-586.203125,-469.0078125,64786.5703125,117.1953125,64903.765625
1167,83798.6,83938.7,83798.5,83880.9,12169.0,-59270.90625,-486.703125,-322.3046875,58784.203125,164.3984375,58948.6015625
1168,83881.0,84189.7,83881.0,84072.7,17582.0,-58056.46875,-678.5859375,-54.8828125,57377.8828125,623.703125,58001.5859375
1169,84072.6,84110.0,83977.5,84070.0,8548.0,-50381.0625,-575.859375,13.421875,49805.203125,589.28125,50394.484375
1170,84066.4,84172.1,83973.2,84144.1,11358.0,-40874.3203125,-531.453125,157.5234375,40342.8671875,688.9765625,41031.84375
1171,84139.7,84290.6,84139.7,84254.7,9421.0,-45364.23046875,-579.7421875,340.9375,44784.48828125,920.6796875,45705.16796875
1172,84258.5,84413.2,84225.4,84413.2,12062.0,-41174.3125,-278.3125,558.171875,40896.0,836.484375,41732.484375
1173,84413.2,84433.4,84171.6,84195.6,15662.0,-36652.55859375,-308.9765625,396.703125,36343.58203125,705.6796875,37049.26171875
1174,84200.2,84304.5,84200.2,84296.3,3366.0,-19822.35546875,-228.265625,542.3125,19594.08984375,770.578125,20364.66796875
1175,84296.4,84338.8,84269.6,84338.8,8487.0,-27924.83984375,-102.9140625,615.265625,27821.92578125,718.1796875,28540.10546875
1176,84347.4,84581.3,84347.4,84485.4,12701.0,-25901.466796875,165.9765625,768.96875,26067.443359375,602.9921875,26670.435546875
1177,84487.4,84546.4,84484.0,84509.9,5394.0,-20399.509765625,95.3125,811.3125,20494.822265625,716.0,21210.822265625
1178,84509.9,84590.6,84498.0,84536.8,6268.0,-14857.830078125,188.1875,844.078125,15046.017578125,655.890625,15701.908203125
1179,84533.6,84566.9,84485.3,84517.0,5349.0,-14838.150390625,371.828125,816.1171875,15209.978515625,444.2890625,15654.267578125
1180,84524.8,84553.9,84337.7,84382.3,14614.0,-6141.9951171875,371.75,684.0390625,6513.7451171875,312.2890625,6826.0341796875
1181,84392.1,84400.7,84168.8,84349.4,33939.0,-6404.7001953125,435.5,640.8046875,6840.2001953125,205.3046875,7045.5048828125
1182,84365.0,84388.0,84278.7,84349.9,6606.0,1803.35009765625,529.796875,624.9921875,1273.55322265625,95.1953125,1178.35791015625
1183,84345.6,84472.3,84345.6,84462.4,5434.0,-2511.0,656.8046875,706.0,3167.8046875,49.1953125,3217.0
1184,84465.5,84531.8,84428.4,84529.1,16535.0,-1020.75,410.7890625,744.2890625,1431.5390625,333.5,1765.0390625
1185,84532.3,84587.4,84397.0,84448.4,7372.0,-2480.0,479.8515625,631.9609375,2959.8515625,152.109375,3111.9609375
1186,84452.6,84506.9,84426.9,84432.8,6998.0,-2657.9501953125,489.2578125,583.2578125,3147.2080078125,94.0,3241.2080078125
1187,84436.5,84559.0,84403.6,84559.0,5150.0,5006.0498046875,597.40625,671.015625,4408.6435546875,73.609375,4335.0341796875
1188,84559.0,85041.7,84547.6,84927.3,23950.0,1276.64990234375,568.859375,986.2734375,707.79052734375,417.4140625,290.37646484375
1189,84929.4,85082.1,84766.9,84804.0,12416.0,-5102.25,542.9609375,810.171875,5645.2109375,267.2109375,5912.421875
1190,84803.0,85016.3,84803.0,84878.2,11871.0,2823.2998046875,470.0703125,831.28125,2353.2294921875,361.2109375,1992.0185546875
1191,84877.0,84977.4,84773.4,84844.7,7295.0,6980.10009765625,282.9453125,745.375,6697.15478515625,462.4296875,6234.72509765625
1192,84851.2,84856.0,84676.1,84707.5,12813.0,-3475.9501953125,211.4140625,569.53125,3687.3642578125,358.1171875,4045.4814453125
1193,84720.3,84870.1,84720.3,84795.0,5609.0,-3139.60009765625,168.9140625,614.0234375,3308.51416015625,445.109375,3753.62353515625
1194,84777.9,84777.9,84558.1,84683.4,7423.0,1140.69970703125,234.578125,455.59375,906.12158203125,221.015625,685.10595703125
1195,84666.5,84714.0,84598.9,84711.8,5164.0,-4151.4501953125,255.859375,438.5625,4407.3095703125,182.703125,4590.0126953125
1196,84707.5,84745.1,84601.9,84646.0,5867.0,-3192.7001953125,146.8515625,344.46875,3339.5517578125,197.6171875,3537.1689453125
1197,84645.3,84657.8,84504.9,84595.3,6202.0,998.75,99.3046875,261.8203125,899.4453125,162.515625,736.9296875
1198,84584.1,84642.0,84556.9,84621.6,3858.0,-3458.2001953125,191.6015625,254.21875,3649.8017578125,62.6171875,3712.4189453125
1199,84612.8,84636.4,84562.6,84574.1,6899.0,-864.25,517.1796875,163.9921875,1381.4296875,353.1875,1028.2421875
1200,84579.3,84653.4,84561.3,84595.8,4130.0,1605.25,357.1796875,148.984375,1248.0703125,208.1953125,1456.265625
1201,84601.0,84657.3,84428.3,84428.3,6261.0,10246.599609375,394.6796875,-55.2265625,9851.919921875,449.90625,10301.826171875
1202,84432.6,84573.7,84432.6,84560.2,7631.0,10503.44921875,331.6796875,47.1875,10171.76953125,284.4921875,10456.26171875
1203,84547.6,84699.9,84523.2,84684.8,5995.0,7972.0498046875,179.7734375,157.0625,7792.2763671875,22.7109375,7814.9873046875
1204,84689.0,84767.0,84628.4,84749.9,10380.0,-3801.4501953125,237.3046875,192.1953125,4038.7548828125,45.109375,3993.6455078125
1205,84752.5,84798.4,84665.3,84666.3,4803.0,702.14990234375,106.34375,89.234375,595.80615234375,17.109375,612.91552734375
1206,84668.5,84668.5,84573.8,84594.9,4486.0,-4801.55029296875,116.0859375,-0.8125,4917.63623046875,116.8984375,4800.73779296875
1207,84603.5,84632.9,84568.0,84579.0,5117.0,197.7998046875,42.265625,-24.7421875,155.5341796875,67.0078125,222.5419921875
1208,84574.0,84622.8,84543.6,84622.8,4226.0,556.5498046875,-12.7109375,14.78125,569.2607421875,27.4921875,541.7685546875
1209,84622.8,84838.7,84622.8,84818.8,6063.0,18306.5,9.3515625,206.546875,18297.1484375,197.1953125,18099.953125
1210,84823.0,84893.5,84713.3,84753.6,5369.0,11569.6494140625,-41.0078125,138.4921875,11610.6572265625,179.5,11431.1572265625
1211,84753.5,84787.4,84651.2,84735.2,7993.0,878.099609375,-29.9765625,109.421875,908.076171875,139.3984375,768.677734375
1212,84736.2,84751.3,84611.1,84628.1,3401.0,716.3994140625,-201.421875,-1.625,917.8212890625,199.796875,718.0244140625
1213,84619.0,84619.0,84500.1,84528.5,5541.0,-6579.650390625,-80.0390625,-111.734375,6499.611328125,31.6953125,6467.916015625
1214,84515.0,84601.6,84491.5,84564.8,4341.0,-4980.2998046875,33.4296875,-86.5625,5013.7294921875,119.9921875,4893.7373046875
1215,84560.6,84560.6,84477.0,84550.4,4307.0,-1240.8505859375,87.4921875,-112.0,1328.3427734375,199.4921875,1128.8505859375
1216,84559.1,84682.5,84556.3,84682.5,3839.0,-3192.400390625,-7.0078125,9.203125,3185.392578125,16.2109375,3201.603515625
1217,84686.6,84718.5,84635.9,84718.5,4857.0,-5153.3505859375,-86.515625,37.109375,5066.8349609375,123.625,5190.4599609375
1218,84709.0,84710.8,84545.8,84555.3,3550.0,-1923.3505859375,-103.40625,-127.1015625,1819.9443359375,23.6953125,1796.2490234375
1219,84571.0,84762.2,84567.1,84759.5,4013.0,-4952.0,-44.3828125,92.328125,4907.6171875,136.7109375,5044.328125
1220,84759.5,84912.6,84702.4,84889.8,5755.0,-3854.6005859375,150.8671875,221.8828125,4005.4677734375,71.015625,4076.4833984375
1221,84896.8,84968.5,84896.8,84961.3,5503.0,-3768.8505859375,91.9140625,299.6171875,3860.7646484375,207.703125,4068.4677734375
1222,84960.5,85023.8,84845.7,84852.6,7672.0,-6000.3505859375,78.9921875,196.390625,6079.3427734375,117.3984375,6196.7412109375
1223,84871.0,84892.0,84759.8,84883.9,8826.0,-4514.2001953125,-24.140625,231.65625,4490.0595703125,255.796875,4745.8564453125
1224,84884.9,84952.4,84811.6,84914.5,4672.0,-2375.60009765625,-110.4140625,275.578125,2265.18603515625,385.9921875,2651.17822265625
1225,84901.7,85024.2,84901.7,84973.7,4123.0,-3486.5,-68.1875,340.71875,3418.3125,408.90625,3827.21875
1226,84970.0,85009.0,84947.1,84955.7,3577.0,-4627.25,-74.515625,330.78125,4552.734375,405.296875,4958.03125
1227,84969.0,84973.7,84936.4,84937.4,2647.0,-3826.2001953125,55.7578125,310.65625,3881.9580078125,254.8984375,4136.8564453125
1228,84937.3,84937.3,84827.7,84882.3,4596.0,-3140.4501953125,85.6015625,249.390625,3226.0517578125,163.7890625,3389.8408203125
1229,84882.2,84925.0,84868.6,84895.3,4052.0,3231.19970703125,-74.2890625,265.7109375,3305.48876953125,340.0,2965.48876953125
1230,84895.3,84998.5,84866.9,84877.4,5019.0,1795.7998046875,120.6484375,238.5390625,1675.1513671875,117.890625,1557.2607421875
1231,84888.3,84905.0,84702.6,84719.9,7820.0,10794.44921875,236.2421875,66.34375,10558.20703125,169.8984375,10728.10546875
1232,84719.9,84799.6,84676.5,84744.1,7162.0,-2265.85009765625,281.09375,63.8984375,2546.94384765625,217.1953125,2329.74853515625
1233,84742.8,84769.3,84649.4,84658.7,5654.0,-2843.0,157.78125,-36.125,3000.78125,193.90625,2806.875
1234,84647.0,84680.1,84620.4,84639.7,3991.0,-3377.0,179.125,-65.0703125,3556.125,244.1953125,3311.9296875
1235,84639.8,84730.1,84639.8,84730.1,6066.0,-2807.7001953125,201.484375,17.0859375,3009.1845703125,184.3984375,2824.7861328125
1236,84732.8,84841.4,84732.8,84758.0,4764.0,-2768.80029296875,245.3203125,29.6171875,3014.12060546875,215.703125,2798.41748046875
1237,84757.9,84819.6,84709.7,84816.7,4422.0,-1883.30029296875,209.2734375,70.28125,2092.57373046875,138.9921875,1953.58154296875
1238,84819.6,84872.1,84814.6,84855.0,3554.0,-1833.10009765625,173.0546875,90.65625,2006.15478515625,82.3984375,1923.75634765625
1239,84850.0,84855.7,84745.7,84745.7,4365.0,-1670.80029296875,104.9765625,-31.6171875,1775.77685546875,136.59375,1639.18310546875
1240,84744.6,84772.2,84679.9,84681.8,6231.0,-1913.80029296875,114.1484375,-99.34375,2027.94873046875,213.4921875,1814.45654296875
1241,84682.2,84696.8,84600.0,84659.2,4135.0,-674.30029296875,90.0625,-128.1328125,764.36279296875,218.1953125,546.16748046875
1242,84666.3,84700.8,84633.6,84657.1,4495.0,-2024.0,-66.6640625,-129.46875,1957.3359375,62.8046875,1894.53125
1243,84657.4,84657.4,84437.4,84445.4,12001.0,12565.94921875,-48.265625,-346.96875,12614.21484375,298.703125,12912.91796875
1244,84445.5,84470.5,84350.9,84440.0,5845.0,-1814.30029296875,-140.1640625,-358.875,1674.13623046875,218.7109375,1455.42529296875
1245,84447.1,84447.3,84342.6,84383.2,10287.0,-2802.55029296875,-162.9140625,-419.421875,2639.63623046875,256.5078125,2383.12841796875
1246,84378.9,84403.2,84241.3,84274.8,6575.0,-2568.7001953125,-81.5078125,-536.8125,2487.1923828125,455.3046875,2031.8876953125
1247,84270.6,84367.3,84225.5,84367.2,6615.0,-854.05029296875,-57.375,-448.1875,796.67529296875,390.8125,405.86279296875
1248,84367.2,84430.8,84293.0,84388.3,8113.0,0.94970703125,-3.5859375,-432.0,4.53564453125,428.4140625,432.94970703125
1249,84388.2,84442.1,84332.8,84377.2,4869.0,-1489.64990234375,19.7265625,-458.0859375,1509.37646484375,477.8125,1031.56396484375
1250,84369.0,84404.5,84304.8,84324.8,6715.0,5309.85009765625,-88.8828125,-509.8046875,5398.73291015625,420.921875,5819.65478515625
1251,84316.3,84316.3,84249.3,84256.0,5524.0,337.64990234375,-142.390625,-568.1953125,480.04052734375,425.8046875,905.84521484375
1252,84250.1,84307.1,84178.8,84238.0,9858.0,-302.64990234375,-149.8828125,-571.0859375,152.76708984375,421.203125,268.43603515625
1253,84240.4,84240.4,84116.7,84120.3,4542.0,3807.14990234375,-142.203125,-679.015625,3949.35302734375,536.8125,4486.16552734375
1254,84117.0,84193.2,84063.2,84170.8,5030.0,628.44970703125,-331.984375,-606.59375,960.43408203125,274.609375,1235.04345703125
1255,84176.1,84361.3,84176.1,84345.3,4132.0,-260.80029296875,-313.65625,-408.375,52.85595703125,94.71875,147.57470703125
1256,84345.3,84359.7,84245.5,84254.0,5754.0,-2015.89990234375,-340.9296875,-470.140625,1674.97021484375,129.2109375,1545.75927734375
1257,84254.1,84266.7,84165.4,84204.8,2063.0,-436.9501953125,-415.2890625,-485.2890625,21.6611328125,70.0,48.3388671875
1258,84226.0,84268.1,84196.0,84207.2,3810.0,1815.75,-294.375,-454.375,2110.125,160.0,2270.125
1259,84188.2,84224.2,84179.5,84209.9,3738.0,3253.25,-248.5859375,-426.984375,3501.8359375,178.3984375,3680.234375
1260,84202.7,84268.2,84175.1,84237.9,6033.0,-1656.75,-233.78125,-373.078125,1422.96875,139.296875,1283.671875
1261,84234.1,84366.1,84194.6,84335.2,5805.0,-2397.60009765625,-258.5625,-248.140625,2139.03759765625,10.421875,2149.45947265625
1262,84335.2,84340.4,84206.4,84239.7,8218.0,-2932.0,-304.1640625,-320.4453125,2627.8359375,16.28125,2611.5546875
1263,84239.6,84345.5,84214.1,84315.6,7880.0,2945.39990234375,-296.859375,-219.2421875,3242.25927734375,77.6171875,3164.64208984375
1264,84320.8,84320.8,84181.8,84186.3,3710.0,-2087.75,-387.6328125,-321.625,1700.1171875,66.0078125,1766.125
1265,84182.0,84194.1,84034.7,84063.0,19380.0,555957.5,-313.6875,-421.4765625,556271.1875,107.7890625,556378.9765625
1266,84063.1,84101.4,84000.2,84000.2,12074.0,29088.0,-119.9453125,-465.03125,29207.9453125,345.0859375,29553.03125
1267,84000.0,84074.3,83904.3,83904.3,9397.0,-5424.25,-186.046875,-535.734375,5238.203125,349.6875,4888.515625
1268,83900.0,83929.4,83857.1,83916.3,8282.0,-15553.19921875,-204.65625,-493.1328125,15348.54296875,288.4765625,15060.06640625
1269,83933.1,83933.1,83883.7,83920.2,6761.0,-27244.80078125,-169.859375,-456.84375,27074.94140625,286.984375,26787.95703125
1270,83919.3,84011.8,83919.3,84011.8,17995.0,-27769.94921875,-140.375,-338.4609375,27629.57421875,198.0859375,27431.48828125
1271,84011.9,84094.0,84011.9,84092.7,4472.0,-26147.25,-90.1796875,-235.359375,26057.0703125,145.1796875,25911.890625
1272,84092.6,84344.8,84090.7,84217.9,10984.0,-33119.05078125,23.328125,-93.96875,33142.37890625,117.296875,33025.08203125
1273,84214.3,84214.3,84078.0,84117.3,6081.0,-32274.5,-51.3046875,-173.7109375,32223.1953125,122.40625,32100.7890625
1274,84121.5,84198.6,84121.5,84192.3,3944.0,-22157.30078125,31.0859375,-92.21875,22188.38671875,123.3046875,22065.08203125
1275,84207.3,84212.4,84004.8,84004.8,13441.0,-25858.94921875,-85.53125,-267.03125,25773.41796875,181.5,25591.91796875
1276,83992.1,83996.7,83929.0,83961.3,6353.0,-37241.80078125,-192.8125,-294.5234375,37048.98828125,101.7109375,36947.27734375
1277,83966.4,83971.6,83877.7,83931.0,4186.0,-35822.0,-241.8828125,-311.09375,35580.1171875,69.2109375,35510.90625
1278,83914.8,83940.5,83848.1,83859.0,4120.0,-27021.3515625,-314.6328125,-359.9453125,26706.71875,45.3125,26661.40625
1279,83850.6,83892.0,83769.8,83826.0,7933.0,-26422.69921875,-279.0390625,-369.3359375,26143.66015625,90.296875,26053.36328125
1280,83822.0,83848.0,83750.0,83818.8,6358.0,-37528.05078125,-252.2734375,-353.6875,37275.77734375,101.4140625,37174.36328125
1281,83820.1,83849.7,83779.1,83828.8,7407.0,-24000.44921875,-145.0390625,-328.03125,23855.41015625,182.9921875,23672.41796875
1282,83828.6,83891.3,83780.3,83853.9,7302.0,-37511.80078125,-55.96875,-294.7734375,37455.83203125,238.8046875,37217.02734375
1283,83843.7,83866.5,83708.9,83713.4,5583.0,-40939.05078125,70.234375,-434.2734375,41009.28515625,504.5078125,40504.77734375
1284,83713.3,83713.3,83641.8,83693.4,6586.0,-38615.6015625,-30.21875,-454.1171875,38585.3828125,423.8984375,38161.484375
1285,83700.0,83852.0,83700.0,83848.3,8200.0,-6911.25,43.703125,-300.2890625,6954.953125,343.9921875,6610.9609375
1286,83855.8,83905.9,83831.3,83862.8,3187.0,-7338.2998046875,-126.78125,-268.765625,7211.5185546875,141.984375,7069.5341796875
1287,83872.8,83872.9,83650.6,83650.6,4158.0,8767.2001953125,-155.640625,-466.3203125,8922.8408203125,310.6796875,9233.5205078125
1288,83650.5,83652.1,83588.0,83647.7,5952.0,9713.25,-172.25,-455.53125,9885.5,283.28125,10168.78125
1289,83645.7,83645.7,83500.1,83538.1,5771.0,6263.9501953125,-226.8359375,-547.7265625,6490.7861328125,320.890625,6811.6767578125
1290,83535.1,83580.0,83469.8,83503.7,7573.0,-1138.3505859375,-240.6484375,-562.9296875,897.7021484375,322.28125,575.4208984375
1291,83513.7,83580.8,83482.9,83560.0,4075.0,1794.3994140625,-226.890625,-485.671875,2021.2900390625,258.78125,2280.0712890625
1292,83558.1,83583.9,83455.7,83472.6,4779.0,-3647.5498046875,-191.5703125,-547.7578125,3455.9794921875,356.1875,3099.7919921875
1293,83475.7,83697.7,83460.8,83697.7,7239.0,8954.7001953125,-147.1796875,-303.3671875,9101.8798828125,156.1875,9258.0673828125
1294,83699.2,83728.7,83561.3,83568.8,3836.0,-5014.400390625,-257.5625,-402.15625,4756.837890625,144.59375,4612.244140625
1295,83575.0,83868.0,83575.0,83768.7,8085.0,43953.25,-252.9296875,-177.609375,44206.1796875,75.3203125,44130.859375
1296,83759.3,83801.6,83697.5,83736.2,8254.0,16788.80078125,-87.2890625,-199.375,16876.08984375,112.0859375,16988.17578125
1297,83733.7,83895.9,83695.4,83895.1,5175.0,-2704.6005859375,-65.9140625,-33.6015625,2638.6865234375,32.3125,2670.9990234375
1298,83895.1,84172.5,83887.2,84172.5,15440.0,-6590.4501953125,-265.421875,256.484375,6325.0283203125,521.90625,6846.9345703125
1299,84172.5,84198.5,84014.1,84014.1,18881.0,158.599609375,-254.890625,111.5078125,413.490234375,366.3984375,47.091796875
1300,83997.4,84091.5,83936.3,84091.5,5203.0,-2301.7001953125,-345.3828125,208.0078125,1956.3173828125,553.390625,2509.7080078125
1301,84094.7,84191.0,84042.3,84116.6,5684.0,-4030.75,-354.3828125,258.5078125,3676.3671875,612.890625,4289.2578125
1302,84106.1,84192.9,84071.6,84071.6,3578.0,12020.75,-271.4453125,240.1484375,12292.1953125,511.59375,11780.6015625
1303,84067.3,84262.1,84000.0,84188.2,5813.0,7906.298828125,-321.578125,394.0078125,8227.876953125,715.5859375,7512.291015625
1304,84184.0,84268.3,84160.8,84247.8,6726.0,-12456.900390625,-75.5,474.578125,12381.400390625,550.078125,12931.478515625
1305,84253.9,84347.9,84232.0,84289.8,12553.0,-9656.25,-173.2265625,547.7578125,9483.0234375,720.984375,10204.0078125
1306,84291.0,84482.7,84288.8,84477.0,6928.0,-12393.75,38.4765625,746.765625,12432.2265625,708.2890625,13140.515625
1307,84474.3,84572.8,84359.7,84463.5,12104.0,-5756.849609375,17.234375,744.515625,5774.083984375,727.28125,6501.365234375
1308,84491.5,84593.8,84445.5,84593.8,5926.0,20094.150390625,177.921875,876.6015625,19916.228515625,698.6796875,19217.548828125
1309,84594.3,84657.3,84538.5,84556.0,6393.0,-11648.701171875,439.65625,823.140625,12088.357421875,383.484375,12471.841796875
1310,84561.0,84644.8,84352.5,84355.3,17323.0,-11995.599609375,271.859375,613.03125,12267.458984375,341.171875,12608.630859375
1311,84363.8,84549.6,84358.7,84520.5,3899.0,-4985.75,335.609375,764.59375,5321.359375,428.984375,5750.34375
1312,84505.5,84545.4,84432.1,84432.1,5541.0,-13643.30078125,346.3203125,661.8046875,13989.62109375,315.484375,14305.10546875
1313,84428.9,84500.3,84385.7,84385.7,5566.0,-10822.7998046875,290.4296875,604.5234375,11113.2294921875,314.09375,11427.3232421875
1314,84385.6,84501.2,84352.7,84491.3,7929.0,-9614.150390625,383.2890625,686.375,9997.439453125,303.0859375,10300.525390625
1315,84491.4,84517.3,84240.4,84367.0,27198.0,-5551.0498046875,415.1640625,534.3671875,5966.2138671875,119.203125,6085.4169921875
1316,84371.1,84579.1,84371.1,84566.3,16838.0,-3568.900390625,435.0859375,711.59375,4003.986328125,276.5078125,4280.494140625
1317,84566.3,84657.5,84500.1,84637.2,28911.0,-5074.8505859375,591.5703125,751.78125,5666.4208984375,160.2109375,5826.6318359375
1318,84637.2,84641.0,84500.1,84533.7,4804.0,-7101.2001953125,537.4296875,607.640625,7638.6298828125,70.2109375,7708.8408203125
1319,84531.4,84644.5,84385.1,84562.9,35778.0,19324.94921875,620.421875,589.5390625,18704.52734375,30.8828125,18735.41015625
1320,84565.2,84628.1,84510.1,84607.1,9880.0,3980.7001953125,531.7265625,582.84375,3448.9736328125,51.1171875,3397.8564453125
1321,84624.0,84749.9,84624.0,84645.2,13423.0,-534.5498046875,288.4453125,578.3671875,822.9951171875,289.921875,1112.9169921875
1322,84645.2,84691.3,84599.5,84624.6,6810.0,136.099609375,405.625,509.7421875,269.525390625,104.1171875,373.642578125
1323,84623.4,84623.4,84466.6,84474.4,7868.0,176996.25,269.25,311.5625,176727.0,42.3125,176684.6875
1324,84473.5,84506.1,84339.1,84506.1,8344.0,17191.650390625,188.453125,308.859375,17003.197265625,120.40625,16882.791015625
1325,84501.9,84535.7,84425.5,84470.1,5125.0,7661.900390625,247.921875,226.7421875,7413.978515625,21.1796875,7435.158203125
1326,84473.0,84624.4,84473.0,84570.9,5409.0,37615.69921875,93.7109375,297.6171875,37521.98828125,203.90625,37318.08203125
1327,84573.3,84586.9,84510.2,84570.1,5718.0,-1337.150390625,251.5,255.3203125,1588.650390625,3.8203125,1592.470703125
1328,84577.4,84577.4,84502.7,84553.3,5204.0,-11310.701171875,285.3046875,201.40625,11596.005859375,83.8984375,11512.107421875
1329,84557.5,84573.1,84470.5,84474.8,3454.0,-19208.75,163.7421875,104.84375,19372.4921875,58.8984375,19313.59375
1330,84494.4,84595.0,84459.5,84595.0,3585.0,-17208.400390625,165.5078125,197.609375,17373.908203125,32.1015625,17406.009765625
1331,84595.0,84641.1,84520.0,84520.0,5515.0,-16818.55078125,183.9296875,96.828125,17002.48046875,87.1015625,16915.37890625
1332,84520.0,84540.0,84436.8,84531.9,2068.0,-11093.30078125,195.6015625,82.2890625,11288.90234375,113.3125,11175.58984375
1333,84528.5,84623.9,84528.5,84593.7,5397.0,-18340.599609375,147.359375,116.4453125,18487.958984375,30.9140625,18457.044921875
1334,84593.8,84623.9,84580.6,84607.0,2500.0,-17584.201171875,-17.15625,115.4296875,17567.044921875,132.5859375,17699.630859375
1335,84602.0,84632.5,84525.2,84525.2,4342.0,-16744.849609375,1.6328125,20.71875,16746.482421875,19.0859375,16765.568359375
1336,84495.7,84515.5,84416.9,84435.8,6431.0,12534.599609375,-43.390625,-77.703125,12577.990234375,34.3125,12612.302734375
1337,84437.8,84583.7,84433.5,84583.7,3990.0,-20104.201171875,52.71875,65.515625,20156.919921875,12.796875,20169.716796875
1338,84585.3,84629.4,84440.0,84440.0,3820.0,-16040.30078125,46.59375,-83.515625,16086.89453125,130.109375,15956.78515625
1339,84434.2,84550.9,84434.2,84512.1,3444.0,-20852.701171875,31.8046875,-9.390625,20884.505859375,41.1953125,20843.310546875
1340,84500.1,84700.0,84494.2,84683.0,7857.0,-14149.849609375,-42.6328125,165.578125,14107.216796875,208.2109375,14315.427734375
1341,84682.9,84757.3,84664.2,84722.2,6431.0,-15809.951171875,65.578125,192.7890625,15875.529296875,127.2109375,16002.740234375
1342,84732.9,84821.9,84731.4,84813.0,6394.0,-21904.55078125,-9.3984375,283.609375,21895.15234375,293.0078125,22188.16015625
1343,84816.3,84884.7,84795.9,84873.6,6753.0,-10122.951171875,-2.484375,339.2265625,10120.466796875,341.7109375,10462.177734375
1344,84876.0,84882.6,84729.1,84737.6,5693.0,-7859.75,48.921875,192.8203125,7908.671875,143.8984375,8052.5703125
1345,84741.8,84950.0,84732.4,84931.7,23302.0,-9907.150390625,56.4296875,381.140625,9963.580078125,324.7109375,10288.291015625
1346,84926.2,84950.0,84926.2,84930.6,3691.0,-6702.0498046875,-33.2890625,372.125,6668.7607421875,405.4140625,7074.1748046875
1347,84930.5,84976.9,84930.5,84946.3,2009.0,-1894.5498046875,-116.1640625,394.34375,1778.3857421875,510.5078125,2288.8935546875
1348,84946.2,84959.3,84922.1,84943.4,2789.0,-2225.7001953125,34.421875,394.1171875,2260.1220703125,359.6953125,2619.8173828125
1349,84943.5,84987.6,84943.5,84951.5,3120.0,610.7998046875,-104.59375,406.90625,715.3935546875,511.5,203.8935546875
1350,84951.6,84976.7,84937.7,84976.7,4769.0,2257.1494140625,-29.953125,434.6484375,2287.1025390625,464.6015625,1822.5009765625
1351,84986.9,85033.2,84976.6,85021.0,3567.0,6997.8994140625,137.1484375,475.1484375,6860.7509765625,338.0,6522.7509765625
1352,85023.1,85095.1,84998.7,85054.4,7024.0,14418.7998046875,172.5078125,504.6953125,14246.2919921875,332.1875,13914.1044921875
1353,85060.0,85060.0,84988.0,84991.1,5809.0,-2410.8505859375,253.890625,431.984375,2664.7412109375,178.09375,2842.8349609375
1354,84995.0,84995.0,84926.9,84981.1,6869.0,530.2998046875,294.5234375,402.0234375,235.7763671875,107.5,128.2763671875
1355,84986.9,85125.0,84986.9,85079.5,4883.0,-751.6005859375,146.953125,488.84375,898.5537109375,341.890625,1240.4443359375
1356,85078.9,85287.3,85078.9,85214.9,12182.0,3764.0,317.9765625,601.1640625,3446.0234375,283.1875,3162.8359375
1357,85207.9,85207.9,85091.6,85125.2,5917.0,8931.849609375,298.890625,493.4765625,8632.958984375,194.5859375,8438.373046875
1358,85123.3,85191.3,85115.6,85191.3,3562.0,7664.1494140625,295.7734375,540.765625,7368.3759765625,244.9921875,7123.3837890625
1359,85203.1,85266.4,85172.5,85266.3,7952.0,-4977.1005859375,273.3671875,596.265625,5250.4677734375,322.8984375,5573.3662109375
1360,85266.3,85335.9,85224.6,85314.8,4649.0,-1722.0498046875,257.6328125,620.9296875,1979.6826171875,363.296875,2342.9794921875
1361,85314.7,85327.6,85257.9,85290.8,5677.0,27306.05078125,263.7421875,577.84375,27042.30859375,314.1015625,26728.20703125
1362,85284.2,85385.0,85284.2,85349.3,4114.0,-663.5,282.9921875,611.2890625,946.4921875,328.296875,1274.7890625
1363,85349.3,85349.4,85323.7,85337.2,2560.0,-3248.2998046875,290.265625,573.078125,3538.5654296875,282.8125,3821.3779296875
1364,85337.2,85337.2,85219.7,85247.9,5227.0,-3518.8505859375,207.1015625,463.90625,3725.9521484375,256.8046875,3982.7568359375
1365,85249.9,85259.9,85178.6,85204.9,5217.0,-574.75,178.390625,402.1953125,753.140625,223.8046875,976.9453125
1366,85204.9,85235.3,85140.2,85140.2,4989.0,-158.150390625,249.078125,309.78125,407.228515625,60.703125,467.931640625
1367,85140.2,85235.6,85140.2,85232.7,4661.0,3575.1494140625,345.5234375,363.328125,3229.6259765625,17.8046875,3211.8212890625
1368,85230.2,85332.6,85230.2,85308.8,3567.0,118.1494140625,228.75,412.34375,110.6005859375,183.59375,294.1943359375
1369,85308.7,85325.6,85247.1,85272.4,7719.0,-4704.3505859375,257.2734375,338.3828125,4961.6240234375,81.109375,5042.7333984375
1370,85272.4,85299.3,85242.7,85271.8,3274.0,-5473.2998046875,294.5703125,300.078125,5767.8701171875,5.5078125,5773.3779296875
1371,85271.7,85385.0,85263.6,85385.0,9905.0,-1140.8505859375,311.4765625,381.703125,1452.3271484375,70.2265625,1522.5537109375
1372,85396.3,85402.3,85347.9,85376.7,7416.0,20919.25,259.0546875,344.9765625,20660.1953125,85.921875,20574.2734375
1373,85376.6,85376.6,85336.1,85336.1,2453.0,-7193.5,290.7421875,277.5546875,7484.2421875,13.1875,7471.0546875
1374,85340.3,85340.3,85214.1,85227.1,3585.0,5090.25,255.4609375,145.3671875,4834.7890625,110.09375,4944.8828125
1375,85232.9,85265.0,85131.3,85150.6,4884.0,-8552.1005859375,140.640625,43.3671875,8692.7412109375,97.2734375,8595.4677734375
1376,85156.9,85264.9,85137.6,85233.7,4093.0,-2685.75,83.984375,112.8046875,2769.734375,28.8203125,2798.5546875
1377,85217.6,85250.2,85187.9,85187.9,3042.0,3140.849609375,8.8125,56.515625,3132.037109375,47.703125,3084.333984375
1378,85188.0,85219.6,85140.7,85146.9,5387.0,-7273.3505859375,86.9921875,1.1875,7360.3427734375,85.8046875,7274.5380859375
1379,85147.0,85168.0,85123.9,85168.0,3676.0,7953.75,144.8046875,4.0234375,7808.9453125,140.78125,7949.7265625
1380,85173.0,85201.1,85145.5,85175.5,2938.0,531.2998046875,92.3671875,-4.5234375,438.9326171875,96.890625,535.8232421875
1381,85175.4,85308.7,85175.4,85271.4,3374.0,-3685.5,77.015625,76.6171875,3762.515625,0.3984375,3762.1171875
1382,85275.7,85346.8,85275.7,85335.1,4547.0,3415.349609375,172.0234375,122.1171875,3243.326171875,49.90625,3293.232421875
1383,85331.1,85396.9,85307.4,85363.7,5691.0,-3951.0498046875,147.6171875,134.6015625,4098.6669921875,13.015625,4085.6513671875
1384,85363.6,85363.6,85312.6,85317.6,2770.0,-3616.5498046875,89.765625,71.2578125,3706.3154296875,18.5078125,3687.8076171875
1385,85312.7,85317.4,85182.3,85182.4,4293.0,-5750.7001953125,-31.53125,-76.2421875,5719.1689453125,44.7109375,5674.4580078125
1386,85182.3,85314.3,85164.8,85314.3,6325.0,-1581.4501953125,-111.5859375,52.09375,1469.8642578125,163.6796875,1633.5439453125
1387,85318.0,85318.0,85226.7,85286.0,4384.0,-7403.150390625,-29.4296875,22.859375,7373.720703125,52.2890625,7426.009765625
1388,85277.4,85298.6,85251.3,85282.4,2589.0,-8092.75,-78.3671875,16.125,8014.3828125,94.4921875,8108.875
1389,85280.3,85297.1,85264.1,85288.1,4552.0,-5552.900390625,-117.1484375,24.046875,5435.751953125,141.1953125,5576.947265625
1390,85288.0,85288.0,85264.0,85276.2,3669.0,-8447.650390625,-91.140625,17.0625,8356.509765625,108.203125,8464.712890625
1391,85272.0,85272.0,85151.5,85151.5,3295.0,27091.599609375,-76.6796875,-100.671875,27168.279296875,23.9921875,27192.271484375
1392,85151.5,85151.5,85096.9,85118.3,5627.0,8216.849609375,20.1875,-132.90625,8196.662109375,153.09375,8349.755859375
1393,85116.5,85162.1,85071.1,85146.1,12648.0,22057.5,84.6015625,-104.390625,21972.8984375,188.9921875,22161.890625
1394,85146.1,85163.0,85140.2,85155.3,2485.0,-401.0,111.8828125,-96.53125,512.8828125,208.4140625,304.46875
1395,85151.3,85174.3,85094.8,85128.9,11086.0,-7702.7998046875,62.296875,-126.4140625,7765.0966796875,188.7109375,7576.3857421875
1396,85123.5,85173.4,85108.4,85152.5,4074.0,3018.7998046875,-71.78125,-101.6796875,3090.5810546875,29.8984375,3120.4794921875
1397,85157.6,85200.0,85123.5,85194.5,3695.0,1207.5498046875,51.4140625,-68.390625,1156.1357421875,119.8046875,1275.9404296875
1398,85184.5,85184.5,85100.1,85108.0,4026.0,-8158.0498046875,20.453125,-157.546875,8178.5029296875,178.0,8000.5029296875
1399,85103.8,85173.6,85103.8,85126.0,5888.0,-8118.150390625,18.1640625,-138.2265625,8136.314453125,156.390625,7979.923828125
1400,85122.7,85122.7,85080.0,85080.0,5181.0,9991.849609375,23.078125,-185.015625,9968.771484375,208.09375,10176.865234375
1401,85078.1,85119.0,85066.1,85083.9,5969.0,-8122.2998046875,10.9609375,-181.3359375,8133.2607421875,192.296875,7940.9638671875
1402,85083.9,85083.9,85000.1,85000.1,7568.0,-9189.7998046875,-102.0703125,-253.453125,9087.7294921875,151.3828125,8936.3466796875
1403,85000.0,85000.0,84768.8,84771.3,17413.0,-6842.650390625,-122.3515625,-469.34375,6720.298828125,346.9921875,6373.306640625
1404,84778.5,84901.1,84759.3,84759.4,18648.0,-8293.1005859375,-85.046875,-471.7421875,8208.0537109375,386.6953125,7821.3583984375
1405,84759.3,84817.5,84719.9,84794.5,17624.0,-6843.150390625,-72.2578125,-433.046875,6770.892578125,360.7890625,6410.103515625
1406,84797.2,84886.7,84790.4,84886.7,5479.0,-8394.2998046875,-97.5625,-339.7578125,8296.7373046875,242.1953125,8054.5419921875
1407,84894.2,85004.6,84875.5,84946.0,4911.0,-3263.0498046875,-69.90625,-276.3984375,3193.1435546875,206.4921875,2986.6513671875
1408,84940.0,84940.0,84840.2,84886.5,2696.0,-7485.75,-28.2421875,-336.234375,7457.5078125,307.9921875,7149.515625
1409,84886.5,84920.4,84827.7,84827.7,2818.0,-6353.2001953125,-112.7890625,-393.0859375,6240.4111328125,280.296875,5960.1142578125
1410,84817.8,84817.8,84573.6,84573.6,10330.0,-8430.75,-92.6875,-645.0859375,8338.0625,552.3984375,7785.6640625
1411,84573.6,84623.7,84513.1,84548.0,4644.0,1463.0,-133.921875,-665.9140625,1596.921875,531.9921875,2128.9140625
1412,84535.2,84575.2,84499.8,84537.8,6736.0,-1763.2998046875,-120.6484375,-666.7421875,1642.6513671875,546.09375,1096.5576171875
1413,84545.2,84545.2,84415.2,84437.1,3132.0,-3729.0498046875,-187.6953125,-750.6953125,3541.3544921875,563.0,2978.3544921875
1414,84438.1,84441.4,84411.0,84431.5,8019.0,-3957.85009765625,-386.8828125,-726.671875,3570.96728515625,339.7890625,3231.17822265625
1415,84431.5,84431.5,84329.5,84329.7,4837.0,47.44970703125,-370.859375,-800.5546875,418.30908203125,429.6953125,848.00439453125
1416,84329.6,84573.8,84325.3,84543.5,4916.0,914.44970703125,-316.3671875,-567.359375,1230.81689453125,250.9921875,1481.80908203125
1417,84543.5,84674.9,84491.1,84563.8,7479.0,-807.5,-202.78125,-525.6875,604.71875,322.90625,281.8125
1418,84555.4,84580.1,84402.6,84417.6,5340.0,-2661.10009765625,-126.484375,-654.8828125,2534.61572265625,528.3984375,2006.21728515625
1419,84426.5,84583.1,84420.1,84491.6,5714.0,-1205.55029296875,-166.1875,-561.0859375,1039.36279296875,394.8984375,644.46435546875
1420,84489.1,84580.6,84489.1,84493.1,3700.0,63.35009765625,-201.96875,-536.5703125,265.31884765625,334.6015625,599.92041015625
1421,84493.1,84512.0,84401.3,84492.6,2634.0,1268.85009765625,-420.9375,-501.9453125,1689.78759765625,81.0078125,1770.79541015625
1422,84473.6,84607.2,84473.6,84543.7,9077.0,8890.75,-416.3671875,-420.671875,9307.1171875,4.3046875,9311.421875
1423,84535.3,84594.5,84535.3,84573.6,3174.0,-727.14990234375,-397.5390625,-361.7421875,329.61083984375,35.796875,365.40771484375
1424,84568.0,84662.5,84558.3,84662.4,4561.0,-699.14990234375,-462.7890625,-237.4921875,236.36083984375,225.296875,461.65771484375
1425,84662.5,84971.1,84662.5,84875.6,23345.0,-1060.39990234375,-432.1953125,11.8984375,628.20458984375,444.09375,1072.29833984375
1426,84873.3,84873.3,84697.5,84697.5,6030.0,-1885.10009765625,-494.0390625,-126.2421875,1391.06103515625,367.796875,1758.85791015625
1427,84697.5,84697.5,84500.0,84500.0,5918.0,1226.7998046875,-249.7890625,-293.296875,1476.5888671875,43.5078125,1520.0966796875
1428,84500.0,84565.7,84439.7,84562.1,4697.0,-1467.60009765625,-197.953125,-199.6484375,1269.64697265625,1.6953125,1267.95166015625
1429,84565.1,84598.8,84518.5,84570.2,2522.0,-1261.75,-309.6328125,-157.03125,952.1171875,152.6015625,1104.71875
1430,84579.0,84671.3,84562.1,84588.8,5727.0,-2852.05029296875,-203.921875,-106.71875,2648.12841796875,97.203125,2745.33154296875
1431,84593.0,84593.0,84438.2,84500.6,5311.0,343.35009765625,-173.0703125,-165.5703125,516.42041015625,7.5,508.92041015625
1432,84504.8,84504.8,84356.0,84382.9,4358.0,-3354.4501953125,-144.0078125,-253.7109375,3210.4423828125,109.703125,3100.7392578125
1433,84389.4,84476.9,84312.4,84476.9,7078.0,-397.80029296875,-70.0859375,-136.8984375,327.71435546875,66.8125,260.90185546875
1434,84477.0,84488.0,84382.9,84434.7,5544.0,-2632.39990234375,-30.3046875,-169.203125,2602.09521484375,138.8984375,2463.19677734375
1435,84447.3,84447.3,84367.8,84444.3,4011.0,-3368.39990234375,63.34375,-154.7578125,3431.74365234375,218.1015625,3213.64208984375
1436,84444.3,84482.8,84433.5,84462.5,3019.0,-2125.64990234375,272.484375,-140.609375,2398.13427734375,413.09375,1985.04052734375
1437,84464.0,84523.8,84395.9,84404.6,4104.0,-3058.25,103.8515625,-189.0546875,3162.1015625,292.90625,2869.1953125
1438,84407.5,84426.2,84308.9,84344.0,3211.0,-187.60009765625,-71.359375,-227.359375,116.24072265625,156.0,39.75927734375
1439,84331.3,84382.0,84251.4,84285.8,8637.0,111.0,6.9609375,-269.34375,104.0390625,276.3046875,380.34375
