bar,open,high,low,close,volume,batched,isolated,cpu,abs_bi,abs_ic,abs_bc
0,88066.7,88174.6,88048.0,88155.1,5735.0,87857.1015625,88155.1015625,88155.1015625,298.0,0.0,298.0
1,88146.7,88160.1,88081.7,88081.7,4816.0,87672.6015625,88081.703125,88081.703125,409.1015625,0.0,409.1015625
2,88080.4,88080.4,87849.9,87850.0,10862.0,87505.8984375,87850.0,87850.0,344.1015625,0.0,344.1015625
3,87857.1,87944.5,87780.2,87930.1,15390.0,87750.703125,87930.1015625,87930.1015625,179.3984375,0.0,179.3984375
4,87930.2,88039.6,87930.2,87991.6,4863.0,87392.1015625,87991.6015625,87991.6015625,599.5,0.0,599.5
5,87980.8,87980.8,87852.6,87856.9,2161.0,87303.203125,87856.8984375,87856.8984375,553.6953125,0.0,553.6953125
6,87862.5,87869.1,87773.9,87797.8,3002.0,87173.296875,87797.796875,87797.796875,624.5,0.0,624.5
7,87794.2,87794.2,87660.4,87672.7,7045.0,86790.1015625,87672.703125,87672.703125,882.6015625,0.0,882.6015625
8,87672.6,87704.8,87569.3,87664.0,6992.0,87016.0,87664.0,87664.0,648.0,0.0,648.0
9,87657.2,87718.7,87621.5,87639.1,4116.0,86948.0,87670.1015625,87275.6328125,722.1015625,394.46875,327.6328125
10,87649.7,87726.9,87580.2,87580.2,5538.0,86779.3515625,87653.546875,87254.515625,874.1953125,399.03125,475.1640625
11,87583.2,87604.9,87412.0,87430.1,7937.0,86815.5,87508.453125,87091.453125,692.953125,417.0,275.953125
12,87427.6,87504.4,87326.9,87504.4,28049.0,86734.6015625,87415.6484375,86987.1015625,681.046875,428.546875,252.5
13,87505.9,87647.8,87477.7,87600.8,5425.0,86982.34375,87562.75,87126.0234375,580.40625,436.7265625,143.6796875
14,87596.5,87649.2,87531.3,87564.6,5409.0,87139.1484375,87590.25,87161.828125,451.1015625,428.421875,22.6796875
15,87564.6,87669.2,87529.0,87648.0,5356.0,87262.65625,87599.1015625,87171.4609375,336.4453125,427.640625,91.1953125
16,87649.4,87731.5,87631.9,87721.9,8400.0,87167.75,87681.703125,87266.9453125,513.953125,414.7578125,99.1953125
17,87708.6,87759.6,87682.4,87759.6,6562.0,87259.296875,87721.0,87324.5546875,461.703125,396.4453125,65.2578125
18,87750.7,87750.7,87519.8,87519.8,4150.0,87244.25,87635.25,87206.5078125,391.0,428.7421875,37.7421875
19,87502.6,87590.1,87498.4,87562.6,3954.0,87250.546875,87544.25,87130.875,293.703125,413.375,119.671875
20,87566.9,87578.4,87328.7,87343.5,11941.0,87406.3984375,87453.546875,87006.6015625,47.1484375,446.9453125,399.796875
21,87343.4,87344.0,87227.3,87256.3,12379.0,87301.296875,87285.6484375,86848.3828125,15.6484375,437.265625,452.9140625
22,87252.7,87420.8,87252.7,87392.1,3767.0,87378.8984375,87336.75,86892.78125,42.1484375,443.96875,486.1171875
23,87392.1,87404.4,87287.0,87371.4,6300.0,87367.703125,87345.703125,86910.9140625,22.0,434.7890625,456.7890625
24,87372.5,87475.6,87339.6,87471.7,3668.0,87336.703125,87407.6015625,86975.4921875,70.8984375,432.109375,361.2109375
25,87471.1,87484.4,87403.9,87439.2,2831.0,87419.65625,87444.1484375,87031.1015625,24.4921875,413.046875,388.5546875
26,87436.2,87436.2,87315.9,87370.4,3545.0,87243.796875,87376.046875,86967.3125,132.25,408.734375,276.484375
27,87363.6,87377.7,87303.3,87303.3,4063.0,87192.296875,87340.5,86950.3125,148.203125,390.1875,241.984375
28,87303.2,87318.1,87204.0,87204.0,3420.0,86982.3515625,87261.046875,86875.6484375,278.6953125,385.3984375,106.703125
29,87200.9,87280.4,87200.9,87257.5,3839.0,87276.046875,87240.6484375,86869.9453125,35.3984375,370.703125,406.1015625
30,87263.5,87278.8,87211.2,87226.8,13526.0,87261.453125,87245.0,86891.0859375,16.453125,353.9140625,370.3671875
31,87226.1,87258.0,87206.6,87206.6,2066.0,86984.8984375,87232.296875,86898.3515625,247.3984375,333.9453125,86.546875
32,87205.6,87205.6,87154.6,87173.2,5683.0,87118.15625,87180.1015625,86863.953125,61.9453125,316.1484375,254.203125
33,87173.3,87298.7,87173.3,87286.8,7188.0,87270.59375,87236.0,86913.8203125,34.59375,322.1796875,356.7734375
34,87283.7,87286.9,87182.4,87186.8,7126.0,87218.40625,87234.6484375,86913.3359375,16.2421875,321.3125,305.0703125
35,87183.8,87183.8,87080.0,87080.0,7382.0,87055.453125,87131.8984375,86810.6796875,76.4453125,321.21875,244.7734375
36,87080.0,87113.9,86878.6,86895.9,34739.0,87018.34375,86996.25,86636.5625,22.09375,359.6875,381.78125
37,86901.3,86939.1,86776.4,86781.0,17855.0,86714.046875,86857.75,86485.21875,143.703125,372.53125,228.828125
38,86790.1,86895.4,86767.0,86877.6,13092.0,86684.046875,86831.203125,86457.40625,147.15625,373.796875,226.640625
39,86877.7,86894.4,86752.5,86799.2,5481.0,86531.203125,86823.453125,86444.46875,292.25,378.984375,86.734375
40,86806.7,86985.6,86797.5,86985.6,5524.0,86634.296875,86891.546875,86494.03125,257.25,397.515625,140.265625
41,86985.6,87091.2,86985.6,87037.7,6819.0,86708.203125,87038.40625,86648.9609375,330.203125,389.4453125,59.2421875
42,87042.2,87085.2,87006.2,87022.0,9574.0,86465.0,87045.703125,86671.5,580.703125,374.203125,206.5
43,87016.0,87059.1,86992.0,87055.7,4562.0,86568.6484375,87025.546875,86668.6328125,456.8984375,356.9140625,99.984375
44,87037.1,87118.4,87034.5,87034.5,4385.0,86454.0,87076.453125,86730.0625,622.453125,346.390625,276.0625
45,87034.0,87079.4,86918.0,86918.1,5614.0,86097.25,86998.703125,86638.53125,901.453125,360.171875,541.28125
46,86922.3,86999.7,86852.1,86965.0,3934.0,86101.3984375,86925.90625,86557.46875,824.5078125,368.4375,456.0703125
47,86973.7,87026.1,86973.7,87022.1,3649.0,85663.25,86999.90625,86649.984375,1336.65625,349.921875,986.734375
48,87024.4,87024.4,86888.0,86937.6,4724.0,85653.0,86956.203125,86600.3515625,1303.203125,355.8515625,947.3515625
49,86937.7,86946.2,86784.8,86834.6,8186.0,85967.84375,86865.5,86496.8125,897.65625,368.6875,528.96875
50,86834.1,86875.0,86816.4,86816.4,3229.0,85909.25,86845.703125,86496.3046875,936.453125,349.3984375,587.0546875
51,86811.0,86811.0,86736.8,86747.7,8672.0,85821.84375,86773.8984375,86435.5625,952.0546875,338.3359375,613.71875
52,86747.7,86754.9,86632.4,86663.7,10621.0,85675.203125,86693.6484375,86352.390625,1018.4453125,341.2578125,677.1875
53,86662.6,86733.1,86656.0,86711.6,5251.0,85501.3984375,86694.546875,86364.2890625,1193.1484375,330.2578125,862.890625
54,86713.4,86797.0,86694.8,86776.0,8816.0,85752.203125,86745.8984375,86418.0,993.6953125,327.8984375,665.796875
55,86771.9,86843.4,86754.9,86843.1,8289.0,85788.25,86799.1484375,86477.4921875,1010.8984375,321.65625,689.2421875
56,86839.4,86843.2,86788.6,86793.6,4040.0,86025.3515625,86815.90625,86510.0390625,790.5546875,305.8671875,484.6875
57,86791.6,86810.2,86771.6,86771.6,1637.0,86030.65625,86790.90625,86504.0390625,760.25,286.8671875,473.3828125
58,86771.7,86775.9,86561.1,86561.5,18764.0,85984.1015625,86668.5,86345.8828125,684.3984375,322.6171875,361.78125
59,86561.1,86653.2,86547.3,86632.5,11099.0,85962.65625,86600.25,86278.125,637.59375,322.125,315.46875
60,86623.2,86749.9,86578.5,86691.8,11360.0,85831.703125,86664.203125,86322.8671875,832.5,341.3359375,491.1640625
61,86692.1,86807.3,86674.1,86777.2,4944.0,85730.8984375,86740.703125,86393.546875,1009.8046875,347.15625,662.6484375
62,86777.1,86912.6,86772.8,86888.4,31143.0,85671.953125,86842.703125,86488.3203125,1170.75,354.3828125,816.3671875
63,86890.1,86910.7,86847.2,86877.6,6761.0,85689.75,86878.953125,86540.9609375,1189.203125,337.9921875,851.2109375
64,86880.8,86880.8,86707.1,86707.1,6576.0,85718.453125,86793.953125,86437.6484375,1075.5,356.3046875,719.1953125
65,86703.9,87030.3,86664.3,87004.3,7093.0,85806.8984375,86847.296875,86416.8203125,1040.3984375,430.4765625,609.921875
66,87003.4,87029.3,86934.7,86960.8,9135.0,85787.046875,86982.0,86566.1953125,1194.953125,415.8046875,779.1484375
67,86961.3,87031.1,86961.3,87016.8,6887.0,85522.3515625,86996.203125,86600.890625,1473.8515625,395.3125,1078.5390625
68,87018.6,87098.9,86982.8,87042.9,4779.0,85532.6484375,87040.84375,86650.2265625,1508.1953125,390.6171875,1117.578125
69,87042.8,87089.4,86993.0,87040.7,3567.0,85913.046875,87041.203125,86660.7265625,1128.15625,380.4765625,747.6796875
70,87052.8,87151.8,87042.7,87146.3,5135.0,85840.046875,87097.25,86721.5,1257.203125,375.75,881.453125
71,87136.8,87202.0,87082.7,87141.6,9808.0,86061.90625,87142.3515625,86768.3828125,1080.4453125,373.96875,706.4765625
72,87141.5,87171.3,87077.6,87103.5,9815.0,86051.296875,87124.453125,86759.7734375,1073.15625,364.6796875,708.4765625
73,87120.2,87156.4,87092.1,87139.0,6378.0,86056.8984375,87124.25,86776.75,1067.3515625,347.5,719.8515625
74,87127.1,87285.6,87127.1,87285.6,10418.0,86083.953125,87206.3515625,86846.0546875,1122.3984375,360.296875,762.1015625
75,87286.3,87347.0,87230.6,87262.4,6640.0,86187.25,87288.796875,86929.609375,1101.546875,359.1875,742.359375
76,87267.2,87304.4,87227.4,87265.9,7803.0,86303.6015625,87265.8984375,86919.53125,962.296875,346.3671875,615.9296875
77,87258.1,87397.0,87246.9,87381.6,5966.0,86339.796875,87321.953125,86965.1875,982.15625,356.765625,625.390625
78,87379.2,87416.2,87350.2,87382.5,8104.0,86252.703125,87383.203125,87042.3125,1130.5,340.890625,789.609375
79,87385.3,87385.3,87203.1,87206.5,8375.0,86047.90625,87294.203125,86932.7421875,1246.296875,361.4609375,884.8359375
80,87197.9,87269.5,87184.0,87255.9,5466.0,85890.8515625,87226.75,86875.7890625,1335.8984375,350.9609375,984.9375
81,87257.0,87259.1,87077.1,87085.8,11182.0,86011.8984375,87168.1015625,86797.6328125,1156.203125,370.46875,785.734375
82,87078.5,87191.7,87067.9,87178.3,8493.0,86147.453125,87129.796875,86759.234375,982.34375,370.5625,611.78125
83,87179.5,87211.0,87081.9,87101.3,4100.0,86134.6484375,87146.453125,86774.21875,1011.8046875,372.234375,639.5703125
84,87101.5,87165.0,87084.1,87164.6,4103.0,86166.1015625,87124.546875,86765.265625,958.4453125,359.28125,599.1640625
85,87159.0,87263.8,87159.0,87263.8,7991.0,86005.046875,87211.3984375,86856.609375,1206.3515625,354.7890625,851.5625
86,87263.8,87364.8,87257.3,87257.3,12821.0,85911.90625,87311.046875,86959.484375,1399.140625,351.5625,1047.578125
87,87254.8,87272.0,87194.2,87201.1,4852.0,85874.6484375,87233.1015625,86893.359375,1358.453125,339.7421875,1018.7109375
88,87196.9,87344.5,87196.1,87273.3,9019.0,85727.84375,87270.296875,86920.0078125,1542.453125,350.2890625,1192.1640625
89,87273.3,87299.0,87234.8,87282.5,4458.0,85737.953125,87266.8984375,86932.375,1528.9453125,334.5234375,1194.421875
90,87282.4,87294.7,87186.6,87234.4,13604.0,85620.546875,87240.65625,86907.15625,1620.109375,333.5,1286.609375
91,87234.5,87344.6,87234.5,87254.1,5698.0,85734.546875,87289.546875,86956.3359375,1555.0,333.2109375,1221.7890625
92,87254.0,87260.8,87090.8,87090.8,4446.0,85628.453125,87175.796875,86824.90625,1547.34375,350.890625,1196.453125
93,87088.6,87156.5,87058.1,87150.2,4771.0,85618.65625,87107.296875,86761.9765625,1488.640625,345.3203125,1143.3203125
94,87146.9,87224.5,87120.0,87136.1,7039.0,85685.0,87172.25,86830.109375,1487.25,342.140625,1145.109375
95,87147.1,87212.5,87021.3,87200.3,6592.0,85616.953125,87116.8984375,86751.609375,1499.9453125,365.2890625,1134.65625
96,87208.9,87303.3,87188.9,87287.3,7835.0,85609.8984375,87246.09375,86883.015625,1636.1953125,363.078125,1273.1171875
97,87292.2,87397.9,87289.2,87386.0,6161.0,85614.90625,87343.546875,86983.59375,1728.640625,359.953125,1368.6875
98,87393.5,87497.2,87393.5,87484.7,9223.0,85498.203125,87445.3515625,87088.0390625,1947.1484375,357.3125,1589.8359375
99,87479.7,87499.9,87346.1,87346.1,5379.0,85476.0,87423.0,87055.2734375,1947.0,367.7265625,1579.2734375
100,87346.2,87399.9,87346.2,87374.0,3442.0,85164.5,87373.046875,87025.953125,2208.546875,347.09375,1861.453125
101,87368.5,87480.9,87358.2,87448.0,4521.0,85302.3984375,87419.546875,87070.359375,2117.1484375,349.1875,1767.9609375
102,87444.3,87446.4,87365.9,87396.3,4579.0,85194.8984375,87406.1484375,87067.25,2211.25,338.8984375,1872.3515625
103,87418.0,87425.2,87303.7,87303.7,4357.0,83626.953125,87364.453125,87022.9921875,3737.5,341.4609375,3396.0390625
104,87298.5,87299.3,87195.9,87228.9,6647.0,84316.296875,87247.59375,86907.9375,2931.296875,339.65625,2591.640625
105,87225.0,87274.1,87190.0,87274.1,6185.0,84038.546875,87232.046875,86901.125,3193.5,330.921875,2862.578125
106,87269.8,87339.4,87262.9,87336.5,2842.0,84198.75,87301.1484375,86980.3671875,3102.3984375,320.78125,2781.6171875
107,87332.8,87389.0,87309.1,87343.0,3113.0,84011.75,87349.046875,87036.375,3337.296875,312.671875,3024.625
108,87343.0,87361.8,87296.6,87357.5,5787.0,84012.8984375,87329.203125,87028.2421875,3316.3046875,300.9609375,3015.34375
109,87367.3,87367.3,87300.2,87324.3,2920.0,84194.5,87333.75,87042.7578125,3139.25,290.9921875,2848.2578125
110,87324.1,87420.1,87299.5,87391.6,3281.0,84304.703125,87359.796875,87061.71875,3055.09375,298.078125,2757.015625
111,87387.3,87426.6,87367.6,87367.6,3299.0,84613.046875,87397.1015625,87111.1328125,2784.0546875,285.96875,2498.0859375
112,87370.5,87434.3,87366.8,87434.3,5919.0,84487.6484375,87400.546875,87122.9296875,2912.8984375,277.6171875,2635.28125
113,87441.1,87441.1,87327.1,87348.1,4270.0,84323.703125,87384.1015625,87100.0390625,3060.3984375,284.0625,2776.3359375
114,87348.0,87402.0,87325.2,87387.7,2276.0,84306.3515625,87363.6015625,87084.90625,3057.25,278.6953125,2778.5546875
115,87379.9,87435.9,87357.2,87418.0,3605.0,84017.8984375,87396.546875,87122.1171875,3378.6484375,274.4296875,3104.21875
116,87412.0,87412.0,87284.7,87319.5,3262.0,83894.296875,87348.3515625,87061.375,3454.0546875,286.9765625,3167.078125
117,87323.4,87333.8,87269.7,87269.7,3139.0,83756.203125,87301.75,87024.2421875,3545.546875,277.5078125,3268.0390625
118,87268.0,87268.0,87192.3,87228.9,4089.0,83683.6484375,87230.1484375,86957.171875,3546.5,272.9765625,3273.5234375
119,87233.8,87283.9,87226.1,87283.9,1985.0,83802.6015625,87255.0,86991.9765625,3452.3984375,263.0234375,3189.375
120,87283.9,87334.5,87282.3,87327.1,2113.0,83825.796875,87308.3984375,87056.0234375,3482.6015625,252.375,3230.2265625
121,87327.1,87342.2,87293.3,87342.2,2732.0,83848.6015625,87317.75,87075.9375,3469.1484375,241.8125,3227.3359375
122,87346.3,87440.5,87267.0,87267.0,4450.0,83795.046875,87353.75,87084.0703125,3558.703125,269.6796875,3289.0234375
123,87267.0,87291.5,87154.6,87233.4,12040.0,83674.296875,87223.046875,86939.265625,3548.75,283.78125,3264.96875
124,87229.9,87343.2,87223.0,87322.4,6250.0,83437.65625,87283.1015625,86991.6328125,3845.4453125,291.46875,3553.9765625
125,87321.5,87395.6,87312.0,87383.6,3558.0,83260.40625,87353.796875,87066.3984375,4093.390625,287.3984375,3805.9921875
126,87388.6,87466.1,87370.7,87449.7,5254.0,83043.046875,87418.40625,87131.125,4375.359375,287.28125,4088.078125
127,87450.7,87466.7,87295.4,87343.6,16226.0,82906.546875,87381.046875,87071.1015625,4474.5,309.9453125,4164.5546875
128,87356.8,87381.6,87285.9,87330.1,8568.0,82613.0,87333.75,87026.09375,4720.75,307.65625,4413.09375
129,87339.4,87339.4,87218.9,87218.9,4133.0,82642.09375,87279.1484375,86966.1015625,4637.0546875,313.046875,4324.0078125
130,87202.4,87283.3,87168.3,87237.2,3723.0,82504.953125,87225.796875,86909.5546875,4720.84375,316.2421875,4404.6015625
131,87239.7,87262.3,87175.9,87235.0,3241.0,82354.09375,87219.09375,86908.5625,4865.0,310.53125,4554.46875
132,87247.9,87259.9,87183.5,87198.4,4240.0,82173.1484375,87221.703125,86919.3046875,5048.5546875,302.3984375,4746.15625
133,87205.2,87233.0,87176.7,87185.5,1926.0,82056.1015625,87204.8515625,86915.8046875,5148.75,289.046875,4859.703125
134,87182.6,87182.6,87080.3,87157.2,6053.0,82395.703125,87131.453125,86839.75,4735.75,291.703125,4444.046875
135,87147.5,87234.0,87147.5,87233.0,3708.0,82008.40625,87190.75,86902.265625,5182.34375,288.484375,4893.859375
136,87229.2,87275.8,87143.6,87155.3,7892.0,82076.8515625,87209.703125,86910.40625,5132.8515625,299.296875,4833.5546875
137,87155.4,87198.1,87005.4,87017.6,15190.0,82305.8984375,87101.75,86774.5703125,4795.8515625,327.1796875,4468.671875
138,87018.5,87075.7,87005.2,87075.7,9681.0,82280.296875,87040.453125,86724.84375,4760.15625,315.609375,4444.546875
139,87068.2,87068.2,86884.7,86918.4,9446.0,82543.796875,86976.453125,86635.1015625,4432.65625,341.3515625,4091.3046875
140,86923.9,86925.9,86830.4,86912.9,6178.0,82747.3984375,86878.1484375,86542.28125,4130.75,335.8671875,3794.8828125
141,86915.6,87056.8,86915.6,87049.1,8672.0,82517.3984375,86986.203125,86640.7578125,4468.8046875,345.4453125,4123.359375
142,87049.1,87251.5,87049.1,87242.7,7613.0,82496.796875,87150.296875,86778.671875,4653.5,371.625,4281.875
143,87227.2,87331.2,87227.2,87306.4,14326.0,82698.046875,87279.203125,86913.546875,4581.15625,365.65625,4215.5
144,87306.3,87306.3,87113.3,87159.9,50306.0,82806.6015625,87209.796875,86822.7734375,4403.1953125,387.0234375,4016.171875
145,87164.3,87203.0,87143.6,87181.7,14310.0,82868.796875,87173.296875,86807.15625,4304.5,366.140625,3938.359375
146,87183.5,87394.7,87183.5,87356.0,7122.0,83183.90625,87289.1015625,86895.671875,4105.1953125,393.4296875,3711.765625
147,87368.6,87397.5,87249.7,87268.0,3750.0,83041.75,87323.6015625,86925.1796875,4281.8515625,398.421875,3883.4296875
148,87266.5,87266.5,87183.7,87217.1,3825.0,83091.6015625,87225.1015625,86841.234375,4133.5,383.8671875,3749.6328125
149,87200.8,87325.8,87200.8,87286.3,5999.0,83090.75,87263.296875,86880.3125,4172.546875,382.984375,3789.5625
150,87278.5,87324.1,87270.8,87315.4,3828.0,82915.296875,87297.453125,86936.7734375,4382.15625,360.6796875,4021.4765625
151,87315.5,87327.8,87211.1,87211.1,2126.0,82767.6484375,87269.453125,86909.8359375,4501.8046875,359.6171875,4142.1875
152,87207.4,87207.4,87079.5,87094.4,6031.0,82485.1484375,87143.453125,86780.3203125,4658.3046875,363.1328125,4295.171875
153,87111.9,87161.5,87092.5,87128.8,4104.0,82432.546875,87127.0,86779.4765625,4694.453125,347.5234375,4346.9296875
154,87116.6,87131.4,87081.3,87081.3,2055.0,82312.0,87106.34375,86778.546875,4794.34375,327.796875,4466.546875
155,87080.0,87080.0,86926.0,86933.7,4617.0,82262.6015625,87003.0,86661.390625,4740.3984375,341.609375,4398.7890625
156,86946.5,87017.3,86910.8,87017.3,4854.0,82287.1015625,86964.046875,86624.6484375,4676.9453125,339.3984375,4337.546875
157,87023.3,87069.6,86971.3,87004.0,3525.0,82091.90625,87020.453125,86685.5,4928.546875,334.953125,4593.59375
158,87004.9,87153.3,87004.9,87103.2,7838.0,82068.796875,87079.09375,86732.8515625,5010.296875,346.2421875,4664.0546875
159,87098.0,87153.9,87067.0,87098.1,2920.0,82063.953125,87110.453125,86772.765625,5046.5,337.6875,4708.8125
160,87101.9,87141.3,87089.1,87089.1,6354.0,81648.09375,87115.203125,86795.625,5467.109375,319.578125,5147.53125
161,87088.1,87152.0,87075.8,87148.2,2718.0,81228.15625,87113.8984375,86803.4140625,5885.7421875,310.484375,5575.2578125
162,87148.2,87220.1,87142.5,87220.1,3075.0,81589.546875,87181.296875,86878.5859375,5591.75,302.7109375,5289.0390625
163,87226.1,87260.8,87217.8,87243.1,2324.0,81956.3515625,87239.296875,86953.953125,5282.9453125,285.34375,4997.6015625
164,87250.2,87250.2,87197.9,87236.4,2364.0,82825.0,87224.046875,86951.546875,4399.046875,272.5,4126.546875
165,87239.3,87340.2,87231.4,87340.1,3636.0,83248.203125,87285.796875,87007.90625,4037.59375,277.890625,3759.703125
166,87331.3,87331.3,87163.4,87212.3,16197.0,83494.75,87247.34375,86944.234375,3752.59375,303.109375,3449.484375
167,87209.9,87275.8,87209.9,87275.7,6730.0,83256.25,87242.84375,86950.2734375,3986.59375,292.5703125,3694.0234375
168,87266.9,87281.3,87238.0,87241.9,3204.0,83282.796875,87259.6484375,86983.34375,3976.8515625,276.3046875,3700.546875
169,87240.0,87266.2,87151.5,87151.5,3662.0,83476.953125,87208.8515625,86925.765625,3731.8984375,283.0859375,3448.8125
170,87144.2,87230.2,87144.2,87230.2,2223.0,83576.453125,87187.203125,86906.625,3610.75,280.578125,3330.171875
171,87221.2,87257.5,87178.1,87211.1,3237.0,83948.953125,87217.796875,86941.4609375,3268.84375,276.3359375,2992.5078125
172,87215.6,87223.3,87083.0,87083.0,6893.0,84019.09375,87153.1484375,86862.359375,3134.0546875,290.7890625,2843.265625
173,87081.0,87085.5,86996.2,87006.1,7449.0,83684.546875,87040.8515625,86752.3515625,3356.3046875,288.5,3067.8046875
174,87003.5,87043.2,87003.5,87043.1,6087.0,83568.0,87023.3515625,86751.7890625,3455.3515625,271.5625,3183.7890625
175,87048.4,87072.2,87023.0,87055.9,3957.0,83808.796875,87047.6015625,86788.4375,3238.8046875,259.1640625,2979.640625
176,87062.6,87110.1,87036.0,87042.7,3693.0,84017.75,87073.046875,86817.5625,3055.296875,255.484375,2799.8125
177,87048.3,87113.2,87048.3,87113.2,3309.0,84188.546875,87080.75,86829.6640625,2892.203125,251.0859375,2641.1171875
178,87113.2,87170.8,87084.3,87104.6,2723.0,84256.796875,87127.546875,86875.625,2870.75,251.921875,2618.828125
179,87104.6,87104.6,87035.5,87052.0,4439.0,84182.453125,87070.046875,86822.5859375,2887.59375,247.4609375,2640.1328125
180,87046.0,87068.7,87030.2,87033.0,1778.0,83953.0,87049.453125,86815.1875,3096.453125,234.265625,2862.1875
181,87034.8,87046.3,87000.5,87004.0,2719.0,83861.953125,87023.3984375,86798.8203125,3161.4453125,224.578125,2936.8671875
182,87001.9,87003.2,86893.3,86893.3,8052.0,84007.75,86948.25,86712.9140625,2940.5,235.3359375,2705.1640625
183,86893.3,86991.3,86885.6,86970.4,5381.0,83703.0,86938.453125,86694.9453125,3235.453125,243.5078125,2991.9453125
184,86976.8,86988.5,86935.2,86935.2,6084.0,83733.953125,86961.8515625,86726.703125,3227.8984375,235.1484375,2992.75
185,86935.1,86936.0,86728.6,86737.0,15394.0,83637.1015625,86832.296875,86558.4453125,3195.1953125,273.8515625,2921.34375
186,86737.0,86809.0,86600.0,86688.9,33820.0,83994.75,86704.5,86395.3359375,2709.75,309.1640625,2400.5859375
187,86691.1,86839.5,86691.1,86833.1,5536.0,84931.59375,86765.296875,86441.8671875,1833.703125,323.4296875,1510.2734375
188,86830.6,86913.0,86830.6,86846.2,7789.0,85089.546875,86871.796875,86555.9921875,1782.25,315.8046875,1466.4453125
189,86839.2,86842.7,86651.1,86659.8,12443.0,84545.59375,86746.90625,86404.1484375,2201.3125,342.7578125,1858.5546875
190,86672.6,86716.7,86653.2,86716.7,4318.0,84772.0,86684.953125,86357.421875,1912.953125,327.53125,1585.421875
191,86721.4,86721.4,86618.2,86643.8,3803.0,85236.296875,86669.796875,86344.0625,1433.5,325.734375,1107.765625
192,86646.7,86660.6,86403.9,86496.2,24834.0,84695.1015625,86532.25,86162.078125,1837.1484375,370.171875,1466.9765625
193,86500.8,86584.7,86418.7,86453.0,17044.0,84651.296875,86501.703125,86118.75,1850.40625,382.953125,1467.453125
194,86455.9,86497.4,86401.9,86444.9,7346.0,84426.6484375,86449.6484375,86076.3359375,2023.0,373.3125,1649.6875
195,86440.1,86555.3,86408.2,86526.5,4643.0,84155.0,86481.75,86101.640625,2326.75,380.109375,1946.640625
196,86526.5,86618.0,86492.5,86541.7,8116.0,83831.8984375,86555.25,86175.5,2723.3515625,379.75,2343.6015625
197,86535.9,86535.9,86402.0,86402.1,4754.0,84021.09375,86468.953125,86085.2734375,2447.859375,383.6796875,2064.1796875
198,86410.8,86438.8,86176.2,86180.7,17726.0,83733.3515625,86307.5,85883.40625,2574.1484375,424.09375,2150.0546875
199,86180.7,86411.4,86180.7,86403.0,18165.0,83270.453125,86296.046875,85845.15625,3025.59375,450.890625,2574.703125
200,86403.7,86516.5,86308.2,86516.5,9042.0,82924.40625,86412.3515625,85944.0625,3487.9453125,468.2890625,3019.65625
201,86520.8,86776.4,86520.8,86756.3,28362.0,83336.90625,86648.59375,86149.1640625,3311.6875,499.4296875,2812.2578125
202,86747.8,86747.8,86580.5,86610.5,10924.0,83108.046875,86664.1484375,86161.921875,3556.1015625,502.2265625,3053.875
203,86610.4,86780.8,86590.9,86748.0,15765.0,83119.8984375,86685.84375,86176.8671875,3565.9453125,508.9765625,3056.96875
204,86748.0,86786.9,86667.8,86706.6,4021.0,82973.296875,86727.34375,86233.5390625,3754.046875,493.8046875,3260.2421875
205,86703.3,86798.4,86669.7,86731.1,5333.0,82476.953125,86734.046875,86251.0078125,4257.09375,483.0390625,3774.0546875
206,86722.3,86722.3,86635.2,86676.4,11247.0,82854.3984375,86678.75,86215.25,3824.3515625,463.5,3360.8515625
207,86694.1,86698.7,86556.8,86579.7,4820.0,82916.1015625,86627.75,86168.0234375,3711.6484375,459.7265625,3251.921875
208,86571.2,86596.5,86552.1,86578.7,3897.0,83050.3515625,86574.296875,86147.2265625,3523.9453125,427.0703125,3096.875
209,86574.5,86660.9,86495.6,86495.6,9383.0,83153.3515625,86578.25,86144.296875,3424.8984375,433.953125,2990.9453125
210,86495.8,86508.7,86253.3,86398.1,9546.0,83116.046875,86381.0,85913.8203125,3264.953125,467.1796875,2797.7734375
211,86398.1,86542.0,86398.1,86528.6,8732.0,83270.75,86470.046875,86006.4140625,3199.296875,463.6328125,2735.6640625
212,86531.9,86568.2,86352.6,86352.8,9250.0,83622.703125,86460.40625,85978.4609375,2837.703125,481.9453125,2355.7578125
213,86377.2,86444.9,86317.1,86433.1,8618.0,83312.296875,86381.0,85908.90625,3068.703125,472.09375,2596.609375
214,86428.1,86534.8,86383.7,86524.9,4693.0,84005.296875,86459.25,85989.0390625,2453.953125,470.2109375,1983.7421875
215,86525.0,86670.4,86509.6,86589.1,7676.0,84629.0,86590.0,86118.5703125,1961.0,471.4296875,1489.5703125
216,86578.0,86640.7,86530.3,86562.6,5424.0,84737.046875,86585.5,86128.09375,1848.453125,457.40625,1391.046875
217,86559.3,86609.8,86391.6,86395.6,13155.0,85056.796875,86500.703125,86023.578125,1443.90625,477.125,966.78125
218,86404.0,86468.1,86379.2,86466.4,3063.0,85235.34375,86423.65625,85967.5703125,1188.3125,456.0859375,732.2265625
219,86466.4,86488.8,86301.9,86347.8,9455.0,85181.09375,86395.34375,85928.796875,1214.25,466.546875,747.703125
220,86357.6,86492.7,86353.3,86484.3,4486.0,85052.75,86423.0,85959.640625,1370.25,463.359375,906.890625
221,86475.5,86483.5,86409.6,86432.5,7786.0,85358.8984375,86446.546875,86007.109375,1087.6484375,439.4375,648.2109375
222,86432.5,86488.2,86357.0,86447.1,5794.0,85305.5,86422.6015625,85987.75,1117.1015625,434.8515625,682.25
223,86438.5,86438.5,86282.0,86331.4,7853.0,85434.3515625,86360.25,85919.3515625,925.8984375,440.8984375,485.0
224,86328.9,86352.0,85852.6,85882.9,137327.0,85144.0,86102.296875,85555.671875,958.296875,546.625,411.671875
225,85887.1,86099.9,85852.2,86006.9,21941.0,85264.8515625,85976.046875,85409.7734375,711.1953125,566.2734375,144.921875
226,86007.0,86190.6,86007.0,86186.3,11137.0,85203.0,86098.796875,85534.0390625,895.796875,564.7578125,331.0390625
227,86187.5,86250.8,86051.9,86138.2,10003.0,84949.3515625,86151.34375,85583.390625,1201.9921875,567.953125,634.0390625
228,86153.7,86259.6,86135.6,86209.9,8193.0,84771.5,86197.6015625,85649.25,1426.1015625,548.3515625,877.75
229,86209.9,86234.3,86131.4,86162.9,4426.0,84081.703125,86182.84375,85658.453125,2101.140625,524.390625,1576.75
230,86167.4,86250.8,86140.2,86152.9,9285.0,83943.1015625,86195.5,85690.375,2252.3984375,505.125,1747.2734375
231,86169.3,86169.3,85990.9,86043.0,9036.0,83699.046875,86080.09375,85571.9609375,2381.046875,508.1328125,1872.9140625
232,86033.5,86036.6,85656.5,85703.8,56064.0,83463.6484375,85846.546875,85273.2734375,2382.8984375,573.2734375,1809.625
233,85703.9,85852.2,85703.9,85767.8,27207.0,83844.3515625,85778.046875,85217.578125,1933.6953125,560.46875,1373.2265625
234,85762.0,85850.4,85727.8,85815.1,7963.0,84199.1015625,85789.09375,85247.890625,1589.9921875,541.203125,1048.7890625
235,85832.0,85832.0,85600.1,85702.0,20876.0,84417.3984375,85716.046875,85159.3984375,1298.6484375,556.6484375,742.0
236,85701.9,85803.3,85600.1,85627.9,31337.0,84378.546875,85701.703125,85139.7578125,1323.15625,561.9453125,761.2109375
237,85624.6,85683.4,85558.8,85574.3,29383.0,84444.546875,85621.09375,85077.9609375,1176.546875,543.1328125,633.4140625
238,85574.0,85631.1,85473.9,85502.9,21038.0,84864.1015625,85552.5,85016.5234375,688.3984375,535.9765625,152.421875
239,85529.6,85593.1,85345.5,85439.8,37207.0,84676.3984375,85469.296875,84912.640625,792.8984375,556.65625,236.2421875
240,85439.7,85659.3,85427.1,85647.1,10836.0,84516.796875,85543.203125,84972.546875,1026.40625,570.65625,455.75
241,85625.5,85680.6,85510.3,85680.6,6731.0,84636.0,85595.453125,85030.7734375,959.453125,564.6796875,394.7734375
242,85680.5,85680.9,85575.1,85613.4,6608.0,84744.8515625,85628.0,85088.046875,883.1484375,539.953125,343.1953125
243,85626.1,85699.9,85549.1,85575.0,10137.0,84622.8515625,85624.5,85093.3046875,1001.6484375,531.1953125,470.453125
244,85598.0,85715.5,85572.4,85672.9,7328.0,84928.6484375,85643.953125,85122.9453125,715.3046875,521.0078125,194.296875
245,85673.0,85999.4,85673.0,85932.5,15574.0,84969.5,85836.203125,85269.3515625,866.703125,566.8515625,299.8515625
246,85934.9,86054.4,85926.3,85992.9,11959.0,84804.09375,85990.34375,85441.7421875,1186.25,548.6015625,637.6484375
247,86000.8,86040.4,85902.2,85936.9,8689.0,84745.34375,85971.296875,85436.1015625,1225.953125,535.1953125,690.7578125
248,85937.8,86035.6,85926.0,86014.1,10299.0,84674.25,85980.796875,85466.234375,1306.546875,514.5625,791.984375
249,86025.2,86025.2,85833.7,85839.4,5731.0,84324.75,85929.453125,85408.8984375,1604.703125,520.5546875,1084.1484375
250,85839.5,85941.5,85839.4,85930.4,4302.0,84283.203125,85890.453125,85391.328125,1607.25,499.125,1108.125
251,85921.9,85930.2,85830.6,85879.7,6486.0,84299.703125,85880.40625,85401.25,1580.703125,479.15625,1101.546875
252,85896.6,85930.0,85835.3,85912.9,4643.0,84284.65625,85882.6484375,85423.0,1597.9921875,459.6484375,1138.34375
253,85912.0,85912.0,85813.0,85827.0,2945.0,84031.546875,85862.5,85418.84375,1830.953125,443.65625,1387.296875
254,85829.2,85829.2,85720.1,85774.1,4394.0,84052.25,85774.65625,85342.640625,1722.40625,432.015625,1290.390625
255,85783.3,85943.9,85783.3,85942.9,5970.0,83979.25,85863.59375,85423.8359375,1884.34375,439.7578125,1444.5859375
256,85925.4,85974.4,85701.9,85718.3,10857.0,83824.3515625,85838.1484375,85360.6171875,2013.796875,477.53125,1536.265625
257,85718.3,85718.7,85533.6,85565.1,10773.0,83864.296875,85626.15625,85140.8515625,1761.859375,485.3046875,1276.5546875
258,85565.1,85646.5,85544.6,85624.6,4371.0,83535.90625,85595.546875,85128.203125,2059.640625,467.34375,1592.296875
259,85624.7,85642.1,85466.0,85526.5,10898.0,83746.5,85554.046875,85080.6015625,1807.546875,473.4453125,1334.1015625
260,85510.1,85640.6,85480.2,85621.2,6778.0,84100.40625,85560.40625,85086.1875,1460.0,474.21875,985.78125
261,85621.2,85773.2,85621.2,85727.2,7407.0,84382.6484375,85697.203125,85224.8046875,1314.5546875,472.3984375,842.15625
262,85729.2,85785.5,85703.8,85785.5,9769.0,84434.6484375,85744.6484375,85294.984375,1310.0,449.6640625,860.3359375
263,85785.6,85804.4,85650.4,85658.2,8415.0,84468.703125,85727.3984375,85276.5,1258.6953125,450.8984375,807.796875
264,85657.3,85657.3,85495.8,85533.1,4775.0,84634.6015625,85576.546875,85122.015625,941.9453125,454.53125,487.4140625
265,85534.1,85579.5,85432.9,85462.1,9237.0,84523.1484375,85506.203125,85053.140625,983.0546875,453.0625,529.9921875
266,85469.8,85567.3,85445.9,85535.4,10767.0,84557.5,85506.59375,85062.421875,949.09375,444.171875,504.921875
267,85533.0,85579.6,85487.1,85487.2,2838.0,84466.75,85533.3515625,85105.84375,1066.6015625,427.5078125,639.09375
268,85481.1,85625.0,85474.8,85612.1,6635.0,84707.8984375,85549.8984375,85120.0859375,842.0,429.8125,412.1875
269,85604.5,85711.2,85604.5,85687.9,6297.0,84928.3515625,85657.8515625,85239.0078125,729.5,418.84375,310.65625
270,85687.5,85792.8,85609.7,85792.8,6186.0,85005.0,85701.25,85269.359375,696.25,431.890625,264.359375
271,85800.0,85853.5,85674.6,85701.6,7363.0,85143.3984375,85764.046875,85321.6796875,620.6484375,442.3671875,178.28125
272,85704.4,85796.4,85675.8,85759.0,4660.0,85299.453125,85736.09375,85301.78125,436.640625,434.3125,2.328125
273,85759.1,85772.3,85654.9,85654.9,4528.0,85172.546875,85713.59375,85287.4921875,541.046875,426.1015625,114.9453125
274,85663.4,85663.4,85579.3,85613.0,4202.0,85334.0,85621.34375,85212.625,287.34375,408.71875,121.375
275,85617.9,85650.0,85577.4,85630.5,2748.0,85187.25,85613.703125,85224.0703125,426.453125,389.6328125,36.8203125
276,85642.8,85944.7,85642.2,85944.6,6701.0,85225.546875,85793.453125,85348.5234375,567.90625,444.9296875,122.9765625
277,85933.7,85994.8,85778.8,85800.3,9326.0,85250.1484375,85886.796875,85421.5625,636.6484375,465.234375,171.4140625
278,85794.2,85898.8,85778.1,85867.2,8023.0,85211.75,85838.453125,85383.53125,626.703125,454.921875,171.78125
279,85855.5,85914.1,85800.5,85871.9,6588.0,85140.546875,85857.296875,85413.7890625,716.75,443.5078125,273.2421875
280,85866.2,86031.3,85852.7,85988.0,11707.0,85081.0,85942.0,85489.265625,861.0,452.734375,408.265625
281,85988.0,86090.0,85977.8,86068.3,5521.0,84845.703125,86033.8984375,85592.7734375,1188.1953125,441.125,747.0703125
282,86062.7,86078.8,86009.1,86047.9,4429.0,84554.40625,86043.953125,85626.03125,1489.546875,417.921875,1071.625
283,86058.4,86129.3,86037.8,86071.8,4974.0,84436.546875,86083.546875,85679.96875,1647.0,403.578125,1243.421875
284,86067.5,86108.6,86045.0,86058.0,3915.0,84483.3515625,86076.796875,85694.5,1593.4453125,382.296875,1211.1484375
285,86058.0,86125.1,86053.1,86063.0,4532.0,84785.3984375,86089.1015625,85723.4296875,1303.703125,365.671875,938.03125
286,86062.2,86062.2,85998.7,85998.7,2655.0,84548.8984375,86030.453125,85682.0625,1481.5546875,348.390625,1133.1640625
287,85999.1,86071.6,85999.0,86045.6,4464.0,84454.1484375,86035.296875,85699.875,1581.1484375,335.421875,1245.7265625
288,86053.5,86057.0,85921.6,85951.1,5981.0,88120.25,85989.296875,85646.796875,2130.953125,342.5,2473.453125
289,85957.7,85994.0,85936.4,85974.5,3532.0,87831.65625,85965.203125,85639.671875,1866.453125,325.53125,2191.984375
290,85967.0,85997.2,85936.1,85997.2,6763.0,87554.6484375,85966.65625,85655.3515625,1587.9921875,311.3046875,1899.296875
291,85997.2,86001.5,85941.1,85958.6,3057.0,87745.546875,85971.296875,85673.0,1774.25,298.296875,2072.546875
292,85971.0,86022.3,85971.0,85995.9,4989.0,87382.3984375,85996.6484375,85709.0703125,1385.75,287.578125,1673.328125
293,85983.3,85996.5,85935.9,85962.2,5489.0,87406.953125,85966.203125,85689.203125,1440.75,277.0,1717.75
294,85966.3,85986.7,85891.4,85922.4,8574.0,87231.796875,85939.046875,85661.15625,1292.75,277.890625,1570.640625
295,85918.2,85984.1,85918.2,85975.6,6319.0,87026.5,85951.15625,85681.2890625,1075.34375,269.8671875,1345.2109375
296,85962.7,85986.5,85945.6,85961.5,4096.0,87088.203125,85966.046875,85710.890625,1122.15625,255.15625,1377.3125
297,85962.6,86028.1,85961.3,86020.9,4533.0,87012.90625,85994.703125,85745.0234375,1018.203125,249.6796875,1267.8828125
298,86019.2,86020.8,85968.5,85968.5,2496.0,86782.953125,85994.6484375,85754.21875,788.3046875,240.4296875,1028.734375
299,85964.2,85964.2,85817.3,85832.3,3535.0,86826.703125,85890.75,85629.0,935.953125,261.75,1197.703125
300,85817.3,85865.2,85798.6,85861.3,10066.0,86859.953125,85831.90625,85576.3515625,1028.046875,255.5546875,1283.6015625
301,85863.3,85863.3,85794.8,85802.0,9386.0,87030.203125,85829.046875,85578.5,1201.15625,250.546875,1451.703125
302,85800.1,85864.7,85765.8,85810.0,5590.0,87186.6484375,85815.25,85560.0859375,1371.3984375,255.1640625,1626.5625
303,85810.1,85859.5,85810.1,85828.0,3362.0,87350.703125,85834.796875,85590.296875,1515.90625,244.5,1760.40625
304,85822.3,85860.8,85822.1,85831.6,5387.0,87225.40625,85841.453125,85609.796875,1383.953125,231.65625,1615.609375
305,85822.8,85888.9,85697.6,85697.6,6473.0,87318.3984375,85793.25,85527.3671875,1525.1484375,265.8828125,1791.03125
306,85695.3,85766.4,85656.3,85766.1,10213.0,87302.703125,85711.34375,85439.0234375,1591.359375,272.3203125,1863.6796875
307,85766.5,85852.0,85671.8,85693.6,3404.0,87350.59375,85761.8984375,85462.75,1588.6953125,299.1484375,1887.84375
308,85702.2,85723.8,85620.9,85622.9,5585.0,87463.6484375,85672.34375,85372.234375,1791.3046875,300.109375,2091.4140625
309,85644.7,85647.0,85622.9,85623.0,3111.0,87364.203125,85634.953125,85357.625,1729.25,277.328125,2006.578125
310,85631.0,85665.0,85631.0,85636.9,4084.0,87430.453125,85648.0,85385.8046875,1782.453125,262.1953125,2044.6484375
311,85636.1,85707.5,85636.1,85703.2,4418.0,87372.8984375,85671.796875,85414.40625,1701.1015625,257.390625,1958.4921875
312,85707.8,85771.7,85707.8,85711.1,2704.0,87391.3515625,85739.75,85487.546875,1651.6015625,252.203125,1903.8046875
313,85711.1,85769.9,85687.0,85752.4,4256.0,87466.40625,85728.453125,85476.6015625,1737.953125,251.8515625,1989.8046875
314,85748.2,85823.4,85698.3,85698.3,4213.0,87261.09375,85760.84375,85496.6484375,1500.25,264.1953125,1764.4453125
315,85698.2,85706.7,85631.2,85631.2,4632.0,87236.953125,85668.953125,85408.5234375,1568.0,260.4296875,1828.4296875
316,85632.3,85754.7,85625.5,85739.9,3221.0,87154.1484375,85690.1015625,85416.953125,1464.046875,273.1484375,1737.1953125
317,85747.2,85816.0,85691.2,85715.2,4803.0,87396.1015625,85753.6015625,85470.328125,1642.5,283.2734375,1925.7734375
318,85722.2,85737.1,85632.0,85659.7,3118.0,87267.59375,85684.546875,85398.0703125,1583.046875,286.4765625,1869.5234375
319,85661.6,85687.8,85644.3,85668.9,5380.0,87043.453125,85666.046875,85395.171875,1377.40625,270.875,1648.28125
320,85664.7,85768.7,85664.7,85768.7,3704.0,87186.046875,85716.703125,85441.7109375,1469.34375,274.9921875,1744.3359375
321,85775.8,85825.9,85674.0,85674.0,4334.0,87303.546875,85749.953125,85456.890625,1553.59375,293.0625,1846.65625
322,85661.1,85722.1,85629.1,85722.1,3253.0,87240.3984375,85675.6015625,85383.9453125,1564.796875,291.65625,1856.453125
323,85718.0,85751.9,85661.0,85667.1,3712.0,87111.65625,85706.453125,85416.6953125,1405.203125,289.7578125,1694.9609375
324,85667.1,85696.1,85603.6,85696.1,4164.0,87024.75,85649.8515625,85361.3203125,1374.8984375,288.53125,1663.4296875
325,85682.4,85804.0,85669.9,85767.0,16307.0,86824.25,85736.953125,85437.046875,1087.296875,299.90625,1387.203125
326,85759.8,85850.0,85747.8,85850.0,3203.0,86691.0,85798.8984375,85498.3203125,892.1015625,300.578125,1192.6796875
327,85854.0,85901.0,85835.9,85835.9,3468.0,86576.953125,85868.453125,85578.3984375,708.5,290.0546875,998.5546875
328,85832.3,85889.4,85832.3,85889.4,4198.0,86762.09375,85860.84375,85582.6640625,901.25,278.1796875,1179.4296875
329,85890.3,85902.1,85825.9,85852.1,3332.0,86710.5,85864.0,85590.78125,846.5,273.21875,1119.71875
330,85852.1,85930.9,85852.1,85878.5,3155.0,86555.1015625,85891.5,85621.9609375,663.6015625,269.5390625,933.140625
331,85874.2,85874.2,85692.2,85700.0,4425.0,86625.25,85783.203125,85484.7265625,842.046875,298.4765625,1140.5234375
332,85699.9,85699.9,85474.5,85474.5,8504.0,86485.8515625,85587.203125,85250.9296875,898.6484375,336.2734375,1234.921875
333,85473.9,85526.3,85420.3,85486.2,9694.0,86220.703125,85473.296875,85138.8515625,747.40625,334.4453125,1081.8515625
334,85501.5,85604.9,85480.8,85572.9,10546.0,86102.953125,85542.84375,85204.609375,560.109375,338.234375,898.34375
335,85568.5,85583.0,85450.0,85493.9,6985.0,85743.34375,85516.5,85172.1875,226.84375,344.3125,571.15625
336,85489.0,85582.8,85474.2,85555.8,32121.0,85680.75,85528.5,85186.0390625,152.25,342.4609375,494.7109375
337,85555.7,85555.7,85450.0,85476.3,4223.0,86047.3984375,85502.8515625,85162.8984375,544.546875,339.953125,884.5
338,85480.4,85523.9,85469.1,85472.7,7586.0,85930.1015625,85496.5,85174.1015625,433.6015625,322.3984375,756.0
339,85469.1,85523.7,85427.6,85442.0,8565.0,85846.546875,85475.65625,85156.671875,370.890625,318.984375,689.875
340,85442.0,85567.2,85442.0,85514.8,5399.0,85779.3515625,85504.6015625,85179.953125,274.75,324.6484375,599.3984375
341,85512.3,85561.3,85399.6,85561.3,6553.0,85573.453125,85480.453125,85139.7578125,93.0,340.6953125,433.6953125
342,85553.0,85729.4,85524.2,85654.8,5704.0,85824.953125,85626.796875,85258.6171875,198.15625,368.1796875,566.3359375
343,85654.9,85931.1,85654.9,85913.5,16924.0,85969.75,85793.0,85378.7421875,176.75,414.2578125,591.0078125
344,85914.5,86012.0,85878.8,85878.8,10279.0,86084.3984375,85945.3984375,85532.609375,139.0,412.7890625,551.7890625
345,85883.0,85996.5,85883.0,85948.5,6728.0,86066.90625,85939.75,85532.9296875,127.15625,406.8203125,533.9765625
346,85950.9,85979.7,85879.3,85879.3,3159.0,86011.8984375,85929.5,85533.2421875,82.3984375,396.2578125,478.65625
347,85875.2,85875.2,85723.7,85741.6,6791.0,86007.296875,85799.453125,85396.140625,207.84375,403.3125,611.15625
348,85745.6,85828.9,85745.6,85783.2,3525.0,85864.0,85787.25,85398.078125,76.75,389.171875,465.921875
349,85762.6,85807.2,85753.7,85778.3,2848.0,85809.203125,85780.453125,85414.1484375,28.75,366.3046875,395.0546875
350,85768.1,85816.5,85768.1,85816.5,4345.0,85739.6015625,85792.296875,85448.1015625,52.6953125,344.1953125,291.5
351,85816.6,85888.1,85804.1,85871.0,3167.0,85785.3515625,85846.1015625,85511.125,60.75,334.9765625,274.2265625
352,85863.5,85912.7,85846.6,85887.0,7238.0,85774.0,85879.65625,85558.3515625,105.65625,321.3046875,215.6484375
353,85889.3,85957.3,85854.7,85957.3,2948.0,85875.5,85906.0,85586.046875,30.5,319.953125,289.453125
354,85957.2,86040.2,85954.5,86032.3,5187.0,85787.046875,85997.3515625,85683.6796875,210.3046875,313.671875,103.3671875
355,86032.3,86077.6,86003.0,86058.2,4787.0,85569.25,86040.296875,85735.6171875,471.046875,304.6796875,166.3671875
356,86056.2,86121.1,86056.1,86056.2,4706.0,85645.34375,86088.6015625,85794.8828125,443.2578125,293.71875,149.5390625
357,86067.6,86115.4,86056.1,86056.1,3744.0,85927.453125,86085.75,85803.6171875,158.296875,282.1328125,123.8359375
358,86056.0,86056.0,85994.5,86026.6,2311.0,85900.40625,86025.25,85752.8515625,124.84375,272.3984375,147.5546875
359,86026.5,86060.7,86012.3,86059.4,3384.0,86118.25,86036.5,85776.8203125,81.75,259.6796875,341.4296875
360,86052.5,86089.3,86026.7,86087.3,3147.0,86125.3984375,86058.0,85805.5078125,67.3984375,252.4921875,319.890625
361,86087.2,86164.4,86012.3,86022.5,4912.0,86208.703125,86088.34375,85815.46875,120.359375,272.875,393.234375
362,86015.4,86086.4,85968.9,86082.1,4110.0,86105.546875,86027.6484375,85746.8125,77.8984375,280.8359375,358.734375
363,86062.7,86078.7,86027.4,86062.1,2589.0,86266.1015625,86053.046875,85783.8828125,213.0546875,269.1640625,482.21875
364,86068.1,86117.8,86020.7,86040.4,3568.0,86327.25,86069.25,85797.875,258.0,271.375,529.375
365,86040.5,86048.8,85957.1,85980.7,3070.0,86341.3984375,86002.953125,85731.2109375,338.4453125,271.7421875,610.1875
366,85978.0,86169.3,85967.8,86135.8,4361.0,86304.453125,86068.546875,85763.5234375,235.90625,305.0234375,540.9296875
367,86135.8,86248.1,86031.1,86060.6,6480.0,86050.75,86139.6015625,85799.984375,88.8515625,339.6171875,250.765625
368,86056.3,86067.4,86014.9,86014.9,2417.0,85939.046875,86041.1484375,85719.7421875,102.1015625,321.40625,219.3046875
369,86010.6,86130.3,86010.6,86121.1,5066.0,86085.1484375,86070.453125,85745.28125,14.6953125,325.171875,339.8671875
370,86116.7,86126.7,86075.7,86095.0,4595.0,86172.25,86101.203125,85793.2421875,71.046875,307.9609375,379.0078125
371,86092.5,86129.6,86060.8,86069.6,2470.0,86203.453125,86095.203125,85797.3984375,108.25,297.8046875,406.0546875
372,86075.4,86081.5,86056.1,86062.0,5649.0,86187.296875,86068.796875,85793.15625,118.5,275.640625,394.140625
373,86056.0,86119.4,86048.2,86119.4,3238.0,86065.8515625,86083.796875,85814.359375,17.9453125,269.4375,251.4921875
374,86128.0,86220.8,86122.8,86216.6,5249.0,86010.703125,86171.796875,85898.8828125,161.09375,272.9140625,111.8203125
375,86204.5,86322.9,86183.2,86192.3,9061.0,85881.25,86253.046875,85965.515625,371.796875,287.53125,84.265625
376,86192.2,86192.2,86142.7,86170.0,2753.0,85797.25,86167.453125,85893.796875,370.203125,273.65625,96.546875
377,86182.3,86340.0,86182.3,86301.2,7937.0,85813.5,86261.1484375,85963.859375,447.6484375,297.2890625,150.359375
378,86305.9,86338.2,86290.0,86290.0,3039.0,85654.3515625,86314.1015625,86032.078125,659.75,282.0234375,377.7265625
379,86286.2,86309.2,86236.0,86258.9,5341.0,85752.8984375,86272.6015625,85996.8203125,519.703125,275.78125,243.921875
380,86257.3,86338.3,86244.4,86303.6,3256.0,85663.953125,86291.34375,86014.96875,627.390625,276.375,351.015625
381,86303.6,86309.6,86250.7,86302.4,2599.0,85668.203125,86280.15625,86013.75,611.953125,266.40625,345.546875
382,86303.6,86344.9,86277.8,86340.4,4060.0,85719.953125,86311.34375,86051.453125,591.390625,259.890625,331.5
383,86338.3,86344.8,86258.4,86286.1,3108.0,85616.953125,86301.59375,86041.765625,684.640625,259.828125,424.8125
384,86286.4,86309.7,86252.1,86309.7,2156.0,85629.453125,86280.90625,86029.78125,651.453125,251.125,400.328125
385,86314.0,86344.9,86299.6,86344.9,3074.0,85625.3515625,86322.25,86082.6484375,696.8984375,239.6015625,457.296875
386,86344.8,86344.8,86286.7,86324.9,5096.0,85514.453125,86315.75,86082.6484375,801.296875,233.1015625,568.1953125
387,86334.8,86338.0,86254.7,86263.5,5631.0,85497.953125,86296.3515625,86061.578125,798.3984375,234.7734375,563.625
388,86267.7,86292.5,86240.0,86256.2,2701.0,85295.0,86266.25,86039.203125,971.25,227.046875,744.203125
389,86254.1,86254.1,86193.9,86207.5,2405.0,85328.046875,86224.0,86000.9609375,895.953125,223.0390625,672.9140625
390,86207.6,86266.1,86207.6,86266.1,6706.0,85200.796875,86236.8515625,86018.5390625,1036.0546875,218.3125,817.7421875
391,86267.1,86301.8,86220.0,86237.4,3000.0,83916.75,86260.8984375,86039.875,2344.1484375,221.0234375,2123.125
392,86238.3,86307.1,86219.1,86219.1,4243.0,84458.296875,86263.1015625,86037.78125,1804.8046875,225.3203125,1579.484375
393,86217.2,86256.4,86160.5,86238.5,3859.0,84117.046875,86208.453125,85976.8984375,2091.40625,231.5546875,1859.8515625
394,86242.7,86250.0,86205.0,86214.2,3779.0,84243.0,86227.5,86005.6015625,1984.5,221.8984375,1762.6015625
395,86205.6,86205.6,86062.1,86062.1,8078.0,84106.75,86133.8515625,85888.5078125,2027.1015625,245.34375,1781.7578125
396,86062.1,86067.8,86017.3,86036.8,5860.0,84109.6015625,86042.546875,85806.59375,1932.9453125,235.953125,1696.9921875
397,86033.7,86033.7,85869.9,85932.9,9270.0,84346.953125,85951.796875,85689.3671875,1604.84375,262.4296875,1342.4140625
398,85932.5,85949.1,85905.2,85905.2,2510.0,84557.8984375,85927.15625,85677.796875,1369.2578125,249.359375,1119.8984375
399,85902.4,85918.0,85846.1,85853.2,5250.0,84658.296875,85882.046875,85636.0546875,1223.75,245.9921875,977.7578125
400,85864.9,85889.3,85829.6,85867.5,2686.0,84567.703125,85859.453125,85620.15625,1291.75,239.296875,1052.453125
401,85855.7,85940.4,85855.7,85928.9,6484.0,84385.34375,85898.046875,85657.265625,1512.703125,240.78125,1271.921875
402,85926.0,85937.7,85894.7,85927.0,2066.0,84412.0,85916.203125,85686.6015625,1504.203125,229.6015625,1274.6015625
403,85928.6,86085.2,85894.1,86085.2,17823.0,84046.25,85989.65625,85725.6875,1943.40625,263.96875,1679.4375
404,86085.1,86225.3,86025.6,86058.2,69246.0,83966.953125,86125.453125,85827.96875,2158.5,297.484375,1861.015625
405,86058.2,86058.2,85965.0,85970.3,4219.0,83905.6015625,86011.6015625,85715.90625,2106.0,295.6953125,1810.3046875
406,85969.8,86053.8,85968.7,86053.8,2784.0,83730.8984375,86011.25,85719.59375,2280.3515625,291.65625,1988.6953125
407,86054.0,86116.5,86018.3,86113.2,1520.0,83860.75,86067.3984375,85775.4453125,2206.6484375,291.953125,1914.6953125
408,86112.1,86142.0,86038.7,86071.7,3330.0,83905.0,86090.3515625,85796.609375,2185.3515625,293.7421875,1891.609375
409,86071.6,86087.8,86033.8,86065.8,3745.0,83870.546875,86060.796875,85780.2265625,2190.25,280.5703125,1909.6796875
410,86070.7,86154.0,86070.7,86154.0,2658.0,83891.6484375,86112.3515625,85833.375,2220.703125,278.9765625,1941.7265625
411,86158.8,86187.3,86136.3,86136.3,1825.0,83739.546875,86161.796875,85895.421875,2422.25,266.375,2155.875
412,86136.1,86157.2,86093.9,86127.3,2414.0,83551.953125,86125.546875,85866.8203125,2573.59375,258.7265625,2314.8671875
413,86123.1,86146.9,86092.1,86096.5,2241.0,83333.75,86119.5,85870.203125,2785.75,249.296875,2536.453125
414,86107.5,86107.5,86049.8,86084.9,3268.0,83070.203125,86078.6484375,85836.96875,3008.4453125,241.6796875,2766.765625
415,86070.8,86144.4,86070.8,86139.5,1926.0,82969.1484375,86107.59375,85868.0,3138.4453125,239.59375,2898.8515625
416,86139.4,86208.2,86112.7,86112.7,2857.0,82658.296875,86160.453125,85916.171875,3502.15625,244.28125,3257.875
417,86129.9,86198.7,86124.3,86198.7,2111.0,82697.953125,86161.5,85915.84375,3463.546875,245.65625,3217.890625
418,86200.0,86219.3,86138.3,86138.3,2441.0,82545.5,86178.796875,85933.40625,3633.296875,245.390625,3387.90625
419,86135.0,86216.6,86133.7,86188.1,3033.0,82512.3984375,86175.15625,85929.4375,3662.7578125,245.71875,3417.0390625
420,86192.4,86234.1,86161.2,86211.7,3270.0,82230.75,86197.65625,85954.640625,3966.90625,243.015625,3723.890625
421,86211.6,86254.0,86118.7,86118.7,3784.0,82072.046875,86186.3515625,85927.046875,4114.3046875,259.3046875,3855.0
422,86120.6,86120.6,85981.3,86023.5,3653.0,82464.09375,86050.953125,85775.7890625,3586.859375,275.1640625,3311.6953125
423,86038.5,86096.8,86002.0,86002.0,4179.0,82150.953125,86049.3984375,85773.3125,3898.4453125,276.0859375,3622.359375
424,85999.1,86081.7,85999.1,86061.1,2863.0,82214.1015625,86040.40625,85767.1484375,3826.3046875,273.2578125,3553.046875
425,86060.1,86084.1,86005.2,86012.3,3312.0,82395.046875,86044.65625,85775.0546875,3649.609375,269.6015625,3380.0078125
426,86012.4,86124.6,85990.8,86002.0,5335.0,82423.1484375,86057.703125,85774.921875,3634.5546875,282.78125,3351.7734375
427,85997.7,86007.1,85951.4,85959.4,2851.0,82663.3984375,85979.25,85708.03125,3315.8515625,271.21875,3044.6328125
428,85959.3,85959.3,85800.9,85849.9,5078.0,82753.3984375,85880.09375,85588.4453125,3126.6953125,291.6484375,2835.046875
429,85857.6,85951.9,85857.6,85947.3,1962.0,82569.6015625,85904.75,85611.671875,3335.1484375,293.078125,3042.0703125
430,85956.3,86015.1,85938.5,85938.6,5221.0,82647.1015625,85976.796875,85690.046875,3329.6953125,286.75,3042.9453125
431,85932.1,85932.1,85836.9,85881.4,6432.0,82758.5,85884.5,85595.9140625,3126.0,288.5859375,2837.4140625
432,85891.7,86089.3,85891.7,85985.1,7549.0,82944.6484375,85990.5,85668.3984375,3045.8515625,322.1015625,2723.75
433,85991.3,86020.3,85972.0,85972.0,3266.0,83010.453125,85996.1484375,85691.7734375,2985.6953125,304.375,2681.3203125
434,85966.9,85993.7,85933.9,85973.8,3496.0,83183.90625,85963.796875,85671.9140625,2779.890625,291.8828125,2488.0078125
435,85961.0,85970.4,85883.3,85888.5,3662.0,83138.046875,85926.84375,85637.0,2788.796875,289.84375,2498.953125
436,85888.0,85888.0,85852.1,85869.9,2574.0,83164.453125,85870.046875,85598.265625,2705.59375,271.78125,2433.8125
437,85861.3,85874.5,85800.0,85845.3,2784.0,83096.1015625,85837.25,85570.296875,2741.1484375,266.953125,2474.1953125
438,85850.4,85866.5,85758.0,85774.0,10196.0,83011.40625,85812.25,85539.4453125,2800.84375,272.8046875,2528.0390625
439,85770.5,85770.5,85695.5,85742.7,8930.0,82789.046875,85733.0,85463.921875,2943.953125,269.078125,2674.875
440,85742.6,85742.6,85650.0,85692.3,5327.0,82503.59375,85696.296875,85426.3203125,3192.703125,269.9765625,2922.7265625
441,85692.3,85763.5,85692.3,85763.5,3544.0,82463.8515625,85727.8984375,85463.5546875,3264.046875,264.34375,2999.703125
442,85763.4,85831.0,85748.6,85819.0,4699.0,82395.6484375,85789.796875,85527.171875,3394.1484375,262.625,3131.5234375
443,85823.3,85843.9,85761.2,85765.4,4608.0,82334.703125,85802.546875,85541.375,3467.84375,261.171875,3206.671875
444,85765.3,85780.9,85723.6,85729.4,3187.0,82422.546875,85752.25,85500.0078125,3329.703125,252.2421875,3077.4609375
445,85727.3,85764.0,85685.6,85692.1,5761.0,82186.046875,85724.796875,85474.2578125,3538.75,250.5390625,3288.2109375
446,85691.1,85804.9,85654.5,85783.9,3678.0,82144.75,85729.703125,85459.1015625,3584.953125,270.6015625,3314.3515625
447,85784.8,85822.1,85700.1,85700.1,5072.0,82124.296875,85761.1015625,85480.953125,3636.8046875,280.1484375,3356.65625
448,85700.0,85700.0,85650.0,85657.6,3991.0,81734.046875,85675.0,85407.8359375,3940.953125,267.1640625,3673.7890625
449,85657.6,85657.6,85601.1,85619.1,7419.0,81241.546875,85629.3515625,85371.953125,4387.8046875,257.3984375,4130.40625
450,85619.6,85649.6,85600.0,85600.0,3742.0,81883.75,85624.796875,85378.2578125,3741.046875,246.5390625,3494.5078125
451,85600.0,85667.6,85600.0,85655.6,2979.0,82427.796875,85633.796875,85391.6328125,3206.0,242.1640625,2963.8359375
452,85641.1,85641.1,85606.0,85606.0,3229.0,82939.90625,85623.546875,85390.71875,2683.640625,232.828125,2450.8125
453,85600.0,85710.8,85588.3,85681.6,8372.0,83359.6015625,85649.546875,85403.25,2289.9453125,246.296875,2043.6484375
454,85677.5,85732.0,85669.1,85717.2,3388.0,83538.25,85700.546875,85460.015625,2162.296875,240.53125,1921.765625
455,85713.0,85839.8,85713.0,85747.9,13622.0,83331.046875,85776.3984375,85521.875,2445.3515625,254.5234375,2190.828125
456,85755.1,85777.9,85710.1,85727.9,4033.0,83439.3515625,85744.0,85494.59375,2304.6484375,249.40625,2055.2421875
457,85714.0,85727.9,85639.6,85686.6,4296.0,83590.703125,85683.75,85432.796875,2093.046875,250.953125,1842.09375
458,85687.3,85687.3,85548.0,85615.8,5345.0,83687.796875,85617.6484375,85350.0,1929.8515625,267.6484375,1662.203125
459,85613.0,85663.5,85533.1,85663.5,7573.0,84167.703125,85598.296875,85318.296875,1430.59375,280.0,1150.59375
460,85666.8,85782.0,85618.0,85618.0,8897.0,84103.40625,85700.0,85398.796875,1596.59375,301.203125,1295.390625
461,85621.1,85630.4,85570.6,85627.3,3147.0,83717.3515625,85600.5,85311.4765625,1883.1484375,289.0234375,1594.125
462,85635.8,85697.5,85627.4,85655.6,3532.0,83600.75,85662.453125,85381.2734375,2061.703125,281.1796875,1780.5234375
463,85652.8,85659.1,85604.3,85659.1,4554.0,83914.09375,85631.703125,85362.1953125,1717.609375,269.5078125,1448.1015625
464,85669.4,85729.7,85650.1,85672.0,3026.0,84152.453125,85689.90625,85423.46875,1537.453125,266.4375,1271.015625
465,85663.3,85706.7,85610.2,85610.2,5217.0,84295.046875,85658.453125,85389.7109375,1363.40625,268.7421875,1094.6640625
466,85608.2,85635.8,85570.2,85622.3,3904.0,84405.453125,85603.0,85341.453125,1197.546875,261.546875,936.0
467,85629.1,85700.6,85614.6,85677.6,4544.0,84225.796875,85657.6015625,85396.4140625,1431.8046875,261.1875,1170.6171875
468,85677.6,85714.4,85666.9,85705.9,2819.0,84018.8515625,85690.6484375,85441.328125,1671.796875,249.3203125,1422.4765625
469,85705.9,85723.0,85666.1,85666.3,2148.0,84003.6484375,85694.546875,85453.0859375,1690.8984375,241.4609375,1449.4375
470,85666.2,85703.8,85638.3,85682.5,3588.0,84013.1484375,85671.046875,85434.0859375,1657.8984375,236.9609375,1420.9375
471,85680.5,85730.5,85654.1,85696.0,4799.0,83739.3984375,85692.296875,85456.109375,1952.8984375,236.1875,1716.7109375
472,85689.5,85709.4,85627.8,85627.8,5447.0,83802.796875,85668.59375,85431.546875,1865.796875,237.046875,1628.75
473,85625.0,85655.8,85555.5,85559.8,4459.0,83656.65625,85605.6484375,85362.21875,1948.9921875,243.4296875,1705.5625
474,85564.9,85657.3,85564.9,85618.3,5351.0,84278.34375,85611.09375,85362.7578125,1332.75,248.3359375,1084.4140625
475,85617.3,85669.2,85602.1,85648.0,2294.0,85071.296875,85635.65625,85392.0234375,564.359375,243.6328125,320.7265625
476,85647.9,85647.9,85543.9,85583.7,4378.0,85273.75,85595.8984375,85345.3984375,322.1484375,250.5,71.6484375
477,85586.0,85586.0,85548.5,85573.6,3724.0,84619.703125,85567.25,85330.546875,947.546875,236.703125,710.84375
478,85573.0,85629.0,85552.6,85624.7,6905.0,85074.3984375,85590.796875,85354.84375,516.3984375,235.953125,280.4453125
479,85624.7,85624.7,85566.8,85578.8,4323.0,85303.8984375,85595.75,85366.0234375,291.8515625,229.7265625,62.125
480,85576.0,85636.0,85562.7,85631.7,6170.0,84730.796875,85599.3515625,85370.609375,868.5546875,228.7421875,639.8125
481,85615.4,85650.7,85588.0,85604.5,5528.0,84729.296875,85619.3515625,85394.671875,890.0546875,224.6796875,665.375
482,85604.4,85608.2,85542.0,85590.6,11641.0,84468.0,85575.1015625,85353.03125,1107.1015625,222.0703125,885.03125
483,85590.6,85656.1,85501.2,85629.1,8618.0,84183.8984375,85578.65625,85332.3203125,1394.7578125,246.3359375,1148.421875
484,85619.6,85666.1,85604.8,85666.1,11701.0,83957.5,85635.453125,85395.359375,1677.953125,240.09375,1437.859375
485,85680.0,85762.5,85631.2,85631.2,19912.0,84021.09375,85696.8515625,85441.375,1675.7578125,255.4765625,1420.28125
486,85630.2,85630.2,85558.1,85577.5,8144.0,83844.546875,85594.15625,85342.296875,1749.609375,251.859375,1497.75
487,85599.6,85620.5,85485.0,85518.3,4472.0,83349.40625,85552.75,85285.4296875,2203.34375,267.3203125,1936.0234375
488,85520.4,85536.4,85455.1,85462.1,3761.0,83025.09375,85495.75,85230.7734375,2470.65625,264.9765625,2205.6796875
489,85469.1,85527.2,85457.5,85527.2,5913.0,83376.546875,85492.3515625,85232.9609375,2115.8046875,259.390625,1856.4140625
490,85516.7,85541.7,85474.8,85499.5,4240.0,83118.09375,85508.25,85254.7265625,2390.15625,253.5234375,2136.6328125
491,85499.5,85512.8,85477.6,85496.9,3884.0,83180.1015625,85495.203125,85256.4765625,2315.1015625,238.7265625,2076.375
492,85496.9,85516.1,85487.7,85516.1,2319.0,83059.953125,85501.90625,85278.53125,2441.953125,223.375,2218.578125
493,85512.7,85536.2,85505.6,85509.6,2976.0,82635.6484375,85520.90625,85310.6875,2885.2578125,210.21875,2675.0390625
494,85514.9,85535.1,85438.1,85513.3,7962.0,82893.40625,85486.6015625,85268.3046875,2593.1953125,218.296875,2374.8984375
495,85521.4,85528.7,85482.0,85504.2,7172.0,83042.75,85505.3515625,85294.875,2462.6015625,210.4765625,2252.125
496,85504.1,85504.1,85387.9,85458.0,18297.0,83235.796875,85446.0,85221.6796875,2210.203125,224.3203125,1985.8828125
497,85447.9,85491.8,85408.0,85417.6,5314.0,83226.046875,85449.8984375,85222.8671875,2223.8515625,227.03125,1996.8203125
498,85429.0,85483.7,85403.2,85461.9,2438.0,83165.546875,85443.453125,85214.9765625,2277.90625,228.4765625,2049.4296875
499,85461.9,85513.3,85409.2,85414.0,2979.0,83544.203125,85461.25,85224.390625,1917.046875,236.859375,1680.1875
500,85408.2,85408.2,85161.3,85164.3,39030.0,83657.0,85284.75,84995.765625,1627.75,288.984375,1338.765625
501,85160.1,85331.3,85155.4,85173.1,30477.0,83536.09375,85243.34375,84930.4921875,1707.25,312.8515625,1394.3984375
502,85168.9,85258.7,85168.9,85220.2,7878.0,84288.296875,85213.796875,84905.2890625,925.5,308.5078125,616.9921875
503,85235.2,85317.8,85183.1,85287.0,7815.0,84755.046875,85250.453125,84932.3828125,495.40625,318.0703125,177.3359375
504,85289.0,85333.4,85262.8,85309.2,6174.0,84844.25,85298.09375,84990.65625,453.84375,307.4375,146.40625
505,85313.5,85363.1,85289.8,85333.1,5400.0,85335.34375,85326.453125,85027.765625,8.890625,298.6875,307.578125
506,85333.0,85333.0,85271.7,85271.7,2489.0,85320.703125,85302.3515625,85015.109375,18.3515625,287.2421875,305.59375
507,85271.8,85323.1,85250.0,85312.8,4338.0,85290.3515625,85286.546875,85006.1015625,3.8046875,280.4453125,284.25
508,85314.8,85351.5,85282.4,85288.7,2753.0,85263.953125,85316.953125,85043.8203125,53.0,273.1328125,220.1328125
509,85294.6,85294.6,85197.3,85197.3,11465.0,85364.703125,85245.953125,84970.9453125,118.75,275.0078125,393.7578125
510,85208.0,85302.4,85180.7,85225.4,21586.0,85387.84375,85241.546875,84957.53125,146.296875,284.015625,430.3125
511,85233.8,85245.6,85111.1,85164.5,18436.0,85467.3515625,85178.3515625,84882.3828125,289.0,295.96875,584.96875
512,85156.0,85156.0,84600.0,84823.2,231593.0,85234.296875,84878.0,84442.28125,356.296875,435.71875,792.015625
513,84823.2,84845.1,83173.2,83177.4,590196.0,85298.0,84009.15625,83115.4375,1288.84375,893.71875,2182.5625
514,83177.4,83627.0,81277.3,83373.4,754291.0,85246.203125,82452.1484375,80942.890625,2794.0546875,1509.2578125,4303.3125
515,83371.8,83867.6,83225.0,83770.1,179103.0,84990.046875,83546.296875,81995.1875,1443.75,1551.109375,2994.859375
516,83761.6,83783.0,83156.9,83492.3,111964.0,84781.546875,83469.953125,81886.125,1311.59375,1583.828125,2895.421875
517,83492.3,84050.5,83441.5,83955.1,58244.0,84209.046875,83746.0,82137.8515625,463.046875,1608.1484375,2071.1953125
518,83955.3,84024.7,83683.2,83978.0,66531.0,83998.0,83853.953125,82304.171875,144.046875,1549.78125,1693.828125
519,83986.2,84147.0,83954.7,84055.5,37277.0,83746.546875,84050.8515625,82598.359375,304.3046875,1452.4921875,1148.1875
520,84058.4,84486.0,83945.4,84261.5,47252.0,83606.203125,84215.703125,82746.28125,609.5,1469.421875,859.921875
521,84261.4,84480.4,84261.4,84371.1,38379.0,83927.25,84370.8984375,82982.71875,443.6484375,1388.1796875,944.53125
522,84371.2,84436.2,84079.0,84251.8,25485.0,84351.90625,84257.6015625,82901.078125,94.3046875,1356.5234375,1450.828125
523,84251.8,84439.8,84130.6,84414.2,33484.0,84563.84375,84285.203125,82971.5703125,278.640625,1313.6328125,1592.2734375
524,84413.2,84460.5,84326.4,84340.9,25856.0,84394.3515625,84393.453125,83170.953125,0.8984375,1222.5,1223.3984375
525,84340.9,84366.2,84005.9,84104.9,21710.0,84532.953125,84186.046875,82977.703125,346.90625,1208.34375,1555.25
526,84104.8,84108.3,83916.0,83972.3,26099.0,84916.703125,84012.1484375,82866.953125,904.5546875,1145.1953125,2049.75
527,83972.3,84125.8,83823.2,84004.7,42567.0,84701.453125,83974.5,82853.046875,726.953125,1121.453125,1848.40625
528,84000.4,84076.4,83764.7,83946.5,24317.0,84615.5,83920.546875,82817.7265625,694.953125,1102.8203125,1797.7734375
529,83948.4,83962.7,83800.6,83923.2,12939.0,84650.703125,83881.65625,82840.4921875,769.046875,1041.1640625,1810.2109375
530,83923.3,84363.1,83896.8,84276.2,35765.0,84769.34375,84129.953125,83053.015625,639.390625,1076.9375,1716.328125
531,84271.9,84271.9,84119.9,84125.6,8578.0,84700.5,84195.8984375,83179.7578125,504.6015625,1016.140625,1520.7421875
532,84125.6,84214.1,84125.6,84201.1,7444.0,84996.1484375,84169.8515625,83228.78125,826.296875,941.0703125,1767.3671875
533,84206.6,84230.6,83950.7,84025.7,13118.0,84991.3515625,84090.65625,83159.71875,900.6953125,930.9375,1831.6328125
534,84025.6,84046.8,83888.0,83892.8,13711.0,84852.296875,83967.3984375,83081.9140625,884.8984375,885.484375,1770.3828125
535,83892.9,83942.0,83773.1,83924.9,18049.0,84830.5,83857.546875,83009.9453125,972.953125,847.6015625,1820.5546875
536,83930.0,84106.7,83911.3,84093.5,17280.0,84698.796875,84009.0,83187.5390625,689.796875,821.4609375,1511.2578125
537,84093.5,84106.8,83890.5,83890.5,12428.0,84385.25,83998.6484375,83194.4375,386.6015625,804.2109375,1190.8125
538,83890.5,84011.9,83836.9,84000.0,12719.0,84311.703125,83924.3984375,83148.109375,387.3046875,776.2890625,1163.59375
539,83999.9,84104.6,83965.8,84031.3,23635.0,84313.203125,84035.203125,83294.90625,278.0,740.296875,1018.296875
540,84027.0,84062.7,83935.3,83956.4,10085.0,84353.25,83999.0,83294.5078125,354.25,704.4921875,1058.7421875
541,83954.4,84113.1,83954.4,84077.6,8905.0,84087.84375,84033.75,83352.09375,54.09375,681.65625,735.75
542,84071.4,84106.1,83906.4,83943.9,8605.0,84219.3984375,84006.25,83332.8515625,213.1484375,673.3984375,886.546875
543,83943.9,83977.6,83786.0,83829.0,14854.0,83984.15625,83881.796875,83218.2578125,102.359375,663.5390625,765.8984375
544,83828.9,83834.2,83682.8,83769.5,25721.0,83870.5,83758.5,83115.890625,112.0,642.609375,754.609375
545,83753.6,84164.5,83737.6,84164.5,19937.0,83889.3984375,83951.046875,83244.6328125,61.6484375,706.4140625,644.765625
546,84166.5,84403.6,84152.8,84233.0,27365.0,83582.34375,84278.203125,83567.1875,695.859375,711.015625,15.15625
547,84222.5,84290.3,84123.7,84247.0,19768.0,83848.75,84207.0,83517.109375,358.25,689.890625,331.640625
548,84248.0,84306.9,84207.2,84235.9,8087.0,84191.953125,84257.046875,83606.234375,65.09375,650.8125,585.71875
549,84229.8,84299.8,84133.2,84277.6,6664.0,84527.75,84216.5,83580.7890625,311.25,635.7109375,946.9609375
550,84276.6,84300.0,84145.9,84204.3,6741.0,84547.5,84222.953125,83604.5859375,324.546875,618.3671875,942.9140625
551,84197.3,84496.8,84197.3,84421.5,10103.0,84618.296875,84347.046875,83700.6640625,271.25,646.3828125,917.6328125
552,84412.1,84619.0,84398.1,84521.6,14509.0,84720.59375,84508.546875,83860.53125,212.046875,648.015625,860.0625
553,84521.1,84690.3,84521.1,84637.8,8961.0,84605.6484375,84605.703125,83971.734375,0.0546875,633.96875,633.9140625
554,84628.4,84635.7,84452.7,84481.3,14046.0,84590.546875,84544.203125,83918.1015625,46.34375,626.1015625,672.4453125
555,84493.9,84667.9,84477.9,84667.9,7251.0,84549.6015625,84572.8984375,83952.40625,23.296875,620.4921875,597.1953125
556,84675.9,84698.7,84520.8,84541.7,10289.0,84789.59375,84609.75,83997.9375,179.84375,611.8125,791.65625
557,84550.2,84617.9,84520.8,84568.8,10589.0,84963.453125,84569.34375,83989.578125,394.109375,579.765625,973.875
558,84573.0,84583.0,84431.4,84437.8,19801.0,85064.15625,84507.203125,83939.9375,556.953125,567.265625,1124.21875
559,84437.8,84500.3,84329.1,84345.4,20059.0,85247.59375,84414.703125,83852.8046875,832.890625,561.8984375,1394.7890625
560,84345.5,84547.8,84322.4,84523.8,12934.0,85356.296875,84435.09375,83861.765625,921.203125,573.328125,1494.53125
561,84512.0,84575.5,84351.8,84454.9,17389.0,85235.453125,84463.6484375,83880.5390625,771.8046875,583.109375,1354.9140625
562,84463.3,84559.9,84418.1,84488.0,6071.0,85393.6484375,84489.0,83921.6640625,904.6484375,567.3359375,1471.984375
563,84483.7,84575.3,84410.1,84568.3,16707.0,85257.546875,84492.703125,83932.5390625,764.84375,560.1640625,1325.0078125
564,84566.0,84633.5,84500.0,84500.1,6184.0,85327.75,84566.75,84022.5546875,761.0,544.1953125,1305.1953125
565,84505.0,84508.1,84367.5,84380.3,5297.0,85316.1484375,84437.796875,83905.84375,878.3515625,531.953125,1410.3046875
566,84380.2,84382.3,84259.6,84263.9,13940.0,85211.75,84320.953125,83805.3828125,890.796875,515.5703125,1406.3671875
567,84267.2,84388.4,84245.3,84335.2,13017.0,85186.703125,84316.84375,83809.8984375,869.859375,506.9453125,1376.8046875
568,84333.1,84359.2,84254.9,84281.2,5456.0,85101.453125,84307.046875,83819.5078125,794.40625,487.5390625,1281.9453125
569,84299.1,84302.4,84183.8,84222.4,6337.0,84945.65625,84243.09375,83768.7265625,702.5625,474.3671875,1176.9296875
570,84218.2,84288.9,84185.7,84259.6,17105.0,84599.453125,84237.296875,83779.40625,362.15625,457.890625,820.046875
571,84256.1,84401.5,84256.1,84368.0,3991.0,84624.34375,84328.796875,83873.078125,295.546875,455.71875,751.265625
572,84356.6,84422.5,84348.0,84416.0,3753.0,84559.6015625,84385.25,83952.75,174.3515625,432.5,606.8515625
573,84412.6,84423.2,84229.5,84233.8,7003.0,84785.3984375,84326.3515625,83878.9921875,459.046875,447.359375,906.40625
574,84241.4,84258.3,84025.8,84087.2,20531.0,84548.8984375,84142.046875,83669.671875,406.8515625,472.375,879.2265625
575,84092.5,84117.3,83974.2,84081.9,12807.0,84503.296875,84045.75,83577.6875,457.546875,468.0625,925.609375
576,84074.3,84074.3,83921.5,83966.6,11815.0,87965.796875,83997.8984375,83528.5234375,3967.8984375,469.375,4437.2734375
577,83961.5,84018.2,83932.4,83996.5,7262.0,87717.1484375,83975.296875,83527.1171875,3741.8515625,448.1796875,4190.03125
578,83990.5,84098.4,83954.6,84026.7,16272.0,87369.453125,84026.5,83580.0,3342.953125,446.5,3789.453125
579,84031.0,84091.9,83981.0,83997.6,4046.0,87657.1484375,84036.453125,83601.3359375,3620.6953125,435.1171875,4055.8125
580,83996.6,83996.6,83856.6,83871.3,10885.0,87240.0,83926.6015625,83492.6953125,3313.3984375,433.90625,3747.3046875
581,83862.0,83979.0,83819.5,83926.6,18306.0,87309.59375,83899.25,83460.8828125,3410.34375,438.3671875,3848.7109375
582,83926.6,83954.9,83751.1,83780.1,10925.0,87180.6015625,83853.0,83397.328125,3327.6015625,455.671875,3783.2734375
583,83780.9,83881.9,83754.6,83777.5,17305.0,86827.5,83818.25,83369.9609375,3009.25,448.2890625,3457.5390625
584,83779.5,83873.5,83750.0,83805.9,31807.0,86995.90625,83811.75,83371.234375,3184.15625,440.515625,3624.671875
585,83796.8,83874.7,83724.6,83741.9,29439.0,86912.90625,83799.65625,83358.1640625,3113.25,441.4921875,3554.7421875
586,83742.0,83828.0,83732.8,83768.1,8394.0,86684.59375,83780.3984375,83354.4921875,2904.1953125,425.90625,3330.1015625
587,83770.4,83983.2,83770.4,83963.1,9143.0,86780.1015625,83876.796875,83428.953125,2903.3046875,447.84375,3351.1484375
588,83963.1,83990.8,83844.3,83872.8,6328.0,86723.453125,83917.546875,83470.5390625,2805.90625,447.0078125,3252.9140625
589,83864.7,83890.0,83728.7,83728.7,8651.0,86948.0,83809.3515625,83358.65625,3138.6484375,450.6953125,3589.34375
590,83724.6,83753.9,83626.6,83653.1,15237.0,87080.15625,83690.25,83246.4296875,3389.90625,443.8203125,3833.7265625
591,83675.5,83764.3,83633.8,83699.0,17326.0,87237.1484375,83699.046875,83260.4609375,3538.1015625,438.5859375,3976.6875
592,83691.8,83697.5,83576.0,83692.0,14180.0,87072.5,83636.75,83205.125,3435.75,431.625,3867.375
593,83700.4,83828.0,83700.4,83768.1,20744.0,87225.75,83764.203125,83334.9375,3461.546875,429.265625,3890.8125
594,83774.0,83820.8,83635.4,83701.0,9920.0,87162.6484375,83728.09375,83286.1328125,3434.5546875,441.9609375,3876.515625
595,83695.9,83786.6,83679.7,83783.8,10010.0,87239.046875,83733.15625,83303.328125,3505.890625,429.828125,3935.71875
596,83788.0,83862.9,83781.0,83817.1,13303.0,87362.046875,83821.953125,83410.5390625,3540.09375,411.4140625,3951.5078125
597,83817.2,83858.6,83785.7,83799.7,6080.0,87286.0,83822.15625,83430.0078125,3463.84375,392.1484375,3855.9921875
598,83799.7,83824.4,83707.4,83715.0,7485.0,87367.203125,83765.8984375,83377.8671875,3601.3046875,388.03125,3989.3359375
599,83715.0,83733.2,83636.1,83636.1,6127.0,87277.203125,83684.65625,83306.296875,3592.546875,378.359375,3970.90625
600,83636.1,83795.2,83636.1,83779.9,4312.0,87280.1484375,83715.65625,83327.40625,3564.4921875,388.25,3952.7421875
601,83786.9,83894.1,83751.7,83868.9,21353.0,87333.046875,83822.90625,83430.7578125,3510.140625,392.1484375,3902.2890625
602,83864.7,83915.9,83809.1,83887.5,8606.0,87179.703125,83862.5,83477.53125,3317.203125,384.96875,3702.171875
603,83887.4,83939.8,83877.6,83920.3,3860.0,87074.5,83908.703125,83543.5703125,3165.796875,365.1328125,3530.9296875
604,83924.6,83989.8,83863.2,83921.5,6033.0,86982.3515625,83926.5,83559.90625,3055.8515625,366.59375,3422.4453125
605,83922.5,83976.3,83825.6,83833.7,6568.0,87216.6015625,83900.953125,83525.8046875,3315.6484375,375.1484375,3690.796875
606,83833.7,83873.5,83730.9,83853.3,9538.0,87145.296875,83802.203125,83421.7890625,3343.09375,380.4140625,3723.5078125
607,83863.5,83867.6,83690.1,83711.3,9399.0,86941.046875,83778.8515625,83383.234375,3162.1953125,395.6171875,3557.8125
608,83705.2,83764.7,83688.8,83724.5,6364.0,87109.1484375,83726.75,83347.921875,3382.3984375,378.828125,3761.2265625
609,83722.3,83730.0,83650.2,83656.4,5595.0,87186.6484375,83690.1015625,83325.2109375,3496.546875,364.890625,3861.4375
610,83652.4,83737.5,83580.0,83737.5,9843.0,87130.546875,83658.75,83283.1015625,3471.796875,375.6484375,3847.4453125
611,83749.4,83902.4,83749.4,83829.3,23824.0,87042.1484375,83825.8984375,83438.34375,3216.25,387.5546875,3603.8046875
612,83840.7,83880.9,83738.1,83790.5,7625.0,86946.8984375,83809.5,83417.8671875,3137.3984375,391.6328125,3529.03125
613,83782.5,83786.6,83653.4,83706.2,9009.0,86645.546875,83720.0,83326.3984375,2925.546875,393.6015625,3319.1484375
614,83693.7,83716.8,83686.1,83706.8,4030.0,86511.046875,83701.453125,83338.0,2809.59375,363.453125,3173.046875
615,83703.1,83773.7,83700.3,83723.0,4499.0,86447.25,83737.0,83387.875,2710.25,349.125,3059.375
616,83728.8,83766.6,83605.2,83614.7,5211.0,86550.6484375,83685.90625,83323.2734375,2864.7421875,362.6328125,3227.375
617,83619.8,83712.5,83605.4,83707.3,5081.0,86596.0,83658.953125,83300.453125,2937.046875,358.5,3295.546875
618,83707.2,83715.0,83605.6,83625.1,5532.0,86375.3515625,83660.296875,83304.828125,2715.0546875,355.46875,3070.5234375
619,83632.5,83681.5,83608.1,83633.7,2527.0,86460.953125,83644.796875,83302.8515625,2816.15625,341.9453125,3158.1015625
620,83641.5,83675.1,83404.8,83509.7,28966.0,86383.296875,83539.953125,83151.109375,2843.34375,388.84375,3232.1875
621,83511.7,83610.5,83364.6,83364.7,13554.0,86029.453125,83487.546875,83063.8203125,2541.90625,423.7265625,2965.6328125
622,83363.6,83493.4,83313.0,83425.7,7002.0,85823.703125,83403.203125,82967.7265625,2420.5,435.4765625,2855.9765625
623,83425.8,83497.8,83352.9,83358.4,21014.0,85579.453125,83425.34375,82989.9453125,2154.109375,435.3984375,2589.5078125
624,83361.2,83398.6,83304.6,83324.3,14907.0,85542.703125,83351.6015625,82931.546875,2191.1015625,420.0546875,2611.15625
625,83324.3,83355.3,83284.7,83334.3,8920.0,85914.25,83320.0,82920.7734375,2594.25,399.2265625,2993.4765625
626,83346.7,83346.7,83150.8,83181.1,41793.0,85832.953125,83248.75,82830.671875,2584.203125,418.078125,3002.28125
627,83174.1,83320.8,83146.9,83226.1,12694.0,85617.75,83233.84375,82805.40625,2383.90625,428.4375,2812.34375
628,83218.3,83238.8,83062.5,83062.5,21836.0,85662.5,83150.6484375,82712.1640625,2511.8515625,438.484375,2950.3359375
629,83058.7,83203.9,83058.7,83076.1,23222.0,85466.5,83131.296875,82693.1015625,2335.203125,438.1953125,2773.3984375
630,83074.2,83231.8,83050.5,83069.4,17291.0,85675.203125,83141.1484375,82692.3828125,2534.0546875,448.765625,2982.8203125
631,83049.5,83095.4,82865.7,83040.7,43387.0,85710.5,82980.546875,82507.75,2729.953125,472.796875,3202.75
632,83036.6,83045.0,82700.0,82806.5,37530.0,85993.453125,82872.5,82343.484375,3120.953125,529.015625,3649.96875
633,82778.9,82940.5,82747.1,82860.2,18664.0,85998.8515625,82843.796875,82309.6640625,3155.0546875,534.1328125,3689.1875
634,82869.4,82985.0,82860.8,82870.9,23699.0,85956.046875,82922.8984375,82404.734375,3033.1484375,518.1640625,3551.3125
635,82871.0,82984.9,82840.1,82974.5,20211.0,85953.453125,82912.5,82402.71875,3040.953125,509.78125,3550.734375
636,82974.5,82985.0,82827.6,82841.9,11346.0,85780.296875,82906.296875,82400.2734375,2874.0,506.0234375,3380.0234375
637,82838.6,82953.3,82804.1,82953.3,21336.0,85664.046875,82878.703125,82378.5234375,2785.34375,500.1796875,3285.5234375
638,82949.2,82957.2,82736.6,82741.6,11185.0,85671.953125,82846.90625,82330.5625,2825.046875,516.34375,3341.390625
639,82737.0,82789.5,82602.4,82686.1,33922.0,85658.3515625,82695.953125,82175.1171875,2962.3984375,520.8359375,3483.234375
640,82686.0,82729.9,82603.4,82682.8,20981.0,85651.546875,82666.6484375,82159.9453125,2984.8984375,506.703125,3491.6015625
641,82685.0,82700.0,82518.0,82532.8,19045.0,85791.84375,82609.0,82098.3671875,3182.84375,510.6328125,3693.4765625
642,82541.0,82616.6,82480.1,82572.2,18141.0,85583.3515625,82548.3515625,82047.828125,3035.0,500.5234375,3535.5234375
643,82576.3,82596.8,82478.2,82495.0,14079.0,85462.1015625,82537.5,82051.453125,2924.6015625,486.046875,3410.6484375
644,82495.1,82675.0,82495.1,82648.4,27026.0,85461.90625,82585.046875,82093.6015625,2876.859375,491.4453125,3368.3046875
645,82648.4,82684.7,82571.7,82624.2,46050.0,85801.5,82628.203125,82152.0078125,3173.296875,476.1953125,3649.4921875
646,82630.4,82670.6,82578.5,82657.8,14204.0,85825.3515625,82624.546875,82168.3359375,3200.8046875,456.2109375,3657.015625
647,82653.8,82725.3,82600.2,82725.3,12563.0,86056.1015625,82662.75,82214.6328125,3393.3515625,448.1171875,3841.46875
648,82725.3,82757.9,82582.5,82603.3,8666.0,85990.59375,82670.203125,82214.28125,3320.390625,455.921875,3776.3125
649,82606.3,82607.3,82472.6,82538.4,9220.0,85999.453125,82539.953125,82089.2109375,3459.5,450.7421875,3910.2421875
650,82546.8,82599.2,82477.9,82514.0,6482.0,86058.453125,82538.546875,82096.4921875,3519.90625,442.0546875,3961.9609375
651,82509.9,82590.9,82500.1,82500.1,18087.0,86162.5,82545.5,82120.40625,3617.0,425.09375,4042.09375
652,82500.0,82500.1,82280.0,82280.0,18549.0,86264.25,82390.046875,81941.4375,3874.203125,448.609375,4322.8125
653,82275.9,82344.9,82234.6,82257.7,21916.0,86270.703125,82289.75,81852.90625,3980.953125,436.84375,4417.796875
654,82248.8,82285.7,82125.3,82149.0,14685.0,86219.546875,82205.5,81764.21875,4014.046875,441.28125,4455.328125
655,82144.8,82267.9,82116.5,82208.8,12339.0,85943.59375,82192.203125,81749.6328125,3751.390625,442.5703125,4193.9609375
656,82210.8,82518.0,82210.8,82497.1,30776.0,85875.203125,82364.3984375,81873.328125,3510.8046875,491.0703125,4001.875
657,82497.4,82506.8,82390.0,82453.9,12146.0,85993.5,82448.3984375,81971.390625,3545.1015625,477.0078125,4022.109375
658,82453.8,82478.6,82349.3,82387.6,7323.0,86115.09375,82413.953125,81945.859375,3701.140625,468.09375,4169.234375
659,82385.9,82385.9,82201.4,82217.5,10488.0,86118.5,82293.6484375,81816.5,3824.8515625,477.1484375,4302.0
660,82216.4,82231.7,82112.2,82176.2,12266.0,86050.0,82171.953125,81706.671875,3878.046875,465.28125,4343.328125
661,82178.3,82200.4,82111.0,82161.7,16371.0,85971.09375,82155.703125,81710.1328125,3815.390625,445.5703125,4260.9609375
662,82168.0,82261.1,82020.7,82078.6,15816.0,85864.296875,82140.90625,81667.7734375,3723.390625,473.1328125,4196.5234375
663,82078.5,82089.4,81712.9,81949.0,58374.0,85826.046875,81901.1484375,81362.375,3924.8984375,538.7734375,4463.671875
664,81948.9,81974.5,81786.1,81935.6,25616.0,85720.453125,81880.296875,81338.8828125,3840.15625,541.4140625,4381.5703125
665,81943.5,82391.7,81927.3,82061.4,45415.0,85677.296875,82159.5,81532.90625,3517.796875,626.59375,4144.390625
666,82053.6,82085.5,81905.2,82062.6,16898.0,85603.0,81995.3515625,81377.328125,3607.6484375,618.0234375,4225.671875
667,82058.6,82058.6,81802.1,81872.6,21012.0,85674.8515625,81930.3515625,81295.9765625,3744.5,634.375,4378.875
668,81871.0,82140.3,81859.4,82019.9,32565.0,85599.0,81999.84375,81344.640625,3599.15625,655.203125,4254.359375
669,82012.6,82139.7,82004.9,82080.5,55937.0,85592.40625,82072.296875,81442.171875,3520.109375,630.125,4150.234375
670,82080.3,82443.9,82070.5,82414.7,20236.0,85640.953125,82257.203125,81578.0703125,3383.75,679.1328125,4062.8828125
671,82408.7,82428.3,82331.5,82382.7,17538.0,85546.203125,82379.8984375,81739.640625,3166.3046875,640.2578125,3806.5625
672,82382.7,82499.9,82309.5,82316.1,21160.0,85565.0,82404.703125,81771.3515625,3160.296875,633.3515625,3793.6484375
673,82309.4,82329.3,82107.0,82168.8,13391.0,85521.546875,82218.1484375,81581.4453125,3303.3984375,636.703125,3940.1015625
674,82168.3,82242.3,82082.7,82124.0,23107.0,85482.65625,82162.5,81541.5859375,3320.15625,620.9140625,3941.0703125
675,82116.1,82140.8,81937.9,81944.2,15948.0,85397.953125,82039.34375,81419.6484375,3358.609375,619.6953125,3978.3046875
676,81936.1,82077.4,81640.3,82072.8,26241.0,85162.1484375,81858.84375,81169.9921875,3303.3046875,688.8515625,3992.15625
677,82080.7,82224.5,81960.7,81975.2,13752.0,85260.8515625,82092.6015625,81393.4921875,3168.25,699.109375,3867.359375
678,81956.1,82014.3,81770.3,81877.2,9149.0,84855.546875,81892.296875,81189.8984375,2963.25,702.3984375,3665.6484375
679,81878.3,82077.9,81873.7,82077.8,19767.0,83299.203125,81975.796875,81282.3828125,1323.40625,693.4140625,2016.8203125
680,82077.9,82077.9,81864.9,81965.1,12777.0,84170.203125,81971.3984375,81283.421875,2198.8046875,687.9765625,2886.78125
681,81963.2,82231.1,81947.7,82190.6,22895.0,83869.6015625,82089.40625,81385.2109375,1780.1953125,704.1953125,2484.390625
682,82190.5,82197.1,81951.4,81964.9,11012.0,84122.75,82074.25,81366.765625,2048.5,707.484375,2755.984375
683,81965.9,82024.8,81934.3,81992.6,15824.0,83900.8984375,81979.546875,81315.65625,1921.3515625,663.890625,2585.2421875
684,81992.6,82196.1,81983.0,82196.1,21470.0,83930.3984375,82089.546875,81428.1171875,1840.8515625,661.4296875,2502.28125
685,82196.1,82351.9,82149.2,82305.4,16139.0,84138.25,82250.546875,81594.453125,1887.703125,656.09375,2543.796875
686,82307.4,82485.7,82241.3,82291.4,17690.0,84297.703125,82363.5,81699.6953125,1934.203125,663.8046875,2598.0078125
687,82304.4,82304.4,82120.1,82120.1,16968.0,84520.796875,82212.25,81559.53125,2308.546875,652.71875,2961.265625
688,82124.2,82124.2,81959.6,82019.2,13734.0,84384.953125,82041.90625,81405.078125,2343.046875,636.828125,2979.875
689,82019.4,82082.3,82007.4,82069.3,5797.0,84252.453125,82044.84375,81449.234375,2207.609375,595.609375,2803.21875
690,82069.3,82289.5,82061.1,82246.1,20921.0,84302.046875,82175.296875,81570.7265625,2126.75,604.5703125,2731.3203125
691,82246.0,82377.9,82227.1,82305.4,10687.0,83926.953125,82302.5,81713.1484375,1624.453125,589.3515625,2213.8046875
692,82314.6,82468.4,82299.2,82442.9,8486.0,83785.296875,82383.796875,81802.625,1401.5,581.171875,1982.671875
693,82444.2,82614.8,82395.6,82568.9,11545.0,83751.59375,82505.203125,81916.3828125,1246.390625,588.8203125,1835.2109375
694,82550.4,82712.4,82443.3,82443.3,24783.0,83604.8984375,82577.84375,81967.1796875,1027.0546875,610.6640625,1637.71875
695,82446.9,82554.9,82389.0,82530.9,15584.0,83783.3515625,82471.953125,81872.5859375,1311.3984375,599.3671875,1910.765625
696,82532.6,82616.4,82462.8,82558.3,6799.0,83780.40625,82539.59375,81954.078125,1240.8125,585.515625,1826.328125
697,82555.0,82710.4,82548.8,82690.3,13435.0,83710.5,82629.59375,82054.15625,1080.90625,575.4375,1656.34375
698,82690.3,82866.1,82576.7,82834.2,28655.0,83743.75,82721.40625,82116.6875,1022.34375,604.71875,1627.0625
699,82840.6,82841.4,82689.9,82740.7,9596.0,83605.296875,82765.6484375,82175.953125,839.6484375,589.6953125,1429.34375
700,82740.8,82922.9,82718.3,82846.4,6538.0,83338.796875,82820.59375,82228.484375,518.203125,592.109375,1110.3125
701,82846.5,82858.5,82597.3,82629.6,19970.0,83148.84375,82727.8984375,82116.640625,420.9453125,611.2578125,1032.203125
702,82648.3,82648.3,82571.7,82593.2,6082.0,82782.8515625,82610.0,82036.890625,172.8515625,573.109375,745.9609375
703,82594.4,82612.8,82527.2,82583.8,25629.0,82815.8515625,82570.0,82028.5234375,245.8515625,541.4765625,787.328125
704,82583.8,82583.8,82496.2,82543.8,7138.0,82499.046875,82540.0,82026.390625,40.953125,513.609375,472.65625
705,82552.0,82581.1,82539.7,82574.0,4128.0,82589.3515625,82560.40625,82085.7421875,28.9453125,474.6640625,503.609375
706,82574.9,82609.7,82444.9,82465.3,7259.0,82390.046875,82527.296875,82050.65625,137.25,476.640625,339.390625
707,82459.9,82529.5,82450.4,82529.5,10327.0,82300.3984375,82489.953125,82037.25,189.5546875,452.703125,263.1484375
708,82533.6,82570.5,82487.9,82533.6,5208.0,82065.8515625,82529.203125,82096.984375,463.3515625,432.21875,31.1328125
709,82533.6,82570.5,82450.1,82456.7,6170.0,81853.65625,82510.296875,82085.1796875,656.640625,425.1171875,231.5234375
710,82456.2,82456.2,82364.6,82452.6,18068.0,82320.5,82410.40625,82000.171875,89.90625,410.234375,320.328125
711,82452.6,82561.7,82420.9,82557.5,6585.0,81800.5,82491.296875,82079.84375,690.796875,411.453125,279.34375
712,82541.0,82732.5,82508.9,82717.9,24146.0,81949.546875,82620.703125,82183.3125,671.15625,437.390625,233.765625
713,82721.6,82750.0,82660.9,82749.9,7956.0,82180.703125,82705.453125,82285.078125,524.75,420.375,104.375
714,82749.9,82766.4,82699.7,82710.1,5273.0,82263.15625,82733.046875,82334.6953125,469.890625,398.3515625,71.5390625
715,82710.1,82807.6,82637.8,82742.8,9795.0,82505.796875,82722.703125,82313.25,216.90625,409.453125,192.546875
716,82739.3,82766.7,82656.8,82656.8,3375.0,82584.5,82711.75,82310.265625,127.25,401.484375,274.234375
717,82656.8,82750.3,82638.5,82728.4,4222.0,82447.6484375,82694.3984375,82299.5234375,246.75,394.875,148.125
718,82728.4,82778.4,82721.2,82768.0,5202.0,82464.8984375,82749.796875,82377.25,284.8984375,372.546875,87.6484375
719,82762.0,82815.9,82703.3,82710.1,9929.0,82647.6484375,82759.59375,82390.5234375,111.9453125,369.0703125,257.125
720,82713.3,82713.3,82619.2,82675.0,8385.0,82766.40625,82666.25,82305.859375,100.15625,360.390625,460.546875
721,82681.7,82931.5,82680.7,82931.4,15073.0,82812.0,82806.1015625,82404.796875,5.8984375,401.3046875,407.203125
722,82931.5,82957.8,82852.1,82881.5,10984.0,83002.25,82904.953125,82512.0703125,97.296875,392.8828125,490.1796875
723,82881.5,82953.2,82841.6,82892.7,11356.0,83023.8515625,82897.40625,82510.3359375,126.4453125,387.0703125,513.515625
724,82896.6,82970.3,82870.1,82941.3,6136.0,83011.5,82920.203125,82541.78125,91.296875,378.421875,469.71875
725,82948.1,82995.0,82891.0,82899.2,6327.0,83003.296875,82943.0,82571.21875,60.296875,371.78125,432.078125
726,82907.5,82967.1,82812.0,82829.0,9037.0,82912.6015625,82889.546875,82508.4140625,23.0546875,381.1328125,404.1875
727,82830.1,83053.8,82812.0,83041.4,15284.0,82692.1484375,82932.8984375,82517.3359375,240.75,415.5625,174.8125
728,83053.1,83343.1,83053.1,83295.7,38016.0,82386.296875,83198.1015625,82733.5859375,811.8046875,464.515625,347.2890625
729,83295.6,83351.2,83155.6,83228.5,9452.0,82332.65625,83253.40625,82776.6640625,920.75,476.7421875,444.0078125
730,83236.9,83337.0,83236.9,83250.0,7117.0,82268.296875,83286.953125,82825.3359375,1018.65625,461.6171875,557.0390625
731,83241.7,83241.7,83053.5,83127.0,41546.0,82213.15625,83147.6015625,82673.1953125,934.4453125,474.40625,460.0390625
732,83126.1,83126.1,82951.0,82951.0,14525.0,82267.3515625,83038.546875,82558.78125,771.1953125,479.765625,291.4296875
733,82949.5,83037.2,82932.4,83012.9,5621.0,82053.1015625,82984.796875,82521.5625,931.6953125,463.234375,468.4609375
734,83002.0,83118.3,82996.0,83095.3,6014.0,82026.796875,83057.1484375,82603.5546875,1030.3515625,453.59375,576.7578125
735,83082.7,83120.9,83034.1,83045.2,4113.0,81969.1484375,83077.5,82643.2265625,1108.3515625,434.2734375,674.078125
736,83051.4,83088.2,83015.6,83035.2,3492.0,81378.453125,83051.90625,82639.2734375,1673.453125,412.6328125,1260.8203125
737,83032.1,83187.9,83032.1,83044.6,6448.0,81040.8984375,83110.0,82691.890625,2069.1015625,418.109375,1650.9921875
738,83039.7,83053.0,82948.6,82996.0,4963.0,81387.40625,83000.796875,82593.1796875,1613.390625,407.6171875,1205.7734375
739,82990.0,82990.0,82847.1,82879.6,13056.0,81869.1015625,82918.546875,82507.0234375,1049.4453125,411.5234375,637.921875
740,82887.9,83055.4,82887.9,83040.6,11412.0,82689.703125,82971.6484375,82548.5390625,281.9453125,423.109375,141.1640625
741,83040.5,83168.9,83027.1,83142.4,4509.0,83128.796875,83098.0,82674.6640625,30.796875,423.3359375,454.1328125
742,83142.7,83160.0,82995.9,83012.6,5393.0,83377.1015625,83077.953125,82647.71875,299.1484375,430.234375,729.3828125
743,83009.1,83240.3,82995.3,83159.1,11862.0,83101.3984375,83117.796875,82657.0859375,16.3984375,460.7109375,444.3125
744,83159.0,83159.8,83064.3,83065.2,4129.0,83146.3515625,83112.046875,82668.7578125,34.3046875,443.2890625,477.59375
745,83073.6,83160.1,83064.0,83128.6,4387.0,83393.546875,83112.046875,82684.2578125,281.5,427.7890625,709.2890625
746,83128.5,83128.5,83037.6,83053.0,2391.0,83547.75,83083.046875,82670.734375,464.703125,412.3125,877.015625
747,83053.0,83063.7,82969.0,82987.2,1869.0,83930.546875,83016.3515625,82616.859375,914.1953125,399.4921875,1313.6875
748,82988.2,83043.2,82978.0,82978.0,2917.0,83888.15625,83010.6015625,82631.5,877.5546875,379.1015625,1256.65625
749,82974.1,82974.1,82924.4,82924.4,3108.0,83578.953125,82949.25,82591.9765625,629.703125,357.2734375,986.9765625
750,82924.5,82950.7,82903.5,82903.5,3799.0,83440.546875,82927.1015625,82591.390625,513.4453125,335.7109375,849.15625
751,82904.4,82943.6,82899.0,82926.2,7938.0,83783.796875,82921.296875,82605.78125,862.5,315.515625,1178.015625
752,82926.2,83079.2,82926.2,83079.2,36803.0,84011.296875,83002.703125,82672.8359375,1008.59375,329.8671875,1338.4609375
753,83080.0,83114.7,82959.2,82959.2,4886.0,84106.546875,83036.953125,82693.421875,1069.59375,343.53125,1413.125
754,82959.1,82959.1,82793.4,82799.5,8111.0,84148.203125,82876.25,82517.3359375,1271.953125,358.9140625,1630.8671875
755,82796.0,82827.2,82726.5,82772.8,8515.0,84117.796875,82776.8515625,82423.6171875,1340.9453125,353.234375,1694.1796875
756,82767.3,82802.8,82747.5,82768.1,6283.0,83841.796875,82775.1484375,82440.6484375,1066.6484375,334.5,1401.1484375
757,82768.0,82775.3,82636.8,82680.8,6586.0,83822.203125,82706.046875,82363.4453125,1116.15625,342.6015625,1458.7578125
758,82680.8,82707.4,82616.9,82638.7,6030.0,83933.25,82662.1484375,82326.65625,1271.1015625,335.4921875,1606.59375
759,82638.6,82711.8,82618.4,82618.4,6202.0,83561.65625,82665.09375,82335.1328125,896.5625,329.9609375,1226.5234375
760,82618.4,82695.4,82500.1,82521.2,10768.0,83680.046875,82597.75,82242.1953125,1082.296875,355.5546875,1437.8515625
761,82501.0,82521.3,82389.9,82470.1,18509.0,83578.65625,82455.59375,82096.171875,1123.0625,359.421875,1482.484375
762,82469.3,82485.9,82382.7,82435.8,12156.0,83820.046875,82434.296875,82079.859375,1385.75,354.4375,1740.1875
763,82432.1,82530.0,82431.9,82509.6,7552.0,84836.953125,82480.953125,82132.53125,2356.0,348.421875,2704.421875
764,82509.9,82552.0,82480.8,82524.7,7396.0,84960.703125,82516.3984375,82181.4609375,2444.3046875,334.9375,2779.2421875
765,82510.0,82528.1,82438.2,82443.3,5419.0,84321.75,82483.15625,82154.7421875,1838.59375,328.4140625,2167.0078125
766,82446.4,82479.7,82381.1,82419.4,2903.0,84675.953125,82430.40625,82105.25,2245.546875,325.15625,2570.703125
767,82418.7,82448.0,82284.2,82313.2,6078.0,85043.15625,82366.1015625,82024.3203125,2677.0546875,341.78125,3018.8359375
768,82317.0,82381.8,82257.2,82262.7,8322.0,84521.546875,82319.5,81974.5234375,2202.046875,344.9765625,2547.0234375
769,82279.4,82417.8,82229.4,82300.1,9838.0,84515.046875,82323.59375,81956.59375,2191.453125,367.0,2558.453125
770,82300.1,82375.4,82229.0,82355.8,14190.0,84311.1484375,82302.203125,81927.984375,2008.9453125,374.21875,2383.1640625
771,82355.8,82385.9,82268.4,82284.7,9506.0,83983.203125,82327.1484375,81955.1015625,1656.0546875,372.046875,2028.1015625
772,82268.2,82405.4,82268.2,82358.9,9579.0,83718.203125,82336.796875,81960.796875,1381.40625,376.0,1757.40625
773,82358.0,82375.9,82200.1,82281.1,6470.0,83765.6015625,82288.0,81896.859375,1477.6015625,391.140625,1868.7421875
774,82286.5,82316.1,82221.9,82256.0,18679.0,83624.203125,82269.0,81888.7109375,1355.203125,380.2890625,1735.4921875
775,82272.4,82360.0,82272.4,82308.6,4366.0,83128.796875,82316.203125,81942.7421875,812.59375,373.4609375,1186.0546875
776,82307.5,82308.5,82208.6,82218.6,9752.0,82827.203125,82258.546875,81892.4375,568.65625,366.109375,934.765625
777,82217.7,82360.9,82217.7,82360.9,9148.0,83234.703125,82289.296875,81916.8359375,945.40625,372.4609375,1317.8671875
778,82341.3,82399.0,82309.4,82309.4,4196.0,82880.546875,82354.203125,81992.109375,526.34375,362.09375,888.4375
779,82309.4,82353.7,82286.1,82317.2,4291.0,82950.75,82319.90625,81973.7421875,630.84375,346.1640625,977.0078125
780,82313.1,82372.3,82294.0,82306.6,4651.0,82836.09375,82333.1484375,81998.109375,502.9453125,335.0390625,837.984375
781,82306.6,82457.7,82278.2,82278.2,9994.0,82388.703125,82367.953125,82012.5703125,20.75,355.3828125,376.1328125
782,82267.6,82387.4,82256.5,82311.2,9736.0,82686.6484375,82321.953125,81962.8359375,364.6953125,359.1171875,723.8125
783,82316.4,82401.0,82213.3,82361.6,31401.0,82771.3515625,82307.1484375,81927.6328125,464.203125,379.515625,843.71875
784,82353.3,82353.3,82087.2,82207.2,17951.0,82907.546875,82220.25,81796.3671875,687.296875,423.8828125,1111.1796875
785,82211.2,82229.2,82094.1,82094.1,10273.0,83115.1015625,82161.65625,81739.6328125,953.4453125,422.0234375,1375.46875
786,82094.2,82172.1,82050.7,82089.7,19987.0,82990.796875,82111.40625,81695.1640625,879.390625,416.2421875,1295.6328125
787,82089.6,82200.0,82055.5,82200.0,4604.0,83253.453125,82127.75,81709.78125,1125.703125,417.96875,1543.671875
788,82200.7,82200.7,81943.8,81995.4,16179.0,83517.796875,82072.25,81619.0078125,1445.546875,453.2421875,1898.7890625
789,82007.8,82099.5,81995.4,82057.6,9907.0,83298.5,82047.453125,81608.3046875,1251.046875,439.1484375,1690.1953125
790,82057.7,82081.7,81990.1,82015.7,17310.0,83987.90625,82035.90625,81613.1953125,1952.0,422.7109375,2374.7109375
791,82013.2,82148.5,82008.1,82120.8,29622.0,84542.453125,82078.296875,81655.734375,2464.15625,422.5625,2886.71875
792,82124.4,82141.0,82045.5,82052.5,15856.0,84606.796875,82093.25,81684.296875,2513.546875,408.953125,2922.5
793,82052.5,82270.8,82033.9,82270.7,11670.0,85034.75,82152.34375,81713.2109375,2882.40625,439.1328125,3321.5390625
794,82270.7,82389.6,82160.5,82310.0,34207.0,85108.453125,82275.046875,81811.1015625,2833.40625,463.9453125,3297.3515625
795,82309.9,82309.9,82090.1,82120.3,12909.0,85031.546875,82200.0,81716.4765625,2831.546875,483.5234375,3315.0703125
796,82117.5,82181.5,81982.3,82010.3,9110.0,85040.1484375,82081.8984375,81586.96875,2958.25,494.9296875,3453.1796875
797,82010.4,82067.1,81956.0,82042.3,8570.0,85195.296875,82011.546875,81532.78125,3183.75,478.765625,3662.515625
798,82038.6,82061.9,81913.8,81950.5,11482.0,85245.25,81987.84375,81512.5234375,3257.40625,475.3203125,3732.7265625
799,81950.4,82032.4,81945.1,81985.9,7187.0,85295.3984375,81988.75,81534.7734375,3306.6484375,453.9765625,3760.625
800,81973.8,82004.9,81846.1,81851.1,10167.0,85086.203125,81925.5,81469.28125,3160.703125,456.21875,3616.921875
801,81851.3,81854.3,81416.3,81444.9,69414.0,85114.8515625,81635.296875,81093.296875,3479.5546875,542.0,4021.5546875
802,81444.9,81613.8,81340.6,81551.5,39167.0,85090.796875,81477.203125,80907.4453125,3613.59375,569.7578125,4183.3515625
803,81548.4,81591.1,80831.4,81134.0,196906.0,84873.15625,81211.25,80470.5546875,3661.90625,740.6953125,4402.6015625
804,81149.3,81160.4,80919.0,81101.0,45283.0,84635.25,81039.703125,80300.6640625,3595.546875,739.0390625,4334.5859375
805,81100.0,81444.4,81079.6,81328.8,30209.0,83906.953125,81262.0,80487.421875,2644.953125,774.578125,3419.53125
806,81323.7,81323.7,81129.8,81140.6,36412.0,83778.796875,81226.75,80469.9296875,2552.046875,756.8203125,3308.8671875
807,81132.6,81159.4,80952.0,81011.6,32535.0,83507.703125,81055.703125,80312.34375,2452.0,743.359375,3195.359375
808,81011.6,81050.4,80705.1,80725.3,38780.0,83370.40625,80877.75,80105.140625,2492.65625,772.609375,3265.265625
809,80723.8,80963.9,80627.5,80945.5,42398.0,83775.3515625,80795.703125,79999.4375,2979.6484375,796.265625,3775.9140625
810,80957.6,81666.0,80957.6,81466.2,131612.0,84182.546875,81311.796875,80379.0078125,2870.75,932.7890625,3803.5390625
811,81468.0,81877.6,81274.6,81711.1,61016.0,84415.703125,81576.1015625,80555.6875,2839.6015625,1020.4140625,3860.015625
812,81711.1,81889.9,81500.2,81605.4,33883.0,84223.75,81695.046875,80659.765625,2528.703125,1035.28125,3563.984375
813,81581.0,81707.1,81442.1,81606.9,30371.0,84415.25,81574.6015625,80563.3515625,2840.6484375,1011.25,3851.8984375
814,81602.9,81807.5,81594.8,81700.5,18544.0,84724.75,81701.1484375,80727.2109375,3023.6015625,973.9375,3997.5390625
815,81704.5,81821.2,81510.1,81821.2,35648.0,84553.3984375,81665.65625,80695.78125,2887.7421875,969.875,3857.6171875
816,81825.1,82274.0,81710.7,82101.7,46923.0,84430.453125,81992.3515625,80950.4765625,2438.1015625,1041.875,3479.9765625
817,82087.6,82581.6,82027.5,82511.1,70274.0,84570.8984375,82304.546875,81200.625,2266.3515625,1103.921875,3370.2734375
818,82511.3,82866.1,82486.5,82768.0,63226.0,84631.15625,82676.296875,81568.890625,1954.859375,1107.40625,3062.265625
819,82767.9,82982.8,82628.3,82982.8,31887.0,84596.09375,82805.546875,81702.53125,1790.546875,1103.015625,2893.5625
820,82982.7,82982.7,82657.5,82736.3,19758.0,84871.25,82820.1015625,81729.796875,2051.1484375,1090.3046875,3141.453125
821,82745.5,82971.2,82693.7,82878.7,22928.0,84941.75,82832.453125,81767.9296875,2109.296875,1064.5234375,3173.8203125
822,82904.5,82908.6,82685.7,82750.9,12906.0,84689.546875,82797.15625,81772.21875,1892.390625,1024.9375,2917.328125
823,82751.0,82887.6,82565.4,82874.2,24953.0,84721.25,82726.5,81707.390625,1994.75,1019.109375,3013.859375
824,82874.1,83033.3,82795.5,83002.3,14212.0,84616.796875,82914.3984375,81925.859375,1702.3984375,988.5390625,2690.9375
825,83010.6,83427.0,82994.9,83316.3,37958.0,84233.3984375,83210.953125,82191.640625,1022.4453125,1019.3125,2041.7578125
826,83320.1,83419.2,83150.8,83164.4,16894.0,84214.046875,83285.0,82287.09375,929.046875,997.90625,1926.953125
827,83176.3,83300.0,83106.8,83270.4,9931.0,84205.453125,83203.3984375,82247.328125,1002.0546875,956.0703125,1958.125
828,83252.6,83322.0,83008.6,83078.5,13767.0,84200.5,83165.296875,82210.8125,1035.203125,954.484375,1989.6875
829,83083.3,83191.8,82976.6,83191.8,11528.0,83952.25,83084.203125,82160.609375,868.046875,923.59375,1791.640625
830,83199.9,83528.1,83116.8,83499.9,25737.0,84051.296875,83322.453125,82367.828125,728.84375,954.625,1683.46875
831,83493.1,83499.9,83386.6,83496.4,18219.0,83903.3515625,83443.25,82550.09375,460.1015625,893.15625,1353.2578125
832,83496.4,83576.6,83367.6,83389.8,14373.0,83779.703125,83472.1015625,82605.5625,307.6015625,866.5390625,1174.140625
833,83386.5,83583.2,83358.5,83565.7,5882.0,83740.953125,83470.8515625,82623.5546875,270.1015625,847.296875,1117.3984375
834,83564.7,83589.1,83495.9,83564.2,9029.0,83469.296875,83542.5,82751.9765625,73.203125,790.5234375,717.3203125
835,83564.2,83567.0,83333.5,83333.5,10150.0,83696.453125,83450.25,82668.7265625,246.203125,781.5234375,1027.7265625
836,83333.4,83355.8,83152.8,83179.1,17827.0,84056.953125,83254.296875,82490.0234375,802.65625,764.2734375,1566.9296875
837,83179.1,83306.3,83050.0,83302.2,11455.0,84324.25,83178.1484375,82413.4140625,1146.1015625,764.734375,1910.8359375
838,83311.7,83311.7,83137.3,83240.7,8036.0,84395.40625,83224.5,82483.9140625,1170.90625,740.5859375,1911.4921875
839,83228.0,83278.0,83165.3,83272.9,7659.0,84435.6015625,83221.6484375,82521.3125,1213.953125,700.3359375,1914.2890625
840,83268.7,83413.3,83182.0,83400.6,9926.0,84611.75,83297.6484375,82597.9609375,1314.1015625,699.6875,2013.7890625
841,83409.0,83420.5,83156.7,83156.7,9847.0,84491.6015625,83288.6015625,82579.7421875,1203.0,708.859375,1911.859375
842,83156.6,83458.2,83136.0,83378.3,9308.0,84478.3984375,83297.1015625,82562.46875,1181.296875,734.6328125,1915.9296875
843,83365.8,83487.3,83233.6,83282.3,8245.0,84425.203125,83360.453125,82623.171875,1064.75,737.28125,1802.03125
844,83286.5,83299.6,83106.7,83237.1,12591.0,84697.796875,83203.15625,82481.734375,1494.640625,721.421875,2216.0625
845,83228.8,83428.0,83208.2,83400.3,11736.0,84928.3515625,83318.1015625,82602.8828125,1610.25,715.21875,2325.46875
846,83400.4,83614.9,83355.6,83556.5,9782.0,84987.65625,83485.25,82763.765625,1502.40625,721.484375,2223.890625
847,83553.5,83566.5,83431.5,83466.6,5087.0,85085.25,83499.0,82809.1640625,1586.25,689.8359375,2276.0859375
848,83455.0,83696.9,83436.8,83671.7,14552.0,85271.046875,83566.84375,82867.9609375,1704.203125,698.8828125,2403.0859375
849,83660.6,83887.3,83660.6,83796.7,25035.0,85140.203125,83773.953125,83076.9453125,1366.25,697.0078125,2063.2578125
850,83810.9,83866.3,83527.8,83527.8,8582.0,85305.75,83697.046875,82968.1953125,1608.703125,728.8515625,2337.5546875
851,83508.9,83671.5,83500.1,83644.1,7905.0,85162.75,83585.796875,82878.40625,1576.953125,707.390625,2284.34375
852,83644.0,83704.1,83595.4,83648.1,8093.0,85225.546875,83649.75,82980.4921875,1575.796875,669.2578125,2245.0546875
853,83648.2,83792.6,83612.6,83745.6,7432.0,85195.75,83702.6015625,83046.265625,1493.1484375,656.3359375,2149.484375
854,83753.4,83836.6,83745.2,83810.6,14244.0,85124.203125,83790.90625,83172.7890625,1333.296875,618.1171875,1951.4140625
855,83810.6,83911.9,83801.6,83908.4,9001.0,85115.953125,83856.75,83267.3515625,1259.203125,589.3984375,1848.6015625
856,83909.4,83988.6,83880.9,83988.6,11285.0,85033.1015625,83934.75,83371.984375,1098.3515625,562.765625,1661.1171875
857,83988.5,84346.8,83980.2,84217.3,20381.0,84832.953125,84163.5,83547.03125,669.453125,616.46875,1285.921875
858,84217.2,84217.2,84061.1,84092.6,8302.0,84506.453125,84139.15625,83537.4765625,367.296875,601.6796875,968.9765625
859,84079.8,84182.5,83988.6,84143.9,7843.0,84408.203125,84085.546875,83485.8671875,322.65625,599.6796875,922.3359375
860,84153.3,84185.7,83947.6,84021.0,8177.0,84437.453125,84066.65625,83455.5078125,370.796875,611.1484375,981.9453125
861,84016.8,84163.7,83968.7,84027.8,12205.0,84598.75,84066.203125,83457.671875,532.546875,608.53125,1141.078125
862,84021.4,84043.1,83807.6,83847.9,9911.0,84397.1015625,83925.3515625,83307.0234375,471.75,618.328125,1090.078125
863,83843.7,83856.9,83719.5,83753.7,9225.0,84414.703125,83788.203125,83190.4921875,626.5,597.7109375,1224.2109375
864,83753.7,83776.9,83628.0,83628.0,8345.0,87965.8515625,83702.453125,83119.84375,4263.3984375,582.609375,4846.0078125
865,83627.2,83704.8,83567.2,83666.8,14747.0,87735.25,83636.0,83070.3671875,4099.25,565.6328125,4664.8828125
866,83673.5,83715.7,83608.1,83699.0,5977.0,87467.25,83661.90625,83120.5625,3805.34375,541.34375,4346.6875
867,83695.6,83719.0,83549.8,83549.8,3452.0,87740.75,83634.3984375,83096.421875,4106.3515625,537.9765625,4644.328125
868,83555.8,83589.6,83380.5,83405.1,40093.0,87324.203125,83485.046875,82938.140625,3839.15625,546.90625,4386.0625
869,83408.1,83495.8,83404.0,83440.7,9717.0,87336.84375,83449.8984375,82930.140625,3886.9453125,519.7578125,4406.703125
870,83428.2,83583.5,83428.2,83571.6,7534.0,87189.90625,83505.8515625,82991.484375,3684.0546875,514.3671875,4198.421875
871,83571.5,83598.2,83471.9,83564.6,6870.0,86838.453125,83535.046875,83034.2265625,3303.40625,500.8203125,3804.2265625
872,83564.5,83603.3,83409.2,83445.4,6639.0,87029.8515625,83506.25,82997.28125,3523.6015625,508.96875,4032.5703125
873,83436.3,83466.5,83282.1,83453.4,7506.0,86993.546875,83374.296875,82860.90625,3619.25,513.390625,4132.640625
874,83452.5,83527.9,83427.1,83512.6,5215.0,86705.703125,83477.5,82985.2109375,3228.203125,492.2890625,3720.4921875
875,83516.7,83790.7,83504.2,83747.7,11180.0,86782.6015625,83647.453125,83118.4375,3135.1484375,529.015625,3664.1640625
876,83757.6,83895.3,83741.6,83858.9,10276.0,86832.796875,83818.453125,83296.234375,3014.34375,522.21875,3536.5625
877,83860.0,83932.9,83826.0,83932.9,6560.0,86988.796875,83879.453125,83377.3828125,3109.34375,502.0703125,3611.4140625
878,83940.1,83984.9,83859.6,83950.7,11958.0,87122.546875,83922.25,83432.796875,3200.296875,489.453125,3689.75
879,83937.7,83937.7,83837.1,83860.8,7627.0,87323.75,83887.40625,83412.8203125,3436.34375,474.5859375,3910.9296875
880,83860.7,83988.5,83829.5,83944.8,3462.0,87132.046875,83909.0,83434.171875,3223.046875,474.828125,3697.875
881,83937.9,84109.1,83936.9,84099.5,15827.0,87229.203125,84023.0,83543.9921875,3206.203125,479.0078125,3685.2109375
882,84097.6,84195.8,84085.7,84107.1,6837.0,87172.453125,84140.75,83676.6171875,3031.703125,464.1328125,3495.8359375
883,84141.4,84194.8,84112.1,84128.8,5869.0,87336.6484375,84153.453125,83709.421875,3183.1953125,444.03125,3627.2265625
884,84128.8,84152.8,84085.4,84138.0,5619.0,87422.1484375,84119.09375,83699.25,3303.0546875,419.84375,3722.8984375
885,84144.3,84282.8,84077.0,84253.4,11736.0,87339.75,84179.8984375,83740.296875,3159.8515625,439.6015625,3599.453125
886,84253.5,84346.9,84108.1,84123.6,12369.0,87400.953125,84227.5,83760.21875,3173.453125,467.28125,3640.734375
887,84123.6,84243.2,84105.0,84183.7,6456.0,87294.6015625,84174.1015625,83712.09375,3120.5,462.0078125,3582.5078125
888,84183.7,84407.1,84175.8,84356.4,12382.0,87304.6015625,84291.453125,83806.25,3013.1484375,485.203125,3498.3515625
889,84350.7,84350.7,84034.2,84086.3,10004.0,87396.65625,84192.453125,83659.109375,3204.203125,533.34375,3737.546875
890,84076.6,84152.9,84047.1,84143.1,8864.0,87216.703125,84100.0,83588.2578125,3116.703125,511.7421875,3628.4453125
891,84143.0,84386.4,84143.0,84366.4,7931.0,87086.453125,84264.703125,83731.109375,2821.75,533.59375,3355.34375
892,84370.6,84424.5,84153.4,84209.8,9858.0,87145.90625,84288.953125,83727.390625,2856.953125,561.5625,3418.515625
893,84209.5,84308.4,84150.1,84244.1,10672.0,87312.0,84229.25,83676.359375,3082.75,552.890625,3635.640625
894,84231.7,84277.4,84197.8,84265.0,4751.0,87152.75,84237.59375,83716.109375,2915.15625,521.484375,3436.640625
895,84269.4,84294.7,84186.8,84188.0,4961.0,87010.6484375,84240.75,83739.0390625,2769.8984375,501.7109375,3271.609375
896,84197.3,84214.2,84110.1,84163.8,8754.0,87184.15625,84162.15625,83679.390625,3022.0,482.765625,3504.765625
897,84167.6,84237.4,84125.5,84197.2,7185.0,87244.0,84181.453125,83713.390625,3062.546875,468.0625,3530.609375
898,84199.2,84214.4,84134.1,84178.5,4214.0,87147.046875,84174.25,83728.90625,2972.796875,445.34375,3418.140625
899,84182.8,84243.3,84110.0,84110.1,9177.0,87077.953125,84176.6484375,83735.8515625,2901.3046875,440.796875,3342.1015625
900,84110.0,84145.0,84000.9,84019.7,11135.0,86948.6484375,84072.953125,83633.0,2875.6953125,439.953125,3315.6484375
901,84028.0,84028.1,83827.1,83878.1,31049.0,86761.0,83927.6015625,83471.34375,2833.3984375,456.2578125,3289.65625
902,83878.0,84009.6,83856.5,83953.2,4463.0,86570.0,83933.046875,83476.484375,2636.953125,456.5625,3093.515625
903,83953.2,83980.8,83895.1,83918.3,6474.0,86471.90625,83937.953125,83501.34375,2533.953125,436.609375,2970.5625
904,83914.2,83935.5,83852.8,83852.8,6679.0,86683.3984375,83894.1484375,83476.3828125,2789.25,417.765625,3207.015625
905,83841.9,83860.5,83741.6,83755.0,7145.0,86628.046875,83801.046875,83389.390625,2827.0,411.65625,3238.65625
906,83759.2,83974.9,83745.7,83964.7,7273.0,86440.703125,83860.296875,83421.046875,2580.40625,439.25,3019.65625
907,83964.7,84032.4,83898.7,83969.7,9174.0,86479.1015625,83965.546875,83530.1171875,2513.5546875,435.4296875,2948.984375
908,83969.7,84129.4,83968.1,84078.1,7156.0,86439.796875,84048.75,83608.46875,2391.046875,440.28125,2831.328125
909,84073.9,84201.0,84073.0,84196.5,8198.0,86162.25,84137.0,83702.3515625,2025.25,434.6484375,2459.8984375
910,84201.7,84201.7,84025.3,84045.2,8063.0,85873.3984375,84113.5,83669.390625,1759.8984375,444.109375,2204.0078125
911,84037.6,84037.8,83930.5,83979.7,5928.0,85601.09375,83984.1484375,83550.0390625,1616.9453125,434.109375,2051.0546875
912,83977.9,83988.5,83936.0,83982.1,8969.0,85647.0,83962.25,83555.8046875,1684.75,406.4453125,2091.1953125
913,83979.3,83979.3,83847.1,83847.1,3779.0,85964.8984375,83913.203125,83506.8984375,2051.6953125,406.3046875,2458.0
914,83847.2,83916.9,83827.6,83827.6,7451.0,85896.296875,83872.25,83479.7890625,2024.046875,392.4609375,2416.5078125
915,83826.8,83826.8,83671.6,83685.5,10288.0,85641.703125,83749.203125,83349.1875,1892.5,400.015625,2292.515625
916,83677.2,83750.0,83586.7,83735.2,11544.0,85756.3515625,83668.3515625,83259.3515625,2088.0,409.0,2497.0
917,83728.8,83728.8,83536.6,83616.9,42094.0,85511.296875,83632.703125,83205.0234375,1878.59375,427.6796875,2306.2734375
918,83619.0,83698.3,83610.0,83610.6,4024.0,85730.296875,83654.1484375,83242.7421875,2076.1484375,411.40625,2487.5546875
919,83608.5,83630.5,83587.0,83611.6,4610.0,85872.453125,83608.75,83225.4375,2263.703125,383.3125,2647.015625
920,83615.8,83753.0,83608.5,83696.0,8401.0,86058.09375,83680.75,83292.421875,2377.34375,388.328125,2765.671875
921,83696.0,83808.4,83672.4,83771.7,8045.0,86022.15625,83740.3984375,83350.1015625,2281.7578125,390.296875,2672.0546875
922,83771.9,83797.2,83687.7,83743.3,7048.0,85977.25,83742.453125,83358.3359375,2234.796875,384.1171875,2618.9140625
923,83749.0,83833.7,83689.7,83817.0,7983.0,85991.203125,83761.703125,83372.796875,2229.5,388.90625,2618.40625
924,83825.4,83826.3,83705.9,83740.7,7670.0,85806.0,83766.09375,83379.9609375,2039.90625,386.1328125,2426.0390625
925,83740.1,83775.0,83627.8,83677.6,7738.0,85729.8515625,83701.3984375,83309.71875,2028.453125,391.6796875,2420.1328125
926,83666.0,83684.1,83608.1,83608.1,5996.0,85707.15625,83646.1015625,83270.7890625,2061.0546875,375.3125,2436.3671875
927,83608.2,83629.2,83549.2,83576.1,6533.0,85727.546875,83589.203125,83227.421875,2138.34375,361.78125,2500.125
928,83583.8,83622.3,83548.1,83548.2,7330.0,85698.046875,83585.203125,83237.3359375,2112.84375,347.8671875,2460.7109375
929,83555.1,83706.1,83555.1,83672.0,10687.0,85842.953125,83630.6015625,83270.15625,2212.3515625,360.4453125,2572.796875
930,83678.4,84299.9,83579.7,84099.8,48233.0,85587.25,83939.796875,83399.3359375,1647.453125,540.4609375,2187.9140625
931,84092.4,84256.8,83848.1,83896.1,20421.0,85516.046875,84052.453125,83443.4296875,1463.59375,609.0234375,2072.6171875
932,83897.1,84299.9,83792.0,84270.3,17872.0,85608.046875,84045.953125,83345.4609375,1562.09375,700.4921875,2262.5859375
933,84261.5,84293.4,83986.8,84269.2,10392.0,85810.453125,84140.09375,83417.671875,1670.359375,722.421875,2392.78125
934,84269.3,84820.2,84269.3,84762.7,44408.0,85879.0,84544.75,83729.2734375,1334.25,815.4765625,2149.7265625
935,84762.7,84900.0,84485.0,84890.9,32741.0,86056.15625,84692.5,83834.0703125,1363.65625,858.4296875,2222.0859375
936,84890.9,85001.8,84816.5,84976.8,62131.0,86052.296875,84909.1484375,84080.96875,1143.1484375,828.1796875,1971.328125
937,84972.3,85140.8,84857.4,84864.4,30059.0,86098.203125,84999.09375,84168.7109375,1099.109375,830.3828125,1929.4921875
938,84860.9,84992.7,84711.4,84800.2,12249.0,86065.796875,84852.046875,84020.3125,1213.75,831.734375,2045.484375
939,84797.1,85040.4,84796.9,84863.8,11989.0,86235.6015625,84918.6484375,84097.0390625,1316.953125,821.609375,2138.5625
940,84855.5,85041.6,84700.0,85007.8,10696.0,86321.3984375,84870.796875,84028.8671875,1450.6015625,841.9296875,2292.53125
941,85007.8,85267.7,85007.8,85169.7,18893.0,86294.203125,85137.75,84302.0390625,1156.453125,835.7109375,1992.1640625
942,85171.3,85279.8,84913.6,85028.8,11743.0,86228.25,85096.703125,84234.7109375,1131.546875,861.9921875,1993.5390625
943,85028.8,85028.8,84774.4,84815.3,17450.0,85984.84375,84901.59375,84049.4765625,1083.25,852.1171875,1935.3671875
944,84815.3,84968.6,84772.1,84907.1,9999.0,85927.953125,84870.3515625,84044.5,1057.6015625,825.8515625,1883.453125
945,84917.0,84984.1,84649.0,84660.5,12520.0,86083.5,84816.546875,83972.75,1266.953125,843.796875,2110.75
946,84656.3,84699.8,84407.8,84436.5,15972.0,86131.796875,84553.796875,83706.78125,1578.0,847.015625,2425.015625
947,84434.9,84539.6,84235.7,84261.3,11651.0,86155.703125,84387.65625,83534.171875,1768.046875,853.484375,2621.53125
948,84265.7,84645.9,84251.6,84645.8,25414.0,86071.1015625,84448.75,83562.3203125,1622.3515625,886.4296875,2508.78125
949,84640.6,84671.3,84374.2,84546.2,8208.0,85980.703125,84522.75,83635.8359375,1457.953125,886.9140625,2344.8671875
950,84534.6,84682.1,84494.5,84649.9,18914.0,85933.25,84588.296875,83733.796875,1344.953125,854.5,2199.453125
951,84650.6,84986.8,84570.9,84893.5,17548.0,85857.59375,84778.84375,83885.0234375,1078.75,893.8203125,1972.5703125
952,84893.4,85162.0,84781.0,85125.8,20141.0,85791.25,84971.5,84052.7578125,819.75,918.7421875,1738.4921875
953,85141.6,85217.2,85078.1,85179.5,8645.0,85742.0,85147.65625,84279.0625,594.34375,868.59375,1462.9375
954,85179.5,85427.9,85162.8,85400.7,20955.0,85630.796875,85295.34375,84434.078125,335.453125,861.265625,1196.71875
955,85403.5,85488.7,85308.4,85417.0,8141.0,85707.25,85398.546875,84569.3125,308.703125,829.234375,1137.9375
956,85417.0,85417.0,85030.7,85069.6,20538.0,85641.453125,85223.8515625,84361.65625,417.6015625,862.1953125,1279.796875
957,85055.6,85190.8,85055.6,85060.6,6663.0,85649.953125,85123.203125,84306.6640625,526.75,816.5390625,1343.2890625
958,85060.1,85154.7,85000.1,85122.8,11759.0,85661.8984375,85077.40625,84296.140625,584.4921875,781.265625,1365.7578125
959,85122.8,85122.8,84836.1,84836.2,16029.0,85578.65625,84979.453125,84190.3046875,599.203125,789.1484375,1388.3515625
960,84836.2,85103.4,84806.1,84820.4,13616.0,85597.546875,84954.75,84155.328125,642.796875,799.421875,1442.21875
961,84812.1,84833.6,84582.3,84582.3,12104.0,85547.8984375,84707.953125,83913.0859375,839.9453125,794.8671875,1634.8125
962,84578.1,84628.0,84460.8,84469.8,16158.0,85506.5,84544.3984375,83778.8515625,962.1015625,765.546875,1727.6484375
963,84470.8,84551.8,84329.4,84551.7,10543.0,85437.796875,84440.59375,83684.8828125,997.203125,755.7109375,1752.9140625
964,84556.0,84601.9,84415.7,84555.3,7480.0,85196.65625,84508.796875,83772.796875,687.859375,736.0,1423.859375
965,84539.0,84713.2,84494.4,84632.7,20191.0,85292.25,84603.796875,83875.7578125,688.453125,728.0390625,1416.4921875
966,84632.6,84788.1,84526.3,84670.7,11339.0,84993.8515625,84657.203125,83923.4296875,336.6484375,733.7734375,1070.421875
967,84670.0,84670.5,84503.8,84520.0,8458.0,83723.703125,84587.1484375,83876.6796875,863.4453125,710.46875,152.9765625
968,84520.1,84558.2,84307.6,84440.3,13741.0,84311.453125,84432.90625,83718.3046875,121.453125,714.6015625,593.1484375
969,84440.3,84502.6,84340.4,84454.2,4812.0,83988.5,84421.5,83729.6953125,433.0,691.8046875,258.8046875
970,84454.1,84461.6,84317.9,84424.8,8405.0,84163.3515625,84389.75,83724.015625,226.3984375,665.734375,439.3359375
971,84424.8,84466.4,84317.9,84428.5,5970.0,83992.0,84392.1484375,83748.4375,400.1484375,643.7109375,243.5625
972,84428.5,84469.6,84304.4,84328.8,6193.0,84010.75,84387.0,83758.1015625,376.25,628.8984375,252.6484375
973,84324.6,84341.3,84047.4,84155.2,19509.0,84240.0,84194.34375,83540.1640625,45.65625,654.1796875,699.8359375
974,84155.2,84252.7,84064.1,84174.1,6456.0,84471.546875,84158.40625,83513.0625,313.140625,645.34375,958.484375
975,84174.1,84294.7,84169.0,84187.5,9896.0,84555.25,84231.8515625,83613.3359375,323.3984375,618.515625,941.9140625
976,84186.0,84243.8,84129.5,84130.9,5068.0,84471.453125,84186.6484375,83595.6953125,284.8046875,590.953125,875.7578125
977,84124.0,84124.0,83836.9,83943.2,13960.0,84299.546875,83980.453125,83360.390625,319.09375,620.0625,939.15625
978,83943.3,84075.7,83943.3,84063.2,18572.0,84392.0,84009.5,83411.6953125,382.5,597.8046875,980.3046875
979,84067.1,84202.8,84029.6,84184.1,18730.0,83981.546875,84116.203125,83526.21875,134.65625,589.984375,455.328125
980,84184.6,84201.2,83800.1,83860.5,9955.0,83853.3515625,84000.65625,83349.34375,147.3046875,651.3125,504.0078125
981,83860.4,83911.7,83750.0,83803.1,9483.0,83865.6015625,83830.8515625,83196.15625,34.75,634.6953125,669.4453125
982,83803.4,84003.3,83686.4,83926.7,14106.0,83695.5,83844.84375,83178.546875,149.34375,666.296875,516.953125
983,83936.7,84116.6,83895.2,84063.1,5934.0,83808.40625,84005.90625,83339.8203125,197.5,666.0859375,468.5859375
984,84063.0,84068.0,83884.0,84056.9,11360.0,83878.203125,83976.0,83321.3203125,97.796875,654.6796875,556.8828125
985,84058.9,84344.3,84000.1,84130.2,22610.0,83782.296875,84172.203125,83479.734375,389.90625,692.46875,302.5625
986,84143.8,84143.8,83805.5,83890.7,6890.0,83809.8984375,83974.6484375,83249.9375,164.75,724.7109375,559.9609375
987,83898.4,83898.4,83725.7,83767.8,7933.0,83661.0,83812.046875,83108.0,151.046875,704.046875,553.0
988,83769.1,83833.8,83644.4,83698.6,9021.0,83395.203125,83739.09375,83048.6328125,343.890625,690.4609375,346.5703125
989,83698.6,83698.6,83592.7,83631.9,7309.0,83203.6015625,83645.65625,82992.46875,442.0546875,653.1875,211.1328125
990,83628.6,83711.6,83506.1,83646.8,14344.0,82923.6015625,83608.8515625,82959.3359375,685.25,649.515625,35.734375
991,83640.5,83826.1,83518.1,83826.1,13397.0,82897.59375,83672.1015625,82995.1328125,774.5078125,676.96875,97.5390625
992,83826.2,83863.0,83730.3,83806.9,14159.0,82552.5,83796.6484375,83147.5703125,1244.1484375,649.078125,595.0703125
993,83793.4,83807.0,83529.3,83542.8,39490.0,82691.546875,83668.1484375,83000.6640625,976.6015625,667.484375,309.1171875
994,83541.2,83617.5,83335.1,83363.5,30566.0,82390.046875,83476.296875,82790.84375,1086.25,685.453125,400.796875
995,83364.5,83410.2,83294.4,83322.6,14210.0,82475.5,83352.296875,82700.6484375,876.796875,651.6484375,225.1484375
996,83329.0,83414.6,83195.0,83211.9,12244.0,82120.15625,83304.796875,82652.4296875,1184.640625,652.3671875,532.2734375
997,83211.9,83284.2,83062.6,83228.9,68510.0,81967.6015625,83173.40625,82519.796875,1205.8046875,653.609375,552.1953125
998,83244.1,83284.0,83121.4,83169.0,11905.0,82349.40625,83202.703125,82565.671875,853.296875,637.03125,216.265625
999,83175.6,83183.9,82916.8,82937.8,19501.0,82024.0,83050.34375,82396.890625,1026.34375,653.453125,372.890625
1000,82925.6,82963.6,82843.7,82875.6,29655.0,82077.75,82903.65625,82279.578125,825.90625,624.078125,201.828125
1001,82876.6,83021.4,82870.1,82967.0,8328.0,82205.75,82945.75,82338.6875,740.0,607.0625,132.9375
1002,82972.2,83028.8,82784.3,82884.9,14024.0,82374.1484375,82906.546875,82286.84375,532.3984375,619.703125,87.3046875
1003,82870.4,83052.6,82846.0,83030.4,9470.0,82624.296875,82949.296875,82329.578125,325.0,619.71875,294.71875
1004,83030.4,83299.0,83030.4,83225.5,16092.0,82611.40625,83164.703125,82526.3828125,553.296875,638.3203125,85.0234375
1005,83225.5,83375.9,83118.9,83354.1,17205.0,82497.3984375,83247.3984375,82595.8046875,750.0,651.59375,98.40625
1006,83346.1,83366.1,83235.0,83327.7,13563.0,82637.703125,83300.546875,82674.78125,662.84375,625.765625,37.078125
1007,83327.7,83387.0,83234.4,83319.0,10598.0,82692.59375,83310.703125,82701.734375,618.109375,608.96875,9.140625
1008,83328.2,83367.4,83068.8,83169.0,9307.0,82906.453125,83218.09375,82580.4453125,311.640625,637.6484375,326.0078125
1009,83191.0,83333.0,83145.0,83262.0,5816.0,82935.203125,83239.0,82608.7109375,303.796875,630.2890625,326.4921875
1010,83261.8,83261.8,83098.2,83204.9,7128.0,83039.0,83180.0,82563.6015625,141.0,616.3984375,475.3984375
1011,83205.8,83210.9,82950.1,83020.0,10240.0,83039.90625,83080.5,82447.5078125,40.59375,632.9921875,592.3984375
1012,83010.3,83025.3,82811.0,82841.7,16781.0,83077.5,82918.1484375,82284.1640625,159.3515625,633.984375,793.3359375
1013,82845.8,82866.4,82718.4,82830.3,12697.0,83020.1015625,82792.3984375,82177.4140625,227.703125,614.984375,842.6875
1014,82857.7,83147.1,82857.7,83096.5,12846.0,83002.703125,83002.40625,82353.875,0.296875,648.53125,648.828125
1015,83085.2,83168.2,82984.1,83070.7,10440.0,82724.453125,83076.15625,82437.25,351.703125,638.90625,287.203125
1016,83080.9,83200.2,82974.4,83158.8,10932.0,82452.953125,83087.296875,82444.5390625,634.34375,642.7578125,8.4140625
1017,83158.9,83160.0,82927.1,82927.1,5971.0,82366.296875,83043.546875,82395.1953125,677.25,648.3515625,28.8984375
1018,82922.4,82988.2,82783.7,82963.5,13592.0,82321.796875,82885.953125,82241.0859375,564.15625,644.8671875,80.7109375
1019,82965.8,82977.4,82875.1,82922.3,7153.0,82289.75,82926.25,82315.1796875,636.5,611.0703125,25.4296875
1020,82922.3,83030.4,82889.2,82941.3,11976.0,82294.703125,82959.796875,82367.4765625,665.09375,592.3203125,72.7734375
1021,82950.1,83099.9,82902.3,83002.0,9003.0,82144.8515625,83001.09375,82408.7265625,856.2421875,592.3671875,263.875
1022,82996.5,83020.0,82769.9,82843.9,19729.0,82086.6484375,82894.953125,82286.7890625,808.3046875,608.1640625,200.140625
1023,82843.8,82883.9,82707.7,82783.4,17817.0,82026.296875,82795.796875,82195.59375,769.5,600.203125,169.296875
1024,82762.5,82762.5,82445.9,82450.1,38999.0,81498.203125,82604.203125,81962.765625,1106.0,641.4375,464.5625
1025,82457.3,82604.0,82310.6,82464.0,20183.0,81076.1015625,82457.296875,81791.984375,1381.1953125,665.3125,715.8828125
1026,82463.2,82533.3,82345.6,82498.0,12211.0,81658.25,82439.453125,81784.3671875,781.203125,655.0859375,126.1171875
1027,82490.7,82738.0,82431.8,82664.8,11469.0,82306.40625,82584.8984375,81903.4609375,278.4921875,681.4375,402.9453125
1028,82683.2,83082.3,82666.0,82839.8,14730.0,82814.796875,82874.1484375,82135.6015625,59.3515625,738.546875,679.1953125
1029,82843.1,82933.7,82700.1,82887.1,6414.0,83217.3984375,82816.90625,82082.1328125,400.4921875,734.7734375,1135.265625
1030,82888.2,82990.1,82829.2,82875.8,8653.0,83443.09375,82909.65625,82200.09375,533.4375,709.5625,1243.0
1031,82888.0,82961.2,82739.9,82799.9,10151.0,83240.65625,82850.546875,82145.546875,390.109375,705.0,1095.109375
1032,82820.8,82825.6,82633.4,82714.6,15778.0,83267.5,82729.5,82037.3359375,538.0,692.1640625,1230.1640625
1033,82715.6,82988.3,82715.6,82955.1,9882.0,83511.546875,82851.953125,82146.8984375,659.59375,705.0546875,1364.6484375
1034,82963.1,82967.7,82783.6,82919.9,7372.0,83646.1015625,82875.65625,82185.875,770.4453125,689.78125,1460.2265625
1035,82913.9,82927.3,82831.9,82909.1,4950.0,84102.953125,82879.59375,82230.171875,1223.359375,649.421875,1872.78125
1036,82910.5,82960.7,82740.6,82909.9,8216.0,83937.84375,82850.65625,82200.1484375,1087.1875,650.5078125,1737.6953125
1037,82921.7,83124.8,82802.1,82885.1,10440.0,83624.3984375,82963.453125,82281.1875,660.9453125,682.265625,1343.2109375
1038,82885.2,82910.2,82579.6,82602.9,8948.0,83505.0,82744.90625,82031.6875,760.09375,713.21875,1473.3125
1039,82597.0,82746.2,82551.9,82745.7,6251.0,83895.8984375,82649.046875,81948.859375,1246.8515625,700.1875,1947.0390625
1040,82746.0,82972.1,82713.0,82924.8,8474.0,84103.296875,82842.546875,82134.6484375,1260.75,707.8984375,1968.6484375
1041,82931.2,83200.3,82842.8,83181.5,11690.0,84153.65625,83021.546875,82277.1875,1132.109375,744.359375,1876.46875
1042,83169.5,83271.3,82972.3,82976.7,31206.0,84288.09375,83121.796875,82362.171875,1166.296875,759.625,1925.921875
1043,82981.4,83032.6,82853.1,82971.3,13061.0,84180.5,82942.8515625,82205.3359375,1237.6484375,737.515625,1975.1640625
1044,82965.3,83145.1,82965.3,83098.3,9214.0,83915.65625,83055.203125,82337.5,860.453125,717.703125,1578.15625
1045,83087.7,83197.7,82994.5,83182.7,6665.0,83967.203125,83096.1015625,82389.2109375,871.1015625,706.890625,1577.9921875
1046,83178.7,83229.1,83127.5,83133.0,7498.0,83980.90625,83178.296875,82511.609375,802.609375,666.6875,1469.296875
1047,83128.0,83223.0,83102.7,83174.7,5256.0,83676.046875,83162.8515625,82526.75,513.1953125,636.1015625,1149.296875
1048,83174.6,83307.3,83072.9,83184.5,35632.0,83757.5,83190.09375,82547.28125,567.40625,642.8125,1210.21875
1049,83184.6,83284.5,83088.8,83284.5,6360.0,83592.1015625,83186.6484375,82549.40625,405.453125,637.2421875,1042.6953125
1050,83272.9,83346.8,83179.9,83179.9,13760.0,84083.203125,83263.34375,82639.7578125,819.859375,623.5859375,1443.4453125
1051,83179.7,83184.8,83045.7,83052.5,4461.0,84920.59375,83115.25,82512.2890625,1805.34375,602.9609375,2408.3046875
1052,83052.4,83146.3,82935.9,83116.1,10939.0,85099.25,83041.09375,82435.3125,2058.15625,605.78125,2663.9375
1053,83100.4,83247.2,83088.1,83180.9,7460.0,84348.8984375,83167.65625,82574.71875,1181.2421875,592.9375,1774.1796875
1054,83176.7,83247.2,83113.7,83113.7,4538.0,85009.6484375,83180.453125,82606.765625,1829.1953125,573.6875,2402.8828125
1055,83112.5,83218.2,83097.6,83143.2,4559.0,85065.1015625,83157.90625,82605.40625,1907.1953125,552.5,2459.6953125
1056,83147.8,83445.2,83122.1,83399.3,9186.0,84526.046875,83283.65625,82689.4765625,1242.390625,594.1796875,1836.5703125
1057,83393.7,83643.2,83384.8,83617.9,18477.0,84595.3515625,83514.0,82901.7109375,1081.3515625,612.2890625,1693.640625
1058,83616.3,83796.2,83572.4,83765.2,20164.0,84378.6484375,83684.296875,83066.1015625,694.3515625,618.1953125,1312.546875
1059,83761.1,83769.4,83530.7,83549.3,9553.0,84037.046875,83650.046875,83022.0625,387.0,627.984375,1014.984375
1060,83552.4,83699.9,83552.4,83664.0,8323.0,83864.90625,83626.1484375,83015.78125,238.7578125,610.3671875,849.125
1061,83663.9,83696.4,83552.1,83583.8,8161.0,83829.25,83624.25,83031.625,205.0,592.625,797.625
1062,83581.5,83617.6,83483.5,83502.9,9247.0,83816.5,83550.546875,82976.9609375,265.953125,573.5859375,839.5390625
1063,83498.6,83528.3,83410.5,83410.5,6310.0,83220.3984375,83469.3984375,82917.828125,249.0,551.5703125,302.5703125
1064,83419.0,83419.1,83243.2,83355.1,44546.0,82925.953125,83331.15625,82781.9765625,405.203125,549.1796875,143.9765625
1065,83365.5,83365.5,83137.7,83245.0,10509.0,83323.3515625,83251.6015625,82689.0,71.75,562.6015625,634.3515625
1066,83244.9,83472.3,83217.3,83376.4,11346.0,82930.8515625,83344.796875,82761.953125,413.9453125,582.84375,168.8984375
1067,83379.7,83599.9,83379.7,83593.4,5674.0,83042.953125,83489.796875,82898.1875,446.84375,591.609375,144.765625
1068,83593.4,83810.5,83593.4,83773.3,12094.0,82922.953125,83701.953125,83104.375,779.0,597.578125,181.421875
1069,83778.5,83884.0,83778.5,83853.8,8720.0,82581.3984375,83831.25,83260.21875,1249.8515625,571.03125,678.8203125
1070,83856.0,83932.0,83741.5,83919.5,6771.0,82757.25,83836.75,83265.671875,1079.5,571.078125,508.421875
1071,83916.6,84107.5,83916.6,84096.0,22793.0,82897.5,84012.046875,83440.8046875,1114.546875,571.2421875,543.3046875
1072,84094.0,84469.1,84059.2,84469.1,44748.0,83079.1015625,84264.15625,83627.0703125,1185.0546875,637.0859375,547.96875
1073,84469.1,84537.4,84331.0,84471.8,17837.0,83153.8515625,84434.203125,83798.90625,1280.3515625,635.296875,645.0546875
1074,84468.2,84514.9,84353.3,84407.5,7191.0,83084.296875,84434.09375,83813.84375,1349.796875,620.25,729.546875
1075,84405.0,84594.4,84400.8,84531.8,17853.0,83508.59375,84497.59375,83881.2890625,989.0,616.3046875,372.6953125
1076,84531.8,84779.9,84531.8,84728.3,10834.0,83543.34375,84655.84375,84026.7421875,1112.5,629.1015625,483.3984375
1077,84726.2,84730.2,84553.1,84639.2,8104.0,83484.8984375,84641.65625,84022.3359375,1156.7578125,619.3203125,537.4375
1078,84645.4,84843.4,84645.4,84788.6,6836.0,84282.546875,84744.3984375,84125.75,461.8515625,618.6484375,156.796875
1079,84802.4,84937.8,84788.9,84921.0,9863.0,84683.75,84863.34375,84261.796875,179.59375,601.546875,421.953125
1080,84921.0,84963.5,84713.3,84825.4,29305.0,84675.59375,84838.3984375,84221.9453125,162.8046875,616.453125,453.6484375
1081,84825.4,84832.5,84578.6,84643.4,31444.0,85268.6015625,84705.546875,84074.5703125,563.0546875,630.9765625,1194.03125
1082,84648.7,84856.0,84635.0,84707.8,12198.0,85194.546875,84745.5,84111.3203125,449.046875,634.1796875,1083.2265625
1083,84713.1,84934.3,84713.1,84924.9,22912.0,85138.09375,84823.703125,84184.9921875,314.390625,638.7109375,953.1015625
1084,84924.9,85000.0,84870.7,84992.2,7445.0,85121.796875,84935.3515625,84321.7265625,186.4453125,613.625,800.0703125
1085,84988.3,85033.8,84865.2,84981.3,7177.0,85226.296875,84949.5,84346.65625,276.796875,602.84375,879.640625
1086,84981.5,85175.3,84981.5,85131.6,10751.0,85318.046875,85078.3984375,84477.640625,239.6484375,600.7578125,840.40625
1087,85132.1,85495.4,85088.0,85405.6,32002.0,85358.203125,85291.703125,84628.8046875,66.5,662.8984375,729.3984375
1088,85414.1,85414.1,85208.4,85305.7,15830.0,85218.703125,85311.25,84652.9296875,92.546875,658.3203125,565.7734375
1089,85305.7,85471.1,85301.4,85384.0,5496.0,85205.90625,85386.25,84742.8515625,180.34375,643.3984375,463.0546875
1090,85383.9,85383.9,85109.7,85229.7,15122.0,85121.8515625,85246.796875,84585.4453125,124.9453125,661.3515625,536.40625
1091,85228.3,85329.5,85143.0,85234.0,10143.0,84935.953125,85236.25,84585.0859375,300.296875,651.1640625,350.8671875
1092,85242.4,85311.9,85073.9,85155.1,14359.0,84681.953125,85192.8984375,84535.453125,510.9453125,657.4453125,146.5
1093,85166.3,85242.2,85024.3,85132.6,10146.0,84074.546875,85133.25,84476.171875,1058.703125,657.078125,401.625
1094,85162.9,85233.7,85104.3,85130.0,9191.0,83855.953125,85169.0,84538.8125,1313.046875,630.1875,682.859375
1095,85131.1,85316.6,85120.1,85194.0,7822.0,83582.75,85218.3515625,84592.234375,1635.6015625,626.1171875,1009.484375
1096,85201.8,85285.2,85079.0,85131.4,8329.0,83533.296875,85182.1015625,84556.734375,1648.8046875,625.3671875,1023.4375
1097,85160.4,85295.5,84984.1,85144.8,17961.0,83837.3984375,85139.796875,84483.546875,1302.3984375,656.25,646.1484375
1098,85144.8,85407.8,85127.1,85361.0,17528.0,84333.953125,85267.453125,84592.6171875,933.5,674.8359375,258.6640625
1099,85361.0,85448.1,85123.2,85123.2,8249.0,84497.6484375,85285.65625,84580.8359375,788.0078125,704.8203125,83.1875
1100,85123.2,85130.6,84951.8,85037.8,10494.0,84349.6484375,85041.203125,84353.21875,691.5546875,687.984375,3.5703125
1101,85042.0,85250.6,85016.8,85054.9,12391.0,84495.8984375,85133.703125,84444.375,637.8046875,689.328125,51.5234375
1102,85063.5,85277.3,85063.5,85188.7,10834.0,84776.1015625,85170.3984375,84483.2890625,394.296875,687.109375,292.8125
1103,85187.8,85337.9,85118.3,85337.9,10198.0,84620.6484375,85228.09375,84543.8125,607.4453125,684.28125,76.8359375
1104,85346.5,85444.5,85329.2,85392.6,13602.0,84494.25,85386.8515625,84736.40625,892.6015625,650.4453125,242.15625
1105,85393.9,85561.9,85319.7,85418.8,11914.0,84586.953125,85440.796875,84782.7421875,853.84375,658.0546875,195.7890625
1106,85417.8,85429.4,85300.1,85300.4,8748.0,84681.65625,85364.75,84733.7109375,683.09375,631.0390625,52.0546875
1107,85300.0,85300.0,85090.5,85152.2,6980.0,84700.5,85195.25,84564.34375,494.75,630.90625,136.15625
1108,85153.2,85165.3,85047.3,85085.0,10597.0,84906.953125,85106.296875,84503.0859375,199.34375,603.2109375,403.8671875
1109,85085.0,85226.7,85085.0,85199.7,8634.0,84946.546875,85155.8515625,84570.4453125,209.3046875,585.40625,376.1015625
1110,85195.7,85336.2,85195.7,85319.5,6052.0,84732.0,85265.953125,84696.9375,533.953125,569.015625,35.0625
1111,85325.4,85429.3,85285.5,85289.7,7594.0,84787.3515625,85357.3984375,84802.1484375,570.046875,555.25,14.796875
1112,85285.6,85346.4,85205.0,85346.4,5640.0,84658.15625,85275.703125,84733.5546875,617.546875,542.1484375,75.3984375
1113,85342.2,85423.8,85333.7,85423.7,8240.0,84321.0,85378.75,84863.7890625,1057.75,514.9609375,542.7890625
1114,85410.8,85471.1,85387.4,85430.1,7198.0,84247.0,85429.25,84940.671875,1182.25,488.578125,693.671875
1115,85426.0,85471.1,85315.3,85394.0,5488.0,84229.3984375,85393.203125,84906.7421875,1163.8046875,486.4609375,677.34375
1116,85397.6,85463.6,85352.0,85463.6,7635.0,84287.453125,85407.796875,84936.5,1120.34375,471.296875,649.046875
1117,85471.1,85471.1,85238.8,85252.8,8913.0,83952.25,85354.953125,84861.1015625,1402.703125,493.8515625,908.8515625
1118,85247.5,85285.1,85058.4,85130.4,12347.0,84155.296875,85171.75,84659.265625,1016.453125,512.484375,503.96875
1119,85139.0,85276.5,85129.6,85169.9,15130.0,83946.1484375,85203.046875,84697.7421875,1256.8984375,505.3046875,751.59375
1120,85181.6,85200.2,85075.3,85088.0,8698.0,83841.34375,85137.75,84645.5078125,1296.40625,492.2421875,804.1640625
1121,85088.0,85200.0,84990.6,85200.0,18433.0,83756.703125,85095.296875,84589.4609375,1338.59375,505.8359375,832.7578125
1122,85200.0,85268.6,85181.8,85237.4,5815.0,83516.296875,85225.203125,84743.90625,1708.90625,481.296875,1227.609375
1123,85240.1,85268.1,85166.9,85205.4,5931.0,83815.65625,85217.5,84753.96875,1401.84375,463.53125,938.3125
1124,85198.0,85198.4,85125.6,85172.6,3847.0,84094.1015625,85162.0,84720.8828125,1067.8984375,441.1171875,626.78125
1125,85173.4,85384.5,85173.4,85335.4,18953.0,84470.25,85278.953125,84818.3828125,808.703125,460.5703125,348.1328125
1126,85343.1,85349.8,85102.7,85181.6,8900.0,84476.296875,85226.25,84737.609375,749.953125,488.640625,261.3125
1127,85186.6,85246.2,85127.0,85230.2,5599.0,84601.75,85186.6015625,84711.0625,584.8515625,475.5390625,109.3125
1128,85224.5,85288.6,85170.3,85281.0,4742.0,84634.90625,85229.453125,84765.9765625,594.546875,463.4765625,131.0703125
1129,85281.0,85355.8,85279.4,85318.8,9746.0,84570.5,85317.59375,84877.546875,747.09375,440.046875,307.046875
1130,85318.7,85318.7,85180.9,85189.8,5384.0,84525.953125,85249.796875,84812.3828125,723.84375,437.4140625,286.4296875
1131,85183.3,85269.7,85161.6,85223.7,6086.0,84509.75,85215.65625,84789.5546875,705.90625,426.1015625,279.8046875
1132,85222.7,85222.7,85020.0,85020.0,7734.0,84767.6015625,85121.3515625,84676.75,353.75,444.6015625,90.8515625
1133,85006.4,85052.3,84906.1,84906.1,7145.0,84938.453125,84979.203125,84535.203125,40.75,444.0,403.25
1134,84905.8,84951.2,84779.9,84868.0,12524.0,85037.703125,84865.546875,84414.5546875,172.15625,450.9921875,623.1484375
1135,84860.9,85071.5,84860.9,84990.3,8568.0,85170.046875,84966.203125,84497.1328125,203.84375,469.0703125,672.9140625
1136,84988.0,84988.0,84879.2,84910.6,8412.0,85320.046875,84933.6015625,84478.109375,386.4453125,455.4921875,841.9375
1137,84910.7,84992.1,84867.1,84961.3,5568.0,85186.453125,84929.6015625,84482.15625,256.8515625,447.4453125,704.296875
1138,84957.2,85017.6,84882.3,84901.1,4003.0,85380.8515625,84949.953125,84506.6640625,430.8984375,443.2890625,874.1875
1139,84897.8,84949.5,84831.7,84855.1,9828.0,85210.796875,84890.6015625,84456.296875,320.1953125,434.3046875,754.5
1140,84871.0,84949.6,84782.5,84790.1,4940.0,85303.25,84866.046875,84425.046875,437.203125,441.0,878.203125
1141,84788.3,84808.4,84700.0,84751.4,8883.0,85300.1484375,84754.203125,84324.78125,545.9453125,429.421875,975.3671875
1142,84754.7,84754.7,84570.5,84612.5,12330.0,85134.8984375,84662.6015625,84220.859375,472.296875,441.7421875,914.0390625
1143,84604.1,84637.0,84327.4,84423.9,40936.0,85173.5,84482.203125,83991.7578125,691.296875,490.4453125,1181.7421875
1144,84420.7,84420.7,84208.6,84229.8,10888.0,85042.0,84314.65625,83808.6640625,727.34375,505.9921875,1233.3359375
1145,84229.8,84290.6,84004.7,84024.3,17100.0,84916.3515625,84147.65625,83606.4921875,768.6953125,541.1640625,1309.859375
1146,84012.6,84258.9,83913.9,84150.8,11053.0,84542.8984375,84086.3984375,83495.8515625,456.5,590.546875,1047.046875
1147,84150.8,84159.2,83900.0,83998.3,31858.0,84553.6484375,84029.6015625,83420.3515625,524.046875,609.25,1133.296875
1148,83998.4,84009.6,83758.2,83909.4,21347.0,84518.15625,83883.90625,83260.15625,634.25,623.75,1258.0
1149,83909.5,84162.2,83873.9,84122.5,18923.0,84598.75,84018.046875,83370.1875,580.703125,647.859375,1228.5625
1150,84122.4,84122.4,83911.3,83937.3,10531.0,84441.75,84016.84375,83370.40625,424.90625,646.4375,1071.34375
1151,83951.5,84061.3,83783.2,83928.5,11695.0,84433.546875,83922.25,83257.03125,511.296875,665.21875,1176.515625
1152,83934.7,83934.7,83774.4,83783.4,7850.0,7839.0,83854.546875,83207.7578125,76015.546875,646.7890625,75368.7578125
1153,83792.7,83857.4,83586.1,83627.4,36647.0,5023.5,83721.75,83058.25,78698.25,663.5,78034.75
1154,83623.2,83674.0,83547.0,83663.7,8006.0,17993.0,83610.5,82975.25,65617.5,635.25,64982.25
1155,83660.6,83695.7,83545.4,83676.7,7245.0,7481.0,83620.546875,83003.7265625,76139.546875,616.8203125,75522.7265625
1156,83682.7,83777.7,83607.0,83716.5,13175.0,8073.0,83692.3515625,83086.0078125,75619.3515625,606.34375,75013.0078125
1157,83715.4,83715.4,83408.4,83449.0,20753.0,3804.0,83561.8984375,82923.7578125,79757.8984375,638.140625,79119.7578125
1158,83446.0,83498.2,83387.0,83480.7,13874.0,3874.5,83442.6015625,82834.9140625,79568.1015625,607.6875,78960.4140625
1159,83493.3,83525.2,83452.6,83455.1,6233.0,26297.0,83488.90625,82920.203125,57191.90625,568.703125,56623.203125
1160,83471.8,83471.8,83291.7,83334.0,12585.0,8196.5,83381.75,82815.890625,75185.25,565.859375,74619.390625
1161,83342.4,83617.9,83325.6,83576.7,11625.0,3791.5,83471.75,82874.7890625,79680.25,596.9609375,79083.2890625
1162,83584.9,83594.5,83415.2,83489.9,7671.0,9646.5,83504.8515625,82913.796875,73858.3515625,591.0546875,73267.296875
1163,83460.4,83604.4,83436.0,83525.7,6586.0,2838.5,83520.203125,82937.734375,80681.703125,582.46875,80099.234375
1164,83525.8,83653.4,83477.7,83620.6,9151.0,18043.5,83565.546875,82988.6171875,65522.046875,576.9296875,64945.1171875
1165,83629.0,83964.9,83580.7,83882.4,25524.0,8011.0,83772.796875,83138.296875,75761.796875,634.5,75127.296875
1166,83890.1,83915.8,83752.2,83793.9,9105.0,9811.5,83834.0,83213.875,74022.5,620.125,73402.375
1167,83798.6,83938.7,83798.5,83880.9,12169.0,6884.5,83868.6015625,83267.046875,76984.1015625,601.5546875,76382.546875
1168,83881.0,84189.7,83881.0,84072.7,17582.0,9837.5,84035.3515625,83401.3125,74197.8515625,634.0390625,73563.8125
1169,84072.6,84110.0,83977.5,84070.0,8548.0,8836.5,84043.75,83433.3671875,75207.25,610.3828125,74596.8671875
1170,84066.4,84172.1,83973.2,84144.1,11358.0,5072.0,84072.65625,83463.640625,79000.65625,609.015625,78391.640625
1171,84139.7,84290.6,84139.7,84254.7,9421.0,6998.0,84215.15625,83621.7734375,77217.15625,593.3828125,76623.7734375
1172,84258.5,84413.2,84225.4,84413.2,12062.0,4550.0,84319.296875,83728.90625,79769.296875,590.390625,79178.90625
1173,84413.2,84433.4,84171.6,84195.6,15662.0,2977.5,84302.5,83692.609375,81325.0,609.890625,80715.109375
1174,84200.2,84304.5,84200.2,84296.3,3366.0,4609.0,84252.3515625,83670.78125,79643.3515625,581.5703125,79061.78125
1175,84296.4,84338.8,84269.6,84338.8,8487.0,3200.5,84304.203125,83760.03125,81103.703125,544.171875,80559.53125
1176,84347.4,84581.3,84347.4,84485.4,12701.0,3591.0,84464.34375,83901.84375,80873.34375,562.5,80310.84375
1177,84487.4,84546.4,84484.0,84509.9,5394.0,10740.0,84515.203125,83990.234375,73775.203125,524.96875,73250.234375
1178,84509.9,84590.6,84498.0,84536.8,6268.0,3740.5,84544.296875,84044.0390625,80803.796875,500.2578125,80303.5390625
1179,84533.6,84566.9,84485.3,84517.0,5349.0,11541.0,84526.09375,84051.3828125,72985.09375,474.7109375,72510.3828125
1180,84524.8,84553.9,84337.7,84382.3,14614.0,8142.5,84445.796875,83953.6953125,76303.296875,492.1015625,75811.1953125
1181,84392.1,84400.7,84168.8,84349.4,33939.0,5436.0,84284.75,83772.2890625,78848.75,512.4609375,78336.2890625
1182,84365.0,84388.0,84278.7,84349.9,6606.0,4078.5,84333.3515625,83839.3515625,80254.8515625,494.0,79760.8515625
1183,84345.6,84472.3,84345.6,84462.4,5434.0,4189.5,84408.953125,83926.34375,80219.453125,482.609375,79736.84375
1184,84465.5,84531.8,84428.4,84529.1,16535.0,2896.5,84480.09375,84014.7265625,81583.59375,465.3671875,81118.2265625
1185,84532.3,84587.4,84397.0,84448.4,7372.0,11463.5,84492.203125,84016.25,73028.703125,475.953125,72552.75
1186,84452.6,84506.9,84426.9,84432.8,6998.0,5065.0,84466.8984375,84014.5390625,79401.8984375,452.359375,78949.5390625
1187,84436.5,84559.0,84403.6,84559.0,5150.0,3501.0,84481.296875,84027.5546875,80980.296875,453.7421875,80526.5546875
1188,84559.0,85041.7,84547.6,84927.3,23950.0,5385.5,84794.65625,84238.0625,79409.15625,556.59375,78852.5625
1189,84929.4,85082.1,84766.9,84804.0,12416.0,19678.0,84924.5,84329.0,65246.5,595.5,64651.0
1190,84803.0,85016.3,84803.0,84878.2,11871.0,14318.5,84909.6484375,84309.7109375,70591.1484375,599.9375,69991.2109375
1191,84877.0,84977.4,84773.4,84844.7,7295.0,6435.0,84875.3984375,84274.2578125,78440.3984375,601.140625,77839.2578125
1192,84851.2,84856.0,84676.1,84707.5,12813.0,19643.0,84766.046875,84171.046875,65123.046875,595.0,64528.046875
1193,84720.3,84870.1,84720.3,84795.0,5609.0,8033.5,84795.203125,84210.921875,76761.703125,584.28125,76177.421875
1194,84777.9,84777.9,84558.1,84683.4,7423.0,8991.0,84668.0,84071.078125,75677.0,596.921875,75080.078125
1195,84666.5,84714.0,84598.9,84711.8,5164.0,9289.5,84656.453125,84084.6953125,75366.953125,571.7578125,74795.1953125
1196,84707.5,84745.1,84601.9,84646.0,5867.0,6790.0,84673.5,84115.953125,77883.5,557.546875,77325.953125
1197,84645.3,84657.8,84504.9,84595.3,6202.0,10570.0,84581.34375,84033.6875,74011.34375,547.65625,73463.6875
1198,84584.1,84642.0,84556.9,84621.6,3858.0,32550.0,84599.453125,84081.03125,52049.453125,518.421875,51531.03125
1199,84612.8,84636.4,84562.6,84574.1,6899.0,30360.0,84599.5,84110.78125,54239.5,488.71875,53750.78125
1200,84579.3,84653.4,84561.3,84595.8,4130.0,6669.5,84607.34375,84139.8671875,77937.84375,467.4765625,77470.3671875
1201,84601.0,84657.3,84428.3,84428.3,6261.0,10324.0,84542.796875,84053.3671875,74218.796875,489.4296875,73729.3671875
1202,84432.6,84573.7,84432.6,84560.2,7631.0,5564.5,84503.15625,84019.046875,78938.65625,484.109375,78454.546875
1203,84547.6,84699.9,84523.2,84684.8,5995.0,10815.0,84611.546875,84122.8359375,73796.546875,488.7109375,73307.8359375
1204,84689.0,84767.0,84628.4,84749.9,10380.0,8588.0,84697.703125,84216.2890625,76109.703125,481.4140625,75628.2890625
1205,84752.5,84798.4,84665.3,84666.3,4803.0,6802.5,84731.84375,84258.640625,77929.34375,473.203125,77456.140625
1206,84668.5,84668.5,84573.8,84594.9,4486.0,6011.5,84621.1484375,84166.8515625,78609.6484375,454.296875,78155.3515625
1207,84603.5,84632.9,84568.0,84579.0,5117.0,8013.5,84600.453125,84172.1171875,76586.953125,428.3359375,76158.6171875
1208,84574.0,84622.8,84543.6,84622.8,4226.0,4975.0,84583.203125,84173.9453125,79608.203125,409.2578125,79198.9453125
1209,84622.8,84838.7,84622.8,84818.8,6063.0,3559.5,84730.75,84297.640625,81171.25,433.109375,80738.140625
1210,84823.0,84893.5,84713.3,84753.6,5369.0,4023.0,84803.3984375,84359.5390625,80780.3984375,443.859375,80336.5390625
1211,84753.5,84787.4,84651.2,84735.2,7993.0,4314.5,84719.296875,84278.96875,80404.796875,440.328125,79964.46875
1212,84736.2,84751.3,84611.1,84628.1,3401.0,7488.0,84681.203125,84242.84375,77193.203125,438.359375,76754.84375
1213,84619.0,84619.0,84500.1,84528.5,5541.0,6808.5,84559.546875,84126.625,77751.046875,432.921875,77318.125
1214,84515.0,84601.6,84491.5,84564.8,4341.0,3561.0,84546.546875,84123.890625,80985.546875,422.65625,80562.890625
1215,84560.6,84560.6,84477.0,84550.4,4307.0,4012.0,84518.796875,84112.0625,80506.796875,406.734375,80100.0625
1216,84559.1,84682.5,84556.3,84682.5,3839.0,3793.5,84619.3984375,84213.7109375,80825.8984375,405.6875,80420.2109375
1217,84686.6,84718.5,84635.9,84718.5,4857.0,3335.5,84677.203125,84287.3046875,81341.703125,389.8984375,80951.8046875
1218,84709.0,84710.8,84545.8,84555.3,3550.0,6464.5,84628.296875,84225.578125,78163.796875,402.71875,77761.078125
1219,84571.0,84762.2,84567.1,84759.5,4013.0,18172.0,84664.65625,84240.1328125,66492.65625,424.5234375,66068.1328125
1220,84759.5,84912.6,84702.4,84889.8,5755.0,6128.5,84807.5,84362.3671875,78679.0,445.1328125,78233.8671875
1221,84896.8,84968.5,84896.8,84961.3,5503.0,4975.0,84932.6484375,84508.421875,79957.6484375,424.2265625,79533.421875
1222,84960.5,85023.8,84845.7,84852.6,7672.0,5202.5,84934.75,84499.515625,79732.25,435.234375,79297.015625
1223,84871.0,84892.0,84759.8,84883.9,8826.0,4225.0,84825.8984375,84394.53125,80600.8984375,431.3671875,80169.53125
1224,84884.9,84952.4,84811.6,84914.5,4672.0,4511.0,84882.0,84451.5234375,80371.0,430.4765625,79940.5234375
1225,84901.7,85024.2,84901.7,84973.7,4123.0,5420.5,84962.953125,84538.78125,79542.453125,424.171875,79118.28125
1226,84970.0,85009.0,84947.1,84955.7,3577.0,4059.5,84978.046875,84577.71875,80918.546875,400.328125,80518.21875
1227,84969.0,84973.7,84936.4,84937.4,2647.0,5345.0,84955.046875,84583.5625,79610.046875,371.484375,79238.5625
1228,84937.3,84937.3,84827.7,84882.3,4596.0,3329.5,84882.5,84515.25,81553.0,367.25,81185.75
1229,84882.2,84925.0,84868.6,84895.3,4052.0,5363.5,84896.796875,84549.359375,79533.296875,347.4375,79185.859375
1230,84895.3,84998.5,84866.9,84877.4,5019.0,3621.5,84932.703125,84580.5234375,81311.203125,352.1796875,80959.0234375
1231,84888.3,84905.0,84702.6,84719.9,7820.0,7565.0,84803.796875,84426.1171875,77238.796875,377.6796875,76861.1171875
1232,84719.9,84799.6,84676.5,84744.1,7162.0,4275.0,84738.046875,84361.203125,80463.046875,376.84375,80086.203125
1233,84742.8,84769.3,84649.4,84658.7,5654.0,2152.0,84709.34375,84334.21875,82557.34375,375.125,82182.21875
1234,84647.0,84680.1,84620.4,84639.7,3991.0,2119.5,84650.25,84294.7265625,82530.75,355.5234375,82175.2265625
1235,84639.8,84730.1,84639.8,84730.1,6066.0,2484.0,84684.953125,84337.859375,82200.953125,347.09375,81853.859375
1236,84732.8,84841.4,84732.8,84758.0,4764.0,3718.5,84787.09375,84441.3203125,81068.59375,345.7734375,80722.8203125
1237,84757.9,84819.6,84709.7,84816.7,4422.0,4093.0,84764.65625,84420.4921875,80671.65625,344.1640625,80327.4921875
1238,84819.6,84872.1,84814.6,84855.0,3554.0,6990.5,84843.3515625,84516.3515625,77852.8515625,327.0,77525.8515625
1239,84850.0,84855.7,84745.7,84745.7,4365.0,2679.0,84800.703125,84473.40625,82121.703125,327.296875,81794.40625
1240,84744.6,84772.2,84679.9,84681.8,6231.0,4121.5,84726.046875,84403.7890625,80604.546875,322.2578125,80282.2890625
1241,84682.2,84696.8,84600.0,84659.2,4135.0,4375.0,84648.3984375,84329.328125,80273.3984375,319.0703125,79954.328125
1242,84666.3,84700.8,84633.6,84657.1,4495.0,3104.0,84667.203125,84359.875,81563.203125,307.328125,81255.875
1243,84657.4,84657.4,84437.4,84445.4,12001.0,4164.5,84547.3984375,84204.8046875,80382.8984375,342.59375,80040.3046875
1244,84445.5,84470.5,84350.9,84440.0,5845.0,3339.5,84410.703125,84066.4921875,81071.203125,344.2109375,80726.9921875
1245,84447.1,84447.3,84342.6,84383.2,10287.0,4224.0,84394.953125,84053.75,80170.953125,341.203125,79829.75
1246,84378.9,84403.2,84241.3,84274.8,6575.0,5123.0,84322.25,83966.6015625,79199.25,355.6484375,78843.6015625
1247,84270.6,84367.3,84225.5,84367.2,6615.0,4051.0,84296.3984375,83933.7734375,80245.3984375,362.625,79882.7734375
1248,84367.2,84430.8,84293.0,84388.3,8113.0,8584.5,84361.8984375,83994.1953125,75777.3984375,367.703125,75409.6953125
1249,84388.2,84442.1,84332.8,84377.2,4869.0,6308.0,84387.453125,84023.7265625,78079.453125,363.7265625,77715.7265625
1250,84369.0,84404.5,84304.8,84324.8,6715.0,3101.5,84354.6484375,83997.3828125,81253.1484375,357.265625,80895.8828125
1251,84316.3,84316.3,84249.3,84256.0,5524.0,11805.5,84282.796875,83938.609375,72477.296875,344.1875,72133.109375
1252,84250.1,84307.1,84178.8,84238.0,9858.0,19177.5,84242.953125,83894.6953125,65065.453125,348.2578125,64717.1953125
1253,84240.4,84240.4,84116.7,84120.3,4542.0,3413.5,84178.546875,83828.0078125,80765.046875,350.5390625,80414.5078125
1254,84117.0,84193.2,84063.2,84170.8,5030.0,125014.5,84128.203125,83773.71875,40886.296875,354.484375,41240.78125
1255,84176.1,84361.3,84176.1,84345.3,4132.0,85104.0,84268.703125,83892.515625,835.296875,376.1875,1211.484375
1256,84345.3,84359.7,84245.5,84254.0,5754.0,31932.0,84302.6015625,83929.7734375,52370.6015625,372.828125,51997.7734375
1257,84254.1,84266.7,84165.4,84204.8,2063.0,34333.0,84216.046875,83850.109375,49883.046875,365.9375,49517.109375
1258,84226.0,84268.1,84196.0,84207.2,3810.0,8011.0,84232.046875,83881.0703125,76221.046875,350.9765625,75870.0703125
1259,84188.2,84224.2,84179.5,84209.9,3738.0,14854.0,84201.8515625,83872.5625,69347.8515625,329.2890625,69018.5625
1260,84202.7,84268.2,84175.1,84237.9,6033.0,8755.0,84221.65625,83897.3671875,75466.65625,324.2890625,75142.3671875
1261,84234.1,84366.1,84194.6,84335.2,5805.0,23566.5,84280.3515625,83937.0390625,60713.8515625,343.3125,60370.5390625
1262,84335.2,84340.4,84206.4,84239.7,8218.0,12306.0,84273.3984375,83924.21875,71967.3984375,349.1796875,71618.21875
1263,84239.6,84345.5,84214.1,84315.6,7880.0,10439.0,84279.796875,83926.1171875,73840.796875,353.6796875,73487.1171875
1264,84320.8,84320.8,84181.8,84186.3,3710.0,11730.0,84251.296875,83891.28125,72521.296875,360.015625,72161.28125
1265,84182.0,84194.1,84034.7,84063.0,19380.0,13478.5,84114.40625,83742.578125,70635.90625,371.828125,70264.078125
1266,84063.1,84101.4,84000.2,84000.2,12074.0,3872.0,84050.796875,83685.7890625,80178.796875,365.0078125,79813.7890625
1267,84000.0,84074.3,83904.3,83904.3,9397.0,9538.5,83989.296875,83609.7890625,74450.796875,379.5078125,74071.2890625
1268,83900.0,83929.4,83857.1,83916.3,8282.0,14615.5,83893.25,83530.0078125,69277.75,363.2421875,68914.5078125
1269,83933.1,83933.1,83883.7,83920.2,6761.0,8768.5,83908.40625,83566.6640625,75139.90625,341.7421875,74798.1640625
1270,83919.3,84011.8,83919.3,84011.8,17995.0,15753.0,83965.546875,83630.234375,68212.546875,335.3125,67877.234375
1271,84011.9,84094.0,84011.9,84092.7,4472.0,9691.5,84052.953125,83726.5078125,74361.453125,326.4453125,74035.0078125
1272,84092.6,84344.8,84090.7,84217.9,10984.0,14979.5,84217.75,83847.71875,69238.25,370.03125,68868.21875
1273,84214.3,84214.3,84078.0,84117.3,6081.0,9468.5,84146.1484375,83771.15625,74677.6484375,374.9921875,74302.65625
1274,84121.5,84198.6,84121.5,84192.3,3944.0,15724.5,84160.046875,83798.15625,68435.546875,361.890625,68073.65625
1275,84207.3,84212.4,84004.8,84004.8,13441.0,5146.0,84108.59375,83720.6171875,78962.59375,387.9765625,78574.6171875
1276,83992.1,83996.7,83929.0,83961.3,6353.0,10278.0,83962.8515625,83590.9296875,73684.8515625,371.921875,73312.9296875
1277,83966.4,83971.6,83877.7,83931.0,4186.0,27243.5,83924.65625,83561.7578125,56681.15625,362.8984375,56318.2578125
1278,83914.8,83940.5,83848.1,83859.0,4120.0,40458.5,83894.296875,83539.96875,43435.796875,354.328125,43081.46875
1279,83850.6,83892.0,83769.8,83826.0,7933.0,16341.0,83830.8984375,83475.34375,67489.8984375,355.5546875,67134.34375
1280,83822.0,83848.0,83750.0,83818.8,6358.0,18593.0,83799.0,83449.6015625,65206.0,349.3984375,64856.6015625
1281,83820.1,83849.7,83779.1,83828.8,7407.0,13383.5,83814.40625,83478.765625,70430.90625,335.640625,70095.265625
1282,83828.6,83891.3,83780.3,83853.9,7302.0,18318.0,83835.796875,83500.421875,65517.796875,335.375,65182.421875
1283,83843.7,83866.5,83708.9,83713.4,5583.0,21461.0,83787.703125,83438.5859375,62326.703125,349.1171875,61977.5859375
1284,83713.3,83713.3,83641.8,83693.4,6586.0,16093.5,83677.546875,83341.859375,67584.046875,335.6875,67248.359375
1285,83700.0,83852.0,83700.0,83848.3,8200.0,18955.0,83776.0,83426.296875,64821.0,349.703125,64471.296875
1286,83855.8,83905.9,83831.3,83862.8,3187.0,19349.0,83868.59375,83531.484375,64519.59375,337.109375,64182.484375
1287,83872.8,83872.9,83650.6,83650.6,4158.0,19996.5,83761.75,83391.6640625,63765.25,370.0859375,63395.1640625
1288,83650.5,83652.1,83588.0,83647.7,5952.0,16953.5,83620.046875,83267.734375,66666.546875,352.3125,66314.234375
1289,83645.7,83645.7,83500.1,83538.1,5771.0,17329.0,83572.90625,83211.546875,66243.90625,361.359375,65882.546875
1290,83535.1,83580.0,83469.8,83503.7,7573.0,9586.5,83524.8984375,83166.6171875,73938.3984375,358.28125,73580.1171875
1291,83513.7,83580.8,83482.9,83560.0,4075.0,10117.0,83531.84375,83180.015625,73414.84375,351.828125,73063.015625
1292,83558.1,83583.9,83455.7,83472.6,4779.0,13026.0,83519.796875,83164.6953125,70493.796875,355.1015625,70138.6953125
1293,83475.7,83697.7,83460.8,83697.7,7239.0,8793.0,83579.25,83188.5859375,74786.25,390.6640625,74395.5859375
1294,83699.2,83728.7,83561.3,83568.8,3836.0,15365.5,83645.0,83243.1796875,68279.5,401.8203125,67877.6796875
1295,83575.0,83868.0,83575.0,83768.7,8085.0,3798.5,83721.5,83270.1015625,79923.0,451.3984375,79471.6015625
1296,83759.3,83801.6,83697.5,83736.2,8254.0,13028.5,83749.546875,83312.0546875,70721.046875,437.4921875,70283.5546875
1297,83733.7,83895.9,83695.4,83895.1,5175.0,12160.5,83795.6484375,83341.7578125,71635.1484375,453.890625,71181.2578125
1298,83895.1,84172.5,83887.2,84172.5,15440.0,28035.5,84029.8515625,83535.765625,55994.3515625,494.0859375,55500.265625
1299,84172.5,84198.5,84014.1,84014.1,18881.0,4970.0,84106.296875,83606.296875,79136.296875,500.0,78636.296875
1300,83997.4,84091.5,83936.3,84091.5,5203.0,4951.0,84013.8984375,83517.3359375,79062.8984375,496.5625,78566.3359375
1301,84094.7,84191.0,84042.3,84116.6,5684.0,2130.0,84116.6484375,83625.1328125,81986.6484375,491.515625,81495.1328125
1302,84106.1,84192.9,84071.6,84071.6,3578.0,22370.5,84132.25,83653.5,61761.75,478.75,61283.0
1303,84067.3,84262.1,84000.0,84188.2,5813.0,6434.5,84131.046875,83621.5390625,77696.546875,509.5078125,77187.0390625
1304,84184.0,84268.3,84160.8,84247.8,6726.0,15332.5,84214.546875,83723.7421875,68882.046875,490.8046875,68391.2421875
1305,84253.9,84347.9,84232.0,84289.8,12553.0,4490.5,84289.953125,83813.453125,79799.453125,476.5,79322.953125
1306,84291.0,84482.7,84288.8,84477.0,6928.0,9542.5,84385.75,83898.734375,74843.25,487.015625,74356.234375
1307,84474.3,84572.8,84359.7,84463.5,12104.0,9450.0,84466.25,83964.0078125,75016.25,502.2421875,74514.0078125
1308,84491.5,84593.8,84445.5,84593.8,5926.0,9865.0,84519.6484375,84023.140625,74654.6484375,496.5078125,74158.140625
1309,84594.3,84657.3,84538.5,84556.0,6393.0,12295.5,84597.8984375,84115.3984375,72302.3984375,482.5,71819.8984375
1310,84561.0,84644.8,84352.5,84355.3,17323.0,22739.0,84498.6484375,83976.7109375,61759.6484375,521.9375,61237.7109375
1311,84363.8,84549.6,84358.7,84520.5,3899.0,8840.0,84454.15625,83926.125,75614.15625,528.03125,75086.125
1312,84505.5,84545.4,84432.1,84432.1,5541.0,54290.5,84488.75,83979.53125,30198.25,509.21875,29689.03125
1313,84428.9,84500.3,84385.7,84385.7,5566.0,34473.5,84443.0,83950.3203125,49969.5,492.6796875,49476.8203125
1314,84385.6,84501.2,84352.7,84491.3,7929.0,47449.5,84426.953125,83938.9921875,36977.453125,487.9609375,36489.4921875
1315,84491.4,84517.3,84240.4,84367.0,27198.0,58598.5,84378.84375,83856.609375,25780.34375,522.234375,25258.109375
1316,84371.1,84579.1,84371.1,84566.3,16838.0,17917.0,84475.1015625,83941.4609375,66558.1015625,533.640625,66024.4609375
1317,84566.3,84657.5,84500.1,84637.2,28911.0,13412.5,84578.796875,84051.3046875,71166.296875,527.4921875,70638.8046875
1318,84637.2,84641.0,84500.1,84533.7,4804.0,16296.0,84570.546875,84053.53125,68274.546875,517.015625,67757.53125
1319,84531.4,84644.5,84385.1,84562.9,35778.0,14641.0,84514.796875,83971.6640625,69873.796875,543.1328125,69330.6640625
1320,84565.2,84628.1,84510.1,84607.1,9880.0,9577.5,84569.1015625,84044.8828125,74991.6015625,524.21875,74467.3828125
1321,84624.0,84749.9,84624.0,84645.2,13423.0,7434.5,84686.953125,84172.3125,77252.453125,514.640625,76737.8125
1322,84645.2,84691.3,84599.5,84624.6,6810.0,7999.0,84645.3984375,84154.6875,76646.3984375,490.7109375,76155.6875
1323,84623.4,84623.4,84466.6,84474.4,7868.0,15833.0,84545.0,84055.9609375,68712.0,489.0390625,68222.9609375
1324,84473.5,84506.1,84339.1,84506.1,8344.0,11058.0,84422.6015625,83932.3671875,73364.6015625,490.234375,72874.3671875
1325,84501.9,84535.7,84425.5,84470.1,5125.0,4714.5,84480.6015625,84006.328125,79766.1015625,474.2734375,79291.828125
1326,84473.0,84624.4,84473.0,84570.9,5409.0,6754.5,84548.703125,84075.5703125,77794.203125,473.1328125,77321.0703125
1327,84573.3,84586.9,84510.2,84570.1,5718.0,8418.0,84548.546875,84099.71875,76130.546875,448.828125,75681.71875
1328,84577.4,84577.4,84502.7,84553.3,5204.0,11332.0,84540.046875,84113.6875,73208.046875,426.359375,72781.6875
1329,84557.5,84573.1,84470.5,84474.8,3454.0,9412.5,84521.796875,84107.296875,75109.296875,414.5,74694.796875
1330,84494.4,84595.0,84459.5,84595.0,3585.0,8894.5,84527.25,84113.546875,75632.75,413.703125,75219.046875
1331,84595.0,84641.1,84520.0,84520.0,5515.0,7969.5,84580.546875,84171.8828125,76611.046875,408.6640625,76202.3828125
1332,84520.0,84540.0,84436.8,84531.9,2068.0,17756.0,84488.3984375,84089.640625,66732.3984375,398.7578125,66333.640625
1333,84528.5,84623.9,84528.5,84593.7,5397.0,8223.5,84576.203125,84188.703125,76352.703125,387.5,75965.203125
1334,84593.8,84623.9,84580.6,84607.0,2500.0,7448.5,84602.25,84240.5078125,77153.75,361.7421875,76792.0078125
1335,84602.0,84632.5,84525.2,84525.2,4342.0,26819.0,84578.8515625,84221.09375,57759.8515625,357.7578125,57402.09375
1336,84495.7,84515.5,84416.9,84435.8,6431.0,7546.5,84466.203125,84111.734375,76919.703125,354.46875,76565.234375
1337,84437.8,84583.7,84433.5,84583.7,3990.0,6264.5,84508.6015625,84144.515625,78244.1015625,364.0859375,77880.015625
1338,84585.3,84629.4,84440.0,84440.0,3820.0,19146.5,84534.703125,84150.2109375,65388.203125,384.4921875,65003.7109375
1339,84434.2,84550.9,84434.2,84512.1,3444.0,46095.0,84492.546875,84111.4921875,38397.546875,381.0546875,38016.4921875
1340,84500.1,84700.0,84494.2,84683.0,7857.0,15318.0,84597.1015625,84192.4140625,69279.1015625,404.6875,68874.4140625
1341,84682.9,84757.3,84664.2,84722.2,6431.0,13811.5,84710.75,84318.6015625,70899.25,392.1484375,70507.1015625
1342,84732.9,84821.9,84731.4,84813.0,6394.0,18844.5,84776.6484375,84393.8046875,65932.1484375,382.84375,65549.3046875
1343,84816.3,84884.7,84795.9,84873.6,6753.0,13600.5,84840.296875,84469.1015625,71239.796875,371.1953125,70868.6015625
1344,84876.0,84882.6,84729.1,84737.6,5693.0,14131.0,84805.8515625,84425.7265625,70674.8515625,380.125,70294.7265625
1345,84741.8,84950.0,84732.4,84931.7,23302.0,9898.5,84841.203125,84433.8046875,74942.703125,407.3984375,74535.3046875
1346,84926.2,84950.0,84926.2,84930.6,3691.0,6081.5,84938.1015625,84564.3046875,78856.6015625,373.796875,78482.8046875
1347,84930.5,84976.9,84930.5,84946.3,2009.0,9514.0,84953.703125,84603.3671875,75439.703125,350.3359375,75089.3671875
1348,84946.2,84959.3,84922.1,84943.4,2789.0,11794.5,84940.703125,84614.2421875,73146.203125,326.4609375,72819.7421875
1349,84943.5,84987.6,84943.5,84951.5,3120.0,7411.5,84965.546875,84658.46875,77554.046875,307.078125,77246.96875
1350,84951.6,84976.7,84937.7,84976.7,4769.0,13778.0,84957.203125,84669.1328125,71179.203125,288.0703125,70891.1328125
1351,84986.9,85033.2,84976.6,85021.0,3567.0,40377.0,85004.90625,84728.6640625,44627.90625,276.2421875,44351.6640625
1352,85023.1,85095.1,84998.7,85054.4,7024.0,11176.0,85046.90625,84769.3671875,73870.90625,277.5390625,73593.3671875
1353,85060.0,85060.0,84988.0,84991.1,5809.0,12080.5,85024.0,84752.6171875,72943.5,271.3828125,72672.1171875
1354,84995.0,84995.0,84926.9,84981.1,6869.0,13510.5,84960.953125,84696.28125,71450.453125,264.671875,71185.78125
1355,84986.9,85125.0,84986.9,85079.5,4883.0,8451.5,85055.953125,84774.578125,76604.453125,281.375,76323.078125
1356,85078.9,85287.3,85078.9,85214.9,12182.0,14366.0,85183.09375,84867.3359375,70817.09375,315.7578125,70501.3359375
1357,85207.9,85207.9,85091.6,85125.2,5917.0,11840.0,85149.75,84828.578125,73309.75,321.171875,72988.578125
1358,85123.3,85191.3,85115.6,85191.3,3562.0,12964.5,85153.453125,84841.6875,72188.953125,311.765625,71877.1875
1359,85203.1,85266.4,85172.5,85266.3,7952.0,9328.0,85219.453125,84910.6953125,75891.453125,308.7578125,75582.6953125
1360,85266.3,85335.9,85224.6,85314.8,4649.0,21448.0,85280.25,84968.9765625,63832.25,311.2734375,63520.9765625
1361,85314.7,85327.6,85257.9,85290.8,5677.0,6377.0,85292.75,84991.6953125,78915.75,301.0546875,78614.6953125
1362,85284.2,85385.0,85284.2,85349.3,4114.0,7700.0,85334.6015625,85033.4140625,77634.6015625,301.1875,77333.4140625
1363,85349.3,85349.4,85323.7,85337.2,2560.0,13831.5,85336.546875,85057.765625,71505.046875,278.78125,71226.265625
1364,85337.2,85337.2,85219.7,85247.9,5227.0,8704.0,85278.453125,84992.3046875,76574.453125,286.1484375,76288.3046875
1365,85249.9,85259.9,85178.6,85204.9,5217.0,8510.0,85219.25,84937.328125,76709.25,281.921875,76427.328125
1366,85204.9,85235.3,85140.2,85140.2,4989.0,33770.5,85187.75,84905.4921875,51417.25,282.2578125,51134.9921875
1367,85140.2,85235.6,85140.2,85232.7,4661.0,9469.0,85187.90625,84905.25,75718.90625,282.65625,75436.25
1368,85230.2,85332.6,85230.2,85308.8,3567.0,21821.0,85281.40625,84996.296875,63460.40625,285.109375,63175.296875
1369,85308.7,85325.6,85247.1,85272.4,7719.0,21376.5,85286.3515625,85006.203125,63909.8515625,280.1484375,63629.703125
1370,85272.4,85299.3,85242.7,85271.8,3274.0,12251.0,85271.0,85001.890625,73020.0,269.109375,72750.890625
1371,85271.7,85385.0,85263.6,85385.0,9905.0,13145.0,85324.296875,85045.6796875,72179.296875,278.6171875,71900.6796875
1372,85396.3,85402.3,85347.9,85376.7,7416.0,11612.5,85375.09375,85108.015625,73762.59375,267.078125,73495.515625
1373,85376.6,85376.6,85336.1,85336.1,2453.0,7864.0,85356.3515625,85103.8046875,77492.3515625,252.546875,77239.8046875
1374,85340.3,85340.3,85214.1,85227.1,3585.0,6617.0,85277.203125,85012.046875,78660.203125,265.15625,78395.046875
1375,85232.9,85265.0,85131.3,85150.6,4884.0,8274.0,85198.1484375,84919.3984375,76924.1484375,278.75,76645.3984375
1376,85156.9,85264.9,85137.6,85233.7,4093.0,12124.0,85201.25,84912.1875,73077.25,289.0625,72788.1875
1377,85217.6,85250.2,85187.9,85187.9,3042.0,7249.5,85219.046875,84940.1953125,77969.546875,278.8515625,77690.6953125
1378,85188.0,85219.6,85140.7,85146.9,5387.0,6910.0,85180.15625,84905.5234375,78270.15625,274.6328125,77995.5234375
1379,85147.0,85168.0,85123.9,85168.0,3676.0,6990.0,85145.953125,84885.5546875,78155.953125,260.3984375,77895.5546875
1380,85173.0,85201.1,85145.5,85175.5,2938.0,10606.5,85173.296875,84922.2578125,74566.796875,251.0390625,74315.7578125
1381,85175.4,85308.7,85175.4,85271.4,3374.0,21455.5,85242.046875,84976.1171875,63786.546875,265.9296875,63520.6171875
1382,85275.7,85346.8,85275.7,85335.1,4547.0,9772.5,85311.25,85049.296875,75538.75,261.953125,75276.796875
1383,85331.1,85396.9,85307.4,85363.7,5691.0,16964.0,85352.1484375,85089.5390625,68388.1484375,262.609375,68125.5390625
1384,85363.6,85363.6,85312.6,85317.6,2770.0,9648.0,85338.1015625,85086.421875,75690.1015625,251.6796875,75438.421875
1385,85312.7,85317.4,85182.3,85182.4,4293.0,10637.0,85249.84375,84982.7421875,74612.84375,267.1015625,74345.7421875
1386,85182.3,85314.3,85164.8,85314.3,6325.0,10741.5,85239.546875,84954.3046875,74498.046875,285.2421875,74212.8046875
1387,85318.0,85318.0,85226.7,85286.0,4384.0,9047.5,85272.3515625,84988.2421875,76224.8515625,284.109375,75940.7421875
1388,85277.4,85298.6,85251.3,85282.4,2589.0,20272.5,85274.953125,85005.0625,65002.453125,269.890625,64732.5625
1389,85280.3,85297.1,85264.1,85288.1,4552.0,6074.0,85280.6015625,85027.8046875,79206.6015625,252.796875,78953.8046875
1390,85288.0,85288.0,85264.0,85276.2,3669.0,10054.0,85276.0,85041.25,75222.0,234.75,74987.25
1391,85272.0,85272.0,85151.5,85151.5,3295.0,6034.5,85211.75,84963.0625,79177.25,248.6875,78928.5625
1392,85151.5,85151.5,85096.9,85118.3,5627.0,6946.0,85124.203125,84884.0078125,78178.203125,240.1953125,77938.0078125
1393,85116.5,85162.1,85071.1,85146.1,12648.0,4801.5,85116.6015625,84873.125,80315.1015625,243.4765625,80071.625
1394,85146.1,85163.0,85140.2,85155.3,2485.0,5697.0,85151.6015625,84925.6328125,79454.6015625,225.96875,79228.6328125
1395,85151.3,85174.3,85094.8,85128.9,11086.0,4348.0,85134.546875,84907.328125,80786.546875,227.21875,80559.328125
1396,85123.5,85173.4,85108.4,85152.5,4074.0,6587.5,85140.8984375,84916.8984375,78553.3984375,224.0,78329.3984375
1397,85157.6,85200.0,85123.5,85194.5,3695.0,3112.0,85161.75,84937.203125,82049.75,224.546875,81825.203125
1398,85184.5,85184.5,85100.1,85108.0,4026.0,7491.0,85142.296875,84911.8828125,77651.296875,230.4140625,77420.8828125
1399,85103.8,85173.6,85103.8,85126.0,5888.0,4593.0,85138.703125,84910.390625,80545.703125,228.3125,80317.390625
1400,85122.7,85122.7,85080.0,85080.0,5181.0,4315.0,85101.3515625,84882.0703125,80786.3515625,219.28125,80567.0703125
1401,85078.1,85119.0,85066.1,85083.9,5969.0,6595.0,85092.546875,84879.3203125,78497.546875,213.2265625,78284.3203125
1402,85083.9,85083.9,85000.1,85000.1,7568.0,7691.0,85042.0,84824.9609375,77351.0,217.0390625,77133.9609375
1403,85000.0,85000.0,84768.8,84771.3,17413.0,3908.5,84884.3984375,84619.671875,80975.8984375,264.7265625,80711.171875
1404,84778.5,84901.1,84759.3,84759.4,18648.0,7011.5,84830.203125,84549.40625,77818.703125,280.796875,77537.90625
1405,84759.3,84817.5,84719.9,84794.5,17624.0,10735.5,84768.703125,84486.703125,74033.203125,282.0,73751.203125
1406,84797.2,84886.7,84790.4,84886.7,5479.0,7728.0,84838.546875,84555.859375,77110.546875,282.6875,76827.859375
1407,84894.2,85004.6,84875.5,84946.0,4911.0,5269.5,84940.046875,84646.8984375,79670.546875,293.1484375,79377.3984375
1408,84940.0,84940.0,84840.2,84886.5,2696.0,7354.5,84890.1015625,84594.5234375,77535.6015625,295.578125,77240.0234375
1409,84886.5,84920.4,84827.7,84827.7,2818.0,3672.5,84874.046875,84580.21875,81201.546875,293.828125,80907.71875
1410,84817.8,84817.8,84573.6,84573.6,10330.0,4427.0,84695.703125,84355.03125,80268.703125,340.671875,79928.03125
1411,84573.6,84623.7,84513.1,84548.0,4644.0,6714.5,84568.40625,84228.6171875,77853.90625,339.7890625,77514.1171875
1412,84535.2,84575.2,84499.8,84537.8,6736.0,4631.0,84537.5,84209.0703125,79906.5,328.4296875,79578.0703125
1413,84545.2,84545.2,84415.2,84437.1,3132.0,9516.0,84480.203125,84145.6171875,74964.203125,334.5859375,74629.6171875
1414,84438.1,84441.4,84411.0,84431.5,8019.0,4720.0,84426.203125,84115.953125,79706.203125,310.25,79395.953125
1415,84431.5,84431.5,84329.5,84329.7,4837.0,22874.5,84380.5,84070.6796875,61506.0,309.8203125,61196.1796875
1416,84329.6,84573.8,84325.3,84543.5,4916.0,10116.5,84449.546875,84096.15625,74333.046875,353.390625,73979.65625
1417,84543.5,84674.9,84491.1,84563.8,7479.0,5563.5,84583.0,84209.8125,79019.5,373.1875,78646.3125
1418,84555.4,84580.1,84402.6,84417.6,5340.0,3791.5,84491.3515625,84102.2265625,80699.8515625,389.125,80310.7265625
1419,84426.5,84583.1,84420.1,84491.6,5714.0,5210.5,84501.6015625,84101.7421875,79291.1015625,399.859375,78891.2421875
1420,84489.1,84580.6,84489.1,84493.1,3700.0,6412.5,84534.8515625,84147.53125,78122.3515625,387.3203125,77735.03125
1421,84493.1,84512.0,84401.3,84492.6,2634.0,2850.0,84456.6484375,84074.84375,81606.6484375,381.8046875,81224.84375
1422,84473.6,84607.2,84473.6,84543.7,9077.0,5295.5,84540.40625,84156.703125,79244.90625,383.703125,78861.203125
1423,84535.3,84594.5,84535.3,84573.6,3174.0,9049.5,84564.8984375,84201.8046875,75515.3984375,363.09375,75152.3046875
1424,84568.0,84662.5,84558.3,84662.4,4561.0,4895.5,84610.3984375,84252.3515625,79714.8984375,358.046875,79356.8515625
1425,84662.5,84971.1,84662.5,84875.6,23345.0,4825.0,84816.796875,84401.9453125,79991.796875,414.8515625,79576.9453125
1426,84873.3,84873.3,84697.5,84697.5,6030.0,8660.5,84785.3984375,84358.6015625,76124.8984375,426.796875,75698.1015625
1427,84697.5,84697.5,84500.0,84500.0,5918.0,3567.5,84598.75,84155.3828125,81031.25,443.3671875,80587.8828125
1428,84500.0,84565.7,84439.7,84562.1,4697.0,3960.5,84502.703125,84065.875,80542.203125,436.828125,80105.375
1429,84565.1,84598.8,84518.5,84570.2,2522.0,5354.5,84558.6484375,84141.4140625,79204.1484375,417.234375,78786.9140625
1430,84579.0,84671.3,84562.1,84588.8,5727.0,4461.0,84616.703125,84208.4296875,80155.703125,408.2734375,79747.4296875
1431,84593.0,84593.0,84438.2,84500.6,5311.0,3884.5,84515.6015625,84101.71875,80631.1015625,413.8828125,80217.21875
1432,84504.8,84504.8,84356.0,84382.9,4358.0,6768.5,84430.3984375,84013.265625,77661.8984375,417.1328125,77244.765625
1433,84389.4,84476.9,84312.4,84476.9,7078.0,5195.0,84394.6484375,83969.875,79199.6484375,424.7734375,78774.875
1434,84477.0,84488.0,84382.9,84434.7,5544.0,5690.0,84435.453125,84021.6328125,78745.453125,413.8203125,78331.6328125
1435,84447.3,84447.3,84367.8,84444.3,4011.0,6197.5,84407.546875,84011.2578125,78210.046875,396.2890625,77813.7578125
1436,84444.3,84482.8,84433.5,84462.5,3019.0,5855.5,84458.1484375,84086.6953125,78602.6484375,371.453125,78231.1953125
1437,84464.0,84523.8,84395.9,84404.6,4104.0,5974.0,84459.84375,84087.1640625,78485.84375,372.6796875,78113.1640625
1438,84407.5,84426.2,84308.9,84344.0,3211.0,4834.5,84367.546875,83996.9453125,79533.046875,370.6015625,79162.4453125
1439,84331.3,84382.0,84251.4,84285.8,8637.0,3561.5,84316.703125,83943.984375,80755.203125,372.71875,80382.484375
