bar,open,high,low,close,volume,batched,isolated,cpu,abs_bi,abs_ic,abs_bc
0,88066.7,88174.6,88048.0,88155.1,5735.0,0.0,0.0,nan,0.0,nan,nan
1,88146.7,88160.1,88081.7,88081.7,4816.0,0.0,0.0,nan,0.0,nan,nan
2,88080.4,88080.4,87849.9,87850.0,10862.0,0.0,0.0,nan,0.0,nan,nan
3,87857.1,87944.5,87780.2,87930.1,15390.0,0.0,0.0,nan,0.0,nan,nan
4,87930.2,88039.6,87930.2,87991.6,4863.0,0.0,0.0,nan,0.0,nan,nan
5,87980.8,87980.8,87852.6,87856.9,2161.0,0.0,0.0,nan,0.0,nan,nan
6,87862.5,87869.1,87773.9,87797.8,3002.0,0.0,0.0,nan,0.0,nan,nan
7,87794.2,87794.2,87660.4,87672.7,7045.0,0.0,0.0,nan,0.0,nan,nan
8,87672.6,87704.8,87569.3,87664.0,6992.0,0.0,0.0,nan,0.0,nan,nan
9,87657.2,87718.7,87621.5,87639.1,4116.0,0.0,0.0,nan,0.0,nan,nan
10,87649.7,87726.9,87580.2,87580.2,5538.0,0.0,0.0,nan,0.0,nan,nan
11,87583.2,87604.9,87412.0,87430.1,7937.0,0.0,0.0,nan,0.0,nan,nan
12,87427.6,87504.4,87326.9,87504.4,28049.0,0.0,0.0,nan,0.0,nan,nan
13,87505.9,87647.8,87477.7,87600.8,5425.0,0.0,0.0,nan,0.0,nan,nan
14,87596.5,87649.2,87531.3,87564.6,5409.0,0.0,0.0,nan,0.0,nan,nan
15,87564.6,87669.2,87529.0,87648.0,5356.0,0.0,0.0,nan,0.0,nan,nan
16,87649.4,87731.5,87631.9,87721.9,8400.0,0.0,0.0,nan,0.0,nan,nan
17,87708.6,87759.6,87682.4,87759.6,6562.0,0.0,0.0,nan,0.0,nan,nan
18,87750.7,87750.7,87519.8,87519.8,4150.0,0.0,0.0,nan,0.0,nan,nan
19,87502.6,87590.1,87498.4,87562.6,3954.0,-25.764211654663086,-25.762706756591797,-25.762353897094727,0.0015048980712890625,0.0003528594970703125,0.001857757568359375
20,87566.9,87578.4,87328.7,87343.5,11941.0,-12.554887771606445,-24.466766357421875,-24.467905044555664,11.91187858581543,0.0011386871337890625,11.913017272949219
21,87343.4,87344.0,87227.3,87256.3,12379.0,-2.6679699420928955,-24.35368537902832,-24.357683181762695,21.685715436935425,0.003997802734375,21.6897132396698
22,87252.7,87420.8,87252.7,87392.1,3767.0,6.481503963470459,-24.723909378051758,-24.724653244018555,31.205413341522217,0.000743865966796875,31.206157207489014
23,87392.1,87404.4,87287.0,87371.4,6300.0,17.12390899658203,-23.4318790435791,-23.434051513671875,40.55578804016113,0.0021724700927734375,40.557960510253906
24,87372.5,87475.6,87339.6,87471.7,3668.0,22.81142807006836,-18.899248123168945,-18.89931869506836,41.710676193237305,7.05718994140625e-05,41.71074676513672
25,87471.1,87484.4,87403.9,87439.2,2831.0,28.56661605834961,-16.175338745117188,-16.173959732055664,44.7419548034668,0.0013790130615234375,44.74057579040527
26,87436.2,87436.2,87315.9,87370.4,3545.0,30.029172897338867,-14.736541748046875,-14.736595153808594,44.76571464538574,5.340576171875e-05,44.76576805114746
27,87363.6,87377.7,87303.3,87303.3,4063.0,22.723007202148438,-15.59157943725586,-15.59028434753418,38.3145866394043,0.0012950897216796875,38.31329154968262
28,87303.2,87318.1,87204.0,87204.0,3420.0,21.621654510498047,-17.445714950561523,-17.444419860839844,39.06736946105957,0.0012950897216796875,39.06607437133789
29,87200.9,87280.4,87200.9,87257.5,3839.0,20.895639419555664,-18.23879623413086,-18.235673904418945,39.13443565368652,0.0031223297119140625,39.13131332397461
30,87263.5,87278.8,87211.2,87226.8,13526.0,11.882406234741211,-19.823158264160156,-19.82168197631836,31.705564498901367,0.001476287841796875,31.70408821105957
31,87226.1,87258.0,87206.6,87206.6,2066.0,2.393082618713379,-23.53714370727539,-23.534780502319336,25.93022632598877,0.0023632049560546875,25.927863121032715
32,87205.6,87205.6,87154.6,87173.2,5683.0,-2.4204511642456055,-26.215940475463867,-26.215801239013672,23.79548931121826,0.0001392364501953125,23.795350074768066
33,87173.3,87298.7,87173.3,87286.8,7188.0,-5.127819538116455,-25.2535343170166,-25.253934860229492,20.125714778900146,0.000400543212890625,20.126115322113037
34,87283.7,87286.9,87182.4,87186.8,7126.0,-9.258947372436523,-25.819849014282227,-25.819965362548828,16.560901641845703,0.0001163482666015625,16.561017990112305
35,87183.8,87183.8,87080.0,87080.0,7382.0,-8.782556533813477,-26.024662017822266,-26.026721954345703,17.24210548400879,0.0020599365234375,17.244165420532227
36,87080.0,87113.9,86878.6,86895.9,34739.0,-14.196691513061523,-26.840600967407227,-26.842546463012695,12.643909454345703,0.00194549560546875,12.645854949951172
37,86901.3,86939.1,86776.4,86781.0,17855.0,-19.80962371826172,-27.459247589111328,-27.462358474731445,7.649623870849609,0.0031108856201171875,7.652734756469727
38,86790.1,86895.4,86767.0,86877.6,13092.0,-31.283910751342773,-29.016841888427734,-29.016958236694336,2.267068862915039,0.0001163482666015625,2.2669525146484375
39,86877.7,86894.4,86752.5,86799.2,5481.0,-38.350074768066406,-30.048721313476562,-30.049964904785156,8.301353454589844,0.00124359130859375,8.30010986328125
40,86806.7,86985.6,86797.5,86985.6,5524.0,-40.7004508972168,-30.731428146362305,-30.731666564941406,9.969022750854492,0.0002384185791015625,9.96878433227539
41,86985.6,87091.2,86985.6,87037.7,6819.0,-43.57984924316406,-31.50857162475586,-31.50775909423828,12.071277618408203,0.000812530517578125,12.072090148925781
42,87042.2,87085.2,87006.2,87022.0,9574.0,-46.52240753173828,-30.037593841552734,-30.035184860229492,16.484813690185547,0.0024089813232421875,16.48722267150879
43,87016.0,87059.1,86992.0,87055.7,4562.0,-50.21714401245117,-27.855037689208984,-27.851486206054688,22.362106323242188,0.003551483154296875,22.365657806396484
44,87037.1,87118.4,87034.5,87034.5,4385.0,-52.13233184814453,-23.912782669067383,-23.912200927734375,28.21954917907715,0.0005817413330078125,28.220130920410156
45,87034.0,87079.4,86918.0,86918.1,5614.0,-55.45834732055664,-21.4941349029541,-21.491458892822266,33.96421241760254,0.0026760101318359375,33.966888427734375
46,86922.3,86999.7,86852.1,86965.0,3934.0,-65.78857421875,-18.70586395263672,-18.70351791381836,47.08271026611328,0.002346038818359375,47.08505630493164
47,86973.7,87026.1,86973.7,87022.1,3649.0,-78.66496276855469,-15.55097770690918,-15.549717903137207,63.11398506164551,0.0012598037719726562,63.11524486541748
48,87024.4,87024.4,86888.0,86937.6,4724.0,-85.32781982421875,-14.749173164367676,-14.748055458068848,70.57864665985107,0.001117706298828125,70.5797643661499
49,86937.7,86946.2,86784.8,86834.6,8186.0,-84.51368713378906,-14.176240921020508,-14.172486305236816,70.33744621276855,0.0037546157836914062,70.34120082855225
50,86834.1,86875.0,86816.4,86816.4,3229.0,-84.51158142089844,-13.705864906311035,-13.705809593200684,70.8057165145874,5.53131103515625e-05,70.80577182769775
51,86811.0,86811.0,86736.8,86747.7,8672.0,-89.3431625366211,-13.924812316894531,-13.92222785949707,75.41835021972656,0.0025844573974609375,75.42093467712402
52,86747.7,86754.9,86632.4,86663.7,10621.0,-85.37353515625,-15.176541328430176,-15.17591667175293,70.19699382781982,0.0006246566772460938,70.19761848449707
53,86662.6,86733.1,86656.0,86711.6,5251.0,-82.94225311279297,-13.189474105834961,-13.185590744018555,69.75277900695801,0.00388336181640625,69.75666236877441
54,86713.4,86797.0,86694.8,86776.0,8816.0,-76.78826904296875,-10.99097728729248,-10.989279747009277,65.79729175567627,0.001697540283203125,65.79898929595947
55,86771.9,86843.4,86754.9,86843.1,8289.0,-67.63849639892578,-8.9043607711792,-8.902901649475098,58.73413562774658,0.0014591217041015625,58.735594749450684
56,86839.4,86843.2,86788.6,86793.6,4040.0,-56.203609466552734,-10.076992988586426,-10.074295043945312,46.12661647796631,0.0026979446411132812,46.12931442260742
57,86791.6,86810.2,86771.6,86771.6,1637.0,-44.57143020629883,-13.22586441040039,-13.220330238342285,31.345565795898438,0.005534172058105469,31.351099967956543
58,86771.7,86775.9,86561.1,86561.5,18764.0,-37.983158111572266,-17.829174041748047,-17.82839584350586,20.15398406982422,0.0007781982421875,20.154762268066406
59,86561.1,86653.2,86547.3,86632.5,11099.0,-31.523609161376953,-22.18706703186035,-22.184703826904297,9.336542129516602,0.0023632049560546875,9.338905334472656
60,86623.2,86749.9,86578.5,86691.8,11360.0,-24.31067657470703,-22.501354217529297,-22.500099182128906,1.8093223571777344,0.001255035400390625,1.810577392578125
61,86692.1,86807.3,86674.1,86777.2,4944.0,-18.057443618774414,-20.331127166748047,-20.3309383392334,2.273683547973633,0.0001888275146484375,2.2734947204589844
62,86777.1,86912.6,86772.8,86888.4,31143.0,-13.428872108459473,-16.42917251586914,-16.429487228393555,3.000300407409668,0.0003147125244140625,3.000615119934082
63,86890.1,86910.7,86847.2,86877.6,6761.0,-7.21864652633667,-11.948270797729492,-11.94921875,4.729624271392822,0.0009479522705078125,4.73057222366333
64,86880.8,86880.8,86707.1,86707.1,6576.0,0.5052631497383118,-9.97022533416748,-9.971628189086914,10.475488483905792,0.0014028549194335938,10.476891338825226
65,86703.9,87030.3,86664.3,87004.3,7093.0,6.443308353424072,-5.093834400177002,-5.093932151794434,11.537142753601074,9.775161743164062e-05,11.537240505218506
66,87003.4,87029.3,86934.7,86960.8,9135.0,0.645714282989502,-0.22616541385650635,-0.22677983343601227,0.8718796968460083,0.0006144195795059204,0.8724941164255142
67,86961.3,87031.1,86961.3,87016.8,6887.0,-6.7669172286987305,6.348571300506592,6.348296642303467,13.115488529205322,0.000274658203125,13.115213871002197
68,87018.6,87098.9,86982.8,87042.9,4779.0,-10.717293739318848,11.972631454467773,11.97001838684082,22.68992519378662,0.002613067626953125,22.687312126159668
69,87042.8,87089.4,86993.0,87040.7,3567.0,-8.50135326385498,15.776541709899902,15.77572250366211,24.277894973754883,0.0008192062377929688,24.27707576751709
70,87052.8,87151.8,87042.7,87146.3,5135.0,-4.346466064453125,20.497142791748047,20.492563247680664,24.843608856201172,0.0045795440673828125,24.83902931213379
71,87136.8,87202.0,87082.7,87141.6,9808.0,-3.252330780029297,23.562707901000977,23.56157684326172,26.815038681030273,0.0011310577392578125,26.813907623291016
72,87141.5,87171.3,87077.6,87103.5,9815.0,0.6736842393875122,24.170827865600586,24.167640686035156,23.497143626213074,0.0031871795654296875,23.493956446647644
73,87120.2,87156.4,87092.1,87139.0,6378.0,-0.705864667892456,25.377744674682617,25.37578773498535,26.083609342575073,0.001956939697265625,26.081652402877808
74,87127.1,87285.6,87127.1,87285.6,10418.0,1.4267668724060059,29.052030563354492,29.05235481262207,27.625263690948486,0.000324249267578125,27.625587940216064
75,87286.3,87347.0,87230.6,87262.4,6640.0,7.239699363708496,32.68962478637695,32.69063186645508,25.449925422668457,0.001007080078125,25.450932502746582
76,87267.2,87304.4,87227.4,87265.9,7803.0,16.920000076293945,34.964210510253906,34.96680450439453,18.04421043395996,0.002593994140625,18.046804428100586
77,87258.1,87397.0,87246.9,87381.6,5966.0,25.08661651611328,37.83759307861328,37.83829116821289,12.7509765625,0.000698089599609375,12.75167465209961
78,87379.2,87416.2,87350.2,87382.5,8104.0,31.106164932250977,36.48661804199219,36.48793029785156,5.380453109741211,0.001312255859375,5.381765365600586
79,87385.3,87385.3,87203.1,87206.5,8375.0,33.27458572387695,32.50947570800781,32.50974655151367,0.7651100158691406,0.000270843505859375,0.7648391723632812
80,87197.9,87269.5,87184.0,87255.9,5466.0,32.21173095703125,29.310977935791016,29.310361862182617,2.9007530212402344,0.0006160736083984375,2.901369094848633
81,87257.0,87259.1,87077.1,87085.8,11182.0,31.891427993774414,24.17984962463379,24.181203842163086,7.711578369140625,0.001354217529296875,7.710224151611328
82,87078.5,87191.7,87067.9,87178.3,8493.0,31.252933502197266,21.663158416748047,21.665138244628906,9.589775085449219,0.001979827880859375,9.58779525756836
83,87179.5,87211.0,87081.9,87101.3,4100.0,31.26917266845703,17.443910598754883,17.442657470703125,13.825262069702148,0.0012531280517578125,13.826515197753906
84,87101.5,87165.0,87084.1,87164.6,4103.0,28.1912784576416,11.097143173217773,11.096040725708008,17.094135284423828,0.001102447509765625,17.095237731933594
85,87159.0,87263.8,87159.0,87263.8,7991.0,25.30887222290039,10.172932624816895,10.171088218688965,15.135939598083496,0.0018444061279296875,15.137784004211426
86,87263.8,87364.8,87257.3,87257.3,12821.0,17.030376434326172,8.080601692199707,8.076210021972656,8.949774742126465,0.004391670227050781,8.954166412353516
87,87254.8,87272.0,87194.2,87201.1,4852.0,6.06315803527832,5.620450973510742,5.616888046264648,0.4427070617675781,0.00356292724609375,0.4462699890136719
88,87196.9,87344.5,87196.1,87273.3,9019.0,-3.090826988220215,4.329022407531738,4.323907375335693,7.419849395751953,0.005115032196044922,7.414734363555908
89,87273.3,87299.0,87234.8,87282.5,4458.0,-12.82827091217041,2.783759355545044,2.781273603439331,15.612030267715454,0.0024857521057128906,15.609544515609741
90,87282.4,87294.7,87186.6,87234.4,13604.0,-21.658044815063477,1.859248161315918,1.8551398515701294,23.517292976379395,0.004108309745788574,23.513184666633606
91,87234.5,87344.6,87234.5,87254.1,5698.0,-26.16872215270996,1.0084210634231567,1.003859281539917,27.177143216133118,0.004561781883239746,27.172581434249878
92,87254.0,87260.8,87090.8,87090.8,4446.0,-30.516090393066406,-2.9509775638580322,-2.9511220455169678,27.565112829208374,0.00014448165893554688,27.56496834754944
93,87088.6,87156.5,87058.1,87150.2,4771.0,-33.99699401855469,-5.476090431213379,-5.477813720703125,28.52090358734131,0.0017232894897460938,28.519180297851562
94,87146.9,87224.5,87120.0,87136.1,7039.0,-37.65804672241211,-5.9073686599731445,-5.908041477203369,31.750678062438965,0.0006728172302246094,31.75000524520874
95,87147.1,87212.5,87021.3,87200.3,6592.0,-37.47127914428711,-5.562406063079834,-5.562746524810791,31.908873081207275,0.00034046173095703125,31.90853261947632
96,87208.9,87303.3,87188.9,87287.3,7835.0,-35.41954803466797,-3.825864791870117,-3.8259456157684326,31.59368324279785,8.082389831542969e-05,31.593602418899536
97,87292.2,87397.9,87289.2,87386.0,6161.0,-34.356693267822266,1.116090178489685,1.1156132221221924,35.47278344631195,0.0004769563674926758,35.47230648994446
98,87393.5,87497.2,87393.5,87484.7,9223.0,-33.085716247558594,7.475188255310059,7.474788665771484,40.56090450286865,0.00039958953857421875,40.56050491333008
99,87479.7,87499.9,87346.1,87346.1,5379.0,-36.441505432128906,8.919699668884277,8.921305656433105,45.361205101013184,0.001605987548828125,45.36281108856201
100,87346.2,87399.9,87346.2,87374.0,3442.0,-41.87127685546875,11.334436416625977,11.336419105529785,53.20571327209473,0.0019826889038085938,53.207695960998535
101,87368.5,87480.9,87358.2,87448.0,4521.0,-42.22406005859375,11.9458646774292,11.945265769958496,54.16992473602295,0.000598907470703125,54.169325828552246
102,87444.3,87446.4,87365.9,87396.3,4579.0,-48.224361419677734,12.734737396240234,12.731355667114258,60.95909881591797,0.0033817291259765625,60.95571708679199
103,87418.0,87425.2,87303.7,87303.7,4357.0,-63.456241607666016,10.648421287536621,10.651068687438965,74.10466289520264,0.00264739990234375,74.10731029510498
104,87298.5,87299.3,87195.9,87228.9,6647.0,-73.62706756591797,8.196391105651855,8.197321891784668,81.82345867156982,0.0009307861328125,81.82438945770264
105,87225.0,87274.1,87190.0,87274.1,6185.0,-85.95248413085938,7.858646869659424,7.858887672424316,93.8111310005188,0.00024080276489257812,93.81137180328369
106,87269.8,87339.4,87262.9,87336.5,2842.0,-91.87999725341797,8.291728973388672,8.293732643127441,100.17172622680664,0.0020036697387695312,100.17372989654541
107,87332.8,87389.0,87309.1,87343.0,3113.0,-101.86225891113281,7.8162407875061035,7.815037727355957,109.67849969863892,0.0012030601501464844,109.67729663848877
108,87343.0,87361.8,87296.6,87357.5,5787.0,-108.57083129882812,8.470376014709473,8.470030784606934,117.0412073135376,0.0003452301025390625,117.04086208343506
109,87367.3,87367.3,87300.2,87324.3,2920.0,-110.04571533203125,8.67218017578125,8.669384002685547,118.7178955078125,0.002796173095703125,118.7150993347168
110,87324.1,87420.1,87299.5,87391.6,3281.0,-107.02315521240234,9.008420944213867,9.007883071899414,116.03157615661621,0.000537872314453125,116.03103828430176
111,87387.3,87426.6,87367.6,87367.6,3299.0,-100.25534057617188,9.076992988586426,9.078230857849121,109.3323335647583,0.0012378692626953125,109.333571434021
112,87370.5,87434.3,87366.8,87434.3,5919.0,-93.63338470458984,7.353082656860352,7.35219669342041,100.9864673614502,0.0008859634399414062,100.98558139801025
113,87441.1,87441.1,87327.1,87348.1,4270.0,-87.00962829589844,4.8162407875061035,4.816253662109375,91.82586908340454,1.2874603271484375e-05,91.82588195800781
114,87348.0,87402.0,87325.2,87387.7,2276.0,-78.06165313720703,2.3269174098968506,2.325798988342285,80.38857054710388,0.0011184215545654297,80.38745212554932
115,87379.9,87435.9,87357.2,87418.0,3605.0,-74.13894653320312,0.9046616554260254,0.9034187197685242,75.04360818862915,0.0012429356575012207,75.04236525297165
116,87412.0,87412.0,87284.7,87319.5,3262.0,-70.55548858642578,-0.8836090564727783,-0.8797932267189026,69.671879529953,0.0038158297538757324,69.67569535970688
117,87323.4,87333.8,87269.7,87269.7,3139.0,-62.75759506225586,-1.864661693572998,-1.8643444776535034,60.89293336868286,0.0003172159194946289,60.893250584602356
118,87268.0,87268.0,87192.3,87228.9,4089.0,-56.49052810668945,-1.6986466646194458,-1.6984668970108032,54.79188144207001,0.00017976760864257812,54.79206120967865
119,87233.8,87283.9,87226.1,87283.9,1985.0,-47.39970016479492,-2.552180528640747,-2.550652027130127,44.847519636154175,0.0015285015106201172,44.849048137664795
120,87283.9,87334.5,87282.3,87327.1,2113.0,-37.66616439819336,-2.25473690032959,-2.2516095638275146,35.41142749786377,0.0031273365020751953,35.414554834365845
121,87327.1,87342.2,87293.3,87342.2,2732.0,-27.254737854003906,-0.5016541481018066,-0.4978853464126587,26.7530837059021,0.0037688016891479492,26.756852507591248
122,87346.3,87440.5,87267.0,87267.0,4450.0,-21.077293395996094,-0.4793984889984131,-0.47576361894607544,20.59789490699768,0.0036348700523376465,20.60152977705002
123,87267.0,87291.5,87154.6,87233.4,12040.0,-28.11759376525879,-2.2039098739624023,-2.2012393474578857,25.913683891296387,0.0026705265045166016,25.916354417800903
124,87229.9,87343.2,87223.0,87322.4,6250.0,-34.12210464477539,-3.7284209728240967,-3.730691909790039,30.393683671951294,0.002270936965942383,30.39141273498535
125,87321.5,87395.6,87312.0,87383.6,3558.0,-45.81624221801758,-3.8135337829589844,-3.8126821517944336,42.002708435058594,0.0008516311645507812,42.003560066223145
126,87388.6,87466.1,87370.7,87449.7,5254.0,-59.35639190673828,-2.1320300102233887,-2.1297874450683594,57.22436189651489,0.002242565155029297,57.22660446166992
127,87450.7,87466.7,87295.4,87343.6,16226.0,-73.3085708618164,-2.0324811935424805,-2.0302278995513916,71.27608966827393,0.002253293991088867,71.27834296226501
128,87356.8,87381.6,87285.9,87330.1,8568.0,-90.32571411132812,-1.8944361209869385,-1.8954828977584839,88.43127799034119,0.0010467767715454102,88.43023121356964
129,87339.4,87339.4,87218.9,87218.9,4133.0,-98.36150360107422,-3.833383560180664,-3.8324129581451416,94.52812004089355,0.0009706020355224609,94.52909064292908
130,87202.4,87283.3,87168.3,87237.2,3723.0,-106.21173095703125,-4.286616802215576,-4.286648273468018,101.92511415481567,3.147125244140625e-05,101.92508268356323
131,87239.7,87262.3,87175.9,87235.0,3241.0,-107.3263168334961,-4.918496131896973,-4.919126033782959,102.40782070159912,0.0006299018859863281,102.40719079971313
132,87247.9,87259.9,87183.5,87198.4,4240.0,-112.02706909179688,-4.82375955581665,-4.821998119354248,107.20330953598022,0.0017614364624023438,107.20507097244263
133,87205.2,87233.0,87176.7,87185.5,1926.0,-118.45443725585938,-5.917593955993652,-5.915378093719482,112.53684329986572,0.002215862274169922,112.53905916213989
134,87182.6,87182.6,87080.3,87157.2,6053.0,-113.65624237060547,-6.543458938598633,-6.5431976318359375,107.11278343200684,0.0002613067626953125,107.11304473876953
135,87147.5,87234.0,87147.5,87233.0,3708.0,-117.40962219238281,-5.26466178894043,-5.263216495513916,112.14496040344238,0.0014452934265136719,112.1464056968689
136,87229.2,87275.8,87143.6,87155.3,7892.0,-121.27338409423828,-6.371428489685059,-6.37034797668457,114.90195560455322,0.0010805130004882812,114.90303611755371
137,87155.4,87198.1,87005.4,87017.6,15190.0,-117.27067565917969,-9.987068176269531,-9.983899116516113,107.28360748291016,0.0031690597534179688,107.28677654266357
138,87018.5,87075.7,87005.2,87075.7,9681.0,-110.07849884033203,-13.033684730529785,-13.032612800598145,97.04481410980225,0.001071929931640625,97.04588603973389
139,87068.2,87068.2,86884.7,86918.4,9446.0,-95.91188049316406,-17.22917366027832,-17.229745864868164,78.68270683288574,0.00057220458984375,78.6821346282959
140,86923.9,86925.9,86830.4,86912.9,6178.0,-80.07037353515625,-20.2742862701416,-20.273672103881836,59.79608726501465,0.000614166259765625,59.796701431274414
141,86915.6,87056.8,86915.6,87049.1,8672.0,-66.01895141601562,-20.5103759765625,-20.51053237915039,45.508575439453125,0.000156402587890625,45.508419036865234
142,87049.1,87251.5,87049.1,87242.7,7613.0,-46.30406188964844,-18.73082733154297,-18.72831916809082,27.57323455810547,0.0025081634521484375,27.575742721557617
143,87227.2,87331.2,87227.2,87306.4,14326.0,-26.08571434020996,-16.529022216796875,-16.530187606811523,9.556692123413086,0.0011653900146484375,9.555526733398438
144,87306.3,87306.3,87113.3,87159.9,50306.0,-6.647819519042969,-15.129022598266602,-15.129423141479492,8.481203079223633,0.000400543212890625,8.481603622436523
145,87164.3,87203.0,87143.6,87181.7,14310.0,12.781654357910156,-12.209022521972656,-12.206438064575195,24.990676879882812,0.0025844573974609375,24.98809242248535
146,87183.5,87394.7,87183.5,87356.0,7122.0,24.036090850830078,-5.448721885681152,-5.446181774139404,29.48481273651123,0.002540111541748047,29.482272624969482
147,87368.6,87397.5,87249.7,87268.0,3750.0,39.016841888427734,-1.4796992540359497,-1.4774495363235474,40.496541142463684,0.0022497177124023438,40.49429142475128
148,87266.5,87266.5,87183.7,87217.1,3825.0,47.535640716552734,1.6634587049484253,1.6646909713745117,45.87218201160431,0.0012322664260864258,45.87094974517822
149,87200.8,87325.8,87200.8,87286.3,5999.0,57.458045959472656,4.210826873779297,4.2094221115112305,53.24721908569336,0.0014047622680664062,53.248623847961426
150,87278.5,87324.1,87270.8,87315.4,3828.0,61.19639205932617,7.356691837310791,7.357559680938721,53.83970022201538,0.0008678436279296875,53.83883237838745
151,87315.5,87327.8,87211.1,87211.1,2126.0,60.83729553222656,8.86375904083252,8.86336898803711,51.97353649139404,0.00039005279541015625,51.97392654418945
152,87207.4,87207.4,87079.5,87094.4,6031.0,50.65624237060547,8.16270637512207,8.160009384155273,42.4935359954834,0.002696990966796875,42.496232986450195
153,87111.9,87161.5,87092.5,87128.8,4104.0,35.023460388183594,7.899849891662598,7.900787353515625,27.123610496520996,0.0009374618530273438,27.12267303466797
154,87116.6,87131.4,87081.3,87081.3,2055.0,26.229774475097656,6.604511260986328,6.601468563079834,19.625263214111328,0.0030426979064941406,19.628305912017822
155,87080.0,87080.0,86926.0,86933.7,4617.0,11.542255401611328,4.507067680358887,4.504605293273926,7.035187721252441,0.0024623870849609375,7.037650108337402
156,86946.5,87017.3,86910.8,87017.3,4854.0,-3.9233083724975586,2.8288722038269043,2.825117588043213,6.752180576324463,0.0037546157836914062,6.7484259605407715
157,87023.3,87069.6,86971.3,87004.0,3525.0,-19.071277618408203,-1.0087218284606934,-1.0109434127807617,18.06255578994751,0.0022215843200683594,18.06033420562744
158,87004.9,87153.3,87004.9,87103.2,7838.0,-31.39368438720703,-2.4935338497161865,-2.4919700622558594,28.900150537490845,0.0015637874603271484,28.901714324951172
159,87098.0,87153.9,87067.0,87098.1,2920.0,-39.44872283935547,-6.5690226554870605,-6.570988178253174,32.87970018386841,0.0019655227661132812,32.877734661102295
160,87101.9,87141.3,87089.1,87089.1,6354.0,-55.03368377685547,-11.136841773986816,-11.135649681091309,43.89684200286865,0.0011920928955078125,43.89803409576416
161,87088.1,87152.0,87075.8,87148.2,2718.0,-77.67849731445312,-12.972932815551758,-12.9703950881958,64.70556449890137,0.0025377273559570312,64.70810222625732
162,87148.2,87220.1,87142.5,87220.1,3075.0,-86.93082427978516,-10.87067699432373,-10.870177268981934,76.06014728546143,0.000499725341796875,76.06064701080322
163,87226.1,87260.8,87217.8,87243.1,2324.0,-81.06857299804688,-7.404511451721191,-7.40168571472168,73.66406154632568,0.0028257369995117188,73.6668872833252
164,87250.2,87250.2,87197.9,87236.4,2364.0,-69.04000091552734,-6.247218132019043,-6.246927738189697,62.7927827835083,0.0002903938293457031,62.79307317733765
165,87239.3,87340.2,87231.4,87340.1,3636.0,-46.93834686279297,-3.382556438446045,-3.3814496994018555,43.555790424346924,0.0011067390441894531,43.55689716339111
166,87331.3,87331.3,87163.4,87212.3,16197.0,-24.857744216918945,0.17293232679367065,0.1721099615097046,25.030676543712616,0.0008223652839660645,25.02985417842865
167,87209.9,87275.8,87209.9,87275.7,6730.0,-3.085714340209961,3.4538345336914062,3.458094358444214,6.539548873901367,0.004259824752807617,6.543808698654175
168,87266.9,87281.3,87238.0,87241.9,3204.0,18.574134826660156,5.444511413574219,5.445911884307861,13.129623413085938,0.0014004707336425781,13.128222942352295
169,87240.0,87266.2,87151.5,87151.5,3662.0,40.63849639892578,7.198797225952148,7.197591781616211,33.43969917297363,0.0012054443359375,33.44090461730957
170,87144.2,87230.2,87144.2,87230.2,2223.0,66.20691680908203,10.73353385925293,10.73580265045166,55.4733829498291,0.0022687911987304688,55.47111415863037
171,87221.2,87257.5,87178.1,87211.1,3237.0,92.75157928466797,12.483909606933594,12.482454299926758,80.26766967773438,0.0014553070068359375,80.26912498474121
172,87215.6,87223.3,87083.0,87083.0,6893.0,107.72150421142578,10.553383827209473,10.556403160095215,97.16812038421631,0.0030193328857421875,97.16510105133057
173,87081.0,87085.5,86996.2,87006.1,7449.0,114.63789367675781,8.090826988220215,8.092076301574707,106.5470666885376,0.0012493133544921875,106.5458173751831
174,87003.5,87043.2,87003.5,87043.1,6087.0,118.63609313964844,5.589473724365234,5.590824604034424,113.0466194152832,0.0013508796691894531,113.04526853561401
175,87048.4,87072.2,87023.0,87055.9,3957.0,127.94165802001953,0.9984962344169617,0.999394953250885,126.94316178560257,0.0008987188339233398,126.94226306676865
176,87062.6,87110.1,87036.0,87042.7,3693.0,137.32872009277344,-2.646015167236328,-2.644390344619751,139.97473526000977,0.0016248226165771484,139.9731104373932
177,87048.3,87113.2,87048.3,87113.2,3309.0,142.74465942382812,-5.528420925140381,-5.52918815612793,148.2730803489685,0.0007672309875488281,148.27384757995605
178,87113.2,87170.8,87084.3,87104.6,2723.0,143.2144317626953,-7.135639190673828,-7.134715557098389,150.35007095336914,0.0009236335754394531,150.3491473197937
179,87104.6,87104.6,87035.5,87052.0,4439.0,140.06646728515625,-9.578044891357422,-9.574348449707031,149.64451217651367,0.003696441650390625,149.64081573486328
180,87046.0,87068.7,87030.2,87033.0,1778.0,122.41474151611328,-12.357894897460938,-12.35818862915039,134.77263641357422,0.000293731689453125,134.77293014526367
181,87034.8,87046.3,87000.5,87004.0,2719.0,92.90947723388672,-14.538947105407715,-14.538768768310547,107.44842433929443,0.00017833709716796875,107.44824600219727
182,87001.9,87003.2,86893.3,86893.3,8052.0,68.08330535888672,-16.949474334716797,-16.9487361907959,85.03277969360352,0.0007381439208984375,85.03204154968262
183,86893.3,86991.3,86885.6,86970.4,5381.0,49.19037628173828,-17.404510498046875,-17.402660369873047,66.59488677978516,0.001850128173828125,66.59303665161133
184,86976.8,86988.5,86935.2,86935.2,6084.0,34.2815055847168,-18.055038452148438,-18.055133819580078,52.336544036865234,9.5367431640625e-05,52.336639404296875
185,86935.1,86936.0,86728.6,86737.0,15394.0,23.42797088623047,-19.4481201171875,-19.4487361907959,42.87609100341797,0.0006160736083984375,42.87670707702637
186,86737.0,86809.0,86600.0,86688.9,33820.0,23.8676700592041,-22.642406463623047,-22.640554428100586,46.51007652282715,0.0018520355224609375,46.50822448730469
187,86691.1,86839.5,86691.1,86833.1,5536.0,30.379247665405273,-21.98255729675293,-21.98410987854004,52.3618049621582,0.001552581787109375,52.36335754394531
188,86830.6,86913.0,86830.6,86846.2,7789.0,37.8126335144043,-21.007518768310547,-21.00869369506836,58.820152282714844,0.0011749267578125,58.821327209472656
189,86839.2,86842.7,86651.1,86659.8,12443.0,33.24811935424805,-23.53022575378418,-23.528535842895508,56.77834510803223,0.001689910888671875,56.776655197143555
190,86672.6,86716.7,86653.2,86716.7,4318.0,43.03428649902344,-23.255939483642578,-23.253347396850586,66.29022598266602,0.0025920867919921875,66.28763389587402
191,86721.4,86721.4,86618.2,86643.8,3803.0,58.3891716003418,-23.547067642211914,-23.549100875854492,81.93623924255371,0.002033233642578125,81.93827247619629
192,86646.7,86660.6,86403.9,86496.2,24834.0,58.15999984741211,-27.123910903930664,-27.12290382385254,85.28391075134277,0.001007080078125,85.28290367126465
193,86500.8,86584.7,86418.7,86453.0,17044.0,53.1485710144043,-31.64361000061035,-31.64567756652832,84.79218101501465,0.00206756591796875,84.79424858093262
194,86455.9,86497.4,86401.9,86444.9,7346.0,42.008121490478516,-34.86737060546875,-34.86824417114258,76.87549209594727,0.000873565673828125,76.8763656616211
195,86440.1,86555.3,86408.2,86526.5,4643.0,32.04060363769531,-35.825565338134766,-35.82346725463867,67.86616897583008,0.00209808349609375,67.86407089233398
196,86526.5,86618.0,86492.5,86541.7,8116.0,25.145864486694336,-35.97443771362305,-35.973758697509766,61.12030220031738,0.00067901611328125,61.1196231842041
197,86535.9,86535.9,86402.0,86402.1,4754.0,16.84090232849121,-36.25172805786133,-36.2518196105957,53.09263038635254,9.1552734375e-05,53.092721939086914
198,86410.8,86438.8,86176.2,86180.7,17726.0,9.910977363586426,-38.76361083984375,-38.75920486450195,48.674588203430176,0.004405975341796875,48.67018222808838
199,86180.7,86411.4,86180.7,86403.0,18165.0,-4.405413627624512,-37.53232955932617,-37.53215026855469,33.12691593170166,0.000179290771484375,33.126736640930176
200,86403.7,86516.5,86308.2,86516.5,9042.0,-26.504060745239258,-34.00782012939453,-34.00772476196289,7.503759384155273,9.5367431640625e-05,7.503664016723633
201,86520.8,86776.4,86520.8,86756.3,28362.0,-40.181053161621094,-26.7386474609375,-26.738832473754883,13.442405700683594,0.0001850128173828125,13.442220687866211
202,86747.8,86747.8,86580.5,86610.5,10924.0,-59.626766204833984,-22.930526733398438,-22.928213119506836,36.69623947143555,0.0023136138916015625,36.69855308532715
203,86610.4,86780.8,86590.9,86748.0,15765.0,-81.9642105102539,-15.510075569152832,-15.510655403137207,66.45413494110107,0.000579833984375,66.4535551071167
204,86748.0,86786.9,86667.8,86706.6,4021.0,-102.32511138916016,-8.906766891479492,-8.90578556060791,93.41834449768066,0.0009813308715820312,93.41932582855225
205,86703.3,86798.4,86669.7,86731.1,5333.0,-126.2255630493164,-4.736842155456543,-4.736677646636963,121.48872089385986,0.00016450881958007812,121.48888540267944
206,86722.3,86722.3,86635.2,86676.4,11247.0,-137.61143493652344,-2.099248170852661,-2.0996711254119873,135.51218676567078,0.0004229545593261719,135.51176381111145
207,86694.1,86698.7,86556.8,86579.7,4820.0,-134.78436279296875,1.4541352987289429,1.451662302017212,136.2384980916977,0.002472996711730957,136.23602509498596
208,86571.2,86596.5,86552.1,86578.7,3897.0,-124.95849609375,5.574737071990967,5.576627254486084,130.53323316574097,0.0018901824951171875,130.53512334823608
209,86574.5,86660.9,86495.6,86495.6,9383.0,-121.34586334228516,5.970827102661133,5.97342586517334,127.31669044494629,0.0025987625122070312,127.3192892074585
210,86495.8,86508.7,86253.3,86398.1,9546.0,-103.3197021484375,6.119999885559082,6.122797012329102,109.43970203399658,0.0027971267700195312,109.4424991607666
211,86398.1,86542.0,86398.1,86528.6,8732.0,-76.14556121826172,7.4619550704956055,7.46440315246582,83.60751628875732,0.0024480819702148438,83.60996437072754
212,86531.9,86568.2,86352.6,86352.8,9250.0,-57.78285598754883,4.135037422180176,4.137311935424805,61.917893409729004,0.0022745132446289062,61.92016792297363
213,86377.2,86444.9,86317.1,86433.1,8618.0,-35.82767105102539,1.486616611480713,1.490924596786499,37.3142876625061,0.004307985305786133,37.31859564781189
214,86428.1,86534.8,86383.7,86524.9,4693.0,-3.054436206817627,0.0589473694562912,0.05792410671710968,3.113383576273918,0.0010232627391815186,3.1123603135347366
215,86525.0,86670.4,86509.6,86589.1,7676.0,26.0045108795166,0.7082706689834595,0.7102560997009277,25.296240210533142,0.0019854307174682617,25.294254779815674
216,86578.0,86640.7,86530.3,86562.6,5424.0,54.86405944824219,1.1272180080413818,1.1299283504486084,53.736841440200806,0.0027103424072265625,53.73413109779358
217,86559.3,86609.8,86391.6,86395.6,13155.0,89.92601776123047,-3.0721805095672607,-3.071775197982788,92.99819827079773,0.00040531158447265625,92.99779295921326
218,86404.0,86468.1,86379.2,86466.4,3063.0,119.35729217529297,-9.748270988464355,-9.748085021972656,129.10556316375732,0.00018596649169921875,129.10537719726562
219,86466.4,86488.8,86301.9,86347.8,9455.0,137.74375915527344,-15.037293434143066,-15.038369178771973,152.7810525894165,0.00107574462890625,152.7821283340454
220,86357.6,86492.7,86353.3,86484.3,4486.0,147.98826599121094,-16.50255584716797,-16.503536224365234,164.4908218383789,0.000980377197265625,164.49180221557617
221,86475.5,86483.5,86409.6,86432.5,7786.0,161.47909545898438,-14.875187873840332,-14.873966217041016,176.3542833328247,0.0012216567993164062,176.3530616760254
222,86432.5,86488.2,86357.0,86447.1,5794.0,167.30947875976562,-14.850225448608398,-14.850945472717285,182.15970420837402,0.0007200241088867188,182.1604242324829
223,86438.5,86438.5,86282.0,86331.4,7853.0,169.24090576171875,-14.061654090881348,-14.064062118530273,183.3025598526001,0.0024080276489257812,183.30496788024902
224,86328.9,86352.0,85852.6,85882.9,137327.0,166.33082580566406,-19.710376739501953,-19.71151351928711,186.04120254516602,0.00113677978515625,186.04233932495117
225,85887.1,86099.9,85852.2,86006.9,21941.0,157.05865478515625,-21.96000099182129,-21.9620418548584,179.01865577697754,0.002040863037109375,179.02069664001465
226,86007.0,86190.6,86007.0,86186.3,11137.0,141.360595703125,-21.421653747558594,-21.424442291259766,162.7822494506836,0.002788543701171875,162.78503799438477
227,86187.5,86250.8,86051.9,86138.2,10003.0,124.1894760131836,-22.363609313964844,-22.36366844177246,146.55308532714844,5.91278076171875e-05,146.55314445495605
228,86153.7,86259.6,86135.6,86209.9,8193.0,100.38346099853516,-21.63218116760254,-21.630556106567383,122.0156421661377,0.00162506103515625,122.01401710510254
229,86209.9,86234.3,86131.4,86162.9,4426.0,68.53233337402344,-22.32511329650879,-22.3264102935791,90.85744667053223,0.0012969970703125,90.85874366760254
230,86167.4,86250.8,86140.2,86152.9,9285.0,31.33142852783203,-24.20481300354004,-24.204288482666016,55.53624153137207,0.0005245208740234375,55.53571701049805
231,86169.3,86169.3,85990.9,86043.0,9036.0,-3.715789556503296,-25.22315788269043,-25.222890853881836,21.507368326187134,0.00026702880859375,21.50710129737854
232,86033.5,86036.6,85656.5,85703.8,56064.0,-40.16060256958008,-33.13233184814453,-33.13288879394531,7.028270721435547,0.00055694580078125,7.027713775634766
233,85703.9,85852.2,85703.9,85767.8,27207.0,-69.04210662841797,-37.88330841064453,-37.88469314575195,31.158798217773438,0.001384735107421875,31.157413482666016
234,85762.0,85850.4,85727.8,85815.1,7963.0,-76.92691802978516,-39.508270263671875,-39.51082992553711,37.41864776611328,0.002559661865234375,37.41608810424805
235,85832.0,85832.0,85600.1,85702.0,20876.0,-80.56210327148438,-40.66887283325195,-40.67161178588867,39.89323043823242,0.00273895263671875,39.8904914855957
236,85701.9,85803.3,85600.1,85627.9,31337.0,-85.27398681640625,-41.972633361816406,-41.97541809082031,43.301353454589844,0.00278472900390625,43.29856872558594
237,85624.6,85683.4,85558.8,85574.3,29383.0,-75.31428527832031,-45.27157974243164,-45.2762336730957,30.042705535888672,0.0046539306640625,30.03805160522461
238,85574.0,85631.1,85473.9,85502.9,21038.0,-65.67609405517578,-47.2406005859375,-47.244136810302734,18.43549346923828,0.003536224365234375,18.431957244873047
239,85529.6,85593.1,85345.5,85439.8,37207.0,-57.652931213378906,-50.5344352722168,-50.53727722167969,7.118495941162109,0.002841949462890625,7.115653991699219
240,85439.7,85659.3,85427.1,85647.1,10836.0,-48.62947463989258,-47.346466064453125,-47.348243713378906,1.2830085754394531,0.00177764892578125,1.2812309265136719
241,85625.5,85680.6,85510.3,85680.6,6731.0,-38.81233215332031,-43.236690521240234,-43.23954391479492,4.424358367919922,0.0028533935546875,4.427211761474609
242,85680.5,85680.9,85575.1,85613.4,6608.0,-24.49744415283203,-38.72932434082031,-38.72966384887695,14.231880187988281,0.000339508056640625,14.232219696044922
243,85626.1,85699.9,85549.1,85575.0,10137.0,-9.302255630493164,-35.340450286865234,-35.34153366088867,26.03819465637207,0.0010833740234375,26.039278030395508
244,85598.0,85715.5,85572.4,85672.9,7328.0,8.894135475158691,-36.49654006958008,-36.49899673461914,45.39067554473877,0.0024566650390625,45.39313220977783
245,85673.0,85999.4,85673.0,85932.5,15574.0,28.35368537902832,-31.675188064575195,-31.674177169799805,60.028873443603516,0.001010894775390625,60.027862548828125
246,85934.9,86054.4,85926.3,85992.9,11959.0,42.014434814453125,-23.04240608215332,-23.04203987121582,65.05684089660645,0.0003662109375,65.05647468566895
247,86000.8,86040.4,85902.2,85936.9,8689.0,56.396690368652344,-15.676090240478516,-15.678454399108887,72.07278060913086,0.0023641586303710938,72.07514476776123
248,85937.8,86035.6,85926.0,86014.1,10299.0,63.098045349121094,-5.778045177459717,-5.777220249176025,68.87609052658081,0.0008249282836914062,68.87526559829712
249,86025.2,86025.2,85833.7,85839.4,5731.0,56.00180435180664,1.1837594509124756,1.1805803775787354,54.818044900894165,0.0031790733337402344,54.821223974227905
250,85839.5,85941.5,85839.4,85930.4,4302.0,43.29834747314453,9.766616821289062,9.766952514648438,33.53173065185547,0.000335693359375,33.531394958496094
251,85921.9,85930.2,85830.6,85879.7,6486.0,24.235790252685547,16.22736930847168,16.22845458984375,8.008420944213867,0.0010852813720703125,8.007335662841797
252,85896.6,85930.0,85835.3,85912.9,4643.0,4.423458576202393,18.055038452148438,18.05389404296875,13.631579875946045,0.0011444091796875,13.630435466766357
253,85912.0,85912.0,85813.0,85827.0,2945.0,-14.768721580505371,19.346466064453125,19.348302841186523,34.115187644958496,0.0018367767333984375,34.117024421691895
254,85829.2,85829.2,85720.1,85774.1,4394.0,-21.097143173217773,20.545564651489258,20.544906616210938,41.64270782470703,0.0006580352783203125,41.64204978942871
255,85783.3,85943.9,85783.3,85942.9,5970.0,-29.87699317932129,22.431278228759766,22.428735733032227,52.308271408081055,0.0025424957275390625,52.305728912353516
256,85925.4,85974.4,85701.9,85718.3,10857.0,-41.37473678588867,19.572330474853516,19.571693420410156,60.94706726074219,0.000637054443359375,60.94643020629883
257,85718.3,85718.7,85533.6,85565.1,10773.0,-51.50496292114258,13.544361114501953,13.543867111206055,65.04932403564453,0.0004940032958984375,65.04883003234863
258,85565.1,85646.5,85544.6,85624.6,4371.0,-60.22225570678711,7.2538347244262695,7.252525806427002,67.47609043121338,0.0013089179992675781,67.47478151321411
259,85624.7,85642.1,85466.0,85526.5,10898.0,-63.22586441040039,-1.619849681854248,-1.619619369506836,61.60601472854614,0.00023031234741210938,61.606245040893555
260,85510.1,85640.6,85480.2,85621.2,6778.0,-63.30826950073242,-5.9936842918396,-5.996011734008789,57.31458520889282,0.002327442169189453,57.31225776672363
261,85621.2,85773.2,85621.2,85727.2,7407.0,-56.194889068603516,-8.28721809387207,-8.290225982666016,47.907670974731445,0.0030078887939453125,47.9046630859375
262,85729.2,85785.5,85703.8,85785.5,9769.0,-49.138648986816406,-10.883008003234863,-10.882806777954102,38.25564098358154,0.00020122528076171875,38.255842208862305
263,85785.6,85804.4,85650.4,85658.2,8415.0,-37.40240478515625,-16.161203384399414,-16.15900421142578,21.241201400756836,0.0021991729736328125,21.24340057373047
264,85657.3,85657.3,85495.8,85533.1,4775.0,-23.196392059326172,-21.807218551635742,-21.801721572875977,1.3891735076904297,0.005496978759765625,1.3946704864501953
265,85534.1,85579.5,85432.9,85462.1,9237.0,-8.223759651184082,-24.154888153076172,-24.1495304107666,15.93112850189209,0.0053577423095703125,15.92577075958252
266,85469.8,85567.3,85445.9,85535.4,10767.0,3.51578950881958,-23.79218101501465,-23.789215087890625,27.30797052383423,0.0029659271240234375,27.305004596710205
267,85533.0,85579.6,85487.1,85487.2,2838.0,17.603910446166992,-24.315488815307617,-24.31364631652832,41.91939926147461,0.001842498779296875,41.91755676269531
268,85481.1,85625.0,85474.8,85612.1,6635.0,32.77924728393555,-21.158796310424805,-21.15858268737793,53.93804359436035,0.000213623046875,53.93782997131348
269,85604.5,85711.2,85604.5,85687.9,6297.0,44.991580963134766,-19.079999923706055,-19.074665069580078,64.07158088684082,0.0053348541259765625,64.06624603271484
270,85687.5,85792.8,85609.7,85792.8,6186.0,55.95909881591797,-13.82917308807373,-13.827537536621094,69.7882719039917,0.0016355514526367188,69.78663635253906
271,85800.0,85853.5,85674.6,85701.6,7363.0,66.3669204711914,-10.476692199707031,-10.476733207702637,76.84361267089844,4.100799560546875e-05,76.84365367889404
272,85704.4,85796.4,85675.8,85759.0,4660.0,78.87398529052734,-5.513082981109619,-5.513991832733154,84.38706827163696,0.0009088516235351562,84.3879771232605
273,85759.1,85772.3,85654.9,85654.9,4528.0,82.64571380615234,-3.163909912109375,-3.163281202316284,85.80962371826172,0.0006287097930908203,85.80899500846863
274,85663.4,85663.4,85579.3,85613.0,4202.0,91.47187805175781,-1.9846616983413696,-1.9875587224960327,93.45653975009918,0.002897024154663086,93.45943677425385
275,85617.9,85650.0,85577.4,85630.5,2748.0,91.12210845947266,2.3446617126464844,2.3456356525421143,88.77744674682617,0.0009739398956298828,88.77647280693054
276,85642.8,85944.7,85642.2,85944.6,6701.0,89.7819595336914,8.089924812316895,8.08942699432373,81.69203472137451,0.0004978179931640625,81.69253253936768
277,85933.7,85994.8,85778.8,85800.3,9326.0,82.39338684082031,9.016841888427734,9.012540817260742,73.37654495239258,0.0043010711669921875,73.38084602355957
278,85794.2,85898.8,85778.1,85867.2,8023.0,67.4953384399414,11.477594375610352,11.477255821228027,56.017744064331055,0.00033855438232421875,56.01808261871338
279,85855.5,85914.1,85800.5,85871.9,6588.0,57.72210693359375,12.09473705291748,12.095259666442871,45.62736988067627,0.000522613525390625,45.62684726715088
280,85866.2,86031.3,85852.7,85988.0,11707.0,46.0947380065918,15.34766960144043,15.347773551940918,30.747068405151367,0.00010395050048828125,30.74696445465088
281,85988.0,86090.0,85977.8,86068.3,5521.0,38.90406036376953,20.869474411010742,20.869495391845703,18.03458595275879,2.09808349609375e-05,18.034564971923828
282,86062.7,86078.8,86009.1,86047.9,4429.0,24.412933349609375,26.507368087768555,26.507366180419922,2.0944347381591797,1.9073486328125e-06,2.094432830810547
283,86058.4,86129.3,86037.8,86071.8,4974.0,13.182255744934082,30.081804275512695,30.082107543945312,16.899548530578613,0.0003032684326171875,16.89985179901123
284,86067.5,86108.6,86045.0,86058.0,3915.0,1.5654135942459106,30.86345863342285,30.862518310546875,29.29804503917694,0.0009403228759765625,29.297104716300964
285,86058.0,86125.1,86053.1,86063.0,4532.0,-11.145864486694336,29.805112838745117,29.80398178100586,40.95097732543945,0.0011310577392578125,40.949846267700195
286,86062.2,86062.2,85998.7,85998.7,2655.0,-26.093833923339844,28.080902099609375,28.08063316345215,54.17473602294922,0.0002689361572265625,54.17446708679199
287,85999.1,86071.6,85999.0,86045.6,4464.0,-39.67879867553711,25.5726318359375,25.569583892822266,65.25143051147461,0.003047943115234375,65.24838256835938
288,86053.5,86057.0,85921.6,85951.1,5981.0,1.1831579208374023,22.839698791503906,22.840919494628906,21.656540870666504,0.001220703125,21.657761573791504
289,85957.7,85994.0,85936.4,85974.5,3532.0,35.96451187133789,21.132631301879883,21.133535385131836,14.831880569458008,0.000904083251953125,14.830976486206055
290,85967.0,85997.2,85936.1,85997.2,6763.0,67.58255767822266,20.978044509887695,20.975793838500977,46.60451316833496,0.00225067138671875,46.60676383972168
291,85997.2,86001.5,85941.1,85958.6,3057.0,97.77654266357422,18.517593383789062,18.519296646118164,79.25894927978516,0.0017032623291015625,79.25724601745605
292,85971.0,86022.3,85971.0,85995.9,4989.0,122.6415023803711,17.113683700561523,17.115436553955078,105.52781867980957,0.0017528533935546875,105.52606582641602
293,85983.3,85996.5,85935.9,85962.2,5489.0,141.30526733398438,13.227970123291016,13.230269432067871,128.07729721069336,0.0022993087768554688,128.0749979019165
294,85966.3,85986.7,85891.4,85922.4,8574.0,158.85894775390625,7.654135227203369,7.652796268463135,151.20481252670288,0.001338958740234375,151.20615148544312
295,85918.2,85984.1,85918.2,85975.6,6319.0,164.7870635986328,2.6421053409576416,2.6464226245880127,162.14495825767517,0.004317283630371094,162.1406409740448
296,85962.7,85986.5,85945.6,85961.5,4096.0,172.74195861816406,1.8766916990280151,1.8791470527648926,170.86526691913605,0.0024553537368774414,170.86281156539917
297,85962.6,86028.1,85961.3,86020.9,4533.0,176.75729370117188,-0.3458646535873413,-0.34348565340042114,177.10315835475922,0.002379000186920166,177.1007793545723
298,86019.2,86020.8,85968.5,85968.5,2496.0,171.44090270996094,-2.5918796062469482,-2.589984655380249,174.03278231620789,0.0018949508666992188,174.0308873653412
299,85964.2,85964.2,85817.3,85832.3,3535.0,165.38015747070312,-6.861052513122559,-6.860432147979736,172.24120998382568,0.0006203651428222656,172.24058961868286
300,85817.3,85865.2,85798.6,85861.3,10066.0,155.94195556640625,-8.825263023376465,-8.823860168457031,164.76721858978271,0.0014028549194335938,164.76581573486328
301,85863.3,85863.3,85794.8,85802.0,9386.0,145.36932373046875,-10.173834800720215,-10.176010131835938,155.54315853118896,0.0021753311157226562,155.5453338623047
302,85800.1,85864.7,85765.8,85810.0,5590.0,126.13623809814453,-11.332030296325684,-11.335508346557617,137.46826839447021,0.0034780502319335938,137.47174644470215
303,85810.1,85859.5,85810.1,85828.0,3362.0,106.85052490234375,-11.501654624938965,-11.502778053283691,118.35217952728271,0.0011234283447265625,118.35330295562744
304,85822.3,85860.8,85822.1,85831.6,5387.0,80.01473999023438,-11.470376014709473,-11.469830513000488,91.48511600494385,0.000545501708984375,91.48457050323486
305,85822.8,85888.9,85697.6,85697.6,6473.0,50.50285720825195,-12.930526733398438,-12.93177318572998,63.43338394165039,0.0012464523315429688,63.434630393981934
306,85695.3,85766.4,85656.3,85766.1,10213.0,12.283308029174805,-13.880000114440918,-13.88088607788086,26.163308143615723,0.0008859634399414062,26.164194107055664
307,85766.5,85852.0,85671.8,85693.6,3404.0,-24.94375991821289,-14.777142524719238,-14.775434494018555,10.166617393493652,0.0017080307006835938,10.168325424194336
308,85702.2,85723.8,85620.9,85622.9,5585.0,-11.999699592590332,-17.645112991333008,-17.642810821533203,5.645413398742676,0.0023021697998046875,5.643111228942871
309,85644.7,85647.0,85622.9,85623.0,3111.0,-2.9618046283721924,-19.649324417114258,-19.6457462310791,16.687519788742065,0.00357818603515625,16.68394160270691
310,85631.0,85665.0,85631.0,85636.9,4084.0,6.819849491119385,-20.565113067626953,-20.563093185424805,27.384962558746338,0.0020198822021484375,27.38294267654419
311,85636.1,85707.5,85636.1,85703.2,4418.0,16.068872451782227,-20.604812622070312,-20.600915908813477,36.67368507385254,0.0038967132568359375,36.6697883605957
312,85707.8,85771.7,85707.8,85711.1,2704.0,20.909473419189453,-19.554887771606445,-19.552947998046875,40.4643611907959,0.0019397735595703125,40.46242141723633
313,85711.1,85769.9,85687.0,85752.4,4256.0,25.843008041381836,-18.021053314208984,-18.01879119873047,43.86406135559082,0.002262115478515625,43.861799240112305
314,85748.2,85823.4,85698.3,85698.3,4213.0,28.255037307739258,-17.57353401184082,-17.570512771606445,45.82857131958008,0.003021240234375,45.8255500793457
315,85698.2,85706.7,85631.2,85631.2,4632.0,22.14436149597168,-16.902856826782227,-16.903671264648438,39.047218322753906,0.0008144378662109375,39.04803276062012
316,85632.3,85754.7,85625.5,85739.9,3221.0,22.002105712890625,-14.38917350769043,-14.38880443572998,36.391279220581055,0.00036907196044921875,36.390910148620605
317,85747.2,85816.0,85691.2,85715.2,4803.0,19.98075294494629,-10.95849609375,-10.955621719360352,30.93924903869629,0.0028743743896484375,30.93637466430664
318,85722.2,85737.1,85632.0,85659.7,3118.0,11.489925384521484,-8.685714721679688,-8.682947158813477,20.175640106201172,0.0027675628662109375,20.17287254333496
319,85661.6,85687.8,85644.3,85668.9,5380.0,2.921503782272339,-7.966015338897705,-7.965131759643555,10.887519121170044,0.0008835792541503906,10.886635541915894
320,85664.7,85768.7,85664.7,85768.7,3704.0,-2.5587971210479736,-5.120300769805908,-5.117927551269531,2.5615036487579346,0.002373218536376953,2.5591304302215576
321,85775.8,85825.9,85674.0,85674.0,4334.0,-5.295939922332764,-4.422556400299072,-4.420653343200684,0.8733835220336914,0.0019030570983886719,0.8752865791320801
322,85661.1,85722.1,85629.1,85722.1,3253.0,-10.199699401855469,-2.718496322631836,-2.717416524887085,7.481203079223633,0.0010797977447509766,7.482282876968384
323,85718.0,85751.9,85661.0,85667.1,3712.0,-9.67218017578125,-1.3876692056655884,-1.3835055828094482,8.284510970115662,0.004163622856140137,8.288674592971802
324,85667.1,85696.1,85603.6,85696.1,4164.0,-14.576541900634766,0.6649624109268188,0.6635103225708008,15.241504311561584,0.0014520883560180664,15.240052223205566
325,85682.4,85804.0,85669.9,85767.0,16307.0,-18.167219161987305,1.8105263710021973,1.811331033706665,19.977745532989502,0.0008046627044677734,19.97855019569397
326,85759.8,85850.0,85747.8,85850.0,3203.0,-28.76811981201172,5.1236090660095215,5.122086524963379,33.89172887802124,0.0015225410461425781,33.8902063369751
327,85854.0,85901.0,85835.9,85835.9,3468.0,-35.21173095703125,6.961203098297119,6.960491180419922,42.17293405532837,0.0007119178771972656,42.17222213745117
328,85832.3,85889.4,85832.3,85889.4,4198.0,-36.321502685546875,8.23308277130127,8.23283576965332,44.554585456848145,0.00024700164794921875,44.554338455200195
329,85890.3,85902.1,85825.9,85852.1,3332.0,-40.08781814575195,8.572932243347168,8.573220252990723,48.66075038909912,0.0002880096435546875,48.661038398742676
330,85852.1,85930.9,85852.1,85878.5,3155.0,-43.618648529052734,9.169322967529297,9.16565990447998,52.78797149658203,0.0036630630493164062,52.784308433532715
331,85874.2,85874.2,85692.2,85700.0,4425.0,-48.05714416503906,7.890827178955078,7.8917059898376465,55.94797134399414,0.0008788108825683594,55.94885015487671
332,85699.9,85699.9,85474.5,85474.5,8504.0,-51.34135437011719,3.52842116355896,3.5258517265319824,54.86977553367615,0.002569437026977539,54.86720609664917
333,85473.9,85526.3,85420.3,85486.2,9694.0,-54.48030090332031,0.3344360888004303,0.3350328803062439,54.81473699212074,0.0005967915058135986,54.815333783626556
334,85501.5,85604.9,85480.8,85572.9,10546.0,-64.09172821044922,-2.073082685470581,-2.071223020553589,62.01864552497864,0.0018596649169921875,62.02050518989563
335,85568.5,85583.0,85450.0,85493.9,6985.0,-77.27278137207031,-6.479097843170166,-6.476856231689453,70.79368352890015,0.0022416114807128906,70.79592514038086
336,85489.0,85582.8,85474.2,85555.8,32121.0,-83.26345825195312,-8.07398509979248,-8.07551097869873,75.18947315216064,0.00152587890625,75.1879472732544
337,85555.7,85555.7,85450.0,85476.3,4223.0,-83.03007507324219,-10.921504020690918,-10.922961235046387,72.10857105255127,0.00145721435546875,72.1071138381958
338,85480.4,85523.9,85469.1,85472.7,7586.0,-84.3624038696289,-14.338045120239258,-14.338809967041016,70.02435874938965,0.0007648468017578125,70.02359390258789
339,85469.1,85523.7,85427.6,85442.0,8565.0,-87.74496459960938,-17.764812469482422,-17.766881942749023,69.98015213012695,0.0020694732666015625,69.97808265686035
340,85442.0,85567.2,85442.0,85514.8,5399.0,-84.90316009521484,-18.235790252685547,-18.237934112548828,66.6673698425293,0.00214385986328125,66.66522598266602
341,85512.3,85561.3,85399.6,85561.3,6553.0,-82.11308288574219,-19.156991958618164,-19.158199310302734,62.95609092712402,0.0012073516845703125,62.95488357543945
342,85553.0,85729.4,85524.2,85654.8,5704.0,-77.81714630126953,-17.80962371826172,-17.81377410888672,60.00752258300781,0.004150390625,60.00337219238281
343,85654.9,85931.1,85654.9,85913.5,16924.0,-68.39729309082031,-13.538646697998047,-13.540801048278809,54.858646392822266,0.0021543502807617188,54.856492042541504
344,85914.5,86012.0,85878.8,85878.8,10279.0,-56.599700927734375,-9.670075416564941,-9.676216125488281,46.929625511169434,0.006140708923339844,46.923484802246094
345,85883.0,85996.5,85883.0,85948.5,6728.0,-45.77834701538086,-3.9675188064575195,-3.9711525440216064,41.81082820892334,0.003633737564086914,41.80719447135925
346,85950.9,85979.7,85879.3,85879.3,3159.0,-39.71849822998047,1.7882707118988037,1.7828888893127441,41.50676894187927,0.00538182258605957,41.50138711929321
347,85875.2,85875.2,85723.7,85741.6,6791.0,-34.728721618652344,5.3085713386535645,5.303142547607422,40.03729295730591,0.005428791046142578,40.031864166259766
348,85745.6,85828.9,85745.6,85783.2,3525.0,-26.015037536621094,10.405413627624512,10.404240608215332,36.420451164245605,0.0011730194091796875,36.419278144836426
349,85762.6,85807.2,85753.7,85778.3,2848.0,-20.767518997192383,15.0081205368042,15.006044387817383,35.77563953399658,0.0020761489868164062,35.773563385009766
350,85768.1,85816.5,85768.1,85816.5,4345.0,-15.939248085021973,20.681503295898438,20.681407928466797,36.62075138092041,9.5367431640625e-05,36.62065601348877
351,85816.6,85888.1,85804.1,85871.0,3167.0,-10.200901985168457,24.40932273864746,24.41015625,34.61022472381592,0.0008335113525390625,34.61105823516846
352,85863.5,85912.7,85846.6,85887.0,7238.0,-3.619548797607422,24.55007553100586,24.549806594848633,28.16962432861328,0.0002689361572265625,28.169355392456055
353,85889.3,85957.3,85854.7,85957.3,2948.0,3.135939836502075,25.257143020629883,25.258182525634766,22.121203184127808,0.0010395050048828125,22.12224268913269
354,85957.2,86040.2,85954.5,86032.3,5187.0,-1.1747368574142456,27.69744300842285,27.698450088500977,28.872179865837097,0.001007080078125,28.873186945915222
355,86032.3,86077.6,86003.0,86058.2,4787.0,-8.515789985656738,28.570226669311523,28.57061195373535,37.08601665496826,0.000385284423828125,37.08640193939209
356,86056.2,86121.1,86056.1,86056.2,4706.0,-8.798195838928223,29.543760299682617,29.54296875,38.34195613861084,0.0007915496826171875,38.34116458892822
357,86067.6,86115.4,86056.1,86056.1,3744.0,-5.581353664398193,28.504962921142578,28.506120681762695,34.08631658554077,0.0011577606201171875,34.08747434616089
358,86056.0,86056.0,85994.5,86026.6,2311.0,-2.1735339164733887,26.114887237548828,26.119213104248047,28.288421154022217,0.00432586669921875,28.292747020721436
359,86026.5,86060.7,86012.3,86059.4,3384.0,-1.6189473867416382,22.88330841064453,22.88311767578125,24.50225579738617,0.00019073486328125,24.502065062522888
360,86052.5,86089.3,86026.7,86087.3,3147.0,1.1437593698501587,20.265262603759766,20.266576766967773,19.121503233909607,0.0013141632080078125,19.122817397117615
361,86087.2,86164.4,86012.3,86022.5,4912.0,0.4953383505344391,16.5978946685791,16.597673416137695,16.102556318044662,0.00022125244140625,16.102335065603256
362,86015.4,86086.4,85968.9,86082.1,4110.0,2.2508270740509033,14.561504364013672,14.562999725341797,12.310677289962769,0.001495361328125,12.312172651290894
363,86062.7,86078.7,86027.4,86062.1,2589.0,8.606616973876953,15.686015129089355,15.684833526611328,7.079398155212402,0.0011816024780273438,7.078216552734375
364,86068.1,86117.8,86020.7,86040.4,3568.0,18.036691665649414,15.727519035339355,15.72521686553955,2.3091726303100586,0.0023021697998046875,2.3114748001098633
365,86040.5,86048.8,85957.1,85980.7,3070.0,25.250526428222656,15.770827293395996,15.770377159118652,9.47969913482666,0.00045013427734375,9.480149269104004
366,85978.0,86169.3,85967.8,86135.8,4361.0,30.646316528320312,16.891427993774414,16.89005470275879,13.754888534545898,0.001373291015625,13.756261825561523
367,86135.8,86248.1,86031.1,86060.6,6480.0,31.639699935913086,14.373534202575684,14.375663757324219,17.266165733337402,0.0021295547485351562,17.264036178588867
368,86056.3,86067.4,86014.9,86014.9,2417.0,32.139549255371094,11.384661674499512,11.385538101196289,20.754887580871582,0.0008764266967773438,20.754011154174805
369,86010.6,86130.3,86010.6,86121.1,5066.0,30.969924926757812,9.486917495727539,9.486719131469727,21.483007431030273,0.0001983642578125,21.483205795288086
370,86116.7,86126.7,86075.7,86095.0,4595.0,29.96721839904785,7.301353454589844,7.302731513977051,22.665864944458008,0.0013780593872070312,22.6644868850708
371,86092.5,86129.6,86060.8,86069.6,2470.0,28.916391372680664,5.195488929748535,5.197638511657715,23.72090244293213,0.0021495819091796875,23.71875286102295
372,86075.4,86081.5,86056.1,86062.0,5649.0,25.624361038208008,2.937744379043579,2.937934637069702,22.68661665916443,0.00019025802612304688,22.686426401138306
373,86056.0,86119.4,86048.2,86119.4,3238.0,22.017444610595703,2.344060182571411,2.345001220703125,19.673384428024292,0.0009410381317138672,19.672443389892578
374,86128.0,86220.8,86122.8,86216.6,5249.0,13.44721794128418,4.078796863555908,4.081132411956787,9.368421077728271,0.0023355484008789062,9.366085529327393
375,86204.5,86322.9,86183.2,86192.3,9061.0,1.8953384160995483,5.6027069091796875,5.601950168609619,3.707368493080139,0.0007567405700683594,3.706611752510071
376,86192.2,86192.2,86142.7,86170.0,2753.0,-4.060451030731201,6.571127891540527,6.571017265319824,10.631578922271729,0.000110626220703125,10.631468296051025
377,86182.3,86340.0,86182.3,86301.2,7937.0,-13.556692123413086,9.242405891418457,9.241687774658203,22.799098014831543,0.0007181167602539062,22.79837989807129
378,86305.9,86338.2,86290.0,86290.0,3039.0,-20.681804656982422,10.9169921875,10.917951583862305,31.598796844482422,0.0009593963623046875,31.599756240844727
379,86286.2,86309.2,86236.0,86258.9,5341.0,-26.20661735534668,12.26736831665039,12.271663665771484,38.47398567199707,0.00429534912109375,38.478281021118164
380,86257.3,86338.3,86244.4,86303.6,3256.0,-31.225263595581055,14.402105331420898,14.40449333190918,45.62736892700195,0.00238800048828125,45.629756927490234
381,86303.6,86309.6,86250.7,86302.4,2599.0,-34.99879837036133,15.17172908782959,15.171757698059082,50.17052745819092,2.86102294921875e-05,50.17055606842041
382,86303.6,86344.9,86277.8,86340.4,4060.0,-38.26315689086914,17.000600814819336,17.002056121826172,55.26375770568848,0.0014553070068359375,55.26521301269531
383,86338.3,86344.8,86258.4,86286.1,3108.0,-37.755489349365234,17.350074768066406,17.35247802734375,55.10556411743164,0.00240325927734375,55.107967376708984
384,86286.4,86309.7,86252.1,86309.7,2156.0,-35.68962478637695,17.360902786254883,17.360544204711914,53.050527572631836,0.00035858154296875,53.05016899108887
385,86314.0,86344.9,86299.6,86344.9,3074.0,-35.12270736694336,16.524511337280273,16.52387237548828,51.64721870422363,0.0006389617919921875,51.64657974243164
386,86344.8,86344.8,86286.7,86324.9,5096.0,-33.99248123168945,17.30375862121582,17.30267333984375,51.29623985290527,0.0010852813720703125,51.2951545715332
387,86334.8,86338.0,86254.7,86263.5,5631.0,-37.383758544921875,15.732331275939941,15.732694625854492,53.116089820861816,0.00036334991455078125,53.11645317077637
388,86267.7,86292.5,86240.0,86256.2,2701.0,-40.29413604736328,13.030376434326172,13.031737327575684,53.32451248168945,0.0013608932495117188,53.325873374938965
389,86254.1,86254.1,86193.9,86207.5,2405.0,-40.672481536865234,10.947970390319824,10.949048042297363,51.62045192718506,0.0010776519775390625,51.6215295791626
390,86207.6,86266.1,86207.6,86266.1,6706.0,-47.01774597167969,9.161503791809082,9.16147232055664,56.17924976348877,3.147125244140625e-05,56.17921829223633
391,86267.1,86301.8,86220.0,86237.4,3000.0,-61.98466110229492,6.304059982299805,6.305527687072754,68.28872108459473,0.0014677047729492188,68.29018878936768
392,86238.3,86307.1,86219.1,86219.1,4243.0,-69.6556396484375,2.8141353130340576,2.8158481121063232,72.46977496147156,0.001712799072265625,72.47148776054382
393,86217.2,86256.4,86160.5,86238.5,3859.0,-82.19548797607422,0.2754887342453003,0.27333763241767883,82.47097671031952,0.00215110182762146,82.4688256084919
394,86242.7,86250.0,86205.0,86214.2,3779.0,-88.73654174804688,-1.2583458423614502,-1.260585069656372,87.47819590568542,0.002239227294921875,87.4759566783905
395,86205.6,86205.6,86062.1,86062.1,8078.0,-98.13925170898438,-5.346766948699951,-5.347538948059082,92.79248476028442,0.0007719993591308594,92.7917127609253
396,86062.1,86067.8,86017.3,86036.8,5860.0,-105.60210418701172,-9.953383445739746,-9.952261924743652,95.64872074127197,0.00112152099609375,95.64984226226807
397,86033.7,86033.7,85869.9,85932.9,9270.0,-107.82526397705078,-13.767218589782715,-13.76931381225586,94.05804538726807,0.0020952224731445312,94.05595016479492
398,85932.5,85949.1,85905.2,85905.2,2510.0,-102.30586242675781,-17.606616973876953,-17.605064392089844,84.69924545288086,0.001552581787109375,84.70079803466797
399,85902.4,85918.0,85846.1,85853.2,5250.0,-97.15819549560547,-22.095338821411133,-22.096105575561523,75.06285667419434,0.000766754150390625,75.06208992004395
400,85864.9,85889.3,85829.6,85867.5,2686.0,-90.90105438232422,-25.07007598876953,-25.066999435424805,65.83097839355469,0.0030765533447265625,65.83405494689941
401,85855.7,85940.4,85855.7,85928.9,6484.0,-85.2339859008789,-26.52511215209961,-26.523977279663086,58.7088737487793,0.0011348724365234375,58.71000862121582
402,85926.0,85937.7,85894.7,85927.0,2066.0,-77.53504180908203,-26.847820281982422,-26.84642219543457,50.68722152709961,0.0013980865478515625,50.68861961364746
403,85928.6,86085.2,85894.1,86085.2,17823.0,-73.0442123413086,-25.145864486694336,-25.144489288330078,47.89834785461426,0.0013751983642578125,47.899723052978516
404,86085.1,86225.3,86025.6,86058.2,69246.0,-68.92180633544922,-23.157594680786133,-23.153512954711914,45.764211654663086,0.00408172607421875,45.768293380737305
405,86058.2,86058.2,85965.0,85970.3,4219.0,-62.46285629272461,-21.485414505004883,-21.48442840576172,40.97744178771973,0.0009860992431640625,40.97842788696289
406,85969.8,86053.8,85968.7,86053.8,2784.0,-56.0090217590332,-18.37714385986328,-18.37496566772461,37.63187789916992,0.002178192138671875,37.634056091308594
407,86054.0,86116.5,86018.3,86113.2,1520.0,-47.86586380004883,-14.981353759765625,-14.978618621826172,32.8845100402832,0.002735137939453125,32.887245178222656
408,86112.1,86142.0,86038.7,86071.7,3330.0,-38.199398040771484,-12.06315803527832,-12.064332962036133,26.136240005493164,0.0011749267578125,26.13506507873535
409,86071.6,86087.8,86033.8,86065.8,3745.0,-28.42917251586914,-9.726015090942383,-9.725975036621094,18.703157424926758,4.00543212890625e-05,18.703197479248047
410,86070.7,86154.0,86070.7,86154.0,2658.0,-23.955488204956055,-4.9882707595825195,-4.989197731018066,18.967217445373535,0.000926971435546875,18.96629047393799
411,86158.8,86187.3,86136.3,86136.3,1825.0,-31.868572235107422,-0.7882707118988037,-0.7899553775787354,31.080301523208618,0.0016846656799316406,31.078616857528687
412,86136.1,86157.2,86093.9,86127.3,2414.0,-35.863460540771484,3.145563840866089,3.1438498497009277,39.00902438163757,0.0017139911651611328,39.00731039047241
413,86123.1,86146.9,86092.1,86096.5,2241.0,-47.8787956237793,7.0821051597595215,7.082043170928955,54.96090078353882,6.198883056640625e-05,54.96083879470825
414,86107.5,86107.5,86049.8,86084.9,3268.0,-60.46376037597656,10.686315536499023,10.684398651123047,71.15007591247559,0.0019168853759765625,71.14815902709961
415,86070.8,86144.4,86070.8,86139.5,1926.0,-74.32450866699219,12.860150337219238,12.85961627960205,87.18465900421143,0.0005340576171875,87.18412494659424
416,86139.4,86208.2,86112.7,86112.7,2857.0,-92.2848129272461,14.137443542480469,14.13608455657959,106.42225646972656,0.0013589859008789062,106.42089748382568
417,86129.9,86198.7,86124.3,86198.7,2111.0,-100.67157745361328,14.887218475341797,14.88647747039795,115.55879592895508,0.0007410049438476562,115.55805492401123
418,86200.0,86219.3,86138.3,86138.3,2441.0,-106.57142639160156,13.936241149902344,13.93692398071289,120.5076675415039,0.000682830810546875,120.50835037231445
419,86135.0,86216.6,86133.7,86188.1,3033.0,-108.73323059082031,12.525113105773926,12.527297019958496,121.25834369659424,0.0021839141845703125,121.26052761077881
420,86192.4,86234.1,86161.2,86211.7,3270.0,-113.4084243774414,11.175639152526855,11.17696762084961,124.58406352996826,0.0013284683227539062,124.58539199829102
421,86211.6,86254.0,86118.7,86118.7,3784.0,-117.0348892211914,8.949774742126465,8.949917793273926,125.98466396331787,0.0001430511474609375,125.98480701446533
422,86120.6,86120.6,85981.3,86023.5,3653.0,-113.605712890625,5.044812202453613,5.047427177429199,118.65052509307861,0.0026149749755859375,118.6531400680542
423,86038.5,86096.8,86002.0,86002.0,4179.0,-116.6613540649414,3.1882708072662354,3.190624952316284,119.84962487220764,0.002354145050048828,119.85197901725769
424,85999.1,86081.7,85999.1,86061.1,2863.0,-119.85293579101562,1.8751879930496216,1.8769326210021973,121.72812378406525,0.0017446279525756836,121.72986841201782
425,86060.1,86084.1,86005.2,86012.3,3312.0,-117.1103744506836,-1.5254135131835938,-1.5263216495513916,115.5849609375,0.0009081363677978516,115.5840528011322
426,86012.4,86124.6,85990.8,86002.0,5335.0,-107.12421417236328,-3.8243608474731445,-3.821410894393921,103.29985332489014,0.002949953079223633,103.30280327796936
427,85997.7,86007.1,85951.4,85959.4,2851.0,-91.77985382080078,-5.709473609924316,-5.709210395812988,86.07038021087646,0.000263214111328125,86.0706434249878
428,85959.3,85959.3,85800.9,85849.9,5078.0,-76.7897720336914,-9.58436107635498,-9.585273742675781,67.20541095733643,0.0009126663208007812,67.20449829101562
429,85857.6,85951.9,85857.6,85947.3,1962.0,-63.172332763671875,-11.828872680664062,-11.829646110534668,51.34346008300781,0.0007734298706054688,51.34268665313721
430,85956.3,86015.1,85938.5,85938.6,5221.0,-44.85293197631836,-12.628271102905273,-12.627361297607422,32.224660873413086,0.0009098052978515625,32.22557067871094
431,85932.1,85932.1,85836.9,85881.4,6432.0,-25.698646545410156,-14.196090698242188,-14.197879791259766,11.502555847167969,0.001789093017578125,11.50076675415039
432,85891.7,86089.3,85891.7,85985.1,7549.0,-6.068872451782227,-14.045112609863281,-14.045723915100098,7.976240158081055,0.0006113052368164062,7.976851463317871
433,85991.3,86020.3,85972.0,85972.0,3266.0,15.8628568649292,-14.351278305053711,-14.353172302246094,30.21413516998291,0.0018939971923828125,30.216029167175293
434,85966.9,85993.7,85933.9,85973.8,3496.0,28.55458641052246,-14.629473686218262,-14.630915641784668,43.18406009674072,0.00144195556640625,43.18550205230713
435,85961.0,85970.4,85883.3,85888.5,3662.0,41.593082427978516,-15.097143173217773,-15.09798526763916,56.69022560119629,0.0008420944213867188,56.691067695617676
436,85888.0,85888.0,85852.1,85869.9,2574.0,51.47188186645508,-15.875187873840332,-15.876457214355469,67.34706974029541,0.0012693405151367188,67.34833908081055
437,85861.3,85874.5,85800.0,85845.3,2784.0,60.1127815246582,-15.282105445861816,-15.283364295959473,75.39488697052002,0.00125885009765625,75.39614582061768
438,85850.4,85866.5,85758.0,85774.0,10196.0,62.82075119018555,-16.130525588989258,-16.13114356994629,78.9512767791748,0.00061798095703125,78.95189476013184
439,85770.5,85770.5,85695.5,85742.7,8930.0,60.66917419433594,-16.092330932617188,-16.09181785583496,76.76150512695312,0.0005130767822265625,76.7609920501709
440,85742.6,85742.6,85650.0,85692.3,5327.0,49.48872375488281,-15.726917266845703,-15.730151176452637,65.21564102172852,0.0032339096069335938,65.21887493133545
441,85692.3,85763.5,85692.3,85763.5,3544.0,36.34014892578125,-15.037593841552734,-15.038657188415527,51.377742767333984,0.0010633468627929688,51.37880611419678
442,85763.4,85831.0,85748.6,85819.0,4699.0,25.721805572509766,-14.523609161376953,-14.523372650146484,40.24541473388672,0.00023651123046875,40.24517822265625
443,85823.3,85843.9,85761.2,85765.4,4608.0,10.389473915100098,-14.803308486938477,-14.805780410766602,25.192782402038574,0.002471923828125,25.1952543258667
444,85765.3,85780.9,85723.6,85729.4,3187.0,-5.323007583618164,-14.313082695007324,-14.313498497009277,8.99007511138916,0.000415802001953125,8.990490913391113
445,85727.3,85764.0,85685.6,85692.1,5761.0,-22.90045166015625,-14.62586498260498,-14.62582778930664,8.27458667755127,3.719329833984375e-05,8.27462387084961
446,85691.1,85804.9,85654.5,85783.9,3678.0,-31.837594985961914,-13.30616569519043,-13.307859420776367,18.531429290771484,0.0016937255859375,18.529735565185547
447,85784.8,85822.1,85700.1,85700.1,5072.0,-39.27428436279297,-13.53022575378418,-13.531672477722168,25.74405860900879,0.0014467239379882812,25.7426118850708
448,85700.0,85700.0,85650.0,85657.6,3991.0,-56.23368453979492,-15.700752258300781,-15.701656341552734,40.53293228149414,0.000904083251953125,40.53202819824219
449,85657.6,85657.6,85601.1,85619.1,7419.0,-80.04270935058594,-16.5933837890625,-16.594602584838867,63.44932556152344,0.0012187957763671875,63.44810676574707
450,85619.6,85649.6,85600.0,85600.0,3742.0,-89.35128021240234,-17.405414581298828,-17.404193878173828,71.94586563110352,0.001220703125,71.94708633422852
451,85600.0,85667.6,85600.0,85655.6,2979.0,-80.08751678466797,-17.81293296813965,-17.81351089477539,62.27458381652832,0.0005779266357421875,62.27400588989258
452,85641.1,85641.1,85606.0,85606.0,3229.0,-67.88601684570312,-16.956390380859375,-16.954458236694336,50.92962646484375,0.0019321441650390625,50.93155860900879
453,85600.0,85710.8,85588.3,85681.6,8372.0,-43.22586441040039,-14.655037879943848,-14.652173042297363,28.570826530456543,0.002864837646484375,28.573691368103027
454,85677.5,85732.0,85669.1,85717.2,3388.0,-19.63067626953125,-11.376240730285645,-11.376233100891113,8.254435539245605,7.62939453125e-06,8.254443168640137
455,85713.0,85839.8,85713.0,85747.9,13622.0,-0.49263158440589905,-8.622857093811035,-8.622726440429688,8.130225509405136,0.00013065338134765625,8.130094856023788
456,85755.1,85777.9,85710.1,85727.9,4033.0,23.729022979736328,-6.239699363708496,-6.237212181091309,29.968722343444824,0.0024871826171875,29.966235160827637
457,85714.0,85727.9,85639.6,85686.6,4296.0,47.460453033447266,-4.622255802154541,-4.616564750671387,52.08270883560181,0.005691051483154297,52.07701778411865
458,85687.3,85687.3,85548.0,85615.8,5345.0,72.70165252685547,-4.896541595458984,-4.8945136070251465,77.59819412231445,0.0020279884338378906,77.59616613388062
459,85613.0,85663.5,85533.1,85663.5,7573.0,96.564208984375,-4.75067663192749,-4.747251033782959,101.31488561630249,0.00342559814453125,101.31146001815796
460,85666.8,85782.0,85618.0,85618.0,8897.0,110.20270538330078,-5.927217960357666,-5.926774024963379,116.12992334365845,0.0004439353942871094,116.12947940826416
461,85621.1,85630.4,85570.6,85627.3,3147.0,115.6905288696289,-5.7356390953063965,-5.737500190734863,121.4261679649353,0.0018610954284667969,121.42802906036377
462,85635.8,85697.5,85627.4,85655.6,3532.0,117.51158142089844,-4.064962387084961,-4.062740802764893,121.5765438079834,0.0022215843200683594,121.57432222366333
463,85652.8,85659.1,85604.3,85659.1,4554.0,125.45954895019531,-2.935338258743286,-2.938610315322876,128.3948872089386,0.0032720565795898438,128.3981592655182
464,85669.4,85729.7,85650.1,85672.0,3026.0,134.05563354492188,-2.036691665649414,-2.038792371749878,136.0923252105713,0.002100706100463867,136.09442591667175
465,85663.3,85706.7,85610.2,85610.2,5217.0,139.82406616210938,-2.52300763130188,-2.524371385574341,142.34707379341125,0.0013637542724609375,142.34843754768372
466,85608.2,85635.8,85570.2,85622.3,3904.0,141.9717254638672,-1.2622556686401367,-1.2646028995513916,143.23398113250732,0.002347230911254883,143.23632836341858
467,85629.1,85700.6,85614.6,85677.6,4544.0,136.41293334960938,-0.2947368323802948,-0.29486608505249023,136.70767018198967,0.00012925267219543457,136.70779943466187
468,85677.6,85714.4,85666.9,85705.9,2819.0,116.85173034667969,0.44180452823638916,0.4418937861919403,116.4099258184433,8.925795555114746e-05,116.40983656048775
469,85705.9,85723.0,85666.1,85666.3,2148.0,87.27398681640625,-0.06646616756916046,-0.06760455667972565,87.34045298397541,0.0011383891105651855,87.34159137308598
470,85666.2,85703.8,85638.3,85682.5,3588.0,61.29563903808594,-0.720601499080658,-0.7182037234306335,62.016240537166595,0.002397775650024414,62.01384276151657
471,85680.5,85730.5,85654.1,85696.0,4799.0,46.186466217041016,-0.4228571355342865,-0.4220864772796631,46.6093233525753,0.0007706582546234131,46.60855269432068
472,85689.5,85709.4,85627.8,85627.8,5447.0,32.09353256225586,-1.9422556161880493,-1.944231629371643,34.03578817844391,0.00197601318359375,34.0377641916275
473,85625.0,85655.8,85555.5,85559.8,4459.0,20.423158645629883,-3.27548885345459,-3.276873826980591,23.698647499084473,0.0013849735260009766,23.700032472610474
474,85564.9,85657.3,85564.9,85618.3,5351.0,22.013233184814453,-3.0240602493286133,-3.0285067558288574,25.037293434143066,0.004446506500244141,25.04173994064331
475,85617.3,85669.2,85602.1,85648.0,2294.0,28.229473114013672,-1.7206015586853027,-1.7224154472351074,29.950074672698975,0.0018138885498046875,29.95188856124878
476,85647.9,85647.9,85543.9,85583.7,4378.0,35.21623992919922,-1.49864661693573,-1.5004171133041382,36.71488654613495,0.0017704963684082031,36.71665704250336
477,85586.0,85586.0,85548.5,85573.6,3724.0,37.7178955078125,-1.855639100074768,-1.857947587966919,39.57353460788727,0.002308487892150879,39.57584309577942
478,85573.0,85629.0,85552.6,85624.7,6905.0,48.469173431396484,-2.432781934738159,-2.433499813079834,50.901955366134644,0.0007178783416748047,50.90267324447632
479,85624.7,85624.7,85566.8,85578.8,4323.0,62.88842010498047,-2.9257142543792725,-2.9250411987304688,65.81413435935974,0.0006730556488037109,65.81346130371094
480,85576.0,85636.0,85562.7,85631.7,6170.0,61.59278106689453,-3.249924898147583,-3.251826763153076,64.84270596504211,0.001901865005493164,64.84460783004761
481,85615.4,85650.7,85588.0,85604.5,5528.0,55.124813079833984,-3.8424060344696045,-3.8410420417785645,58.96721911430359,0.001363992691040039,58.96585512161255
482,85604.4,85608.2,85542.0,85590.6,11641.0,42.16421127319336,-4.148270606994629,-4.147609233856201,46.31248188018799,0.0006613731384277344,46.31182050704956
483,85590.6,85656.1,85501.2,85629.1,8618.0,32.26797103881836,-3.7539849281311035,-3.751168966293335,36.02195596694946,0.0028159618377685547,36.019140005111694
484,85619.6,85666.1,85604.8,85666.1,11701.0,26.1407527923584,-2.5771429538726807,-2.5773849487304688,28.71789574623108,0.00024199485778808594,28.718137741088867
485,85680.0,85762.5,85631.2,85631.2,19912.0,19.446014404296875,-2.872781991958618,-2.8690202236175537,22.318796396255493,0.003761768341064453,22.31503462791443
486,85630.2,85630.2,85558.1,85577.5,8144.0,11.665864944458008,-3.7702255249023438,-3.768468141555786,15.436090469360352,0.0017573833465576172,15.434333086013794
487,85599.6,85620.5,85485.0,85518.3,4472.0,-4.309473514556885,-4.572330951690674,-4.5730791091918945,0.26285743713378906,0.0007481575012207031,0.26360559463500977
488,85520.4,85536.4,85455.1,85462.1,3761.0,-25.886014938354492,-5.496842384338379,-5.494132041931152,20.389172554016113,0.0027103424072265625,20.39188289642334
489,85469.1,85527.2,85457.5,85527.2,5913.0,-39.2198486328125,-5.745563983917236,-5.743838310241699,33.474284648895264,0.0017256736755371094,33.4760103225708
490,85516.7,85541.7,85474.8,85499.5,4240.0,-60.9344367980957,-5.924210548400879,-5.9243011474609375,55.010226249694824,9.059906005859375e-05,55.010135650634766
491,85499.5,85512.8,85477.6,85496.9,3884.0,-83.67729187011719,-5.657744407653809,-5.65358304977417,78.01954746246338,0.004161357879638672,78.02370882034302
492,85496.9,85516.1,85487.7,85516.1,2319.0,-104.6998519897461,-5.888120174407959,-5.886025428771973,98.81173181533813,0.002094745635986328,98.81382656097412
493,85512.7,85536.2,85505.6,85509.6,2976.0,-124.79729461669922,-7.119999885559082,-7.117046356201172,117.67729473114014,0.0029535293579101562,117.68024826049805
494,85514.9,85535.1,85438.1,85513.3,7962.0,-134.83128356933594,-7.296842098236084,-7.296111583709717,127.53444147109985,0.0007305145263671875,127.53517198562622
495,85521.4,85528.7,85482.0,85504.2,7172.0,-132.97714233398438,-6.981353282928467,-6.978195667266846,125.99578905105591,0.0031576156616210938,125.99894666671753
496,85504.1,85504.1,85387.9,85458.0,18297.0,-125.67308044433594,-8.117895126342773,-8.119301795959473,117.55518531799316,0.0014066696166992188,117.55377864837646
497,85447.9,85491.8,85408.0,85417.6,5314.0,-117.48541259765625,-9.80932331085205,-9.808000564575195,107.6760892868042,0.0013227462768554688,107.67741203308105
498,85429.0,85483.7,85403.2,85461.9,2438.0,-99.1272201538086,-9.823458671569824,-9.822433471679688,89.30376148223877,0.0010251998901367188,89.3047866821289
499,85461.9,85513.3,85409.2,85414.0,2979.0,-70.94586181640625,-11.00180435180664,-11.001145362854004,59.94405746459961,0.0006589889526367188,59.944716453552246
500,85408.2,85408.2,85161.3,85164.3,39030.0,-54.07188034057617,-14.663458824157715,-14.66386890411377,39.40842151641846,0.0004100799560546875,39.4080114364624
501,85160.1,85331.3,85155.4,85173.1,30477.0,-31.531429290771484,-17.930225372314453,-17.927467346191406,13.601203918457031,0.002758026123046875,13.603961944580078
502,85168.9,85258.7,85168.9,85220.2,7878.0,-0.8959398865699768,-20.08812141418457,-20.08891487121582,19.192181527614594,0.00079345703125,19.192974984645844
503,85235.2,85317.8,85183.1,85287.0,7815.0,29.6186466217041,-20.129323959350586,-20.13123893737793,49.74797058105469,0.00191497802734375,49.74988555908203
504,85289.0,85333.4,85262.8,85309.2,6174.0,60.920902252197266,-18.75879669189453,-18.75772476196289,79.6796989440918,0.001071929931640625,79.67862701416016
505,85313.5,85363.1,85289.8,85333.1,5400.0,93.3819580078125,-17.057443618774414,-17.05714225769043,110.43940162658691,0.000301361083984375,110.43910026550293
506,85333.0,85333.0,85271.7,85271.7,2489.0,120.59007263183594,-16.635488510131836,-16.633352279663086,137.22556114196777,0.00213623046875,137.22342491149902
507,85271.8,85323.1,85250.0,85312.8,4338.0,139.74887084960938,-16.09864616394043,-16.097450256347656,155.8475170135498,0.0011959075927734375,155.84632110595703
508,85314.8,85351.5,85282.4,85288.7,2753.0,151.05804443359375,-16.486616134643555,-16.48401641845703,167.5446605682373,0.0025997161865234375,167.54206085205078
509,85294.6,85294.6,85197.3,85197.3,11465.0,161.43759155273438,-16.886014938354492,-16.887718200683594,178.32360649108887,0.0017032623291015625,178.32530975341797
510,85208.0,85302.4,85180.7,85225.4,21586.0,164.89804077148438,-16.831579208374023,-16.83128547668457,181.7296199798584,0.000293731689453125,181.72932624816895
511,85233.8,85245.6,85111.1,85164.5,18436.0,164.45022583007812,-17.274585723876953,-17.273725509643555,181.72481155395508,0.0008602142333984375,181.72395133972168
512,85156.0,85156.0,84600.0,84823.2,231593.0,158.6604461669922,-21.78977394104004,-21.788780212402344,180.45022010803223,0.0009937286376953125,180.44922637939453
513,84823.2,84845.1,83173.2,83177.4,590196.0,152.7100830078125,-48.87729263305664,-48.87601089477539,201.58737564086914,0.00128173828125,201.5860939025879
514,83177.4,83627.0,81277.3,83373.4,754291.0,138.58375549316406,-69.59669494628906,-69.59782409667969,208.18045043945312,0.001129150390625,208.18157958984375
515,83371.8,83867.6,83225.0,83770.1,179103.0,119.62316131591797,-81.57774353027344,-81.57814025878906,201.2009048461914,0.000396728515625,201.20130157470703
516,83761.6,83783.0,83156.9,83492.3,111964.0,93.99067687988281,-95.64812469482422,-95.64894104003906,189.63880157470703,0.00081634521484375,189.63961791992188
517,83492.3,84050.5,83441.5,83955.1,58244.0,61.3145866394043,-100.79067993164062,-100.79017639160156,162.10526657104492,0.0005035400390625,162.10476303100586
518,83955.3,84024.7,83683.2,83978.0,66531.0,24.46526336669922,-102.70315551757812,-102.70561981201172,127.16841888427734,0.00246429443359375,127.17088317871094
519,83986.2,84147.0,83954.7,84055.5,37277.0,-9.768721580505371,-102.03609466552734,-102.03878784179688,92.26737308502197,0.00269317626953125,92.2700662612915
520,84058.4,84486.0,83945.4,84261.5,47252.0,-46.26225662231445,-100.32781982421875,-100.32891845703125,54.0655632019043,0.0010986328125,54.0666618347168
521,84261.4,84480.4,84261.4,84371.1,38379.0,-70.05864715576172,-95.55308532714844,-95.55670166015625,25.49443817138672,0.0036163330078125,25.49805450439453
522,84371.2,84436.2,84079.0,84251.8,25485.0,-79.46135711669922,-90.53955078125,-90.53911590576172,11.078193664550781,0.00043487548828125,11.0777587890625
523,84251.8,84439.8,84130.6,84414.2,33484.0,-81.6348876953125,-80.68962860107422,-80.69049835205078,0.9452590942382812,0.0008697509765625,0.9443893432617188
524,84413.2,84460.5,84326.4,84340.9,25856.0,-83.67789459228516,-70.224365234375,-70.22604370117188,13.453529357910156,0.001678466796875,13.451850891113281
525,84340.9,84366.2,84005.9,84104.9,21710.0,-69.31909942626953,-61.300750732421875,-61.29957580566406,8.018348693847656,0.0011749267578125,8.019523620605469
526,84104.8,84108.3,83916.0,83972.3,26099.0,-59.56511306762695,-53.39007568359375,-53.38994216918945,6.175037384033203,0.000133514404296875,6.1751708984375
527,83972.3,84125.8,83823.2,84004.7,42567.0,-49.89323425292969,-42.41774368286133,-42.414520263671875,7.475490570068359,0.003223419189453125,7.4787139892578125
528,84000.4,84076.4,83764.7,83946.5,24317.0,-39.350677490234375,-30.683910369873047,-30.683940887451172,8.666767120361328,3.0517578125e-05,8.666736602783203
529,83948.4,83962.7,83800.6,83923.2,12939.0,-31.670677185058594,-18.713382720947266,-18.711078643798828,12.957294464111328,0.0023040771484375,12.959598541259766
530,83923.3,84363.1,83896.8,84276.2,35765.0,-19.153684616088867,0.6634586453437805,0.6642798185348511,19.817143261432648,0.0008211731910705566,19.81796443462372
531,84271.9,84271.9,84119.9,84125.6,8578.0,-6.30255651473999,18.352781295776367,18.353994369506836,24.655337810516357,0.00121307373046875,24.656550884246826
532,84125.6,84214.1,84125.6,84201.1,7444.0,9.734737396240234,33.2938346862793,33.29563522338867,23.559097290039062,0.001800537109375,23.560897827148438
533,84206.6,84230.6,83950.7,84025.7,13118.0,27.309473037719727,20.67548942565918,20.680686950683594,6.633983612060547,0.0051975250244140625,6.628786087036133
534,84025.6,84046.8,83888.0,83892.8,13711.0,39.277896881103516,7.98466157913208,7.986166477203369,31.293235301971436,0.0015048980712890625,31.291730403900146
535,83892.9,83942.0,83773.1,83924.9,18049.0,52.59037780761719,1.2315789461135864,1.2329241037368774,51.3587988615036,0.0013451576232910156,51.35745370388031
536,83930.0,84106.7,83911.3,84093.5,17280.0,57.049625396728516,-7.732330799102783,-7.730891704559326,64.7819561958313,0.0014390945434570312,64.78051710128784
537,84093.5,84106.8,83890.5,83890.5,12428.0,48.33383560180664,-13.190376281738281,-13.191329956054688,61.52421188354492,0.00095367431640625,61.52516555786133
538,83890.5,84011.9,83836.9,84000.0,12719.0,33.85955047607422,-16.629474639892578,-16.628782272338867,50.4890251159668,0.0006923675537109375,50.488332748413086
539,83999.9,84104.6,83965.8,84031.3,23635.0,13.534436225891113,-18.4273681640625,-18.42853546142578,31.961804389953613,0.00116729736328125,31.962971687316895
540,84027.0,84062.7,83935.3,83956.4,10085.0,-5.166316032409668,-18.00691795349121,-18.009239196777344,12.840601921081543,0.0023212432861328125,12.842923164367676
541,83954.4,84113.1,83954.4,84077.6,8905.0,-21.683609008789062,-13.668871879577637,-13.669119834899902,8.014737129211426,0.000247955322265625,8.01448917388916
542,84071.4,84106.1,83906.4,83943.9,8605.0,-29.893234252929688,-12.67819595336914,-12.681449890136719,17.215038299560547,0.003253936767578125,17.21178436279297
543,83943.9,83977.6,83786.0,83829.0,14854.0,-39.20000076293945,-10.308270454406738,-10.307870864868164,28.891730308532715,0.00039958953857421875,28.89212989807129
544,83828.9,83834.2,83682.8,83769.5,25721.0,-50.45774459838867,-9.059849739074707,-9.06173038482666,41.397894859313965,0.001880645751953125,41.39601421356201
545,83753.6,84164.5,83737.6,84164.5,19937.0,-54.87187957763672,-5.039398670196533,-5.039802551269531,49.832480907440186,0.0004038810729980469,49.83207702636719
546,84166.5,84403.6,84152.8,84233.0,27365.0,-59.26195526123047,-2.2225563526153564,-2.2226386070251465,57.03939890861511,8.225440979003906e-05,57.03931665420532
547,84222.5,84290.3,84123.7,84247.0,19768.0,-58.70075225830078,0.9151879549026489,0.9141682386398315,59.61594021320343,0.0010197162628173828,59.61492049694061
548,84248.0,84306.9,84207.2,84235.9,8087.0,-55.239097595214844,2.609624147415161,2.6090283393859863,57.848721742630005,0.0005958080291748047,57.84812593460083
549,84229.8,84299.8,84133.2,84277.6,6664.0,-47.60120391845703,4.092932224273682,4.096616744995117,51.69413614273071,0.003684520721435547,51.69782066345215
550,84276.6,84300.0,84145.9,84204.3,6741.0,-41.31398391723633,9.578346252441406,9.577749252319336,50.892330169677734,0.0005970001220703125,50.891733169555664
551,84197.3,84496.8,84197.3,84421.5,10103.0,-31.38917350769043,15.89233112335205,15.891993522644043,47.28150463104248,0.0003376007080078125,47.28116703033447
552,84412.1,84619.0,84398.1,84521.6,14509.0,-18.748571395874023,24.385263442993164,24.383405685424805,43.13383483886719,0.001857757568359375,43.13197708129883
553,84521.1,84690.3,84521.1,84637.8,8961.0,-5.647518634796143,31.28451156616211,31.28334617614746,36.93203020095825,0.0011653900146484375,36.9308648109436
554,84628.4,84635.7,84452.7,84481.3,14046.0,6.007217884063721,32.931427001953125,32.928611755371094,26.924209117889404,0.00281524658203125,26.921393871307373
555,84493.9,84667.9,84477.9,84667.9,7251.0,19.582555770874023,36.86255645751953,36.86151885986328,17.280000686645508,0.00103759765625,17.278963088989258
556,84675.9,84698.7,84520.8,84541.7,10289.0,33.77413558959961,40.539249420166016,40.53647232055664,6.765113830566406,0.002777099609375,6.762336730957031
557,84550.2,84617.9,84520.8,84568.8,10589.0,45.12030029296875,40.72150421142578,40.7192268371582,4.398796081542969,0.002277374267578125,4.401073455810547
558,84573.0,84583.0,84431.4,84437.8,19801.0,54.09834671020508,39.7419548034668,39.739501953125,14.356391906738281,0.002452850341796875,14.358844757080078
559,84437.8,84500.3,84329.1,84345.4,20059.0,64.162109375,37.2787971496582,37.2756233215332,26.883312225341797,0.003173828125,26.886486053466797
560,84345.5,84547.8,84322.4,84523.8,12934.0,76.31759643554688,35.709774017333984,35.705352783203125,40.60782241821289,0.004421234130859375,40.61224365234375
561,84512.0,84575.5,84351.8,84454.9,17389.0,80.14826965332031,34.21263122558594,34.21131896972656,45.935638427734375,0.001312255859375,45.93695068359375
562,84463.3,84559.9,84418.1,84488.0,6071.0,87.00150299072266,30.512481689453125,30.511701583862305,56.48902130126953,0.0007801055908203125,56.48980140686035
563,84483.7,84575.3,84410.1,84568.3,16707.0,85.5338363647461,25.33233070373535,25.326797485351562,60.20150566101074,0.0055332183837890625,60.20703887939453
564,84566.0,84633.5,84500.0,84500.1,6184.0,83.51398468017578,17.119098663330078,17.11647605895996,66.3948860168457,0.0026226043701171875,66.39750862121582
565,84505.0,84508.1,84367.5,84380.3,5297.0,74.39939880371094,12.335338592529297,12.332853317260742,62.06406021118164,0.0024852752685546875,62.066545486450195
566,84380.2,84382.3,84259.6,84263.9,13940.0,61.580753326416016,6.6445112228393555,6.643467903137207,54.93624210357666,0.0010433197021484375,54.93728542327881
567,84267.2,84388.4,84245.3,84335.2,13017.0,54.37473678588867,2.148571491241455,2.1473097801208496,52.22616529464722,0.0012617111206054688,52.22742700576782
568,84333.1,84359.2,84254.9,84281.2,5456.0,44.42797088623047,-3.4258646965026855,-3.42820143699646,47.853835582733154,0.002336740493774414,47.85617232322693
569,84299.1,84302.4,84183.8,84222.4,6337.0,37.7503776550293,-9.253232955932617,-9.253436088562012,47.003610610961914,0.00020313262939453125,47.00381374359131
570,84218.2,84288.9,84185.7,84259.6,17105.0,23.438196182250977,-15.625263214111328,-15.621628761291504,39.063459396362305,0.0036344528198242188,39.05982494354248
571,84256.1,84401.5,84256.1,84368.0,3991.0,11.77503776550293,-17.094736099243164,-17.094913482666016,28.869773864746094,0.0001773834228515625,28.869951248168945
572,84356.6,84422.5,84348.0,84416.0,3753.0,0.1371428519487381,-16.226165771484375,-16.221481323242188,16.363308623433113,0.0046844482421875,16.358624175190926
573,84412.6,84423.2,84229.5,84233.8,7003.0,-12.602105140686035,-15.957895278930664,-15.957489013671875,3.355790138244629,0.0004062652587890625,3.35538387298584
574,84241.4,84258.3,84025.8,84087.2,20531.0,-25.85202980041504,-19.652631759643555,-19.651227951049805,6.199398040771484,0.00140380859375,6.200801849365234
575,84092.5,84117.3,83974.2,84081.9,12807.0,-39.52180480957031,-19.882707595825195,-19.881784439086914,19.639097213745117,0.00092315673828125,19.6400203704834
576,84074.3,84074.3,83921.5,83966.6,11815.0,-0.9425563812255859,-22.87458610534668,-22.87079429626465,21.932029724121094,0.00379180908203125,21.928237915039062
577,83961.5,84018.2,83932.4,83996.5,7262.0,31.452030181884766,-24.14015007019043,-24.140073776245117,55.592180252075195,7.62939453125e-05,55.59210395812988
578,83990.5,84098.4,83954.6,84026.7,16272.0,60.20030212402344,-26.187368392944336,-26.18570327758789,86.38767051696777,0.0016651153564453125,86.38600540161133
579,84031.0,84091.9,83981.0,83997.6,4046.0,87.9903793334961,-29.486616134643555,-29.48780632019043,117.47699546813965,0.001190185546875,117.47818565368652
580,83996.6,83996.6,83856.6,83871.3,10885.0,111.4499282836914,-31.255338668823242,-31.254440307617188,142.70526695251465,0.0008983612060546875,142.7043685913086
581,83862.0,83979.0,83819.5,83926.6,18306.0,130.54225158691406,-32.342254638671875,-32.337677001953125,162.88450622558594,0.00457763671875,162.8799285888672
582,83926.6,83954.9,83751.1,83780.1,10925.0,147.08180236816406,-34.196693420410156,-34.19668197631836,181.27849578857422,1.1444091796875e-05,181.27848434448242
583,83780.9,83881.9,83754.6,83777.5,17305.0,152.6294708251953,-33.76120376586914,-33.760498046875,186.39067459106445,0.000705718994140625,186.3899688720703
584,83779.5,83873.5,83750.0,83805.9,31807.0,161.8661651611328,-32.807518005371094,-32.80622100830078,194.6736831665039,0.0012969970703125,194.6723861694336
585,83796.8,83874.7,83724.6,83741.9,29439.0,165.66737365722656,-33.612632751464844,-33.61396789550781,199.2800064086914,0.00133514404296875,199.28134155273438
586,83742.0,83828.0,83732.8,83768.1,8394.0,161.605712890625,-34.923309326171875,-34.92525863647461,196.52902221679688,0.001949310302734375,196.5309715270996
587,83770.4,83983.2,83770.4,83963.1,9143.0,154.2998504638672,-31.579849243164062,-31.579410552978516,185.87969970703125,0.000438690185546875,185.8792610168457
588,83963.1,83990.8,83844.3,83872.8,6328.0,146.09413146972656,-29.819849014282227,-29.81671142578125,175.9139804840088,0.0031375885009765625,175.9108428955078
589,83864.7,83890.0,83728.7,83728.7,8651.0,136.10406494140625,-30.42706871032715,-30.426843643188477,166.5311336517334,0.000225067138671875,166.53090858459473
590,83724.6,83753.9,83626.6,83653.1,15237.0,118.36450958251953,-30.786466598510742,-30.787181854248047,149.15097618103027,0.0007152557373046875,149.15169143676758
591,83675.5,83764.3,83633.8,83699.0,17326.0,101.03699493408203,-27.867969512939453,-27.868244171142578,128.90496444702148,0.000274658203125,128.9052391052246
592,83691.8,83697.5,83576.0,83692.0,14180.0,75.9395523071289,-23.28631591796875,-23.285396575927734,99.22586822509766,0.000919342041015625,99.22494888305664
593,83700.4,83828.0,83700.4,83768.1,20744.0,48.27428436279297,-19.402706146240234,-19.403553009033203,67.6769905090332,0.00084686279296875,67.67783737182617
594,83774.0,83820.8,83635.4,83701.0,9920.0,13.284811973571777,-18.094736099243164,-18.094648361206055,31.37954807281494,8.7738037109375e-05,31.379460334777832
595,83695.9,83786.6,83679.7,83783.8,10010.0,-21.597593307495117,-15.106766700744629,-15.10593318939209,6.490826606750488,0.0008335113525390625,6.491660118103027
596,83788.0,83862.9,83781.0,83817.1,13303.0,-9.268571853637695,-13.014737129211426,-13.013639450073242,3.7461652755737305,0.0010976791381835938,3.745067596435547
597,83817.2,83858.6,83785.7,83799.7,6080.0,0.3494736850261688,-10.474286079406738,-10.473002433776855,10.823759764432907,0.0012836456298828125,10.822476118803024
598,83799.7,83824.4,83707.4,83715.0,7485.0,9.362707138061523,-8.370526313781738,-8.369584083557129,17.73323345184326,0.000942230224609375,17.732291221618652
599,83715.0,83733.2,83636.1,83636.1,6127.0,17.344661712646484,-7.386165618896484,-7.384057998657227,24.73082733154297,0.0021076202392578125,24.72871971130371
600,83636.1,83795.2,83636.1,83779.9,4312.0,21.602706909179688,-5.794586658477783,-5.794965744018555,27.39729356765747,0.0003790855407714844,27.397672653198242
601,83786.9,83894.1,83751.7,83868.9,21353.0,26.625864028930664,-1.9227068424224854,-1.9237723350524902,28.54857087135315,0.0010654926300048828,28.549636363983154
602,83864.7,83915.9,83809.1,83887.5,8606.0,29.481504440307617,-0.012631579302251339,-0.013228383846580982,29.49413601960987,0.0005968045443296432,29.494732824154198
603,83887.4,83939.8,83877.6,83920.3,3860.0,23.4688720703125,2.163609027862549,2.1632635593414307,21.30526304244995,0.00034546852111816406,21.30560851097107
604,83924.6,83989.8,83863.2,83921.5,6033.0,23.81744384765625,4.588270664215088,4.590607166290283,19.229173183441162,0.0023365020751953125,19.226836681365967
605,83922.5,83976.3,83825.6,83833.7,6568.0,21.549774169921875,4.579247951507568,4.579346656799316,16.970526218414307,9.870529174804688e-05,16.97042751312256
606,83833.7,83873.5,83730.9,83853.3,9538.0,13.871879577636719,5.124210357666016,5.123678207397461,8.747669219970703,0.0005321502685546875,8.748201370239258
607,83863.5,83867.6,83690.1,83711.3,9399.0,2.789172887802124,6.590375900268555,6.590272426605225,3.8012030124664307,0.00010347366333007812,3.8010995388031006
608,83705.2,83764.7,83688.8,83724.5,6364.0,-1.4033082723617554,7.198797225952148,7.198273181915283,8.602105498313904,0.0005240440368652344,8.601581454277039
609,83722.3,83730.0,83650.2,83656.4,5595.0,-3.7206015586853027,4.784360885620117,4.7812323570251465,8.50496244430542,0.003128528594970703,8.50183391571045
610,83652.4,83737.5,83580.0,83737.5,9843.0,-8.153082847595215,2.4390978813171387,2.437805414199829,10.592180728912354,0.0012924671173095703,10.590888261795044
611,83749.4,83902.4,83749.4,83829.3,23824.0,-7.104962348937988,2.0063157081604004,2.0035595893859863,9.111278057098389,0.0027561187744140625,9.108521938323975
612,83840.7,83880.9,83738.1,83790.5,7625.0,-12.734135627746582,0.7115789651870728,0.7086113691329956,13.445714592933655,0.0029675960540771484,13.442746996879578
613,83782.5,83786.6,83653.4,83706.2,9009.0,-17.049924850463867,-0.7362406253814697,-0.7370947003364563,16.313684225082397,0.0008540749549865723,16.31283015012741
614,83693.7,83716.8,83686.1,83706.8,4030.0,-28.879098892211914,-3.140751838684082,-3.1407365798950195,25.738347053527832,1.52587890625e-05,25.738362312316895
615,83703.1,83773.7,83700.3,83723.0,4499.0,-37.91789627075195,-4.016541481018066,-4.014303207397461,33.90135478973389,0.0022382736206054688,33.90359306335449
616,83728.8,83766.6,83605.2,83614.7,5211.0,-40.616844177246094,-5.817744255065918,-5.817680835723877,34.799099922180176,6.341934204101562e-05,34.79916334152222
617,83619.8,83712.5,83605.4,83707.3,5081.0,-42.91218185424805,-6.2667670249938965,-6.268644332885742,36.64541482925415,0.0018773078918457031,36.643537521362305
618,83707.2,83715.0,83605.6,83625.1,5532.0,-46.96150588989258,-9.091729164123535,-9.092287063598633,37.86977672576904,0.0005578994750976562,37.869218826293945
619,83632.5,83681.5,83608.1,83633.7,2527.0,-50.73564147949219,-12.905564308166504,-12.903630256652832,37.830077171325684,0.001934051513671875,37.832011222839355
620,83641.5,83675.1,83404.8,83509.7,28966.0,-55.270076751708984,-16.210826873779297,-16.212318420410156,39.05924987792969,0.001491546630859375,39.05775833129883
621,83511.7,83610.5,83364.6,83364.7,13554.0,-58.50917434692383,-19.782556533813477,-19.78086280822754,38.72661781311035,0.0016937255859375,38.72831153869629
622,83363.6,83493.4,83313.0,83425.7,7002.0,-67.91067504882812,-21.42827033996582,-21.42608070373535,46.482404708862305,0.00218963623046875,46.48459434509277
623,83425.8,83497.8,83352.9,83358.4,21014.0,-81.09233093261719,-22.820451736450195,-22.820518493652344,58.27187919616699,6.67572021484375e-05,58.271812438964844
624,83361.2,83398.6,83304.6,83324.3,14907.0,-87.38947296142578,-23.83909797668457,-23.838163375854492,63.55037498474121,0.000934600830078125,63.55130958557129
625,83324.3,83355.3,83284.7,83334.3,8920.0,-86.46797180175781,-25.20060157775879,-25.201168060302734,61.26737022399902,0.0005664825439453125,61.26680374145508
626,83346.7,83346.7,83150.8,83181.1,41793.0,-86.7067642211914,-27.69533920288086,-27.69231605529785,59.01142501831055,0.0030231475830078125,59.014448165893555
627,83174.1,83320.8,83146.9,83226.1,12694.0,-90.2406005859375,-30.77413558959961,-30.771892547607422,59.46646499633789,0.0022430419921875,59.46870803833008
628,83218.3,83238.8,83062.5,83062.5,21836.0,-86.70346069335938,-35.250526428222656,-35.250545501708984,51.45293426513672,1.9073486328125e-05,51.45291519165039
629,83058.7,83203.9,83058.7,83076.1,23222.0,-83.00120544433594,-39.614437103271484,-39.61469268798828,43.38676834106445,0.000255584716796875,43.386512756347656
630,83074.2,83231.8,83050.5,83069.4,17291.0,-77.89323425292969,-41.91789627075195,-41.921417236328125,35.975337982177734,0.003520965576171875,35.97181701660156
631,83049.5,83095.4,82865.7,83040.7,43387.0,-67.61563873291016,-42.18135452270508,-42.18398666381836,25.434284210205078,0.00263214111328125,25.431652069091797
632,83036.6,83045.0,82700.0,82806.5,37530.0,-54.79909896850586,-45.22105407714844,-45.21904373168945,9.578044891357422,0.002010345458984375,9.580055236816406
633,82778.9,82940.5,82747.1,82860.2,18664.0,-43.24180603027344,-47.338645935058594,-47.33821487426758,4.096839904785156,0.000431060791015625,4.096408843994141
634,82869.4,82985.0,82860.8,82870.9,23699.0,-36.611427307128906,-48.02616500854492,-48.02304458618164,11.414737701416016,0.00312042236328125,11.411617279052734
635,82871.0,82984.9,82840.1,82974.5,20211.0,-32.620750427246094,-45.71488952636719,-45.71501922607422,13.094139099121094,0.00012969970703125,13.094268798828125
636,82974.5,82985.0,82827.6,82841.9,11346.0,-24.034887313842773,-45.8872184753418,-45.88569259643555,21.852331161499023,0.00152587890625,21.850805282592773
637,82838.6,82953.3,82804.1,82953.3,21336.0,-17.587669372558594,-41.842708587646484,-41.84083557128906,24.25503921508789,0.001873016357421875,24.25316619873047
638,82949.2,82957.2,82736.6,82741.6,11185.0,-12.50857162475586,-40.9876708984375,-40.984188079833984,28.47909927368164,0.003482818603515625,28.475616455078125
639,82737.0,82789.5,82602.4,82686.1,33922.0,-6.286616802215576,-39.45654296875,-39.45600891113281,33.169926166534424,0.0005340576171875,33.169392108917236
640,82686.0,82729.9,82603.4,82682.8,20981.0,-0.06075188145041466,-38.50767135620117,-38.507972717285156,38.44691947475076,0.000301361083984375,38.44722083583474
641,82685.0,82700.0,82518.0,82532.8,19045.0,7.237293243408203,-40.746768951416016,-40.74879455566406,47.98406219482422,0.002025604248046875,47.986087799072266
642,82541.0,82616.6,82480.1,82572.2,18141.0,2.28902268409729,-40.21112823486328,-40.212528228759766,42.50015091896057,0.001399993896484375,42.501550912857056
643,82576.3,82596.8,82478.2,82495.0,14079.0,-5.169022560119629,-40.55368423461914,-40.55841064453125,35.38466167449951,0.004726409912109375,35.38938808441162
644,82495.1,82675.0,82495.1,82648.4,27026.0,-8.780150413513184,-37.95097732543945,-37.9529914855957,29.17082691192627,0.00201416015625,29.17284107208252
645,82648.4,82684.7,82571.7,82624.2,46050.0,-5.304059982299805,-34.51699447631836,-34.5189323425293,29.212934494018555,0.0019378662109375,29.214872360229492
646,82630.4,82670.6,82578.5,82657.8,14204.0,-1.7780451774597168,-31.954286575317383,-31.956026077270508,30.176241397857666,0.001739501953125,30.17798089981079
647,82653.8,82725.3,82600.2,82725.3,12563.0,-0.5587970018386841,-26.932029724121094,-26.931385040283203,26.37323272228241,0.000644683837890625,26.37258803844452
648,82725.3,82757.9,82582.5,82603.3,8666.0,2.127218008041382,-25.47759437561035,-25.479692459106445,27.604812383651733,0.00209808349609375,27.606910467147827
649,82606.3,82607.3,82472.6,82538.4,9220.0,1.2938345670700073,-24.048721313476562,-24.049829483032227,25.34255588054657,0.0011081695556640625,25.343664050102234
650,82546.8,82599.2,82477.9,82514.0,6482.0,2.9651129245758057,-22.263158798217773,-22.265777587890625,25.22827172279358,0.0026187896728515625,25.23089051246643
651,82509.9,82590.9,82500.1,82500.1,18087.0,9.44330883026123,-20.295639038085938,-20.298173904418945,29.738947868347168,0.0025348663330078125,29.741482734680176
652,82500.0,82500.1,82280.0,82280.0,18549.0,18.806615829467773,-24.356992721557617,-24.359886169433594,43.16360855102539,0.0028934478759765625,43.16650199890137
653,82275.9,82344.9,82234.6,82257.7,21916.0,25.736541748046875,-27.10045051574707,-27.100452423095703,52.836992263793945,1.9073486328125e-06,52.83699417114258
654,82248.8,82285.7,82125.3,82149.0,14685.0,31.281204223632812,-30.317594528198242,-30.319032669067383,61.598798751831055,0.001438140869140625,61.600236892700195
655,82144.8,82267.9,82116.5,82208.8,12339.0,33.35187911987305,-29.96090316772461,-29.961994171142578,63.312782287597656,0.00109100341796875,63.313873291015625
656,82210.8,82518.0,82210.8,82497.1,30776.0,32.85955047607422,-26.43067741394043,-26.4285945892334,59.29022789001465,0.00208282470703125,59.28814506530762
657,82497.4,82506.8,82390.0,82453.9,12146.0,31.32270622253418,-21.234285354614258,-21.234968185424805,52.55699157714844,0.000682830810546875,52.557674407958984
658,82453.8,82478.6,82349.3,82387.6,7323.0,30.96180534362793,-19.58135414123535,-19.58002281188965,50.54315948486328,0.001331329345703125,50.54182815551758
659,82385.9,82385.9,82201.4,82217.5,10488.0,29.784963607788086,-20.698345184326172,-20.69908332824707,50.48330879211426,0.0007381439208984375,50.484046936035156
660,82216.4,82231.7,82112.2,82176.2,12266.0,26.353384017944336,-21.755788803100586,-21.755615234375,48.10917282104492,0.0001735687255859375,48.108999252319336
661,82178.3,82200.4,82111.0,82161.7,16371.0,22.241504669189453,-24.626766204833984,-24.62591552734375,46.86827087402344,0.000850677490234375,46.8674201965332
662,82168.0,82261.1,82020.7,82078.6,15816.0,14.119699478149414,-27.506465911865234,-27.503143310546875,41.62616539001465,0.003322601318359375,41.62284278869629
663,82078.5,82089.4,81712.9,81949.0,58374.0,2.8760902881622314,-32.712181091308594,-32.70855712890625,35.588271379470825,0.00362396240234375,35.58464741706848
664,81948.9,81974.5,81786.1,81935.6,25616.0,-5.8189473152160645,-34.86676788330078,-34.862247467041016,29.047820568084717,0.004520416259765625,29.04330015182495
665,81943.5,82391.7,81927.3,82061.4,45415.0,-14.82736873626709,-34.529624938964844,-34.528995513916016,19.702256202697754,0.000629425048828125,19.701626777648926
666,82053.6,82085.5,81905.2,82062.6,16898.0,-22.85654067993164,-32.80571365356445,-32.80180358886719,9.949172973632812,0.003910064697265625,9.945262908935547
667,82058.6,82058.6,81802.1,81872.6,21012.0,-28.848722457885742,-31.830076217651367,-31.82807731628418,2.981353759765625,0.0019989013671875,2.9793548583984375
668,81871.0,82140.3,81859.4,82019.9,32565.0,-32.850826263427734,-29.393985748291016,-29.39417839050293,3.4568405151367188,0.0001926422119140625,3.4566478729248047
669,82012.6,82139.7,82004.9,82080.5,55937.0,-35.51759338378906,-26.24541473388672,-26.24196434020996,9.272178649902344,0.0034503936767578125,9.275629043579102
670,82080.3,82443.9,82070.5,82414.7,20236.0,-38.72721862792969,-18.012331008911133,-18.012088775634766,20.714887619018555,0.0002422332763671875,20.715129852294922
671,82408.7,82428.3,82331.5,82382.7,17538.0,-37.41774368286133,-10.31518840789795,-10.309486389160156,27.10255527496338,0.005702018737792969,27.108257293701172
672,82382.7,82499.9,82309.5,82316.1,21160.0,-36.23338317871094,-6.858646869659424,-6.857084274291992,29.374736309051514,0.0015625953674316406,29.376298904418945
673,82309.4,82329.3,82107.0,82168.8,13391.0,-34.85654067993164,-5.917593955993652,-5.915378093719482,28.93894672393799,0.002215862274169922,28.941162586212158
674,82168.3,82242.3,82082.7,82124.0,23107.0,-32.8372917175293,-7.198195457458496,-7.1962995529174805,25.6390962600708,0.001895904541015625,25.640992164611816
675,82116.1,82140.8,81937.9,81944.2,15948.0,-35.327518463134766,-10.064360618591309,-10.06399154663086,25.263157844543457,0.00036907196044921875,25.263526916503906
676,81936.1,82077.4,81640.3,82072.8,26241.0,-40.38075256347656,-6.144060134887695,-6.144566535949707,34.23669242858887,0.0005064010620117188,34.236186027526855
677,82080.7,82224.5,81960.7,81975.2,13752.0,-40.66255569458008,-3.6646616458892822,-3.6634397506713867,36.997894048690796,0.0012218952178955078,36.99911594390869
678,81956.1,82014.3,81770.3,81877.2,9149.0,-69.10015106201172,-2.9082705974578857,-2.9092633724212646,66.19188046455383,0.0009927749633789062,66.19088768959045
679,81878.3,82077.9,81873.7,82077.8,19767.0,-85.12691497802734,-1.2075188159942627,-1.2077596187591553,83.91939616203308,0.00024080276489257812,83.91915535926819
680,82077.9,82077.9,81864.9,81965.1,12777.0,-93.22586822509766,-1.559699296951294,-1.5581649541854858,91.66616892814636,0.0015343427658081055,91.66770327091217
681,81963.2,82231.1,81947.7,82190.6,22895.0,-106.91548919677734,1.400902271270752,1.4013569355010986,108.3163914680481,0.0004546642303466797,108.31684613227844
682,82190.5,82197.1,81951.4,81964.9,11012.0,-112.1783447265625,-0.22015038132667542,-0.21903783082962036,111.95819434523582,0.0011125504970550537,111.95930689573288
683,81965.9,82024.8,81934.3,81992.6,15824.0,-119.40902709960938,-3.3215038776397705,-3.3190319538116455,116.0875232219696,0.002471923828125,116.08999514579773
684,81992.6,82196.1,81983.0,82196.1,21470.0,-124.4273681640625,-3.7870676517486572,-3.789003849029541,120.64030051231384,0.001936197280883789,120.63836431503296
685,82196.1,82351.9,82149.2,82305.4,16139.0,-122.21202850341797,-1.1049624681472778,-1.1030545234680176,121.10706603527069,0.001907944679260254,121.10897397994995
686,82307.4,82485.7,82241.3,82291.4,17690.0,-114.31939697265625,1.037593960762024,1.0349740982055664,115.35699093341827,0.0026198625564575195,115.35437107086182
687,82304.4,82304.4,82120.1,82120.1,16968.0,-106.73954772949219,-2.617443561553955,-2.6181509494781494,104.12210416793823,0.0007073879241943359,104.12139678001404
688,82124.2,82124.2,81959.6,82019.2,13734.0,-96.89202880859375,-5.761203289031982,-5.759122371673584,91.13082551956177,0.0020809173583984375,91.13290643692017
689,82019.4,82082.3,82007.4,82069.3,5797.0,-86.48090362548828,-7.225564002990723,-7.226556777954102,79.25533962249756,0.0009927749633789062,79.25434684753418
690,82069.3,82289.5,82061.1,82246.1,20921.0,-76.06917572021484,-0.8742856979370117,-0.8744713068008423,75.19489002227783,0.0001856088638305664,75.194704413414
691,82246.0,82377.9,82227.1,82305.4,10687.0,-67.63639068603516,6.073684215545654,6.0729851722717285,73.71007490158081,0.0006990432739257812,73.70937585830688
692,82314.6,82468.4,82299.2,82442.9,8486.0,-60.4655647277832,14.048420906066895,14.049371719360352,74.5139856338501,0.0009508132934570312,74.51493644714355
693,82444.2,82614.8,82395.6,82568.9,11545.0,-50.120601654052734,21.309173583984375,21.309223175048828,71.42977523803711,4.9591064453125e-05,71.42982482910156
694,82550.4,82712.4,82443.3,82443.3,24783.0,-38.60661697387695,25.46796989440918,25.465789794921875,64.07458686828613,0.0021800994873046875,64.07240676879883
695,82446.9,82554.9,82389.0,82530.9,15584.0,-25.89533805847168,27.55458641052246,27.554763793945312,53.44992446899414,0.0001773834228515625,53.45010185241699
696,82532.6,82616.4,82462.8,82558.3,6799.0,-11.682406425476074,31.18586540222168,31.18332290649414,42.868271827697754,0.0025424957275390625,42.865729331970215
697,82555.0,82710.4,82548.8,82690.3,13435.0,3.367518901824951,34.42857360839844,34.42656707763672,31.061054706573486,0.00200653076171875,31.059048175811768
698,82690.3,82866.1,82576.7,82834.2,28655.0,-12.994285583496094,37.10496139526367,37.10292053222656,50.099246978759766,0.002040863037109375,50.097206115722656
699,82840.6,82841.4,82689.9,82740.7,9596.0,-22.711578369140625,40.17383575439453,40.171730041503906,62.885414123535156,0.002105712890625,62.88330841064453
700,82740.8,82922.9,82718.3,82846.4,6538.0,-28.853233337402344,41.97804641723633,41.974220275878906,70.83127975463867,0.003826141357421875,70.82745361328125
701,82846.5,82858.5,82597.3,82629.6,19970.0,-43.75638961791992,42.91458511352539,42.914878845214844,86.67097473144531,0.000293731689453125,86.67126846313477
702,82648.3,82648.3,82571.7,82593.2,6082.0,-59.16902160644531,39.11127853393555,39.11167907714844,98.28030014038086,0.000400543212890625,98.28070068359375
703,82594.4,82612.8,82527.2,82583.8,25629.0,-74.72270965576172,34.66616439819336,34.66669845581055,109.38887405395508,0.0005340576171875,109.38940811157227
704,82583.8,82583.8,82496.2,82543.8,7138.0,-93.11368560791016,31.973834991455078,31.974435806274414,125.08752059936523,0.0006008148193359375,125.08812141418457
705,82552.0,82581.1,82539.7,82574.0,4128.0,-101.39549255371094,30.91669273376465,30.916536331176758,132.3121852874756,0.000156402587890625,132.3120288848877
706,82574.9,82609.7,82444.9,82465.3,7259.0,-107.2508316040039,27.681804656982422,27.680768966674805,134.93263626098633,0.0010356903076171875,134.9316005706787
707,82459.9,82529.5,82450.4,82529.5,10327.0,-109.44601440429688,22.395187377929688,22.395999908447266,131.84120178222656,0.000812530517578125,131.84201431274414
708,82533.6,82570.5,82487.9,82533.6,5208.0,-117.93624114990234,14.961503982543945,14.961054801940918,132.8977451324463,0.00044918060302734375,132.89729595184326
709,82533.6,82570.5,82450.1,82456.7,6170.0,-122.7275161743164,6.445714473724365,6.44498348236084,129.17323064804077,0.0007309913635253906,129.17249965667725
710,82456.2,82456.2,82364.6,82452.6,18068.0,-120.78346252441406,0.07699248194694519,0.07940554618835449,120.86045500636101,0.0024130642414093018,120.86286807060242
711,82452.6,82561.7,82420.9,82557.5,6585.0,-124.79489135742188,-4.159398555755615,-4.161883354187012,120.63549280166626,0.0024847984313964844,120.63300800323486
712,82541.0,82732.5,82508.9,82717.9,24146.0,-126.3347396850586,-4.320601463317871,-4.319813251495361,122.01413822174072,0.0007882118225097656,122.01492643356323
713,82721.6,82750.0,82660.9,82749.9,7956.0,-123.36331176757812,-2.4439098834991455,-2.4446604251861572,120.91940188407898,0.0007505416870117188,120.91865134239197
714,82749.9,82766.4,82699.7,82710.1,5273.0,-113.60301208496094,-3.395789623260498,-3.393397569656372,110.20722246170044,0.0023920536041259766,110.20961451530457
715,82710.1,82807.6,82637.8,82742.8,9795.0,-99.18225860595703,-2.8977444171905518,-2.8930861949920654,96.28451418876648,0.004658222198486328,96.28917241096497
716,82739.3,82766.7,82656.8,82656.8,3375.0,-81.07879638671875,-3.5088722705841064,-3.5073835849761963,77.56992411613464,0.0014886856079101562,77.57141280174255
717,82656.8,82750.3,82638.5,82728.4,4222.0,-64.48541259765625,-1.1609022617340088,-1.162711501121521,63.32451033592224,0.001809239387512207,63.32270109653473
718,82728.4,82778.4,82721.2,82768.0,5202.0,-44.17894744873047,3.9651129245758057,3.9626057147979736,48.144060373306274,0.0025072097778320312,48.14155316352844
719,82762.0,82815.9,82703.3,82710.1,9929.0,-22.272180557250977,6.883308410644531,6.884040355682373,29.155488967895508,0.0007319450378417969,29.15622091293335
720,82713.3,82713.3,82619.2,82675.0,8385.0,-1.3043608665466309,11.022255897521973,11.018914222717285,12.326616764068604,0.0033416748046875,12.323275089263916
721,82681.7,82931.5,82680.7,82931.4,15073.0,18.867969512939453,15.653533935546875,15.651257514953613,3.214435577392578,0.0022764205932617188,3.21671199798584
722,82931.5,82957.8,82852.1,82881.5,10984.0,32.352783203125,18.54496192932129,18.54222297668457,13.807821273803711,0.00273895263671875,13.81056022644043
723,82881.5,82953.2,82841.6,82892.7,11356.0,45.62135314941406,21.011127471923828,21.011184692382812,24.610225677490234,5.7220458984375e-05,24.61016845703125
724,82896.6,82970.3,82870.1,82941.3,6136.0,55.16511154174805,23.08030128479004,23.078243255615234,32.08481025695801,0.0020580291748046875,32.08686828613281
725,82948.1,82995.0,82891.0,82899.2,6327.0,65.32240295410156,24.42375946044922,24.42310905456543,40.898643493652344,0.0006504058837890625,40.89929389953613
726,82907.5,82967.1,82812.0,82829.0,9037.0,69.13052368164062,22.559999465942383,22.559680938720703,46.57052421569824,0.0003185272216796875,46.57084274291992
727,82830.1,83053.8,82812.0,83041.4,15284.0,68.7660140991211,24.197593688964844,24.19732666015625,44.56842041015625,0.00026702880859375,44.568687438964844
728,83053.1,83343.1,83053.1,83295.7,38016.0,55.30526351928711,28.760000228881836,28.762887954711914,26.545263290405273,0.002887725830078125,26.542375564575195
729,83295.6,83351.2,83155.6,83228.5,9452.0,40.58616638183594,30.008420944213867,30.00819969177246,10.57774543762207,0.00022125244140625,10.577966690063477
730,83236.9,83337.0,83236.9,83250.0,7117.0,28.357894897460938,30.334135055541992,30.335296630859375,1.9762401580810547,0.0011615753173828125,1.9774017333984375
731,83241.7,83241.7,83053.5,83127.0,41546.0,12.235188484191895,29.360301971435547,29.36244773864746,17.125113487243652,0.0021457672119140625,17.127259254455566
732,83126.1,83126.1,82951.0,82951.0,14525.0,-3.479398488998413,27.551279067993164,27.55152702331543,31.030677556991577,0.000247955322265625,31.030925512313843
733,82949.5,83037.2,82932.4,83012.9,5621.0,-23.06135368347168,26.781352996826172,26.779605865478516,49.84270668029785,0.00174713134765625,49.840959548950195
734,83002.0,83118.3,82996.0,83095.3,6014.0,-34.45112991333008,26.160602569580078,26.16094398498535,60.611732482910156,0.0003414154052734375,60.61207389831543
735,83082.7,83120.9,83034.1,83045.2,4113.0,-44.15248107910156,24.765113830566406,24.763656616210938,68.91759490966797,0.00145721435546875,68.9161376953125
736,83051.4,83088.2,83015.6,83035.2,3492.0,-69.10225677490234,21.40751838684082,21.410873413085938,90.50977516174316,0.0033550262451171875,90.51313018798828
737,83032.1,83187.9,83032.1,83044.6,6448.0,-93.92691802978516,18.75157928466797,18.75387191772461,112.67849731445312,0.002292633056640625,112.68078994750977
738,83039.7,83053.0,82948.6,82996.0,4963.0,-102.81022644042969,15.5518798828125,15.552355766296387,118.36210632324219,0.00047588348388671875,118.36258220672607
739,82990.0,82990.0,82847.1,82879.6,13056.0,-93.98857116699219,9.42827033996582,9.430962562561035,103.41684150695801,0.0026922225952148438,103.41953372955322
740,82887.9,83055.4,82887.9,83040.6,11412.0,-81.78646850585938,4.800300598144531,4.800446510314941,86.5867691040039,0.00014591217041015625,86.58691501617432
741,83040.5,83168.9,83027.1,83142.4,4509.0,-59.500152587890625,5.1209025382995605,5.122791290283203,64.62105512619019,0.0018887519836425781,64.62294387817383
742,83142.7,83160.0,82995.9,83012.6,5393.0,-34.05293273925781,2.481203079223633,2.485731840133667,36.534135818481445,0.00452876091003418,36.53866457939148
743,83009.1,83240.3,82995.3,83159.1,11862.0,-12.152180671691895,1.9209022521972656,1.9212758541107178,14.07308292388916,0.00037360191345214844,14.073456525802612
744,83159.0,83159.8,83064.3,83065.2,4129.0,11.58165454864502,0.3786466121673584,0.3820841312408447,11.203007936477661,0.003437519073486328,11.199570417404175
745,83073.6,83160.1,83064.0,83128.6,4387.0,37.58556365966797,-1.1028571128845215,-1.1023789644241333,38.68842077255249,0.0004781484603881836,38.6879426240921
746,83128.5,83128.5,83037.6,83053.0,2391.0,65.11187744140625,-5.1209025382995605,-5.12029504776001,70.23277997970581,0.0006074905395507812,70.23217248916626
747,83053.0,83063.7,82969.0,82987.2,1869.0,92.66616821289062,-7.0634589195251465,-7.061348915100098,99.72962713241577,0.002110004425048828,99.72751712799072
748,82988.2,83043.2,82978.0,82978.0,2917.0,110.23819732666016,-5.038496494293213,-5.037041664123535,115.27669382095337,0.0014548301696777344,115.27523899078369
749,82974.1,82974.1,82924.4,82924.4,3108.0,118.27428436279297,-4.362406253814697,-4.3618245124816895,122.63669061660767,0.0005817413330078125,122.63610887527466
750,82924.5,82950.7,82903.5,82903.5,3799.0,122.31729125976562,-3.1921803951263428,-3.188386917114258,125.50947165489197,0.003793478012084961,125.50567817687988
751,82904.4,82943.6,82899.0,82926.2,7938.0,134.70677185058594,-3.1136841773986816,-3.1116716861724854,137.82045602798462,0.002012491226196289,137.81844353675842
752,82926.2,83079.2,82926.2,83079.2,36803.0,146.85745239257812,-3.3296241760253906,-3.3262393474578857,150.18707656860352,0.003384828567504883,150.183691740036
753,83080.0,83114.7,82959.2,82959.2,4886.0,152.80511474609375,-4.475789546966553,-4.470535755157471,157.2809042930603,0.005253791809082031,157.27565050125122
754,82959.1,82959.1,82793.4,82799.5,8111.0,156.45323181152344,-6.516090393066406,-6.514532566070557,162.96932220458984,0.0015578269958496094,162.967764377594
755,82796.0,82827.2,82726.5,82772.8,8515.0,154.79098510742188,-9.289323806762695,-9.286149024963379,164.08030891418457,0.0031747817993164062,164.07713413238525
756,82767.3,82802.8,82747.5,82768.1,6283.0,129.28782653808594,-11.874887466430664,-11.873103141784668,141.1627140045166,0.0017843246459960938,141.1609296798706
757,82768.0,82775.3,82636.8,82680.8,6586.0,98.22797393798828,-15.157593727111816,-15.15721321105957,113.3855676651001,0.00038051605224609375,113.38518714904785
758,82680.8,82707.4,82616.9,82638.7,6030.0,72.1678237915039,-19.262556076049805,-19.262981414794922,91.43037986755371,0.0004253387451171875,91.43080520629883
759,82638.6,82711.8,82618.4,82618.4,6202.0,55.59638977050781,-24.956390380859375,-24.95939826965332,80.55278015136719,0.0030078887939453125,80.55578804016113
760,82618.4,82695.4,82500.1,82521.2,10768.0,39.71729278564453,-29.107669830322266,-29.10942840576172,68.8249626159668,0.001758575439453125,68.82672119140625
761,82501.0,82521.3,82389.9,82470.1,18509.0,27.12120246887207,-31.599098205566406,-31.601110458374023,58.72030067443848,0.0020122528076171875,58.722312927246094
762,82469.3,82485.9,82382.7,82435.8,12156.0,25.50766944885254,-35.62255859375,-35.62131118774414,61.13022804260254,0.001247406005859375,61.12898063659668
763,82432.1,82530.0,82431.9,82509.6,7552.0,29.807519912719727,-35.40721893310547,-35.4066276550293,65.2147388458252,0.000591278076171875,65.21414756774902
764,82509.9,82552.0,82480.8,82524.7,7396.0,34.163307189941406,-35.48270797729492,-35.482120513916016,69.64601516723633,0.00058746337890625,69.64542770385742
765,82510.0,82528.1,82438.2,82443.3,5419.0,31.94045066833496,-34.90375900268555,-34.9067497253418,66.84420967102051,0.00299072265625,66.84720039367676
766,82446.4,82479.7,82381.1,82419.4,2903.0,43.07248306274414,-34.834285736083984,-34.835960388183594,77.90676879882812,0.001674652099609375,77.90844345092773
767,82418.7,82448.0,82284.2,82313.2,6078.0,57.97172927856445,-36.367820739746094,-36.36836242675781,94.33955001831055,0.00054168701171875,94.34009170532227
768,82317.0,82381.8,82257.2,82262.7,8322.0,56.487518310546875,-37.75638961791992,-37.753971099853516,94.2439079284668,0.00241851806640625,94.24148941040039
769,82279.4,82417.8,82229.4,82300.1,9838.0,48.412933349609375,-38.37864685058594,-38.37602233886719,86.79158020019531,0.00262451171875,86.78895568847656
770,82300.1,82375.4,82229.0,82355.8,14190.0,33.68240737915039,-37.594886779785156,-37.59360885620117,71.27729415893555,0.001277923583984375,71.27601623535156
771,82355.8,82385.9,82268.4,82284.7,9506.0,25.424962997436523,-36.64691925048828,-36.644737243652344,62.071882247924805,0.0021820068359375,62.06970024108887
772,82268.2,82405.4,82268.2,82358.9,9579.0,20.34496307373047,-31.254135131835938,-31.25547981262207,51.599098205566406,0.0013446807861328125,51.60044288635254
773,82358.0,82375.9,82200.1,82281.1,6470.0,13.0126314163208,-27.790977478027344,-27.789180755615234,40.803608894348145,0.001796722412109375,40.801812171936035
774,82286.5,82316.1,82221.9,82256.0,18679.0,4.427067756652832,-26.18526268005371,-26.183399200439453,30.612330436706543,0.0018634796142578125,30.610466957092285
775,82272.4,82360.0,82272.4,82308.6,4366.0,-9.299549102783203,-23.43248176574707,-23.430503845214844,14.132932662963867,0.0019779205322265625,14.13095474243164
776,82307.5,82308.5,82208.6,82218.6,9752.0,-29.213834762573242,-21.341053009033203,-21.339420318603516,7.872781753540039,0.0016326904296875,7.874414443969727
777,82217.7,82360.9,82217.7,82360.9,9148.0,-43.21473693847656,-17.76902198791504,-17.767704010009766,25.445714950561523,0.0013179779052734375,25.447032928466797
778,82341.3,82399.0,82309.4,82309.4,4196.0,-62.782257080078125,-15.113985061645508,-15.115290641784668,47.66827201843262,0.0013055801391601562,47.66696643829346
779,82309.4,82353.7,82286.1,82317.2,4291.0,-83.45714569091797,-12.177443504333496,-12.176785469055176,71.27970218658447,0.0006580352783203125,71.2803602218628
780,82313.1,82372.3,82294.0,82306.6,4651.0,-102.7218017578125,-10.473082542419434,-10.47146987915039,92.24871921539307,0.0016126632690429688,92.25033187866211
781,82306.6,82457.7,82278.2,82278.2,9994.0,-123.34014892578125,-9.658044815063477,-9.65600299835205,113.68210411071777,0.0020418167114257812,113.6841459274292
782,82267.6,82387.4,82256.5,82311.2,9736.0,-135.0009002685547,-8.624361038208008,-8.6221923828125,126.37653923034668,0.0021686553955078125,126.37870788574219
783,82316.4,82401.0,82213.3,82361.6,31401.0,-135.24481201171875,-5.516992568969727,-5.515707015991211,129.72781944274902,0.001285552978515625,129.72910499572754
784,82353.3,82353.3,82087.2,82207.2,17951.0,-127.38346099853516,-4.158496379852295,-4.15391206741333,123.22496461868286,0.004584312438964844,123.22954893112183
785,82211.2,82229.2,82094.1,82094.1,10273.0,-121.74917602539062,-5.218045234680176,-5.215771675109863,116.53113079071045,0.0022735595703125,116.53340435028076
786,82094.2,82172.1,82050.7,82089.7,19987.0,-101.07157897949219,-6.196691989898682,-6.192704200744629,94.8748869895935,0.003987789154052734,94.87887477874756
787,82089.6,82200.0,82055.5,82200.0,4604.0,-71.71549224853516,-6.779849529266357,-6.7749528884887695,64.9356427192688,0.004896640777587891,64.94053936004639
788,82200.7,82200.7,81943.8,81995.4,16179.0,-53.119998931884766,-10.907970428466797,-10.907218933105469,42.21202850341797,0.000751495361328125,42.2127799987793
789,82007.8,82099.5,81995.4,82057.6,9907.0,-30.867969512939453,-13.160601615905762,-13.158405303955078,17.70736789703369,0.0021963119506835938,17.709564208984375
790,82057.7,82081.7,81990.1,82015.7,17310.0,-1.1181955337524414,-14.763608932495117,-14.764080047607422,13.645413398742676,0.0004711151123046875,13.64588451385498
791,82013.2,82148.5,82008.1,82120.8,29622.0,31.056541442871094,-15.481203079223633,-15.479528427124023,46.53774452209473,0.001674652099609375,46.53606986999512
792,82124.4,82141.0,82045.5,82052.5,15856.0,62.38105392456055,-15.752781867980957,-15.752666473388672,78.1338357925415,0.00011539459228515625,78.13372039794922
793,82052.5,82270.8,82033.9,82270.7,11670.0,95.59368133544922,-13.675789833068848,-13.676239013671875,109.26947116851807,0.00044918060302734375,109.2699203491211
794,82270.7,82389.6,82160.5,82310.0,34207.0,122.00241088867188,-11.418646812438965,-11.419132232666016,133.42105770111084,0.00048542022705078125,133.4215431213379
795,82309.9,82309.9,82090.1,82120.3,12909.0,141.1951904296875,-11.122105598449707,-11.122720718383789,152.3172960281372,0.0006151199340820312,152.3179111480713
796,82117.5,82181.5,81982.3,82010.3,9110.0,152.89865112304688,-13.534436225891113,-13.535626411437988,166.433087348938,0.001190185546875,166.43427753448486
797,82010.4,82067.1,81956.0,82042.3,8570.0,163.68630981445312,-12.928120613098145,-12.931355476379395,176.61443042755127,0.00323486328125,176.61766529083252
798,82038.6,82061.9,81913.8,81950.5,11482.0,170.05413818359375,-13.972331047058105,-13.972526550292969,184.02646923065186,0.00019550323486328125,184.02666473388672
799,81950.4,82032.4,81945.1,81985.9,7187.0,169.5970001220703,-13.842706680297852,-13.845077514648438,183.43970680236816,0.0023708343505859375,183.44207763671875
800,81973.8,82004.9,81846.1,81851.1,10167.0,166.058349609375,-15.312782287597656,-15.312488555908203,181.37113189697266,0.000293731689453125,181.3708381652832
801,81851.3,81854.3,81416.3,81444.9,69414.0,158.21864318847656,-22.344661712646484,-22.346235275268555,180.56330490112305,0.0015735626220703125,180.56487846374512
802,81444.9,81613.8,81340.6,81551.5,39167.0,143.61924743652344,-26.080602645874023,-26.08296012878418,169.69985008239746,0.00235748291015625,169.70220756530762
803,81548.4,81591.1,80831.4,81134.0,196906.0,123.23759460449219,-33.843910217285156,-33.845794677734375,157.08150482177734,0.00188446044921875,157.08338928222656
804,81149.3,81160.4,80919.0,81101.0,45283.0,95.78736877441406,-42.67218017578125,-42.67190933227539,138.4595489501953,0.000270843505859375,138.45927810668945
805,81100.0,81444.4,81079.6,81328.8,30209.0,61.45744323730469,-48.365413665771484,-48.36613464355469,109.82285690307617,0.000720977783203125,109.82357788085938
806,81323.7,81323.7,81129.8,81140.6,36412.0,23.87969970703125,-55.66857147216797,-55.66748046875,79.54827117919922,0.00109100341796875,79.54718017578125
807,81132.6,81159.4,80952.0,81011.6,32535.0,-9.64571475982666,-61.64360809326172,-61.6429328918457,51.99789333343506,0.000675201416015625,51.99721813201904
808,81011.6,81050.4,80705.1,80725.3,38780.0,-44.74977493286133,-73.15007781982422,-73.15193939208984,28.40030288696289,0.001861572265625,28.402164459228516
809,80723.8,80963.9,80627.5,80945.5,42398.0,-70.64180755615234,-78.62255859375,-78.62310028076172,7.980751037597656,0.00054168701171875,7.981292724609375
810,80957.6,81666.0,80957.6,81466.2,131612.0,-81.17233276367188,-75.64241027832031,-75.6448745727539,5.5299224853515625,0.00246429443359375,5.527458190917969
811,81468.0,81877.6,81274.6,81711.1,61016.0,-81.83789825439453,-66.68120574951172,-66.68240356445312,15.156692504882812,0.00119781494140625,15.155494689941406
812,81711.1,81889.9,81500.2,81605.4,33883.0,-83.38556671142578,-59.69173049926758,-59.692264556884766,23.693836212158203,0.0005340576171875,23.693302154541016
813,81581.0,81707.1,81442.1,81606.9,30371.0,-73.6791000366211,-48.56300735473633,-48.563053131103516,25.116092681884766,4.57763671875e-05,25.116046905517578
814,81602.9,81807.5,81594.8,81700.5,18544.0,-63.41593933105469,-34.47819519042969,-34.477996826171875,28.937744140625,0.0001983642578125,28.937942504882812
815,81704.5,81821.2,81510.1,81821.2,35648.0,-53.4060173034668,-20.748872756958008,-20.747379302978516,32.65714454650879,0.0014934539794921875,32.65863800048828
816,81825.1,82274.0,81710.7,82101.7,46923.0,-43.159698486328125,-4.298947334289551,-4.296698570251465,38.860751152038574,0.0022487640380859375,38.86299991607666
817,82087.6,82581.6,82027.5,82511.1,70274.0,-32.849021911621094,18.36661720275879,18.370342254638672,51.21563911437988,0.0037250518798828125,51.219364166259766
818,82511.3,82866.1,82486.5,82768.0,63226.0,-17.883909225463867,42.550376892089844,42.5529670715332,60.43428611755371,0.002590179443359375,60.43687629699707
819,82767.9,82982.8,82628.3,82982.8,31887.0,-5.351579189300537,69.13172912597656,69.13372039794922,74.4833083152771,0.00199127197265625,74.48529958724976
820,82982.7,82982.7,82657.5,82736.3,19758.0,12.719398498535156,88.56781768798828,88.5655746459961,75.84841918945312,0.0022430419921875,75.84617614746094
821,82745.5,82971.2,82693.7,82878.7,22928.0,32.42375946044922,102.28601837158203,102.28694915771484,69.86225891113281,0.0009307861328125,69.86318969726562
822,82904.5,82908.6,82685.7,82750.9,12906.0,45.92721939086914,113.70917510986328,113.70962524414062,67.78195571899414,0.00045013427734375,67.78240585327148
823,82751.0,82887.6,82565.4,82874.2,24953.0,61.79909896850586,118.49984741210938,118.49809265136719,56.700748443603516,0.0017547607421875,56.69899368286133
824,82874.1,83033.3,82795.5,83002.3,14212.0,63.62345886230469,121.97895050048828,121.97856903076172,58.355491638183594,0.0003814697265625,58.35511016845703
825,83010.6,83427.0,82994.9,83316.3,37958.0,54.23248291015625,130.68421936035156,130.6824493408203,76.45173645019531,0.00177001953125,76.44996643066406
826,83320.1,83419.2,83150.8,83164.4,16894.0,38.79999923706055,131.25775146484375,131.25613403320312,92.4577522277832,0.001617431640625,92.45613479614258
827,83176.3,83300.0,83106.8,83270.4,9931.0,20.561203002929688,128.26556396484375,128.2639617919922,107.70436096191406,0.0016021728515625,107.7027587890625
828,83252.6,83322.0,83008.6,83078.5,13767.0,2.133233070373535,114.6141357421875,114.61309051513672,112.48090267181396,0.00104522705078125,112.47985744476318
829,83083.3,83191.8,82976.6,83191.8,11528.0,-15.534135818481445,102.51909637451172,102.51898956298828,118.05323219299316,0.0001068115234375,118.05312538146973
830,83199.9,83528.1,83116.8,83499.9,25737.0,-25.420452117919922,99.67097473144531,99.67007446289062,125.09142684936523,0.0009002685546875,125.09052658081055
831,83493.1,83499.9,83386.6,83496.4,18219.0,-33.29804611206055,97.58466339111328,97.57979583740234,130.88270950317383,0.0048675537109375,130.8778419494629
832,83496.4,83576.6,83367.6,83389.8,14373.0,-44.59579086303711,89.61624145507812,89.61297607421875,134.21203231811523,0.003265380859375,134.20876693725586
833,83386.5,83583.2,83358.5,83565.7,5882.0,-53.46977615356445,81.50105285644531,81.49948120117188,134.97082901000977,0.0015716552734375,134.96925735473633
834,83564.7,83589.1,83495.9,83564.2,9029.0,-59.99398422241211,71.90015411376953,71.89691162109375,131.89413833618164,0.00324249267578125,131.89089584350586
835,83564.2,83567.0,83333.5,83333.5,10150.0,-61.111881256103516,58.1070671081543,58.10185623168945,119.21894836425781,0.00521087646484375,119.21373748779297
836,83333.4,83355.8,83152.8,83179.1,17827.0,-60.14165496826172,44.254737854003906,44.25592803955078,104.39639282226562,0.001190185546875,104.3975830078125
837,83179.1,83306.3,83050.0,83302.2,11455.0,-51.70225524902344,37.01293182373047,37.012630462646484,88.7151870727539,0.000301361083984375,88.71488571166992
838,83311.7,83311.7,83137.3,83240.7,8036.0,-44.65503692626953,31.755489349365234,31.75742530822754,76.41052627563477,0.0019359588623046875,76.41246223449707
839,83228.0,83278.0,83165.3,83272.9,7659.0,-35.07819747924805,29.642406463623047,29.642850875854492,64.7206039428711,0.0004444122314453125,64.72104835510254
840,83268.7,83413.3,83182.0,83400.6,9926.0,-22.53293228149414,25.022254943847656,25.024259567260742,47.5551872253418,0.0020046234130859375,47.55719184875488
841,83409.0,83420.5,83156.7,83156.7,9847.0,-7.962406158447266,18.167219161987305,18.170970916748047,26.12962532043457,0.0037517547607421875,26.133377075195312
842,83156.6,83458.2,83136.0,83378.3,9308.0,4.656842231750488,12.049323081970215,12.04729175567627,7.392480850219727,0.0020313262939453125,7.390449523925781
843,83365.8,83487.3,83233.6,83282.3,8245.0,18.799699783325195,5.553985118865967,5.555644989013672,13.245714664459229,0.0016598701477050781,13.244054794311523
844,83286.5,83299.6,83106.7,83237.1,12591.0,32.632179260253906,-0.17443609237670898,-0.17279134690761566,32.806615352630615,0.0016447454690933228,32.80497060716152
845,83228.8,83428.0,83208.2,83400.3,11736.0,45.45172882080078,1.036391019821167,1.034938931465149,44.415337800979614,0.0014520883560180664,44.41678988933563
846,83400.4,83614.9,83355.6,83556.5,9782.0,55.47909927368164,1.9494737386703491,1.949430227279663,53.52962553501129,4.3511390686035156e-05,53.52966904640198
847,83553.5,83566.5,83431.5,83466.6,5087.0,67.27067565917969,2.663759469985962,2.6637158393859863,64.60691618919373,4.363059997558594e-05,64.6069598197937
848,83455.0,83696.9,83436.8,83671.7,14552.0,80.94165802001953,2.9837594032287598,2.983006238937378,77.95789861679077,0.0007531642913818359,77.95865178108215
849,83660.6,83887.3,83660.6,83796.7,25035.0,85.97052764892578,5.981052875518799,5.984874248504639,79.98947477340698,0.0038213729858398438,79.98565340042114
850,83810.9,83866.3,83527.8,83527.8,8582.0,93.93594360351562,9.101353645324707,9.10035228729248,84.83458995819092,0.0010013580322265625,84.83559131622314
851,83508.9,83671.5,83500.1,83644.1,7905.0,93.58165740966797,13.779248237609863,13.780110359191895,79.8024091720581,0.00086212158203125,79.80154705047607
852,83644.0,83704.1,83595.4,83648.1,8093.0,91.47789764404297,16.61172866821289,16.611719131469727,74.86616897583008,9.5367431640625e-06,74.86617851257324
853,83648.2,83792.6,83612.6,83745.6,7432.0,84.25534057617188,23.22466278076172,23.225223541259766,61.030677795410156,0.000560760498046875,61.03011703491211
854,83753.4,83836.6,83745.2,83810.6,14244.0,69.94526672363281,30.470075607299805,30.47309112548828,39.47519111633301,0.0030155181884765625,39.47217559814453
855,83810.6,83911.9,83801.6,83908.4,9001.0,60.363006591796875,35.10496139526367,35.10485076904297,25.258045196533203,0.000110626220703125,25.258155822753906
856,83909.4,83988.6,83880.9,83988.6,11285.0,46.009925842285156,37.57684326171875,37.579994201660156,8.433082580566406,0.00315093994140625,8.429931640625
857,83988.5,84346.8,83980.2,84217.3,20381.0,38.549171447753906,44.047821044921875,44.04862594604492,5.498649597167969,0.000804901123046875,5.499454498291016
858,84217.2,84217.2,84061.1,84092.6,8302.0,23.483007431030273,46.38496398925781,46.388763427734375,22.90195655822754,0.0037994384765625,22.9057559967041
859,84079.8,84182.5,83988.6,84143.9,7843.0,9.992481231689453,48.68782043457031,48.68901062011719,38.69533920288086,0.001190185546875,38.696529388427734
860,84153.3,84185.7,83947.6,84021.0,8177.0,-1.9777443408966064,49.93834686279297,49.940155029296875,51.916091203689575,0.00180816650390625,51.91789937019348
861,84016.8,84163.7,83968.7,84027.8,12205.0,-14.854737281799316,46.50436019897461,46.50444030761719,61.359097480773926,8.0108642578125e-05,61.359177589416504
862,84021.4,84043.1,83807.6,83847.9,9911.0,-29.039098739624023,42.687217712402344,42.68768310546875,71.72631645202637,0.00046539306640625,71.72678184509277
863,83843.7,83856.9,83719.5,83753.7,9225.0,-44.35218048095703,35.30406188964844,35.30331802368164,79.65624237060547,0.000743865966796875,79.65549850463867
864,83753.7,83776.9,83628.0,83628.0,8345.0,-2.117594003677368,24.70075225830078,24.70070457458496,26.81834626197815,4.76837158203125e-05,26.81829857826233
865,83627.2,83704.8,83567.2,83666.8,14747.0,33.60060119628906,16.640300750732422,16.64128303527832,16.96030044555664,0.0009822845458984375,16.959318161010742
866,83673.5,83715.7,83608.1,83699.0,5977.0,65.33173370361328,11.107068061828613,11.107519149780273,54.22466564178467,0.00045108795166015625,54.22421455383301
867,83695.6,83719.0,83549.8,83549.8,3452.0,93.98887634277344,1.8102256059646606,1.808546781539917,92.17865073680878,0.0016788244247436523,92.18032956123352
868,83555.8,83589.6,83380.5,83405.1,40093.0,120.20120239257812,-6.444210529327393,-6.444161415100098,126.64541292190552,4.9114227294921875e-05,126.64536380767822
869,83408.1,83495.8,83404.0,83440.7,9717.0,139.46224975585938,-11.814435958862305,-11.81368637084961,151.27668571472168,0.0007495880126953125,151.27593612670898
870,83428.2,83583.5,83428.2,83571.6,7534.0,158.61233520507812,-19.02345848083496,-19.023784637451172,177.6357936859131,0.0003261566162109375,177.6361198425293
871,83571.5,83598.2,83471.9,83564.6,6870.0,165.892333984375,-24.564512252807617,-24.563364028930664,190.45684623718262,0.001148223876953125,190.45569801330566
872,83564.5,83603.3,83409.2,83445.4,6639.0,175.7425537109375,-31.622556686401367,-31.623138427734375,207.36511039733887,0.0005817413330078125,207.36569213867188
873,83436.3,83466.5,83282.1,83453.4,7506.0,180.390380859375,-36.72090148925781,-36.724334716796875,217.1112823486328,0.0034332275390625,217.11471557617188
874,83452.5,83527.9,83427.1,83512.6,5215.0,176.42466735839844,-39.51519012451172,-39.51405715942383,215.93985748291016,0.001132965087890625,215.93872451782227
875,83516.7,83790.7,83504.2,83747.7,11180.0,168.30857849121094,-36.9551887512207,-36.95289993286133,205.26376724243164,0.002288818359375,205.26147842407227
876,83757.6,83895.3,83741.6,83858.9,10276.0,157.2766876220703,-31.296541213989258,-31.295230865478516,188.57322883605957,0.0013103485107421875,188.57191848754883
877,83860.0,83932.9,83826.0,83932.9,6560.0,146.5672149658203,-20.77413558959961,-20.774394989013672,167.34135055541992,0.0002593994140625,167.34160995483398
878,83940.1,83984.9,83859.6,83950.7,11958.0,127.20451354980469,-11.5437593460083,-11.540413856506348,138.748272895813,0.003345489501953125,138.74492740631104
879,83937.7,83937.7,83837.1,83860.8,7627.0,107.0273666381836,-2.569924831390381,-2.5674753189086914,109.59729146957397,0.002449512481689453,109.59484195709229
880,83860.7,83988.5,83829.5,83944.8,3462.0,80.44842529296875,6.08842134475708,6.090677738189697,74.36000394821167,0.0022563934326171875,74.35774755477905
881,83937.9,84109.1,83936.9,84099.5,15827.0,50.9551887512207,17.180150985717773,17.1807861328125,33.77503776550293,0.0006351470947265625,33.7744026184082
882,84097.6,84195.8,84085.7,84107.1,6837.0,13.435790061950684,25.431278228759766,25.431161880493164,11.995488166809082,0.0001163482666015625,11.99537181854248
883,84141.4,84194.8,84112.1,84128.8,5869.0,-23.63067626953125,32.11759567260742,32.11439895629883,55.74827194213867,0.00319671630859375,55.74507522583008
884,84128.8,84152.8,84085.4,84138.0,5619.0,-10.884210586547852,36.3825569152832,36.38026809692383,47.266767501831055,0.002288818359375,47.26447868347168
885,84144.3,84282.8,84077.0,84253.4,11736.0,-0.6225563883781433,42.145263671875,42.14035415649414,42.76782006025314,0.004909515380859375,42.762910544872284
886,84253.5,84346.9,84108.1,84123.6,12369.0,8.963910102844238,45.673683166503906,45.67256164550781,36.70977306365967,0.00112152099609375,36.708651542663574
887,84123.6,84243.2,84105.0,84183.7,6456.0,15.949172973632812,47.07007598876953,47.069026947021484,31.12090301513672,0.001049041748046875,31.119853973388672
888,84183.7,84407.1,84175.8,84356.4,12382.0,21.096542358398438,47.697444915771484,47.69466018676758,26.600902557373047,0.00278472900390625,26.59811782836914
889,84350.7,84350.7,84034.2,84086.3,10004.0,25.18616485595703,43.59458541870117,43.59331130981445,18.40842056274414,0.00127410888671875,18.407146453857422
890,84076.6,84152.9,84047.1,84143.1,8864.0,28.32781982421875,41.39699172973633,41.399452209472656,13.069171905517578,0.002460479736328125,13.071632385253906
891,84143.0,84386.4,84143.0,84366.4,7931.0,23.593082427978516,41.42466354370117,41.425628662109375,17.831581115722656,0.000965118408203125,17.83254623413086
892,84370.6,84424.5,84153.4,84209.8,9858.0,24.669172286987305,36.127220153808594,36.126773834228516,11.458047866821289,0.000446319580078125,11.457601547241211
893,84209.5,84308.4,84150.1,84244.1,10672.0,22.227970123291016,30.292631149291992,30.294830322265625,8.064661026000977,0.0021991729736328125,8.06686019897461
894,84231.7,84277.4,84197.8,84265.0,4751.0,14.534436225891113,24.507368087768555,24.5071964263916,9.972931861877441,0.000171661376953125,9.972760200500488
895,84269.4,84294.7,84186.8,84188.0,4961.0,3.4784963130950928,20.20150375366211,20.20026397705078,16.723007440567017,0.001239776611328125,16.72176766395569
896,84197.3,84214.2,84110.1,84163.8,8754.0,-1.4012030363082886,16.646015167236328,16.641189575195312,18.047218203544617,0.004825592041015625,18.0423926115036
897,84167.6,84237.4,84125.5,84197.2,7185.0,-4.242105484008789,14.271578788757324,14.269272804260254,18.513684272766113,0.0023059844970703125,18.511378288269043
898,84199.2,84214.4,84134.1,84178.5,4214.0,-9.227067947387695,11.516992568969727,11.513845443725586,20.744060516357422,0.003147125244140625,20.74091339111328
899,84182.8,84243.3,84110.0,84110.1,9177.0,-8.763910293579102,6.01984977722168,6.0191731452941895,14.783760070800781,0.0006766319274902344,14.783083438873291
900,84110.0,84145.0,84000.9,84019.7,11135.0,-14.23488712310791,0.1846616566181183,0.18451598286628723,14.419548779726028,0.0001456737518310547,14.419403105974197
901,84028.0,84028.1,83827.1,83878.1,31049.0,-18.580150604248047,-5.3449625968933105,-5.34298038482666,13.235188007354736,0.0019822120666503906,13.237170219421387
902,83878.0,84009.6,83856.5,83953.2,4463.0,-29.829774856567383,-9.344361305236816,-9.344642639160156,20.485413551330566,0.00028133392333984375,20.485132217407227
903,83953.2,83980.8,83895.1,83918.3,6474.0,-38.651126861572266,-13.270676612854004,-13.270981788635254,25.38045024871826,0.00030517578125,25.38014507293701
904,83914.2,83935.5,83852.8,83852.8,6679.0,-40.25654220581055,-17.67398452758789,-17.67118263244629,22.582557678222656,0.0028018951416015625,22.585359573364258
905,83841.9,83860.5,83741.6,83755.0,7145.0,-42.59879684448242,-21.219850540161133,-21.21752166748047,21.37894630432129,0.0023288726806640625,21.381275177001953
906,83759.2,83974.9,83745.7,83964.7,7273.0,-46.001502990722656,-23.06736946105957,-23.068056106567383,22.934133529663086,0.0006866455078125,22.933446884155273
907,83964.7,84032.4,83898.7,83969.7,9174.0,-49.425865173339844,-23.659849166870117,-23.65924644470215,25.766016006469727,0.00060272216796875,25.766618728637695
908,83969.7,84129.4,83968.1,84078.1,7156.0,-53.566314697265625,-19.65503692626953,-19.65331268310547,33.911277770996094,0.0017242431640625,33.913002014160156
909,84073.9,84201.0,84073.0,84196.5,8198.0,-56.5609016418457,-17.802104949951172,-17.802244186401367,38.75879669189453,0.0001392364501953125,38.758657455444336
910,84201.7,84201.7,84025.3,84045.2,8063.0,-66.46797180175781,-17.380149841308594,-17.38136100769043,49.08782196044922,0.0012111663818359375,49.08661079406738
911,84037.6,84037.8,83930.5,83979.7,5928.0,-79.7621078491211,-14.226165771484375,-14.223237991333008,65.53594207763672,0.0029277801513671875,65.53886985778809
912,83977.9,83988.5,83936.0,83982.1,8969.0,-86.01383209228516,-12.924210548400879,-12.92201042175293,73.08962154388428,0.0022001266479492188,73.09182167053223
913,83979.3,83979.3,83847.1,83847.1,3779.0,-84.8036117553711,-12.669173240661621,-12.665302276611328,72.13443851470947,0.0038709640502929688,72.13830947875977
914,83847.2,83916.9,83827.6,83827.6,7451.0,-85.85112762451172,-11.762706756591797,-11.760197639465332,74.08842086791992,0.0025091171264648438,74.09092998504639
915,83826.8,83826.8,83671.6,83685.5,10288.0,-88.23699188232422,-13.44721794128418,-13.44316291809082,74.78977394104004,0.004055023193359375,74.7938289642334
916,83677.2,83750.0,83586.7,83735.2,11544.0,-85.70767211914062,-14.045714378356934,-14.042598724365234,71.66195774078369,0.0031156539916992188,71.66507339477539
917,83728.8,83728.8,83536.6,83616.9,42094.0,-81.47969818115234,-15.160601615905762,-15.16013240814209,66.31909656524658,0.000469207763671875,66.31956577301025
918,83619.0,83698.3,83610.0,83610.6,4024.0,-77.90706634521484,-15.79488754272461,-15.790295600891113,62.112178802490234,0.004591941833496094,62.11677074432373
919,83608.5,83630.5,83587.0,83611.6,4610.0,-67.71428680419922,-16.635488510131836,-16.632165908813477,51.07879829406738,0.003322601318359375,51.08212089538574
920,83615.8,83753.0,83608.5,83696.0,8401.0,-54.856239318847656,-16.949474334716797,-16.946063995361328,37.90676498413086,0.00341033935546875,37.91017532348633
921,83696.0,83808.4,83672.4,83771.7,8045.0,-44.33684158325195,-17.929624557495117,-17.927532196044922,26.407217025756836,0.0020923614501953125,26.40930938720703
922,83771.9,83797.2,83687.7,83743.3,7048.0,-38.51819610595703,-17.969324111938477,-17.968990325927734,20.548871994018555,0.0003337860107421875,20.549205780029297
923,83749.0,83833.7,83689.7,83817.0,7983.0,-36.16781997680664,-17.1945858001709,-17.193050384521484,18.973234176635742,0.0015354156494140625,18.974769592285156
924,83825.4,83826.3,83705.9,83740.7,7670.0,-26.553083419799805,-18.391578674316406,-18.38895034790039,8.161504745483398,0.002628326416015625,8.164133071899414
925,83740.1,83775.0,83627.8,83677.6,7738.0,-21.156991958618164,-21.86075210571289,-21.861900329589844,0.7037601470947266,0.001148223876953125,0.7049083709716797
926,83666.0,83684.1,83608.1,83608.1,5996.0,-14.76781940460205,-22.900150299072266,-22.900217056274414,8.132330894470215,6.67572021484375e-05,8.132397651672363
927,83608.2,83629.2,83549.2,83576.1,6533.0,-8.161203384399414,-23.783458709716797,-23.780487060546875,15.622255325317383,0.002971649169921875,15.619283676147461
928,83583.8,83622.3,83548.1,83548.2,7330.0,-2.3636090755462646,-22.755489349365234,-22.755868911743164,20.39188027381897,0.0003795623779296875,20.3922598361969
929,83555.1,83706.1,83555.1,83672.0,10687.0,5.692631721496582,-17.297744750976562,-17.29643440246582,22.990376472473145,0.0013103485107421875,22.989066123962402
930,83678.4,84299.9,83579.7,84099.8,48233.0,1.4860150814056396,-7.326014995574951,-7.3257927894592285,8.81203007698059,0.00022220611572265625,8.811807870864868
931,84092.4,84256.8,83848.1,83896.1,20421.0,-6.669774532318115,-1.3846616744995117,-1.381390929222107,5.2851128578186035,0.003270745277404785,5.288383603096008
932,83897.1,84299.9,83792.0,84270.3,17872.0,-7.347970008850098,10.072481155395508,10.072244644165039,17.420451164245605,0.00023651123046875,17.420214653015137
933,84261.5,84293.4,83986.8,84269.2,10392.0,-3.4598495960235596,18.945262908935547,18.945301055908203,22.405112504959106,3.814697265625e-05,22.405150651931763
934,84269.3,84820.2,84269.3,84762.7,44408.0,0.30887219309806824,33.92451095581055,33.925724029541016,33.61563876271248,0.00121307373046875,33.61685183644295
935,84762.7,84900.0,84485.0,84890.9,32741.0,1.6709774732589722,47.08661651611328,47.08762741088867,45.41563904285431,0.001010894775390625,45.4166499376297
936,84890.9,85001.8,84816.5,84976.8,62131.0,3.471278190612793,60.4481201171875,60.448814392089844,56.97684192657471,0.00069427490234375,56.97753620147705
937,84972.3,85140.8,84857.4,84864.4,30059.0,3.2643609046936035,68.4688720703125,68.46927642822266,65.2045111656189,0.00040435791015625,65.20491552352905
938,84860.9,84992.7,84711.4,84800.2,12249.0,4.617443561553955,73.59759521484375,73.59730529785156,68.9801516532898,0.0002899169921875,68.97986173629761
939,84797.1,85040.4,84796.9,84863.8,11989.0,11.057143211364746,77.86165618896484,77.86072540283203,66.8045129776001,0.0009307861328125,66.80358219146729
940,84855.5,85041.6,84700.0,85007.8,10696.0,20.041805267333984,83.6309814453125,83.63089752197266,63.589176177978516,8.392333984375e-05,63.58909225463867
941,85007.8,85267.7,85007.8,85169.7,18893.0,26.366315841674805,90.937744140625,90.93669891357422,64.5714282989502,0.00104522705078125,64.57038307189941
942,85171.3,85279.8,84913.6,85028.8,11743.0,32.15639114379883,93.68240356445312,93.67877960205078,61.5260124206543,0.00362396240234375,61.52238845825195
943,85028.8,85028.8,84774.4,84815.3,17450.0,32.86616516113281,92.60391235351562,92.60151672363281,59.73774719238281,0.0023956298828125,59.7353515625
944,84815.3,84968.6,84772.1,84907.1,9999.0,34.0297737121582,90.13082885742188,90.1298599243164,56.10105514526367,0.00096893310546875,56.1000862121582
945,84917.0,84984.1,84649.0,84660.5,12520.0,31.369625091552734,81.38947296142578,81.38499450683594,50.01984786987305,0.00447845458984375,50.0153694152832
946,84656.3,84699.8,84407.8,84436.5,15972.0,30.43609046936035,66.86856842041016,66.8647232055664,36.432477951049805,0.00384521484375,36.428632736206055
947,84434.9,84539.6,84235.7,84261.3,11651.0,28.12090301513672,48.09443664550781,48.090576171875,19.973533630371094,0.0038604736328125,19.96967315673828
948,84265.7,84645.9,84251.6,84645.8,25414.0,23.25263214111328,33.342254638671875,33.338417053222656,10.089622497558594,0.00383758544921875,10.085784912109375
949,84640.6,84671.3,84374.2,84546.2,8208.0,19.221052169799805,17.467668533325195,17.4676570892334,1.7533836364746094,1.1444091796875e-05,1.7533950805664062
950,84534.6,84682.1,84494.5,84649.9,18914.0,10.626465797424316,8.521503448486328,8.518356323242188,2.1049623489379883,0.003147125244140625,2.108109474182129
951,84650.6,84986.8,84570.9,84893.5,17548.0,-1.7440601587295532,-0.9960902333259583,-0.9943844079971313,0.747969925403595,0.0017058253288269043,0.7496757507324219
952,84893.4,85162.0,84781.0,85125.8,20141.0,-7.726015090942383,-2.7801504135131836,-2.7800986766815186,4.945864677429199,5.173683166503906e-05,4.945916414260864
953,85141.6,85217.2,85078.1,85179.5,8645.0,-17.088420867919922,-5.101954936981201,-5.10236120223999,11.98646593093872,0.0004062652587890625,11.986059665679932
954,85179.5,85427.9,85162.8,85400.7,20955.0,-23.16090202331543,2.1575939655303955,2.158658266067505,25.318495988845825,0.001064300537109375,25.319560289382935
955,85403.5,85488.7,85308.4,85417.0,8141.0,-28.67308235168457,10.716390609741211,10.717228889465332,39.38947296142578,0.0008382797241210938,39.3903112411499
956,85417.0,85417.0,85030.7,85069.6,20538.0,-32.385562896728516,14.876391410827637,14.878125190734863,47.26195430755615,0.0017337799072265625,47.26368808746338
957,85055.6,85190.8,85055.6,85060.6,6663.0,-35.566017150878906,16.993684768676758,16.99618148803711,52.559701919555664,0.0024967193603515625,52.562198638916016
958,85060.1,85154.7,85000.1,85122.8,11759.0,-38.724212646484375,18.69443702697754,18.694089889526367,57.418649673461914,0.000347137451171875,57.41830253601074
959,85122.8,85122.8,84836.1,84836.2,16029.0,-37.418949127197266,16.815338134765625,16.816810607910156,54.23428726196289,0.00147247314453125,54.23575973510742
960,84836.2,85103.4,84806.1,84820.4,13616.0,-35.10676574707031,17.029172897338867,17.0289306640625,52.13593864440918,0.0002422332763671875,52.13569641113281
961,84812.1,84833.6,84582.3,84582.3,12104.0,-34.670677185058594,16.679399490356445,16.677814483642578,51.35007667541504,0.0015850067138671875,51.34849166870117
962,84578.1,84628.0,84460.8,84469.8,16158.0,-32.64180374145508,13.38015079498291,13.378036499023438,46.02195453643799,0.0021142959594726562,46.019840240478516
963,84470.8,84551.8,84329.4,84551.7,10543.0,-35.45503616333008,8.717594146728516,8.71789836883545,44.172630310058594,0.00030422210693359375,44.17293453216553
964,84556.0,84601.9,84415.7,84555.3,7480.0,-37.263458251953125,5.957293510437012,5.955028057098389,43.22075176239014,0.002265453338623047,43.218486309051514
965,84539.0,84713.2,84494.4,84632.7,20191.0,-38.05984878540039,0.9308270812034607,0.9332824349403381,38.99067586660385,0.0024553537368774414,38.99313122034073
966,84632.6,84788.1,84526.3,84670.7,11339.0,-67.44601440429688,-7.0430073738098145,-7.040648460388184,60.40300703048706,0.0023589134216308594,60.40536594390869
967,84670.0,84670.5,84503.8,84520.0,8458.0,-80.34556579589844,-20.28360939025879,-20.28603172302246,60.06195640563965,0.002422332763671875,60.05953407287598
968,84520.1,84558.2,84307.6,84440.3,13741.0,-85.91819763183594,-28.988872528076172,-28.988004684448242,56.929325103759766,0.0008678436279296875,56.930192947387695
969,84440.3,84502.6,84340.4,84454.2,4812.0,-98.18647003173828,-38.75638961791992,-38.75482940673828,59.43008041381836,0.001560211181640625,59.431640625
970,84454.1,84461.6,84317.9,84424.8,8405.0,-104.53443908691406,-47.16511154174805,-47.166099548339844,57.369327545166016,0.000988006591796875,57.36833953857422
971,84424.8,84466.4,84317.9,84428.5,5970.0,-111.44751739501953,-51.340152740478516,-51.33963394165039,60.107364654541016,0.000518798828125,60.10788345336914
972,84428.5,84469.6,84304.4,84328.8,6193.0,-118.27278137207031,-52.56992721557617,-52.57040023803711,65.70285415649414,0.0004730224609375,65.7023811340332
973,84324.6,84341.3,84047.4,84155.2,19509.0,-118.07247924804688,-54.23428726196289,-54.23463821411133,63.838191986083984,0.0003509521484375,63.83784103393555
974,84155.2,84252.7,84064.1,84174.1,6456.0,-109.6102294921875,-50.59398651123047,-50.595924377441406,59.01624298095703,0.0019378662109375,59.014305114746094
975,84174.1,84294.7,84169.0,84187.5,9896.0,-103.48330688476562,-44.66165542602539,-44.66396713256836,58.821651458740234,0.00231170654296875,58.819339752197266
976,84186.0,84243.8,84129.5,84130.9,5068.0,-93.02796936035156,-43.17383575439453,-43.17697525024414,49.85413360595703,0.003139495849609375,49.85099411010742
977,84124.0,84124.0,83836.9,83943.2,13960.0,-84.29955291748047,-43.101051330566406,-43.101863861083984,41.19850158691406,0.000812530517578125,41.197689056396484
978,83943.3,84075.7,83943.3,84063.2,18572.0,-76.41413879394531,-38.64902114868164,-38.6501350402832,37.76511764526367,0.0011138916015625,37.76400375366211
979,84067.1,84202.8,84029.6,84184.1,18730.0,-68.47248077392578,-35.40752029418945,-35.403076171875,33.06496047973633,0.004444122314453125,33.06940460205078
980,84184.6,84201.2,83800.1,83860.5,9955.0,-61.610225677490234,-36.05353546142578,-36.04784393310547,25.556690216064453,0.0056915283203125,25.562381744384766
981,83860.4,83911.7,83750.0,83803.1,9483.0,-53.24300765991211,-39.8306770324707,-39.82862854003906,13.412330627441406,0.002048492431640625,13.414379119873047
982,83803.4,84003.3,83686.4,83926.7,14106.0,-43.23248291015625,-42.450225830078125,-42.448272705078125,0.782257080078125,0.001953125,0.784210205078125
983,83936.7,84116.6,83895.2,84063.1,5934.0,-32.111881256103516,-41.01112747192383,-41.00942611694336,8.899246215820312,0.00170135498046875,8.897544860839844
984,84063.0,84068.0,83884.0,84056.9,11360.0,-18.1945858001709,-38.86827087402344,-38.86771774291992,20.67368507385254,0.000553131103515625,20.673131942749023
985,84058.9,84344.3,84000.1,84130.2,22610.0,-4.994285583496094,-33.70827102661133,-33.70711898803711,28.713985443115234,0.00115203857421875,28.712833404541016
986,84143.8,84143.8,83805.5,83890.7,6890.0,-23.03879737854004,-30.6141357421875,-30.61231231689453,7.575338363647461,0.00182342529296875,7.573514938354492
987,83898.4,83898.4,83725.7,83767.8,7933.0,-30.394285202026367,-30.479999542236328,-30.47989845275879,0.08571434020996094,0.0001010894775390625,0.08561325073242188
988,83769.1,83833.8,83644.4,83698.6,9021.0,-34.14406204223633,-31.468271255493164,-31.463327407836914,2.675790786743164,0.00494384765625,2.680734634399414
989,83698.6,83698.6,83592.7,83631.9,7309.0,-47.9163932800293,-32.06406021118164,-32.064754486083984,15.852333068847656,0.00069427490234375,15.851638793945312
990,83628.6,83711.6,83506.1,83646.8,14344.0,-61.998497009277344,-31.680601119995117,-31.681108474731445,30.317895889282227,0.000507354736328125,30.3173885345459
991,83640.5,83826.1,83518.1,83826.1,13397.0,-76.42826843261719,-27.508270263671875,-27.507572174072266,48.91999816894531,0.000698089599609375,48.92069625854492
992,83826.2,83863.0,83730.3,83806.9,14159.0,-95.190673828125,-24.276090621948242,-24.276762008666992,70.91458320617676,0.00067138671875,70.91391181945801
993,83793.4,83807.0,83529.3,83542.8,39490.0,-103.9696273803711,-26.773534774780273,-26.77497673034668,77.19609260559082,0.00144195556640625,77.19465065002441
994,83541.2,83617.5,83335.1,83363.5,30566.0,-108.8935317993164,-30.612932205200195,-30.615266799926758,78.28059959411621,0.0023345947265625,78.27826499938965
995,83364.5,83410.2,83294.4,83322.6,14210.0,-111.5329360961914,-33.608421325683594,-33.609317779541016,77.92451477050781,0.000896453857421875,77.92361831665039
996,83329.0,83414.6,83195.0,83211.9,12244.0,-115.29653930664062,-37.77654266357422,-37.777950286865234,77.5199966430664,0.001407623291015625,77.51858901977539
997,83211.9,83284.2,83062.6,83228.9,68510.0,-118.64210510253906,-43.28390884399414,-43.28538131713867,75.35819625854492,0.00147247314453125,75.35672378540039
998,83244.1,83284.0,83121.4,83169.0,11905.0,-117.20571899414062,-46.67879867553711,-46.679622650146484,70.52692031860352,0.000823974609375,70.52609634399414
999,83175.6,83183.9,82916.8,82937.8,19501.0,-120.10466003417969,-50.12390899658203,-50.1231803894043,69.98075103759766,0.000728607177734375,69.98147964477539
1000,82925.6,82963.6,82843.7,82875.6,29655.0,-122.05774688720703,-57.69112777709961,-57.69059753417969,64.36661911010742,0.000530242919921875,64.36714935302734
1001,82876.6,83021.4,82870.1,82967.0,8328.0,-119.43729400634766,-63.37623977661133,-63.377559661865234,56.06105422973633,0.00131988525390625,56.05973434448242
1002,82972.2,83028.8,82784.3,82884.9,14024.0,-107.83187866210938,-67.02796936035156,-67.02850341796875,40.80390930175781,0.0005340576171875,40.803375244140625
1003,82870.4,83052.6,82846.0,83030.4,9470.0,-91.47338104248047,-64.87969970703125,-64.88059997558594,26.59368133544922,0.0009002685546875,26.59278106689453
1004,83030.4,83299.0,83030.4,83225.5,16092.0,-74.12601470947266,-58.48842239379883,-58.49053192138672,15.637592315673828,0.002109527587890625,15.635482788085938
1005,83225.5,83375.9,83118.9,83354.1,17205.0,-58.575340270996094,-47.85564041137695,-47.85563278198242,10.71969985961914,7.62939453125e-06,10.719707489013672
1006,83346.1,83366.1,83235.0,83327.7,13563.0,-38.431278228759766,-40.21473693847656,-40.212364196777344,1.7834587097167969,0.00237274169921875,1.7810859680175781
1007,83327.7,83387.0,83234.4,83319.0,10598.0,-17.874286651611328,-33.78616714477539,-33.78743362426758,15.911880493164062,0.0012664794921875,15.91314697265625
1008,83328.2,83367.4,83068.8,83169.0,9307.0,1.5437594652175903,-29.92300796508789,-29.923038482666016,31.46676743030548,3.0517578125e-05,31.466797947883606
1009,83191.0,83333.0,83145.0,83262.0,5816.0,22.745264053344727,-24.987668991088867,-24.98688316345215,47.732933044433594,0.00078582763671875,47.732147216796875
1010,83261.8,83261.8,83098.2,83204.9,7128.0,36.36391067504883,-20.073383331298828,-20.074987411499023,56.437294006347656,0.0016040802001953125,56.43889808654785
1011,83205.8,83210.9,82950.1,83020.0,10240.0,47.63669204711914,-14.308571815490723,-14.308863639831543,61.94526386260986,0.0002918243408203125,61.945555686950684
1012,83010.3,83025.3,82811.0,82841.7,16781.0,56.964813232421875,-10.185263633728027,-10.180862426757812,67.1500768661499,0.004401206970214844,67.14567565917969
1013,82845.8,82866.4,82718.4,82830.3,12697.0,64.41744232177734,-8.932331085205078,-8.934410095214844,73.34977340698242,0.002079010009765625,73.35185241699219
1014,82857.7,83147.1,82857.7,83096.5,12846.0,65.57744598388672,-5.642706871032715,-5.6446309089660645,71.22015285491943,0.0019240379333496094,71.22207689285278
1015,83085.2,83168.2,82984.1,83070.7,10440.0,63.16090393066406,-2.96842098236084,-2.967639684677124,66.1293249130249,0.0007812976837158203,66.12854361534119
1016,83080.9,83200.2,82974.4,83158.8,10932.0,51.5933837890625,-0.4000000059604645,-0.4013157784938812,51.993383795022964,0.001315772533416748,51.99469956755638
1017,83158.9,83160.0,82927.1,82927.1,5971.0,36.77503967285156,-0.798195481300354,-0.7966517806053162,37.57323515415192,0.0015437006950378418,37.57169145345688
1018,82922.4,82988.2,82783.7,82963.5,13592.0,24.206315994262695,-1.162706732749939,-1.163944959640503,25.369022727012634,0.0012382268905639648,25.3702609539032
1019,82965.8,82977.4,82875.1,82922.3,7153.0,7.271578788757324,-5.458646774291992,-5.461407661437988,12.730225563049316,0.0027608871459960938,12.732986450195312
1020,82922.3,83030.4,82889.2,82941.3,11976.0,-7.751879692077637,-10.445113182067871,-10.44616413116455,2.6932334899902344,0.0010509490966796875,2.694284439086914
1021,82950.1,83099.9,82902.3,83002.0,9003.0,-28.13052749633789,-13.217744827270508,-13.219389915466309,14.912782669067383,0.0016450881958007812,14.911137580871582
1022,82996.5,83020.0,82769.9,82843.9,19729.0,-35.87097930908203,-19.599098205566406,-19.600181579589844,16.271881103515625,0.0010833740234375,16.270797729492188
1023,82843.8,82883.9,82707.7,82783.4,17817.0,-43.5428581237793,-24.483007431030273,-24.486236572265625,19.059850692749023,0.0032291412353515625,19.056621551513672
1024,82762.5,82762.5,82445.9,82450.1,38999.0,-65.50857543945312,-30.681804656982422,-30.68169593811035,34.8267707824707,0.0001087188720703125,34.82687950134277
1025,82457.3,82604.0,82310.6,82464.0,20183.0,-91.92330932617188,-33.48180389404297,-33.4820442199707,58.441505432128906,0.000240325927734375,58.44126510620117
1026,82463.2,82533.3,82345.6,82498.0,12211.0,-99.605712890625,-34.87639236450195,-34.87499237060547,64.72932052612305,0.001399993896484375,64.73072052001953
1027,82490.7,82738.0,82431.8,82664.8,11469.0,-88.70195770263672,-32.77263259887695,-32.77487564086914,55.929325103759766,0.0022430419921875,55.92708206176758
1028,82683.2,83082.3,82666.0,82839.8,14730.0,-74.30796813964844,-29.559999465942383,-29.559415817260742,44.747968673706055,0.000583648681640625,44.748552322387695
1029,82843.1,82933.7,82700.1,82887.1,6414.0,-50.60811996459961,-23.7049617767334,-23.7047119140625,26.90315818786621,0.0002498626708984375,26.90340805053711
1030,82888.2,82990.1,82829.2,82875.8,8653.0,-24.08661651611328,-18.34406089782715,-18.349348068237305,5.742555618286133,0.00528717041015625,5.737268447875977
1031,82888.0,82961.2,82739.9,82799.9,10151.0,-3.3028571605682373,-16.500150680541992,-16.5028076171875,13.197293519973755,0.0026569366455078125,13.199950456619263
1032,82820.8,82825.6,82633.4,82714.6,15778.0,20.28270721435547,-18.358196258544922,-18.359027862548828,38.64090347290039,0.00083160400390625,38.6417350769043
1033,82715.6,82988.3,82715.6,82955.1,9882.0,46.37894821166992,-16.762706756591797,-16.768503189086914,63.14165496826172,0.0057964324951171875,63.147451400756836
1034,82963.1,82967.7,82783.6,82919.9,7372.0,72.19940185546875,-11.663759231567383,-11.665349006652832,83.86316108703613,0.0015897750854492188,83.86475086212158
1035,82913.9,82927.3,82831.9,82909.1,4950.0,96.73052978515625,-6.857142925262451,-6.858188629150391,103.5876727104187,0.0010457038879394531,103.58871841430664
1036,82910.5,82960.7,82740.6,82909.9,8216.0,112.19187927246094,-0.4057143032550812,-0.40568020939826965,112.59759357571602,3.409385681152344e-05,112.59755948185921
1037,82921.7,83124.8,82802.1,82885.1,10440.0,116.91248321533203,2.4078195095062256,2.4085233211517334,114.5046637058258,0.0007038116455078125,114.5039598941803
1038,82885.2,82910.2,82579.6,82602.9,8948.0,120.89142608642578,1.8273684978485107,1.829123616218567,119.06405758857727,0.0017551183700561523,119.06230247020721
1039,82597.0,82746.2,82551.9,82745.7,6251.0,130.65293884277344,3.1813533306121826,3.1814732551574707,127.47158551216125,0.00011992454528808594,127.47146558761597
1040,82746.0,82972.1,82713.0,82924.8,8474.0,141.32632446289062,7.6547369956970215,7.6578593254089355,133.6715874671936,0.0031223297119140625,133.6684651374817
1041,82931.2,83200.3,82842.8,83181.5,11690.0,146.8048095703125,16.783157348632812,16.78471565246582,130.0216522216797,0.0015583038330078125,130.02009391784668
1042,83169.5,83271.3,82972.3,82976.7,31206.0,151.47669982910156,20.218046188354492,20.219636917114258,131.25865364074707,0.001590728759765625,131.2570629119873
1043,82981.4,83032.6,82853.1,82971.3,13061.0,147.1903839111328,22.42466163635254,22.4223575592041,124.76572227478027,0.0023040771484375,124.76802635192871
1044,82965.3,83145.1,82965.3,83098.3,9214.0,122.93984985351562,20.894136428833008,20.89422607421875,102.04571342468262,8.96453857421875e-05,102.04562377929688
1045,83087.7,83197.7,82994.5,83182.7,6665.0,90.33413696289062,19.813232421875,19.816617965698242,70.52090454101562,0.0033855438232421875,70.51751899719238
1046,83178.7,83229.1,83127.5,83133.0,7498.0,63.30616760253906,17.48691749572754,17.485050201416016,45.81925010681152,0.0018672943115234375,45.82111740112305
1047,83128.0,83223.0,83102.7,83174.7,5256.0,47.862857818603516,17.42797088623047,17.427989959716797,30.434886932373047,1.9073486328125e-05,30.43486785888672
1048,83174.6,83307.3,83072.9,83184.5,35632.0,35.78195571899414,19.507368087768555,19.507266998291016,16.274587631225586,0.0001010894775390625,16.274688720703125
1049,83184.6,83284.5,83088.8,83284.5,6360.0,21.664060592651367,23.242706298828125,23.24367904663086,1.5786457061767578,0.000972747802734375,1.5796184539794922
1050,83272.9,83346.8,83179.9,83179.9,13760.0,24.836692810058594,24.708871841430664,24.709697723388672,0.1278209686279297,0.0008258819580078125,0.12699508666992188
1051,83179.7,83184.8,83045.7,83052.5,4461.0,29.400602340698242,22.701353073120117,22.70004653930664,6.699249267578125,0.0013065338134765625,6.700555801391602
1052,83052.4,83146.3,82935.9,83116.1,10939.0,32.49654006958008,19.872180938720703,19.872344970703125,12.624359130859375,0.000164031982421875,12.624195098876953
1053,83100.4,83247.2,83088.1,83180.9,7460.0,37.00872039794922,21.15999984741211,21.163921356201172,15.84872055053711,0.0039215087890625,15.844799041748047
1054,83176.7,83247.2,83113.7,83113.7,4538.0,48.85173034667969,20.598196029663086,20.600181579589844,28.2535343170166,0.0019855499267578125,28.251548767089844
1055,83112.5,83218.2,83097.6,83143.2,4559.0,63.207820892333984,19.996692657470703,19.99595832824707,43.21112823486328,0.0007343292236328125,43.211862564086914
1056,83147.8,83445.2,83122.1,83399.3,9186.0,62.50526428222656,22.708572387695312,22.71076774597168,39.79669189453125,0.0021953582763671875,39.79449653625488
1057,83393.7,83643.2,83384.8,83617.9,18477.0,53.5103759765625,27.418346405029297,27.420988082885742,26.092029571533203,0.0026416778564453125,26.089387893676758
1058,83616.3,83796.2,83572.4,83765.2,20164.0,39.6439094543457,28.67909812927246,28.677772521972656,10.964811325073242,0.0013256072998046875,10.966136932373047
1059,83761.1,83769.4,83530.7,83549.3,9553.0,31.259248733520508,27.356992721557617,27.357166290283203,3.9022560119628906,0.0001735687255859375,3.9020824432373047
1060,83552.4,83699.9,83552.4,83664.0,8323.0,25.519399642944336,29.291728973388672,29.2945613861084,3.772329330444336,0.0028324127197265625,3.7751617431640625
1061,83663.9,83696.4,83552.1,83583.8,8161.0,18.25774383544922,33.02737045288086,33.0278205871582,14.76962661743164,0.00045013427734375,14.770076751708984
1062,83581.5,83617.6,83483.5,83502.9,9247.0,7.992180347442627,31.770526885986328,31.766794204711914,23.7783465385437,0.0037326812744140625,23.774613857269287
1063,83498.6,83528.3,83410.5,83410.5,6310.0,-7.595188140869141,28.31218147277832,28.309158325195312,35.90736961364746,0.0030231475830078125,35.90434646606445
1064,83419.0,83419.1,83243.2,83355.1,44546.0,-27.749774932861328,25.406015396118164,25.404922485351562,53.15579032897949,0.0010929107666015625,53.15469741821289
1065,83365.5,83365.5,83137.7,83245.0,10509.0,-42.07428741455078,21.877593994140625,21.874364852905273,63.951881408691406,0.0032291412353515625,63.948652267456055
1066,83244.9,83472.3,83217.3,83376.4,11346.0,-63.508270263671875,19.34526252746582,19.342464447021484,82.8535327911377,0.0027980804443359375,82.85073471069336
1067,83379.7,83599.9,83379.7,83593.4,5674.0,-85.24932098388672,20.20661735534668,20.203020095825195,105.4559383392334,0.003597259521484375,105.45234107971191
1068,83593.4,83810.5,83593.4,83773.3,12094.0,-105.3302230834961,23.1615047454834,23.15862274169922,128.4917278289795,0.0028820037841796875,128.4888458251953
1069,83778.5,83884.0,83778.5,83853.8,8720.0,-127.29774475097656,27.95909881591797,27.957765579223633,155.25684356689453,0.0013332366943359375,155.2555103302002
1070,83856.0,83932.0,83741.5,83919.5,6771.0,-135.16571044921875,31.189775466918945,31.187835693359375,166.3554859161377,0.0019397735595703125,166.35354614257812
1071,83916.6,84107.5,83916.6,84096.0,22793.0,-137.7046661376953,33.81744384765625,33.81559753417969,171.52210998535156,0.0018463134765625,171.520263671875
1072,84094.0,84469.1,84059.2,84469.1,44748.0,-131.4394073486328,41.21173095703125,41.20844268798828,172.65113830566406,0.00328826904296875,172.6478500366211
1073,84469.1,84537.4,84331.0,84471.8,17837.0,-122.0330810546875,47.62977600097656,47.62831115722656,169.66285705566406,0.00146484375,169.66139221191406
1074,84468.2,84514.9,84353.3,84407.5,7191.0,-102.05082702636719,50.13172912597656,50.127479553222656,152.18255615234375,0.00424957275390625,152.17830657958984
1075,84405.0,84594.4,84400.8,84531.8,17853.0,-71.61473846435547,52.92661666870117,52.92254638671875,124.54135513305664,0.004070281982421875,124.53728485107422
1076,84531.8,84779.9,84531.8,84728.3,10834.0,-53.2198486328125,60.481204986572266,60.480228424072266,113.70105361938477,0.0009765625,113.70007705688477
1077,84726.2,84730.2,84553.1,84639.2,8104.0,-29.689022064208984,68.21894836425781,68.21825408935547,97.9079704284668,0.00069427490234375,97.90727615356445
1078,84645.4,84843.4,84645.4,84788.6,6836.0,0.3245112895965576,78.88030242919922,78.88060760498047,78.55579113960266,0.00030517578125,78.55609631538391
1079,84802.4,84937.8,84788.9,84921.0,9863.0,32.937744140625,86.48722076416016,86.48637390136719,53.549476623535156,0.00084686279296875,53.54862976074219
1080,84921.0,84963.5,84713.3,84825.4,29305.0,66.4066162109375,92.47428894042969,92.47479248046875,26.067672729492188,0.0005035400390625,26.06817626953125
1081,84825.4,84832.5,84578.6,84643.4,31444.0,98.25894927978516,92.85233306884766,92.85038757324219,5.4066162109375,0.00194549560546875,5.408561706542969
1082,84648.7,84856.0,84635.0,84707.8,12198.0,122.76811981201172,91.27578735351562,91.27523040771484,31.492332458496094,0.00055694580078125,31.492889404296875
1083,84713.1,84934.3,84713.1,84924.9,22912.0,142.24331665039062,89.52962493896484,89.53072357177734,52.71369171142578,0.0010986328125,52.71259307861328
1084,84924.9,85000.0,84870.7,84992.2,7445.0,155.90255737304688,85.59638977050781,85.595703125,70.30616760253906,0.0006866455078125,70.30685424804688
1085,84988.3,85033.8,84865.2,84981.3,7177.0,164.67068481445312,77.30646514892578,77.30463409423828,87.36421966552734,0.0018310546875,87.36605072021484
1086,84981.5,85175.3,84981.5,85131.6,10751.0,170.04391479492188,70.62345886230469,70.62451171875,99.42045593261719,0.0010528564453125,99.41940307617188
1087,85132.1,85495.4,85088.0,85405.6,32002.0,169.43309020996094,68.6445083618164,68.64559173583984,100.78858184814453,0.0010833740234375,100.7874984741211
1088,85414.1,85414.1,85208.4,85305.7,15830.0,163.7915802001953,65.35518646240234,65.35492706298828,98.43639373779297,0.0002593994140625,98.43665313720703
1089,85305.7,85471.1,85301.4,85384.0,5496.0,156.4781951904297,62.14826965332031,62.149478912353516,94.32992553710938,0.001209259033203125,94.32871627807617
1090,85383.9,85383.9,85109.7,85229.7,15122.0,141.96029663085938,55.47549057006836,55.47614669799805,86.48480606079102,0.0006561279296875,86.48414993286133
1091,85228.3,85329.5,85143.0,85234.0,10143.0,118.87368774414062,49.6796989440918,49.680809020996094,69.19398880004883,0.001110076904296875,69.19287872314453
1092,85242.4,85311.9,85073.9,85155.1,14359.0,91.33232879638672,46.93864822387695,46.93815231323242,44.393680572509766,0.00049591064453125,44.3941764831543
1093,85166.3,85242.2,85024.3,85132.6,10146.0,57.62436294555664,42.882408142089844,42.88504409790039,14.741954803466797,0.002635955810546875,14.73931884765625
1094,85162.9,85233.7,85104.3,85130.0,9191.0,18.739248275756836,36.78466033935547,36.785865783691406,18.045412063598633,0.0012054443359375,18.04661750793457
1095,85131.1,85316.6,85120.1,85194.0,7822.0,-13.687217712402344,32.474586486816406,32.47709274291992,46.16180419921875,0.002506256103515625,46.164310455322266
1096,85201.8,85285.2,85079.0,85131.4,8329.0,-50.645713806152344,29.381654739379883,29.380844116210938,80.02736854553223,0.0008106231689453125,80.02655792236328
1097,85160.4,85295.5,84984.1,85144.8,17961.0,-74.23188018798828,24.46105194091797,24.463092803955078,98.69293212890625,0.002040863037109375,98.69497299194336
1098,85144.8,85407.8,85127.1,85361.0,17528.0,-85.48601531982422,24.228872299194336,24.232589721679688,109.71488761901855,0.0037174224853515625,109.7186050415039
1099,85361.0,85448.1,85123.2,85123.2,8249.0,-86.44390869140625,21.83488655090332,21.834739685058594,108.27879524230957,0.0001468658447265625,108.27864837646484
1100,85123.2,85130.6,84951.8,85037.8,10494.0,-85.937744140625,16.40481185913086,16.403236389160156,102.34255599975586,0.001575469970703125,102.34098052978516
1101,85042.0,85250.6,85016.8,85054.9,12391.0,-72.07879638671875,8.024662017822266,8.022961616516113,80.10345840454102,0.0017004013061523438,80.10175800323486
1102,85063.5,85277.3,85063.5,85188.7,10834.0,-62.27729415893555,1.9530826807022095,1.9522027969360352,64.23037683963776,0.0008798837661743164,64.22949695587158
1103,85187.8,85337.9,85118.3,85337.9,10198.0,-50.83879852294922,0.7172932624816895,0.7175575494766235,51.55609178543091,0.00026428699493408203,51.55635607242584
1104,85346.5,85444.5,85329.2,85392.6,13602.0,-37.74586486816406,0.704962432384491,0.7060385346412659,38.45082730054855,0.0010761022567749023,38.45190340280533
1105,85393.9,85561.9,85319.7,85418.8,11914.0,-28.553382873535156,0.29413533210754395,0.2944313883781433,28.8475182056427,0.00029605627059936523,28.8478142619133
1106,85417.8,85429.4,85300.1,85300.4,8748.0,-14.664661407470703,-0.09112782031297684,-0.09324482828378677,14.573533587157726,0.0021170079708099365,14.571416579186916
1107,85300.0,85300.0,85090.5,85152.2,6980.0,-3.6760902404785156,1.4748872518539429,1.4744889736175537,5.1509774923324585,0.00039827823638916016,5.150579214096069
1108,85153.2,85165.3,85047.3,85085.0,10597.0,14.050827026367188,0.8869172930717468,0.8858846426010132,13.16390973329544,0.0010326504707336426,13.164942383766174
1109,85085.0,85226.7,85085.0,85199.7,8634.0,33.43458557128906,3.5010526180267334,3.504047155380249,29.93353295326233,0.002994537353515625,29.930538415908813
1110,85195.7,85336.2,85195.7,85319.5,6052.0,44.3028564453125,5.672781944274902,5.674465656280518,38.6300745010376,0.0016837120056152344,38.62839078903198
1111,85325.4,85429.3,85285.5,85289.7,7594.0,58.271881103515625,7.352481365203857,7.352026462554932,50.91939973831177,0.00045490264892578125,50.91985464096069
1112,85285.6,85346.4,85205.0,85346.4,5640.0,58.92180633544922,8.510977745056152,8.509991645812988,50.410828590393066,0.0009860992431640625,50.41181468963623
1113,85342.2,85423.8,85333.7,85423.7,8240.0,50.60029983520508,10.127518653869629,10.129382133483887,40.47278118133545,0.0018634796142578125,40.47091770172119
1114,85410.8,85471.1,85387.4,85430.1,7198.0,33.278194427490234,11.359699249267578,11.36135482788086,21.918495178222656,0.00165557861328125,21.916839599609375
1115,85426.0,85471.1,85315.3,85394.0,5488.0,14.133834838867188,12.633684158325195,12.636836051940918,1.5001506805419922,0.0031518936157226562,1.4969987869262695
1116,85397.6,85463.6,85352.0,85463.6,7635.0,-3.8375940322875977,13.615338325500488,13.61742877960205,17.452932357788086,0.0020904541015625,17.45502281188965
1117,85471.1,85471.1,85238.8,85252.8,8913.0,-20.061655044555664,11.298646926879883,11.2985258102417,31.360301971435547,0.00012111663818359375,31.360180854797363
1118,85247.5,85285.1,85058.4,85130.4,12347.0,-31.243608474731445,10.483609199523926,10.482400894165039,41.72721767425537,0.0012083053588867188,41.726009368896484
1119,85139.0,85276.5,85129.6,85169.9,15130.0,-40.60691833496094,6.824661731719971,6.8226447105407715,47.43158006668091,0.0020170211791992188,47.42956304550171
1120,85181.6,85200.2,85075.3,85088.0,8698.0,-52.20812225341797,0.5744360685348511,0.574171781539917,52.78255832195282,0.00026428699493408203,52.782294034957886
1121,85088.0,85200.0,84990.6,85200.0,18433.0,-56.28451156616211,-3.880601644515991,-3.879769802093506,52.40390992164612,0.0008318424224853516,52.4047417640686
1122,85200.0,85268.6,85181.8,85237.4,5815.0,-59.80631637573242,-5.903759479522705,-5.904940128326416,53.90255689620972,0.0011806488037109375,53.901376247406006
1123,85240.1,85268.1,85166.9,85205.4,5931.0,-57.63067626953125,-6.101954936981201,-6.104763984680176,51.52872133255005,0.0028090476989746094,51.525912284851074
1124,85198.0,85198.4,85125.6,85172.6,3847.0,-53.56571578979492,-5.708571434020996,-5.710132598876953,47.857144355773926,0.0015611648559570312,47.85558319091797
1125,85173.4,85384.5,85173.4,85335.4,18953.0,-43.933834075927734,-2.242406129837036,-2.245394706726074,41.6914279460907,0.002988576889038086,41.68843936920166
1126,85343.1,85349.8,85102.7,85181.6,8900.0,-38.72060012817383,-2.726015090942383,-2.721792697906494,35.994585037231445,0.004222393035888672,35.998807430267334
1127,85186.6,85246.2,85127.0,85230.2,5599.0,-30.756391525268555,-4.663157939910889,-4.665166854858398,26.093233585357666,0.0020089149475097656,26.091224670410156
1128,85224.5,85288.6,85170.3,85281.0,4742.0,-18.412330627441406,-7.062255859375,-7.0612664222717285,11.350074768066406,0.0009894371032714844,11.351064205169678
1129,85281.0,85355.8,85279.4,85318.8,9746.0,-4.356090068817139,-7.400902271270752,-7.401045799255371,3.0448122024536133,0.00014352798461914062,3.0449557304382324
1130,85318.7,85318.7,85180.9,85189.8,5384.0,7.241804599761963,-7.871579170227051,-7.871240615844727,15.113383769989014,0.00033855438232421875,15.11304521560669
1131,85183.3,85269.7,85161.6,85223.7,6086.0,19.843910217285156,-8.130526542663574,-8.132494926452637,27.97443675994873,0.0019683837890625,27.976405143737793
1132,85222.7,85222.7,85020.0,85020.0,7734.0,32.79158020019531,-10.307669639587402,-10.309357643127441,43.099249839782715,0.0016880035400390625,43.100937843322754
1133,85006.4,85052.3,84906.1,84906.1,7145.0,45.197593688964844,-12.401203155517578,-12.401914596557617,57.59879684448242,0.0007114410400390625,57.59950828552246
1134,84905.8,84951.2,84779.9,84868.0,12524.0,53.213233947753906,-14.1578950881958,-14.159404754638672,67.3711290359497,0.0015096664428710938,67.37263870239258
1135,84860.9,85071.5,84860.9,84990.3,8568.0,64.1563949584961,-13.89142894744873,-13.89455509185791,78.04782390594482,0.0031261444091796875,78.050950050354
1136,84988.0,84988.0,84879.2,84910.6,8412.0,77.40962219238281,-13.06315803527832,-13.062165260314941,90.47278022766113,0.0009927749633789062,90.47178745269775
1137,84910.7,84992.1,84867.1,84961.3,5568.0,82.42044830322266,-14.000601768493652,-14.002472877502441,96.42105007171631,0.0018711090087890625,96.4229211807251
1138,84957.2,85017.6,84882.3,84901.1,4003.0,88.90074920654297,-17.297443389892578,-17.296974182128906,106.19819259643555,0.000469207763671875,106.19772338867188
1139,84897.8,84949.5,84831.7,84855.1,9828.0,86.7651138305664,-20.28180503845215,-20.280128479003906,107.04691886901855,0.0016765594482421875,107.04524230957031
1140,84871.0,84949.6,84782.5,84790.1,4940.0,83.4923324584961,-25.010526657104492,-25.011606216430664,108.50285911560059,0.001079559326171875,108.50393867492676
1141,84788.3,84808.4,84700.0,84751.4,8883.0,75.54195404052734,-28.079097747802734,-28.079599380493164,103.62105178833008,0.0005016326904296875,103.62155342102051
1142,84754.7,84754.7,84570.5,84612.5,12330.0,63.96812057495117,-31.86406135559082,-31.866764068603516,95.83218193054199,0.0027027130126953125,95.83488464355469
1143,84604.1,84637.0,84327.4,84423.9,40936.0,57.172630310058594,-37.91218185424805,-37.91380310058594,95.08481216430664,0.001621246337890625,95.08643341064453
1144,84420.7,84420.7,84208.6,84229.8,10888.0,44.4099235534668,-46.076393127441406,-46.07638168334961,90.4863166809082,1.1444091796875e-05,90.4863052368164
1145,84229.8,84290.6,84004.7,84024.3,17100.0,38.81924819946289,-53.18616485595703,-53.18644332885742,92.00541305541992,0.000278472900390625,92.00569152832031
1146,84012.6,84258.9,83913.9,84150.8,11053.0,23.082406997680664,-58.94706726074219,-58.94615173339844,82.02947425842285,0.00091552734375,82.0285587310791
1147,84150.8,84159.2,83900.0,83998.3,31858.0,9.327518463134766,-64.56661987304688,-64.56695556640625,73.89413833618164,0.000335693359375,73.89447402954102
1148,83998.4,84009.6,83758.2,83909.4,21347.0,-2.9642105102539062,-68.80060577392578,-68.80319213867188,65.83639526367188,0.00258636474609375,65.83898162841797
1149,83909.5,84162.2,83873.9,84122.5,18923.0,-14.319398880004883,-67.33232879638672,-67.33576965332031,53.012929916381836,0.00344085693359375,53.01637077331543
1150,84122.4,84122.4,83911.3,83937.3,10531.0,-26.266164779663086,-68.74556732177734,-68.75200653076172,42.47940254211426,0.006439208984375,42.48584175109863
1151,83951.5,84061.3,83783.2,83928.5,11695.0,-42.365413665771484,-67.87488555908203,-67.87509155273438,25.509471893310547,0.00020599365234375,25.50967788696289
1152,83934.7,83934.7,83774.4,83783.4,7850.0,-1036.5302734375,-70.33624267578125,-70.33975219726562,966.1940307617188,0.003509521484375,966.1905212402344
1153,83792.7,83857.4,83586.1,83627.4,36647.0,-2045.0811767578125,-74.96902465820312,-74.9718246459961,1970.1121520996094,0.00279998779296875,1970.1093521118164
1154,83623.2,83674.0,83547.0,83663.7,8006.0,-2958.04150390625,-77.76451110839844,-77.76399993896484,2880.2769927978516,0.00051116943359375,2880.277503967285
1155,83660.6,83695.7,83545.4,83676.7,7245.0,-3766.40673828125,-76.62857055664062,-76.62848663330078,3689.7781677246094,8.392333984375e-05,3689.778251647949
1156,83682.7,83777.7,83607.0,83716.5,13175.0,-4419.88720703125,-74.20751953125,-74.20745849609375,4345.6796875,6.103515625e-05,4345.679748535156
1157,83715.4,83715.4,83408.4,83449.0,20753.0,-4996.10595703125,-73.01293182373047,-73.01177215576172,4923.0930252075195,0.00115966796875,4923.094184875488
1158,83446.0,83498.2,83387.0,83480.7,13874.0,-5394.92333984375,-70.04180145263672,-70.03950500488281,5324.881538391113,0.00229644775390625,5324.883834838867
1159,83493.3,83525.2,83452.6,83455.1,6233.0,-5594.873046875,-66.0264663696289,-66.02334594726562,5528.846580505371,0.00312042236328125,5528.849700927734
1160,83471.8,83471.8,83291.7,83334.0,12585.0,-5804.8994140625,-62.66165542602539,-62.65827178955078,5742.237758636475,0.003383636474609375,5742.241142272949
1161,83342.4,83617.9,83325.6,83576.7,11625.0,-5892.388671875,-54.24962615966797,-54.24747848510742,5838.139045715332,0.002147674560546875,5838.141193389893
1162,83584.9,83594.5,83415.2,83489.9,7671.0,-5853.36328125,-47.50285720825195,-47.5034294128418,5805.860424041748,0.00057220458984375,5805.859851837158
1163,83460.4,83604.4,83436.0,83525.7,6586.0,-5501.7529296875,-41.539249420166016,-41.537681579589844,5460.213680267334,0.001567840576171875,5460.21524810791
1164,83525.8,83653.4,83477.7,83620.6,9151.0,-5227.1640625,-35.93293380737305,-35.93033218383789,5191.231128692627,0.00260162353515625,5191.233730316162
1165,83629.0,83964.9,83580.7,83882.4,25524.0,-4861.76318359375,-28.910676956176758,-28.911684036254883,4832.852506637573,0.001007080078125,4832.851499557495
1166,83890.1,83915.8,83752.2,83793.9,9105.0,-4360.15283203125,-20.949172973632812,-20.946569442749023,4339.203659057617,0.0026035308837890625,4339.206262588501
1167,83798.6,83938.7,83798.5,83880.9,12169.0,-3716.810302734375,-13.609023094177246,-13.609804153442383,3703.2012796401978,0.0007810592651367188,3703.2004985809326
1168,83881.0,84189.7,83881.0,84072.7,17582.0,-3013.447509765625,-4.762405872344971,-4.760091781616211,3008.68510389328,0.0023140907287597656,3008.687417984009
1169,84072.6,84110.0,83977.5,84070.0,8548.0,-2118.982177734375,7.168721675872803,7.17019510269165,2126.150899410248,0.0014734268188476562,2126.1523728370667
1170,84066.4,84172.1,83973.2,84144.1,11358.0,-1172.9488525390625,17.313383102416992,17.313762664794922,1190.2622356414795,0.0003795623779296875,1190.2626152038574
1171,84139.7,84290.6,84139.7,84254.7,9421.0,-45.555641174316406,28.583759307861328,28.58747100830078,74.13940048217773,0.003711700439453125,74.14311218261719
1172,84258.5,84413.2,84225.4,84413.2,12062.0,36.53984832763672,39.34556579589844,39.34385681152344,2.8057174682617188,0.001708984375,2.8040084838867188
1173,84413.2,84433.4,84171.6,84195.6,15662.0,23.054887771606445,43.5810546875,43.58141326904297,20.526166915893555,0.00035858154296875,20.526525497436523
1174,84200.2,84304.5,84200.2,84296.3,3366.0,-35.031578063964844,48.97563934326172,48.97626876831055,84.00721740722656,0.000629425048828125,84.00784683227539
1175,84296.4,84338.8,84269.6,84338.8,8487.0,-114.09849548339844,54.230377197265625,54.232261657714844,168.32887268066406,0.00188446044921875,168.33075714111328
1176,84347.4,84581.3,84347.4,84485.4,12701.0,-45.54060363769531,61.21684265136719,61.215301513671875,106.7574462890625,0.0015411376953125,106.75590515136719
1177,84487.4,84546.4,84484.0,84509.9,5394.0,-80.68797302246094,63.16962432861328,63.16842269897461,143.85759735107422,0.001201629638671875,143.85639572143555
1178,84509.9,84590.6,84498.0,84536.8,6268.0,-158.96766662597656,64.41172790527344,64.41104125976562,223.37939453125,0.0006866455078125,223.3787078857422
1179,84533.6,84566.9,84485.3,84517.0,5349.0,-25.32781982421875,63.380149841308594,63.37850570678711,88.70796966552734,0.001644134521484375,88.70632553100586
1180,84524.8,84553.9,84337.7,84382.3,14614.0,45.11428451538086,56.9163932800293,56.91267013549805,11.802108764648438,0.00372314453125,11.798385620117188
1181,84392.1,84400.7,84168.8,84349.4,33939.0,-46.582706451416016,52.23548889160156,52.23262405395508,98.81819534301758,0.002864837646484375,98.8153305053711
1182,84365.0,84388.0,84278.7,84349.9,6606.0,-124.62105560302734,45.02766799926758,45.02717208862305,169.64872360229492,0.00049591064453125,169.6482276916504
1183,84345.6,84472.3,84345.6,84462.4,5434.0,65.77143096923828,38.70496368408203,38.70096969604492,27.06646728515625,0.003993988037109375,27.07046127319336
1184,84465.5,84531.8,84428.4,84529.1,16535.0,4.301503658294678,33.42015075683594,33.41749954223633,29.11864709854126,0.002651214599609375,29.11599588394165
1185,84532.3,84587.4,84397.0,84448.4,7372.0,-69.21955108642578,29.75157928466797,29.74859619140625,98.97113037109375,0.00298309326171875,98.96814727783203
1186,84452.6,84506.9,84426.9,84432.8,6998.0,-54.481956481933594,23.61052703857422,23.608318328857422,78.09248352050781,0.002208709716796875,78.09027481079102
1187,84436.5,84559.0,84403.6,84559.0,5150.0,-81.61653900146484,19.685413360595703,19.683876037597656,101.30195236206055,0.001537322998046875,101.3004150390625
1188,84559.0,85041.7,84547.6,84927.3,23950.0,-125.90902709960938,23.03368377685547,23.029611587524414,148.94271087646484,0.0040721893310546875,148.9386386871338
1189,84929.4,85082.1,84766.9,84804.0,12416.0,-60.05939865112305,23.28812026977539,23.286178588867188,83.34751892089844,0.001941680908203125,83.34557723999023
1190,84803.0,85016.3,84803.0,84878.2,11871.0,72.78044891357422,24.66857147216797,24.669055938720703,48.11187744140625,0.000484466552734375,48.111392974853516
1191,84877.0,84977.4,84773.4,84844.7,7295.0,267.2022705078125,26.217144012451172,26.215789794921875,240.98512649536133,0.001354217529296875,240.98648071289062
1192,84851.2,84856.0,84676.1,84707.5,12813.0,343.9917297363281,27.418947219848633,27.417892456054688,316.5727825164795,0.0010547637939453125,316.57383728027344
1193,84720.3,84870.1,84720.3,84795.0,5609.0,256.66241455078125,25.99127769470215,25.991628646850586,230.6711368560791,0.0003509521484375,230.67078590393066
1194,84777.9,84777.9,84558.1,84683.4,7423.0,215.66542053222656,23.662256240844727,23.65963363647461,192.00316429138184,0.0026226043701171875,192.00578689575195
1195,84666.5,84714.0,84598.9,84711.8,5164.0,85.9150390625,21.8216552734375,21.822275161743164,64.0933837890625,0.0006198883056640625,64.09276390075684
1196,84707.5,84745.1,84601.9,84646.0,5867.0,151.67819213867188,20.796993255615234,20.798818588256836,130.88119888305664,0.0018253326416015625,130.87937355041504
1197,84645.3,84657.8,84504.9,84595.3,6202.0,173.773681640625,19.199098587036133,19.196369171142578,154.57458305358887,0.0027294158935546875,154.57731246948242
1198,84584.1,84642.0,84556.9,84621.6,3858.0,363.18798828125,18.266164779663086,18.265995025634766,344.9218235015869,0.0001697540283203125,344.92199325561523
1199,84612.8,84636.4,84562.6,84574.1,6899.0,548.9046630859375,16.217443466186523,16.21693992614746,532.687219619751,0.0005035400390625,532.68772315979
1200,84579.3,84653.4,84561.3,84595.8,4130.0,635.1563720703125,12.264361381530762,12.265061378479004,622.8920106887817,0.0006999969482421875,622.8913106918335
1201,84601.0,84657.3,84428.3,84428.3,6261.0,564.216552734375,5.081202983856201,5.079822540283203,559.1353497505188,0.0013804435729980469,559.1367301940918
1202,84432.6,84573.7,84432.6,84560.2,7631.0,382.8893127441406,-0.3275187909603119,-0.33179041743278503,383.21683153510094,0.0042716264724731445,383.2211031615734
1203,84547.6,84699.9,84523.2,84684.8,5995.0,282.63458251953125,-2.499849557876587,-2.503424644470215,285.13443207740784,0.0035750865936279297,285.13800716400146
1204,84689.0,84767.0,84628.4,84749.9,10380.0,158.30136108398438,-3.025563955307007,-3.0262629985809326,161.32692503929138,0.0006990432739257812,161.3276240825653
1205,84752.5,84798.4,84665.3,84666.3,4803.0,13.275188446044922,-6.347970008850098,-6.349694728851318,19.62315845489502,0.0017247200012207031,19.62488317489624
1206,84668.5,84668.5,84573.8,84594.9,4486.0,-99.98406219482422,-11.26556396484375,-11.267110824584961,88.71849822998047,0.0015468597412109375,88.71695137023926
1207,84603.5,84632.9,84568.0,84579.0,5117.0,-233.54345703125,-14.661654472351074,-14.662729263305664,218.88180255889893,0.0010747909545898438,218.88072776794434
1208,84574.0,84622.8,84543.6,84622.8,4226.0,-376.6616516113281,-11.646917343139648,-11.647539138793945,365.0147342681885,0.000621795654296875,365.0141124725342
1209,84622.8,84838.7,84622.8,84818.8,6063.0,-466.7608947753906,-7.321804523468018,-7.32124662399292,459.4390902519226,0.0005578994750976562,459.4396481513977
1210,84823.0,84893.5,84713.3,84753.6,5369.0,-415.03851318359375,-2.7774436473846436,-2.7769384384155273,412.2610695362091,0.0005052089691162109,412.2615747451782
1211,84753.5,84787.4,84651.2,84735.2,7993.0,-377.9285888671875,1.166917324066162,1.1629581451416016,379.09550619125366,0.003959178924560547,379.0915470123291
1212,84736.2,84751.3,84611.1,84628.1,3401.0,-336.5082702636719,1.5723308324813843,1.5711289644241333,338.08060109615326,0.0012018680572509766,338.079399228096
1213,84619.0,84619.0,84500.1,84528.5,5541.0,-432.0691833496094,2.0583457946777344,2.0573954582214355,434.1275291442871,0.0009503364562988281,434.1265788078308
1214,84515.0,84601.6,84491.5,84564.8,4341.0,-474.6120300292969,1.701954960823059,1.7008106708526611,476.31398499011993,0.0011442899703979492,476.31284070014954
1215,84560.6,84560.6,84477.0,84550.4,4307.0,-614.5631713867188,1.7648119926452637,1.7652784585952759,616.327983379364,0.00046646595001220703,616.328449845314
1216,84559.1,84682.5,84556.3,84682.5,3839.0,-670.4796752929688,2.9209022521972656,2.920717716217041,673.400577545166,0.00018453598022460938,673.4003930091858
1217,84686.6,84718.5,84635.9,84718.5,4857.0,-707.85791015625,3.734135389328003,3.7349801063537598,711.592045545578,0.0008447170257568359,711.5928902626038
1218,84709.0,84710.8,84545.8,84555.3,3550.0,-360.49322509765625,2.447518825531006,2.447838306427002,362.94074392318726,0.00031948089599609375,362.94106340408325
1219,84571.0,84762.2,84567.1,84759.5,4013.0,-114.31278228759766,3.4279699325561523,3.4275903701782227,117.74075222015381,0.0003795623779296875,117.74037265777588
1220,84759.5,84912.6,84702.4,84889.8,5755.0,113.37519073486328,6.332330703735352,6.332489490509033,107.04286003112793,0.00015878677368164062,107.04270124435425
1221,84896.8,84968.5,84896.8,84961.3,5503.0,142.00074768066406,7.173834800720215,7.1719746589660645,134.82691287994385,0.0018601417541503906,134.828773021698
1222,84960.5,85023.8,84845.7,84852.6,7672.0,56.45413589477539,7.741353511810303,7.739896774291992,48.71278238296509,0.0014567375183105469,48.7142391204834
1223,84871.0,84892.0,84759.8,84883.9,8826.0,-15.68120288848877,10.286917686462402,10.282489776611328,25.968120574951172,0.004427909851074219,25.963692665100098
1224,84884.9,84952.4,84811.6,84914.5,4672.0,-16.894737243652344,13.99097728729248,13.990765571594238,30.885714530944824,0.0002117156982421875,30.885502815246582
1225,84901.7,85024.2,84901.7,84973.7,4123.0,-39.90977478027344,16.97744369506836,16.97725486755371,56.8872184753418,0.0001888275146484375,56.88702964782715
1226,84970.0,85009.0,84947.1,84955.7,3577.0,-78.1218032836914,18.11759376525879,18.116992950439453,96.2393970489502,0.0006008148193359375,96.23879623413086
1227,84969.0,84973.7,84936.4,84937.4,2647.0,-62.05263137817383,18.202104568481445,18.201644897460938,80.25473594665527,0.0004596710205078125,80.25427627563477
1228,84937.3,84937.3,84827.7,84882.3,4596.0,-85.64511108398438,17.650827407836914,17.651714324951172,103.29593849182129,0.0008869171142578125,103.29682540893555
1229,84882.2,84925.0,84868.6,84895.3,4052.0,-96.34586334228516,19.99308204650879,19.99201202392578,116.33894538879395,0.0010700225830078125,116.33787536621094
1230,84895.3,84998.5,84866.9,84877.4,5019.0,-93.33985137939453,20.932931900024414,20.932178497314453,114.27278327941895,0.0007534027099609375,114.27202987670898
1231,84888.3,84905.0,84702.6,84719.9,7820.0,-154.4120330810547,19.145864486694336,19.14568328857422,173.55789756774902,0.0001811981201171875,173.5577163696289
1232,84719.9,84799.6,84676.5,84744.1,7162.0,16.92556381225586,16.0369930267334,16.036882400512695,0.8885707855224609,0.000110626220703125,0.8886814117431641
1233,84742.8,84769.3,84649.4,84658.7,5654.0,-5.425563812255859,9.960000038146973,9.961013793945312,15.385563850402832,0.0010137557983398438,15.386577606201172
1234,84647.0,84680.1,84620.4,84639.7,3991.0,-60.927066802978516,3.9906766414642334,3.991030216217041,64.91774344444275,0.0003535747528076172,64.91809701919556
1235,84639.8,84730.1,84639.8,84730.1,6066.0,-128.50978088378906,-1.0276691913604736,-1.0275317430496216,127.48211169242859,0.00013744831085205078,127.48224914073944
1236,84732.8,84841.4,84732.8,84758.0,4764.0,-160.86691284179688,-3.8318798542022705,-3.831960678100586,157.0350329875946,8.082389831542969e-05,157.0349521636963
1237,84757.9,84819.6,84709.7,84816.7,4422.0,-173.40977478027344,-5.3452630043029785,-5.342886447906494,168.06451177597046,0.002376556396484375,168.06688833236694
1238,84819.6,84872.1,84814.6,84855.0,3554.0,-126.38270568847656,-9.030075073242188,-9.031279563903809,117.35263061523438,0.0012044906616210938,117.35142612457275
1239,84850.0,84855.7,84745.7,84745.7,4365.0,-3.973684310913086,-11.511879920959473,-11.507477760314941,7.538195610046387,0.00440216064453125,7.5337934494018555
1240,84744.6,84772.2,84679.9,84681.8,6231.0,182.1240692138672,-12.820752143859863,-12.81855583190918,194.94482135772705,0.0021963119506835938,194.94262504577637
1241,84682.2,84696.8,84600.0,84659.2,4135.0,166.3646697998047,-13.009624481201172,-13.010673522949219,179.37429428100586,0.001049041748046875,179.3753433227539
1242,84666.3,84700.8,84633.6,84657.1,4495.0,203.37969970703125,-14.494436264038086,-14.49477767944336,217.87413597106934,0.0003414154052734375,217.8744773864746
1243,84657.4,84657.4,84437.4,84445.4,12001.0,178.93759155273438,-18.215038299560547,-18.21506690979004,197.15262985229492,2.86102294921875e-05,197.1526584625244
1244,84445.5,84470.5,84350.9,84440.0,5845.0,143.02255249023438,-20.87187957763672,-20.869895935058594,163.8944320678711,0.001983642578125,163.89244842529297
1245,84447.1,84447.3,84342.6,84383.2,10287.0,76.65113067626953,-22.686616897583008,-22.687788009643555,99.33774757385254,0.001171112060546875,99.33891868591309
1246,84378.9,84403.2,84241.3,84274.8,6575.0,46.066917419433594,-25.449323654174805,-25.450580596923828,71.5162410736084,0.0012569427490234375,71.51749801635742
1247,84270.6,84367.3,84225.5,84367.2,6615.0,45.44736862182617,-26.160602569580078,-26.158388137817383,71.60797119140625,0.0022144317626953125,71.60575675964355
1248,84367.2,84430.8,84293.0,84388.3,8113.0,64.57518768310547,-26.575939178466797,-26.577444076538086,91.15112686157227,0.0015048980712890625,91.15263175964355
1249,84388.2,84442.1,84332.8,84377.2,4869.0,-0.3947368562221527,-26.207218170166016,-26.20686149597168,25.812481313943863,0.0003566741943359375,25.812124639749527
1250,84369.0,84404.5,84304.8,84324.8,6715.0,-59.88872146606445,-26.0875186920166,-26.088457107543945,33.80120277404785,0.00093841552734375,33.80026435852051
1251,84316.3,84316.3,84249.3,84256.0,5524.0,-147.0406036376953,-28.610225677490234,-28.608728408813477,118.43037796020508,0.0014972686767578125,118.43187522888184
1252,84250.1,84307.1,84178.8,84238.0,9858.0,84.51428985595703,-30.306467056274414,-30.306396484375,114.82075691223145,7.05718994140625e-05,114.82068634033203
1253,84240.4,84240.4,84116.7,84120.3,4542.0,29.967668533325195,-34.27067565917969,-34.27288055419922,64.23834419250488,0.00220489501953125,64.24054908752441
1254,84117.0,84193.2,84063.2,84170.8,5030.0,8351.13671875,-37.00541305541992,-37.00830078125,8388.14213180542,0.002887725830078125,8388.14501953125
1255,84176.1,84361.3,84176.1,84345.3,4132.0,8310.392578125,-35.11669158935547,-35.1183967590332,8345.509269714355,0.001705169677734375,8345.510974884033
1256,84345.3,84359.7,84245.5,84254.0,5754.0,7728.61474609375,-33.5103759765625,-33.513580322265625,7762.1251220703125,0.003204345703125,7762.128326416016
1257,84254.1,84266.7,84165.4,84204.8,2063.0,6986.0068359375,-30.92481231689453,-30.9268798828125,7016.9316482543945,0.00206756591796875,7016.9337158203125
1258,84226.0,84268.1,84196.0,84207.2,3810.0,6025.87060546875,-26.778947830200195,-26.780956268310547,6052.64955329895,0.0020084381103515625,6052.651561737061
1259,84188.2,84224.2,84179.5,84209.9,3738.0,5154.640625,-23.345563888549805,-23.3481388092041,5177.98618888855,0.002574920654296875,5177.988763809204
1260,84202.7,84268.2,84175.1,84237.9,6033.0,4221.88623046875,-19.71609115600586,-19.718645095825195,4241.602321624756,0.0025539398193359375,4241.604875564575
1261,84234.1,84366.1,84194.6,84335.2,5805.0,3167.310302734375,-14.387067794799805,-14.388310432434082,3181.697370529175,0.0012426376342773438,3181.698613166809
1262,84335.2,84340.4,84206.4,84239.7,8218.0,2188.23486328125,-9.97022533416748,-9.96822738647461,2198.2050886154175,0.0019979476928710938,2198.2030906677246
1263,84239.6,84345.5,84214.1,84315.6,7880.0,1315.335693359375,-7.183759689331055,-7.178894519805908,1322.519453048706,0.004865169525146484,1322.514587879181
1264,84320.8,84320.8,84181.8,84186.3,3710.0,364.0084228515625,-6.129323482513428,-6.126826763153076,370.1377463340759,0.0024967193603515625,370.1352496147156
1265,84182.0,84194.1,84034.7,84063.0,19380.0,-793.7178955078125,-7.351579189300537,-7.3514275550842285,786.366316318512,0.00015163421630859375,786.3664679527283
1266,84063.1,84101.4,84000.2,84000.2,12074.0,-1907.4141845703125,-10.705864906311035,-10.703295707702637,1896.7083196640015,0.0025691986083984375,1896.7108888626099
1267,84000.0,84074.3,83904.3,83904.3,9397.0,-2853.900390625,-13.553383827209473,-13.55328369140625,2840.3470067977905,0.00010013580322265625,2840.3471069335938
1268,83900.0,83929.4,83857.1,83916.3,8282.0,-3772.66796875,-15.203909873962402,-15.20268440246582,3757.4640588760376,0.0012254714965820312,3757.465284347534
1269,83933.1,83933.1,83883.7,83920.2,6761.0,-4938.00244140625,-16.26285743713379,-16.26167106628418,4921.739583969116,0.001186370849609375,4921.740770339966
1270,83919.3,84011.8,83919.3,84011.8,17995.0,-5913.6494140625,-16.149473190307617,-16.15242576599121,5897.499940872192,0.00295257568359375,5897.496988296509
1271,84011.9,84094.0,84011.9,84092.7,4472.0,-7113.923828125,-15.502857208251953,-15.502965927124023,7098.420970916748,0.0001087188720703125,7098.420862197876
1272,84092.6,84344.8,84090.7,84217.9,10984.0,-8288.6728515625,-13.103157997131348,-13.103653907775879,8275.569693565369,0.00049591064453125,8275.569197654724
1273,84214.3,84214.3,84078.0,84117.3,6081.0,-9501.6298828125,-13.965714454650879,-13.969748497009277,9487.66416835785,0.0040340423583984375,9487.66013431549
1274,84121.5,84198.6,84121.5,84192.3,3944.0,-1406.81591796875,-12.962406158447266,-12.96253490447998,1393.8535118103027,0.00012874603271484375,1393.85338306427
1275,84207.3,84212.4,84004.8,84004.8,13441.0,-756.1022338867188,-11.909473419189453,-11.910961151123047,744.1927604675293,0.00148773193359375,744.1912727355957
1276,83992.1,83996.7,83929.0,83961.3,6353.0,-314.2842102050781,-12.407519340515137,-12.410314559936523,301.876690864563,0.0027952194213867188,301.8738956451416
1277,83966.4,83971.6,83877.7,83931.0,4186.0,13.286616325378418,-13.67729377746582,-13.679217338562012,26.96391010284424,0.0019235610961914062,26.96583366394043
1278,83914.8,83940.5,83848.1,83859.0,4120.0,122.44721984863281,-15.525113105773926,-15.526973724365234,137.97233295440674,0.0018606185913085938,137.97419357299805
1279,83850.6,83892.0,83769.8,83826.0,7933.0,110.12571716308594,-17.275489807128906,-17.279987335205078,127.40120697021484,0.004497528076171875,127.40570449829102
1280,83822.0,83848.0,83750.0,83818.8,6358.0,175.16390991210938,-18.113384246826172,-18.116506576538086,193.27729415893555,0.0031223297119140625,193.28041648864746
1281,83820.1,83849.7,83779.1,83828.8,7407.0,57.19187927246094,-16.640901565551758,-16.643550872802734,73.8327808380127,0.0026493072509765625,73.83543014526367
1282,83828.6,83891.3,83780.3,83853.9,7302.0,141.43458557128906,-15.556692123413086,-15.558382034301758,156.99127769470215,0.001689910888671875,156.99296760559082
1283,83843.7,83866.5,83708.9,83713.4,5583.0,168.88270568847656,-14.697142601013184,-14.701803207397461,183.57984828948975,0.004660606384277344,183.58450889587402
1284,83713.3,83713.3,83641.8,83693.4,6586.0,895.542236328125,-15.26466178894043,-15.267023086547852,910.8068981170654,0.002361297607421875,910.8092594146729
1285,83700.0,83852.0,83700.0,83848.3,8200.0,1013.197021484375,-14.824060440063477,-14.824999809265137,1028.0210819244385,0.0009393692016601562,1028.0220212936401
1286,83855.8,83905.9,83831.3,83862.8,3187.0,840.5985107421875,-14.844210624694824,-14.844501495361328,855.4427213668823,0.00029087066650390625,855.4430122375488
1287,83872.8,83872.9,83650.6,83650.6,4158.0,744.146484375,-19.201805114746094,-19.203048706054688,763.3482894897461,0.00124359130859375,763.3495330810547
1288,83650.5,83652.1,83588.0,83647.7,5952.0,770.0736694335938,-23.029773712158203,-23.032032012939453,793.103443145752,0.00225830078125,793.1057014465332
1289,83645.7,83645.7,83500.1,83538.1,5771.0,595.0496215820312,-27.96090316772461,-27.961172103881836,623.0105247497559,0.0002689361572265625,623.0107936859131
1290,83535.1,83580.0,83469.8,83503.7,7573.0,605.238525390625,-31.363008499145508,-31.36091423034668,636.6015338897705,0.002094268798828125,636.5994396209717
1291,83513.7,83580.8,83482.9,83560.0,4075.0,664.3359375,-31.912782669067383,-31.91489601135254,696.2487201690674,0.00211334228515625,696.2508335113525
1292,83558.1,83583.9,83455.7,83472.6,4779.0,591.1341552734375,-30.9422550201416,-30.939603805541992,622.0764102935791,0.002651214599609375,622.0737590789795
1293,83475.7,83697.7,83460.8,83697.7,7239.0,233.00421142578125,-27.21954917907715,-27.216270446777344,260.2237606048584,0.0032787322998046875,260.2204818725586
1294,83699.2,83728.7,83561.3,83568.8,3836.0,-42.36631774902344,-23.520601272583008,-23.51927947998047,18.84571647644043,0.0013217926025390625,18.84703826904297
1295,83575.0,83868.0,83575.0,83768.7,8085.0,-410.3960876464844,-18.993383407592773,-18.98941421508789,391.4027042388916,0.0039691925048828125,391.4066734313965
1296,83759.3,83801.6,83697.5,83736.2,8254.0,-445.5633239746094,-15.258646965026855,-15.255650520324707,430.3046770095825,0.0029964447021484375,430.30767345428467
1297,83733.7,83895.9,83695.4,83895.1,5175.0,-72.3708267211914,-9.394286155700684,-9.391794204711914,62.97654056549072,0.0024919509887695312,62.97903251647949
1298,83895.1,84172.5,83887.2,84172.5,15440.0,-236.3789520263672,-0.6514285802841187,-0.6479616761207581,235.72752344608307,0.0034669041633605957,235.73099035024643
1299,84172.5,84198.5,84014.1,84014.1,18881.0,-508.2631530761719,4.840000152587891,4.840554714202881,513.1031532287598,0.0005545616149902344,513.1037077903748
1300,83997.4,84091.5,83936.3,84091.5,5203.0,-626.5389404296875,11.033985137939453,11.038169860839844,637.572925567627,0.004184722900390625,637.5771102905273
1301,84094.7,84191.0,84042.3,84116.6,5684.0,-954.7353515625,17.341053009033203,17.342193603515625,972.0764045715332,0.001140594482421875,972.0775451660156
1302,84106.1,84192.9,84071.6,84071.6,3578.0,-1036.9473876953125,22.966917037963867,22.96691131591797,1059.9143047332764,5.7220458984375e-06,1059.9142990112305
1303,84067.3,84262.1,84000.0,84188.2,5813.0,-1307.6231689453125,27.70917320251465,27.711572647094727,1335.3323421478271,0.002399444580078125,1335.3347415924072
1304,84184.0,84268.3,84160.8,84247.8,6726.0,-748.5437622070312,32.278194427490234,32.27779006958008,780.8219566345215,0.00040435791015625,780.8215522766113
1305,84253.9,84347.9,84232.0,84289.8,12553.0,-509.5503845214844,39.05624008178711,39.05609130859375,548.6066246032715,0.000148773193359375,548.6064758300781
1306,84291.0,84482.7,84288.8,84477.0,6928.0,-563.30615234375,48.0739860534668,48.073760986328125,611.3801383972168,0.000225067138671875,611.3799133300781
1307,84474.3,84572.8,84359.7,84463.5,12104.0,-706.1187744140625,52.62556457519531,52.624507904052734,758.7443389892578,0.001056671142578125,758.7432823181152
1308,84491.5,84593.8,84445.5,84593.8,5926.0,-347.4460144042969,57.769622802734375,57.76846694946289,405.21563720703125,0.001155853271484375,405.21448135375977
1309,84594.3,84657.3,84538.5,84556.0,6393.0,-262.6541442871094,59.22105407714844,59.2192268371582,321.8751983642578,0.001827239990234375,321.8733711242676
1310,84561.0,84644.8,84352.5,84355.3,17323.0,-280.5163879394531,55.73202896118164,55.72898864746094,336.24841690063477,0.003040313720703125,336.24537658691406
1311,84363.8,84549.6,84358.7,84520.5,3899.0,-31.094738006591797,54.20751953125,54.20709991455078,85.3022575378418,0.00041961669921875,85.30183792114258
1312,84505.5,84545.4,84432.1,84432.1,5541.0,2845.28662109375,48.599700927734375,48.598045349121094,2796.6869201660156,0.00165557861328125,2796.688575744629
1313,84428.9,84500.3,84385.7,84385.7,5566.0,2882.728759765625,44.43488693237305,44.437530517578125,2838.293872833252,0.002643585205078125,2838.291229248047
1314,84385.6,84501.2,84352.7,84491.3,7929.0,2792.94775390625,38.71669387817383,38.71554946899414,2754.231060028076,0.0011444091796875,2754.232204437256
1315,84491.4,84517.3,84240.4,84367.0,27198.0,3095.332763671875,32.98616409301758,32.98709487915039,3062.3465995788574,0.0009307861328125,3062.3456687927246
1316,84371.1,84579.1,84371.1,84566.3,16838.0,2860.87451171875,28.69624137878418,28.692886352539062,2832.178270339966,0.0033550262451171875,2832.181625366211
1317,84566.3,84657.5,84500.1,84637.2,28911.0,2867.116943359375,26.6718807220459,26.672286987304688,2840.445062637329,0.0004062652587890625,2840.4446563720703
1318,84637.2,84641.0,84500.1,84533.7,4804.0,2285.68212890625,26.435789108276367,26.43714714050293,2259.2463397979736,0.0013580322265625,2259.244981765747
1319,84531.4,84644.5,84385.1,84562.9,35778.0,1724.236083984375,23.572031021118164,23.574893951416016,1700.6640529632568,0.0028629302978515625,1700.661190032959
1320,84565.2,84628.1,84510.1,84607.1,9880.0,1270.086669921875,21.73804473876953,21.740936279296875,1248.3486251831055,0.00289154052734375,1248.3457336425781
1321,84624.0,84749.9,84624.0,84645.2,13423.0,770.2388305664062,20.069774627685547,20.07228660583496,750.1690559387207,0.0025119781494140625,750.1665439605713
1322,84645.2,84691.3,84599.5,84624.6,6810.0,182.2706756591797,16.603910446166992,16.603912353515625,165.6667652130127,1.9073486328125e-06,165.66676330566406
1323,84623.4,84623.4,84466.6,84474.4,7868.0,-379.0345764160156,11.994887351989746,11.999277114868164,391.02946376800537,0.004389762878417969,391.0338535308838
1324,84473.5,84506.1,84339.1,84506.1,8344.0,-906.5392456054688,8.35759449005127,8.358129501342773,914.89684009552,0.0005350112915039062,914.8973751068115
1325,84501.9,84535.7,84425.5,84470.1,5125.0,-983.4301147460938,4.475488662719727,4.477426052093506,987.9056034088135,0.0019373893737792969,987.9075407981873
1326,84473.0,84624.4,84473.0,84570.9,5409.0,-1602.86767578125,4.720300674438477,4.721381664276123,1607.5879764556885,0.0010809898376464844,1607.5890574455261
1327,84573.3,84586.9,84510.2,84570.1,5718.0,-2196.168212890625,4.598796844482422,4.599594593048096,2200.7670097351074,0.0007977485656738281,2200.767807483673
1328,84577.4,84577.4,84502.7,84553.3,5204.0,-2458.57470703125,6.136541366577148,6.134757041931152,2464.711248397827,0.0017843246459960938,2464.709464073181
1329,84557.5,84573.1,84470.5,84474.8,3454.0,-2829.89111328125,6.012932300567627,6.012599945068359,2835.9040455818176,0.0003323554992675781,2835.9037132263184
1330,84494.4,84595.0,84459.5,84595.0,3585.0,-3291.120849609375,4.5612030029296875,4.560743808746338,3295.6820526123047,0.0004591941833496094,3295.6815934181213
1331,84595.0,84641.1,84520.0,84520.0,5515.0,-3846.075927734375,4.28721809387207,4.285473346710205,3850.363145828247,0.0017447471618652344,3850.361401081085
1332,84520.0,84540.0,84436.8,84531.9,2068.0,-1430.0682373046875,2.7846617698669434,2.785167932510376,1432.8528990745544,0.0005061626434326172,1432.8534052371979
1333,84528.5,84623.9,84528.5,84593.7,5397.0,-1214.6802978515625,1.2845113277435303,1.285109281539917,1215.964809179306,0.0005979537963867188,1215.9654071331024
1334,84593.8,84623.9,84580.6,84607.0,2500.0,-1132.7540283203125,1.3317292928695679,1.3294936418533325,1134.085757613182,0.0022356510162353516,1134.0835219621658
1335,84602.0,84632.5,84525.2,84525.2,4342.0,-488.57684326171875,-1.9314285516738892,-1.9312206506729126,486.64541471004486,0.0002079010009765625,486.64562261104584
1336,84495.7,84515.5,84416.9,84435.8,6431.0,-303.1269226074219,-3.5639097690582275,-3.5602736473083496,299.56301283836365,0.0036361217498779297,299.5666489601135
1337,84437.8,84583.7,84433.5,84583.7,3990.0,-278.1082763671875,-1.7627067565917969,-1.7605674266815186,276.3455696105957,0.0021393299102783203,276.347708940506
1338,84585.3,84629.4,84440.0,84440.0,3820.0,-324.16693115234375,-3.5693233013153076,-3.5675222873687744,320.59760785102844,0.0018010139465332031,320.599408864975
1339,84434.2,84550.9,84434.2,84512.1,3444.0,-316.46856689453125,-3.7434587478637695,-3.7425692081451416,312.7251081466675,0.0008895397186279297,312.7259976863861
1340,84500.1,84700.0,84494.2,84683.0,7857.0,-237.50526428222656,-0.7037594318389893,-0.7018796801567078,236.80150485038757,0.0018797516822814941,236.80338460206985
1341,84682.9,84757.3,84664.2,84722.2,6431.0,40.97142791748047,3.3846616744995117,3.3863251209259033,37.58676624298096,0.0016634464263916016,37.585102796554565
1342,84732.9,84821.9,84731.4,84813.0,6394.0,-48.86405944824219,8.330826759338379,8.330551147460938,57.194886207580566,0.00027561187744140625,57.194610595703125
1343,84816.3,84884.7,84795.9,84873.6,6753.0,-82.30075073242188,11.481804847717285,11.485579490661621,93.78255558013916,0.0037746429443359375,93.7863302230835
1344,84876.0,84882.6,84729.1,84737.6,5693.0,-123.73383331298828,12.596992492675781,12.598020553588867,136.33082580566406,0.0010280609130859375,136.33185386657715
1345,84741.8,84950.0,84732.4,84931.7,23302.0,365.92633056640625,15.5645112991333,15.566800117492676,350.36181926727295,0.002288818359375,350.3595304489136
1346,84926.2,84950.0,84926.2,84930.6,3691.0,463.0821228027344,19.414737701416016,19.417234420776367,443.66738510131836,0.0024967193603515625,443.664888381958
1347,84930.5,84976.9,84930.5,84946.3,2009.0,599.0968627929688,22.93593978881836,22.938398361206055,576.1609230041504,0.0024585723876953125,576.1584644317627
1348,84946.2,84959.3,84922.1,84943.4,2789.0,448.481201171875,25.587068557739258,25.587112426757812,422.89413261413574,4.38690185546875e-05,422.8940887451172
1349,84943.5,84987.6,84943.5,84951.5,3120.0,444.7043762207031,26.524511337280273,26.525470733642578,418.17986488342285,0.0009593963623046875,418.17890548706055
1350,84951.6,84976.7,84937.7,84976.7,4769.0,854.2535400390625,29.00240707397461,29.004968643188477,825.2511329650879,0.0025615692138671875,825.248571395874
1351,84986.9,85033.2,84976.6,85021.0,3567.0,724.4270629882812,30.356691360473633,30.359081268310547,694.0703716278076,0.0023899078369140625,694.0679817199707
1352,85023.1,85095.1,84998.7,85054.4,7024.0,583.933837890625,31.625564575195312,31.624799728393555,552.3082733154297,0.0007648468017578125,552.3090381622314
1353,85060.0,85060.0,84988.0,84991.1,5809.0,447.3750305175781,32.176841735839844,32.17642593383789,415.1981887817383,0.000415802001953125,415.19860458374023
1354,84995.0,84995.0,84926.9,84981.1,6869.0,302.68963623046875,32.197593688964844,32.19755554199219,270.4920425415039,3.814697265625e-05,270.49208068847656
1355,84986.9,85125.0,84986.9,85079.5,4883.0,161.2475128173828,31.7672176361084,31.770288467407227,129.4802951812744,0.003070831298828125,129.4772243499756
1356,85078.9,85287.3,85078.9,85214.9,12182.0,128.28482055664062,31.031879425048828,31.03207778930664,97.2529411315918,0.0001983642578125,97.25274276733398
1357,85207.9,85207.9,85091.6,85125.2,5917.0,26.123910903930664,30.177743911743164,30.176286697387695,4.0538330078125,0.00145721435546875,4.052375793457031
1358,85123.3,85191.3,85115.6,85191.3,3562.0,-108.07428741455078,27.181354522705078,27.181407928466797,135.25564193725586,5.340576171875e-05,135.25569534301758
1359,85203.1,85266.4,85172.5,85266.3,7952.0,-225.52781677246094,25.265865325927734,25.26663589477539,250.79368209838867,0.00077056884765625,250.79445266723633
1360,85266.3,85335.9,85224.6,85314.8,4649.0,-197.13925170898438,25.610225677490234,25.60898780822754,222.7494773864746,0.0012378692626953125,222.7482395172119
1361,85314.7,85327.6,85257.9,85290.8,5677.0,286.0400085449219,25.282405853271484,25.277408599853516,260.7576026916504,0.00499725341796875,260.76259994506836
1362,85284.2,85385.0,85284.2,85349.3,4114.0,86.62255859375,26.363609313964844,26.360151290893555,60.258949279785156,0.0034580230712890625,60.262407302856445
1363,85349.3,85349.4,85323.7,85337.2,2560.0,119.6415023803711,27.421653747558594,27.420530319213867,92.2198486328125,0.0011234283447265625,92.22097206115723
1364,85337.2,85337.2,85219.7,85247.9,5227.0,-77.09323120117188,24.366315841674805,24.360614776611328,101.45954704284668,0.0057010650634765625,101.4538459777832
1365,85249.9,85259.9,85178.6,85204.9,5217.0,-134.3389434814453,22.984661102294922,22.983810424804688,157.32360458374023,0.000850677490234375,157.32275390625
1366,85204.9,85235.3,85140.2,85140.2,4989.0,-15.991579055786133,20.255338668823242,20.254575729370117,36.246917724609375,0.000762939453125,36.24615478515625
1367,85140.2,85235.6,85140.2,85232.7,4661.0,-67.08180236816406,18.77924919128418,18.779399871826172,85.86105155944824,0.0001506805419921875,85.86120223999023
1368,85230.2,85332.6,85230.2,85308.8,3567.0,-70.41443634033203,17.915489196777344,17.914825439453125,88.32992553710938,0.00066375732421875,88.32926177978516
1369,85308.7,85325.6,85247.1,85272.4,7719.0,-151.70677185058594,16.107067108154297,16.108722686767578,167.81383895874023,0.00165557861328125,167.81549453735352
1370,85272.4,85299.3,85242.7,85271.8,3274.0,156.651123046875,14.209022521972656,14.209416389465332,142.44210052490234,0.00039386749267578125,142.44170665740967
1371,85271.7,85385.0,85263.6,85385.0,9905.0,179.03970336914062,14.18165397644043,14.182971000671387,164.8580493927002,0.0013170242309570312,164.85673236846924
1372,85396.3,85402.3,85347.9,85376.7,7416.0,49.811126708984375,14.015639305114746,14.017974853515625,35.79548740386963,0.0023355484008789062,35.79315185546875
1373,85376.6,85376.6,85336.1,85336.1,2453.0,-77.38556671142578,11.791277885437012,11.788863182067871,89.1768445968628,0.002414703369140625,89.17442989349365
1374,85340.3,85340.3,85214.1,85227.1,3585.0,-186.66766357421875,7.327218055725098,7.325916290283203,193.99488162994385,0.0013017654418945312,193.99357986450195
1375,85232.9,85265.0,85131.3,85150.6,4884.0,-216.44451904296875,2.9539849758148193,2.9538474082946777,219.39850401878357,0.00013756752014160156,219.39836645126343
1376,85156.9,85264.9,85137.6,85233.7,4093.0,-269.29534912109375,1.801804542541504,1.7998942136764526,271.09715366363525,0.0019103288650512695,271.0952433347702
1377,85217.6,85250.2,85187.9,85187.9,3042.0,-370.0006103515625,-1.4511278867721558,-1.4529311656951904,368.54948246479034,0.001803278923034668,368.5476791858673
1378,85188.0,85219.6,85140.7,85146.9,5387.0,-497.9052734375,-4.343157768249512,-4.342164039611816,493.5621156692505,0.0009937286376953125,493.5631093978882
1379,85147.0,85168.0,85123.9,85168.0,3676.0,-681.3272094726562,-5.680902481079102,-5.678970813751221,675.6463069915771,0.0019316673278808594,675.648238658905
1380,85173.0,85201.1,85145.5,85175.5,2938.0,-264.75640869140625,-5.9963908195495605,-5.995030403137207,258.7600178718567,0.0013604164123535156,258.76137828826904
1381,85175.4,85308.7,85175.4,85271.4,3374.0,186.43849182128906,-5.112180709838867,-5.110590934753418,191.55067253112793,0.0015897750854492188,191.54908275604248
1382,85275.7,85346.8,85275.7,85335.1,4547.0,432.8646545410156,-2.3633081912994385,-2.3632519245147705,435.22796273231506,5.626678466796875e-05,435.2279064655304
1383,85331.1,85396.9,85307.4,85363.7,5691.0,510.6616516113281,0.6219549179077148,0.6230732798576355,510.0396966934204,0.0011183619499206543,510.0385783314705
1384,85363.6,85363.6,85312.6,85317.6,2770.0,275.0556335449219,1.4995489120483398,1.5008810758590698,273.55608463287354,0.0013321638107299805,273.5547524690628
1385,85312.7,85317.4,85182.3,85182.4,4293.0,287.4466247558594,-0.3344360888004303,-0.336548388004303,287.7810608446598,0.0021122992038726807,287.7831731438637
1386,85182.3,85314.3,85164.8,85314.3,6325.0,354.835205078125,-1.2778947353363037,-1.277384877204895,356.1130998134613,0.0005098581314086914,356.1125899553299
1387,85318.0,85318.0,85226.7,85286.0,4384.0,117.59458923339844,-1.4231579303741455,-1.4237312078475952,119.01774716377258,0.000573277473449707,119.01832044124603
1388,85277.4,85298.6,85251.3,85282.4,2589.0,123.12571716308594,-0.4980451166629791,-0.5001938343048096,123.62376227974892,0.0021487176418304443,123.62591099739075
1389,85280.3,85297.1,85264.1,85288.1,4552.0,307.6324768066406,-0.02857142873108387,-0.030198542401194572,307.6610482353717,0.0016271136701107025,307.6626753490418
1390,85288.0,85288.0,85264.0,85276.2,3669.0,128.1669158935547,0.2381954938173294,0.23670700192451477,127.92872039973736,0.0014884918928146362,127.93020889163017
1391,85272.0,85272.0,85151.5,85151.5,3295.0,47.06766891479492,0.5022556185722351,0.5029311776161194,46.56541329622269,0.0006755590438842773,46.5647377371788
1392,85151.5,85151.5,85096.9,85118.3,5627.0,-98.68360900878906,0.5163909792900085,0.5149495005607605,99.19999998807907,0.0014414787292480469,99.19855850934982
1393,85116.5,85162.1,85071.1,85146.1,12648.0,-257.0857238769531,0.6709774732589722,0.6716811656951904,257.7567013502121,0.0007036924362182617,257.7574050426483
1394,85146.1,85163.0,85140.2,85155.3,2485.0,-424.3374328613281,-0.47548872232437134,-0.4755639135837555,423.86194413900375,7.519125938415527e-05,423.86186894774437
1395,85151.3,85174.3,85094.8,85128.9,11086.0,-551.1263427734375,-3.0980451107025146,-3.0998473167419434,548.028297662735,0.001802206039428711,548.0264954566956
1396,85123.5,85173.4,85108.4,85152.5,4074.0,-690.6204833984375,-4.042105197906494,-4.04219913482666,686.578378200531,9.393692016601562e-05,686.5782842636108
1397,85157.6,85200.0,85123.5,85194.5,3695.0,-913.6697998046875,-4.984060287475586,-4.985672950744629,908.6857395172119,0.0016126632690429688,908.6841268539429
1398,85184.5,85184.5,85100.1,85108.0,4026.0,-1083.443603515625,-7.824661731719971,-7.82215690612793,1075.618941783905,0.0025048255920410156,1075.621446609497
1399,85103.8,85173.6,85103.8,85126.0,5888.0,-1330.5855712890625,-10.009624481201172,-10.009821891784668,1320.5759468078613,0.00019741058349609375,1320.5757493972778
1400,85122.7,85122.7,85080.0,85080.0,5181.0,-873.2285766601562,-12.672481536865234,-12.673049926757812,860.556095123291,0.000568389892578125,860.5555267333984
1401,85078.1,85119.0,85066.1,85083.9,5969.0,-737.2030029296875,-13.621654510498047,-13.622791290283203,723.5813484191895,0.00113677978515625,723.5802116394043
1402,85083.9,85083.9,85000.1,85000.1,7568.0,-390.7120361328125,-14.483609199523926,-14.481837272644043,376.2284269332886,0.0017719268798828125,376.23019886016846
1403,85000.0,85000.0,84768.8,84771.3,17413.0,-365.97369384765625,-17.65383529663086,-17.654159545898438,348.3198585510254,0.000324249267578125,348.3195343017578
1404,84778.5,84901.1,84759.3,84759.4,18648.0,-383.0323486328125,-20.832782745361328,-20.833539962768555,362.1995658874512,0.0007572174072265625,362.19880867004395
1405,84759.3,84817.5,84719.9,84794.5,17624.0,-222.6729278564453,-24.809022903442383,-24.806854248046875,197.86390495300293,0.0021686553955078125,197.86607360839844
1406,84797.2,84886.7,84790.4,84886.7,5479.0,-110.08721923828125,-24.79488754272461,-24.797069549560547,85.29233169555664,0.0021820068359375,85.2901496887207
1407,84894.2,85004.6,84875.5,84946.0,4911.0,-159.43458557128906,-23.744661331176758,-23.74397850036621,135.6899242401123,0.000682830810546875,135.69060707092285
1408,84940.0,84940.0,84840.2,84886.5,2696.0,-197.82029724121094,-23.084510803222656,-23.086477279663086,174.73578643798828,0.0019664764404296875,174.73381996154785
1409,84886.5,84920.4,84827.7,84827.7,2818.0,61.199249267578125,-22.58466148376465,-22.583547592163086,83.78391075134277,0.0011138916015625,83.78279685974121
1410,84817.8,84817.8,84573.6,84573.6,10330.0,76.0744400024414,-25.206315994262695,-25.206178665161133,101.2807559967041,0.0001373291015625,101.28061866760254
1411,84573.6,84623.7,84513.1,84548.0,4644.0,178.00827026367188,-29.10977554321289,-29.10700225830078,207.11804580688477,0.002773284912109375,207.11527252197266
1412,84535.2,84575.2,84499.8,84537.8,6736.0,158.73910522460938,-32.771728515625,-32.77032470703125,191.51083374023438,0.00140380859375,191.50942993164062
1413,84545.2,84545.2,84415.2,84437.1,3132.0,113.42631530761719,-36.55970001220703,-36.56019592285156,149.98601531982422,0.00049591064453125,149.98651123046875
1414,84438.1,84441.4,84411.0,84431.5,8019.0,81.17744445800781,-39.21864700317383,-39.2187385559082,120.39609146118164,9.1552734375e-05,120.39618301391602
1415,84431.5,84431.5,84329.5,84329.7,4837.0,6.568420886993408,-42.66165542602539,-42.65991973876953,49.2300763130188,0.001735687255859375,49.22834062576294
1416,84329.6,84573.8,84325.3,84543.5,4916.0,57.15037536621094,-41.47127914428711,-41.472408294677734,98.62165451049805,0.001129150390625,98.62278366088867
1417,84543.5,84674.9,84491.1,84563.8,7479.0,4.326315879821777,-38.414737701416016,-38.41599655151367,42.74105358123779,0.00125885009765625,42.74231243133545
1418,84555.4,84580.1,84402.6,84417.6,5340.0,-29.94962501525879,-37.86827087402344,-37.865447998046875,7.918645858764648,0.0028228759765625,7.915822982788086
1419,84426.5,84583.1,84420.1,84491.6,5714.0,-119.52556610107422,-34.93503952026367,-34.93535614013672,84.59052658081055,0.000316619873046875,84.5902099609375
1420,84489.1,84580.6,84489.1,84493.1,3700.0,-34.227821350097656,-31.75759506225586,-31.756168365478516,2.470226287841797,0.00142669677734375,2.4716529846191406
1421,84493.1,84512.0,84401.3,84492.6,2634.0,-59.056392669677734,-27.643308639526367,-27.6400146484375,31.413084030151367,0.0032939910888671875,31.416378021240234
1422,84473.6,84607.2,84473.6,84543.7,9077.0,-89.12030029296875,-23.228271484375,-23.2277774810791,65.89202880859375,0.0004940032958984375,65.89252281188965
1423,84535.3,84594.5,84535.3,84573.6,3174.0,-164.74737548828125,-21.316390991210938,-21.3148136138916,143.4309844970703,0.0015773773193359375,143.43256187438965
1424,84568.0,84662.5,84558.3,84662.4,4561.0,-190.05262756347656,-18.023759841918945,-18.023906707763672,172.02886772155762,0.0001468658447265625,172.0287208557129
1425,84662.5,84971.1,84662.5,84875.6,23345.0,-186.62481689453125,-10.992481231689453,-10.987141609191895,175.6323356628418,0.005339622497558594,175.63767528533936
1426,84873.3,84873.3,84697.5,84697.5,6030.0,-226.773681640625,-5.1627068519592285,-5.160802364349365,221.61097478866577,0.0019044876098632812,221.61287927627563
1427,84697.5,84697.5,84500.0,84500.0,5918.0,-250.5157928466797,-0.9404511451721191,-0.9351092576980591,249.57534170150757,0.005341887474060059,249.58068358898163
1428,84500.0,84565.7,84439.7,84562.1,4697.0,-248.72030639648438,3.9055638313293457,3.908951997756958,252.62587022781372,0.0033881664276123047,252.62925839424133
1429,84565.1,84598.8,84518.5,84570.2,2522.0,-285.5751953125,8.424962043762207,8.42819595336914,294.0001573562622,0.0032339096069335938,294.00339126586914
1430,84579.0,84671.3,84562.1,84588.8,5727.0,-153.3518829345703,9.5852632522583,9.588151931762695,162.9371461868286,0.0028886795043945312,162.940034866333
1431,84593.0,84593.0,84438.2,84500.6,5311.0,-22.944360733032227,9.058345794677734,9.061090469360352,32.00270652770996,0.0027446746826171875,32.00545120239258
1432,84504.8,84504.8,84356.0,84382.9,4358.0,163.8646697998047,6.762105464935303,6.762729167938232,157.10256433486938,0.0006237030029296875,157.10194063186646
1433,84389.4,84476.9,84312.4,84476.9,7078.0,124.77143096923828,4.448421001434326,4.450229167938232,120.32300996780396,0.00180816650390625,120.32120180130005
1434,84477.0,84488.0,84382.9,84434.7,5544.0,91.07969665527344,1.3861653804779053,1.3866482973098755,89.69353127479553,0.00048291683197021484,89.69304835796356
1435,84447.3,84447.3,84367.8,84444.3,4011.0,80.55940246582031,-3.1521804332733154,-3.15201473236084,83.71158289909363,0.00016570091247558594,83.71141719818115
1436,84444.3,84482.8,84433.5,84462.5,3019.0,86.66917419433594,-4.227970123291016,-4.227214336395264,90.89714431762695,0.0007557868957519531,90.8963885307312
1437,84464.0,84523.8,84395.9,84404.6,4104.0,79.53157806396484,-5.689624309539795,-5.687253475189209,85.22120237350464,0.0023708343505859375,85.21883153915405
1438,84407.5,84426.2,84308.9,84344.0,3211.0,110.21804809570312,-10.080301284790039,-10.081984519958496,120.29834938049316,0.0016832351684570312,120.30003261566162
1439,84331.3,84382.0,84251.4,84285.8,8637.0,58.23383331298828,-14.030376434326172,-14.029088020324707,72.26420974731445,0.0012884140014648438,72.26292133331299
