bar,open,high,low,close,volume,batched,isolated,cpu,abs_bi,abs_ic,abs_bc
0,88066.7,88174.6,88048.0,88155.1,5735.0,0.0,0.0,nan,0.0,nan,nan
1,88146.7,88160.1,88081.7,88081.7,4816.0,0.0,0.0,nan,0.0,nan,nan
2,88080.4,88080.4,87849.9,87850.0,10862.0,0.0,0.0,nan,0.0,nan,nan
3,87857.1,87944.5,87780.2,87930.1,15390.0,0.0,0.0,nan,0.0,nan,nan
4,87930.2,88039.6,87930.2,87991.6,4863.0,0.0,0.0,nan,0.0,nan,nan
5,87980.8,87980.8,87852.6,87856.9,2161.0,0.0,0.0,nan,0.0,nan,nan
6,87862.5,87869.1,87773.9,87797.8,3002.0,0.0,0.0,nan,0.0,nan,nan
7,87794.2,87794.2,87660.4,87672.7,7045.0,0.0,0.0,nan,0.0,nan,nan
8,87672.6,87704.8,87569.3,87664.0,6992.0,0.0,0.0,nan,0.0,nan,nan
9,87657.2,87718.7,87621.5,87639.1,4116.0,0.0,0.0,nan,0.0,nan,nan
10,87649.7,87726.9,87580.2,87580.2,5538.0,0.0,0.0,nan,0.0,nan,nan
11,87583.2,87604.9,87412.0,87430.1,7937.0,0.0,0.0,nan,0.0,nan,nan
12,87427.6,87504.4,87326.9,87504.4,28049.0,0.0,0.0,nan,0.0,nan,nan
13,87505.9,87647.8,87477.7,87600.8,5425.0,0.20641754567623138,0.0,nan,0.20641754567623138,nan,nan
14,87596.5,87649.2,87531.3,87564.6,5409.0,0.20152616500854492,0.0,0.162606343626976,0.20152616500854492,0.162606343626976,0.03891982138156891
15,87564.6,87669.2,87529.0,87648.0,5356.0,0.1985933929681778,0.0,0.16227376461029053,0.1985933929681778,0.16227376461029053,0.03631962835788727
16,87649.4,87731.5,87631.9,87721.9,8400.0,0.2094680219888687,0.0,0.15866601467132568,0.2094680219888687,0.15866601467132568,0.05080200731754303
17,87708.6,87759.6,87682.4,87759.6,6562.0,0.20137251913547516,0.0,0.1535530835390091,0.20137251913547516,0.1535530835390091,0.047819435596466064
18,87750.7,87750.7,87519.8,87519.8,4150.0,0.191904678940773,0.0,0.16254715621471405,0.191904678940773,0.16254715621471405,0.02935752272605896
19,87502.6,87590.1,87498.4,87562.6,3954.0,0.1942162960767746,0.0,0.15834347903728485,0.1942162960767746,0.15834347903728485,0.035872817039489746
20,87566.9,87578.4,87328.7,87343.5,11941.0,0.18444372713565826,0.0,0.16782188415527344,0.18444372713565826,0.16782188415527344,0.016621842980384827
21,87343.4,87344.0,87227.3,87256.3,12379.0,0.18353620171546936,0.0,0.16554373502731323,0.18353620171546936,0.16554373502731323,0.017992466688156128
22,87252.7,87420.8,87252.7,87392.1,3767.0,0.173853799700737,0.0,0.16721919178962708,0.173853799700737,0.16721919178962708,0.006634607911109924
23,87392.1,87404.4,87287.0,87371.4,6300.0,0.1713898777961731,0.0,0.16490940749645233,0.1713898777961731,0.16490940749645233,0.006480470299720764
24,87372.5,87475.6,87339.6,87471.7,3668.0,0.16555821895599365,0.0,0.16406020522117615,0.16555821895599365,0.16406020522117615,0.0014980137348175049
25,87471.1,87484.4,87403.9,87439.2,2831.0,0.1685953587293625,0.0,0.15897423028945923,0.1685953587293625,0.15897423028945923,0.00962112843990326
26,87436.2,87436.2,87315.9,87370.4,3545.0,0.1664159893989563,0.0,0.15781579911708832,0.1664159893989563,0.15781579911708832,0.008600190281867981
27,87363.6,87377.7,87303.3,87303.3,4063.0,0.16091889142990112,0.0,0.15274354815483093,0.16091889142990112,0.15274354815483093,0.00817534327507019
28,87303.2,87318.1,87204.0,87204.0,3420.0,0.15749332308769226,0.0,0.15134082734584808,0.15749332308769226,0.15134082734584808,0.006152495741844177
29,87200.9,87280.4,87200.9,87257.5,3839.0,0.15775156021118164,0.0,0.14695243537425995,0.15775156021118164,0.14695243537425995,0.010799124836921692
30,87263.5,87278.8,87211.2,87226.8,13526.0,0.15560749173164368,0.0,0.1420390009880066,0.15560749173164368,0.1420390009880066,0.013568490743637085
31,87226.1,87258.0,87206.6,87206.6,2066.0,0.1582491397857666,0.0,0.1361338049173355,0.1582491397857666,0.1361338049173355,0.02211533486843109
32,87205.6,87205.6,87154.6,87173.2,5683.0,0.15830804407596588,0.0,0.13071919977664948,0.15830804407596588,0.13071919977664948,0.027588844299316406
33,87173.3,87298.7,87173.3,87286.8,7188.0,0.15686815977096558,0.0,0.13149407505989075,0.15686815977096558,0.13149407505989075,0.02537408471107483
34,87283.7,87286.9,87182.4,87186.8,7126.0,0.15018190443515778,0.0,0.1308029443025589,0.15018190443515778,0.1308029443025589,0.019378960132598877
35,87183.8,87183.8,87080.0,87080.0,7382.0,0.14208458364009857,0.0,0.13036900758743286,0.14208458364009857,0.13036900758743286,0.01171557605266571
36,87080.0,87113.9,86878.6,86895.9,34739.0,0.14141912758350372,0.0,0.14065484702587128,0.14141912758350372,0.14065484702587128,0.0007642805576324463
37,86901.3,86939.1,86776.4,86781.0,17855.0,0.14804556965827942,0.0,0.14417293667793274,0.14804556965827942,0.14417293667793274,0.0038726329803466797
38,86790.1,86895.4,86767.0,86877.6,13092.0,0.1531805694103241,0.0,0.14428259432315826,0.1531805694103241,0.14428259432315826,0.008897975087165833
39,86877.7,86894.4,86752.5,86799.2,5481.0,0.14528879523277283,0.0,0.14577478170394897,0.14528879523277283,0.14577478170394897,0.00048598647117614746
40,86806.7,86985.6,86797.5,86985.6,5524.0,0.16239289939403534,0.0,0.1505182683467865,0.16239289939403534,0.1505182683467865,0.01187463104724884
41,86985.6,87091.2,86985.6,87037.7,6819.0,0.1600942462682724,0.0,0.1483496129512787,0.1600942462682724,0.1483496129512787,0.011744633316993713
42,87042.2,87085.2,87006.2,87022.0,9574.0,0.16330724954605103,0.0,0.14426247775554657,0.16330724954605103,0.14426247775554657,0.019044771790504456
43,87016.0,87059.1,86992.0,87055.7,4562.0,0.1681949347257614,0.0,0.1394117921590805,0.1681949347257614,0.1394117921590805,0.028783142566680908
44,87037.1,87118.4,87034.5,87034.5,4385.0,0.16202709078788757,0.0,0.13637082278728485,0.16202709078788757,0.13637082278728485,0.025656268000602722
45,87034.0,87079.4,86918.0,86918.1,5614.0,0.18672603368759155,0.0,0.14006322622299194,0.18672603368759155,0.14006322622299194,0.04666280746459961
46,86922.3,86999.7,86852.1,86965.0,3934.0,0.18561623990535736,0.0,0.14211179316043854,0.18561623990535736,0.14211179316043854,0.04350444674491882
47,86973.7,87026.1,86973.7,87022.1,3649.0,0.17923849821090698,0.0,0.13688963651657104,0.17923849821090698,0.13688963651657104,0.04234886169433594
48,87024.4,87024.4,86888.0,86937.6,4724.0,0.1752186268568039,0.0,0.13844195008277893,0.1752186268568039,0.13844195008277893,0.03677667677402496
49,86937.7,86946.2,86784.8,86834.6,8186.0,0.19325628876686096,0.0,0.14198271930217743,0.19325628876686096,0.14198271930217743,0.05127356946468353
50,86834.1,86875.0,86816.4,86816.4,3229.0,0.18293119966983795,0.0,0.1366901993751526,0.18293119966983795,0.1366901993751526,0.046241000294685364
51,86811.0,86811.0,86736.8,86747.7,8672.0,0.18784192204475403,0.0,0.13358156383037567,0.18784192204475403,0.13358156383037567,0.05426035821437836
52,86747.7,86754.9,86632.4,86663.7,10621.0,0.18764007091522217,0.0,0.1342567503452301,0.18764007091522217,0.1342567503452301,0.053383320569992065
53,86662.6,86733.1,86656.0,86711.6,5251.0,0.2012467235326767,0.0,0.13094934821128845,0.2012467235326767,0.13094934821128845,0.07029737532138824
54,86713.4,86797.0,86694.8,86776.0,8816.0,0.2128271907567978,0.0,0.12991830706596375,0.2128271907567978,0.12991830706596375,0.08290888369083405
55,86771.9,86843.4,86754.9,86843.1,8289.0,0.21208098530769348,0.0,0.1278243511915207,0.21208098530769348,0.1278243511915207,0.08425663411617279
56,86839.4,86843.2,86788.6,86793.6,4040.0,0.21861328184604645,0.0,0.12325528264045715,0.21861328184604645,0.12325528264045715,0.0953579992055893
57,86791.6,86810.2,86771.6,86771.6,1637.0,0.2082473635673523,0.0,0.11765795201063156,0.2082473635673523,0.11765795201063156,0.09058941155672073
58,86771.7,86775.9,86561.1,86561.5,18764.0,0.20038393139839172,0.0,0.1272435486316681,0.20038393139839172,0.1272435486316681,0.07314038276672363
59,86561.1,86653.2,86547.3,86632.5,11099.0,0.18771164119243622,0.0,0.1267898678779602,0.18771164119243622,0.1267898678779602,0.06092177331447601
60,86623.2,86749.9,86578.5,86691.8,11360.0,0.192966490983963,0.0,0.13177506625652313,0.192966490983963,0.13177506625652313,0.06119142472743988
61,86692.1,86807.3,86674.1,86777.2,4944.0,0.1889771819114685,0.0,0.13320578634738922,0.1889771819114685,0.13320578634738922,0.055771395564079285
62,86777.1,86912.6,86772.8,86888.4,31143.0,0.18096928298473358,0.0,0.135025754570961,0.18096928298473358,0.135025754570961,0.04594352841377258
63,86890.1,86910.7,86847.2,86877.6,6761.0,0.17458760738372803,0.0,0.1306174397468567,0.17458760738372803,0.1306174397468567,0.04397016763687134
64,86880.8,86880.8,86707.1,86707.1,6576.0,0.17168253660202026,0.0,0.13583499193191528,0.17168253660202026,0.13583499193191528,0.03584754467010498
65,86703.9,87030.3,86664.3,87004.3,7093.0,0.1705249845981598,0.0,0.15574942529201508,0.1705249845981598,0.15574942529201508,0.014775559306144714
66,87003.4,87029.3,86934.7,86960.8,9135.0,0.17357482016086578,0.0,0.15246662497520447,0.17357482016086578,0.15246662497520447,0.021108195185661316
67,86961.3,87031.1,86961.3,87016.8,6887.0,0.16800008714199066,0.0,0.14725607633590698,0.16800008714199066,0.14725607633590698,0.02074401080608368
68,87018.6,87098.9,86982.8,87042.9,4779.0,0.1617366075515747,0.0,0.1462242305278778,0.1617366075515747,0.1462242305278778,0.0155123770236969
69,87042.8,87089.4,86993.0,87040.7,3567.0,0.17468278110027313,0.0,0.14369384944438934,0.17468278110027313,0.14369384944438934,0.03098893165588379
70,87052.8,87151.8,87042.7,87146.3,5135.0,0.17173893749713898,0.0,0.14237400889396667,0.17173893749713898,0.14237400889396667,0.029364928603172302
71,87136.8,87202.0,87082.7,87141.6,9808.0,0.17396265268325806,0.0,0.14199014008045197,0.17396265268325806,0.14199014008045197,0.03197251260280609
72,87141.5,87171.3,87077.6,87103.5,9815.0,0.16748367249965668,0.0,0.1395890712738037,0.16748367249965668,0.1395890712738037,0.027894601225852966
73,87120.2,87156.4,87092.1,87139.0,6378.0,0.16256266832351685,0.0,0.1348360925912857,0.16256266832351685,0.1348360925912857,0.02772657573223114
74,87127.1,87285.6,87127.1,87285.6,10418.0,0.15395653247833252,0.0,0.13796520233154297,0.15395653247833252,0.13796520233154297,0.01599133014678955
75,87286.3,87347.0,87230.6,87262.4,6640.0,0.15381814539432526,0.0,0.13767239451408386,0.15381814539432526,0.13767239451408386,0.016145750880241394
76,87267.2,87304.4,87227.4,87265.9,7803.0,0.1429675668478012,0.0,0.1341361105442047,0.1429675668478012,0.1341361105442047,0.008831456303596497
77,87258.1,87397.0,87246.9,87381.6,5966.0,0.13369223475456238,0.0,0.13665981590747833,0.13369223475456238,0.13665981590747833,0.0029675811529159546
78,87379.2,87416.2,87350.2,87382.5,8104.0,0.12665173411369324,0.0,0.13229210674762726,0.12665173411369324,0.13229210674762726,0.005640372633934021
79,87385.3,87385.3,87203.1,87206.5,8375.0,0.13324764370918274,0.0,0.13801373541355133,0.13324764370918274,0.13801373541355133,0.004766091704368591
80,87197.9,87269.5,87184.0,87255.9,5466.0,0.13011935353279114,0.0,0.1350821703672409,0.13011935353279114,0.1350821703672409,0.004962816834449768
81,87257.0,87259.1,87077.1,87085.8,11182.0,0.13096924126148224,0.0,0.14060625433921814,0.13096924126148224,0.14060625433921814,0.009637013077735901
82,87078.5,87191.7,87067.9,87178.3,8493.0,0.1254715770483017,0.0,0.14056821167469025,0.1254715770483017,0.14056821167469025,0.01509663462638855
83,87179.5,87211.0,87081.9,87101.3,4100.0,0.11775580793619156,0.0,0.14123016595840454,0.11775580793619156,0.14123016595840454,0.023474358022212982
84,87101.5,87165.0,87084.1,87164.6,4103.0,0.11710468679666519,0.0,0.1376764178276062,0.11710468679666519,0.1376764178276062,0.02057173103094101
85,87159.0,87263.8,87159.0,87263.8,7991.0,0.1122303158044815,0.0,0.13627506792545319,0.1122303158044815,0.13627506792545319,0.02404475212097168
86,87263.8,87364.8,87257.3,87257.3,12821.0,0.10978976637125015,0.0,0.13535048067569733,0.10978976637125015,0.13535048067569733,0.025560714304447174
87,87254.8,87272.0,87194.2,87201.1,4852.0,0.11293111741542816,0.0,0.13213612139225006,0.11293111741542816,0.13213612139225006,0.0192050039768219
88,87196.9,87344.5,87196.1,87273.3,9019.0,0.11805612593889236,0.0,0.13474194705486298,0.11805612593889236,0.13474194705486298,0.01668582111597061
89,87273.3,87299.0,87234.8,87282.5,4458.0,0.12079937011003494,0.0,0.13035845756530762,0.12079937011003494,0.13035845756530762,0.009559087455272675
90,87282.4,87294.7,87186.6,87234.4,13604.0,0.12064635753631592,0.0,0.1299653798341751,0.12064635753631592,0.1299653798341751,0.009319022297859192
91,87234.5,87344.6,87234.5,87254.1,5698.0,0.12484382838010788,0.0,0.12967641651630402,0.12484382838010788,0.12967641651630402,0.0048325881361961365
92,87254.0,87260.8,87090.8,87090.8,4446.0,0.12149335443973541,0.0,0.13458235561847687,0.12149335443973541,0.13458235561847687,0.013089001178741455
93,87088.6,87156.5,87058.1,87150.2,4771.0,0.11650032550096512,0.0,0.13294890522956848,0.11650032550096512,0.13294890522956848,0.016448579728603363
94,87146.9,87224.5,87120.0,87136.1,7039.0,0.1092379093170166,0.0,0.13203877210617065,0.1092379093170166,0.13203877210617065,0.022800862789154053
95,87147.1,87212.5,87021.3,87200.3,6592.0,0.10666356980800629,0.0,0.1381792426109314,0.10666356980800629,0.1381792426109314,0.03151567280292511
96,87208.9,87303.3,87188.9,87287.3,7835.0,0.10256268829107285,0.0,0.13754281401634216,0.10256268829107285,0.13754281401634216,0.03498012572526932
97,87292.2,87397.9,87289.2,87386.0,6161.0,0.09862257540225983,0.0,0.13661454617977142,0.09862257540225983,0.13661454617977142,0.0379919707775116
98,87393.5,87497.2,87393.5,87484.7,9223.0,0.09354931116104126,0.0,0.13579262793064117,0.09354931116104126,0.13579262793064117,0.042243316769599915
99,87479.7,87499.9,87346.1,87346.1,5379.0,0.09237076342105865,0.0,0.1388702094554901,0.09237076342105865,0.1388702094554901,0.04649944603443146
100,87346.2,87399.9,87346.2,87374.0,3442.0,0.10850202292203903,0.0,0.13330765068531036,0.10850202292203903,0.13330765068531036,0.024805627763271332
101,87368.5,87480.9,87358.2,87448.0,4521.0,0.1088457778096199,0.0,0.1337028294801712,0.1088457778096199,0.1337028294801712,0.0248570516705513
102,87444.3,87446.4,87365.9,87396.3,4579.0,0.11502891778945923,0.0,0.13093619048595428,0.11502891778945923,0.13093619048595428,0.015907272696495056
103,87418.0,87425.2,87303.7,87303.7,4357.0,0.22114932537078857,0.0,0.13165321946144104,0.22114932537078857,0.13165321946144104,0.08949610590934753
104,87298.5,87299.3,87195.9,87228.9,6647.0,0.23989076912403107,0.0,0.131182000041008,0.23989076912403107,0.131182000041008,0.10870876908302307
105,87225.0,87274.1,87190.0,87274.1,6185.0,0.24718926846981049,0.0,0.12863196432590485,0.24718926846981049,0.12863196432590485,0.11855730414390564
106,87269.8,87339.4,87262.9,87336.5,2842.0,0.2520008981227875,0.0,0.1256152242422104,0.2520008981227875,0.1256152242422104,0.1263856738805771
107,87332.8,87389.0,87309.1,87343.0,3113.0,0.25843381881713867,0.0,0.12316806614398956,0.25843381881713867,0.12316806614398956,0.1352657526731491
108,87343.0,87361.8,87296.6,87357.5,5787.0,0.2552143931388855,0.0,0.11968211084604263,0.2552143931388855,0.11968211084604263,0.13553228229284286
109,87367.3,87367.3,87300.2,87324.3,2920.0,0.25975027680397034,0.0,0.11666370928287506,0.25975027680397034,0.11666370928287506,0.14308656752109528
110,87324.1,87420.1,87299.5,87391.6,3281.0,0.2542855441570282,0.0,0.11810439079999924,0.2542855441570282,0.11810439079999924,0.13618115335702896
111,87387.3,87426.6,87367.6,87367.6,3299.0,0.24905121326446533,0.0,0.11452211439609528,0.24905121326446533,0.11452211439609528,0.13452909886837006
112,87370.5,87434.3,87366.8,87434.3,5919.0,0.24078139662742615,0.0,0.11177518963813782,0.24078139662742615,0.11177518963813782,0.12900620698928833
113,87441.1,87441.1,87327.1,87348.1,4270.0,0.24231913685798645,0.0,0.11321597546339035,0.24231913685798645,0.11321597546339035,0.1291031613945961
114,87348.0,87402.0,87325.2,87387.7,2276.0,0.23131436109542847,0.0,0.11135866492986679,0.23131436109542847,0.11135866492986679,0.11995569616556168
115,87379.9,87435.9,87357.2,87418.0,3605.0,0.2542346715927124,0.0,0.10979877412319183,0.2542346715927124,0.10979877412319183,0.14443589746952057
116,87412.0,87412.0,87284.7,87319.5,3262.0,0.24762113392353058,0.0,0.11297488212585449,0.24762113392353058,0.11297488212585449,0.1346462517976761
117,87323.4,87333.8,87269.7,87269.7,3139.0,0.23274408280849457,0.0,0.11021105945110321,0.23274408280849457,0.11021105945110321,0.12253302335739136
118,87268.0,87268.0,87192.3,87228.9,4089.0,0.24134127795696259,0.0,0.10872522741556168,0.24134127795696259,0.10872522741556168,0.1326160505414009
119,87233.8,87283.9,87226.1,87283.9,1985.0,0.23379318416118622,0.0,0.10562531650066376,0.23379318416118622,0.10562531650066376,0.12816786766052246
120,87283.9,87334.5,87282.3,87327.1,2113.0,0.22240136563777924,0.0,0.10230204463005066,0.22240136563777924,0.10230204463005066,0.12009932100772858
121,87327.1,87342.2,87293.3,87342.2,2732.0,0.21154707670211792,0.0,0.09897789359092712,0.21154707670211792,0.09897789359092712,0.1125691831111908
122,87346.3,87440.5,87267.0,87267.0,4450.0,0.20780737698078156,0.0,0.1061883270740509,0.20780737698078156,0.1061883270740509,0.10161904990673065
123,87267.0,87291.5,87154.6,87233.4,12040.0,0.20702126622200012,0.0,0.10985096544027328,0.20702126622200012,0.10985096544027328,0.09717030078172684
124,87229.9,87343.2,87223.0,87322.4,6250.0,0.2223013937473297,0.0,0.11173295974731445,0.2223013937473297,0.11173295974731445,0.11056843400001526
125,87321.5,87395.6,87312.0,87383.6,3558.0,0.22854113578796387,0.0,0.11051307618618011,0.22854113578796387,0.11051307618618011,0.11802805960178375
126,87388.6,87466.1,87370.7,87449.7,5254.0,0.22902145981788635,0.0,0.11033382266759872,0.22902145981788635,0.11033382266759872,0.11868763715028763
127,87450.7,87466.7,87295.4,87343.6,16226.0,0.22906963527202606,0.0,0.11658638715744019,0.22906963527202606,0.11658638715744019,0.11248324811458588
128,87356.8,87381.6,87285.9,87330.1,8568.0,0.24897770583629608,0.0,0.11610322445631027,0.24897770583629608,0.11610322445631027,0.1328744813799858
129,87339.4,87339.4,87218.9,87218.9,4133.0,0.2374688684940338,0.0,0.1178160309791565,0.2374688684940338,0.1178160309791565,0.11965283751487732
130,87202.4,87283.3,87168.3,87237.2,3723.0,0.24127058684825897,0.0,0.11879368126392365,0.24127058684825897,0.11879368126392365,0.12247690558433533
131,87239.7,87262.3,87175.9,87235.0,3241.0,0.24274182319641113,0.0,0.11738555878400803,0.24274182319641113,0.11738555878400803,0.1253562644124031
132,87247.9,87259.9,87183.5,87198.4,4240.0,0.25130516290664673,0.0,0.11530481278896332,0.25130516290664673,0.11530481278896332,0.1360003501176834
133,87205.2,87233.0,87176.7,87185.5,1926.0,0.23611851036548615,0.0,0.11169683188199997,0.23611851036548615,0.11169683188199997,0.12442167848348618
134,87182.6,87182.6,87080.3,87157.2,6053.0,0.26474729180336,0.0,0.112373948097229,0.26474729180336,0.112373948097229,0.15237334370613098
135,87147.5,87234.0,87147.5,87233.0,3708.0,0.27943113446235657,0.0,0.11133940517902374,0.27943113446235657,0.11133940517902374,0.16809172928333282
136,87229.2,87275.8,87143.6,87155.3,7892.0,0.2798672318458557,0.0,0.11431290209293365,0.2798672318458557,0.11431290209293365,0.16555432975292206
137,87155.4,87198.1,87005.4,87017.6,15190.0,0.2890781760215759,0.0,0.12213373184204102,0.2890781760215759,0.12213373184204102,0.1669444441795349
138,87018.5,87075.7,87005.2,87075.7,9681.0,0.2838837206363678,0.0,0.119117371737957,0.2838837206363678,0.119117371737957,0.1647663488984108
139,87068.2,87068.2,86884.7,86918.4,9446.0,0.27239254117012024,0.0,0.12650533020496368,0.27239254117012024,0.12650533020496368,0.14588721096515656
140,86923.9,86925.9,86830.4,86912.9,6178.0,0.2703704833984375,0.0,0.1253252476453781,0.2703704833984375,0.1253252476453781,0.1450452357530594
141,86915.6,87056.8,86915.6,87049.1,8672.0,0.2628835439682007,0.0,0.12799902260303497,0.2628835439682007,0.12799902260303497,0.1348845213651657
142,87049.1,87251.5,87049.1,87242.7,7613.0,0.25054556131362915,0.0,0.13516353070735931,0.25054556131362915,0.13516353070735931,0.11538203060626984
143,87227.2,87331.2,87227.2,87306.4,14326.0,0.23975348472595215,0.0,0.13392604887485504,0.23975348472595215,0.13392604887485504,0.1058274358510971
144,87306.3,87306.3,87113.3,87159.9,50306.0,0.23972061276435852,0.0,0.14039382338523865,0.23972061276435852,0.14039382338523865,0.09932678937911987
145,87164.3,87203.0,87143.6,87181.7,14310.0,0.22879433631896973,0.0,0.1351996511220932,0.22879433631896973,0.1351996511220932,0.09359468519687653
146,87183.5,87394.7,87183.5,87356.0,7122.0,0.2289578765630722,0.0,0.1427084505558014,0.2289578765630722,0.1427084505558014,0.08624942600727081
147,87368.6,87397.5,87249.7,87268.0,3750.0,0.22113783657550812,0.0,0.14474575221538544,0.22113783657550812,0.14474575221538544,0.07639208436012268
148,87266.5,87266.5,87183.7,87217.1,3825.0,0.21428105235099792,0.0,0.1413889080286026,0.21428105235099792,0.1413889080286026,0.07289214432239532
149,87200.8,87325.8,87200.8,87286.3,5999.0,0.20930205285549164,0.0,0.14141468703746796,0.20930205285549164,0.14141468703746796,0.06788736581802368
150,87278.5,87324.1,87270.8,87315.4,3828.0,0.20134234428405762,0.0,0.13563047349452972,0.20134234428405762,0.13563047349452972,0.0657118707895279
151,87315.5,87327.8,87211.1,87211.1,2126.0,0.2148781269788742,0.0,0.1356509029865265,0.2148781269788742,0.1356509029865265,0.07922722399234772
152,87207.4,87207.4,87079.5,87094.4,6031.0,0.21845842897891998,0.0,0.13692334294319153,0.21845842897891998,0.13692334294319153,0.08153508603572845
153,87111.9,87161.5,87092.5,87128.8,4104.0,0.20554110407829285,0.0,0.1327495574951172,0.20554110407829285,0.1327495574951172,0.07279154658317566
154,87116.6,87131.4,87081.3,87081.3,2055.0,0.19836153090000153,0.0,0.1274442821741104,0.19836153090000153,0.1274442821741104,0.07091724872589111
155,87080.0,87080.0,86926.0,86933.7,4617.0,0.19640058279037476,0.0,0.1313019096851349,0.19640058279037476,0.1313019096851349,0.06509867310523987
156,86946.5,87017.3,86910.8,87017.3,4854.0,0.1888219118118286,0.0,0.13054817914962769,0.1888219118118286,0.13054817914962769,0.05827373266220093
157,87023.3,87069.6,86971.3,87004.0,3525.0,0.1952890008687973,0.0,0.1293124556541443,0.1952890008687973,0.1293124556541443,0.06597654521465302
158,87004.9,87153.3,87004.9,87103.2,7838.0,0.19798961281776428,0.0,0.13218212127685547,0.19798961281776428,0.13218212127685547,0.06580749154090881
159,87098.0,87153.9,87067.0,87098.1,2920.0,0.1932036578655243,0.0,0.12987421452999115,0.1932036578655243,0.12987421452999115,0.06332944333553314
160,87101.9,87141.3,87089.1,87089.1,6354.0,0.23248453438282013,0.0,0.12489088624715805,0.23248453438282013,0.12489088624715805,0.10759364813566208
161,87088.1,87152.0,87075.8,87148.2,2718.0,0.25397011637687683,0.0,0.12213723361492157,0.25397011637687683,0.12213723361492157,0.13183288276195526
162,87148.2,87220.1,87142.5,87220.1,3075.0,0.29542842507362366,0.0,0.11967480927705765,0.29542842507362366,0.11967480927705765,0.175753615796566
163,87226.1,87260.8,87217.8,87243.1,2324.0,0.31508904695510864,0.0,0.11461785435676575,0.31508904695510864,0.11461785435676575,0.2004711925983429
164,87250.2,87250.2,87197.9,87236.4,2364.0,0.32567548751831055,0.0,0.11072171479463577,0.32567548751831055,0.11072171479463577,0.21495377272367477
165,87239.3,87340.2,87231.4,87340.1,3636.0,0.3494183421134949,0.0,0.1115892231464386,0.3494183421134949,0.1115892231464386,0.23782911896705627
166,87331.3,87331.3,87163.4,87212.3,16197.0,0.3448224365711212,0.0,0.11824274063110352,0.3448224365711212,0.11824274063110352,0.2265796959400177
167,87209.9,87275.8,87209.9,87275.7,6730.0,0.33826136589050293,0.0,0.1151103526353836,0.33826136589050293,0.1151103526353836,0.22315101325511932
168,87266.9,87281.3,87238.0,87241.9,3204.0,0.3355218172073364,0.0,0.11047449707984924,0.3355218172073364,0.11047449707984924,0.22504732012748718
169,87240.0,87266.2,87151.5,87151.5,3662.0,0.32728835940361023,0.0,0.1120908260345459,0.32728835940361023,0.1120908260345459,0.21519753336906433
170,87144.2,87230.2,87144.2,87230.2,2223.0,0.31934767961502075,0.0,0.11103255301713943,0.31934767961502075,0.11103255301713943,0.20831512659788132
171,87221.2,87257.5,87178.1,87211.1,3237.0,0.3233957886695862,0.0,0.10962721705436707,0.3233957886695862,0.10962721705436707,0.21376857161521912
172,87215.6,87223.3,87083.0,87083.0,6893.0,0.3187069892883301,0.0,0.11345409601926804,0.3187069892883301,0.11345409601926804,0.20525289326906204
173,87081.0,87085.5,86996.2,87006.1,7449.0,0.3115119934082031,0.0,0.11277426034212112,0.3115119934082031,0.11277426034212112,0.198737733066082
174,87003.5,87043.2,87003.5,87043.1,6087.0,0.2910197675228119,0.0,0.10793253034353256,0.2910197675228119,0.10793253034353256,0.18308723717927933
175,87048.4,87072.2,87023.0,87055.9,3957.0,0.30466559529304504,0.0,0.10424540191888809,0.30466559529304504,0.10424540191888809,0.20042019337415695
176,87062.6,87110.1,87036.0,87042.7,3693.0,0.2955973446369171,0.0,0.1028948649764061,0.2955973446369171,0.1028948649764061,0.19270247966051102
177,87048.3,87113.2,87048.3,87113.2,3309.0,0.2853669822216034,0.0,0.10124856233596802,0.2853669822216034,0.10124856233596802,0.18411841988563538
178,87113.2,87170.8,87084.3,87104.6,2723.0,0.2807556688785553,0.0,0.10111908614635468,0.2807556688785553,0.10111908614635468,0.17963658273220062
179,87104.6,87104.6,87035.5,87052.0,4439.0,0.26428791880607605,0.0,0.09962300211191177,0.26428791880607605,0.09962300211191177,0.16466491669416428
180,87046.0,87068.7,87030.2,87033.0,1778.0,0.27345776557922363,0.0,0.09568698704242706,0.27345776557922363,0.09568698704242706,0.17777077853679657
181,87034.8,87046.3,87000.5,87004.0,2719.0,0.2703777253627777,0.0,0.09264165163040161,0.2703777253627777,0.09264165163040161,0.1777360737323761
182,87001.9,87003.2,86893.3,86893.3,8052.0,0.2568114399909973,0.0,0.09523407369852066,0.2568114399909973,0.09523407369852066,0.16157736629247665
183,86893.3,86991.3,86885.6,86970.4,5381.0,0.26530057191848755,0.0,0.09703397750854492,0.26530057191848755,0.09703397750854492,0.16826659440994263
184,86976.8,86988.5,86935.2,86935.2,6084.0,0.2590086758136749,0.0,0.09451848268508911,0.2590086758136749,0.09451848268508911,0.16449019312858582
185,86935.1,86936.0,86728.6,86737.0,15394.0,0.2530156075954437,0.0,0.10504713654518127,0.2530156075954437,0.10504713654518127,0.14796847105026245
186,86737.0,86809.0,86600.0,86688.9,33820.0,0.276167631149292,0.0,0.1148187518119812,0.276167631149292,0.1148187518119812,0.1613488793373108
187,86691.1,86839.5,86691.1,86833.1,5536.0,0.31445884704589844,0.0,0.11882878094911575,0.31445884704589844,0.11882878094911575,0.19563006609678268
188,86830.6,86913.0,86830.6,86846.2,7789.0,0.3174959719181061,0.0,0.11710140854120255,0.3174959719181061,0.11710140854120255,0.20039456337690353
189,86839.2,86842.7,86651.1,86659.8,12443.0,0.3478298485279083,0.0,0.12505199015140533,0.3478298485279083,0.12505199015140533,0.222777858376503
190,86672.6,86716.7,86653.2,86716.7,4318.0,0.3723219633102417,0.0,0.12127400189638138,0.3723219633102417,0.12127400189638138,0.2510479614138603
191,86721.4,86721.4,86618.2,86643.8,3803.0,0.3764069378376007,0.0,0.12121368199586868,0.3764069378376007,0.12121368199586868,0.255193255841732
192,86646.7,86660.6,86403.9,86496.2,24834.0,0.39271706342697144,0.0,0.13394616544246674,0.39271706342697144,0.13394616544246674,0.2587708979845047
193,86500.8,86584.7,86418.7,86453.0,17044.0,0.38128799200057983,0.0,0.13815587759017944,0.38128799200057983,0.13815587759017944,0.2431321144104004
194,86455.9,86497.4,86401.9,86444.9,7346.0,0.36294692754745483,0.0,0.13619068264961243,0.36294692754745483,0.13619068264961243,0.2267562448978424
195,86440.1,86555.3,86408.2,86526.5,4643.0,0.3556225299835205,0.0,0.13848626613616943,0.3556225299835205,0.13848626613616943,0.21713626384735107
196,86526.5,86618.0,86492.5,86541.7,8116.0,0.3421519696712494,0.0,0.13893014192581177,0.3421519696712494,0.13893014192581177,0.20322182774543762
197,86535.9,86535.9,86402.0,86402.1,4754.0,0.33927297592163086,0.0,0.1407642513513565,0.33927297592163086,0.1407642513513565,0.19850872457027435
198,86410.8,86438.8,86176.2,86180.7,17726.0,0.325910359621048,0.0,0.15280982851982117,0.325910359621048,0.15280982851982117,0.1731005311012268
199,86180.7,86411.4,86180.7,86403.0,18165.0,0.35452431440353394,0.0,0.1606011539697647,0.35452431440353394,0.1606011539697647,0.19392316043376923
200,86403.7,86516.5,86308.2,86516.5,9042.0,0.3623616099357605,0.0,0.1661311239004135,0.3623616099357605,0.1661311239004135,0.19623048603534698
201,86520.8,86776.4,86520.8,86756.3,28362.0,0.3754071295261383,0.0,0.1752362996339798,0.3754071295261383,0.1752362996339798,0.2001708298921585
202,86747.8,86747.8,86580.5,86610.5,10924.0,0.3780316412448883,0.0,0.17749148607254028,0.3780316412448883,0.17749148607254028,0.20054015517234802
203,86610.4,86780.8,86590.9,86748.0,15765.0,0.3776753842830658,0.0,0.18018858134746552,0.3776753842830658,0.18018858134746552,0.19748680293560028
204,86748.0,86786.9,86667.8,86706.6,4021.0,0.3574204444885254,0.0,0.17720939218997955,0.3574204444885254,0.17720939218997955,0.18021105229854584
205,86703.3,86798.4,86669.7,86731.1,5333.0,0.3654138743877411,0.0,0.17510397732257843,0.3654138743877411,0.17510397732257843,0.19030989706516266
206,86722.3,86722.3,86635.2,86676.4,11247.0,0.3568650782108307,0.0,0.1706019937992096,0.3568650782108307,0.1706019937992096,0.1862630844116211
207,86694.1,86698.7,86556.8,86579.7,4820.0,0.34845805168151855,0.0,0.17030037939548492,0.34845805168151855,0.17030037939548492,0.17815767228603363
208,86571.2,86596.5,86552.1,86578.7,3897.0,0.3476647734642029,0.0,0.161800816655159,0.3476647734642029,0.161800816655159,0.18586395680904388
209,86574.5,86660.9,86495.6,86495.6,9383.0,0.3390257656574249,0.0,0.16403828561306,0.3390257656574249,0.16403828561306,0.17498748004436493
210,86495.8,86508.7,86253.3,86398.1,9546.0,0.32603317499160767,0.0,0.17360855638980865,0.32603317499160767,0.17360855638980865,0.152424618601799
211,86398.1,86542.0,86398.1,86528.6,8732.0,0.3259325325489044,0.0,0.17284350097179413,0.3259325325489044,0.17284350097179413,0.1530890315771103
212,86531.9,86568.2,86352.6,86352.8,9250.0,0.31012699007987976,0.0,0.17865823209285736,0.31012699007987976,0.17865823209285736,0.1314687579870224
213,86377.2,86444.9,86317.1,86433.1,8618.0,0.3093268871307373,0.0,0.17630396783351898,0.3093268871307373,0.17630396783351898,0.13302291929721832
214,86428.1,86534.8,86383.7,86524.9,4693.0,0.3265860974788666,0.0,0.17601032555103302,0.3265860974788666,0.17601032555103302,0.15057577192783356
215,86525.0,86670.4,86509.6,86589.1,7676.0,0.3243226110935211,0.0,0.17658133804798126,0.3243226110935211,0.17658133804798126,0.14774127304553986
216,86578.0,86640.7,86530.3,86562.6,5424.0,0.3160933256149292,0.0,0.17312893271446228,0.3160933256149292,0.17312893271446228,0.14296439290046692
217,86559.3,86609.8,86391.6,86395.6,13155.0,0.3261457085609436,0.0,0.17911288142204285,0.3261457085609436,0.17911288142204285,0.14703282713890076
218,86404.0,86468.1,86379.2,86466.4,3063.0,0.3193141520023346,0.0,0.17352668941020966,0.3193141520023346,0.17352668941020966,0.14578746259212494
219,86466.4,86488.8,86301.9,86347.8,9455.0,0.30005383491516113,0.0,0.17681385576725006,0.30005383491516113,0.17681385576725006,0.12323997914791107
220,86357.6,86492.7,86353.3,86484.3,4486.0,0.2871001362800598,0.0,0.1758931577205658,0.2871001362800598,0.1758931577205658,0.11120697855949402
221,86475.5,86483.5,86409.6,86432.5,7786.0,0.2859942317008972,0.0,0.16960012912750244,0.2859942317008972,0.16960012912750244,0.11639410257339478
222,86432.5,86488.2,86357.0,86447.1,5794.0,0.2793901264667511,0.0,0.16830013692378998,0.2793901264667511,0.16830013692378998,0.11108998954296112
223,86438.5,86438.5,86282.0,86331.4,7853.0,0.27052226662635803,0.0,0.17014826834201813,0.27052226662635803,0.17014826834201813,0.1003739982843399
224,86328.9,86352.0,85852.6,85882.9,137327.0,0.2645866870880127,0.0,0.20035474002361298,0.2645866870880127,0.20035474002361298,0.06423194706439972
225,85887.1,86099.9,85852.2,86006.9,21941.0,0.25884926319122314,0.0,0.2063465118408203,0.25884926319122314,0.2063465118408203,0.05250275135040283
226,86007.0,86190.6,86007.0,86186.3,11137.0,0.24443893134593964,0.0,0.20643338561058044,0.24443893134593964,0.20643338561058044,0.03800554573535919
227,86187.5,86250.8,86051.9,86138.2,10003.0,0.2351561039686203,0.0,0.20828847587108612,0.2351561039686203,0.20828847587108612,0.02686762809753418
228,86153.7,86259.6,86135.6,86209.9,8193.0,0.23636703193187714,0.0,0.20352379977703094,0.23636703193187714,0.20352379977703094,0.03284323215484619
229,86209.9,86234.3,86131.4,86162.9,4426.0,0.2713649272918701,0.0,0.1976197063922882,0.2713649272918701,0.1976197063922882,0.07374522089958191
230,86167.4,86250.8,86140.2,86152.9,9285.0,0.2580299377441406,0.0,0.1926945298910141,0.2580299377441406,0.1926945298910141,0.06533540785312653
231,86169.3,86169.3,85990.9,86043.0,9036.0,0.25001060962677,0.0,0.19396892189979553,0.25001060962677,0.19396892189979553,0.05604168772697449
232,86033.5,86036.6,85656.5,85703.8,56064.0,0.24400010704994202,0.0,0.21303912997245789,0.24400010704994202,0.21303912997245789,0.03096097707748413
233,85703.9,85852.2,85703.9,85767.8,27207.0,0.2620266377925873,0.0,0.21003390848636627,0.2620266377925873,0.21003390848636627,0.05199272930622101
234,85762.0,85850.4,85727.8,85815.1,7963.0,0.2737196981906891,0.0,0.2051287740468979,0.2737196981906891,0.2051287740468979,0.0685909241437912
235,85832.0,85832.0,85600.1,85702.0,20876.0,0.2601485252380371,0.0,0.21005573868751526,0.2601485252380371,0.21005573868751526,0.05009278655052185
236,85701.9,85803.3,85600.1,85627.9,31337.0,0.2543078660964966,0.0,0.2121705710887909,0.2543078660964966,0.2121705710887909,0.04213729500770569
237,85624.6,85683.4,85558.8,85574.3,29383.0,0.24458558857440948,0.0,0.2075393944978714,0.24458558857440948,0.2075393944978714,0.037046194076538086
238,85574.0,85631.1,85473.9,85502.9,21038.0,0.2534937262535095,0.0,0.20600871741771698,0.2534937262535095,0.20600871741771698,0.04748500883579254
239,85529.6,85593.1,85345.5,85439.8,37207.0,0.2420995682477951,0.0,0.21213483810424805,0.2420995682477951,0.21213483810424805,0.029964730143547058
240,85439.7,85659.3,85427.1,85647.1,10836.0,0.2391306459903717,0.0,0.21587035059928894,0.2391306459903717,0.21587035059928894,0.023260295391082764
241,85625.5,85680.6,85510.3,85680.6,6731.0,0.2321913093328476,0.0,0.2145703136920929,0.2321913093328476,0.2145703136920929,0.0176209956407547
242,85680.5,85680.9,85575.1,85613.4,6608.0,0.23064352571964264,0.0,0.20822705328464508,0.23064352571964264,0.20822705328464508,0.02241647243499756
243,85626.1,85699.9,85549.1,85575.0,10137.0,0.2196417599916458,0.0,0.2060273140668869,0.2196417599916458,0.2060273140668869,0.013614445924758911
244,85598.0,85715.5,85572.4,85672.9,7328.0,0.22473037242889404,0.0,0.20302335917949677,0.22473037242889404,0.20302335917949677,0.021707013249397278
245,85673.0,85999.4,85673.0,85932.5,15574.0,0.21684081852436066,0.0,0.21509140729904175,0.21684081852436066,0.21509140729904175,0.0017494112253189087
246,85934.9,86054.4,85926.3,85992.9,11959.0,0.2201385498046875,0.0,0.21022799611091614,0.2201385498046875,0.21022799611091614,0.009910553693771362
247,86000.8,86040.4,85902.2,85936.9,8689.0,0.2055010050535202,0.0,0.2068253606557846,0.2055010050535202,0.2068253606557846,0.0013243556022644043
248,85937.8,86035.6,85926.0,86014.1,10299.0,0.2041228860616684,0.0,0.20098136365413666,0.2041228860616684,0.20098136365413666,0.0031415224075317383
249,86025.2,86025.2,85833.7,85839.4,5731.0,0.22294236719608307,0.0,0.2029404491186142,0.22294236719608307,0.2029404491186142,0.020001918077468872
250,85839.5,85941.5,85839.4,85930.4,4302.0,0.2172587513923645,0.0,0.19673220813274384,0.2172587513923645,0.19673220813274384,0.020526543259620667
251,85921.9,85930.2,85830.6,85879.7,6486.0,0.21067078411579132,0.0,0.19108814001083374,0.21067078411579132,0.19108814001083374,0.01958264410495758
252,85896.6,85930.0,85835.3,85912.9,4643.0,0.20485085248947144,0.0,0.1852441132068634,0.20485085248947144,0.1852441132068634,0.019606739282608032
253,85912.0,85912.0,85813.0,85827.0,2945.0,0.21138717234134674,0.0,0.18049848079681396,0.21138717234134674,0.18049848079681396,0.030888691544532776
254,85829.2,85829.2,85720.1,85774.1,4394.0,0.2118915319442749,0.0,0.17679454386234283,0.2118915319442749,0.17679454386234283,0.03509698808193207
255,85783.3,85943.9,85783.3,85942.9,5970.0,0.2185598760843277,0.0,0.17795602977275848,0.2185598760843277,0.17795602977275848,0.040603846311569214
256,85925.4,85974.4,85701.9,85718.3,10857.0,0.21118789911270142,0.0,0.18838514387607574,0.21118789911270142,0.18838514387607574,0.02280275523662567
257,85718.3,85718.7,85533.6,85565.1,10773.0,0.1990402787923813,0.0,0.19069427251815796,0.1990402787923813,0.19069427251815796,0.008346006274223328
258,85565.1,85646.5,85544.6,85624.6,4371.0,0.19691558182239532,0.0,0.18545064330101013,0.19691558182239532,0.18545064330101013,0.011464938521385193
259,85624.7,85642.1,85466.0,85526.5,10898.0,0.206081360578537,0.0,0.18710903823375702,0.206081360578537,0.18710903823375702,0.018972322344779968
260,85510.1,85640.6,85480.2,85621.2,6778.0,0.20889714360237122,0.0,0.1869330108165741,0.20889714360237122,0.1869330108165741,0.02196413278579712
261,85621.2,85773.2,85621.2,85727.2,7407.0,0.22740957140922546,0.0,0.186030775308609,0.22740957140922546,0.186030775308609,0.041378796100616455
262,85729.2,85785.5,85703.8,85785.5,9769.0,0.2221265584230423,0.0,0.17942841351032257,0.2221265584230423,0.17942841351032257,0.04269814491271973
263,85785.6,85804.4,85650.4,85658.2,8415.0,0.21734833717346191,0.0,0.17970143258571625,0.21734833717346191,0.17970143258571625,0.037646904587745667
264,85657.3,85657.3,85495.8,85533.1,4775.0,0.20297083258628845,0.0,0.18067219853401184,0.20297083258628845,0.18067219853401184,0.02229863405227661
265,85534.1,85579.5,85432.9,85462.1,9237.0,0.20127710700035095,0.0,0.18015927076339722,0.20127710700035095,0.18015927076339722,0.021117836236953735
266,85469.8,85567.3,85445.9,85535.4,10767.0,0.19334597885608673,0.0,0.1772850900888443,0.19334597885608673,0.1772850900888443,0.01606088876724243
267,85533.0,85579.6,85487.1,85487.2,2838.0,0.1870744824409485,0.0,0.17244349420070648,0.1870744824409485,0.17244349420070648,0.014630988240242004
268,85481.1,85625.0,85474.8,85612.1,6635.0,0.18566928803920746,0.0,0.17242436110973358,0.18566928803920746,0.17242436110973358,0.013244926929473877
269,85604.5,85711.2,85604.5,85687.9,6297.0,0.18174652755260468,0.0,0.16886137425899506,0.18174652755260468,0.16886137425899506,0.01288515329360962
270,85687.5,85792.8,85609.7,85792.8,6186.0,0.17499636113643646,0.0,0.1718519777059555,0.17499636113643646,0.1718519777059555,0.003144383430480957
271,85800.0,85853.5,85674.6,85701.6,7363.0,0.17478622496128082,0.0,0.17465704679489136,0.17478622496128082,0.17465704679489136,0.00012917816638946533
272,85704.4,85796.4,85675.8,85759.0,4660.0,0.17789047956466675,0.0,0.17211788892745972,0.17789047956466675,0.17211788892745972,0.005772590637207031
273,85759.1,85772.3,85654.9,85654.9,4528.0,0.18293827772140503,0.0,0.16980798542499542,0.18293827772140503,0.16980798542499542,0.013130292296409607
274,85663.4,85663.4,85579.3,85613.0,4202.0,0.18347586691379547,0.0,0.16477276384830475,0.18347586691379547,0.16477276384830475,0.018703103065490723
275,85617.9,85650.0,85577.4,85630.5,2748.0,0.18916936218738556,0.0,0.1590280681848526,0.18916936218738556,0.1590280681848526,0.03014129400253296
276,85642.8,85944.7,85642.2,85944.6,6701.0,0.1827041059732437,0.0,0.17324265837669373,0.1827041059732437,0.17324265837669373,0.009461447596549988
277,85933.7,85994.8,85778.8,85800.3,9326.0,0.1822245866060257,0.0,0.17912068963050842,0.1822245866060257,0.17912068963050842,0.003103896975517273
278,85794.2,85898.8,85778.1,85867.2,8023.0,0.18009363114833832,0.0,0.17623679339885712,0.18009363114833832,0.17623679339885712,0.003856837749481201
279,85855.5,85914.1,85800.5,85871.9,6588.0,0.17054274678230286,0.0,0.1730889230966568,0.17054274678230286,0.1730889230966568,0.002546176314353943
280,85866.2,86031.3,85852.7,85988.0,11707.0,0.1676459163427353,0.0,0.175343856215477,0.1676459163427353,0.175343856215477,0.007697939872741699
281,85988.0,86090.0,85977.8,86068.3,5521.0,0.17283496260643005,0.0,0.17197918891906738,0.17283496260643005,0.17197918891906738,0.0008557736873626709
282,86062.7,86078.8,86009.1,86047.9,4429.0,0.19543857872486115,0.0,0.16551823914051056,0.19543857872486115,0.16551823914051056,0.029920339584350586
283,86058.4,86129.3,86037.8,86071.8,4974.0,0.19966985285282135,0.0,0.1612461656332016,0.19966985285282135,0.1612461656332016,0.03842368721961975
284,86067.5,86108.6,86045.0,86058.0,3915.0,0.19236327707767487,0.0,0.15503154695034027,0.19236327707767487,0.15503154695034027,0.037331730127334595
285,86058.0,86125.1,86053.1,86063.0,4532.0,0.2072691023349762,0.0,0.14992518723011017,0.2072691023349762,0.14992518723011017,0.05734391510486603
286,86062.2,86062.2,85998.7,85998.7,2655.0,0.20058807730674744,0.0,0.14466069638729095,0.20058807730674744,0.14466069638729095,0.05592738091945648
287,85999.1,86071.6,85999.0,86045.6,4464.0,0.1925334632396698,0.0,0.1403060406446457,0.1925334632396698,0.1403060406446457,0.05222742259502411
288,86053.5,86057.0,85921.6,85951.1,5981.0,0.4763772785663605,0.0,0.1416795402765274,0.4763772785663605,0.1416795402765274,0.33469773828983307
289,85957.7,85994.0,85936.4,85974.5,3532.0,0.4557998478412628,0.0,0.13630937039852142,0.4557998478412628,0.13630937039852142,0.3194904774427414
290,85967.0,85997.2,85936.1,85997.2,6763.0,0.43984949588775635,0.0,0.13161462545394897,0.43984949588775635,0.13161462545394897,0.3082348704338074
291,85997.2,86001.5,85941.1,85958.6,3057.0,0.41705355048179626,0.0,0.127287358045578,0.41705355048179626,0.127287358045578,0.28976619243621826
292,85971.0,86022.3,85971.0,85995.9,4989.0,0.4220349192619324,0.0,0.12343470007181168,0.4220349192619324,0.12343470007181168,0.2986002191901207
293,85983.3,85996.5,85935.9,85962.2,5489.0,0.39706239104270935,0.0,0.1196984276175499,0.39706239104270935,0.1196984276175499,0.27736396342515945
294,85966.3,85986.7,85891.4,85922.4,8574.0,0.3779875636100769,0.0,0.11912285536527634,0.3779875636100769,0.11912285536527634,0.25886470824480057
295,85918.2,85984.1,85918.2,85975.6,6319.0,0.3821769654750824,0.0,0.11602047085762024,0.3821769654750824,0.11602047085762024,0.26615649461746216
296,85962.7,85986.5,85945.6,85961.5,4096.0,0.3702763319015503,0.0,0.1111493706703186,0.3702763319015503,0.1111493706703186,0.2591269612312317
297,85962.6,86028.1,85961.3,86020.9,4533.0,0.34884050488471985,0.0,0.10868607461452484,0.34884050488471985,0.10868607461452484,0.240154430270195
298,86019.2,86020.8,85968.5,85968.5,2496.0,0.3472057580947876,0.0,0.10533792525529861,0.3472057580947876,0.10533792525529861,0.24186783283948898
299,85964.2,85964.2,85817.3,85832.3,3535.0,0.3313092589378357,0.0,0.11055193841457367,0.3313092589378357,0.11055193841457367,0.22075732052326202
300,85817.3,85865.2,85798.6,85861.3,10066.0,0.3184022605419159,0.0,0.1081613302230835,0.3184022605419159,0.1081613302230835,0.2102409303188324
301,85863.3,85863.3,85794.8,85802.0,9386.0,0.3048941195011139,0.0,0.10620742291212082,0.3048941195011139,0.10620742291212082,0.19868669658899307
302,85800.1,85864.7,85765.8,85810.0,5590.0,0.29137882590293884,0.0,0.10684498399496078,0.29137882590293884,0.10684498399496078,0.18453384190797806
303,85810.1,85859.5,85810.1,85828.0,3362.0,0.2894217073917389,0.0,0.1033119261264801,0.2894217073917389,0.1033119261264801,0.1861097812652588
304,85822.3,85860.8,85822.1,85831.6,5387.0,0.28776833415031433,0.0,0.09914867579936981,0.28776833415031433,0.09914867579936981,0.18861965835094452
305,85822.8,85888.9,85697.6,85697.6,6473.0,0.27938225865364075,0.0,0.10815509408712387,0.27938225865364075,0.10815509408712387,0.17122716456651688
306,85695.3,85766.4,85656.3,85766.1,10213.0,0.2668541669845581,0.0,0.1095191091299057,0.2668541669845581,0.1095191091299057,0.1573350578546524
307,85766.5,85852.0,85671.8,85693.6,3404.0,0.2665348947048187,0.0,0.11680290848016739,0.2665348947048187,0.11680290848016739,0.14973198622465134
308,85702.2,85723.8,85620.9,85622.9,5585.0,0.2518513798713684,0.0,0.11713342368602753,0.2518513798713684,0.11713342368602753,0.13471795618534088
309,85644.7,85647.0,85622.9,85623.0,3111.0,0.24104732275009155,0.0,0.11077722907066345,0.24104732275009155,0.11077722907066345,0.1302700936794281
310,85631.0,85665.0,85631.0,85636.9,4084.0,0.22954900562763214,0.0,0.10635103285312653,0.22954900562763214,0.10635103285312653,0.12319797277450562
311,85636.1,85707.5,85636.1,85703.2,4418.0,0.2223583161830902,0.0,0.10462877154350281,0.2223583161830902,0.10462877154350281,0.1177295446395874
312,85707.8,85771.7,85707.8,85711.1,2704.0,0.2205352485179901,0.0,0.10285487771034241,0.2205352485179901,0.10285487771034241,0.1176803708076477
313,85711.1,85769.9,85687.0,85752.4,4256.0,0.21889324486255646,0.0,0.10236723721027374,0.21889324486255646,0.10236723721027374,0.11652600765228271
314,85748.2,85823.4,85698.3,85698.3,4213.0,0.21356961131095886,0.0,0.1055423766374588,0.21356961131095886,0.1055423766374588,0.10802723467350006
315,85698.2,85706.7,85631.2,85631.2,4632.0,0.20504626631736755,0.0,0.10437819361686707,0.20504626631736755,0.10437819361686707,0.10066807270050049
316,85632.3,85754.7,85625.5,85739.9,3221.0,0.20422157645225525,0.0,0.10756345093250275,0.20422157645225525,0.10756345093250275,0.0966581255197525
317,85747.2,85816.0,85691.2,85715.2,4803.0,0.19520141184329987,0.0,0.11030875146389008,0.19520141184329987,0.11030875146389008,0.08489266037940979
318,85722.2,85737.1,85632.0,85659.7,3118.0,0.19134341180324554,0.0,0.11125996708869934,0.19134341180324554,0.11125996708869934,0.0800834447145462
319,85661.6,85687.8,85644.3,85668.9,5380.0,0.1895112842321396,0.0,0.10692865401506424,0.1895112842321396,0.10692865401506424,0.08258263021707535
320,85664.7,85768.7,85664.7,85768.7,3704.0,0.18122635781764984,0.0,0.1078365221619606,0.18122635781764984,0.1078365221619606,0.07338983565568924
321,85775.8,85825.9,85674.0,85674.0,4334.0,0.17401163280010223,0.0,0.1129087582230568,0.17401163280010223,0.1129087582230568,0.06110287457704544
322,85661.1,85722.1,85629.1,85722.1,3253.0,0.1667027771472931,0.0,0.1125343069434166,0.1667027771472931,0.1125343069434166,0.054168470203876495
323,85718.0,85751.9,85661.0,85667.1,3712.0,0.15691399574279785,0.0,0.11214227229356766,0.15691399574279785,0.11214227229356766,0.044771723449230194
324,85667.1,85696.1,85603.6,85696.1,4164.0,0.15976762771606445,0.0,0.11180683970451355,0.15976762771606445,0.11180683970451355,0.0479607880115509
325,85682.4,85804.0,85669.9,85767.0,16307.0,0.16347119212150574,0.0,0.11490307748317719,0.16347119212150574,0.11490307748317719,0.04856811463832855
326,85759.8,85850.0,85747.8,85850.0,3203.0,0.17319202423095703,0.0,0.11509602516889572,0.17319202423095703,0.11509602516889572,0.05809599906206131
327,85854.0,85901.0,85835.9,85835.9,3468.0,0.16787707805633545,0.0,0.11230988055467606,0.16787707805633545,0.11230988055467606,0.05556719750165939
328,85832.3,85889.4,85832.3,85889.4,4198.0,0.18305924534797668,0.0,0.10897155106067657,0.18305924534797668,0.10897155106067657,0.07408769428730011
329,85890.3,85902.1,85825.9,85852.1,3332.0,0.17711679637432098,0.0,0.10757189244031906,0.17711679637432098,0.10757189244031906,0.06954490393400192
330,85852.1,85930.9,85852.1,85878.5,3155.0,0.16925731301307678,0.0,0.10641133040189743,0.16925731301307678,0.10641133040189743,0.06284598261117935
331,85874.2,85874.2,85692.2,85700.0,4425.0,0.1733001470565796,0.0,0.11454365402460098,0.1733001470565796,0.11454365402460098,0.05875649303197861
332,85699.9,85699.9,85474.5,85474.5,8504.0,0.16263777017593384,0.0,0.12548695504665375,0.16263777017593384,0.12548695504665375,0.03715081512928009
333,85473.9,85526.3,85420.3,85486.2,9694.0,0.17186161875724792,0.0,0.12536455690860748,0.17186161875724792,0.12536455690860748,0.04649706184864044
334,85501.5,85604.9,85480.8,85572.9,10546.0,0.17889656126499176,0.0,0.1266508847475052,0.17889656126499176,0.1266508847475052,0.05224567651748657
335,85568.5,85583.0,85450.0,85493.9,6985.0,0.18062788248062134,0.0,0.12882496416568756,0.18062788248062134,0.12882496416568756,0.05180291831493378
336,85489.0,85582.8,85474.2,85555.8,32121.0,0.17174167931079865,0.0,0.12860287725925446,0.17174167931079865,0.12860287725925446,0.04313880205154419
337,85555.7,85555.7,85450.0,85476.3,4223.0,0.1882835030555725,0.0,0.12836898863315582,0.1882835030555725,0.12836898863315582,0.05991451442241669
338,85480.4,85523.9,85469.1,85472.7,7586.0,0.18386609852313995,0.0,0.12378409504890442,0.18386609852313995,0.12378409504890442,0.060082003474235535
339,85469.1,85523.7,85427.6,85442.0,8565.0,0.19258688390254974,0.0,0.12301766127347946,0.19258688390254974,0.12301766127347946,0.06956922262907028
340,85442.0,85567.2,85442.0,85514.8,5399.0,0.19007275998592377,0.0,0.12459138035774231,0.19007275998592377,0.12459138035774231,0.06548137962818146
341,85512.3,85561.3,85399.6,85561.3,6553.0,0.19664499163627625,0.0,0.12912781536579132,0.19664499163627625,0.12912781536579132,0.06751717627048492
342,85553.0,85729.4,85524.2,85654.8,5704.0,0.20131415128707886,0.0,0.13688500225543976,0.20131415128707886,0.13688500225543976,0.0644291490316391
343,85654.9,85931.1,85654.9,85913.5,16924.0,0.20516112446784973,0.0,0.14969675242900848,0.20516112446784973,0.14969675242900848,0.05546437203884125
344,85914.5,86012.0,85878.8,85878.8,10279.0,0.20585371553897858,0.0,0.15013930201530457,0.20585371553897858,0.15013930201530457,0.05571441352367401
345,85883.0,85996.5,85883.0,85948.5,6728.0,0.19687935709953308,0.0,0.14908386766910553,0.19687935709953308,0.14908386766910553,0.04779548943042755
346,85950.9,85979.7,85879.3,85879.3,3159.0,0.1875549852848053,0.0,0.14689768850803375,0.1875549852848053,0.14689768850803375,0.040657296776771545
347,85875.2,85875.2,85723.7,85741.6,6791.0,0.1767331063747406,0.0,0.14958606660366058,0.1767331063747406,0.14958606660366058,0.027147039771080017
348,85745.6,85828.9,85745.6,85783.2,3525.0,0.17752042412757874,0.0,0.1461028754711151,0.17752042412757874,0.1461028754711151,0.03141754865646362
349,85762.6,85807.2,85753.7,85778.3,2848.0,0.17285896837711334,0.0,0.14012973010540009,0.17285896837711334,0.14012973010540009,0.03272923827171326
350,85768.1,85816.5,85768.1,85816.5,4345.0,0.16441522538661957,0.0,0.13409093022346497,0.16441522538661957,0.13409093022346497,0.030324295163154602
351,85816.6,85888.1,85804.1,85871.0,3167.0,0.1565704643726349,0.0,0.13142120838165283,0.1565704643726349,0.13142120838165283,0.025149255990982056
352,85863.5,85912.7,85846.6,85887.0,7238.0,0.15400773286819458,0.0,0.12750862538814545,0.15400773286819458,0.12750862538814545,0.026499107480049133
353,85889.3,85957.3,85854.7,85957.3,2948.0,0.15517805516719818,0.0,0.1268293559551239,0.15517805516719818,0.1268293559551239,0.02834869921207428
354,85957.2,86040.2,85954.5,86032.3,5187.0,0.16053204238414764,0.0,0.1247829720377922,0.16053204238414764,0.1247829720377922,0.03574907034635544
355,86032.3,86077.6,86003.0,86058.2,4787.0,0.1537884622812271,0.0,0.1220269724726677,0.1537884622812271,0.1220269724726677,0.03176148980855942
356,86056.2,86121.1,86056.1,86056.2,4706.0,0.15920865535736084,0.0,0.118708536028862,0.15920865535736084,0.118708536028862,0.04050011932849884
357,86067.6,86115.4,86056.1,86056.1,3744.0,0.15670937299728394,0.0,0.11515126377344131,0.15670937299728394,0.11515126377344131,0.04155810922384262
358,86056.0,86056.0,85994.5,86026.6,2311.0,0.15226246416568756,0.0,0.11207766830921173,0.15226246416568756,0.11207766830921173,0.04018479585647583
359,86026.5,86060.7,86012.3,86059.4,3384.0,0.15482060611248016,0.0,0.108050137758255,0.15482060611248016,0.108050137758255,0.04677046835422516
360,86052.5,86089.3,86026.7,86087.3,3147.0,0.15271905064582825,0.0,0.10549329966306686,0.15271905064582825,0.10549329966306686,0.04722575098276138
361,86087.2,86164.4,86012.3,86022.5,4912.0,0.15588778257369995,0.0,0.1106615662574768,0.15588778257369995,0.1106615662574768,0.045226216316223145
362,86015.4,86086.4,85968.9,86082.1,4110.0,0.14982476830482483,0.0,0.11243585497140884,0.14982476830482483,0.11243585497140884,0.037388913333415985
363,86062.7,86078.7,86027.4,86062.1,2589.0,0.15702101588249207,0.0,0.10896915197372437,0.15702101588249207,0.10896915197372437,0.0480518639087677
364,86068.1,86117.8,86020.7,86040.4,3568.0,0.1481601744890213,0.0,0.10927164554595947,0.1481601744890213,0.10927164554595947,0.03888852894306183
365,86040.5,86048.8,85957.1,85980.7,3070.0,0.1382233053445816,0.0,0.10915457457304001,0.1382233053445816,0.10915457457304001,0.029068730771541595
366,85978.0,86169.3,85967.8,86135.8,4361.0,0.12961308658123016,0.0,0.1178848072886467,0.12961308658123016,0.1178848072886467,0.011728279292583466
367,86135.8,86248.1,86031.1,86060.6,6480.0,0.13929256796836853,0.0,0.12757067382335663,0.13929256796836853,0.12757067382335663,0.011721894145011902
368,86056.3,86067.4,86014.9,86014.9,2417.0,0.13008439540863037,0.0,0.12288113683462143,0.13008439540863037,0.12288113683462143,0.007203258574008942
369,86010.6,86130.3,86010.6,86121.1,5066.0,0.12331721186637878,0.0,0.12389069050550461,0.12331721186637878,0.12389069050550461,0.000573478639125824
370,86116.7,86126.7,86075.7,86095.0,4595.0,0.11825811862945557,0.0,0.11930744349956512,0.11825811862945557,0.11930744349956512,0.001049324870109558
371,86092.5,86129.6,86060.8,86069.6,2470.0,0.11479771137237549,0.0,0.1165282279253006,0.11479771137237549,0.1165282279253006,0.0017305165529251099
372,86075.4,86081.5,86056.1,86062.0,5649.0,0.11781668663024902,0.0,0.11032232642173767,0.11781668663024902,0.11032232642173767,0.0074943602085113525
373,86056.0,86119.4,86048.2,86119.4,3238.0,0.1193399652838707,0.0,0.10827891528606415,0.1193399652838707,0.10827891528606415,0.011061049997806549
374,86128.0,86220.8,86122.8,86216.6,5249.0,0.1215318888425827,0.0,0.108831986784935,0.1215318888425827,0.108831986784935,0.012699902057647705
375,86204.5,86322.9,86183.2,86192.3,9061.0,0.1251813769340515,0.0,0.11266348510980606,0.1251813769340515,0.11266348510980606,0.012517891824245453
376,86192.2,86192.2,86142.7,86170.0,2753.0,0.12484084814786911,0.0,0.10875412076711655,0.12484084814786911,0.10875412076711655,0.016086727380752563
377,86182.3,86340.0,86182.3,86301.2,7937.0,0.11936882138252258,0.0,0.11490276455879211,0.11936882138252258,0.11490276455879211,0.004466056823730469
378,86305.9,86338.2,86290.0,86290.0,3039.0,0.1157369315624237,0.0,0.11069940030574799,0.1157369315624237,0.11069940030574799,0.00503753125667572
379,86286.2,86309.2,86236.0,86258.9,5341.0,0.1130930483341217,0.0,0.10889110714197159,0.1130930483341217,0.10889110714197159,0.004201941192150116
380,86257.3,86338.3,86244.4,86303.6,3256.0,0.10979413986206055,0.0,0.10883224010467529,0.10979413986206055,0.10883224010467529,0.0009618997573852539
381,86303.6,86309.6,86250.7,86302.4,2599.0,0.1053442731499672,0.0,0.10593467205762863,0.1053442731499672,0.10593467205762863,0.000590398907661438
382,86303.6,86344.9,86277.8,86340.4,4060.0,0.09964626282453537,0.0,0.10387586057186127,0.09964626282453537,0.10387586057186127,0.004229597747325897
383,86338.3,86344.8,86258.4,86286.1,3108.0,0.09837984293699265,0.0,0.10366901010274887,0.09837984293699265,0.10366901010274887,0.005289167165756226
384,86286.4,86309.7,86252.1,86309.7,2156.0,0.09486787766218185,0.0,0.10100477188825607,0.09486787766218185,0.10100477188825607,0.006136894226074219
385,86314.0,86344.9,86299.6,86344.9,3074.0,0.09118784964084625,0.0,0.09749908745288849,0.09118784964084625,0.09749908745288849,0.006311237812042236
386,86344.8,86344.8,86286.7,86324.9,5096.0,0.08664552122354507,0.0,0.09537114948034286,0.08664552122354507,0.09537114948034286,0.00872562825679779
387,86334.8,86338.0,86254.7,86263.5,5631.0,0.08421646803617477,0.0,0.09551917016506195,0.08421646803617477,0.09551917016506195,0.011302702128887177
388,86267.7,86292.5,86240.0,86256.2,2701.0,0.09719020873308182,0.0,0.09305138885974884,0.09719020873308182,0.09305138885974884,0.004138819873332977
389,86254.1,86254.1,86193.9,86207.5,2405.0,0.09148473292589188,0.0,0.09161602705717087,0.09148473292589188,0.09161602705717087,0.0001312941312789917
390,86207.6,86266.1,86207.6,86266.1,6706.0,0.10191570967435837,0.0,0.08986645936965942,0.10191570967435837,0.08986645936965942,0.012049250304698944
391,86267.1,86301.8,86220.0,86237.4,3000.0,0.18584823608398438,0.0,0.09025026112794876,0.18584823608398438,0.09025026112794876,0.09559797495603561
392,86238.3,86307.1,86219.1,86219.1,4243.0,0.21027280390262604,0.0,0.09111199527978897,0.21027280390262604,0.09111199527978897,0.11916080862283707
393,86217.2,86256.4,86160.5,86238.5,3859.0,0.22426040470600128,0.0,0.09252791851758957,0.22426040470600128,0.09252791851758957,0.1317324861884117
394,86242.7,86250.0,86205.0,86214.2,3779.0,0.22443923354148865,0.0,0.08967125415802002,0.22443923354148865,0.08967125415802002,0.13476797938346863
395,86205.6,86205.6,86062.1,86062.1,8078.0,0.21948449313640594,0.0,0.09603723138570786,0.21948449313640594,0.09603723138570786,0.12344726175069809
396,86062.1,86067.8,86017.3,86036.8,5860.0,0.21249829232692719,0.0,0.09339621663093567,0.21249829232692719,0.09339621663093567,0.11910207569599152
397,86033.7,86033.7,85869.9,85932.9,9270.0,0.23264174163341522,0.0,0.10070273280143738,0.23264174163341522,0.10070273280143738,0.13193900883197784
398,85932.5,85949.1,85905.2,85905.2,2510.0,0.24136945605278015,0.0,0.09718990325927734,0.24136945605278015,0.09718990325927734,0.1441795527935028
399,85902.4,85918.0,85846.1,85853.2,5250.0,0.23123691976070404,0.0,0.09628427028656006,0.23123691976070404,0.09628427028656006,0.13495264947414398
400,85864.9,85889.3,85829.6,85867.5,2686.0,0.21669062972068787,0.0,0.09435766935348511,0.21669062972068787,0.09435766935348511,0.12233296036720276
401,85855.7,85940.4,85855.7,85928.9,6484.0,0.21806983649730682,0.0,0.0945955440402031,0.21806983649730682,0.0945955440402031,0.12347429245710373
402,85926.0,85937.7,85894.7,85927.0,2066.0,0.20769532024860382,0.0,0.09141512215137482,0.20769532024860382,0.09141512215137482,0.116280198097229
403,85928.6,86085.2,85894.1,86085.2,17823.0,0.22800332307815552,0.0,0.10058598220348358,0.22800332307815552,0.10058598220348358,0.12741734087467194
404,86085.1,86225.3,86025.6,86058.2,69246.0,0.22448335587978363,0.0,0.11000534892082214,0.22448335587978363,0.11000534892082214,0.11447800695896149
405,86058.2,86058.2,85965.0,85970.3,4219.0,0.21679387986660004,0.0,0.10999606549739838,0.21679387986660004,0.10999606549739838,0.10679781436920166
406,85969.8,86053.8,85968.7,86053.8,2784.0,0.22669091820716858,0.0,0.10910326987504959,0.22669091820716858,0.10910326987504959,0.11758764833211899
407,86054.0,86116.5,86018.3,86113.2,1520.0,0.21348156034946442,0.0,0.10938596725463867,0.21348156034946442,0.10938596725463867,0.10409559309482574
408,86112.1,86142.0,86038.7,86071.7,3330.0,0.20574654638767242,0.0,0.11019399017095566,0.20574654638767242,0.11019399017095566,0.09555255621671677
409,86071.6,86087.8,86033.8,86065.8,3745.0,0.19760602712631226,0.0,0.10681163519620895,0.19760602712631226,0.10681163519620895,0.0907943919301033
410,86070.7,86154.0,86070.7,86154.0,2658.0,0.1951819807291031,0.0,0.10639343410730362,0.1951819807291031,0.10639343410730362,0.08878854662179947
411,86158.8,86187.3,86136.3,86136.3,1825.0,0.18771803379058838,0.0,0.10304338485002518,0.18771803379058838,0.10304338485002518,0.0846746489405632
412,86136.1,86157.2,86093.9,86127.3,2414.0,0.19372005760669708,0.0,0.10094323754310608,0.19372005760669708,0.10094323754310608,0.092776820063591
413,86123.1,86146.9,86092.1,86096.5,2241.0,0.19563129544258118,0.0,0.09831266850233078,0.19563129544258118,0.09831266850233078,0.0973186269402504
414,86107.5,86107.5,86049.8,86084.9,3268.0,0.19900082051753998,0.0,0.09609052538871765,0.19900082051753998,0.09609052538871765,0.10291029512882233
415,86070.8,86144.4,86070.8,86139.5,1926.0,0.18858085572719574,0.0,0.09527354687452316,0.18858085572719574,0.09527354687452316,0.09330730885267258
416,86139.4,86208.2,86112.7,86112.7,2857.0,0.20532964169979095,0.0,0.09641733765602112,0.20532964169979095,0.09641733765602112,0.10891230404376984
417,86129.9,86198.7,86124.3,86198.7,2111.0,0.20138294994831085,0.0,0.09656745195388794,0.20138294994831085,0.09656745195388794,0.10481549799442291
418,86200.0,86219.3,86138.3,86138.3,2441.0,0.21029847860336304,0.0,0.09644943475723267,0.21029847860336304,0.09644943475723267,0.11384904384613037
419,86135.0,86216.6,86133.7,86188.1,3033.0,0.20995165407657623,0.0,0.09637866169214249,0.20995165407657623,0.09637866169214249,0.11357299238443375
420,86192.4,86234.1,86161.2,86211.7,3270.0,0.22008676826953888,0.0,0.09550978988409042,0.22008676826953888,0.09550978988409042,0.12457697838544846
421,86211.6,86254.0,86118.7,86118.7,3784.0,0.20691773295402527,0.0,0.10000523179769516,0.20691773295402527,0.10000523179769516,0.10691250115633011
422,86120.6,86120.6,85981.3,86023.5,3653.0,0.22289574146270752,0.0,0.10453176498413086,0.22289574146270752,0.10453176498413086,0.11836397647857666
423,86038.5,86096.8,86002.0,86002.0,4179.0,0.22970810532569885,0.0,0.1049627885222435,0.22970810532569885,0.1049627885222435,0.12474531680345535
424,85999.1,86081.7,85999.1,86061.1,2863.0,0.2321528196334839,0.0,0.10425423830747604,0.2321528196334839,0.10425423830747604,0.12789858132600784
425,86060.1,86084.1,86005.2,86012.3,3312.0,0.2553974390029907,0.0,0.10341452807188034,0.2553974390029907,0.10341452807188034,0.15198291093111038
426,86012.4,86124.6,85990.8,86002.0,5335.0,0.2655055522918701,0.0,0.10715235769748688,0.2655055522918701,0.10715235769748688,0.15835319459438324
427,85997.7,86007.1,85951.4,85959.4,2851.0,0.25403380393981934,0.0,0.10417661815881729,0.25403380393981934,0.10417661815881729,0.14985718578100204
428,85959.3,85959.3,85800.9,85849.9,5078.0,0.25544363260269165,0.0,0.11004628986120224,0.25544363260269165,0.11004628986120224,0.1453973427414894
429,85857.6,85951.9,85857.6,85947.3,1962.0,0.24452489614486694,0.0,0.11054699122905731,0.24452489614486694,0.11054699122905731,0.13397790491580963
430,85956.3,86015.1,85938.5,85938.6,5221.0,0.24054986238479614,0.0,0.10902796685695648,0.24054986238479614,0.10902796685695648,0.13152189552783966
431,85932.1,85932.1,85836.9,85881.4,6432.0,0.2247323989868164,0.0,0.10976645350456238,0.2247323989868164,0.10976645350456238,0.11496594548225403
432,85891.7,86089.3,85891.7,85985.1,7549.0,0.22368782758712769,0.0,0.11907336860895157,0.22368782758712769,0.11907336860895157,0.10461445897817612
433,85991.3,86020.3,85972.0,85972.0,3266.0,0.21535973250865936,0.0,0.11459765583276749,0.21535973250865936,0.11459765583276749,0.10076207667589188
434,85966.9,85993.7,85933.9,85973.8,3496.0,0.21937993168830872,0.0,0.11137856543064117,0.21937993168830872,0.11137856543064117,0.10800136625766754
435,85961.0,85970.4,85883.3,85888.5,3662.0,0.21663151681423187,0.0,0.1110520288348198,0.21663151681423187,0.1110520288348198,0.10557948797941208
436,85888.0,85888.0,85852.1,85869.9,2574.0,0.2106505036354065,0.0,0.10616979002952576,0.2106505036354065,0.10616979002952576,0.10448071360588074
437,85861.3,85874.5,85800.0,85845.3,2784.0,0.21125777065753937,0.0,0.1048133447766304,0.21125777065753937,0.1048133447766304,0.10644442588090897
438,85850.4,85866.5,85758.0,85774.0,10196.0,0.20455892384052277,0.0,0.10644295066595078,0.20455892384052277,0.10644295066595078,0.09811597317457199
439,85770.5,85770.5,85695.5,85742.7,8930.0,0.22019511461257935,0.0,0.1054154559969902,0.22019511461257935,0.1054154559969902,0.11477965861558914
440,85742.6,85742.6,85650.0,85692.3,5327.0,0.22407692670822144,0.0,0.10567060112953186,0.22407692670822144,0.10567060112953186,0.11840632557868958
441,85692.3,85763.5,85692.3,85763.5,3544.0,0.21555554866790771,0.0,0.10397142916917801,0.21555554866790771,0.10397142916917801,0.1115841194987297
442,85763.4,85831.0,85748.6,85819.0,4699.0,0.20221956074237823,0.0,0.10334061831235886,0.20221956074237823,0.10334061831235886,0.09887894243001938
443,85823.3,85843.9,85761.2,85765.4,4608.0,0.19356518983840942,0.0,0.10290628671646118,0.19356518983840942,0.10290628671646118,0.09065890312194824
444,85765.3,85780.9,85723.6,85729.4,3187.0,0.1858290433883667,0.0,0.10036986321210861,0.1858290433883667,0.10036986321210861,0.08545918017625809
445,85727.3,85764.0,85685.6,85692.1,5761.0,0.19286620616912842,0.0,0.09977604448795319,0.19286620616912842,0.09977604448795319,0.09309016168117523
446,85691.1,85804.9,85654.5,85783.9,3678.0,0.1841209977865219,0.0,0.10507307201623917,0.1841209977865219,0.10507307201623917,0.07904792577028275
447,85784.8,85822.1,85700.1,85700.1,5072.0,0.1891348510980606,0.0,0.10783160477876663,0.1891348510980606,0.10783160477876663,0.08130324631929398
448,85700.0,85700.0,85650.0,85657.6,3991.0,0.21586745977401733,0.0,0.10435692220926285,0.21586745977401733,0.10435692220926285,0.11151053756475449
449,85657.6,85657.6,85601.1,85619.1,7419.0,0.23983097076416016,0.0,0.10165999829769135,0.23983097076416016,0.10165999829769135,0.1381709724664688
450,85619.6,85649.6,85600.0,85600.0,3742.0,0.2942996025085449,0.0,0.09855861216783524,0.2942996025085449,0.09855861216783524,0.1957409903407097
451,85600.0,85667.6,85600.0,85655.6,2979.0,0.3448358178138733,0.0,0.09709662944078445,0.3448358178138733,0.09709662944078445,0.24773918837308884
452,85641.1,85641.1,85606.0,85606.0,3229.0,0.3291788101196289,0.0,0.09435208886861801,0.3291788101196289,0.09435208886861801,0.2348267212510109
453,85600.0,85710.8,85588.3,85681.6,8372.0,0.3496445119380951,0.0,0.09774757921695709,0.3496445119380951,0.09774757921695709,0.251896932721138
454,85677.5,85732.0,85669.1,85717.2,3388.0,0.34541305899620056,0.0,0.09596926718950272,0.34541305899620056,0.09596926718950272,0.24944379180669785
455,85713.0,85839.8,85713.0,85747.9,13622.0,0.34552693367004395,0.0,0.09964468330144882,0.34552693367004395,0.09964468330144882,0.24588225036859512
456,85755.1,85777.9,85710.1,85727.9,4033.0,0.33270561695098877,0.0,0.09819763153791428,0.33270561695098877,0.09819763153791428,0.2345079854130745
457,85714.0,85727.9,85639.6,85686.6,4296.0,0.31905704736709595,0.0,0.09858791530132294,0.31905704736709595,0.09858791530132294,0.220469132065773
458,85687.3,85687.3,85548.0,85615.8,5345.0,0.2980939745903015,0.0,0.10324305295944214,0.2980939745903015,0.10324305295944214,0.19485092163085938
459,85613.0,85663.5,85533.1,85663.5,7573.0,0.3224099278450012,0.0,0.10668814182281494,0.3224099278450012,0.10668814182281494,0.21572178602218628
460,85666.8,85782.0,85618.0,85618.0,8897.0,0.3154968023300171,0.0,0.11280224472284317,0.3154968023300171,0.11280224472284317,0.20269455760717392
461,85621.1,85630.4,85570.6,85627.3,3147.0,0.30596351623535156,0.0,0.10972170531749725,0.30596351623535156,0.10972170531749725,0.1962418109178543
462,85635.8,85697.5,85627.4,85655.6,3532.0,0.2857000231742859,0.0,0.10770504176616669,0.2857000231742859,0.10770504176616669,0.1779949814081192
463,85652.8,85659.1,85604.3,85659.1,4554.0,0.3033222556114197,0.0,0.10457773506641388,0.3033222556114197,0.10457773506641388,0.1987445205450058
464,85669.4,85729.7,85650.1,85672.0,3026.0,0.2988462746143341,0.0,0.10373001545667648,0.2988462746143341,0.10373001545667648,0.19511625915765762
465,85663.3,85706.7,85610.2,85610.2,5217.0,0.2896735370159149,0.0,0.10444170236587524,0.2896735370159149,0.10444170236587524,0.18523183465003967
466,85608.2,85635.8,85570.2,85622.3,3904.0,0.2710515260696411,0.0,0.10243990272283554,0.2710515260696411,0.10243990272283554,0.16861162334680557
467,85629.1,85700.6,85614.6,85677.6,4544.0,0.2599610686302185,0.0,0.10223110020160675,0.2599610686302185,0.10223110020160675,0.15772996842861176
468,85677.6,85714.4,85666.9,85705.9,2819.0,0.25948259234428406,0.0,0.09885625541210175,0.25948259234428406,0.09885625541210175,0.1606263369321823
469,85705.9,85723.0,85666.1,85666.3,2148.0,0.24490365386009216,0.0,0.09658171981573105,0.24490365386009216,0.09658171981573105,0.14832193404436111
470,85666.2,85703.8,85638.3,85682.5,3588.0,0.23980115354061127,0.0,0.0951264277100563,0.23980115354061127,0.0951264277100563,0.14467472583055496
471,85680.5,85730.5,85654.1,85696.0,4799.0,0.24479788541793823,0.0,0.09468565881252289,0.24479788541793823,0.09468565881252289,0.15011222660541534
472,85689.5,85709.4,85627.8,85627.8,5447.0,0.23632612824440002,0.0,0.09479942917823792,0.23632612824440002,0.09479942917823792,0.1415266990661621
473,85625.0,85655.8,85555.5,85559.8,4459.0,0.23746849596500397,0.0,0.09647116810083389,0.23746849596500397,0.09647116810083389,0.14099732786417007
474,85564.9,85657.3,85564.9,85618.3,5351.0,0.2761695384979248,0.0,0.09765326976776123,0.2761695384979248,0.09765326976776123,0.17851626873016357
475,85617.3,85669.2,85602.1,85648.0,2294.0,0.32554924488067627,0.0,0.09624271839857101,0.32554924488067627,0.09624271839857101,0.22930652648210526
476,85647.9,85647.9,85543.9,85583.7,4378.0,0.326284795999527,0.0,0.09812374413013458,0.326284795999527,0.09812374413013458,0.2281610518693924
477,85586.0,85586.0,85548.5,85573.6,3724.0,0.34563010931015015,0.0,0.09425579756498337,0.34563010931015015,0.09425579756498337,0.2513743117451668
478,85573.0,85629.0,85552.6,85624.7,6905.0,0.36204999685287476,0.0,0.0938442051410675,0.36204999685287476,0.0938442051410675,0.26820579171180725
479,85624.7,85624.7,85566.8,85578.8,4323.0,0.35541021823883057,0.0,0.09202095121145248,0.35541021823883057,0.09202095121145248,0.2633892670273781
480,85576.0,85636.0,85562.7,85631.7,6170.0,0.3768724501132965,0.0,0.09150919318199158,0.3768724501132965,0.09150919318199158,0.28536325693130493
481,85615.4,85650.7,85588.0,85604.5,5528.0,0.3698877692222595,0.0,0.09023179113864899,0.3698877692222595,0.09023179113864899,0.27965597808361053
482,85604.4,85608.2,85542.0,85590.6,11641.0,0.35212546586990356,0.0,0.08932516723871231,0.35212546586990356,0.08932516723871231,0.26280029863119125
483,85590.6,85656.1,85501.2,85629.1,8618.0,0.3464675545692444,0.0,0.09582854807376862,0.3464675545692444,0.09582854807376862,0.25063900649547577
484,85619.6,85666.1,85604.8,85666.1,11701.0,0.3354897201061249,0.0,0.09405681490898132,0.3354897201061249,0.09405681490898132,0.24143290519714355
485,85680.0,85762.5,85631.2,85631.2,19912.0,0.3334856629371643,0.0,0.09832608699798584,0.3334856629371643,0.09832608699798584,0.23515957593917847
486,85630.2,85630.2,85558.1,85577.5,8144.0,0.31225326657295227,0.0,0.09746162593364716,0.31225326657295227,0.09746162593364716,0.21479164063930511
487,85599.6,85620.5,85485.0,85518.3,4472.0,0.336607962846756,0.0,0.1018802747130394,0.336607962846756,0.1018802747130394,0.23472768813371658
488,85520.4,85536.4,85455.1,85462.1,3761.0,0.33602020144462585,0.0,0.1014600545167923,0.33602020144462585,0.1014600545167923,0.23456014692783356
489,85469.1,85527.2,85457.5,85527.2,5913.0,0.339491605758667,0.0,0.0999624952673912,0.339491605758667,0.0999624952673912,0.2395291104912758
490,85516.7,85541.7,85474.8,85499.5,4240.0,0.3466363549232483,0.0,0.09844191372394562,0.3466363549232483,0.09844191372394562,0.24819444119930267
491,85499.5,85512.8,85477.6,85496.9,3884.0,0.35013502836227417,0.0,0.09435353428125381,0.35013502836227417,0.09435353428125381,0.25578149408102036
492,85496.9,85516.1,85487.7,85516.1,2319.0,0.3351603150367737,0.0,0.08996634185314178,0.3351603150367737,0.08996634185314178,0.2451939731836319
493,85512.7,85536.2,85505.6,85509.6,2976.0,0.3406195044517517,0.0,0.08610276132822037,0.3406195044517517,0.08610276132822037,0.25451674312353134
494,85514.9,85535.1,85438.1,85513.3,7962.0,0.3387417793273926,0.0,0.088051438331604,0.3387417793273926,0.088051438331604,0.2506903409957886
495,85521.4,85528.7,85482.0,85504.2,7172.0,0.32660189270973206,0.0,0.08567223697900772,0.32660189270973206,0.08567223697900772,0.24092965573072433
496,85504.1,85504.1,85387.9,85458.0,18297.0,0.3338891863822937,0.0,0.08931692689657211,0.3338891863822937,0.08931692689657211,0.2445722594857216
497,85447.9,85491.8,85408.0,85417.6,5314.0,0.325865775346756,0.0,0.08998369425535202,0.325865775346756,0.08998369425535202,0.23588208109140396
498,85429.0,85483.7,85403.2,85461.9,2438.0,0.31662240624427795,0.0,0.09024112671613693,0.31662240624427795,0.09024112671613693,0.22638127952814102
499,85461.9,85513.3,85409.2,85414.0,2979.0,0.3258356750011444,0.0,0.09254729747772217,0.3258356750011444,0.09254729747772217,0.23328837752342224
500,85408.2,85408.2,85161.3,85164.3,39030.0,0.31880509853363037,0.0,0.10738333314657211,0.31880509853363037,0.10738333314657211,0.21142176538705826
501,85160.1,85331.3,85155.4,85173.1,30477.0,0.30113887786865234,0.0,0.11445412784814835,0.30113887786865234,0.11445412784814835,0.186684750020504
502,85168.9,85258.7,85168.9,85220.2,7878.0,0.3328721225261688,0.0,0.11374720185995102,0.3328721225261688,0.11374720185995102,0.2191249206662178
503,85235.2,85317.8,85183.1,85287.0,7815.0,0.3283965289592743,0.0,0.11682052165269852,0.3283965289592743,0.11682052165269852,0.21157600730657578
504,85289.0,85333.4,85262.8,85309.2,6174.0,0.3056730628013611,0.0,0.11435937136411667,0.3056730628013611,0.11435937136411667,0.19131369143724442
505,85313.5,85363.1,85289.8,85333.1,5400.0,0.3291676640510559,0.0,0.11229711771011353,0.3291676640510559,0.11229711771011353,0.21687054634094238
506,85333.0,85333.0,85271.7,85271.7,2489.0,0.31483617424964905,0.0,0.10949406772851944,0.31483617424964905,0.10949406772851944,0.2053421065211296
507,85271.8,85323.1,85250.0,85312.8,4338.0,0.29623842239379883,0.0,0.10774455219507217,0.29623842239379883,0.10774455219507217,0.18849387019872665
508,85314.8,85351.5,85282.4,85288.7,2753.0,0.28846123814582825,0.0,0.10586397349834442,0.28846123814582825,0.10586397349834442,0.18259726464748383
509,85294.6,85294.6,85197.3,85197.3,11465.0,0.27925246953964233,0.0,0.10656565427780151,0.27925246953964233,0.10656565427780151,0.17268681526184082
510,85208.0,85302.4,85180.7,85225.4,21586.0,0.2805960178375244,0.0,0.10912064462900162,0.2805960178375244,0.10912064462900162,0.1714753732085228
511,85233.8,85245.6,85111.1,85164.5,18436.0,0.2649390697479248,0.0,0.11267945915460587,0.2649390697479248,0.11267945915460587,0.15225961059331894
512,85156.0,85156.0,84600.0,84823.2,231593.0,0.25319281220436096,0.0,0.15258777141571045,0.25319281220436096,0.15258777141571045,0.10060504078865051
513,84823.2,84845.1,83173.2,83177.4,590196.0,0.24372702836990356,0.0,0.28806641697883606,0.24372702836990356,0.28806641697883606,0.044339388608932495
514,83177.4,83627.0,81277.3,83373.4,754291.0,0.23248103260993958,0.0,0.4681677520275116,0.23248103260993958,0.4681677520275116,0.23568671941757202
515,83371.8,83867.6,83225.0,83770.1,179103.0,0.22136534750461578,0.0,0.4874614477157593,0.22136534750461578,0.4874614477157593,0.2660961002111435
516,83761.6,83783.0,83156.9,83492.3,111964.0,0.22866493463516235,0.0,0.5077125430107117,0.22866493463516235,0.5077125430107117,0.2790476083755493
517,83492.3,84050.5,83441.5,83955.1,58244.0,0.2545417845249176,0.0,0.5206618905067444,0.2545417845249176,0.5206618905067444,0.2661201059818268
518,83955.3,84024.7,83683.2,83978.0,66531.0,0.24757233262062073,0.0,0.512386679649353,0.24757233262062073,0.512386679649353,0.2648143470287323
519,83986.2,84147.0,83954.7,84055.5,37277.0,0.24302494525909424,0.0,0.49168992042541504,0.24302494525909424,0.49168992042541504,0.2486649751663208
520,84058.4,84486.0,83945.4,84261.5,47252.0,0.23560573160648346,0.0,0.5012798309326172,0.23560573160648346,0.5012798309326172,0.26567409932613373
521,84261.4,84480.4,84261.4,84371.1,38379.0,0.245618999004364,0.0,0.4834100306034088,0.245618999004364,0.4834100306034088,0.2377910315990448
522,84371.2,84436.2,84079.0,84251.8,25485.0,0.2463240623474121,0.0,0.4798000156879425,0.2463240623474121,0.4798000156879425,0.2334759533405304
523,84251.8,84439.8,84130.6,84414.2,33484.0,0.24079300463199615,0.0,0.47083452343940735,0.24079300463199615,0.47083452343940735,0.2300415188074112
524,84413.2,84460.5,84326.4,84340.9,25856.0,0.24103836715221405,0.0,0.44894057512283325,0.24103836715221405,0.44894057512283325,0.2079022079706192
525,84340.9,84366.2,84005.9,84104.9,21710.0,0.22960515320301056,0.0,0.4486430883407593,0.22960515320301056,0.4486430883407593,0.21903793513774872
526,84104.8,84108.3,83916.0,83972.3,26099.0,0.22926504909992218,0.0,0.4336121678352356,0.22926504909992218,0.4336121678352356,0.20434711873531342
527,83972.3,84125.8,83823.2,84004.7,42567.0,0.23137886822223663,0.0,0.42821386456489563,0.23137886822223663,0.42821386456489563,0.196834996342659
528,84000.4,84076.4,83764.7,83946.5,24317.0,0.2217545360326767,0.0,0.4244244694709778,0.2217545360326767,0.4244244694709778,0.2026699334383011
529,83948.4,83962.7,83800.6,83923.2,12939.0,0.21175791323184967,0.0,0.40801459550857544,0.21175791323184967,0.40801459550857544,0.19625668227672577
530,83923.3,84363.1,83896.8,84276.2,35765.0,0.21053549647331238,0.0,0.41680556535720825,0.21053549647331238,0.41680556535720825,0.20627006888389587
531,84271.9,84271.9,84119.9,84125.6,8578.0,0.20367531478405,0.0,0.40099796652793884,0.20367531478405,0.40099796652793884,0.19732265174388885
532,84125.6,84214.1,84125.6,84201.1,7444.0,0.21505935490131378,0.0,0.3795289099216461,0.21505935490131378,0.3795289099216461,0.16446955502033234
533,84206.6,84230.6,83950.7,84025.7,13118.0,0.20943067967891693,0.0,0.3769489824771881,0.20943067967891693,0.3769489824771881,0.16751830279827118
534,84025.6,84046.8,83888.0,83892.8,13711.0,0.20645928382873535,0.0,0.3640989661216736,0.20645928382873535,0.3640989661216736,0.15763968229293823
535,83892.9,83942.0,83773.1,83924.9,18049.0,0.19754807651042938,0.0,0.3523375391960144,0.19754807651042938,0.3523375391960144,0.15478946268558502
536,83930.0,84106.7,83911.3,84093.5,17280.0,0.19869382679462433,0.0,0.3431123197078705,0.19869382679462433,0.3431123197078705,0.14441849291324615
537,84093.5,84106.8,83890.5,83890.5,12428.0,0.20953921973705292,0.0,0.3377918601036072,0.20953921973705292,0.3377918601036072,0.12825264036655426
538,83890.5,84011.9,83836.9,84000.0,12719.0,0.20550018548965454,0.0,0.3281359374523163,0.20550018548965454,0.3281359374523163,0.12263575196266174
539,83999.9,84104.6,83965.8,84031.3,23635.0,0.20087158679962158,0.0,0.31638288497924805,0.20087158679962158,0.31638288497924805,0.11551129817962646
540,84027.0,84062.7,83935.3,83956.4,10085.0,0.19465166330337524,0.0,0.3048856854438782,0.19465166330337524,0.3048856854438782,0.11023402214050293
541,83954.4,84113.1,83954.4,84077.6,8905.0,0.20472495257854462,0.0,0.2961827218532562,0.20472495257854462,0.2961827218532562,0.09145776927471161
542,84071.4,84106.1,83906.4,83943.9,8605.0,0.2246917486190796,0.0,0.29245778918266296,0.2246917486190796,0.29245778918266296,0.06776604056358337
543,83943.9,83977.6,83786.0,83829.0,14854.0,0.2299748808145523,0.0,0.28826606273651123,0.2299748808145523,0.28826606273651123,0.05829118192195892
544,83828.9,83834.2,83682.8,83769.5,25721.0,0.22146965563297272,0.0,0.28077584505081177,0.22146965563297272,0.28077584505081177,0.05930618941783905
545,83753.6,84164.5,83737.6,84164.5,19937.0,0.20954161882400513,0.0,0.2957267463207245,0.20954161882400513,0.2957267463207245,0.08618512749671936
546,84166.5,84403.6,84152.8,84233.0,27365.0,0.20055356621742249,0.0,0.2956480383872986,0.20055356621742249,0.2956480383872986,0.0950944721698761
547,84222.5,84290.3,84123.7,84247.0,19768.0,0.20199665427207947,0.0,0.2886092960834503,0.20199665427207947,0.2886092960834503,0.08661264181137085
548,84248.0,84306.9,84207.2,84235.9,8087.0,0.1890980452299118,0.0,0.276483416557312,0.1890980452299118,0.276483416557312,0.08738537132740021
549,84229.8,84299.8,84133.2,84277.6,6664.0,0.2011367827653885,0.0,0.2707270383834839,0.2011367827653885,0.2707270383834839,0.0695902556180954
550,84276.6,84300.0,84145.9,84204.3,6741.0,0.1910676658153534,0.0,0.26468032598495483,0.1910676658153534,0.26468032598495483,0.07361266016960144
551,84197.3,84496.8,84197.3,84421.5,10103.0,0.1903914362192154,0.0,0.27048277854919434,0.1903914362192154,0.27048277854919434,0.08009134232997894
552,84412.1,84619.0,84398.1,84521.6,14509.0,0.18602068722248077,0.0,0.26953309774398804,0.18602068722248077,0.26953309774398804,0.08351241052150726
553,84521.1,84690.3,84521.1,84637.8,8961.0,0.17599445581436157,0.0,0.2642160654067993,0.17599445581436157,0.2642160654067993,0.08822160959243774
554,84628.4,84635.7,84452.7,84481.3,14046.0,0.17186731100082397,0.0,0.26144757866859436,0.17186731100082397,0.26144757866859436,0.08958026766777039
555,84493.9,84667.9,84477.9,84667.9,7251.0,0.1687297374010086,0.0,0.25826671719551086,0.1687297374010086,0.25826671719551086,0.08953697979450226
556,84675.9,84698.7,84520.8,84541.7,10289.0,0.17240482568740845,0.0,0.25520822405815125,0.17240482568740845,0.25520822405815125,0.0828033983707428
557,84550.2,84617.9,84520.8,84568.8,10589.0,0.1677008420228958,0.0,0.24510453641414642,0.1677008420228958,0.24510453641414642,0.07740369439125061
558,84573.0,84583.0,84431.4,84437.8,19801.0,0.16694198548793793,0.0,0.24077461659908295,0.16694198548793793,0.24077461659908295,0.07383263111114502
559,84437.8,84500.3,84329.1,84345.4,20059.0,0.1738363355398178,0.0,0.23831917345523834,0.1738363355398178,0.23831917345523834,0.06448283791542053
560,84345.5,84547.8,84322.4,84523.8,12934.0,0.17733140289783478,0.0,0.23987706005573273,0.17733140289783478,0.23987706005573273,0.06254565715789795
561,84512.0,84575.5,84351.8,84454.9,17389.0,0.17424829304218292,0.0,0.24184460937976837,0.17424829304218292,0.24184460937976837,0.06759631633758545
562,84463.3,84559.9,84418.1,84488.0,6071.0,0.1675495207309723,0.0,0.23646992444992065,0.1675495207309723,0.23646992444992065,0.06892040371894836
563,84483.7,84575.3,84410.1,84568.3,16707.0,0.16646267473697662,0.0,0.23332354426383972,0.16646267473697662,0.23332354426383972,0.0668608695268631
564,84566.0,84633.5,84500.0,84500.1,6184.0,0.1648905873298645,0.0,0.22811728715896606,0.1648905873298645,0.22811728715896606,0.06322669982910156
565,84505.0,84508.1,84367.5,84380.3,5297.0,0.1602061539888382,0.0,0.22402597963809967,0.1602061539888382,0.22402597963809967,0.06381982564926147
566,84380.2,84382.3,84259.6,84263.9,13940.0,0.16133926808834076,0.0,0.21871207654476166,0.16133926808834076,0.21871207654476166,0.0573728084564209
567,84267.2,84388.4,84245.3,84335.2,13017.0,0.15295347571372986,0.0,0.2150382101535797,0.15295347571372986,0.2150382101535797,0.062084734439849854
568,84333.1,84359.2,84254.9,84281.2,5456.0,0.15079043805599213,0.0,0.20864613354206085,0.15079043805599213,0.20864613354206085,0.057855695486068726
569,84299.1,84302.4,84183.8,84222.4,6337.0,0.1496460735797882,0.0,0.2039366364479065,0.1496460735797882,0.2039366364479065,0.054290562868118286
570,84218.2,84288.9,84185.7,84259.6,17105.0,0.17042607069015503,0.0,0.19803419709205627,0.17042607069015503,0.19803419709205627,0.027608126401901245
571,84256.1,84401.5,84256.1,84368.0,3991.0,0.16914035379886627,0.0,0.19596251845359802,0.16914035379886627,0.19596251845359802,0.02682216465473175
572,84356.6,84422.5,84348.0,84416.0,3753.0,0.1627824306488037,0.0,0.188165545463562,0.1627824306488037,0.188165545463562,0.0253831148147583
573,84412.6,84423.2,84229.5,84233.8,7003.0,0.17475523054599762,0.0,0.19152872264385223,0.17475523054599762,0.19152872264385223,0.016773492097854614
574,84241.4,84258.3,84025.8,84087.2,20531.0,0.16990122199058533,0.0,0.19790805876255035,0.16990122199058533,0.19790805876255035,0.028006836771965027
575,84092.5,84117.3,83974.2,84081.9,12807.0,0.16182798147201538,0.0,0.1959393471479416,0.16182798147201538,0.1959393471479416,0.03411136567592621
576,84074.3,84074.3,83921.5,83966.6,11815.0,0.44198286533355713,0.0,0.19583825767040253,0.44198286533355713,0.19583825767040253,0.2461446076631546
577,83961.5,84018.2,83932.4,83996.5,7262.0,0.4211733639240265,0.0,0.18908169865608215,0.4211733639240265,0.18908169865608215,0.23209166526794434
578,83990.5,84098.4,83954.6,84026.7,16272.0,0.4112916886806488,0.0,0.18773649632930756,0.4112916886806488,0.18773649632930756,0.22355519235134125
579,84031.0,84091.9,83981.0,83997.6,4046.0,0.39843612909317017,0.0,0.1838175505399704,0.39843612909317017,0.1838175505399704,0.21461857855319977
580,83996.6,83996.6,83856.6,83871.3,10885.0,0.3948989808559418,0.0,0.18295297026634216,0.3948989808559418,0.18295297026634216,0.2119460105895996
581,83862.0,83979.0,83819.5,83926.6,18306.0,0.3694080114364624,0.0,0.18334773182868958,0.3694080114364624,0.18334773182868958,0.18606027960777283
582,83926.6,83954.9,83751.1,83780.1,10925.0,0.3474033772945404,0.0,0.187924325466156,0.3474033772945404,0.187924325466156,0.1594790518283844
583,83780.9,83881.9,83754.6,83777.5,17305.0,0.3567729890346527,0.0,0.1853598952293396,0.3567729890346527,0.1853598952293396,0.1714130938053131
584,83779.5,83873.5,83750.0,83805.9,31807.0,0.3500731587409973,0.0,0.18258759379386902,0.3500731587409973,0.18258759379386902,0.1674855649471283
585,83796.8,83874.7,83724.6,83741.9,29439.0,0.33695775270462036,0.0,0.18247827887535095,0.33695775270462036,0.18247827887535095,0.1544794738292694
586,83742.0,83828.0,83732.8,83768.1,8394.0,0.33479568362236023,0.0,0.17750902473926544,0.33479568362236023,0.17750902473926544,0.1572866588830948
587,83770.4,83983.2,83770.4,83963.1,9143.0,0.3221645653247833,0.0,0.18274599313735962,0.3221645653247833,0.18274599313735962,0.1394185721874237
588,83963.1,83990.8,83844.3,83872.8,6328.0,0.3155784606933594,0.0,0.18235178291797638,0.3155784606933594,0.18235178291797638,0.133226677775383
589,83864.7,83890.0,83728.7,83728.7,8651.0,0.30194953083992004,0.0,0.18337823450565338,0.30194953083992004,0.18337823450565338,0.11857129633426666
590,83724.6,83753.9,83626.6,83653.1,15237.0,0.28822362422943115,0.0,0.18130312860012054,0.28822362422943115,0.18130312860012054,0.10692049562931061
591,83675.5,83764.3,83633.8,83699.0,17326.0,0.27950358390808105,0.0,0.17939743399620056,0.27950358390808105,0.17939743399620056,0.1001061499118805
592,83691.8,83697.5,83576.0,83692.0,14180.0,0.28349462151527405,0.0,0.1770949363708496,0.28349462151527405,0.1770949363708496,0.10639968514442444
593,83700.4,83828.0,83700.4,83768.1,20744.0,0.2772684097290039,0.0,0.17589254677295685,0.2772684097290039,0.17589254677295685,0.10137586295604706
594,83774.0,83820.8,83635.4,83701.0,9920.0,0.2696620225906372,0.0,0.17928121984004974,0.2696620225906372,0.17928121984004974,0.09038080275058746
595,83695.9,83786.6,83679.7,83783.8,10010.0,0.268327921628952,0.0,0.17542436718940735,0.268327921628952,0.17542436718940735,0.09290355443954468
596,83788.0,83862.9,83781.0,83817.1,13303.0,0.2523057758808136,0.0,0.16980867087841034,0.2523057758808136,0.16980867087841034,0.08249710500240326
597,83817.2,83858.6,83785.7,83799.7,6080.0,0.23764176666736603,0.0,0.1639258861541748,0.23764176666736603,0.1639258861541748,0.07371588051319122
598,83799.7,83824.4,83707.4,83715.0,7485.0,0.22639767825603485,0.0,0.1623537540435791,0.22639767825603485,0.1623537540435791,0.06404392421245575
599,83715.0,83733.2,83636.1,83636.1,6127.0,0.2152535617351532,0.0,0.15919212996959686,0.2152535617351532,0.15919212996959686,0.056061431765556335
600,83636.1,83795.2,83636.1,83779.9,4312.0,0.20824232697486877,0.0,0.16113214194774628,0.20824232697486877,0.16113214194774628,0.0471101850271225
601,83786.9,83894.1,83751.7,83868.9,21353.0,0.21076124906539917,0.0,0.1615915596485138,0.21076124906539917,0.1615915596485138,0.049169689416885376
602,83864.7,83915.9,83809.1,83887.5,8606.0,0.20496493577957153,0.0,0.15910957753658295,0.20496493577957153,0.15910957753658295,0.045855358242988586
603,83887.4,83939.8,83877.6,83920.3,3860.0,0.20476332306861877,0.0,0.15298061072826385,0.20476332306861877,0.15298061072826385,0.05178271234035492
604,83924.6,83989.8,83863.2,83921.5,6033.0,0.19699077308177948,0.0,0.1528262346982956,0.19699077308177948,0.1528262346982956,0.04416453838348389
605,83922.5,83976.3,83825.6,83833.7,6568.0,0.18659181892871857,0.0,0.15489834547042847,0.18659181892871857,0.15489834547042847,0.0316934734582901
606,83833.7,83873.5,83730.9,83853.3,9538.0,0.18423853814601898,0.0,0.1559477597475052,0.18423853814601898,0.1559477597475052,0.028290778398513794
607,83863.5,83867.6,83690.1,83711.3,9399.0,0.18616820871829987,0.0,0.1601998656988144,0.18616820871829987,0.1601998656988144,0.025968343019485474
608,83705.2,83764.7,83688.8,83724.5,6364.0,0.18371763825416565,0.0,0.15520940721035004,0.18371763825416565,0.15520940721035004,0.028508231043815613
609,83722.3,83730.0,83650.2,83656.4,5595.0,0.17500948905944824,0.0,0.15105366706848145,0.17500948905944824,0.15105366706848145,0.023955821990966797
610,83652.4,83737.5,83580.0,83737.5,9843.0,0.1756868213415146,0.0,0.15356311202049255,0.1756868213415146,0.15356311202049255,0.022123709321022034
611,83749.4,83902.4,83749.4,83829.3,23824.0,0.16724559664726257,0.0,0.15648870170116425,0.16724559664726257,0.15648870170116425,0.010756894946098328
612,83840.7,83880.9,83738.1,83790.5,7625.0,0.17135672271251678,0.0,0.15755116939544678,0.17135672271251678,0.15755116939544678,0.013805553317070007
613,83782.5,83786.6,83653.4,83706.2,9009.0,0.1827118992805481,0.0,0.1581440567970276,0.1827118992805481,0.1581440567970276,0.024567842483520508
614,83693.7,83716.8,83686.1,83706.8,4030.0,0.20573846995830536,0.0,0.14946630597114563,0.20573846995830536,0.14946630597114563,0.05627216398715973
615,83703.1,83773.7,83700.3,83723.0,4499.0,0.19908171892166138,0.0,0.14502595365047455,0.19908171892166138,0.14502595365047455,0.05405576527118683
616,83728.8,83766.6,83605.2,83614.7,5211.0,0.21732664108276367,0.0,0.14862897992134094,0.21732664108276367,0.14862897992134094,0.06869766116142273
617,83619.8,83712.5,83605.4,83707.3,5081.0,0.2083643525838852,0.0,0.1469990760087967,0.2083643525838852,0.1469990760087967,0.0613652765750885
618,83707.2,83715.0,83605.6,83625.1,5532.0,0.21051685512065887,0.0,0.14597760140895844,0.21051685512065887,0.14597760140895844,0.06453925371170044
619,83632.5,83681.5,83608.1,83633.7,2527.0,0.21296893060207367,0.0,0.14180539548397064,0.21296893060207367,0.14180539548397064,0.07116353511810303
620,83641.5,83675.1,83404.8,83509.7,28966.0,0.20233426988124847,0.0,0.1549919992685318,0.20233426988124847,0.1549919992685318,0.047342270612716675
621,83511.7,83610.5,83364.6,83364.7,13554.0,0.21100574731826782,0.0,0.16524054110050201,0.21100574731826782,0.16524054110050201,0.04576520621776581
622,83363.6,83493.4,83313.0,83425.7,7002.0,0.23685085773468018,0.0,0.16877105832099915,0.23685085773468018,0.16877105832099915,0.06807979941368103
623,83425.8,83497.8,83352.9,83358.4,21014.0,0.2326505482196808,0.0,0.16925865411758423,0.2326505482196808,0.16925865411758423,0.06339189410209656
624,83361.2,83398.6,83304.6,83324.3,14907.0,0.22429265081882477,0.0,0.16529108583927155,0.22429265081882477,0.16529108583927155,0.05900156497955322
625,83324.3,83355.3,83284.7,83334.3,8920.0,0.23871369659900665,0.0,0.15951699018478394,0.23871369659900665,0.15951699018478394,0.07919670641422272
626,83346.7,83346.7,83150.8,83181.1,41793.0,0.22989535331726074,0.0,0.16521841287612915,0.22989535331726074,0.16521841287612915,0.06467694044113159
627,83174.1,83320.8,83146.9,83226.1,12694.0,0.23747342824935913,0.0,0.168258935213089,0.23747342824935913,0.168258935213089,0.06921449303627014
628,83218.3,83238.8,83062.5,83062.5,21836.0,0.23351484537124634,0.0,0.1717085987329483,0.23351484537124634,0.1717085987329483,0.061806246638298035
629,83058.7,83203.9,83058.7,83076.1,23222.0,0.23437009751796722,0.0,0.17190144956111908,0.23437009751796722,0.17190144956111908,0.062468647956848145
630,83074.2,83231.8,83050.5,83069.4,17291.0,0.23393340408802032,0.0,0.17522475123405457,0.23393340408802032,0.17522475123405457,0.05870865285396576
631,83049.5,83095.4,82865.7,83040.7,43387.0,0.2272290587425232,0.0,0.1825224757194519,0.2272290587425232,0.1825224757194519,0.04470658302307129
632,83036.6,83045.0,82700.0,82806.5,37530.0,0.229539155960083,0.0,0.19972407817840576,0.229539155960083,0.19972407817840576,0.029815077781677246
633,82778.9,82940.5,82747.1,82860.2,18664.0,0.21668171882629395,0.0,0.20200954377651215,0.21668171882629395,0.20200954377651215,0.0146721750497818
634,82869.4,82985.0,82860.8,82870.9,23699.0,0.20527690649032593,0.0,0.1983126401901245,0.20527690649032593,0.1983126401901245,0.006964266300201416
635,82871.0,82984.9,82840.1,82974.5,20211.0,0.19265227019786835,0.0,0.19638235867023468,0.19265227019786835,0.19638235867023468,0.003730088472366333
636,82974.5,82985.0,82827.6,82841.9,11346.0,0.19609467685222626,0.0,0.19621826708316803,0.19609467685222626,0.19621826708316803,0.00012359023094177246
637,82838.6,82953.3,82804.1,82953.3,21336.0,0.19532135128974915,0.0,0.19480475783348083,0.19532135128974915,0.19480475783348083,0.0005165934562683105
638,82949.2,82957.2,82736.6,82741.6,11185.0,0.18847374618053436,0.0,0.20039686560630798,0.18847374618053436,0.20039686560630798,0.01192311942577362
639,82737.0,82789.5,82602.4,82686.1,33922.0,0.18025368452072144,0.0,0.2023705244064331,0.18025368452072144,0.2023705244064331,0.02211683988571167
640,82686.0,82729.9,82603.4,82682.8,20981.0,0.17106562852859497,0.0,0.19885115325450897,0.17106562852859497,0.19885115325450897,0.027785524725914
641,82685.0,82700.0,82518.0,82532.8,19045.0,0.17308446764945984,0.0,0.20073440670967102,0.17308446764945984,0.20073440670967102,0.02764993906021118
642,82541.0,82616.6,82480.1,82572.2,18141.0,0.19141553342342377,0.0,0.19811512529850006,0.19141553342342377,0.19811512529850006,0.006699591875076294
643,82576.3,82596.8,82478.2,82495.0,14079.0,0.1821465790271759,0.0,0.1944046914577484,0.1821465790271759,0.1944046914577484,0.01225811243057251
644,82495.1,82675.0,82495.1,82648.4,27026.0,0.174564927816391,0.0,0.19574002921581268,0.174564927816391,0.19574002921581268,0.021175101399421692
645,82648.4,82684.7,82571.7,82624.2,46050.0,0.1806175857782364,0.0,0.191580668091774,0.1806175857782364,0.191580668091774,0.010963082313537598
646,82630.4,82670.6,82578.5,82657.8,14204.0,0.17590609192848206,0.0,0.18578296899795532,0.17590609192848206,0.18578296899795532,0.009876877069473267
647,82653.8,82725.3,82600.2,82725.3,12563.0,0.17980435490608215,0.0,0.18317312002182007,0.17980435490608215,0.18317312002182007,0.003368765115737915
648,82725.3,82757.9,82582.5,82603.3,8666.0,0.1705007255077362,0.0,0.18550756573677063,0.1705007255077362,0.18550756573677063,0.015006840229034424
649,82606.3,82607.3,82472.6,82538.4,9220.0,0.16329455375671387,0.0,0.18404896557331085,0.16329455375671387,0.18404896557331085,0.020754411816596985
650,82546.8,82599.2,82477.9,82514.0,6482.0,0.15538199245929718,0.0,0.18145394325256348,0.15538199245929718,0.18145394325256348,0.026071950793266296
651,82509.9,82590.9,82500.1,82500.1,18087.0,0.1549789160490036,0.0,0.17638252675533295,0.1549789160490036,0.17638252675533295,0.021403610706329346
652,82500.0,82500.1,82280.0,82280.0,18549.0,0.1472157984972,0.0,0.1833292543888092,0.1472157984972,0.1833292543888092,0.03611345589160919
653,82275.9,82344.9,82234.6,82257.7,21916.0,0.13937994837760925,0.0,0.17985810339450836,0.13937994837760925,0.17985810339450836,0.04047815501689911
654,82248.8,82285.7,82125.3,82149.0,14685.0,0.1312761902809143,0.0,0.18117941915988922,0.1312761902809143,0.18117941915988922,0.049903228878974915
655,82144.8,82267.9,82116.5,82208.8,12339.0,0.1464245617389679,0.0,0.18127018213272095,0.1464245617389679,0.18127018213272095,0.03484562039375305
656,82210.8,82518.0,82210.8,82497.1,30776.0,0.14009961485862732,0.0,0.19450584053993225,0.14009961485862732,0.19450584053993225,0.05440622568130493
657,82497.4,82506.8,82390.0,82453.9,12146.0,0.1401844471693039,0.0,0.19082513451576233,0.1401844471693039,0.19082513451576233,0.050640687346458435
658,82453.8,82478.6,82349.3,82387.6,7323.0,0.13818766176700592,0.0,0.18854784965515137,0.13818766176700592,0.18854784965515137,0.05036018788814545
659,82385.9,82385.9,82201.4,82217.5,10488.0,0.13091804087162018,0.0,0.19161924719810486,0.13091804087162018,0.19161924719810486,0.06070120632648468
660,82216.4,82231.7,82112.2,82176.2,12266.0,0.13479897379875183,0.0,0.18840865790843964,0.13479897379875183,0.18840865790843964,0.053609684109687805
661,82178.3,82200.4,82111.0,82161.7,16371.0,0.12967641651630402,0.0,0.1827537715435028,0.12967641651630402,0.1827537715435028,0.05307735502719879
662,82168.0,82261.1,82020.7,82078.6,15816.0,0.12771853804588318,0.0,0.19079232215881348,0.12771853804588318,0.19079232215881348,0.0630737841129303
663,82078.5,82089.4,81712.9,81949.0,58374.0,0.13321776688098907,0.0,0.21026106178760529,0.13321776688098907,0.21026106178760529,0.07704329490661621
664,81948.9,81974.5,81786.1,81935.6,25616.0,0.12916985154151917,0.0,0.2116982489824295,0.12916985154151917,0.2116982489824295,0.08252839744091034
665,81943.5,82391.7,81927.3,82061.4,45415.0,0.1289977878332138,0.0,0.23669883608818054,0.1289977878332138,0.23669883608818054,0.10770104825496674
666,82053.6,82085.5,81905.2,82062.6,16898.0,0.124042809009552,0.0,0.2354818880558014,0.124042809009552,0.2354818880558014,0.11143907904624939
667,82058.6,82058.6,81802.1,81872.6,21012.0,0.12540698051452637,0.0,0.2418961375951767,0.12540698051452637,0.2418961375951767,0.11648915708065033
668,81871.0,82140.3,81859.4,82019.9,32565.0,0.12299780547618866,0.0,0.24867703020572662,0.12299780547618866,0.24867703020572662,0.12567922472953796
669,82012.6,82139.7,82004.9,82080.5,55937.0,0.11697150766849518,0.0,0.24247494339942932,0.11697150766849518,0.24247494339942932,0.12550343573093414
670,82080.3,82443.9,82070.5,82414.7,20236.0,0.11202234029769897,0.0,0.2566046118736267,0.11202234029769897,0.2566046118736267,0.14458227157592773
671,82408.7,82428.3,82331.5,82382.7,17538.0,0.10499289631843567,0.0,0.24676086008548737,0.10499289631843567,0.24676086008548737,0.1417679637670517
672,82382.7,82499.9,82309.5,82316.1,21160.0,0.1013949066400528,0.0,0.24584202468395233,0.1013949066400528,0.24584202468395233,0.14444711804389954
673,82309.4,82329.3,82107.0,82168.8,13391.0,0.10031348466873169,0.0,0.24801518023014069,0.10031348466873169,0.24801518023014069,0.147701695561409
674,82168.3,82242.3,82082.7,82124.0,23107.0,0.09581666439771652,0.0,0.24430634081363678,0.09581666439771652,0.24430634081363678,0.14848967641592026
675,82116.1,82140.8,81937.9,81944.2,15948.0,0.09892360866069794,0.0,0.24503976106643677,0.09892360866069794,0.24503976106643677,0.14611615240573883
676,81936.1,82077.4,81640.3,82072.8,26241.0,0.11287415027618408,0.0,0.2652216851711273,0.11287415027618408,0.2652216851711273,0.15234753489494324
677,82080.7,82224.5,81960.7,81975.2,13752.0,0.11211054027080536,0.0,0.2695562541484833,0.11211054027080536,0.2695562541484833,0.15744571387767792
678,81956.1,82014.3,81770.3,81877.2,9149.0,0.16534650325775146,0.0,0.27188804745674133,0.16534650325775146,0.27188804745674133,0.10654154419898987
679,81878.3,82077.9,81873.7,82077.8,19767.0,0.17550106346607208,0.0,0.2696206569671631,0.17550106346607208,0.2696206569671631,0.094119593501091
680,82077.9,82077.9,81864.9,81965.1,12777.0,0.21118861436843872,0.0,0.2692681550979614,0.21118861436843872,0.2692681550979614,0.058079540729522705
681,81963.2,82231.1,81947.7,82190.6,22895.0,0.22317306697368622,0.0,0.27397775650024414,0.22317306697368622,0.27397775650024414,0.05080468952655792
682,82190.5,82197.1,81951.4,81964.9,11012.0,0.23747967183589935,0.0,0.27652034163475037,0.23747967183589935,0.27652034163475037,0.03904066979885101
683,81965.9,82024.8,81934.3,81992.6,15824.0,0.22594547271728516,0.0,0.2645661234855652,0.22594547271728516,0.2645661234855652,0.03862065076828003
684,81992.6,82196.1,81983.0,82196.1,21470.0,0.21995098888874054,0.0,0.2635788917541504,0.21995098888874054,0.2635788917541504,0.04362790286540985
685,82196.1,82351.9,82149.2,82305.4,16139.0,0.23433206975460052,0.0,0.2620176672935486,0.23433206975460052,0.2620176672935486,0.02768559753894806
686,82307.4,82485.7,82241.3,82291.4,17690.0,0.23291876912117004,0.0,0.2645578682422638,0.23291876912117004,0.2645578682422638,0.03163909912109375
687,82304.4,82304.4,82120.1,82120.1,16968.0,0.2165372669696808,0.0,0.262203574180603,0.2165372669696808,0.262203574180603,0.04566630721092224
688,82124.2,82124.2,81959.6,82019.2,13734.0,0.20785704255104065,0.0,0.25810903310775757,0.20785704255104065,0.25810903310775757,0.05025199055671692
689,82019.4,82082.3,82007.4,82069.3,5797.0,0.20733727514743805,0.0,0.24604511260986328,0.20733727514743805,0.24604511260986328,0.03870783746242523
690,82069.3,82289.5,82061.1,82246.1,20921.0,0.20048075914382935,0.0,0.2478151172399521,0.20048075914382935,0.2478151172399521,0.04733435809612274
691,82246.0,82377.9,82227.1,82305.4,10687.0,0.2129748910665512,0.0,0.24303513765335083,0.2129748910665512,0.24303513765335083,0.03006024658679962
692,82314.6,82468.4,82299.2,82442.9,8486.0,0.21558979153633118,0.0,0.23995818197727203,0.21558979153633118,0.23995818197727203,0.024368390440940857
693,82444.2,82614.8,82395.6,82568.9,11545.0,0.20183394849300385,0.0,0.24144040048122406,0.20183394849300385,0.24144040048122406,0.039606451988220215
694,82550.4,82712.4,82443.3,82443.3,24783.0,0.2106354981660843,0.0,0.24785108864307404,0.2106354981660843,0.24785108864307404,0.037215590476989746
695,82446.9,82554.9,82389.0,82530.9,15584.0,0.20285293459892273,0.0,0.2442612648010254,0.20285293459892273,0.2442612648010254,0.04140833020210266
696,82532.6,82616.4,82462.8,82558.3,6799.0,0.19664205610752106,0.0,0.24002821743488312,0.19664205610752106,0.24002821743488312,0.04338616132736206
697,82555.0,82710.4,82548.8,82690.3,13435.0,0.19901131093502045,0.0,0.23648682236671448,0.19901131093502045,0.23648682236671448,0.03747551143169403
698,82690.3,82866.1,82576.7,82834.2,28655.0,0.1900489777326584,0.0,0.2441684603691101,0.1900489777326584,0.2441684603691101,0.05411948263645172
699,82840.6,82841.4,82689.9,82740.7,9596.0,0.18069252371788025,0.0,0.24006278812885284,0.18069252371788025,0.24006278812885284,0.059370264410972595
700,82740.8,82922.9,82718.3,82846.4,6538.0,0.1933688372373581,0.0,0.2402714043855667,0.1933688372373581,0.2402714043855667,0.04690256714820862
701,82846.5,82858.5,82597.3,82629.6,19970.0,0.1978992521762848,0.0,0.24627405405044556,0.1978992521762848,0.24627405405044556,0.04837480187416077
702,82648.3,82648.3,82571.7,82593.2,6082.0,0.2157556116580963,0.0,0.23540784418582916,0.2157556116580963,0.23540784418582916,0.01965223252773285
703,82594.4,82612.8,82527.2,82583.8,25629.0,0.2073196917772293,0.0,0.22602109611034393,0.2073196917772293,0.22602109611034393,0.018701404333114624
704,82583.8,82583.8,82496.2,82543.8,7138.0,0.2153279185295105,0.0,0.21755827963352203,0.2153279185295105,0.21755827963352203,0.0022303611040115356
705,82552.0,82581.1,82539.7,82574.0,4128.0,0.21024706959724426,0.0,0.20552557706832886,0.21024706959724426,0.20552557706832886,0.004721492528915405
706,82574.9,82609.7,82444.9,82465.3,7259.0,0.22233036160469055,0.0,0.20537155866622925,0.22233036160469055,0.20537155866622925,0.016958802938461304
707,82459.9,82529.5,82450.4,82529.5,10327.0,0.21964111924171448,0.0,0.19739997386932373,0.21964111924171448,0.19739997386932373,0.022241145372390747
708,82533.6,82570.5,82487.9,82533.6,5208.0,0.23426459729671478,0.0,0.1904396116733551,0.23426459729671478,0.1904396116733551,0.04382498562335968
709,82533.6,82570.5,82450.1,82456.7,6170.0,0.23392218351364136,0.0,0.18743127584457397,0.23392218351364136,0.18743127584457397,0.04649090766906738
710,82456.2,82456.2,82364.6,82452.6,18068.0,0.2576286792755127,0.0,0.18203073740005493,0.2576286792755127,0.18203073740005493,0.07559794187545776
711,82452.6,82561.7,82420.9,82557.5,6585.0,0.2809794843196869,0.0,0.1809961497783661,0.2809794843196869,0.1809961497783661,0.0999833345413208
712,82541.0,82732.5,82508.9,82717.9,24146.0,0.276175320148468,0.0,0.18705040216445923,0.276175320148468,0.18705040216445923,0.08912491798400879
713,82721.6,82750.0,82660.9,82749.9,7956.0,0.283124715089798,0.0,0.181313619017601,0.283124715089798,0.181313619017601,0.10181109607219696
714,82749.9,82766.4,82699.7,82710.1,5273.0,0.29095035791397095,0.0,0.17420347034931183,0.29095035791397095,0.17420347034931183,0.11674688756465912
715,82710.1,82807.6,82637.8,82742.8,9795.0,0.2828270196914673,0.0,0.1763550192117691,0.2828270196914673,0.1763550192117691,0.10647200047969818
716,82739.3,82766.7,82656.8,82656.8,3375.0,0.26499783992767334,0.0,0.17342625558376312,0.26499783992767334,0.17342625558376312,0.09157158434391022
717,82656.8,82750.3,82638.5,82728.4,4222.0,0.2533136308193207,0.0,0.17055194079875946,0.2533136308193207,0.17055194079875946,0.08276169002056122
718,82728.4,82778.4,82721.2,82768.0,5202.0,0.24051707983016968,0.0,0.1632298231124878,0.24051707983016968,0.1632298231124878,0.07728725671768188
719,82762.0,82815.9,82703.3,82710.1,9929.0,0.2251085638999939,0.0,0.1614009439945221,0.2251085638999939,0.1614009439945221,0.0637076199054718
720,82713.3,82713.3,82619.2,82675.0,8385.0,0.22001205384731293,0.0,0.1580653339624405,0.22001205384731293,0.1580653339624405,0.061946719884872437
721,82681.7,82931.5,82680.7,82931.4,15073.0,0.20632250607013702,0.0,0.168413445353508,0.20632250607013702,0.168413445353508,0.03790906071662903
722,82931.5,82957.8,82852.1,82881.5,10984.0,0.20069222152233124,0.0,0.16558705270290375,0.20069222152233124,0.16558705270290375,0.03510516881942749
723,82881.5,82953.2,82841.6,82892.7,11356.0,0.19490627944469452,0.0,0.16335532069206238,0.19490627944469452,0.16335532069206238,0.03155095875263214
724,82896.6,82970.3,82870.1,82941.3,6136.0,0.18763858079910278,0.0,0.160226970911026,0.18763858079910278,0.160226970911026,0.027411609888076782
725,82948.1,82995.0,82891.0,82899.2,6327.0,0.1801774501800537,0.0,0.15781870484352112,0.1801774501800537,0.15781870484352112,0.022358745336532593
726,82907.5,82967.1,82812.0,82829.0,9037.0,0.17414750158786774,0.0,0.16004551947116852,0.17414750158786774,0.16004551947116852,0.014101982116699219
727,82830.1,83053.8,82812.0,83041.4,15284.0,0.190252885222435,0.0,0.16903188824653625,0.190252885222435,0.16903188824653625,0.021220996975898743
728,83053.1,83343.1,83053.1,83295.7,38016.0,0.1973532885313034,0.0,0.18235093355178833,0.1973532885313034,0.18235093355178833,0.015002354979515076
729,83295.6,83351.2,83155.6,83228.5,9452.0,0.19647106528282166,0.0,0.18624955415725708,0.19647106528282166,0.18624955415725708,0.010221511125564575
730,83236.9,83337.0,83236.9,83250.0,7117.0,0.18353699147701263,0.0,0.18221065402030945,0.18353699147701263,0.18221065402030945,0.001326337456703186
731,83241.7,83241.7,83053.5,83127.0,41546.0,0.17172837257385254,0.0,0.1863306313753128,0.17172837257385254,0.1863306313753128,0.014602258801460266
732,83126.1,83126.1,82951.0,82951.0,14525.0,0.1642443984746933,0.0,0.1885436475276947,0.1642443984746933,0.1885436475276947,0.024299249053001404
733,82949.5,83037.2,82932.4,83012.9,5621.0,0.16718719899654388,0.0,0.18396364152431488,0.16718719899654388,0.18396364152431488,0.016776442527770996
734,83002.0,83118.3,82996.0,83095.3,6014.0,0.1639302521944046,0.0,0.1811666041612625,0.1639302521944046,0.1811666041612625,0.01723635196685791
735,83082.7,83120.9,83034.1,83045.2,4113.0,0.1592368483543396,0.0,0.17579315602779388,0.1592368483543396,0.17579315602779388,0.016556307673454285
736,83051.4,83088.2,83015.6,83035.2,3492.0,0.20049455761909485,0.0,0.16950148344039917,0.20049455761909485,0.16950148344039917,0.03099307417869568
737,83032.1,83187.9,83032.1,83044.6,6448.0,0.21287482976913452,0.0,0.1707768738269806,0.21287482976913452,0.1707768738269806,0.04209795594215393
738,83039.7,83053.0,82948.6,82996.0,4963.0,0.2656148374080658,0.0,0.16765619814395905,0.2656148374080658,0.16765619814395905,0.09795863926410675
739,82990.0,82990.0,82847.1,82879.6,13056.0,0.29421165585517883,0.0,0.16873198747634888,0.29421165585517883,0.16873198747634888,0.12547966837882996
740,82887.9,83055.4,82887.9,83040.6,11412.0,0.29086095094680786,0.0,0.17149735987186432,0.29086095094680786,0.17149735987186432,0.11936359107494354
741,83040.5,83168.9,83027.1,83142.4,4509.0,0.3190164566040039,0.0,0.17123450338840485,0.3190164566040039,0.17123450338840485,0.14778195321559906
742,83142.7,83160.0,82995.9,83012.6,5393.0,0.3273763656616211,0.0,0.1733722686767578,0.3273763656616211,0.1733722686767578,0.15400409698486328
743,83009.1,83240.3,82995.3,83159.1,11862.0,0.3313063979148865,0.0,0.18174892663955688,0.3313063979148865,0.18174892663955688,0.1495574712753296
744,83159.0,83159.8,83064.3,83065.2,4129.0,0.3090623617172241,0.0,0.1771697700023651,0.3090623617172241,0.1771697700023651,0.131892591714859
745,83073.6,83160.1,83064.0,83128.6,4387.0,0.30322930216789246,0.0,0.1726468801498413,0.30322930216789246,0.1726468801498413,0.13058242201805115
746,83128.5,83128.5,83037.6,83053.0,2391.0,0.2945270538330078,0.0,0.1682872176170349,0.2945270538330078,0.1682872176170349,0.1262398362159729
747,83053.0,83063.7,82969.0,82987.2,1869.0,0.30326616764068604,0.0,0.16454187035560608,0.30326616764068604,0.16454187035560608,0.13872429728507996
748,82988.2,83043.2,82978.0,82978.0,2917.0,0.30438169836997986,0.0,0.15841859579086304,0.30438169836997986,0.15841859579086304,0.14596310257911682
749,82974.1,82974.1,82924.4,82924.4,3108.0,0.2983270585536957,0.0,0.15181514620780945,0.2983270585536957,0.15181514620780945,0.14651191234588623
750,82924.5,82950.7,82903.5,82903.5,3799.0,0.28518426418304443,0.0,0.14507369697093964,0.28518426418304443,0.14507369697093964,0.1401105672121048
751,82904.4,82943.6,82899.0,82926.2,7938.0,0.30931761860847473,0.0,0.13851617276668549,0.30931761860847473,0.13851617276668549,0.17080144584178925
752,82926.2,83079.2,82926.2,83079.2,36803.0,0.30556198954582214,0.0,0.14153969287872314,0.30556198954582214,0.14153969287872314,0.164022296667099
753,83080.0,83114.7,82959.2,82959.2,4886.0,0.28412407636642456,0.0,0.14500850439071655,0.28412407636642456,0.14500850439071655,0.139115571975708
754,82959.1,82959.1,82793.4,82799.5,8111.0,0.26669391989707947,0.0,0.14921392500400543,0.26669391989707947,0.14921392500400543,0.11747999489307404
755,82796.0,82827.2,82726.5,82772.8,8515.0,0.2510874271392822,0.0,0.1472906470298767,0.2510874271392822,0.1472906470298767,0.10379678010940552
756,82767.3,82802.8,82747.5,82768.1,6283.0,0.25995489954948425,0.0,0.1415497362613678,0.25995489954948425,0.1415497362613678,0.11840516328811646
757,82768.0,82775.3,82636.8,82680.8,6586.0,0.2538856267929077,0.0,0.14354296028614044,0.2538856267929077,0.14354296028614044,0.11034266650676727
758,82680.8,82707.4,82616.9,82638.7,6030.0,0.2392943948507309,0.0,0.1411801278591156,0.2392943948507309,0.1411801278591156,0.0981142669916153
759,82638.6,82711.8,82618.4,82618.4,6202.0,0.24935829639434814,0.0,0.13920290768146515,0.24935829639434814,0.13920290768146515,0.110155388712883
760,82618.4,82695.4,82500.1,82521.2,10768.0,0.2379583865404129,0.0,0.1463165581226349,0.2379583865404129,0.1463165581226349,0.09164182841777802
761,82501.0,82521.3,82389.9,82470.1,18509.0,0.23334775865077972,0.0,0.147330179810524,0.23334775865077972,0.147330179810524,0.08601757884025574
762,82469.3,82485.9,82382.7,82435.8,12156.0,0.2410624921321869,0.0,0.14580515027046204,0.2410624921321869,0.14580515027046204,0.09525734186172485
763,82432.1,82530.0,82431.9,82509.6,7552.0,0.29533806443214417,0.0,0.1437620371580124,0.29533806443214417,0.1437620371580124,0.15157602727413177
764,82509.9,82552.0,82480.8,82524.7,7396.0,0.2990124523639679,0.0,0.13963182270526886,0.2990124523639679,0.13963182270526886,0.15938062965869904
765,82510.0,82528.1,82438.2,82443.3,5419.0,0.32504794001579285,0.0,0.1375749111175537,0.32504794001579285,0.1375749111175537,0.18747302889823914
766,82446.4,82479.7,82381.1,82419.4,2903.0,0.343344509601593,0.0,0.13633045554161072,0.343344509601593,0.13633045554161072,0.2070140540599823
767,82418.7,82448.0,82284.2,82313.2,6078.0,0.32309556007385254,0.0,0.14096961915493011,0.32309556007385254,0.14096961915493011,0.18212594091892242
768,82317.0,82381.8,82257.2,82262.7,8322.0,0.3480835258960724,0.0,0.1417991667985916,0.3480835258960724,0.1417991667985916,0.20628435909748077
769,82279.4,82417.8,82229.4,82300.1,9838.0,0.3399859666824341,0.0,0.14796200394630432,0.3399859666824341,0.14796200394630432,0.19202396273612976
770,82300.1,82375.4,82229.0,82355.8,14190.0,0.31782597303390503,0.0,0.1499977558851242,0.31782597303390503,0.1499977558851242,0.16782821714878082
771,82355.8,82385.9,82268.4,82284.7,9506.0,0.3203880190849304,0.0,0.1496037393808365,0.3203880190849304,0.1496037393808365,0.17078427970409393
772,82268.2,82405.4,82268.2,82358.9,9579.0,0.319546103477478,0.0,0.15069134533405304,0.319546103477478,0.15069134533405304,0.168854758143425
773,82358.0,82375.9,82200.1,82281.1,6470.0,0.31208565831184387,0.0,0.15532098710536957,0.31208565831184387,0.15532098710536957,0.1567646712064743
774,82286.5,82316.1,82221.9,82256.0,18679.0,0.3009932041168213,0.0,0.15245094895362854,0.3009932041168213,0.15245094895362854,0.14854225516319275
775,82272.4,82360.0,82272.4,82308.6,4366.0,0.32096973061561584,0.0,0.15049639344215393,0.32096973061561584,0.15049639344215393,0.17047333717346191
776,82307.5,82308.5,82208.6,82218.6,9752.0,0.32809847593307495,0.0,0.14858727157115936,0.32809847593307495,0.14858727157115936,0.1795112043619156
777,82217.7,82360.9,82217.7,82360.9,9148.0,0.3372948169708252,0.0,0.15015430748462677,0.3372948169708252,0.15015430748462677,0.18714050948619843
778,82341.3,82399.0,82309.4,82309.4,4196.0,0.33679020404815674,0.0,0.14729191362857819,0.33679020404815674,0.14729191362857819,0.18949829041957855
779,82309.4,82353.7,82286.1,82317.2,4291.0,0.3345756232738495,0.0,0.14262405037879944,0.3345756232738495,0.14262405037879944,0.19195157289505005
780,82313.1,82372.3,82294.0,82306.6,4651.0,0.3223971128463745,0.0,0.1392485499382019,0.3223971128463745,0.1392485499382019,0.1831485629081726
781,82306.6,82457.7,82278.2,82278.2,9994.0,0.330807626247406,0.0,0.14492987096309662,0.330807626247406,0.14492987096309662,0.1858777552843094
782,82267.6,82387.4,82256.5,82311.2,9736.0,0.31619107723236084,0.0,0.1458829790353775,0.31619107723236084,0.1458829790353775,0.17030809819698334
783,82316.4,82401.0,82213.3,82361.6,31401.0,0.3015715181827545,0.0,0.1516585350036621,0.3015715181827545,0.1516585350036621,0.1499129831790924
784,82353.3,82353.3,82087.2,82207.2,17951.0,0.31296101212501526,0.0,0.16493234038352966,0.31296101212501526,0.16493234038352966,0.1480286717414856
785,82211.2,82229.2,82094.1,82094.1,10273.0,0.31343138217926025,0.0,0.16511738300323486,0.31343138217926025,0.16511738300323486,0.1483139991760254
786,82094.2,82172.1,82050.7,82089.7,19987.0,0.30276769399642944,0.0,0.16389472782611847,0.30276769399642944,0.16389472782611847,0.13887296617031097
787,82089.6,82200.0,82055.5,82200.0,4604.0,0.3048705458641052,0.0,0.16454023122787476,0.3048705458641052,0.16454023122787476,0.14033031463623047
788,82200.7,82200.7,81943.8,81995.4,16179.0,0.2912563681602478,0.0,0.1755484640598297,0.2912563681602478,0.1755484640598297,0.11570790410041809
789,82007.8,82099.5,81995.4,82057.6,9907.0,0.2863693833351135,0.0,0.1719474345445633,0.2863693833351135,0.1719474345445633,0.11442194879055023
790,82057.7,82081.7,81990.1,82015.7,17310.0,0.30304238200187683,0.0,0.16772474348545074,0.30304238200187683,0.16772474348545074,0.1353176385164261
791,82013.2,82148.5,82008.1,82120.8,29622.0,0.29909348487854004,0.0,0.16775692999362946,0.29909348487854004,0.16775692999362946,0.13133655488491058
792,82124.4,82141.0,82045.5,82052.5,15856.0,0.2831399142742157,0.0,0.16421744227409363,0.2831399142742157,0.16421744227409363,0.11892247200012207
793,82052.5,82270.8,82033.9,82270.7,11670.0,0.2928144037723541,0.0,0.1726510375738144,0.2928144037723541,0.1726510375738144,0.12016336619853973
794,82270.7,82389.6,82160.5,82310.0,34207.0,0.28378716111183167,0.0,0.1801237016916275,0.28378716111183167,0.1801237016916275,0.10366345942020416
795,82309.9,82309.9,82090.1,82120.3,12909.0,0.27116116881370544,0.0,0.186770960688591,0.27116116881370544,0.186770960688591,0.08439020812511444
796,82117.5,82181.5,81982.3,82010.3,9110.0,0.2610749900341034,0.0,0.19101279973983765,0.2610749900341034,0.19101279973983765,0.07006219029426575
797,82010.4,82067.1,81956.0,82042.3,8570.0,0.26023295521736145,0.0,0.1869726926088333,0.26023295521736145,0.1869726926088333,0.07326026260852814
798,82038.6,82061.9,81913.8,81950.5,11482.0,0.26077261567115784,0.0,0.186720609664917,0.26077261567115784,0.186720609664917,0.07405200600624084
799,81950.4,82032.4,81945.1,81985.9,7187.0,0.252436101436615,0.0,0.18091413378715515,0.252436101436615,0.18091413378715515,0.07152196764945984
800,81973.8,82004.9,81846.1,81851.1,10167.0,0.24445565044879913,0.0,0.182125985622406,0.24445565044879913,0.182125985622406,0.06232966482639313
801,81851.3,81854.3,81416.3,81444.9,69414.0,0.23236924409866333,0.0,0.2083737999200821,0.23236924409866333,0.2083737999200821,0.023995444178581238
802,81444.9,81613.8,81340.6,81551.5,39167.0,0.22908680140972137,0.0,0.21716541051864624,0.22908680140972137,0.21716541051864624,0.011921390891075134
803,81548.4,81591.1,80831.4,81134.0,196906.0,0.21606500446796417,0.0,0.269573837518692,0.21606500446796417,0.269573837518692,0.053508833050727844
804,81149.3,81160.4,80919.0,81101.0,45283.0,0.22836239635944366,0.0,0.2716812491416931,0.22836239635944366,0.2716812491416931,0.04331885278224945
805,81100.0,81444.4,81079.6,81328.8,30209.0,0.2499401569366455,0.0,0.2836078405380249,0.2499401569366455,0.2836078405380249,0.033667683601379395
806,81323.7,81323.7,81129.8,81140.6,36412.0,0.23470155894756317,0.0,0.28147903084754944,0.23470155894756317,0.28147903084754944,0.04677747189998627
807,81132.6,81159.4,80952.0,81011.6,32535.0,0.23546954989433289,0.0,0.2800760567188263,0.23546954989433289,0.2800760567188263,0.04460650682449341
808,81011.6,81050.4,80705.1,80725.3,38780.0,0.2237781584262848,0.0,0.291546106338501,0.2237781584262848,0.291546106338501,0.06776794791221619
809,80723.8,80963.9,80627.5,80945.5,42398.0,0.2375601828098297,0.0,0.29966965317726135,0.2375601828098297,0.29966965317726135,0.06210947036743164
810,80957.6,81666.0,80957.6,81466.2,131612.0,0.2490559071302414,0.0,0.33965864777565,0.2490559071302414,0.33965864777565,0.09060274064540863
811,81468.0,81877.6,81274.6,81711.1,61016.0,0.25678080320358276,0.0,0.36716389656066895,0.25678080320358276,0.36716389656066895,0.11038309335708618
812,81711.1,81889.9,81500.2,81605.4,33883.0,0.26674893498420715,0.0,0.3754892349243164,0.26674893498420715,0.3754892349243164,0.10874029994010925
813,81581.0,81707.1,81442.1,81606.9,30371.0,0.2539718747138977,0.0,0.3718569874763489,0.2539718747138977,0.3718569874763489,0.11788511276245117
814,81602.9,81807.5,81594.8,81700.5,18544.0,0.2543874680995941,0.0,0.36349624395370483,0.2543874680995941,0.36349624395370483,0.10910877585411072
815,81704.5,81821.2,81510.1,81821.2,35648.0,0.2548689842224121,0.0,0.3641929626464844,0.2548689842224121,0.3641929626464844,0.10932397842407227
816,81825.1,82274.0,81710.7,82101.7,46923.0,0.24762624502182007,0.0,0.3860306739807129,0.24762624502182007,0.3860306739807129,0.13840442895889282
817,82087.6,82581.6,82027.5,82511.1,70274.0,0.2341577112674713,0.0,0.4046461880207062,0.2341577112674713,0.4046461880207062,0.17048847675323486
818,82511.3,82866.1,82486.5,82768.0,63226.0,0.2266397476196289,0.0,0.40733617544174194,0.2266397476196289,0.40733617544174194,0.18069642782211304
819,82767.9,82982.8,82628.3,82982.8,31887.0,0.22181028127670288,0.0,0.40777572989463806,0.22181028127670288,0.40777572989463806,0.18596544861793518
820,82982.7,82982.7,82657.5,82736.3,19758.0,0.2350260466337204,0.0,0.40786081552505493,0.2350260466337204,0.40786081552505493,0.17283476889133453
821,82745.5,82971.2,82693.7,82878.7,22928.0,0.2338356375694275,0.0,0.4019933342933655,0.2338356375694275,0.4019933342933655,0.168157696723938
822,82904.5,82908.6,82685.7,82750.9,12906.0,0.23034922778606415,0.0,0.39309608936309814,0.23034922778606415,0.39309608936309814,0.162746861577034
823,82751.0,82887.6,82565.4,82874.2,24953.0,0.22050270438194275,0.0,0.3922451138496399,0.22050270438194275,0.3922451138496399,0.17174240946769714
824,82874.1,83033.3,82795.5,83002.3,14212.0,0.22382110357284546,0.0,0.3841294050216675,0.22382110357284546,0.3841294050216675,0.16030830144882202
825,83010.6,83427.0,82994.9,83316.3,37958.0,0.22614586353302002,0.0,0.3923921585083008,0.22614586353302002,0.3923921585083008,0.16624629497528076
826,83320.1,83419.2,83150.8,83164.4,16894.0,0.22013038396835327,0.0,0.3880826234817505,0.22013038396835327,0.3880826234817505,0.16795223951339722
827,83176.3,83300.0,83106.8,83270.4,9931.0,0.2151409089565277,0.0,0.3764764964580536,0.2151409089565277,0.3764764964580536,0.16133558750152588
828,83252.6,83322.0,83008.6,83078.5,13767.0,0.20061272382736206,0.0,0.3773379325866699,0.20061272382736206,0.3773379325866699,0.17672520875930786
829,83083.3,83191.8,82976.6,83191.8,11528.0,0.2134651392698288,0.0,0.3683847188949585,0.2134651392698288,0.3683847188949585,0.1549195796251297
830,83199.9,83528.1,83116.8,83499.9,25737.0,0.21754254400730133,0.0,0.3759936988353729,0.21754254400730133,0.3759936988353729,0.1584511548280716
831,83493.1,83499.9,83386.6,83496.4,18219.0,0.21962052583694458,0.0,0.3588438332080841,0.21962052583694458,0.3588438332080841,0.13922330737113953
832,83496.4,83576.6,83367.6,83389.8,14373.0,0.2101602554321289,0.0,0.3515402674674988,0.2101602554321289,0.3515402674674988,0.14138001203536987
833,83386.5,83583.2,83358.5,83565.7,5882.0,0.21087205410003662,0.0,0.3449498116970062,0.21087205410003662,0.3449498116970062,0.1340777575969696
834,83564.7,83589.1,83495.9,83564.2,9029.0,0.2074306160211563,0.0,0.32828307151794434,0.2074306160211563,0.32828307151794434,0.12085245549678802
835,83564.2,83567.0,83333.5,83333.5,10150.0,0.21178996562957764,0.0,0.32569241523742676,0.21178996562957764,0.32569241523742676,0.11390244960784912
836,83333.4,83355.8,83152.8,83179.1,17827.0,0.21207819879055023,0.0,0.32042232155799866,0.21207819879055023,0.32042232155799866,0.10834412276744843
837,83179.1,83306.3,83050.0,83302.2,11455.0,0.22631646692752838,0.0,0.31907182931900024,0.22631646692752838,0.31907182931900024,0.09275536239147186
838,83311.7,83311.7,83137.3,83240.7,8036.0,0.21764689683914185,0.0,0.31146562099456787,0.21764689683914185,0.31146562099456787,0.09381872415542603
839,83228.0,83278.0,83165.3,83272.9,7659.0,0.2114972621202469,0.0,0.29877355694770813,0.2114972621202469,0.29877355694770813,0.08727629482746124
840,83268.7,83413.3,83182.0,83400.6,9926.0,0.20694559812545776,0.0,0.29681724309921265,0.20694559812545776,0.29681724309921265,0.08987164497375488
841,83409.0,83420.5,83156.7,83156.7,9847.0,0.19576726853847504,0.0,0.29908356070518494,0.19576726853847504,0.29908356070518494,0.1033162921667099
842,83156.6,83458.2,83136.0,83378.3,9308.0,0.18875926733016968,0.0,0.30458489060401917,0.18875926733016968,0.30458489060401917,0.11582562327384949
843,83365.8,83487.3,83233.6,83282.3,8245.0,0.1849006563425064,0.0,0.3049134612083435,0.1849006563425064,0.3049134612083435,0.1200128048658371
844,83286.5,83299.6,83106.7,83237.1,12591.0,0.19551905989646912,0.0,0.29984092712402344,0.19551905989646912,0.29984092712402344,0.10432186722755432
845,83228.8,83428.0,83208.2,83400.3,11736.0,0.19260503351688385,0.0,0.2967035174369812,0.19260503351688385,0.2967035174369812,0.10409848392009735
846,83400.4,83614.9,83355.6,83556.5,9782.0,0.18514686822891235,0.0,0.2971614599227905,0.18514686822891235,0.2971614599227905,0.11201459169387817
847,83553.5,83566.5,83431.5,83466.6,5087.0,0.18035857379436493,0.0,0.2877857983112335,0.18035857379436493,0.2877857983112335,0.10742722451686859
848,83455.0,83696.9,83436.8,83671.7,14552.0,0.18118180334568024,0.0,0.2887788712978363,0.18118180334568024,0.2887788712978363,0.10759706795215607
849,83660.6,83887.3,83660.6,83796.7,25035.0,0.18380334973335266,0.0,0.28707537055015564,0.18380334973335266,0.28707537055015564,0.10327202081680298
850,83810.9,83866.3,83527.8,83527.8,8582.0,0.18031416833400726,0.0,0.2963749170303345,0.18031416833400726,0.2963749170303345,0.11606074869632721
851,83508.9,83671.5,83500.1,83644.1,7905.0,0.1844719648361206,0.0,0.28945931792259216,0.1844719648361206,0.28945931792259216,0.10498735308647156
852,83644.0,83704.1,83595.4,83648.1,8093.0,0.18226434290409088,0.0,0.2780531644821167,0.18226434290409088,0.2780531644821167,0.09578882157802582
853,83648.2,83792.6,83612.6,83745.6,7432.0,0.18130485713481903,0.0,0.2732442319393158,0.18130485713481903,0.2732442319393158,0.09193937480449677
854,83753.4,83836.6,83745.2,83810.6,14244.0,0.18167492747306824,0.0,0.2613195478916168,0.18167492747306824,0.2613195478916168,0.07964462041854858
855,83810.6,83911.9,83801.6,83908.4,9001.0,0.17303869128227234,0.0,0.2517602741718292,0.17303869128227234,0.2517602741718292,0.07872158288955688
856,83909.4,83988.6,83880.9,83988.6,11285.0,0.16973306238651276,0.0,0.2427138388156891,0.16973306238651276,0.2427138388156891,0.07298077642917633
857,83988.5,84346.8,83980.2,84217.3,20381.0,0.16646017134189606,0.0,0.2558576166629791,0.16646017134189606,0.2558576166629791,0.08939744532108307
858,84217.2,84217.2,84061.1,84092.6,8302.0,0.18415208160877228,0.0,0.25120165944099426,0.18415208160877228,0.25120165944099426,0.06704957783222198
859,84079.8,84182.5,83988.6,84143.9,7843.0,0.17863251268863678,0.0,0.24957624077796936,0.17863251268863678,0.24957624077796936,0.07094372808933258
860,84153.3,84185.7,83947.6,84021.0,8177.0,0.17161186039447784,0.0,0.2523300349712372,0.17161186039447784,0.2523300349712372,0.08071817457675934
861,84016.8,84163.7,83968.7,84027.8,12205.0,0.17624105513095856,0.0,0.250863641500473,0.17624105513095856,0.250863641500473,0.07462258636951447
862,84021.4,84043.1,83807.6,83847.9,9911.0,0.1709907501935959,0.0,0.25350645184516907,0.1709907501935959,0.25350645184516907,0.08251570165157318
863,83843.7,83856.9,83719.5,83753.7,9225.0,0.16904374957084656,0.0,0.24738147854804993,0.16904374957084656,0.24738147854804993,0.07833772897720337
864,83753.7,83776.9,83628.0,83628.0,8345.0,0.4569823741912842,0.0,0.24277441203594208,0.4569823741912842,0.24277441203594208,0.2142079621553421
865,83627.2,83704.8,83567.2,83666.8,14747.0,0.4466016888618469,0.0,0.2370755970478058,0.4466016888618469,0.2370755970478058,0.20952609181404114
866,83673.5,83715.7,83608.1,83699.0,5977.0,0.4340725839138031,0.0,0.22923962771892548,0.4340725839138031,0.22923962771892548,0.20483295619487762
867,83695.6,83719.0,83549.8,83549.8,3452.0,0.416401207447052,0.0,0.2277110517024994,0.416401207447052,0.2277110517024994,0.1886901557445526
868,83555.8,83589.6,83380.5,83405.1,40093.0,0.40885689854621887,0.0,0.2297203689813614,0.40885689854621887,0.2297203689813614,0.17913652956485748
869,83408.1,83495.8,83404.0,83440.7,9717.0,0.38595980405807495,0.0,0.22107893228530884,0.38595980405807495,0.22107893228530884,0.1648808717727661
870,83428.2,83583.5,83428.2,83571.6,7534.0,0.3607843518257141,0.0,0.21823924779891968,0.3607843518257141,0.21823924779891968,0.14254510402679443
871,83571.5,83598.2,83471.9,83564.6,6870.0,0.37817734479904175,0.0,0.21346385776996613,0.37817734479904175,0.21346385776996613,0.16471348702907562
872,83564.5,83603.3,83409.2,83445.4,6639.0,0.36358243227005005,0.0,0.21511386334896088,0.36358243227005005,0.21511386334896088,0.14846856892108917
873,83436.3,83466.5,83282.1,83453.4,7506.0,0.3455231785774231,0.0,0.21551227569580078,0.3455231785774231,0.21551227569580078,0.13001090288162231
874,83452.5,83527.9,83427.1,83512.6,5215.0,0.34424155950546265,0.0,0.20859786868095398,0.34424155950546265,0.20859786868095398,0.13564369082450867
875,83516.7,83790.7,83504.2,83747.7,11180.0,0.32697364687919617,0.0,0.21758989989757538,0.32697364687919617,0.21758989989757538,0.10938374698162079
876,83757.6,83895.3,83741.6,83858.9,10276.0,0.3293904662132263,0.0,0.21487116813659668,0.3293904662132263,0.21487116813659668,0.11451929807662964
877,83860.0,83932.9,83826.0,83932.9,6560.0,0.31670430302619934,0.0,0.20844458043575287,0.31670430302619934,0.20844458043575287,0.10825972259044647
878,83940.1,83984.9,83859.6,83950.7,11958.0,0.30184903740882874,0.0,0.20417538285255432,0.30184903740882874,0.20417538285255432,0.09767365455627441
879,83937.7,83937.7,83837.1,83860.8,7627.0,0.2993381917476654,0.0,0.19947072863578796,0.2993381917476654,0.19947072863578796,0.09986746311187744
880,83860.7,83988.5,83829.5,83944.8,3462.0,0.3031857907772064,0.0,0.1985667645931244,0.3031857907772064,0.1985667645931244,0.10461902618408203
881,83937.9,84109.1,83936.9,84099.5,15827.0,0.2937425971031189,0.0,0.19867004454135895,0.2937425971031189,0.19867004454135895,0.09507255256175995
882,84097.6,84195.8,84085.7,84107.1,6837.0,0.28810399770736694,0.0,0.19381244480609894,0.28810399770736694,0.19381244480609894,0.094291552901268
883,84141.4,84194.8,84112.1,84128.8,5869.0,0.28575435280799866,0.0,0.18736796081066132,0.28575435280799866,0.18736796081066132,0.09838639199733734
884,84128.8,84152.8,84085.4,84138.0,5619.0,0.2731265127658844,0.0,0.1796872615814209,0.2731265127658844,0.1796872615814209,0.0934392511844635
885,84144.3,84282.8,84077.0,84253.4,11736.0,0.25667446851730347,0.0,0.18407103419303894,0.25667446851730347,0.18407103419303894,0.07260343432426453
886,84253.5,84346.9,84108.1,84123.6,12369.0,0.24464626610279083,0.0,0.19146284461021423,0.24464626610279083,0.19146284461021423,0.0531834214925766
887,84123.6,84243.2,84105.0,84183.7,6456.0,0.2339017540216446,0.0,0.18938632309436798,0.2339017540216446,0.18938632309436798,0.04451543092727661
888,84183.7,84407.1,84175.8,84356.4,12382.0,0.22646090388298035,0.0,0.1950843781232834,0.22646090388298035,0.1950843781232834,0.03137652575969696
889,84350.7,84350.7,84034.2,84086.3,10004.0,0.22774416208267212,0.0,0.2091011106967926,0.22774416208267212,0.2091011106967926,0.018643051385879517
890,84076.6,84152.9,84047.1,84143.1,8864.0,0.222617506980896,0.0,0.2030152678489685,0.222617506980896,0.2030152678489685,0.01960223913192749
891,84143.0,84386.4,84143.0,84366.4,7931.0,0.22074970602989197,0.0,0.20862248539924622,0.22074970602989197,0.20862248539924622,0.012127220630645752
892,84370.6,84424.5,84153.4,84209.8,9858.0,0.21810315549373627,0.0,0.21707655489444733,0.21810315549373627,0.21707655489444733,0.0010266005992889404
893,84209.5,84308.4,84150.1,84244.1,10672.0,0.20993869006633759,0.0,0.214910626411438,0.20993869006633759,0.214910626411438,0.004971936345100403
894,84231.7,84277.4,84197.8,84265.0,4751.0,0.2051999270915985,0.0,0.2062579244375229,0.2051999270915985,0.2062579244375229,0.0010579973459243774
895,84269.4,84294.7,84186.8,84188.0,4961.0,0.20083267986774445,0.0,0.20085559785366058,0.20083267986774445,0.20085559785366058,2.2917985916137695e-05
896,84197.3,84214.2,84110.1,84163.8,8754.0,0.19575928151607513,0.0,0.19539734721183777,0.19575928151607513,0.19539734721183777,0.0003619343042373657
897,84167.6,84237.4,84125.5,84197.2,7185.0,0.1844482123851776,0.0,0.1908612996339798,0.1844482123851776,0.1908612996339798,0.006413087248802185
898,84199.2,84214.4,84134.1,84178.5,4214.0,0.1847824603319168,0.0,0.18408121168613434,0.1847824603319168,0.18408121168613434,0.0007012486457824707
899,84182.8,84243.3,84110.0,84110.1,9177.0,0.18017235398292542,0.0,0.1823914796113968,0.18017235398292542,0.1823914796113968,0.0022191256284713745
900,84110.0,84145.0,84000.9,84019.7,11135.0,0.1849154829978943,0.0,0.18179640173912048,0.1849154829978943,0.18179640173912048,0.0031190812587738037
901,84028.0,84028.1,83827.1,83878.1,31049.0,0.19510537385940552,0.0,0.18621261417865753,0.19510537385940552,0.18621261417865753,0.008892759680747986
902,83878.0,84009.6,83856.5,83953.2,4463.0,0.21091073751449585,0.0,0.18578311800956726,0.21091073751449585,0.18578311800956726,0.02512761950492859
903,83953.2,83980.8,83895.1,83918.3,6474.0,0.20803499221801758,0.0,0.17987877130508423,0.20803499221801758,0.17987877130508423,0.02815622091293335
904,83914.2,83935.5,83852.8,83852.8,6679.0,0.23930664360523224,0.0,0.17420567572116852,0.23930664360523224,0.17420567572116852,0.06510096788406372
905,83841.9,83860.5,83741.6,83755.0,7145.0,0.2365325391292572,0.0,0.1720912903547287,0.2365325391292572,0.1720912903547287,0.0644412487745285
906,83759.2,83974.9,83745.7,83964.7,7273.0,0.23867632448673248,0.0,0.17889754474163055,0.23867632448673248,0.17889754474163055,0.05977877974510193
907,83964.7,84032.4,83898.7,83969.7,9174.0,0.23533830046653748,0.0,0.177482008934021,0.23533830046653748,0.177482008934021,0.05785629153251648
908,83969.7,84129.4,83968.1,84078.1,7156.0,0.2216748148202896,0.0,0.17829522490501404,0.2216748148202896,0.17829522490501404,0.043379589915275574
909,84073.9,84201.0,84073.0,84196.5,8198.0,0.22213807702064514,0.0,0.1761859953403473,0.22213807702064514,0.1761859953403473,0.04595208168029785
910,84201.7,84201.7,84025.3,84045.2,8063.0,0.2494831532239914,0.0,0.1788882464170456,0.2494831532239914,0.1788882464170456,0.0705949068069458
911,84037.6,84037.8,83930.5,83979.7,5928.0,0.24854552745819092,0.0,0.1759960949420929,0.24854552745819092,0.1759960949420929,0.07254943251609802
912,83977.9,83988.5,83936.0,83982.1,8969.0,0.24543052911758423,0.0,0.16788552701473236,0.24543052911758423,0.16788552701473236,0.07754500210285187
913,83979.3,83979.3,83847.1,83847.1,3779.0,0.26143985986709595,0.0,0.16764523088932037,0.26143985986709595,0.16764523088932037,0.09379462897777557
914,83847.2,83916.9,83827.6,83827.6,7451.0,0.25447994470596313,0.0,0.16331566870212555,0.25447994470596313,0.16331566870212555,0.09116427600383759
915,83826.8,83826.8,83671.6,83685.5,10288.0,0.2587091624736786,0.0,0.1652229279279709,0.2587091624736786,0.1652229279279709,0.0934862345457077
916,83677.2,83750.0,83586.7,83735.2,11544.0,0.2535526752471924,0.0,0.16725991666316986,0.2535526752471924,0.16725991666316986,0.08629275858402252
917,83728.8,83728.8,83536.6,83616.9,42094.0,0.2498355656862259,0.0,0.17249779403209686,0.2498355656862259,0.17249779403209686,0.07733777165412903
918,83619.0,83698.3,83610.0,83610.6,4024.0,0.24412430822849274,0.0,0.16773179173469543,0.24412430822849274,0.16773179173469543,0.0763925164937973
919,83608.5,83630.5,83587.0,83611.6,4610.0,0.250225305557251,0.0,0.1594652533531189,0.250225305557251,0.1594652533531189,0.09076005220413208
920,83615.8,83753.0,83608.5,83696.0,8401.0,0.24848799407482147,0.0,0.16025759279727936,0.24848799407482147,0.16025759279727936,0.08823040127754211
921,83696.0,83808.4,83672.4,83771.7,8045.0,0.23713721334934235,0.0,0.1602722853422165,0.23713721334934235,0.1602722853422165,0.07686492800712585
922,83771.9,83797.2,83687.7,83743.3,7048.0,0.2238927185535431,0.0,0.1582145243883133,0.2238927185535431,0.1582145243883133,0.0656781941652298
923,83749.0,83833.7,83689.7,83817.0,7983.0,0.21276196837425232,0.0,0.1590559333562851,0.21276196837425232,0.1590559333562851,0.053706035017967224
924,83825.4,83826.3,83705.9,83740.7,7670.0,0.21174472570419312,0.0,0.15809902548789978,0.21174472570419312,0.15809902548789978,0.053645700216293335
925,83740.1,83775.0,83627.8,83677.6,7738.0,0.20830292999744415,0.0,0.1594824343919754,0.20830292999744415,0.1594824343919754,0.04882049560546875
926,83666.0,83684.1,83608.1,83608.1,5996.0,0.20047907531261444,0.0,0.15470682084560394,0.20047907531261444,0.15470682084560394,0.0457722544670105
927,83608.2,83629.2,83549.2,83576.1,6533.0,0.18946217000484467,0.0,0.1505485624074936,0.18946217000484467,0.1505485624074936,0.038913607597351074
928,83583.8,83622.3,83548.1,83548.2,7330.0,0.18111670017242432,0.0,0.1461850106716156,0.18111670017242432,0.1461850106716156,0.034931689500808716
929,83555.1,83706.1,83555.1,83672.0,10687.0,0.18295499682426453,0.0,0.14902175962924957,0.18295499682426453,0.14902175962924957,0.033933237195014954
930,83678.4,84299.9,83579.7,84099.8,48233.0,0.2053551822900772,0.0,0.1988418847322464,0.2053551822900772,0.1988418847322464,0.0065132975578308105
931,84092.4,84256.8,83848.1,83896.1,20421.0,0.1973607987165451,0.0,0.21988321840763092,0.1973607987165451,0.21988321840763092,0.022522419691085815
932,83897.1,84299.9,83792.0,84270.3,17872.0,0.19746264815330505,0.0,0.24632075428962708,0.19746264815330505,0.24632075428962708,0.04885810613632202
933,84261.5,84293.4,83986.8,84269.2,10392.0,0.19795005023479462,0.0,0.2547176778316498,0.19795005023479462,0.2547176778316498,0.056767627596855164
934,84269.3,84820.2,84269.3,84762.7,44408.0,0.19206377863883972,0.0,0.2815786302089691,0.19206377863883972,0.2815786302089691,0.0895148515701294
935,84762.7,84900.0,84485.0,84890.9,32741.0,0.18641351163387299,0.0,0.2959897816181183,0.18641351163387299,0.2959897816181183,0.1095762699842453
936,84890.9,85001.8,84816.5,84976.8,62131.0,0.1776331663131714,0.0,0.29014524817466736,0.1776331663131714,0.29014524817466736,0.11251208186149597
937,84972.3,85140.8,84857.4,84864.4,30059.0,0.17127999663352966,0.0,0.2936304807662964,0.17127999663352966,0.2936304807662964,0.12235048413276672
938,84860.9,84992.7,84711.4,84800.2,12249.0,0.1633898764848709,0.0,0.2965580224990845,0.1633898764848709,0.2965580224990845,0.13316814601421356
939,84797.1,85040.4,84796.9,84863.8,11989.0,0.1664685308933258,0.0,0.295663982629776,0.1664685308933258,0.295663982629776,0.1291954517364502
940,84855.5,85041.6,84700.0,85007.8,10696.0,0.15875695645809174,0.0,0.30278342962265015,0.15875695645809174,0.30278342962265015,0.1440264731645584
941,85007.8,85267.7,85007.8,85169.7,18893.0,0.15255267918109894,0.0,0.30241891741752625,0.15255267918109894,0.30241891741752625,0.1498662382364273
942,85171.3,85279.8,84913.6,85028.8,11743.0,0.14475814998149872,0.0,0.31204521656036377,0.14475814998149872,0.31204521656036377,0.16728706657886505
943,85028.8,85028.8,84774.4,84815.3,17450.0,0.1603500097990036,0.0,0.3119102120399475,0.1603500097990036,0.3119102120399475,0.1515602022409439
944,84815.3,84968.6,84772.1,84907.1,9999.0,0.1505512297153473,0.0,0.30584844946861267,0.1505512297153473,0.30584844946861267,0.15529721975326538
945,84917.0,84984.1,84649.0,84660.5,12520.0,0.1424258053302765,0.0,0.3131020963191986,0.1424258053302765,0.3131020963191986,0.17067629098892212
946,84656.3,84699.8,84407.8,84436.5,15972.0,0.13757337629795074,0.0,0.3162105083465576,0.13757337629795074,0.3162105083465576,0.17863713204860687
947,84434.9,84539.6,84235.7,84261.3,11651.0,0.1361597180366516,0.0,0.3199961483478546,0.1361597180366516,0.3199961483478546,0.183836430311203
948,84265.7,84645.9,84251.6,84645.8,25414.0,0.13616880774497986,0.0,0.3290623724460602,0.13616880774497986,0.3290623724460602,0.19289356470108032
949,84640.6,84671.3,84374.2,84546.2,8208.0,0.1302109956741333,0.0,0.33101773262023926,0.1302109956741333,0.33101773262023926,0.20080673694610596
950,84534.6,84682.1,84494.5,84649.9,18914.0,0.13197167217731476,0.0,0.3228271007537842,0.13197167217731476,0.3228271007537842,0.19085542857646942
951,84650.6,84986.8,84570.9,84893.5,17548.0,0.1333792507648468,0.0,0.33390113711357117,0.1333792507648468,0.33390113711357117,0.20052188634872437
952,84893.4,85162.0,84781.0,85125.8,20141.0,0.12761235237121582,0.0,0.34117448329925537,0.12761235237121582,0.34117448329925537,0.21356213092803955
953,85141.6,85217.2,85078.1,85179.5,8645.0,0.12563401460647583,0.0,0.32826969027519226,0.12563401460647583,0.32826969027519226,0.20263567566871643
954,85179.5,85427.9,85162.8,85400.7,20955.0,0.12092925608158112,0.0,0.3262052536010742,0.12092925608158112,0.3262052536010742,0.2052759975194931
955,85403.5,85488.7,85308.4,85417.0,8141.0,0.11624027043581009,0.0,0.31792476773262024,0.11624027043581009,0.31792476773262024,0.20168449729681015
956,85417.0,85417.0,85030.7,85069.6,20538.0,0.11120203137397766,0.0,0.32885679602622986,0.11120203137397766,0.32885679602622986,0.2176547646522522
957,85055.6,85190.8,85055.6,85060.6,6663.0,0.10627000778913498,0.0,0.316752165555954,0.10627000778913498,0.316752165555954,0.210482157766819
958,85060.1,85154.7,85000.1,85122.8,11759.0,0.10536801815032959,0.0,0.30688509345054626,0.10536801815032959,0.30688509345054626,0.20151707530021667
959,85122.8,85122.8,84836.1,84836.2,16029.0,0.09976185113191605,0.0,0.31006595492362976,0.09976185113191605,0.31006595492362976,0.21030410379171371
960,84836.2,85103.4,84806.1,84820.4,13616.0,0.09547586739063263,0.0,0.3130078613758087,0.09547586739063263,0.3130078613758087,0.2175319939851761
961,84812.1,84833.6,84582.3,84582.3,12104.0,0.09809038788080215,0.0,0.3126906752586365,0.09809038788080215,0.3126906752586365,0.21460028737783432
962,84578.1,84628.0,84460.8,84469.8,16158.0,0.09554409980773926,0.0,0.30488121509552,0.09554409980773926,0.30488121509552,0.20933711528778076
963,84470.8,84551.8,84329.4,84551.7,10543.0,0.09645835310220718,0.0,0.3016177713871002,0.09645835310220718,0.3016177713871002,0.20515941828489304
964,84556.0,84601.9,84415.7,84555.3,7480.0,0.11393913626670837,0.0,0.2957907021045685,0.11393913626670837,0.2957907021045685,0.1818515658378601
965,84539.0,84713.2,84494.4,84632.7,20191.0,0.10795897990465164,0.0,0.29287832975387573,0.10795897990465164,0.29287832975387573,0.1849193498492241
966,84632.6,84788.1,84526.3,84670.7,11339.0,0.1427670419216156,0.0,0.2939223647117615,0.1427670419216156,0.2939223647117615,0.15115532279014587
967,84670.0,84670.5,84503.8,84520.0,8458.0,0.1974540799856186,0.0,0.2875199317932129,0.1974540799856186,0.2875199317932129,0.0900658518075943
968,84520.1,84558.2,84307.6,84440.3,13741.0,0.2156657576560974,0.0,0.28843334317207336,0.2156657576560974,0.28843334317207336,0.07276758551597595
969,84440.3,84502.6,84340.4,84454.2,4812.0,0.2389778196811676,0.0,0.2815054655075073,0.2389778196811676,0.2815054655075073,0.04252764582633972
970,84454.1,84461.6,84317.9,84424.8,8405.0,0.24334196746349335,0.0,0.27364715933799744,0.24334196746349335,0.27364715933799744,0.03030519187450409
971,84424.8,84466.4,84317.9,84428.5,5970.0,0.243291437625885,0.0,0.26665323972702026,0.243291437625885,0.26665323972702026,0.023361802101135254
972,84428.5,84469.6,84304.4,84328.8,6193.0,0.237766832113266,0.0,0.2618924379348755,0.237766832113266,0.2618924379348755,0.024125605821609497
973,84324.6,84341.3,84047.4,84155.2,19509.0,0.25516170263290405,0.0,0.2686327397823334,0.25516170263290405,0.2686327397823334,0.013471037149429321
974,84155.2,84252.7,84064.1,84174.1,6456.0,0.25992223620414734,0.0,0.26539307832717896,0.25992223620414734,0.26539307832717896,0.005470842123031616
975,84174.1,84294.7,84169.0,84187.5,9896.0,0.2500568926334381,0.0,0.2570624351501465,0.2500568926334381,0.2570624351501465,0.007005542516708374
976,84186.0,84243.8,84129.5,84130.9,5068.0,0.2360776960849762,0.0,0.2485654205083847,0.2360776960849762,0.2485654205083847,0.012487724423408508
977,84124.0,84124.0,83836.9,83943.2,13960.0,0.24575956165790558,0.0,0.2563437521457672,0.24575956165790558,0.2563437521457672,0.010584190487861633
978,83943.3,84075.7,83943.3,84063.2,18572.0,0.2397642731666565,0.0,0.2489522248506546,0.2397642731666565,0.2489522248506546,0.009187951683998108
979,84067.1,84202.8,84029.6,84184.1,18730.0,0.2459004521369934,0.0,0.24553322792053223,0.2459004521369934,0.24553322792053223,0.00036722421646118164
980,84184.6,84201.2,83800.1,83860.5,9955.0,0.25004053115844727,0.0,0.2630389332771301,0.25004053115844727,0.2630389332771301,0.012998402118682861
981,83860.4,83911.7,83750.0,83803.1,9483.0,0.2477230727672577,0.0,0.2582003176212311,0.2477230727672577,0.2582003176212311,0.010477244853973389
982,83803.4,84003.3,83686.4,83926.7,14106.0,0.24573253095149994,0.0,0.26637500524520874,0.24573253095149994,0.26637500524520874,0.0206424742937088
983,83936.7,84116.6,83895.2,84063.1,5934.0,0.23250584304332733,0.0,0.265759140253067,0.23250584304332733,0.265759140253067,0.033253297209739685
984,84063.0,84068.0,83884.0,84056.9,11360.0,0.2300524115562439,0.0,0.26243022084236145,0.2300524115562439,0.26243022084236145,0.032377809286117554
985,84058.9,84344.3,84000.1,84130.2,22610.0,0.2319502830505371,0.0,0.2726958990097046,0.2319502830505371,0.2726958990097046,0.04074561595916748
986,84143.8,84143.8,83805.5,83890.7,6890.0,0.2243720442056656,0.0,0.28274476528167725,0.2243720442056656,0.28274476528167725,0.05837272107601166
987,83898.4,83898.4,83725.7,83767.8,7933.0,0.21636302769184113,0.0,0.2776595950126648,0.21636302769184113,0.2776595950126648,0.06129656732082367
988,83769.1,83833.8,83644.4,83698.6,9021.0,0.22386448085308075,0.0,0.27420324087142944,0.22386448085308075,0.27420324087142944,0.050338760018348694
989,83698.6,83698.6,83592.7,83631.9,7309.0,0.22386112809181213,0.0,0.2638649642467499,0.22386112809181213,0.2638649642467499,0.040003836154937744
990,83628.6,83711.6,83506.1,83646.8,14344.0,0.2304466962814331,0.0,0.2625221014022827,0.2304466962814331,0.2625221014022827,0.03207540512084961
991,83640.5,83826.1,83518.1,83826.1,13397.0,0.22232946753501892,0.0,0.2694939076900482,0.22232946753501892,0.2694939076900482,0.0471644401550293
992,83826.2,83863.0,83730.3,83806.9,14159.0,0.2251453697681427,0.0,0.2616119682788849,0.2251453697681427,0.2616119682788849,0.03646659851074219
993,83793.4,83807.0,83529.3,83542.8,39490.0,0.22870369255542755,0.0,0.26743680238723755,0.22870369255542755,0.26743680238723755,0.03873310983181
994,83541.2,83617.5,83335.1,83363.5,30566.0,0.2413334846496582,0.0,0.27306509017944336,0.2413334846496582,0.27306509017944336,0.031731605529785156
995,83364.5,83410.2,83294.4,83322.6,14210.0,0.24449746310710907,0.0,0.263612300157547,0.24449746310710907,0.263612300157547,0.019114837050437927
996,83329.0,83414.6,83195.0,83211.9,12244.0,0.25518158078193665,0.0,0.26395896077156067,0.25518158078193665,0.26395896077156067,0.008777379989624023
997,83211.9,83284.2,83062.6,83228.9,68510.0,0.25329604744911194,0.0,0.2640729546546936,0.25329604744911194,0.2640729546546936,0.010776907205581665
998,83244.1,83284.0,83121.4,83169.0,11905.0,0.2663155198097229,0.0,0.2593519985675812,0.2663155198097229,0.2593519985675812,0.006963521242141724
999,83175.6,83183.9,82916.8,82937.8,19501.0,0.265062540769577,0.0,0.26450181007385254,0.265062540769577,0.26450181007385254,0.0005607306957244873
1000,82925.6,82963.6,82843.7,82875.6,29655.0,0.2730850875377655,0.0,0.25612691044807434,0.2730850875377655,0.25612691044807434,0.016958177089691162
1001,82876.6,83021.4,82870.1,82967.0,8328.0,0.2795183062553406,0.0,0.25059568881988525,0.2795183062553406,0.25059568881988525,0.028922617435455322
1002,82972.2,83028.8,82784.3,82884.9,14024.0,0.2944777309894562,0.0,0.2539970278739929,0.2944777309894562,0.2539970278739929,0.04048070311546326
1003,82870.4,83052.6,82846.0,83030.4,9470.0,0.28303611278533936,0.0,0.25321438908576965,0.28303611278533936,0.25321438908576965,0.029821723699569702
1004,83030.4,83299.0,83030.4,83225.5,16092.0,0.28446078300476074,0.0,0.25762927532196045,0.28446078300476074,0.25762927532196045,0.026831507682800293
1005,83225.5,83375.9,83118.9,83354.1,17205.0,0.2745583951473236,0.0,0.2608811855316162,0.2745583951473236,0.2608811855316162,0.013677209615707397
1006,83346.1,83366.1,83235.0,83327.7,13563.0,0.27018895745277405,0.0,0.2535615861415863,0.27018895745277405,0.2535615861415863,0.016627371311187744
1007,83327.7,83387.0,83234.4,83319.0,10598.0,0.2588695287704468,0.0,0.24855703115463257,0.2588695287704468,0.24855703115463257,0.010312497615814209
1008,83328.2,83367.4,83068.8,83169.0,9307.0,0.25409725308418274,0.0,0.2568642199039459,0.25409725308418274,0.2568642199039459,0.0027669668197631836
1009,83191.0,83333.0,83145.0,83262.0,5816.0,0.24755696952342987,0.0,0.25437843799591064,0.24755696952342987,0.25437843799591064,0.006821468472480774
1010,83261.8,83261.8,83098.2,83204.9,7128.0,0.26031747460365295,0.0,0.2504320740699768,0.26031747460365295,0.2504320740699768,0.009885400533676147
1011,83205.8,83210.9,82950.1,83020.0,10240.0,0.2445010542869568,0.0,0.25550034642219543,0.2445010542869568,0.25550034642219543,0.010999292135238647
1012,83010.3,83025.3,82811.0,82841.7,16781.0,0.23916612565517426,0.0,0.25623828172683716,0.23916612565517426,0.25623828172683716,0.017072156071662903
1013,82845.8,82866.4,82718.4,82830.3,12697.0,0.2373647838830948,0.0,0.25073105096817017,0.2373647838830948,0.25073105096817017,0.013366267085075378
1014,82857.7,83147.1,82857.7,83096.5,12846.0,0.22917377948760986,0.0,0.2593079209327698,0.22917377948760986,0.2593079209327698,0.030134141445159912
1015,83085.2,83168.2,82984.1,83070.7,10440.0,0.23769354820251465,0.0,0.25669071078300476,0.23769354820251465,0.25669071078300476,0.018997162580490112
1016,83080.9,83200.2,82974.4,83158.8,10932.0,0.2386264055967331,0.0,0.25749847292900085,0.2386264055967331,0.25749847292900085,0.01887206733226776
1017,83158.9,83160.0,82927.1,82927.1,5971.0,0.239299938082695,0.0,0.25983428955078125,0.239299938082695,0.25983428955078125,0.020534351468086243
1018,82922.4,82988.2,82783.7,82963.5,13592.0,0.23050816357135773,0.0,0.2587755620479584,0.23050816357135773,0.2587755620479584,0.028267398476600647
1019,82965.8,82977.4,82875.1,82922.3,7153.0,0.22089453041553497,0.0,0.2492227554321289,0.22089453041553497,0.2492227554321289,0.028328225016593933
1020,82922.3,83030.4,82889.2,82941.3,11976.0,0.20769180357456207,0.0,0.24352778494358063,0.20769180357456207,0.24352778494358063,0.035835981369018555
1021,82950.1,83099.9,82902.3,83002.0,9003.0,0.21740387380123138,0.0,0.2429724484682083,0.21740387380123138,0.2429724484682083,0.02556857466697693
1022,82996.5,83020.0,82769.9,82843.9,19729.0,0.2120867669582367,0.0,0.24761177599430084,0.2120867669582367,0.24761177599430084,0.03552500903606415
1023,82843.8,82883.9,82707.7,82783.4,17817.0,0.22040440142154694,0.0,0.24529603123664856,0.22040440142154694,0.24529603123664856,0.024891629815101624
1024,82762.5,82762.5,82445.9,82450.1,38999.0,0.25123289227485657,0.0,0.2579341232776642,0.25123289227485657,0.2579341232776642,0.006701231002807617
1025,82457.3,82604.0,82310.6,82464.0,20183.0,0.24588318169116974,0.0,0.264883428812027,0.24588318169116974,0.264883428812027,0.01900024712085724
1026,82463.2,82533.3,82345.6,82498.0,12211.0,0.31213870644569397,0.0,0.26211288571357727,0.31213870644569397,0.26211288571357727,0.0500258207321167
1027,82490.7,82738.0,82431.8,82664.8,11469.0,0.3638095557689667,0.0,0.26935768127441406,0.3638095557689667,0.26935768127441406,0.09445187449455261
1028,82683.2,83082.3,82666.0,82839.8,14730.0,0.3484055995941162,0.0,0.2855883836746216,0.3484055995941162,0.2855883836746216,0.06281721591949463
1029,82843.1,82933.7,82700.1,82887.1,6414.0,0.35678771138191223,0.0,0.2851686477661133,0.35678771138191223,0.2851686477661133,0.07161906361579895
1030,82888.2,82990.1,82829.2,82875.8,8653.0,0.36509159207344055,0.0,0.2787030041217804,0.36509159207344055,0.2787030041217804,0.08638858795166016
1031,82888.0,82961.2,82739.9,82799.9,10151.0,0.3735114336013794,0.0,0.278124064207077,0.3735114336013794,0.278124064207077,0.09538736939430237
1032,82820.8,82825.6,82633.4,82714.6,15778.0,0.35845983028411865,0.0,0.27512216567993164,0.35845983028411865,0.27512216567993164,0.08333766460418701
1033,82715.6,82988.3,82715.6,82955.1,9882.0,0.3547145426273346,0.0,0.27829650044441223,0.3547145426273346,0.27829650044441223,0.07641804218292236
1034,82963.1,82967.7,82783.6,82919.9,7372.0,0.33144137263298035,0.0,0.2743867039680481,0.33144137263298035,0.2743867039680481,0.05705466866493225
1035,82913.9,82927.3,82831.9,82909.1,4950.0,0.3465629816055298,0.0,0.2630396783351898,0.3465629816055298,0.2630396783351898,0.08352330327033997
1036,82910.5,82960.7,82740.6,82909.9,8216.0,0.34397995471954346,0.0,0.2632109820842743,0.34397995471954346,0.2632109820842743,0.08076897263526917
1037,82921.7,83124.8,82802.1,82885.1,10440.0,0.3382076025009155,0.0,0.27229249477386475,0.3382076025009155,0.27229249477386475,0.06591510772705078
1038,82885.2,82910.2,82579.6,82602.9,8948.0,0.327519953250885,0.0,0.28229469060897827,0.327519953250885,0.28229469060897827,0.04522526264190674
1039,82597.0,82746.2,82551.9,82745.7,6251.0,0.34312185645103455,0.0,0.2784513533115387,0.34312185645103455,0.2784513533115387,0.06467050313949585
1040,82746.0,82972.1,82713.0,82924.8,8474.0,0.33121752738952637,0.0,0.2803216874599457,0.33121752738952637,0.2803216874599457,0.05089583992958069
1041,82931.2,83200.3,82842.8,83181.5,11690.0,0.31137850880622864,0.0,0.29019418358802795,0.31137850880622864,0.29019418358802795,0.021184325218200684
1042,83169.5,83271.3,82972.3,82976.7,31206.0,0.3028004765510559,0.0,0.2958698272705078,0.3028004765510559,0.2958698272705078,0.006930649280548096
1043,82981.4,83032.6,82853.1,82971.3,13061.0,0.2882051467895508,0.0,0.29020702838897705,0.2882051467895508,0.29020702838897705,0.0020018815994262695
1044,82965.3,83145.1,82965.3,83098.3,9214.0,0.29401785135269165,0.0,0.28452152013778687,0.29401785135269165,0.28452152013778687,0.009496331214904785
1045,83087.7,83197.7,82994.5,83182.7,6665.0,0.2768648862838745,0.0,0.28137943148612976,0.2768648862838745,0.28137943148612976,0.004514545202255249
1046,83178.7,83229.1,83127.5,83133.0,7498.0,0.2661795914173126,0.0,0.2701667845249176,0.2661795914173126,0.2701667845249176,0.0039871931076049805
1047,83128.0,83223.0,83102.7,83174.7,5256.0,0.2675321698188782,0.0,0.2610742151737213,0.2675321698188782,0.2610742151737213,0.00645795464515686
1048,83174.6,83307.3,83072.9,83184.5,35632.0,0.261540025472641,0.0,0.2625247538089752,0.261540025472641,0.2625247538089752,0.0009847283363342285
1049,83184.6,83284.5,83088.8,83284.5,6360.0,0.26423531770706177,0.0,0.26026466488838196,0.26423531770706177,0.26026466488838196,0.00397065281867981
1050,83272.9,83346.8,83179.9,83179.9,13760.0,0.30446842312812805,0.0,0.25631022453308105,0.30446842312812805,0.25631022453308105,0.048158198595047
1051,83179.7,83184.8,83045.7,83052.5,4461.0,0.3405521512031555,0.0,0.2503300607204437,0.3405521512031555,0.2503300607204437,0.09022209048271179
1052,83052.4,83146.3,82935.9,83116.1,10939.0,0.34728875756263733,0.0,0.25035277009010315,0.34728875756263733,0.25035277009010315,0.09693598747253418
1053,83100.4,83247.2,83088.1,83180.9,7460.0,0.3698776364326477,0.0,0.2459515929222107,0.3698776364326477,0.2459515929222107,0.12392604351043701
1054,83176.7,83247.2,83113.7,83113.7,4538.0,0.3815569579601288,0.0,0.2400413602590561,0.3815569579601288,0.2400413602590561,0.1415155977010727
1055,83112.5,83218.2,83097.6,83143.2,4559.0,0.3645159900188446,0.0,0.23317737877368927,0.3645159900188446,0.23317737877368927,0.13133861124515533
1056,83147.8,83445.2,83122.1,83399.3,9186.0,0.3959302306175232,0.0,0.24352949857711792,0.3959302306175232,0.24352949857711792,0.15240073204040527
1057,83393.7,83643.2,83384.8,83617.9,18477.0,0.3808826804161072,0.0,0.24761708080768585,0.3808826804161072,0.24761708080768585,0.13326559960842133
1058,83616.3,83796.2,83572.4,83765.2,20164.0,0.364338755607605,0.0,0.24861015379428864,0.364338755607605,0.24861015379428864,0.11572860181331635
1059,83761.1,83769.4,83530.7,83549.3,9553.0,0.35669851303100586,0.0,0.2518555521965027,0.35669851303100586,0.2518555521965027,0.10484296083450317
1060,83552.4,83699.9,83552.4,83664.0,8323.0,0.3533213138580322,0.0,0.24640293419361115,0.3533213138580322,0.24640293419361115,0.10691837966442108
1061,83663.9,83696.4,83552.1,83583.8,8161.0,0.35471421480178833,0.0,0.24135352671146393,0.35471421480178833,0.24135352671146393,0.1133606880903244
1062,83581.5,83617.6,83483.5,83502.9,9247.0,0.3408929407596588,0.0,0.23580218851566315,0.3408929407596588,0.23580218851566315,0.10509075224399567
1063,83498.6,83528.3,83410.5,83410.5,6310.0,0.3463849127292633,0.0,0.22928926348686218,0.3463849127292633,0.22928926348686218,0.11709564924240112
1064,83419.0,83419.1,83243.2,83355.1,44546.0,0.34662047028541565,0.0,0.22812603414058685,0.34662047028541565,0.22812603414058685,0.1184944361448288
1065,83365.5,83365.5,83137.7,83245.0,10509.0,0.3468590974807739,0.0,0.23165765404701233,0.3468590974807739,0.23165765404701233,0.1152014434337616
1066,83244.9,83472.3,83217.3,83376.4,11346.0,0.35162490606307983,0.0,0.23661752045154572,0.35162490606307983,0.23661752045154572,0.11500738561153412
1067,83379.7,83599.9,83379.7,83593.4,5674.0,0.35426729917526245,0.0,0.2382434457540512,0.35426729917526245,0.2382434457540512,0.11602385342121124
1068,83593.4,83810.5,83593.4,83773.3,12094.0,0.34331974387168884,0.0,0.23926196992397308,0.34331974387168884,0.23926196992397308,0.10405777394771576
1069,83778.5,83884.0,83778.5,83853.8,8720.0,0.3431883454322815,0.0,0.23138847947120667,0.3431883454322815,0.23138847947120667,0.11179986596107483
1070,83856.0,83932.0,83741.5,83919.5,6771.0,0.3290119469165802,0.0,0.23090703785419464,0.3290119469165802,0.23090703785419464,0.09810490906238556
1071,83916.6,84107.5,83916.6,84096.0,22793.0,0.31286680698394775,0.0,0.23017799854278564,0.31286680698394775,0.23017799854278564,0.08268880844116211
1072,84094.0,84469.1,84059.2,84469.1,44748.0,0.3390401005744934,0.0,0.24745437502861023,0.3390401005744934,0.24745437502861023,0.09158572554588318
1073,84469.1,84537.4,84331.0,84471.8,17837.0,0.33148205280303955,0.0,0.2472245842218399,0.33148205280303955,0.2472245842218399,0.08425746858119965
1074,84468.2,84514.9,84353.3,84407.5,7191.0,0.31915315985679626,0.0,0.24341584742069244,0.31915315985679626,0.24341584742069244,0.07573731243610382
1075,84405.0,84594.4,84400.8,84531.8,17853.0,0.33155328035354614,0.0,0.24205578863620758,0.33155328035354614,0.24205578863620758,0.08949749171733856
1076,84531.8,84779.9,84531.8,84728.3,10834.0,0.33164259791374207,0.0,0.2451605498790741,0.33164259791374207,0.2451605498790741,0.08648204803466797
1077,84726.2,84730.2,84553.1,84639.2,8104.0,0.32221487164497375,0.0,0.2428346425294876,0.32221487164497375,0.2428346425294876,0.07938022911548615
1078,84645.4,84843.4,84645.4,84788.6,6836.0,0.3555620610713959,0.0,0.242294043302536,0.3555620610713959,0.242294043302536,0.11326801776885986
1079,84802.4,84937.8,84788.9,84921.0,9863.0,0.35053953528404236,0.0,0.23718564212322235,0.35053953528404236,0.23718564212322235,0.11335389316082001
1080,84921.0,84963.5,84713.3,84825.4,29305.0,0.3371913731098175,0.0,0.24156078696250916,0.3371913731098175,0.24156078696250916,0.09563058614730835
1081,84825.4,84832.5,84578.6,84643.4,31444.0,0.3519590497016907,0.0,0.2462146282196045,0.3519590497016907,0.2462146282196045,0.10574442148208618
1082,84648.7,84856.0,84635.0,84707.8,12198.0,0.34011954069137573,0.0,0.24708954989910126,0.34011954069137573,0.24708954989910126,0.09302999079227448
1083,84713.1,84934.3,84713.1,84924.9,22912.0,0.316000759601593,0.0,0.2479042112827301,0.316000759601593,0.2479042112827301,0.06809654831886292
1084,84924.9,85000.0,84870.7,84992.2,7445.0,0.31912970542907715,0.0,0.24088075757026672,0.31912970542907715,0.24088075757026672,0.07824894785881042
1085,84988.3,85033.8,84865.2,84981.3,7177.0,0.31280457973480225,0.0,0.2378743439912796,0.31280457973480225,0.2378743439912796,0.07493023574352264
1086,84981.5,85175.3,84981.5,85131.6,10751.0,0.31116706132888794,0.0,0.2367706596851349,0.31116706132888794,0.2367706596851349,0.07439640164375305
1087,85132.1,85495.4,85088.0,85405.6,32002.0,0.3076239228248596,0.0,0.2532256841659546,0.3076239228248596,0.2532256841659546,0.05439823865890503
1088,85414.1,85414.1,85208.4,85305.7,15830.0,0.29436931014060974,0.0,0.2526375353336334,0.29436931014060974,0.2526375353336334,0.04173177480697632
1089,85305.7,85471.1,85301.4,85384.0,5496.0,0.2751781642436981,0.0,0.24857351183891296,0.2751781642436981,0.24857351183891296,0.026604652404785156
1090,85383.9,85383.9,85109.7,85229.7,15122.0,0.27860787510871887,0.0,0.25422415137290955,0.27860787510871887,0.25422415137290955,0.024383723735809326
1091,85228.3,85329.5,85143.0,85234.0,10143.0,0.2633662223815918,0.0,0.2516826391220093,0.2633662223815918,0.2516826391220093,0.01168358325958252
1092,85242.4,85311.9,85073.9,85155.1,14359.0,0.27035441994667053,0.0,0.253885418176651,0.27035441994667053,0.253885418176651,0.01646900177001953
1093,85166.3,85242.2,85024.3,85132.6,10146.0,0.2888123691082001,0.0,0.25409597158432007,0.2888123691082001,0.25409597158432007,0.034716397523880005
1094,85162.9,85233.7,85104.3,85130.0,9191.0,0.2814808487892151,0.0,0.24681133031845093,0.2814808487892151,0.24681133031845093,0.03466951847076416
1095,85131.1,85316.6,85120.1,85194.0,7822.0,0.2847224771976471,0.0,0.24548478424549103,0.2847224771976471,0.24548478424549103,0.03923769295215607
1096,85201.8,85285.2,85079.0,85131.4,8329.0,0.27245232462882996,0.0,0.24541904032230377,0.27245232462882996,0.24541904032230377,0.027033284306526184
1097,85160.4,85295.5,84984.1,85144.8,17961.0,0.2815230190753937,0.0,0.2539766728878021,0.2815230190753937,0.2539766728878021,0.027546346187591553
1098,85144.8,85407.8,85127.1,85361.0,17528.0,0.2899194657802582,0.0,0.25872623920440674,0.2899194657802582,0.25872623920440674,0.03119322657585144
1099,85361.0,85448.1,85123.2,85123.2,8249.0,0.2946805953979492,0.0,0.2681798040866852,0.2946805953979492,0.2681798040866852,0.026500791311264038
1100,85123.2,85130.6,84951.8,85037.8,10494.0,0.2897210121154785,0.0,0.2642931342124939,0.2897210121154785,0.2642931342124939,0.02542787790298462
1101,85042.0,85250.6,85016.8,85054.9,12391.0,0.27567875385284424,0.0,0.26500049233436584,0.27567875385284424,0.26500049233436584,0.010678261518478394
1102,85063.5,85277.3,85063.5,85188.7,10834.0,0.27490177750587463,0.0,0.26433292031288147,0.27490177750587463,0.26433292031288147,0.010568857192993164
1103,85187.8,85337.9,85118.3,85337.9,10198.0,0.27264586091041565,0.0,0.2634037137031555,0.27264586091041565,0.2634037137031555,0.009242147207260132
1104,85346.5,85444.5,85329.2,85392.6,13602.0,0.2692868113517761,0.0,0.25407674908638,0.2692868113517761,0.25407674908638,0.015210062265396118
1105,85393.9,85561.9,85319.7,85418.8,11914.0,0.25916531682014465,0.0,0.256108820438385,0.25916531682014465,0.256108820438385,0.0030564963817596436
1106,85417.8,85429.4,85300.1,85300.4,8748.0,0.25042060017585754,0.0,0.24897244572639465,0.25042060017585754,0.24897244572639465,0.0014481544494628906
1107,85300.0,85300.0,85090.5,85152.2,6980.0,0.24851010739803314,0.0,0.2491980493068695,0.24851010739803314,0.2491980493068695,0.0006879419088363647
1108,85153.2,85165.3,85047.3,85085.0,10597.0,0.264030396938324,0.0,0.24148701131343842,0.264030396938324,0.24148701131343842,0.02254338562488556
1109,85085.0,85226.7,85085.0,85199.7,8634.0,0.2512180805206299,0.0,0.23581597208976746,0.2512180805206299,0.23581597208976746,0.015402108430862427
1110,85195.7,85336.2,85195.7,85319.5,6052.0,0.2475920170545578,0.0,0.23042702674865723,0.2475920170545578,0.23042702674865723,0.017164990305900574
1111,85325.4,85429.3,85285.5,85289.7,7594.0,0.2426750510931015,0.0,0.22608542442321777,0.2426750510931015,0.22608542442321777,0.016589626669883728
1112,85285.6,85346.4,85205.0,85346.4,5640.0,0.24317346513271332,0.0,0.2216310054063797,0.24317346513271332,0.2216310054063797,0.021542459726333618
1113,85342.2,85423.8,85333.7,85423.7,8240.0,0.2403969168663025,0.0,0.2131473273038864,0.2403969168663025,0.2131473273038864,0.027249589562416077
1114,85410.8,85471.1,85387.4,85430.1,7198.0,0.23669901490211487,0.0,0.204906165599823,0.23669901490211487,0.204906165599823,0.03179284930229187
1115,85426.0,85471.1,85315.3,85394.0,5488.0,0.2309064418077469,0.0,0.20338286459445953,0.2309064418077469,0.20338286459445953,0.027523577213287354
1116,85397.6,85463.6,85352.0,85463.6,7635.0,0.22498108446598053,0.0,0.19802913069725037,0.22498108446598053,0.19802913069725037,0.026951953768730164
1117,85471.1,85471.1,85238.8,85252.8,8913.0,0.24491485953330994,0.0,0.20380239188671112,0.24491485953330994,0.20380239188671112,0.041112467646598816
1118,85247.5,85285.1,85058.4,85130.4,12347.0,0.2524881362915039,0.0,0.20853868126869202,0.2524881362915039,0.20853868126869202,0.04394945502281189
1119,85139.0,85276.5,85129.6,85169.9,15130.0,0.2510436177253723,0.0,0.2058730274438858,0.2510436177253723,0.2058730274438858,0.04517059028148651
1120,85181.6,85200.2,85075.3,85088.0,8698.0,0.23609448969364166,0.0,0.20183728635311127,0.23609448969364166,0.20183728635311127,0.034257203340530396
1121,85088.0,85200.0,84990.6,85200.0,18433.0,0.23752260208129883,0.0,0.20472915470600128,0.23752260208129883,0.20472915470600128,0.032793447375297546
1122,85200.0,85268.6,85181.8,85237.4,5815.0,0.23536831140518188,0.0,0.19729644060134888,0.23536831140518188,0.19729644060134888,0.03807187080383301
1123,85240.1,85268.1,85166.9,85205.4,5931.0,0.2340746372938156,0.0,0.19175660610198975,0.2340746372938156,0.19175660610198975,0.04231803119182587
1124,85198.0,85198.4,85125.6,85172.6,3847.0,0.225875124335289,0.0,0.184820294380188,0.225875124335289,0.184820294380188,0.04105482995510101
1125,85173.4,85384.5,85173.4,85335.4,18953.0,0.23312072455883026,0.0,0.1890280544757843,0.23312072455883026,0.1890280544757843,0.04409267008304596
1126,85343.1,85349.8,85102.7,85181.6,8900.0,0.23068983852863312,0.0,0.19656287133693695,0.23068983852863312,0.19656287133693695,0.03412696719169617
1127,85186.6,85246.2,85127.0,85230.2,5599.0,0.23508799076080322,0.0,0.19240860641002655,0.23508799076080322,0.19240860641002655,0.04267938435077667
1128,85224.5,85288.6,85170.3,85281.0,4742.0,0.22787728905677795,0.0,0.18846751749515533,0.22787728905677795,0.18846751749515533,0.03940977156162262
1129,85281.0,85355.8,85279.4,85318.8,9746.0,0.21955499053001404,0.0,0.1813240796327591,0.21955499053001404,0.1813240796327591,0.038230910897254944
1130,85318.7,85318.7,85180.9,85189.8,5384.0,0.20658659934997559,0.0,0.1801896095275879,0.20658659934997559,0.1801896095275879,0.026396989822387695
1131,85183.3,85269.7,85161.6,85223.7,6086.0,0.20553705096244812,0.0,0.1763126701116562,0.20553705096244812,0.1763126701116562,0.02922438085079193
1132,85222.7,85222.7,85020.0,85020.0,7734.0,0.22127202153205872,0.0,0.18122504651546478,0.22127202153205872,0.18122504651546478,0.04004697501659393
1133,85006.4,85052.3,84906.1,84906.1,7145.0,0.21141096949577332,0.0,0.1808050572872162,0.21141096949577332,0.1808050572872162,0.03060591220855713
1134,84905.8,84951.2,84779.9,84868.0,12524.0,0.20552870631217957,0.0,0.18238352239131927,0.20552870631217957,0.18238352239131927,0.02314518392086029
1135,84860.9,85071.5,84860.9,84990.3,8568.0,0.2091638445854187,0.0,0.18681205809116364,0.2091638445854187,0.18681205809116364,0.022351786494255066
1136,84988.0,84988.0,84879.2,84910.6,8412.0,0.20711636543273926,0.0,0.1829766035079956,0.20711636543273926,0.1829766035079956,0.024139761924743652
1137,84910.7,84992.1,84867.1,84961.3,5568.0,0.20888108015060425,0.0,0.18031445145606995,0.20888108015060425,0.18031445145606995,0.028566628694534302
1138,84957.2,85017.6,84882.3,84901.1,4003.0,0.20027732849121094,0.0,0.1789369434118271,0.20027732849121094,0.1789369434118271,0.02134038507938385
1139,84897.8,84949.5,84831.7,84855.1,9828.0,0.19881762564182281,0.0,0.17616160213947296,0.19881762564182281,0.17616160213947296,0.022656023502349854
1140,84871.0,84949.6,84782.5,84790.1,4940.0,0.19989551603794098,0.0,0.17778094112873077,0.19989551603794098,0.17778094112873077,0.022114574909210205
1141,84788.3,84808.4,84700.0,84751.4,8883.0,0.19230228662490845,0.0,0.17429351806640625,0.19230228662490845,0.17429351806640625,0.018008768558502197
1142,84754.7,84754.7,84570.5,84612.5,12330.0,0.19261863827705383,0.0,0.177659809589386,0.19261863827705383,0.177659809589386,0.014958828687667847
1143,84604.1,84637.0,84327.4,84423.9,40936.0,0.18300217390060425,0.0,0.19153283536434174,0.18300217390060425,0.19153283536434174,0.008530661463737488
1144,84420.7,84420.7,84208.6,84229.8,10888.0,0.17969711124897003,0.0,0.1965193748474121,0.17969711124897003,0.1965193748474121,0.016822263598442078
1145,84229.8,84290.6,84004.7,84024.3,17100.0,0.1813357174396515,0.0,0.20723263919353485,0.1813357174396515,0.20723263919353485,0.025896921753883362
1146,84012.6,84258.9,83913.9,84150.8,11053.0,0.19877751171588898,0.0,0.22142520546913147,0.19877751171588898,0.22142520546913147,0.022647693753242493
1147,84150.8,84159.2,83900.0,83998.3,31858.0,0.19534185528755188,0.0,0.2280239313840866,0.19534185528755188,0.2280239313840866,0.03268207609653473
1148,83998.4,84009.6,83758.2,83909.4,21347.0,0.19170451164245605,0.0,0.23336133360862732,0.19170451164245605,0.23336133360862732,0.041656821966171265
1149,83909.5,84162.2,83873.9,84122.5,18923.0,0.1947181224822998,0.0,0.24062374234199524,0.1947181224822998,0.24062374234199524,0.045905619859695435
1150,84122.4,84122.4,83911.3,83937.3,10531.0,0.19614440202713013,0.0,0.2419022023677826,0.19614440202713013,0.2419022023677826,0.045757800340652466
1151,83951.5,84061.3,83783.2,83928.5,11695.0,0.18854372203350067,0.0,0.24831458926200867,0.18854372203350067,0.24831458926200867,0.059770867228507996
1152,83934.7,83934.7,83774.4,83783.4,7850.0,37.87029266357422,0.0,0.24464374780654907,37.87029266357422,0.24464374780654907,37.62564891576767
1153,83792.7,83857.4,83586.1,83627.4,36647.0,90.05709838867188,0.0,0.25076520442962646,90.05709838867188,0.25076520442962646,89.80633318424225
1154,83623.2,83674.0,83547.0,83663.7,8006.0,135.5040283203125,0.0,0.24359509348869324,135.5040283203125,0.24359509348869324,135.2604332268238
1155,83660.6,83695.7,83545.4,83676.7,7245.0,169.60279846191406,0.0,0.2389906942844391,169.60279846191406,0.2389906942844391,169.36380776762962
1156,83682.7,83777.7,83607.0,83716.5,13175.0,113.5064697265625,0.0,0.23637916147708893,113.5064697265625,0.23637916147708893,113.27009056508541
1157,83715.4,83715.4,83408.4,83449.0,20753.0,199.9097900390625,0.0,0.2465706467628479,199.9097900390625,0.2465706467628479,199.66321939229965
1158,83446.0,83498.2,83387.0,83480.7,13874.0,90.57050323486328,0.0,0.2383863776922226,90.57050323486328,0.2383863776922226,90.33211685717106
1159,83493.3,83525.2,83452.6,83455.1,6233.0,61.20624542236328,0.0,0.22764058411121368,61.20624542236328,0.22764058411121368,60.97860483825207
1160,83471.8,83471.8,83291.7,83334.0,12585.0,172.9247589111328,0.0,0.22712421417236328,172.9247589111328,0.22712421417236328,172.69763469696045
1161,83342.4,83617.9,83325.6,83576.7,11625.0,156.4469451904297,0.0,0.2352696657180786,156.4469451904297,0.2352696657180786,156.2116755247116
1162,83584.9,83594.5,83415.2,83489.9,7671.0,138.71397399902344,0.0,0.2340313196182251,138.71397399902344,0.2340313196182251,138.4799426794052
1163,83460.4,83604.4,83436.0,83525.7,6586.0,37.421329498291016,0.0,0.23162254691123962,37.421329498291016,0.23162254691123962,37.189706951379776
1164,83525.8,83653.4,83477.7,83620.6,9151.0,111.03873443603516,0.0,0.22984185814857483,111.03873443603516,0.22984185814857483,110.80889257788658
1165,83629.0,83964.9,83580.7,83882.4,25524.0,149.41751098632812,0.0,0.2454739511013031,149.41751098632812,0.2454739511013031,149.17203703522682
1166,83890.1,83915.8,83752.2,83793.9,9105.0,109.60065460205078,0.0,0.24212609231472015,109.60065460205078,0.24212609231472015,109.35852850973606
1167,83798.6,83938.7,83798.5,83880.9,12169.0,81.71564483642578,0.0,0.23692898452281952,81.71564483642578,0.23692898452281952,81.47871585190296
1168,83881.0,84189.7,83881.0,84072.7,17582.0,155.34332275390625,0.0,0.24573975801467896,155.34332275390625,0.24573975801467896,155.09758299589157
1169,84072.6,84110.0,83977.5,84070.0,8548.0,72.48110961914062,0.0,0.23945188522338867,72.48110961914062,0.23945188522338867,72.24165773391724
1170,84066.4,84172.1,83973.2,84144.1,11358.0,134.07630920410156,0.0,0.23903653025627136,134.07630920410156,0.23903653025627136,133.8372726738453
1171,84139.7,84290.6,84139.7,84254.7,9421.0,66.77571868896484,0.0,0.23446382582187653,66.77571868896484,0.23446382582187653,66.54125486314297
1172,84258.5,84413.2,84225.4,84413.2,12062.0,138.9642791748047,0.0,0.23319922387599945,138.9642791748047,0.23319922387599945,138.7310799509287
1173,84413.2,84433.4,84171.6,84195.6,15662.0,99.02214813232422,0.0,0.23931171000003815,99.02214813232422,0.23931171000003815,98.78283642232418
1174,84200.2,84304.5,84200.2,84296.3,3366.0,128.77777099609375,0.0,0.2311800867319107,128.77777099609375,0.2311800867319107,128.54659090936184
1175,84296.4,84338.8,84269.6,84338.8,8487.0,126.8482666015625,0.0,0.22041937708854675,126.8482666015625,0.22041937708854675,126.62784722447395
1176,84347.4,84581.3,84347.4,84485.4,12701.0,40.807865142822266,0.0,0.2248222529888153,40.807865142822266,0.2248222529888153,40.58304288983345
1177,84487.4,84546.4,84484.0,84509.9,5394.0,58.90562057495117,0.0,0.21397696435451508,58.90562057495117,0.21397696435451508,58.69164361059666
1178,84509.9,84590.6,84498.0,84536.8,6268.0,263.08575439453125,0.0,0.20645396411418915,263.08575439453125,0.20645396411418915,262.87930043041706
1179,84533.6,84566.9,84485.3,84517.0,5349.0,58.38787078857422,0.0,0.1986486166715622,58.38787078857422,0.1986486166715622,58.18922217190266
1180,84524.8,84553.9,84337.7,84382.3,14614.0,37.66921615600586,0.0,0.20305456221103668,37.66921615600586,0.20305456221103668,37.46616159379482
1181,84392.1,84400.7,84168.8,84349.4,33939.0,150.75701904296875,0.0,0.20826242864131927,150.75701904296875,0.20826242864131927,150.54875661432743
1182,84365.0,84388.0,84278.7,84349.9,6606.0,134.31137084960938,0.0,0.20264080166816711,134.31137084960938,0.20264080166816711,134.1087300479412
1183,84345.6,84472.3,84345.6,84462.4,5434.0,66.5136947631836,0.0,0.19863025844097137,66.5136947631836,0.19863025844097137,66.31506450474262
1184,84465.5,84531.8,84428.4,84529.1,16535.0,224.03941345214844,0.0,0.19303418695926666,224.03941345214844,0.19303418695926666,223.84637926518917
1185,84532.3,84587.4,84397.0,84448.4,7372.0,181.8258056640625,0.0,0.19552169740200043,181.8258056640625,0.19552169740200043,181.6302839666605
1186,84452.6,84506.9,84426.9,84432.8,6998.0,76.15892028808594,0.0,0.18835726380348206,76.15892028808594,0.18835726380348206,75.97056302428246
1187,84436.5,84559.0,84403.6,84559.0,5150.0,204.31776428222656,0.0,0.18776893615722656,204.31776428222656,0.18776893615722656,204.12999534606934
1188,84559.0,85041.7,84547.6,84927.3,23950.0,103.08153533935547,0.0,0.2151574343442917,103.08153533935547,0.2151574343442917,102.86637790501118
1189,84929.4,85082.1,84766.9,84804.0,12416.0,92.20662689208984,0.0,0.2266283929347992,92.20662689208984,0.2266283929347992,91.97999849915504
1190,84803.0,85016.3,84803.0,84878.2,11871.0,46.27127456665039,0.0,0.22820650041103363,46.27127456665039,0.22820650041103363,46.04306806623936
1191,84877.0,84977.4,84773.4,84844.7,7295.0,46.265445709228516,0.0,0.22916394472122192,46.265445709228516,0.22916394472122192,46.036281764507294
1192,84851.2,84856.0,84676.1,84707.5,12813.0,56.20551300048828,0.0,0.2283094823360443,56.20551300048828,0.2283094823360443,55.97720351815224
1193,84720.3,84870.1,84720.3,84795.0,5609.0,231.19503784179688,0.0,0.22547993063926697,231.19503784179688,0.22547993063926697,230.9695579111576
1194,84777.9,84777.9,84558.1,84683.4,7423.0,101.5140380859375,0.0,0.22963200509548187,101.5140380859375,0.22963200509548187,101.28440608084202
1195,84666.5,84714.0,84598.9,84711.8,5164.0,275.7969665527344,0.0,0.22286354005336761,275.7969665527344,0.22286354005336761,275.574103012681
1196,84707.5,84745.1,84601.9,84646.0,5867.0,104.1845703125,0.0,0.21918977797031403,104.1845703125,0.21918977797031403,103.96538053452969
1197,84645.3,84657.8,84504.9,84595.3,6202.0,95.59117889404297,0.0,0.21656543016433716,95.59117889404297,0.21656543016433716,95.37461346387863
1198,84584.1,84642.0,84556.9,84621.6,3858.0,39.29771423339844,0.0,0.2082173377275467,39.29771423339844,0.2082173377275467,39.08949689567089
1199,84612.8,84636.4,84562.6,84574.1,6899.0,48.59318542480469,0.0,0.19968590140342712,48.59318542480469,0.19968590140342712,48.39349952340126
1200,84579.3,84653.4,84561.3,84595.8,4130.0,103.81310272216797,0.0,0.19315168261528015,103.81310272216797,0.19315168261528015,103.61995103955269
1201,84601.0,84657.3,84428.3,84428.3,6261.0,97.14947509765625,0.0,0.19908496737480164,97.14947509765625,0.19908496737480164,96.95039013028145
1202,84432.6,84573.7,84432.6,84560.2,7631.0,329.193603515625,0.0,0.19685880839824677,329.193603515625,0.19685880839824677,328.99674470722675
1203,84547.6,84699.9,84523.2,84684.8,5995.0,218.88385009765625,0.0,0.19743213057518005,218.88385009765625,0.19743213057518005,218.68641796708107
1204,84689.0,84767.0,84628.4,84749.9,10380.0,110.1556396484375,0.0,0.19487056136131287,110.1556396484375,0.19487056136131287,109.96076908707619
1205,84752.5,84798.4,84665.3,84666.3,4803.0,138.26437377929688,0.0,0.19235900044441223,138.26437377929688,0.19235900044441223,138.07201477885246
1206,84668.5,84668.5,84573.8,84594.9,4486.0,192.3948516845703,0.0,0.18676619231700897,192.3948516845703,0.18676619231700897,192.2080854922533
1207,84603.5,84632.9,84568.0,84579.0,5117.0,105.09901428222656,0.0,0.17893914878368378,105.09901428222656,0.17893914878368378,104.92007513344288
1208,84574.0,84622.8,84543.6,84622.8,4226.0,162.57571411132812,0.0,0.17275650799274445,162.57571411132812,0.17275650799274445,162.40295760333538
1209,84622.8,84838.7,84622.8,84818.8,6063.0,128.31552124023438,0.0,0.1782282143831253,128.31552124023438,0.1782282143831253,128.13729302585125
1210,84823.0,84893.5,84713.3,84753.6,5369.0,133.63502502441406,0.0,0.1808120757341385,133.63502502441406,0.1808120757341385,133.45421294867992
1211,84753.5,84787.4,84651.2,84735.2,7993.0,276.874267578125,0.0,0.17941413819789886,276.874267578125,0.17941413819789886,276.6948534399271
1212,84736.2,84751.3,84611.1,84628.1,3401.0,205.5115509033203,0.0,0.17864257097244263,205.5115509033203,0.17864257097244263,205.33290833234787
1213,84619.0,84619.0,84500.1,84528.5,5541.0,123.63713836669922,0.0,0.1768941432237625,123.63713836669922,0.1768941432237625,123.46024422347546
1214,84515.0,84601.6,84491.5,84564.8,4341.0,155.49098205566406,0.0,0.17348819971084595,155.49098205566406,0.17348819971084595,155.31749385595322
1215,84560.6,84560.6,84477.0,84550.4,4307.0,199.45260620117188,0.0,0.16854073107242584,199.45260620117188,0.16854073107242584,199.28406547009945
1216,84559.1,84682.5,84556.3,84682.5,3839.0,157.90896606445312,0.0,0.1674005687236786,157.90896606445312,0.1674005687236786,157.74156549572945
1217,84686.6,84718.5,84635.9,84718.5,4857.0,130.52056884765625,0.0,0.16234169900417328,130.52056884765625,0.16234169900417328,130.35822714865208
1218,84709.0,84710.8,84545.8,84555.3,3550.0,55.657623291015625,0.0,0.16562601923942566,55.657623291015625,0.16562601923942566,55.4919972717762
1219,84571.0,84762.2,84567.1,84759.5,4013.0,92.31183624267578,0.0,0.17086148262023926,92.31183624267578,0.17086148262023926,92.14097476005554
1220,84759.5,84912.6,84702.4,84889.8,5755.0,39.21653366088867,0.0,0.17610062658786774,39.21653366088867,0.17610062658786774,39.040433034300804
1221,84896.8,84968.5,84896.8,84961.3,5503.0,202.72763061523438,0.0,0.17000111937522888,202.72763061523438,0.17000111937522888,202.55762949585915
1222,84960.5,85023.8,84845.7,84852.6,7672.0,234.08834838867188,0.0,0.17305225133895874,234.08834838867188,0.17305225133895874,233.91529613733292
1223,84871.0,84892.0,84759.8,84883.9,8826.0,282.71624755859375,0.0,0.1717568337917328,282.71624755859375,0.1717568337917328,282.544490724802
1224,84884.9,84952.4,84811.6,84914.5,4672.0,241.50924682617188,0.0,0.1712746024131775,241.50924682617188,0.1712746024131775,241.3379722237587
1225,84901.7,85024.2,84901.7,84973.7,4123.0,251.71632385253906,0.0,0.16922719776630402,251.71632385253906,0.16922719776630402,251.54709665477276
1226,84970.0,85009.0,84947.1,84955.7,3577.0,181.60195922851562,0.0,0.16237708926200867,181.60195922851562,0.16237708926200867,181.43958213925362
1227,84969.0,84973.7,84936.4,84937.4,2647.0,190.71717834472656,0.0,0.15394838154315948,190.71717834472656,0.15394838154315948,190.5632299631834
1228,84937.3,84937.3,84827.7,84882.3,4596.0,175.50936889648438,0.0,0.15227574110031128,175.50936889648438,0.15227574110031128,175.35709315538406
1229,84882.2,84925.0,84868.6,84895.3,4052.0,194.20269775390625,0.0,0.14612245559692383,194.20269775390625,0.14612245559692383,194.05657529830933
1230,84895.3,84998.5,84866.9,84877.4,5019.0,129.07192993164062,0.0,0.14678868651390076,129.07192993164062,0.14678868651390076,128.92514124512672
1231,84888.3,84905.0,84702.6,84719.9,7820.0,199.66567993164062,0.0,0.15362167358398438,199.66567993164062,0.15362167358398438,199.51205825805664
1232,84719.9,84799.6,84676.5,84744.1,7162.0,27.880874633789062,0.0,0.1529838740825653,27.880874633789062,0.1529838740825653,27.727890759706497
1233,84742.8,84769.3,84649.4,84658.7,5654.0,173.53648376464844,0.0,0.1523158699274063,173.53648376464844,0.1523158699274063,173.38416789472103
1234,84647.0,84680.1,84620.4,84639.7,3991.0,244.2434539794922,0.0,0.14650633931159973,244.2434539794922,0.14650633931159973,244.0969476401806
1235,84639.8,84730.1,84639.8,84730.1,6066.0,210.39810180664062,0.0,0.1435171663761139,210.39810180664062,0.1435171663761139,210.2545846402645
1236,84732.8,84841.4,84732.8,84758.0,4764.0,116.41307067871094,0.0,0.14260144531726837,116.41307067871094,0.14260144531726837,116.27046923339367
1237,84757.9,84819.6,84709.7,84816.7,4422.0,92.45448303222656,0.0,0.14157910645008087,92.45448303222656,0.14157910645008087,92.31290392577648
1238,84819.6,84872.1,84814.6,84855.0,3554.0,138.88526916503906,0.0,0.1362471729516983,138.88526916503906,0.1362471729516983,138.74902199208736
1239,84850.0,84855.7,84745.7,84745.7,4365.0,41.795040130615234,0.0,0.13594983518123627,41.795040130615234,0.13594983518123627,41.659090295434
1240,84744.6,84772.2,84679.9,84681.8,6231.0,96.1844253540039,0.0,0.13412024080753326,96.1844253540039,0.13412024080753326,96.05030511319637
1241,84682.2,84696.8,84600.0,84659.2,4135.0,104.78634643554688,0.0,0.13274039328098297,104.78634643554688,0.13274039328098297,104.65360604226589
1242,84666.3,84700.8,84633.6,84657.1,4495.0,47.24788284301758,0.0,0.12893153727054596,47.24788284301758,0.12893153727054596,47.11895130574703
1243,84657.4,84657.4,84437.4,84445.4,12001.0,74.51785278320312,0.0,0.13863109052181244,74.51785278320312,0.13863109052181244,74.37922169268131
1244,84445.5,84470.5,84350.9,84440.0,5845.0,84.66141510009766,0.0,0.13885430991649628,84.66141510009766,0.13885430991649628,84.52256079018116
1245,84447.1,84447.3,84342.6,84383.2,10287.0,128.64556884765625,0.0,0.1378851681947708,128.64556884765625,0.1378851681947708,128.50768367946148
1246,84378.9,84403.2,84241.3,84274.8,6575.0,79.73078155517578,0.0,0.14192356169223785,79.73078155517578,0.14192356169223785,79.58885799348354
1247,84270.6,84367.3,84225.5,84367.2,6615.0,48.56992721557617,0.0,0.14364689588546753,48.56992721557617,0.14364689588546753,48.426280319690704
1248,84367.2,84430.8,84293.0,84388.3,8113.0,40.06132888793945,0.0,0.14501658082008362,40.06132888793945,0.14501658082008362,39.91631230711937
1249,84388.2,84442.1,84332.8,84377.2,4869.0,93.11412811279297,0.0,0.14392901957035065,93.11412811279297,0.14392901957035065,92.97019909322262
1250,84369.0,84404.5,84304.8,84324.8,6715.0,113.02633666992188,0.0,0.14217694103717804,113.02633666992188,0.14217694103717804,112.8841597288847
1251,84316.3,84316.3,84249.3,84256.0,5524.0,173.00079345703125,0.0,0.13852979242801666,173.00079345703125,0.13852979242801666,172.86226366460323
1252,84250.1,84307.1,84178.8,84238.0,9858.0,75.74250030517578,0.0,0.13954173028469086,75.74250030517578,0.13954173028469086,75.60295857489109
1253,84240.4,84240.4,84116.7,84120.3,4542.0,213.4725799560547,0.0,0.1402590423822403,213.4725799560547,0.1402590423822403,213.33232091367245
1254,84117.0,84193.2,84063.2,84170.8,5030.0,3.6941685676574707,0.0,0.1411943882703781,3.6941685676574707,0.1411943882703781,3.5529741793870926
1255,84176.1,84361.3,84176.1,84345.3,4132.0,87.54124450683594,0.0,0.1469704955816269,87.54124450683594,0.1469704955816269,87.39427401125431
1256,84345.3,84359.7,84245.5,84254.0,5754.0,170.27171325683594,0.0,0.14630235731601715,170.27171325683594,0.14630235731601715,170.12541089951992
1257,84254.1,84266.7,84165.4,84204.8,2063.0,220.3814239501953,0.0,0.1445249617099762,220.3814239501953,0.1445249617099762,220.23689898848534
1258,84226.0,84268.1,84196.0,84207.2,3810.0,388.5310363769531,0.0,0.14031390845775604,388.5310363769531,0.14031390845775604,388.39072246849537
1259,84188.2,84224.2,84179.5,84209.9,3738.0,374.82147216796875,0.0,0.13407912850379944,374.82147216796875,0.13407912850379944,374.68739303946495
1260,84202.7,84268.2,84175.1,84237.9,6033.0,300.0010070800781,0.0,0.13235510885715485,300.0010070800781,0.13235510885715485,299.86865197122097
1261,84234.1,84366.1,84194.6,84335.2,5805.0,522.72509765625,0.0,0.13728474080562592,522.72509765625,0.13728474080562592,522.5878129154444
1262,84335.2,84340.4,84206.4,84239.7,8218.0,443.16497802734375,0.0,0.13898533582687378,443.16497802734375,0.13898533582687378,443.0259926915169
1263,84239.6,84345.5,84214.1,84315.6,7880.0,186.8174591064453,0.0,0.14007315039634705,186.8174591064453,0.14007315039634705,186.67738595604897
1264,84320.8,84320.8,84181.8,84186.3,3710.0,211.4693145751953,0.0,0.1420612782239914,211.4693145751953,0.1420612782239914,211.32725329697132
1265,84182.0,84194.1,84034.7,84063.0,19380.0,606.1246948242188,0.0,0.1456516534090042,606.1246948242188,0.1456516534090042,605.9790431708097
1266,84063.1,84101.4,84000.2,84000.2,12074.0,440.2349548339844,0.0,0.1439540982246399,440.2349548339844,0.1439540982246399,440.09100073575974
1267,84000.0,84074.3,83904.3,83904.3,9397.0,178.0435791015625,0.0,0.14829672873020172,178.0435791015625,0.14829672873020172,177.8952823728323
1268,83900.0,83929.4,83857.1,83916.3,8282.0,158.50384521484375,0.0,0.14383824169635773,158.50384521484375,0.14383824169635773,158.3600069731474
1269,83933.1,83933.1,83883.7,83920.2,6761.0,412.5532531738281,0.0,0.1377623975276947,412.5532531738281,0.1377623975276947,412.41549077630043
1270,83919.3,84011.8,83919.3,84011.8,17995.0,120.64790344238281,0.0,0.13564729690551758,120.64790344238281,0.13564729690551758,120.5122561454773
1271,84011.9,84094.0,84011.9,84092.7,4472.0,324.47528076171875,0.0,0.13281938433647156,324.47528076171875,0.13281938433647156,324.3424613773823
1272,84092.6,84344.8,84090.7,84217.9,10984.0,609.9161376953125,0.0,0.14469964802265167,609.9161376953125,0.14469964802265167,609.7714380472898
1273,84214.3,84214.3,84078.0,84117.3,6081.0,349.88543701171875,0.0,0.1464041918516159,349.88543701171875,0.1464041918516159,349.73903281986713
1274,84121.5,84198.6,84121.5,84192.3,3944.0,243.34967041015625,0.0,0.14272351562976837,243.34967041015625,0.14272351562976837,243.20694689452648
1275,84207.3,84212.4,84004.8,84004.8,13441.0,373.0656433105469,0.0,0.15047697722911835,373.0656433105469,0.15047697722911835,372.91516633331776
1276,83992.1,83996.7,83929.0,83961.3,6353.0,93.9223861694336,0.0,0.14624929428100586,93.9223861694336,0.14624929428100586,93.77613687515259
1277,83966.4,83971.6,83877.7,83931.0,4186.0,93.44922637939453,0.0,0.14384306967258453,93.44922637939453,0.14384306967258453,93.30538330972195
1278,83914.8,83940.5,83848.1,83859.0,4120.0,109.76956176757812,0.0,0.14155346155166626,109.76956176757812,0.14155346155166626,109.62800830602646
1279,83850.6,83892.0,83769.8,83826.0,7933.0,174.75833129882812,0.0,0.1419072300195694,174.75833129882812,0.1419072300195694,174.61642406880856
1280,83822.0,83848.0,83750.0,83818.8,6358.0,132.90684509277344,0.0,0.14013367891311646,132.90684509277344,0.14013367891311646,132.76671141386032
1281,83820.1,83849.7,83779.1,83828.8,7407.0,201.8532257080078,0.0,0.1361244022846222,201.8532257080078,0.1361244022846222,201.7171013057232
1282,83828.6,83891.3,83780.3,83853.9,7302.0,77.33646392822266,0.0,0.13581861555576324,77.33646392822266,0.13581861555576324,77.2006453126669
1283,83843.7,83866.5,83708.9,83713.4,5583.0,233.0892791748047,0.0,0.1397763341665268,233.0892791748047,0.1397763341665268,232.94950284063816
1284,83713.3,83713.3,83641.8,83693.4,6586.0,28.259485244750977,0.0,0.13593418896198273,28.259485244750977,0.13593418896198273,28.123551055788994
1285,83700.0,83852.0,83700.0,83848.3,8200.0,56.13531494140625,0.0,0.13950234651565552,56.13531494140625,0.13950234651565552,55.995812594890594
1286,83855.8,83905.9,83831.3,83862.8,3187.0,134.7776641845703,0.0,0.13586954772472382,134.7776641845703,0.13586954772472382,134.6417946368456
1287,83872.8,83872.9,83650.6,83650.6,4158.0,193.21002197265625,0.0,0.1454663723707199,193.21002197265625,0.1454663723707199,193.06455560028553
1288,83650.5,83652.1,83588.0,83647.7,5952.0,109.93437957763672,0.0,0.14055436849594116,109.93437957763672,0.14055436849594116,109.79382520914078
1289,83645.7,83645.7,83500.1,83538.1,5771.0,118.5869369506836,0.0,0.14330655336380005,118.5869369506836,0.14330655336380005,118.4436303973198
1290,83535.1,83580.0,83469.8,83503.7,7573.0,134.24209594726562,0.0,0.14255189895629883,134.24209594726562,0.14255189895629883,134.09954404830933
1291,83513.7,83580.8,83482.9,83560.0,4075.0,51.405452728271484,0.0,0.1406489759683609,51.405452728271484,0.1406489759683609,51.26480375230312
1292,83558.1,83583.9,83455.7,83472.6,4779.0,59.66065979003906,0.0,0.14170919358730316,59.66065979003906,0.14170919358730316,59.51895059645176
1293,83475.7,83697.7,83460.8,83697.7,7239.0,297.8187561035156,0.0,0.15145106613636017,297.8187561035156,0.15145106613636017,297.66730503737926
1294,83699.2,83728.7,83561.3,83568.8,3836.0,198.02951049804688,0.0,0.15515874326229095,198.02951049804688,0.15515874326229095,197.87435175478458
1295,83575.0,83868.0,83575.0,83768.7,8085.0,287.525390625,0.0,0.16924484074115753,287.525390625,0.16924484074115753,287.35614578425884
1296,83759.3,83801.6,83697.5,83736.2,8254.0,128.51162719726562,0.0,0.1660969853401184,128.51162719726562,0.1660969853401184,128.3455302119255
1297,83733.7,83895.9,83695.4,83895.1,5175.0,36.384521484375,0.0,0.17101143300533295,36.384521484375,0.17101143300533295,36.21351005136967
1298,83895.1,84172.5,83887.2,84172.5,15440.0,262.8360595703125,0.0,0.18248321115970612,262.8360595703125,0.18248321115970612,262.6535763591528
1299,84172.5,84198.5,84014.1,84014.1,18881.0,279.4842224121094,0.0,0.18544568121433258,279.4842224121094,0.18544568121433258,279.29877673089504
1300,83997.4,84091.5,83936.3,84091.5,5203.0,108.85566711425781,0.0,0.185224249958992,108.85566711425781,0.185224249958992,108.67044286429882
1301,84094.7,84191.0,84042.3,84116.6,5684.0,435.5134582519531,0.0,0.18456992506980896,435.5134582519531,0.18456992506980896,435.3288883268833
1302,84106.1,84192.9,84071.6,84071.6,3578.0,290.97283935546875,0.0,0.18178366124629974,290.97283935546875,0.18178366124629974,290.79105569422245
1303,84067.3,84262.1,84000.0,84188.2,5813.0,220.9430694580078,0.0,0.19080305099487305,220.9430694580078,0.19080305099487305,220.75226640701294
1304,84184.0,84268.3,84160.8,84247.8,6726.0,175.61692810058594,0.0,0.18616320192813873,175.61692810058594,0.18616320192813873,175.4307648986578
1305,84253.9,84347.9,84232.0,84289.8,12553.0,151.97470092773438,0.0,0.18260112404823303,151.97470092773438,0.18260112404823303,151.79209980368614
1306,84291.0,84482.7,84288.8,84477.0,6928.0,182.9016876220703,0.0,0.18557797372341156,182.9016876220703,0.18557797372341156,182.7161096483469
1307,84474.3,84572.8,84359.7,84463.5,12104.0,267.4666748046875,0.0,0.19037072360515594,267.4666748046875,0.19037072360515594,267.27630408108234
1308,84491.5,84593.8,84445.5,84593.8,5926.0,34.50657653808594,0.0,0.18902230262756348,34.50657653808594,0.18902230262756348,34.317554235458374
1309,84594.3,84657.3,84538.5,84556.0,6393.0,74.0189437866211,0.0,0.18563450872898102,74.0189437866211,0.18563450872898102,73.83330927789211
1310,84561.0,84644.8,84352.5,84355.3,17323.0,103.71392822265625,0.0,0.19753551483154297,103.71392822265625,0.19753551483154297,103.5163927078247
1311,84363.8,84549.6,84358.7,84520.5,3899.0,99.81114196777344,0.0,0.1994880735874176,99.81114196777344,0.1994880735874176,99.61165389418602
1312,84505.5,84545.4,84432.1,84432.1,5541.0,7.505978584289551,0.0,0.19501765072345734,7.505978584289551,0.19501765072345734,7.3109609335660934
1313,84428.9,84500.3,84385.7,84385.7,5566.0,65.6648178100586,0.0,0.1908872127532959,65.6648178100586,0.1908872127532959,65.4739305973053
1314,84385.6,84501.2,84352.7,84491.3,7929.0,84.2381591796875,0.0,0.18958501517772675,84.2381591796875,0.18958501517772675,84.04857416450977
1315,84491.4,84517.3,84240.4,84367.0,27198.0,42.081993103027344,0.0,0.19974595308303833,42.081993103027344,0.19974595308303833,41.882247149944305
1316,84371.1,84579.1,84371.1,84566.3,16838.0,113.41548919677734,0.0,0.20295633375644684,113.41548919677734,0.20295633375644684,113.2125328630209
1317,84566.3,84657.5,84500.1,84637.2,28911.0,198.67872619628906,0.0,0.20158502459526062,198.67872619628906,0.20158502459526062,198.4771411716938
1318,84637.2,84641.0,84500.1,84533.7,4804.0,437.2046813964844,0.0,0.19932079315185547,437.2046813964844,0.19932079315185547,437.0053606033325
1319,84531.4,84644.5,84385.1,84562.9,35778.0,307.7738952636719,0.0,0.20693056285381317,307.7738952636719,0.20693056285381317,307.56696470081806
1320,84565.2,84628.1,84510.1,84607.1,9880.0,280.1145935058594,0.0,0.20201143622398376,280.1145935058594,0.20201143622398376,279.9125820696354
1321,84624.0,84749.9,84624.0,84645.2,13423.0,149.67791748046875,0.0,0.1995476335287094,149.67791748046875,0.1995476335287094,149.47836984694004
1322,84645.2,84691.3,84599.5,84624.6,6810.0,278.52691650390625,0.0,0.1930875927209854,278.52691650390625,0.1930875927209854,278.33382891118526
1323,84623.4,84623.4,84466.6,84474.4,7868.0,242.67005920410156,0.0,0.19297434389591217,242.67005920410156,0.19297434389591217,242.47708486020565
1324,84473.5,84506.1,84339.1,84506.1,8344.0,205.81271362304688,0.0,0.19323886930942535,205.81271362304688,0.19323886930942535,205.61947475373745
1325,84501.9,84535.7,84425.5,84470.1,5125.0,45.001426696777344,0.0,0.18883143365383148,45.001426696777344,0.18883143365383148,44.81259526312351
1326,84473.0,84624.4,84473.0,84570.9,5409.0,255.039306640625,0.0,0.18816639482975006,255.039306640625,0.18816639482975006,254.85114024579525
1327,84573.3,84586.9,84510.2,84570.1,5718.0,150.87225341796875,0.0,0.18120533227920532,150.87225341796875,0.18120533227920532,150.69104808568954
1328,84577.4,84577.4,84502.7,84553.3,5204.0,296.3841552734375,0.0,0.1746056228876114,296.3841552734375,0.1746056228876114,296.2095496505499
1329,84557.5,84573.1,84470.5,84474.8,3454.0,134.19952392578125,0.0,0.17096003890037537,134.19952392578125,0.17096003890037537,134.02856388688087
1330,84494.4,84595.0,84459.5,84595.0,3585.0,147.5601348876953,0.0,0.16996410489082336,147.5601348876953,0.16996410489082336,147.3901707828045
1331,84595.0,84641.1,84520.0,84520.0,5515.0,352.91552734375,0.0,0.16819825768470764,352.91552734375,0.16819825768470764,352.7473290860653
1332,84520.0,84540.0,84436.8,84531.9,2068.0,242.9158477783203,0.0,0.16488265991210938,242.9158477783203,0.16488265991210938,242.7509651184082
1333,84528.5,84623.9,84528.5,84593.7,5397.0,206.76239013671875,0.0,0.16104865074157715,206.76239013671875,0.16104865074157715,206.60134148597717
1334,84593.8,84623.9,84580.6,84607.0,2500.0,366.9903869628906,0.0,0.15317696332931519,366.9903869628906,0.15317696332931519,366.8372099995613
1335,84602.0,84632.5,84525.2,84525.2,4342.0,388.0402526855469,0.0,0.1514405906200409,388.0402526855469,0.1514405906200409,387.88881209492683
1336,84495.7,84515.5,84416.9,84435.8,6431.0,185.226318359375,0.0,0.14993435144424438,185.226318359375,0.14993435144424438,185.07638400793076
1337,84437.8,84583.7,84433.5,84583.7,3990.0,189.25457763671875,0.0,0.15166553854942322,189.25457763671875,0.15166553854942322,189.10291209816933
1338,84585.3,84629.4,84440.0,84440.0,3820.0,132.95370483398438,0.0,0.157093346118927,132.95370483398438,0.157093346118927,132.79661148786545
1339,84434.2,84550.9,84434.2,84512.1,3444.0,134.91139221191406,0.0,0.15561088919639587,134.91139221191406,0.15561088919639587,134.75578132271767
1340,84500.1,84700.0,84494.2,84683.0,7857.0,90.86323547363281,0.0,0.16156281530857086,90.86323547363281,0.16156281530857086,90.70167265832424
1341,84682.9,84757.3,84664.2,84722.2,6431.0,59.56285095214844,0.0,0.15780183672904968,59.56285095214844,0.15780183672904968,59.40504911541939
1342,84732.9,84821.9,84731.4,84813.0,6394.0,169.09109497070312,0.0,0.1547696441411972,169.09109497070312,0.1547696441411972,168.93632532656193
1343,84816.3,84884.7,84795.9,84873.6,6753.0,123.86138153076172,0.0,0.1510857492685318,123.86138153076172,0.1510857492685318,123.71029578149319
1344,84876.0,84882.6,84729.1,84737.6,5693.0,131.25985717773438,0.0,0.15345817804336548,131.25985717773438,0.15345817804336548,131.106398999691
1345,84741.8,84950.0,84732.4,84931.7,23302.0,95.0151596069336,0.0,0.16047176718711853,95.0151596069336,0.16047176718711853,94.85468783974648
1346,84926.2,84950.0,84926.2,84930.6,3691.0,64.98812103271484,0.0,0.15101280808448792,64.98812103271484,0.15101280808448792,64.83710822463036
1347,84930.5,84976.9,84930.5,84946.3,2009.0,68.94477844238281,0.0,0.14410175383090973,68.94477844238281,0.14410175383090973,68.8006766885519
1348,84946.2,84959.3,84922.1,84943.4,2789.0,211.30833435058594,0.0,0.1369410753250122,211.30833435058594,0.1369410753250122,211.17139327526093
1349,84943.5,84987.6,84943.5,84951.5,3120.0,130.6526641845703,0.0,0.13086411356925964,130.6526641845703,0.13086411356925964,130.52180007100105
1350,84951.6,84976.7,84937.7,84976.7,4769.0,28.643476486206055,0.0,0.12475884705781937,28.643476486206055,0.12475884705781937,28.518717639148235
1351,84986.9,85033.2,84976.6,85021.0,3567.0,105.63809967041016,0.0,0.12054240703582764,105.63809967041016,0.12054240703582764,105.51755726337433
1352,85023.1,85095.1,84998.7,85054.4,7024.0,126.0128402709961,0.0,0.11998380720615387,126.0128402709961,0.11998380720615387,125.89285646378994
1353,85060.0,85060.0,84988.0,84991.1,5809.0,122.20250701904297,0.0,0.11754756420850754,122.20250701904297,0.11754756420850754,122.08495945483446
1354,84995.0,84995.0,84926.9,84981.1,6869.0,87.38175201416016,0.0,0.11488824337720871,87.38175201416016,0.11488824337720871,87.26686377078295
1355,84986.9,85125.0,84986.9,85079.5,4883.0,79.33196258544922,0.0,0.11863956600427628,79.33196258544922,0.11863956600427628,79.21332301944494
1356,85078.9,85287.3,85078.9,85214.9,12182.0,58.657222747802734,0.0,0.1274585872888565,58.657222747802734,0.1274585872888565,58.52976416051388
1357,85207.9,85207.9,85091.6,85125.2,5917.0,68.9605484008789,0.0,0.12882494926452637,68.9605484008789,0.12882494926452637,68.83172345161438
1358,85123.3,85191.3,85115.6,85191.3,3562.0,98.75932312011719,0.0,0.1258770227432251,98.75932312011719,0.1258770227432251,98.63344609737396
1359,85203.1,85266.4,85172.5,85266.3,7952.0,102.60725402832031,0.0,0.12464898079633713,102.60725402832031,0.12464898079633713,102.48260504752398
1360,85266.3,85335.9,85224.6,85314.8,4649.0,77.44696044921875,0.0,0.12499784678220749,77.44696044921875,0.12499784678220749,77.32196260243654
1361,85314.7,85327.6,85257.9,85290.8,5677.0,27.925247192382812,0.0,0.1219395250082016,27.925247192382812,0.1219395250082016,27.80330766737461
1362,85284.2,85385.0,85284.2,85349.3,4114.0,153.70089721679688,0.0,0.1215876117348671,153.70089721679688,0.1215876117348671,153.579309605062
1363,85349.3,85349.4,85323.7,85337.2,2560.0,56.70507049560547,0.0,0.11506952345371246,56.70507049560547,0.11506952345371246,56.590000972151756
1364,85337.2,85337.2,85219.7,85247.9,5227.0,181.84869384765625,0.0,0.11680743843317032,181.84869384765625,0.11680743843317032,181.73188640922308
1365,85249.9,85259.9,85178.6,85204.9,5217.0,91.45176696777344,0.0,0.11533403396606445,91.45176696777344,0.11533403396606445,91.33643293380737
1366,85204.9,85235.3,85140.2,85140.2,4989.0,70.65422821044922,0.0,0.1151551753282547,70.65422821044922,0.1151551753282547,70.53907303512096
1367,85140.2,85235.6,85140.2,85232.7,4661.0,181.35787963867188,0.0,0.11480855196714401,181.35787963867188,0.11480855196714401,181.24307108670473
1368,85230.2,85332.6,85230.2,85308.8,3567.0,57.91635513305664,0.0,0.11508660763502121,57.91635513305664,0.11508660763502121,57.80126852542162
1369,85308.7,85325.6,85247.1,85272.4,7719.0,83.32656860351562,0.0,0.11348731815814972,83.32656860351562,0.11348731815814972,83.21308128535748
1370,85272.4,85299.3,85242.7,85271.8,3274.0,124.72527313232422,0.0,0.1101224422454834,124.72527313232422,0.1101224422454834,124.61515069007874
1371,85271.7,85385.0,85263.6,85385.0,9905.0,70.22443389892578,0.0,0.11227653175592422,70.22443389892578,0.11227653175592422,70.11215736716986
1372,85396.3,85402.3,85347.9,85376.7,7416.0,116.76675415039062,0.0,0.10881803929805756,116.76675415039062,0.10881803929805756,116.65793611109257
1373,85376.6,85376.6,85336.1,85336.1,2453.0,106.51287078857422,0.0,0.10449185967445374,106.51287078857422,0.10449185967445374,106.40837892889977
1374,85340.3,85340.3,85214.1,85227.1,3585.0,131.4928741455078,0.0,0.10772863775491714,131.4928741455078,0.10772863775491714,131.3851455077529
1375,85232.9,85265.0,85131.3,85150.6,4884.0,81.87539672851562,0.0,0.11133929342031479,81.87539672851562,0.11133929342031479,81.76405743509531
1376,85156.9,85264.9,85137.6,85233.7,4093.0,173.46751403808594,0.0,0.11395356804132462,173.46751403808594,0.11395356804132462,173.3535604700446
1377,85217.6,85250.2,85187.9,85187.9,3042.0,206.43739318847656,0.0,0.11109506338834763,206.43739318847656,0.11109506338834763,206.32629812508821
1378,85188.0,85219.6,85140.7,85146.9,5387.0,130.21336364746094,0.0,0.10982805490493774,130.21336364746094,0.10982805490493774,130.103535592556
1379,85147.0,85168.0,85123.9,85168.0,3676.0,220.89268493652344,0.0,0.10565663129091263,220.89268493652344,0.10565663129091263,220.78702830523252
1380,85173.0,85201.1,85145.5,85175.5,2938.0,21.510467529296875,0.0,0.10276386141777039,21.510467529296875,0.10276386141777039,21.407703667879105
1381,85175.4,85308.7,85175.4,85271.4,3374.0,48.30215072631836,0.0,0.10648269206285477,48.30215072631836,0.10648269206285477,48.195668034255505
1382,85275.7,85346.8,85275.7,85335.1,4547.0,28.757137298583984,0.0,0.10511409491300583,28.757137298583984,0.10511409491300583,28.65202320367098
1383,85331.1,85396.9,85307.4,85363.7,5691.0,82.61813354492188,0.0,0.10506220906972885,82.61813354492188,0.10506220906972885,82.51307133585215
1384,85363.6,85363.6,85312.6,85317.6,2770.0,168.33839416503906,0.0,0.1018887460231781,168.33839416503906,0.1018887460231781,168.23650541901588
1385,85312.7,85317.4,85182.3,85182.4,4293.0,60.82152557373047,0.0,0.10610693693161011,60.82152557373047,0.10610693693161011,60.71541863679886
1386,85182.3,85314.3,85164.8,85314.3,6325.0,67.1225814819336,0.0,0.11089228838682175,67.1225814819336,0.11089228838682175,67.01168919354677
1387,85318.0,85318.0,85226.7,85286.0,4384.0,167.44186401367188,0.0,0.11065185070037842,167.44186401367188,0.11065185070037842,167.3312121629715
1388,85277.4,85298.6,85251.3,85282.4,2589.0,215.7176513671875,0.0,0.10671450942754745,215.7176513671875,0.10671450942754745,215.61093685775995
1389,85280.3,85297.1,85264.1,85288.1,4552.0,45.99917984008789,0.0,0.10184916108846664,45.99917984008789,0.10184916108846664,45.897330678999424
1390,85288.0,85288.0,85264.0,85276.2,3669.0,203.59303283691406,0.0,0.09660619497299194,203.59303283691406,0.09660619497299194,203.49642664194107
1391,85272.0,85272.0,85151.5,85151.5,3295.0,275.9515380859375,0.0,0.10029773414134979,275.9515380859375,0.10029773414134979,275.85124035179615
1392,85151.5,85151.5,85096.9,85118.3,5627.0,169.39561462402344,0.0,0.0977519303560257,169.39561462402344,0.0977519303560257,169.2978626936674
1393,85116.5,85162.1,85071.1,85146.1,12648.0,225.6904296875,0.0,0.09837394952774048,225.6904296875,0.09837394952774048,225.59205573797226
1394,85146.1,85163.0,85140.2,85155.3,2485.0,165.75375366210938,0.0,0.09324958175420761,165.75375366210938,0.09324958175420761,165.66050408035517
1395,85151.3,85174.3,85094.8,85128.9,11086.0,243.66078186035156,0.0,0.09328630566596985,243.66078186035156,0.09328630566596985,243.5674955546856
1396,85123.5,85173.4,85108.4,85152.5,4074.0,94.34095764160156,0.0,0.09205139428377151,94.34095764160156,0.09205139428377151,94.24890624731779
1397,85157.6,85200.0,85123.5,85194.5,3695.0,177.83154296875,0.0,0.09184805303812027,177.83154296875,0.09184805303812027,177.73969491571188
1398,85184.5,85184.5,85100.1,85108.0,4026.0,138.30258178710938,0.0,0.09329672902822495,138.30258178710938,0.09329672902822495,138.20928505808115
1399,85103.8,85173.6,85103.8,85126.0,5888.0,206.78346252441406,0.0,0.09247162193059921,206.78346252441406,0.09247162193059921,206.69099090248346
1400,85122.7,85122.7,85080.0,85080.0,5181.0,57.42325210571289,0.0,0.08977483958005905,57.42325210571289,0.08977483958005905,57.33347726613283
1401,85078.1,85119.0,85066.1,85083.9,5969.0,83.65211486816406,0.0,0.08779939264059067,83.65211486816406,0.08779939264059067,83.56431547552347
1402,85083.9,85083.9,85000.1,85000.1,7568.0,142.81948852539062,0.0,0.08865012973546982,142.81948852539062,0.08865012973546982,142.73083839565516
1403,85000.0,85000.0,84768.8,84771.3,17413.0,165.01724243164062,0.0,0.10202997177839279,165.01724243164062,0.10202997177839279,164.91521245986223
1404,84778.5,84901.1,84759.3,84759.4,18648.0,78.0828857421875,0.0,0.10670559853315353,78.0828857421875,0.10670559853315353,77.97618014365435
1405,84759.3,84817.5,84719.9,84794.5,17624.0,72.60334014892578,0.0,0.107264444231987,72.60334014892578,0.107264444231987,72.4960757046938
1406,84797.2,84886.7,84790.4,84886.7,5479.0,96.2942123413086,0.0,0.10759814083576202,96.2942123413086,0.10759814083576202,96.18661420047283
1407,84894.2,85004.6,84875.5,84946.0,4911.0,135.732421875,0.0,0.11069858074188232,135.732421875,0.11069858074188232,135.62172329425812
1408,84940.0,84940.0,84840.2,84886.5,2696.0,97.21513366699219,0.0,0.11176597326993942,97.21513366699219,0.11176597326993942,97.10336769372225
1409,84886.5,84920.4,84827.7,84827.7,2818.0,87.55013275146484,0.0,0.11165996640920639,87.55013275146484,0.11165996640920639,87.43847278505564
1410,84817.8,84817.8,84573.6,84573.6,10330.0,68.69515991210938,0.0,0.12545651197433472,68.69515991210938,0.12545651197433472,68.56970340013504
1411,84573.6,84623.7,84513.1,84548.0,4644.0,31.331401824951172,0.0,0.12587453424930573,31.331401824951172,0.12587453424930573,31.205527290701866
1412,84535.2,84575.2,84499.8,84537.8,6736.0,91.85126495361328,0.0,0.12326890975236893,91.85126495361328,0.12326890975236893,91.72799604386091
1413,84545.2,84545.2,84415.2,84437.1,3132.0,91.24690246582031,0.0,0.12559768557548523,91.24690246582031,0.12559768557548523,91.12130478024483
1414,84438.1,84441.4,84411.0,84431.5,8019.0,92.81067657470703,0.0,0.11920585483312607,92.81067657470703,0.11920585483312607,92.6914707198739
1415,84431.5,84431.5,84329.5,84329.7,4837.0,134.56190490722656,0.0,0.11946433037519455,134.56190490722656,0.11946433037519455,134.44244057685137
1416,84329.6,84573.8,84325.3,84543.5,4916.0,84.11613464355469,0.0,0.13164573907852173,84.11613464355469,0.13164573907852173,83.98448890447617
1417,84543.5,84674.9,84491.1,84563.8,7479.0,121.46746826171875,0.0,0.1377379149198532,121.46746826171875,0.1377379149198532,121.3297303467989
1418,84555.4,84580.1,84402.6,84417.6,5340.0,113.31981658935547,0.0,0.14313986897468567,113.31981658935547,0.14313986897468567,113.17667672038078
1419,84426.5,84583.1,84420.1,84491.6,5714.0,153.22984313964844,0.0,0.14679042994976044,153.22984313964844,0.14679042994976044,153.08305270969868
1420,84489.1,84580.6,84489.1,84493.1,3700.0,83.24864959716797,0.0,0.14403818547725677,83.24864959716797,0.14403818547725677,83.10461141169071
1421,84493.1,84512.0,84401.3,84492.6,2634.0,199.32174682617188,0.0,0.14310918748378754,199.32174682617188,0.14310918748378754,199.1786376386881
1422,84473.6,84607.2,84473.6,84543.7,9077.0,94.06965637207031,0.0,0.14409439265727997,94.06965637207031,0.14409439265727997,93.92556197941303
1423,84535.3,84594.5,84535.3,84573.6,3174.0,155.23300170898438,0.0,0.13875477015972137,155.23300170898438,0.13875477015972137,155.09424693882465
1424,84568.0,84662.5,84558.3,84662.4,4561.0,206.4654083251953,0.0,0.13750006258487701,206.4654083251953,0.13750006258487701,206.32790826261044
1425,84662.5,84971.1,84662.5,84875.6,23345.0,142.45803833007812,0.0,0.15333735942840576,142.45803833007812,0.15333735942840576,142.30470097064972
1426,84873.3,84873.3,84697.5,84697.5,6030.0,210.81246948242188,0.0,0.15770407021045685,210.81246948242188,0.15770407021045685,210.65476541221142
1427,84697.5,84697.5,84500.0,84500.0,5918.0,91.31239318847656,0.0,0.1634766161441803,91.31239318847656,0.1634766161441803,91.14891657233238
1428,84500.0,84565.7,84439.7,84562.1,4697.0,82.78733825683594,0.0,0.16233129799365997,82.78733825683594,0.16233129799365997,82.62500695884228
1429,84565.1,84598.8,84518.5,84570.2,2522.0,174.3352813720703,0.0,0.15750369429588318,174.3352813720703,0.15750369429588318,174.17777767777443
1430,84579.0,84671.3,84562.1,84588.8,5727.0,34.85250473022461,0.0,0.15544196963310242,34.85250473022461,0.15544196963310242,34.69706276059151
1431,84593.0,84593.0,84438.2,84500.6,5311.0,117.55532836914062,0.0,0.1575746387243271,117.55532836914062,0.1575746387243271,117.3977537304163
1432,84504.8,84504.8,84356.0,84382.9,4358.0,26.69110679626465,0.0,0.15911878645420074,26.69110679626465,0.15911878645420074,26.531988009810448
1433,84389.4,84476.9,84312.4,84476.9,7078.0,193.20260620117188,0.0,0.16149787604808807,193.20260620117188,0.16149787604808807,193.0411083251238
1434,84477.0,84488.0,84382.9,84434.7,5544.0,163.64178466796875,0.0,0.15892845392227173,163.64178466796875,0.15892845392227173,163.48285621404648
1435,84447.3,84447.3,84367.8,84444.3,4011.0,94.93766021728516,0.0,0.1542842835187912,94.93766021728516,0.1542842835187912,94.78337593376637
1436,84444.3,84482.8,84433.5,84462.5,3019.0,156.7259063720703,0.0,0.1474020630121231,156.7259063720703,0.1474020630121231,156.5785043090582
1437,84464.0,84523.8,84395.9,84404.6,4104.0,102.68597412109375,0.0,0.1477908194065094,102.68597412109375,0.1477908194065094,102.53818330168724
1438,84407.5,84426.2,84308.9,84344.0,3211.0,64.23735809326172,0.0,0.14726713299751282,64.23735809326172,0.14726713299751282,64.0900909602642
1439,84331.3,84382.0,84251.4,84285.8,8637.0,140.51333618164062,0.0,0.14791040122509003,140.51333618164062,0.14791040122509003,140.36542578041553
