bar,open,high,low,close,volume,batched,isolated,cpu,abs_bi,abs_ic,abs_bc
0,88066.7,88174.6,88048.0,88155.1,5735.0,0.0,0.0,0.0,0.0,0.0,0.0
1,88146.7,88160.1,88081.7,88081.7,4816.0,0.0,0.0,0.0,0.0,0.0,0.0
2,88080.4,88080.4,87849.9,87850.0,10862.0,0.0,0.0,0.0,0.0,0.0,0.0
3,87857.1,87944.5,87780.2,87930.1,15390.0,0.0,0.0,0.0,0.0,0.0,0.0
4,87930.2,88039.6,87930.2,87991.6,4863.0,0.0,0.0,0.0,0.0,0.0,0.0
5,87980.8,87980.8,87852.6,87856.9,2161.0,0.0,0.0,0.0,0.0,0.0,0.0
6,87862.5,87869.1,87773.9,87797.8,3002.0,0.0,0.0,0.0,0.0,0.0,0.0
7,87794.2,87794.2,87660.4,87672.7,7045.0,0.0,0.0,0.0,0.0,0.0,0.0
8,87672.6,87704.8,87569.3,87664.0,6992.0,0.0,0.0,0.0,0.0,0.0,0.0
9,87657.2,87718.7,87621.5,87639.1,4116.0,0.0,0.0,0.0,0.0,0.0,0.0
10,87649.7,87726.9,87580.2,87580.2,5538.0,0.0,0.0,0.0,0.0,0.0,0.0
11,87583.2,87604.9,87412.0,87430.1,7937.0,0.0,0.0,0.0,0.0,0.0,0.0
12,87427.6,87504.4,87326.9,87504.4,28049.0,0.0,0.0,0.0,0.0,0.0,0.0
13,87505.9,87647.8,87477.7,87600.8,5425.0,0.0,0.0,0.0,0.0,0.0,0.0
14,87596.5,87649.2,87531.3,87564.6,5409.0,0.0,0.0,0.0,0.0,0.0,0.0
15,87564.6,87669.2,87529.0,87648.0,5356.0,0.0,0.0,0.0,0.0,0.0,0.0
16,87649.4,87731.5,87631.9,87721.9,8400.0,0.0,0.0,0.0,0.0,0.0,0.0
17,87708.6,87759.6,87682.4,87759.6,6562.0,0.0,0.0,0.0,0.0,0.0,0.0
18,87750.7,87750.7,87519.8,87519.8,4150.0,0.0,0.0,0.0,0.0,0.0,0.0
19,87502.6,87590.1,87498.4,87562.6,3954.0,0.0,0.0,0.0,0.0,0.0,0.0
20,87566.9,87578.4,87328.7,87343.5,11941.0,0.0,0.0,0.0,0.0,0.0,0.0
21,87343.4,87344.0,87227.3,87256.3,12379.0,0.0,0.0,0.0,0.0,0.0,0.0
22,87252.7,87420.8,87252.7,87392.1,3767.0,0.0,0.0,0.0,0.0,0.0,0.0
23,87392.1,87404.4,87287.0,87371.4,6300.0,0.0,0.0,0.0,0.0,0.0,0.0
24,87372.5,87475.6,87339.6,87471.7,3668.0,0.0,0.0,0.0,0.0,0.0,0.0
25,87471.1,87484.4,87403.9,87439.2,2831.0,0.0,0.0,0.0,0.0,0.0,0.0
26,87436.2,87436.2,87315.9,87370.4,3545.0,0.0,0.0,0.0,0.0,0.0,0.0
27,87363.6,87377.7,87303.3,87303.3,4063.0,0.0,0.0,0.0,0.0,0.0,0.0
28,87303.2,87318.1,87204.0,87204.0,3420.0,0.0,0.0,0.0,0.0,0.0,0.0
29,87200.9,87280.4,87200.9,87257.5,3839.0,0.0,0.0,0.0,0.0,0.0,0.0
30,87263.5,87278.8,87211.2,87226.8,13526.0,0.0,0.0,0.0,0.0,0.0,0.0
31,87226.1,87258.0,87206.6,87206.6,2066.0,0.0,0.0,0.0,0.0,0.0,0.0
32,87205.6,87205.6,87154.6,87173.2,5683.0,0.0,0.0,0.0,0.0,0.0,0.0
33,87173.3,87298.7,87173.3,87286.8,7188.0,0.0,0.0,0.0,0.0,0.0,0.0
34,87283.7,87286.9,87182.4,87186.8,7126.0,0.0,0.0,0.0,0.0,0.0,0.0
35,87183.8,87183.8,87080.0,87080.0,7382.0,0.0,0.0,0.0,0.0,0.0,0.0
36,87080.0,87113.9,86878.6,86895.9,34739.0,0.0,0.0,0.0,0.0,0.0,0.0
37,86901.3,86939.1,86776.4,86781.0,17855.0,0.0,0.0,0.0,0.0,0.0,0.0
38,86790.1,86895.4,86767.0,86877.6,13092.0,0.0,0.0,0.0,0.0,0.0,0.0
39,86877.7,86894.4,86752.5,86799.2,5481.0,0.0,0.0,0.0,0.0,0.0,0.0
40,86806.7,86985.6,86797.5,86985.6,5524.0,0.0,0.0,0.0,0.0,0.0,0.0
41,86985.6,87091.2,86985.6,87037.7,6819.0,0.0,0.0,0.0,0.0,0.0,0.0
42,87042.2,87085.2,87006.2,87022.0,9574.0,0.0,0.0,0.0,0.0,0.0,0.0
43,87016.0,87059.1,86992.0,87055.7,4562.0,0.0,0.0,0.0,0.0,0.0,0.0
44,87037.1,87118.4,87034.5,87034.5,4385.0,0.0,0.0,0.0,0.0,0.0,0.0
45,87034.0,87079.4,86918.0,86918.1,5614.0,0.0,0.0,0.0,0.0,0.0,0.0
46,86922.3,86999.7,86852.1,86965.0,3934.0,0.0,0.0,0.0,0.0,0.0,0.0
47,86973.7,87026.1,86973.7,87022.1,3649.0,0.0,0.0,0.0,0.0,0.0,0.0
48,87024.4,87024.4,86888.0,86937.6,4724.0,0.0,0.0,0.0,0.0,0.0,0.0
49,86937.7,86946.2,86784.8,86834.6,8186.0,0.0,0.0,0.0,0.0,0.0,0.0
50,86834.1,86875.0,86816.4,86816.4,3229.0,0.0,0.0,0.0,0.0,0.0,0.0
51,86811.0,86811.0,86736.8,86747.7,8672.0,0.0,0.0,0.0,0.0,0.0,0.0
52,86747.7,86754.9,86632.4,86663.7,10621.0,0.0,0.0,0.0,0.0,0.0,0.0
53,86662.6,86733.1,86656.0,86711.6,5251.0,0.0,0.0,0.0,0.0,0.0,0.0
54,86713.4,86797.0,86694.8,86776.0,8816.0,0.0,0.0,0.0,0.0,0.0,0.0
55,86771.9,86843.4,86754.9,86843.1,8289.0,0.0,0.0,0.0,0.0,0.0,0.0
56,86839.4,86843.2,86788.6,86793.6,4040.0,0.0,0.0,0.0,0.0,0.0,0.0
57,86791.6,86810.2,86771.6,86771.6,1637.0,0.0,0.0,0.0,0.0,0.0,0.0
58,86771.7,86775.9,86561.1,86561.5,18764.0,0.0,0.0,0.0,0.0,0.0,0.0
59,86561.1,86653.2,86547.3,86632.5,11099.0,0.0,0.0,0.0,0.0,0.0,0.0
60,86623.2,86749.9,86578.5,86691.8,11360.0,0.0,0.0,0.0,0.0,0.0,0.0
61,86692.1,86807.3,86674.1,86777.2,4944.0,0.0,0.0,0.0,0.0,0.0,0.0
62,86777.1,86912.6,86772.8,86888.4,31143.0,0.0,0.0,0.0,0.0,0.0,0.0
63,86890.1,86910.7,86847.2,86877.6,6761.0,0.0,0.0,0.0,0.0,0.0,0.0
64,86880.8,86880.8,86707.1,86707.1,6576.0,0.0,0.0,0.0,0.0,0.0,0.0
65,86703.9,87030.3,86664.3,87004.3,7093.0,0.0,0.0,0.0,0.0,0.0,0.0
66,87003.4,87029.3,86934.7,86960.8,9135.0,0.0,0.0,0.0,0.0,0.0,0.0
67,86961.3,87031.1,86961.3,87016.8,6887.0,0.0,0.0,0.0,0.0,0.0,0.0
68,87018.6,87098.9,86982.8,87042.9,4779.0,0.0,0.0,0.0,0.0,0.0,0.0
69,87042.8,87089.4,86993.0,87040.7,3567.0,0.0,0.0,0.0,0.0,0.0,0.0
70,87052.8,87151.8,87042.7,87146.3,5135.0,0.0,0.0,0.0,0.0,0.0,0.0
71,87136.8,87202.0,87082.7,87141.6,9808.0,0.0,0.0,0.0,0.0,0.0,0.0
72,87141.5,87171.3,87077.6,87103.5,9815.0,0.0,0.0,0.0,0.0,0.0,0.0
73,87120.2,87156.4,87092.1,87139.0,6378.0,0.0,0.0,0.0,0.0,0.0,0.0
74,87127.1,87285.6,87127.1,87285.6,10418.0,0.0,0.0,0.0,0.0,0.0,0.0
75,87286.3,87347.0,87230.6,87262.4,6640.0,0.0,0.0,0.0,0.0,0.0,0.0
76,87267.2,87304.4,87227.4,87265.9,7803.0,0.0,0.0,0.0,0.0,0.0,0.0
77,87258.1,87397.0,87246.9,87381.6,5966.0,0.0,0.0,0.0,0.0,0.0,0.0
78,87379.2,87416.2,87350.2,87382.5,8104.0,0.0,0.0,0.0,0.0,0.0,0.0
79,87385.3,87385.3,87203.1,87206.5,8375.0,0.0,0.0,0.0,0.0,0.0,0.0
80,87197.9,87269.5,87184.0,87255.9,5466.0,0.0,0.0,0.0,0.0,0.0,0.0
81,87257.0,87259.1,87077.1,87085.8,11182.0,0.0,0.0,0.0,0.0,0.0,0.0
82,87078.5,87191.7,87067.9,87178.3,8493.0,0.0,0.0,0.0,0.0,0.0,0.0
83,87179.5,87211.0,87081.9,87101.3,4100.0,0.0,0.0,0.0,0.0,0.0,0.0
84,87101.5,87165.0,87084.1,87164.6,4103.0,0.0,0.0,0.0,0.0,0.0,0.0
85,87159.0,87263.8,87159.0,87263.8,7991.0,0.0,0.0,0.0,0.0,0.0,0.0
86,87263.8,87364.8,87257.3,87257.3,12821.0,0.0,0.0,0.0,0.0,0.0,0.0
87,87254.8,87272.0,87194.2,87201.1,4852.0,0.0,0.0,0.0,0.0,0.0,0.0
88,87196.9,87344.5,87196.1,87273.3,9019.0,0.0,0.0,0.0,0.0,0.0,0.0
89,87273.3,87299.0,87234.8,87282.5,4458.0,0.0,0.0,0.0,0.0,0.0,0.0
90,87282.4,87294.7,87186.6,87234.4,13604.0,0.0,0.0,0.0,0.0,0.0,0.0
91,87234.5,87344.6,87234.5,87254.1,5698.0,0.0,0.0,0.0,0.0,0.0,0.0
92,87254.0,87260.8,87090.8,87090.8,4446.0,0.0,0.0,0.0,0.0,0.0,0.0
93,87088.6,87156.5,87058.1,87150.2,4771.0,0.0,0.0,0.0,0.0,0.0,0.0
94,87146.9,87224.5,87120.0,87136.1,7039.0,0.0,0.0,0.0,0.0,0.0,0.0
95,87147.1,87212.5,87021.3,87200.3,6592.0,0.0,0.0,0.0,0.0,0.0,0.0
96,87208.9,87303.3,87188.9,87287.3,7835.0,0.0,0.0,0.0,0.0,0.0,0.0
97,87292.2,87397.9,87289.2,87386.0,6161.0,0.0,0.0,0.0,0.0,0.0,0.0
98,87393.5,87497.2,87393.5,87484.7,9223.0,0.0,0.0,0.0,0.0,0.0,0.0
99,87479.7,87499.9,87346.1,87346.1,5379.0,0.0,0.0,0.0,0.0,0.0,0.0
100,87346.2,87399.9,87346.2,87374.0,3442.0,0.0,0.0,0.0,0.0,0.0,0.0
101,87368.5,87480.9,87358.2,87448.0,4521.0,0.0,0.0,0.0,0.0,0.0,0.0
102,87444.3,87446.4,87365.9,87396.3,4579.0,0.0,0.0,0.0,0.0,0.0,0.0
103,87418.0,87425.2,87303.7,87303.7,4357.0,0.0,0.0,0.0,0.0,0.0,0.0
104,87298.5,87299.3,87195.9,87228.9,6647.0,0.0,0.0,0.0,0.0,0.0,0.0
105,87225.0,87274.1,87190.0,87274.1,6185.0,0.0,0.0,0.0,0.0,0.0,0.0
106,87269.8,87339.4,87262.9,87336.5,2842.0,0.0,0.0,0.0,0.0,0.0,0.0
107,87332.8,87389.0,87309.1,87343.0,3113.0,0.0,0.0,0.0,0.0,0.0,0.0
108,87343.0,87361.8,87296.6,87357.5,5787.0,0.0,0.0,0.0,0.0,0.0,0.0
109,87367.3,87367.3,87300.2,87324.3,2920.0,0.0,0.0,0.0,0.0,0.0,0.0
110,87324.1,87420.1,87299.5,87391.6,3281.0,0.0,0.0,0.0,0.0,0.0,0.0
111,87387.3,87426.6,87367.6,87367.6,3299.0,0.0,0.0,0.0,0.0,0.0,0.0
112,87370.5,87434.3,87366.8,87434.3,5919.0,0.0,0.0,0.0,0.0,0.0,0.0
113,87441.1,87441.1,87327.1,87348.1,4270.0,0.0,0.0,0.0,0.0,0.0,0.0
114,87348.0,87402.0,87325.2,87387.7,2276.0,0.0,0.0,0.0,0.0,0.0,0.0
115,87379.9,87435.9,87357.2,87418.0,3605.0,0.0,0.0,0.0,0.0,0.0,0.0
116,87412.0,87412.0,87284.7,87319.5,3262.0,0.0,0.0,0.0,0.0,0.0,0.0
117,87323.4,87333.8,87269.7,87269.7,3139.0,0.0,0.0,0.0,0.0,0.0,0.0
118,87268.0,87268.0,87192.3,87228.9,4089.0,0.0,0.0,0.0,0.0,0.0,0.0
119,87233.8,87283.9,87226.1,87283.9,1985.0,0.0,0.0,0.0,0.0,0.0,0.0
120,87283.9,87334.5,87282.3,87327.1,2113.0,0.0,0.0,0.0,0.0,0.0,0.0
121,87327.1,87342.2,87293.3,87342.2,2732.0,0.0,0.0,0.0,0.0,0.0,0.0
122,87346.3,87440.5,87267.0,87267.0,4450.0,0.0,0.0,0.0,0.0,0.0,0.0
123,87267.0,87291.5,87154.6,87233.4,12040.0,0.0,0.0,0.0,0.0,0.0,0.0
124,87229.9,87343.2,87223.0,87322.4,6250.0,0.0,0.0,0.0,0.0,0.0,0.0
125,87321.5,87395.6,87312.0,87383.6,3558.0,0.0,0.0,0.0,0.0,0.0,0.0
126,87388.6,87466.1,87370.7,87449.7,5254.0,0.0,0.0,0.0,0.0,0.0,0.0
127,87450.7,87466.7,87295.4,87343.6,16226.0,0.0,0.0,0.0,0.0,0.0,0.0
128,87356.8,87381.6,87285.9,87330.1,8568.0,0.0,0.0,0.0,0.0,0.0,0.0
129,87339.4,87339.4,87218.9,87218.9,4133.0,0.0,0.0,0.0,0.0,0.0,0.0
130,87202.4,87283.3,87168.3,87237.2,3723.0,0.0,0.0,0.0,0.0,0.0,0.0
131,87239.7,87262.3,87175.9,87235.0,3241.0,0.0,0.0,0.0,0.0,0.0,0.0
132,87247.9,87259.9,87183.5,87198.4,4240.0,0.0,0.0,0.0,0.0,0.0,0.0
133,87205.2,87233.0,87176.7,87185.5,1926.0,0.0,0.0,0.0,0.0,0.0,0.0
134,87182.6,87182.6,87080.3,87157.2,6053.0,0.0,0.0,0.0,0.0,0.0,0.0
135,87147.5,87234.0,87147.5,87233.0,3708.0,0.0,0.0,0.0,0.0,0.0,0.0
136,87229.2,87275.8,87143.6,87155.3,7892.0,0.0,0.0,0.0,0.0,0.0,0.0
137,87155.4,87198.1,87005.4,87017.6,15190.0,0.0,0.0,0.0,0.0,0.0,0.0
138,87018.5,87075.7,87005.2,87075.7,9681.0,0.0,0.0,0.0,0.0,0.0,0.0
139,87068.2,87068.2,86884.7,86918.4,9446.0,0.0,0.0,0.0,0.0,0.0,0.0
140,86923.9,86925.9,86830.4,86912.9,6178.0,0.0,0.0,0.0,0.0,0.0,0.0
141,86915.6,87056.8,86915.6,87049.1,8672.0,0.0,0.0,0.0,0.0,0.0,0.0
142,87049.1,87251.5,87049.1,87242.7,7613.0,0.0,0.0,0.0,0.0,0.0,0.0
143,87227.2,87331.2,87227.2,87306.4,14326.0,0.0,0.0,0.0,0.0,0.0,0.0
144,87306.3,87306.3,87113.3,87159.9,50306.0,0.0,0.0,0.0,0.0,0.0,0.0
145,87164.3,87203.0,87143.6,87181.7,14310.0,0.0,0.0,0.0,0.0,0.0,0.0
146,87183.5,87394.7,87183.5,87356.0,7122.0,0.0,0.0,0.0,0.0,0.0,0.0
147,87368.6,87397.5,87249.7,87268.0,3750.0,0.0,0.0,0.0,0.0,0.0,0.0
148,87266.5,87266.5,87183.7,87217.1,3825.0,0.0,0.0,0.0,0.0,0.0,0.0
149,87200.8,87325.8,87200.8,87286.3,5999.0,0.0,0.0,0.0,0.0,0.0,0.0
150,87278.5,87324.1,87270.8,87315.4,3828.0,0.0,0.0,0.0,0.0,0.0,0.0
151,87315.5,87327.8,87211.1,87211.1,2126.0,0.0,0.0,0.0,0.0,0.0,0.0
152,87207.4,87207.4,87079.5,87094.4,6031.0,0.0,0.0,0.0,0.0,0.0,0.0
153,87111.9,87161.5,87092.5,87128.8,4104.0,0.0,0.0,0.0,0.0,0.0,0.0
154,87116.6,87131.4,87081.3,87081.3,2055.0,0.0,0.0,0.0,0.0,0.0,0.0
155,87080.0,87080.0,86926.0,86933.7,4617.0,0.0,0.0,0.0,0.0,0.0,0.0
156,86946.5,87017.3,86910.8,87017.3,4854.0,0.0,0.0,0.0,0.0,0.0,0.0
157,87023.3,87069.6,86971.3,87004.0,3525.0,0.0,0.0,0.0,0.0,0.0,0.0
158,87004.9,87153.3,87004.9,87103.2,7838.0,0.0,0.0,0.0,0.0,0.0,0.0
159,87098.0,87153.9,87067.0,87098.1,2920.0,0.0,0.0,0.0,0.0,0.0,0.0
160,87101.9,87141.3,87089.1,87089.1,6354.0,0.0,0.0,0.0,0.0,0.0,0.0
161,87088.1,87152.0,87075.8,87148.2,2718.0,0.0,0.0,0.0,0.0,0.0,0.0
162,87148.2,87220.1,87142.5,87220.1,3075.0,0.0,0.0,0.0,0.0,0.0,0.0
163,87226.1,87260.8,87217.8,87243.1,2324.0,0.0,0.0,0.0,0.0,0.0,0.0
164,87250.2,87250.2,87197.9,87236.4,2364.0,0.0,0.0,0.0,0.0,0.0,0.0
165,87239.3,87340.2,87231.4,87340.1,3636.0,0.0,0.0,0.0,0.0,0.0,0.0
166,87331.3,87331.3,87163.4,87212.3,16197.0,0.0,0.0,0.0,0.0,0.0,0.0
167,87209.9,87275.8,87209.9,87275.7,6730.0,0.0,0.0,0.0,0.0,0.0,0.0
168,87266.9,87281.3,87238.0,87241.9,3204.0,0.0,0.0,0.0,0.0,0.0,0.0
169,87240.0,87266.2,87151.5,87151.5,3662.0,0.0,0.0,0.0,0.0,0.0,0.0
170,87144.2,87230.2,87144.2,87230.2,2223.0,0.0,0.0,0.0,0.0,0.0,0.0
171,87221.2,87257.5,87178.1,87211.1,3237.0,0.0,0.0,0.0,0.0,0.0,0.0
172,87215.6,87223.3,87083.0,87083.0,6893.0,0.0,0.0,0.0,0.0,0.0,0.0
173,87081.0,87085.5,86996.2,87006.1,7449.0,0.0,0.0,0.0,0.0,0.0,0.0
174,87003.5,87043.2,87003.5,87043.1,6087.0,0.0,0.0,0.0,0.0,0.0,0.0
175,87048.4,87072.2,87023.0,87055.9,3957.0,0.0,0.0,0.0,0.0,0.0,0.0
176,87062.6,87110.1,87036.0,87042.7,3693.0,0.0,0.0,0.0,0.0,0.0,0.0
177,87048.3,87113.2,87048.3,87113.2,3309.0,0.0,0.0,0.0,0.0,0.0,0.0
178,87113.2,87170.8,87084.3,87104.6,2723.0,0.0,0.0,0.0,0.0,0.0,0.0
179,87104.6,87104.6,87035.5,87052.0,4439.0,0.0,0.0,0.0,0.0,0.0,0.0
180,87046.0,87068.7,87030.2,87033.0,1778.0,0.0,0.0,0.0,0.0,0.0,0.0
181,87034.8,87046.3,87000.5,87004.0,2719.0,0.0,0.0,0.0,0.0,0.0,0.0
182,87001.9,87003.2,86893.3,86893.3,8052.0,0.0,0.0,0.0,0.0,0.0,0.0
183,86893.3,86991.3,86885.6,86970.4,5381.0,0.0,0.0,0.0,0.0,0.0,0.0
184,86976.8,86988.5,86935.2,86935.2,6084.0,0.0,0.0,0.0,0.0,0.0,0.0
185,86935.1,86936.0,86728.6,86737.0,15394.0,0.0,0.0,0.0,0.0,0.0,0.0
186,86737.0,86809.0,86600.0,86688.9,33820.0,0.0,0.0,0.0,0.0,0.0,0.0
187,86691.1,86839.5,86691.1,86833.1,5536.0,0.0,0.0,0.0,0.0,0.0,0.0
188,86830.6,86913.0,86830.6,86846.2,7789.0,0.0,0.0,0.0,0.0,0.0,0.0
189,86839.2,86842.7,86651.1,86659.8,12443.0,0.0,0.0,0.0,0.0,0.0,0.0
190,86672.6,86716.7,86653.2,86716.7,4318.0,0.0,0.0,0.0,0.0,0.0,0.0
191,86721.4,86721.4,86618.2,86643.8,3803.0,0.0,0.0,0.0,0.0,0.0,0.0
192,86646.7,86660.6,86403.9,86496.2,24834.0,0.0,0.0,0.0,0.0,0.0,0.0
193,86500.8,86584.7,86418.7,86453.0,17044.0,0.0,0.0,0.0,0.0,0.0,0.0
194,86455.9,86497.4,86401.9,86444.9,7346.0,0.0,0.0,0.0,0.0,0.0,0.0
195,86440.1,86555.3,86408.2,86526.5,4643.0,0.0,0.0,0.0,0.0,0.0,0.0
196,86526.5,86618.0,86492.5,86541.7,8116.0,0.0,0.0,0.0,0.0,0.0,0.0
197,86535.9,86535.9,86402.0,86402.1,4754.0,0.0,0.0,0.0,0.0,0.0,0.0
198,86410.8,86438.8,86176.2,86180.7,17726.0,0.0,0.0,0.0,0.0,0.0,0.0
199,86180.7,86411.4,86180.7,86403.0,18165.0,84907.8203125,87162.4296875,87162.3984375,2254.609375,0.03125,2254.578125
200,86403.7,86516.5,86308.2,86516.5,9042.0,84882.875,87154.2265625,87155.96875,2271.3515625,1.7421875,2273.09375
201,86520.8,86776.4,86520.8,86756.3,28362.0,84861.15625,87147.609375,87151.9921875,2286.453125,4.3828125,2290.8359375
202,86747.8,86747.8,86580.5,86610.5,10924.0,84837.8671875,87141.421875,87146.6015625,2303.5546875,5.1796875,2308.734375
203,86610.4,86780.8,86590.9,86748.0,15765.0,84813.7265625,87135.5078125,87142.6328125,2321.78125,7.125,2328.90625
204,86748.0,86786.9,86667.8,86706.6,4021.0,84790.984375,87129.078125,87138.296875,2338.09375,9.21875,2347.3125
205,86703.3,86798.4,86669.7,86731.1,5333.0,84767.875,87123.4453125,87134.2421875,2355.5703125,10.796875,2366.3671875
206,86722.3,86722.3,86635.2,86676.4,11247.0,84745.5859375,87117.8359375,87129.6875,2372.25,11.8515625,2384.1015625
207,86694.1,86698.7,86556.8,86579.7,4820.0,84726.078125,87112.3671875,87124.21875,2386.2890625,11.8515625,2398.140625
208,86571.2,86596.5,86552.1,86578.7,3897.0,84705.890625,87106.9375,87118.7890625,2401.046875,11.8515625,2412.8984375
209,86574.5,86660.9,86495.6,86495.6,9383.0,84686.6484375,87101.21875,87112.5859375,2414.5703125,11.3671875,2425.9375
210,86495.8,86508.7,86253.3,86398.1,9546.0,84668.8359375,87095.3046875,87105.4765625,2426.46875,10.171875,2436.640625
211,86398.1,86542.0,86398.1,86528.6,8732.0,84653.0546875,87090.8046875,87099.734375,2437.75,8.9296875,2446.6796875
212,86531.9,86568.2,86352.6,86352.8,9250.0,84636.109375,87085.046875,87092.3046875,2448.9375,7.2578125,2456.1953125
213,86377.2,86444.9,86317.1,86433.1,8618.0,84618.984375,87079.2265625,87085.7421875,2460.2421875,6.515625,2466.7578125
214,86428.1,86534.8,86383.7,86524.9,4693.0,84605.7265625,87074.03125,87080.1640625,2468.3046875,6.1328125,2474.4375
215,86525.0,86670.4,86509.6,86589.1,7676.0,84592.0546875,87068.734375,87075.28125,2476.6796875,6.546875,2483.2265625
216,86578.0,86640.7,86530.3,86562.6,5424.0,84579.7109375,87062.9375,87070.1796875,2483.2265625,7.2421875,2490.46875
217,86559.3,86609.8,86391.6,86395.6,13155.0,84570.796875,87056.1171875,87063.46875,2485.3203125,7.3515625,2492.671875
218,86404.0,86468.1,86379.2,86466.4,3063.0,84561.1875,87050.859375,87057.53125,2489.671875,6.671875,2496.34375
219,86466.4,86488.8,86301.9,86347.8,9455.0,84549.9453125,87044.7890625,87050.46875,2494.84375,5.6796875,2500.5234375
220,86357.6,86492.7,86353.3,86484.3,4486.0,84538.796875,87040.484375,87044.8359375,2501.6875,4.3515625,2506.0390625
221,86475.5,86483.5,86409.6,86432.5,7786.0,84527.8515625,87036.3671875,87038.7421875,2508.515625,2.375,2510.890625
222,86432.5,86488.2,86357.0,86447.1,5794.0,84517.359375,87031.6484375,87032.8515625,2514.2890625,1.203125,2515.4921875
223,86438.5,86438.5,86282.0,86331.4,7853.0,84507.234375,87026.4453125,87025.875,2519.2109375,0.5703125,2518.640625
224,86328.9,86352.0,85852.6,85882.9,137327.0,84497.109375,87018.5078125,87014.5,2521.3984375,4.0078125,2517.390625
225,85887.1,86099.9,85852.2,86006.9,21941.0,84486.4453125,87011.3359375,87004.4765625,2524.890625,6.859375,2518.03125
226,86007.0,86190.6,86007.0,86186.3,11137.0,84475.4453125,87005.40625,86996.3359375,2529.9609375,9.0703125,2520.890625
227,86187.5,86250.8,86051.9,86138.2,10003.0,84465.1484375,86999.578125,86987.796875,2534.4296875,11.78125,2522.6484375
228,86153.7,86259.6,86135.6,86209.9,8193.0,84452.03125,86994.609375,86980.0546875,2542.578125,14.5546875,2528.0234375
229,86209.9,86234.3,86131.4,86162.9,4426.0,84435.6875,86989.125,86971.921875,2553.4375,17.203125,2536.234375
230,86167.4,86250.8,86140.2,86152.9,9285.0,84419.0859375,86983.7578125,86963.7734375,2564.671875,19.984375,2544.6875
231,86169.3,86169.3,85990.9,86043.0,9036.0,84401.2890625,86977.9453125,86954.609375,2576.65625,23.3359375,2553.3203125
232,86033.5,86036.6,85656.5,85703.8,56064.0,84382.4609375,86970.6015625,86942.1640625,2588.140625,28.4375,2559.703125
233,85703.9,85852.2,85703.9,85767.8,27207.0,84365.5390625,86963.0078125,86930.4765625,2597.46875,32.53125,2564.9375
234,85762.0,85850.4,85727.8,85815.1,7963.0,84352.1953125,86956.15625,86919.375,2603.9609375,36.78125,2567.1796875
235,85832.0,85832.0,85600.1,85702.0,20876.0,84339.1796875,86949.2578125,86907.265625,2610.078125,41.9921875,2568.0859375
236,85701.9,85803.3,85600.1,85627.9,31337.0,84326.4296875,86942.921875,86894.5390625,2616.4921875,48.3828125,2568.109375
237,85624.6,85683.4,85558.8,85574.3,29383.0,84315.078125,86936.890625,86881.3984375,2621.8125,55.4921875,2566.3203125
238,85574.0,85631.1,85473.9,85502.9,21038.0,84306.171875,86930.0078125,86867.6796875,2623.8359375,62.328125,2561.5078125
239,85529.6,85593.1,85345.5,85439.8,37207.0,84297.0390625,86923.2109375,86853.46875,2626.171875,69.7421875,2556.4296875
240,85439.7,85659.3,85427.1,85647.1,10836.0,84286.7265625,86916.515625,86841.46875,2629.7890625,75.046875,2554.7421875
241,85625.5,85680.6,85510.3,85680.6,6731.0,84276.75,86909.7265625,86829.9140625,2632.9765625,79.8125,2553.1640625
242,85680.5,85680.9,85575.1,85613.4,6608.0,84267.9609375,86902.6796875,86817.8125,2634.71875,84.8671875,2549.8515625
243,85626.1,85699.9,85549.1,85575.0,10137.0,84259.4765625,86895.28125,86805.4453125,2635.8046875,89.8359375,2545.96875
244,85598.0,85715.5,85572.4,85672.9,7328.0,84251.625,86888.46875,86794.1796875,2636.84375,94.2890625,2542.5546875
245,85673.0,85999.4,85673.0,85932.5,15574.0,84245.546875,86883.5390625,86785.609375,2637.9921875,97.9296875,2540.0625
246,85934.9,86054.4,85926.3,85992.9,11959.0,84240.734375,86878.671875,86777.71875,2637.9375,100.953125,2536.984375
247,86000.8,86040.4,85902.2,85936.9,8689.0,84236.9765625,86873.234375,86769.3515625,2636.2578125,103.8828125,2532.375
248,85937.8,86035.6,85926.0,86014.1,10299.0,84232.125,86868.625,86761.8359375,2636.5,106.7890625,2529.7109375
249,86025.2,86025.2,85833.7,85839.4,5731.0,84224.28125,86863.65625,86752.65625,2639.375,111.0,2528.375
250,85839.5,85941.5,85839.4,85930.4,4302.0,84215.921875,86859.2265625,86744.4765625,2643.3046875,114.75,2528.5546875
251,85921.9,85930.2,85830.6,85879.7,6486.0,84209.21875,86854.890625,86735.875,2645.671875,119.015625,2526.65625
252,85896.6,85930.0,85835.3,85912.9,4643.0,84201.484375,86851.125,86727.6875,2649.640625,123.4375,2526.203125
253,85912.0,85912.0,85813.0,85827.0,2945.0,84193.5859375,86846.7109375,86718.7265625,2653.125,127.984375,2525.140625
254,85829.2,85829.2,85720.1,85774.1,4394.0,84185.859375,86841.6953125,86709.328125,2655.8359375,132.3671875,2523.46875
255,85783.3,85943.9,85783.3,85942.9,5970.0,84176.46875,86837.1953125,86701.703125,2660.7265625,135.4921875,2525.234375
256,85925.4,85974.4,85701.9,85718.3,10857.0,84165.390625,86831.8046875,86691.921875,2666.4140625,139.8828125,2526.53125
257,85718.3,85718.7,85533.6,85565.1,10773.0,84153.375,86825.7890625,86680.7109375,2672.4140625,145.078125,2527.3359375
258,85565.1,85646.5,85544.6,85624.6,4371.0,84140.8359375,86821.1015625,86670.203125,2680.265625,150.8984375,2529.3671875
259,85624.7,85642.1,85466.0,85526.5,10898.0,84130.2265625,86815.5703125,86658.8203125,2685.34375,156.75,2528.59375
260,85510.1,85640.6,85480.2,85621.2,6778.0,84121.515625,86810.2109375,86648.4921875,2688.6953125,161.71875,2526.9765625
261,85621.2,85773.2,85621.2,85727.2,7407.0,84115.46875,86804.9453125,86639.328125,2689.4765625,165.6171875,2523.859375
262,85729.2,85785.5,85703.8,85785.5,9769.0,84109.046875,86799.4296875,86630.8359375,2690.3828125,168.59375,2521.7890625
263,85785.6,85804.4,85650.4,85658.2,8415.0,84103.625,86793.328125,86621.15625,2689.703125,172.171875,2517.53125
264,85657.3,85657.3,85495.8,85533.1,4775.0,84098.1484375,86787.4609375,86610.328125,2689.3125,177.1328125,2512.1796875
265,85534.1,85579.5,85432.9,85462.1,9237.0,84091.875,86779.75,86598.90625,2687.875,180.84375,2507.03125
266,85469.8,85567.3,85445.9,85535.4,10767.0,84087.15625,86772.625,86588.3203125,2685.46875,184.3046875,2501.1640625
267,85533.0,85579.6,85487.1,85487.2,2838.0,84082.6796875,86764.984375,86577.3671875,2682.3046875,187.6171875,2494.6875
268,85481.1,85625.0,85474.8,85612.1,6635.0,84078.4765625,86757.8359375,86567.765625,2679.359375,190.0703125,2489.2890625
269,85604.5,85711.2,85604.5,85687.9,6297.0,84074.5,86751.078125,86559.0078125,2676.578125,192.0703125,2484.5078125
270,85687.5,85792.8,85609.7,85792.8,6186.0,84070.3515625,86744.3046875,86551.3828125,2673.953125,192.921875,2481.03125
271,85800.0,85853.5,85674.6,85701.6,7363.0,84065.6796875,86737.1015625,86542.9296875,2671.421875,194.171875,2477.25
272,85704.4,85796.4,85675.8,85759.0,4660.0,84062.1171875,86730.375,86535.1328125,2668.2578125,195.2421875,2473.015625
273,85759.1,85772.3,85654.9,85654.9,4528.0,84057.9765625,86722.9453125,86526.375,2664.96875,196.5703125,2468.3984375
274,85663.4,85663.4,85579.3,85613.0,4202.0,84054.578125,86714.5859375,86517.2890625,2660.0078125,197.296875,2462.7109375
275,85617.9,85650.0,85577.4,85630.5,2748.0,84049.0,86706.4453125,86508.46875,2657.4453125,197.9765625,2459.46875
276,85642.8,85944.7,85642.2,85944.6,6701.0,84043.9609375,86699.8359375,86502.859375,2655.875,196.9765625,2458.8984375
277,85933.7,85994.8,85778.8,85800.3,9326.0,84039.015625,86691.9296875,86495.8671875,2652.9140625,196.0625,2456.8515625
278,85794.2,85898.8,85778.1,85867.2,8023.0,84033.5078125,86684.3515625,86489.609375,2650.84375,194.7421875,2456.1015625
279,85855.5,85914.1,85800.5,85871.9,6588.0,84029.765625,86677.6875,86483.4609375,2647.921875,194.2265625,2453.6953125
280,85866.2,86031.3,85852.7,85988.0,11707.0,84025.125,86671.3515625,86478.53125,2646.2265625,192.8203125,2453.40625
281,85988.0,86090.0,85977.8,86068.3,5521.0,84019.265625,86666.265625,86474.453125,2647.0,191.8125,2455.1875
282,86062.7,86078.8,86009.1,86047.9,4429.0,84011.375,86660.6171875,86470.2109375,2649.2421875,190.40625,2458.8359375
283,86058.4,86129.3,86037.8,86071.8,4974.0,84003.1484375,86655.4609375,86466.25,2652.3125,189.2109375,2463.1015625
284,86067.5,86108.6,86045.0,86058.0,3915.0,83995.640625,86649.9375,86462.1875,2654.296875,187.75,2466.546875
285,86058.0,86125.1,86053.1,86063.0,4532.0,83988.3359375,86643.9296875,86458.21875,2655.59375,185.7109375,2469.8828125
286,86062.2,86062.2,85998.7,85998.7,2655.0,83980.328125,86637.625,86453.6484375,2657.296875,183.9765625,2473.3203125
287,85999.1,86071.6,85999.0,86045.6,4464.0,83973.1171875,86631.8515625,86449.5859375,2658.734375,182.265625,2476.46875
288,86053.5,86057.0,85921.6,85951.1,5981.0,83983.7265625,86625.234375,86444.625,2641.5078125,180.609375,2460.8984375
289,85957.7,85994.0,85936.4,85974.5,3532.0,83993.75,86618.6953125,86439.9453125,2624.9453125,178.75,2446.1953125
290,85967.0,85997.2,85936.1,85997.2,6763.0,84003.984375,86612.515625,86435.5390625,2608.53125,176.9765625,2431.5546875
291,85997.2,86001.5,85941.1,85958.6,3057.0,84014.3046875,86606.0390625,86430.796875,2591.734375,175.2421875,2416.4921875
292,85971.0,86022.3,85971.0,85995.9,4989.0,84023.0703125,86600.5703125,86426.46875,2577.5,174.1015625,2403.3984375
293,85983.3,85996.5,85935.9,85962.2,5489.0,84031.265625,86594.6171875,86421.8515625,2563.3515625,172.765625,2390.5859375
294,85966.3,85986.7,85891.4,85922.4,8574.0,84039.640625,86588.5703125,86416.8828125,2548.9296875,171.6875,2377.2421875
295,85918.2,85984.1,85918.2,85975.6,6319.0,84046.25,86582.4375,86412.4921875,2536.1875,169.9453125,2366.2421875
296,85962.7,85986.5,85945.6,85961.5,4096.0,84053.6015625,86575.796875,86408.0078125,2522.1953125,167.7890625,2354.40625
297,85962.6,86028.1,85961.3,86020.9,4533.0,84061.109375,86568.96875,86404.15625,2507.859375,164.8125,2343.046875
298,86019.2,86020.8,85968.5,85968.5,2496.0,84067.21875,86561.390625,86399.8203125,2494.171875,161.5703125,2332.6015625
299,85964.2,85964.2,85817.3,85832.3,3535.0,84073.9453125,86553.8203125,86394.171875,2479.875,159.6484375,2320.2265625
300,85817.3,85865.2,85798.6,85861.3,10066.0,84082.3203125,86546.25,86388.8671875,2463.9296875,157.3828125,2306.546875
301,85863.3,85863.3,85794.8,85802.0,9386.0,84091.25,86538.03125,86383.03125,2446.78125,155.0,2291.78125
302,85800.1,85864.7,85765.8,85810.0,5590.0,84102.90625,86530.0859375,86377.328125,2427.1796875,152.7578125,2274.421875
303,85810.1,85859.5,85810.1,85828.0,3362.0,84120.2109375,86522.7109375,86371.859375,2402.5,150.8515625,2251.6484375
304,85822.3,85860.8,85822.1,85831.6,5387.0,84135.015625,86515.7265625,86366.484375,2380.7109375,149.2421875,2231.46875
305,85822.8,85888.9,85697.6,85697.6,6473.0,84151.7265625,86507.859375,86359.828125,2356.1328125,148.03125,2208.1015625
306,85695.3,85766.4,85656.3,85766.1,10213.0,84166.4765625,86500.0,86353.921875,2333.5234375,146.078125,2187.4453125
307,85766.5,85852.0,85671.8,85693.6,3404.0,84184.515625,86491.765625,86347.3515625,2307.25,144.4140625,2162.8359375
308,85702.2,85723.8,85620.9,85622.9,5585.0,84201.921875,86483.0859375,86340.140625,2281.1640625,142.9453125,2138.21875
309,85644.7,85647.0,85622.9,85623.0,3111.0,84217.484375,86474.578125,86333.0078125,2257.09375,141.5703125,2115.5234375
310,85631.0,85665.0,85631.0,85636.9,4084.0,84232.1015625,86465.8046875,86326.078125,2233.703125,139.7265625,2093.9765625
311,85636.1,85707.5,85636.1,85703.2,4418.0,84245.5703125,86457.4765625,86319.8828125,2211.90625,137.59375,2074.3125
312,85707.8,85771.7,85707.8,85711.1,2704.0,84259.6015625,86448.8671875,86313.828125,2189.265625,135.0390625,2054.2265625
313,85711.1,85769.9,85687.0,85752.4,4256.0,84274.8359375,86440.890625,86308.2421875,2166.0546875,132.6484375,2033.40625
314,85748.2,85823.4,85698.3,85698.3,4213.0,84288.9375,86432.4375,86302.171875,2143.5,130.265625,2013.234375
315,85698.2,85706.7,85631.2,85631.2,4632.0,84304.3671875,86423.515625,86295.4921875,2119.1484375,128.0234375,1991.125
316,85632.3,85754.7,85625.5,85739.9,3221.0,84322.125,86415.6015625,86289.9609375,2093.4765625,125.640625,1967.8359375
317,85747.2,85816.0,85691.2,85715.2,4803.0,84338.640625,86407.828125,86284.2421875,2069.1875,123.5859375,1945.6015625
318,85722.2,85737.1,85632.0,85659.7,3118.0,84355.9375,86400.0078125,86278.03125,2044.0703125,121.9765625,1922.09375
319,85661.6,85687.8,85644.3,85668.9,5380.0,84372.71875,86391.9296875,86271.96875,2019.2109375,119.9609375,1899.25
320,85664.7,85768.7,85664.7,85768.7,3704.0,84389.5859375,86384.125,86266.9609375,1994.5390625,117.1640625,1877.375
321,85775.8,85825.9,85674.0,85674.0,4334.0,84407.4609375,86375.78125,86261.0625,1968.3203125,114.71875,1853.6015625
322,85661.1,85722.1,85629.1,85722.1,3253.0,84423.9765625,86368.0703125,86255.703125,1944.09375,112.3671875,1831.7265625
323,85718.0,85751.9,85661.0,85667.1,3712.0,84441.3046875,86360.21875,86249.84375,1918.9140625,110.375,1808.5390625
324,85667.1,85696.1,85603.6,85696.1,4164.0,84459.1171875,86352.0859375,86244.3359375,1892.96875,107.75,1785.21875
325,85682.4,85804.0,85669.9,85767.0,16307.0,84477.6015625,86344.015625,86239.5859375,1866.4140625,104.4296875,1761.984375
326,85759.8,85850.0,85747.8,85850.0,3203.0,84496.640625,86336.0078125,86235.7109375,1839.3671875,100.296875,1739.0703125
327,85854.0,85901.0,85835.9,85835.9,3468.0,84514.078125,86328.46875,86231.734375,1814.390625,96.734375,1717.65625
328,85832.3,85889.4,85832.3,85889.4,4198.0,84535.109375,86321.28125,86228.328125,1786.171875,92.953125,1693.21875
329,85890.3,85902.1,85825.9,85852.1,3332.0,84554.4609375,86314.4453125,86224.5859375,1759.984375,89.859375,1670.125
330,85852.1,85930.9,85852.1,85878.5,3155.0,84575.296875,86307.640625,86221.140625,1732.34375,86.5,1645.84375
331,85874.2,85874.2,85692.2,85700.0,4425.0,84595.3671875,86299.984375,86215.953125,1704.6171875,84.03125,1620.5859375
332,85699.9,85699.9,85474.5,85474.5,8504.0,84617.1796875,86291.359375,86208.578125,1674.1796875,82.78125,1591.3984375
333,85473.9,85526.3,85420.3,85486.2,9694.0,84639.125,86282.8671875,86201.390625,1643.7421875,81.4765625,1562.265625
334,85501.5,85604.9,85480.8,85572.9,10546.0,84656.8359375,86274.9375,86195.140625,1618.1015625,79.796875,1538.3046875
335,85568.5,85583.0,85450.0,85493.9,6985.0,84675.2109375,86266.234375,86188.1640625,1591.0234375,78.0703125,1512.953125
336,85489.0,85582.8,85474.2,85555.8,32121.0,84693.875,86258.234375,86181.875,1564.359375,76.359375,1488.0
337,85555.7,85555.7,85450.0,85476.3,4223.0,84713.4375,86250.53125,86174.8515625,1537.09375,75.6796875,1461.4140625
338,85480.4,85523.9,85469.1,85472.7,7586.0,84730.78125,86242.5078125,86167.8671875,1511.7265625,74.640625,1437.0859375
339,85469.1,85523.7,85427.6,85442.0,8565.0,84745.5546875,86235.125,86160.6484375,1489.5703125,74.4765625,1415.09375
340,85442.0,85567.2,85442.0,85514.8,5399.0,84761.609375,86228.140625,86154.21875,1466.53125,73.921875,1392.609375
341,85512.3,85561.3,85399.6,85561.3,6553.0,84777.0703125,86220.6875,86148.3203125,1443.6171875,72.3671875,1371.25
342,85553.0,85729.4,85524.2,85654.8,5704.0,84792.328125,86212.765625,86143.40625,1420.4375,69.359375,1351.078125
343,85654.9,85931.1,85654.9,85913.5,16924.0,84808.1796875,86205.796875,86141.1171875,1397.6171875,64.6796875,1332.9375
344,85914.5,86012.0,85878.8,85878.8,10279.0,84824.421875,86199.3984375,86138.5078125,1374.9765625,60.890625,1314.0859375
345,85883.0,85996.5,85883.0,85948.5,6728.0,84839.4375,86193.234375,86136.6171875,1353.796875,56.6171875,1297.1796875
346,85950.9,85979.7,85879.3,85879.3,3159.0,84854.6796875,86185.859375,86134.0546875,1331.1796875,51.8046875,1279.375
347,85875.2,85875.2,85723.7,85741.6,6791.0,84869.578125,86178.21875,86130.1484375,1308.640625,48.0703125,1260.5703125
348,85745.6,85828.9,85745.6,85783.2,3525.0,84883.8203125,86171.046875,86126.6953125,1287.2265625,44.3515625,1242.875
349,85762.6,85807.2,85753.7,85778.3,2848.0,84897.5,86163.5078125,86123.2265625,1266.0078125,40.28125,1225.7265625
350,85768.1,85816.5,85768.1,85816.5,4345.0,84910.9375,86156.0078125,86120.171875,1245.0703125,35.8359375,1209.234375
351,85816.6,85888.1,85804.1,85871.0,3167.0,84926.234375,86149.3203125,86117.6953125,1223.0859375,31.625,1191.4609375
352,85863.5,85912.7,85846.6,85887.0,7238.0,84942.8359375,86143.28125,86115.3984375,1200.4453125,27.8828125,1172.5625
353,85889.3,85957.3,85854.7,85957.3,2948.0,84960.6953125,86137.4296875,86113.828125,1176.734375,23.6015625,1153.1328125
354,85957.2,86040.2,85954.5,86032.3,5187.0,84976.5390625,86132.1796875,86113.015625,1155.640625,19.1640625,1136.4765625
355,86032.3,86077.6,86003.0,86058.2,4787.0,84992.4453125,86127.8046875,86112.46875,1135.359375,15.3359375,1120.0234375
356,86056.2,86121.1,86056.1,86056.2,4706.0,85010.515625,86123.0,86111.90625,1112.484375,11.09375,1101.390625
357,86067.6,86115.4,86056.1,86056.1,3744.0,85028.65625,86118.2578125,86111.3515625,1089.6015625,6.90625,1082.6953125
358,86056.0,86056.0,85994.5,86026.6,2311.0,85048.1796875,86112.875,86110.5078125,1064.6953125,2.3671875,1062.328125
359,86026.5,86060.7,86012.3,86059.4,3384.0,85068.265625,86107.6796875,86110.0,1039.4140625,2.3203125,1041.734375
360,86052.5,86089.3,86026.7,86087.3,3147.0,85090.921875,86102.671875,86109.7734375,1011.75,7.1015625,1018.8515625
361,86087.2,86164.4,86012.3,86022.5,4912.0,85116.1953125,86097.0390625,86108.90625,980.84375,11.8671875,992.7109375
362,86015.4,86086.4,85968.9,86082.1,4110.0,85138.875,86091.3515625,86108.640625,952.4765625,17.2890625,969.765625
363,86062.7,86078.7,86027.4,86062.1,2589.0,85158.0,86085.4375,86108.1796875,927.4375,22.7421875,950.1796875
364,86068.1,86117.8,86020.7,86040.4,3568.0,85175.9765625,86079.46875,86107.5078125,903.4921875,28.0390625,931.53125
365,86040.5,86048.8,85957.1,85980.7,3070.0,85191.1796875,86072.671875,86106.2421875,881.4921875,33.5703125,915.0625
366,85978.0,86169.3,85967.8,86135.8,4361.0,85205.53125,86067.2890625,86106.5390625,861.7578125,39.25,901.0078125
367,86135.8,86248.1,86031.1,86060.6,6480.0,85218.7109375,86061.2109375,86106.078125,842.5,44.8671875,887.3671875
368,86056.3,86067.4,86014.9,86014.9,2417.0,85232.3203125,86055.0859375,86105.171875,822.765625,50.0859375,872.8515625
369,86010.6,86130.3,86010.6,86121.1,5066.0,85245.75,86049.9296875,86105.328125,804.1796875,55.3984375,859.578125
370,86116.7,86126.7,86075.7,86095.0,4595.0,85258.25,86044.2578125,86105.2265625,786.0078125,60.96875,846.9765625
371,86092.5,86129.6,86060.8,86069.6,2470.0,85268.2578125,86038.5390625,86104.875,770.28125,66.3359375,836.6171875
372,86075.4,86081.5,86056.1,86062.0,5649.0,85279.515625,86033.4296875,86104.4453125,753.9140625,71.015625,824.9296875
373,86056.0,86119.4,86048.2,86119.4,3238.0,85291.5390625,86029.0,86104.59375,737.4609375,75.59375,813.0546875
374,86128.0,86220.8,86122.8,86216.6,5249.0,85304.4609375,86024.859375,86105.7109375,720.3984375,80.8515625,801.25
375,86204.5,86322.9,86183.2,86192.3,9061.0,85314.1015625,86020.5390625,86106.5703125,706.4375,86.03125,792.46875
376,86192.2,86192.2,86142.7,86170.0,2753.0,85322.609375,86016.171875,86107.203125,693.5625,91.03125,784.59375
377,86182.3,86340.0,86182.3,86301.2,7937.0,85330.1875,86012.1171875,86109.1328125,681.9296875,97.015625,778.9453125
378,86305.9,86338.2,86290.0,86290.0,3039.0,85337.6953125,86008.0546875,86110.9296875,670.359375,102.875,773.234375
379,86286.2,86309.2,86236.0,86258.9,5341.0,85345.140625,86004.078125,86112.3984375,658.9375,108.3203125,767.2578125
380,86257.3,86338.3,86244.4,86303.6,3256.0,85353.671875,86000.4375,86114.3046875,646.765625,113.8671875,760.6328125
381,86303.6,86309.6,86250.7,86302.4,2599.0,85362.3984375,85996.921875,86116.1796875,634.5234375,119.2578125,753.78125
382,86303.6,86344.9,86277.8,86340.4,4060.0,85370.7578125,85994.1484375,86118.4140625,623.390625,124.265625,747.65625
383,86338.3,86344.8,86258.4,86286.1,3108.0,85380.8203125,85990.734375,86120.0859375,609.9140625,129.3515625,739.265625
384,86286.4,86309.7,86252.1,86309.7,2156.0,85390.3359375,85987.6171875,86121.9765625,597.28125,134.359375,731.640625
385,86314.0,86344.9,86299.6,86344.9,3074.0,85400.1015625,85985.6484375,86124.1953125,585.546875,138.546875,724.09375
386,86344.8,86344.8,86286.7,86324.9,5096.0,85406.46875,85983.8359375,86126.1953125,577.3671875,142.359375,719.7265625
387,86334.8,86338.0,86254.7,86263.5,5631.0,85409.5859375,85980.984375,86127.5625,571.3984375,146.578125,717.9765625
388,86267.7,86292.5,86240.0,86256.2,2701.0,85411.0390625,85978.0390625,86128.84375,567.0,150.8046875,717.8046875
389,86254.1,86254.1,86193.9,86207.5,2405.0,85416.4609375,85975.78125,86129.625,559.3203125,153.84375,713.1640625
390,86207.6,86266.1,86207.6,86266.1,6706.0,85414.9765625,85973.515625,86130.984375,558.5390625,157.46875,716.0078125
391,86267.1,86301.8,86220.0,86237.4,3000.0,85409.8046875,85971.5,86132.046875,561.6953125,160.546875,722.2421875
392,86238.3,86307.1,86219.1,86219.1,4243.0,85409.6484375,85970.1015625,86132.9140625,560.453125,162.8125,723.265625
393,86217.2,86256.4,86160.5,86238.5,3859.0,85407.4375,85969.0390625,86133.9609375,561.6015625,164.921875,726.5234375
394,86242.7,86250.0,86205.0,86214.2,3779.0,85406.96875,85967.8671875,86134.7578125,560.8984375,166.890625,727.7890625
395,86205.6,86205.6,86062.1,86062.1,8078.0,85407.3203125,85965.5546875,86134.03125,558.234375,168.4765625,726.7109375
396,86062.1,86067.8,86017.3,86036.8,5860.0,85407.515625,85963.03125,86133.0625,555.515625,170.03125,725.546875
397,86033.7,86033.7,85869.9,85932.9,9270.0,85410.2109375,85960.6796875,86131.0703125,550.46875,170.390625,720.859375
398,85932.5,85949.1,85905.2,85905.2,2510.0,85414.6796875,85959.296875,86128.8203125,544.6171875,169.5234375,714.140625
399,85902.4,85918.0,85846.1,85853.2,5250.0,85421.390625,85956.546875,86126.078125,535.15625,169.53125,704.6875
400,85864.9,85889.3,85829.6,85867.5,2686.0,85429.90625,85953.3046875,86123.5078125,523.3984375,170.203125,693.6015625
401,85855.7,85940.4,85855.7,85928.9,6484.0,85435.0703125,85949.1796875,86121.5703125,514.109375,172.390625,686.5
402,85926.0,85937.7,85894.7,85927.0,2066.0,85442.9609375,85945.7578125,86119.6328125,502.796875,173.875,676.671875
403,85928.6,86085.2,85894.1,86085.2,17823.0,85448.8359375,85942.4453125,86119.2890625,493.609375,176.84375,670.453125
404,86085.1,86225.3,86025.6,86058.2,69246.0,85454.0390625,85939.2109375,86118.6796875,485.171875,179.46875,664.640625
405,86058.2,86058.2,85965.0,85970.3,4219.0,85460.578125,85935.3984375,86117.203125,474.8203125,181.8046875,656.625
406,85969.8,86053.8,85968.7,86053.8,2784.0,85466.125,85932.2890625,86116.5703125,466.1640625,184.28125,650.4453125
407,86054.0,86116.5,86018.3,86113.2,1520.0,85470.828125,85929.9453125,86116.5390625,459.1171875,186.59375,645.7109375
408,86112.1,86142.0,86038.7,86071.7,3330.0,85475.609375,85927.421875,86116.09375,451.8125,188.671875,640.484375
409,86071.6,86087.8,86033.8,86065.8,3745.0,85478.5546875,85925.265625,86115.59375,446.7109375,190.328125,637.0390625
410,86070.7,86154.0,86070.7,86154.0,2658.0,85482.0,85924.046875,86115.9765625,442.046875,191.9296875,633.9765625
411,86158.8,86187.3,86136.3,86136.3,1825.0,85482.5,85922.0859375,86116.1796875,439.5859375,194.09375,633.6796875
412,86136.1,86157.2,86093.9,86127.3,2414.0,85482.5078125,85920.9609375,86116.2890625,438.453125,195.328125,633.78125
413,86123.1,86146.9,86092.1,86096.5,2241.0,85480.734375,85919.265625,86116.09375,438.53125,196.828125,635.359375
414,86107.5,86107.5,86049.8,86084.9,3268.0,85473.0859375,85917.078125,86115.78125,443.9921875,198.703125,642.6953125
415,86070.8,86144.4,86070.8,86139.5,1926.0,85464.6484375,85914.828125,86116.015625,450.1796875,201.1875,651.3671875
416,86139.4,86208.2,86112.7,86112.7,2857.0,85454.046875,85912.578125,86115.984375,458.53125,203.40625,661.9375
417,86129.9,86198.7,86124.3,86198.7,2111.0,85440.78125,85911.6015625,86116.8046875,470.8203125,205.203125,676.0234375
418,86200.0,86219.3,86138.3,86138.3,2441.0,85426.671875,85909.96875,86117.015625,483.296875,207.046875,690.34375
419,86135.0,86216.6,86133.7,86188.1,3033.0,85413.3359375,85909.171875,86117.7265625,495.8359375,208.5546875,704.390625
420,86192.4,86234.1,86161.2,86211.7,3270.0,85397.8515625,85907.796875,86118.6640625,509.9453125,210.8671875,720.8125
421,86211.6,86254.0,86118.7,86118.7,3784.0,85382.78125,85906.2265625,86118.6640625,523.4453125,212.4375,735.8828125
422,86120.6,86120.6,85981.3,86023.5,3653.0,85367.7109375,85904.109375,86117.71875,536.3984375,213.609375,750.0078125
423,86038.5,86096.8,86002.0,86002.0,4179.0,85351.546875,85902.4609375,86116.5703125,550.9140625,214.109375,765.0234375
424,85999.1,86081.7,85999.1,86061.1,2863.0,85335.46875,85903.3515625,86116.015625,567.8828125,212.6640625,780.546875
425,86060.1,86084.1,86005.2,86012.3,3312.0,85319.96875,85903.375,86114.984375,583.40625,211.609375,795.015625
426,86012.4,86124.6,85990.8,86002.0,5335.0,85308.015625,85902.4453125,86113.859375,594.4296875,211.4140625,805.84375
427,85997.7,86007.1,85951.4,85959.4,2851.0,85297.546875,85901.5546875,86112.3203125,604.0078125,210.765625,814.7734375
428,85959.3,85959.3,85800.9,85849.9,5078.0,85287.609375,85899.75,86109.7109375,612.140625,209.9609375,822.1015625
429,85857.6,85951.9,85857.6,85947.3,1962.0,85280.46875,85898.6953125,86108.09375,618.2265625,209.3984375,827.625
430,85956.3,86015.1,85938.5,85938.6,5221.0,85275.25,85897.6171875,86106.40625,622.3671875,208.7890625,831.15625
431,85932.1,85932.1,85836.9,85881.4,6432.0,85271.921875,85896.8203125,86104.1640625,624.8984375,207.34375,832.2421875
432,85891.7,86089.3,85891.7,85985.1,7549.0,85269.3984375,85898.21875,86102.9765625,628.8203125,204.7578125,833.578125
433,85991.3,86020.3,85972.0,85972.0,3266.0,85266.7109375,85899.234375,86101.671875,632.5234375,202.4375,834.9609375
434,85966.9,85993.7,85933.9,85973.8,3496.0,85259.8203125,85900.015625,86100.3984375,640.1953125,200.3828125,840.578125
435,85961.0,85970.4,85883.3,85888.5,3662.0,85252.53125,85900.9609375,86098.2890625,648.4296875,197.328125,845.7578125
436,85888.0,85888.0,85852.1,85869.9,2574.0,85247.0,85902.171875,86096.015625,655.171875,193.84375,849.015625
437,85861.3,85874.5,85800.0,85845.3,2784.0,85239.4296875,85903.53125,86093.5234375,664.1015625,189.9921875,854.09375
438,85850.4,85866.5,85758.0,85774.0,10196.0,85231.3984375,85904.890625,86090.34375,673.4921875,185.453125,858.9453125
439,85770.5,85770.5,85695.5,85742.7,8930.0,85222.03125,85906.390625,86086.8828125,684.359375,180.4921875,864.8515625
440,85742.6,85742.6,85650.0,85692.3,5327.0,85211.9296875,85906.609375,86082.953125,694.6796875,176.34375,871.0234375
441,85692.3,85763.5,85692.3,85763.5,3544.0,85200.9765625,85907.03125,86079.7734375,706.0546875,172.7421875,878.796875
442,85763.4,85831.0,85748.6,85819.0,4699.0,85189.734375,85908.0390625,86077.1796875,718.3046875,169.140625,887.4453125
443,85823.3,85843.9,85761.2,85765.4,4608.0,85178.1953125,85909.0,86074.078125,730.8046875,165.078125,895.8828125
444,85765.3,85780.9,85723.6,85729.4,3187.0,85165.859375,85909.28125,86070.6484375,743.421875,161.3671875,904.7890625
445,85727.3,85764.0,85685.6,85692.1,5761.0,85152.171875,85908.1015625,86066.8828125,755.9296875,158.78125,914.7109375
446,85691.1,85804.9,85654.5,85783.9,3678.0,85139.8046875,85907.0390625,86064.0703125,767.234375,157.03125,924.265625
447,85784.8,85822.1,85700.1,85700.1,5072.0,85126.03125,85905.859375,86060.4453125,779.828125,154.5859375,934.4140625
448,85700.0,85700.0,85650.0,85657.6,3991.0,85110.6953125,85904.078125,86056.4375,793.3828125,152.359375,945.7421875
449,85657.6,85657.6,85601.1,85619.1,7419.0,85094.1015625,85902.96875,86052.0859375,808.8671875,149.1171875,957.984375
450,85619.6,85649.6,85600.0,85600.0,3742.0,85081.4453125,85901.3203125,86047.5859375,819.875,146.265625,966.140625
451,85600.0,85667.6,85600.0,85655.6,2979.0,85074.6484375,85900.1953125,86043.6875,825.546875,143.4921875,969.0390625
452,85641.1,85641.1,85606.0,85606.0,3229.0,85067.8671875,85898.65625,86039.3359375,830.7890625,140.6796875,971.46875
453,85600.0,85710.8,85588.3,85681.6,8372.0,85064.9765625,85897.9296875,86035.7734375,832.953125,137.84375,970.796875
454,85677.5,85732.0,85669.1,85717.2,3388.0,85061.8203125,85897.6484375,86032.6015625,835.828125,134.953125,970.78125
455,85713.0,85839.8,85713.0,85747.9,13622.0,85058.8046875,85896.6796875,86029.765625,837.875,133.0859375,970.9609375
456,85755.1,85777.9,85710.1,85727.9,4033.0,85057.03125,85896.734375,86026.765625,839.703125,130.03125,969.734375
457,85714.0,85727.9,85639.6,85686.6,4296.0,85057.265625,85897.3359375,86023.3828125,840.0703125,126.046875,966.1171875
458,85687.3,85687.3,85548.0,85615.8,5345.0,85058.8515625,85897.3046875,86019.328125,838.453125,122.0234375,960.4765625
459,85613.0,85663.5,85533.1,85663.5,7573.0,85060.4609375,85897.984375,86015.7890625,837.5234375,117.8046875,955.328125
460,85666.8,85782.0,85618.0,85618.0,8897.0,85059.40625,85897.9765625,86011.828125,838.5703125,113.8515625,952.421875
461,85621.1,85630.4,85570.6,85627.3,3147.0,85054.890625,85897.46875,86008.0,842.578125,110.53125,953.109375
462,85635.8,85697.5,85627.4,85655.6,3532.0,85050.0859375,85896.828125,86004.4921875,846.7421875,107.6640625,954.40625
463,85652.8,85659.1,85604.3,85659.1,4554.0,85046.828125,85896.828125,86001.0546875,850.0,104.2265625,954.2265625
464,85669.4,85729.7,85650.1,85672.0,3026.0,85044.6796875,85897.53125,85997.78125,852.8515625,100.25,953.1015625
465,85663.3,85706.7,85610.2,85610.2,5217.0,85043.8359375,85898.265625,85993.921875,854.4296875,95.65625,950.0859375
466,85608.2,85635.8,85570.2,85622.3,3904.0,85042.734375,85898.6875,85990.2265625,855.953125,91.5390625,947.4921875
467,85629.1,85700.6,85614.6,85677.6,4544.0,85040.8671875,85899.6484375,85987.1171875,858.78125,87.46875,946.25
468,85677.6,85714.4,85666.9,85705.9,2819.0,85036.6953125,85900.109375,85984.3203125,863.4140625,84.2109375,947.625
469,85705.9,85723.0,85666.1,85666.3,2148.0,85032.6171875,85899.984375,85981.15625,867.3671875,81.171875,948.5390625
470,85666.2,85703.8,85638.3,85682.5,3588.0,85027.2265625,85899.4453125,85978.1875,872.21875,78.7421875,950.9609375
471,85680.5,85730.5,85654.1,85696.0,4799.0,85020.0859375,85899.3984375,85975.3828125,879.3125,75.984375,955.296875
472,85689.5,85709.4,85627.8,85627.8,5447.0,85012.5078125,85898.75,85971.921875,886.2421875,73.171875,959.4140625
473,85625.0,85655.8,85555.5,85559.8,4459.0,85004.46875,85898.28125,85967.8203125,893.8125,69.5390625,963.3515625
474,85564.9,85657.3,85564.9,85618.3,5351.0,84999.0546875,85898.3046875,85964.34375,899.25,66.0390625,965.2890625
475,85617.3,85669.2,85602.1,85648.0,2294.0,84998.0859375,85898.3984375,85961.1953125,900.3125,62.796875,963.109375
476,85647.9,85647.9,85543.9,85583.7,4378.0,84996.5703125,85896.6015625,85957.4375,900.03125,60.8359375,960.8671875
477,85586.0,85586.0,85548.5,85573.6,3724.0,84993.40625,85895.46875,85953.6171875,902.0625,58.1484375,960.2109375
478,85573.0,85629.0,85552.6,85624.7,6905.0,84993.90625,85894.25,85950.34375,900.34375,56.09375,956.4375
479,85624.7,85624.7,85566.8,85578.8,4323.0,84993.765625,85892.78125,85946.6484375,899.015625,53.8671875,952.8828125
480,85576.0,85636.0,85562.7,85631.7,6170.0,84991.5390625,85891.0078125,85943.515625,899.46875,52.5078125,951.9765625
481,85615.4,85650.7,85588.0,85604.5,5528.0,84989.6171875,85888.6875,85940.140625,899.0703125,51.453125,950.5234375
482,85604.4,85608.2,85542.0,85590.6,11641.0,84988.6015625,85886.390625,85936.6640625,897.7890625,50.2734375,948.0625
483,85590.6,85656.1,85501.2,85629.1,8618.0,84986.2109375,85884.1875,85933.6015625,897.9765625,49.4140625,947.390625
484,85619.6,85666.1,85604.8,85666.1,11701.0,84984.109375,85882.21875,85930.9375,898.109375,48.71875,946.828125
485,85680.0,85762.5,85631.2,85631.2,19912.0,84980.765625,85880.0703125,85927.953125,899.3046875,47.8828125,947.1875
486,85630.2,85630.2,85558.1,85577.5,8144.0,84977.8515625,85877.96875,85924.46875,900.1171875,46.5,946.6171875
487,85599.6,85620.5,85485.0,85518.3,4472.0,84972.2265625,85875.328125,85920.4296875,903.1015625,45.1015625,948.203125
488,85520.4,85536.4,85455.1,85462.1,3761.0,84947.765625,85872.875,85915.8671875,925.109375,42.9921875,968.1015625
489,85469.1,85527.2,85457.5,85527.2,5913.0,84926.0859375,85870.6484375,85912.0,944.5625,41.3515625,985.9140625
490,85516.7,85541.7,85474.8,85499.5,4240.0,84902.1796875,85868.15625,85907.8984375,965.9765625,39.7421875,1005.71875
491,85499.5,85512.8,85477.6,85496.9,3884.0,84878.359375,85865.8515625,85903.8125,987.4921875,37.9609375,1025.453125
492,85496.9,85516.1,85487.7,85516.1,2319.0,84855.7578125,85863.4453125,85899.953125,1007.6875,36.5078125,1044.1953125
493,85512.7,85536.2,85505.6,85509.6,2976.0,84834.6015625,85861.1875,85896.0703125,1026.5859375,34.8828125,1061.46875
494,85514.9,85535.1,85438.1,85513.3,7962.0,84813.046875,85859.1484375,85892.2578125,1046.1015625,33.109375,1079.2109375
495,85521.4,85528.7,85482.0,85504.2,7172.0,84793.1171875,85856.7890625,85888.3984375,1063.671875,31.609375,1095.28125
496,85504.1,85504.1,85387.9,85458.0,18297.0,84772.9765625,85854.265625,85884.1171875,1081.2890625,29.8515625,1111.140625
497,85447.9,85491.8,85408.0,85417.6,5314.0,84754.3984375,85851.2578125,85879.4765625,1096.859375,28.21875,1125.078125
498,85429.0,85483.7,85403.2,85461.9,2438.0,84736.96875,85848.71875,85875.3203125,1111.75,26.6015625,1138.3515625
499,85461.9,85513.3,85409.2,85414.0,2979.0,84722.0703125,85846.625,85870.7265625,1124.5546875,24.1015625,1148.65625
500,85408.2,85408.2,85161.3,85164.3,39030.0,84705.15625,85843.1484375,85863.6953125,1137.9921875,20.546875,1158.5390625
501,85160.1,85331.3,85155.4,85173.1,30477.0,84688.71875,85840.0,85856.8203125,1151.28125,16.8203125,1168.1015625
502,85168.9,85258.7,85168.9,85220.2,7878.0,84675.6171875,85837.046875,85850.484375,1161.4296875,13.4375,1174.8671875
503,85235.2,85317.8,85183.1,85287.0,7815.0,84662.7578125,85834.3359375,85844.875,1171.578125,10.5390625,1182.1171875
504,85289.0,85333.4,85262.8,85309.2,6174.0,84651.3671875,85831.71875,85839.546875,1180.3515625,7.828125,1188.1796875
505,85313.5,85363.1,85289.8,85333.1,5400.0,84641.71875,85829.890625,85834.5078125,1188.171875,4.6171875,1192.7890625
506,85333.0,85333.0,85271.7,85271.7,2489.0,84632.1484375,85827.421875,85828.90625,1195.2734375,1.484375,1196.7578125
507,85271.8,85323.1,85250.0,85312.8,4338.0,84621.6953125,85825.53125,85823.7734375,1203.8359375,1.7578125,1202.078125
508,85314.8,85351.5,85282.4,85288.7,2753.0,84611.265625,85823.859375,85818.453125,1212.59375,5.40625,1207.1875
509,85294.6,85294.6,85197.3,85197.3,11465.0,84600.28125,85821.7265625,85812.2734375,1221.4453125,9.453125,1211.9921875
510,85208.0,85302.4,85180.7,85225.4,21586.0,84590.1953125,85819.6796875,85806.4375,1229.484375,13.2421875,1216.2421875
511,85233.8,85245.6,85111.1,85164.5,18436.0,84580.28125,85816.9765625,85800.046875,1236.6953125,16.9296875,1219.765625
512,85156.0,85156.0,84600.0,84823.2,231593.0,84570.15625,85812.5390625,85790.328125,1242.3828125,22.2109375,1220.171875
513,84823.2,84845.1,83173.2,83177.4,590196.0,84559.6796875,85799.671875,85764.328125,1239.9921875,35.34375,1204.6484375
514,83177.4,83627.0,81277.3,83373.4,754291.0,84548.796875,85788.046875,85740.5390625,1239.25,47.5078125,1191.7421875
515,83371.8,83867.6,83225.0,83770.1,179103.0,84538.5,85778.734375,85720.9296875,1240.234375,57.8046875,1182.4296875
516,83761.6,83783.0,83156.9,83492.3,111964.0,84525.03125,85767.5,85698.7578125,1242.46875,68.7421875,1173.7265625
517,83492.3,84050.5,83441.5,83955.1,58244.0,84508.7578125,85758.6875,85681.40625,1249.9296875,77.28125,1172.6484375
518,83955.3,84024.7,83683.2,83978.0,66531.0,84492.2265625,85750.2890625,85664.453125,1258.0625,85.8359375,1172.2265625
519,83986.2,84147.0,83954.7,84055.5,37277.0,84473.9609375,85742.21875,85648.4453125,1268.2578125,93.7734375,1174.484375
520,84058.4,84486.0,83945.4,84261.5,47252.0,84455.6796875,85734.6875,85634.6484375,1279.0078125,100.0390625,1178.96875
521,84261.4,84480.4,84261.4,84371.1,38379.0,84440.21875,85728.1875,85622.078125,1287.96875,106.109375,1181.859375
522,84371.2,84436.2,84079.0,84251.8,25485.0,84426.9453125,85720.8203125,85608.4453125,1293.875,112.375,1181.5
523,84251.8,84439.8,84130.6,84414.2,33484.0,84414.046875,85714.5546875,85596.5625,1300.5078125,117.9921875,1182.515625
524,84413.2,84460.5,84326.4,84340.9,25856.0,84401.4375,85707.78125,85584.0703125,1306.34375,123.7109375,1182.6328125
525,84340.9,84366.2,84005.9,84104.9,21710.0,84392.0859375,85699.4765625,85569.3515625,1307.390625,130.125,1177.265625
526,84104.8,84108.3,83916.0,83972.3,26099.0,84383.5078125,85690.078125,85553.4609375,1306.5703125,136.6171875,1169.953125
527,83972.3,84125.8,83823.2,84004.7,42567.0,84374.53125,85680.9296875,85538.046875,1306.3984375,142.8828125,1163.515625
528,84000.4,84076.4,83764.7,83946.5,24317.0,84364.1171875,85671.2109375,85522.2109375,1307.09375,149.0,1158.09375
529,83948.4,83962.7,83800.6,83923.2,12939.0,84354.2578125,85661.546875,85506.296875,1307.2890625,155.25,1152.0390625
530,83923.3,84363.1,83896.8,84276.2,35765.0,84345.125,85653.546875,85494.0546875,1308.421875,159.4921875,1148.9296875
531,84271.9,84271.9,84119.9,84125.6,8578.0,84336.328125,85645.671875,85480.4375,1309.34375,165.234375,1144.109375
532,84125.6,84214.1,84125.6,84201.1,7444.0,84328.6171875,85639.3046875,85467.7109375,1310.6875,171.59375,1139.09375
533,84206.6,84230.6,83950.7,84025.7,13118.0,84322.0,85632.0078125,85453.359375,1310.0078125,178.6484375,1131.359375
534,84025.6,84046.8,83888.0,83892.8,13711.0,84316.5859375,85623.609375,85437.828125,1307.0234375,185.78125,1121.2421875
535,83892.9,83942.0,83773.1,83924.9,18049.0,84312.7890625,85615.7578125,85422.7734375,1302.96875,192.984375,1109.984375
536,83930.0,84106.7,83911.3,84093.5,17280.0,84307.5703125,85608.4375,85409.546875,1300.8671875,198.890625,1101.9765625
537,84093.5,84106.8,83890.5,83890.5,12428.0,84299.546875,85600.515625,85394.4296875,1300.96875,206.0859375,1094.8828125
538,83890.5,84011.9,83836.9,84000.0,12719.0,84291.1875,85593.15625,85380.5546875,1301.96875,212.6015625,1089.3671875
539,83999.9,84104.6,83965.8,84031.3,23635.0,84284.296875,85586.1015625,85367.1328125,1301.8046875,218.96875,1082.8359375
540,84027.0,84062.7,83935.3,83956.4,10085.0,84277.0,85578.3046875,85353.09375,1301.3046875,225.2109375,1076.09375
541,83954.4,84113.1,83954.4,84077.6,8905.0,84268.53125,85570.890625,85340.3984375,1302.359375,230.4921875,1071.8671875
542,84071.4,84106.1,83906.4,83943.9,8605.0,84260.7265625,85562.328125,85326.5,1301.6015625,235.828125,1065.7734375
543,83943.9,83977.6,83786.0,83829.0,14854.0,84250.9375,85551.90625,85311.6015625,1300.96875,240.3046875,1060.6640625
544,83828.9,83834.2,83682.8,83769.5,25721.0,84239.640625,85541.3671875,85296.2578125,1301.7265625,245.109375,1056.6171875
545,83753.6,84164.5,83737.6,84164.5,19937.0,84227.609375,85532.4609375,85285.0,1304.8515625,247.4609375,1057.390625
546,84166.5,84403.6,84152.8,84233.0,27365.0,84216.109375,85524.21875,85274.53125,1308.109375,249.6875,1058.421875
547,84222.5,84290.3,84123.7,84247.0,19768.0,84206.8671875,85516.75,85264.3046875,1309.8828125,252.4453125,1057.4375
548,84248.0,84306.9,84207.2,84235.9,8087.0,84198.875,85509.0078125,85254.0703125,1310.1328125,254.9375,1055.1953125
549,84229.8,84299.8,84133.2,84277.6,6664.0,84193.2265625,85501.515625,85244.3515625,1308.2890625,257.1640625,1051.125
550,84276.6,84300.0,84145.9,84204.3,6741.0,84186.890625,85493.4765625,85234.0,1306.5859375,259.4765625,1047.109375
551,84197.3,84496.8,84197.3,84421.5,10103.0,84181.3984375,85486.21875,85225.9140625,1304.8203125,260.3046875,1044.515625
552,84412.1,84619.0,84398.1,84521.6,14509.0,84175.7578125,85479.390625,85218.90625,1303.6328125,260.484375,1043.1484375
553,84521.1,84690.3,84521.1,84637.8,8961.0,84169.2109375,85472.7890625,85213.125,1303.578125,259.6640625,1043.9140625
554,84628.4,84635.7,84452.7,84481.3,14046.0,84164.6875,85465.015625,85205.84375,1300.328125,259.171875,1041.15625
555,84493.9,84667.9,84477.9,84667.9,7251.0,84160.2265625,85458.0703125,85200.4921875,1297.84375,257.578125,1040.265625
556,84675.9,84698.7,84520.8,84541.7,10289.0,84154.984375,85450.5078125,85193.9375,1295.5234375,256.5703125,1038.953125
557,84550.2,84617.9,84520.8,84568.8,10589.0,84150.6484375,85443.078125,85187.71875,1292.4296875,255.359375,1037.0703125
558,84573.0,84583.0,84431.4,84437.8,19801.0,84146.15625,85435.140625,85180.2578125,1288.984375,254.8828125,1034.1015625
559,84437.8,84500.3,84329.1,84345.4,20059.0,84141.8359375,85426.5546875,85171.953125,1284.71875,254.6015625,1030.1171875
560,84345.5,84547.8,84322.4,84523.8,12934.0,84138.1953125,85418.734375,85165.5,1280.5390625,253.234375,1027.3046875
561,84512.0,84575.5,84351.8,84454.9,17389.0,84134.515625,85410.8984375,85158.4296875,1276.3828125,252.46875,1023.9140625
562,84463.3,84559.9,84418.1,84488.0,6071.0,84130.8203125,85402.9296875,85151.7578125,1272.109375,251.171875,1020.9375
563,84483.7,84575.3,84410.1,84568.3,16707.0,84125.21875,85395.4609375,85145.953125,1270.2421875,249.5078125,1020.734375
564,84566.0,84633.5,84500.0,84500.1,6184.0,84120.4765625,85387.75,85139.5234375,1267.2734375,248.2265625,1019.046875
565,84505.0,84508.1,84367.5,84380.3,5297.0,84115.5078125,85379.75,85131.96875,1264.2421875,247.78125,1016.4609375
566,84380.2,84382.3,84259.6,84263.9,13940.0,84110.0390625,85370.3984375,85123.328125,1260.359375,247.0703125,1013.2890625
567,84267.2,84388.4,84245.3,84335.2,13017.0,84106.21875,85361.78125,85115.484375,1255.5625,246.296875,1009.265625
568,84333.1,84359.2,84254.9,84281.2,5456.0,84100.7890625,85353.109375,85107.1796875,1252.3203125,245.9296875,1006.390625
569,84299.1,84302.4,84183.8,84222.4,6337.0,84094.78125,85343.6015625,85098.375,1248.8203125,245.2265625,1003.59375
570,84218.2,84288.9,84185.7,84259.6,17105.0,84086.765625,85334.4296875,85090.03125,1247.6640625,244.3984375,1003.265625
571,84256.1,84401.5,84256.1,84368.0,3991.0,84078.5703125,85325.921875,85082.84375,1247.3515625,243.078125,1004.2734375
572,84356.6,84422.5,84348.0,84416.0,3753.0,84071.0546875,85317.6875,85076.2109375,1246.6328125,241.4765625,1005.15625
573,84412.6,84423.2,84229.5,84233.8,7003.0,84064.0859375,85308.2578125,85067.828125,1244.171875,240.4296875,1003.7421875
574,84241.4,84258.3,84025.8,84087.2,20531.0,84056.3671875,85297.6171875,85058.0703125,1241.25,239.546875,1001.703125
575,84092.5,84117.3,83974.2,84081.9,12807.0,84049.171875,85287.0703125,85048.359375,1237.8984375,238.7109375,999.1875
576,84074.3,84074.3,83921.5,83966.6,11815.0,84058.859375,85276.046875,85037.59375,1217.1875,238.453125,978.734375
577,83961.5,84018.2,83932.4,83996.5,7262.0,84068.1953125,85264.53125,85027.234375,1196.3359375,237.296875,959.0390625
578,83990.5,84098.4,83954.6,84026.7,16272.0,84077.0390625,85253.2109375,85017.28125,1176.171875,235.9296875,940.2421875
579,84031.0,84091.9,83981.0,83997.6,4046.0,84086.1953125,85241.90625,85007.1328125,1155.7109375,234.7734375,920.9375
580,83996.6,83996.6,83856.6,83871.3,10885.0,84094.3515625,85229.75,84995.828125,1135.3984375,233.921875,901.4765625
581,83862.0,83979.0,83819.5,83926.6,18306.0,84101.7890625,85217.8671875,84985.1875,1116.078125,232.6796875,883.3984375
582,83926.6,83954.9,83751.1,83780.1,10925.0,84109.375,85205.0546875,84973.1953125,1095.6796875,231.859375,863.8203125
583,83780.9,83881.9,83754.6,83777.5,17305.0,84115.078125,85192.515625,84961.296875,1077.4375,231.21875,846.21875
584,83779.5,83873.5,83750.0,83805.9,31807.0,84121.7578125,85180.0,84949.796875,1058.2421875,230.203125,828.0390625
585,83796.8,83874.7,83724.6,83741.9,29439.0,84128.515625,85166.984375,84937.78125,1038.46875,229.203125,809.265625
586,83742.0,83828.0,83732.8,83768.1,8394.0,84134.1171875,85154.2109375,84926.140625,1020.09375,228.0703125,792.0234375
587,83770.4,83983.2,83770.4,83963.1,9143.0,84139.5078125,85142.7109375,84916.5546875,1003.203125,226.15625,777.046875
588,83963.1,83990.8,83844.3,83872.8,6328.0,84147.1484375,85130.7890625,84906.171875,983.640625,224.6171875,759.0234375
589,83864.7,83890.0,83728.7,83728.7,8651.0,84155.3203125,85118.3984375,84894.453125,963.078125,223.9453125,739.1328125
590,83724.6,83753.9,83626.6,83653.1,15237.0,84166.5390625,85105.3359375,84882.1015625,938.796875,223.234375,715.5625
591,83675.5,83764.3,83633.8,83699.0,17326.0,84183.15625,85092.640625,84870.328125,909.484375,222.3125,687.171875
592,83691.8,83697.5,83576.0,83692.0,14180.0,84196.375,85080.0,84858.6015625,883.625,221.3984375,662.2265625
593,83700.4,83828.0,83700.4,83768.1,20744.0,84211.96875,85067.6484375,84847.75,855.6796875,219.8984375,635.78125
594,83774.0,83820.8,83635.4,83701.0,9920.0,84226.109375,85055.078125,84836.3359375,828.96875,218.7421875,610.2265625
595,83695.9,83786.6,83679.7,83783.8,10010.0,84243.015625,85043.6875,84825.859375,800.671875,217.828125,582.84375
596,83788.0,83862.9,83781.0,83817.1,13303.0,84259.6484375,85032.6015625,84815.8203125,772.953125,216.78125,556.171875
597,83817.2,83858.6,83785.7,83799.7,6080.0,84274.6015625,85021.9375,84805.7109375,747.3359375,216.2265625,531.109375
598,83799.7,83824.4,83707.4,83715.0,7485.0,84287.78125,85010.984375,84794.859375,723.203125,216.125,507.078125
599,83715.0,83733.2,83636.1,83636.1,6127.0,84300.8203125,84999.8984375,84783.328125,699.078125,216.5703125,482.5078125
600,83636.1,83795.2,83636.1,83779.9,4312.0,84313.7265625,84989.4609375,84773.34375,675.734375,216.1171875,459.6171875
601,83786.9,83894.1,83751.7,83868.9,21353.0,84328.3671875,84979.15625,84764.34375,650.7890625,214.8125,435.9765625
602,83864.7,83915.9,83809.1,83887.5,8606.0,84342.1171875,84968.96875,84755.6171875,626.8515625,213.3515625,413.5
603,83887.4,83939.8,83877.6,83920.3,3860.0,84356.6484375,84958.140625,84747.3046875,601.4921875,210.8359375,390.65625
604,83924.6,83989.8,83863.2,83921.5,6033.0,84373.375,84947.4609375,84739.0859375,574.0859375,208.375,365.7109375
605,83922.5,83976.3,83825.6,83833.7,6568.0,84389.3515625,84936.78125,84730.078125,547.4296875,206.703125,340.7265625
606,83833.7,83873.5,83730.9,83853.3,9538.0,84405.671875,84925.765625,84721.3515625,520.09375,204.4140625,315.6796875
607,83863.5,83867.6,83690.1,83711.3,9399.0,84421.5703125,84913.765625,84711.3046875,492.1953125,202.4609375,289.734375
608,83705.2,83764.7,83688.8,83724.5,6364.0,84437.9453125,84902.0390625,84701.484375,464.09375,200.5546875,263.5390625
609,83722.3,83730.0,83650.2,83656.4,5595.0,84455.3203125,84889.984375,84691.0859375,434.6640625,198.8984375,235.765625
610,83652.4,83737.5,83580.0,83737.5,9843.0,84471.359375,84877.90625,84681.59375,406.546875,196.3125,210.234375
611,83749.4,83902.4,83749.4,83829.3,23824.0,84488.21875,84866.359375,84673.109375,378.140625,193.25,184.890625
612,83840.7,83880.9,83738.1,83790.5,7625.0,84505.1484375,84854.6796875,84664.328125,349.53125,190.3515625,159.1796875
613,83782.5,83786.6,83653.4,83706.2,9009.0,84523.1171875,84842.71875,84654.796875,319.6015625,187.921875,131.6796875
614,83693.7,83716.8,83686.1,83706.8,4030.0,84540.5078125,84830.8359375,84645.3671875,290.328125,185.46875,104.859375
615,83703.1,83773.7,83700.3,83723.0,4499.0,84556.5859375,84818.75,84636.1875,262.1640625,182.5625,79.6015625
616,83728.8,83766.6,83605.2,83614.7,5211.0,84576.5703125,84806.2578125,84626.0234375,229.6875,180.234375,49.453125
617,83619.8,83712.5,83605.4,83707.3,5081.0,84595.5390625,84793.796875,84616.8828125,198.2578125,176.9140625,21.34375
618,83707.2,83715.0,83605.6,83625.1,5532.0,84615.3984375,84781.2265625,84607.015625,165.828125,174.2109375,8.3828125
619,83632.5,83681.5,83608.1,83633.7,2527.0,84634.90625,84768.4609375,84597.328125,133.5546875,171.1328125,37.578125
620,83641.5,83675.1,83404.8,83509.7,28966.0,84655.8671875,84754.9453125,84586.5078125,99.078125,168.4375,69.359375
621,83511.7,83610.5,83364.6,83364.7,13554.0,84675.8515625,84741.1796875,84574.3515625,65.328125,166.828125,101.5
622,83363.6,83493.4,83313.0,83425.7,7002.0,84692.7109375,84728.1875,84562.921875,35.4765625,165.265625,129.7890625
623,83425.8,83497.8,83352.9,83358.4,21014.0,84710.0078125,84714.9765625,84550.9375,4.96875,164.0390625,159.0703125
624,83361.2,83398.6,83304.6,83324.3,14907.0,84727.640625,84701.28125,84538.734375,26.359375,162.546875,188.90625
625,83324.3,83355.3,83284.7,83334.3,8920.0,84746.625,84687.8984375,84526.75,58.7265625,161.1484375,219.875
626,83346.7,83346.7,83150.8,83181.1,41793.0,84762.625,84673.796875,84513.359375,88.828125,160.4375,249.265625
627,83174.1,83320.8,83146.9,83226.1,12694.0,84776.0078125,84660.125,84500.5546875,115.8828125,159.5703125,275.453125
628,83218.3,83238.8,83062.5,83062.5,21836.0,84791.21875,84646.1953125,84486.2421875,145.0234375,159.953125,304.9765625
629,83058.7,83203.9,83058.7,83076.1,23222.0,84805.734375,84631.8359375,84472.2109375,173.8984375,159.625,333.5234375
630,83074.2,83231.8,83050.5,83069.4,17291.0,84820.2578125,84617.5,84458.25,202.7578125,159.25,362.0078125
631,83049.5,83095.4,82865.7,83040.7,43387.0,84835.265625,84603.296875,84444.1484375,231.96875,159.1484375,391.1171875
632,83036.6,83045.0,82700.0,82806.5,37530.0,84850.6875,84587.3984375,84427.8515625,263.2890625,159.546875,422.8359375
633,82778.9,82940.5,82747.1,82860.2,18664.0,84863.5859375,84571.8515625,84412.25,291.734375,159.6015625,451.3359375
634,82869.4,82985.0,82860.8,82870.9,23699.0,84878.078125,84556.328125,84396.9140625,321.75,159.4140625,481.1640625
635,82871.0,82984.9,82840.1,82974.5,20211.0,84892.6484375,84541.7578125,84382.7578125,350.890625,159.0,509.890625
636,82974.5,82985.0,82827.6,82841.9,11346.0,84905.5,84526.625,84367.4296875,378.875,159.1953125,538.0703125
637,82838.6,82953.3,82804.1,82953.3,21336.0,84918.375,84512.15625,84353.359375,406.21875,158.796875,565.015625
638,82949.2,82957.2,82736.6,82741.6,11185.0,84931.234375,84497.0,84337.3203125,434.234375,159.6796875,593.9140625
639,82737.0,82789.5,82602.4,82686.1,33922.0,84945.859375,84481.71875,84320.890625,464.140625,160.828125,624.96875
640,82686.0,82729.9,82603.4,82682.8,20981.0,84961.5078125,84466.671875,84304.59375,494.8359375,162.078125,656.9140625
641,82685.0,82700.0,82518.0,82532.8,19045.0,84978.7578125,84450.515625,84286.9609375,528.2421875,163.5546875,691.796875
642,82541.0,82616.6,82480.1,82572.2,18141.0,84993.9765625,84434.28125,84269.8984375,559.6953125,164.3828125,724.078125
643,82576.3,82596.8,82478.2,82495.0,14079.0,85009.3203125,84417.9375,84252.234375,591.3828125,165.703125,757.0859375
644,82495.1,82675.0,82495.1,82648.4,27026.0,85025.5859375,84402.515625,84236.2734375,623.0703125,166.2421875,789.3125
645,82648.4,82684.7,82571.7,82624.2,46050.0,85043.3203125,84387.1875,84220.234375,656.1328125,166.953125,823.0859375
646,82630.4,82670.6,82578.5,82657.8,14204.0,85061.25,84371.546875,84204.6875,689.703125,166.859375,856.5625
647,82653.8,82725.3,82600.2,82725.3,12563.0,85080.90625,84356.6875,84189.96875,724.21875,166.71875,890.9375
648,82725.3,82757.9,82582.5,82603.3,8666.0,85103.0859375,84341.40625,84174.1796875,761.6796875,167.2265625,928.90625
649,82606.3,82607.3,82472.6,82538.4,9220.0,85127.90625,84326.0078125,84157.90625,801.8984375,168.1015625,970.0
650,82546.8,82599.2,82477.9,82514.0,6482.0,85149.609375,84310.578125,84141.546875,839.03125,169.03125,1008.0625
651,82509.9,82590.9,82500.1,82500.1,18087.0,85166.71875,84294.796875,84125.2109375,871.921875,169.5859375,1041.5078125
652,82500.0,82500.1,82280.0,82280.0,18549.0,85183.578125,84278.171875,84106.8515625,905.40625,171.3203125,1076.7265625
653,82275.9,82344.9,82234.6,82257.7,21916.0,85198.171875,84261.0390625,84088.453125,937.1328125,172.5859375,1109.71875
654,82248.8,82285.7,82125.3,82149.0,14685.0,85211.046875,84243.1953125,84069.15625,967.8515625,174.0390625,1141.890625
655,82144.8,82267.9,82116.5,82208.8,12339.0,85224.0078125,84225.5,84050.6484375,998.5078125,174.8515625,1173.359375
656,82210.8,82518.0,82210.8,82497.1,30776.0,85236.0390625,84209.3515625,84035.1875,1026.6875,174.1640625,1200.8515625
657,82497.4,82506.8,82390.0,82453.9,12146.0,85247.75,84193.1875,84019.453125,1054.5625,173.734375,1228.296875
658,82453.8,82478.6,82349.3,82387.6,7323.0,85259.25,84177.046875,84003.21875,1082.203125,173.828125,1256.03125
659,82385.9,82385.9,82201.4,82217.5,10488.0,85268.8359375,84159.8046875,83985.453125,1109.03125,174.3515625,1283.3828125
660,82216.4,82231.7,82112.2,82176.2,12266.0,85279.578125,84142.6015625,83967.453125,1136.9765625,175.1484375,1312.125
661,82178.3,82200.4,82111.0,82161.7,16371.0,85290.625,84125.265625,83949.484375,1165.359375,175.78125,1341.140625
662,82168.0,82261.1,82020.7,82078.6,15816.0,85303.15625,84107.3984375,83930.8671875,1195.7578125,176.53125,1372.2890625
663,82078.5,82089.4,81712.9,81949.0,58374.0,85312.0390625,84088.8359375,83911.1484375,1223.203125,177.6875,1400.890625
664,81948.9,81974.5,81786.1,81935.6,25616.0,85319.8671875,84070.15625,83891.4921875,1249.7109375,178.6640625,1428.375
665,81943.5,82391.7,81927.3,82061.4,45415.0,85326.078125,84052.40625,83873.28125,1273.671875,179.125,1452.796875
666,82053.6,82085.5,81905.2,82062.6,16898.0,85332.4765625,84034.609375,83855.265625,1297.8671875,179.34375,1477.2109375
667,82058.6,82058.6,81802.1,81872.6,21012.0,85339.15625,84015.5859375,83835.5390625,1323.5703125,180.046875,1503.6171875
668,81871.0,82140.3,81859.4,82019.9,32565.0,85347.265625,83997.15625,83817.4765625,1350.109375,179.6796875,1529.7890625
669,82012.6,82139.7,82004.9,82080.5,55937.0,85354.96875,83979.2265625,83800.1953125,1375.7421875,179.03125,1554.7734375
670,82080.3,82443.9,82070.5,82414.7,20236.0,85362.8359375,83962.890625,83786.40625,1399.9453125,176.484375,1576.4296875
671,82408.7,82428.3,82331.5,82382.7,17538.0,85372.1171875,83946.328125,83772.4375,1425.7890625,173.890625,1599.6796875
672,82382.7,82499.9,82309.5,82316.1,21160.0,85380.4453125,83929.765625,83757.9453125,1450.6796875,171.8203125,1622.5
673,82309.4,82329.3,82107.0,82168.8,13391.0,85389.609375,83912.8046875,83742.1328125,1476.8046875,170.671875,1647.4765625
674,82168.3,82242.3,82082.7,82124.0,23107.0,85395.671875,83895.3359375,83726.03125,1500.3359375,169.3046875,1669.640625
675,82116.1,82140.8,81937.9,81944.2,15948.0,85397.7265625,83876.8203125,83708.3046875,1520.90625,168.515625,1689.421875
676,81936.1,82077.4,81640.3,82072.8,26241.0,85398.5,83859.265625,83692.03125,1539.234375,167.234375,1706.46875
677,82080.7,82224.5,81960.7,81975.2,13752.0,85401.6796875,83841.28125,83674.9453125,1560.3984375,166.3359375,1726.734375
678,81956.1,82014.3,81770.3,81877.2,9149.0,85391.4609375,83822.53125,83657.0546875,1568.9296875,165.4765625,1734.40625
679,81878.3,82077.9,81873.7,82077.8,19767.0,85384.109375,83805.03125,83641.34375,1579.078125,163.6875,1742.765625
680,82077.9,82077.9,81864.9,81965.1,12777.0,85382.0,83786.6953125,83624.6640625,1595.3046875,162.03125,1757.3359375
681,81963.2,82231.1,81947.7,82190.6,22895.0,85378.03125,83769.625,83610.3984375,1608.40625,159.2265625,1767.6328125
682,82190.5,82197.1,81951.4,81964.9,11012.0,85376.078125,83751.5,83594.0234375,1624.578125,157.4765625,1782.0546875
683,81965.9,82024.8,81934.3,81992.6,15824.0,85374.890625,83733.3125,83578.0859375,1641.578125,155.2265625,1796.8046875
684,81992.6,82196.1,81983.0,82196.1,21470.0,85373.2265625,83715.9609375,83564.3359375,1657.265625,151.625,1808.890625
685,82196.1,82351.9,82149.2,82305.4,16139.0,85375.1015625,83699.3359375,83551.8125,1675.765625,147.5234375,1823.2890625
686,82307.4,82485.7,82241.3,82291.4,17690.0,85378.671875,83682.90625,83539.2734375,1695.765625,143.6328125,1839.3984375
687,82304.4,82304.4,82120.1,82120.1,16968.0,85384.40625,83665.921875,83525.1484375,1718.484375,140.7734375,1859.2578125
688,82124.2,82124.2,81959.6,82019.2,13734.0,85391.1875,83648.7109375,83510.1640625,1742.4765625,138.546875,1881.0234375
689,82019.4,82082.3,82007.4,82069.3,5797.0,85395.625,83631.421875,83495.828125,1764.203125,135.59375,1899.796875
690,82069.3,82289.5,82061.1,82246.1,20921.0,85402.4453125,83615.1484375,83483.390625,1787.296875,131.7578125,1919.0546875
691,82246.0,82377.9,82227.1,82305.4,10687.0,85407.2890625,83599.1953125,83471.671875,1808.09375,127.5234375,1935.6171875
692,82314.6,82468.4,82299.2,82442.9,8486.0,85411.625,83583.8359375,83461.4375,1827.7890625,122.3984375,1950.1875
693,82444.2,82614.8,82395.6,82568.9,11545.0,85415.4375,83569.125,83452.5546875,1846.3125,116.5703125,1962.8828125
694,82550.4,82712.4,82443.3,82443.3,24783.0,85419.015625,83553.78125,83442.515625,1865.234375,111.265625,1976.5
695,82446.9,82554.9,82389.0,82530.9,15584.0,85423.0,83538.90625,83433.4453125,1884.09375,105.4609375,1989.5546875
696,82532.6,82616.4,82462.8,82558.3,6799.0,85427.2265625,83524.40625,83424.734375,1902.8203125,99.671875,2002.4921875
697,82555.0,82710.4,82548.8,82690.3,13435.0,85429.125,83510.78125,83417.4296875,1918.34375,93.3515625,2011.6953125
698,82690.3,82866.1,82576.7,82834.2,28655.0,85431.15625,83497.640625,83411.625,1933.515625,86.015625,2019.53125
699,82840.6,82841.4,82689.9,82740.7,9596.0,85430.21875,83484.265625,83404.9453125,1945.953125,79.3203125,2025.2734375
700,82740.8,82922.9,82718.3,82846.4,6538.0,85429.3359375,83472.6875,83399.390625,1956.6484375,73.296875,2029.9453125
701,82846.5,82858.5,82597.3,82629.6,19970.0,85425.609375,83459.9609375,83391.734375,1965.6484375,68.2265625,2033.875
702,82648.3,82648.3,82571.7,82593.2,6082.0,85416.6484375,83446.8359375,83383.7890625,1969.8125,63.046875,2032.859375
703,82594.4,82612.8,82527.2,82583.8,25629.0,85406.1171875,83433.3203125,83375.828125,1972.796875,57.4921875,2030.2890625
704,82583.8,82583.8,82496.2,82543.8,7138.0,85393.8359375,83419.484375,83367.546875,1974.3515625,51.9375,2026.2890625
705,82552.0,82581.1,82539.7,82574.0,4128.0,85379.6796875,83405.6875,83359.6484375,1973.9921875,46.0390625,2020.03125
706,82574.9,82609.7,82444.9,82465.3,7259.0,85364.640625,83391.65625,83350.75,1972.984375,40.90625,2013.890625
707,82459.9,82529.5,82450.4,82529.5,10327.0,85349.359375,83377.7421875,83342.578125,1971.6171875,35.1640625,2006.78125
708,82533.6,82570.5,82487.9,82533.6,5208.0,85331.234375,83363.9609375,83334.53125,1967.2734375,29.4296875,1996.703125
709,82533.6,82570.5,82450.1,82456.7,6170.0,85314.6953125,83350.265625,83325.796875,1964.4296875,24.46875,1988.8984375
710,82456.2,82456.2,82364.6,82452.6,18068.0,85298.1171875,83336.3984375,83317.109375,1961.71875,19.2890625,1981.0078125
711,82452.6,82561.7,82420.9,82557.5,6585.0,85280.53125,83323.359375,83309.5546875,1957.171875,13.8046875,1970.9765625
712,82541.0,82732.5,82508.9,82717.9,24146.0,85263.8671875,83312.8359375,83303.6640625,1951.03125,9.171875,1960.203125
713,82721.6,82750.0,82660.9,82749.9,7956.0,85247.2265625,83310.6953125,83298.15625,1936.53125,12.5390625,1949.0703125
714,82749.9,82766.4,82699.7,82710.1,5273.0,85233.9453125,83307.3828125,83292.3046875,1926.5625,15.078125,1941.640625
715,82710.1,82807.6,82637.8,82742.8,9795.0,85221.7578125,83302.2421875,83286.8359375,1919.515625,15.40625,1934.921875
716,82739.3,82766.7,82656.8,82656.8,3375.0,85211.1953125,83298.0703125,83280.5703125,1913.125,17.5,1930.625
717,82656.8,82750.3,82638.5,82728.4,4222.0,85203.578125,83291.9375,83275.078125,1911.640625,16.859375,1928.5
718,82728.4,82778.4,82721.2,82768.0,5202.0,85197.609375,83285.890625,83270.03125,1911.71875,15.859375,1927.578125
719,82762.0,82815.9,82703.3,82710.1,9929.0,85193.71875,83279.15625,83264.4609375,1914.5625,14.6953125,1929.2578125
720,82713.3,82713.3,82619.2,82675.0,8385.0,85189.90625,83271.21875,83258.59375,1918.6875,12.625,1931.3125
721,82681.7,82931.5,82680.7,82931.4,15073.0,85184.21875,83264.0234375,83255.3359375,1920.1953125,8.6875,1928.8828125
722,82931.5,82957.8,82852.1,82881.5,10984.0,85176.71875,83257.171875,83251.6171875,1919.546875,5.5546875,1925.1015625
723,82881.5,82953.2,82841.6,82892.7,11356.0,85168.5,83249.5703125,83248.046875,1918.9296875,1.5234375,1920.453125
724,82896.6,82970.3,82870.1,82941.3,6136.0,85161.1171875,83242.578125,83244.9921875,1918.5390625,2.4140625,1916.125
725,82948.1,82995.0,82891.0,82899.2,6327.0,85150.796875,83236.546875,83241.5546875,1914.25,5.0078125,1909.2421875
726,82907.5,82967.1,82812.0,82829.0,9037.0,85141.25,83230.8203125,83237.453125,1910.4296875,6.6328125,1903.796875
727,82830.1,83053.8,82812.0,83041.4,15284.0,85131.1171875,83226.0078125,83235.5,1905.109375,9.4921875,1895.6171875
728,83053.1,83343.1,83053.1,83295.7,38016.0,85119.765625,83222.7578125,83236.1015625,1897.0078125,13.34375,1883.6640625
729,83295.6,83351.2,83155.6,83228.5,9452.0,85107.9375,83219.28125,83236.0234375,1888.65625,16.7421875,1871.9140625
730,83236.9,83337.0,83236.9,83250.0,7117.0,85095.8515625,83214.15625,83236.1640625,1881.6953125,22.0078125,1859.6875
731,83241.7,83241.7,83053.5,83127.0,41546.0,85083.859375,83209.15625,83235.078125,1874.703125,25.921875,1848.78125
732,83126.1,83126.1,82951.0,82951.0,14525.0,85070.4609375,83202.90625,83232.25,1867.5546875,29.34375,1838.2109375
733,82949.5,83037.2,82932.4,83012.9,5621.0,85055.484375,83197.8359375,83230.0703125,1857.6484375,32.234375,1825.4140625
734,83002.0,83118.3,82996.0,83095.3,6014.0,85041.8046875,83193.8515625,83228.7265625,1847.953125,34.875,1813.078125
735,83082.7,83120.9,83034.1,83045.2,4113.0,85027.03125,83189.4453125,83226.8984375,1837.5859375,37.453125,1800.1328125
736,83051.4,83088.2,83015.6,83035.2,3492.0,85007.890625,83184.15625,83224.9921875,1823.734375,40.8359375,1782.8984375
737,83032.1,83187.9,83032.1,83044.6,6448.0,84989.265625,83179.9296875,83223.1953125,1809.3359375,43.265625,1766.0703125
738,83039.7,83053.0,82948.6,82996.0,4963.0,84975.2890625,83174.90625,83220.9375,1800.3828125,46.03125,1754.3515625
739,82990.0,82990.0,82847.1,82879.6,13056.0,84966.375,83169.15625,83217.5390625,1797.21875,48.3828125,1748.8359375
740,82887.9,83055.4,82887.9,83040.6,11412.0,84957.46875,83164.5859375,83215.78125,1792.8828125,51.1953125,1741.6875
741,83040.5,83168.9,83027.1,83142.4,4509.0,84952.859375,83159.90625,83215.0546875,1792.953125,55.1484375,1737.8046875
742,83142.7,83160.0,82995.9,83012.6,5393.0,84948.5859375,83155.2421875,83213.0390625,1793.34375,57.796875,1735.546875
743,83009.1,83240.3,82995.3,83159.1,11862.0,84944.5703125,83151.8984375,83212.5,1792.671875,60.6015625,1732.0703125
744,83159.0,83159.8,83064.3,83065.2,4129.0,84941.40625,83148.3671875,83211.03125,1793.0390625,62.6640625,1730.375
745,83073.6,83160.1,83064.0,83128.6,4387.0,84940.3359375,83143.1875,83210.2109375,1797.1484375,67.0234375,1730.125
746,83128.5,83128.5,83037.6,83053.0,2391.0,84939.90625,83137.296875,83208.6484375,1802.609375,71.3515625,1731.2578125
747,83053.0,83063.7,82969.0,82987.2,1869.0,84939.359375,83131.0,83206.4453125,1808.359375,75.4453125,1732.9140625
748,82988.2,83043.2,82978.0,82978.0,2917.0,84936.640625,83124.7109375,83204.171875,1811.9296875,79.4609375,1732.46875
749,82974.1,82974.1,82924.4,82924.4,3108.0,84930.578125,83117.9375,83201.390625,1812.640625,83.453125,1729.1875
750,82924.5,82950.7,82903.5,82903.5,3799.0,84924.5,83111.4296875,83198.4296875,1813.0703125,87.0,1726.0703125
751,82904.4,82943.6,82899.0,82926.2,7938.0,84920.578125,83103.9453125,83195.71875,1816.6328125,91.7734375,1724.859375
752,82926.2,83079.2,82926.2,83079.2,36803.0,84918.03125,83096.734375,83194.5625,1821.296875,97.828125,1723.46875
753,83080.0,83114.7,82959.2,82959.2,4886.0,84916.015625,83088.3359375,83192.21875,1827.6796875,103.8828125,1723.796875
754,82959.1,82959.1,82793.4,82799.5,8111.0,84913.6484375,83079.9296875,83188.3125,1833.71875,108.3828125,1725.3359375
755,82796.0,82827.2,82726.5,82772.8,8515.0,84911.171875,83070.4609375,83184.1796875,1840.7109375,113.71875,1726.9921875
756,82767.3,82802.8,82747.5,82768.1,6283.0,84906.2265625,83061.59375,83180.0390625,1844.6328125,118.4453125,1726.1875
757,82768.0,82775.3,82636.8,82680.8,6586.0,84901.28125,83052.1484375,83175.0703125,1849.1328125,122.921875,1726.2109375
758,82680.8,82707.4,82616.9,82638.7,6030.0,84895.2109375,83043.15625,83169.734375,1852.0546875,126.578125,1725.4765625
759,82638.6,82711.8,82618.4,82618.4,6202.0,84887.2890625,83034.5234375,83164.25,1852.765625,129.7265625,1723.0390625
760,82618.4,82695.4,82500.1,82521.2,10768.0,84878.984375,83024.515625,83157.8515625,1854.46875,133.3359375,1721.1328125
761,82501.0,82521.3,82389.9,82470.1,18509.0,84870.0703125,83014.5859375,83151.0078125,1855.484375,136.421875,1719.0625
762,82469.3,82485.9,82382.7,82435.8,12156.0,84863.1171875,83004.328125,83143.890625,1858.7890625,139.5625,1719.2265625
763,82432.1,82530.0,82431.9,82509.6,7552.0,84860.578125,82994.0390625,83137.578125,1866.5390625,143.5390625,1723.0
764,82509.9,82552.0,82480.8,82524.7,7396.0,84857.46875,82984.15625,83131.4765625,1873.3125,147.3203125,1725.9921875
765,82510.0,82528.1,82438.2,82443.3,5419.0,84852.2265625,82974.4765625,83124.6328125,1877.75,150.15625,1727.59375
766,82446.4,82479.7,82381.1,82419.4,2903.0,84851.796875,82965.2578125,83117.6171875,1886.5390625,152.359375,1734.1796875
767,82418.7,82448.0,82284.2,82313.2,6078.0,84850.890625,82955.15625,83109.609375,1895.734375,154.453125,1741.28125
768,82317.0,82381.8,82257.2,82262.7,8322.0,84847.5390625,82945.0546875,83101.1796875,1902.484375,156.125,1746.359375
769,82279.4,82417.8,82229.4,82300.1,9838.0,84844.3671875,82935.4453125,83093.2109375,1908.921875,157.765625,1751.15625
770,82300.1,82375.4,82229.0,82355.8,14190.0,84841.875,82925.9296875,83085.875,1915.9453125,159.9453125,1756.0
771,82355.8,82385.9,82268.4,82284.7,9506.0,84838.6953125,82915.5078125,83077.90625,1923.1875,162.3984375,1760.7890625
772,82268.2,82405.4,82268.2,82358.9,9579.0,84835.2109375,82905.2265625,83070.75,1929.984375,165.5234375,1764.4609375
773,82358.0,82375.9,82200.1,82281.1,6470.0,84830.6015625,82895.46875,83062.890625,1935.1328125,167.421875,1767.7109375
774,82286.5,82316.1,82221.9,82256.0,18679.0,84825.859375,82886.3125,83054.859375,1939.546875,168.546875,1771.0
775,82272.4,82360.0,82272.4,82308.6,4366.0,84819.3359375,82877.4453125,83047.4375,1941.890625,169.9921875,1771.8984375
776,82307.5,82308.5,82208.6,82218.6,9752.0,84794.671875,82868.7109375,83039.1875,1925.9609375,170.4765625,1755.484375
777,82217.7,82360.9,82217.7,82360.9,9148.0,84772.15625,82860.5234375,83032.4375,1911.6328125,171.9140625,1739.71875
778,82341.3,82399.0,82309.4,82309.4,4196.0,84748.359375,82851.9375,83025.2421875,1896.421875,173.3046875,1723.1171875
779,82309.4,82353.7,82286.1,82317.2,4291.0,84724.6796875,82843.53125,83018.1953125,1881.1484375,174.6640625,1706.484375
780,82313.1,82372.3,82294.0,82306.6,4651.0,84701.7890625,82835.703125,83011.1171875,1866.0859375,175.4140625,1690.671875
781,82306.6,82457.7,82278.2,82278.2,9994.0,84679.1015625,82827.46875,83003.828125,1851.6328125,176.359375,1675.2734375
782,82267.6,82387.4,82256.5,82311.2,9736.0,84656.8203125,82820.1171875,82996.9375,1836.703125,176.8203125,1659.8828125
783,82316.4,82401.0,82213.3,82361.6,31401.0,84635.875,82813.046875,82990.6171875,1822.828125,177.5703125,1645.2578125
784,82353.3,82353.3,82087.2,82207.2,17951.0,84615.1796875,82805.0546875,82982.8203125,1810.125,177.765625,1632.359375
785,82211.2,82229.2,82094.1,82094.1,10273.0,84596.109375,82796.8125,82973.9765625,1799.296875,177.1640625,1622.1328125
786,82094.2,82172.1,82050.7,82089.7,19987.0,84578.265625,82788.421875,82965.1796875,1789.84375,176.7578125,1613.0859375
787,82089.6,82200.0,82055.5,82200.0,4604.0,84563.3203125,82779.6015625,82957.5625,1783.71875,177.9609375,1605.7578125
788,82200.7,82200.7,81943.8,81995.4,16179.0,84546.140625,82770.2109375,82947.9921875,1775.9296875,177.78125,1598.1484375
789,82007.8,82099.5,81995.4,82057.6,9907.0,84529.1875,82761.859375,82939.1328125,1767.328125,177.2734375,1590.0546875
790,82057.7,82081.7,81990.1,82015.7,17310.0,84515.390625,82753.671875,82929.9453125,1761.71875,176.2734375,1585.4453125
791,82013.2,82148.5,82008.1,82120.8,29622.0,84501.859375,82745.78125,82921.890625,1756.078125,176.109375,1579.96875
792,82124.4,82141.0,82045.5,82052.5,15856.0,84490.015625,82737.578125,82913.2421875,1752.4375,175.6640625,1576.7734375
793,82052.5,82270.8,82033.9,82270.7,11670.0,84480.078125,82730.0859375,82906.8515625,1749.9921875,176.765625,1573.2265625
794,82270.7,82389.6,82160.5,82310.0,34207.0,84469.90625,82723.1328125,82900.9140625,1746.7734375,177.78125,1568.9921875
795,82309.9,82309.9,82090.1,82120.3,12909.0,84458.578125,82714.8125,82893.1484375,1743.765625,178.3359375,1565.4296875
796,82117.5,82181.5,81982.3,82010.3,9110.0,84447.6484375,82705.78125,82884.3671875,1741.8671875,178.5859375,1563.28125
797,82010.4,82067.1,81956.0,82042.3,8570.0,84436.40625,82696.984375,82875.9921875,1739.421875,179.0078125,1560.4140625
798,82038.6,82061.9,81913.8,81950.5,11482.0,84426.4296875,82688.1640625,82866.78125,1738.265625,178.6171875,1559.6484375
799,81950.4,82032.4,81945.1,81985.9,7187.0,84415.7578125,82679.9140625,82858.015625,1735.84375,178.1015625,1557.7421875
800,81973.8,82004.9,81846.1,81851.1,10167.0,84405.8203125,82670.2734375,82848.0,1735.546875,177.7265625,1557.8203125
801,81851.3,81854.3,81416.3,81444.9,69414.0,84395.25,82658.1484375,82834.0390625,1737.1015625,175.890625,1561.2109375
802,81444.9,81613.8,81340.6,81551.5,39167.0,84383.90625,82646.4609375,82821.28125,1737.4453125,174.8203125,1562.625
803,81548.4,81591.1,80831.4,81134.0,196906.0,84373.2890625,82632.5390625,82804.4921875,1740.75,171.953125,1568.796875
804,81149.3,81160.4,80919.0,81101.0,45283.0,84358.7890625,82618.4296875,82787.5390625,1740.359375,169.109375,1571.25
805,81100.0,81444.4,81079.6,81328.8,30209.0,84341.6484375,82605.8984375,82773.0234375,1735.75,167.125,1568.625
806,81323.7,81323.7,81129.8,81140.6,36412.0,84324.1171875,82592.34375,82756.78125,1731.7734375,164.4375,1567.3359375
807,81132.6,81159.4,80952.0,81011.6,32535.0,84306.03125,82578.8359375,82739.4140625,1727.1953125,160.578125,1566.6171875
808,81011.6,81050.4,80705.1,80725.3,38780.0,84287.1171875,82563.8515625,82719.375,1723.265625,155.5234375,1567.7421875
809,80723.8,80963.9,80627.5,80945.5,42398.0,84270.3359375,82550.2890625,82701.7265625,1720.046875,151.4375,1568.609375
810,80957.6,81666.0,80957.6,81466.2,131612.0,84256.2109375,82538.9453125,82689.4296875,1717.265625,150.484375,1566.78125
811,81468.0,81877.6,81274.6,81711.1,61016.0,84243.28125,82528.3515625,82679.6953125,1714.9296875,151.34375,1563.5859375
812,81711.1,81889.9,81500.2,81605.4,33883.0,84230.578125,82517.421875,82669.0078125,1713.15625,151.5859375,1561.5703125
813,81581.0,81707.1,81442.1,81606.9,30371.0,84219.15625,82506.9296875,82658.4375,1712.2265625,151.5078125,1560.71875
814,81602.9,81807.5,81594.8,81700.5,18544.0,84210.671875,82496.8984375,82648.90625,1713.7734375,152.0078125,1561.765625
815,81704.5,81821.2,81510.1,81821.2,35648.0,84202.578125,82487.390625,82640.671875,1715.1875,153.28125,1561.90625
816,81825.1,82274.0,81710.7,82101.7,46923.0,84192.25,82479.828125,82635.3125,1712.421875,155.484375,1556.9375
817,82087.6,82581.6,82027.5,82511.1,70274.0,84182.1953125,82473.84375,82634.078125,1708.3515625,160.234375,1548.1171875
818,82511.3,82866.1,82486.5,82768.0,63226.0,84173.109375,82469.5546875,82635.4140625,1703.5546875,165.859375,1537.6953125
819,82767.9,82982.8,82628.3,82982.8,31887.0,84163.9375,82466.296875,82638.8671875,1697.640625,172.5703125,1525.0703125
820,82982.7,82982.7,82657.5,82736.3,19758.0,84156.328125,82462.4296875,82639.8359375,1693.8984375,177.40625,1516.4921875
821,82745.5,82971.2,82693.7,82878.7,22928.0,84149.7890625,82460.0,82642.2109375,1689.7890625,182.2109375,1507.578125
822,82904.5,82908.6,82685.7,82750.9,12906.0,84144.515625,82456.625,82643.2890625,1687.890625,186.6640625,1501.2265625
823,82751.0,82887.6,82565.4,82874.2,24953.0,84141.2265625,82454.203125,82645.5859375,1687.0234375,191.3828125,1495.640625
824,82874.1,83033.3,82795.5,83002.3,14212.0,84135.671875,82452.6015625,82649.1328125,1683.0703125,196.53125,1486.5390625
825,83010.6,83427.0,82994.9,83316.3,37958.0,84127.5,82452.515625,82655.7734375,1674.984375,203.2578125,1471.7265625
826,83320.1,83419.2,83150.8,83164.4,16894.0,84119.015625,82452.4296875,82660.8359375,1666.5859375,208.40625,1458.1796875
827,83176.3,83300.0,83106.8,83270.4,9931.0,84112.28125,82452.6484375,82666.8984375,1659.6328125,214.25,1445.3828125
828,83252.6,83322.0,83008.6,83078.5,13767.0,84105.1015625,82452.7265625,82670.9921875,1652.375,218.265625,1434.109375
829,83083.3,83191.8,82976.6,83191.8,11528.0,84097.0,82453.3046875,82676.171875,1643.6953125,222.8671875,1420.828125
830,83199.9,83528.1,83116.8,83499.9,25737.0,84089.1171875,82455.4609375,82684.3671875,1633.65625,228.90625,1404.75
831,83493.1,83499.9,83386.6,83496.4,18219.0,84079.46875,82457.734375,82692.4453125,1621.734375,234.7109375,1387.0234375
832,83496.4,83576.6,83367.6,83389.8,14373.0,84067.8203125,82460.65625,82699.3828125,1607.1640625,238.7265625,1368.4375
833,83386.5,83583.2,83358.5,83565.7,5882.0,84056.1484375,82464.171875,82708.0,1591.9765625,243.828125,1348.1484375
834,83564.7,83589.1,83495.9,83564.2,9029.0,84043.765625,82467.640625,82716.515625,1576.125,248.875,1327.25
835,83564.2,83567.0,83333.5,83333.5,10150.0,84033.3671875,82469.4296875,82722.65625,1563.9375,253.2265625,1310.7109375
836,83333.4,83355.8,83152.8,83179.1,17827.0,84024.3203125,82471.109375,82727.1953125,1553.2109375,256.0859375,1297.125
837,83179.1,83306.3,83050.0,83302.2,11455.0,84018.4375,82472.859375,82732.9140625,1545.578125,260.0546875,1285.5234375
838,83311.7,83311.7,83137.3,83240.7,8036.0,84011.9296875,82475.359375,82737.96875,1536.5703125,262.609375,1273.9609375
839,83228.0,83278.0,83165.3,83272.9,7659.0,84006.28125,82478.296875,82743.2890625,1527.984375,264.9921875,1262.9921875
840,83268.7,83413.3,83182.0,83400.6,9926.0,84000.3046875,82481.8828125,82749.828125,1518.421875,267.9453125,1250.4765625
841,83409.0,83420.5,83156.7,83156.7,9847.0,83993.65625,82485.0,82753.875,1508.65625,268.875,1239.78125
842,83156.6,83458.2,83136.0,83378.3,9308.0,83989.1953125,82489.03125,82760.0859375,1500.1640625,271.0546875,1229.109375
843,83365.8,83487.3,83233.6,83282.3,8245.0,83984.046875,82492.9609375,82765.28125,1491.0859375,272.3203125,1218.765625
844,83286.5,83299.6,83106.7,83237.1,12591.0,83979.75,82495.9140625,82769.9765625,1483.8359375,274.0625,1209.7734375
845,83228.8,83428.0,83208.2,83400.3,11736.0,83975.625,82499.796875,82776.25,1475.828125,276.453125,1199.375
846,83400.4,83614.9,83355.6,83556.5,9782.0,83971.3046875,82504.296875,82784.015625,1467.0078125,279.71875,1187.2890625
847,83553.5,83566.5,83431.5,83466.6,5087.0,83966.921875,82508.0,82790.8046875,1458.921875,282.8046875,1176.1171875
848,83455.0,83696.9,83436.8,83671.7,14552.0,83963.390625,82513.3515625,82799.5703125,1450.0390625,286.21875,1163.8203125
849,83660.6,83887.3,83660.6,83796.7,25035.0,83959.4765625,82519.640625,82809.4921875,1439.8359375,289.8515625,1149.984375
850,83810.9,83866.3,83527.8,83527.8,8582.0,83955.921875,82524.7109375,82816.640625,1431.2109375,291.9296875,1139.28125
851,83508.9,83671.5,83500.1,83644.1,7905.0,83950.1796875,82530.421875,82824.875,1419.7578125,294.453125,1125.3046875
852,83644.0,83704.1,83595.4,83648.1,8093.0,83945.421875,82537.265625,82833.0625,1408.15625,295.796875,1112.359375
853,83648.2,83792.6,83612.6,83745.6,7432.0,83940.4765625,82544.703125,82842.140625,1395.7734375,297.4375,1098.3359375
854,83753.4,83836.6,83745.2,83810.6,14244.0,83935.03125,82553.015625,82851.7734375,1382.015625,298.7578125,1083.2578125
855,83810.6,83911.9,83801.6,83908.4,9001.0,83931.0,82561.515625,82862.2890625,1369.484375,300.7734375,1068.7109375
856,83909.4,83988.6,83880.9,83988.6,11285.0,83925.375,82568.96875,82873.5,1356.40625,304.53125,1051.875
857,83988.5,84346.8,83980.2,84217.3,20381.0,83919.390625,82577.7890625,82886.875,1341.6015625,309.0859375,1032.515625
858,84217.2,84217.2,84061.1,84092.6,8302.0,83911.0,82586.3046875,82898.875,1324.6953125,312.5703125,1012.125
859,84079.8,84182.5,83988.6,84143.9,7843.0,83902.3203125,82595.953125,82911.265625,1306.3671875,315.3125,991.0546875
860,84153.3,84185.7,83947.6,84021.0,8177.0,83894.984375,82605.171875,82922.3046875,1289.8125,317.1328125,972.6796875
861,84016.8,84163.7,83968.7,84027.8,12205.0,83888.1796875,82614.5,82933.3046875,1273.6796875,318.8046875,954.875
862,84021.4,84043.1,83807.6,83847.9,9911.0,83879.890625,82623.3515625,82942.40625,1256.5390625,319.0546875,937.484375
863,83843.7,83856.9,83719.5,83753.7,9225.0,83872.640625,82632.359375,82950.4765625,1240.28125,318.1171875,922.1640625
864,83753.7,83776.9,83628.0,83628.0,8345.0,83883.484375,82640.8359375,82957.21875,1242.6484375,316.3828125,926.265625
865,83627.2,83704.8,83567.2,83666.8,14747.0,83893.5546875,82648.859375,82964.28125,1244.6953125,315.421875,929.2734375
866,83673.5,83715.7,83608.1,83699.0,5977.0,83903.6171875,82657.046875,82971.59375,1246.5703125,314.546875,932.0234375
867,83695.6,83719.0,83549.8,83549.8,3452.0,83913.4765625,82665.421875,82977.34375,1248.0546875,311.921875,936.1328125
868,83555.8,83589.6,83380.5,83405.1,40093.0,83922.3046875,82672.3515625,82981.6015625,1249.953125,309.25,940.703125
869,83408.1,83495.8,83404.0,83440.7,9717.0,83930.0,82679.1484375,82986.171875,1250.8515625,307.0234375,943.828125
870,83428.2,83583.5,83428.2,83571.6,7534.0,83938.6484375,82684.9296875,82992.0,1253.71875,307.0703125,946.6484375
871,83571.5,83598.2,83471.9,83564.6,6870.0,83945.28125,82690.8359375,82997.6953125,1254.4453125,306.859375,947.5859375
872,83564.5,83603.3,83409.2,83445.4,6639.0,83953.046875,82696.484375,83002.1484375,1256.5625,305.6640625,950.8984375
873,83436.3,83466.5,83282.1,83453.4,7506.0,83960.4609375,82702.9140625,83006.640625,1257.546875,303.7265625,953.8203125
874,83452.5,83527.9,83427.1,83512.6,5215.0,83966.4765625,82709.8515625,83011.671875,1256.625,301.8203125,954.8046875
875,83516.7,83790.7,83504.2,83747.7,11180.0,83972.28125,82718.875,83018.9921875,1253.40625,300.1171875,953.2890625
876,83757.6,83895.3,83741.6,83858.9,10276.0,83980.75,82727.8046875,83027.3515625,1252.9453125,299.546875,953.3984375
877,83860.0,83932.9,83826.0,83932.9,6560.0,83989.546875,82737.59375,83036.359375,1251.953125,298.765625,953.1875
878,83940.1,83984.9,83859.6,83950.7,11958.0,84009.390625,82747.96875,83045.4609375,1261.421875,297.4921875,963.9296875
879,83937.7,83937.7,83837.1,83860.8,7627.0,84027.875,82756.875,83053.5703125,1271.0,296.6953125,974.3046875
880,83860.7,83988.5,83829.5,83944.8,3462.0,84042.7265625,82766.78125,83062.4375,1275.9453125,295.65625,980.2890625
881,83937.9,84109.1,83936.9,84099.5,15827.0,84060.28125,82776.3203125,83072.7578125,1283.9609375,296.4375,987.5234375
882,84097.6,84195.8,84085.7,84107.1,6837.0,84076.265625,82787.03125,83083.046875,1289.234375,296.015625,993.21875
883,84141.4,84194.8,84112.1,84128.8,5869.0,84094.5078125,82797.71875,83093.453125,1296.7890625,295.734375,1001.0546875
884,84128.8,84152.8,84085.4,84138.0,5619.0,84112.1015625,82807.421875,83103.84375,1304.6796875,296.421875,1008.2578125
885,84144.3,84282.8,84077.0,84253.4,11736.0,84127.859375,82817.1640625,83115.28125,1310.6953125,298.1171875,1012.578125
886,84253.5,84346.9,84108.1,84123.6,12369.0,84141.984375,82826.328125,83125.3125,1315.65625,298.984375,1016.671875
887,84123.6,84243.2,84105.0,84183.7,6456.0,84155.9765625,82836.6484375,83135.84375,1319.328125,299.1953125,1020.1328125
888,84183.7,84407.1,84175.8,84356.4,12382.0,84170.0859375,82848.3359375,83147.9921875,1321.75,299.65625,1022.09375
889,84350.7,84350.7,84034.2,84086.3,10004.0,84185.46875,82858.421875,83157.328125,1327.046875,298.90625,1028.140625
890,84076.6,84152.9,84047.1,84143.1,8864.0,84200.234375,82867.90625,83167.140625,1332.328125,299.234375,1033.09375
891,84143.0,84386.4,84143.0,84366.4,7931.0,84215.8359375,82878.2109375,83179.0703125,1337.625,300.859375,1036.765625
892,84370.6,84424.5,84153.4,84209.8,9858.0,84233.6015625,82887.046875,83189.328125,1346.5546875,302.28125,1044.2734375
893,84209.5,84308.4,84150.1,84244.1,10672.0,84250.4609375,82895.4296875,83199.8203125,1355.03125,304.390625,1050.640625
894,84231.7,84277.4,84197.8,84265.0,4751.0,84267.609375,82904.5390625,83210.421875,1363.0703125,305.8828125,1057.1875
895,84269.4,84294.7,84186.8,84188.0,4961.0,84284.578125,82912.8203125,83220.1484375,1371.7578125,307.328125,1064.4296875
896,84197.3,84214.2,84110.1,84163.8,8754.0,84301.3984375,82920.8515625,83229.5390625,1380.546875,308.6875,1071.859375
897,84167.6,84237.4,84125.5,84197.2,7185.0,84319.171875,82928.3828125,83239.1640625,1390.7890625,310.78125,1080.0078125
898,84199.2,84214.4,84134.1,84178.5,4214.0,84335.9296875,82935.1015625,83248.5078125,1400.828125,313.40625,1087.421875
899,84182.8,84243.3,84110.0,84110.1,9177.0,84353.421875,82941.9453125,83257.078125,1411.4765625,315.1328125,1096.34375
900,84110.0,84145.0,84000.9,84019.7,11135.0,84371.5078125,82947.828125,83264.6640625,1423.6796875,316.8359375,1106.84375
901,84028.0,84028.1,83827.1,83878.1,31049.0,84390.4296875,82954.0546875,83270.765625,1436.375,316.7109375,1119.6640625
902,83878.0,84009.6,83856.5,83953.2,4463.0,84408.9453125,82960.859375,83277.5546875,1448.0859375,316.6953125,1131.390625
903,83953.2,83980.8,83895.1,83918.3,6474.0,84426.1796875,82967.53125,83283.9296875,1458.6484375,316.3984375,1142.25
904,83914.2,83935.5,83852.8,83852.8,6679.0,84447.515625,82974.0859375,83289.59375,1473.4296875,315.5078125,1157.921875
905,83841.9,83860.5,83741.6,83755.0,7145.0,84467.5,82979.984375,83294.2265625,1487.515625,314.2421875,1173.2734375
906,83759.2,83974.9,83745.7,83964.7,7273.0,84488.5,82987.4765625,83300.8984375,1501.0234375,313.421875,1187.6015625
907,83964.7,84032.4,83898.7,83969.7,9174.0,84509.078125,82994.6875,83307.5546875,1514.390625,312.8671875,1201.5234375
908,83969.7,84129.4,83968.1,84078.1,7156.0,84532.1796875,83002.40625,83315.21875,1529.7734375,312.8125,1216.9609375
909,84073.9,84201.0,84073.0,84196.5,8198.0,84553.9375,83011.1015625,83323.984375,1542.8359375,312.8828125,1229.953125
910,84201.7,84201.7,84025.3,84045.2,8063.0,84572.234375,83019.0703125,83331.1640625,1553.1640625,312.09375,1241.0703125
911,84037.6,84037.8,83930.5,83979.7,5928.0,84590.8984375,83026.1796875,83337.6171875,1564.71875,311.4375,1253.28125
912,83977.9,83988.5,83936.0,83982.1,8969.0,84609.109375,83032.484375,83344.03125,1576.625,311.546875,1265.078125
913,83979.3,83979.3,83847.1,83847.1,3779.0,84629.375,83037.9765625,83349.0390625,1591.3984375,311.0625,1280.3359375
914,83847.2,83916.9,83827.6,83827.6,7451.0,84646.53125,83043.5703125,83353.8046875,1602.9609375,310.234375,1292.7265625
915,83826.8,83826.8,83671.6,83685.5,10288.0,84661.78125,83048.2734375,83357.1015625,1613.5078125,308.828125,1304.6796875
916,83677.2,83750.0,83586.7,83735.2,11544.0,84677.4296875,83053.671875,83360.8671875,1623.7578125,307.1953125,1316.5625
917,83728.8,83728.8,83536.6,83616.9,42094.0,84693.046875,83058.1171875,83363.4140625,1634.9296875,305.296875,1329.6328125
918,83619.0,83698.3,83610.0,83610.6,4024.0,84708.03125,83062.328125,83365.875,1645.703125,303.546875,1342.15625
919,83608.5,83630.5,83587.0,83611.6,4610.0,84723.7578125,83066.8359375,83368.3203125,1656.921875,301.484375,1355.4375
920,83615.8,83753.0,83608.5,83696.0,8401.0,84739.8984375,83071.9453125,83371.578125,1667.953125,299.6328125,1368.3203125
921,83696.0,83808.4,83672.4,83771.7,8045.0,84754.390625,83076.140625,83375.5625,1678.25,299.421875,1378.828125
922,83771.9,83797.2,83687.7,83743.3,7048.0,84769.5390625,83080.453125,83379.21875,1689.0859375,298.765625,1390.3203125
923,83749.0,83833.7,83689.7,83817.0,7983.0,84784.6484375,83085.078125,83383.578125,1699.5703125,298.5,1401.0703125
924,83825.4,83826.3,83705.9,83740.7,7670.0,84798.8046875,83089.0703125,83387.1328125,1709.734375,298.0625,1411.671875
925,83740.1,83775.0,83627.8,83677.6,7738.0,84812.03125,83092.9609375,83390.0234375,1719.0703125,297.0625,1422.0078125
926,83666.0,83684.1,83608.1,83608.1,5996.0,84826.0,83096.8515625,83392.1953125,1729.1484375,295.34375,1433.8046875
927,83608.2,83629.2,83549.2,83576.1,6533.0,84841.2109375,83099.53125,83394.0234375,1741.6796875,294.4921875,1447.1875
928,83583.8,83622.3,83548.1,83548.2,7330.0,84857.390625,83100.7890625,83395.5546875,1756.6015625,294.765625,1461.8359375
929,83555.1,83706.1,83555.1,83672.0,10687.0,84875.5546875,83103.0078125,83398.3046875,1772.546875,295.296875,1477.25
930,83678.4,84299.9,83579.7,84099.8,48233.0,84891.984375,83107.2578125,83405.28125,1784.7265625,298.0234375,1486.703125
931,84092.4,84256.8,83848.1,83896.1,20421.0,84907.796875,83111.1015625,83410.1640625,1796.6953125,299.0625,1497.6328125
932,83897.1,84299.9,83792.0,84270.3,17872.0,84926.296875,83117.6953125,83418.71875,1808.6015625,301.0234375,1507.578125
933,84261.5,84293.4,83986.8,84269.2,10392.0,84945.5,83123.984375,83427.1796875,1821.515625,303.1953125,1518.3203125
934,84269.3,84820.2,84269.3,84762.7,44408.0,84965.125,83132.3203125,83440.46875,1832.8046875,308.1484375,1524.65625
935,84762.7,84900.0,84485.0,84890.9,32741.0,84985.6875,83141.5546875,83454.8984375,1844.1328125,313.34375,1530.7890625
936,84890.9,85001.8,84816.5,84976.8,62131.0,85011.8359375,83151.2578125,83470.0390625,1860.578125,318.78125,1541.796875
937,84972.3,85140.8,84857.4,84864.4,30059.0,85038.390625,83160.3515625,83483.9140625,1878.0390625,323.5625,1554.4765625
938,84860.9,84992.7,84711.4,84800.2,12249.0,85061.78125,83169.375,83497.0078125,1892.40625,327.6328125,1564.7734375
939,84797.1,85040.4,84796.9,84863.8,11989.0,85080.796875,83179.3046875,83510.609375,1901.4921875,331.3046875,1570.1875
940,84855.5,85041.6,84700.0,85007.8,10696.0,85099.3984375,83189.140625,83525.5078125,1910.2578125,336.3671875,1573.890625
941,85007.8,85267.7,85007.8,85169.7,18893.0,85115.640625,83199.28125,83541.8671875,1916.359375,342.5859375,1573.7734375
942,85171.3,85279.8,84913.6,85028.8,11743.0,85130.046875,83209.3515625,83556.6640625,1920.6953125,347.3125,1573.3828125
943,85028.8,85028.8,84774.4,84815.3,17450.0,85143.875,83217.625,83569.1875,1926.25,351.5625,1574.6875
944,84815.3,84968.6,84772.1,84907.1,9999.0,85158.140625,83226.8359375,83582.5,1931.3046875,355.6640625,1575.640625
945,84917.0,84984.1,84649.0,84660.5,12520.0,85171.3203125,83234.5,83593.2265625,1936.8203125,358.7265625,1578.09375
946,84656.3,84699.8,84407.8,84436.5,15972.0,85183.734375,83241.4140625,83601.6171875,1942.3203125,360.203125,1582.1171875
947,84434.9,84539.6,84235.7,84261.3,11651.0,85194.109375,83247.7890625,83608.1796875,1946.3203125,360.390625,1585.9296875
948,84265.7,84645.9,84251.6,84645.8,25414.0,85205.53125,83256.125,83618.5078125,1949.40625,362.3828125,1587.0234375
949,84640.6,84671.3,84374.2,84546.2,8208.0,85217.8671875,83264.234375,83627.7421875,1953.6328125,363.5078125,1590.125
950,84534.6,84682.1,84494.5,84649.9,18914.0,85231.328125,83272.9765625,83637.9140625,1958.3515625,364.9375,1593.4140625
951,84650.6,84986.8,84570.9,84893.5,17548.0,85240.8984375,83282.8046875,83650.40625,1958.09375,367.6015625,1590.4921875
952,84893.4,85162.0,84781.0,85125.8,20141.0,85249.171875,83293.046875,83665.0859375,1956.125,372.0390625,1584.0859375
953,85141.6,85217.2,85078.1,85179.5,8645.0,85256.5703125,83304.1484375,83680.15625,1952.421875,376.0078125,1576.4140625
954,85179.5,85427.9,85162.8,85400.7,20955.0,85264.2265625,83317.15625,83697.2734375,1947.0703125,380.1171875,1566.953125
955,85403.5,85488.7,85308.4,85417.0,8141.0,85271.640625,83330.375,83714.3828125,1941.265625,384.0078125,1557.2578125
956,85417.0,85417.0,85030.7,85069.6,20538.0,85280.4609375,83341.8828125,83727.8671875,1938.578125,385.984375,1552.59375
957,85055.6,85190.8,85055.6,85060.6,6663.0,85289.15625,83353.78125,83741.125,1935.375,387.34375,1548.03125
958,85060.1,85154.7,85000.1,85122.8,11759.0,85297.7109375,83366.1953125,83754.875,1931.515625,388.6796875,1542.8359375
959,85122.8,85122.8,84836.1,84836.2,16029.0,85307.78125,83377.28125,83765.6328125,1930.5,388.3515625,1542.1484375
960,84836.2,85103.4,84806.1,84820.4,13616.0,85317.4765625,83388.78125,83776.125,1928.6953125,387.34375,1541.3515625
961,84812.1,84833.6,84582.3,84582.3,12104.0,85327.046875,83399.3359375,83784.1484375,1927.7109375,384.8125,1542.8984375
962,84578.1,84628.0,84460.8,84469.8,16158.0,85334.6796875,83409.515625,83790.96875,1925.1640625,381.453125,1543.7109375
963,84470.8,84551.8,84329.4,84551.7,10543.0,85338.421875,83419.7265625,83798.5390625,1918.6953125,378.8125,1539.8828125
964,84556.0,84601.9,84415.7,84555.3,7480.0,85340.984375,83429.875,83806.0703125,1911.109375,376.1953125,1534.9140625
965,84539.0,84713.2,84494.4,84632.7,20191.0,85346.171875,83440.8203125,83814.296875,1905.3515625,373.4765625,1531.875
966,84632.6,84788.1,84526.3,84670.7,11339.0,85336.65625,83452.0859375,83822.8203125,1884.5703125,370.734375,1513.8359375
967,84670.0,84670.5,84503.8,84520.0,8458.0,85331.5546875,83463.1171875,83829.7578125,1868.4375,366.640625,1501.796875
968,84520.1,84558.2,84307.6,84440.3,13741.0,85331.984375,83474.0,83835.8359375,1857.984375,361.8359375,1496.1484375
969,84440.3,84502.6,84340.4,84454.2,4812.0,85330.1875,83484.7734375,83841.9921875,1845.4140625,357.21875,1488.1953125
970,84454.1,84461.6,84317.9,84424.8,8405.0,85330.078125,83495.125,83847.7890625,1834.953125,352.6640625,1482.2890625
971,84424.8,84466.4,84317.9,84428.5,5970.0,85330.359375,83505.8359375,83853.5703125,1824.5234375,347.734375,1476.7890625
972,84428.5,84469.6,84304.4,84328.8,6193.0,85330.0390625,83515.6953125,83858.296875,1814.34375,342.6015625,1471.7421875
973,84324.6,84341.3,84047.4,84155.2,19509.0,85332.984375,83525.0546875,83861.25,1807.9296875,336.1953125,1471.734375
974,84155.2,84252.7,84064.1,84174.1,6456.0,85338.53125,83534.6484375,83864.359375,1803.8828125,329.7109375,1474.171875
975,84174.1,84294.7,84169.0,84187.5,9896.0,85345.109375,83544.046875,83867.578125,1801.0625,323.53125,1477.53125
976,84186.0,84243.8,84129.5,84130.9,5068.0,85353.71875,83553.609375,83870.1953125,1800.109375,316.5859375,1483.5234375
977,84124.0,84124.0,83836.9,83943.2,13960.0,85359.7890625,83561.515625,83870.921875,1798.2734375,309.40625,1488.8671875
978,83943.3,84075.7,83943.3,84063.2,18572.0,85367.359375,83570.2890625,83872.8359375,1797.0703125,302.546875,1494.5234375
979,84067.1,84202.8,84029.6,84184.1,18730.0,85373.5703125,83579.625,83875.9296875,1793.9453125,296.3046875,1497.640625
980,84184.6,84201.2,83800.1,83860.5,9955.0,85378.921875,83587.390625,83875.7734375,1791.53125,288.3828125,1503.1484375
981,83860.4,83911.7,83750.0,83803.1,9483.0,85384.9609375,83595.015625,83875.046875,1789.9453125,280.03125,1509.9140625
982,83803.4,84003.3,83686.4,83926.7,14106.0,85390.21875,83603.09375,83875.5625,1787.125,272.46875,1514.65625
983,83936.7,84116.6,83895.2,84063.1,5934.0,85395.8984375,83611.59375,83877.4296875,1784.3046875,265.8359375,1518.46875
984,84063.0,84068.0,83884.0,84056.9,11360.0,85401.2265625,83620.8515625,83879.21875,1780.375,258.3671875,1522.0078125
985,84058.9,84344.3,84000.1,84130.2,22610.0,85404.484375,83631.03125,83881.71875,1773.453125,250.6875,1522.765625
986,84143.8,84143.8,83805.5,83890.7,6890.0,85407.578125,83640.03125,83881.8046875,1767.546875,241.7734375,1525.7734375
987,83898.4,83898.4,83725.7,83767.8,7933.0,85407.8359375,83647.8671875,83880.671875,1759.96875,232.8046875,1527.1640625
988,83769.1,83833.8,83644.4,83698.6,9021.0,85407.5859375,83656.3828125,83878.859375,1751.203125,222.4765625,1528.7265625
989,83698.6,83698.6,83592.7,83631.9,7309.0,85404.9375,83664.25,83876.3984375,1740.6875,212.1484375,1528.5390625
990,83628.6,83711.6,83506.1,83646.8,14344.0,85397.5859375,83672.4140625,83874.1171875,1725.171875,201.703125,1523.46875
991,83640.5,83826.1,83518.1,83826.1,13397.0,85388.0703125,83680.9296875,83873.640625,1707.140625,192.7109375,1514.4296875
992,83826.2,83863.0,83730.3,83806.9,14159.0,85376.96875,83689.703125,83872.9765625,1687.265625,183.2734375,1503.9921875
993,83793.4,83807.0,83529.3,83542.8,39490.0,85363.9453125,83696.0703125,83869.6875,1667.875,173.6171875,1494.2578125
994,83541.2,83617.5,83335.1,83363.5,30566.0,85350.1171875,83701.328125,83864.6484375,1648.7890625,163.3203125,1485.46875
995,83364.5,83410.2,83294.4,83322.6,14210.0,85336.421875,83707.3515625,83859.2578125,1629.0703125,151.90625,1477.1640625
996,83329.0,83414.6,83195.0,83211.9,12244.0,85320.5703125,83713.359375,83852.8203125,1607.2109375,139.4609375,1467.75
997,83211.9,83284.2,83062.6,83228.9,68510.0,85305.4296875,83719.2890625,83846.609375,1586.140625,127.3203125,1458.8203125
998,83244.1,83284.0,83121.4,83169.0,11905.0,85289.6015625,83725.390625,83839.8671875,1564.2109375,114.4765625,1449.734375
999,83175.6,83183.9,82916.8,82937.8,19501.0,85273.6953125,83730.1484375,83830.890625,1543.546875,100.7421875,1442.8046875
1000,82925.6,82963.6,82843.7,82875.6,29655.0,85257.828125,83735.2734375,83821.3828125,1522.5546875,86.109375,1436.4453125
1001,82876.6,83021.4,82870.1,82967.0,8328.0,85242.0859375,83742.890625,83812.8828125,1499.1953125,69.9921875,1429.203125
1002,82972.2,83028.8,82784.3,82884.9,14024.0,85230.3984375,83749.546875,83803.6484375,1480.8515625,54.1015625,1426.75
1003,82870.4,83052.6,82846.0,83030.4,9470.0,85220.15625,83759.03125,83795.953125,1461.125,36.921875,1424.203125
1004,83030.4,83299.0,83030.4,83225.5,16092.0,85211.4375,83769.640625,83790.2734375,1441.796875,20.6328125,1421.1640625
1005,83225.5,83375.9,83118.9,83354.1,17205.0,85205.3046875,83779.78125,83785.9296875,1425.5234375,6.1484375,1419.375
1006,83346.1,83366.1,83235.0,83327.7,13563.0,85201.140625,83790.7109375,83781.3671875,1410.4296875,9.34375,1419.7734375
1007,83327.7,83387.0,83234.4,83319.0,10598.0,85198.0390625,83802.2421875,83776.765625,1395.796875,25.4765625,1421.2734375
1008,83328.2,83367.4,83068.8,83169.0,9307.0,85195.3203125,83814.46875,83770.71875,1380.8515625,43.75,1424.6015625
1009,83191.0,83333.0,83145.0,83262.0,5816.0,85192.390625,83826.0546875,83765.65625,1366.3359375,60.3984375,1426.734375
1010,83261.8,83261.8,83098.2,83204.9,7128.0,85186.609375,83834.7421875,83760.078125,1351.8671875,74.6640625,1426.53125
1011,83205.8,83210.9,82950.1,83020.0,10240.0,85179.0859375,83841.2890625,83752.7109375,1337.796875,88.578125,1426.375
1012,83010.3,83025.3,82811.0,82841.7,16781.0,85173.1484375,83847.4765625,83743.6484375,1325.671875,103.828125,1429.5
1013,82845.8,82866.4,82718.4,82830.3,12697.0,85165.296875,83853.6015625,83734.5625,1311.6953125,119.0390625,1430.734375
1014,82857.7,83147.1,82857.7,83096.5,12846.0,85156.5078125,83860.5703125,83728.2109375,1295.9375,132.359375,1428.296875
1015,83085.2,83168.2,82984.1,83070.7,10440.0,85146.9296875,83866.8203125,83721.671875,1280.109375,145.1484375,1425.2578125
1016,83080.9,83200.2,82974.4,83158.8,10932.0,85136.8359375,83872.1015625,83716.0703125,1264.734375,156.03125,1420.765625
1017,83158.9,83160.0,82927.1,82927.1,5971.0,85125.4296875,83874.1796875,83708.21875,1251.25,165.9609375,1417.2109375
1018,82922.4,82988.2,82783.7,82963.5,13592.0,85114.3359375,83875.1640625,83700.8125,1239.171875,174.3515625,1413.5234375
1019,82965.8,82977.4,82875.1,82922.3,7153.0,85103.15625,83874.859375,83693.0625,1228.296875,181.796875,1410.09375
1020,82922.3,83030.4,82889.2,82941.3,11976.0,85091.171875,83875.890625,83685.5859375,1215.28125,190.3046875,1405.5859375
1021,82950.1,83099.9,82902.3,83002.0,9003.0,85077.0078125,83876.5,83678.78125,1200.5078125,197.71875,1398.2265625
1022,82996.5,83020.0,82769.9,82843.9,19729.0,85065.109375,83876.96875,83670.4765625,1188.140625,206.4921875,1394.6328125
1023,82843.8,82883.9,82707.7,82783.4,17817.0,85050.7890625,83876.515625,83661.6484375,1174.2734375,214.8671875,1389.140625
1024,82762.5,82762.5,82445.9,82450.1,38999.0,85034.2578125,83873.7578125,83649.59375,1160.5,224.1640625,1384.6640625
1025,82457.3,82604.0,82310.6,82464.0,20183.0,85016.4296875,83869.5,83637.796875,1146.9296875,231.703125,1378.6328125
1026,82463.2,82533.3,82345.6,82498.0,12211.0,85003.890625,83866.171875,83626.453125,1137.71875,239.71875,1377.4375
1027,82490.7,82738.0,82431.8,82664.8,11469.0,84996.7578125,83863.1484375,83616.8828125,1133.609375,246.265625,1379.875
1028,82683.2,83082.3,82666.0,82839.8,14730.0,84990.0546875,83861.9609375,83609.1484375,1128.09375,252.8125,1380.90625
1029,82843.1,82933.7,82700.1,82887.1,6414.0,84986.1484375,83860.4296875,83601.9609375,1125.71875,258.46875,1384.1875
1030,82888.2,82990.1,82829.2,82875.8,8653.0,84983.5859375,83857.3046875,83594.734375,1126.28125,262.5703125,1388.8515625
1031,82888.0,82961.2,82739.9,82799.9,10151.0,84980.546875,83853.828125,83586.828125,1126.71875,267.0,1393.71875
1032,82820.8,82825.6,82633.4,82714.6,15778.0,84978.421875,83850.4453125,83578.1484375,1127.9765625,272.296875,1400.2734375
1033,82715.6,82988.3,82715.6,82955.1,9882.0,84978.8359375,83847.390625,83571.9453125,1131.4453125,275.4453125,1406.890625
1034,82963.1,82967.7,82783.6,82919.9,7372.0,84980.265625,83844.171875,83565.4609375,1136.09375,278.7109375,1414.8046875
1035,82913.9,82927.3,82831.9,82909.1,4950.0,84981.2890625,83842.046875,83558.9296875,1139.2421875,283.1171875,1422.359375
1036,82910.5,82960.7,82740.6,82909.9,8216.0,84980.0546875,83840.703125,83552.46875,1139.3515625,288.234375,1427.5859375
1037,82921.7,83124.8,82802.1,82885.1,10440.0,84974.859375,83838.609375,83545.828125,1136.25,292.78125,1429.03125
1038,82885.2,82910.2,82579.6,82602.9,8948.0,84970.1796875,83835.4296875,83536.4453125,1134.75,298.984375,1433.734375
1039,82597.0,82746.2,82551.9,82745.7,6251.0,84967.4296875,83832.78125,83528.578125,1134.6484375,304.203125,1438.8515625
1040,82746.0,82972.1,82713.0,82924.8,8474.0,84965.75,83830.40625,83522.5703125,1135.34375,307.8359375,1443.1796875
1041,82931.2,83200.3,82842.8,83181.5,11690.0,84965.015625,83830.53125,83519.1796875,1134.484375,311.3515625,1445.8359375
1042,83169.5,83271.3,82972.3,82976.7,31206.0,84963.6015625,83828.5234375,83513.78125,1135.078125,314.7421875,1449.8203125
1043,82981.4,83032.6,82853.1,82971.3,13061.0,84962.2890625,83826.9765625,83508.3828125,1135.3125,318.59375,1453.90625
1044,82965.3,83145.1,82965.3,83098.3,9214.0,84957.8984375,83826.28125,83504.3046875,1131.6171875,321.9765625,1453.59375
1045,83087.7,83197.7,82994.5,83182.7,6665.0,84953.6796875,83825.1875,83501.1015625,1128.4921875,324.0859375,1452.578125
1046,83178.7,83229.1,83127.5,83133.0,7498.0,84947.9765625,83823.0703125,83497.4375,1124.90625,325.6328125,1450.5390625
1047,83128.0,83223.0,83102.7,83174.7,5256.0,84940.4453125,83821.6015625,83494.2265625,1118.84375,327.375,1446.21875
1048,83174.6,83307.3,83072.9,83184.5,35632.0,84932.90625,83819.171875,83491.1484375,1113.734375,328.0234375,1441.7578125
1049,83184.6,83284.5,83088.8,83284.5,6360.0,84924.5,83816.609375,83489.09375,1107.890625,327.515625,1435.40625
1050,83272.9,83346.8,83179.9,83179.9,13760.0,84919.171875,83814.8671875,83486.015625,1104.3046875,328.8515625,1433.15625
1051,83179.7,83184.8,83045.7,83052.5,4461.0,84917.4765625,83811.90625,83481.703125,1105.5703125,330.203125,1435.7734375
1052,83052.4,83146.3,82935.9,83116.1,10939.0,84915.015625,83809.25,83478.0625,1105.765625,331.1875,1436.953125
1053,83100.4,83247.2,83088.1,83180.9,7460.0,84911.984375,83806.4296875,83475.109375,1105.5546875,331.3203125,1436.875
1054,83176.7,83247.2,83113.7,83113.7,4538.0,84912.515625,83802.9453125,83471.515625,1109.5703125,331.4296875,1441.0
1055,83112.5,83218.2,83097.6,83143.2,4559.0,84912.640625,83799.125,83468.25,1113.515625,330.875,1444.390625
1056,83147.8,83445.2,83122.1,83399.3,9186.0,84911.5546875,83796.171875,83467.5625,1115.3828125,328.609375,1443.9921875
1057,83393.7,83643.2,83384.8,83617.9,18477.0,84909.5546875,83793.1796875,83469.0546875,1116.375,324.125,1440.5
1058,83616.3,83796.2,83572.4,83765.2,20164.0,84908.25,83791.5390625,83472.0,1116.7109375,319.5390625,1436.25
1059,83761.1,83769.4,83530.7,83549.3,9553.0,84906.5546875,83788.5703125,83472.765625,1117.984375,315.8046875,1433.7890625
1060,83552.4,83699.9,83552.4,83664.0,8323.0,84904.1953125,83786.78125,83474.671875,1117.4140625,312.109375,1429.5234375
1061,83663.9,83696.4,83552.1,83583.8,8161.0,84900.484375,83784.5625,83475.7578125,1115.921875,308.8046875,1424.7265625
1062,83581.5,83617.6,83483.5,83502.9,9247.0,84896.6484375,83782.8359375,83476.03125,1113.8125,306.8046875,1420.6171875
1063,83498.6,83528.3,83410.5,83410.5,6310.0,84890.9375,83781.109375,83475.3828125,1109.828125,305.7265625,1415.5546875
1064,83419.0,83419.1,83243.2,83355.1,44546.0,84866.4375,83779.75,83474.1875,1086.6875,305.5625,1392.25
1065,83365.5,83365.5,83137.7,83245.0,10509.0,84843.96875,83777.640625,83471.90625,1066.328125,305.734375,1372.0625
1066,83244.9,83472.3,83217.3,83376.4,11346.0,84820.1171875,83776.03125,83470.953125,1044.0859375,305.078125,1349.1640625
1067,83379.7,83599.9,83379.7,83593.4,5674.0,84797.3359375,83776.2421875,83472.171875,1021.09375,304.0703125,1325.1640625
1068,83593.4,83810.5,83593.4,83773.3,12094.0,84774.390625,83778.0859375,83475.171875,996.3046875,302.9140625,1299.21875
1069,83778.5,83884.0,83778.5,83853.8,8720.0,84752.5703125,83780.15625,83478.9375,972.4140625,301.21875,1273.6328125
1070,83856.0,83932.0,83741.5,83919.5,6771.0,84730.921875,83781.890625,83483.3203125,949.03125,298.5703125,1247.6015625
1071,83916.6,84107.5,83916.6,84096.0,22793.0,84709.5390625,83784.546875,83489.4140625,924.9921875,295.1328125,1220.125
1072,84094.0,84469.1,84059.2,84469.1,44748.0,84689.1171875,83789.6640625,83499.1640625,899.453125,290.5,1189.953125
1073,84469.1,84537.4,84331.0,84471.8,17837.0,84670.3515625,83794.765625,83508.84375,875.5859375,285.921875,1161.5078125
1074,84468.2,84514.9,84353.3,84407.5,7191.0,84652.6875,83799.234375,83517.7890625,853.453125,281.4453125,1134.8984375
1075,84405.0,84594.4,84400.8,84531.8,17853.0,84638.7109375,83803.15625,83527.875,835.5546875,275.28125,1110.8359375
1076,84531.8,84779.9,84531.8,84728.3,10834.0,84621.3671875,83807.5,83539.8203125,813.8671875,267.6796875,1081.546875
1077,84726.2,84730.2,84553.1,84639.2,8104.0,84605.015625,83811.03125,83550.7578125,793.984375,260.2734375,1054.2578125
1078,84645.4,84843.4,84645.4,84788.6,6836.0,84591.6875,83815.21875,83563.078125,776.46875,252.140625,1028.609375
1079,84802.4,84937.8,84788.9,84921.0,9863.0,84578.71875,83820.5234375,83576.5859375,758.1953125,243.9375,1002.1328125
1080,84921.0,84963.5,84713.3,84825.4,29305.0,84567.8515625,83824.921875,83589.015625,742.9296875,235.90625,978.8359375
1081,84825.4,84832.5,84578.6,84643.4,31444.0,84557.984375,83827.640625,83599.5078125,730.34375,228.1328125,958.4765625
1082,84648.7,84856.0,84635.0,84707.8,12198.0,84547.90625,83830.640625,83610.5390625,717.265625,220.1015625,937.3671875
1083,84713.1,84934.3,84713.1,84924.9,22912.0,84537.2890625,83834.625,83623.6171875,702.6640625,211.0078125,913.671875
1084,84924.9,85000.0,84870.7,84992.2,7445.0,84527.4609375,83838.8984375,83637.234375,688.5625,201.6640625,890.2265625
1085,84988.3,85033.8,84865.2,84981.3,7177.0,84516.0859375,83842.546875,83650.609375,673.5390625,191.9375,865.4765625
1086,84981.5,85175.3,84981.5,85131.6,10751.0,84506.4765625,83847.5703125,83665.34375,658.90625,182.2265625,841.1328125
1087,85132.1,85495.4,85088.0,85405.6,32002.0,84495.984375,83853.6796875,83682.65625,642.3046875,171.0234375,813.328125
1088,85414.1,85414.1,85208.4,85305.7,15830.0,84485.8359375,83858.4296875,83698.8046875,627.40625,159.625,787.03125
1089,85305.7,85471.1,85301.4,85384.0,5496.0,84475.6015625,83864.921875,83715.5703125,610.6796875,149.3515625,760.03125
1090,85383.9,85383.9,85109.7,85229.7,15122.0,84464.2109375,83870.359375,83730.6328125,593.8515625,139.7265625,733.578125
1091,85228.3,85329.5,85143.0,85234.0,10143.0,84453.3359375,83874.6953125,83745.59375,578.640625,129.1015625,707.7421875
1092,85242.4,85311.9,85073.9,85155.1,14359.0,84438.921875,83879.4296875,83759.6171875,559.4921875,119.8125,679.3046875
1093,85166.3,85242.2,85024.3,85132.6,10146.0,84422.375,83883.8671875,83773.28125,538.5078125,110.5859375,649.09375
1094,85162.9,85233.7,85104.3,85130.0,9191.0,84404.875,83888.1953125,83786.78125,516.6796875,101.4140625,618.09375
1095,85131.1,85316.6,85120.1,85194.0,7822.0,84386.765625,83893.21875,83800.78125,493.546875,92.4375,585.984375
1096,85201.8,85285.2,85079.0,85131.4,8329.0,84368.1875,83898.0703125,83814.0234375,470.1171875,84.046875,554.1640625
1097,85160.4,85295.5,84984.1,85144.8,17961.0,84352.328125,83902.796875,83827.265625,449.53125,75.53125,525.0625
1098,85144.8,85407.8,85127.1,85361.0,17528.0,84338.28125,83908.71875,83842.5234375,429.5625,66.1953125,495.7578125
1099,85361.0,85448.1,85123.2,85123.2,8249.0,84325.4375,83913.78125,83855.265625,411.65625,58.515625,470.171875
1100,85123.2,85130.6,84951.8,85037.8,10494.0,84312.8984375,83918.875,83867.03125,394.0234375,51.84375,445.8671875
1101,85042.0,85250.6,85016.8,85054.9,12391.0,84303.3046875,83924.7578125,83878.8515625,378.546875,45.90625,424.453125
1102,85063.5,85277.3,85063.5,85188.7,10834.0,84295.0078125,83930.9375,83891.8828125,364.0703125,39.0546875,403.125
1103,85187.8,85337.9,85118.3,85337.9,10198.0,84287.2265625,83938.03125,83906.2734375,349.1953125,31.7578125,380.953125
1104,85346.5,85444.5,85329.2,85392.6,13602.0,84276.90625,83945.7265625,83921.0625,331.1796875,24.6640625,355.84375
1105,85393.9,85561.9,85319.7,85418.8,11914.0,84267.125,83954.046875,83935.96875,313.078125,18.078125,331.15625
1106,85417.8,85429.4,85300.1,85300.4,8748.0,84257.609375,83960.7265625,83949.546875,296.8828125,11.1796875,308.0625
1107,85300.0,85300.0,85090.5,85152.2,6980.0,84248.046875,83966.640625,83961.515625,281.40625,5.125,286.53125
1108,85153.2,85165.3,85047.3,85085.0,10597.0,84240.8046875,83971.6796875,83972.6953125,269.125,1.015625,268.109375
1109,85085.0,85226.7,85085.0,85199.7,8634.0,84234.1796875,83976.6953125,83984.90625,257.484375,8.2109375,249.2734375
1110,85195.7,85336.2,85195.7,85319.5,6052.0,84228.625,83983.0546875,83998.1875,245.5703125,15.1328125,230.4375
1111,85325.4,85429.3,85285.5,85289.7,7594.0,84225.3984375,83989.6171875,84011.0390625,235.78125,21.421875,214.359375
1112,85285.6,85346.4,85205.0,85346.4,5640.0,84219.7578125,83996.4375,84024.328125,223.3203125,27.890625,195.4296875
1113,85342.2,85423.8,85333.7,85423.7,8240.0,84211.6171875,84004.3203125,84038.25,207.296875,33.9296875,173.3671875
1114,85410.8,85471.1,85387.4,85430.1,7198.0,84203.0859375,84012.328125,84052.1015625,190.7578125,39.7734375,150.984375
1115,85426.0,85471.1,85315.3,85394.0,5488.0,84196.0078125,84020.875,84065.453125,175.1328125,44.578125,130.5546875
1116,85397.6,85463.6,85352.0,85463.6,7635.0,84189.296875,84029.515625,84079.3671875,159.78125,49.8515625,109.9296875
1117,85471.1,85471.1,85238.8,85252.8,8913.0,84180.8046875,84037.6953125,84091.046875,143.109375,53.3515625,89.7578125
1118,85247.5,85285.1,85058.4,85130.4,12347.0,84173.125,84045.296875,84101.390625,127.828125,56.09375,71.734375
1119,85139.0,85276.5,85129.6,85169.9,15130.0,84163.0859375,84053.0859375,84112.0234375,110.0,58.9375,51.0625
1120,85181.6,85200.2,85075.3,85088.0,8698.0,84151.296875,84060.046875,84121.734375,91.25,61.6875,29.5625
1121,85088.0,85200.0,84990.6,85200.0,18433.0,84139.78125,84067.1875,84132.4609375,72.59375,65.2734375,7.3203125
1122,85200.0,85268.6,85181.8,85237.4,5815.0,84128.4609375,84074.65625,84143.453125,53.8046875,68.796875,14.9921875
1123,85240.1,85268.1,85166.9,85205.4,5931.0,84119.4765625,84081.6015625,84154.0234375,37.875,72.421875,34.546875
1124,85198.0,85198.4,85125.6,85172.6,3847.0,84111.28125,84088.7578125,84164.15625,22.5234375,75.3984375,52.875
1125,85173.4,85384.5,85173.4,85335.4,18953.0,84106.140625,84097.046875,84175.8125,9.09375,78.765625,69.671875
1126,85343.1,85349.8,85102.7,85181.6,8900.0,84099.296875,84104.921875,84185.8203125,5.625,80.8984375,86.5234375
1127,85186.6,85246.2,85127.0,85230.2,5599.0,84093.6796875,84113.1875,84196.2109375,19.5078125,83.0234375,102.53125
1128,85224.5,85288.6,85170.3,85281.0,4742.0,84087.7109375,84121.859375,84207.0078125,34.1484375,85.1484375,119.296875
1129,85281.0,85355.8,85279.4,85318.8,9746.0,84081.03125,84130.078125,84218.0703125,49.046875,87.9921875,137.0390625
1130,85318.7,85318.7,85180.9,85189.8,5384.0,84076.5546875,84135.5390625,84227.7421875,58.984375,92.203125,151.1875
1131,85183.3,85269.7,85161.6,85223.7,6086.0,84071.3984375,84142.1796875,84237.6484375,70.78125,95.46875,166.25
1132,85222.7,85222.7,85020.0,85020.0,7734.0,84066.2109375,84145.9296875,84245.4296875,79.71875,99.5,179.21875
1133,85006.4,85052.3,84906.1,84906.1,7145.0,84062.0078125,84149.109375,84252.0,87.1015625,102.890625,189.9921875
1134,84905.8,84951.2,84779.9,84868.0,12524.0,84057.1796875,84149.625,84258.1328125,92.4453125,108.5078125,200.953125
1135,84860.9,85071.5,84860.9,84990.3,8568.0,84053.0078125,84150.125,84265.421875,97.1171875,115.296875,212.4140625
1136,84988.0,84988.0,84879.2,84910.6,8412.0,84049.390625,84149.8046875,84271.84375,100.4140625,122.0390625,222.453125
1137,84910.7,84992.1,84867.1,84961.3,5568.0,84045.859375,84150.2890625,84278.703125,104.4296875,128.4140625,232.84375
1138,84957.2,85017.6,84882.3,84901.1,4003.0,84041.9375,84150.7890625,84284.8984375,108.8515625,134.109375,242.9609375
1139,84897.8,84949.5,84831.7,84855.1,9828.0,84036.21875,84150.734375,84290.5703125,114.515625,139.8359375,254.3515625
1140,84871.0,84949.6,84782.5,84790.1,4940.0,84031.609375,84149.65625,84295.5390625,118.046875,145.8828125,263.9296875
1141,84788.3,84808.4,84700.0,84751.4,8883.0,84026.734375,84147.5703125,84300.078125,120.8359375,152.5078125,273.34375
1142,84754.7,84754.7,84570.5,84612.5,12330.0,84021.28125,84145.484375,84303.1875,124.203125,157.703125,281.90625
1143,84604.1,84637.0,84327.4,84423.9,40936.0,84017.296875,84143.53125,84304.390625,126.234375,160.859375,287.09375
1144,84420.7,84420.7,84208.6,84229.8,10888.0,84010.7265625,84140.140625,84303.6484375,129.4140625,163.5078125,292.921875
1145,84229.8,84290.6,84004.7,84024.3,17100.0,84004.796875,84136.96875,84300.8671875,132.171875,163.8984375,296.0703125
1146,84012.6,84258.9,83913.9,84150.8,11053.0,83996.5,84135.5390625,84299.375,139.0390625,163.8359375,302.875
1147,84150.8,84159.2,83900.0,83998.3,31858.0,83987.8984375,84134.2265625,84296.3828125,146.328125,162.15625,308.484375
1148,83998.4,84009.6,83758.2,83909.4,21347.0,83980.75,84130.5390625,84292.53125,149.7890625,161.9921875,311.78125
1149,83909.5,84162.2,83873.9,84122.5,18923.0,83974.3203125,84128.421875,84290.8359375,154.1015625,162.4140625,316.515625
1150,84122.4,84122.4,83911.3,83937.3,10531.0,83966.8359375,84124.859375,84287.3203125,158.0234375,162.4609375,320.484375
1151,83951.5,84061.3,83783.2,83928.5,11695.0,83959.6875,84120.03125,84283.75,160.34375,163.71875,324.0625
1152,83934.7,83934.7,83774.4,83783.4,7850.0,83607.8046875,84113.3046875,84278.7734375,505.5,165.46875,670.96875
1153,83792.7,83857.4,83586.1,83627.4,36647.0,83214.4765625,84105.546875,84272.2890625,891.0703125,166.7421875,1057.8125
1154,83623.2,83674.0,83547.0,83663.7,8006.0,82813.1953125,84096.859375,84266.234375,1283.6640625,169.375,1453.0390625
1155,83660.6,83695.7,83545.4,83676.7,7245.0,82405.8671875,84088.15625,84260.3671875,1682.2890625,172.2109375,1854.5
1156,83682.7,83777.7,83607.0,83716.5,13175.0,82009.0703125,84081.390625,84254.953125,2072.3203125,173.5625,2245.8828125
1157,83715.4,83715.4,83408.4,83449.0,20753.0,81597.640625,84073.328125,84246.9375,2475.6875,173.609375,2649.296875
1158,83446.0,83498.2,83387.0,83480.7,13874.0,81205.78125,84065.1171875,84239.3125,2859.3359375,174.1953125,3033.53125
1159,83493.3,83525.2,83452.6,83455.1,6233.0,80843.1171875,84058.21875,84231.5078125,3215.1015625,173.2890625,3388.390625
1160,83471.8,83471.8,83291.7,83334.0,12585.0,80437.78125,84050.78125,84222.578125,3613.0,171.796875,3784.796875
1161,83342.4,83617.9,83325.6,83576.7,11625.0,80034.09375,84045.75,84216.1484375,4011.65625,170.3984375,4182.0546875
1162,83584.9,83594.5,83415.2,83489.9,7671.0,79632.796875,84040.8515625,84208.921875,4408.0546875,168.0703125,4576.125
1163,83460.4,83604.4,83436.0,83525.7,6586.0,79299.3046875,84035.71875,84202.125,4736.4140625,166.40625,4902.8203125
1164,83525.8,83653.4,83477.7,83620.6,9151.0,78906.6796875,84031.0390625,84196.3359375,5124.359375,165.296875,5289.65625
1165,83629.0,83964.9,83580.7,83882.4,25524.0,78504.125,84027.2890625,84193.2109375,5523.1640625,165.921875,5689.0859375
1166,83890.1,83915.8,83752.2,83793.9,9105.0,78120.125,84022.8984375,84189.234375,5902.7734375,166.3359375,6069.109375
1167,83798.6,83938.7,83798.5,83880.9,12169.0,77740.765625,84019.7109375,84186.1640625,6278.9453125,166.453125,6445.3984375
1168,83881.0,84189.7,83881.0,84072.7,17582.0,77339.1953125,84017.8671875,84185.03125,6678.671875,167.1640625,6845.8359375
1169,84072.6,84110.0,83977.5,84070.0,8548.0,76964.5546875,84015.9375,84183.8828125,7051.3828125,167.9453125,7219.328125
1170,84066.4,84172.1,83973.2,84144.1,11358.0,76568.28125,84014.5390625,84183.484375,7446.2578125,168.9453125,7615.203125
1171,84139.7,84290.6,84139.7,84254.7,9421.0,76194.390625,84013.6796875,84184.1953125,7819.2890625,170.515625,7989.8046875
1172,84258.5,84413.2,84225.4,84413.2,12062.0,75797.0390625,84014.1015625,84186.4765625,8217.0625,172.375,8389.4375
1173,84413.2,84433.4,84171.6,84195.6,15662.0,75404.7890625,84014.296875,84186.5703125,8609.5078125,172.2734375,8781.78125
1174,84200.2,84304.5,84200.2,84296.3,3366.0,75002.9453125,84014.90625,84187.6640625,9011.9609375,172.7578125,9184.71875
1175,84296.4,84338.8,84269.6,84338.8,8487.0,74601.2109375,84015.65625,84189.1640625,9414.4453125,173.5078125,9587.953125
1176,84347.4,84581.3,84347.4,84485.4,12701.0,74238.5703125,84017.4375,84192.109375,9778.8671875,174.671875,9953.5390625
1177,84487.4,84546.4,84484.0,84509.9,5394.0,73860.0,84020.28125,84195.2734375,10160.28125,174.9921875,10335.2734375
1178,84509.9,84590.6,84498.0,84536.8,6268.0,73448.4609375,84022.6484375,84198.671875,10574.1875,176.0234375,10750.2109375
1179,84533.6,84566.9,84485.3,84517.0,5349.0,73076.7265625,84024.3046875,84201.8359375,10947.578125,177.53125,11125.109375
1180,84524.8,84553.9,84337.7,84382.3,14614.0,72729.46875,84026.921875,84203.6328125,11297.453125,176.7109375,11474.1640625
1181,84392.1,84400.7,84168.8,84349.4,33939.0,72329.234375,84029.640625,84205.0859375,11700.40625,175.4453125,11875.8515625
1182,84365.0,84388.0,84278.7,84349.9,6606.0,71930.9140625,84031.7578125,84206.5234375,12100.84375,174.765625,12275.609375
1183,84345.6,84472.3,84345.6,84462.4,5434.0,71551.53125,84033.7578125,84209.0703125,12482.2265625,175.3125,12657.5390625
1184,84465.5,84531.8,84428.4,84529.1,16535.0,71143.546875,84036.1171875,84212.2578125,12892.5703125,176.140625,13068.7109375
1185,84532.3,84587.4,84397.0,84448.4,7372.0,70740.9453125,84037.6953125,84214.609375,13296.75,176.9140625,13473.6640625
1186,84452.6,84506.9,84426.9,84432.8,6998.0,70359.65625,84040.421875,84216.78125,13680.765625,176.359375,13857.125
1187,84436.5,84559.0,84403.6,84559.0,5150.0,69955.1484375,84044.375,84220.1875,14089.2265625,175.8125,14265.0390625
1188,84559.0,85041.7,84547.6,84927.3,23950.0,69565.2578125,84050.515625,84227.2265625,14485.2578125,176.7109375,14661.96875
1189,84929.4,85082.1,84766.9,84804.0,12416.0,69188.8984375,84056.375,84232.96875,14867.4765625,176.59375,15044.0703125
1190,84803.0,85016.3,84803.0,84878.2,11871.0,68859.8203125,84062.5390625,84239.390625,15202.71875,176.8515625,15379.5703125
1191,84877.0,84977.4,84773.4,84844.7,7295.0,68534.7421875,84067.640625,84245.4140625,15532.8984375,177.7734375,15710.671875
1192,84851.2,84856.0,84676.1,84707.5,12813.0,68201.0859375,84072.125,84250.015625,15871.0390625,177.890625,16048.9296875
1193,84720.3,84870.1,84720.3,84795.0,5609.0,67807.5546875,84078.3984375,84255.4375,16270.84375,177.0390625,16447.8828125
1194,84777.9,84777.9,84558.1,84683.4,7423.0,67439.359375,84085.0,84259.6953125,16645.640625,174.6953125,16820.3359375
1195,84666.5,84714.0,84598.9,84711.8,5164.0,67042.7421875,84091.9453125,84264.1953125,17049.203125,172.25,17221.453125
1196,84707.5,84745.1,84601.9,84646.0,5867.0,66672.25,84099.109375,84267.9921875,17426.859375,168.8828125,17595.7421875
1197,84645.3,84657.8,84504.9,84595.3,6202.0,66303.125,84105.9375,84271.25,17802.8125,165.3125,17968.125
1198,84584.1,84642.0,84556.9,84621.6,3858.0,66028.3046875,84113.2109375,84274.734375,18084.90625,161.5234375,18246.4296875
1199,84612.8,84636.4,84562.6,84574.1,6899.0,65724.1171875,84121.390625,84277.7109375,18397.2734375,156.3203125,18553.59375
1200,84579.3,84653.4,84561.3,84595.8,4130.0,65364.83984375,84129.984375,84280.875,18765.14453125,150.890625,18916.03515625
1201,84601.0,84657.3,84428.3,84428.3,6261.0,65006.234375,84137.2890625,84282.34375,19131.0546875,145.0546875,19276.109375
1202,84432.6,84573.7,84432.6,84560.2,7631.0,64608.1171875,84145.6796875,84285.109375,19537.5625,139.4296875,19676.9921875
1203,84547.6,84699.9,84523.2,84684.8,5995.0,64215.796875,84153.9453125,84289.0859375,19938.1484375,135.140625,20073.2890625
1204,84689.0,84767.0,84628.4,84749.9,10380.0,63844.95703125,84161.578125,84293.671875,20316.62109375,132.09375,20448.71484375
1205,84752.5,84798.4,84665.3,84666.3,4803.0,63465.45703125,84168.125,84297.3828125,20702.66796875,129.2578125,20831.92578125
1206,84668.5,84668.5,84573.8,84594.9,4486.0,63074.34765625,84174.4765625,84300.34375,21100.12890625,125.8671875,21225.99609375
1207,84603.5,84632.9,84568.0,84579.0,5117.0,62700.62890625,84180.765625,84303.1171875,21480.13671875,122.3515625,21602.48828125
1208,84574.0,84622.8,84543.6,84622.8,4226.0,62311.03515625,84188.0390625,84306.296875,21877.00390625,118.2578125,21995.26171875
1209,84622.8,84838.7,84622.8,84818.8,6063.0,61924.453125,84195.8203125,84311.3984375,22271.3671875,115.578125,22386.9453125
1210,84823.0,84893.5,84713.3,84753.6,5369.0,61536.83984375,84203.5703125,84315.796875,22666.73046875,112.2265625,22778.95703125
1211,84753.5,84787.4,84651.2,84735.2,7993.0,61134.33984375,84212.1484375,84319.96875,23077.80859375,107.8203125,23185.62890625
1212,84736.2,84751.3,84611.1,84628.1,3401.0,60735.35546875,84221.078125,84323.03125,23485.72265625,101.953125,23587.67578125
1213,84619.0,84619.0,84500.1,84528.5,5541.0,60348.3828125,84229.5703125,84325.078125,23881.1875,95.5078125,23976.6953125
1214,84515.0,84601.6,84491.5,84564.8,4341.0,59954.8671875,84236.8984375,84327.4609375,24282.03125,90.5625,24372.59375
1215,84560.6,84560.6,84477.0,84550.4,4307.0,59557.26171875,84244.3046875,84329.6796875,24687.04296875,85.375,24772.41796875
1216,84559.1,84682.5,84556.3,84682.5,3839.0,59163.2734375,84251.9296875,84333.1875,25088.65625,81.2578125,25169.9140625
1217,84686.6,84718.5,84635.9,84718.5,4857.0,58772.94921875,84260.875,84337.0234375,25487.92578125,76.1484375,25564.07421875
1218,84709.0,84710.8,84545.8,84555.3,3550.0,58410.015625,84268.8359375,84339.1953125,25858.8203125,70.359375,25929.1796875
1219,84571.0,84762.2,84567.1,84759.5,4013.0,58036.3984375,84278.015625,84343.375,26241.6171875,65.359375,26306.9765625
1220,84759.5,84912.6,84702.4,84889.8,5755.0,57709.20703125,84287.7578125,84348.8125,26578.55078125,61.0546875,26639.60546875
1221,84896.8,84968.5,84896.8,84961.3,5503.0,57316.86328125,84297.5546875,84354.90625,26980.69140625,57.3515625,27038.04296875
1222,84960.5,85023.8,84845.7,84852.6,7672.0,56920.25,84307.609375,84359.859375,27387.359375,52.25,27439.609375
1223,84871.0,84892.0,84759.8,84883.9,8826.0,56522.046875,84318.1015625,84365.0703125,27796.0546875,46.96875,27843.0234375
1224,84884.9,84952.4,84811.6,84914.5,4672.0,56129.328125,84330.4296875,84370.5390625,28201.1015625,40.109375,28241.2109375
1225,84901.7,85024.2,84901.7,84973.7,4123.0,55737.78515625,84342.9765625,84376.5390625,28605.19140625,33.5625,28638.75390625
1226,84970.0,85009.0,84947.1,84955.7,3577.0,55345.9375,84355.2578125,84382.3046875,29009.3203125,27.046875,29036.3671875
1227,84969.0,84973.7,84936.4,84937.4,2647.0,54947.296875,84366.625,84387.828125,29419.328125,21.203125,29440.53125
1228,84937.3,84937.3,84827.7,84882.3,4596.0,54548.46875,84376.8515625,84392.75,29828.3828125,15.8984375,29844.28125
1229,84882.2,84925.0,84868.6,84895.3,4052.0,54146.578125,84386.875,84397.75,30240.296875,10.875,30251.171875
1230,84895.3,84998.5,84866.9,84877.4,5019.0,53748.046875,84396.890625,84402.5234375,30648.84375,5.6328125,30654.4765625
1231,84888.3,84905.0,84702.6,84719.9,7820.0,53344.39453125,84406.484375,84405.6796875,31062.08984375,0.8046875,31061.28515625
1232,84719.9,84799.6,84676.5,84744.1,7162.0,53017.09375,84416.6484375,84409.046875,31399.5546875,7.6015625,31391.953125
1233,84742.8,84769.3,84649.4,84658.7,5654.0,52615.3828125,84425.15625,84411.53125,31809.7734375,13.625,31796.1484375
1234,84647.0,84680.1,84620.4,84639.7,3991.0,52207.86328125,84433.75,84413.8046875,32225.88671875,19.9453125,32205.94140625
1235,84639.8,84730.1,84639.8,84730.1,6066.0,51799.59765625,84442.8671875,84416.953125,32643.26953125,25.9140625,32617.35546875
1236,84732.8,84841.4,84732.8,84758.0,4764.0,51401.73046875,84452.109375,84420.34375,33050.37890625,31.765625,33018.61328125
1237,84757.9,84819.6,84709.7,84816.7,4422.0,51010.09375,84461.75,84424.2890625,33451.65625,37.4609375,33414.1953125
1238,84819.6,84872.1,84814.6,84855.0,3554.0,50609.16015625,84473.015625,84428.578125,33863.85546875,44.4375,33819.41796875
1239,84850.0,84855.7,84745.7,84745.7,4365.0,50240.3828125,84483.0078125,84431.734375,34242.625,51.2734375,34191.3515625
1240,84744.6,84772.2,84679.9,84681.8,6231.0,49842.77734375,84491.796875,84434.21875,34649.01953125,57.578125,34591.44140625
1241,84682.2,84696.8,84600.0,84659.2,4135.0,49440.94921875,84499.1796875,84436.4609375,35058.23046875,62.71875,34995.51171875
1242,84666.3,84700.8,84633.6,84657.1,4495.0,49061.58984375,84507.6015625,84438.65625,35446.01171875,68.9453125,35377.06640625
1243,84657.4,84657.4,84437.4,84445.4,12001.0,48667.42578125,84514.9609375,84438.7265625,35847.53515625,76.234375,35771.30078125
1244,84445.5,84470.5,84350.9,84440.0,5845.0,48270.60546875,84521.671875,84438.7421875,36251.06640625,82.9296875,36168.13671875
1245,84447.1,84447.3,84342.6,84383.2,10287.0,47864.3046875,84527.65625,84438.1875,36663.3515625,89.46875,36573.8828125
1246,84378.9,84403.2,84241.3,84274.8,6575.0,47467.3671875,84533.375,84436.5625,37066.0078125,96.8125,36969.1953125
1247,84270.6,84367.3,84225.5,84367.2,6615.0,47083.83203125,84539.3359375,84435.875,37455.50390625,103.4609375,37352.04296875
1248,84367.2,84430.8,84293.0,84388.3,8113.0,46707.83984375,84545.359375,84435.3984375,37837.51953125,109.9609375,37727.55859375
1249,84388.2,84442.1,84332.8,84377.2,4869.0,46308.91015625,84550.8203125,84434.8203125,38241.91015625,116.0,38125.91015625
1250,84369.0,84404.5,84304.8,84324.8,6715.0,45902.4453125,84556.546875,84433.7265625,38654.1015625,122.8203125,38531.28125
1251,84316.3,84316.3,84249.3,84256.0,5524.0,45490.6328125,84562.5703125,84431.9609375,39071.9375,130.609375,38941.328125
1252,84250.1,84307.1,84178.8,84238.0,9858.0,45105.62890625,84568.171875,84430.03125,39462.54296875,138.140625,39324.40234375
1253,84240.4,84240.4,84116.7,84120.3,4542.0,44696.16796875,84572.875,84426.953125,39876.70703125,145.921875,39730.78515625
1254,84117.0,84193.2,84063.2,84170.8,5030.0,47221.25,84578.171875,84424.40625,37356.921875,153.765625,37203.15625
1255,84176.1,84361.3,84176.1,84345.3,4132.0,47128.28515625,84584.1796875,84423.6171875,37455.89453125,160.5625,37295.33203125
1256,84345.3,84359.7,84245.5,84254.0,5754.0,46872.9453125,84588.4609375,84421.9296875,37715.515625,166.53125,37548.984375
1257,84254.1,84266.7,84165.4,84204.8,2063.0,46572.32421875,84591.390625,84419.765625,38019.06640625,171.625,37847.44140625
1258,84226.0,84268.1,84196.0,84207.2,3810.0,46217.140625,84593.609375,84417.6484375,38376.46875,175.9609375,38200.5078125
1259,84188.2,84224.2,84179.5,84209.9,3738.0,45860.42578125,84596.90625,84415.578125,38736.48046875,181.328125,38555.15234375
1260,84202.7,84268.2,84175.1,84237.9,6033.0,45514.37890625,84599.765625,84413.8125,39085.38671875,185.953125,38899.43359375
1261,84234.1,84366.1,84194.6,84335.2,5805.0,45136.3125,84603.53125,84413.03125,39467.21875,190.5,39276.71875
1262,84335.2,84340.4,84206.4,84239.7,8218.0,44763.41015625,84607.21875,84411.3046875,39843.80859375,195.9140625,39647.89453125
1263,84239.6,84345.5,84214.1,84315.6,7880.0,44446.57421875,84611.7578125,84410.3515625,40165.18359375,201.40625,39963.77734375
1264,84320.8,84320.8,84181.8,84186.3,3710.0,44114.953125,84615.8984375,84408.125,40500.9453125,207.7734375,40293.171875
1265,84182.0,84194.1,84034.7,84063.0,19380.0,43726.390625,84620.0,84404.6875,40893.609375,215.3125,40678.296875
1266,84063.1,84101.4,84000.2,84000.2,12074.0,43347.2578125,84623.1171875,84400.6640625,41275.859375,222.453125,41053.40625
1267,84000.0,84074.3,83904.3,83904.3,9397.0,43013.80078125,84624.6796875,84395.7265625,41610.87890625,228.953125,41381.92578125
1268,83900.0,83929.4,83857.1,83916.3,8282.0,42686.41015625,84625.390625,84390.953125,41938.98046875,234.4375,41704.54296875
1269,83933.1,83933.1,83883.7,83920.2,6761.0,42303.84765625,84625.734375,84386.265625,42321.88671875,239.46875,42082.41796875
1270,83919.3,84011.8,83919.3,84011.8,17995.0,41992.7890625,84626.1953125,84382.5390625,42633.40625,243.65625,42389.75
1271,84011.9,84094.0,84011.9,84092.7,4472.0,41617.203125,84626.1796875,84379.65625,43008.9765625,246.5234375,42762.453125
1272,84092.6,84344.8,84090.7,84217.9,10984.0,41221.64453125,84624.921875,84378.046875,43403.27734375,246.875,43156.40234375
1273,84214.3,84214.3,84078.0,84117.3,6081.0,40837.54296875,84623.1484375,84375.453125,43785.60546875,247.6953125,43537.91015625
1274,84121.5,84198.6,84121.5,84192.3,3944.0,40466.6796875,84622.0703125,84373.6328125,44155.390625,248.4375,43906.953125
1275,84207.3,84212.4,84004.8,84004.8,13441.0,40075.515625,84619.4296875,84369.9609375,44543.9140625,249.46875,44294.4453125
1276,83992.1,83996.7,83929.0,83961.3,6353.0,39763.53515625,84615.5859375,84365.8984375,44852.05078125,249.6875,44602.36328125
1277,83966.4,83971.6,83877.7,83931.0,4186.0,39453.84765625,84612.046875,84361.5703125,45158.19921875,250.4765625,44907.72265625
1278,83914.8,83940.5,83848.1,83859.0,4120.0,39124.8046875,84607.421875,84356.5703125,45482.6171875,250.8515625,45231.765625
1279,83850.6,83892.0,83769.8,83826.0,7933.0,38756.78515625,84601.9375,84351.2890625,45845.15234375,250.6484375,45594.50390625
1280,83822.0,83848.0,83750.0,83818.8,6358.0,38402.55859375,84596.8984375,84345.9921875,46194.33984375,250.90625,45943.43359375
1281,83820.1,83849.7,83779.1,83828.8,7407.0,38019.359375,84592.8203125,84340.84375,46573.4609375,251.9765625,46321.484375
1282,83828.6,83891.3,83780.3,83853.9,7302.0,37703.27734375,84588.546875,84336.0,46885.26953125,252.546875,46632.72265625
1283,83843.7,83866.5,83708.9,83713.4,5583.0,37313.0859375,84582.484375,84329.8046875,47269.3984375,252.6796875,47016.71875
1284,83713.3,83713.3,83641.8,83693.4,6586.0,37178.265625,84576.0,84323.46875,47397.734375,252.53125,47145.203125
1285,83700.0,83852.0,83700.0,83848.3,8200.0,36915.66796875,84570.328125,84318.7421875,47654.66015625,251.5859375,47403.07421875
1286,83855.8,83905.9,83831.3,83862.8,3187.0,36555.50390625,84563.9765625,84314.203125,48008.47265625,249.7734375,47758.69921875
1287,83872.8,83872.9,83650.6,83650.6,4158.0,36175.59375,84555.2109375,84307.6015625,48379.6171875,247.609375,48132.0078125
1288,83650.5,83652.1,83588.0,83647.7,5952.0,35828.6875,84546.90625,84301.0390625,48718.21875,245.8671875,48472.3515625
1289,83645.7,83645.7,83500.1,83538.1,5771.0,35470.953125,84537.6875,84293.4453125,49066.734375,244.2421875,48822.4921875
1290,83535.1,83580.0,83469.8,83503.7,7573.0,35104.1484375,84529.0546875,84285.5859375,49424.90625,243.46875,49181.4375
1291,83513.7,83580.8,83482.9,83560.0,4075.0,34822.91796875,84520.6875,84278.3671875,49697.76953125,242.3203125,49455.44921875
1292,83558.1,83583.9,83455.7,83472.6,4779.0,34528.94140625,84512.28125,84270.3515625,49983.33984375,241.9296875,49741.41015625
1293,83475.7,83697.7,83460.8,83697.7,7239.0,34135.43359375,84505.0859375,84264.65625,50369.65234375,240.4296875,50129.22265625
1294,83699.2,83728.7,83561.3,83568.8,3836.0,33757.078125,84497.2890625,84257.734375,50740.2109375,239.5546875,50500.65625
1295,83575.0,83868.0,83575.0,83768.7,8085.0,33365.68359375,84490.171875,84252.8671875,51124.48828125,237.3046875,50887.18359375
1296,83759.3,83801.6,83697.5,83736.2,8254.0,33004.8359375,84483.1796875,84247.7265625,51478.34375,235.453125,51242.890625
1297,83733.7,83895.9,83695.4,83895.1,5175.0,32774.5546875,84476.9375,84244.21875,51702.3828125,232.71875,51469.6640625
1298,83895.1,84172.5,83887.2,84172.5,15440.0,32381.681640625,84471.0,84243.5078125,52089.318359375,227.4921875,51861.826171875
1299,84172.5,84198.5,84014.1,84014.1,18881.0,31983.8125,84465.4453125,84241.2265625,52481.6328125,224.21875,52257.4140625
1300,83997.4,84091.5,83936.3,84091.5,5203.0,31620.80859375,84460.7109375,84239.734375,52839.90234375,220.9765625,52618.92578125
1301,84094.7,84191.0,84042.3,84116.6,5684.0,31210.755859375,84456.015625,84238.5078125,53245.259765625,217.5078125,53027.751953125
1302,84106.1,84192.9,84071.6,84071.6,3578.0,30811.2109375,84450.4296875,84236.84375,53639.21875,213.5859375,53425.6328125
1303,84067.3,84262.1,84000.0,84188.2,5813.0,30418.25390625,84444.6875,84236.359375,54026.43359375,208.328125,53818.10546875
1304,84184.0,84268.3,84160.8,84247.8,6726.0,30032.58984375,84438.96875,84236.4765625,54406.37890625,202.4921875,54203.88671875
1305,84253.9,84347.9,84232.0,84289.8,12553.0,29651.083984375,84433.3203125,84237.0078125,54782.236328125,196.3125,54585.923828125
1306,84291.0,84482.7,84288.8,84477.0,6928.0,29260.791015625,84429.1953125,84239.3984375,55168.404296875,189.796875,54978.607421875
1307,84474.3,84572.8,84359.7,84463.5,12104.0,28858.994140625,84425.7578125,84241.625,55566.763671875,184.1328125,55382.630859375
1308,84491.5,84593.8,84445.5,84593.8,5926.0,28591.580078125,84423.3046875,84245.1328125,55831.724609375,178.171875,55653.552734375
1309,84594.3,84657.3,84538.5,84556.0,6393.0,28248.0625,84420.0859375,84248.2265625,56172.0234375,171.859375,56000.1640625
1310,84561.0,84644.8,84352.5,84355.3,17323.0,27883.119140625,84415.265625,84249.2890625,56532.146484375,165.9765625,56366.169921875
1311,84363.8,84549.6,84358.7,84520.5,3899.0,27516.25390625,84411.421875,84251.984375,56895.16796875,159.4375,56735.73046875
1312,84505.5,84545.4,84432.1,84432.1,5541.0,28078.556640625,84406.8515625,84253.7734375,56328.294921875,153.078125,56175.216796875
1313,84428.9,84500.3,84385.7,84385.7,5566.0,27850.513671875,84401.6484375,84255.0859375,56551.134765625,146.5625,56404.572265625
1314,84385.6,84501.2,84352.7,84491.3,7929.0,27581.767578125,84396.9609375,84257.4375,56815.193359375,139.5234375,56675.669921875
1315,84491.4,84517.3,84240.4,84367.0,27198.0,27476.859375,84391.8203125,84258.53125,56914.9609375,133.2890625,56781.671875
1316,84371.1,84579.1,84371.1,84566.3,16838.0,27180.046875,84387.3359375,84261.59375,57207.2890625,125.7421875,57081.546875
1317,84566.3,84657.5,84500.1,84637.2,28911.0,26829.298828125,84384.25,84265.328125,57554.951171875,118.921875,57436.029296875
1318,84637.2,84641.0,84500.1,84533.7,4804.0,26438.12109375,84381.265625,84268.0,57943.14453125,113.265625,57829.87890625
1319,84531.4,84644.5,84385.1,84562.9,35778.0,26059.009765625,84378.234375,84270.9375,58319.224609375,107.296875,58211.927734375
1320,84565.2,84628.1,84510.1,84607.1,9880.0,25681.666015625,84375.8359375,84274.28125,58694.169921875,101.5546875,58592.615234375
1321,84624.0,84749.9,84624.0,84645.2,13423.0,25336.189453125,84373.0546875,84277.96875,59036.865234375,95.0859375,58941.779296875
1322,84645.2,84691.3,84599.5,84624.6,6810.0,24954.861328125,84370.0,84281.4140625,59415.138671875,88.5859375,59326.552734375
1323,84623.4,84623.4,84466.6,84474.4,7868.0,24575.509765625,84366.3359375,84283.3359375,59790.826171875,83.0,59707.826171875
1324,84473.5,84506.1,84339.1,84506.1,8344.0,24200.6953125,84363.0078125,84285.5546875,60162.3125,77.453125,60084.859375
1325,84501.9,84535.7,84425.5,84470.1,5125.0,23978.1875,84358.6953125,84287.390625,60380.5078125,71.3046875,60309.203125
1326,84473.0,84624.4,84473.0,84570.9,5409.0,23593.7890625,84355.625,84290.2109375,60761.8359375,65.4140625,60696.421875
1327,84573.3,84586.9,84510.2,84570.1,5718.0,23230.912109375,84352.3359375,84292.9921875,61121.423828125,59.34375,61062.080078125
1328,84577.4,84577.4,84502.7,84553.3,5204.0,22837.884765625,84348.6796875,84295.5859375,61510.794921875,53.09375,61457.701171875
1329,84557.5,84573.1,84470.5,84474.8,3454.0,22477.02734375,84344.46875,84297.3671875,61867.44140625,47.1015625,61820.33984375
1330,84494.4,84595.0,84459.5,84595.0,3585.0,22107.419921875,84341.5,84300.328125,62234.080078125,41.171875,62192.908203125
1331,84595.0,84641.1,84520.0,84520.0,5515.0,21706.2890625,84337.9765625,84302.515625,62631.6875,35.4609375,62596.2265625
1332,84520.0,84540.0,84436.8,84531.9,2068.0,21314.29296875,84335.53125,84304.796875,63021.23828125,30.734375,62990.50390625
1333,84528.5,84623.9,84528.5,84593.7,5397.0,20925.35546875,84333.9765625,84307.671875,63408.62109375,26.3046875,63382.31640625
1334,84593.8,84623.9,84580.6,84607.0,2500.0,20519.294921875,84332.671875,84310.6484375,63813.376953125,22.0234375,63791.353515625
1335,84602.0,84632.5,84525.2,84525.2,4342.0,20113.458984375,84330.3515625,84312.78125,64216.892578125,17.5703125,64199.322265625
1336,84495.7,84515.5,84416.9,84435.8,6431.0,19726.6875,84327.984375,84314.0078125,64601.296875,13.9765625,64587.3203125
1337,84437.8,84583.7,84433.5,84583.7,3990.0,19336.794921875,84326.1015625,84316.6875,64989.306640625,9.4140625,64979.892578125
1338,84585.3,84629.4,84440.0,84440.0,3820.0,18962.07421875,84323.796875,84317.9140625,65361.72265625,5.8828125,65355.83984375
1339,84434.2,84550.9,84434.2,84512.1,3444.0,18597.583984375,84322.078125,84319.84375,65724.494140625,2.234375,65722.259765625
1340,84500.1,84700.0,84494.2,84683.0,7857.0,18258.015625,84321.546875,84323.4609375,66063.53125,1.9140625,66065.4453125
1341,84682.9,84757.3,84664.2,84722.2,6431.0,17958.673828125,84321.3984375,84327.4296875,66362.724609375,6.03125,66368.755859375
1342,84732.9,84821.9,84731.4,84813.0,6394.0,17576.16796875,84322.3984375,84332.2578125,66746.23046875,9.859375,66756.08984375
1343,84816.3,84884.7,84795.9,84873.6,6753.0,17209.423828125,84324.6484375,84337.640625,67115.224609375,12.9921875,67128.216796875
1344,84876.0,84882.6,84729.1,84737.6,5693.0,16838.28125,84327.1796875,84341.6171875,67488.8984375,14.4375,67503.3359375
1345,84741.8,84950.0,84732.4,84931.7,23302.0,16482.5546875,84331.71875,84347.4921875,67849.1640625,15.7734375,67864.9375
1346,84926.2,84950.0,84926.2,84930.6,3691.0,16157.9150390625,84335.6171875,84353.296875,68177.7021484375,17.6796875,68195.3818359375
1347,84930.5,84976.9,84930.5,84946.3,2009.0,15828.6875,84340.359375,84359.1953125,68511.671875,18.8359375,68530.5078125
1348,84946.2,84959.3,84922.1,84943.4,2789.0,15435.4892578125,84345.53125,84365.0078125,68910.0419921875,19.4765625,68929.5185546875
1349,84943.5,84987.6,84943.5,84951.5,3120.0,15057.7841796875,84349.671875,84370.84375,69291.8876953125,21.171875,69313.0595703125
1350,84951.6,84976.7,84937.7,84976.7,4769.0,14832.849609375,84354.8671875,84376.875,69522.017578125,22.0078125,69544.025390625
1351,84986.9,85033.2,84976.6,85021.0,3567.0,14470.654296875,84360.328125,84383.28125,69889.673828125,22.953125,69912.626953125
1352,85023.1,85095.1,84998.7,85054.4,7024.0,14441.0546875,84366.6796875,84389.9609375,69925.625,23.28125,69948.90625
1353,85060.0,85060.0,84988.0,84991.1,5809.0,14452.6298828125,84373.5,84395.9453125,69920.8701171875,22.4453125,69943.3154296875
1354,84995.0,84995.0,84926.9,84981.1,6869.0,14488.9892578125,84380.078125,84401.765625,69891.0888671875,21.6875,69912.7763671875
1355,84986.9,85125.0,84986.9,85079.5,4883.0,14536.19921875,84387.1015625,84408.5078125,69850.90234375,21.40625,69872.30859375
1356,85078.9,85287.3,85078.9,85214.9,12182.0,14593.78515625,84394.6015625,84416.53125,69800.81640625,21.9296875,69822.74609375
1357,85207.9,85207.9,85091.6,85125.2,5917.0,14650.3349609375,84402.96875,84423.5859375,69752.6337890625,20.6171875,69773.2509765625
1358,85123.3,85191.3,85115.6,85191.3,3562.0,14663.8046875,84411.53125,84431.2265625,69747.7265625,19.6953125,69767.421875
1359,85203.1,85266.4,85172.5,85266.3,7952.0,14643.0849609375,84420.578125,84439.5390625,69777.4931640625,18.9609375,69796.4541015625
1360,85266.3,85335.9,85224.6,85314.8,4649.0,14685.580078125,84430.4765625,84448.25,69744.896484375,17.7734375,69762.669921875
1361,85314.7,85327.6,85257.9,85290.8,5677.0,14840.1201171875,84439.046875,84456.6328125,69598.9267578125,17.5859375,69616.5126953125
1362,85284.2,85385.0,85284.2,85349.3,4114.0,14851.1650390625,84448.3515625,84465.515625,69597.1865234375,17.1640625,69614.3505859375
1363,85349.3,85349.4,85323.7,85337.2,2560.0,14858.1650390625,84457.40625,84474.1875,69599.2412109375,16.78125,69616.0224609375
1364,85337.2,85337.2,85219.7,85247.9,5227.0,14855.9091796875,84465.546875,84481.8828125,69609.6376953125,16.3359375,69625.9736328125
1365,85249.9,85259.9,85178.6,85204.9,5217.0,14892.484375,84472.15625,84489.078125,69579.671875,16.921875,69596.59375
1366,85204.9,85235.3,85140.2,85140.2,4989.0,14949.779296875,84478.875,84495.5546875,69529.095703125,16.6796875,69545.775390625
1367,85140.2,85235.6,85140.2,85232.7,4661.0,14943.439453125,84485.640625,84502.890625,69542.201171875,17.25,69559.451171875
1368,85230.2,85332.6,85230.2,85308.8,3567.0,15037.5,84491.8203125,84510.90625,69454.3203125,19.0859375,69473.40625
1369,85308.7,85325.6,85247.1,85272.4,7719.0,15071.5546875,84497.828125,84518.484375,69426.2734375,20.65625,69446.9296875
1370,85272.4,85299.3,85242.7,85271.8,3274.0,15098.4296875,84503.46875,84525.9765625,69405.0390625,22.5078125,69427.546875
1371,85271.7,85385.0,85263.6,85385.0,9905.0,15139.955078125,84509.125,84534.5234375,69369.169921875,25.3984375,69394.568359375
1372,85396.3,85402.3,85347.9,85376.7,7416.0,15169.1591796875,84513.9375,84542.90625,69344.7783203125,28.96875,69373.7470703125
1373,85376.6,85376.6,85336.1,85336.1,2453.0,15193.2099609375,84519.640625,84550.796875,69326.4306640625,31.15625,69357.5869140625
1374,85340.3,85340.3,85214.1,85227.1,3585.0,15213.0595703125,84524.2890625,84557.5234375,69311.2294921875,33.234375,69344.4638671875
1375,85232.9,85265.0,85131.3,85150.6,4884.0,15254.349609375,84528.3515625,84563.421875,69274.001953125,35.0703125,69309.072265625
1376,85156.9,85264.9,85137.6,85233.7,4093.0,15223.8046875,84532.0859375,84570.09375,69308.28125,38.0078125,69346.2890625
1377,85217.6,85250.2,85187.9,85187.9,3042.0,15204.6748046875,84535.4765625,84576.2421875,69330.8017578125,40.765625,69371.5673828125
1378,85188.0,85219.6,85140.7,85146.9,5387.0,15230.76953125,84538.515625,84581.921875,69307.74609375,43.40625,69351.15234375
1379,85147.0,85168.0,85123.9,85168.0,3676.0,15202.3798828125,84541.7890625,84587.75,69339.4091796875,45.9609375,69385.3701171875
1380,85173.0,85201.1,85145.5,85175.5,2938.0,15335.4296875,84545.75,84593.6015625,69210.3203125,47.8515625,69258.171875
1381,85175.4,85308.7,85175.4,85271.4,3374.0,15423.0400390625,84550.3671875,84600.34375,69127.3271484375,49.9765625,69177.3037109375
1382,85275.7,85346.8,85275.7,85335.1,4547.0,15585.7548828125,84555.296875,84607.65625,68969.5419921875,52.359375,69021.9013671875
1383,85331.1,85396.9,85307.4,85363.7,5691.0,15615.9345703125,84559.796875,84615.1796875,68943.8623046875,55.3828125,68999.2451171875
1384,85363.6,85363.6,85312.6,85317.6,2770.0,15637.2451171875,84563.734375,84622.171875,68926.4892578125,58.4375,68984.9267578125
1385,85312.7,85317.4,85182.3,85182.4,4293.0,15709.134765625,84567.3984375,84627.75,68858.263671875,60.3515625,68918.615234375
1386,85182.3,85314.3,85164.8,85314.3,6325.0,15750.19921875,84571.8203125,84634.578125,68821.62109375,62.7578125,68884.37890625
1387,85318.0,85318.0,85226.7,85286.0,4384.0,15767.9248046875,84575.4609375,84641.0625,68807.5361328125,65.6015625,68873.1376953125
1388,85277.4,85298.6,85251.3,85282.4,2589.0,15768.189453125,84577.234375,84647.4453125,68809.044921875,70.2109375,68879.255859375
1389,85280.3,85297.1,85264.1,85288.1,4552.0,15848.9951171875,84579.6484375,84653.8203125,68730.6533203125,74.171875,68804.8251953125
1390,85288.0,85288.0,85264.0,85276.2,3669.0,15791.8193359375,84581.640625,84660.015625,68789.8212890625,78.375,68868.1962890625
1391,85272.0,85272.0,85151.5,85151.5,3295.0,15722.4794921875,84583.1796875,84664.90625,68860.7001953125,81.7265625,68942.4267578125
1392,85151.5,85151.5,85096.9,85118.3,5627.0,15673.6298828125,84585.234375,84669.4140625,68911.6044921875,84.1796875,68995.7841796875
1393,85116.5,85162.1,85071.1,85146.1,12648.0,15675.2744140625,84587.0,84674.15625,68911.7255859375,87.15625,68998.8818359375
1394,85146.1,85163.0,85140.2,85155.3,2485.0,15659.8896484375,84589.359375,84678.9453125,68929.4697265625,89.5859375,69019.0556640625
1395,85151.3,85174.3,85094.8,85128.9,11086.0,15662.32421875,84591.4453125,84683.421875,68929.12109375,91.9765625,69021.09765625
1396,85123.5,85173.4,85108.4,85152.5,4074.0,15667.189453125,84593.9765625,84688.0859375,68926.787109375,94.109375,69020.896484375
1397,85157.6,85200.0,85123.5,85194.5,3695.0,15649.205078125,84596.96875,84693.125,68947.763671875,96.15625,69043.919921875
1398,85184.5,85184.5,85100.1,85108.0,4026.0,15541.439453125,84599.3984375,84697.25,69057.958984375,97.8515625,69155.810546875
1399,85103.8,85173.6,85103.8,85126.0,5888.0,15454.01953125,84602.15625,84701.515625,69148.13671875,99.359375,69247.49609375
1400,85122.7,85122.7,85080.0,85080.0,5181.0,15463.33984375,84604.578125,84705.28125,69141.23828125,100.703125,69241.94140625
1401,85078.1,85119.0,85066.1,85083.9,5969.0,15452.4091796875,84607.859375,84709.046875,69155.4501953125,101.1875,69256.6376953125
1402,85083.9,85083.9,85000.1,85000.1,7568.0,15460.39453125,84610.046875,84711.9453125,69149.65234375,101.8984375,69251.55078125
1403,85000.0,85000.0,84768.8,84771.3,17413.0,15457.58984375,84610.5,84712.5390625,69152.91015625,102.0390625,69254.94921875
1404,84778.5,84901.1,84759.3,84759.4,18648.0,15454.9150390625,84610.53125,84713.0078125,69155.6162109375,102.4765625,69258.0927734375
1405,84759.3,84817.5,84719.9,84794.5,17624.0,15463.1494140625,84611.1796875,84713.8203125,69148.0302734375,102.640625,69250.6708984375
1406,84797.2,84886.7,84790.4,84886.7,5479.0,15470.9150390625,84612.640625,84715.5390625,69141.7255859375,102.8984375,69244.6240234375
1407,84894.2,85004.6,84875.5,84946.0,4911.0,15451.3994140625,84614.46875,84717.8359375,69163.0693359375,103.3671875,69266.4365234375
1408,84940.0,84940.0,84840.2,84886.5,2696.0,15454.4443359375,84615.78125,84719.515625,69161.3369140625,103.734375,69265.0712890625
1409,84886.5,84920.4,84827.7,84827.7,2818.0,15454.2998046875,84615.8359375,84720.59375,69161.5361328125,104.7578125,69266.2939453125
1410,84817.8,84817.8,84573.6,84573.6,10330.0,15463.0498046875,84614.9375,84719.1328125,69151.8876953125,104.1953125,69256.0830078125
1411,84573.6,84623.7,84513.1,84548.0,4644.0,15527.76953125,84614.0,84717.4296875,69086.23046875,103.4296875,69189.66015625
1412,84535.2,84575.2,84499.8,84537.8,6736.0,15540.0244140625,84613.5390625,84715.640625,69073.5146484375,102.1015625,69175.6162109375
1413,84545.2,84545.2,84415.2,84437.1,3132.0,15541.7294921875,84613.0859375,84712.8671875,69071.3564453125,99.78125,69171.1376953125
1414,84438.1,84441.4,84411.0,84431.5,8019.0,15548.279296875,84612.421875,84710.0703125,69064.142578125,97.6484375,69161.791015625
1415,84431.5,84431.5,84329.5,84329.7,4837.0,15556.7099609375,84611.3203125,84706.2890625,69054.6103515625,94.96875,69149.5791015625
1416,84329.6,84573.8,84325.3,84543.5,4916.0,15577.4892578125,84610.6171875,84704.671875,69033.1279296875,94.0546875,69127.1826171875
1417,84543.5,84674.9,84491.1,84563.8,7479.0,15582.51953125,84609.8515625,84703.2734375,69027.33203125,93.421875,69120.75390625
1418,84555.4,84580.1,84402.6,84417.6,5340.0,15561.0341796875,84609.15625,84700.4296875,69048.1220703125,91.2734375,69139.3955078125
1419,84426.5,84583.1,84420.1,84491.6,5714.0,15542.205078125,84607.8203125,84698.3515625,69065.615234375,90.53125,69156.146484375
1420,84489.1,84580.6,84489.1,84493.1,3700.0,15491.349609375,84605.8359375,84696.3125,69114.486328125,90.4765625,69204.962890625
1421,84493.1,84512.0,84401.3,84492.6,2634.0,15487.669921875,84603.484375,84694.2890625,69115.814453125,90.8046875,69206.619140625
1422,84473.6,84607.2,84473.6,84543.7,9077.0,15501.974609375,84601.9453125,84692.7890625,69099.970703125,90.84375,69190.814453125
1423,84535.3,84594.5,84535.3,84573.6,3174.0,15508.2294921875,84600.3984375,84691.6015625,69092.1689453125,91.203125,69183.3720703125
1424,84568.0,84662.5,84558.3,84662.4,4561.0,15508.0849609375,84599.140625,84691.3125,69091.0556640625,92.171875,69183.2275390625
1425,84662.5,84971.1,84662.5,84875.6,23345.0,15513.8349609375,84598.6484375,84693.1484375,69084.8134765625,94.5,69179.3134765625
1426,84873.3,84873.3,84697.5,84697.5,6030.0,15509.9091796875,84597.359375,84693.1953125,69087.4501953125,95.8359375,69183.2861328125
1427,84697.5,84697.5,84500.0,84500.0,5918.0,15521.6494140625,84595.171875,84691.2734375,69073.5224609375,96.1015625,69169.6240234375
1428,84500.0,84565.7,84439.7,84562.1,4697.0,15534.564453125,84593.5703125,84689.984375,69059.005859375,96.4140625,69155.419921875
1429,84565.1,84598.8,84518.5,84570.2,2522.0,15534.0048828125,84591.9375,84688.7890625,69057.9326171875,96.8515625,69154.7841796875
1430,84579.0,84671.3,84562.1,84588.8,5727.0,15577.94921875,84590.5,84687.796875,69012.55078125,97.296875,69109.84765625
1431,84593.0,84593.0,84438.2,84500.6,5311.0,15585.529296875,84589.3984375,84685.9375,69003.869140625,96.5390625,69100.408203125
1432,84504.8,84504.8,84356.0,84382.9,4358.0,15583.4794921875,84587.6015625,84682.921875,69004.1220703125,95.3203125,69099.4423828125
1433,84389.4,84476.9,84312.4,84476.9,7078.0,15580.3095703125,84586.6875,84680.875,69006.3779296875,94.1875,69100.5654296875
1434,84477.0,84488.0,84382.9,84434.7,5544.0,15584.7646484375,84585.65625,84678.421875,69000.8916015625,92.765625,69093.6572265625
1435,84447.3,84447.3,84367.8,84444.3,4011.0,15599.259765625,84584.234375,84676.09375,68984.974609375,91.859375,69076.833984375
1436,84444.3,84482.8,84433.5,84462.5,3019.0,15594.234375,84582.7578125,84673.96875,68988.5234375,91.2109375,69079.734375
1437,84464.0,84523.8,84395.9,84404.6,4104.0,15592.330078125,84580.6953125,84671.2890625,68988.365234375,90.59375,69078.958984375
1438,84407.5,84426.2,84308.9,84344.0,3211.0,15611.3896484375,84578.1484375,84668.03125,68966.7587890625,89.8828125,69056.6416015625
1439,84331.3,84382.0,84251.4,84285.8,8637.0,15576.46484375,84575.8359375,84664.2265625,68999.37109375,88.390625,69087.76171875
