bar,open,high,low,close,volume,batched,isolated,cpu,abs_bi,abs_ic,abs_bc
0,88066.7,88174.6,88048.0,88155.1,5735.0,0.0,0.0,nan,0.0,nan,nan
1,88146.7,88160.1,88081.7,88081.7,4816.0,0.0,0.0,nan,0.0,nan,nan
2,88080.4,88080.4,87849.9,87850.0,10862.0,0.0,0.0,nan,0.0,nan,nan
3,87857.1,87944.5,87780.2,87930.1,15390.0,0.0,0.0,nan,0.0,nan,nan
4,87930.2,88039.6,87930.2,87991.6,4863.0,0.0,0.0,nan,0.0,nan,nan
5,87980.8,87980.8,87852.6,87856.9,2161.0,0.0,0.0,nan,0.0,nan,nan
6,87862.5,87869.1,87773.9,87797.8,3002.0,0.0,0.0,nan,0.0,nan,nan
7,87794.2,87794.2,87660.4,87672.7,7045.0,0.0,0.0,nan,0.0,nan,nan
8,87672.6,87704.8,87569.3,87664.0,6992.0,0.0,0.0,nan,0.0,nan,nan
9,87657.2,87718.7,87621.5,87639.1,4116.0,0.0,0.0,nan,0.0,nan,nan
10,87649.7,87726.9,87580.2,87580.2,5538.0,0.0,0.0,nan,0.0,nan,nan
11,87583.2,87604.9,87412.0,87430.1,7937.0,0.0,0.0,nan,0.0,nan,nan
12,87427.6,87504.4,87326.9,87504.4,28049.0,0.0,0.0,nan,0.0,nan,nan
13,87505.9,87647.8,87477.7,87600.8,5425.0,0.0,0.0,nan,0.0,nan,nan
14,87596.5,87649.2,87531.3,87564.6,5409.0,0.0,0.0,nan,0.0,nan,nan
15,87564.6,87669.2,87529.0,87648.0,5356.0,0.0,0.0,nan,0.0,nan,nan
16,87649.4,87731.5,87631.9,87721.9,8400.0,0.0,0.0,nan,0.0,nan,nan
17,87708.6,87759.6,87682.4,87759.6,6562.0,0.0,0.0,nan,0.0,nan,nan
18,87750.7,87750.7,87519.8,87519.8,4150.0,0.0,0.0,nan,0.0,nan,nan
19,87502.6,87590.1,87498.4,87562.6,3954.0,0.0,0.0,-25.762353897094727,0.0,25.762353897094727,25.762353897094727
20,87566.9,87578.4,87328.7,87343.5,11941.0,0.0,0.0,-24.467905044555664,0.0,24.467905044555664,24.467905044555664
21,87343.4,87344.0,87227.3,87256.3,12379.0,0.0,0.0,-24.357683181762695,0.0,24.357683181762695,24.357683181762695
22,87252.7,87420.8,87252.7,87392.1,3767.0,0.0,0.0,-24.724653244018555,0.0,24.724653244018555,24.724653244018555
23,87392.1,87404.4,87287.0,87371.4,6300.0,0.0,0.0,-23.434051513671875,0.0,23.434051513671875,23.434051513671875
24,87372.5,87475.6,87339.6,87471.7,3668.0,0.0,0.0,-18.89931869506836,0.0,18.89931869506836,18.89931869506836
25,87471.1,87484.4,87403.9,87439.2,2831.0,0.0,0.0,-16.173959732055664,0.0,16.173959732055664,16.173959732055664
26,87436.2,87436.2,87315.9,87370.4,3545.0,0.0,0.0,-14.736595153808594,0.0,14.736595153808594,14.736595153808594
27,87363.6,87377.7,87303.3,87303.3,4063.0,0.0,0.0,-15.59028434753418,0.0,15.59028434753418,15.59028434753418
28,87303.2,87318.1,87204.0,87204.0,3420.0,0.0,0.0,-17.444419860839844,0.0,17.444419860839844,17.444419860839844
29,87200.9,87280.4,87200.9,87257.5,3839.0,0.0,0.0,-18.235673904418945,0.0,18.235673904418945,18.235673904418945
30,87263.5,87278.8,87211.2,87226.8,13526.0,0.0,0.0,-19.82168197631836,0.0,19.82168197631836,19.82168197631836
31,87226.1,87258.0,87206.6,87206.6,2066.0,0.0,0.0,-23.534780502319336,0.0,23.534780502319336,23.534780502319336
32,87205.6,87205.6,87154.6,87173.2,5683.0,0.0,0.0,-26.215801239013672,0.0,26.215801239013672,26.215801239013672
33,87173.3,87298.7,87173.3,87286.8,7188.0,0.0,0.0,-25.253934860229492,0.0,25.253934860229492,25.253934860229492
34,87283.7,87286.9,87182.4,87186.8,7126.0,0.0,0.0,-25.819965362548828,0.0,25.819965362548828,25.819965362548828
35,87183.8,87183.8,87080.0,87080.0,7382.0,0.0,0.0,-26.026721954345703,0.0,26.026721954345703,26.026721954345703
36,87080.0,87113.9,86878.6,86895.9,34739.0,0.0,0.0,-26.842546463012695,0.0,26.842546463012695,26.842546463012695
37,86901.3,86939.1,86776.4,86781.0,17855.0,0.0,0.0,-27.462358474731445,0.0,27.462358474731445,27.462358474731445
38,86790.1,86895.4,86767.0,86877.6,13092.0,0.0,0.0,-29.016958236694336,0.0,29.016958236694336,29.016958236694336
39,86877.7,86894.4,86752.5,86799.2,5481.0,0.0,0.0,-30.049964904785156,0.0,30.049964904785156,30.049964904785156
40,86806.7,86985.6,86797.5,86985.6,5524.0,0.0,0.0,-30.731666564941406,0.0,30.731666564941406,30.731666564941406
41,86985.6,87091.2,86985.6,87037.7,6819.0,0.0,0.0,-31.50775909423828,0.0,31.50775909423828,31.50775909423828
42,87042.2,87085.2,87006.2,87022.0,9574.0,0.0,0.0,-30.035184860229492,0.0,30.035184860229492,30.035184860229492
43,87016.0,87059.1,86992.0,87055.7,4562.0,0.0,0.0,-27.851486206054688,0.0,27.851486206054688,27.851486206054688
44,87037.1,87118.4,87034.5,87034.5,4385.0,0.0,0.0,-23.912200927734375,0.0,23.912200927734375,23.912200927734375
45,87034.0,87079.4,86918.0,86918.1,5614.0,0.0,0.0,-21.491458892822266,0.0,21.491458892822266,21.491458892822266
46,86922.3,86999.7,86852.1,86965.0,3934.0,0.0,0.0,-18.70351791381836,0.0,18.70351791381836,18.70351791381836
47,86973.7,87026.1,86973.7,87022.1,3649.0,0.0,0.0,-15.549717903137207,0.0,15.549717903137207,15.549717903137207
48,87024.4,87024.4,86888.0,86937.6,4724.0,0.0,0.0,-14.748055458068848,0.0,14.748055458068848,14.748055458068848
49,86937.7,86946.2,86784.8,86834.6,8186.0,-26.487024307250977,-23.09040069580078,-14.172486305236816,3.3966236114501953,8.917914390563965,12.31453800201416
50,86834.1,86875.0,86816.4,86816.4,3229.0,-26.741243362426758,-22.447235107421875,-13.705809593200684,4.294008255004883,8.741425514221191,13.035433769226074
51,86811.0,86811.0,86736.8,86747.7,8672.0,-28.073455810546875,-22.017934799194336,-13.92222785949707,6.055521011352539,8.095706939697266,14.151227951049805
52,86747.7,86754.9,86632.4,86663.7,10621.0,-29.094167709350586,-22.223350524902344,-15.17591667175293,6.870817184448242,7.047433853149414,13.918251037597656
53,86662.6,86733.1,86656.0,86711.6,5251.0,-30.066322326660156,-22.008838653564453,-13.185590744018555,8.057483673095703,8.823247909545898,16.8807315826416
54,86713.4,86797.0,86694.8,86776.0,8816.0,-31.04671287536621,-21.375783920288086,-10.989279747009277,9.670928955078125,10.386504173278809,20.057433128356934
55,86771.9,86843.4,86754.9,86843.1,8289.0,-32.003196716308594,-20.7962646484375,-8.902901649475098,11.206932067871094,11.893362998962402,23.100295066833496
56,86839.4,86843.2,86788.6,86793.6,4040.0,-32.511016845703125,-20.379751205444336,-10.074295043945312,12.131265640258789,10.305456161499023,22.436721801757812
57,86791.6,86810.2,86771.6,86771.6,1637.0,-33.86296081542969,-20.225566864013672,-13.220330238342285,13.637393951416016,7.005236625671387,20.642630577087402
58,86771.7,86775.9,86561.1,86561.5,18764.0,-34.756256103515625,-20.50111198425293,-17.82839584350586,14.255144119262695,2.6727161407470703,16.927860260009766
59,86561.1,86653.2,86547.3,86632.5,11099.0,-35.4446907043457,-20.565250396728516,-22.184703826904297,14.879440307617188,1.6194534301757812,13.259986877441406
60,86623.2,86749.9,86578.5,86691.8,11360.0,-37.416011810302734,-20.534517288208008,-22.500099182128906,16.881494522094727,1.9655818939208984,14.915912628173828
61,86692.1,86807.3,86674.1,86777.2,4944.0,-39.28874588012695,-20.587039947509766,-20.3309383392334,18.701705932617188,0.2561016082763672,18.957807540893555
62,86777.1,86912.6,86772.8,86888.4,31143.0,-40.752464294433594,-20.135705947875977,-16.429487228393555,20.616758346557617,3.706218719482422,24.32297706604004
63,86890.1,86910.7,86847.2,86877.6,6761.0,-41.759498596191406,-19.41045379638672,-11.94921875,22.349044799804688,7.461235046386719,29.810279846191406
64,86880.8,86880.8,86707.1,86707.1,6576.0,-42.40303421020508,-19.107524871826172,-9.971628189086914,23.295509338378906,9.135896682739258,32.431406021118164
65,86703.9,87030.3,86664.3,87004.3,7093.0,-42.01042938232422,-17.819904327392578,-5.093932151794434,24.19052505493164,12.725972175598145,36.916497230529785
66,87003.4,87029.3,86934.7,86960.8,9135.0,-42.80027770996094,-16.38996124267578,-0.22677983343601227,26.410316467285156,16.16318140923977,42.573497876524925
67,86961.3,87031.1,86961.3,87016.8,6887.0,-43.369625091552734,-14.662591934204102,6.348296642303467,28.707033157348633,21.01088857650757,49.7179217338562
68,87018.6,87098.9,86982.8,87042.9,4779.0,-43.62670135498047,-13.39144229888916,11.97001838684082,30.23525905609131,25.36146068572998,55.59671974182129
69,87042.8,87089.4,86993.0,87040.7,3567.0,-42.78537368774414,-11.97314739227295,15.77572250366211,30.81222629547119,27.74886989593506,58.56109619140625
70,87052.8,87151.8,87042.7,87146.3,5135.0,-41.38938903808594,-10.793888092041016,20.492563247680664,30.595500946044922,31.28645133972168,61.8819522857666
71,87136.8,87202.0,87082.7,87141.6,9808.0,-39.63832473754883,-9.819674491882324,23.56157684326172,29.818650245666504,33.38125133514404,63.19990158081055
72,87141.5,87171.3,87077.6,87103.5,9815.0,-37.50648880004883,-8.592534065246582,24.167640686035156,28.913954734802246,32.76017475128174,61.674129486083984
73,87120.2,87156.4,87092.1,87139.0,6378.0,-35.683509826660156,-7.304327964782715,25.37578773498535,28.37918186187744,32.680115699768066,61.05929756164551
74,87127.1,87285.6,87127.1,87285.6,10418.0,-33.746700286865234,-5.404826641082764,29.05235481262207,28.34187364578247,34.457181453704834,62.799055099487305
75,87286.3,87347.0,87230.6,87262.4,6640.0,-30.88306427001953,-3.6171908378601074,32.69063186645508,27.265873432159424,36.307822704315186,63.57369613647461
76,87267.2,87304.4,87227.4,87265.9,7803.0,-28.21746826171875,-1.9760863780975342,34.96680450439453,26.241381883621216,36.942890882492065,63.18427276611328
77,87258.1,87397.0,87246.9,87381.6,5966.0,-26.087596893310547,-0.21693924069404602,37.83829116821289,25.8706576526165,38.05523040890694,63.92588806152344
78,87379.2,87416.2,87350.2,87382.5,8104.0,-23.496496200561523,1.29598069190979,36.48793029785156,24.792476892471313,35.19194960594177,59.984426498413086
79,87385.3,87385.3,87203.1,87206.5,8375.0,-21.379993438720703,2.504866123199463,32.50974655151367,23.884859561920166,30.00488042831421,53.889739990234375
80,87197.9,87269.5,87184.0,87255.9,5466.0,-19.525760650634766,3.761140823364258,29.310361862182617,23.286901473999023,25.54922103881836,48.83612251281738
81,87257.0,87259.1,87077.1,87085.8,11182.0,-17.38574981689453,4.564728736877441,24.181203842163086,21.950478553771973,19.616475105285645,41.56695365905762
82,87078.5,87191.7,87067.9,87178.3,8493.0,-14.594550132751465,5.517153263092041,21.665138244628906,20.111703395843506,16.147984981536865,36.25968837738037
83,87179.5,87211.0,87081.9,87101.3,4100.0,-11.41311264038086,6.563403129577637,17.442657470703125,17.976515769958496,10.879254341125488,28.855770111083984
84,87101.5,87165.0,87084.1,87164.6,4103.0,-8.967129707336426,7.534082889556885,11.096040725708008,16.50121259689331,3.561957836151123,20.063170433044434
85,87159.0,87263.8,87159.0,87263.8,7991.0,-6.529659271240234,8.480484008789062,10.171088218688965,15.010143280029297,1.6906042098999023,16.7007474899292
86,87263.8,87364.8,87257.3,87257.3,12821.0,-4.441984176635742,8.939009666442871,8.076210021972656,13.380993843078613,0.8627996444702148,12.518194198608398
87,87254.8,87272.0,87194.2,87201.1,4852.0,-2.7533366680145264,8.950226783752441,5.616888046264648,11.703563451766968,3.333338737487793,8.370224714279175
88,87196.9,87344.5,87196.1,87273.3,9019.0,-1.841448187828064,9.331398963928223,4.323907375335693,11.172847151756287,5.007491588592529,6.165355563163757
89,87273.3,87299.0,87234.8,87282.5,4458.0,-1.3756388425827026,9.499135971069336,2.781273603439331,10.874774813652039,6.717862367630005,4.156912446022034
90,87282.4,87294.7,87186.6,87234.4,13604.0,-0.5888614654541016,9.968111038208008,1.8551398515701294,10.55697250366211,8.112971186637878,2.444001317024231
91,87234.5,87344.6,87234.5,87254.1,5698.0,0.4037301242351532,10.582941055297852,1.003859281539917,10.179210931062698,9.579081773757935,0.6001291573047638
92,87254.0,87260.8,87090.8,87090.8,4446.0,0.9248268604278564,10.756210327148438,-2.9511220455169678,9.831383466720581,13.707332372665405,3.875948905944824
93,87088.6,87156.5,87058.1,87150.2,4771.0,1.6423643827438354,11.14727783203125,-5.477813720703125,9.504913449287415,16.625091552734375,7.1201781034469604
94,87146.9,87224.5,87120.0,87136.1,7039.0,2.389281988143921,11.44172477722168,-5.908041477203369,9.052442789077759,17.34976625442505,8.29732346534729
95,87147.1,87212.5,87021.3,87200.3,6592.0,2.3945987224578857,11.59034538269043,-5.562746524810791,9.195746660232544,17.15309190750122,7.957345247268677
96,87208.9,87303.3,87188.9,87287.3,7835.0,1.393402099609375,12.03584098815918,-3.8259456157684326,10.642438888549805,15.861786603927612,5.219347715377808
97,87292.2,87397.9,87289.2,87386.0,6161.0,-0.07802928984165192,12.820036888122559,1.1156132221221924,12.89806617796421,11.704423666000366,1.1936425119638443
98,87393.5,87497.2,87393.5,87484.7,9223.0,-1.432217001914978,13.596611022949219,7.474788665771484,15.028828024864197,6.121822357177734,8.907005667686462
99,87479.7,87499.9,87346.1,87346.1,5379.0,-2.214538097381592,13.738747596740723,8.921305656433105,15.953285694122314,4.817441940307617,11.135843753814697
100,87346.2,87399.9,87346.2,87374.0,3442.0,-3.465864896774292,13.855899810791016,11.336419105529785,17.321764707565308,2.5194807052612305,14.802284002304077
101,87368.5,87480.9,87358.2,87448.0,4521.0,-5.314842700958252,13.92427921295166,11.945265769958496,19.239121913909912,1.979013442993164,17.260108470916748
102,87444.3,87446.4,87365.9,87396.3,4579.0,-7.754341125488281,13.597103118896484,12.731355667114258,21.351444244384766,0.8657474517822266,20.48569679260254
103,87418.0,87425.2,87303.7,87303.7,4357.0,-12.890475273132324,13.100192070007324,10.651068687438965,25.99066734313965,2.4491233825683594,23.54154396057129
104,87298.5,87299.3,87195.9,87228.9,6647.0,-16.500782012939453,12.52509880065918,8.197321891784668,29.025880813598633,4.327776908874512,24.69810390472412
105,87225.0,87274.1,87190.0,87274.1,6185.0,-20.47179412841797,12.180375099182129,7.858887672424316,32.6521692276001,4.3214874267578125,28.330681800842285
106,87269.8,87339.4,87262.9,87336.5,2842.0,-23.139602661132812,11.8202543258667,8.293732643127441,34.95985698699951,3.526521682739258,31.433335304260254
107,87332.8,87389.0,87309.1,87343.0,3113.0,-26.38437843322754,11.369657516479492,7.815037727355957,37.75403594970703,3.554619789123535,34.199416160583496
108,87343.0,87361.8,87296.6,87357.5,5787.0,-29.468826293945312,10.38185977935791,8.470030784606934,39.85068607330322,1.9118289947509766,37.938857078552246
109,87367.3,87367.3,87300.2,87324.3,2920.0,-31.551982879638672,9.41250228881836,8.669384002685547,40.96448516845703,0.7431182861328125,40.22136688232422
110,87324.1,87420.1,87299.5,87391.6,3281.0,-33.33888244628906,8.683808326721191,9.007883071899414,42.022690773010254,0.32407474517822266,42.34676551818848
111,87387.3,87426.6,87367.6,87367.6,3299.0,-35.13838195800781,8.038153648376465,9.078230857849121,43.17653560638428,1.0400772094726562,44.216612815856934
112,87370.5,87434.3,87366.8,87434.3,5919.0,-37.02220916748047,7.765435218811035,7.35219669342041,44.787644386291504,0.413238525390625,44.37440586090088
113,87441.1,87441.1,87327.1,87348.1,4270.0,-39.112220764160156,7.212254047393799,4.816253662109375,46.324474811553955,2.396000385284424,43.92847442626953
114,87348.0,87402.0,87325.2,87387.7,2276.0,-40.892818450927734,6.290408611297607,2.325798988342285,47.18322706222534,3.9646096229553223,43.21861743927002
115,87379.9,87435.9,87357.2,87418.0,3605.0,-43.261539459228516,6.099161148071289,0.9034187197685242,49.360700607299805,5.195742428302765,44.16495817899704
116,87412.0,87412.0,87284.7,87319.5,3262.0,-46.82473373413086,5.530214309692383,-0.8797932267189026,52.35494804382324,6.410007536411285,45.94494050741196
117,87323.4,87333.8,87269.7,87269.7,3139.0,-49.781089782714844,4.94654655456543,-1.8643444776535034,54.72763633728027,6.810891032218933,47.91674530506134
118,87268.0,87268.0,87192.3,87228.9,4089.0,-52.779144287109375,4.306854248046875,-1.6984668970108032,57.08599853515625,6.005321145057678,51.08067739009857
119,87233.8,87283.9,87226.1,87283.9,1985.0,-55.13908004760742,3.773679494857788,-2.550652027130127,58.91275954246521,6.324331521987915,52.588428020477295
120,87283.9,87334.5,87282.3,87327.1,2113.0,-56.749298095703125,3.5793285369873047,-2.2516095638275146,60.32862663269043,5.830938100814819,54.49768853187561
121,87327.1,87342.2,87293.3,87342.2,2732.0,-58.19337844848633,3.387497663497925,-0.4978853464126587,61.58087611198425,3.8853830099105835,57.69549310207367
122,87346.3,87440.5,87267.0,87267.0,4450.0,-59.207786560058594,2.910778284072876,-0.47576361894607544,62.11856484413147,3.3865419030189514,58.73202294111252
123,87267.0,87291.5,87154.6,87233.4,12040.0,-60.196693420410156,2.424224615097046,-2.2012393474578857,62.6209180355072,4.625463962554932,57.99545407295227
124,87229.9,87343.2,87223.0,87322.4,6250.0,-61.625160217285156,2.4957387447357178,-3.730691909790039,64.12089896202087,6.226430654525757,57.89446830749512
125,87321.5,87395.6,87312.0,87383.6,3558.0,-62.67669677734375,2.6525347232818604,-3.8126821517944336,65.32923150062561,6.465216875076294,58.864014625549316
126,87388.6,87466.1,87370.7,87449.7,5254.0,-64.38329315185547,2.961240768432617,-2.1297874450683594,67.34453392028809,5.091028213500977,62.25350570678711
127,87450.7,87466.7,87295.4,87343.6,16226.0,-65.5256118774414,3.2856199741363525,-2.0302278995513916,68.81123185157776,5.315847873687744,63.495383977890015
128,87356.8,87381.6,87285.9,87330.1,8568.0,-67.34741973876953,3.5847067832946777,-1.8954828977584839,70.93212652206421,5.480189681053162,65.45193684101105
129,87339.4,87339.4,87218.9,87218.9,4133.0,-69.16566467285156,3.198709011077881,-3.8324129581451416,72.36437368392944,7.0311219692230225,65.33325171470642
130,87202.4,87283.3,87168.3,87237.2,3723.0,-71.74164581298828,2.97196626663208,-4.286648273468018,74.71361207962036,7.258614540100098,67.45499753952026
131,87239.7,87262.3,87175.9,87235.0,3241.0,-73.10166931152344,2.325850486755371,-4.919126033782959,75.42751979827881,7.24497652053833,68.18254327774048
132,87247.9,87259.9,87183.5,87198.4,4240.0,-74.96515655517578,1.80570650100708,-4.821998119354248,76.77086305618286,6.627704620361328,70.14315843582153
133,87205.2,87233.0,87176.7,87185.5,1926.0,-76.7407455444336,1.0648431777954102,-5.915378093719482,77.805588722229,6.980221271514893,70.82536745071411
134,87182.6,87182.6,87080.3,87157.2,6053.0,-77.46513366699219,0.40489792823791504,-6.5431976318359375,77.8700315952301,6.9480955600738525,70.92193603515625
135,87147.5,87234.0,87147.5,87233.0,3708.0,-78.8551254272461,0.16727586090564728,-5.263216495513916,79.02240128815174,5.430492356419563,73.59190893173218
136,87229.2,87275.8,87143.6,87155.3,7892.0,-79.75813293457031,-0.2683236300945282,-6.37034797668457,79.48980930447578,6.102024346590042,73.38778495788574
137,87155.4,87198.1,87005.4,87017.6,15190.0,-80.25101470947266,-1.153475046157837,-9.983899116516113,79.09753966331482,8.830424070358276,70.26711559295654
138,87018.5,87075.7,87005.2,87075.7,9681.0,-79.69491577148438,-1.7076398134231567,-13.032612800598145,77.98727595806122,11.324972987174988,66.66230297088623
139,87068.2,87068.2,86884.7,86918.4,9446.0,-78.5409164428711,-2.590517044067383,-17.229745864868164,75.95039939880371,14.639228820800781,61.31117057800293
140,86923.9,86925.9,86830.4,86912.9,6178.0,-77.56633758544922,-3.569309711456299,-20.273672103881836,73.99702787399292,16.704362392425537,57.29266548156738
141,86915.6,87056.8,86915.6,87049.1,8672.0,-76.23341369628906,-4.149781227111816,-20.51053237915039,72.08363246917725,16.360751152038574,55.72288131713867
142,87049.1,87251.5,87049.1,87242.7,7613.0,-74.23839569091797,-4.6519775390625,-18.72831916809082,69.58641815185547,14.07634162902832,55.51007652282715
143,87227.2,87331.2,87227.2,87306.4,14326.0,-71.8878402709961,-4.877860069274902,-16.530187606811523,67.00998020172119,11.652327537536621,55.35765266418457
144,87306.3,87306.3,87113.3,87159.9,50306.0,-69.02189636230469,-5.495333194732666,-15.129423141479492,63.52656316757202,9.634089946746826,53.892473220825195
145,87164.3,87203.0,87143.6,87181.7,14310.0,-65.61359405517578,-5.907668590545654,-12.206438064575195,59.70592546463013,6.298769474029541,53.407155990600586
146,87183.5,87394.7,87183.5,87356.0,7122.0,-62.16343688964844,-5.693464279174805,-5.446181774139404,56.46997261047363,0.2472825050354004,56.71725511550903
147,87368.6,87397.5,87249.7,87268.0,3750.0,-58.421932220458984,-5.451478481292725,-1.4774495363235474,52.97045373916626,3.9740289449691772,56.94448268413544
148,87266.5,87266.5,87183.7,87217.1,3825.0,-54.53414535522461,-5.074423789978027,1.6646909713745117,49.45972156524658,6.739114761352539,56.19883632659912
149,87200.8,87325.8,87200.8,87286.3,5999.0,-50.65634536743164,-4.853550910949707,4.2094221115112305,45.802794456481934,9.062973022460938,54.86576747894287
150,87278.5,87324.1,87270.8,87315.4,3828.0,-46.806602478027344,-4.485930919647217,7.357559680938721,42.32067155838013,11.843490600585938,54.164162158966064
151,87315.5,87327.8,87211.1,87211.1,2126.0,-43.491695404052734,-4.1780242919921875,8.86336898803711,39.31367111206055,13.041393280029297,52.355064392089844
152,87207.4,87207.4,87079.5,87094.4,6031.0,-41.711402893066406,-4.250337600708008,8.160009384155273,37.4610652923584,12.410346984863281,49.87141227722168
153,87111.9,87161.5,87092.5,87128.8,4104.0,-42.09992218017578,-4.437558650970459,7.900787353515625,37.66236352920532,12.338346004486084,50.000709533691406
154,87116.6,87131.4,87081.3,87081.3,2055.0,-41.50758743286133,-4.8994340896606445,6.601468563079834,36.608153343200684,11.500902652740479,48.10905599594116
155,87080.0,87080.0,86926.0,86933.7,4617.0,-41.392093658447266,-5.58746862411499,4.504605293273926,35.804625034332275,10.092073917388916,45.89669895172119
156,86946.5,87017.3,86910.8,87017.3,4854.0,-40.665706634521484,-5.893531799316406,2.825117588043213,34.77217483520508,8.71864938735962,43.4908242225647
157,87023.3,87069.6,86971.3,87004.0,3525.0,-40.80781173706055,-6.183890342712402,-1.0109434127807617,34.623921394348145,5.172946929931641,39.796868324279785
158,87004.9,87153.3,87004.9,87103.2,7838.0,-41.00274658203125,-6.173287391662598,-2.4919700622558594,34.82945919036865,3.6813173294067383,38.51077651977539
159,87098.0,87153.9,87067.0,87098.1,2920.0,-40.30659866333008,-6.22977352142334,-6.570988178253174,34.07682514190674,0.341214656829834,33.735610485076904
160,87101.9,87141.3,87089.1,87089.1,6354.0,-39.88221740722656,-6.121657371520996,-11.135649681091309,33.760560035705566,5.0139923095703125,28.746567726135254
161,87088.1,87152.0,87075.8,87148.2,2718.0,-40.30619812011719,-5.904226303100586,-12.9703950881958,34.4019718170166,7.066168785095215,27.335803031921387
162,87148.2,87220.1,87142.5,87220.1,3075.0,-39.26797103881836,-5.334634304046631,-10.870177268981934,33.93333673477173,5.535542964935303,28.397793769836426
163,87226.1,87260.8,87217.8,87243.1,2324.0,-36.133644104003906,-4.901862144470215,-7.40168571472168,31.23178195953369,2.499823570251465,28.731958389282227
164,87250.2,87250.2,87197.9,87236.4,2364.0,-32.062171936035156,-4.374741554260254,-6.246927738189697,27.687430381774902,1.8721861839294434,25.81524419784546
165,87239.3,87340.2,87231.4,87340.1,3636.0,-27.686290740966797,-3.5168190002441406,-3.3814496994018555,24.169471740722656,0.13536930084228516,24.30484104156494
166,87331.3,87331.3,87163.4,87212.3,16197.0,-23.436752319335938,-3.1936075687408447,0.1721099615097046,20.243144750595093,3.3657175302505493,23.608862280845642
167,87209.9,87275.8,87209.9,87275.7,6730.0,-18.88050651550293,-2.830904960632324,3.458094358444214,16.049601554870605,6.288999319076538,22.338600873947144
168,87266.9,87281.3,87238.0,87241.9,3204.0,-14.776762008666992,-2.650106906890869,5.445911884307861,12.126655101776123,8.09601879119873,20.222673892974854
169,87240.0,87266.2,87151.5,87151.5,3662.0,-10.19018268585205,-2.54656982421875,7.197591781616211,7.643612861633301,9.744161605834961,17.38777446746826
170,87144.2,87230.2,87144.2,87230.2,2223.0,-4.899495601654053,-2.1424710750579834,10.73580265045166,2.7570245265960693,12.878273725509644,15.635298252105713
171,87221.2,87257.5,87178.1,87211.1,3237.0,1.3068907260894775,-1.7353296279907227,12.482454299926758,3.0422203540802,14.21778392791748,11.17556357383728
172,87215.6,87223.3,87083.0,87083.0,6893.0,6.773273944854736,-1.8004820346832275,10.556403160095215,8.573755979537964,12.356885194778442,3.7831292152404785
173,87081.0,87085.5,86996.2,87006.1,7449.0,11.375158309936523,-2.1129372119903564,8.092076301574707,13.48809552192688,10.205013513565063,3.2830820083618164
174,87003.5,87043.2,87003.5,87043.1,6087.0,15.01923942565918,-2.0985238552093506,5.590824604034424,17.11776328086853,7.689348459243774,9.428414821624756
175,87048.4,87072.2,87023.0,87055.9,3957.0,19.33976936340332,-1.8766366243362427,0.999394953250885,21.216405987739563,2.8760315775871277,18.340374410152435
176,87062.6,87110.1,87036.0,87042.7,3693.0,22.991687774658203,-1.490178108215332,-2.644390344619751,24.481865882873535,1.154212236404419,25.636078119277954
177,87048.3,87113.2,87048.3,87113.2,3309.0,27.023672103881836,-1.1621109247207642,-5.52918815612793,28.1857830286026,4.3670772314071655,32.552860260009766
178,87113.2,87170.8,87084.3,87104.6,2723.0,30.08847999572754,-0.8623173832893372,-7.134715557098389,30.950797379016876,6.2723981738090515,37.22319555282593
179,87104.6,87104.6,87035.5,87052.0,4439.0,33.3323974609375,-0.9378266334533691,-9.574348449707031,34.27022409439087,8.636521816253662,42.90674591064453
180,87046.0,87068.7,87030.2,87033.0,1778.0,34.760189056396484,-0.9968326091766357,-12.35818862915039,35.75702166557312,11.361356019973755,47.118377685546875
181,87034.8,87046.3,87000.5,87004.0,2719.0,36.50249481201172,-1.1141685247421265,-14.538768768310547,37.616663336753845,13.42460024356842,51.041263580322266
182,87001.9,87003.2,86893.3,86893.3,8052.0,37.1982421875,-1.554869532585144,-16.9487361907959,38.753111720085144,15.393866658210754,54.1469783782959
183,86893.3,86991.3,86885.6,86970.4,5381.0,36.35752868652344,-1.817261815071106,-17.402660369873047,38.17479050159454,15.585398554801941,53.760189056396484
184,86976.8,86988.5,86935.2,86935.2,6084.0,36.72991180419922,-2.210880994796753,-18.055133819580078,38.94079279899597,15.844252824783325,54.7850456237793
185,86935.1,86936.0,86728.6,86737.0,15394.0,35.709354400634766,-2.86541748046875,-19.4487361907959,38.574771881103516,16.58331871032715,55.158090591430664
186,86737.0,86809.0,86600.0,86688.9,33820.0,36.15054702758789,-3.775707960128784,-22.640554428100586,39.926254987716675,18.8648464679718,58.79110145568848
187,86691.1,86839.5,86691.1,86833.1,5536.0,38.167015075683594,-4.637933254241943,-21.98410987854004,42.80494832992554,17.346176624298096,60.15112495422363
188,86830.6,86913.0,86830.6,86846.2,7789.0,41.102317810058594,-5.3096489906311035,-21.00869369506836,46.4119668006897,15.699044704437256,62.11101150512695
189,86839.2,86842.7,86651.1,86659.8,12443.0,42.597198486328125,-6.784983158111572,-23.528535842895508,49.3821816444397,16.743552684783936,66.12573432922363
190,86672.6,86716.7,86653.2,86716.7,4318.0,45.76293182373047,-8.11138916015625,-23.253347396850586,53.87432098388672,15.141958236694336,69.01627922058105
191,86721.4,86721.4,86618.2,86643.8,3803.0,48.34727478027344,-9.261299133300781,-23.549100875854492,57.60857391357422,14.287801742553711,71.89637565612793
192,86646.7,86660.6,86403.9,86496.2,24834.0,49.76166534423828,-10.239630699157715,-27.12290382385254,60.001296043395996,16.883273124694824,76.88456916809082
193,86500.8,86584.7,86418.7,86453.0,17044.0,51.140716552734375,-11.097676277160645,-31.64567756652832,62.23839282989502,20.548001289367676,82.7863941192627
194,86455.9,86497.4,86401.9,86444.9,7346.0,52.26256561279297,-12.247771263122559,-34.86824417114258,64.51033687591553,22.62047290802002,87.13080978393555
195,86440.1,86555.3,86408.2,86526.5,4643.0,52.7687873840332,-13.087499618530273,-35.82346725463867,65.85628700256348,22.7359676361084,88.59225463867188
196,86526.5,86618.0,86492.5,86541.7,8116.0,52.92063903808594,-13.395806312561035,-35.973758697509766,66.31644535064697,22.57795238494873,88.8943977355957
197,86535.9,86535.9,86402.0,86402.1,4754.0,52.80164337158203,-14.17573070526123,-36.2518196105957,66.97737407684326,22.076088905334473,89.05346298217773
198,86410.8,86438.8,86176.2,86180.7,17726.0,52.60013198852539,-15.513814926147461,-38.75920486450195,68.11394691467285,23.245389938354492,91.35933685302734
199,86180.7,86411.4,86180.7,86403.0,18165.0,50.974117279052734,-16.06266212463379,-37.53215026855469,67.03677940368652,21.4694881439209,88.50626754760742
200,86403.7,86516.5,86308.2,86516.5,9042.0,48.671714782714844,-16.1886043548584,-34.00772476196289,64.86031913757324,17.819120407104492,82.67943954467773
201,86520.8,86776.4,86520.8,86756.3,28362.0,46.487632751464844,-15.926887512207031,-26.738832473754883,62.414520263671875,10.811944961547852,73.22646522521973
202,86747.8,86747.8,86580.5,86610.5,10924.0,42.499961853027344,-16.253232955932617,-22.928213119506836,58.75319480895996,6.674980163574219,65.42817497253418
203,86610.4,86780.8,86590.9,86748.0,15765.0,38.36843490600586,-16.123327255249023,-15.510655403137207,54.49176216125488,0.6126718521118164,53.879090309143066
204,86748.0,86786.9,86667.8,86706.6,4021.0,34.095603942871094,-16.17105484008789,-8.90578556060791,50.266658782958984,7.2652692794799805,43.001389503479004
205,86703.3,86798.4,86669.7,86731.1,5333.0,29.356653213500977,-16.483694076538086,-4.736677646636963,45.84034729003906,11.747016429901123,34.09333086013794
206,86722.3,86722.3,86635.2,86676.4,11247.0,24.59954071044922,-16.70481300354004,-2.0996711254119873,41.30435371398926,14.605141878128052,26.699211835861206
207,86694.1,86698.7,86556.8,86579.7,4820.0,19.921039581298828,-17.150062561035156,1.451662302017212,37.071102142333984,18.601724863052368,18.469377279281616
208,86571.2,86596.5,86552.1,86578.7,3897.0,15.03810977935791,-17.316478729248047,5.576627254486084,32.35458850860596,22.89310598373413,9.461482524871826
209,86574.5,86660.9,86495.6,86495.6,9383.0,10.48914623260498,-17.640119552612305,5.97342586517334,28.129265785217285,23.613545417785645,4.515720367431641
210,86495.8,86508.7,86253.3,86398.1,9546.0,4.456459045410156,-18.15731430053711,6.122797012329102,22.613773345947266,24.28011131286621,1.6663379669189453
211,86398.1,86542.0,86398.1,86528.6,8732.0,-1.829032301902771,-18.155040740966797,7.46440315246582,16.326008439064026,25.619443893432617,9.293435454368591
212,86531.9,86568.2,86352.6,86352.8,9250.0,-7.245107173919678,-18.334054946899414,4.137311935424805,11.088947772979736,22.47136688232422,11.382419109344482
213,86377.2,86444.9,86317.1,86433.1,8618.0,-10.344612121582031,-18.180456161499023,1.490924596786499,7.835844039916992,19.671380758285522,11.83553671836853
214,86428.1,86534.8,86383.7,86524.9,4693.0,-10.901481628417969,-17.75229263305664,0.05792410671710968,6.850811004638672,17.81021673977375,10.959405735135078
215,86525.0,86670.4,86509.6,86589.1,7676.0,-9.978928565979004,-16.84996223449707,0.7102560997009277,6.871033668518066,17.560218334197998,10.689184665679932
216,86578.0,86640.7,86530.3,86562.6,5424.0,-8.701786994934082,-16.251358032226562,1.1299283504486084,7.5495710372924805,17.38128638267517,9.83171534538269
217,86559.3,86609.8,86391.6,86395.6,13155.0,-6.08831262588501,-15.826515197753906,-3.071775197982788,9.738202571868896,12.754739999771118,3.0165374279022217
218,86404.0,86468.1,86379.2,86466.4,3063.0,-4.124703884124756,-15.233842849731445,-9.748085021972656,11.10913896560669,5.485757827758789,5.6233811378479
219,86466.4,86488.8,86301.9,86347.8,9455.0,-2.1684091091156006,-15.067550659179688,-15.038369178771973,12.899141550064087,0.029181480407714844,12.869960069656372
220,86357.6,86492.7,86353.3,86484.3,4486.0,0.19889938831329346,-14.312673568725586,-16.503536224365234,14.51157295703888,2.1908626556396484,16.702435612678528
221,86475.5,86483.5,86409.6,86432.5,7786.0,3.7341578006744385,-13.6504545211792,-14.873966217041016,17.384612321853638,1.2235116958618164,18.608124017715454
222,86432.5,86488.2,86357.0,86447.1,5794.0,6.704925537109375,-13.195708274841309,-14.850945472717285,19.900633811950684,1.6552371978759766,21.55587100982666
223,86438.5,86438.5,86282.0,86331.4,7853.0,8.608452796936035,-13.137163162231445,-14.064062118530273,21.74561595916748,0.9268989562988281,22.67251491546631
224,86328.9,86352.0,85852.6,85882.9,137327.0,10.036582946777344,-13.982301712036133,-19.71151351928711,24.018884658813477,5.729211807250977,29.748096466064453
225,85887.1,86099.9,85852.2,86006.9,21941.0,12.490218162536621,-14.391194343566895,-21.9620418548584,26.881412506103516,7.570847511291504,34.45226001739502
226,86007.0,86190.6,86007.0,86186.3,11137.0,14.799504280090332,-14.310952186584473,-21.424442291259766,29.110456466674805,7.113490104675293,36.2239465713501
227,86187.5,86250.8,86051.9,86138.2,10003.0,17.012014389038086,-14.08543872833252,-22.36366844177246,31.097453117370605,8.278229713439941,39.37568283081055
228,86153.7,86259.6,86135.6,86209.9,8193.0,18.385501861572266,-13.622764587402344,-21.630556106567383,32.00826644897461,8.007791519165039,40.01605796813965
229,86209.9,86234.3,86131.4,86162.9,4426.0,18.27154541015625,-13.311938285827637,-22.3264102935791,31.583483695983887,9.014472007751465,40.59795570373535
230,86167.4,86250.8,86140.2,86152.9,9285.0,17.087215423583984,-12.984885215759277,-24.204288482666016,30.07210063934326,11.219403266906738,41.29150390625
231,86169.3,86169.3,85990.9,86043.0,9036.0,15.143828392028809,-12.904427528381348,-25.222890853881836,28.048255920410156,12.318463325500488,40.366719245910645
232,86033.5,86036.6,85656.5,85703.8,56064.0,13.308157920837402,-13.800580978393555,-33.13288879394531,27.108738899230957,19.332307815551758,46.441046714782715
233,85703.9,85852.2,85703.9,85767.8,27207.0,11.630513191223145,-14.243464469909668,-37.88469314575195,25.873977661132812,23.641228675842285,49.5152063369751
234,85762.0,85850.4,85727.8,85815.1,7963.0,11.49612045288086,-14.544118881225586,-39.51082992553711,26.040239334106445,24.966711044311523,51.00695037841797
235,85832.0,85832.0,85600.1,85702.0,20876.0,11.123123168945312,-15.488921165466309,-40.67161178588867,26.61204433441162,25.182690620422363,51.794734954833984
236,85701.9,85803.3,85600.1,85627.9,31337.0,11.934240341186523,-16.62782859802246,-41.97541809082031,28.562068939208984,25.34758949279785,53.909658432006836
237,85624.6,85683.4,85558.8,85574.3,29383.0,14.705431938171387,-17.437349319458008,-45.2762336730957,32.142781257629395,27.838884353637695,59.98166561126709
238,85574.0,85631.1,85473.9,85502.9,21038.0,18.298744201660156,-18.2635555267334,-47.244136810302734,36.562299728393555,28.980581283569336,65.54288101196289
239,85529.6,85593.1,85345.5,85439.8,37207.0,19.729055404663086,-19.56328582763672,-50.53727722167969,39.292341232299805,30.97399139404297,70.26633262634277
240,85439.7,85659.3,85427.1,85647.1,10836.0,23.190956115722656,-20.117389678955078,-47.348243713378906,43.308345794677734,27.230854034423828,70.53919982910156
241,85625.5,85680.6,85510.3,85680.6,6731.0,26.572982788085938,-20.671245574951172,-43.23954391479492,47.24422836303711,22.56829833984375,69.81252670288086
242,85680.5,85680.9,85575.1,85613.4,6608.0,28.662256240844727,-21.6530818939209,-38.72966384887695,50.315338134765625,17.076581954956055,67.39192008972168
243,85626.1,85699.9,85549.1,85575.0,10137.0,31.069915771484375,-22.742111206054688,-35.34153366088867,53.81202697753906,12.599422454833984,66.41144943237305
244,85598.0,85715.5,85572.4,85672.9,7328.0,33.362361907958984,-23.538938522338867,-36.49899673461914,56.90130043029785,12.960058212280273,69.86135864257812
245,85673.0,85999.4,85673.0,85932.5,15574.0,34.8245735168457,-23.4527645111084,-31.674177169799805,58.2773380279541,8.221412658691406,66.49875068664551
246,85934.9,86054.4,85926.3,85992.9,11959.0,35.718238830566406,-23.128047943115234,-23.04203987121582,58.84628677368164,0.08600807189941406,58.76027870178223
247,86000.8,86040.4,85902.2,85936.9,8689.0,36.303749084472656,-23.22611427307129,-15.678454399108887,59.529863357543945,7.547659873962402,51.98220348358154
248,85937.8,86035.6,85926.0,86014.1,10299.0,36.464508056640625,-23.635622024536133,-5.777220249176025,60.10013008117676,17.858401775360107,42.24172830581665
249,86025.2,86025.2,85833.7,85839.4,5731.0,34.51657485961914,-23.898813247680664,1.1805803775787354,58.415388107299805,25.0793936252594,33.335994482040405
250,85839.5,85941.5,85839.4,85930.4,4302.0,31.246780395507812,-23.61410903930664,9.766952514648438,54.86088943481445,33.38106155395508,21.479827880859375
251,85921.9,85930.2,85830.6,85879.7,6486.0,28.933069229125977,-22.808584213256836,16.22845458984375,51.74165344238281,39.037038803100586,12.704614639282227
252,85896.6,85930.0,85835.3,85912.9,4643.0,25.385395050048828,-22.19292449951172,18.05389404296875,47.57831954956055,40.24681854248047,7.331501007080078
253,85912.0,85912.0,85813.0,85827.0,2945.0,21.0888671875,-21.379196166992188,19.348302841186523,42.46806335449219,40.72749900817871,1.7405643463134766
254,85829.2,85829.2,85720.1,85774.1,4394.0,17.247238159179688,-20.703330993652344,20.544906616210938,37.95056915283203,41.24823760986328,3.29766845703125
255,85783.3,85943.9,85783.3,85942.9,5970.0,12.173982620239258,-19.478801727294922,22.428735733032227,31.65278434753418,41.90753746032715,10.254753112792969
256,85925.4,85974.4,85701.9,85718.3,10857.0,6.899215221405029,-18.841629028320312,19.571693420410156,25.740844249725342,38.41332244873047,12.672478199005127
257,85718.3,85718.7,85533.6,85565.1,10773.0,1.4736748933792114,-18.708282470703125,13.543867111206055,20.181957364082336,32.25214958190918,12.070192217826843
258,85565.1,85646.5,85544.6,85624.6,4371.0,-4.200459003448486,-18.343366622924805,7.252525806427002,14.142907619476318,25.595892429351807,11.452984809875488
259,85624.7,85642.1,85466.0,85526.5,10898.0,-8.465117454528809,-18.31853485107422,-1.619619369506836,9.85341739654541,16.698915481567383,6.845498085021973
260,85510.1,85640.6,85480.2,85621.2,6778.0,-12.570460319519043,-18.215736389160156,-5.996011734008789,5.645276069641113,12.219724655151367,6.574448585510254
261,85621.2,85773.2,85621.2,85727.2,7407.0,-14.51012897491455,-17.471982955932617,-8.290225982666016,2.9618539810180664,9.181756973266602,6.219902992248535
262,85729.2,85785.5,85703.8,85785.5,9769.0,-16.967174530029297,-16.945171356201172,-10.882806777954102,0.022003173828125,6.06236457824707,6.084367752075195
263,85785.6,85804.4,85650.4,85658.2,8415.0,-18.79454803466797,-16.464887619018555,-16.15900421142578,2.329660415649414,0.30588340759277344,2.6355438232421875
264,85657.3,85657.3,85495.8,85533.1,4775.0,-18.60732650756836,-15.97974681854248,-21.801721572875977,2.627579689025879,5.821974754333496,3.194395065307617
265,85534.1,85579.5,85432.9,85462.1,9237.0,-18.11379623413086,-15.408218383789062,-24.1495304107666,2.705577850341797,8.741312026977539,6.035734176635742
266,85469.8,85567.3,85445.9,85535.4,10767.0,-17.561569213867188,-14.623806953430176,-23.789215087890625,2.9377622604370117,9.16540813446045,6.2276458740234375
267,85533.0,85579.6,85487.1,85487.2,2838.0,-15.141430854797363,-14.259629249572754,-24.31364631652832,0.8818016052246094,10.054017066955566,9.172215461730957
268,85481.1,85625.0,85474.8,85612.1,6635.0,-12.704084396362305,-13.344545364379883,-21.15858268737793,0.6404609680175781,7.814037322998047,8.454498291015625
269,85604.5,85711.2,85604.5,85687.9,6297.0,-9.980987548828125,-12.45727252960205,-19.074665069580078,2.476284980773926,6.617392539978027,9.093677520751953
270,85687.5,85792.8,85609.7,85792.8,6186.0,-6.864979267120361,-10.92496109008789,-13.827537536621094,4.059981822967529,2.902576446533203,6.962558269500732
271,85800.0,85853.5,85674.6,85701.6,7363.0,-3.6742913722991943,-9.668009757995605,-10.476733207702637,5.993718385696411,0.8087234497070312,6.802441835403442
272,85704.4,85796.4,85675.8,85759.0,4660.0,0.515687882900238,-8.171440124511719,-5.513991832733154,8.687128007411957,2.6574482917785645,6.029679715633392
273,85759.1,85772.3,85654.9,85654.9,4528.0,4.192407131195068,-7.1355156898498535,-3.163281202316284,11.327922821044922,3.9722344875335693,7.3556883335113525
274,85663.4,85663.4,85579.3,85613.0,4202.0,8.197378158569336,-7.232414722442627,-1.9875587224960327,15.429792881011963,5.244855999946594,10.184936881065369
275,85617.9,85650.0,85577.4,85630.5,2748.0,11.707282066345215,-6.958897113800049,2.3456356525421143,18.666179180145264,9.304532766342163,9.3616464138031
276,85642.8,85944.7,85642.2,85944.6,6701.0,15.02363395690918,-5.4705939292907715,8.08942699432373,20.49422788619995,13.560020923614502,6.934206962585449
277,85933.7,85994.8,85778.8,85800.3,9326.0,18.059616088867188,-4.4162917137146,9.012540817260742,22.475907802581787,13.428832530975342,9.047075271606445
278,85794.2,85898.8,85778.1,85867.2,8023.0,19.821897506713867,-2.9950153827667236,11.477255821228027,22.81691288948059,14.472271203994751,8.34464168548584
279,85855.5,85914.1,85800.5,85871.9,6588.0,20.212474822998047,-1.6459600925445557,12.095259666442871,21.858434915542603,13.741219758987427,8.117215156555176
280,85866.2,86031.3,85852.7,85988.0,11707.0,19.551023483276367,-0.022496037185192108,15.347773551940918,19.57351952046156,15.37026958912611,4.203249931335449
281,85988.0,86090.0,85977.8,86068.3,5521.0,17.784347534179688,1.536337971687317,20.869495391845703,16.24800956249237,19.333157420158386,3.0851478576660156
282,86062.7,86078.8,86009.1,86047.9,4429.0,14.981654167175293,2.2174885272979736,26.507366180419922,12.76416563987732,24.28987765312195,11.525712013244629
283,86058.4,86129.3,86037.8,86071.8,4974.0,13.12548542022705,3.076794147491455,30.082107543945312,10.048691272735596,27.005313396453857,16.95662212371826
284,86067.5,86108.6,86045.0,86058.0,3915.0,12.461636543273926,3.991325616836548,30.862518310546875,8.470310926437378,26.871192693710327,18.40088176727295
285,86058.0,86125.1,86053.1,86063.0,4532.0,11.942814826965332,4.617557525634766,29.80398178100586,7.325257301330566,25.186424255371094,17.861166954040527
286,86062.2,86062.2,85998.7,85998.7,2655.0,10.759313583374023,4.874663829803467,28.08063316345215,5.884649753570557,23.20596933364868,17.321319580078125
287,85999.1,86071.6,85999.0,86045.6,4464.0,10.136493682861328,5.074546813964844,25.569583892822266,5.061946868896484,20.495037078857422,15.433090209960938
288,86053.5,86057.0,85921.6,85951.1,5981.0,18.246807098388672,4.834712028503418,22.840919494628906,13.412095069885254,18.00620746612549,4.594112396240234
289,85957.7,85994.0,85936.4,85974.5,3532.0,25.150447845458984,4.451019287109375,21.133535385131836,20.69942855834961,16.68251609802246,4.016912460327148
290,85967.0,85997.2,85936.1,85997.2,6763.0,31.530654907226562,4.577513217926025,20.975793838500977,26.953141689300537,16.39828062057495,10.554861068725586
291,85997.2,86001.5,85941.1,85958.6,3057.0,37.91912841796875,4.663410186767578,18.519296646118164,33.25571823120117,13.855886459350586,19.399831771850586
292,85971.0,86022.3,85971.0,85995.9,4989.0,43.29866409301758,4.643280506134033,17.115436553955078,38.655383586883545,12.472156047821045,26.1832275390625
293,85983.3,85996.5,85935.9,85962.2,5489.0,48.42477798461914,4.412573337554932,13.230269432067871,44.01220464706421,8.81769609451294,35.19450855255127
294,85966.3,85986.7,85891.4,85922.4,8574.0,53.65599822998047,4.290074348449707,7.652796268463135,49.36592388153076,3.3627219200134277,46.003201961517334
295,85918.2,85984.1,85918.2,85975.6,6319.0,57.86592483520508,4.9071478843688965,2.6464226245880127,52.95877695083618,2.260725259780884,55.219502210617065
296,85962.7,85986.5,85945.6,85961.5,4096.0,61.79655456542969,5.632983207702637,1.8791470527648926,56.16357135772705,3.753836154937744,59.917407512664795
297,85962.6,86028.1,85961.3,86020.9,4533.0,65.61042785644531,6.365180015563965,-0.34348565340042114,59.24524784088135,6.708665668964386,65.95391350984573
298,86019.2,86020.8,85968.5,85968.5,2496.0,68.13087463378906,7.155399322509766,-2.589984655380249,60.9754753112793,9.745383977890015,70.72085928916931
299,85964.2,85964.2,85817.3,85832.3,3535.0,69.84042358398438,7.201313495635986,-6.860432147979736,62.63911008834839,14.061745643615723,76.70085573196411
300,85817.3,85865.2,85798.6,85861.3,10066.0,71.32737731933594,7.539522171020508,-8.823860168457031,63.78785514831543,16.36338233947754,80.15123748779297
301,85863.3,85863.3,85794.8,85802.0,9386.0,72.96331787109375,7.620255947113037,-10.176010131835938,65.34306192398071,17.796266078948975,83.13932800292969
302,85800.1,85864.7,85765.8,85810.0,5590.0,74.49446105957031,7.810151100158691,-11.335508346557617,66.68430995941162,19.14565944671631,85.82996940612793
303,85810.1,85859.5,85810.1,85828.0,3362.0,75.5217514038086,7.83968448638916,-11.502778053283691,67.68206691741943,19.34246253967285,87.02452945709229
304,85822.3,85860.8,85822.1,85831.6,5387.0,76.50109100341797,7.751821041107178,-11.469830513000488,68.74926996231079,19.221651554107666,87.97092151641846
305,85822.8,85888.9,85697.6,85697.6,6473.0,76.77255249023438,7.751114368438721,-12.93177318572998,69.02143812179565,20.6828875541687,89.70432567596436
306,85695.3,85766.4,85656.3,85766.1,10213.0,76.09776306152344,7.386783123016357,-13.88088607788086,68.71097993850708,21.267669200897217,89.9786491394043
307,85766.5,85852.0,85671.8,85693.6,3404.0,75.43330383300781,6.474279880523682,-14.775434494018555,68.95902395248413,21.249714374542236,90.20873832702637
308,85702.2,85723.8,85620.9,85622.9,5585.0,73.80393981933594,5.5270490646362305,-17.642810821533203,68.2768907546997,23.169859886169434,91.44675064086914
309,85644.7,85647.0,85622.9,85623.0,3111.0,72.66979217529297,4.341243743896484,-19.6457462310791,68.32854843139648,23.986989974975586,92.31553840637207
310,85631.0,85665.0,85631.0,85636.9,4084.0,71.81322479248047,3.4095633029937744,-20.563093185424805,68.4036614894867,23.97265648841858,92.37631797790527
311,85636.1,85707.5,85636.1,85703.2,4418.0,71.26615905761719,2.891908645629883,-20.600915908813477,68.3742504119873,23.49282455444336,91.86707496643066
312,85707.8,85771.7,85707.8,85711.1,2704.0,70.34901428222656,2.5375959873199463,-19.552947998046875,67.81141829490662,22.09054398536682,89.90196228027344
313,85711.1,85769.9,85687.0,85752.4,4256.0,69.88249969482422,1.973013162612915,-18.01879119873047,67.9094865322113,19.991804361343384,87.90129089355469
314,85748.2,85823.4,85698.3,85698.3,4213.0,68.76799011230469,0.9699110984802246,-17.570512771606445,67.79807901382446,18.54042387008667,86.33850288391113
315,85698.2,85706.7,85631.2,85631.2,4632.0,66.92306518554688,-0.3793286681175232,-16.903671264648438,67.3023938536644,16.524342596530914,83.82673645019531
316,85632.3,85754.7,85625.5,85739.9,3221.0,65.31700134277344,-1.312760591506958,-14.38880443572998,66.6297619342804,13.076043844223022,79.70580577850342
317,85747.2,85816.0,85691.2,85715.2,4803.0,63.428897857666016,-2.441311836242676,-10.955621719360352,65.87020969390869,8.514309883117676,74.38451957702637
318,85722.2,85737.1,85632.0,85659.7,3118.0,61.601802825927734,-3.4152488708496094,-8.682947158813477,65.01705169677734,5.267698287963867,70.28474998474121
319,85661.6,85687.8,85644.3,85668.9,5380.0,59.84821701049805,-4.187920093536377,-7.965131759643555,64.03613710403442,3.7772116661071777,67.8133487701416
320,85664.7,85768.7,85664.7,85768.7,3704.0,58.413421630859375,-4.467184543609619,-5.117927551269531,62.880606174468994,0.6507430076599121,63.531349182128906
321,85775.8,85825.9,85674.0,85674.0,4334.0,56.97465515136719,-5.190991401672363,-4.420653343200684,62.16564655303955,0.7703380584716797,61.39530849456787
322,85661.1,85722.1,85629.1,85722.1,3253.0,55.41566848754883,-5.654895305633545,-2.717416524887085,61.07056379318237,2.93747878074646,58.13308501243591
323,85718.0,85751.9,85661.0,85667.1,3712.0,53.60243225097656,-6.502645492553711,-1.3835055828094482,60.10507774353027,5.119139909744263,54.98593783378601
324,85667.1,85696.1,85603.6,85696.1,4164.0,51.53728485107422,-7.38444709777832,0.6635103225708008,58.92173194885254,8.047957420349121,50.87377452850342
325,85682.4,85804.0,85669.9,85767.0,16307.0,48.673587799072266,-8.066150665283203,1.811331033706665,56.73973846435547,9.877481698989868,46.8622567653656
326,85759.8,85850.0,85747.8,85850.0,3203.0,45.22026062011719,-7.7937397956848145,5.122086524963379,53.014000415802,12.915826320648193,40.09817409515381
327,85854.0,85901.0,85835.9,85835.9,3468.0,41.171958923339844,-7.901364326477051,6.960491180419922,49.073323249816895,14.861855506896973,34.21146774291992
328,85832.3,85889.4,85832.3,85889.4,4198.0,37.42341995239258,-7.721457481384277,8.23283576965332,45.144877433776855,15.954293251037598,29.190584182739258
329,85890.3,85902.1,85825.9,85852.1,3332.0,33.24604034423828,-7.6197028160095215,8.573220252990723,40.8657431602478,16.192923069000244,24.67282009124756
330,85852.1,85930.9,85852.1,85878.5,3155.0,28.12376594543457,-7.171718120574951,9.16565990447998,35.29548406600952,16.33737802505493,18.95810604095459
331,85874.2,85874.2,85692.2,85700.0,4425.0,22.774503707885742,-6.935540676116943,7.8917059898376465,29.710044384002686,14.82724666595459,14.882797718048096
332,85699.9,85699.9,85474.5,85474.5,8504.0,16.240510940551758,-7.2440619468688965,3.5258517265319824,23.484572887420654,10.769913673400879,12.714659214019775
333,85473.9,85526.3,85420.3,85486.2,9694.0,9.127859115600586,-7.4103546142578125,0.3350328803062439,16.5382137298584,7.745387494564056,8.792826235294342
334,85501.5,85604.9,85480.8,85572.9,10546.0,0.846828281879425,-7.351348400115967,-2.071223020553589,8.198176681995392,5.280125379562378,2.918051302433014
335,85568.5,85583.0,85450.0,85493.9,6985.0,-8.173622131347656,-7.421971321105957,-6.476856231689453,0.7516508102416992,0.9451150894165039,1.6967658996582031
336,85489.0,85582.8,85474.2,85555.8,32121.0,-17.406646728515625,-7.446926116943359,-8.07551097869873,9.959720611572266,0.6285848617553711,9.331135749816895
337,85555.7,85555.7,85450.0,85476.3,4223.0,-25.93258285522461,-7.502182483673096,-10.922961235046387,18.430400371551514,3.420778751373291,15.009621620178223
338,85480.4,85523.9,85469.1,85472.7,7586.0,-26.245223999023438,-7.741003513336182,-14.338809967041016,18.504220485687256,6.597806453704834,11.906414031982422
339,85469.1,85523.7,85427.6,85442.0,8565.0,-27.57439422607422,-7.950198173522949,-17.766881942749023,19.62419605255127,9.816683769226074,9.807512283325195
340,85442.0,85567.2,85442.0,85514.8,5399.0,-28.470947265625,-7.881941795349121,-18.237934112548828,20.58900547027588,10.355992317199707,10.233013153076172
341,85512.3,85561.3,85399.6,85561.3,6553.0,-29.365196228027344,-7.749577522277832,-19.158199310302734,21.61561870574951,11.408621788024902,10.20699691772461
342,85553.0,85729.4,85524.2,85654.8,5704.0,-30.552139282226562,-7.272089958190918,-17.81377410888672,23.280049324035645,10.5416841506958,12.738365173339844
343,85654.9,85931.1,85654.9,85913.5,16924.0,-31.49976921081543,-6.232754707336426,-13.540801048278809,25.267014503479004,7.308046340942383,17.95896816253662
344,85914.5,86012.0,85878.8,85878.8,10279.0,-31.81290054321289,-5.36754846572876,-9.676216125488281,26.44535207748413,4.3086676597595215,22.13668441772461
345,85883.0,85996.5,85883.0,85948.5,6728.0,-33.17360305786133,-4.203962326049805,-3.9711525440216064,28.969640731811523,0.23280978202819824,29.20245051383972
346,85950.9,85979.7,85879.3,85879.3,3159.0,-34.193115234375,-3.2375240325927734,1.7828888893127441,30.955591201782227,5.020412921905518,35.976004123687744
347,85875.2,85875.2,85723.7,85741.6,6791.0,-35.14120864868164,-2.4405434131622314,5.303142547607422,32.70066523551941,7.743685960769653,40.44435119628906
348,85745.6,85828.9,85745.6,85783.2,3525.0,-37.08465576171875,-1.6450995206832886,10.404240608215332,35.43955624103546,12.04934012889862,47.48889636993408
349,85762.6,85807.2,85753.7,85778.3,2848.0,-39.15696716308594,-1.1796282529830933,15.006044387817383,37.977338910102844,16.185672640800476,54.16301155090332
350,85768.1,85816.5,85768.1,85816.5,4345.0,-40.69020080566406,-0.5473421216011047,20.681407928466797,40.14285868406296,21.2287500500679,61.37160873413086
351,85816.6,85888.1,85804.1,85871.0,3167.0,-41.73414611816406,0.07252820581197739,24.41015625,41.80667432397604,24.337628044188023,66.14430236816406
352,85863.5,85912.7,85846.6,85887.0,7238.0,-42.467262268066406,0.7436292767524719,24.549806594848633,43.21089154481888,23.80617731809616,67.01706886291504
353,85889.3,85957.3,85854.7,85957.3,2948.0,-42.107818603515625,1.6144901514053345,25.258182525634766,43.72230875492096,23.64369237422943,67.36600112915039
354,85957.2,86040.2,85954.5,86032.3,5187.0,-42.95759582519531,2.6596338748931885,27.698450088500977,45.6172297000885,25.038816213607788,70.65604591369629
355,86032.3,86077.6,86003.0,86058.2,4787.0,-43.32607650756836,3.41921329498291,28.57061195373535,46.74528980255127,25.15139865875244,71.89668846130371
356,86056.2,86121.1,86056.1,86056.2,4706.0,-43.020320892333984,4.307345867156982,29.54296875,47.32766675949097,25.235622882843018,72.56328964233398
357,86067.6,86115.4,86056.1,86056.1,3744.0,-42.003482818603516,4.991323471069336,28.506120681762695,46.99480628967285,23.51479721069336,70.50960350036621
358,86056.0,86056.0,85994.5,86026.6,2311.0,-40.700923919677734,5.3933329582214355,26.119213104248047,46.09425687789917,20.72588014602661,66.82013702392578
359,86026.5,86060.7,86012.3,86059.4,3384.0,-39.1783561706543,5.835631847381592,22.88311767578125,45.01398801803589,17.047485828399658,62.06147384643555
360,86052.5,86089.3,86026.7,86087.3,3147.0,-37.28616714477539,6.336906433105469,20.266576766967773,43.62307357788086,13.929670333862305,57.552743911743164
361,86087.2,86164.4,86012.3,86022.5,4912.0,-35.71101379394531,6.805635452270508,16.597673416137695,42.51664924621582,9.792037963867188,52.30868721008301
362,86015.4,86086.4,85968.9,86082.1,4110.0,-33.84239959716797,7.40211820602417,14.562999725341797,41.24451780319214,7.160881519317627,48.405399322509766
363,86062.7,86078.7,86027.4,86062.1,2589.0,-31.124006271362305,8.015073776245117,15.684833526611328,39.13908004760742,7.669759750366211,46.80883979797363
364,86068.1,86117.8,86020.7,86040.4,3568.0,-28.65488052368164,8.41665267944336,15.72521686553955,37.071533203125,7.308564186096191,44.38009738922119
365,86040.5,86048.8,85957.1,85980.7,3070.0,-26.606788635253906,8.481128692626953,15.770377159118652,35.08791732788086,7.289248466491699,42.37716579437256
366,85978.0,86169.3,85967.8,86135.8,4361.0,-23.945249557495117,9.14175033569336,16.89005470275879,33.08699989318848,7.74830436706543,40.835304260253906
367,86135.8,86248.1,86031.1,86060.6,6480.0,-22.06246566772461,9.527778625488281,14.375663757324219,31.59024429321289,4.8478851318359375,36.43812942504883
368,86056.3,86067.4,86014.9,86014.9,2417.0,-19.987268447875977,9.637093544006348,11.385538101196289,29.624361991882324,1.7484445571899414,31.372806549072266
369,86010.6,86130.3,86010.6,86121.1,5066.0,-17.696483612060547,9.985167503356934,9.486719131469727,27.68165111541748,0.49844837188720703,27.183202743530273
370,86116.7,86126.7,86075.7,86095.0,4595.0,-15.034144401550293,10.472519874572754,7.302731513977051,25.506664276123047,3.169788360595703,22.336875915527344
371,86092.5,86129.6,86060.8,86069.6,2470.0,-12.04604434967041,10.635493278503418,5.197638511657715,22.681537628173828,5.437854766845703,17.243682861328125
372,86075.4,86081.5,86056.1,86062.0,5649.0,-9.720993041992188,10.862205505371094,2.937934637069702,20.58319854736328,7.924270868301392,12.65892767906189
373,86056.0,86119.4,86048.2,86119.4,3238.0,-7.417269229888916,11.055296897888184,2.345001220703125,18.4725661277771,8.710295677185059,9.762270450592041
374,86128.0,86220.8,86122.8,86216.6,5249.0,-5.290041446685791,11.506600379943848,4.081132411956787,16.79664182662964,7.4254679679870605,9.371173858642578
375,86204.5,86322.9,86183.2,86192.3,9061.0,-3.624812364578247,12.020905494689941,5.601950168609619,15.645717859268188,6.418955326080322,9.226762533187866
376,86192.2,86192.2,86142.7,86170.0,2753.0,-2.71655011177063,12.6502103805542,6.571017265319824,15.366760492324829,6.079193115234375,9.287567377090454
377,86182.3,86340.0,86182.3,86301.2,7937.0,-2.43203067779541,13.520210266113281,9.241687774658203,15.952240943908691,4.278522491455078,11.673718452453613
378,86305.9,86338.2,86290.0,86290.0,3039.0,-1.2179206609725952,14.44792652130127,10.917951583862305,15.665847182273865,3.529974937438965,12.1358722448349
379,86286.2,86309.2,86236.0,86258.9,5341.0,-0.405051589012146,15.174745559692383,12.271663665771484,15.579797148704529,2.9030818939208984,12.67671525478363
380,86257.3,86338.3,86244.4,86303.6,3256.0,0.059743575751781464,16.032575607299805,14.40449333190918,15.972832031548023,1.628082275390625,14.344749756157398
381,86303.6,86309.6,86250.7,86302.4,2599.0,0.7849027514457703,16.410213470458984,15.171757698059082,15.625310719013214,1.2384557723999023,14.386854946613312
382,86303.6,86344.9,86277.8,86340.4,4060.0,1.3712440729141235,16.265649795532227,17.002056121826172,14.894405722618103,0.7364063262939453,15.630812048912048
383,86338.3,86344.8,86258.4,86286.1,3108.0,1.5347399711608887,15.938411712646484,17.35247802734375,14.403671741485596,1.4140663146972656,15.817738056182861
384,86286.4,86309.7,86252.1,86309.7,2156.0,0.8237483501434326,15.802482604980469,17.360544204711914,14.978734254837036,1.5580615997314453,16.53679585456848
385,86314.0,86344.9,86299.6,86344.9,3074.0,-0.695195198059082,15.487415313720703,16.52387237548828,16.182610511779785,1.0364570617675781,17.219067573547363
386,86344.8,86344.8,86286.7,86324.9,5096.0,-2.0320191383361816,15.193768501281738,17.30267333984375,17.22578763961792,2.1089048385620117,19.33469247817993
387,86334.8,86338.0,86254.7,86263.5,5631.0,-2.658496856689453,14.484989166259766,15.732694625854492,17.14348602294922,1.2477054595947266,18.391191482543945
388,86267.7,86292.5,86240.0,86256.2,2701.0,-3.9239912033081055,13.677713394165039,13.031737327575684,17.601704597473145,0.6459760665893555,16.95572853088379
389,86254.1,86254.1,86193.9,86207.5,2405.0,-5.701331615447998,12.60365104675293,10.949048042297363,18.304982662200928,1.6546030044555664,16.65037965774536
390,86207.6,86266.1,86207.6,86266.1,6706.0,-8.256598472595215,11.774309158325195,9.16147232055664,20.03090763092041,2.6128368377685547,17.418070793151855
391,86267.1,86301.8,86220.0,86237.4,3000.0,-13.089374542236328,10.9160795211792,6.305527687072754,24.005454063415527,4.610551834106445,19.394902229309082
392,86238.3,86307.1,86219.1,86219.1,4243.0,-16.431018829345703,10.180255889892578,2.8158481121063232,26.61127471923828,7.364407777786255,19.246866941452026
393,86217.2,86256.4,86160.5,86238.5,3859.0,-20.191484451293945,10.072047233581543,0.27333763241767883,30.26353168487549,9.798709601163864,20.464822083711624
394,86242.7,86250.0,86205.0,86214.2,3779.0,-22.848045349121094,9.786575317382812,-1.260585069656372,32.634620666503906,11.047160387039185,21.58746027946472
395,86205.6,86205.6,86062.1,86062.1,8078.0,-26.01344108581543,9.283426284790039,-5.347538948059082,35.29686737060547,14.630965232849121,20.665902137756348
396,86062.1,86067.8,86017.3,86036.8,5860.0,-29.21159553527832,8.53905963897705,-9.952261924743652,37.75065517425537,18.491321563720703,19.259333610534668
397,86033.7,86033.7,85869.9,85932.9,9270.0,-31.381296157836914,7.19950008392334,-13.76931381225586,38.580796241760254,20.9688138961792,17.611982345581055
398,85932.5,85949.1,85905.2,85905.2,2510.0,-32.88069534301758,5.87939453125,-17.605064392089844,38.76008987426758,23.484458923339844,15.275630950927734
399,85902.4,85918.0,85846.1,85853.2,5250.0,-34.85131072998047,4.411620616912842,-22.096105575561523,39.26293134689331,26.507726192474365,12.755205154418945
400,85864.9,85889.3,85829.6,85867.5,2686.0,-36.6187858581543,3.0631182193756104,-25.066999435424805,39.68190407752991,28.130117654800415,11.551786422729492
401,85855.7,85940.4,85855.7,85928.9,6484.0,-38.858280181884766,1.9890861511230469,-26.523977279663086,40.84736633300781,28.513063430786133,12.33430290222168
402,85926.0,85937.7,85894.7,85927.0,2066.0,-40.77873992919922,0.9437271952629089,-26.84642219543457,41.72246712446213,27.79014939069748,13.932317733764648
403,85928.6,86085.2,85894.1,86085.2,17823.0,-43.00105285644531,0.43667513132095337,-25.144489288330078,43.437727987766266,25.58116441965103,17.856563568115234
404,86085.1,86225.3,86025.6,86058.2,69246.0,-46.45112228393555,0.0417037196457386,-23.153512954711914,46.492826003581285,23.195216674357653,23.297609329223633
405,86058.2,86058.2,85965.0,85970.3,4219.0,-49.48897933959961,-0.5033949613571167,-21.48442840576172,48.98558437824249,20.981033444404602,28.00455093383789
406,85969.8,86053.8,85968.7,86053.8,2784.0,-51.76780700683594,-0.8463058471679688,-18.37496566772461,50.92150115966797,17.52865982055664,33.39284133911133
407,86054.0,86116.5,86018.3,86113.2,1520.0,-54.10530471801758,-1.0484321117401123,-14.978618621826172,53.056872606277466,13.93018651008606,39.126686096191406
408,86112.1,86142.0,86038.7,86071.7,3330.0,-55.662235260009766,-1.427176833152771,-12.064332962036133,54.235058426856995,10.637156128883362,43.59790229797363
409,86071.6,86087.8,86033.8,86065.8,3745.0,-57.194053649902344,-1.7450717687606812,-9.725975036621094,55.44898188114166,7.980903267860413,47.46807861328125
410,86070.7,86154.0,86070.7,86154.0,2658.0,-58.401649475097656,-1.7854231595993042,-4.989197731018066,56.61622631549835,3.203774571418762,53.41245174407959
411,86158.8,86187.3,86136.3,86136.3,1825.0,-59.5816764831543,-2.032172679901123,-0.7899553775787354,57.549503803253174,1.2422173023223877,58.79172110557556
412,86136.1,86157.2,86093.9,86127.3,2414.0,-60.922035217285156,-2.1670260429382324,3.1438498497009277,58.755009174346924,5.31087589263916,64.06588506698608
413,86123.1,86146.9,86092.1,86096.5,2241.0,-62.083778381347656,-2.4287729263305664,7.082043170928955,59.65500545501709,9.510816097259521,69.16582155227661
414,86107.5,86107.5,86049.8,86084.9,3268.0,-63.63124084472656,-2.772390842437744,10.684398651123047,60.85885000228882,13.456789493560791,74.31563949584961
415,86070.8,86144.4,86070.8,86139.5,1926.0,-64.94550323486328,-3.1374289989471436,12.85961627960205,61.80807423591614,15.997045278549194,77.80511951446533
416,86139.4,86208.2,86112.7,86112.7,2857.0,-66.87442016601562,-3.2008910179138184,14.13608455657959,63.67352914810181,17.336975574493408,81.01050472259521
417,86129.9,86198.7,86124.3,86198.7,2111.0,-68.822998046875,-3.242471933364868,14.88647747039795,65.58052611351013,18.128949403762817,83.70947551727295
418,86200.0,86219.3,86138.3,86138.3,2441.0,-71.10355377197266,-3.5550806522369385,13.93692398071289,67.54847311973572,17.49200463294983,85.04047775268555
419,86135.0,86216.6,86133.7,86188.1,3033.0,-72.57316589355469,-3.5013606548309326,12.527297019958496,69.07180523872375,16.02865767478943,85.10046291351318
420,86192.4,86234.1,86161.2,86211.7,3270.0,-74.59286499023438,-3.4612858295440674,11.17696762084961,71.13157916069031,14.638253450393677,85.76983261108398
421,86211.6,86254.0,86118.7,86118.7,3784.0,-75.9293212890625,-3.7140896320343018,8.949917793273926,72.2152316570282,12.664007425308228,84.87923908233643
422,86120.6,86120.6,85981.3,86023.5,3653.0,-76.72688293457031,-4.214442253112793,5.047427177429199,72.51244068145752,9.261869430541992,81.77431011199951
423,86038.5,86096.8,86002.0,86002.0,4179.0,-78.23974609375,-4.622106075286865,3.190624952316284,73.61764001846313,7.812731027603149,81.43037104606628
424,85999.1,86081.7,85999.1,86061.1,2863.0,-79.19895935058594,-4.636919021606445,1.8769326210021973,74.56204032897949,6.513851642608643,81.07589197158813
425,86060.1,86084.1,86005.2,86012.3,3312.0,-79.91932678222656,-4.815842151641846,-1.5263216495513916,75.10348463058472,3.289520502090454,78.39300513267517
426,86012.4,86124.6,85990.8,86002.0,5335.0,-79.18021392822266,-5.054140567779541,-3.821410894393921,74.12607336044312,1.2327296733856201,75.35880303382874
427,85997.7,86007.1,85951.4,85959.4,2851.0,-77.89354705810547,-5.058934688568115,-5.709210395812988,72.83461236953735,0.650275707244873,72.18433666229248
428,85959.3,85959.3,85800.9,85849.9,5078.0,-76.90215301513672,-5.3093109130859375,-9.585273742675781,71.59284210205078,4.275962829589844,67.31687927246094
429,85857.6,85951.9,85857.6,85947.3,1962.0,-75.77178955078125,-5.369330883026123,-11.829646110534668,70.40245866775513,6.460315227508545,63.94214344024658
430,85956.3,86015.1,85938.5,85938.6,5221.0,-73.98870086669922,-5.308511734008789,-12.627361297607422,68.68018913269043,7.318849563598633,61.3613395690918
431,85932.1,85932.1,85836.9,85881.4,6432.0,-71.7221908569336,-5.35156774520874,-14.197879791259766,66.37062311172485,8.846312046051025,57.52431106567383
432,85891.7,86089.3,85891.7,85985.1,7549.0,-68.90827941894531,-5.013850688934326,-14.045723915100098,63.894428730010986,9.031873226165771,54.862555503845215
433,85991.3,86020.3,85972.0,85972.0,3266.0,-64.98177337646484,-4.808497428894043,-14.353172302246094,60.1732759475708,9.54467487335205,50.62860107421875
434,85966.9,85993.7,85933.9,85973.8,3496.0,-61.48790740966797,-4.513590335845947,-14.630915641784668,56.97431707382202,10.11732530593872,46.8569917678833
435,85961.0,85970.4,85883.3,85888.5,3662.0,-58.001731872558594,-4.297111988067627,-15.09798526763916,53.70461988449097,10.800873279571533,42.903746604919434
436,85888.0,85888.0,85852.1,85869.9,2574.0,-53.83440017700195,-4.1306657791137695,-15.876457214355469,49.703734397888184,11.7457914352417,37.957942962646484
437,85861.3,85874.5,85800.0,85845.3,2784.0,-50.039791107177734,-4.128913879394531,-15.283364295959473,45.9108772277832,11.154450416564941,34.75642681121826
438,85850.4,85866.5,85758.0,85774.0,10196.0,-46.248287200927734,-4.27095890045166,-16.13114356994629,41.977328300476074,11.860184669494629,30.117143630981445
439,85770.5,85770.5,85695.5,85742.7,8930.0,-43.12336730957031,-4.560118675231934,-16.09181785583496,38.56324863433838,11.531699180603027,27.03154945373535
440,85742.6,85742.6,85650.0,85692.3,5327.0,-41.399898529052734,-4.7818217277526855,-15.730151176452637,36.61807680130005,10.948329448699951,25.669747352600098
441,85692.3,85763.5,85692.3,85763.5,3544.0,-41.81217575073242,-4.849033355712891,-15.038657188415527,36.96314239501953,10.189623832702637,26.773518562316895
442,85763.4,85831.0,85748.6,85819.0,4699.0,-41.063350677490234,-4.785294532775879,-14.523372650146484,36.278056144714355,9.738078117370605,26.53997802734375
443,85823.3,85843.9,85761.2,85765.4,4608.0,-40.95200729370117,-4.763044357299805,-14.805780410766602,36.18896293640137,10.042736053466797,26.14622688293457
444,85765.3,85780.9,85723.6,85729.4,3187.0,-40.299285888671875,-4.839475631713867,-14.313498497009277,35.45981025695801,9.47402286529541,25.985787391662598
445,85727.3,85764.0,85685.6,85692.1,5761.0,-40.47811508178711,-5.329594135284424,-14.62582778930664,35.148520946502686,9.296233654022217,25.85228729248047
446,85691.1,85804.9,85654.5,85783.9,3678.0,-40.398582458496094,-5.629909992218018,-13.307859420776367,34.768672466278076,7.67794942855835,27.090723037719727
447,85784.8,85822.1,85700.1,85700.1,5072.0,-39.84318542480469,-6.355775833129883,-13.531672477722168,33.487409591674805,7.175896644592285,26.31151294708252
448,85700.0,85700.0,85650.0,85657.6,3991.0,-39.23969650268555,-7.227989196777344,-15.701656341552734,32.0117073059082,8.47366714477539,23.538040161132812
449,85657.6,85657.6,85601.1,85619.1,7419.0,-39.87179946899414,-8.296090126037598,-16.594602584838867,31.575709342956543,8.29851245880127,23.277196884155273
450,85619.6,85649.6,85600.0,85600.0,3742.0,-38.64223098754883,-9.35103702545166,-17.404193878173828,29.291193962097168,8.053156852722168,21.238037109375
451,85600.0,85667.6,85600.0,85655.6,2979.0,-34.93634796142578,-10.099061012268066,-17.81351089477539,24.837286949157715,7.714449882507324,17.12283706665039
452,85641.1,85641.1,85606.0,85606.0,3229.0,-30.879898071289062,-10.940542221069336,-16.954458236694336,19.939355850219727,6.013916015625,13.925439834594727
453,85600.0,85710.8,85588.3,85681.6,8372.0,-26.450422286987305,-11.185601234436035,-14.652173042297363,15.26482105255127,3.466571807861328,11.798249244689941
454,85677.5,85732.0,85669.1,85717.2,3388.0,-21.862154006958008,-11.374236106872559,-11.376233100891113,10.48791790008545,0.0019969940185546875,10.485920906066895
455,85713.0,85839.8,85713.0,85747.9,13622.0,-17.616487503051758,-11.676426887512207,-8.622726440429688,5.940060615539551,3.0537004470825195,8.99376106262207
456,85755.1,85777.9,85710.1,85727.9,4033.0,-13.291316986083984,-11.798280715942383,-6.237212181091309,1.4930362701416016,5.561068534851074,7.054104804992676
457,85714.0,85727.9,85639.6,85686.6,4296.0,-8.450119972229004,-11.840845108032227,-4.616564750671387,3.3907251358032227,7.22428035736084,3.833555221557617
458,85687.3,85687.3,85548.0,85615.8,5345.0,-3.0874581336975098,-12.111135482788086,-4.8945136070251465,9.023677349090576,7.2166218757629395,1.8070554733276367
459,85613.0,85663.5,85533.1,85663.5,7573.0,2.8588407039642334,-12.237414360046387,-4.747251033782959,15.09625506401062,7.490163326263428,7.606091737747192
460,85666.8,85782.0,85618.0,85618.0,8897.0,7.96728515625,-12.218022346496582,-5.926774024963379,20.185307502746582,6.291248321533203,13.894059181213379
461,85621.1,85630.4,85570.6,85627.3,3147.0,12.26442813873291,-12.167067527770996,-5.737500190734863,24.431495666503906,6.429567337036133,18.001928329467773
462,85635.8,85697.5,85627.4,85655.6,3532.0,15.753311157226562,-12.023517608642578,-4.062740802764893,27.77682876586914,7.9607768058776855,19.816051959991455
463,85652.8,85659.1,85604.3,85659.1,4554.0,19.830102920532227,-11.902985572814941,-2.938610315322876,31.733088493347168,8.964375257492065,22.768713235855103
464,85669.4,85729.7,85650.1,85672.0,3026.0,23.59920310974121,-11.736324310302734,-2.038792371749878,35.335527420043945,9.697531938552856,25.63799548149109
465,85663.3,85706.7,85610.2,85610.2,5217.0,27.787769317626953,-11.54135799407959,-2.524371385574341,39.32912731170654,9.016986608505249,30.312140703201294
466,85608.2,85635.8,85570.2,85622.3,3904.0,30.723011016845703,-11.335329055786133,-1.2646028995513916,42.058340072631836,10.070726156234741,31.987613916397095
467,85629.1,85700.6,85614.6,85677.6,4544.0,33.6657829284668,-10.740321159362793,-0.29486608505249023,44.40610408782959,10.445455074310303,33.96064901351929
468,85677.6,85714.4,85666.9,85705.9,2819.0,34.90819549560547,-10.176198959350586,0.4418937861919403,45.084394454956055,10.618092745542526,34.46630170941353
469,85705.9,85723.0,85666.1,85666.3,2148.0,36.670692443847656,-9.544097900390625,-0.06760455667972565,46.21479034423828,9.4764933437109,36.73829700052738
470,85666.2,85703.8,85638.3,85682.5,3588.0,36.96888732910156,-8.763681411743164,-0.7182037234306335,45.73256874084473,8.04547768831253,37.687091052532196
471,85680.5,85730.5,85654.1,85696.0,4799.0,36.54972839355469,-8.12647819519043,-0.4220864772796631,44.67620658874512,7.704391717910767,36.97181487083435
472,85689.5,85709.4,85627.8,85627.8,5447.0,36.75870895385742,-7.846353530883789,-1.944231629371643,44.60506248474121,5.902121901512146,38.702940583229065
473,85625.0,85655.8,85555.5,85559.8,4459.0,35.55695343017578,-7.740142822265625,-3.276873826980591,43.297096252441406,4.463268995285034,38.83382725715637
474,85564.9,85657.3,85564.9,85618.3,5351.0,35.80831527709961,-7.306971073150635,-3.0285067558288574,43.115286350250244,4.278464317321777,38.83682203292847
475,85617.3,85669.2,85602.1,85648.0,2294.0,37.72529983520508,-6.883172988891602,-1.7224154472351074,44.60847282409668,5.160757541656494,39.447715282440186
476,85647.9,85647.9,85543.9,85583.7,4378.0,40.65541076660156,-6.5982537269592285,-1.5004171133041382,47.25366449356079,5.09783661365509,42.1558278799057
477,85586.0,85586.0,85548.5,85573.6,3724.0,43.06694412231445,-6.403748989105225,-1.857947587966919,49.47069311141968,4.545801401138306,44.92489171028137
478,85573.0,85629.0,85552.6,85624.7,6905.0,46.03362274169922,-6.318528652191162,-2.433499813079834,52.35215139389038,3.885028839111328,48.46712255477905
479,85624.7,85624.7,85566.8,85578.8,4323.0,48.499488830566406,-6.082903861999512,-2.9250411987304688,54.58239269256592,3.157862663269043,51.424530029296875
480,85576.0,85636.0,85562.7,85631.7,6170.0,49.735633850097656,-5.708123683929443,-3.251826763153076,55.4437575340271,2.456296920776367,52.98746061325073
481,85615.4,85650.7,85588.0,85604.5,5528.0,50.88560485839844,-5.5055670738220215,-3.8410420417785645,56.39117193222046,1.664525032043457,54.726646900177
482,85604.4,85608.2,85542.0,85590.6,11641.0,51.7830810546875,-5.0583815574646,-4.147609233856201,56.8414626121521,0.9107723236083984,55.9306902885437
483,85590.6,85656.1,85501.2,85629.1,8618.0,52.8767204284668,-4.513743877410889,-3.751168966293335,57.390464305877686,0.7625749111175537,56.62788939476013
484,85619.6,85666.1,85604.8,85666.1,11701.0,53.24609375,-3.8429501056671143,-2.5773849487304688,57.089043855667114,1.2655651569366455,55.82347869873047
485,85680.0,85762.5,85631.2,85631.2,19912.0,52.88495635986328,-3.4353785514831543,-2.8690202236175537,56.320334911346436,0.5663583278656006,55.753976583480835
486,85630.2,85630.2,85558.1,85577.5,8144.0,52.844482421875,-3.174154043197632,-3.768468141555786,56.01863646507263,0.5943140983581543,56.612950563430786
487,85599.6,85620.5,85485.0,85518.3,4472.0,51.036441802978516,-3.086812734603882,-4.5730791091918945,54.1232545375824,1.4862663745880127,55.60952091217041
488,85520.4,85536.4,85455.1,85462.1,3761.0,48.83656311035156,-3.274372100830078,-5.494132041931152,52.11093521118164,2.219759941101074,54.330695152282715
489,85469.1,85527.2,85457.5,85527.2,5913.0,46.38557052612305,-3.3490822315216064,-5.743838310241699,49.73465275764465,2.3947560787200928,52.129408836364746
490,85516.7,85541.7,85474.8,85499.5,4240.0,42.25693130493164,-3.5994889736175537,-5.9243011474609375,45.856420278549194,2.324812173843384,48.18123245239258
491,85499.5,85512.8,85477.6,85496.9,3884.0,38.02125549316406,-3.661445140838623,-5.65358304977417,41.682700634002686,1.9921379089355469,43.67483854293823
492,85496.9,85516.1,85487.7,85516.1,2319.0,33.4678955078125,-3.5146985054016113,-5.886025428771973,36.98259401321411,2.3713269233703613,39.35392093658447
493,85512.7,85536.2,85505.6,85509.6,2976.0,29.387784957885742,-3.4842429161071777,-7.117046356201172,32.87202787399292,3.632803440093994,36.504831314086914
494,85514.9,85535.1,85438.1,85513.3,7962.0,25.024812698364258,-3.510549783706665,-7.296111583709717,28.535362482070923,3.7855618000030518,32.320924282073975
495,85521.4,85528.7,85482.0,85504.2,7172.0,19.93311882019043,-3.632157325744629,-6.978195667266846,23.56527614593506,3.346038341522217,26.911314487457275
496,85504.1,85504.1,85387.9,85458.0,18297.0,15.232491493225098,-3.615715503692627,-8.119301795959473,18.848206996917725,4.503586292266846,23.35179328918457
497,85447.9,85491.8,85408.0,85417.6,5314.0,10.593144416809082,-3.8682734966278076,-9.808000564575195,14.46141791343689,5.939727067947388,20.401144981384277
498,85429.0,85483.7,85403.2,85461.9,2438.0,4.5409111976623535,-4.094893455505371,-9.822433471679688,8.635804653167725,5.727540016174316,14.363344669342041
499,85461.9,85513.3,85409.2,85414.0,2979.0,-1.705888032913208,-4.507874011993408,-11.001145362854004,2.8019859790802,6.493271350860596,9.295257329940796
500,85408.2,85408.2,85161.3,85164.3,39030.0,-7.236133098602295,-5.538911819458008,-14.66386890411377,1.697221279144287,9.124957084655762,7.427735805511475
501,85160.1,85331.3,85155.4,85173.1,30477.0,-9.437732696533203,-6.3670549392700195,-17.927467346191406,3.0706777572631836,11.560412406921387,8.489734649658203
502,85168.9,85258.7,85168.9,85220.2,7878.0,-9.967988014221191,-7.160162925720215,-20.08891487121582,2.8078250885009766,12.928751945495605,10.120926856994629
503,85235.2,85317.8,85183.1,85287.0,7815.0,-8.873518943786621,-7.578306674957275,-20.13123893737793,1.2952122688293457,12.552932262420654,11.257719993591309
504,85289.0,85333.4,85262.8,85309.2,6174.0,-7.07257604598999,-7.81703519821167,-18.75772476196289,0.7444591522216797,10.94068956375122,11.6851487159729
505,85313.5,85363.1,85289.8,85333.1,5400.0,-4.936435699462891,-7.883846759796143,-17.05714225769043,2.947411060333252,9.173295497894287,12.120706558227539
506,85333.0,85333.0,85271.7,85271.7,2489.0,-2.9755005836486816,-8.102015495300293,-16.633352279663086,5.126514911651611,8.531336784362793,13.657851696014404
507,85271.8,85323.1,85250.0,85312.8,4338.0,-0.2818458378314972,-8.28561019897461,-16.097450256347656,8.003764361143112,7.811840057373047,15.815604418516159
508,85314.8,85351.5,85282.4,85288.7,2753.0,2.3195197582244873,-8.660359382629395,-16.48401641845703,10.979879140853882,7.823657035827637,18.80353617668152
509,85294.6,85294.6,85197.3,85197.3,11465.0,5.4017229080200195,-9.104288101196289,-16.887718200683594,14.506011009216309,7.783430099487305,22.289441108703613
510,85208.0,85302.4,85180.7,85225.4,21586.0,8.123282432556152,-9.545357704162598,-16.83128547668457,17.66864013671875,7.285927772521973,24.954567909240723
511,85233.8,85245.6,85111.1,85164.5,18436.0,9.709867477416992,-10.074967384338379,-17.273725509643555,19.78483486175537,7.198758125305176,26.983592987060547
512,85156.0,85156.0,84600.0,84823.2,231593.0,10.795639038085938,-11.28984546661377,-21.788780212402344,22.085484504699707,10.498934745788574,32.58441925048828
513,84823.2,84845.1,83173.2,83177.4,590196.0,13.02502155303955,-16.288944244384766,-48.87601089477539,29.313965797424316,32.587066650390625,61.90103244781494
514,83177.4,83627.0,81277.3,83373.4,754291.0,15.086942672729492,-20.5568904876709,-69.59782409667969,35.64383316040039,49.04093360900879,84.68476676940918
515,83371.8,83867.6,83225.0,83770.1,179103.0,17.507049560546875,-23.822534561157227,-81.57814025878906,41.3295841217041,57.755605697631836,99.08518981933594
516,83761.6,83783.0,83156.9,83492.3,111964.0,18.727275848388672,-27.533552169799805,-95.64894104003906,46.26082801818848,68.11538887023926,114.37621688842773
517,83492.3,84050.5,83441.5,83955.1,58244.0,18.21091079711914,-29.81760597229004,-100.79017639160156,48.02851676940918,70.97257041931152,119.0010871887207
518,83955.3,84024.7,83683.2,83978.0,66531.0,16.785608291625977,-31.81173324584961,-102.70561981201172,48.597341537475586,70.89388656616211,119.4912281036377
519,83986.2,84147.0,83954.7,84055.5,37277.0,14.889488220214844,-33.554927825927734,-102.03878784179688,48.44441604614258,68.48386001586914,116.92827606201172
520,84058.4,84486.0,83945.4,84261.5,47252.0,12.93657398223877,-34.61980438232422,-100.32891845703125,47.55637836456299,65.70911407470703,113.26549243927002
521,84261.4,84480.4,84261.4,84371.1,38379.0,11.706851959228516,-35.25780487060547,-95.55670166015625,46.964656829833984,60.29889678955078,107.26355361938477
522,84371.2,84436.2,84079.0,84251.8,25485.0,11.33745002746582,-36.215301513671875,-90.53911590576172,47.552751541137695,54.323814392089844,101.87656593322754
523,84251.8,84439.8,84130.6,84414.2,33484.0,10.760635375976562,-36.82343292236328,-80.69049835205078,47.584068298339844,43.8670654296875,91.45113372802734
524,84413.2,84460.5,84326.4,84340.9,25856.0,11.459149360656738,-37.35359573364258,-70.22604370117188,48.812745094299316,32.8724479675293,81.68519306182861
525,84340.9,84366.2,84005.9,84104.9,21710.0,15.190234184265137,-38.24369430541992,-61.29957580566406,53.43392848968506,23.05588150024414,76.4898099899292
526,84104.8,84108.3,83916.0,83972.3,26099.0,18.601057052612305,-39.45423889160156,-53.38994216918945,58.05529594421387,13.93570327758789,71.99099922180176
527,83972.3,84125.8,83823.2,84004.7,42567.0,20.555477142333984,-40.457340240478516,-42.414520263671875,61.0128173828125,1.9571800231933594,62.96999740600586
528,84000.4,84076.4,83764.7,83946.5,24317.0,24.04485321044922,-41.3258056640625,-30.683940887451172,65.37065887451172,10.641864776611328,54.72879409790039
529,83948.4,83962.7,83800.6,83923.2,12939.0,27.245744705200195,-42.19273376464844,-18.711078643798828,69.43847846984863,23.48165512084961,45.95682334899902
530,83923.3,84363.1,83896.8,84276.2,35765.0,29.015094757080078,-41.94530487060547,0.6642798185348511,70.96039962768555,42.60958468914032,28.350814938545227
531,84271.9,84271.9,84119.9,84125.6,8578.0,31.008481979370117,-41.990360260009766,18.353994369506836,72.99884223937988,60.3443546295166,12.654487609863281
532,84125.6,84214.1,84125.6,84201.1,7444.0,32.885643005371094,-41.745269775390625,33.29563522338867,74.63091278076172,75.0409049987793,0.4099922180175781
533,84206.6,84230.6,83950.7,84025.7,13118.0,34.16096878051758,-41.68737030029297,20.680686950683594,75.84833908081055,62.36805725097656,13.480281829833984
534,84025.6,84046.8,83888.0,83892.8,13711.0,35.06290054321289,-41.69907760620117,7.986166477203369,76.76197814941406,49.68524408340454,27.07673406600952
535,83892.9,83942.0,83773.1,83924.9,18049.0,35.44951248168945,-41.54753875732422,1.2329241037368774,76.99705123901367,42.780462861061096,34.216588377952576
536,83930.0,84106.7,83911.3,84093.5,17280.0,35.16484069824219,-40.968017578125,-7.730891704559326,76.13285827636719,33.237125873565674,42.895732402801514
537,84093.5,84106.8,83890.5,83890.5,12428.0,32.98644256591797,-40.868446350097656,-13.191329956054688,73.85488891601562,27.67711639404297,46.177772521972656
538,83890.5,84011.9,83836.9,84000.0,12719.0,29.68136978149414,-40.49394226074219,-16.628782272338867,70.17531204223633,23.86515998840332,46.31015205383301
539,83999.9,84104.6,83965.8,84031.3,23635.0,27.09856605529785,-39.74321365356445,-18.42853546142578,66.8417797088623,21.314678192138672,45.52710151672363
540,84027.0,84062.7,83935.3,83956.4,10085.0,23.38386344909668,-39.0957145690918,-18.009239196777344,62.47957801818848,21.086475372314453,41.39310264587402
541,83954.4,84113.1,83954.4,84077.6,8905.0,18.848329544067383,-38.02193069458008,-13.669119834899902,56.87026023864746,24.352810859680176,32.517449378967285
542,84071.4,84106.1,83906.4,83943.9,8605.0,14.635854721069336,-37.07509994506836,-12.681449890136719,51.710954666137695,24.39365005493164,27.317304611206055
543,83943.9,83977.6,83786.0,83829.0,14854.0,10.139289855957031,-36.2677001953125,-10.307870864868164,46.40699005126953,25.959829330444336,20.447160720825195
544,83828.9,83834.2,83682.8,83769.5,25721.0,5.153528690338135,-35.4276008605957,-9.06173038482666,40.58112955093384,26.365870475769043,14.215259075164795
545,83753.6,84164.5,83737.6,84164.5,19937.0,-0.6126174926757812,-33.512672424316406,-5.039802551269531,32.900054931640625,28.472869873046875,4.42718505859375
546,84166.5,84403.6,84152.8,84233.0,27365.0,-6.039540767669678,-31.422353744506836,-2.2226386070251465,25.382812976837158,29.19971513748169,3.8169021606445312
547,84222.5,84290.3,84123.7,84247.0,19768.0,-9.744226455688477,-29.281082153320312,0.9141682386398315,19.536855697631836,30.195250391960144,10.658394694328308
548,84248.0,84306.9,84207.2,84235.9,8087.0,-13.465784072875977,-26.943706512451172,2.6090283393859863,13.477922439575195,29.552734851837158,16.074812412261963
549,84229.8,84299.8,84133.2,84277.6,6664.0,-15.1610689163208,-24.508695602416992,4.096616744995117,9.347626686096191,28.60531234741211,19.257685661315918
550,84276.6,84300.0,84145.9,84204.3,6741.0,-17.806903839111328,-22.746843338012695,9.577749252319336,4.939939498901367,32.32459259033203,27.384653091430664
551,84197.3,84496.8,84197.3,84421.5,10103.0,-19.528404235839844,-20.361679077148438,15.891993522644043,0.8332748413085938,36.25367259979248,35.42039775848389
552,84412.1,84619.0,84398.1,84521.6,14509.0,-19.586334228515625,-17.550872802734375,24.383405685424805,2.03546142578125,41.93427848815918,43.96973991394043
553,84521.1,84690.3,84521.1,84637.8,8961.0,-19.01409912109375,-14.238055229187012,31.28334617614746,4.776043891906738,45.52140140533447,50.29744529724121
554,84628.4,84635.7,84452.7,84481.3,14046.0,-18.083648681640625,-11.176596641540527,32.928611755371094,6.907052040100098,44.10520839691162,51.01226043701172
555,84493.9,84667.9,84477.9,84667.9,7251.0,-15.934263229370117,-7.538846492767334,36.86151885986328,8.395416736602783,44.400365352630615,52.7957820892334
556,84675.9,84698.7,84520.8,84541.7,10289.0,-13.532995223999023,-4.285372257232666,40.53647232055664,9.247622966766357,44.82184457778931,54.069467544555664
557,84550.2,84617.9,84520.8,84568.8,10589.0,-10.512226104736328,-0.7946448922157288,40.7192268371582,9.7175812125206,41.51387172937393,51.23145294189453
558,84573.0,84583.0,84431.4,84437.8,19801.0,-7.384293556213379,2.400038242340088,39.739501953125,9.784331798553467,37.33946371078491,47.12379550933838
559,84437.8,84500.3,84329.1,84345.4,20059.0,-4.345361709594727,5.232510566711426,37.2756233215332,9.577872276306152,32.04311275482178,41.62098503112793
560,84345.5,84547.8,84322.4,84523.8,12934.0,-0.3024364709854126,8.636972427368164,35.705352783203125,8.939408898353577,27.06838035583496,36.00778925418854
561,84512.0,84575.5,84351.8,84454.9,17389.0,3.3685972690582275,11.798894882202148,34.21131896972656,8.430297613143921,22.412424087524414,30.842721700668335
562,84463.3,84559.9,84418.1,84488.0,6071.0,7.098114490509033,14.268449783325195,30.511701583862305,7.170335292816162,16.24325180053711,23.41358709335327
563,84483.7,84575.3,84410.1,84568.3,16707.0,10.499995231628418,12.930181503295898,25.326797485351562,2.4301862716674805,12.396615982055664,14.826802253723145
564,84566.0,84633.5,84500.0,84500.1,6184.0,13.7422513961792,11.778796195983887,17.11647605895996,1.9634552001953125,5.337679862976074,3.3742246627807617
565,84505.0,84508.1,84367.5,84380.3,5297.0,16.636127471923828,11.20831298828125,12.332853317260742,5.427814483642578,1.1245403289794922,4.303274154663086
566,84380.2,84382.3,84259.6,84263.9,13940.0,18.250587463378906,9.624155044555664,6.643467903137207,8.626432418823242,2.980687141418457,11.6071195602417
567,84267.2,84388.4,84245.3,84335.2,13017.0,18.329660415649414,9.267261505126953,2.1473097801208496,9.062398910522461,7.1199517250061035,16.182350635528564
568,84333.1,84359.2,84254.9,84281.2,5456.0,17.492021560668945,8.802434921264648,-3.42820143699646,8.689586639404297,12.230636358261108,20.920222997665405
569,84299.1,84302.4,84183.8,84222.4,6337.0,15.52208137512207,8.360658645629883,-9.253436088562012,7.1614227294921875,17.614094734191895,24.775517463684082
570,84218.2,84288.9,84185.7,84259.6,17105.0,12.74443531036377,8.493667602539062,-15.621628761291504,4.250767707824707,24.115296363830566,28.366064071655273
571,84256.1,84401.5,84256.1,84368.0,3991.0,11.391599655151367,9.153828620910645,-17.094913482666016,2.2377710342407227,26.24874210357666,28.486513137817383
572,84356.6,84422.5,84348.0,84416.0,3753.0,10.633434295654297,9.63343620300293,-16.221481323242188,0.9999980926513672,25.854917526245117,26.854915618896484
573,84412.6,84423.2,84229.5,84233.8,7003.0,10.17690658569336,10.063227653503418,-15.957489013671875,0.1136789321899414,26.020716667175293,26.134395599365234
574,84241.4,84258.3,84025.8,84087.2,20531.0,9.221623420715332,9.987349510192871,-19.651227951049805,0.7657260894775391,29.638577461242676,28.872851371765137
575,84092.5,84117.3,83974.2,84081.9,12807.0,9.542346000671387,9.346673011779785,-19.881784439086914,0.19567298889160156,29.2284574508667,29.4241304397583
576,84074.3,84074.3,83921.5,83966.6,11815.0,17.39395523071289,8.110404968261719,-22.87079429626465,9.283550262451172,30.981199264526367,40.26474952697754
577,83961.5,84018.2,83932.4,83996.5,7262.0,23.911413192749023,7.026569843292236,-24.140073776245117,16.884843349456787,31.166643619537354,48.05148696899414
578,83990.5,84098.4,83954.6,84026.7,16272.0,30.075849533081055,5.872203350067139,-26.18570327758789,24.203646183013916,32.05790662765503,56.261552810668945
579,84031.0,84091.9,83981.0,83997.6,4046.0,35.88121032714844,4.58113956451416,-29.48780632019043,31.300070762634277,34.06894588470459,65.36901664733887
580,83996.6,83996.6,83856.6,83871.3,10885.0,40.85274124145508,3.854997158050537,-31.254440307617188,36.99774408340454,35.109437465667725,72.10718154907227
581,83862.0,83979.0,83819.5,83926.6,18306.0,45.5953483581543,2.9247922897338867,-32.337677001953125,42.67055606842041,35.26246929168701,77.93302536010742
582,83926.6,83954.9,83751.1,83780.1,10925.0,50.47161102294922,1.8560459613800049,-34.19668197631836,48.615565061569214,36.052727937698364,84.66829299926758
583,83780.9,83881.9,83754.6,83777.5,17305.0,54.28330612182617,0.39245137572288513,-33.760498046875,53.89085474610329,34.152949422597885,88.04380416870117
584,83779.5,83873.5,83750.0,83805.9,31807.0,58.038761138916016,-1.304893136024475,-32.80622100830078,59.34365427494049,31.501327872276306,90.8449821472168
585,83796.8,83874.7,83724.6,83741.9,29439.0,61.58570098876953,-3.0696334838867188,-33.61396789550781,64.65533447265625,30.544334411621094,95.19966888427734
586,83742.0,83828.0,83732.8,83768.1,8394.0,63.868587493896484,-4.341089725494385,-34.92525863647461,68.20967721939087,30.584168910980225,98.7938461303711
587,83770.4,83983.2,83770.4,83963.1,9143.0,65.1805191040039,-5.616049766540527,-31.579410552978516,70.79656887054443,25.96336078643799,96.75992965698242
588,83963.1,83990.8,83844.3,83872.8,6328.0,66.49404907226562,-6.845034122467041,-29.81671142578125,73.33908319473267,22.97167730331421,96.31076049804688
589,83864.7,83890.0,83728.7,83728.7,8651.0,67.94623565673828,-8.3250093460083,-30.426843643188477,76.27124500274658,22.101834297180176,98.37307929992676
590,83724.6,83753.9,83626.6,83653.1,15237.0,69.5835952758789,-10.13766098022461,-30.787181854248047,79.72125625610352,20.649520874023438,100.37077713012695
591,83675.5,83764.3,83633.8,83699.0,17326.0,70.54511260986328,-11.5137300491333,-27.868244171142578,82.05884265899658,16.354514122009277,98.41335678100586
592,83691.8,83697.5,83576.0,83692.0,14180.0,71.2457504272461,-13.199519157409668,-23.285396575927734,84.44526958465576,10.085877418518066,94.53114700317383
593,83700.4,83828.0,83700.4,83768.1,20744.0,71.26557159423828,-14.9605712890625,-19.403553009033203,86.22614288330078,4.442981719970703,90.66912460327148
594,83774.0,83820.8,83635.4,83701.0,9920.0,70.47108459472656,-17.022001266479492,-18.094648361206055,87.49308586120605,1.0726470947265625,88.56573295593262
595,83695.9,83786.6,83679.7,83783.8,10010.0,69.63319396972656,-17.914159774780273,-15.10593318939209,87.54735374450684,2.8082265853881836,84.73912715911865
596,83788.0,83862.9,83781.0,83817.1,13303.0,68.33531188964844,-18.522750854492188,-13.013639450073242,86.85806274414062,5.509111404418945,81.34895133972168
597,83817.2,83858.6,83785.7,83799.7,6080.0,67.83646392822266,-19.099288940429688,-10.473002433776855,86.93575286865234,8.626286506652832,78.30946636199951
598,83799.7,83824.4,83707.4,83715.0,7485.0,67.32996368408203,-19.859237670898438,-8.369584083557129,87.18920135498047,11.489653587341309,75.69954776763916
599,83715.0,83733.2,83636.1,83636.1,6127.0,67.02491760253906,-20.652284622192383,-7.384057998657227,87.67720222473145,13.268226623535156,74.40897560119629
600,83636.1,83795.2,83636.1,83779.9,4312.0,66.15156555175781,-21.22528839111328,-5.794965744018555,87.3768539428711,15.430322647094727,71.94653129577637
601,83786.9,83894.1,83751.7,83868.9,21353.0,65.67687225341797,-21.01772117614746,-1.9237723350524902,86.69459342956543,19.09394884109497,67.60064458847046
602,83864.7,83915.9,83809.1,83887.5,8606.0,64.64869689941406,-20.46549415588379,-0.013228383846580982,85.11419105529785,20.452265772037208,64.66192528326064
603,83887.4,83939.8,83877.6,83920.3,3860.0,62.85792541503906,-19.491464614868164,2.1632635593414307,82.34939002990723,21.654728174209595,60.69466185569763
604,83924.6,83989.8,83863.2,83921.5,6033.0,61.4727897644043,-18.829029083251953,4.590607166290283,80.30181884765625,23.419636249542236,56.882182598114014
605,83922.5,83976.3,83825.6,83833.7,6568.0,59.747108459472656,-17.863574981689453,4.579346656799316,77.61068344116211,22.44292163848877,55.16776180267334
606,83833.7,83873.5,83730.9,83853.3,9538.0,58.185726165771484,-17.080760955810547,5.123678207397461,75.26648712158203,22.204439163208008,53.06204795837402
607,83863.5,83867.6,83690.1,83711.3,9399.0,56.38972854614258,-16.497955322265625,6.590272426605225,72.8876838684082,23.08822774887085,49.79945611953735
608,83705.2,83764.7,83688.8,83724.5,6364.0,55.14325714111328,-16.122283935546875,7.198273181915283,71.26554107666016,23.320557117462158,47.944983959198
609,83722.3,83730.0,83650.2,83656.4,5595.0,54.06114196777344,-16.06739616394043,4.7812323570251465,70.12853813171387,20.848628520965576,49.27990961074829
610,83652.4,83737.5,83580.0,83737.5,9843.0,52.60065460205078,-15.317005157470703,2.437805414199829,67.91765975952148,17.754810571670532,50.16284918785095
611,83749.4,83902.4,83749.4,83829.3,23824.0,51.14741516113281,-14.442333221435547,2.0035595893859863,65.58974838256836,16.445892810821533,49.143855571746826
612,83840.7,83880.9,83738.1,83790.5,7625.0,49.16610336303711,-13.51956558227539,0.7086113691329956,62.6856689453125,14.228176951408386,48.457491993904114
613,83782.5,83786.6,83653.4,83706.2,9009.0,46.52589416503906,-12.530261993408203,-0.7370947003364563,59.056156158447266,11.793167293071747,47.26298886537552
614,83693.7,83716.8,83686.1,83706.8,4030.0,43.19789123535156,-11.627378463745117,-3.1407365798950195,54.82526969909668,8.486641883850098,46.33862781524658
615,83703.1,83773.7,83700.3,83723.0,4499.0,38.95649719238281,-10.899453163146973,-4.014303207397461,49.855950355529785,6.885149955749512,42.97080039978027
616,83728.8,83766.6,83605.2,83614.7,5211.0,35.2733268737793,-10.648124694824219,-5.817680835723877,45.921451568603516,4.830443859100342,41.091007709503174
617,83619.8,83712.5,83605.4,83707.3,5081.0,31.418819427490234,-9.944692611694336,-6.268644332885742,41.36351203918457,3.6760482788085938,37.68746376037598
618,83707.2,83715.0,83605.6,83625.1,5532.0,26.426912307739258,-9.503992080688477,-9.092287063598633,35.930904388427734,0.41170501708984375,35.51919937133789
619,83632.5,83681.5,83608.1,83633.7,2527.0,21.30645179748535,-9.126568794250488,-12.903630256652832,30.43302059173584,3.7770614624023438,34.210082054138184
620,83641.5,83675.1,83404.8,83509.7,28966.0,14.853899955749512,-8.892757415771484,-16.212318420410156,23.746657371520996,7.319561004638672,31.066218376159668
621,83511.7,83610.5,83364.6,83364.7,13554.0,7.975121974945068,-8.660728454589844,-19.78086280822754,16.635850429534912,11.120134353637695,27.755984783172607
622,83363.6,83493.4,83313.0,83425.7,7002.0,-0.03325233981013298,-8.074264526367188,-21.42608070373535,8.041012186557055,13.351816177368164,21.39282836392522
623,83425.8,83497.8,83352.9,83358.4,21014.0,-8.759809494018555,-7.996419429779053,-22.820518493652344,0.763390064239502,14.824099063873291,14.060708999633789
624,83361.2,83398.6,83304.6,83324.3,14907.0,-17.61568832397461,-8.272794723510742,-23.838163375854492,9.342893600463867,15.56536865234375,6.222475051879883
625,83324.3,83355.3,83284.7,83334.3,8920.0,-25.81192970275879,-8.462628364562988,-25.201168060302734,17.3493013381958,16.738539695739746,0.6107616424560547
626,83346.7,83346.7,83150.8,83181.1,41793.0,-26.20072364807129,-9.226017951965332,-27.69231605529785,16.974705696105957,18.46629810333252,1.4915924072265625
627,83174.1,83320.8,83146.9,83226.1,12694.0,-27.550947189331055,-9.73537540435791,-30.771892547607422,17.815571784973145,21.03651714324951,3.220945358276367
628,83218.3,83238.8,83062.5,83062.5,21836.0,-28.683307647705078,-10.481432914733887,-35.250545501708984,18.20187473297119,24.769112586975098,6.567237854003906
629,83058.7,83203.9,83058.7,83076.1,23222.0,-29.948894500732422,-11.175675392150879,-39.61469268798828,18.773219108581543,28.439017295837402,9.66579818725586
630,83074.2,83231.8,83050.5,83069.4,17291.0,-31.16635513305664,-12.102991104125977,-41.921417236328125,19.063364028930664,29.81842613220215,10.755062103271484
631,83049.5,83095.4,82865.7,83040.7,43387.0,-32.135467529296875,-12.888508796691895,-42.18398666381836,19.24695873260498,29.295477867126465,10.048519134521484
632,83036.6,83045.0,82700.0,82806.5,37530.0,-32.43396759033203,-14.49648380279541,-45.21904373168945,17.93748378753662,30.722559928894043,12.785076141357422
633,82778.9,82940.5,82747.1,82860.2,18664.0,-33.89341354370117,-15.894341468811035,-47.33821487426758,17.999072074890137,31.443873405456543,13.444801330566406
634,82869.4,82985.0,82860.8,82870.9,23699.0,-34.68762969970703,-17.10700798034668,-48.02304458618164,17.58062171936035,30.91603660583496,13.33541488647461
635,82871.0,82984.9,82840.1,82974.5,20211.0,-35.55636978149414,-18.142070770263672,-45.71501922607422,17.41429901123047,27.572948455810547,10.158649444580078
636,82974.5,82985.0,82827.6,82841.9,11346.0,-37.27759552001953,-19.350250244140625,-45.88569259643555,17.927345275878906,26.535442352294922,8.608097076416016
637,82838.6,82953.3,82804.1,82953.3,21336.0,-39.595577239990234,-19.734033584594727,-41.84083557128906,19.861543655395508,22.106801986694336,2.245258331298828
638,82949.2,82957.2,82736.6,82741.6,11185.0,-40.97007751464844,-20.73747444152832,-40.984188079833984,20.232603073120117,20.246713638305664,0.014110565185546875
639,82737.0,82789.5,82602.4,82686.1,33922.0,-42.02576446533203,-22.115571975708008,-39.45600891113281,19.910192489624023,17.340436935424805,2.5697555541992188
640,82686.0,82729.9,82603.4,82682.8,20981.0,-42.618343353271484,-23.587526321411133,-38.507972717285156,19.03081703186035,14.920446395874023,4.110370635986328
641,82685.0,82700.0,82518.0,82532.8,19045.0,-42.038516998291016,-25.206748962402344,-40.74879455566406,16.831768035888672,15.542045593261719,1.2897224426269531
642,82541.0,82616.6,82480.1,82572.2,18141.0,-42.93952560424805,-26.638011932373047,-40.212528228759766,16.301513671875,13.574516296386719,2.7269973754882812
643,82576.3,82596.8,82478.2,82495.0,14079.0,-43.28606414794922,-27.95827293395996,-40.55841064453125,15.327791213989258,12.600137710571289,2.7276535034179688
644,82495.1,82675.0,82495.1,82648.4,27026.0,-43.364463806152344,-28.956056594848633,-37.9529914855957,14.408407211303711,8.99693489074707,5.411472320556641
645,82648.4,82684.7,82571.7,82624.2,46050.0,-42.2755241394043,-29.711519241333008,-34.5189323425293,12.564004898071289,4.807413101196289,7.756591796875
646,82630.4,82670.6,82578.5,82657.8,14204.0,-40.99285125732422,-30.192140579223633,-31.956026077270508,10.800710678100586,1.763885498046875,9.036825180053711
647,82653.8,82725.3,82600.2,82725.3,12563.0,-39.25918197631836,-30.44577407836914,-26.931385040283203,8.813407897949219,3.5143890380859375,12.327796936035156
648,82725.3,82757.9,82582.5,82603.3,8666.0,-37.24812316894531,-31.08976936340332,-25.479692459106445,6.158353805541992,5.610076904296875,11.768430709838867
649,82606.3,82607.3,82472.6,82538.4,9220.0,-35.47099685668945,-31.97464370727539,-24.049829483032227,3.4963531494140625,7.924814224243164,11.421167373657227
650,82546.8,82599.2,82477.9,82514.0,6482.0,-33.595436096191406,-32.459354400634766,-22.265777587890625,1.1360816955566406,10.19357681274414,11.329658508300781
651,82509.9,82590.9,82500.1,82500.1,18087.0,-30.723533630371094,-32.63606643676758,-20.298173904418945,1.9125328063964844,12.337892532348633,10.425359725952148
652,82500.0,82500.1,82280.0,82280.0,18549.0,-28.09832000732422,-33.15245819091797,-24.359886169433594,5.05413818359375,8.792572021484375,3.738433837890625
653,82275.9,82344.9,82234.6,82257.7,21916.0,-25.845672607421875,-33.4921760559082,-27.100452423095703,7.646503448486328,6.3917236328125,1.2547798156738281
654,82248.8,82285.7,82125.3,82149.0,14685.0,-23.16560173034668,-33.9192008972168,-30.319032669067383,10.753599166870117,3.600168228149414,7.153430938720703
655,82144.8,82267.9,82116.5,82208.8,12339.0,-21.08748435974121,-34.25215148925781,-29.961994171142578,13.164667129516602,4.290157318115234,8.874509811401367
656,82210.8,82518.0,82210.8,82497.1,30776.0,-19.139026641845703,-33.7008171081543,-26.4285945892334,14.561790466308594,7.272222518920898,7.289567947387695
657,82497.4,82506.8,82390.0,82453.9,12146.0,-16.946983337402344,-33.4706916809082,-21.234968185424805,16.52370834350586,12.235723495483398,4.287984848022461
658,82453.8,82478.6,82349.3,82387.6,7323.0,-14.0173978805542,-33.24425506591797,-19.58002281188965,19.22685718536377,13.66423225402832,5.562624931335449
659,82385.9,82385.9,82201.4,82217.5,10488.0,-10.820716857910156,-33.455509185791016,-20.69908332824707,22.63479232788086,12.756425857543945,9.878366470336914
660,82216.4,82231.7,82112.2,82176.2,12266.0,-8.430420875549316,-33.42646789550781,-21.755615234375,24.996047019958496,11.670852661132812,13.325194358825684
661,82178.3,82200.4,82111.0,82161.7,16371.0,-6.20263671875,-33.05829620361328,-24.62591552734375,26.85565948486328,8.432380676269531,18.42327880859375
662,82168.0,82261.1,82020.7,82078.6,15816.0,-3.936622142791748,-32.81944274902344,-27.503143310546875,28.88282060623169,5.3162994384765625,23.566521167755127
663,82078.5,82089.4,81712.9,81949.0,58374.0,-2.2198548316955566,-32.92691421508789,-32.70855712890625,30.707059383392334,0.21835708618164062,30.488702297210693
664,81948.9,81974.5,81786.1,81935.6,25616.0,-1.4020378589630127,-32.896461486816406,-34.862247467041016,31.494423627853394,1.9657859802246094,33.460209608078
665,81943.5,82391.7,81927.3,82061.4,45415.0,-1.377267599105835,-32.3609504699707,-34.528995513916016,30.983682870864868,2.1680450439453125,33.15172791481018
666,82053.6,82085.5,81905.2,82062.6,16898.0,-0.43015989661216736,-31.92845344543457,-32.80180358886719,31.498293548822403,0.8733501434326172,32.37164369225502
667,82058.6,82058.6,81802.1,81872.6,21012.0,0.42385977506637573,-31.565105438232422,-31.82807731628418,31.988965213298798,0.2629718780517578,32.251937091350555
668,81871.0,82140.3,81859.4,82019.9,32565.0,0.9299284219741821,-30.88248062133789,-29.39417839050293,31.812409043312073,1.488302230834961,30.324106812477112
669,82012.6,82139.7,82004.9,82080.5,55937.0,1.8033708333969116,-29.879255294799805,-26.24196434020996,31.682626128196716,3.6372909545898438,28.045335173606873
670,82080.3,82443.9,82070.5,82414.7,20236.0,2.2460694313049316,-28.247892379760742,-18.012088775634766,30.493961811065674,10.235803604125977,20.258158206939697
671,82408.7,82428.3,82331.5,82382.7,17538.0,2.3948137760162354,-26.94023323059082,-10.309486389160156,29.335047006607056,16.630746841430664,12.704300165176392
672,82382.7,82499.9,82309.5,82316.1,21160.0,1.419463038444519,-25.545448303222656,-6.857084274291992,26.964911341667175,18.688364028930664,8.276547312736511
673,82309.4,82329.3,82107.0,82168.8,13391.0,-0.20790395140647888,-24.551904678344727,-5.915378093719482,24.344000726938248,18.636526584625244,5.7074741423130035
674,82168.3,82242.3,82082.7,82124.0,23107.0,-1.529300332069397,-23.63595962524414,-7.1962995529174805,22.106659293174744,16.43966007232666,5.6669992208480835
675,82116.1,82140.8,81937.9,81944.2,15948.0,-2.1667802333831787,-23.00594711303711,-10.06399154663086,20.83916687965393,12.94195556640625,7.897211313247681
676,81936.1,82077.4,81640.3,82072.8,26241.0,-3.5497641563415527,-22.31425666809082,-6.144566535949707,18.764492511749268,16.169690132141113,2.5948023796081543
677,82080.7,82224.5,81960.7,81975.2,13752.0,-5.291086673736572,-21.633289337158203,-3.6634397506713867,16.34220266342163,17.969849586486816,1.6276469230651855
678,81956.1,82014.3,81770.3,81877.2,9149.0,-11.714258193969727,-21.465951919555664,-2.9092633724212646,9.751693725585938,18.5566885471344,8.804994821548462
679,81878.3,82077.9,81873.7,82077.8,19767.0,-17.12747573852539,-20.67717742919922,-1.2077596187591553,3.549701690673828,19.469417810440063,15.919716119766235
680,82077.9,82077.9,81864.9,81965.1,12777.0,-20.874385833740234,-20.07479476928711,-1.5581649541854858,0.799591064453125,18.516629815101624,19.31622087955475
681,81963.2,82231.1,81947.7,82190.6,22895.0,-25.039011001586914,-18.905031204223633,1.4013569355010986,6.133979797363281,20.30638813972473,26.440367937088013
682,82190.5,82197.1,81951.4,81964.9,11012.0,-27.93451690673828,-18.76009750366211,-0.21903783082962036,9.174419403076172,18.54105967283249,27.71547907590866
683,81965.9,82024.8,81934.3,81992.6,15824.0,-31.181106567382812,-18.335561752319336,-3.3190319538116455,12.845544815063477,15.01652979850769,27.862074613571167
684,81992.6,82196.1,81983.0,82196.1,21470.0,-34.31367874145508,-17.323762893676758,-3.789003849029541,16.98991584777832,13.534759044647217,30.524674892425537
685,82196.1,82351.9,82149.2,82305.4,16139.0,-36.167449951171875,-15.736992835998535,-1.1030545234680176,20.43045711517334,14.633938312530518,35.06439542770386
686,82307.4,82485.7,82241.3,82291.4,17690.0,-37.499298095703125,-14.445098876953125,1.0349740982055664,23.05419921875,15.480072975158691,38.53427219390869
687,82304.4,82304.4,82120.1,82120.1,16968.0,-39.38306427001953,-13.227086067199707,-2.6181509494781494,26.155978202819824,10.608935117721558,36.76491332054138
688,82124.2,82124.2,81959.6,82019.2,13734.0,-41.042301177978516,-12.687088966369629,-5.759122371673584,28.355212211608887,6.927966594696045,35.28317880630493
689,82019.4,82082.3,82007.4,82069.3,5797.0,-43.077083587646484,-12.09472370147705,-7.226556777954102,30.982359886169434,4.868166923522949,35.85052680969238
690,82069.3,82289.5,82061.1,82246.1,20921.0,-44.969425201416016,-11.035320281982422,-0.8744713068008423,33.934104919433594,10.16084897518158,44.09495389461517
691,82246.0,82377.9,82227.1,82305.4,10687.0,-46.951072692871094,-10.161724090576172,6.0729851722717285,36.78934860229492,16.2347092628479,53.02405786514282
692,82314.6,82468.4,82299.2,82442.9,8486.0,-50.231685638427734,-8.848287582397461,14.049371719360352,41.38339805603027,22.897659301757812,64.28105735778809
693,82444.2,82614.8,82395.6,82568.9,11545.0,-53.022666931152344,-7.4127516746521,21.309223175048828,45.609915256500244,28.721974849700928,74.33189010620117
694,82550.4,82712.4,82443.3,82443.3,24783.0,-55.540748596191406,-5.906500816345215,25.465789794921875,49.63424777984619,31.37229061126709,81.00653839111328
695,82446.9,82554.9,82389.0,82530.9,15584.0,-57.63417053222656,-4.229715824127197,27.554763793945312,53.404454708099365,31.78447961807251,85.18893432617188
696,82532.6,82616.4,82462.8,82558.3,6799.0,-58.8621711730957,-2.4012062549591064,31.18332290649414,56.4609649181366,33.58452916145325,90.04549407958984
697,82555.0,82710.4,82548.8,82690.3,13435.0,-60.00175857543945,-0.08457526564598083,34.42656707763672,59.91718330979347,34.5111423432827,94.42832565307617
698,82690.3,82866.1,82576.7,82834.2,28655.0,-60.92363357543945,2.2744662761688232,37.10292053222656,63.198099851608276,34.82845425605774,98.02655410766602
699,82840.6,82841.4,82689.9,82740.7,9596.0,-61.763668060302734,4.230945110321045,40.171730041503906,65.99461317062378,35.94078493118286,101.93539810180664
700,82740.8,82922.9,82718.3,82846.4,6538.0,-62.878700256347656,6.358480453491211,41.974220275878906,69.23718070983887,35.615739822387695,104.85292053222656
701,82846.5,82858.5,82597.3,82629.6,19970.0,-63.83182907104492,7.911598205566406,42.914878845214844,71.74342727661133,35.00328063964844,106.74670791625977
702,82648.3,82648.3,82571.7,82593.2,6082.0,-65.29139709472656,8.824347496032715,39.11167907714844,74.11574459075928,30.287331581115723,104.403076171875
703,82594.4,82612.8,82527.2,82583.8,25629.0,-66.48461151123047,9.63153076171875,34.66669845581055,76.11614227294922,25.035167694091797,101.15130996704102
704,82583.8,82583.8,82496.2,82543.8,7138.0,-68.14332580566406,10.046724319458008,31.974435806274414,78.19005012512207,21.927711486816406,100.11776161193848
705,82552.0,82581.1,82539.7,82574.0,4128.0,-69.82942199707031,10.643145561218262,30.916536331176758,80.47256755828857,20.273390769958496,100.74595832824707
706,82574.9,82609.7,82444.9,82465.3,7259.0,-72.04238891601562,11.65291690826416,27.680768966674805,83.69530582427979,16.027852058410645,99.72315788269043
707,82459.9,82529.5,82450.4,82529.5,10327.0,-73.27816772460938,12.713642120361328,22.395999908447266,85.9918098449707,9.682357788085938,95.67416763305664
708,82533.6,82570.5,82487.9,82533.6,5208.0,-75.52460479736328,13.61025619506836,14.961054801940918,89.13486099243164,1.3507986068725586,90.4856595993042
709,82533.6,82570.5,82450.1,82456.7,6170.0,-76.89806365966797,13.897480010986328,6.44498348236084,90.7955436706543,7.452496528625488,83.34304714202881
710,82456.2,82456.2,82364.6,82452.6,18068.0,-77.6075210571289,14.052063941955566,0.07940554618835449,91.65958499908447,13.972658395767212,77.68692660331726
711,82452.6,82561.7,82420.9,82557.5,6585.0,-79.22784423828125,14.390549659729004,-4.161883354187012,93.61839389801025,18.552433013916016,75.06596088409424
712,82541.0,82732.5,82508.9,82717.9,24146.0,-79.65748596191406,14.865270614624023,-4.319813251495361,94.52275657653809,19.185083866119385,75.3376727104187
713,82721.6,82750.0,82660.9,82749.9,7956.0,-80.16484832763672,15.033714294433594,-2.4446604251861572,95.19856262207031,17.47837471961975,77.72018790245056
714,82749.9,82766.4,82699.7,82710.1,5273.0,-79.2696762084961,15.003105163574219,-3.393397569656372,94.27278137207031,18.39650273323059,75.87627863883972
715,82710.1,82807.6,82637.8,82742.8,9795.0,-77.90067291259766,15.280924797058105,-2.8930861949920654,93.18159770965576,18.17401099205017,75.00758671760559
716,82739.3,82766.7,82656.8,82656.8,3375.0,-76.50508880615234,15.295615196228027,-3.5073835849761963,91.80070400238037,18.802998781204224,72.99770522117615
717,82656.8,82750.3,82638.5,82728.4,4222.0,-75.00621795654297,14.953380584716797,-1.162711501121521,89.95959854125977,16.116092085838318,73.84350645542145
718,82728.4,82778.4,82721.2,82768.0,5202.0,-72.66844177246094,14.983959197998047,3.9626057147979736,87.65240097045898,11.021353483200073,76.63104748725891
719,82762.0,82815.9,82703.3,82710.1,9929.0,-69.7516098022461,14.955777168273926,6.884040355682373,84.70738697052002,8.071736812591553,76.63565015792847
720,82713.3,82713.3,82619.2,82675.0,8385.0,-66.54060363769531,15.601032257080078,11.018914222717285,82.14163589477539,4.582118034362793,77.5595178604126
721,82681.7,82931.5,82680.7,82931.4,15073.0,-62.57868957519531,16.749160766601562,15.651257514953613,79.32785034179688,1.0979032516479492,78.22994709014893
722,82931.5,82957.8,82852.1,82881.5,10984.0,-58.78641891479492,17.561384201049805,18.54222297668457,76.34780311584473,0.9808387756347656,77.32864189147949
723,82881.5,82953.2,82841.6,82892.7,11356.0,-54.8233642578125,17.98628807067871,21.011184692382812,72.80965232849121,3.0248966217041016,75.83454895019531
724,82896.6,82970.3,82870.1,82941.3,6136.0,-50.38740539550781,18.34708595275879,23.078243255615234,68.7344913482666,4.731157302856445,73.46564865112305
725,82948.1,82995.0,82891.0,82899.2,6327.0,-45.999725341796875,18.08985710144043,24.42310905456543,64.0895824432373,6.333251953125,70.4228343963623
726,82907.5,82967.1,82812.0,82829.0,9037.0,-41.96334457397461,17.8879451751709,22.559680938720703,59.85128974914551,4.671735763549805,64.52302551269531
727,82830.1,83053.8,82812.0,83041.4,15284.0,-38.27581024169922,17.875436782836914,24.19732666015625,56.15124702453613,6.321889877319336,62.47313690185547
728,83053.1,83343.1,83053.1,83295.7,38016.0,-39.93172836303711,18.1195125579834,28.762887954711914,58.05124092102051,10.643375396728516,68.69461631774902
729,83295.6,83351.2,83155.6,83228.5,9452.0,-40.680763244628906,18.561412811279297,30.00819969177246,59.2421760559082,11.446786880493164,70.68896293640137
730,83236.9,83337.0,83236.9,83250.0,7117.0,-40.32863235473633,18.666885375976562,30.335296630859375,58.99551773071289,11.668411254882812,70.6639289855957
731,83241.7,83241.7,83053.5,83127.0,41546.0,-40.43260192871094,18.910070419311523,29.36244773864746,59.34267234802246,10.452377319335938,69.7950496673584
732,83126.1,83126.1,82951.0,82951.0,14525.0,-40.16504669189453,18.09812355041504,27.55152702331543,58.26317024230957,9.45340347290039,67.71657371520996
733,82949.5,83037.2,82932.4,83012.9,5621.0,-40.644378662109375,17.402437210083008,26.779605865478516,58.04681587219238,9.377168655395508,67.42398452758789
734,83002.0,83118.3,82996.0,83095.3,6014.0,-40.855079650878906,17.304431915283203,26.16094398498535,58.15951156616211,8.856512069702148,67.01602363586426
735,83082.7,83120.9,83034.1,83045.2,4113.0,-40.14851379394531,17.26862907409668,24.763656616210938,57.41714286804199,7.495027542114258,64.91217041015625
736,83051.4,83088.2,83015.6,83035.2,3492.0,-40.99991989135742,17.10411834716797,21.410873413085938,58.10403823852539,4.306755065917969,62.41079330444336
737,83032.1,83187.9,83032.1,83044.6,6448.0,-42.01316452026367,16.47250747680664,18.75387191772461,58.48567199707031,2.2813644409179688,60.76703643798828
738,83039.7,83053.0,82948.6,82996.0,4963.0,-40.98725891113281,15.388150215148926,15.552355766296387,56.37540912628174,0.16420555114746094,56.5396146774292
739,82990.0,82990.0,82847.1,82879.6,13056.0,-37.596961975097656,14.05728816986084,9.430962562561035,51.654250144958496,4.626325607299805,47.02792453765869
740,82887.9,83055.4,82887.9,83040.6,11412.0,-33.917572021484375,13.464922904968262,4.800446510314941,47.38249492645264,8.66447639465332,38.718018531799316
741,83040.5,83168.9,83027.1,83142.4,4509.0,-29.705219268798828,13.178682327270508,5.122791290283203,42.883901596069336,8.055891036987305,34.82801055908203
742,83142.7,83160.0,82995.9,83012.6,5393.0,-25.068145751953125,12.840688705444336,2.485731840133667,37.90883445739746,10.354956865310669,27.553877592086792
743,83009.1,83240.3,82995.3,83159.1,11862.0,-20.695125579833984,13.106461524963379,1.9212758541107178,33.80158710479736,11.185185670852661,22.616401433944702
744,83159.0,83159.8,83064.3,83065.2,4129.0,-16.381263732910156,12.78229808807373,0.3820841312408447,29.163561820983887,12.400213956832886,16.763347864151
745,83073.6,83160.1,83064.0,83128.6,4387.0,-11.526422500610352,12.765087127685547,-1.1023789644241333,24.2915096282959,13.86746609210968,10.424043536186218
746,83128.5,83128.5,83037.6,83053.0,2391.0,-5.8149800300598145,12.579741477966309,-5.12029504776001,18.394721508026123,17.70003652572632,0.6946849822998047
747,83053.0,83063.7,82969.0,82987.2,1869.0,0.515503466129303,12.514588356018066,-7.061348915100098,11.999084889888763,19.575937271118164,7.576852381229401
748,82988.2,83043.2,82978.0,82978.0,2917.0,5.919592380523682,12.751749992370605,-5.037041664123535,6.832157611846924,17.78879165649414,10.956634044647217
749,82974.1,82974.1,82924.4,82924.4,3108.0,10.401620864868164,12.62021541595459,-4.3618245124816895,2.218594551086426,16.98203992843628,14.763445377349854
750,82924.5,82950.7,82903.5,82903.5,3799.0,14.057134628295898,12.677777290344238,-3.188386917114258,1.3793573379516602,15.866164207458496,17.245521545410156
751,82904.4,82943.6,82899.0,82926.2,7938.0,18.364295959472656,12.254593849182129,-3.1116716861724854,6.109702110290527,15.366265535354614,21.47596764564514
752,82926.2,83079.2,82926.2,83079.2,36803.0,22.418285369873047,12.075854301452637,-3.3262393474578857,10.34243106842041,15.402093648910522,25.744524717330933
753,83080.0,83114.7,82959.2,82959.2,4886.0,26.465696334838867,11.543079376220703,-4.470535755157471,14.922616958618164,16.013615131378174,30.936232089996338
754,82959.1,82959.1,82793.4,82799.5,8111.0,29.681062698364258,10.50174617767334,-6.514532566070557,19.179316520690918,17.016278743743896,36.195595264434814
755,82796.0,82827.2,82726.5,82772.8,8515.0,32.953773498535156,9.444340705871582,-9.286149024963379,23.509432792663574,18.73048973083496,42.239922523498535
756,82767.3,82802.8,82747.5,82768.1,6283.0,34.66390609741211,8.093103408813477,-11.873103141784668,26.570802688598633,19.966206550598145,46.53700923919678
757,82768.0,82775.3,82636.8,82680.8,6586.0,36.665775299072266,6.6637749671936035,-15.15721321105957,30.002000331878662,21.820988178253174,51.822988510131836
758,82680.8,82707.4,82616.9,82638.7,6030.0,36.66986083984375,5.131555080413818,-19.262981414794922,31.53830575942993,24.39453649520874,55.93284225463867
759,82638.6,82711.8,82618.4,82618.4,6202.0,36.26985168457031,3.352647066116333,-24.95939826965332,32.91720461845398,28.312045335769653,61.22924995422363
760,82618.4,82695.4,82500.1,82521.2,10768.0,36.49468994140625,1.3182308673858643,-29.10942840576172,35.176459074020386,30.427659273147583,65.60411834716797
761,82501.0,82521.3,82389.9,82470.1,18509.0,35.410728454589844,-0.5860033631324768,-31.601110458374023,35.99673181772232,31.015107095241547,67.01183891296387
762,82469.3,82485.9,82382.7,82435.8,12156.0,35.58716583251953,-2.1687164306640625,-35.62131118774414,37.755882263183594,33.45259475708008,71.20847702026367
763,82432.1,82530.0,82431.9,82509.6,7552.0,37.33564758300781,-3.472533941268921,-35.4066276550293,40.80818152427673,31.934093713760376,72.74227523803711
764,82509.9,82552.0,82480.8,82524.7,7396.0,40.03489303588867,-4.8147358894348145,-35.482120513916016,44.849628925323486,30.6673846244812,75.51701354980469
765,82510.0,82528.1,82438.2,82443.3,5419.0,41.7205924987793,-6.252638339996338,-34.9067497253418,47.973230838775635,28.65411138534546,76.6273422241211
766,82446.4,82479.7,82381.1,82419.4,2903.0,45.06899642944336,-7.925981044769287,-34.835960388183594,52.99497747421265,26.909979343414307,79.90495681762695
767,82418.7,82448.0,82284.2,82313.2,6078.0,47.89191436767578,-9.6528902053833,-36.36836242675781,57.54480457305908,26.71547222137451,84.2602767944336
768,82317.0,82381.8,82257.2,82262.7,8322.0,49.32016372680664,-11.362189292907715,-37.753971099853516,60.682353019714355,26.3917818069458,87.07413482666016
769,82279.4,82417.8,82229.4,82300.1,9838.0,50.68191146850586,-13.074223518371582,-38.37602233886719,63.75613498687744,25.301798820495605,89.05793380737305
770,82300.1,82375.4,82229.0,82355.8,14190.0,51.573856353759766,-14.703096389770508,-37.59360885620117,66.27695274353027,22.890512466430664,89.16746520996094
771,82355.8,82385.9,82268.4,82284.7,9506.0,52.625362396240234,-15.839300155639648,-36.644737243652344,68.46466255187988,20.805437088012695,89.27009963989258
772,82268.2,82405.4,82268.2,82358.9,9579.0,53.181522369384766,-16.864221572875977,-31.25547981262207,70.04574394226074,14.391258239746094,84.43700218200684
773,82358.0,82375.9,82200.1,82281.1,6470.0,53.09356689453125,-17.991390228271484,-27.789180755615234,71.08495712280273,9.79779052734375,80.88274765014648
774,82286.5,82316.1,82221.9,82256.0,18679.0,52.784278869628906,-19.002544403076172,-26.183399200439453,71.78682327270508,7.180854797363281,78.96767807006836
775,82272.4,82360.0,82272.4,82308.6,4366.0,51.419517517089844,-19.925342559814453,-23.430503845214844,71.3448600769043,3.5051612854003906,74.85002136230469
776,82307.5,82308.5,82208.6,82218.6,9752.0,49.348838806152344,-21.174549102783203,-21.339420318603516,70.52338790893555,0.1648712158203125,70.68825912475586
777,82217.7,82360.9,82217.7,82360.9,9148.0,46.974246978759766,-21.51119041442871,-17.767704010009766,68.48543739318848,3.7434864044189453,64.74195098876953
778,82341.3,82399.0,82309.4,82309.4,4196.0,43.27862548828125,-21.28337287902832,-15.115290641784668,64.56199836730957,6.168082237243652,58.39391613006592
779,82309.4,82353.7,82286.1,82317.2,4291.0,39.282047271728516,-21.104816436767578,-12.176785469055176,60.386863708496094,8.928030967712402,51.45883274078369
780,82313.1,82372.3,82294.0,82306.6,4651.0,34.917137145996094,-20.808834075927734,-10.47146987915039,55.72597122192383,10.337364196777344,45.388607025146484
781,82306.6,82457.7,82278.2,82278.2,9994.0,30.669843673706055,-20.79239273071289,-9.65600299835205,51.462236404418945,11.13638973236084,40.325846672058105
782,82267.6,82387.4,82256.5,82311.2,9736.0,26.271068572998047,-21.048484802246094,-8.6221923828125,47.31955337524414,12.426292419433594,34.89326095581055
783,82316.4,82401.0,82213.3,82361.6,31401.0,20.84614372253418,-20.970701217651367,-5.515707015991211,41.81684494018555,15.454994201660156,26.36185073852539
784,82353.3,82353.3,82087.2,82207.2,17951.0,16.222623825073242,-20.992767333984375,-4.15391206741333,37.21539115905762,16.838855266571045,20.376535892486572
785,82211.2,82229.2,82094.1,82094.1,10273.0,11.744376182556152,-21.320619583129883,-5.215771675109863,33.064995765686035,16.10484790802002,16.960147857666016
786,82094.2,82172.1,82050.7,82089.7,19987.0,4.53765344619751,-21.591001510620117,-6.192704200744629,26.128654956817627,15.398297309875488,10.730357646942139
787,82089.6,82200.0,82055.5,82200.0,4604.0,-2.0540542602539062,-21.48506736755371,-6.7749528884887695,19.431013107299805,14.710114479064941,4.720898628234863
788,82200.7,82200.7,81943.8,81995.4,16179.0,-7.495605945587158,-21.900476455688477,-10.907218933105469,14.404870510101318,10.993257522583008,3.4116129875183105
789,82007.8,82099.5,81995.4,82057.6,9907.0,-10.139904022216797,-22.360109329223633,-13.158405303955078,12.220205307006836,9.201704025268555,3.0185012817382812
790,82057.7,82081.7,81990.1,82015.7,17310.0,-10.962761878967285,-22.442655563354492,-14.764080047607422,11.479893684387207,7.67857551574707,3.8013181686401367
791,82013.2,82148.5,82008.1,82120.8,29622.0,-10.128748893737793,-21.931270599365234,-15.479528427124023,11.802521705627441,6.451742172241211,5.3507795333862305
792,82124.4,82141.0,82045.5,82052.5,15856.0,-8.435768127441406,-21.800535202026367,-15.752666473388672,13.364767074584961,6.047868728637695,7.316898345947266
793,82052.5,82270.8,82033.9,82270.7,11670.0,-6.24891996383667,-20.705698013305664,-13.676239013671875,14.456778049468994,7.029458999633789,7.427319049835205
794,82270.7,82389.6,82160.5,82310.0,34207.0,-4.45993185043335,-19.663349151611328,-11.419132232666016,15.203417301177979,8.244216918945312,6.959200382232666
795,82309.9,82309.9,82090.1,82120.3,12909.0,-2.1014740467071533,-18.838464736938477,-11.122720718383789,16.736990690231323,7.7157440185546875,9.021246671676636
796,82117.5,82181.5,81982.3,82010.3,9110.0,0.5057305693626404,-18.361652374267578,-13.535626411437988,18.86738294363022,4.82602596282959,14.041356980800629
797,82010.4,82067.1,81956.0,82042.3,8570.0,3.89894437789917,-17.86910629272461,-12.931355476379395,21.76805067062378,4.937750816345215,16.830299854278564
798,82038.6,82061.9,81913.8,81950.5,11482.0,7.032593250274658,-17.524721145629883,-13.972526550292969,24.55731439590454,3.552194595336914,21.005119800567627
799,81950.4,82032.4,81945.1,81985.9,7187.0,8.534480094909668,-17.130117416381836,-13.845077514648438,25.664597511291504,3.2850399017333984,22.379557609558105
800,81973.8,82004.9,81846.1,81851.1,10167.0,9.887622833251953,-17.014841079711914,-15.312488555908203,26.902463912963867,1.702352523803711,25.200111389160156
801,81851.3,81854.3,81416.3,81444.9,69414.0,12.484655380249023,-17.69685173034668,-22.346235275268555,30.181507110595703,4.649383544921875,34.83089065551758
802,81444.9,81613.8,81340.6,81551.5,39167.0,14.952458381652832,-17.60951042175293,-26.08296012878418,32.56196880340576,8.47344970703125,41.03541851043701
803,81548.4,81591.1,80831.4,81134.0,196906.0,17.44085121154785,-18.653825759887695,-33.845794677734375,36.09467697143555,15.19196891784668,51.28664588928223
804,81149.3,81160.4,80919.0,81101.0,45283.0,18.496721267700195,-19.993045806884766,-42.67190933227539,38.48976707458496,22.678863525390625,61.168630599975586
805,81100.0,81444.4,81079.6,81328.8,30209.0,18.156360626220703,-20.698259353637695,-48.36613464355469,38.8546199798584,27.667875289916992,66.52249526977539
806,81323.7,81323.7,81129.8,81140.6,36412.0,16.859182357788086,-21.71657371520996,-55.66748046875,38.57575607299805,33.95090675354004,72.52666282653809
807,81132.6,81159.4,80952.0,81011.6,32535.0,15.304282188415527,-23.097192764282227,-61.6429328918457,38.401474952697754,38.54574012756348,76.94721508026123
808,81011.6,81050.4,80705.1,80725.3,38780.0,13.622641563415527,-25.094913482666016,-73.15193939208984,38.71755504608154,48.05702590942383,86.77458095550537
809,80723.8,80963.9,80627.5,80945.5,42398.0,12.447561264038086,-26.44034194946289,-78.62310028076172,38.88790321350098,52.18275833129883,91.0706615447998
810,80957.6,81666.0,80957.6,81466.2,131612.0,12.126747131347656,-26.637245178222656,-75.6448745727539,38.76399230957031,49.00762939453125,87.77162170410156
811,81468.0,81877.6,81274.6,81711.1,61016.0,12.18095874786377,-26.282686233520508,-66.68240356445312,38.46364498138428,40.39971733093262,78.8633623123169
812,81711.1,81889.9,81500.2,81605.4,33883.0,12.857438087463379,-26.184833526611328,-59.692264556884766,39.04227161407471,33.50743103027344,72.54970264434814
813,81581.0,81707.1,81442.1,81606.9,30371.0,15.750699043273926,-25.82870864868164,-48.563053131103516,41.579407691955566,22.734344482421875,64.31375217437744
814,81602.9,81807.5,81594.8,81700.5,18544.0,19.220897674560547,-25.12481689453125,-34.477996826171875,44.3457145690918,9.353179931640625,53.69889450073242
815,81704.5,81821.2,81510.1,81821.2,35648.0,21.02973747253418,-24.256906509399414,-20.747379302978516,45.286643981933594,3.5095272064208984,41.777116775512695
816,81825.1,82274.0,81710.7,82101.7,46923.0,24.75667381286621,-22.72889518737793,-4.296698570251465,47.48556900024414,18.432196617126465,29.053372383117676
817,82087.6,82581.6,82027.5,82511.1,70274.0,28.39288902282715,-20.465801239013672,18.370342254638672,48.85869026184082,38.836143493652344,10.022546768188477
818,82511.3,82866.1,82486.5,82768.0,63226.0,30.3265323638916,-17.742551803588867,42.5529670715332,48.06908416748047,60.29551887512207,12.226434707641602
819,82767.9,82982.8,82628.3,82982.8,31887.0,32.300838470458984,-14.470514297485352,69.13372039794922,46.771352767944336,83.60423469543457,36.832881927490234
820,82982.7,82982.7,82657.5,82736.3,19758.0,34.115272521972656,-11.706759452819824,88.5655746459961,45.82203197479248,100.27233409881592,54.45030212402344
821,82745.5,82971.2,82693.7,82878.7,22928.0,35.7682991027832,-8.819583892822266,102.28694915771484,44.58788299560547,111.10653305053711,66.51865005493164
822,82904.5,82908.6,82685.7,82750.9,12906.0,36.79697036743164,-6.107735633850098,113.70962524414062,42.90470600128174,119.81736087799072,76.91265487670898
823,82751.0,82887.6,82565.4,82874.2,24953.0,37.52741622924805,-3.335160493850708,118.49809265136719,40.862576723098755,121.8332531452179,80.97067642211914
824,82874.1,83033.3,82795.5,83002.3,14212.0,36.978721618652344,-0.3772388696670532,121.97856903076172,37.3559604883194,122.35580790042877,84.99984741210938
825,83010.6,83427.0,82994.9,83316.3,37958.0,35.004295349121094,3.375880718231201,130.6824493408203,31.628414630889893,127.30656862258911,95.67815399169922
826,83320.1,83419.2,83150.8,83164.4,16894.0,31.825654983520508,6.453227996826172,131.25613403320312,25.372426986694336,124.80290603637695,99.43047904968262
827,83176.3,83300.0,83106.8,83270.4,9931.0,29.257633209228516,10.036397933959961,128.2639617919922,19.221235275268555,118.22756385803223,99.00632858276367
828,83252.6,83322.0,83008.6,83078.5,13767.0,25.764816284179688,12.95658016204834,114.61309051513672,12.808236122131348,101.65651035308838,88.84827423095703
829,83083.3,83191.8,82976.6,83191.8,11528.0,21.452491760253906,16.089153289794922,102.51898956298828,5.363338470458984,86.42983627319336,81.06649780273438
830,83199.9,83528.1,83116.8,83499.9,25737.0,17.36829376220703,19.83566665649414,99.67007446289062,2.4673728942871094,79.83440780639648,82.3017807006836
831,83493.1,83499.9,83386.6,83496.4,18219.0,12.507888793945312,23.386629104614258,97.57979583740234,10.878740310668945,74.19316673278809,85.07190704345703
832,83496.4,83576.6,83367.6,83389.8,14373.0,7.329282760620117,26.65755844116211,89.61297607421875,19.328275680541992,62.95541763305664,82.28369331359863
833,83386.5,83583.2,83358.5,83565.7,5882.0,1.4374107122421265,30.357419967651367,81.49948120117188,28.92000925540924,51.14206123352051,80.06207048892975
834,83564.7,83589.1,83495.9,83564.2,9029.0,-4.179991245269775,33.56092071533203,71.89691162109375,37.74091196060181,38.33599090576172,76.07690286636353
835,83564.2,83567.0,83333.5,83333.5,10150.0,-8.314375877380371,35.813446044921875,58.10185623168945,44.127821922302246,22.288410186767578,66.41623210906982
836,83333.4,83355.8,83152.8,83179.1,17827.0,-12.226012229919434,37.57465362548828,44.25592803955078,49.800665855407715,6.6812744140625,56.481940269470215
837,83179.1,83306.3,83050.0,83302.2,11455.0,-13.987679481506348,39.789188385009766,37.012630462646484,53.77686786651611,2.7765579223632812,51.00030994415283
838,83311.7,83311.7,83137.3,83240.7,8036.0,-16.374225616455078,41.25349044799805,31.75742530822754,57.627716064453125,9.496065139770508,48.13165092468262
839,83228.0,83278.0,83165.3,83272.9,7659.0,-18.13488006591797,42.82603073120117,29.642850875854492,60.96091079711914,13.18317985534668,47.77773094177246
840,83268.7,83413.3,83182.0,83400.6,9926.0,-18.253751754760742,44.48047637939453,25.024259567260742,62.73422813415527,19.45621681213379,43.278011322021484
841,83409.0,83420.5,83156.7,83156.7,9847.0,-17.534801483154297,45.68355178833008,18.170970916748047,63.218353271484375,27.51258087158203,35.705772399902344
842,83156.6,83458.2,83136.0,83378.3,9308.0,-16.573280334472656,47.14398193359375,12.04729175567627,63.717262268066406,35.09669017791748,28.620572090148926
843,83365.8,83487.3,83233.6,83282.3,8245.0,-14.590555191040039,48.78308868408203,5.555644989013672,63.37364387512207,43.22744369506836,20.14620018005371
844,83286.5,83299.6,83106.7,83237.1,12591.0,-12.14414119720459,50.31659698486328,-0.17279134690761566,62.46073818206787,50.4893883317709,11.971349850296974
845,83228.8,83428.0,83208.2,83400.3,11736.0,-9.131455421447754,51.67908477783203,1.034938931465149,60.810540199279785,50.64414584636688,10.166394352912903
846,83400.4,83614.9,83355.6,83556.5,9782.0,-5.961142539978027,53.0176887512207,1.949430227279663,58.97883129119873,51.06825852394104,7.91057276725769
847,83553.5,83566.5,83431.5,83466.6,5087.0,-2.655054807662964,54.074913024902344,2.6637158393859863,56.72996783256531,51.41119718551636,5.31877064704895
848,83455.0,83696.9,83436.8,83671.7,14552.0,1.834717869758606,55.2526969909668,2.983006238937378,53.41797912120819,52.26969075202942,1.148288369178772
849,83660.6,83887.3,83660.6,83796.7,25035.0,5.43362283706665,56.644683837890625,5.984874248504639,51.211061000823975,50.659809589385986,0.5512514114379883
850,83810.9,83866.3,83527.8,83527.8,8582.0,9.533002853393555,56.902774810791016,9.10035228729248,47.36977195739746,47.802422523498535,0.4326505661010742
851,83508.9,83671.5,83500.1,83644.1,7905.0,13.157784461975098,56.277095794677734,13.780110359191895,43.11931133270264,42.49698543548584,0.6223258972167969
852,83644.0,83704.1,83595.4,83648.1,8093.0,16.537721633911133,55.71223449707031,16.611719131469727,39.17451286315918,39.100515365600586,0.07399749755859375
853,83648.2,83792.6,83612.6,83745.6,7432.0,19.68277359008789,54.151466369628906,23.225223541259766,34.468692779541016,30.92624282836914,3.542449951171875
854,83753.4,83836.6,83745.2,83810.6,14244.0,21.013389587402344,52.411834716796875,30.47309112548828,31.39844512939453,21.938743591308594,9.459701538085938
855,83810.6,83911.9,83801.6,83908.4,9001.0,20.94593048095703,51.19855499267578,35.10485076904297,30.25262451171875,16.093704223632812,14.158920288085938
856,83909.4,83988.6,83880.9,83988.6,11285.0,19.550378799438477,49.46761703491211,37.579994201660156,29.917238235473633,11.887622833251953,18.02961540222168
857,83988.5,84346.8,83980.2,84217.3,20381.0,17.719839096069336,47.68720626831055,44.04862594604492,29.96736717224121,3.638580322265625,26.328786849975586
858,84217.2,84217.2,84061.1,84092.6,8302.0,14.870372772216797,44.601715087890625,46.388763427734375,29.731342315673828,1.78704833984375,31.518390655517578
859,84079.8,84182.5,83988.6,84143.9,7843.0,12.984393119812012,41.85151290893555,48.68901062011719,28.867119789123535,6.837497711181641,35.704617500305176
860,84153.3,84185.7,83947.6,84021.0,8177.0,12.073488235473633,39.7796630859375,49.940155029296875,27.706174850463867,10.160491943359375,37.86666679382324
861,84016.8,84163.7,83968.7,84027.8,12205.0,11.703317642211914,38.080135345458984,46.50444030761719,26.37681770324707,8.424304962158203,34.80112266540527
862,84021.4,84043.1,83807.6,83847.9,9911.0,10.665426254272461,35.47443771362305,42.68768310546875,24.809011459350586,7.213245391845703,32.02225685119629
863,83843.7,83856.9,83719.5,83753.7,9225.0,10.1167631149292,32.437255859375,35.30331802368164,22.3204927444458,2.8660621643066406,25.18655490875244
864,83753.7,83776.9,83628.0,83628.0,8345.0,18.534799575805664,29.12788200378418,24.70070457458496,10.593082427978516,4.427177429199219,6.165904998779297
865,83627.2,83704.8,83567.2,83666.8,14747.0,25.618961334228516,26.020692825317383,16.64128303527832,0.4017314910888672,9.379409790039062,8.977678298950195
866,83673.5,83715.7,83608.1,83699.0,5977.0,32.173667907714844,23.49744987487793,11.107519149780273,8.676218032836914,12.389930725097656,21.06614875793457
867,83695.6,83719.0,83549.8,83549.8,3452.0,38.2900390625,21.470592498779297,1.808546781539917,16.819446563720703,19.66204571723938,36.48149228096008
868,83555.8,83589.6,83380.5,83405.1,40093.0,43.66717529296875,19.63532257080078,-6.444161415100098,24.03185272216797,26.07948398590088,50.11133670806885
869,83408.1,83495.8,83404.0,83440.7,9717.0,48.485599517822266,18.346195220947266,-11.81368637084961,30.139404296875,30.159881591796875,60.299285888671875
870,83428.2,83583.5,83428.2,83571.6,7534.0,53.766605377197266,16.719350814819336,-19.023784637451172,37.04725456237793,35.74313545227051,72.79039001464844
871,83571.5,83598.2,83471.9,83564.6,6870.0,58.011627197265625,15.345248222351074,-24.563364028930664,42.66637897491455,39.90861225128174,82.57499122619629
872,83564.5,83603.3,83409.2,83445.4,6639.0,62.038909912109375,13.313014030456543,-31.623138427734375,48.72589588165283,44.93615245819092,93.66204833984375
873,83436.3,83466.5,83282.1,83453.4,7506.0,65.96409606933594,11.53103256225586,-36.724334716796875,54.43306350708008,48.255367279052734,102.68843078613281
874,83452.5,83527.9,83427.1,83512.6,5215.0,68.2279281616211,10.145866394042969,-39.51405715942383,58.082061767578125,49.6599235534668,107.74198532104492
875,83516.7,83790.7,83504.2,83747.7,11180.0,69.56644439697266,10.039871215820312,-36.95289993286133,59.526573181152344,46.99277114868164,106.51934432983398
876,83757.6,83895.3,83741.6,83858.9,10276.0,71.00056457519531,9.775296211242676,-31.295230865478516,61.22526836395264,41.07052707672119,102.29579544067383
877,83860.0,83932.9,83826.0,83932.9,6560.0,72.7537841796875,9.881476402282715,-20.774394989013672,62.872307777404785,30.655871391296387,93.52817916870117
878,83940.1,83984.9,83859.6,83950.7,11958.0,74.50035858154297,9.492989540100098,-11.540413856506348,65.00736904144287,21.033403396606445,86.04077243804932
879,83937.7,83937.7,83837.1,83860.8,7627.0,75.66702270507812,9.090396881103516,-2.5674753189086914,66.57662582397461,11.657872200012207,78.23449802398682
880,83860.7,83988.5,83829.5,83944.8,3462.0,76.37422943115234,9.573508262634277,6.090677738189697,66.80072116851807,3.48283052444458,70.28355169296265
881,83937.9,84109.1,83936.9,84099.5,15827.0,76.63247680664062,10.371748924255371,17.1807861328125,66.26072788238525,6.809037208557129,59.451690673828125
882,84097.6,84195.8,84085.7,84107.1,6837.0,75.93159484863281,10.867706298828125,25.431161880493164,65.06388854980469,14.563455581665039,50.50043296813965
883,84141.4,84194.8,84112.1,84128.8,5869.0,75.39463806152344,11.775507926940918,32.11439895629883,63.61913013458252,20.33889102935791,43.28023910522461
884,84128.8,84152.8,84085.4,84138.0,5619.0,73.73749542236328,12.646645545959473,36.38026809692383,61.09084987640381,23.733622550964355,37.35722732543945
885,84144.3,84282.8,84077.0,84253.4,11736.0,72.88842010498047,13.171184539794922,42.14035415649414,59.71723556518555,28.96916961669922,30.748065948486328
886,84253.5,84346.9,84108.1,84123.6,12369.0,71.95661926269531,12.921637535095215,45.67256164550781,59.0349817276001,32.7509241104126,26.2840576171875
887,84123.6,84243.2,84105.0,84183.7,6456.0,71.51653289794922,13.029016494750977,47.069026947021484,58.48751640319824,34.04001045227051,24.447505950927734
888,84183.7,84407.1,84175.8,84356.4,12382.0,70.67627716064453,13.301304817199707,47.69466018676758,57.374972343444824,34.39335536956787,22.981616973876953
889,84350.7,84350.7,84034.2,84086.3,10004.0,70.0647964477539,12.91340160369873,43.59331130981445,57.151394844055176,30.679909706115723,26.471485137939453
890,84076.6,84152.9,84047.1,84143.1,8864.0,68.76067352294922,12.8939790725708,41.399452209472656,55.86669445037842,28.505473136901855,27.361221313476562
891,84143.0,84386.4,84143.0,84366.4,7931.0,67.02783203125,12.729867935180664,41.425628662109375,54.297964096069336,28.69576072692871,25.602203369140625
892,84370.6,84424.5,84153.4,84209.8,9858.0,65.65068817138672,12.623135566711426,36.126773834228516,53.02755260467529,23.50363826751709,29.523914337158203
893,84209.5,84308.4,84150.1,84244.1,10672.0,63.58292770385742,12.28486442565918,30.294830322265625,51.29806327819824,18.009965896606445,33.2880973815918
894,84231.7,84277.4,84197.8,84265.0,4751.0,61.90958786010742,11.790996551513672,24.5071964263916,50.11859130859375,12.71619987487793,37.40239143371582
895,84269.4,84294.7,84186.8,84188.0,4961.0,60.26076889038086,11.416984558105469,20.20026397705078,48.84378433227539,8.783279418945312,40.06050491333008
896,84197.3,84214.2,84110.1,84163.8,8754.0,58.894474029541016,11.292641639709473,16.641189575195312,47.60183238983154,5.34854793548584,42.2532844543457
897,84167.6,84237.4,84125.5,84197.2,7185.0,57.6214485168457,10.969061851501465,14.269272804260254,46.65238666534424,3.300210952758789,43.35217571258545
898,84199.2,84214.4,84134.1,84178.5,4214.0,56.098876953125,11.033876419067383,11.513845443725586,45.06500053405762,0.4799690246582031,44.585031509399414
899,84182.8,84243.3,84110.0,84110.1,9177.0,54.41874313354492,11.193683624267578,6.0191731452941895,43.225059509277344,5.174510478973389,48.39956998825073
900,84110.0,84145.0,84000.9,84019.7,11135.0,52.500221252441406,10.454357147216797,0.18451598286628723,42.04586410522461,10.26984116435051,52.31570526957512
901,84028.0,84028.1,83827.1,83878.1,31049.0,49.655853271484375,9.617055892944336,-5.34298038482666,40.03879737854004,14.960036277770996,54.998833656311035
902,83878.0,84009.6,83856.5,83953.2,4463.0,46.127201080322266,8.946999549865723,-9.344642639160156,37.18020153045654,18.29164218902588,55.47184371948242
903,83953.2,83980.8,83895.1,83918.3,6474.0,41.713706970214844,8.401562690734863,-13.270981788635254,33.31214427947998,21.672544479370117,54.9846887588501
904,83914.2,83935.5,83852.8,83852.8,6679.0,38.101402282714844,7.844325065612793,-17.67118263244629,30.25707721710205,25.515507698059082,55.77258491516113
905,83841.9,83860.5,83741.6,83755.0,7145.0,34.00506591796875,7.292496204376221,-21.21752166748047,26.71256971359253,28.51001787185669,55.22258758544922
906,83759.2,83974.9,83745.7,83964.7,7273.0,28.607738494873047,7.4476637840271,-23.068056106567383,21.160074710845947,30.515719890594482,51.67579460144043
907,83964.7,84032.4,83898.7,83969.7,9174.0,23.306602478027344,8.174298286437988,-23.65924644470215,15.132304191589355,31.833544731140137,46.96584892272949
908,83969.7,84129.4,83968.1,84078.1,7156.0,16.491315841674805,8.87484073638916,-19.65331268310547,7.6164751052856445,28.52815341949463,36.14462852478027
909,84073.9,84201.0,84073.0,84196.5,8198.0,9.173189163208008,9.982524871826172,-17.802244186401367,0.8093357086181641,27.78476905822754,26.975433349609375
910,84201.7,84201.7,84025.3,84045.2,8063.0,0.9696345329284668,10.426422119140625,-17.38136100769043,9.456787586212158,27.807783126831055,18.350995540618896
911,84037.6,84037.8,83930.5,83979.7,5928.0,-8.213635444641113,10.730825424194336,-14.223237991333008,18.94446086883545,24.954063415527344,6.0096025466918945
912,83977.9,83988.5,83936.0,83982.1,8969.0,-17.63990592956543,10.606666564941406,-12.92201042175293,28.246572494506836,23.528676986694336,4.7178955078125
913,83979.3,83979.3,83847.1,83847.1,3779.0,-26.15898895263672,9.920015335083008,-12.665302276611328,36.07900428771973,22.585317611694336,13.49368667602539
914,83847.2,83916.9,83827.6,83827.6,7451.0,-26.417171478271484,8.872382164001465,-11.760197639465332,35.28955364227295,20.632579803466797,14.656973838806152
915,83826.8,83826.8,83671.6,83685.5,10288.0,-27.6008243560791,7.5642619132995605,-13.44316291809082,35.16508626937866,21.00742483139038,14.157661437988281
916,83677.2,83750.0,83586.7,83735.2,11544.0,-28.665361404418945,6.450922966003418,-14.042598724365234,35.11628437042236,20.493521690368652,14.622762680053711
917,83728.8,83728.8,83536.6,83616.9,42094.0,-29.848615646362305,4.689901351928711,-15.16013240814209,34.538516998291016,19.8500337600708,14.688483238220215
918,83619.0,83698.3,83610.0,83610.6,4024.0,-31.111743927001953,2.551886558532715,-15.790295600891113,33.66363048553467,18.342182159423828,15.32144832611084
919,83608.5,83630.5,83587.0,83611.6,4610.0,-32.11997604370117,0.4847404360771179,-16.632165908813477,32.60471647977829,17.116906344890594,15.487810134887695
920,83615.8,83753.0,83608.5,83696.0,8401.0,-32.318660736083984,-1.0798712968826294,-16.946063995361328,31.238789439201355,15.866192698478699,15.372596740722656
921,83696.0,83808.4,83672.4,83771.7,8045.0,-33.684898376464844,-2.4932494163513184,-17.927532196044922,31.191648960113525,15.434282779693604,15.757366180419922
922,83771.9,83797.2,83687.7,83743.3,7048.0,-34.49696731567383,-4.286970138549805,-17.968990325927734,30.209997177124023,13.68202018737793,16.527976989746094
923,83749.0,83833.7,83689.7,83817.0,7983.0,-35.481136322021484,-5.916027545928955,-17.193050384521484,29.56510877609253,11.27702283859253,18.2880859375
924,83825.4,83826.3,83705.9,83740.7,7670.0,-37.25774002075195,-7.615431308746338,-18.38895034790039,29.642308712005615,10.773519039154053,18.868789672851562
925,83740.1,83775.0,83627.8,83677.6,7738.0,-39.797855377197266,-8.908677101135254,-21.861900329589844,30.88917827606201,12.95322322845459,17.935955047607422
926,83666.0,83684.1,83608.1,83608.1,5996.0,-41.170021057128906,-10.08627700805664,-22.900217056274414,31.083744049072266,12.813940048217773,18.269804000854492
927,83608.2,83629.2,83549.2,83576.1,6533.0,-42.24679183959961,-11.13261890411377,-23.780487060546875,31.11417293548584,12.647868156433105,18.466304779052734
928,83583.8,83622.3,83548.1,83548.2,7330.0,-42.937374114990234,-12.169342041015625,-22.755868911743164,30.76803207397461,10.586526870727539,20.18150520324707
929,83555.1,83706.1,83555.1,83672.0,10687.0,-42.36738204956055,-13.094168663024902,-17.29643440246582,29.273213386535645,4.202265739440918,25.070947647094727
930,83678.4,84299.9,83579.7,84099.8,48233.0,-43.29051971435547,-12.790595054626465,-7.3257927894592285,30.499924659729004,5.464802265167236,35.96472692489624
931,84092.4,84256.8,83848.1,83896.1,20421.0,-43.671630859375,-12.60131549835205,-1.381390929222107,31.07031536102295,11.219924569129944,42.29023993015289
932,83897.1,84299.9,83792.0,84270.3,17872.0,-43.14515686035156,-11.492801666259766,10.072244644165039,31.652355194091797,21.565046310424805,53.2174015045166
933,84261.5,84293.4,83986.8,84269.2,10392.0,-41.9827995300293,-10.34885311126709,18.945301055908203,31.633946418762207,29.294154167175293,60.9281005859375
934,84269.3,84820.2,84269.3,84762.7,44408.0,-40.69192123413086,-8.038460731506348,33.925724029541016,32.65346050262451,41.96418476104736,74.61764526367188
935,84762.7,84900.0,84485.0,84890.9,32741.0,-38.9774284362793,-5.200334072113037,47.08762741088867,33.77709436416626,52.28796148300171,86.06505584716797
936,84890.9,85001.8,84816.5,84976.8,62131.0,-37.07620620727539,-2.540822982788086,60.448814392089844,34.535383224487305,62.98963737487793,97.52502059936523
937,84972.3,85140.8,84857.4,84864.4,30059.0,-35.45016098022461,-0.07849027216434479,68.46927642822266,35.371670708060265,68.547766700387,103.91943740844727
938,84860.9,84992.7,84711.4,84800.2,12249.0,-33.45372772216797,2.587259531021118,73.59730529785156,36.04098725318909,71.01004576683044,107.05103302001953
939,84797.1,85040.4,84796.9,84863.8,11989.0,-30.711700439453125,4.69927453994751,77.86072540283203,35.410974979400635,73.16145086288452,108.57242584228516
940,84855.5,85041.6,84700.0,85007.8,10696.0,-28.235231399536133,7.21600341796875,83.63089752197266,35.45123481750488,76.4148941040039,111.86612892150879
941,85007.8,85267.7,85007.8,85169.7,18893.0,-26.00609588623047,10.578207969665527,90.93669891357422,36.584303855895996,80.35849094390869,116.94279479980469
942,85171.3,85279.8,84913.6,85028.8,11743.0,-23.18016815185547,13.146044731140137,93.67877960205078,36.326212882995605,80.53273487091064,116.85894775390625
943,85028.8,85028.8,84774.4,84815.3,17450.0,-21.253868103027344,15.218354225158691,92.60151672363281,36.472222328186035,77.38316249847412,113.85538482666016
944,84815.3,84968.6,84772.1,84907.1,9999.0,-18.992618560791016,17.502470016479492,90.1298599243164,36.49508857727051,72.62738990783691,109.12247848510742
945,84917.0,84984.1,84649.0,84660.5,12520.0,-16.726511001586914,18.958105087280273,81.38499450683594,35.68461608886719,62.426889419555664,98.11150550842285
946,84656.3,84699.8,84407.8,84436.5,15972.0,-13.96057415008545,19.778011322021484,66.8647232055664,33.738585472106934,47.08671188354492,80.82529735565186
947,84434.9,84539.6,84235.7,84261.3,11651.0,-10.989160537719727,20.244497299194336,48.090576171875,31.233657836914062,27.846078872680664,59.07973670959473
948,84265.7,84645.9,84251.6,84645.8,25414.0,-8.810579299926758,21.562328338623047,33.338417053222656,30.372907638549805,11.77608871459961,42.148996353149414
949,84640.6,84671.3,84374.2,84546.2,8208.0,-6.651420593261719,22.43355941772461,17.4676570892334,29.084980010986328,4.965902328491211,24.119077682495117
950,84534.6,84682.1,84494.5,84649.9,18914.0,-4.412419319152832,23.2867488861084,8.518356323242188,27.69916820526123,14.768392562866211,12.93077564239502
951,84650.6,84986.8,84570.9,84893.5,17548.0,-2.8487606048583984,24.30291175842285,-0.9943844079971313,27.15167236328125,25.297296166419983,1.854376196861267
952,84893.4,85162.0,84781.0,85125.8,20141.0,-2.1629693508148193,25.955018997192383,-2.7800986766815186,28.117988348007202,28.7351176738739,0.6171293258666992
953,85141.6,85217.2,85078.1,85179.5,8645.0,-2.332119941711426,27.53253746032715,-5.10236120223999,29.864657402038574,32.63489866256714,2.7702412605285645
954,85179.5,85427.9,85162.8,85400.7,20955.0,-1.008326530456543,29.351028442382812,2.158658266067505,30.359354972839355,27.192370176315308,3.166984796524048
955,85403.5,85488.7,85308.4,85417.0,8141.0,-0.14849843084812164,30.819049835205078,10.717228889465332,30.9675482660532,20.101820945739746,10.865727320313454
956,85417.0,85417.0,85030.7,85069.6,20538.0,0.5474650263786316,31.825284957885742,14.878125190734863,31.27781993150711,16.94715976715088,14.330660164356232
957,85055.6,85190.8,85055.6,85060.6,6663.0,1.5111682415008545,32.71689224243164,16.99618148803711,31.205724000930786,15.720710754394531,15.485013246536255
958,85060.1,85154.7,85000.1,85122.8,11759.0,1.872395634651184,33.91216278076172,18.694089889526367,32.039767146110535,15.218072891235352,16.821694254875183
959,85122.8,85122.8,84836.1,84836.2,16029.0,2.1633689403533936,34.62330627441406,16.816810607910156,32.45993733406067,17.806495666503906,14.653441667556763
960,84836.2,85103.4,84806.1,84820.4,13616.0,1.4375029802322388,34.86753845214844,17.0289306640625,33.4300354719162,17.838607788085938,15.591427683830261
961,84812.1,84833.6,84582.3,84582.3,12104.0,-0.31718799471855164,34.315093994140625,16.677814483642578,34.63228198885918,17.637279510498047,16.99500247836113
962,84578.1,84628.0,84460.8,84469.8,16158.0,-1.7785391807556152,33.44807434082031,13.378036499023438,35.22661352157593,20.070037841796875,15.156575679779053
963,84470.8,84551.8,84329.4,84551.7,10543.0,-2.272099733352661,32.39509201049805,8.71789836883545,34.66719174385071,23.677193641662598,10.98999810218811
964,84556.0,84601.9,84415.7,84555.3,7480.0,-3.579728126525879,31.233596801757812,5.955028057098389,34.81332492828369,25.278568744659424,9.534756183624268
965,84539.0,84713.2,84494.4,84632.7,20191.0,-5.329071521759033,29.837982177734375,0.9332824349403381,35.16705369949341,28.904699742794037,6.262353956699371
966,84632.6,84788.1,84526.3,84670.7,11339.0,-11.931289672851562,28.563636779785156,-7.040648460388184,40.49492645263672,35.60428524017334,4.890641212463379
967,84670.0,84670.5,84503.8,84520.0,8458.0,-16.524383544921875,26.550395965576172,-20.28603172302246,43.07477951049805,46.83642768859863,3.761648178100586
968,84520.1,84558.2,84307.6,84440.3,13741.0,-19.829397201538086,24.253524780273438,-28.988004684448242,44.08292198181152,53.24152946472168,9.158607482910156
969,84440.3,84502.6,84340.4,84454.2,4812.0,-23.59671401977539,21.908283233642578,-38.75482940673828,45.50499725341797,60.66311264038086,15.15811538696289
970,84454.1,84461.6,84317.9,84424.8,8405.0,-26.489482879638672,19.620786666870117,-47.166099548339844,46.11026954650879,66.78688621520996,20.676616668701172
971,84424.8,84466.4,84317.9,84428.5,5970.0,-29.543474197387695,17.45655632019043,-51.33963394165039,47.000030517578125,68.79619026184082,21.796159744262695
972,84428.5,84469.6,84304.4,84328.8,6193.0,-32.78683853149414,14.926090240478516,-52.57040023803711,47.712928771972656,67.49649047851562,19.78356170654297
973,84324.6,84341.3,84047.4,84155.2,19509.0,-34.8496208190918,12.111380577087402,-54.23463821411133,46.9610013961792,66.34601879119873,19.38501739501953
974,84155.2,84252.7,84064.1,84174.1,6456.0,-36.146400451660156,9.119316101074219,-50.595924377441406,45.265716552734375,59.715240478515625,14.44952392578125
975,84174.1,84294.7,84169.0,84187.5,9896.0,-38.30165481567383,5.965936660766602,-44.66396713256836,44.26759147644043,50.62990379333496,6.362312316894531
976,84186.0,84243.8,84129.5,84130.9,5068.0,-39.718997955322266,2.46091890335083,-43.17697525024414,42.179916858673096,45.63789415359497,3.457977294921875
977,84124.0,84124.0,83836.9,83943.2,13960.0,-41.9227180480957,-1.6181166172027588,-43.101863861083984,40.304601430892944,41.483747243881226,1.1791458129882812
978,83943.3,84075.7,83943.3,84063.2,18572.0,-44.090789794921875,-5.516692161560059,-38.6501350402832,38.574097633361816,33.133442878723145,5.440654754638672
979,84067.1,84202.8,84029.6,84184.1,18730.0,-46.060760498046875,-8.878252029418945,-35.403076171875,37.18250846862793,26.524824142456055,10.657684326171875
980,84184.6,84201.2,83800.1,83860.5,9955.0,-49.427757263183594,-11.99954605102539,-36.04784393310547,37.4282112121582,24.048297882080078,13.379913330078125
981,83860.4,83911.7,83750.0,83803.1,9483.0,-52.43964767456055,-15.733949661254883,-39.82862854003906,36.705698013305664,24.09467887878418,12.611019134521484
982,83803.4,84003.3,83686.4,83926.7,14106.0,-54.4624137878418,-18.25080108642578,-42.448272705078125,36.211612701416016,24.197471618652344,12.014141082763672
983,83936.7,84116.6,83895.2,84063.1,5934.0,-56.726280212402344,-20.418380737304688,-41.00942611694336,36.307899475097656,20.591045379638672,15.716854095458984
984,84063.0,84068.0,83884.0,84056.9,11360.0,-57.87950897216797,-21.370927810668945,-38.86771774291992,36.50858116149902,17.496789932250977,19.011791229248047
985,84058.9,84344.3,84000.1,84130.2,22610.0,-59.130126953125,-21.770971298217773,-33.70711898803711,37.35915565490723,11.936147689819336,25.42300796508789
986,84143.8,84143.8,83805.5,83890.7,6890.0,-60.11678695678711,-22.44981575012207,-30.61231231689453,37.66697120666504,8.162496566772461,29.504474639892578
987,83898.4,83898.4,83725.7,83767.8,7933.0,-61.182613372802734,-23.587894439697266,-30.47989845275879,37.59471893310547,6.892004013061523,30.702714920043945
988,83769.1,83833.8,83644.4,83698.6,9021.0,-62.38560104370117,-24.941375732421875,-31.463327407836914,37.4442253112793,6.521951675415039,30.922273635864258
989,83698.6,83698.6,83592.7,83631.9,7309.0,-63.61058807373047,-26.190519332885742,-32.064754486083984,37.42006874084473,5.874235153198242,31.545833587646484
990,83628.6,83711.6,83506.1,83646.8,14344.0,-65.00220489501953,-26.934701919555664,-31.681108474731445,38.06750297546387,4.746406555175781,33.321096420288086
991,83640.5,83826.1,83518.1,83826.1,13397.0,-66.42416381835938,-26.72612190246582,-27.507572174072266,39.698041915893555,0.7814502716064453,38.91659164428711
992,83826.2,83863.0,83730.3,83806.9,14159.0,-68.1282958984375,-26.780118942260742,-24.276762008666992,41.34817695617676,2.50335693359375,43.85153388977051
993,83793.4,83807.0,83529.3,83542.8,39490.0,-70.03677368164062,-27.86724281311035,-26.77497673034668,42.16953086853027,1.0922660827636719,43.261796951293945
994,83541.2,83617.5,83335.1,83363.5,30566.0,-71.99884796142578,-29.022531509399414,-30.615266799926758,42.97631645202637,1.5927352905273438,41.38358116149902
995,83364.5,83410.2,83294.4,83322.6,14210.0,-73.32115936279297,-30.731246948242188,-33.609317779541016,42.58991241455078,2.878070831298828,39.71184158325195
996,83329.0,83414.6,83195.0,83211.9,12244.0,-75.2600326538086,-33.11939239501953,-37.777950286865234,42.14064025878906,4.658557891845703,37.48208236694336
997,83211.9,83284.2,83062.6,83228.9,68510.0,-76.53302764892578,-35.7811164855957,-43.28538131713867,40.75191116333008,7.504264831542969,33.24764633178711
998,83244.1,83284.0,83121.4,83169.0,11905.0,-77.39285278320312,-37.542659759521484,-46.679622650146484,39.85019302368164,9.136962890625,30.71323013305664
999,83175.6,83183.9,82916.8,82937.8,19501.0,-78.94200897216797,-39.949642181396484,-50.1231803894043,38.992366790771484,10.173538208007812,28.818828582763672
1000,82925.6,82963.6,82843.7,82875.6,29655.0,-79.5423583984375,-42.09408187866211,-57.69059753417969,37.44827651977539,15.596515655517578,21.851760864257812
1001,82876.6,83021.4,82870.1,82967.0,8328.0,-80.17888641357422,-43.255699157714844,-63.377559661865234,36.923187255859375,20.12186050415039,16.801326751708984
1002,82972.2,83028.8,82784.3,82884.9,14024.0,-79.18743133544922,-43.85799026489258,-67.02850341796875,35.32944107055664,23.170513153076172,12.158927917480469
1003,82870.4,83052.6,82846.0,83030.4,9470.0,-77.52780151367188,-43.77289581298828,-64.88059997558594,33.754905700683594,21.107704162597656,12.647201538085938
1004,83030.4,83299.0,83030.4,83225.5,16092.0,-76.12361145019531,-42.47820281982422,-58.49053192138672,33.645408630371094,16.0123291015625,17.633079528808594
1005,83225.5,83375.9,83118.9,83354.1,17205.0,-74.70146942138672,-40.63386535644531,-47.85563278198242,34.067604064941406,7.221767425537109,26.845836639404297
1006,83346.1,83366.1,83235.0,83327.7,13563.0,-72.36981201171875,-39.503658294677734,-40.212364196777344,32.866153717041016,0.7087059020996094,32.157447814941406
1007,83327.7,83387.0,83234.4,83319.0,10598.0,-69.60381317138672,-38.24612045288086,-33.78743362426758,31.35769271850586,4.458686828613281,35.81637954711914
1008,83328.2,83367.4,83068.8,83169.0,9307.0,-66.6161117553711,-37.0252799987793,-29.923038482666016,29.590831756591797,7.102241516113281,36.69307327270508
1009,83191.0,83333.0,83145.0,83262.0,5816.0,-62.267372131347656,-36.09833526611328,-24.98688316345215,26.169036865234375,11.111452102661133,37.28048896789551
1010,83261.8,83261.8,83098.2,83204.9,7128.0,-58.35014343261719,-35.19465255737305,-20.074987411499023,23.15549087524414,15.119665145874023,38.275156021118164
1011,83205.8,83210.9,82950.1,83020.0,10240.0,-54.63132095336914,-35.153438568115234,-14.308863639831543,19.477882385253906,20.84457492828369,40.3224573135376
1012,83010.3,83025.3,82811.0,82841.7,16781.0,-50.17326354980469,-35.65468215942383,-10.180862426757812,14.51858139038086,25.473819732666016,39.992401123046875
1013,82845.8,82866.4,82718.4,82830.3,12697.0,-46.031288146972656,-35.8265380859375,-8.934410095214844,10.204750061035156,26.892127990722656,37.09687805175781
1014,82857.7,83147.1,82857.7,83096.5,12846.0,-42.125736236572266,-35.20021438598633,-5.6446309089660645,6.9255218505859375,29.555583477020264,36.4811053276062
1015,83085.2,83168.2,82984.1,83070.7,10440.0,-38.744815826416016,-34.30409240722656,-2.967639684677124,4.440723419189453,31.33645272254944,35.77717614173889
1016,83080.9,83200.2,82974.4,83158.8,10932.0,-40.587093353271484,-32.957218170166016,-0.4013157784938812,7.629875183105469,32.555902391672134,40.1857775747776
1017,83158.9,83160.0,82927.1,82927.1,5971.0,-40.9826774597168,-32.380924224853516,-0.7966517806053162,8.601753234863281,31.5842724442482,40.18602567911148
1018,82922.4,82988.2,82783.7,82963.5,13592.0,-40.09980010986328,-31.758197784423828,-1.163944959640503,8.341602325439453,30.594252824783325,38.93585515022278
1019,82965.8,82977.4,82875.1,82922.3,7153.0,-40.09383773803711,-31.058115005493164,-5.461407661437988,9.035722732543945,25.596707344055176,34.63243007659912
1020,82922.3,83030.4,82889.2,82941.3,11976.0,-39.6138916015625,-30.23679542541504,-10.44616413116455,9.377096176147461,19.79063129425049,29.16772747039795
1021,82950.1,83099.9,82902.3,83002.0,9003.0,-39.898258209228516,-29.123794555664062,-13.219389915466309,10.774463653564453,15.904404640197754,26.678868293762207
1022,82996.5,83020.0,82769.9,82843.9,19729.0,-39.76239013671875,-28.486221313476562,-19.600181579589844,11.276168823242188,8.886039733886719,20.162208557128906
1023,82843.8,82883.9,82707.7,82783.4,17817.0,-39.23278045654297,-28.280561447143555,-24.486236572265625,10.952219009399414,3.7943248748779297,14.746543884277344
1024,82762.5,82762.5,82445.9,82450.1,38999.0,-39.41874313354492,-28.672950744628906,-30.68169593811035,10.745792388916016,2.0087451934814453,8.73704719543457
1025,82457.3,82604.0,82310.6,82464.0,20183.0,-40.72160720825195,-28.84164047241211,-33.4820442199707,11.879966735839844,4.640403747558594,7.23956298828125
1026,82463.2,82533.3,82345.6,82498.0,12211.0,-39.274269104003906,-28.89775848388672,-34.87499237060547,10.376510620117188,5.97723388671875,4.3992767333984375
1027,82490.7,82738.0,82431.8,82664.8,11469.0,-35.51350021362305,-28.865089416503906,-32.77487564086914,6.648410797119141,3.9097862243652344,2.7386245727539062
1028,82683.2,83082.3,82666.0,82839.8,14730.0,-31.4715576171875,-28.00394058227539,-29.559415817260742,3.4676170349121094,1.5554752349853516,1.9121417999267578
1029,82843.1,82933.7,82700.1,82887.1,6414.0,-27.3272762298584,-26.62055778503418,-23.7047119140625,0.7067184448242188,2.9158458709716797,3.6225643157958984
1030,82888.2,82990.1,82829.2,82875.8,8653.0,-22.556886672973633,-25.930862426757812,-18.349348068237305,3.3739757537841797,7.581514358520508,4.207538604736328
1031,82888.0,82961.2,82739.9,82799.9,10151.0,-18.295364379882812,-25.465269088745117,-16.5028076171875,7.169904708862305,8.962461471557617,1.7925567626953125
1032,82820.8,82825.6,82633.4,82714.6,15778.0,-14.131629943847656,-24.799699783325195,-18.359027862548828,10.668069839477539,6.440671920776367,4.227397918701172
1033,82715.6,82988.3,82715.6,82955.1,9882.0,-9.137755393981934,-23.11919593811035,-16.768503189086914,13.981440544128418,6.3506927490234375,7.6307477951049805
1034,82963.1,82967.7,82783.6,82919.9,7372.0,-3.460486888885498,-21.43153190612793,-11.665349006652832,17.97104501724243,9.766182899475098,8.204862117767334
1035,82913.9,82927.3,82831.9,82909.1,4950.0,2.5711865425109863,-19.479141235351562,-6.858188629150391,22.05032777786255,12.620952606201172,9.429375171661377
1036,82910.5,82960.7,82740.6,82909.9,8216.0,7.721765041351318,-17.994863510131836,-0.40568020939826965,25.716628551483154,17.589183300733566,8.127445250749588
1037,82921.7,83124.8,82802.1,82885.1,10440.0,11.852615356445312,-16.776050567626953,2.4085233211517334,28.628665924072266,19.184573888778687,9.444092035293579
1038,82885.2,82910.2,82579.6,82602.9,8948.0,15.4624605178833,-16.30341911315918,1.829123616218567,31.76587963104248,18.132542729377747,13.633336901664734
1039,82597.0,82746.2,82551.9,82745.7,6251.0,19.509689331054688,-15.554627418518066,3.1814732551574707,35.064316749572754,18.736100673675537,16.328216075897217
1040,82746.0,82972.1,82713.0,82924.8,8474.0,23.39594078063965,-14.26497745513916,7.6578593254089355,37.66091823577881,21.922836780548096,15.738081455230713
1041,82931.2,83200.3,82842.8,83181.5,11690.0,27.403491973876953,-11.857839584350586,16.78471565246582,39.26133155822754,28.642555236816406,10.618776321411133
1042,83169.5,83271.3,82972.3,82976.7,31206.0,30.39027214050293,-9.92164421081543,20.219636917114258,40.31191635131836,30.141281127929688,10.170635223388672
1043,82981.4,83032.6,82853.1,82971.3,13061.0,33.320350646972656,-8.563461303710938,22.4223575592041,41.883811950683594,30.98581886291504,10.897993087768555
1044,82965.3,83145.1,82965.3,83098.3,9214.0,34.63667678833008,-7.291297435760498,20.89422607421875,41.927974224090576,28.185523509979248,13.742450714111328
1045,83087.7,83197.7,82994.5,83182.7,6665.0,36.4903564453125,-5.895436763763428,19.816617965698242,42.38579320907593,25.71205472946167,16.673738479614258
1046,83178.7,83229.1,83127.5,83133.0,7498.0,36.564727783203125,-4.873864650726318,17.485050201416016,41.43859243392944,22.358914852142334,19.07967758178711
1047,83128.0,83223.0,83102.7,83174.7,5256.0,36.07402420043945,-3.7049622535705566,17.427989959716797,39.77898645401001,21.132952213287354,18.646034240722656
1048,83174.6,83307.3,83072.9,83184.5,35632.0,36.27814865112305,-2.6541943550109863,19.507266998291016,38.93234300613403,22.161461353302002,16.77088165283203
1049,83184.6,83284.5,83088.8,83284.5,6360.0,34.9793701171875,-1.9351509809494019,23.24367904663086,36.9145210981369,25.17883002758026,11.73569107055664
1050,83272.9,83346.8,83179.9,83179.9,13760.0,35.49862289428711,-1.6502010822296143,24.709697723388672,37.148823976516724,26.359898805618286,10.788925170898438
1051,83179.7,83184.8,83045.7,83052.5,4461.0,37.11603546142578,-1.4689728021621704,22.70004653930664,38.58500826358795,24.16901934146881,14.41598892211914
1052,83052.4,83146.3,82935.9,83116.1,10939.0,39.84352493286133,-1.3482255935668945,19.872344970703125,41.19175052642822,21.22057056427002,19.971179962158203
1053,83100.4,83247.2,83088.1,83180.9,7460.0,42.609031677246094,-0.7413243651390076,21.163921356201172,43.3503560423851,21.90524572134018,21.445110321044922
1054,83176.7,83247.2,83113.7,83113.7,4538.0,45.84299087524414,0.1727769374847412,20.600181579589844,45.6702139377594,20.427404642105103,25.242809295654297
1055,83112.5,83218.2,83097.6,83143.2,4559.0,48.5707893371582,1.4807432889938354,19.99595832824707,47.09004604816437,18.515215039253235,28.574831008911133
1056,83147.8,83445.2,83122.1,83399.3,9186.0,50.23641586303711,3.3493587970733643,22.71076774597168,46.887057065963745,19.361408948898315,27.52564811706543
1057,83393.7,83643.2,83384.8,83617.9,18477.0,51.51005554199219,5.700010299682617,27.420988082885742,45.81004524230957,21.720977783203125,24.089067459106445
1058,83616.3,83796.2,83572.4,83765.2,20164.0,52.259246826171875,8.002964973449707,28.677772521972656,44.25628185272217,20.67480754852295,23.58147430419922
1059,83761.1,83769.4,83530.7,83549.3,9553.0,53.65575408935547,9.96878719329834,27.357166290283203,43.68696689605713,17.388379096984863,26.298587799072266
1060,83552.4,83699.9,83552.4,83664.0,8323.0,54.286258697509766,12.037500381469727,29.2945613861084,42.24875831604004,17.257061004638672,24.991697311401367
1061,83663.9,83696.4,83552.1,83583.8,8161.0,53.91771697998047,13.420668601989746,33.0278205871582,40.49704837799072,19.607151985168457,20.889896392822266
1062,83581.5,83617.6,83483.5,83502.9,9247.0,53.51662826538086,14.119858741760254,31.766794204711914,39.396769523620605,17.64693546295166,21.749834060668945
1063,83498.6,83528.3,83410.5,83410.5,6310.0,51.75262451171875,14.513508796691895,28.309158325195312,37.239115715026855,13.795649528503418,23.443466186523438
1064,83419.0,83419.1,83243.2,83355.1,44546.0,49.59761428833008,15.372230529785156,25.404922485351562,34.22538375854492,10.032691955566406,24.192691802978516
1065,83365.5,83365.5,83137.7,83245.0,10509.0,46.97996139526367,15.88410758972168,21.874364852905273,31.095853805541992,5.990257263183594,25.1055965423584
1066,83244.9,83472.3,83217.3,83376.4,11346.0,43.195465087890625,16.901439666748047,19.342464447021484,26.294025421142578,2.4410247802734375,23.85300064086914
1067,83379.7,83599.9,83379.7,83593.4,5674.0,39.090736389160156,17.84390640258789,20.203020095825195,21.246829986572266,2.3591136932373047,18.88771629333496
1068,83593.4,83810.5,83593.4,83773.3,12094.0,34.5380859375,19.2332820892334,23.15862274169922,15.304803848266602,3.9253406524658203,11.379463195800781
1069,83778.5,83884.0,83778.5,83853.8,8720.0,30.1392822265625,20.63556671142578,27.957765579223633,9.503715515136719,7.322198867797852,2.181516647338867
1070,83856.0,83932.0,83741.5,83919.5,6771.0,26.089841842651367,22.145689010620117,31.187835693359375,3.94415283203125,9.042146682739258,5.097993850708008
1071,83916.6,84107.5,83916.6,84096.0,22793.0,20.259065628051758,24.13041114807129,33.81559753417969,3.8713455200195312,9.685186386108398,13.55653190612793
1072,84094.0,84469.1,84059.2,84469.1,44748.0,15.908478736877441,26.499380111694336,41.20844268798828,10.590901374816895,14.709062576293945,25.29996395111084
1073,84469.1,84537.4,84331.0,84471.8,17837.0,11.211601257324219,28.57135009765625,47.62831115722656,17.35974884033203,19.056961059570312,36.416709899902344
1074,84468.2,84514.9,84353.3,84407.5,7191.0,4.382547855377197,29.510038375854492,50.127479553222656,25.127490520477295,20.617441177368164,45.74493169784546
1075,84405.0,84594.4,84400.8,84531.8,17853.0,-2.2644166946411133,30.589385986328125,52.92254638671875,32.85380268096924,22.333160400390625,55.18696308135986
1076,84531.8,84779.9,84531.8,84728.3,10834.0,-7.880343437194824,32.01607131958008,60.480228424072266,39.8964147567749,28.464157104492188,68.36057186126709
1077,84726.2,84730.2,84553.1,84639.2,8104.0,-9.97275161743164,33.42689895629883,68.21825408935547,43.39965057373047,34.79135513305664,78.19100570678711
1078,84645.4,84843.4,84645.4,84788.6,6836.0,-10.255611419677734,35.42707824707031,78.88060760498047,45.68268966674805,43.453529357910156,89.1362190246582
1079,84802.4,84937.8,84788.9,84921.0,9863.0,-9.45002555847168,37.67038345336914,86.48637390136719,47.12040901184082,48.81599044799805,95.93639945983887
1080,84921.0,84963.5,84713.3,84825.4,29305.0,-7.293264389038086,39.4632453918457,92.47479248046875,46.75650978088379,53.01154708862305,99.76805686950684
1081,84825.4,84832.5,84578.6,84643.4,31444.0,-5.165975093841553,40.455833435058594,92.85038757324219,45.62180852890015,52.394554138183594,98.01636266708374
1082,84648.7,84856.0,84635.0,84707.8,12198.0,-3.5447239875793457,41.213356018066406,91.27523040771484,44.75808000564575,50.06187438964844,94.81995439529419
1083,84713.1,84934.3,84713.1,84924.9,22912.0,-0.6078540086746216,42.880859375,89.53072357177734,43.48871338367462,46.649864196777344,90.13857758045197
1084,84924.9,85000.0,84870.7,84992.2,7445.0,2.2934279441833496,44.42958068847656,85.595703125,42.13615274429321,41.16612243652344,83.30227518081665
1085,84988.3,85033.8,84865.2,84981.3,7177.0,5.294436454772949,45.72706985473633,77.30463409423828,40.43263339996338,31.577564239501953,72.01019763946533
1086,84981.5,85175.3,84981.5,85131.6,10751.0,8.167444229125977,47.1818733215332,70.62451171875,39.01442909240723,23.442638397216797,62.45706748962402
1087,85132.1,85495.4,85088.0,85405.6,32002.0,9.337484359741211,49.00804901123047,68.64559173583984,39.67056465148926,19.637542724609375,59.30810737609863
1088,85414.1,85414.1,85208.4,85305.7,15830.0,10.636876106262207,49.663597106933594,65.35492706298828,39.02672100067139,15.691329956054688,54.718050956726074
1089,85305.7,85471.1,85301.4,85384.0,5496.0,13.162333488464355,50.59583282470703,62.149478912353516,37.433499336242676,11.553646087646484,48.98714542388916
1090,85383.9,85383.9,85109.7,85229.7,15122.0,15.116291999816895,51.34960174560547,55.47614669799805,36.233309745788574,4.126544952392578,40.35985469818115
1091,85228.3,85329.5,85143.0,85234.0,10143.0,17.539655685424805,52.51967239379883,49.680809020996094,34.98001670837402,2.8388633728027344,32.14115333557129
1092,85242.4,85311.9,85073.9,85155.1,14359.0,18.512025833129883,52.80751037597656,46.93815231323242,34.29548454284668,5.869358062744141,28.42612648010254
1093,85166.3,85242.2,85024.3,85132.6,10146.0,18.097938537597656,52.819129943847656,42.88504409790039,34.72119140625,9.934085845947266,24.787105560302734
1094,85162.9,85233.7,85104.3,85130.0,9191.0,16.40932273864746,52.9276123046875,36.785865783691406,36.51828956604004,16.141746520996094,20.376543045043945
1095,85131.1,85316.6,85120.1,85194.0,7822.0,14.79212760925293,53.2000846862793,32.47709274291992,38.40795707702637,20.722991943359375,17.684965133666992
1096,85201.8,85285.2,85079.0,85131.4,8329.0,12.772494316101074,53.00804138183594,29.380844116210938,40.23554706573486,23.627197265625,16.608349800109863
1097,85160.4,85295.5,84984.1,85144.8,17961.0,11.4927396774292,52.75741958618164,24.463092803955078,41.26467990875244,28.294326782226562,12.970353126525879
1098,85144.8,85407.8,85127.1,85361.0,17528.0,10.965927124023438,52.85118103027344,24.232589721679688,41.88525390625,28.61859130859375,13.26666259765625
1099,85361.0,85448.1,85123.2,85123.2,8249.0,10.544740676879883,52.421913146972656,21.834739685058594,41.87717247009277,30.587173461914062,11.289999008178711
1100,85123.2,85130.6,84951.8,85037.8,10494.0,11.618557929992676,51.35965347290039,16.403236389160156,39.741095542907715,34.956417083740234,4.7846784591674805
1101,85042.0,85250.6,85016.8,85054.9,12391.0,15.068718910217285,49.84823989868164,8.022961616516113,34.779520988464355,41.82527828216553,7.045757293701172
1102,85063.5,85277.3,85063.5,85188.7,10834.0,18.232393264770508,48.60987854003906,1.9522027969360352,30.377485275268555,46.65767574310303,16.280190467834473
1103,85187.8,85337.9,85118.3,85337.9,10198.0,20.57591438293457,47.684776306152344,0.7175575494766235,27.108861923217773,46.96721875667572,19.858356833457947
1104,85346.5,85444.5,85329.2,85392.6,13602.0,24.376361846923828,46.51707458496094,0.7060385346412659,22.14071273803711,45.81103605031967,23.670323312282562
1105,85393.9,85561.9,85319.7,85418.8,11914.0,27.940446853637695,45.26371765136719,0.2944313883781433,17.323270797729492,44.969286262989044,27.646015465259552
1106,85417.8,85429.4,85300.1,85300.4,8748.0,29.931869506835938,44.14165115356445,-0.09324482828378677,14.209781646728516,44.23489598184824,30.025114335119724
1107,85300.0,85300.0,85090.5,85152.2,6980.0,31.714679718017578,43.02056884765625,1.4744889736175537,11.305889129638672,41.546079874038696,30.240190744400024
1108,85153.2,85165.3,85047.3,85085.0,10597.0,33.56166076660156,41.959564208984375,0.8858846426010132,8.397903442382812,41.07367956638336,32.67577612400055
1109,85085.0,85226.7,85085.0,85199.7,8634.0,35.109397888183594,40.509986877441406,3.504047155380249,5.4005889892578125,37.00593972206116,31.605350732803345
1110,85195.7,85336.2,85195.7,85319.5,6052.0,36.052879333496094,39.46502685546875,5.674465656280518,3.4121475219726562,33.79056119918823,30.378413677215576
1111,85325.4,85429.3,85285.5,85289.7,7594.0,36.508670806884766,37.99626922607422,7.352026462554932,1.4875984191894531,30.644242763519287,29.156644344329834
1112,85285.6,85346.4,85205.0,85346.4,5640.0,35.508705139160156,36.2964973449707,8.509991645812988,0.7877922058105469,27.786505699157715,26.998713493347168
1113,85342.2,85423.8,85333.7,85423.7,8240.0,33.36970520019531,34.37535858154297,10.129382133483887,1.0056533813476562,24.245976448059082,23.240323066711426
1114,85410.8,85471.1,85387.4,85430.1,7198.0,30.1474552154541,32.140750885009766,11.36135482788086,1.993295669555664,20.779396057128906,18.786100387573242
1115,85426.0,85471.1,85315.3,85394.0,5488.0,27.35942268371582,29.352964401245117,12.636836051940918,1.9935417175292969,16.7161283493042,14.722586631774902
1116,85397.6,85463.6,85352.0,85463.6,7635.0,23.90041160583496,26.845731735229492,13.61742877960205,2.9453201293945312,13.228302955627441,10.28298282623291
1117,85471.1,85471.1,85238.8,85252.8,8913.0,19.68363380432129,24.169809341430664,11.2985258102417,4.486175537109375,12.871283531188965,8.38510799407959
1118,85247.5,85285.1,85058.4,85130.4,12347.0,15.41092300415039,21.4915828704834,10.482400894165039,6.080659866333008,11.00918197631836,4.928522109985352
1119,85139.0,85276.5,85129.6,85169.9,15130.0,10.538594245910645,18.97098159790039,6.8226447105407715,8.432387351989746,12.14833688735962,3.715949535369873
1120,85181.6,85200.2,85075.3,85088.0,8698.0,5.509316444396973,16.289466857910156,0.574171781539917,10.780150413513184,15.71529507637024,4.935144662857056
1121,85088.0,85200.0,84990.6,85200.0,18433.0,-0.6140926480293274,14.194692611694336,-3.879769802093506,14.808785259723663,18.074462413787842,3.2656771540641785
1122,85200.0,85268.6,85181.8,85237.4,5815.0,-5.814487934112549,12.994873046875,-5.904940128326416,18.80936098098755,18.899813175201416,0.09045219421386719
1123,85240.1,85268.1,85166.9,85205.4,5931.0,-9.446983337402344,11.653100967407227,-6.104763984680176,21.10008430480957,17.757864952087402,3.342219352722168
1124,85198.0,85198.4,85125.6,85172.6,3847.0,-13.145676612854004,10.003790855407715,-5.710132598876953,23.14946746826172,15.713923454284668,7.435544013977051
1125,85173.4,85384.5,85173.4,85335.4,18953.0,-14.555489540100098,8.973153114318848,-2.245394706726074,23.528642654418945,11.218547821044922,12.310094833374023
1126,85343.1,85349.8,85102.7,85181.6,8900.0,-17.40302085876465,7.980100631713867,-2.721792697906494,25.383121490478516,10.701893329620361,14.681228160858154
1127,85186.6,85246.2,85127.0,85230.2,5599.0,-19.108909606933594,6.841530799865723,-4.665166854858398,25.950440406799316,11.506697654724121,14.443742752075195
1128,85224.5,85288.6,85170.3,85281.0,4742.0,-19.3145694732666,6.132505893707275,-7.0612664222717285,25.447075366973877,13.193772315979004,12.253303050994873
1129,85281.0,85355.8,85279.4,85318.8,9746.0,-18.56310272216797,5.788857460021973,-7.401045799255371,24.35196018218994,13.189903259277344,11.162056922912598
1130,85318.7,85318.7,85180.9,85189.8,5384.0,-17.353755950927734,4.871375560760498,-7.871240615844727,22.225131511688232,12.742616176605225,9.482515335083008
1131,85183.3,85269.7,85161.6,85223.7,6086.0,-15.54679012298584,3.550163507461548,-8.132494926452637,19.096953630447388,11.682658433914185,7.414295196533203
1132,85222.7,85222.7,85020.0,85020.0,7734.0,-13.060301780700684,1.8522967100143433,-10.309357643127441,14.912598490715027,12.161654353141785,2.750944137573242
1133,85006.4,85052.3,84906.1,84906.1,7145.0,-9.822654724121094,0.3850756287574768,-12.401914596557617,10.20773035287857,12.786990225315094,2.5792598724365234
1134,84905.8,84951.2,84779.9,84868.0,12524.0,-6.489984035491943,-0.9998443722724915,-14.159404754638672,5.490139663219452,13.15956038236618,7.6694207191467285
1135,84860.9,85071.5,84860.9,84990.3,8568.0,-3.271636724472046,-2.115764617919922,-13.89455509185791,1.155872106552124,11.778790473937988,10.622918367385864
1136,84988.0,84988.0,84879.2,84910.6,8412.0,1.108452320098877,-3.0497188568115234,-13.062165260314941,4.1581711769104,10.012446403503418,14.170617580413818
1137,84910.7,84992.1,84867.1,84961.3,5568.0,4.71116828918457,-3.173908233642578,-14.002472877502441,7.885076522827148,10.828564643859863,18.71364116668701
1138,84957.2,85017.6,84882.3,84901.1,4003.0,8.545297622680664,-3.6400249004364014,-17.296974182128906,12.185322523117065,13.656949281692505,25.84227180480957
1139,84897.8,84949.5,84831.7,84855.1,9828.0,12.107294082641602,-3.984626054763794,-20.280128479003906,16.091920137405396,16.295502424240112,32.38742256164551
1140,84871.0,84949.6,84782.5,84790.1,4940.0,15.273241996765137,-4.807821273803711,-25.011606216430664,20.081063270568848,20.203784942626953,40.2848482131958
1141,84788.3,84808.4,84700.0,84751.4,8883.0,18.192317962646484,-5.671091079711914,-28.079599380493164,23.8634090423584,22.40850830078125,46.27191734313965
1142,84754.7,84754.7,84570.5,84612.5,12330.0,19.582094192504883,-7.0078229904174805,-31.866764068603516,26.589917182922363,24.858941078186035,51.4488582611084
1143,84604.1,84637.0,84327.4,84423.9,40936.0,19.555940628051758,-8.792693138122559,-37.91380310058594,28.348633766174316,29.12110996246338,57.469743728637695
1144,84420.7,84420.7,84208.6,84229.8,10888.0,17.930479049682617,-10.96998405456543,-46.07638168334961,28.900463104248047,35.10639762878418,64.00686073303223
1145,84229.8,84290.6,84004.7,84024.3,17100.0,16.10931396484375,-13.387293815612793,-53.18644332885742,29.496607780456543,39.79914951324463,69.29575729370117
1146,84012.6,84258.9,83913.9,84150.8,11053.0,13.205573081970215,-15.5501708984375,-58.94615173339844,28.755743980407715,43.39598083496094,72.15172481536865
1147,84150.8,84159.2,83900.0,83998.3,31858.0,11.508382797241211,-17.943416595458984,-64.56695556640625,29.451799392700195,46.623538970947266,76.07533836364746
1148,83998.4,84009.6,83758.2,83909.4,21347.0,10.4439697265625,-19.9058895111084,-68.80319213867188,30.3498592376709,48.89730262756348,79.24716186523438
1149,83909.5,84162.2,83873.9,84122.5,18923.0,10.152166366577148,-21.81258201599121,-67.33576965332031,31.96474838256836,45.5231876373291,77.48793601989746
1150,84122.4,84122.4,83911.3,83937.3,10531.0,9.477961540222168,-24.265602111816406,-68.75200653076172,33.743563652038574,44.48640441894531,78.22996807098389
1151,83951.5,84061.3,83783.2,83928.5,11695.0,9.622864723205566,-26.59311294555664,-67.87509155273438,36.21597766876221,41.281978607177734,77.49795627593994
1152,83934.7,83934.7,83774.4,83783.4,7850.0,-152.7389373779297,-28.824554443359375,-70.33975219726562,123.91438293457031,41.51519775390625,82.39918518066406
1153,83792.7,83857.4,83586.1,83627.4,36647.0,-328.6230773925781,-30.922985076904297,-74.9718246459961,297.7000923156738,44.0488395690918,253.65125274658203
1154,83623.2,83674.0,83547.0,83663.7,8006.0,-500.584228515625,-32.6408576965332,-77.76399993896484,467.9433708190918,45.12314224243164,422.82022857666016
1155,83660.6,83695.7,83545.4,83676.7,7245.0,-668.084716796875,-34.09446716308594,-76.62848663330078,633.9902496337891,42.534019470214844,591.4562301635742
1156,83682.7,83777.7,83607.0,83716.5,13175.0,-823.0286865234375,-35.5791130065918,-74.20745849609375,787.4495735168457,38.62834548950195,748.8212280273438
1157,83715.4,83715.4,83408.4,83449.0,20753.0,-977.1709594726562,-37.901275634765625,-73.01177215576172,939.2696838378906,35.110496520996094,904.1591873168945
1158,83446.0,83498.2,83387.0,83480.7,13874.0,-1113.85107421875,-40.15269088745117,-70.03950500488281,1073.6983833312988,29.88681411743164,1043.8115692138672
1159,83493.3,83525.2,83452.6,83455.1,6233.0,-1229.1776123046875,-42.02988052368164,-66.02334594726562,1187.1477317810059,23.993465423583984,1163.1542663574219
1160,83471.8,83471.8,83291.7,83334.0,12585.0,-1358.2337646484375,-43.727840423583984,-62.65827178955078,1314.5059242248535,18.930431365966797,1295.5754928588867
1161,83342.4,83617.9,83325.6,83576.7,11625.0,-1478.732421875,-44.73991775512695,-54.24747848510742,1433.992504119873,9.507560729980469,1424.4849433898926
1162,83584.9,83594.5,83415.2,83489.9,7671.0,-1591.2977294921875,-45.65327835083008,-47.5034294128418,1545.6444511413574,1.8501510620117188,1543.7943000793457
1163,83460.4,83604.4,83436.0,83525.7,6586.0,-1664.603515625,-46.11137390136719,-41.537681579589844,1618.4921417236328,4.573692321777344,1623.0658340454102
1164,83525.8,83653.4,83477.7,83620.6,9151.0,-1760.504638671875,-46.1512336730957,-35.93033218383789,1714.3534049987793,10.220901489257812,1724.574306488037
1165,83629.0,83964.9,83580.7,83882.4,25524.0,-1853.426513671875,-45.4870491027832,-28.911684036254883,1807.9394645690918,16.57536506652832,1824.5148296356201
1166,83890.1,83915.8,83752.2,83793.9,9105.0,-1934.6937255859375,-44.71751403808594,-20.946569442749023,1889.9762115478516,23.770944595336914,1913.7471561431885
1167,83798.6,83938.7,83798.5,83880.9,12169.0,-2005.3917236328125,-44.10059356689453,-13.609804153442383,1961.291130065918,30.49078941345215,1991.7819194793701
1168,83881.0,84189.7,83881.0,84072.7,17582.0,-2077.737060546875,-43.19829177856445,-4.760091781616211,2034.5387687683105,38.43819999694824,2072.976968765259
1169,84072.6,84110.0,83977.5,84070.0,8548.0,-2131.45849609375,-42.104251861572266,7.17019510269165,2089.3542442321777,49.274446964263916,2138.6286911964417
1170,84066.4,84172.1,83973.2,84144.1,11358.0,-2188.342041015625,-40.9283447265625,17.313762664794922,2147.4136962890625,58.24210739135742,2205.65580368042
1171,84139.7,84290.6,84139.7,84254.7,9421.0,-2227.331298828125,-39.13022994995117,28.58747100830078,2188.201068878174,67.71770095825195,2255.918769836426
1172,84258.5,84413.2,84225.4,84413.2,12062.0,-2270.499267578125,-36.77370834350586,39.34385681152344,2233.725559234619,76.1175651550293,2309.8431243896484
1173,84413.2,84433.4,84171.6,84195.6,15662.0,-2301.520751953125,-34.93345642089844,43.58141326904297,2266.5872955322266,78.5148696899414,2345.102165222168
1174,84200.2,84304.5,84200.2,84296.3,3366.0,-2328.54541015625,-32.83585739135742,48.97626876831055,2295.7095527648926,81.81212615966797,2377.5216789245605
1175,84296.4,84338.8,84269.6,84338.8,8487.0,-2347.325927734375,-30.157136917114258,54.232261657714844,2317.1687908172607,84.3893985748291,2401.55818939209
1176,84347.4,84581.3,84347.4,84485.4,12701.0,-2340.176513671875,-27.412158966064453,61.215301513671875,2312.7643547058105,88.62746047973633,2401.391815185547
1177,84487.4,84546.4,84484.0,84509.9,5394.0,-2333.885498046875,-24.427715301513672,63.16842269897461,2309.4577827453613,87.59613800048828,2397.0539207458496
1178,84509.9,84590.6,84498.0,84536.8,6268.0,-2336.07421875,-21.18186378479004,64.41104125976562,2314.89235496521,85.59290504455566,2400.4852600097656
1179,84533.6,84566.9,84485.3,84517.0,5349.0,-2311.893310546875,-17.822025299072266,63.37850570678711,2294.0712852478027,81.20053100585938,2375.271816253662
1180,84524.8,84553.9,84337.7,84382.3,14614.0,-2269.494140625,-15.01542854309082,56.91267013549805,2254.478712081909,71.92809867858887,2326.406810760498
1181,84392.1,84400.7,84168.8,84349.4,33939.0,-2245.4306640625,-12.127330780029297,52.23262405395508,2233.3033332824707,64.35995483398438,2297.663288116455
1182,84365.0,84388.0,84278.7,84349.9,6606.0,-2211.906982421875,-9.653719902038574,45.02717208862305,2202.2532625198364,54.68089199066162,2256.934154510498
1183,84345.6,84472.3,84345.6,84462.4,5434.0,-2161.670166015625,-7.130321979522705,38.70096969604492,2154.5398440361023,45.83129167556763,2200.37113571167
1184,84465.5,84531.8,84428.4,84529.1,16535.0,-2116.884521484375,-4.499022960662842,33.41749954223633,2112.385498523712,37.91652250289917,2150.3020210266113
1185,84532.3,84587.4,84397.0,84448.4,7372.0,-2061.599365234375,-1.725525975227356,29.74859619140625,2059.8738392591476,31.474122166633606,2091.3479614257812
1186,84452.6,84506.9,84426.9,84432.8,6998.0,-1988.0946044921875,0.8675418496131897,23.608318328857422,1988.9621463418007,22.740776479244232,2011.702922821045
1187,84436.5,84559.0,84403.6,84559.0,5150.0,-1918.2989501953125,3.92820143699646,19.683876037597656,1922.227151632309,15.755674600601196,1937.9828262329102
1188,84559.0,85041.7,84547.6,84927.3,23950.0,-1834.2510986328125,7.746965408325195,23.029611587524414,1841.9980640411377,15.282646179199219,1857.280710220337
1189,84929.4,85082.1,84766.9,84804.0,12416.0,-1737.322021484375,11.161661148071289,23.286178588867188,1748.4836826324463,12.124517440795898,1760.6082000732422
1190,84803.0,85016.3,84803.0,84878.2,11871.0,-1610.65576171875,14.59209156036377,24.669055938720703,1625.2478532791138,10.076964378356934,1635.3248176574707
1191,84877.0,84977.4,84773.4,84844.7,7295.0,-1476.023193359375,17.844982147216797,26.215789794921875,1493.8681755065918,8.370807647705078,1502.2389831542969
1192,84851.2,84856.0,84676.1,84707.5,12813.0,-1339.849609375,20.42354393005371,27.417892456054688,1360.2731533050537,6.994348526000977,1367.2675018310547
1193,84720.3,84870.1,84720.3,84795.0,5609.0,-1225.031494140625,22.739713668823242,25.991628646850586,1247.7712078094482,3.2519149780273438,1251.0231227874756
1194,84777.9,84777.9,84558.1,84683.4,7423.0,-1092.13037109375,24.279340744018555,23.65963363647461,1116.4097118377686,0.6197071075439453,1115.7900047302246
1195,84666.5,84714.0,84598.9,84711.8,5164.0,-964.7041625976562,25.339143753051758,21.822275161743164,990.043306350708,3.5168685913085938,986.5264377593994
1196,84707.5,84745.1,84601.9,84646.0,5867.0,-819.2496948242188,26.487701416015625,20.798818588256836,845.7373962402344,5.688882827758789,840.0485134124756
1197,84645.3,84657.8,84504.9,84595.3,6202.0,-665.6876831054688,27.098628997802734,19.196369171142578,692.7863121032715,7.902259826660156,684.8840522766113
1198,84584.1,84642.0,84556.9,84621.6,3858.0,-459.6844177246094,27.493446350097656,18.265995025634766,487.17786407470703,9.22745132446289,477.95041275024414
1199,84612.8,84636.4,84562.6,84574.1,6899.0,-262.7152404785156,28.230712890625,16.21693992614746,290.9459533691406,12.013772964477539,278.9321804046631
1200,84579.3,84653.4,84561.3,84595.8,4130.0,-85.50341033935547,28.523223876953125,12.265061378479004,114.0266342163086,16.25816249847412,97.76847171783447
1201,84601.0,84657.3,84428.3,84428.3,6261.0,98.90362548828125,28.33683204650879,5.079822540283203,70.56679344177246,23.257009506225586,93.82380294799805
1202,84432.6,84573.7,84432.6,84560.2,7631.0,104.25137329101562,28.057968139648438,-0.33179041743278503,76.19340515136719,28.389758557081223,104.58316370844841
1203,84547.6,84699.9,84523.2,84684.8,5995.0,93.58307647705078,27.61336326599121,-2.503424644470215,65.96971321105957,30.116787910461426,96.086501121521
1204,84689.0,84767.0,84628.4,84749.9,10380.0,88.84425354003906,27.311080932617188,-3.0262629985809326,61.533172607421875,30.33734393119812,91.87051653862
1205,84752.5,84798.4,84665.3,84666.3,4803.0,76.50757598876953,26.736909866333008,-6.349694728851318,49.77066612243652,33.086604595184326,82.85727071762085
1206,84668.5,84668.5,84573.8,84594.9,4486.0,64.23995971679688,26.003175735473633,-11.267110824584961,38.23678398132324,37.270286560058594,75.50707054138184
1207,84603.5,84632.9,84568.0,84579.0,5117.0,53.31292724609375,24.4864444732666,-14.662729263305664,28.82648277282715,39.149173736572266,67.97565650939941
1208,84574.0,84622.8,84543.6,84622.8,4226.0,43.99750900268555,23.04513168334961,-11.647539138793945,20.952377319335938,34.692670822143555,55.64504814147949
1209,84622.8,84838.7,84622.8,84818.8,6063.0,51.7228889465332,21.891626358032227,-7.32124662399292,29.831262588500977,29.212872982025146,59.04413557052612
1210,84823.0,84893.5,84713.3,84753.6,5369.0,38.083736419677734,20.157432556152344,-2.7769384384155273,17.92630386352539,22.93437099456787,40.86067485809326
1211,84753.5,84787.4,84651.2,84735.2,7993.0,17.709978103637695,18.836589813232422,1.1629581451416016,1.1266117095947266,17.67363166809082,16.547019958496094
1212,84736.2,84751.3,84611.1,84628.1,3401.0,0.8784133791923523,16.9390869140625,1.5711289644241333,16.060673534870148,15.367957949638367,0.692715585231781
1213,84619.0,84619.0,84500.1,84528.5,5541.0,22.55195426940918,14.78979206085205,2.0573954582214355,7.762162208557129,12.732396602630615,20.494558811187744
1214,84515.0,84601.6,84491.5,84564.8,4341.0,12.968969345092773,12.858421325683594,1.7008106708526611,0.11054801940917969,11.157610654830933,11.268158674240112
1215,84560.6,84560.6,84477.0,84550.4,4307.0,-3.9049410820007324,11.447686195373535,1.7652784585952759,15.352627277374268,9.68240773677826,5.670219540596008
1216,84559.1,84682.5,84556.3,84682.5,3839.0,-15.305745124816895,10.06199836730957,2.920717716217041,25.367743492126465,7.141280651092529,18.226462841033936
1217,84686.6,84718.5,84635.9,84718.5,4857.0,-21.080028533935547,8.890022277832031,3.7349801063537598,29.970050811767578,5.1550421714782715,24.815008640289307
1218,84709.0,84710.8,84545.8,84555.3,3550.0,-23.35320281982422,7.725944519042969,2.447838306427002,31.079147338867188,5.278106212615967,25.80104112625122
1219,84571.0,84762.2,84567.1,84759.5,4013.0,-19.07704734802246,6.986064434051514,3.4275903701782227,26.063111782073975,3.558474063873291,22.504637718200684
1220,84759.5,84912.6,84702.4,84889.8,5755.0,-3.0947647094726562,6.670659065246582,6.332489490509033,9.765423774719238,0.33816957473754883,9.42725419998169
1221,84896.8,84968.5,84896.8,84961.3,5503.0,-8.903813362121582,6.7212138175964355,7.1719746589660645,15.625027179718018,0.4507608413696289,16.075788021087646
1222,84960.5,85023.8,84845.7,84852.6,7672.0,-27.440059661865234,6.836797714233398,7.739896774291992,34.27685737609863,0.9030990600585938,35.17995643615723
1223,84871.0,84892.0,84759.8,84883.9,8826.0,-43.837730407714844,6.4504313468933105,10.282489776611328,50.288161754608154,3.8320584297180176,54.12022018432617
1224,84884.9,84952.4,84811.6,84914.5,4672.0,-62.96256637573242,6.315885543823242,13.990765571594238,69.27845191955566,7.674880027770996,76.95333194732666
1225,84901.7,85024.2,84901.7,84973.7,4123.0,-82.77396392822266,6.366132736206055,16.97725486755371,89.14009666442871,10.611122131347656,99.75121879577637
1226,84970.0,85009.0,84947.1,84955.7,3577.0,-81.02120208740234,6.673455715179443,18.116992950439453,87.69465780258179,11.44353723526001,99.1381950378418
1227,84969.0,84973.7,84936.4,84937.4,2647.0,-87.39417266845703,6.949708461761475,18.201644897460938,94.3438811302185,11.251936435699463,105.59581756591797
1228,84937.3,84937.3,84827.7,84882.3,4596.0,-109.33987426757812,7.123683929443359,17.651714324951172,116.46355819702148,10.528030395507812,126.9915885925293
1229,84882.2,84925.0,84868.6,84895.3,4052.0,-113.36495208740234,7.247289180755615,19.99201202392578,120.61224126815796,12.744722843170166,133.35696411132812
1230,84895.3,84998.5,84866.9,84877.4,5019.0,-102.61943817138672,6.959327220916748,20.932178497314453,109.57876539230347,13.972851276397705,123.55161666870117
1231,84888.3,84905.0,84702.6,84719.9,7820.0,-119.75955200195312,6.174824237823486,19.14568328857422,125.93437623977661,12.970859050750732,138.90523529052734
1232,84719.9,84799.6,84676.5,84744.1,7162.0,-100.05956268310547,5.412417411804199,16.036882400512695,105.47198009490967,10.624464988708496,116.09644508361816
1233,84742.8,84769.3,84649.4,84658.7,5654.0,-106.6337661743164,4.6884260177612305,9.961013793945312,111.32219219207764,5.272587776184082,116.59477996826172
1234,84647.0,84680.1,84620.4,84639.7,3991.0,-128.84103393554688,4.059797286987305,3.991030216217041,132.90083122253418,0.06876707077026367,132.83206415176392
1235,84639.8,84730.1,84639.8,84730.1,6066.0,-148.41470336914062,3.4392199516296387,-1.0275317430496216,151.85392332077026,4.46675169467926,147.387171626091
1236,84732.8,84841.4,84732.8,84758.0,4764.0,-153.42970275878906,2.8185505867004395,-3.831960678100586,156.2482533454895,6.650511264801025,149.59774208068848
1237,84757.9,84819.6,84709.7,84816.7,4422.0,-167.58924865722656,2.6105237007141113,-5.342886447906494,170.19977235794067,7.9534101486206055,162.24636220932007
1238,84819.6,84872.1,84814.6,84855.0,3554.0,-179.72918701171875,3.372807502746582,-9.031279563903809,183.10199451446533,12.40408706665039,170.69790744781494
1239,84850.0,84855.7,84745.7,84745.7,4365.0,-169.46292114257812,3.58347749710083,-11.507477760314941,173.04639863967896,15.090955257415771,157.95544338226318
1240,84744.6,84772.2,84679.9,84681.8,6231.0,-149.91073608398438,3.831118106842041,-12.81855583190918,153.74185419082642,16.64967393875122,137.0921802520752
1241,84682.2,84696.8,84600.0,84659.2,4135.0,-128.94578552246094,3.962191343307495,-13.010673522949219,132.90797686576843,16.972864866256714,115.93511199951172
1242,84666.3,84700.8,84633.6,84657.1,4495.0,-101.1559829711914,3.7690389156341553,-14.49477767944336,104.92502188682556,18.263816595077515,86.66120529174805
1243,84657.4,84657.4,84437.4,84445.4,12001.0,-108.84297180175781,3.299879789352417,-18.21506690979004,112.14285159111023,21.514946699142456,90.62790489196777
1244,84445.5,84470.5,84350.9,84440.0,5845.0,-106.96859741210938,2.573798656463623,-20.869895935058594,109.542396068573,23.443694591522217,86.09870147705078
1245,84447.1,84447.3,84342.6,84383.2,10287.0,-122.39031982421875,1.809394359588623,-22.687788009643555,124.19971418380737,24.497182369232178,99.7025318145752
1246,84378.9,84403.2,84241.3,84274.8,6575.0,-122.1992416381836,0.6595149636268616,-25.450580596923828,122.85875660181046,26.11009556055069,96.74866104125977
1247,84270.6,84367.3,84225.5,84367.2,6615.0,-115.09423828125,-0.3606741726398468,-26.158388137817383,114.73356410861015,25.797713965177536,88.93585014343262
1248,84367.2,84430.8,84293.0,84388.3,8113.0,-57.26998519897461,-1.2455798387527466,-26.577444076538086,56.02440536022186,25.33186423778534,30.692541122436523
1249,84388.2,84442.1,84332.8,84377.2,4869.0,-24.1965274810791,-2.248866081237793,-26.20686149597168,21.94766139984131,23.957995414733887,2.010334014892578
1250,84369.0,84404.5,84304.8,84324.8,6715.0,-18.007190704345703,-3.3051657676696777,-26.088457107543945,14.702024936676025,22.783291339874268,8.081266403198242
1251,84316.3,84316.3,84249.3,84256.0,5524.0,-11.999261856079102,-4.905057907104492,-28.608728408813477,7.094203948974609,23.703670501708984,16.609466552734375
1252,84250.1,84307.1,84178.8,84238.0,9858.0,-10.594430923461914,-6.211487770080566,-30.306396484375,4.382943153381348,24.094908714294434,19.711965560913086
1253,84240.4,84240.4,84116.7,84120.3,4542.0,-18.07563591003418,-7.455162048339844,-34.27288055419922,10.620473861694336,26.817718505859375,16.19724464416504
1254,84117.0,84193.2,84063.2,84170.8,5030.0,1366.720947265625,-8.370369911193848,-37.00830078125,1375.0913171768188,28.637930870056152,1403.729248046875
1255,84176.1,84361.3,84176.1,84345.3,4132.0,1459.1322021484375,-9.02143383026123,-35.1183967590332,1468.1536359786987,26.096962928771973,1494.2505989074707
1256,84345.3,84359.7,84245.5,84254.0,5754.0,1462.8736572265625,-10.030835151672363,-33.513580322265625,1472.9044923782349,23.48274517059326,1496.3872375488281
1257,84254.1,84266.7,84165.4,84204.8,2063.0,1450.823486328125,-11.164396286010742,-30.9268798828125,1461.9878826141357,19.762483596801758,1481.7503662109375
1258,84226.0,84268.1,84196.0,84207.2,3810.0,1403.3914794921875,-12.144848823547363,-26.780956268310547,1415.5363283157349,14.636107444763184,1430.172435760498
1259,84188.2,84224.2,84179.5,84209.9,3738.0,1356.704833984375,-12.605525970458984,-23.3481388092041,1369.310359954834,10.742612838745117,1380.052972793579
1260,84202.7,84268.2,84175.1,84237.9,6033.0,1313.188720703125,-13.096842765808105,-19.718645095825195,1326.285563468933,6.62180233001709,1332.9073657989502
1261,84234.1,84366.1,84194.6,84335.2,5805.0,1245.521484375,-13.355792999267578,-14.388310432434082,1258.8772773742676,1.032517433166504,1259.909794807434
1262,84335.2,84340.4,84206.4,84239.7,8218.0,1181.494384765625,-14.064847946166992,-9.96822738647461,1195.559232711792,4.096620559692383,1191.4626121520996
1263,84239.6,84345.5,84214.1,84315.6,7880.0,1147.8807373046875,-14.799504280090332,-7.178894519805908,1162.6802415847778,7.620609760284424,1155.0596318244934
1264,84320.8,84320.8,84181.8,84186.3,3710.0,1102.366455078125,-15.730170249938965,-6.126826763153076,1118.096625328064,9.603343486785889,1108.493281841278
1265,84182.0,84194.1,84034.7,84063.0,19380.0,1026.3955078125,-16.948551177978516,-7.3514275550842285,1043.3440589904785,9.597123622894287,1033.7469353675842
1266,84063.1,84101.4,84000.2,84000.2,12074.0,955.2958374023438,-17.94639778137207,-10.703295707702637,973.2422351837158,7.243102073669434,965.9991331100464
1267,84000.0,84074.3,83904.3,83904.3,9397.0,906.8799438476562,-19.01652717590332,-13.55328369140625,925.8964710235596,5.46324348449707,920.4332275390625
1268,83900.0,83929.4,83857.1,83916.3,8282.0,873.1936645507812,-20.379411697387695,-15.20268440246582,893.573076248169,5.176727294921875,888.3963489532471
1269,83933.1,83933.1,83883.7,83920.2,6761.0,807.7857666015625,-21.17037010192871,-16.26167106628418,828.9561367034912,4.908699035644531,824.0474376678467
1270,83919.3,84011.8,83919.3,84011.8,17995.0,799.28857421875,-21.34708023071289,-16.15242576599121,820.6356544494629,5.19465446472168,815.4409999847412
1271,84011.9,84094.0,84011.9,84092.7,4472.0,726.4118041992188,-21.071165084838867,-15.502965927124023,747.4829692840576,5.568199157714844,741.9147701263428
1272,84092.6,84344.8,84090.7,84217.9,10984.0,643.2125854492188,-20.685997009277344,-13.103653907775879,663.8985824584961,7.582343101501465,656.3162393569946
1273,84214.3,84214.3,84078.0,84117.3,6081.0,564.2573852539062,-20.400772094726562,-13.969748497009277,584.6581573486328,6.431023597717285,578.2271337509155
1274,84121.5,84198.6,84121.5,84192.3,3944.0,491.8179626464844,-19.7916259765625,-12.96253490447998,511.6095886230469,6.8290910720825195,504.78049755096436
1275,84207.3,84212.4,84004.8,84004.8,13441.0,410.1587829589844,-19.40590476989746,-11.910961151123047,429.56468772888184,7.494943618774414,422.0697441101074
1276,83992.1,83996.7,83929.0,83961.3,6353.0,366.63934326171875,-19.075225830078125,-12.410314559936523,385.7145690917969,6.664911270141602,379.0496578216553
1277,83966.4,83971.6,83877.7,83931.0,4186.0,322.85943603515625,-18.764644622802734,-13.679217338562012,341.624080657959,5.085427284240723,336.53865337371826
1278,83914.8,83940.5,83848.1,83859.0,4120.0,269.9808349609375,-18.661569595336914,-15.526973724365234,288.6424045562744,3.1345958709716797,285.50780868530273
1279,83850.6,83892.0,83769.8,83826.0,7933.0,197.01226806640625,-18.50554084777832,-17.279987335205078,215.51780891418457,1.2255535125732422,214.29225540161133
1280,83822.0,83848.0,83750.0,83818.8,6358.0,132.87547302246094,-18.309101104736328,-18.116506576538086,151.18457412719727,0.1925945281982422,150.99197959899902
1281,83820.1,83849.7,83779.1,83828.8,7407.0,51.716060638427734,-18.371917724609375,-16.643550872802734,70.08797836303711,1.7283668518066406,68.35961151123047
1282,83828.6,83891.3,83780.3,83853.9,7302.0,38.64448928833008,-18.23276138305664,-15.558382034301758,56.87725067138672,2.674379348754883,54.202871322631836
1283,83843.7,83866.5,83708.9,83713.4,5583.0,-44.65139389038086,-18.546722412109375,-14.701803207397461,26.104671478271484,3.844919204711914,29.9495906829834
1284,83713.3,83713.3,83641.8,83693.4,6586.0,-10.876564979553223,-18.863327026367188,-15.267023086547852,7.986762046813965,3.596303939819336,4.390458106994629
1285,83700.0,83852.0,83700.0,83848.3,8200.0,-42.73017883300781,-18.5039119720459,-14.824999809265137,24.226266860961914,3.6789121627807617,27.905179023742676
1286,83855.8,83905.9,83831.3,83862.8,3187.0,-118.3357162475586,-17.955310821533203,-14.844501495361328,100.38040542602539,3.110809326171875,103.49121475219727
1287,83872.8,83872.9,83650.6,83650.6,4158.0,-202.6053466796875,-17.678781509399414,-19.203048706054688,184.9265651702881,1.5242671966552734,183.4022979736328
1288,83650.5,83652.1,83588.0,83647.7,5952.0,-275.9981994628906,-17.20018768310547,-23.032032012939453,258.79801177978516,5.831844329833984,252.96616744995117
1289,83645.7,83645.7,83500.1,83538.1,5771.0,-338.5429992675781,-17.134389877319336,-27.961172103881836,321.4086093902588,10.8267822265625,310.5818271636963
1290,83535.1,83580.0,83469.8,83503.7,7573.0,-420.2626037597656,-17.19001579284668,-31.36091423034668,403.07258796691895,14.1708984375,388.90168952941895
1291,83513.7,83580.8,83482.9,83560.0,4075.0,-463.90191650390625,-17.055469512939453,-31.91489601135254,446.8464469909668,14.859426498413086,431.9870204925537
1292,83558.1,83583.9,83455.7,83472.6,4779.0,-506.29986572265625,-17.02280044555664,-30.939603805541992,489.2770652770996,13.916803359985352,475.36026191711426
1293,83475.7,83697.7,83460.8,83697.7,7239.0,-605.8180541992188,-16.868432998657227,-27.216270446777344,588.9496212005615,10.347837448120117,578.6017837524414
1294,83699.2,83728.7,83561.3,83568.8,3836.0,-700.7942504882812,-16.956941604614258,-23.51927947998047,683.837308883667,6.562337875366211,677.2749710083008
1295,83575.0,83868.0,83575.0,83768.7,8085.0,-806.825927734375,-16.63225555419922,-18.98941421508789,790.1936721801758,2.357158660888672,787.8365135192871
1296,83759.3,83801.6,83697.5,83736.2,8254.0,-894.5903930664062,-16.58852195739746,-15.255650520324707,878.0018711090088,1.332871437072754,879.3347425460815
1297,83733.7,83895.9,83695.4,83895.1,5175.0,-914.2972412109375,-15.893112182617188,-9.391794204711914,898.4041290283203,6.501317977905273,904.9054470062256
1298,83895.1,84172.5,83887.2,84172.5,15440.0,-1009.0206909179688,-14.44887924194336,-0.6479616761207581,994.5718116760254,13.800917565822601,1008.372729241848
1299,84172.5,84198.5,84014.1,84014.1,18881.0,-1116.8990478515625,-13.384742736816406,4.840554714202881,1103.514305114746,18.225297451019287,1121.7396025657654
1300,83997.4,84091.5,83936.3,84091.5,5203.0,-1210.582763671875,-12.228593826293945,11.038169860839844,1198.354169845581,23.26676368713379,1221.6209335327148
1301,84094.7,84191.0,84042.3,84116.6,5684.0,-1327.4842529296875,-11.161998748779297,17.342193603515625,1316.3222541809082,28.504192352294922,1344.8264465332031
1302,84106.1,84192.9,84071.6,84071.6,3578.0,-1426.630615234375,-10.231241226196289,22.96691131591797,1416.3993740081787,33.19815254211426,1449.597526550293
1303,84067.3,84262.1,84000.0,84188.2,5813.0,-1535.2005615234375,-9.298577308654785,27.711572647094727,1525.9019842147827,37.01014995574951,1562.9121341705322
1304,84184.0,84268.3,84160.8,84247.8,6726.0,-201.86822509765625,-8.109298706054688,32.27779006958008,193.75892639160156,40.387088775634766,234.14601516723633
1305,84253.9,84347.9,84232.0,84289.8,12553.0,-93.21289825439453,-6.400399208068848,39.05609130859375,86.81249904632568,45.4564905166626,132.26898956298828
1306,84291.0,84482.7,84288.8,84477.0,6928.0,-64.25624084472656,-4.470042705535889,48.073760986328125,59.786198139190674,52.543803691864014,112.33000183105469
1307,84474.3,84572.8,84359.7,84463.5,12104.0,-60.50554656982422,-2.71120285987854,52.624507904052734,57.79434370994568,55.335710763931274,113.13005447387695
1308,84491.5,84593.8,84445.5,84593.8,5926.0,-18.236875534057617,-0.6684888005256653,57.76846694946289,17.568386733531952,58.436955749988556,76.00534248352051
1309,84594.3,84657.3,84538.5,84556.0,6393.0,-14.517745971679688,1.2585488557815552,59.2192268371582,15.776294827461243,57.96067798137665,73.73697280883789
1310,84561.0,84644.8,84352.5,84355.3,17323.0,-16.51166534423828,2.7462375164031982,55.72898864746094,19.25790286064148,52.98275113105774,72.24065399169922
1311,84363.8,84549.6,84358.7,84520.5,3899.0,-35.21449661254883,4.851583957672119,54.20709991455078,40.06608057022095,49.35551595687866,89.42159652709961
1312,84505.5,84545.4,84432.1,84432.1,5541.0,384.1889343261719,6.494163513183594,48.598045349121094,377.6947708129883,42.1038818359375,335.5908889770508
1313,84428.9,84500.3,84385.7,84385.7,5566.0,440.028076171875,8.19593334197998,44.437530517578125,431.832142829895,36.241597175598145,395.5905456542969
1314,84385.6,84501.2,84352.7,84491.3,7929.0,466.6816101074219,9.824437141418457,38.71554946899414,456.8571729660034,28.891112327575684,427.96606063842773
1315,84491.4,84517.3,84240.4,84367.0,27198.0,541.7752685546875,10.828185081481934,32.98709487915039,530.9470834732056,22.158909797668457,508.7881736755371
1316,84371.1,84579.1,84371.1,84566.3,16838.0,525.054931640625,12.118634223937988,28.692886352539062,512.936297416687,16.574252128601074,496.36204528808594
1317,84566.3,84657.5,84500.1,84637.2,28911.0,502.9905700683594,13.285815238952637,26.672286987304688,489.70475482940674,13.38647174835205,476.3182830810547
1318,84637.2,84641.0,84500.1,84533.7,4804.0,465.14398193359375,14.168723106384277,26.43714714050293,450.9752588272095,12.268424034118652,438.7068347930908
1319,84531.4,84644.5,84385.1,84562.9,35778.0,406.57940673828125,15.071208000183105,23.574893951416016,391.50819873809814,8.50368595123291,383.00451278686523
1320,84565.2,84628.1,84510.1,84607.1,9880.0,383.6474304199219,16.238265991210938,21.740936279296875,367.40916442871094,5.5026702880859375,361.906494140625
1321,84624.0,84749.9,84624.0,84645.2,13423.0,344.2850646972656,17.63876724243164,20.07228660583496,326.646297454834,2.4335193634033203,324.21277809143066
1322,84645.2,84691.3,84599.5,84624.6,6810.0,278.61346435546875,19.242441177368164,16.603912353515625,259.3710231781006,2.638528823852539,262.0095520019531
1323,84623.4,84623.4,84466.6,84474.4,7868.0,220.77769470214844,20.20734214782715,11.999277114868164,200.5703525543213,8.208065032958984,208.77841758728027
1324,84473.5,84506.1,84339.1,84506.1,8344.0,171.40516662597656,21.396467208862305,8.358129501342773,150.00869941711426,13.038337707519531,163.0470371246338
1325,84501.9,84535.7,84425.5,84470.1,5125.0,186.12832641601562,22.011388778686523,4.477426052093506,164.1169376373291,17.533962726593018,181.65090036392212
1326,84473.0,84624.4,84473.0,84570.9,5409.0,158.77101135253906,22.712453842163086,4.721381664276123,136.05855751037598,17.991072177886963,154.04962968826294
1327,84573.3,84586.9,84510.2,84570.1,5718.0,145.1996612548828,23.27860450744629,4.599594593048096,121.92105674743652,18.679009914398193,140.60006666183472
1328,84577.4,84577.4,84502.7,84553.3,5204.0,110.48168182373047,23.567211151123047,6.134757041931152,86.91447067260742,17.432454109191895,104.34692478179932
1329,84557.5,84573.1,84470.5,84474.8,3454.0,74.00174713134766,23.52704429626465,6.012599945068359,50.47470283508301,17.51444435119629,67.9891471862793
1330,84494.4,84595.0,84459.5,84595.0,3585.0,40.470062255859375,23.687650680541992,4.560743808746338,16.782411575317383,19.126906871795654,35.90931844711304
1331,84595.0,84641.1,84520.0,84520.0,5515.0,-21.185644149780273,23.61896514892578,4.285473346710205,44.804609298706055,19.333491802215576,25.47111749649048
1332,84520.0,84540.0,84436.8,84531.9,2068.0,-44.647098541259766,23.57735252380371,2.785167932510376,68.22445106506348,20.792184591293335,47.43226647377014
1333,84528.5,84623.9,84528.5,84593.7,5397.0,-100.75898742675781,23.268186569213867,1.285109281539917,124.02717399597168,21.98307728767395,102.04409670829773
1334,84593.8,84623.9,84580.6,84607.0,2500.0,-39.77791213989258,22.860153198242188,1.3294936418533325,62.638065338134766,21.530659556388855,41.10740578174591
1335,84602.0,84632.5,84525.2,84525.2,4342.0,-36.18244934082031,22.550064086914062,-1.9312206506729126,58.732513427734375,24.481284737586975,34.2512286901474
1336,84495.7,84515.5,84416.9,84435.8,6431.0,-67.4875717163086,21.999065399169922,-3.5602736473083496,89.48663711547852,25.55933904647827,63.927298069000244
1337,84437.8,84583.7,84433.5,84583.7,3990.0,-110.19876098632812,21.22332191467285,-1.7605674266815186,131.42208290100098,22.98388934135437,108.4381935596466
1338,84585.3,84629.4,84440.0,84440.0,3820.0,-129.18362426757812,20.010255813598633,-3.5675222873687744,149.19388008117676,23.577778100967407,125.61610198020935
1339,84434.2,84550.9,84434.2,84512.1,3444.0,-148.395263671875,18.624691009521484,-3.7425692081451416,167.01995468139648,22.367260217666626,144.65269446372986
1340,84500.1,84700.0,84494.2,84683.0,7857.0,-160.58766174316406,17.463655471801758,-0.7018796801567078,178.05131721496582,18.165535151958466,159.88578206300735
1341,84682.9,84757.3,84664.2,84722.2,6431.0,-112.70609283447266,16.419218063354492,3.3863251209259033,129.12531089782715,13.032892942428589,116.09241795539856
1342,84732.9,84821.9,84731.4,84813.0,6394.0,-111.3804931640625,15.26042652130127,8.330551147460938,126.64091968536377,6.929875373840332,119.71104431152344
1343,84816.3,84884.7,84795.9,84873.6,6753.0,-151.1077880859375,14.668338775634766,11.485579490661621,165.77612686157227,3.1827592849731445,162.59336757659912
1344,84876.0,84882.6,84729.1,84737.6,5693.0,-187.59474182128906,13.328502655029297,12.598020553588867,200.92324447631836,0.7304821014404297,200.19276237487793
1345,84741.8,84950.0,84732.4,84931.7,23302.0,-223.55093383789062,12.820466995239258,15.566800117492676,236.37140083312988,2.746333122253418,239.1177339553833
1346,84926.2,84950.0,84926.2,84930.6,3691.0,-231.6839599609375,12.119586944580078,19.417234420776367,243.80354690551758,7.297647476196289,251.10119438171387
1347,84930.5,84976.9,84930.5,84946.3,2009.0,-177.51455688476562,11.732206344604492,22.938398361206055,189.24676322937012,11.206192016601562,200.45295524597168
1348,84946.2,84959.3,84922.1,84943.4,2789.0,-230.54913330078125,11.913280487060547,25.587112426757812,242.4624137878418,13.673831939697266,256.13624572753906
1349,84943.5,84987.6,84943.5,84951.5,3120.0,-277.96209716796875,11.652793884277344,26.525470733642578,289.6148910522461,14.872676849365234,304.4875679016113
1350,84951.6,84976.7,84937.7,84976.7,4769.0,-237.17686462402344,11.54959487915039,29.004968643188477,248.72645950317383,17.455373764038086,266.1818332672119
1351,84986.9,85033.2,84976.6,85021.0,3567.0,-285.8575744628906,11.530110359191895,30.359081268310547,297.3876848220825,18.828970909118652,316.2166557312012
1352,85023.1,85095.1,84998.7,85054.4,7024.0,-336.3081970214844,11.390616416931152,31.624799728393555,347.6988134384155,20.234183311462402,367.93299674987793
1353,85060.0,85060.0,84988.0,84991.1,5809.0,-384.78155517578125,11.291167259216309,32.17642593383789,396.07272243499756,20.885258674621582,416.95798110961914
1354,84995.0,84995.0,84926.9,84981.1,6869.0,-421.86566162109375,11.241134643554688,32.19755554199219,433.10679626464844,20.9564208984375,454.06321716308594
1355,84986.9,85125.0,84986.9,85079.5,4883.0,-455.4519958496094,11.453248977661133,31.770288467407227,466.9052448272705,20.317039489746094,487.2222843170166
1356,85078.9,85287.3,85078.9,85214.9,12182.0,-484.1393737792969,12.366612434387207,31.03207778930664,496.5059862136841,18.665465354919434,515.1714515686035
1357,85207.9,85207.9,85091.6,85125.2,5917.0,-526.748291015625,12.96340274810791,30.176286697387695,539.7116937637329,17.212883949279785,556.9245777130127
1358,85123.3,85191.3,85115.6,85191.3,3562.0,-515.1519775390625,13.974403381347656,27.181407928466797,529.1263809204102,13.20700454711914,542.3333854675293
1359,85203.1,85266.4,85172.5,85266.3,7952.0,-540.96484375,15.011064529418945,25.26663589477539,555.975908279419,10.255571365356445,566.2314796447754
1360,85266.3,85335.9,85224.6,85314.8,4649.0,-567.447998046875,15.600448608398438,25.60898780822754,583.0484466552734,10.008539199829102,593.0569858551025
1361,85314.7,85327.6,85257.9,85290.8,5677.0,-541.4169921875,16.446325302124023,25.277408599853516,557.863317489624,8.831083297729492,566.6944007873535
1362,85284.2,85385.0,85284.2,85349.3,4114.0,-129.89273071289062,17.13909149169922,26.360151290893555,147.03182220458984,9.221059799194336,156.25288200378418
1363,85349.3,85349.4,85323.7,85337.2,2560.0,-57.529991149902344,17.602718353271484,27.420530319213867,75.13270950317383,9.817811965942383,84.95052146911621
1364,85337.2,85337.2,85219.7,85247.9,5227.0,-36.57059097290039,18.023136138916016,24.360614776611328,54.593727111816406,6.3374786376953125,60.93120574951172
1365,85249.9,85259.9,85178.6,85204.9,5217.0,80.7703628540039,17.96443748474121,22.983810424804688,62.805925369262695,5.019372940063477,57.78655242919922
1366,85204.9,85235.3,85140.2,85140.2,4989.0,122.80494689941406,18.160572052001953,20.254575729370117,104.64437484741211,2.094003677368164,102.55037117004395
1367,85140.2,85235.6,85140.2,85232.7,4661.0,112.24407196044922,18.69454574584961,18.779399871826172,93.54952621459961,0.0848541259765625,93.46467208862305
1368,85230.2,85332.6,85230.2,85308.8,3567.0,120.86446380615234,19.096277236938477,17.914825439453125,101.76818656921387,1.1814517974853516,102.94963836669922
1369,85308.7,85325.6,85247.1,85272.4,7719.0,116.4608154296875,19.408639907836914,16.108722686767578,97.05217552185059,3.299917221069336,100.35209274291992
1370,85272.4,85299.3,85242.7,85271.8,3274.0,98.44650268554688,19.76092529296875,14.209416389465332,78.68557739257812,5.551508903503418,84.23708629608154
1371,85271.7,85385.0,85263.6,85385.0,9905.0,113.06463623046875,20.410667419433594,14.182971000671387,92.65396881103516,6.227696418762207,98.88166522979736
1372,85396.3,85402.3,85347.9,85376.7,7416.0,92.71342468261719,20.916767120361328,14.017974853515625,71.79665756225586,6.898792266845703,78.69544982910156
1373,85376.6,85376.6,85336.1,85336.1,2453.0,75.16580963134766,20.887508392333984,11.788863182067871,54.27830123901367,9.098645210266113,63.376946449279785
1374,85340.3,85340.3,85214.1,85227.1,3585.0,54.11225128173828,20.597858428955078,7.325916290283203,33.5143928527832,13.271942138671875,46.78633499145508
1375,85232.9,85265.0,85131.3,85150.6,4884.0,118.4120101928711,19.970273971557617,2.9538474082946777,98.44173622131348,17.01642656326294,115.45816278457642
1376,85156.9,85264.9,85137.6,85233.7,4093.0,90.47500610351562,19.720727920532227,1.7998942136764526,70.7542781829834,17.920833706855774,88.67511188983917
1377,85217.6,85250.2,85187.9,85187.9,3042.0,70.7945556640625,19.295761108398438,-1.4529311656951904,51.49879455566406,20.748692274093628,72.24748682975769
1378,85188.0,85219.6,85140.7,85146.9,5387.0,42.54942321777344,18.67450714111328,-4.342164039611816,23.874916076660156,23.016671180725098,46.891587257385254
1379,85147.0,85168.0,85123.9,85168.0,3676.0,22.73891830444336,17.854324340820312,-5.678970813751221,4.884593963623047,23.533295154571533,28.41788911819458
1380,85173.0,85201.1,85145.5,85175.5,2938.0,86.4465560913086,17.27892303466797,-5.995030403137207,69.16763305664062,23.273953437805176,92.4415864944458
1381,85175.4,85308.7,85175.4,85271.4,3374.0,85.3404769897461,16.688526153564453,-5.110590934753418,68.65195083618164,21.79911708831787,90.45106792449951
1382,85275.7,85346.8,85275.7,85335.1,4547.0,124.1236343383789,16.20688819885254,-2.3632519245147705,107.91674613952637,18.57014012336731,126.48688626289368
1383,85331.1,85396.9,85307.4,85363.7,5691.0,108.09564971923828,15.867266654968262,0.6230732798576355,92.22838306427002,15.244193375110626,107.47257643938065
1384,85363.6,85363.6,85312.6,85317.6,2770.0,66.00395202636719,15.377301216125488,1.5008810758590698,50.6266508102417,13.876420140266418,64.50307095050812
1385,85312.7,85317.4,85182.3,85182.4,4293.0,50.115909576416016,14.29804515838623,-0.336548388004303,35.817864418029785,14.634593546390533,50.45245796442032
1386,85182.3,85314.3,85164.8,85314.3,6325.0,38.10345458984375,13.249090194702148,-1.277384877204895,24.8543643951416,14.526475071907043,39.380839467048645
1387,85318.0,85318.0,85226.7,85286.0,4384.0,1.6507850885391235,12.412864685058594,-1.4237312078475952,10.76207959651947,13.836595892906189,3.0745162963867188
1388,85277.4,85298.6,85251.3,85282.4,2589.0,-29.163454055786133,11.14632511138916,-0.5001938343048096,40.30977916717529,11.64651894569397,28.663260221481323
1389,85280.3,85297.1,85264.1,85288.1,4552.0,-11.386544227600098,9.991037368774414,-0.030198542401194572,21.37758159637451,10.021235911175609,11.356345685198903
1390,85288.0,85288.0,85264.0,85276.2,3669.0,-25.151891708374023,9.15201473236084,0.23670700192451477,34.30390644073486,8.915307730436325,25.388598710298538
1391,85272.0,85272.0,85151.5,85151.5,3295.0,-22.396106719970703,8.055763244628906,0.5029311776161194,30.45186996459961,7.552832067012787,22.899037897586823
1392,85151.5,85151.5,85096.9,85118.3,5627.0,-53.60883712768555,7.064124584197998,0.5149495005607605,60.672961711883545,6.5491750836372375,54.12378662824631
1393,85116.5,85162.1,85071.1,85146.1,12648.0,-81.10337829589844,6.256971836090088,0.6716811656951904,87.36035013198853,5.5852906703948975,81.77505946159363
1394,85146.1,85163.0,85140.2,85155.3,2485.0,-107.75818634033203,5.114928722381592,-0.4755639135837555,112.87311506271362,5.590492635965347,107.28262242674828
1395,85151.3,85174.3,85094.8,85128.9,11086.0,-130.7855682373047,4.341888904571533,-3.0998473167419434,135.12745714187622,7.441736221313477,127.68572092056274
1396,85123.5,85173.4,85108.4,85152.5,4074.0,-126.29441833496094,3.602254867553711,-4.04219913482666,129.89667320251465,7.644454002380371,122.25221920013428
1397,85157.6,85200.0,85123.5,85194.5,3695.0,-133.02481079101562,2.9802331924438477,-4.985672950744629,136.00504398345947,7.965906143188477,128.039137840271
1398,85184.5,85184.5,85100.1,85108.0,4026.0,-166.87388610839844,2.1250765323638916,-7.82215690612793,168.99896264076233,9.947233438491821,159.0517292022705
1399,85103.8,85173.6,85103.8,85126.0,5888.0,-198.07717895507812,1.3144816160202026,-10.009821891784668,199.39166057109833,11.32430350780487,188.06735706329346
1400,85122.7,85122.7,85080.0,85080.0,5181.0,-134.26226806640625,0.4398098289966583,-12.673049926757812,134.7020778954029,13.11285975575447,121.58921813964844
1401,85078.1,85119.0,85066.1,85083.9,5969.0,-144.51052856445312,-0.3238876163959503,-13.622791290283203,144.18664094805717,13.298903673887253,130.88773727416992
1402,85083.9,85083.9,85000.1,85000.1,7568.0,-168.7603302001953,-1.211958646774292,-14.481837272644043,167.54837155342102,13.269878625869751,154.27849292755127
1403,85000.0,85000.0,84768.8,84771.3,17413.0,-194.65838623046875,-2.785789966583252,-17.654159545898438,191.8725962638855,14.868369579315186,177.0042266845703
1404,84778.5,84901.1,84759.3,84759.4,18648.0,-202.15005493164062,-4.39179801940918,-20.833539962768555,197.75825691223145,16.441741943359375,181.31651496887207
1405,84759.3,84817.5,84719.9,84794.5,17624.0,-206.0413055419922,-5.6533894538879395,-24.806854248046875,200.38791608810425,19.153464794158936,181.2344512939453
1406,84797.2,84886.7,84790.4,84886.7,5479.0,-204.25454711914062,-6.337121486663818,-24.797069549560547,197.9174256324768,18.45994806289673,179.45747756958008
1407,84894.2,85004.6,84875.5,84946.0,4911.0,-213.5147705078125,-7.071746349334717,-23.74397850036621,206.44302415847778,16.672232151031494,189.7707920074463
1408,84940.0,84940.0,84840.2,84886.5,2696.0,-230.18626403808594,-7.7675251960754395,-23.086477279663086,222.4187388420105,15.318952083587646,207.09978675842285
1409,84886.5,84920.4,84827.7,84827.7,2818.0,-247.8640899658203,-8.387979507446289,-22.583547592163086,239.47611045837402,14.195568084716797,225.28054237365723
1410,84817.8,84817.8,84573.6,84573.6,10330.0,-252.15322875976562,-9.4476900100708,-25.206178665161133,242.70553874969482,15.758488655090332,226.9470500946045
1411,84573.6,84623.7,84513.1,84548.0,4644.0,-181.31094360351562,-10.553837776184082,-29.10700225830078,170.75710582733154,18.5531644821167,152.20394134521484
1412,84535.2,84575.2,84499.8,84537.8,6736.0,-200.1737518310547,-11.46753978729248,-32.77032470703125,188.7062120437622,21.30278491973877,167.40342712402344
1413,84545.2,84545.2,84415.2,84437.1,3132.0,-187.500732421875,-12.5707368850708,-36.56019592285156,174.9299955368042,23.98945903778076,150.94053649902344
1414,84438.1,84441.4,84411.0,84431.5,8019.0,-208.23548889160156,-13.818375587463379,-39.2187385559082,194.41711330413818,25.400362968444824,169.01675033569336
1415,84431.5,84431.5,84329.5,84329.7,4837.0,-216.52688598632812,-15.335536003112793,-42.65991973876953,201.19134998321533,27.32438373565674,173.8669662475586
1416,84329.6,84573.8,84325.3,84543.5,4916.0,-202.84423828125,-16.42324447631836,-41.472408294677734,186.42099380493164,25.049163818359375,161.37182998657227
1417,84543.5,84674.9,84491.1,84563.8,7479.0,-221.4136962890625,-17.176738739013672,-38.41599655151367,204.23695755004883,21.2392578125,182.99769973754883
1418,84555.4,84580.1,84402.6,84417.6,5340.0,-200.00247192382812,-18.023229598999023,-37.865447998046875,181.9792423248291,19.84221839904785,162.13702392578125
1419,84426.5,84583.1,84420.1,84491.6,5714.0,-197.96337890625,-18.703365325927734,-34.93535614013672,179.26001358032227,16.231990814208984,163.02802276611328
1420,84489.1,84580.6,84489.1,84493.1,3700.0,-201.78970336914062,-19.304243087768555,-31.756168365478516,182.48546028137207,12.451925277709961,170.0335350036621
1421,84493.1,84512.0,84401.3,84492.6,2634.0,-196.538818359375,-19.552898406982422,-27.6400146484375,176.98591995239258,8.087116241455078,168.8988037109375
1422,84473.6,84607.2,84473.6,84543.7,9077.0,-200.7176055908203,-19.615100860595703,-23.2277774810791,181.1025047302246,3.6126766204833984,177.4898281097412
1423,84535.3,84594.5,84535.3,84573.6,3174.0,-208.78477478027344,-19.63243293762207,-21.3148136138916,189.15234184265137,1.6823806762695312,187.46996116638184
1424,84568.0,84662.5,84558.3,84662.4,4561.0,-224.30624389648438,-19.628162384033203,-18.023906707763672,204.67808151245117,1.6042556762695312,206.2823371887207
1425,84662.5,84971.1,84662.5,84875.6,23345.0,-226.8547821044922,-19.25918960571289,-10.987141609191895,207.5955924987793,8.272047996520996,215.8676404953003
1426,84873.3,84873.3,84697.5,84697.5,6030.0,-246.8939666748047,-19.077899932861328,-5.160802364349365,227.81606674194336,13.917097568511963,241.73316431045532
1427,84697.5,84697.5,84500.0,84500.0,5918.0,-262.6073913574219,-19.420656204223633,-0.9351092576980591,243.18673515319824,18.485546946525574,261.6722820997238
1428,84500.0,84565.7,84439.7,84562.1,4697.0,-271.7826232910156,-19.653453826904297,3.908951997756958,252.12916946411133,23.562405824661255,275.6915752887726
1429,84565.1,84598.8,84518.5,84570.2,2522.0,-295.811767578125,-19.758190155029297,8.42819595336914,276.0535774230957,28.186386108398438,304.23996353149414
1430,84579.0,84671.3,84562.1,84588.8,5727.0,-205.5886688232422,-19.74601936340332,9.588151931762695,185.84264945983887,29.334171295166016,215.17682075500488
1431,84593.0,84593.0,84438.2,84500.6,5311.0,-180.908935546875,-19.646448135375977,9.061090469360352,161.26248741149902,28.707538604736328,189.97002601623535
1432,84504.8,84504.8,84356.0,84382.9,4358.0,-85.59757232666016,-19.59607696533203,6.762729167938232,66.00149536132812,26.358806133270264,92.36030149459839
1433,84389.4,84476.9,84312.4,84476.9,7078.0,-78.8377914428711,-19.161645889282227,4.450229167938232,59.67614555358887,23.61187505722046,83.28802061080933
1434,84477.0,84488.0,84382.9,84434.7,5544.0,-87.82676696777344,-18.85634994506836,1.3866482973098755,68.97041702270508,20.242998242378235,89.21341526508331
1435,84447.3,84447.3,84367.8,84444.3,4011.0,-64.35978698730469,-18.774757385253906,-3.15201473236084,45.58502960205078,15.622742652893066,61.20777225494385
1436,84444.3,84482.8,84433.5,84462.5,3019.0,-49.515621185302734,-18.2548885345459,-4.227214336395264,31.260732650756836,14.027674198150635,45.28840684890747
1437,84464.0,84523.8,84395.9,84404.6,4104.0,-52.894290924072266,-17.858043670654297,-5.687253475189209,35.03624725341797,12.170790195465088,47.20703744888306
1438,84407.5,84426.2,84308.9,84344.0,3211.0,-52.56222915649414,-17.52776336669922,-10.081984519958496,35.03446578979492,7.445778846740723,42.480244636535645
1439,84331.3,84382.0,84251.4,84285.8,8637.0,-16.141525268554688,-17.234146118164062,-14.029088020324707,1.092620849609375,3.2050580978393555,2.1124372482299805
