bar,open,high,low,close,volume,batched,isolated,cpu,abs_bi,abs_ic,abs_bc
0,88066.7,88174.6,88048.0,88155.1,5735.0,50.0,50.0,nan,0.0,nan,nan
1,88146.7,88160.1,88081.7,88081.7,4816.0,50.0,50.0,nan,0.0,nan,nan
2,88080.4,88080.4,87849.9,87850.0,10862.0,50.0,50.0,nan,0.0,nan,nan
3,87857.1,87944.5,87780.2,87930.1,15390.0,50.0,50.0,nan,0.0,nan,nan
4,87930.2,88039.6,87930.2,87991.6,4863.0,50.0,50.0,nan,0.0,nan,nan
5,87980.8,87980.8,87852.6,87856.9,2161.0,50.0,50.0,nan,0.0,nan,nan
6,87862.5,87869.1,87773.9,87797.8,3002.0,50.0,50.0,nan,0.0,nan,nan
7,87794.2,87794.2,87660.4,87672.7,7045.0,50.0,50.0,nan,0.0,nan,nan
8,87672.6,87704.8,87569.3,87664.0,6992.0,50.0,50.0,nan,0.0,nan,nan
9,87657.2,87718.7,87621.5,87639.1,4116.0,50.0,50.0,nan,0.0,nan,nan
10,87649.7,87726.9,87580.2,87580.2,5538.0,50.0,50.0,nan,0.0,nan,nan
11,87583.2,87604.9,87412.0,87430.1,7937.0,50.0,50.0,nan,0.0,nan,nan
12,87427.6,87504.4,87326.9,87504.4,28049.0,50.0,50.0,nan,0.0,nan,nan
13,87505.9,87647.8,87477.7,87600.8,5425.0,50.0,50.0,nan,0.0,nan,nan
14,87596.5,87649.2,87531.3,87564.6,5409.0,50.0,50.0,nan,0.0,nan,nan
15,87564.6,87669.2,87529.0,87648.0,5356.0,50.0,50.0,nan,0.0,nan,nan
16,87649.4,87731.5,87631.9,87721.9,8400.0,50.0,50.0,nan,0.0,nan,nan
17,87708.6,87759.6,87682.4,87759.6,6562.0,50.0,50.0,43.1967658996582,0.0,6.803234100341797,6.803234100341797
18,87750.7,87750.7,87519.8,87519.8,4150.0,50.0,50.0,47.883583068847656,0.0,2.1164169311523438,2.1164169311523438
19,87502.6,87590.1,87498.4,87562.6,3954.0,50.0,50.0,48.67444610595703,0.0,1.3255538940429688,1.3255538940429688
20,87566.9,87578.4,87328.7,87343.5,11941.0,50.0,50.0,39.53814697265625,0.0,10.46185302734375,10.46185302734375
21,87343.4,87344.0,87227.3,87256.3,12379.0,50.0,50.0,29.186647415161133,0.0,20.813352584838867,20.813352584838867
22,87252.7,87420.8,87252.7,87392.1,3767.0,50.0,50.0,18.77299690246582,0.0,31.22700309753418,31.22700309753418
23,87392.1,87404.4,87287.0,87371.4,6300.0,50.0,50.0,17.32367515563965,0.0,32.67632484436035,32.67632484436035
24,87372.5,87475.6,87339.6,87471.7,3668.0,50.0,50.0,23.043071746826172,0.0,26.956928253173828,26.956928253173828
25,87471.1,87484.4,87403.9,87439.2,2831.0,50.0,50.0,31.13573455810547,0.0,18.86426544189453,18.86426544189453
26,87436.2,87436.2,87315.9,87370.4,3545.0,50.0,50.0,36.59434127807617,0.0,13.405658721923828,13.405658721923828
27,87363.6,87377.7,87303.3,87303.3,4063.0,50.0,50.0,34.041404724121094,0.0,15.958595275878906,15.958595275878906
28,87303.2,87318.1,87204.0,87204.0,3420.0,50.0,50.0,26.082042694091797,0.0,23.917957305908203,23.917957305908203
29,87200.9,87280.4,87200.9,87257.5,3839.0,50.0,50.0,16.28216552734375,0.0,33.71783447265625,33.71783447265625
30,87263.5,87278.8,87211.2,87226.8,13526.0,50.0,50.0,8.926187515258789,0.0,41.07381248474121,41.07381248474121
31,87226.1,87258.0,87206.6,87206.6,2066.0,50.0,50.0,6.108711242675781,0.0,43.89128875732422,43.89128875732422
32,87205.6,87205.6,87154.6,87173.2,5683.0,50.0,50.0,4.501560688018799,0.0,45.4984393119812,45.4984393119812
33,87173.3,87298.7,87173.3,87286.8,7188.0,50.0,50.0,6.916600227355957,0.0,43.08339977264404,43.08339977264404
34,87283.7,87286.9,87182.4,87186.8,7126.0,50.0,50.0,10.185813903808594,0.0,39.814186096191406,39.814186096191406
35,87183.8,87183.8,87080.0,87080.0,7382.0,50.0,50.0,13.631500244140625,0.0,36.368499755859375,36.368499755859375
36,87080.0,87113.9,86878.6,86895.9,34739.0,50.0,50.0,10.977688789367676,0.0,39.022311210632324,39.022311210632324
37,86901.3,86939.1,86776.4,86781.0,17855.0,50.0,50.0,6.341978073120117,0.0,43.65802192687988,43.65802192687988
38,86790.1,86895.4,86767.0,86877.6,13092.0,50.0,50.0,3.893861770629883,0.0,46.10613822937012,46.10613822937012
39,86877.7,86894.4,86752.5,86799.2,5481.0,50.0,50.0,5.03613805770874,0.0,44.96386194229126,44.96386194229126
40,86806.7,86985.6,86797.5,86985.6,5524.0,50.0,50.0,11.261350631713867,0.0,38.73864936828613,38.73864936828613
41,86985.6,87091.2,86985.6,87037.7,6819.0,50.0,50.0,19.66330337524414,0.0,30.33669662475586,30.33669662475586
42,87042.2,87085.2,87006.2,87022.0,9574.0,50.0,50.0,32.34681701660156,0.0,17.653182983398438,17.653182983398438
43,87016.0,87059.1,86992.0,87055.7,4562.0,50.0,50.0,42.985076904296875,0.0,7.014923095703125,7.014923095703125
44,87037.1,87118.4,87034.5,87034.5,4385.0,50.0,50.0,49.86741256713867,0.0,0.13258743286132812,0.13258743286132812
45,87034.0,87079.4,86918.0,86918.1,5614.0,50.0,50.0,49.91290283203125,0.0,0.08709716796875,0.08709716796875
46,86922.3,86999.7,86852.1,86965.0,3934.0,50.0,50.0,46.088050842285156,0.0,3.9119491577148438,3.9119491577148438
47,86973.7,87026.1,86973.7,87022.1,3649.0,50.0,50.0,41.99831008911133,0.0,8.001689910888672,8.001689910888672
48,87024.4,87024.4,86888.0,86937.6,4724.0,50.0,50.0,41.42198181152344,0.0,8.578018188476562,8.578018188476562
49,86937.7,86946.2,86784.8,86834.6,8186.0,50.0,50.0,40.86115646362305,0.0,9.138843536376953,9.138843536376953
50,86834.1,86875.0,86816.4,86816.4,3229.0,50.0,50.0,36.766273498535156,0.0,13.233726501464844,13.233726501464844
51,86811.0,86811.0,86736.8,86747.7,8672.0,50.0,50.0,26.82048225402832,0.0,23.17951774597168,23.17951774597168
52,86747.7,86754.9,86632.4,86663.7,10621.0,50.0,50.0,16.926862716674805,0.0,33.073137283325195,33.073137283325195
53,86662.6,86733.1,86656.0,86711.6,5251.0,50.0,50.0,10.568756103515625,0.0,39.431243896484375,39.431243896484375
54,86713.4,86797.0,86694.8,86776.0,8816.0,50.0,50.0,11.627208709716797,0.0,38.3727912902832,38.3727912902832
55,86771.9,86843.4,86754.9,86843.1,8289.0,50.0,50.0,18.564586639404297,0.0,31.435413360595703,31.435413360595703
56,86839.4,86843.2,86788.6,86793.6,4040.0,50.0,50.0,27.50628662109375,0.0,22.49371337890625,22.49371337890625
57,86791.6,86810.2,86771.6,86771.6,1637.0,50.0,50.0,33.38191604614258,0.0,16.618083953857422,16.618083953857422
58,86771.7,86775.9,86561.1,86561.5,18764.0,50.0,50.0,30.347440719604492,0.0,19.652559280395508,19.652559280395508
59,86561.1,86653.2,86547.3,86632.5,11099.0,50.0,50.0,23.729984283447266,0.0,26.270015716552734,26.270015716552734
60,86623.2,86749.9,86578.5,86691.8,11360.0,50.0,50.0,17.383831024169922,0.0,32.61616897583008,32.61616897583008
61,86692.1,86807.3,86674.1,86777.2,4944.0,50.0,50.0,21.192001342773438,0.0,28.807998657226562,28.807998657226562
62,86777.1,86912.6,86772.8,86888.4,31143.0,50.0,50.0,34.232242584228516,0.0,15.767757415771484,15.767757415771484
63,86890.1,86910.7,86847.2,86877.6,6761.0,50.0,50.0,53.79503631591797,0.0,3.7950363159179688,3.7950363159179688
64,86880.8,86880.8,86707.1,86707.1,6576.0,50.0,50.0,67.51851654052734,0.0,17.518516540527344,17.518516540527344
65,86703.9,87030.3,86664.3,87004.3,7093.0,50.0,50.0,74.73017120361328,0.0,24.73017120361328,24.73017120361328
66,87003.4,87029.3,86934.7,86960.8,9135.0,50.0,50.0,74.71428680419922,0.0,24.71428680419922,24.71428680419922
67,86961.3,87031.1,86961.3,87016.8,6887.0,50.0,50.0,81.1139907836914,0.0,31.113990783691406,31.113990783691406
68,87018.6,87098.9,86982.8,87042.9,4779.0,50.0,50.0,85.97179412841797,0.0,35.97179412841797,35.97179412841797
69,87042.8,87089.4,86993.0,87040.7,3567.0,50.0,50.0,91.7904052734375,0.0,41.7904052734375,41.7904052734375
70,87052.8,87151.8,87042.7,87146.3,5135.0,50.0,50.0,91.91447448730469,0.0,41.91447448730469,41.91447448730469
71,87136.8,87202.0,87082.7,87141.6,9808.0,50.0,50.0,92.67144775390625,0.0,42.67144775390625,42.67144775390625
72,87141.5,87171.3,87077.6,87103.5,9815.0,50.0,50.0,92.50245666503906,0.0,42.50245666503906,42.50245666503906
73,87120.2,87156.4,87092.1,87139.0,6378.0,50.0,50.0,91.08443450927734,0.0,41.084434509277344,41.084434509277344
74,87127.1,87285.6,87127.1,87285.6,10418.0,50.0,50.0,90.58844757080078,0.0,40.58844757080078,40.58844757080078
75,87286.3,87347.0,87230.6,87262.4,6640.0,50.0,50.0,90.88664245605469,0.0,40.88664245605469,40.88664245605469
76,87267.2,87304.4,87227.4,87265.9,7803.0,50.0,50.0,92.00919342041016,0.0,42.009193420410156,42.009193420410156
77,87258.1,87397.0,87246.9,87381.6,5966.0,50.0,50.0,91.87319946289062,0.0,41.873199462890625,41.873199462890625
78,87379.2,87416.2,87350.2,87382.5,8104.0,50.0,50.0,92.32130432128906,0.0,42.32130432128906,42.32130432128906
79,87385.3,87385.3,87203.1,87206.5,8375.0,50.0,50.0,89.4474868774414,0.0,39.447486877441406,39.447486877441406
80,87197.9,87269.5,87184.0,87255.9,5466.0,50.0,50.0,83.12523651123047,0.0,33.12523651123047,33.12523651123047
81,87257.0,87259.1,87077.1,87085.8,11182.0,50.0,50.0,67.95162963867188,0.0,17.951629638671875,17.951629638671875
82,87078.5,87191.7,87067.9,87178.3,8493.0,50.0,50.0,54.890132904052734,0.0,4.890132904052734,4.890132904052734
83,87179.5,87211.0,87081.9,87101.3,4100.0,50.0,50.0,40.058006286621094,0.0,9.941993713378906,9.941993713378906
84,87101.5,87165.0,87084.1,87164.6,4103.0,50.0,50.0,33.64266586303711,0.0,16.35733413696289,16.35733413696289
85,87159.0,87263.8,87159.0,87263.8,7991.0,50.0,50.0,30.018728256225586,0.0,19.981271743774414,19.981271743774414
86,87263.8,87364.8,87257.3,87257.3,12821.0,50.0,50.0,36.14619827270508,0.0,13.853801727294922,13.853801727294922
87,87254.8,87272.0,87194.2,87201.1,4852.0,50.0,50.0,42.993736267089844,0.0,7.006263732910156,7.006263732910156
88,87196.9,87344.5,87196.1,87273.3,9019.0,50.0,50.0,48.75999069213867,0.0,1.2400093078613281,1.2400093078613281
89,87273.3,87299.0,87234.8,87282.5,4458.0,50.0,50.0,51.031410217285156,0.0,1.0314102172851562,1.0314102172851562
90,87282.4,87294.7,87186.6,87234.4,13604.0,50.0,50.0,53.200645446777344,0.0,3.2006454467773438,3.2006454467773438
91,87234.5,87344.6,87234.5,87254.1,5698.0,50.0,50.0,54.45448684692383,0.0,4.454486846923828,4.454486846923828
92,87254.0,87260.8,87090.8,87090.8,4446.0,50.0,50.0,48.86003112792969,0.0,1.1399688720703125,1.1399688720703125
93,87088.6,87156.5,87058.1,87150.2,4771.0,50.0,50.0,40.228641510009766,0.0,9.771358489990234,9.771358489990234
94,87146.9,87224.5,87120.0,87136.1,7039.0,50.0,50.0,29.095436096191406,0.0,20.904563903808594,20.904563903808594
95,87147.1,87212.5,87021.3,87200.3,6592.0,50.0,50.0,28.995004653930664,0.0,21.004995346069336,21.004995346069336
96,87208.9,87303.3,87188.9,87287.3,7835.0,50.0,50.0,36.13684844970703,0.0,13.863151550292969,13.863151550292969
97,87292.2,87397.9,87289.2,87386.0,6161.0,50.0,50.0,54.32709503173828,0.0,4.327095031738281,4.327095031738281
98,87393.5,87497.2,87393.5,87484.7,9223.0,50.0,50.0,72.55807495117188,0.0,22.558074951171875,22.558074951171875
99,87479.7,87499.9,87346.1,87346.1,5379.0,50.0,50.0,84.45787048339844,0.0,34.45787048339844,34.45787048339844
100,87346.2,87399.9,87346.2,87374.0,3442.0,50.0,50.0,85.85164642333984,0.0,35.851646423339844,35.851646423339844
101,87368.5,87480.9,87358.2,87448.0,4521.0,50.0,50.0,81.3031997680664,0.0,31.303199768066406,31.303199768066406
102,87444.3,87446.4,87365.9,87396.3,4579.0,50.0,50.0,78.98371887207031,0.0,28.983718872070312,28.983718872070312
103,87418.0,87425.2,87303.7,87303.7,4357.0,50.0,50.0,77.60401916503906,0.0,27.604019165039062,27.604019165039062
104,87298.5,87299.3,87195.9,87228.9,6647.0,50.0,50.0,72.05073547363281,0.0,22.050735473632812,22.050735473632812
105,87225.0,87274.1,87190.0,87274.1,6185.0,50.0,50.0,62.495262145996094,0.0,12.495262145996094,12.495262145996094
106,87269.8,87339.4,87262.9,87336.5,2842.0,50.0,50.0,55.33319091796875,0.0,5.33319091796875,5.33319091796875
107,87332.8,87389.0,87309.1,87343.0,3113.0,50.0,50.0,55.90669250488281,0.0,5.9066925048828125,5.9066925048828125
108,87343.0,87361.8,87296.6,87357.5,5787.0,50.0,50.0,61.25321578979492,0.0,11.253215789794922,11.253215789794922
109,87367.3,87367.3,87300.2,87324.3,2920.0,50.0,50.0,63.3580322265625,0.0,13.3580322265625,13.3580322265625
110,87324.1,87420.1,87299.5,87391.6,3281.0,50.0,50.0,62.57353210449219,0.0,12.573532104492188,12.573532104492188
111,87387.3,87426.6,87367.6,87367.6,3299.0,50.0,50.0,58.415382385253906,0.0,8.415382385253906,8.415382385253906
112,87370.5,87434.3,87366.8,87434.3,5919.0,50.0,50.0,60.6591796875,0.0,10.6591796875,10.6591796875
113,87441.1,87441.1,87327.1,87348.1,4270.0,50.0,50.0,61.95392990112305,0.0,11.953929901123047,11.953929901123047
114,87348.0,87402.0,87325.2,87387.7,2276.0,50.0,50.0,65.869873046875,0.0,15.869873046875,15.869873046875
115,87379.9,87435.9,87357.2,87418.0,3605.0,50.0,50.0,66.98558807373047,0.0,16.98558807373047,16.98558807373047
116,87412.0,87412.0,87284.7,87319.5,3262.0,50.0,50.0,68.98220825195312,0.0,18.982208251953125,18.982208251953125
117,87323.4,87333.8,87269.7,87269.7,3139.0,50.0,50.0,65.77050018310547,0.0,15.770500183105469,15.770500183105469
118,87268.0,87268.0,87192.3,87228.9,4089.0,50.0,50.0,53.27814483642578,0.0,3.2781448364257812,3.2781448364257812
119,87233.8,87283.9,87226.1,87283.9,1985.0,50.0,50.0,39.454742431640625,0.0,10.545257568359375,10.545257568359375
120,87283.9,87334.5,87282.3,87327.1,2113.0,50.0,50.0,32.149234771728516,0.0,17.850765228271484,17.850765228271484
121,87327.1,87342.2,87293.3,87342.2,2732.0,50.0,50.0,37.97622299194336,0.0,12.02377700805664,12.02377700805664
122,87346.3,87440.5,87267.0,87267.0,4450.0,50.0,50.0,44.68812942504883,0.0,5.311870574951172,5.311870574951172
123,87267.0,87291.5,87154.6,87233.4,12040.0,50.0,50.0,45.942569732666016,0.0,4.057430267333984,4.057430267333984
124,87229.9,87343.2,87223.0,87322.4,6250.0,50.0,50.0,42.036766052246094,0.0,7.963233947753906,7.963233947753906
125,87321.5,87395.6,87312.0,87383.6,3558.0,50.0,50.0,44.4306526184082,0.0,5.569347381591797,5.569347381591797
126,87388.6,87466.1,87370.7,87449.7,5254.0,50.0,50.0,57.25899124145508,0.0,7.258991241455078,7.258991241455078
127,87450.7,87466.7,87295.4,87343.6,16226.0,50.0,50.0,70.4953384399414,0.0,20.495338439941406,20.495338439941406
128,87356.8,87381.6,87285.9,87330.1,8568.0,50.0,50.0,75.55348205566406,0.0,25.553482055664062,25.553482055664062
129,87339.4,87339.4,87218.9,87218.9,4133.0,50.0,50.0,64.9041976928711,0.0,14.904197692871094,14.904197692871094
130,87202.4,87283.3,87168.3,87237.2,3723.0,50.0,50.0,50.245994567871094,0.0,0.24599456787109375,0.24599456787109375
131,87239.7,87262.3,87175.9,87235.0,3241.0,50.0,50.0,34.83524703979492,0.0,15.164752960205078,15.164752960205078
132,87247.9,87259.9,87183.5,87198.4,4240.0,50.0,50.0,26.931838989257812,0.0,23.068161010742188,23.068161010742188
133,87205.2,87233.0,87176.7,87185.5,1926.0,50.0,50.0,20.97563362121582,0.0,29.02436637878418,29.02436637878418
134,87182.6,87182.6,87080.3,87157.2,6053.0,50.0,50.0,17.75431251525879,0.0,32.24568748474121,32.24568748474121
135,87147.5,87234.0,87147.5,87233.0,3708.0,50.0,50.0,18.09457778930664,0.0,31.90542221069336,31.90542221069336
136,87229.2,87275.8,87143.6,87155.3,7892.0,50.0,50.0,21.332136154174805,0.0,28.667863845825195,28.667863845825195
137,87155.4,87198.1,87005.4,87017.6,15190.0,50.0,50.0,23.303003311157227,0.0,26.696996688842773,26.696996688842773
138,87018.5,87075.7,87005.2,87075.7,9681.0,50.0,50.0,19.748489379882812,0.0,30.251510620117188,30.251510620117188
139,87068.2,87068.2,86884.7,86918.4,9446.0,50.0,50.0,13.624024391174316,0.0,36.375975608825684,36.375975608825684
140,86923.9,86925.9,86830.4,86912.9,6178.0,50.0,50.0,10.563753128051758,0.0,39.43624687194824,39.43624687194824
141,86915.6,87056.8,86915.6,87049.1,8672.0,50.0,50.0,12.908332824707031,0.0,37.09166717529297,37.09166717529297
142,87049.1,87251.5,87049.1,87242.7,7613.0,50.0,50.0,25.123287200927734,0.0,24.876712799072266,24.876712799072266
143,87227.2,87331.2,87227.2,87306.4,14326.0,50.0,50.0,45.311729431152344,0.0,4.688270568847656,4.688270568847656
144,87306.3,87306.3,87113.3,87159.9,50306.0,50.0,50.0,65.6907958984375,0.0,15.6907958984375,15.6907958984375
145,87164.3,87203.0,87143.6,87181.7,14310.0,50.0,50.0,76.50672912597656,0.0,26.506729125976562,26.506729125976562
146,87183.5,87394.7,87183.5,87356.0,7122.0,50.0,50.0,77.99076080322266,0.0,27.990760803222656,27.990760803222656
147,87368.6,87397.5,87249.7,87268.0,3750.0,50.0,50.0,77.83631896972656,0.0,27.836318969726562,27.836318969726562
148,87266.5,87266.5,87183.7,87217.1,3825.0,50.0,50.0,78.67034912109375,0.0,28.67034912109375,28.67034912109375
149,87200.8,87325.8,87200.8,87286.3,5999.0,50.0,50.0,78.29938507080078,0.0,28.29938507080078,28.29938507080078
150,87278.5,87324.1,87270.8,87315.4,3828.0,50.0,50.0,77.59370422363281,0.0,27.593704223632812,27.593704223632812
151,87315.5,87327.8,87211.1,87211.1,2126.0,50.0,50.0,76.98809814453125,0.0,26.98809814453125,26.98809814453125
152,87207.4,87207.4,87079.5,87094.4,6031.0,50.0,50.0,74.03937530517578,0.0,24.03937530517578,24.03937530517578
153,87111.9,87161.5,87092.5,87128.8,4104.0,50.0,50.0,66.50594329833984,0.0,16.505943298339844,16.505943298339844
154,87116.6,87131.4,87081.3,87081.3,2055.0,50.0,50.0,55.451454162597656,0.0,5.451454162597656,5.451454162597656
155,87080.0,87080.0,86926.0,86933.7,4617.0,50.0,50.0,43.16582107543945,0.0,6.834178924560547,6.834178924560547
156,86946.5,87017.3,86910.8,87017.3,4854.0,50.0,50.0,31.121095657348633,0.0,18.878904342651367,18.878904342651367
157,87023.3,87069.6,86971.3,87004.0,3525.0,50.0,50.0,21.022319793701172,0.0,28.977680206298828,28.977680206298828
158,87004.9,87153.3,87004.9,87103.2,7838.0,50.0,50.0,20.125497817993164,0.0,29.874502182006836,29.874502182006836
159,87098.0,87153.9,87067.0,87098.1,2920.0,50.0,50.0,24.48853302001953,0.0,25.51146697998047,25.51146697998047
160,87101.9,87141.3,87089.1,87089.1,6354.0,50.0,50.0,32.48704147338867,0.0,17.512958526611328,17.512958526611328
161,87088.1,87152.0,87075.8,87148.2,2718.0,50.0,50.0,38.20783615112305,0.0,11.792163848876953,11.792163848876953
162,87148.2,87220.1,87142.5,87220.1,3075.0,50.0,50.0,46.04940414428711,0.0,3.9505958557128906,3.9505958557128906
163,87226.1,87260.8,87217.8,87243.1,2324.0,50.0,50.0,56.731956481933594,0.0,6.731956481933594,6.731956481933594
164,87250.2,87250.2,87197.9,87236.4,2364.0,50.0,50.0,67.83123779296875,0.0,17.83123779296875,17.83123779296875
165,87239.3,87340.2,87231.4,87340.1,3636.0,50.0,50.0,77.83197784423828,0.0,27.83197784423828,27.83197784423828
166,87331.3,87331.3,87163.4,87212.3,16197.0,50.0,50.0,81.99601745605469,0.0,31.996017456054688,31.996017456054688
167,87209.9,87275.8,87209.9,87275.7,6730.0,50.0,50.0,84.5764389038086,0.0,34.576438903808594,34.576438903808594
168,87266.9,87281.3,87238.0,87241.9,3204.0,50.0,50.0,81.74884796142578,0.0,31.74884796142578,31.74884796142578
169,87240.0,87266.2,87151.5,87151.5,3662.0,50.0,50.0,78.40101623535156,0.0,28.401016235351562,28.401016235351562
170,87144.2,87230.2,87144.2,87230.2,2223.0,50.0,50.0,72.6426773071289,0.0,22.642677307128906,22.642677307128906
171,87221.2,87257.5,87178.1,87211.1,3237.0,50.0,50.0,67.69100189208984,0.0,17.691001892089844,17.691001892089844
172,87215.6,87223.3,87083.0,87083.0,6893.0,50.0,50.0,58.7348747253418,0.0,8.734874725341797,8.734874725341797
173,87081.0,87085.5,86996.2,87006.1,7449.0,50.0,50.0,43.944576263427734,0.0,6.055423736572266,6.055423736572266
174,87003.5,87043.2,87003.5,87043.1,6087.0,50.0,50.0,25.570457458496094,0.0,24.429542541503906,24.429542541503906
175,87048.4,87072.2,87023.0,87055.9,3957.0,50.0,50.0,14.051368713378906,0.0,35.948631286621094,35.948631286621094
176,87062.6,87110.1,87036.0,87042.7,3693.0,50.0,50.0,11.19279670715332,0.0,38.80720329284668,38.80720329284668
177,87048.3,87113.2,87048.3,87113.2,3309.0,50.0,50.0,15.916707038879395,0.0,34.083292961120605,34.083292961120605
178,87113.2,87170.8,87084.3,87104.6,2723.0,50.0,50.0,20.936288833618164,0.0,29.063711166381836,29.063711166381836
179,87104.6,87104.6,87035.5,87052.0,4439.0,50.0,50.0,25.121835708618164,0.0,24.878164291381836,24.878164291381836
180,87046.0,87068.7,87030.2,87033.0,1778.0,50.0,50.0,24.698156356811523,0.0,25.301843643188477,25.301843643188477
181,87034.8,87046.3,87000.5,87004.0,2719.0,50.0,50.0,19.50400733947754,0.0,30.49599266052246,30.49599266052246
182,87001.9,87003.2,86893.3,86893.3,8052.0,50.0,50.0,12.111547470092773,0.0,37.88845252990723,37.88845252990723
183,86893.3,86991.3,86885.6,86970.4,5381.0,50.0,50.0,8.163402557373047,0.0,41.83659744262695,41.83659744262695
184,86976.8,86988.5,86935.2,86935.2,6084.0,50.0,50.0,8.59068775177002,0.0,41.40931224822998,41.40931224822998
185,86935.1,86936.0,86728.6,86737.0,15394.0,50.0,50.0,11.056732177734375,0.0,38.943267822265625,38.943267822265625
186,86737.0,86809.0,86600.0,86688.9,33820.0,50.0,50.0,11.620466232299805,0.0,38.379533767700195,38.379533767700195
187,86691.1,86839.5,86691.1,86833.1,5536.0,50.0,50.0,14.061753273010254,0.0,35.938246726989746,35.938246726989746
188,86830.6,86913.0,86830.6,86846.2,7789.0,50.0,50.0,20.918354034423828,0.0,29.081645965576172,29.081645965576172
189,86839.2,86842.7,86651.1,86659.8,12443.0,50.0,50.0,28.01142692565918,0.0,21.98857307434082,21.98857307434082
190,86672.6,86716.7,86653.2,86716.7,4318.0,50.0,50.0,29.7830753326416,0.0,20.2169246673584,20.2169246673584
191,86721.4,86721.4,86618.2,86643.8,3803.0,50.0,50.0,23.010746002197266,0.0,26.989253997802734,26.989253997802734
192,86646.7,86660.6,86403.9,86496.2,24834.0,50.0,50.0,17.104585647583008,0.0,32.89541435241699,32.89541435241699
193,86500.8,86584.7,86418.7,86453.0,17044.0,50.0,50.0,12.013144493103027,0.0,37.98685550689697,37.98685550689697
194,86455.9,86497.4,86401.9,86444.9,7346.0,50.0,50.0,10.75062084197998,0.0,39.24937915802002,39.24937915802002
195,86440.1,86555.3,86408.2,86526.5,4643.0,50.0,50.0,10.027164459228516,0.0,39.972835540771484,39.972835540771484
196,86526.5,86618.0,86492.5,86541.7,8116.0,50.0,50.0,12.569686889648438,0.0,37.43031311035156,37.43031311035156
197,86535.9,86535.9,86402.0,86402.1,4754.0,50.0,50.0,14.485740661621094,0.0,35.514259338378906,35.514259338378906
198,86410.8,86438.8,86176.2,86180.7,17726.0,50.0,50.0,13.326425552368164,0.0,36.673574447631836,36.673574447631836
199,86180.7,86411.4,86180.7,86403.0,18165.0,50.0,50.0,11.136837005615234,0.0,38.863162994384766,38.863162994384766
200,86403.7,86516.5,86308.2,86516.5,9042.0,50.0,50.0,14.812761306762695,0.0,35.187238693237305,35.187238693237305
201,86520.8,86776.4,86520.8,86756.3,28362.0,50.0,50.0,29.40748405456543,0.0,20.59251594543457,20.59251594543457
202,86747.8,86747.8,86580.5,86610.5,10924.0,50.0,50.0,47.03751754760742,0.0,2.962482452392578,2.962482452392578
203,86610.4,86780.8,86590.9,86748.0,15765.0,50.0,50.0,64.91622161865234,0.0,14.916221618652344,14.916221618652344
204,86748.0,86786.9,86667.8,86706.6,4021.0,50.0,50.0,75.01493835449219,0.0,25.014938354492188,25.014938354492188
205,86703.3,86798.4,86669.7,86731.1,5333.0,50.0,50.0,83.96297454833984,0.0,33.962974548339844,33.962974548339844
206,86722.3,86722.3,86635.2,86676.4,11247.0,50.0,50.0,85.9584732055664,0.0,35.958473205566406,35.958473205566406
207,86694.1,86698.7,86556.8,86579.7,4820.0,50.0,50.0,84.60726928710938,0.0,34.607269287109375,34.607269287109375
208,86571.2,86596.5,86552.1,86578.7,3897.0,50.0,50.0,77.86531829833984,0.0,27.865318298339844,27.865318298339844
209,86574.5,86660.9,86495.6,86495.6,9383.0,50.0,50.0,69.47064208984375,0.0,19.47064208984375,19.47064208984375
210,86495.8,86508.7,86253.3,86398.1,9546.0,50.0,50.0,60.27743911743164,0.0,10.27743911743164,10.27743911743164
211,86398.1,86542.0,86398.1,86528.6,8732.0,50.0,50.0,52.911048889160156,0.0,2.9110488891601562,2.9110488891601562
212,86531.9,86568.2,86352.6,86352.8,9250.0,50.0,50.0,46.1651496887207,0.0,3.834850311279297,3.834850311279297
213,86377.2,86444.9,86317.1,86433.1,8618.0,50.0,50.0,42.364688873291016,0.0,7.635311126708984,7.635311126708984
214,86428.1,86534.8,86383.7,86524.9,4693.0,50.0,50.0,38.70204544067383,0.0,11.297954559326172,11.297954559326172
215,86525.0,86670.4,86509.6,86589.1,7676.0,50.0,50.0,41.3968391418457,0.0,8.603160858154297,8.603160858154297
216,86578.0,86640.7,86530.3,86562.6,5424.0,50.0,50.0,47.02888870239258,0.0,2.971111297607422,2.971111297607422
217,86559.3,86609.8,86391.6,86395.6,13155.0,50.0,50.0,50.78229904174805,0.0,0.7822990417480469,0.7822990417480469
218,86404.0,86468.1,86379.2,86466.4,3063.0,50.0,50.0,48.28531265258789,0.0,1.7146873474121094,1.7146873474121094
219,86466.4,86488.8,86301.9,86347.8,9455.0,50.0,50.0,39.08272933959961,0.0,10.91727066040039,10.91727066040039
220,86357.6,86492.7,86353.3,86484.3,4486.0,50.0,50.0,35.377532958984375,0.0,14.622467041015625,14.622467041015625
221,86475.5,86483.5,86409.6,86432.5,7786.0,50.0,50.0,34.603458404541016,0.0,15.396541595458984,15.396541595458984
222,86432.5,86488.2,86357.0,86447.1,5794.0,50.0,50.0,40.81924057006836,0.0,9.18075942993164,9.18075942993164
223,86438.5,86438.5,86282.0,86331.4,7853.0,50.0,50.0,40.49117660522461,0.0,9.50882339477539,9.50882339477539
224,86328.9,86352.0,85852.6,85882.9,137327.0,50.0,50.0,35.37097930908203,0.0,14.629020690917969,14.629020690917969
225,85887.1,86099.9,85852.2,86006.9,21941.0,50.0,50.0,24.264881134033203,0.0,25.735118865966797,25.735118865966797
226,86007.0,86190.6,86007.0,86186.3,11137.0,50.0,50.0,19.2972412109375,0.0,30.7027587890625,30.7027587890625
227,86187.5,86250.8,86051.9,86138.2,10003.0,50.0,50.0,22.16398811340332,0.0,27.83601188659668,27.83601188659668
228,86153.7,86259.6,86135.6,86209.9,8193.0,50.0,50.0,30.849451065063477,0.0,19.150548934936523,19.150548934936523
229,86209.9,86234.3,86131.4,86162.9,4426.0,50.0,50.0,36.91959762573242,0.0,13.080402374267578,13.080402374267578
230,86167.4,86250.8,86140.2,86152.9,9285.0,50.0,50.0,40.043697357177734,0.0,9.956302642822266,9.956302642822266
231,86169.3,86169.3,85990.9,86043.0,9036.0,50.0,50.0,38.863399505615234,0.0,11.136600494384766,11.136600494384766
232,86033.5,86036.6,85656.5,85703.8,56064.0,50.0,50.0,34.09226608276367,0.0,15.907733917236328,15.907733917236328
233,85703.9,85852.2,85703.9,85767.8,27207.0,50.0,50.0,25.86370086669922,0.0,24.13629913330078,24.13629913330078
234,85762.0,85850.4,85727.8,85815.1,7963.0,50.0,50.0,17.991758346557617,0.0,32.00824165344238,32.00824165344238
235,85832.0,85832.0,85600.1,85702.0,20876.0,50.0,50.0,14.515902519226074,0.0,35.484097480773926,35.484097480773926
236,85701.9,85803.3,85600.1,85627.9,31337.0,50.0,50.0,12.860794067382812,0.0,37.13920593261719,37.13920593261719
237,85624.6,85683.4,85558.8,85574.3,29383.0,50.0,50.0,10.495003700256348,0.0,39.50499629974365,39.50499629974365
238,85574.0,85631.1,85473.9,85502.9,21038.0,50.0,50.0,6.618061065673828,0.0,43.38193893432617,43.38193893432617
239,85529.6,85593.1,85345.5,85439.8,37207.0,50.0,50.0,4.6294121742248535,0.0,45.37058782577515,45.37058782577515
240,85439.7,85659.3,85427.1,85647.1,10836.0,50.0,50.0,7.991386413574219,0.0,42.00861358642578,42.00861358642578
241,85625.5,85680.6,85510.3,85680.6,6731.0,50.0,50.0,15.881240844726562,0.0,34.11875915527344,34.11875915527344
242,85680.5,85680.9,85575.1,85613.4,6608.0,50.0,50.0,25.13511848449707,0.0,24.86488151550293,24.86488151550293
243,85626.1,85699.9,85549.1,85575.0,10137.0,50.0,50.0,30.090805053710938,0.0,19.909194946289062,19.909194946289062
244,85598.0,85715.5,85572.4,85672.9,7328.0,50.0,50.0,31.72597312927246,0.0,18.27402687072754,18.27402687072754
245,85673.0,85999.4,85673.0,85932.5,15574.0,50.0,50.0,37.36869812011719,0.0,12.631301879882812,12.631301879882812
246,85934.9,86054.4,85926.3,85992.9,11959.0,50.0,50.0,51.19112014770508,0.0,1.1911201477050781,1.1911201477050781
247,86000.8,86040.4,85902.2,85936.9,8689.0,50.0,50.0,69.52452850341797,0.0,19.52452850341797,19.52452850341797
248,85937.8,86035.6,85926.0,86014.1,10299.0,50.0,50.0,82.75061798095703,0.0,32.75061798095703,32.75061798095703
249,86025.2,86025.2,85833.7,85839.4,5731.0,50.0,50.0,86.24037170410156,0.0,36.24037170410156,36.24037170410156
250,85839.5,85941.5,85839.4,85930.4,4302.0,50.0,50.0,84.77464294433594,0.0,34.77464294433594,34.77464294433594
251,85921.9,85930.2,85830.6,85879.7,6486.0,50.0,50.0,80.16031646728516,0.0,30.160316467285156,30.160316467285156
252,85896.6,85930.0,85835.3,85912.9,4643.0,50.0,50.0,79.10392761230469,0.0,29.103927612304688,29.103927612304688
253,85912.0,85912.0,85813.0,85827.0,2945.0,50.0,50.0,76.06513214111328,0.0,26.06513214111328,26.06513214111328
254,85829.2,85829.2,85720.1,85774.1,4394.0,50.0,50.0,72.14704895019531,0.0,22.147048950195312,22.147048950195312
255,85783.3,85943.9,85783.3,85942.9,5970.0,50.0,50.0,66.84297943115234,0.0,16.842979431152344,16.842979431152344
256,85925.4,85974.4,85701.9,85718.3,10857.0,50.0,50.0,60.26040267944336,0.0,10.26040267944336,10.26040267944336
257,85718.3,85718.7,85533.6,85565.1,10773.0,50.0,50.0,51.94853210449219,0.0,1.9485321044921875,1.9485321044921875
258,85565.1,85646.5,85544.6,85624.6,4371.0,50.0,50.0,37.15278625488281,0.0,12.847213745117188,12.847213745117188
259,85624.7,85642.1,85466.0,85526.5,10898.0,50.0,50.0,23.14181137084961,0.0,26.85818862915039,26.85818862915039
260,85510.1,85640.6,85480.2,85621.2,6778.0,50.0,50.0,16.17613983154297,0.0,33.82386016845703,33.82386016845703
261,85621.2,85773.2,85621.2,85727.2,7407.0,50.0,50.0,19.08207893371582,0.0,30.91792106628418,30.91792106628418
262,85729.2,85785.5,85703.8,85785.5,9769.0,50.0,50.0,29.771896362304688,0.0,20.228103637695312,20.228103637695312
263,85785.6,85804.4,85650.4,85658.2,8415.0,50.0,50.0,39.32991409301758,0.0,10.670085906982422,10.670085906982422
264,85657.3,85657.3,85495.8,85533.1,4775.0,50.0,50.0,42.10543441772461,0.0,7.894565582275391,7.894565582275391
265,85534.1,85579.5,85432.9,85462.1,9237.0,50.0,50.0,33.92599868774414,0.0,16.07400131225586,16.07400131225586
266,85469.8,85567.3,85445.9,85535.4,10767.0,50.0,50.0,22.450761795043945,0.0,27.549238204956055,27.549238204956055
267,85533.0,85579.6,85487.1,85487.2,2838.0,50.0,50.0,14.252025604248047,0.0,35.74797439575195,35.74797439575195
268,85481.1,85625.0,85474.8,85612.1,6635.0,50.0,50.0,14.880255699157715,0.0,35.119744300842285,35.119744300842285
269,85604.5,85711.2,85604.5,85687.9,6297.0,50.0,50.0,20.735065460205078,0.0,29.264934539794922,29.264934539794922
270,85687.5,85792.8,85609.7,85792.8,6186.0,50.0,50.0,36.591941833496094,0.0,13.408058166503906,13.408058166503906
271,85800.0,85853.5,85674.6,85701.6,7363.0,50.0,50.0,52.792236328125,0.0,2.792236328125,2.792236328125
272,85704.4,85796.4,85675.8,85759.0,4660.0,50.0,50.0,69.24566650390625,0.0,19.24566650390625,19.24566650390625
273,85759.1,85772.3,85654.9,85654.9,4528.0,50.0,50.0,71.1497573852539,0.0,21.149757385253906,21.149757385253906
274,85663.4,85663.4,85579.3,85613.0,4202.0,50.0,50.0,67.29195404052734,0.0,17.291954040527344,17.291954040527344
275,85617.9,85650.0,85577.4,85630.5,2748.0,50.0,50.0,56.65723419189453,0.0,6.657234191894531,6.657234191894531
276,85642.8,85944.7,85642.2,85944.6,6701.0,50.0,50.0,56.16631317138672,0.0,6.166313171386719,6.166313171386719
277,85933.7,85994.8,85778.8,85800.3,9326.0,50.0,50.0,60.52323913574219,0.0,10.523239135742188,10.523239135742188
278,85794.2,85898.8,85778.1,85867.2,8023.0,50.0,50.0,71.64273834228516,0.0,21.642738342285156,21.642738342285156
279,85855.5,85914.1,85800.5,85871.9,6588.0,50.0,50.0,75.0323715209961,0.0,25.032371520996094,25.032371520996094
280,85866.2,86031.3,85852.7,85988.0,11707.0,50.0,50.0,78.8963851928711,0.0,28.896385192871094,28.896385192871094
281,85988.0,86090.0,85977.8,86068.3,5521.0,50.0,50.0,81.52352142333984,0.0,31.523521423339844,31.523521423339844
282,86062.7,86078.8,86009.1,86047.9,4429.0,50.0,50.0,88.21142578125,0.0,38.21142578125,38.21142578125
283,86058.4,86129.3,86037.8,86071.8,4974.0,50.0,50.0,91.62454986572266,0.0,41.624549865722656,41.624549865722656
284,86067.5,86108.6,86045.0,86058.0,3915.0,50.0,50.0,91.8631820678711,0.0,41.863182067871094,41.863182067871094
285,86058.0,86125.1,86053.1,86063.0,4532.0,50.0,50.0,90.10448455810547,0.0,40.10448455810547,40.10448455810547
286,86062.2,86062.2,85998.7,85998.7,2655.0,50.0,50.0,87.1673812866211,0.0,37.167381286621094,37.167381286621094
287,85999.1,86071.6,85999.0,86045.6,4464.0,50.0,50.0,85.0240707397461,0.0,35.024070739746094,35.024070739746094
288,86053.5,86057.0,85921.6,85951.1,5981.0,50.0,50.0,81.05010223388672,0.0,31.05010223388672,31.05010223388672
289,85957.7,85994.0,85936.4,85974.5,3532.0,50.0,50.0,77.64579772949219,0.0,27.645797729492188,27.645797729492188
290,85967.0,85997.2,85936.1,85997.2,6763.0,50.0,50.0,71.9969253540039,0.0,21.996925354003906,21.996925354003906
291,85997.2,86001.5,85941.1,85958.6,3057.0,50.0,50.0,66.78791046142578,0.0,16.78791046142578,16.78791046142578
292,85971.0,86022.3,85971.0,85995.9,4989.0,50.0,50.0,61.503910064697266,0.0,11.503910064697266,11.503910064697266
293,85983.3,85996.5,85935.9,85962.2,5489.0,50.0,50.0,56.180908203125,0.0,6.180908203125,6.180908203125
294,85966.3,85986.7,85891.4,85922.4,8574.0,50.0,50.0,48.408042907714844,0.0,1.5919570922851562,1.5919570922851562
295,85918.2,85984.1,85918.2,85975.6,6319.0,50.0,50.0,38.941654205322266,0.0,11.058345794677734,11.058345794677734
296,85962.7,85986.5,85945.6,85961.5,4096.0,50.0,50.0,30.883808135986328,0.0,19.116191864013672,19.116191864013672
297,85962.6,86028.1,85961.3,86020.9,4533.0,50.0,50.0,31.797800064086914,0.0,18.202199935913086,18.202199935913086
298,86019.2,86020.8,85968.5,85968.5,2496.0,50.0,50.0,35.11517333984375,0.0,14.88482666015625,14.88482666015625
299,85964.2,85964.2,85817.3,85832.3,3535.0,50.0,50.0,36.93844985961914,0.0,13.06155014038086,13.06155014038086
300,85817.3,85865.2,85798.6,85861.3,10066.0,50.0,50.0,30.447477340698242,0.0,19.552522659301758,19.552522659301758
301,85863.3,85863.3,85794.8,85802.0,9386.0,50.0,50.0,20.86308479309082,0.0,29.13691520690918,29.13691520690918
302,85800.1,85864.7,85765.8,85810.0,5590.0,50.0,50.0,15.114465713500977,0.0,34.88553428649902,34.88553428649902
303,85810.1,85859.5,85810.1,85828.0,3362.0,50.0,50.0,13.054250717163086,0.0,36.945749282836914,36.945749282836914
304,85822.3,85860.8,85822.1,85831.6,5387.0,50.0,50.0,16.836706161499023,0.0,33.16329383850098,33.16329383850098
305,85822.8,85888.9,85697.6,85697.6,6473.0,50.0,50.0,17.529695510864258,0.0,32.47030448913574,32.47030448913574
306,85695.3,85766.4,85656.3,85766.1,10213.0,50.0,50.0,18.78602409362793,0.0,31.21397590637207,31.21397590637207
307,85766.5,85852.0,85671.8,85693.6,3404.0,50.0,50.0,15.887500762939453,0.0,34.11249923706055,34.11249923706055
308,85702.2,85723.8,85620.9,85622.9,5585.0,50.0,50.0,14.915975570678711,0.0,35.08402442932129,35.08402442932129
309,85644.7,85647.0,85622.9,85623.0,3111.0,50.0,50.0,10.073824882507324,0.0,39.926175117492676,39.926175117492676
310,85631.0,85665.0,85631.0,85636.9,4084.0,50.0,50.0,6.226068496704102,0.0,43.7739315032959,43.7739315032959
311,85636.1,85707.5,85636.1,85703.2,4418.0,50.0,50.0,4.555988311767578,0.0,45.44401168823242,45.44401168823242
312,85707.8,85771.7,85707.8,85711.1,2704.0,50.0,50.0,8.972090721130371,0.0,41.02790927886963,41.02790927886963
313,85711.1,85769.9,85687.0,85752.4,4256.0,50.0,50.0,19.081758499145508,0.0,30.918241500854492,30.918241500854492
314,85748.2,85823.4,85698.3,85698.3,4213.0,50.0,50.0,27.88124656677246,0.0,22.11875343322754,22.11875343322754
315,85698.2,85706.7,85631.2,85631.2,4632.0,50.0,50.0,31.326427459716797,0.0,18.673572540283203,18.673572540283203
316,85632.3,85754.7,85625.5,85739.9,3221.0,50.0,50.0,29.238040924072266,0.0,20.761959075927734,20.761959075927734
317,85747.2,85816.0,85691.2,85715.2,4803.0,50.0,50.0,26.928508758544922,0.0,23.071491241455078,23.071491241455078
318,85722.2,85737.1,85632.0,85659.7,3118.0,50.0,50.0,28.292781829833984,0.0,21.707218170166016,21.707218170166016
319,85661.6,85687.8,85644.3,85668.9,5380.0,50.0,50.0,27.54941749572754,0.0,22.45058250427246,22.45058250427246
320,85664.7,85768.7,85664.7,85768.7,3704.0,50.0,50.0,29.301607131958008,0.0,20.698392868041992,20.698392868041992
321,85775.8,85825.9,85674.0,85674.0,4334.0,50.0,50.0,31.141521453857422,0.0,18.858478546142578,18.858478546142578
322,85661.1,85722.1,85629.1,85722.1,3253.0,50.0,50.0,38.72936248779297,0.0,11.270637512207031,11.270637512207031
323,85718.0,85751.9,85661.0,85667.1,3712.0,50.0,50.0,38.321041107177734,0.0,11.678958892822266,11.678958892822266
324,85667.1,85696.1,85603.6,85696.1,4164.0,50.0,50.0,38.38871765136719,0.0,11.611282348632812,11.611282348632812
325,85682.4,85804.0,85669.9,85767.0,16307.0,50.0,50.0,38.07168960571289,0.0,11.92831039428711,11.92831039428711
326,85759.8,85850.0,85747.8,85850.0,3203.0,50.0,50.0,51.35885238647461,0.0,1.3588523864746094,1.3588523864746094
327,85854.0,85901.0,85835.9,85835.9,3468.0,50.0,50.0,66.95610046386719,0.0,16.956100463867188,16.956100463867188
328,85832.3,85889.4,85832.3,85889.4,4198.0,50.0,50.0,82.32649993896484,0.0,32.326499938964844,32.326499938964844
329,85890.3,85902.1,85825.9,85852.1,3332.0,50.0,50.0,87.03123474121094,0.0,37.03123474121094,37.03123474121094
330,85852.1,85930.9,85852.1,85878.5,3155.0,50.0,50.0,88.33399200439453,0.0,38.33399200439453,38.33399200439453
331,85874.2,85874.2,85692.2,85700.0,4425.0,50.0,50.0,79.72115325927734,0.0,29.721153259277344,29.721153259277344
332,85699.9,85699.9,85474.5,85474.5,8504.0,50.0,50.0,63.71950912475586,0.0,13.71950912475586,13.71950912475586
333,85473.9,85526.3,85420.3,85486.2,9694.0,50.0,50.0,39.16632843017578,0.0,10.833671569824219,10.833671569824219
334,85501.5,85604.9,85480.8,85572.9,10546.0,50.0,50.0,22.066457748413086,0.0,27.933542251586914,27.933542251586914
335,85568.5,85583.0,85450.0,85493.9,6985.0,50.0,50.0,15.818170547485352,0.0,34.18182945251465,34.18182945251465
336,85489.0,85582.8,85474.2,85555.8,32121.0,50.0,50.0,18.98240852355957,0.0,31.01759147644043,31.01759147644043
337,85555.7,85555.7,85450.0,85476.3,4223.0,50.0,50.0,19.996328353881836,0.0,30.003671646118164,30.003671646118164
338,85480.4,85523.9,85469.1,85472.7,7586.0,50.0,50.0,18.9473876953125,0.0,31.0526123046875,31.0526123046875
339,85469.1,85523.7,85427.6,85442.0,8565.0,50.0,50.0,13.907716751098633,0.0,36.09228324890137,36.09228324890137
340,85442.0,85567.2,85442.0,85514.8,5399.0,50.0,50.0,11.807967185974121,0.0,38.19203281402588,38.19203281402588
341,85512.3,85561.3,85399.6,85561.3,6553.0,50.0,50.0,12.410606384277344,0.0,37.589393615722656,37.589393615722656
342,85553.0,85729.4,85524.2,85654.8,5704.0,50.0,50.0,20.354228973388672,0.0,29.645771026611328,29.645771026611328
343,85654.9,85931.1,85654.9,85913.5,16924.0,50.0,50.0,36.14680862426758,0.0,13.853191375732422,13.853191375732422
344,85914.5,86012.0,85878.8,85878.8,10279.0,50.0,50.0,55.010990142822266,0.0,5.010990142822266,5.010990142822266
345,85883.0,85996.5,85883.0,85948.5,6728.0,50.0,50.0,73.6325454711914,0.0,23.632545471191406,23.632545471191406
346,85950.9,85979.7,85879.3,85879.3,3159.0,50.0,50.0,81.5276107788086,0.0,31.527610778808594,31.527610778808594
347,85875.2,85875.2,85723.7,85741.6,6791.0,50.0,50.0,81.62068939208984,0.0,31.620689392089844,31.620689392089844
348,85745.6,85828.9,85745.6,85783.2,3525.0,50.0,50.0,74.09264373779297,0.0,24.09264373779297,24.09264373779297
349,85762.6,85807.2,85753.7,85778.3,2848.0,50.0,50.0,66.77184295654297,0.0,16.77184295654297,16.77184295654297
350,85768.1,85816.5,85768.1,85816.5,4345.0,50.0,50.0,63.29918670654297,0.0,13.299186706542969,13.299186706542969
351,85816.6,85888.1,85804.1,85871.0,3167.0,50.0,50.0,64.41856384277344,0.0,14.418563842773438,14.418563842773438
352,85863.5,85912.7,85846.6,85887.0,7238.0,50.0,50.0,69.34270477294922,0.0,19.34270477294922,19.34270477294922
353,85889.3,85957.3,85854.7,85957.3,2948.0,50.0,50.0,75.46248626708984,0.0,25.462486267089844,25.462486267089844
354,85957.2,86040.2,85954.5,86032.3,5187.0,50.0,50.0,82.41043090820312,0.0,32.410430908203125,32.410430908203125
355,86032.3,86077.6,86003.0,86058.2,4787.0,50.0,50.0,89.26457214355469,0.0,39.26457214355469,39.26457214355469
356,86056.2,86121.1,86056.1,86056.2,4706.0,50.0,50.0,93.00993347167969,0.0,43.00993347167969,43.00993347167969
357,86067.6,86115.4,86056.1,86056.1,3744.0,50.0,50.0,92.6539306640625,0.0,42.6539306640625,42.6539306640625
358,86056.0,86056.0,85994.5,86026.6,2311.0,50.0,50.0,88.16675567626953,0.0,38.16675567626953,38.16675567626953
359,86026.5,86060.7,86012.3,86059.4,3384.0,50.0,50.0,84.05535125732422,0.0,34.05535125732422,34.05535125732422
360,86052.5,86089.3,86026.7,86087.3,3147.0,50.0,50.0,82.49639892578125,0.0,32.49639892578125,32.49639892578125
361,86087.2,86164.4,86012.3,86022.5,4912.0,50.0,50.0,82.06761932373047,0.0,32.06761932373047,32.06761932373047
362,86015.4,86086.4,85968.9,86082.1,4110.0,50.0,50.0,81.31600952148438,0.0,31.316009521484375,31.316009521484375
363,86062.7,86078.7,86027.4,86062.1,2589.0,50.0,50.0,77.76921844482422,0.0,27.76921844482422,27.76921844482422
364,86068.1,86117.8,86020.7,86040.4,3568.0,50.0,50.0,75.2856674194336,0.0,25.285667419433594,25.285667419433594
365,86040.5,86048.8,85957.1,85980.7,3070.0,50.0,50.0,69.10736846923828,0.0,19.10736846923828,19.10736846923828
366,85978.0,86169.3,85967.8,86135.8,4361.0,50.0,50.0,66.5369873046875,0.0,16.5369873046875,16.5369873046875
367,86135.8,86248.1,86031.1,86060.6,6480.0,50.0,50.0,60.754119873046875,0.0,10.754119873046875,10.754119873046875
368,86056.3,86067.4,86014.9,86014.9,2417.0,50.0,50.0,56.68553924560547,0.0,6.685539245605469,6.685539245605469
369,86010.6,86130.3,86010.6,86121.1,5066.0,50.0,50.0,47.26601028442383,0.0,2.733989715576172,2.733989715576172
370,86116.7,86126.7,86075.7,86095.0,4595.0,50.0,50.0,42.36824417114258,0.0,7.631755828857422,7.631755828857422
371,86092.5,86129.6,86060.8,86069.6,2470.0,50.0,50.0,42.040931701660156,0.0,7.959068298339844,7.959068298339844
372,86075.4,86081.5,86056.1,86062.0,5649.0,50.0,50.0,43.12297058105469,0.0,6.8770294189453125,6.8770294189453125
373,86056.0,86119.4,86048.2,86119.4,3238.0,50.0,50.0,43.88662338256836,0.0,6.113376617431641,6.113376617431641
374,86128.0,86220.8,86122.8,86216.6,5249.0,50.0,50.0,48.174400329589844,0.0,1.8255996704101562,1.8255996704101562
375,86204.5,86322.9,86183.2,86192.3,9061.0,50.0,50.0,57.85761260986328,0.0,7.857612609863281,7.857612609863281
376,86192.2,86192.2,86142.7,86170.0,2753.0,50.0,50.0,66.87914276123047,0.0,16.87914276123047,16.87914276123047
377,86182.3,86340.0,86182.3,86301.2,7937.0,50.0,50.0,70.36476135253906,0.0,20.364761352539062,20.364761352539062
378,86305.9,86338.2,86290.0,86290.0,3039.0,50.0,50.0,73.22770690917969,0.0,23.227706909179688,23.227706909179688
379,86286.2,86309.2,86236.0,86258.9,5341.0,50.0,50.0,78.04397583007812,0.0,28.043975830078125,28.043975830078125
380,86257.3,86338.3,86244.4,86303.6,3256.0,50.0,50.0,82.6813735961914,0.0,32.681373596191406,32.681373596191406
381,86303.6,86309.6,86250.7,86302.4,2599.0,50.0,50.0,84.9852294921875,0.0,34.9852294921875,34.9852294921875
382,86303.6,86344.9,86277.8,86340.4,4060.0,50.0,50.0,87.33734130859375,0.0,37.33734130859375,37.33734130859375
383,86338.3,86344.8,86258.4,86286.1,3108.0,50.0,50.0,88.8172607421875,0.0,38.8172607421875,38.8172607421875
384,86286.4,86309.7,86252.1,86309.7,2156.0,50.0,50.0,90.0649185180664,0.0,40.064918518066406,40.064918518066406
385,86314.0,86344.9,86299.6,86344.9,3074.0,50.0,50.0,89.19065856933594,0.0,39.19065856933594,39.19065856933594
386,86344.8,86344.8,86286.7,86324.9,5096.0,50.0,50.0,90.74346160888672,0.0,40.74346160888672,40.74346160888672
387,86334.8,86338.0,86254.7,86263.5,5631.0,50.0,50.0,89.59186553955078,0.0,39.59186553955078,39.59186553955078
388,86267.7,86292.5,86240.0,86256.2,2701.0,50.0,50.0,83.41669464111328,0.0,33.41669464111328,33.41669464111328
389,86254.1,86254.1,86193.9,86207.5,2405.0,50.0,50.0,68.98721313476562,0.0,18.987213134765625,18.987213134765625
390,86207.6,86266.1,86207.6,86266.1,6706.0,50.0,50.0,55.99949645996094,0.0,5.9994964599609375,5.9994964599609375
391,86267.1,86301.8,86220.0,86237.4,3000.0,50.0,50.0,44.849586486816406,0.0,5.150413513183594,5.150413513183594
392,86238.3,86307.1,86219.1,86219.1,4243.0,50.0,50.0,38.79484558105469,0.0,11.205154418945312,11.205154418945312
393,86217.2,86256.4,86160.5,86238.5,3859.0,50.0,50.0,33.02573776245117,0.0,16.974262237548828,16.974262237548828
394,86242.7,86250.0,86205.0,86214.2,3779.0,50.0,50.0,30.327896118164062,0.0,19.672103881835938,19.672103881835938
395,86205.6,86205.6,86062.1,86062.1,8078.0,50.0,50.0,27.481725692749023,0.0,22.518274307250977,22.518274307250977
396,86062.1,86067.8,86017.3,86036.8,5860.0,50.0,50.0,21.623647689819336,0.0,28.376352310180664,28.376352310180664
397,86033.7,86033.7,85869.9,85932.9,9270.0,50.0,50.0,13.968267440795898,0.0,36.0317325592041,36.0317325592041
398,85932.5,85949.1,85905.2,85905.2,2510.0,50.0,50.0,8.993261337280273,0.0,41.00673866271973,41.00673866271973
399,85902.4,85918.0,85846.1,85853.2,5250.0,50.0,50.0,7.553704261779785,0.0,42.446295738220215,42.446295738220215
400,85864.9,85889.3,85829.6,85867.5,2686.0,50.0,50.0,7.230988502502441,0.0,42.76901149749756,42.76901149749756
401,85855.7,85940.4,85855.7,85928.9,6484.0,50.0,50.0,7.567164897918701,0.0,42.4328351020813,42.4328351020813
402,85926.0,85937.7,85894.7,85927.0,2066.0,50.0,50.0,10.514659881591797,0.0,39.4853401184082,39.4853401184082
403,85928.6,86085.2,85894.1,86085.2,17823.0,50.0,50.0,19.226970672607422,0.0,30.773029327392578,30.773029327392578
404,86085.1,86225.3,86025.6,86058.2,69246.0,50.0,50.0,29.463382720947266,0.0,20.536617279052734,20.536617279052734
405,86058.2,86058.2,85965.0,85970.3,4219.0,50.0,50.0,38.59911346435547,0.0,11.400886535644531,11.400886535644531
406,85969.8,86053.8,85968.7,86053.8,2784.0,50.0,50.0,42.50439453125,0.0,7.49560546875,7.49560546875
407,86054.0,86116.5,86018.3,86113.2,1520.0,50.0,50.0,45.57701110839844,0.0,4.4229888916015625,4.4229888916015625
408,86112.1,86142.0,86038.7,86071.7,3330.0,50.0,50.0,51.16645431518555,0.0,1.1664543151855469,1.1664543151855469
409,86071.6,86087.8,86033.8,86065.8,3745.0,50.0,50.0,57.662654876708984,0.0,7.662654876708984,7.662654876708984
410,86070.7,86154.0,86070.7,86154.0,2658.0,50.0,50.0,63.59621047973633,0.0,13.596210479736328,13.596210479736328
411,86158.8,86187.3,86136.3,86136.3,1825.0,50.0,50.0,67.81924438476562,0.0,17.819244384765625,17.819244384765625
412,86136.1,86157.2,86093.9,86127.3,2414.0,50.0,50.0,72.97347259521484,0.0,22.973472595214844,22.973472595214844
413,86123.1,86146.9,86092.1,86096.5,2241.0,50.0,50.0,74.89958190917969,0.0,24.899581909179688,24.899581909179688
414,86107.5,86107.5,86049.8,86084.9,3268.0,50.0,50.0,73.29021453857422,0.0,23.29021453857422,23.29021453857422
415,86070.8,86144.4,86070.8,86139.5,1926.0,50.0,50.0,69.82740783691406,0.0,19.827407836914062,19.827407836914062
416,86139.4,86208.2,86112.7,86112.7,2857.0,50.0,50.0,67.8184585571289,0.0,17.818458557128906,17.818458557128906
417,86129.9,86198.7,86124.3,86198.7,2111.0,50.0,50.0,70.61681365966797,0.0,20.61681365966797,20.61681365966797
418,86200.0,86219.3,86138.3,86138.3,2441.0,50.0,50.0,72.88087463378906,0.0,22.880874633789062,22.880874633789062
419,86135.0,86216.6,86133.7,86188.1,3033.0,50.0,50.0,77.6998519897461,0.0,27.699851989746094,27.699851989746094
420,86192.4,86234.1,86161.2,86211.7,3270.0,50.0,50.0,79.4151840209961,0.0,29.415184020996094,29.415184020996094
421,86211.6,86254.0,86118.7,86118.7,3784.0,50.0,50.0,78.50362396240234,0.0,28.503623962402344,28.503623962402344
422,86120.6,86120.6,85981.3,86023.5,3653.0,50.0,50.0,67.18949127197266,0.0,17.189491271972656,17.189491271972656
423,86038.5,86096.8,86002.0,86002.0,4179.0,50.0,50.0,46.77903747558594,0.0,3.2209625244140625,3.2209625244140625
424,85999.1,86081.7,85999.1,86061.1,2863.0,50.0,50.0,28.623640060424805,0.0,21.376359939575195,21.376359939575195
425,86060.1,86084.1,86005.2,86012.3,3312.0,50.0,50.0,18.020177841186523,0.0,31.979822158813477,31.979822158813477
426,86012.4,86124.6,85990.8,86002.0,5335.0,50.0,50.0,16.531064987182617,0.0,33.46893501281738,33.46893501281738
427,85997.7,86007.1,85951.4,85959.4,2851.0,50.0,50.0,13.116759300231934,0.0,36.883240699768066,36.883240699768066
428,85959.3,85959.3,85800.9,85849.9,5078.0,50.0,50.0,10.097437858581543,0.0,39.90256214141846,39.90256214141846
429,85857.6,85951.9,85857.6,85947.3,1962.0,50.0,50.0,9.824614524841309,0.0,40.17538547515869,40.17538547515869
430,85956.3,86015.1,85938.5,85938.6,5221.0,50.0,50.0,15.59268569946289,0.0,34.40731430053711,34.40731430053711
431,85932.1,85932.1,85836.9,85881.4,6432.0,50.0,50.0,22.194690704345703,0.0,27.805309295654297,27.805309295654297
432,85891.7,86089.3,85891.7,85985.1,7549.0,50.0,50.0,26.977256774902344,0.0,23.022743225097656,23.022743225097656
433,85991.3,86020.3,85972.0,85972.0,3266.0,50.0,50.0,29.495779037475586,0.0,20.504220962524414,20.504220962524414
434,85966.9,85993.7,85933.9,85973.8,3496.0,50.0,50.0,33.50767135620117,0.0,16.492328643798828,16.492328643798828
435,85961.0,85970.4,85883.3,85888.5,3662.0,50.0,50.0,35.08233642578125,0.0,14.91766357421875,14.91766357421875
436,85888.0,85888.0,85852.1,85869.9,2574.0,50.0,50.0,34.0106086730957,0.0,15.989391326904297,15.989391326904297
437,85861.3,85874.5,85800.0,85845.3,2784.0,50.0,50.0,27.983694076538086,0.0,22.016305923461914,22.016305923461914
438,85850.4,85866.5,85758.0,85774.0,10196.0,50.0,50.0,20.944957733154297,0.0,29.055042266845703,29.055042266845703
439,85770.5,85770.5,85695.5,85742.7,8930.0,50.0,50.0,14.58745288848877,0.0,35.41254711151123,35.41254711151123
440,85742.6,85742.6,85650.0,85692.3,5327.0,50.0,50.0,10.438611030578613,0.0,39.56138896942139,39.56138896942139
441,85692.3,85763.5,85692.3,85763.5,3544.0,50.0,50.0,11.1975736618042,0.0,38.8024263381958,38.8024263381958
442,85763.4,85831.0,85748.6,85819.0,4699.0,50.0,50.0,16.154922485351562,0.0,33.84507751464844,33.84507751464844
443,85823.3,85843.9,85761.2,85765.4,4608.0,50.0,50.0,23.441926956176758,0.0,26.558073043823242,26.558073043823242
444,85765.3,85780.9,85723.6,85729.4,3187.0,50.0,50.0,27.4805850982666,0.0,22.5194149017334,22.5194149017334
445,85727.3,85764.0,85685.6,85692.1,5761.0,50.0,50.0,25.257375717163086,0.0,24.742624282836914,24.742624282836914
446,85691.1,85804.9,85654.5,85783.9,3678.0,50.0,50.0,22.284194946289062,0.0,27.715805053710938,27.715805053710938
447,85784.8,85822.1,85700.1,85700.1,5072.0,50.0,50.0,19.784990310668945,0.0,30.215009689331055,30.215009689331055
448,85700.0,85700.0,85650.0,85657.6,3991.0,50.0,50.0,19.694162368774414,0.0,30.305837631225586,30.305837631225586
449,85657.6,85657.6,85601.1,85619.1,7419.0,50.0,50.0,15.183710098266602,0.0,34.8162899017334,34.8162899017334
450,85619.6,85649.6,85600.0,85600.0,3742.0,50.0,50.0,9.442147254943848,0.0,40.55785274505615,40.55785274505615
451,85600.0,85667.6,85600.0,85655.6,2979.0,50.0,50.0,6.556408405303955,0.0,43.443591594696045,43.443591594696045
452,85641.1,85641.1,85606.0,85606.0,3229.0,50.0,50.0,6.567535400390625,0.0,43.432464599609375,43.432464599609375
453,85600.0,85710.8,85588.3,85681.6,8372.0,50.0,50.0,12.254323959350586,0.0,37.745676040649414,37.745676040649414
454,85677.5,85732.0,85669.1,85717.2,3388.0,50.0,50.0,19.17197608947754,0.0,30.82802391052246,30.82802391052246
455,85713.0,85839.8,85713.0,85747.9,13622.0,50.0,50.0,33.17801284790039,0.0,16.82198715209961,16.82198715209961
456,85755.1,85777.9,85710.1,85727.9,4033.0,50.0,50.0,45.14059829711914,0.0,4.859401702880859,4.859401702880859
457,85714.0,85727.9,85639.6,85686.6,4296.0,50.0,50.0,52.557186126708984,0.0,2.5571861267089844,2.5571861267089844
458,85687.3,85687.3,85548.0,85615.8,5345.0,50.0,50.0,48.95279312133789,0.0,1.0472068786621094,1.0472068786621094
459,85613.0,85663.5,85533.1,85663.5,7573.0,50.0,50.0,41.991458892822266,0.0,8.008541107177734,8.008541107177734
460,85666.8,85782.0,85618.0,85618.0,8897.0,50.0,50.0,35.023399353027344,0.0,14.976600646972656,14.976600646972656
461,85621.1,85630.4,85570.6,85627.3,3147.0,50.0,50.0,33.242671966552734,0.0,16.757328033447266,16.757328033447266
462,85635.8,85697.5,85627.4,85655.6,3532.0,50.0,50.0,32.52019500732422,0.0,17.47980499267578,17.47980499267578
463,85652.8,85659.1,85604.3,85659.1,4554.0,50.0,50.0,34.5540657043457,0.0,15.445934295654297,15.445934295654297
464,85669.4,85729.7,85650.1,85672.0,3026.0,50.0,50.0,37.37649154663086,0.0,12.62350845336914,12.62350845336914
465,85663.3,85706.7,85610.2,85610.2,5217.0,50.0,50.0,38.84034729003906,0.0,11.159652709960938,11.159652709960938
466,85608.2,85635.8,85570.2,85622.3,3904.0,50.0,50.0,37.481781005859375,0.0,12.518218994140625,12.518218994140625
467,85629.1,85700.6,85614.6,85677.6,4544.0,50.0,50.0,34.70661926269531,0.0,15.293380737304688,15.293380737304688
468,85677.6,85714.4,85666.9,85705.9,2819.0,50.0,50.0,37.04307556152344,0.0,12.956924438476562,12.956924438476562
469,85705.9,85723.0,85666.1,85666.3,2148.0,50.0,50.0,43.427486419677734,0.0,6.572513580322266,6.572513580322266
470,85666.2,85703.8,85638.3,85682.5,3588.0,50.0,50.0,51.04326248168945,0.0,1.0432624816894531,1.0432624816894531
471,85680.5,85730.5,85654.1,85696.0,4799.0,50.0,50.0,56.203941345214844,0.0,6.203941345214844,6.203941345214844
472,85689.5,85709.4,85627.8,85627.8,5447.0,50.0,50.0,56.931358337402344,0.0,6.931358337402344,6.931358337402344
473,85625.0,85655.8,85555.5,85559.8,4459.0,50.0,50.0,49.76594543457031,0.0,0.2340545654296875,0.2340545654296875
474,85564.9,85657.3,85564.9,85618.3,5351.0,50.0,50.0,38.30385971069336,0.0,11.69614028930664,11.69614028930664
475,85617.3,85669.2,85602.1,85648.0,2294.0,50.0,50.0,30.206167221069336,0.0,19.793832778930664,19.793832778930664
476,85647.9,85647.9,85543.9,85583.7,4378.0,50.0,50.0,30.72637367248535,0.0,19.27362632751465,19.27362632751465
477,85586.0,85586.0,85548.5,85573.6,3724.0,50.0,50.0,32.31300735473633,0.0,17.686992645263672,17.686992645263672
478,85573.0,85629.0,85552.6,85624.7,6905.0,50.0,50.0,31.19239616394043,0.0,18.80760383605957,18.80760383605957
479,85624.7,85624.7,85566.8,85578.8,4323.0,50.0,50.0,27.620277404785156,0.0,22.379722595214844,22.379722595214844
480,85576.0,85636.0,85562.7,85631.7,6170.0,50.0,50.0,29.726234436035156,0.0,20.273765563964844,20.273765563964844
481,85615.4,85650.7,85588.0,85604.5,5528.0,50.0,50.0,31.69074058532715,0.0,18.30925941467285,18.30925941467285
482,85604.4,85608.2,85542.0,85590.6,11641.0,50.0,50.0,34.734188079833984,0.0,15.265811920166016,15.265811920166016
483,85590.6,85656.1,85501.2,85629.1,8618.0,50.0,50.0,35.287322998046875,0.0,14.712677001953125,14.712677001953125
484,85619.6,85666.1,85604.8,85666.1,11701.0,50.0,50.0,41.42548751831055,0.0,8.574512481689453,8.574512481689453
485,85680.0,85762.5,85631.2,85631.2,19912.0,50.0,50.0,49.44002151489258,0.0,0.5599784851074219,0.5599784851074219
486,85630.2,85630.2,85558.1,85577.5,8144.0,50.0,50.0,53.531982421875,0.0,3.531982421875,3.531982421875
487,85599.6,85620.5,85485.0,85518.3,4472.0,50.0,50.0,46.58457565307617,0.0,3.415424346923828,3.415424346923828
488,85520.4,85536.4,85455.1,85462.1,3761.0,50.0,50.0,31.699037551879883,0.0,18.300962448120117,18.300962448120117
489,85469.1,85527.2,85457.5,85527.2,5913.0,50.0,50.0,19.128536224365234,0.0,30.871463775634766,30.871463775634766
490,85516.7,85541.7,85474.8,85499.5,4240.0,50.0,50.0,13.48696517944336,0.0,36.51303482055664,36.51303482055664
491,85499.5,85512.8,85477.6,85496.9,3884.0,50.0,50.0,14.378110885620117,0.0,35.62188911437988,35.62188911437988
492,85496.9,85516.1,85487.7,85516.1,2319.0,50.0,50.0,15.506194114685059,0.0,34.49380588531494,34.49380588531494
493,85512.7,85536.2,85505.6,85509.6,2976.0,50.0,50.0,16.72780418395996,0.0,33.27219581604004,33.27219581604004
494,85514.9,85535.1,85438.1,85513.3,7962.0,50.0,50.0,17.756431579589844,0.0,32.243568420410156,32.243568420410156
495,85521.4,85528.7,85482.0,85504.2,7172.0,50.0,50.0,19.245519638061523,0.0,30.754480361938477,30.754480361938477
496,85504.1,85504.1,85387.9,85458.0,18297.0,50.0,50.0,20.478837966918945,0.0,29.521162033081055,29.521162033081055
497,85447.9,85491.8,85408.0,85417.6,5314.0,50.0,50.0,18.952865600585938,0.0,31.047134399414062,31.047134399414062
498,85429.0,85483.7,85403.2,85461.9,2438.0,50.0,50.0,17.298553466796875,0.0,32.701446533203125,32.701446533203125
499,85461.9,85513.3,85409.2,85414.0,2979.0,50.0,50.0,14.652505874633789,0.0,35.34749412536621,35.34749412536621
500,85408.2,85408.2,85161.3,85164.3,39030.0,50.0,50.0,12.892537117004395,0.0,37.107462882995605,37.107462882995605
501,85160.1,85331.3,85155.4,85173.1,30477.0,50.0,50.0,9.515979766845703,0.0,40.4840202331543,40.4840202331543
502,85168.9,85258.7,85168.9,85220.2,7878.0,50.0,50.0,7.688839912414551,0.0,42.31116008758545,42.31116008758545
503,85235.2,85317.8,85183.1,85287.0,7815.0,50.0,50.0,10.382747650146484,0.0,39.617252349853516,39.617252349853516
504,85289.0,85333.4,85262.8,85309.2,6174.0,50.0,50.0,18.740915298461914,0.0,31.259084701538086,31.259084701538086
505,85313.5,85363.1,85289.8,85333.1,5400.0,50.0,50.0,29.753114700317383,0.0,20.246885299682617,20.246885299682617
506,85333.0,85333.0,85271.7,85271.7,2489.0,50.0,50.0,36.66104507446289,0.0,13.33895492553711,13.33895492553711
507,85271.8,85323.1,85250.0,85312.8,4338.0,50.0,50.0,39.70863342285156,0.0,10.291366577148438,10.291366577148438
508,85314.8,85351.5,85282.4,85288.7,2753.0,50.0,50.0,38.21784210205078,0.0,11.782157897949219,11.782157897949219
509,85294.6,85294.6,85197.3,85197.3,11465.0,50.0,50.0,35.02593231201172,0.0,14.974067687988281,14.974067687988281
510,85208.0,85302.4,85180.7,85225.4,21586.0,50.0,50.0,29.283126831054688,0.0,20.716873168945312,20.716873168945312
511,85233.8,85245.6,85111.1,85164.5,18436.0,50.0,50.0,22.26512336730957,0.0,27.73487663269043,27.73487663269043
512,85156.0,85156.0,84600.0,84823.2,231593.0,50.0,50.0,18.75461769104004,0.0,31.24538230895996,31.24538230895996
513,84823.2,84845.1,83173.2,83177.4,590196.0,50.0,50.0,15.524502754211426,0.0,34.475497245788574,34.475497245788574
514,83177.4,83627.0,81277.3,83373.4,754291.0,50.0,50.0,19.011932373046875,0.0,30.988067626953125,30.988067626953125
515,83371.8,83867.6,83225.0,83770.1,179103.0,50.0,50.0,25.148208618164062,0.0,24.851791381835938,24.851791381835938
516,83761.6,83783.0,83156.9,83492.3,111964.0,50.0,50.0,39.43951416015625,0.0,10.56048583984375,10.56048583984375
517,83492.3,84050.5,83441.5,83955.1,58244.0,50.0,50.0,51.08769607543945,0.0,1.0876960754394531,1.0876960754394531
518,83955.3,84024.7,83683.2,83978.0,66531.0,50.0,50.0,59.2376823425293,0.0,9.237682342529297,9.237682342529297
519,83986.2,84147.0,83954.7,84055.5,37277.0,50.0,50.0,62.93806838989258,0.0,12.938068389892578,12.938068389892578
520,84058.4,84486.0,83945.4,84261.5,47252.0,50.0,50.0,65.91289520263672,0.0,15.912895202636719,15.912895202636719
521,84261.4,84480.4,84261.4,84371.1,38379.0,50.0,50.0,69.41532135009766,0.0,19.415321350097656,19.415321350097656
522,84371.2,84436.2,84079.0,84251.8,25485.0,50.0,50.0,71.99893188476562,0.0,21.998931884765625,21.998931884765625
523,84251.8,84439.8,84130.6,84414.2,33484.0,50.0,50.0,74.24701690673828,0.0,24.24701690673828,24.24701690673828
524,84413.2,84460.5,84326.4,84340.9,25856.0,50.0,50.0,75.54270935058594,0.0,25.542709350585938,25.542709350585938
525,84340.9,84366.2,84005.9,84104.9,21710.0,50.0,50.0,76.09321594238281,0.0,26.093215942382812,26.093215942382812
526,84104.8,84108.3,83916.0,83972.3,26099.0,50.0,50.0,75.8565902709961,0.0,25.856590270996094,25.856590270996094
527,83972.3,84125.8,83823.2,84004.7,42567.0,50.0,50.0,76.34586334228516,0.0,26.345863342285156,26.345863342285156
528,84000.4,84076.4,83764.7,83946.5,24317.0,50.0,50.0,75.4469223022461,0.0,25.446922302246094,25.446922302246094
529,83948.4,83962.7,83800.6,83923.2,12939.0,50.0,50.0,72.82755279541016,0.0,22.827552795410156,22.827552795410156
530,83923.3,84363.1,83896.8,84276.2,35765.0,50.0,50.0,68.77655792236328,0.0,18.77655792236328,18.77655792236328
531,84271.9,84271.9,84119.9,84125.6,8578.0,50.0,50.0,65.7467269897461,0.0,15.746726989746094,15.746726989746094
532,84125.6,84214.1,84125.6,84201.1,7444.0,50.0,50.0,65.01988220214844,0.0,15.019882202148438,15.019882202148438
533,84206.6,84230.6,83950.7,84025.7,13118.0,50.0,50.0,59.99935531616211,0.0,9.99935531616211,9.99935531616211
534,84025.6,84046.8,83888.0,83892.8,13711.0,50.0,50.0,51.32240295410156,0.0,1.3224029541015625,1.3224029541015625
535,83892.9,83942.0,83773.1,83924.9,18049.0,50.0,50.0,38.1649284362793,0.0,11.835071563720703,11.835071563720703
536,83930.0,84106.7,83911.3,84093.5,17280.0,50.0,50.0,31.09625244140625,0.0,18.90374755859375,18.90374755859375
537,84093.5,84106.8,83890.5,83890.5,12428.0,50.0,50.0,28.18214225769043,0.0,21.81785774230957,21.81785774230957
538,83890.5,84011.9,83836.9,84000.0,12719.0,50.0,50.0,31.22066307067871,0.0,18.77933692932129,18.77933692932129
539,83999.9,84104.6,83965.8,84031.3,23635.0,50.0,50.0,32.72880554199219,0.0,17.271194458007812,17.271194458007812
540,84027.0,84062.7,83935.3,83956.4,10085.0,50.0,50.0,35.767333984375,0.0,14.232666015625,14.232666015625
541,83954.4,84113.1,83954.4,84077.6,8905.0,50.0,50.0,38.480960845947266,0.0,11.519039154052734,11.519039154052734
542,84071.4,84106.1,83906.4,83943.9,8605.0,50.0,50.0,39.761356353759766,0.0,10.238643646240234,10.238643646240234
543,83943.9,83977.6,83786.0,83829.0,14854.0,50.0,50.0,36.98446273803711,0.0,13.01553726196289,13.01553726196289
544,83828.9,83834.2,83682.8,83769.5,25721.0,50.0,50.0,28.569522857666016,0.0,21.430477142333984,21.430477142333984
545,83753.6,84164.5,83737.6,84164.5,19937.0,50.0,50.0,28.44206428527832,0.0,21.55793571472168,21.55793571472168
546,84166.5,84403.6,84152.8,84233.0,27365.0,50.0,50.0,38.24992752075195,0.0,11.750072479248047,11.750072479248047
547,84222.5,84290.3,84123.7,84247.0,19768.0,50.0,50.0,59.29419708251953,0.0,9.294197082519531,9.294197082519531
548,84248.0,84306.9,84207.2,84235.9,8087.0,50.0,50.0,72.54022216796875,0.0,22.54022216796875,22.54022216796875
549,84229.8,84299.8,84133.2,84277.6,6664.0,50.0,50.0,79.045166015625,0.0,29.045166015625,29.045166015625
550,84276.6,84300.0,84145.9,84204.3,6741.0,50.0,50.0,77.83004760742188,0.0,27.830047607421875,27.830047607421875
551,84197.3,84496.8,84197.3,84421.5,10103.0,50.0,50.0,79.4166259765625,0.0,29.4166259765625,29.4166259765625
552,84412.1,84619.0,84398.1,84521.6,14509.0,50.0,50.0,81.10200500488281,0.0,31.102005004882812,31.102005004882812
553,84521.1,84690.3,84521.1,84637.8,8961.0,50.0,50.0,85.93891143798828,0.0,35.93891143798828,35.93891143798828
554,84628.4,84635.7,84452.7,84481.3,14046.0,50.0,50.0,87.94136810302734,0.0,37.941368103027344,37.941368103027344
555,84493.9,84667.9,84477.9,84667.9,7251.0,50.0,50.0,90.0664291381836,0.0,40.066429138183594,40.066429138183594
556,84675.9,84698.7,84520.8,84541.7,10289.0,50.0,50.0,88.56008911132812,0.0,38.560089111328125,38.560089111328125
557,84550.2,84617.9,84520.8,84568.8,10589.0,50.0,50.0,89.21501922607422,0.0,39.21501922607422,39.21501922607422
558,84573.0,84583.0,84431.4,84437.8,19801.0,50.0,50.0,86.19174194335938,0.0,36.191741943359375,36.191741943359375
559,84437.8,84500.3,84329.1,84345.4,20059.0,50.0,50.0,79.19659423828125,0.0,29.19659423828125,29.19659423828125
560,84345.5,84547.8,84322.4,84523.8,12934.0,50.0,50.0,69.35828399658203,0.0,19.35828399658203,19.35828399658203
561,84512.0,84575.5,84351.8,84454.9,17389.0,50.0,50.0,60.51518249511719,0.0,10.515182495117188,10.515182495117188
562,84463.3,84559.9,84418.1,84488.0,6071.0,50.0,50.0,59.46928405761719,0.0,9.469284057617188,9.469284057617188
563,84483.7,84575.3,84410.1,84568.3,16707.0,50.0,50.0,61.141136169433594,0.0,11.141136169433594,11.141136169433594
564,84566.0,84633.5,84500.0,84500.1,6184.0,50.0,50.0,64.97640991210938,0.0,14.976409912109375,14.976409912109375
565,84505.0,84508.1,84367.5,84380.3,5297.0,50.0,50.0,60.86289978027344,0.0,10.862899780273438,10.862899780273438
566,84380.2,84382.3,84259.6,84263.9,13940.0,50.0,50.0,47.60938262939453,0.0,2.3906173706054688,2.3906173706054688
567,84267.2,84388.4,84245.3,84335.2,13017.0,50.0,50.0,29.45962142944336,0.0,20.54037857055664,20.54037857055664
568,84333.1,84359.2,84254.9,84281.2,5456.0,50.0,50.0,15.741804122924805,0.0,34.258195877075195,34.258195877075195
569,84299.1,84302.4,84183.8,84222.4,6337.0,50.0,50.0,11.1295166015625,0.0,38.8704833984375,38.8704833984375
570,84218.2,84288.9,84185.7,84259.6,17105.0,50.0,50.0,10.69384479522705,0.0,39.30615520477295,39.30615520477295
571,84256.1,84401.5,84256.1,84368.0,3991.0,50.0,50.0,14.759136199951172,0.0,35.24086380004883,35.24086380004883
572,84356.6,84422.5,84348.0,84416.0,3753.0,50.0,50.0,23.004392623901367,0.0,26.995607376098633,26.995607376098633
573,84412.6,84423.2,84229.5,84233.8,7003.0,50.0,50.0,30.94234848022461,0.0,19.05765151977539,19.05765151977539
574,84241.4,84258.3,84025.8,84087.2,20531.0,50.0,50.0,31.780502319335938,0.0,18.219497680664062,18.219497680664062
575,84092.5,84117.3,83974.2,84081.9,12807.0,50.0,50.0,23.7922306060791,0.0,26.2077693939209,26.2077693939209
576,84074.3,84074.3,83921.5,83966.6,11815.0,50.0,50.0,15.909980773925781,0.0,34.09001922607422,34.09001922607422
577,83961.5,84018.2,83932.4,83996.5,7262.0,50.0,50.0,11.503893852233887,0.0,38.49610614776611,38.49610614776611
578,83990.5,84098.4,83954.6,84026.7,16272.0,50.0,50.0,11.197735786437988,0.0,38.80226421356201,38.80226421356201
579,84031.0,84091.9,83981.0,83997.6,4046.0,50.0,50.0,12.40470027923584,0.0,37.59529972076416,37.59529972076416
580,83996.6,83996.6,83856.6,83871.3,10885.0,50.0,50.0,12.681756019592285,0.0,37.318243980407715,37.318243980407715
581,83862.0,83979.0,83819.5,83926.6,18306.0,50.0,50.0,12.7595853805542,0.0,37.2404146194458,37.2404146194458
582,83926.6,83954.9,83751.1,83780.1,10925.0,50.0,50.0,10.649861335754395,0.0,39.350138664245605,39.350138664245605
583,83780.9,83881.9,83754.6,83777.5,17305.0,50.0,50.0,9.570612907409668,0.0,40.42938709259033,40.42938709259033
584,83779.5,83873.5,83750.0,83805.9,31807.0,50.0,50.0,7.464271068572998,0.0,42.535728931427,42.535728931427
585,83796.8,83874.7,83724.6,83741.9,29439.0,50.0,50.0,6.3595871925354,0.0,43.6404128074646,43.6404128074646
586,83742.0,83828.0,83732.8,83768.1,8394.0,50.0,50.0,5.3621063232421875,0.0,44.63789367675781,44.63789367675781
587,83770.4,83983.2,83770.4,83963.1,9143.0,50.0,50.0,9.456011772155762,0.0,40.54398822784424,40.54398822784424
588,83963.1,83990.8,83844.3,83872.8,6328.0,50.0,50.0,17.6722469329834,0.0,32.3277530670166,32.3277530670166
589,83864.7,83890.0,83728.7,83728.7,8651.0,50.0,50.0,25.063098907470703,0.0,24.936901092529297,24.936901092529297
590,83724.6,83753.9,83626.6,83653.1,15237.0,50.0,50.0,24.06987762451172,0.0,25.93012237548828,25.93012237548828
591,83675.5,83764.3,83633.8,83699.0,17326.0,50.0,50.0,16.670568466186523,0.0,33.32943153381348,33.32943153381348
592,83691.8,83697.5,83576.0,83692.0,14180.0,50.0,50.0,12.217617988586426,0.0,37.782382011413574,37.782382011413574
593,83700.4,83828.0,83700.4,83768.1,20744.0,50.0,50.0,16.55664825439453,0.0,33.44335174560547,33.44335174560547
594,83774.0,83820.8,83635.4,83701.0,9920.0,50.0,50.0,25.027090072631836,0.0,24.972909927368164,24.972909927368164
595,83695.9,83786.6,83679.7,83783.8,10010.0,50.0,50.0,34.189002990722656,0.0,15.810997009277344,15.810997009277344
596,83788.0,83862.9,83781.0,83817.1,13303.0,50.0,50.0,40.28379440307617,0.0,9.716205596923828,9.716205596923828
597,83817.2,83858.6,83785.7,83799.7,6080.0,50.0,50.0,47.379207611083984,0.0,2.6207923889160156,2.6207923889160156
598,83799.7,83824.4,83707.4,83715.0,7485.0,50.0,50.0,49.56387710571289,0.0,0.4361228942871094,0.4361228942871094
599,83715.0,83733.2,83636.1,83636.1,6127.0,50.0,50.0,45.51654815673828,0.0,4.483451843261719,4.483451843261719
600,83636.1,83795.2,83636.1,83779.9,4312.0,50.0,50.0,38.29476547241211,0.0,11.70523452758789,11.70523452758789
601,83786.9,83894.1,83751.7,83868.9,21353.0,50.0,50.0,37.038291931152344,0.0,12.961708068847656,12.961708068847656
602,83864.7,83915.9,83809.1,83887.5,8606.0,50.0,50.0,49.20309066772461,0.0,0.7969093322753906,0.7969093322753906
603,83887.4,83939.8,83877.6,83920.3,3860.0,50.0,50.0,66.95213317871094,0.0,16.952133178710938,16.952133178710938
604,83924.6,83989.8,83863.2,83921.5,6033.0,50.0,50.0,82.01011657714844,0.0,32.01011657714844,32.01011657714844
605,83922.5,83976.3,83825.6,83833.7,6568.0,50.0,50.0,85.23221588134766,0.0,35.232215881347656,35.232215881347656
606,83833.7,83873.5,83730.9,83853.3,9538.0,50.0,50.0,79.71659851074219,0.0,29.716598510742188,29.716598510742188
607,83863.5,83867.6,83690.1,83711.3,9399.0,50.0,50.0,65.87191772460938,0.0,15.871917724609375,15.871917724609375
608,83705.2,83764.7,83688.8,83724.5,6364.0,50.0,50.0,51.14751434326172,0.0,1.1475143432617188,1.1475143432617188
609,83722.3,83730.0,83650.2,83656.4,5595.0,50.0,50.0,33.913143157958984,0.0,16.086856842041016,16.086856842041016
610,83652.4,83737.5,83580.0,83737.5,9843.0,50.0,50.0,25.467273712158203,0.0,24.532726287841797,24.532726287841797
611,83749.4,83902.4,83749.4,83829.3,23824.0,50.0,50.0,25.146549224853516,0.0,24.853450775146484,24.853450775146484
612,83840.7,83880.9,83738.1,83790.5,7625.0,50.0,50.0,36.0895881652832,0.0,13.910411834716797,13.910411834716797
613,83782.5,83786.6,83653.4,83706.2,9009.0,50.0,50.0,44.293216705322266,0.0,5.706783294677734,5.706783294677734
614,83693.7,83716.8,83686.1,83706.8,4030.0,50.0,50.0,45.19303512573242,0.0,4.806964874267578,4.806964874267578
615,83703.1,83773.7,83700.3,83723.0,4499.0,50.0,50.0,39.1928596496582,0.0,10.807140350341797,10.807140350341797
616,83728.8,83766.6,83605.2,83614.7,5211.0,50.0,50.0,31.56035041809082,0.0,18.43964958190918,18.43964958190918
617,83619.8,83712.5,83605.4,83707.3,5081.0,50.0,50.0,27.262828826904297,0.0,22.737171173095703,22.737171173095703
618,83707.2,83715.0,83605.6,83625.1,5532.0,50.0,50.0,22.182750701904297,0.0,27.817249298095703,27.817249298095703
619,83632.5,83681.5,83608.1,83633.7,2527.0,50.0,50.0,20.493465423583984,0.0,29.506534576416016,29.506534576416016
620,83641.5,83675.1,83404.8,83509.7,28966.0,50.0,50.0,17.68161964416504,0.0,32.31838035583496,32.31838035583496
621,83511.7,83610.5,83364.6,83364.7,13554.0,50.0,50.0,16.220075607299805,0.0,33.779924392700195,33.779924392700195
622,83363.6,83493.4,83313.0,83425.7,7002.0,50.0,50.0,14.122459411621094,0.0,35.877540588378906,35.877540588378906
623,83425.8,83497.8,83352.9,83358.4,21014.0,50.0,50.0,11.64719295501709,0.0,38.35280704498291,38.35280704498291
624,83361.2,83398.6,83304.6,83324.3,14907.0,50.0,50.0,10.798330307006836,0.0,39.201669692993164,39.201669692993164
625,83324.3,83355.3,83284.7,83334.3,8920.0,50.0,50.0,8.475278854370117,0.0,41.52472114562988,41.52472114562988
626,83346.7,83346.7,83150.8,83181.1,41793.0,50.0,50.0,7.312641620635986,0.0,42.687358379364014,42.687358379364014
627,83174.1,83320.8,83146.9,83226.1,12694.0,50.0,50.0,6.823959827423096,0.0,43.176040172576904,43.176040172576904
628,83218.3,83238.8,83062.5,83062.5,21836.0,50.0,50.0,6.611386299133301,0.0,43.3886137008667,43.3886137008667
629,83058.7,83203.9,83058.7,83076.1,23222.0,50.0,50.0,6.468541622161865,0.0,43.531458377838135,43.531458377838135
630,83074.2,83231.8,83050.5,83069.4,17291.0,50.0,50.0,4.199767112731934,0.0,45.800232887268066,45.800232887268066
631,83049.5,83095.4,82865.7,83040.7,43387.0,50.0,50.0,5.1447319984436035,0.0,44.8552680015564,44.8552680015564
632,83036.6,83045.0,82700.0,82806.5,37530.0,50.0,50.0,7.2787604331970215,0.0,42.72123956680298,42.72123956680298
633,82778.9,82940.5,82747.1,82860.2,18664.0,50.0,50.0,12.010274887084961,0.0,37.98972511291504,37.98972511291504
634,82869.4,82985.0,82860.8,82870.9,23699.0,50.0,50.0,14.248364448547363,0.0,35.75163555145264,35.75163555145264
635,82871.0,82984.9,82840.1,82974.5,20211.0,50.0,50.0,18.17129135131836,0.0,31.82870864868164,31.82870864868164
636,82974.5,82985.0,82827.6,82841.9,11346.0,50.0,50.0,20.73550033569336,0.0,29.26449966430664,29.26449966430664
637,82838.6,82953.3,82804.1,82953.3,21336.0,50.0,50.0,25.446765899658203,0.0,24.553234100341797,24.553234100341797
638,82949.2,82957.2,82736.6,82741.6,11185.0,50.0,50.0,24.423002243041992,0.0,25.576997756958008,25.576997756958008
639,82737.0,82789.5,82602.4,82686.1,33922.0,50.0,50.0,22.521751403808594,0.0,27.478248596191406,27.478248596191406
640,82686.0,82729.9,82603.4,82682.8,20981.0,50.0,50.0,15.892242431640625,0.0,34.107757568359375,34.107757568359375
641,82685.0,82700.0,82518.0,82532.8,19045.0,50.0,50.0,11.903077125549316,0.0,38.096922874450684,38.096922874450684
642,82541.0,82616.6,82480.1,82572.2,18141.0,50.0,50.0,8.752486228942871,0.0,41.24751377105713,41.24751377105713
643,82576.3,82596.8,82478.2,82495.0,14079.0,50.0,50.0,7.391219615936279,0.0,42.60878038406372,42.60878038406372
644,82495.1,82675.0,82495.1,82648.4,27026.0,50.0,50.0,9.343110084533691,0.0,40.65688991546631,40.65688991546631
645,82648.4,82684.7,82571.7,82624.2,46050.0,50.0,50.0,12.683841705322266,0.0,37.316158294677734,37.316158294677734
646,82630.4,82670.6,82578.5,82657.8,14204.0,50.0,50.0,20.71019172668457,0.0,29.28980827331543,29.28980827331543
647,82653.8,82725.3,82600.2,82725.3,12563.0,50.0,50.0,28.25405502319336,0.0,21.74594497680664,21.74594497680664
648,82725.3,82757.9,82582.5,82603.3,8666.0,50.0,50.0,34.177711486816406,0.0,15.822288513183594,15.822288513183594
649,82606.3,82607.3,82472.6,82538.4,9220.0,50.0,50.0,33.90090560913086,0.0,16.09909439086914,16.09909439086914
650,82546.8,82599.2,82477.9,82514.0,6482.0,50.0,50.0,26.802589416503906,0.0,23.197410583496094,23.197410583496094
651,82509.9,82590.9,82500.1,82500.1,18087.0,50.0,50.0,17.711732864379883,0.0,32.28826713562012,32.28826713562012
652,82500.0,82500.1,82280.0,82280.0,18549.0,50.0,50.0,9.704777717590332,0.0,40.29522228240967,40.29522228240967
653,82275.9,82344.9,82234.6,82257.7,21916.0,50.0,50.0,5.70727014541626,0.0,44.29272985458374,44.29272985458374
654,82248.8,82285.7,82125.3,82149.0,14685.0,50.0,50.0,3.6076083183288574,0.0,46.39239168167114,46.39239168167114
655,82144.8,82267.9,82116.5,82208.8,12339.0,50.0,50.0,4.533602237701416,0.0,45.466397762298584,45.466397762298584
656,82210.8,82518.0,82210.8,82497.1,30776.0,50.0,50.0,12.021026611328125,0.0,37.978973388671875,37.978973388671875
657,82497.4,82506.8,82390.0,82453.9,12146.0,50.0,50.0,25.15117073059082,0.0,24.84882926940918,24.84882926940918
658,82453.8,82478.6,82349.3,82387.6,7323.0,50.0,50.0,39.779911041259766,0.0,10.220088958740234,10.220088958740234
659,82385.9,82385.9,82201.4,82217.5,10488.0,50.0,50.0,43.46229553222656,0.0,6.5377044677734375,6.5377044677734375
660,82216.4,82231.7,82112.2,82176.2,12266.0,50.0,50.0,36.97263717651367,0.0,13.027362823486328,13.027362823486328
661,82178.3,82200.4,82111.0,82161.7,16371.0,50.0,50.0,23.560009002685547,0.0,26.439990997314453,26.439990997314453
662,82168.0,82261.1,82020.7,82078.6,15816.0,50.0,50.0,14.338041305541992,0.0,35.66195869445801,35.66195869445801
663,82078.5,82089.4,81712.9,81949.0,58374.0,50.0,50.0,11.718167304992676,0.0,38.281832695007324,38.281832695007324
664,81948.9,81974.5,81786.1,81935.6,25616.0,50.0,50.0,14.871216773986816,0.0,35.128783226013184,35.128783226013184
665,81943.5,82391.7,81927.3,82061.4,45415.0,50.0,50.0,22.39012908935547,0.0,27.60987091064453,27.60987091064453
666,82053.6,82085.5,81905.2,82062.6,16898.0,50.0,50.0,29.916812896728516,0.0,20.083187103271484,20.083187103271484
667,82058.6,82058.6,81802.1,81872.6,21012.0,50.0,50.0,34.88179016113281,0.0,15.118209838867188,15.118209838867188
668,81871.0,82140.3,81859.4,82019.9,32565.0,50.0,50.0,35.561119079589844,0.0,14.438880920410156,14.438880920410156
669,82012.6,82139.7,82004.9,82080.5,55937.0,50.0,50.0,34.62112808227539,0.0,15.37887191772461,15.37887191772461
670,82080.3,82443.9,82070.5,82414.7,20236.0,50.0,50.0,41.9135627746582,0.0,8.086437225341797,8.086437225341797
671,82408.7,82428.3,82331.5,82382.7,17538.0,50.0,50.0,55.26139450073242,0.0,5.261394500732422,5.261394500732422
672,82382.7,82499.9,82309.5,82316.1,21160.0,50.0,50.0,71.80519104003906,0.0,21.805191040039062,21.805191040039062
673,82309.4,82329.3,82107.0,82168.8,13391.0,50.0,50.0,77.34515380859375,0.0,27.34515380859375,27.34515380859375
674,82168.3,82242.3,82082.7,82124.0,23107.0,50.0,50.0,73.48698425292969,0.0,23.486984252929688,23.486984252929688
675,82116.1,82140.8,81937.9,81944.2,15948.0,50.0,50.0,60.93524932861328,0.0,10.935249328613281,10.935249328613281
676,81936.1,82077.4,81640.3,82072.8,26241.0,50.0,50.0,50.92313003540039,0.0,0.9231300354003906,0.9231300354003906
677,82080.7,82224.5,81960.7,81975.2,13752.0,50.0,50.0,43.35137939453125,0.0,6.64862060546875,6.64862060546875
678,81956.1,82014.3,81770.3,81877.2,9149.0,50.0,50.0,40.82680130004883,0.0,9.173198699951172,9.173198699951172
679,81878.3,82077.9,81873.7,82077.8,19767.0,50.0,50.0,39.212921142578125,0.0,10.787078857421875,10.787078857421875
680,82077.9,82077.9,81864.9,81965.1,12777.0,50.0,50.0,38.943572998046875,0.0,11.056427001953125,11.056427001953125
681,81963.2,82231.1,81947.7,82190.6,22895.0,50.0,50.0,42.92858123779297,0.0,7.071418762207031,7.071418762207031
682,82190.5,82197.1,81951.4,81964.9,11012.0,50.0,50.0,45.3896484375,0.0,4.6103515625,4.6103515625
683,81965.9,82024.8,81934.3,81992.6,15824.0,50.0,50.0,48.33675003051758,0.0,1.6632499694824219,1.6632499694824219
684,81992.6,82196.1,81983.0,82196.1,21470.0,50.0,50.0,47.303993225097656,0.0,2.6960067749023438,2.6960067749023438
685,82196.1,82351.9,82149.2,82305.4,16139.0,50.0,50.0,52.131813049316406,0.0,2.1318130493164062,2.1318130493164062
686,82307.4,82485.7,82241.3,82291.4,17690.0,50.0,50.0,60.607696533203125,0.0,10.607696533203125,10.607696533203125
687,82304.4,82304.4,82120.1,82120.1,16968.0,50.0,50.0,68.13426208496094,0.0,18.134262084960938,18.134262084960938
688,82124.2,82124.2,81959.6,82019.2,13734.0,50.0,50.0,67.64247131347656,0.0,17.642471313476562,17.642471313476562
689,82019.4,82082.3,82007.4,82069.3,5797.0,50.0,50.0,60.228084564208984,0.0,10.228084564208984,10.228084564208984
690,82069.3,82289.5,82061.1,82246.1,20921.0,50.0,50.0,54.77570724487305,0.0,4.775707244873047,4.775707244873047
691,82246.0,82377.9,82227.1,82305.4,10687.0,50.0,50.0,56.27124786376953,0.0,6.271247863769531,6.271247863769531
692,82314.6,82468.4,82299.2,82442.9,8486.0,50.0,50.0,65.39253234863281,0.0,15.392532348632812,15.392532348632812
693,82444.2,82614.8,82395.6,82568.9,11545.0,50.0,50.0,76.47126770019531,0.0,26.471267700195312,26.471267700195312
694,82550.4,82712.4,82443.3,82443.3,24783.0,50.0,50.0,83.17681884765625,0.0,33.17681884765625,33.17681884765625
695,82446.9,82554.9,82389.0,82530.9,15584.0,50.0,50.0,83.35002136230469,0.0,33.35002136230469,33.35002136230469
696,82532.6,82616.4,82462.8,82558.3,6799.0,50.0,50.0,78.96153259277344,0.0,28.961532592773438,28.961532592773438
697,82555.0,82710.4,82548.8,82690.3,13435.0,50.0,50.0,79.13189697265625,0.0,29.13189697265625,29.13189697265625
698,82690.3,82866.1,82576.7,82834.2,28655.0,50.0,50.0,83.32872009277344,0.0,33.32872009277344,33.32872009277344
699,82840.6,82841.4,82689.9,82740.7,9596.0,50.0,50.0,89.70951080322266,0.0,39.709510803222656,39.709510803222656
700,82740.8,82922.9,82718.3,82846.4,6538.0,50.0,50.0,92.01763916015625,0.0,42.01763916015625,42.01763916015625
701,82846.5,82858.5,82597.3,82629.6,19970.0,50.0,50.0,89.13294219970703,0.0,39.13294219970703,39.13294219970703
702,82648.3,82648.3,82571.7,82593.2,6082.0,50.0,50.0,83.120361328125,0.0,33.120361328125,33.120361328125
703,82594.4,82612.8,82527.2,82583.8,25629.0,50.0,50.0,74.17431640625,0.0,24.17431640625,24.17431640625
704,82583.8,82583.8,82496.2,82543.8,7138.0,50.0,50.0,65.54949188232422,0.0,15.549491882324219,15.549491882324219
705,82552.0,82581.1,82539.7,82574.0,4128.0,50.0,50.0,57.174827575683594,0.0,7.174827575683594,7.174827575683594
706,82574.9,82609.7,82444.9,82465.3,7259.0,50.0,50.0,47.138545989990234,0.0,2.8614540100097656,2.8614540100097656
707,82459.9,82529.5,82450.4,82529.5,10327.0,50.0,50.0,37.63978958129883,0.0,12.360210418701172,12.360210418701172
708,82533.6,82570.5,82487.9,82533.6,5208.0,50.0,50.0,28.469091415405273,0.0,21.530908584594727,21.530908584594727
709,82533.6,82570.5,82450.1,82456.7,6170.0,50.0,50.0,23.136211395263672,0.0,26.863788604736328,26.863788604736328
710,82456.2,82456.2,82364.6,82452.6,18068.0,50.0,50.0,18.763996124267578,0.0,31.236003875732422,31.236003875732422
711,82452.6,82561.7,82420.9,82557.5,6585.0,50.0,50.0,17.107614517211914,0.0,32.892385482788086,32.892385482788086
712,82541.0,82732.5,82508.9,82717.9,24146.0,50.0,50.0,23.521512985229492,0.0,26.478487014770508,26.478487014770508
713,82721.6,82750.0,82660.9,82749.9,7956.0,50.0,50.0,37.0247802734375,0.0,12.9752197265625,12.9752197265625
714,82749.9,82766.4,82699.7,82710.1,5273.0,50.0,50.0,53.63196563720703,0.0,3.6319656372070312,3.6319656372070312
715,82710.1,82807.6,82637.8,82742.8,9795.0,50.0,50.0,65.93678283691406,0.0,15.936782836914062,15.936782836914062
716,82739.3,82766.7,82656.8,82656.8,3375.0,50.0,50.0,71.9854507446289,0.0,21.985450744628906,21.985450744628906
717,82656.8,82750.3,82638.5,82728.4,4222.0,50.0,50.0,75.45246887207031,0.0,25.452468872070312,25.452468872070312
718,82728.4,82778.4,82721.2,82768.0,5202.0,50.0,50.0,77.09715270996094,0.0,27.097152709960938,27.097152709960938
719,82762.0,82815.9,82703.3,82710.1,9929.0,50.0,50.0,80.25888061523438,0.0,30.258880615234375,30.258880615234375
720,82713.3,82713.3,82619.2,82675.0,8385.0,50.0,50.0,80.58621978759766,0.0,30.586219787597656,30.586219787597656
721,82681.7,82931.5,82680.7,82931.4,15073.0,50.0,50.0,81.272705078125,0.0,31.272705078125,31.272705078125
722,82931.5,82957.8,82852.1,82881.5,10984.0,50.0,50.0,81.95718383789062,0.0,31.957183837890625,31.957183837890625
723,82881.5,82953.2,82841.6,82892.7,11356.0,50.0,50.0,86.37381744384766,0.0,36.373817443847656,36.373817443847656
724,82896.6,82970.3,82870.1,82941.3,6136.0,50.0,50.0,89.21466827392578,0.0,39.21466827392578,39.21466827392578
725,82948.1,82995.0,82891.0,82899.2,6327.0,50.0,50.0,90.11929321289062,0.0,40.119293212890625,40.119293212890625
726,82907.5,82967.1,82812.0,82829.0,9037.0,50.0,50.0,85.08538818359375,0.0,35.08538818359375,35.08538818359375
727,82830.1,83053.8,82812.0,83041.4,15284.0,50.0,50.0,80.90550994873047,0.0,30.90550994873047,30.90550994873047
728,83053.1,83343.1,83053.1,83295.7,38016.0,50.0,50.0,78.94837188720703,0.0,28.94837188720703,28.94837188720703
729,83295.6,83351.2,83155.6,83228.5,9452.0,50.0,50.0,83.72561645507812,0.0,33.725616455078125,33.725616455078125
730,83236.9,83337.0,83236.9,83250.0,7117.0,50.0,50.0,87.01416015625,0.0,37.01416015625,37.01416015625
731,83241.7,83241.7,83053.5,83127.0,41546.0,50.0,50.0,86.16484832763672,0.0,36.16484832763672,36.16484832763672
732,83126.1,83126.1,82951.0,82951.0,14525.0,50.0,50.0,78.05776977539062,0.0,28.057769775390625,28.057769775390625
733,82949.5,83037.2,82932.4,83012.9,5621.0,50.0,50.0,67.57089233398438,0.0,17.570892333984375,17.570892333984375
734,83002.0,83118.3,82996.0,83095.3,6014.0,50.0,50.0,58.92218017578125,0.0,8.92218017578125,8.92218017578125
735,83082.7,83120.9,83034.1,83045.2,4113.0,50.0,50.0,54.254798889160156,0.0,4.254798889160156,4.254798889160156
736,83051.4,83088.2,83015.6,83035.2,3492.0,50.0,50.0,51.80990982055664,0.0,1.8099098205566406,1.8099098205566406
737,83032.1,83187.9,83032.1,83044.6,6448.0,50.0,50.0,48.12525939941406,0.0,1.8747406005859375,1.8747406005859375
738,83039.7,83053.0,82948.6,82996.0,4963.0,50.0,50.0,43.65757369995117,0.0,6.342426300048828,6.342426300048828
739,82990.0,82990.0,82847.1,82879.6,13056.0,50.0,50.0,37.359981536865234,0.0,12.640018463134766,12.640018463134766
740,82887.9,83055.4,82887.9,83040.6,11412.0,50.0,50.0,33.0572395324707,0.0,16.942760467529297,16.942760467529297
741,83040.5,83168.9,83027.1,83142.4,4509.0,50.0,50.0,32.485557556152344,0.0,17.514442443847656,17.514442443847656
742,83142.7,83160.0,82995.9,83012.6,5393.0,50.0,50.0,37.3751106262207,0.0,12.624889373779297,12.624889373779297
743,83009.1,83240.3,82995.3,83159.1,11862.0,50.0,50.0,44.71269607543945,0.0,5.287303924560547,5.287303924560547
744,83159.0,83159.8,83064.3,83065.2,4129.0,50.0,50.0,48.96562194824219,0.0,1.0343780517578125,1.0343780517578125
745,83073.6,83160.1,83064.0,83128.6,4387.0,50.0,50.0,55.27064514160156,0.0,5.2706451416015625,5.2706451416015625
746,83128.5,83128.5,83037.6,83053.0,2391.0,50.0,50.0,57.952144622802734,0.0,7.952144622802734,7.952144622802734
747,83053.0,83063.7,82969.0,82987.2,1869.0,50.0,50.0,58.818946838378906,0.0,8.818946838378906,8.818946838378906
748,82988.2,83043.2,82978.0,82978.0,2917.0,50.0,50.0,51.1230583190918,0.0,1.1230583190917969,1.1230583190917969
749,82974.1,82974.1,82924.4,82924.4,3108.0,50.0,50.0,41.050994873046875,0.0,8.949005126953125,8.949005126953125
750,82924.5,82950.7,82903.5,82903.5,3799.0,50.0,50.0,30.795808792114258,0.0,19.204191207885742,19.204191207885742
751,82904.4,82943.6,82899.0,82926.2,7938.0,50.0,50.0,23.332693099975586,0.0,26.667306900024414,26.667306900024414
752,82926.2,83079.2,82926.2,83079.2,36803.0,50.0,50.0,23.87821388244629,0.0,26.12178611755371,26.12178611755371
753,83080.0,83114.7,82959.2,82959.2,4886.0,50.0,50.0,27.443559646606445,0.0,22.556440353393555,22.556440353393555
754,82959.1,82959.1,82793.4,82799.5,8111.0,50.0,50.0,30.38901710510254,0.0,19.61098289489746,19.61098289489746
755,82796.0,82827.2,82726.5,82772.8,8515.0,50.0,50.0,23.40227699279785,0.0,26.59772300720215,26.59772300720215
756,82767.3,82802.8,82747.5,82768.1,6283.0,50.0,50.0,14.412455558776855,0.0,35.587544441223145,35.587544441223145
757,82768.0,82775.3,82636.8,82680.8,6586.0,50.0,50.0,8.288758277893066,0.0,41.711241722106934,41.711241722106934
758,82680.8,82707.4,82616.9,82638.7,6030.0,50.0,50.0,7.16752815246582,0.0,42.83247184753418,42.83247184753418
759,82638.6,82711.8,82618.4,82618.4,6202.0,50.0,50.0,6.527801036834717,0.0,43.47219896316528,43.47219896316528
760,82618.4,82695.4,82500.1,82521.2,10768.0,50.0,50.0,4.552793979644775,0.0,45.447206020355225,45.447206020355225
761,82501.0,82521.3,82389.9,82470.1,18509.0,50.0,50.0,3.916456699371338,0.0,46.08354330062866,46.08354330062866
762,82469.3,82485.9,82382.7,82435.8,12156.0,50.0,50.0,4.920534610748291,0.0,45.07946538925171,45.07946538925171
763,82432.1,82530.0,82431.9,82509.6,7552.0,50.0,50.0,8.022080421447754,0.0,41.977919578552246,41.977919578552246
764,82509.9,82552.0,82480.8,82524.7,7396.0,50.0,50.0,11.266075134277344,0.0,38.733924865722656,38.733924865722656
765,82510.0,82528.1,82438.2,82443.3,5419.0,50.0,50.0,13.85057544708252,0.0,36.14942455291748,36.14942455291748
766,82446.4,82479.7,82381.1,82419.4,2903.0,50.0,50.0,13.54419231414795,0.0,36.45580768585205,36.45580768585205
767,82418.7,82448.0,82284.2,82313.2,6078.0,50.0,50.0,10.633877754211426,0.0,39.366122245788574,39.366122245788574
768,82317.0,82381.8,82257.2,82262.7,8322.0,50.0,50.0,6.7971720695495605,0.0,43.20282793045044,43.20282793045044
769,82279.4,82417.8,82229.4,82300.1,9838.0,50.0,50.0,5.096645832061768,0.0,44.90335416793823,44.90335416793823
770,82300.1,82375.4,82229.0,82355.8,14190.0,50.0,50.0,7.175593852996826,0.0,42.824406147003174,42.824406147003174
771,82355.8,82385.9,82268.4,82284.7,9506.0,50.0,50.0,11.241830825805664,0.0,38.758169174194336,38.758169174194336
772,82268.2,82405.4,82268.2,82358.9,9579.0,50.0,50.0,16.137481689453125,0.0,33.862518310546875,33.862518310546875
773,82358.0,82375.9,82200.1,82281.1,6470.0,50.0,50.0,18.16982650756836,0.0,31.83017349243164,31.83017349243164
774,82286.5,82316.1,82221.9,82256.0,18679.0,50.0,50.0,19.510456085205078,0.0,30.489543914794922,30.489543914794922
775,82272.4,82360.0,82272.4,82308.6,4366.0,50.0,50.0,19.668031692504883,0.0,30.331968307495117,30.331968307495117
776,82307.5,82308.5,82208.6,82218.6,9752.0,50.0,50.0,19.35447120666504,0.0,30.64552879333496,30.64552879333496
777,82217.7,82360.9,82217.7,82360.9,9148.0,50.0,50.0,21.87002944946289,0.0,28.12997055053711,28.12997055053711
778,82341.3,82399.0,82309.4,82309.4,4196.0,50.0,50.0,24.225820541381836,0.0,25.774179458618164,25.774179458618164
779,82309.4,82353.7,82286.1,82317.2,4291.0,50.0,50.0,31.883947372436523,0.0,18.116052627563477,18.116052627563477
780,82313.1,82372.3,82294.0,82306.6,4651.0,50.0,50.0,35.926265716552734,0.0,14.073734283447266,14.073734283447266
781,82306.6,82457.7,82278.2,82278.2,9994.0,50.0,50.0,39.35825729370117,0.0,10.641742706298828,10.641742706298828
782,82267.6,82387.4,82256.5,82311.2,9736.0,50.0,50.0,38.85950469970703,0.0,11.140495300292969,11.140495300292969
783,82316.4,82401.0,82213.3,82361.6,31401.0,50.0,50.0,40.85691833496094,0.0,9.143081665039062,9.143081665039062
784,82353.3,82353.3,82087.2,82207.2,17951.0,50.0,50.0,43.41804504394531,0.0,6.5819549560546875,6.5819549560546875
785,82211.2,82229.2,82094.1,82094.1,10273.0,50.0,50.0,41.25529098510742,0.0,8.744709014892578,8.744709014892578
786,82094.2,82172.1,82050.7,82089.7,19987.0,50.0,50.0,30.99875831604004,0.0,19.00124168395996,19.00124168395996
787,82089.6,82200.0,82055.5,82200.0,4604.0,50.0,50.0,20.989303588867188,0.0,29.010696411132812,29.010696411132812
788,82200.7,82200.7,81943.8,81995.4,16179.0,50.0,50.0,16.473894119262695,0.0,33.526105880737305,33.526105880737305
789,82007.8,82099.5,81995.4,82057.6,9907.0,50.0,50.0,19.255611419677734,0.0,30.744388580322266,30.744388580322266
790,82057.7,82081.7,81990.1,82015.7,17310.0,50.0,50.0,19.03912925720215,0.0,30.96087074279785,30.96087074279785
791,82013.2,82148.5,82008.1,82120.8,29622.0,50.0,50.0,20.625080108642578,0.0,29.374919891357422,29.374919891357422
792,82124.4,82141.0,82045.5,82052.5,15856.0,50.0,50.0,20.70487403869629,0.0,29.29512596130371,29.29512596130371
793,82052.5,82270.8,82033.9,82270.7,11670.0,50.0,50.0,28.819128036499023,0.0,21.180871963500977,21.180871963500977
794,82270.7,82389.6,82160.5,82310.0,34207.0,50.0,50.0,38.312896728515625,0.0,11.687103271484375,11.687103271484375
795,82309.9,82309.9,82090.1,82120.3,12909.0,50.0,50.0,49.8560676574707,0.0,0.14393234252929688,0.14393234252929688
796,82117.5,82181.5,81982.3,82010.3,9110.0,50.0,50.0,50.434017181396484,0.0,0.4340171813964844,0.4340171813964844
797,82010.4,82067.1,81956.0,82042.3,8570.0,50.0,50.0,41.45857620239258,0.0,8.541423797607422,8.541423797607422
798,82038.6,82061.9,81913.8,81950.5,11482.0,50.0,50.0,27.11176109313965,0.0,22.88823890686035,22.88823890686035
799,81950.4,82032.4,81945.1,81985.9,7187.0,50.0,50.0,18.28447151184082,0.0,31.71552848815918,31.71552848815918
800,81973.8,82004.9,81846.1,81851.1,10167.0,50.0,50.0,12.56706714630127,0.0,37.43293285369873,37.43293285369873
801,81851.3,81854.3,81416.3,81444.9,69414.0,50.0,50.0,9.751337051391602,0.0,40.2486629486084,40.2486629486084
802,81444.9,81613.8,81340.6,81551.5,39167.0,50.0,50.0,7.418102741241455,0.0,42.581897258758545,42.581897258758545
803,81548.4,81591.1,80831.4,81134.0,196906.0,50.0,50.0,9.493185997009277,0.0,40.50681400299072,40.50681400299072
804,81149.3,81160.4,80919.0,81101.0,45283.0,50.0,50.0,13.694799423217773,0.0,36.30520057678223,36.30520057678223
805,81100.0,81444.4,81079.6,81328.8,30209.0,50.0,50.0,18.659242630004883,0.0,31.340757369995117,31.340757369995117
806,81323.7,81323.7,81129.8,81140.6,36412.0,50.0,50.0,21.615211486816406,0.0,28.384788513183594,28.384788513183594
807,81132.6,81159.4,80952.0,81011.6,32535.0,50.0,50.0,22.3377628326416,0.0,27.6622371673584,27.6622371673584
808,81011.6,81050.4,80705.1,80725.3,38780.0,50.0,50.0,18.340377807617188,0.0,31.659622192382812,31.659622192382812
809,80723.8,80963.9,80627.5,80945.5,42398.0,50.0,50.0,14.36478042602539,0.0,35.63521957397461,35.63521957397461
810,80957.6,81666.0,80957.6,81466.2,131612.0,50.0,50.0,16.214946746826172,0.0,33.78505325317383,33.78505325317383
811,81468.0,81877.6,81274.6,81711.1,61016.0,50.0,50.0,29.726043701171875,0.0,20.273956298828125,20.273956298828125
812,81711.1,81889.9,81500.2,81605.4,33883.0,50.0,50.0,48.62861633300781,0.0,1.3713836669921875,1.3713836669921875
813,81581.0,81707.1,81442.1,81606.9,30371.0,50.0,50.0,63.77018356323242,0.0,13.770183563232422,13.770183563232422
814,81602.9,81807.5,81594.8,81700.5,18544.0,50.0,50.0,71.7081298828125,0.0,21.7081298828125,21.7081298828125
815,81704.5,81821.2,81510.1,81821.2,35648.0,50.0,50.0,76.95819091796875,0.0,26.95819091796875,26.95819091796875
816,81825.1,82274.0,81710.7,82101.7,46923.0,50.0,50.0,82.82881164550781,0.0,32.82881164550781,32.82881164550781
817,82087.6,82581.6,82027.5,82511.1,70274.0,50.0,50.0,88.91524505615234,0.0,38.915245056152344,38.915245056152344
818,82511.3,82866.1,82486.5,82768.0,63226.0,50.0,50.0,92.34693908691406,0.0,42.34693908691406,42.34693908691406
819,82767.9,82982.8,82628.3,82982.8,31887.0,50.0,50.0,94.89350891113281,0.0,44.89350891113281,44.89350891113281
820,82982.7,82982.7,82657.5,82736.3,19758.0,50.0,50.0,95.41193389892578,0.0,45.41193389892578,45.41193389892578
821,82745.5,82971.2,82693.7,82878.7,22928.0,50.0,50.0,95.80850982666016,0.0,45.808509826660156,45.808509826660156
822,82904.5,82908.6,82685.7,82750.9,12906.0,50.0,50.0,93.9483871459961,0.0,43.948387145996094,43.948387145996094
823,82751.0,82887.6,82565.4,82874.2,24953.0,50.0,50.0,93.4173355102539,0.0,43.417335510253906,43.417335510253906
824,82874.1,83033.3,82795.5,83002.3,14212.0,50.0,50.0,93.18563079833984,0.0,43.185630798339844,43.185630798339844
825,83010.6,83427.0,82994.9,83316.3,37958.0,50.0,50.0,94.5221939086914,0.0,44.522193908691406,44.522193908691406
826,83320.1,83419.2,83150.8,83164.4,16894.0,50.0,50.0,94.41748809814453,0.0,44.41748809814453,44.41748809814453
827,83176.3,83300.0,83106.8,83270.4,9931.0,50.0,50.0,93.30569458007812,0.0,43.305694580078125,43.305694580078125
828,83252.6,83322.0,83008.6,83078.5,13767.0,50.0,50.0,90.31926727294922,0.0,40.31926727294922,40.31926727294922
829,83083.3,83191.8,82976.6,83191.8,11528.0,50.0,50.0,88.15436553955078,0.0,38.15436553955078,38.15436553955078
830,83199.9,83528.1,83116.8,83499.9,25737.0,50.0,50.0,87.40023040771484,0.0,37.400230407714844,37.400230407714844
831,83493.1,83499.9,83386.6,83496.4,18219.0,50.0,50.0,89.72830200195312,0.0,39.728302001953125,39.728302001953125
832,83496.4,83576.6,83367.6,83389.8,14373.0,50.0,50.0,91.5791244506836,0.0,41.579124450683594,41.579124450683594
833,83386.5,83583.2,83358.5,83565.7,5882.0,50.0,50.0,92.74883270263672,0.0,42.74883270263672,42.74883270263672
834,83564.7,83589.1,83495.9,83564.2,9029.0,50.0,50.0,92.30463409423828,0.0,42.30463409423828,42.30463409423828
835,83564.2,83567.0,83333.5,83333.5,10150.0,50.0,50.0,91.66871643066406,0.0,41.66871643066406,41.66871643066406
836,83333.4,83355.8,83152.8,83179.1,17827.0,50.0,50.0,86.7559814453125,0.0,36.7559814453125,36.7559814453125
837,83179.1,83306.3,83050.0,83302.2,11455.0,50.0,50.0,78.02871704101562,0.0,28.028717041015625,28.028717041015625
838,83311.7,83311.7,83137.3,83240.7,8036.0,50.0,50.0,66.47720336914062,0.0,16.477203369140625,16.477203369140625
839,83228.0,83278.0,83165.3,83272.9,7659.0,50.0,50.0,57.8986930847168,0.0,7.898693084716797,7.898693084716797
840,83268.7,83413.3,83182.0,83400.6,9926.0,50.0,50.0,53.66408920288086,0.0,3.6640892028808594,3.6640892028808594
841,83409.0,83420.5,83156.7,83156.7,9847.0,50.0,50.0,51.451568603515625,0.0,1.451568603515625,1.451568603515625
842,83156.6,83458.2,83136.0,83378.3,9308.0,50.0,50.0,52.437076568603516,0.0,2.4370765686035156,2.4370765686035156
843,83365.8,83487.3,83233.6,83282.3,8245.0,50.0,50.0,49.921382904052734,0.0,0.07861709594726562,0.07861709594726562
844,83286.5,83299.6,83106.7,83237.1,12591.0,50.0,50.0,49.518592834472656,0.0,0.48140716552734375,0.48140716552734375
845,83228.8,83428.0,83208.2,83400.3,11736.0,50.0,50.0,47.13658905029297,0.0,2.8634109497070312,2.8634109497070312
846,83400.4,83614.9,83355.6,83556.5,9782.0,50.0,50.0,52.83318328857422,0.0,2.8331832885742188,2.8331832885742188
847,83553.5,83566.5,83431.5,83466.6,5087.0,50.0,50.0,62.27866744995117,0.0,12.278667449951172,12.278667449951172
848,83455.0,83696.9,83436.8,83671.7,14552.0,50.0,50.0,75.24996948242188,0.0,25.249969482421875,25.249969482421875
849,83660.6,83887.3,83660.6,83796.7,25035.0,50.0,50.0,82.99299621582031,0.0,32.99299621582031,32.99299621582031
850,83810.9,83866.3,83527.8,83527.8,8582.0,50.0,50.0,84.54428100585938,0.0,34.544281005859375,34.544281005859375
851,83508.9,83671.5,83500.1,83644.1,7905.0,50.0,50.0,79.60803985595703,0.0,29.60803985595703,29.60803985595703
852,83644.0,83704.1,83595.4,83648.1,8093.0,50.0,50.0,72.52279663085938,0.0,22.522796630859375,22.522796630859375
853,83648.2,83792.6,83612.6,83745.6,7432.0,50.0,50.0,70.0450439453125,0.0,20.0450439453125,20.0450439453125
854,83753.4,83836.6,83745.2,83810.6,14244.0,50.0,50.0,72.9662094116211,0.0,22.966209411621094,22.966209411621094
855,83810.6,83911.9,83801.6,83908.4,9001.0,50.0,50.0,81.44638061523438,0.0,31.446380615234375,31.446380615234375
856,83909.4,83988.6,83880.9,83988.6,11285.0,50.0,50.0,89.18973541259766,0.0,39.189735412597656,39.189735412597656
857,83988.5,84346.8,83980.2,84217.3,20381.0,50.0,50.0,94.49449157714844,0.0,44.49449157714844,44.49449157714844
858,84217.2,84217.2,84061.1,84092.6,8302.0,50.0,50.0,94.010498046875,0.0,44.010498046875,44.010498046875
859,84079.8,84182.5,83988.6,84143.9,7843.0,50.0,50.0,89.23513793945312,0.0,39.235137939453125,39.235137939453125
860,84153.3,84185.7,83947.6,84021.0,8177.0,50.0,50.0,81.73372650146484,0.0,31.733726501464844,31.733726501464844
861,84016.8,84163.7,83968.7,84027.8,12205.0,50.0,50.0,75.2502212524414,0.0,25.250221252441406,25.250221252441406
862,84021.4,84043.1,83807.6,83847.9,9911.0,50.0,50.0,66.76861572265625,0.0,16.76861572265625,16.76861572265625
863,83843.7,83856.9,83719.5,83753.7,9225.0,50.0,50.0,57.253517150878906,0.0,7.253517150878906,7.253517150878906
864,83753.7,83776.9,83628.0,83628.0,8345.0,50.0,50.0,43.61509323120117,0.0,6.384906768798828,6.384906768798828
865,83627.2,83704.8,83567.2,83666.8,14747.0,50.0,50.0,31.104564666748047,0.0,18.895435333251953,18.895435333251953
866,83673.5,83715.7,83608.1,83699.0,5977.0,50.0,50.0,20.972627639770508,0.0,29.027372360229492,29.027372360229492
867,83695.6,83719.0,83549.8,83549.8,3452.0,50.0,50.0,14.700007438659668,0.0,35.29999256134033,35.29999256134033
868,83555.8,83589.6,83380.5,83405.1,40093.0,50.0,50.0,10.43547248840332,0.0,39.56452751159668,39.56452751159668
869,83408.1,83495.8,83404.0,83440.7,9717.0,50.0,50.0,6.43433141708374,0.0,43.56566858291626,43.56566858291626
870,83428.2,83583.5,83428.2,83571.6,7534.0,50.0,50.0,6.3090009689331055,0.0,43.690999031066895,43.690999031066895
871,83571.5,83598.2,83471.9,83564.6,6870.0,50.0,50.0,9.482155799865723,0.0,40.51784420013428,40.51784420013428
872,83564.5,83603.3,83409.2,83445.4,6639.0,50.0,50.0,14.044770240783691,0.0,35.95522975921631,35.95522975921631
873,83436.3,83466.5,83282.1,83453.4,7506.0,50.0,50.0,16.318912506103516,0.0,33.681087493896484,33.681087493896484
874,83452.5,83527.9,83427.1,83512.6,5215.0,50.0,50.0,16.891401290893555,0.0,33.108598709106445,33.108598709106445
875,83516.7,83790.7,83504.2,83747.7,11180.0,50.0,50.0,23.163156509399414,0.0,26.836843490600586,26.836843490600586
876,83757.6,83895.3,83741.6,83858.9,10276.0,50.0,50.0,37.87119674682617,0.0,12.128803253173828,12.128803253173828
877,83860.0,83932.9,83826.0,83932.9,6560.0,50.0,50.0,60.32501983642578,0.0,10.325019836425781,10.325019836425781
878,83940.1,83984.9,83859.6,83950.7,11958.0,50.0,50.0,80.648681640625,0.0,30.648681640625,30.648681640625
879,83937.7,83937.7,83837.1,83860.8,7627.0,50.0,50.0,91.32463073730469,0.0,41.32463073730469,41.32463073730469
880,83860.7,83988.5,83829.5,83944.8,3462.0,50.0,50.0,93.10712432861328,0.0,43.10712432861328,43.10712432861328
881,83937.9,84109.1,83936.9,84099.5,15827.0,50.0,50.0,91.52883911132812,0.0,41.528839111328125,41.528839111328125
882,84097.6,84195.8,84085.7,84107.1,6837.0,50.0,50.0,92.13648223876953,0.0,42.13648223876953,42.13648223876953
883,84141.4,84194.8,84112.1,84128.8,5869.0,50.0,50.0,93.30419158935547,0.0,43.30419158935547,43.30419158935547
884,84128.8,84152.8,84085.4,84138.0,5619.0,50.0,50.0,93.48643493652344,0.0,43.48643493652344,43.48643493652344
885,84144.3,84282.8,84077.0,84253.4,11736.0,50.0,50.0,93.53741455078125,0.0,43.53741455078125,43.53741455078125
886,84253.5,84346.9,84108.1,84123.6,12369.0,50.0,50.0,92.20040893554688,0.0,42.200408935546875,42.200408935546875
887,84123.6,84243.2,84105.0,84183.7,6456.0,50.0,50.0,90.168701171875,0.0,40.168701171875,40.168701171875
888,84183.7,84407.1,84175.8,84356.4,12382.0,50.0,50.0,87.08728790283203,0.0,37.08728790283203,37.08728790283203
889,84350.7,84350.7,84034.2,84086.3,10004.0,50.0,50.0,82.49518585205078,0.0,32.49518585205078,32.49518585205078
890,84076.6,84152.9,84047.1,84143.1,8864.0,50.0,50.0,76.09513854980469,0.0,26.095138549804688,26.095138549804688
891,84143.0,84386.4,84143.0,84366.4,7931.0,50.0,50.0,69.83358001708984,0.0,19.833580017089844,19.833580017089844
892,84370.6,84424.5,84153.4,84209.8,9858.0,50.0,50.0,67.94477844238281,0.0,17.944778442382812,17.944778442382812
893,84209.5,84308.4,84150.1,84244.1,10672.0,50.0,50.0,70.81156158447266,0.0,20.811561584472656,20.811561584472656
894,84231.7,84277.4,84197.8,84265.0,4751.0,50.0,50.0,70.98580932617188,0.0,20.985809326171875,20.985809326171875
895,84269.4,84294.7,84186.8,84188.0,4961.0,50.0,50.0,67.08995819091797,0.0,17.08995819091797,17.08995819091797
896,84197.3,84214.2,84110.1,84163.8,8754.0,50.0,50.0,57.46200180053711,0.0,7.462001800537109,7.462001800537109
897,84167.6,84237.4,84125.5,84197.2,7185.0,50.0,50.0,47.84942626953125,0.0,2.15057373046875,2.15057373046875
898,84199.2,84214.4,84134.1,84178.5,4214.0,50.0,50.0,40.68977355957031,0.0,9.310226440429688,9.310226440429688
899,84182.8,84243.3,84110.0,84110.1,9177.0,50.0,50.0,36.054508209228516,0.0,13.945491790771484,13.945491790771484
900,84110.0,84145.0,84000.9,84019.7,11135.0,50.0,50.0,30.108346939086914,0.0,19.891653060913086,19.891653060913086
901,84028.0,84028.1,83827.1,83878.1,31049.0,50.0,50.0,21.273298263549805,0.0,28.726701736450195,28.726701736450195
902,83878.0,84009.6,83856.5,83953.2,4463.0,50.0,50.0,14.1515474319458,0.0,35.8484525680542,35.8484525680542
903,83953.2,83980.8,83895.1,83918.3,6474.0,50.0,50.0,12.379796981811523,0.0,37.62020301818848,37.62020301818848
904,83914.2,83935.5,83852.8,83852.8,6679.0,50.0,50.0,13.296738624572754,0.0,36.703261375427246,36.703261375427246
905,83841.9,83860.5,83741.6,83755.0,7145.0,50.0,50.0,11.901616096496582,0.0,38.09838390350342,38.09838390350342
906,83759.2,83974.9,83745.7,83964.7,7273.0,50.0,50.0,11.980964660644531,0.0,38.01903533935547,38.01903533935547
907,83964.7,84032.4,83898.7,83969.7,9174.0,50.0,50.0,16.63532066345215,0.0,33.36467933654785,33.36467933654785
908,83969.7,84129.4,83968.1,84078.1,7156.0,50.0,50.0,29.958919525146484,0.0,20.041080474853516,20.041080474853516
909,84073.9,84201.0,84073.0,84196.5,8198.0,50.0,50.0,46.30630111694336,0.0,3.6936988830566406,3.6936988830566406
910,84201.7,84201.7,84025.3,84045.2,8063.0,50.0,50.0,60.69095230102539,0.0,10.69095230102539,10.69095230102539
911,84037.6,84037.8,83930.5,83979.7,5928.0,50.0,50.0,67.04714965820312,0.0,17.047149658203125,17.047149658203125
912,83977.9,83988.5,83936.0,83982.1,8969.0,50.0,50.0,62.95387649536133,0.0,12.953876495361328,12.953876495361328
913,83979.3,83979.3,83847.1,83847.1,3779.0,50.0,50.0,52.542816162109375,0.0,2.542816162109375,2.542816162109375
914,83847.2,83916.9,83827.6,83827.6,7451.0,50.0,50.0,40.42192077636719,0.0,9.578079223632812,9.578079223632812
915,83826.8,83826.8,83671.6,83685.5,10288.0,50.0,50.0,28.014263153076172,0.0,21.985736846923828,21.985736846923828
916,83677.2,83750.0,83586.7,83735.2,11544.0,50.0,50.0,19.917945861816406,0.0,30.082054138183594,30.082054138183594
917,83728.8,83728.8,83536.6,83616.9,42094.0,50.0,50.0,14.2826509475708,0.0,35.7173490524292,35.7173490524292
918,83619.0,83698.3,83610.0,83610.6,4024.0,50.0,50.0,14.627345085144043,0.0,35.37265491485596,35.37265491485596
919,83608.5,83630.5,83587.0,83611.6,4610.0,50.0,50.0,13.40687370300293,0.0,36.59312629699707,36.59312629699707
920,83615.8,83753.0,83608.5,83696.0,8401.0,50.0,50.0,14.243269920349121,0.0,35.75673007965088,35.75673007965088
921,83696.0,83808.4,83672.4,83771.7,8045.0,50.0,50.0,16.82608985900879,0.0,33.17391014099121,33.17391014099121
922,83771.9,83797.2,83687.7,83743.3,7048.0,50.0,50.0,23.038984298706055,0.0,26.961015701293945,26.961015701293945
923,83749.0,83833.7,83689.7,83817.0,7983.0,50.0,50.0,29.951826095581055,0.0,20.048173904418945,20.048173904418945
924,83825.4,83826.3,83705.9,83740.7,7670.0,50.0,50.0,34.7705192565918,0.0,15.229480743408203,15.229480743408203
925,83740.1,83775.0,83627.8,83677.6,7738.0,50.0,50.0,37.4029541015625,0.0,12.5970458984375,12.5970458984375
926,83666.0,83684.1,83608.1,83608.1,5996.0,50.0,50.0,35.124229431152344,0.0,14.875770568847656,14.875770568847656
927,83608.2,83629.2,83549.2,83576.1,6533.0,50.0,50.0,28.877613067626953,0.0,21.122386932373047,21.122386932373047
928,83583.8,83622.3,83548.1,83548.2,7330.0,50.0,50.0,19.584190368652344,0.0,30.415809631347656,30.415809631347656
929,83555.1,83706.1,83555.1,83672.0,10687.0,50.0,50.0,16.449626922607422,0.0,33.55037307739258,33.55037307739258
930,83678.4,84299.9,83579.7,84099.8,48233.0,50.0,50.0,23.729984283447266,0.0,26.270015716552734,26.270015716552734
931,84092.4,84256.8,83848.1,83896.1,20421.0,50.0,50.0,38.75267028808594,0.0,11.247329711914062,11.247329711914062
932,83897.1,84299.9,83792.0,84270.3,17872.0,50.0,50.0,56.116180419921875,0.0,6.116180419921875,6.116180419921875
933,84261.5,84293.4,83986.8,84269.2,10392.0,50.0,50.0,68.89463806152344,0.0,18.894638061523438,18.894638061523438
934,84269.3,84820.2,84269.3,84762.7,44408.0,50.0,50.0,82.42938995361328,0.0,32.42938995361328,32.42938995361328
935,84762.7,84900.0,84485.0,84890.9,32741.0,50.0,50.0,90.7168960571289,0.0,40.716896057128906,40.716896057128906
936,84890.9,85001.8,84816.5,84976.8,62131.0,50.0,50.0,96.80780029296875,0.0,46.80780029296875,46.80780029296875
937,84972.3,85140.8,84857.4,84864.4,30059.0,50.0,50.0,96.0070571899414,0.0,46.007057189941406,46.007057189941406
938,84860.9,84992.7,84711.4,84800.2,12249.0,50.0,50.0,92.54235076904297,0.0,42.54235076904297,42.54235076904297
939,84797.1,85040.4,84796.9,84863.8,11989.0,50.0,50.0,87.07371520996094,0.0,37.07371520996094,37.07371520996094
940,84855.5,85041.6,84700.0,85007.8,10696.0,50.0,50.0,84.03147888183594,0.0,34.03147888183594,34.03147888183594
941,85007.8,85267.7,85007.8,85169.7,18893.0,50.0,50.0,85.03337860107422,0.0,35.03337860107422,35.03337860107422
942,85171.3,85279.8,84913.6,85028.8,11743.0,50.0,50.0,88.09203338623047,0.0,38.09203338623047,38.09203338623047
943,85028.8,85028.8,84774.4,84815.3,17450.0,50.0,50.0,88.0423583984375,0.0,38.0423583984375,38.0423583984375
944,84815.3,84968.6,84772.1,84907.1,9999.0,50.0,50.0,84.09970092773438,0.0,34.099700927734375,34.099700927734375
945,84917.0,84984.1,84649.0,84660.5,12520.0,50.0,50.0,76.83366394042969,0.0,26.833663940429688,26.833663940429688
946,84656.3,84699.8,84407.8,84436.5,15972.0,50.0,50.0,67.46465301513672,0.0,17.46465301513672,17.46465301513672
947,84434.9,84539.6,84235.7,84261.3,11651.0,50.0,50.0,52.19036865234375,0.0,2.19036865234375,2.19036865234375
948,84265.7,84645.9,84251.6,84645.8,25414.0,50.0,50.0,37.80213165283203,0.0,12.197868347167969,12.197868347167969
949,84640.6,84671.3,84374.2,84546.2,8208.0,50.0,50.0,27.06467628479004,0.0,22.93532371520996,22.93532371520996
950,84534.6,84682.1,84494.5,84649.9,18914.0,50.0,50.0,28.518064498901367,0.0,21.481935501098633,21.481935501098633
951,84650.6,84986.8,84570.9,84893.5,17548.0,50.0,50.0,34.72941207885742,0.0,15.270587921142578,15.270587921142578
952,84893.4,85162.0,84781.0,85125.8,20141.0,50.0,50.0,47.66884994506836,0.0,2.3311500549316406,2.3311500549316406
953,85141.6,85217.2,85078.1,85179.5,8645.0,50.0,50.0,62.108787536621094,0.0,12.108787536621094,12.108787536621094
954,85179.5,85427.9,85162.8,85400.7,20955.0,50.0,50.0,77.7701644897461,0.0,27.770164489746094,27.770164489746094
955,85403.5,85488.7,85308.4,85417.0,8141.0,50.0,50.0,88.26659393310547,0.0,38.26659393310547,38.26659393310547
956,85417.0,85417.0,85030.7,85069.6,20538.0,50.0,50.0,90.47798919677734,0.0,40.477989196777344,40.477989196777344
957,85055.6,85190.8,85055.6,85060.6,6663.0,50.0,50.0,85.28913879394531,0.0,35.28913879394531,35.28913879394531
958,85060.1,85154.7,85000.1,85122.8,11759.0,50.0,50.0,76.4884033203125,0.0,26.4884033203125,26.4884033203125
959,85122.8,85122.8,84836.1,84836.2,16029.0,50.0,50.0,68.26705932617188,0.0,18.267059326171875,18.267059326171875
960,84836.2,85103.4,84806.1,84820.4,13616.0,50.0,50.0,61.458473205566406,0.0,11.458473205566406,11.458473205566406
961,84812.1,84833.6,84582.3,84582.3,12104.0,50.0,50.0,52.36252212524414,0.0,2.3625221252441406,2.3625221252441406
962,84578.1,84628.0,84460.8,84469.8,16158.0,50.0,50.0,40.96429443359375,0.0,9.03570556640625,9.03570556640625
963,84470.8,84551.8,84329.4,84551.7,10543.0,50.0,50.0,28.641874313354492,0.0,21.358125686645508,21.358125686645508
964,84556.0,84601.9,84415.7,84555.3,7480.0,50.0,50.0,20.41060447692871,0.0,29.58939552307129,29.58939552307129
965,84539.0,84713.2,84494.4,84632.7,20191.0,50.0,50.0,18.505231857299805,0.0,31.494768142700195,31.494768142700195
966,84632.6,84788.1,84526.3,84670.7,11339.0,50.0,50.0,20.794605255126953,0.0,29.205394744873047,29.205394744873047
967,84670.0,84670.5,84503.8,84520.0,8458.0,50.0,50.0,23.550769805908203,0.0,26.449230194091797,26.449230194091797
968,84520.1,84558.2,84307.6,84440.3,13741.0,50.0,50.0,22.694364547729492,0.0,27.305635452270508,27.305635452270508
969,84440.3,84502.6,84340.4,84454.2,4812.0,50.0,50.0,18.89454460144043,0.0,31.10545539855957,31.10545539855957
970,84454.1,84461.6,84317.9,84424.8,8405.0,50.0,50.0,15.080625534057617,0.0,34.91937446594238,34.91937446594238
971,84424.8,84466.4,84317.9,84428.5,5970.0,50.0,50.0,13.262805938720703,0.0,36.7371940612793,36.7371940612793
972,84428.5,84469.6,84304.4,84328.8,6193.0,50.0,50.0,12.110840797424316,0.0,37.889159202575684,37.889159202575684
973,84324.6,84341.3,84047.4,84155.2,19509.0,50.0,50.0,10.971193313598633,0.0,39.02880668640137,39.02880668640137
974,84155.2,84252.7,84064.1,84174.1,6456.0,50.0,50.0,9.698955535888672,0.0,40.30104446411133,40.30104446411133
975,84174.1,84294.7,84169.0,84187.5,9896.0,50.0,50.0,11.334127426147461,0.0,38.66587257385254,38.66587257385254
976,84186.0,84243.8,84129.5,84130.9,5068.0,50.0,50.0,13.427632331848145,0.0,36.572367668151855,36.572367668151855
977,84124.0,84124.0,83836.9,83943.2,13960.0,50.0,50.0,14.767377853393555,0.0,35.232622146606445,35.232622146606445
978,83943.3,84075.7,83943.3,84063.2,18572.0,50.0,50.0,14.878602981567383,0.0,35.12139701843262,35.12139701843262
979,84067.1,84202.8,84029.6,84184.1,18730.0,50.0,50.0,17.674728393554688,0.0,32.32527160644531,32.32527160644531
980,84184.6,84201.2,83800.1,83860.5,9955.0,50.0,50.0,20.54900550842285,0.0,29.45099449157715,29.45099449157715
981,83860.4,83911.7,83750.0,83803.1,9483.0,50.0,50.0,20.96796989440918,0.0,29.03203010559082,29.03203010559082
982,83803.4,84003.3,83686.4,83926.7,14106.0,50.0,50.0,17.799365997314453,0.0,32.20063400268555,32.20063400268555
983,83936.7,84116.6,83895.2,84063.1,5934.0,50.0,50.0,19.6746768951416,0.0,30.3253231048584,30.3253231048584
984,84063.0,84068.0,83884.0,84056.9,11360.0,50.0,50.0,27.989599227905273,0.0,22.010400772094727,22.010400772094727
985,84058.9,84344.3,84000.1,84130.2,22610.0,50.0,50.0,40.113773345947266,0.0,9.886226654052734,9.886226654052734
986,84143.8,84143.8,83805.5,83890.7,6890.0,50.0,50.0,45.771034240722656,0.0,4.228965759277344,4.228965759277344
987,83898.4,83898.4,83725.7,83767.8,7933.0,50.0,50.0,43.020668029785156,0.0,6.979331970214844,6.979331970214844
988,83769.1,83833.8,83644.4,83698.6,9021.0,50.0,50.0,31.809803009033203,0.0,18.190196990966797,18.190196990966797
989,83698.6,83698.6,83592.7,83631.9,7309.0,50.0,50.0,19.62165641784668,0.0,30.37834358215332,30.37834358215332
990,83628.6,83711.6,83506.1,83646.8,14344.0,50.0,50.0,11.805314064025879,0.0,38.19468593597412,38.19468593597412
991,83640.5,83826.1,83518.1,83826.1,13397.0,50.0,50.0,12.806055068969727,0.0,37.19394493103027,37.19394493103027
992,83826.2,83863.0,83730.3,83806.9,14159.0,50.0,50.0,20.085737228393555,0.0,29.914262771606445,29.914262771606445
993,83793.4,83807.0,83529.3,83542.8,39490.0,50.0,50.0,25.4964599609375,0.0,24.5035400390625,24.5035400390625
994,83541.2,83617.5,83335.1,83363.5,30566.0,50.0,50.0,23.59650421142578,0.0,26.40349578857422,26.40349578857422
995,83364.5,83410.2,83294.4,83322.6,14210.0,50.0,50.0,14.599740028381348,0.0,35.40025997161865,35.40025997161865
996,83329.0,83414.6,83195.0,83211.9,12244.0,50.0,50.0,6.658535480499268,0.0,43.34146451950073,43.34146451950073
997,83211.9,83284.2,83062.6,83228.9,68510.0,50.0,50.0,3.7755625247955322,0.0,46.22443747520447,46.22443747520447
998,83244.1,83284.0,83121.4,83169.0,11905.0,50.0,50.0,5.205377578735352,0.0,44.79462242126465,44.79462242126465
999,83175.6,83183.9,82916.8,82937.8,19501.0,50.0,50.0,6.985051155090332,0.0,43.01494884490967,43.01494884490967
1000,82925.6,82963.6,82843.7,82875.6,29655.0,50.0,50.0,6.530155658721924,0.0,43.469844341278076,43.469844341278076
1001,82876.6,83021.4,82870.1,82967.0,8328.0,50.0,50.0,5.873012065887451,0.0,44.12698793411255,44.12698793411255
1002,82972.2,83028.8,82784.3,82884.9,14024.0,50.0,50.0,6.035147190093994,0.0,43.964852809906006,43.964852809906006
1003,82870.4,83052.6,82846.0,83030.4,9470.0,50.0,50.0,9.501781463623047,0.0,40.49821853637695,40.49821853637695
1004,83030.4,83299.0,83030.4,83225.5,16092.0,50.0,50.0,15.747316360473633,0.0,34.25268363952637,34.25268363952637
1005,83225.5,83375.9,83118.9,83354.1,17205.0,50.0,50.0,25.979772567749023,0.0,24.020227432250977,24.020227432250977
1006,83346.1,83366.1,83235.0,83327.7,13563.0,50.0,50.0,37.38218307495117,0.0,12.617816925048828,12.617816925048828
1007,83327.7,83387.0,83234.4,83319.0,10598.0,50.0,50.0,48.16994094848633,0.0,1.8300590515136719,1.8300590515136719
1008,83328.2,83367.4,83068.8,83169.0,9307.0,50.0,50.0,55.037078857421875,0.0,5.037078857421875,5.037078857421875
1009,83191.0,83333.0,83145.0,83262.0,5816.0,50.0,50.0,61.05257034301758,0.0,11.052570343017578,11.052570343017578
1010,83261.8,83261.8,83098.2,83204.9,7128.0,50.0,50.0,65.10565185546875,0.0,15.10565185546875,15.10565185546875
1011,83205.8,83210.9,82950.1,83020.0,10240.0,50.0,50.0,65.81005096435547,0.0,15.810050964355469,15.810050964355469
1012,83010.3,83025.3,82811.0,82841.7,16781.0,50.0,50.0,56.634517669677734,0.0,6.634517669677734,6.634517669677734
1013,82845.8,82866.4,82718.4,82830.3,12697.0,50.0,50.0,40.94108200073242,0.0,9.058917999267578,9.058917999267578
1014,82857.7,83147.1,82857.7,83096.5,12846.0,50.0,50.0,29.62211799621582,0.0,20.37788200378418,20.37788200378418
1015,83085.2,83168.2,82984.1,83070.7,10440.0,50.0,50.0,30.462312698364258,0.0,19.537687301635742,19.537687301635742
1016,83080.9,83200.2,82974.4,83158.8,10932.0,50.0,50.0,42.656070709228516,0.0,7.343929290771484,7.343929290771484
1017,83158.9,83160.0,82927.1,82927.1,5971.0,50.0,50.0,50.09653091430664,0.0,0.09653091430664062,0.09653091430664062
1018,82922.4,82988.2,82783.7,82963.5,13592.0,50.0,50.0,50.95899963378906,0.0,0.9589996337890625,0.9589996337890625
1019,82965.8,82977.4,82875.1,82922.3,7153.0,50.0,50.0,42.43205642700195,0.0,7.567943572998047,7.567943572998047
1020,82922.3,83030.4,82889.2,82941.3,11976.0,50.0,50.0,36.956153869628906,0.0,13.043846130371094,13.043846130371094
1021,82950.1,83099.9,82902.3,83002.0,9003.0,50.0,50.0,34.04395294189453,0.0,15.956047058105469,15.956047058105469
1022,82996.5,83020.0,82769.9,82843.9,19729.0,50.0,50.0,33.94239807128906,0.0,16.057601928710938,16.057601928710938
1023,82843.8,82883.9,82707.7,82783.4,17817.0,50.0,50.0,31.418617248535156,0.0,18.581382751464844,18.581382751464844
1024,82762.5,82762.5,82445.9,82450.1,38999.0,50.0,50.0,23.318368911743164,0.0,26.681631088256836,26.681631088256836
1025,82457.3,82604.0,82310.6,82464.0,20183.0,50.0,50.0,15.984818458557129,0.0,34.01518154144287,34.01518154144287
1026,82463.2,82533.3,82345.6,82498.0,12211.0,50.0,50.0,11.660294532775879,0.0,38.33970546722412,38.33970546722412
1027,82490.7,82738.0,82431.8,82664.8,11469.0,50.0,50.0,16.492931365966797,0.0,33.5070686340332,33.5070686340332
1028,82683.2,83082.3,82666.0,82839.8,14730.0,50.0,50.0,26.37217903137207,0.0,23.62782096862793,23.62782096862793
1029,82843.1,82933.7,82700.1,82887.1,6414.0,50.0,50.0,40.288597106933594,0.0,9.711402893066406,9.711402893066406
1030,82888.2,82990.1,82829.2,82875.8,8653.0,50.0,50.0,52.81167984008789,0.0,2.8116798400878906,2.8116798400878906
1031,82888.0,82961.2,82739.9,82799.9,10151.0,50.0,50.0,60.91936492919922,0.0,10.919364929199219,10.919364929199219
1032,82820.8,82825.6,82633.4,82714.6,15778.0,50.0,50.0,62.653900146484375,0.0,12.653900146484375,12.653900146484375
1033,82715.6,82988.3,82715.6,82955.1,9882.0,50.0,50.0,63.098289489746094,0.0,13.098289489746094,13.098289489746094
1034,82963.1,82967.7,82783.6,82919.9,7372.0,50.0,50.0,64.95364379882812,0.0,14.953643798828125,14.953643798828125
1035,82913.9,82927.3,82831.9,82909.1,4950.0,50.0,50.0,71.25247192382812,0.0,21.252471923828125,21.252471923828125
1036,82910.5,82960.7,82740.6,82909.9,8216.0,50.0,50.0,75.42802429199219,0.0,25.428024291992188,25.428024291992188
1037,82921.7,83124.8,82802.1,82885.1,10440.0,50.0,50.0,77.1771469116211,0.0,27.177146911621094,27.177146911621094
1038,82885.2,82910.2,82579.6,82602.9,8948.0,50.0,50.0,71.36758422851562,0.0,21.367584228515625,21.367584228515625
1039,82597.0,82746.2,82551.9,82745.7,6251.0,50.0,50.0,63.07841110229492,0.0,13.078411102294922,13.078411102294922
1040,82746.0,82972.1,82713.0,82924.8,8474.0,50.0,50.0,55.590782165527344,0.0,5.590782165527344,5.590782165527344
1041,82931.2,83200.3,82842.8,83181.5,11690.0,50.0,50.0,59.5317497253418,0.0,9.531749725341797,9.531749725341797
1042,83169.5,83271.3,82972.3,82976.7,31206.0,50.0,50.0,67.25201416015625,0.0,17.25201416015625,17.25201416015625
1043,82981.4,83032.6,82853.1,82971.3,13061.0,50.0,50.0,73.48106384277344,0.0,23.481063842773438,23.481063842773438
1044,82965.3,83145.1,82965.3,83098.3,9214.0,50.0,50.0,70.56011962890625,0.0,20.56011962890625,20.56011962890625
1045,83087.7,83197.7,82994.5,83182.7,6665.0,50.0,50.0,69.965087890625,0.0,19.965087890625,19.965087890625
1046,83178.7,83229.1,83127.5,83133.0,7498.0,50.0,50.0,73.29438018798828,0.0,23.29438018798828,23.29438018798828
1047,83128.0,83223.0,83102.7,83174.7,5256.0,50.0,50.0,80.15365600585938,0.0,30.153656005859375,30.153656005859375
1048,83174.6,83307.3,83072.9,83184.5,35632.0,50.0,50.0,83.39337158203125,0.0,33.39337158203125,33.39337158203125
1049,83184.6,83284.5,83088.8,83284.5,6360.0,50.0,50.0,85.93626403808594,0.0,35.93626403808594,35.93626403808594
1050,83272.9,83346.8,83179.9,83179.9,13760.0,50.0,50.0,86.45803833007812,0.0,36.458038330078125,36.458038330078125
1051,83179.7,83184.8,83045.7,83052.5,4461.0,50.0,50.0,85.11022186279297,0.0,35.11022186279297,35.11022186279297
1052,83052.4,83146.3,82935.9,83116.1,10939.0,50.0,50.0,79.07237243652344,0.0,29.072372436523438,29.072372436523438
1053,83100.4,83247.2,83088.1,83180.9,7460.0,50.0,50.0,73.30009460449219,0.0,23.300094604492188,23.300094604492188
1054,83176.7,83247.2,83113.7,83113.7,4538.0,50.0,50.0,68.81022644042969,0.0,18.810226440429688,18.810226440429688
1055,83112.5,83218.2,83097.6,83143.2,4559.0,50.0,50.0,65.85228729248047,0.0,15.852287292480469,15.852287292480469
1056,83147.8,83445.2,83122.1,83399.3,9186.0,50.0,50.0,65.51671600341797,0.0,15.516716003417969,15.516716003417969
1057,83393.7,83643.2,83384.8,83617.9,18477.0,50.0,50.0,70.94745635986328,0.0,20.94745635986328,20.94745635986328
1058,83616.3,83796.2,83572.4,83765.2,20164.0,50.0,50.0,81.91731262207031,0.0,31.917312622070312,31.917312622070312
1059,83761.1,83769.4,83530.7,83549.3,9553.0,50.0,50.0,88.5128402709961,0.0,38.512840270996094,38.512840270996094
1060,83552.4,83699.9,83552.4,83664.0,8323.0,50.0,50.0,89.05719757080078,0.0,39.05719757080078,39.05719757080078
1061,83663.9,83696.4,83552.1,83583.8,8161.0,50.0,50.0,83.0769271850586,0.0,33.076927185058594,33.076927185058594
1062,83581.5,83617.6,83483.5,83502.9,9247.0,50.0,50.0,78.8248291015625,0.0,28.8248291015625,28.8248291015625
1063,83498.6,83528.3,83410.5,83410.5,6310.0,50.0,50.0,72.6086196899414,0.0,22.608619689941406,22.608619689941406
1064,83419.0,83419.1,83243.2,83355.1,44546.0,50.0,50.0,65.78166198730469,0.0,15.781661987304688,15.781661987304688
1065,83365.5,83365.5,83137.7,83245.0,10509.0,50.0,50.0,56.22311782836914,0.0,6.223117828369141,6.223117828369141
1066,83244.9,83472.3,83217.3,83376.4,11346.0,50.0,50.0,48.33275604248047,0.0,1.6672439575195312,1.6672439575195312
1067,83379.7,83599.9,83379.7,83593.4,5674.0,50.0,50.0,45.867469787597656,0.0,4.132530212402344,4.132530212402344
1068,83593.4,83810.5,83593.4,83773.3,12094.0,50.0,50.0,53.27214813232422,0.0,3.2721481323242188,3.2721481323242188
1069,83778.5,83884.0,83778.5,83853.8,8720.0,50.0,50.0,68.42953491210938,0.0,18.429534912109375,18.429534912109375
1070,83856.0,83932.0,83741.5,83919.5,6771.0,50.0,50.0,84.16622924804688,0.0,34.166229248046875,34.166229248046875
1071,83916.6,84107.5,83916.6,84096.0,22793.0,50.0,50.0,93.81188201904297,0.0,43.81188201904297,43.81188201904297
1072,84094.0,84469.1,84059.2,84469.1,44748.0,50.0,50.0,97.75113677978516,0.0,47.751136779785156,47.751136779785156
1073,84469.1,84537.4,84331.0,84471.8,17837.0,50.0,50.0,98.29378509521484,0.0,48.293785095214844,48.293785095214844
1074,84468.2,84514.9,84353.3,84407.5,7191.0,50.0,50.0,97.48894500732422,0.0,47.48894500732422,47.48894500732422
1075,84405.0,84594.4,84400.8,84531.8,17853.0,50.0,50.0,95.76612854003906,0.0,45.76612854003906,45.76612854003906
1076,84531.8,84779.9,84531.8,84728.3,10834.0,50.0,50.0,94.56084442138672,0.0,44.56084442138672,44.56084442138672
1077,84726.2,84730.2,84553.1,84639.2,8104.0,50.0,50.0,94.33419036865234,0.0,44.334190368652344,44.334190368652344
1078,84645.4,84843.4,84645.4,84788.6,6836.0,50.0,50.0,94.70558166503906,0.0,44.70558166503906,44.70558166503906
1079,84802.4,84937.8,84788.9,84921.0,9863.0,50.0,50.0,95.14600372314453,0.0,45.14600372314453,45.14600372314453
1080,84921.0,84963.5,84713.3,84825.4,29305.0,50.0,50.0,95.49031066894531,0.0,45.49031066894531,45.49031066894531
1081,84825.4,84832.5,84578.6,84643.4,31444.0,50.0,50.0,93.47509002685547,0.0,43.47509002685547,43.47509002685547
1082,84648.7,84856.0,84635.0,84707.8,12198.0,50.0,50.0,89.00269317626953,0.0,39.00269317626953,39.00269317626953
1083,84713.1,84934.3,84713.1,84924.9,22912.0,50.0,50.0,85.1650619506836,0.0,35.165061950683594,35.165061950683594
1084,84924.9,85000.0,84870.7,84992.2,7445.0,50.0,50.0,86.08236694335938,0.0,36.082366943359375,36.082366943359375
1085,84988.3,85033.8,84865.2,84981.3,7177.0,50.0,50.0,90.9426498413086,0.0,40.942649841308594,40.942649841308594
1086,84981.5,85175.3,84981.5,85131.6,10751.0,50.0,50.0,94.96102142333984,0.0,44.961021423339844,44.961021423339844
1087,85132.1,85495.4,85088.0,85405.6,32002.0,50.0,50.0,95.66978454589844,0.0,45.66978454589844,45.66978454589844
1088,85414.1,85414.1,85208.4,85305.7,15830.0,50.0,50.0,93.3250732421875,0.0,43.3250732421875,43.3250732421875
1089,85305.7,85471.1,85301.4,85384.0,5496.0,50.0,50.0,90.49493408203125,0.0,40.49493408203125,40.49493408203125
1090,85383.9,85383.9,85109.7,85229.7,15122.0,50.0,50.0,86.19908142089844,0.0,36.19908142089844,36.19908142089844
1091,85228.3,85329.5,85143.0,85234.0,10143.0,50.0,50.0,81.98780822753906,0.0,31.987808227539062,31.987808227539062
1092,85242.4,85311.9,85073.9,85155.1,14359.0,50.0,50.0,75.64629364013672,0.0,25.64629364013672,25.64629364013672
1093,85166.3,85242.2,85024.3,85132.6,10146.0,50.0,50.0,70.3001708984375,0.0,20.3001708984375,20.3001708984375
1094,85162.9,85233.7,85104.3,85130.0,9191.0,50.0,50.0,64.93607330322266,0.0,14.936073303222656,14.936073303222656
1095,85131.1,85316.6,85120.1,85194.0,7822.0,50.0,50.0,62.6436767578125,0.0,12.6436767578125,12.6436767578125
1096,85201.8,85285.2,85079.0,85131.4,8329.0,50.0,50.0,60.842193603515625,0.0,10.842193603515625,10.842193603515625
1097,85160.4,85295.5,84984.1,85144.8,17961.0,50.0,50.0,58.54804611206055,0.0,8.548046112060547,8.548046112060547
1098,85144.8,85407.8,85127.1,85361.0,17528.0,50.0,50.0,57.544532775878906,0.0,7.544532775878906,7.544532775878906
1099,85361.0,85448.1,85123.2,85123.2,8249.0,50.0,50.0,54.43671417236328,0.0,4.436714172363281,4.436714172363281
1100,85123.2,85130.6,84951.8,85037.8,10494.0,50.0,50.0,49.91022872924805,0.0,0.08977127075195312,0.08977127075195312
1101,85042.0,85250.6,85016.8,85054.9,12391.0,50.0,50.0,37.32558822631836,0.0,12.67441177368164,12.67441177368164
1102,85063.5,85277.3,85063.5,85188.7,10834.0,50.0,50.0,29.623388290405273,0.0,20.376611709594727,20.376611709594727
1103,85187.8,85337.9,85118.3,85337.9,10198.0,50.0,50.0,31.97903823852539,0.0,18.02096176147461,18.02096176147461
1104,85346.5,85444.5,85329.2,85392.6,13602.0,50.0,50.0,48.5328369140625,0.0,1.4671630859375,1.4671630859375
1105,85393.9,85561.9,85319.7,85418.8,11914.0,50.0,50.0,66.51763153076172,0.0,16.51763153076172,16.51763153076172
1106,85417.8,85429.4,85300.1,85300.4,8748.0,50.0,50.0,75.32111358642578,0.0,25.32111358642578,25.32111358642578
1107,85300.0,85300.0,85090.5,85152.2,6980.0,50.0,50.0,70.2431640625,0.0,20.2431640625,20.2431640625
1108,85153.2,85165.3,85047.3,85085.0,10597.0,50.0,50.0,55.650047302246094,0.0,5.650047302246094,5.650047302246094
1109,85085.0,85226.7,85085.0,85199.7,8634.0,50.0,50.0,41.51830291748047,0.0,8.481697082519531,8.481697082519531
1110,85195.7,85336.2,85195.7,85319.5,6052.0,50.0,50.0,36.65216827392578,0.0,13.347831726074219,13.347831726074219
1111,85325.4,85429.3,85285.5,85289.7,7594.0,50.0,50.0,41.593143463134766,0.0,8.406856536865234,8.406856536865234
1112,85285.6,85346.4,85205.0,85346.4,5640.0,50.0,50.0,51.039573669433594,0.0,1.0395736694335938,1.0395736694335938
1113,85342.2,85423.8,85333.7,85423.7,8240.0,50.0,50.0,59.336944580078125,0.0,9.336944580078125,9.336944580078125
1114,85410.8,85471.1,85387.4,85430.1,7198.0,50.0,50.0,66.17698669433594,0.0,16.176986694335938,16.176986694335938
1115,85426.0,85471.1,85315.3,85394.0,5488.0,50.0,50.0,70.64488983154297,0.0,20.64488983154297,20.64488983154297
1116,85397.6,85463.6,85352.0,85463.6,7635.0,50.0,50.0,73.60945129394531,0.0,23.609451293945312,23.609451293945312
1117,85471.1,85471.1,85238.8,85252.8,8913.0,50.0,50.0,70.31578063964844,0.0,20.315780639648438,20.315780639648438
1118,85247.5,85285.1,85058.4,85130.4,12347.0,50.0,50.0,61.03105926513672,0.0,11.031059265136719,11.031059265136719
1119,85139.0,85276.5,85129.6,85169.9,15130.0,50.0,50.0,45.577518463134766,0.0,4.422481536865234,4.422481536865234
1120,85181.6,85200.2,85075.3,85088.0,8698.0,50.0,50.0,30.741558074951172,0.0,19.258441925048828,19.258441925048828
1121,85088.0,85200.0,84990.6,85200.0,18433.0,50.0,50.0,24.645036697387695,0.0,25.354963302612305,25.354963302612305
1122,85200.0,85268.6,85181.8,85237.4,5815.0,50.0,50.0,26.8155574798584,0.0,23.1844425201416,23.1844425201416
1123,85240.1,85268.1,85166.9,85205.4,5931.0,50.0,50.0,36.25587463378906,0.0,13.744125366210938,13.744125366210938
1124,85198.0,85198.4,85125.6,85172.6,3847.0,50.0,50.0,42.01478958129883,0.0,7.985210418701172,7.985210418701172
1125,85173.4,85384.5,85173.4,85335.4,18953.0,50.0,50.0,47.54722213745117,0.0,2.452777862548828,2.452777862548828
1126,85343.1,85349.8,85102.7,85181.6,8900.0,50.0,50.0,48.629539489746094,0.0,1.3704605102539062,1.3704605102539062
1127,85186.6,85246.2,85127.0,85230.2,5599.0,50.0,50.0,51.677398681640625,0.0,1.677398681640625,1.677398681640625
1128,85224.5,85288.6,85170.3,85281.0,4742.0,50.0,50.0,51.20118713378906,0.0,1.2011871337890625,1.2011871337890625
1129,85281.0,85355.8,85279.4,85318.8,9746.0,50.0,50.0,54.44776916503906,0.0,4.4477691650390625,4.4477691650390625
1130,85318.7,85318.7,85180.9,85189.8,5384.0,50.0,50.0,55.42801284790039,0.0,5.428012847900391,5.428012847900391
1131,85183.3,85269.7,85161.6,85223.7,6086.0,50.0,50.0,57.52632141113281,0.0,7.5263214111328125,7.5263214111328125
1132,85222.7,85222.7,85020.0,85020.0,7734.0,50.0,50.0,49.69218063354492,0.0,0.3078193664550781,0.3078193664550781
1133,85006.4,85052.3,84906.1,84906.1,7145.0,50.0,50.0,38.18619155883789,0.0,11.81380844116211,11.81380844116211
1134,84905.8,84951.2,84779.9,84868.0,12524.0,50.0,50.0,21.863801956176758,0.0,28.136198043823242,28.136198043823242
1135,84860.9,85071.5,84860.9,84990.3,8568.0,50.0,50.0,15.338688850402832,0.0,34.66131114959717,34.66131114959717
1136,84988.0,84988.0,84879.2,84910.6,8412.0,50.0,50.0,15.821785926818848,0.0,34.17821407318115,34.17821407318115
1137,84910.7,84992.1,84867.1,84961.3,5568.0,50.0,50.0,22.9757022857666,0.0,27.0242977142334,27.0242977142334
1138,84957.2,85017.6,84882.3,84901.1,4003.0,50.0,50.0,25.453086853027344,0.0,24.546913146972656,24.546913146972656
1139,84897.8,84949.5,84831.7,84855.1,9828.0,50.0,50.0,24.577390670776367,0.0,25.422609329223633,25.422609329223633
1140,84871.0,84949.6,84782.5,84790.1,4940.0,50.0,50.0,18.850313186645508,0.0,31.149686813354492,31.149686813354492
1141,84788.3,84808.4,84700.0,84751.4,8883.0,50.0,50.0,13.405851364135742,0.0,36.59414863586426,36.59414863586426
1142,84754.7,84754.7,84570.5,84612.5,12330.0,50.0,50.0,8.05578327178955,0.0,41.94421672821045,41.94421672821045
1143,84604.1,84637.0,84327.4,84423.9,40936.0,50.0,50.0,6.727297782897949,0.0,43.27270221710205,43.27270221710205
1144,84420.7,84420.7,84208.6,84229.8,10888.0,50.0,50.0,6.106495380401611,0.0,43.89350461959839,43.89350461959839
1145,84229.8,84290.6,84004.7,84024.3,17100.0,50.0,50.0,5.926858901977539,0.0,44.07314109802246,44.07314109802246
1146,84012.6,84258.9,83913.9,84150.8,11053.0,50.0,50.0,6.054665565490723,0.0,43.94533443450928,43.94533443450928
1147,84150.8,84159.2,83900.0,83998.3,31858.0,50.0,50.0,7.541725158691406,0.0,42.458274841308594,42.458274841308594
1148,83998.4,84009.6,83758.2,83909.4,21347.0,50.0,50.0,10.54473876953125,0.0,39.45526123046875,39.45526123046875
1149,83909.5,84162.2,83873.9,84122.5,18923.0,50.0,50.0,13.295721054077148,0.0,36.70427894592285,36.70427894592285
1150,84122.4,84122.4,83911.3,83937.3,10531.0,50.0,50.0,15.984113693237305,0.0,34.015886306762695,34.015886306762695
1151,83951.5,84061.3,83783.2,83928.5,11695.0,50.0,50.0,17.795333862304688,0.0,32.20466613769531,32.20466613769531
1152,83934.7,83934.7,83774.4,83783.4,7850.0,50.0,50.0,15.687315940856934,0.0,34.312684059143066,34.312684059143066
1153,83792.7,83857.4,83586.1,83627.4,36647.0,50.0,50.0,11.687993049621582,0.0,38.31200695037842,38.31200695037842
1154,83623.2,83674.0,83547.0,83663.7,8006.0,50.0,50.0,6.990934371948242,0.0,43.00906562805176,43.00906562805176
1155,83660.6,83695.7,83545.4,83676.7,7245.0,50.0,50.0,6.244385719299316,0.0,43.755614280700684,43.755614280700684
1156,83682.7,83777.7,83607.0,83716.5,13175.0,50.0,50.0,8.146444320678711,0.0,41.85355567932129,41.85355567932129
1157,83715.4,83715.4,83408.4,83449.0,20753.0,50.0,50.0,9.94062614440918,0.0,40.05937385559082,40.05937385559082
1158,83446.0,83498.2,83387.0,83480.7,13874.0,50.0,50.0,10.70914077758789,0.0,39.29085922241211,39.29085922241211
1159,83493.3,83525.2,83452.6,83455.1,6233.0,50.0,50.0,9.19884967803955,0.0,40.80115032196045,40.80115032196045
1160,83471.8,83471.8,83291.7,83334.0,12585.0,50.0,50.0,8.365134239196777,0.0,41.63486576080322,41.63486576080322
1161,83342.4,83617.9,83325.6,83576.7,11625.0,50.0,50.0,10.07116985321045,0.0,39.92883014678955,39.92883014678955
1162,83584.9,83594.5,83415.2,83489.9,7671.0,50.0,50.0,14.312861442565918,0.0,35.68713855743408,35.68713855743408
1163,83460.4,83604.4,83436.0,83525.7,6586.0,50.0,50.0,21.05034637451172,0.0,28.94965362548828,28.94965362548828
1164,83525.8,83653.4,83477.7,83620.6,9151.0,50.0,50.0,26.41305160522461,0.0,23.58694839477539,23.58694839477539
1165,83629.0,83964.9,83580.7,83882.4,25524.0,50.0,50.0,37.3335075378418,0.0,12.666492462158203,12.666492462158203
1166,83890.1,83915.8,83752.2,83793.9,9105.0,50.0,50.0,50.822776794433594,0.0,0.8227767944335938,0.8227767944335938
1167,83798.6,83938.7,83798.5,83880.9,12169.0,50.0,50.0,68.1774673461914,0.0,18.177467346191406,18.177467346191406
1168,83881.0,84189.7,83881.0,84072.7,17582.0,50.0,50.0,78.22648620605469,0.0,28.226486206054688,28.226486206054688
1169,84072.6,84110.0,83977.5,84070.0,8548.0,50.0,50.0,84.45791625976562,0.0,34.457916259765625,34.457916259765625
1170,84066.4,84172.1,83973.2,84144.1,11358.0,50.0,50.0,86.53535461425781,0.0,36.53535461425781,36.53535461425781
1171,84139.7,84290.6,84139.7,84254.7,9421.0,50.0,50.0,89.74714660644531,0.0,39.74714660644531,39.74714660644531
1172,84258.5,84413.2,84225.4,84413.2,12062.0,50.0,50.0,93.09879302978516,0.0,43.098793029785156,43.098793029785156
1173,84413.2,84433.4,84171.6,84195.6,15662.0,50.0,50.0,93.87821960449219,0.0,43.87821960449219,43.87821960449219
1174,84200.2,84304.5,84200.2,84296.3,3366.0,50.0,50.0,92.63349151611328,0.0,42.63349151611328,42.63349151611328
1175,84296.4,84338.8,84269.6,84338.8,8487.0,50.0,50.0,88.87531280517578,0.0,38.87531280517578,38.87531280517578
1176,84347.4,84581.3,84347.4,84485.4,12701.0,50.0,50.0,88.25106811523438,0.0,38.251068115234375,38.251068115234375
1177,84487.4,84546.4,84484.0,84509.9,5394.0,50.0,50.0,89.25889587402344,0.0,39.25889587402344,39.25889587402344
1178,84509.9,84590.6,84498.0,84536.8,6268.0,50.0,50.0,91.73944854736328,0.0,41.73944854736328,41.73944854736328
1179,84533.6,84566.9,84485.3,84517.0,5349.0,50.0,50.0,92.79102325439453,0.0,42.79102325439453,42.79102325439453
1180,84524.8,84553.9,84337.7,84382.3,14614.0,50.0,50.0,90.98321533203125,0.0,40.98321533203125,40.98321533203125
1181,84392.1,84400.7,84168.8,84349.4,33939.0,50.0,50.0,85.55017852783203,0.0,35.55017852783203,35.55017852783203
1182,84365.0,84388.0,84278.7,84349.9,6606.0,50.0,50.0,76.8057861328125,0.0,26.8057861328125,26.8057861328125
1183,84345.6,84472.3,84345.6,84462.4,5434.0,50.0,50.0,70.8792495727539,0.0,20.879249572753906,20.879249572753906
1184,84465.5,84531.8,84428.4,84529.1,16535.0,50.0,50.0,70.39888763427734,0.0,20.398887634277344,20.398887634277344
1185,84532.3,84587.4,84397.0,84448.4,7372.0,50.0,50.0,73.86091613769531,0.0,23.860916137695312,23.860916137695312
1186,84452.6,84506.9,84426.9,84432.8,6998.0,50.0,50.0,74.85856628417969,0.0,24.858566284179688,24.858566284179688
1187,84436.5,84559.0,84403.6,84559.0,5150.0,50.0,50.0,74.27793884277344,0.0,24.277938842773438,24.277938842773438
1188,84559.0,85041.7,84547.6,84927.3,23950.0,50.0,50.0,75.4009780883789,0.0,25.400978088378906,25.400978088378906
1189,84929.4,85082.1,84766.9,84804.0,12416.0,50.0,50.0,79.14718627929688,0.0,29.147186279296875,29.147186279296875
1190,84803.0,85016.3,84803.0,84878.2,11871.0,50.0,50.0,80.56219482421875,0.0,30.56219482421875,30.56219482421875
1191,84877.0,84977.4,84773.4,84844.7,7295.0,50.0,50.0,78.25568389892578,0.0,28.25568389892578,28.25568389892578
1192,84851.2,84856.0,84676.1,84707.5,12813.0,50.0,50.0,74.00164031982422,0.0,24.00164031982422,24.00164031982422
1193,84720.3,84870.1,84720.3,84795.0,5609.0,50.0,50.0,70.3835220336914,0.0,20.383522033691406,20.383522033691406
1194,84777.9,84777.9,84558.1,84683.4,7423.0,50.0,50.0,66.23487091064453,0.0,16.23487091064453,16.23487091064453
1195,84666.5,84714.0,84598.9,84711.8,5164.0,50.0,50.0,62.69620895385742,0.0,12.696208953857422,12.696208953857422
1196,84707.5,84745.1,84601.9,84646.0,5867.0,50.0,50.0,57.08341598510742,0.0,7.083415985107422,7.083415985107422
1197,84645.3,84657.8,84504.9,84595.3,6202.0,50.0,50.0,50.388492584228516,0.0,0.3884925842285156,0.3884925842285156
1198,84584.1,84642.0,84556.9,84621.6,3858.0,50.0,50.0,41.91048049926758,0.0,8.089519500732422,8.089519500732422
1199,84612.8,84636.4,84562.6,84574.1,6899.0,50.0,50.0,34.779014587402344,0.0,15.220985412597656,15.220985412597656
1200,84579.3,84653.4,84561.3,84595.8,4130.0,50.0,50.0,30.623455047607422,0.0,19.376544952392578,19.376544952392578
1201,84601.0,84657.3,84428.3,84428.3,6261.0,50.0,50.0,25.172380447387695,0.0,24.827619552612305,24.827619552612305
1202,84432.6,84573.7,84432.6,84560.2,7631.0,50.0,50.0,20.91069984436035,0.0,29.08930015563965,29.08930015563965
1203,84547.6,84699.9,84523.2,84684.8,5995.0,50.0,50.0,18.41719627380371,0.0,31.58280372619629,31.58280372619629
1204,84689.0,84767.0,84628.4,84749.9,10380.0,50.0,50.0,26.073957443237305,0.0,23.926042556762695,23.926042556762695
1205,84752.5,84798.4,84665.3,84666.3,4803.0,50.0,50.0,38.025001525878906,0.0,11.974998474121094,11.974998474121094
1206,84668.5,84668.5,84573.8,84594.9,4486.0,50.0,50.0,47.619483947753906,0.0,2.3805160522460938,2.3805160522460938
1207,84603.5,84632.9,84568.0,84579.0,5117.0,50.0,50.0,48.72308349609375,0.0,1.27691650390625,1.27691650390625
1208,84574.0,84622.8,84543.6,84622.8,4226.0,50.0,50.0,45.936500549316406,0.0,4.063499450683594,4.063499450683594
1209,84622.8,84838.7,84622.8,84818.8,6063.0,50.0,50.0,50.18918991088867,0.0,0.18918991088867188,0.18918991088867188
1210,84823.0,84893.5,84713.3,84753.6,5369.0,50.0,50.0,59.67047119140625,0.0,9.67047119140625,9.67047119140625
1211,84753.5,84787.4,84651.2,84735.2,7993.0,50.0,50.0,70.78910827636719,0.0,20.789108276367188,20.789108276367188
1212,84736.2,84751.3,84611.1,84628.1,3401.0,50.0,50.0,69.72553253173828,0.0,19.72553253173828,19.72553253173828
1213,84619.0,84619.0,84500.1,84528.5,5541.0,50.0,50.0,60.040191650390625,0.0,10.040191650390625,10.040191650390625
1214,84515.0,84601.6,84491.5,84564.8,4341.0,50.0,50.0,44.79375457763672,0.0,5.206245422363281,5.206245422363281
1215,84560.6,84560.6,84477.0,84550.4,4307.0,50.0,50.0,33.41484451293945,0.0,16.585155487060547,16.585155487060547
1216,84559.1,84682.5,84556.3,84682.5,3839.0,50.0,50.0,30.501253128051758,0.0,19.498746871948242,19.498746871948242
1217,84686.6,84718.5,84635.9,84718.5,4857.0,50.0,50.0,34.84007263183594,0.0,15.159927368164062,15.159927368164062
1218,84709.0,84710.8,84545.8,84555.3,3550.0,50.0,50.0,40.360286712646484,0.0,9.639713287353516,9.639713287353516
1219,84571.0,84762.2,84567.1,84759.5,4013.0,50.0,50.0,44.84575653076172,0.0,5.154243469238281,5.154243469238281
1220,84759.5,84912.6,84702.4,84889.8,5755.0,50.0,50.0,50.2357177734375,0.0,0.2357177734375,0.2357177734375
1221,84896.8,84968.5,84896.8,84961.3,5503.0,50.0,50.0,65.23623657226562,0.0,15.236236572265625,15.236236572265625
1222,84960.5,85023.8,84845.7,84852.6,7672.0,50.0,50.0,78.27861785888672,0.0,28.27861785888672,28.27861785888672
1223,84871.0,84892.0,84759.8,84883.9,8826.0,50.0,50.0,84.97305297851562,0.0,34.973052978515625,34.973052978515625
1224,84884.9,84952.4,84811.6,84914.5,4672.0,50.0,50.0,80.7498550415039,0.0,30.749855041503906,30.749855041503906
1225,84901.7,85024.2,84901.7,84973.7,4123.0,50.0,50.0,78.88397979736328,0.0,28.88397979736328,28.88397979736328
1226,84970.0,85009.0,84947.1,84955.7,3577.0,50.0,50.0,80.73107147216797,0.0,30.73107147216797,30.73107147216797
1227,84969.0,84973.7,84936.4,84937.4,2647.0,50.0,50.0,85.09464263916016,0.0,35.094642639160156,35.094642639160156
1228,84937.3,84937.3,84827.7,84882.3,4596.0,50.0,50.0,85.14884948730469,0.0,35.14884948730469,35.14884948730469
1229,84882.2,84925.0,84868.6,84895.3,4052.0,50.0,50.0,82.14820861816406,0.0,32.14820861816406,32.14820861816406
1230,84895.3,84998.5,84866.9,84877.4,5019.0,50.0,50.0,77.04222106933594,0.0,27.042221069335938,27.042221069335938
1231,84888.3,84905.0,84702.6,84719.9,7820.0,50.0,50.0,69.60615539550781,0.0,19.606155395507812,19.606155395507812
1232,84719.9,84799.6,84676.5,84744.1,7162.0,50.0,50.0,59.95830535888672,0.0,9.958305358886719,9.958305358886719
1233,84742.8,84769.3,84649.4,84658.7,5654.0,50.0,50.0,44.531742095947266,0.0,5.468257904052734,5.468257904052734
1234,84647.0,84680.1,84620.4,84639.7,3991.0,50.0,50.0,29.77892303466797,0.0,20.22107696533203,20.22107696533203
1235,84639.8,84730.1,84639.8,84730.1,6066.0,50.0,50.0,17.556987762451172,0.0,32.44301223754883,32.44301223754883
1236,84732.8,84841.4,84732.8,84758.0,4764.0,50.0,50.0,16.271160125732422,0.0,33.72883987426758,33.72883987426758
1237,84757.9,84819.6,84709.7,84816.7,4422.0,50.0,50.0,23.368040084838867,0.0,26.631959915161133,26.631959915161133
1238,84819.6,84872.1,84814.6,84855.0,3554.0,50.0,50.0,35.185508728027344,0.0,14.814491271972656,14.814491271972656
1239,84850.0,84855.7,84745.7,84745.7,4365.0,50.0,50.0,43.28908920288086,0.0,6.710910797119141,6.710910797119141
1240,84744.6,84772.2,84679.9,84681.8,6231.0,50.0,50.0,42.92509078979492,0.0,7.074909210205078,7.074909210205078
1241,84682.2,84696.8,84600.0,84659.2,4135.0,50.0,50.0,34.319793701171875,0.0,15.680206298828125,15.680206298828125
1242,84666.3,84700.8,84633.6,84657.1,4495.0,50.0,50.0,23.927309036254883,0.0,26.072690963745117,26.072690963745117
1243,84657.4,84657.4,84437.4,84445.4,12001.0,50.0,50.0,15.486193656921387,0.0,34.51380634307861,34.51380634307861
1244,84445.5,84470.5,84350.9,84440.0,5845.0,50.0,50.0,11.985651969909668,0.0,38.01434803009033,38.01434803009033
1245,84447.1,84447.3,84342.6,84383.2,10287.0,50.0,50.0,9.735630989074707,0.0,40.26436901092529,40.26436901092529
1246,84378.9,84403.2,84241.3,84274.8,6575.0,50.0,50.0,9.563138961791992,0.0,40.43686103820801,40.43686103820801
1247,84270.6,84367.3,84225.5,84367.2,6615.0,50.0,50.0,9.902958869934082,0.0,40.09704113006592,40.09704113006592
1248,84367.2,84430.8,84293.0,84388.3,8113.0,50.0,50.0,12.928404808044434,0.0,37.071595191955566,37.071595191955566
1249,84388.2,84442.1,84332.8,84377.2,4869.0,50.0,50.0,17.538963317871094,0.0,32.461036682128906,32.461036682128906
1250,84369.0,84404.5,84304.8,84324.8,6715.0,50.0,50.0,20.772520065307617,0.0,29.227479934692383,29.227479934692383
1251,84316.3,84316.3,84249.3,84256.0,5524.0,50.0,50.0,19.787216186523438,0.0,30.212783813476562,30.212783813476562
1252,84250.1,84307.1,84178.8,84238.0,9858.0,50.0,50.0,15.1500883102417,0.0,34.8499116897583,34.8499116897583
1253,84240.4,84240.4,84116.7,84120.3,4542.0,50.0,50.0,9.596277236938477,0.0,40.40372276306152,40.40372276306152
1254,84117.0,84193.2,84063.2,84170.8,5030.0,50.0,50.0,7.666726112365723,0.0,42.33327388763428,42.33327388763428
1255,84176.1,84361.3,84176.1,84345.3,4132.0,50.0,50.0,11.316378593444824,0.0,38.683621406555176,38.683621406555176
1256,84345.3,84359.7,84245.5,84254.0,5754.0,50.0,50.0,20.11829376220703,0.0,29.88170623779297,29.88170623779297
1257,84254.1,84266.7,84165.4,84204.8,2063.0,50.0,50.0,29.55702018737793,0.0,20.44297981262207,20.44297981262207
1258,84226.0,84268.1,84196.0,84207.2,3810.0,50.0,50.0,34.301300048828125,0.0,15.698699951171875,15.698699951171875
1259,84188.2,84224.2,84179.5,84209.9,3738.0,50.0,50.0,36.27272033691406,0.0,13.727279663085938,13.727279663085938
1260,84202.7,84268.2,84175.1,84237.9,6033.0,50.0,50.0,37.51664733886719,0.0,12.483352661132812,12.483352661132812
1261,84234.1,84366.1,84194.6,84335.2,5805.0,50.0,50.0,43.321556091308594,0.0,6.678443908691406,6.678443908691406
1262,84335.2,84340.4,84206.4,84239.7,8218.0,50.0,50.0,49.26646423339844,0.0,0.7335357666015625,0.7335357666015625
1263,84239.6,84345.5,84214.1,84315.6,7880.0,50.0,50.0,57.04524230957031,0.0,7.0452423095703125,7.0452423095703125
1264,84320.8,84320.8,84181.8,84186.3,3710.0,50.0,50.0,57.55239486694336,0.0,7.552394866943359,7.552394866943359
1265,84182.0,84194.1,84034.7,84063.0,19380.0,50.0,50.0,52.95844268798828,0.0,2.9584426879882812,2.9584426879882812
1266,84063.1,84101.4,84000.2,84000.2,12074.0,50.0,50.0,37.05344772338867,0.0,12.946552276611328,12.946552276611328
1267,84000.0,84074.3,83904.3,83904.3,9397.0,50.0,50.0,20.09398651123047,0.0,29.90601348876953,29.90601348876953
1268,83900.0,83929.4,83857.1,83916.3,8282.0,50.0,50.0,7.705066680908203,0.0,42.2949333190918,42.2949333190918
1269,83933.1,83933.1,83883.7,83920.2,6761.0,50.0,50.0,4.910582542419434,0.0,45.089417457580566,45.089417457580566
1270,83919.3,84011.8,83919.3,84011.8,17995.0,50.0,50.0,10.008390426635742,0.0,39.99160957336426,39.99160957336426
1271,84011.9,84094.0,84011.9,84092.7,4472.0,50.0,50.0,18.613567352294922,0.0,31.386432647705078,31.386432647705078
1272,84092.6,84344.8,84090.7,84217.9,10984.0,50.0,50.0,32.339759826660156,0.0,17.660240173339844,17.660240173339844
1273,84214.3,84214.3,84078.0,84117.3,6081.0,50.0,50.0,44.9920539855957,0.0,5.007946014404297,5.007946014404297
1274,84121.5,84198.6,84121.5,84192.3,3944.0,50.0,50.0,55.96758270263672,0.0,5.967582702636719,5.967582702636719
1275,84207.3,84212.4,84004.8,84004.8,13441.0,50.0,50.0,55.928775787353516,0.0,5.928775787353516,5.928775787353516
1276,83992.1,83996.7,83929.0,83961.3,6353.0,50.0,50.0,50.27755355834961,0.0,0.2775535583496094,0.2775535583496094
1277,83966.4,83971.6,83877.7,83931.0,4186.0,50.0,50.0,36.818809509277344,0.0,13.181190490722656,13.181190490722656
1278,83914.8,83940.5,83848.1,83859.0,4120.0,50.0,50.0,24.759641647338867,0.0,25.240358352661133,25.240358352661133
1279,83850.6,83892.0,83769.8,83826.0,7933.0,50.0,50.0,14.72549819946289,0.0,35.27450180053711,35.27450180053711
1280,83822.0,83848.0,83750.0,83818.8,6358.0,50.0,50.0,9.926353454589844,0.0,40.073646545410156,40.073646545410156
1281,83820.1,83849.7,83779.1,83828.8,7407.0,50.0,50.0,9.471658706665039,0.0,40.52834129333496,40.52834129333496
1282,83828.6,83891.3,83780.3,83853.9,7302.0,50.0,50.0,11.1561918258667,0.0,38.8438081741333,38.8438081741333
1283,83843.7,83866.5,83708.9,83713.4,5583.0,50.0,50.0,12.032651901245117,0.0,37.96734809875488,37.96734809875488
1284,83713.3,83713.3,83641.8,83693.4,6586.0,50.0,50.0,11.024556159973145,0.0,38.975443840026855,38.975443840026855
1285,83700.0,83852.0,83700.0,83848.3,8200.0,50.0,50.0,10.484549522399902,0.0,39.5154504776001,39.5154504776001
1286,83855.8,83905.9,83831.3,83862.8,3187.0,50.0,50.0,15.361625671386719,0.0,34.63837432861328,34.63837432861328
1287,83872.8,83872.9,83650.6,83650.6,4158.0,50.0,50.0,20.25096321105957,0.0,29.74903678894043,29.74903678894043
1288,83650.5,83652.1,83588.0,83647.7,5952.0,50.0,50.0,21.616008758544922,0.0,28.383991241455078,28.383991241455078
1289,83645.7,83645.7,83500.1,83538.1,5771.0,50.0,50.0,15.331547737121582,0.0,34.66845226287842,34.66845226287842
1290,83535.1,83580.0,83469.8,83503.7,7573.0,50.0,50.0,10.270524024963379,0.0,39.72947597503662,39.72947597503662
1291,83513.7,83580.8,83482.9,83560.0,4075.0,50.0,50.0,8.477744102478027,0.0,41.52225589752197,41.52225589752197
1292,83558.1,83583.9,83455.7,83472.6,4779.0,50.0,50.0,9.690762519836426,0.0,40.309237480163574,40.309237480163574
1293,83475.7,83697.7,83460.8,83697.7,7239.0,50.0,50.0,15.546422004699707,0.0,34.45357799530029,34.45357799530029
1294,83699.2,83728.7,83561.3,83568.8,3836.0,50.0,50.0,20.997167587280273,0.0,29.002832412719727,29.002832412719727
1295,83575.0,83868.0,83575.0,83768.7,8085.0,50.0,50.0,34.189048767089844,0.0,15.810951232910156,15.810951232910156
1296,83759.3,83801.6,83697.5,83736.2,8254.0,50.0,50.0,43.10918426513672,0.0,6.890815734863281,6.890815734863281
1297,83733.7,83895.9,83695.4,83895.1,5175.0,50.0,50.0,59.4207763671875,0.0,9.4207763671875,9.4207763671875
1298,83895.1,84172.5,83887.2,84172.5,15440.0,50.0,50.0,71.81046295166016,0.0,21.810462951660156,21.810462951660156
1299,84172.5,84198.5,84014.1,84014.1,18881.0,50.0,50.0,84.6798095703125,0.0,34.6798095703125,34.6798095703125
1300,83997.4,84091.5,83936.3,84091.5,5203.0,50.0,50.0,88.16166687011719,0.0,38.16166687011719,38.16166687011719
1301,84094.7,84191.0,84042.3,84116.6,5684.0,50.0,50.0,87.03237915039062,0.0,37.032379150390625,37.032379150390625
1302,84106.1,84192.9,84071.6,84071.6,3578.0,50.0,50.0,85.33332824707031,0.0,35.33332824707031,35.33332824707031
1303,84067.3,84262.1,84000.0,84188.2,5813.0,50.0,50.0,85.55069732666016,0.0,35.550697326660156,35.550697326660156
1304,84184.0,84268.3,84160.8,84247.8,6726.0,50.0,50.0,87.93791198730469,0.0,37.93791198730469,37.93791198730469
1305,84253.9,84347.9,84232.0,84289.8,12553.0,50.0,50.0,90.63964080810547,0.0,40.63964080810547,40.63964080810547
1306,84291.0,84482.7,84288.8,84477.0,6928.0,50.0,50.0,93.71524810791016,0.0,43.715248107910156,43.715248107910156
1307,84474.3,84572.8,84359.7,84463.5,12104.0,50.0,50.0,94.9258041381836,0.0,44.925804138183594,44.925804138183594
1308,84491.5,84593.8,84445.5,84593.8,5926.0,50.0,50.0,95.685302734375,0.0,45.685302734375,45.685302734375
1309,84594.3,84657.3,84538.5,84556.0,6393.0,50.0,50.0,94.3804931640625,0.0,44.3804931640625,44.3804931640625
1310,84561.0,84644.8,84352.5,84355.3,17323.0,50.0,50.0,91.7081069946289,0.0,41.708106994628906,41.708106994628906
1311,84363.8,84549.6,84358.7,84520.5,3899.0,50.0,50.0,86.3384017944336,0.0,36.338401794433594,36.338401794433594
1312,84505.5,84545.4,84432.1,84432.1,5541.0,50.0,50.0,79.77648162841797,0.0,29.77648162841797,29.77648162841797
1313,84428.9,84500.3,84385.7,84385.7,5566.0,50.0,50.0,74.80545043945312,0.0,24.805450439453125,24.805450439453125
1314,84385.6,84501.2,84352.7,84491.3,7929.0,50.0,50.0,70.97579193115234,0.0,20.975791931152344,20.975791931152344
1315,84491.4,84517.3,84240.4,84367.0,27198.0,50.0,50.0,68.0096206665039,0.0,18.009620666503906,18.009620666503906
1316,84371.1,84579.1,84371.1,84566.3,16838.0,50.0,50.0,68.38758087158203,0.0,18.38758087158203,18.38758087158203
1317,84566.3,84657.5,84500.1,84637.2,28911.0,50.0,50.0,71.9499740600586,0.0,21.949974060058594,21.949974060058594
1318,84637.2,84641.0,84500.1,84533.7,4804.0,50.0,50.0,78.62374114990234,0.0,28.623741149902344,28.623741149902344
1319,84531.4,84644.5,84385.1,84562.9,35778.0,50.0,50.0,81.6685562133789,0.0,31.668556213378906,31.668556213378906
1320,84565.2,84628.1,84510.1,84607.1,9880.0,50.0,50.0,81.4727783203125,0.0,31.4727783203125,31.4727783203125
1321,84624.0,84749.9,84624.0,84645.2,13423.0,50.0,50.0,80.552001953125,0.0,30.552001953125,30.552001953125
1322,84645.2,84691.3,84599.5,84624.6,6810.0,50.0,50.0,80.400634765625,0.0,30.400634765625,30.400634765625
1323,84623.4,84623.4,84466.6,84474.4,7868.0,50.0,50.0,76.47227478027344,0.0,26.472274780273438,26.472274780273438
1324,84473.5,84506.1,84339.1,84506.1,8344.0,50.0,50.0,68.56087493896484,0.0,18.560874938964844,18.560874938964844
1325,84501.9,84535.7,84425.5,84470.1,5125.0,50.0,50.0,57.49253845214844,0.0,7.4925384521484375,7.4925384521484375
1326,84473.0,84624.4,84473.0,84570.9,5409.0,50.0,50.0,53.19417190551758,0.0,3.194171905517578,3.194171905517578
1327,84573.3,84586.9,84510.2,84570.1,5718.0,50.0,50.0,53.32501983642578,0.0,3.3250198364257812,3.3250198364257812
1328,84577.4,84577.4,84502.7,84553.3,5204.0,50.0,50.0,58.639495849609375,0.0,8.639495849609375,8.639495849609375
1329,84557.5,84573.1,84470.5,84474.8,3454.0,50.0,50.0,58.312255859375,0.0,8.312255859375,8.312255859375
1330,84494.4,84595.0,84459.5,84595.0,3585.0,50.0,50.0,56.320655822753906,0.0,6.320655822753906,6.320655822753906
1331,84595.0,84641.1,84520.0,84520.0,5515.0,50.0,50.0,50.58397674560547,0.0,0.5839767456054688,0.5839767456054688
1332,84520.0,84540.0,84436.8,84531.9,2068.0,50.0,50.0,49.929019927978516,0.0,0.07098007202148438,0.07098007202148438
1333,84528.5,84623.9,84528.5,84593.7,5397.0,50.0,50.0,49.50764846801758,0.0,0.4923515319824219,0.4923515319824219
1334,84593.8,84623.9,84580.6,84607.0,2500.0,50.0,50.0,53.37018585205078,0.0,3.3701858520507812,3.3701858520507812
1335,84602.0,84632.5,84525.2,84525.2,4342.0,50.0,50.0,56.34470748901367,0.0,6.344707489013672,6.344707489013672
1336,84495.7,84515.5,84416.9,84435.8,6431.0,50.0,50.0,56.025508880615234,0.0,6.025508880615234,6.025508880615234
1337,84437.8,84583.7,84433.5,84583.7,3990.0,50.0,50.0,55.1064453125,0.0,5.1064453125,5.1064453125
1338,84585.3,84629.4,84440.0,84440.0,3820.0,50.0,50.0,48.80464553833008,0.0,1.1953544616699219,1.1953544616699219
1339,84434.2,84550.9,84434.2,84512.1,3444.0,50.0,50.0,46.992149353027344,0.0,3.0078506469726562,3.0078506469726562
1340,84500.1,84700.0,84494.2,84683.0,7857.0,50.0,50.0,44.870948791503906,0.0,5.129051208496094,5.129051208496094
1341,84682.9,84757.3,84664.2,84722.2,6431.0,50.0,50.0,56.29676055908203,0.0,6.296760559082031,6.296760559082031
1342,84732.9,84821.9,84731.4,84813.0,6394.0,50.0,50.0,72.71094512939453,0.0,22.71094512939453,22.71094512939453
1343,84816.3,84884.7,84795.9,84873.6,6753.0,50.0,50.0,88.08409118652344,0.0,38.08409118652344,38.08409118652344
1344,84876.0,84882.6,84729.1,84737.6,5693.0,50.0,50.0,92.28812408447266,0.0,42.288124084472656,42.288124084472656
1345,84741.8,84950.0,84732.4,84931.7,23302.0,50.0,50.0,90.20604705810547,0.0,40.20604705810547,40.20604705810547
1346,84926.2,84950.0,84926.2,84930.6,3691.0,50.0,50.0,87.5798110961914,0.0,37.579811096191406,37.579811096191406
1347,84930.5,84976.9,84930.5,84946.3,2009.0,50.0,50.0,90.18868255615234,0.0,40.188682556152344,40.188682556152344
1348,84946.2,84959.3,84922.1,84943.4,2789.0,50.0,50.0,92.65144348144531,0.0,42.65144348144531,42.65144348144531
1349,84943.5,84987.6,84943.5,84951.5,3120.0,50.0,50.0,94.9562759399414,0.0,44.956275939941406,44.956275939941406
1350,84951.6,84976.7,84937.7,84976.7,4769.0,50.0,50.0,94.76302337646484,0.0,44.763023376464844,44.763023376464844
1351,84986.9,85033.2,84976.6,85021.0,3567.0,50.0,50.0,95.29141998291016,0.0,45.291419982910156,45.291419982910156
1352,85023.1,85095.1,84998.7,85054.4,7024.0,50.0,50.0,96.13693237304688,0.0,46.136932373046875,46.136932373046875
1353,85060.0,85060.0,84988.0,84991.1,5809.0,50.0,50.0,94.88931274414062,0.0,44.889312744140625,44.889312744140625
1354,84995.0,84995.0,84926.9,84981.1,6869.0,50.0,50.0,90.49012756347656,0.0,40.49012756347656,40.49012756347656
1355,84986.9,85125.0,84986.9,85079.5,4883.0,50.0,50.0,85.4797134399414,0.0,35.479713439941406,35.479713439941406
1356,85078.9,85287.3,85078.9,85214.9,12182.0,50.0,50.0,82.65573120117188,0.0,32.655731201171875,32.655731201171875
1357,85207.9,85207.9,85091.6,85125.2,5917.0,50.0,50.0,82.25802612304688,0.0,32.258026123046875,32.258026123046875
1358,85123.3,85191.3,85115.6,85191.3,3562.0,50.0,50.0,81.8077163696289,0.0,31.807716369628906,31.807716369628906
1359,85203.1,85266.4,85172.5,85266.3,7952.0,50.0,50.0,81.67766571044922,0.0,31.67766571044922,31.67766571044922
1360,85266.3,85335.9,85224.6,85314.8,4649.0,50.0,50.0,84.4945068359375,0.0,34.4945068359375,34.4945068359375
1361,85314.7,85327.6,85257.9,85290.8,5677.0,50.0,50.0,88.66785430908203,0.0,38.66785430908203,38.66785430908203
1362,85284.2,85385.0,85284.2,85349.3,4114.0,50.0,50.0,91.81197357177734,0.0,41.811973571777344,41.811973571777344
1363,85349.3,85349.4,85323.7,85337.2,2560.0,50.0,50.0,91.7034683227539,0.0,41.703468322753906,41.703468322753906
1364,85337.2,85337.2,85219.7,85247.9,5227.0,50.0,50.0,88.7694320678711,0.0,38.769432067871094,38.769432067871094
1365,85249.9,85259.9,85178.6,85204.9,5217.0,50.0,50.0,82.56009674072266,0.0,32.560096740722656,32.560096740722656
1366,85204.9,85235.3,85140.2,85140.2,4989.0,50.0,50.0,72.165283203125,0.0,22.165283203125,22.165283203125
1367,85140.2,85235.6,85140.2,85232.7,4661.0,50.0,50.0,63.51620864868164,0.0,13.51620864868164,13.51620864868164
1368,85230.2,85332.6,85230.2,85308.8,3567.0,50.0,50.0,60.610939025878906,0.0,10.610939025878906,10.610939025878906
1369,85308.7,85325.6,85247.1,85272.4,7719.0,50.0,50.0,64.33401489257812,0.0,14.334014892578125,14.334014892578125
1370,85272.4,85299.3,85242.7,85271.8,3274.0,50.0,50.0,67.83251190185547,0.0,17.83251190185547,17.83251190185547
1371,85271.7,85385.0,85263.6,85385.0,9905.0,50.0,50.0,71.2164077758789,0.0,21.216407775878906,21.216407775878906
1372,85396.3,85402.3,85347.9,85376.7,7416.0,50.0,50.0,75.75240325927734,0.0,25.752403259277344,25.752403259277344
1373,85376.6,85376.6,85336.1,85336.1,2453.0,50.0,50.0,82.3623275756836,0.0,32.362327575683594,32.362327575683594
1374,85340.3,85340.3,85214.1,85227.1,3585.0,50.0,50.0,79.41822814941406,0.0,29.418228149414062,29.418228149414062
1375,85232.9,85265.0,85131.3,85150.6,4884.0,50.0,50.0,64.23724365234375,0.0,14.23724365234375,14.23724365234375
1376,85156.9,85264.9,85137.6,85233.7,4093.0,50.0,50.0,43.469322204589844,0.0,6.530677795410156,6.530677795410156
1377,85217.6,85250.2,85187.9,85187.9,3042.0,50.0,50.0,28.765317916870117,0.0,21.234682083129883,21.234682083129883
1378,85188.0,85219.6,85140.7,85146.9,5387.0,50.0,50.0,23.144081115722656,0.0,26.855918884277344,26.855918884277344
1379,85147.0,85168.0,85123.9,85168.0,3676.0,50.0,50.0,19.1904296875,0.0,30.8095703125,30.8095703125
1380,85173.0,85201.1,85145.5,85175.5,2938.0,50.0,50.0,16.338804244995117,0.0,33.66119575500488,33.66119575500488
1381,85175.4,85308.7,85175.4,85271.4,3374.0,50.0,50.0,18.886186599731445,0.0,31.113813400268555,31.113813400268555
1382,85275.7,85346.8,85275.7,85335.1,4547.0,50.0,50.0,30.541296005249023,0.0,19.458703994750977,19.458703994750977
1383,85331.1,85396.9,85307.4,85363.7,5691.0,50.0,50.0,49.96897506713867,0.0,0.031024932861328125,0.031024932861328125
1384,85363.6,85363.6,85312.6,85317.6,2770.0,50.0,50.0,65.99348449707031,0.0,15.993484497070312,15.993484497070312
1385,85312.7,85317.4,85182.3,85182.4,4293.0,50.0,50.0,69.25432586669922,0.0,19.25432586669922,19.25432586669922
1386,85182.3,85314.3,85164.8,85314.3,6325.0,50.0,50.0,63.1822395324707,0.0,13.182239532470703,13.182239532470703
1387,85318.0,85318.0,85226.7,85286.0,4384.0,50.0,50.0,54.132843017578125,0.0,4.132843017578125,4.132843017578125
1388,85277.4,85298.6,85251.3,85282.4,2589.0,50.0,50.0,55.29412841796875,0.0,5.29412841796875,5.29412841796875
1389,85280.3,85297.1,85264.1,85288.1,4552.0,50.0,50.0,57.210838317871094,0.0,7.210838317871094,7.210838317871094
1390,85288.0,85288.0,85264.0,85276.2,3669.0,50.0,50.0,59.86212921142578,0.0,9.862129211425781,9.862129211425781
1391,85272.0,85272.0,85151.5,85151.5,3295.0,50.0,50.0,53.069671630859375,0.0,3.069671630859375,3.069671630859375
1392,85151.5,85151.5,85096.9,85118.3,5627.0,50.0,50.0,41.45282745361328,0.0,8.547172546386719,8.547172546386719
1393,85116.5,85162.1,85071.1,85146.1,12648.0,50.0,50.0,26.59374237060547,0.0,23.40625762939453,23.40625762939453
1394,85146.1,85163.0,85140.2,85155.3,2485.0,50.0,50.0,18.810274124145508,0.0,31.189725875854492,31.189725875854492
1395,85151.3,85174.3,85094.8,85128.9,11086.0,50.0,50.0,18.09593963623047,0.0,31.90406036376953,31.90406036376953
1396,85123.5,85173.4,85108.4,85152.5,4074.0,50.0,50.0,21.240795135498047,0.0,28.759204864501953,28.759204864501953
1397,85157.6,85200.0,85123.5,85194.5,3695.0,50.0,50.0,24.453672409057617,0.0,25.546327590942383,25.546327590942383
1398,85184.5,85184.5,85100.1,85108.0,4026.0,50.0,50.0,26.177358627319336,0.0,23.822641372680664,23.822641372680664
1399,85103.8,85173.6,85103.8,85126.0,5888.0,50.0,50.0,27.377365112304688,0.0,22.622634887695312,22.622634887695312
1400,85122.7,85122.7,85080.0,85080.0,5181.0,50.0,50.0,22.47425651550293,0.0,27.52574348449707,27.52574348449707
1401,85078.1,85119.0,85066.1,85083.9,5969.0,50.0,50.0,17.07172203063965,0.0,32.92827796936035,32.92827796936035
1402,85083.9,85083.9,85000.1,85000.1,7568.0,50.0,50.0,9.504072189331055,0.0,40.495927810668945,40.495927810668945
1403,85000.0,85000.0,84768.8,84771.3,17413.0,50.0,50.0,5.876513957977295,0.0,44.123486042022705,44.123486042022705
1404,84778.5,84901.1,84759.3,84759.4,18648.0,50.0,50.0,2.210672378540039,0.0,47.78932762145996,47.78932762145996
1405,84759.3,84817.5,84719.9,84794.5,17624.0,50.0,50.0,2.7419350147247314,0.0,47.25806498527527,47.25806498527527
1406,84797.2,84886.7,84790.4,84886.7,5479.0,50.0,50.0,7.427052974700928,0.0,42.57294702529907,42.57294702529907
1407,84894.2,85004.6,84875.5,84946.0,4911.0,50.0,50.0,18.191001892089844,0.0,31.808998107910156,31.808998107910156
1408,84940.0,84940.0,84840.2,84886.5,2696.0,50.0,50.0,29.357606887817383,0.0,20.642393112182617,20.642393112182617
1409,84886.5,84920.4,84827.7,84827.7,2818.0,50.0,50.0,35.35186004638672,0.0,14.648139953613281,14.648139953613281
1410,84817.8,84817.8,84573.6,84573.6,10330.0,50.0,50.0,30.88286018371582,0.0,19.11713981628418,19.11713981628418
1411,84573.6,84623.7,84513.1,84548.0,4644.0,50.0,50.0,21.00652313232422,0.0,28.99347686767578,28.99347686767578
1412,84535.2,84575.2,84499.8,84537.8,6736.0,50.0,50.0,10.627310752868652,0.0,39.37268924713135,39.37268924713135
1413,84545.2,84545.2,84415.2,84437.1,3132.0,50.0,50.0,5.824732780456543,0.0,44.17526721954346,44.17526721954346
1414,84438.1,84441.4,84411.0,84431.5,8019.0,50.0,50.0,4.044494152069092,0.0,45.95550584793091,45.95550584793091
1415,84431.5,84431.5,84329.5,84329.7,4837.0,50.0,50.0,3.5089497566223145,0.0,46.491050243377686,46.491050243377686
1416,84329.6,84573.8,84325.3,84543.5,4916.0,50.0,50.0,5.854646682739258,0.0,44.14535331726074,44.14535331726074
1417,84543.5,84674.9,84491.1,84563.8,7479.0,50.0,50.0,12.035491943359375,0.0,37.964508056640625,37.964508056640625
1418,84555.4,84580.1,84402.6,84417.6,5340.0,50.0,50.0,20.346769332885742,0.0,29.653230667114258,29.653230667114258
1419,84426.5,84583.1,84420.1,84491.6,5714.0,50.0,50.0,24.584012985229492,0.0,25.415987014770508,25.415987014770508
1420,84489.1,84580.6,84489.1,84493.1,3700.0,50.0,50.0,24.085596084594727,0.0,25.914403915405273,25.914403915405273
1421,84493.1,84512.0,84401.3,84492.6,2634.0,50.0,50.0,23.594717025756836,0.0,26.405282974243164,26.405282974243164
1422,84473.6,84607.2,84473.6,84543.7,9077.0,50.0,50.0,25.310394287109375,0.0,24.689605712890625,24.689605712890625
1423,84535.3,84594.5,84535.3,84573.6,3174.0,50.0,50.0,31.03960418701172,0.0,18.96039581298828,18.96039581298828
1424,84568.0,84662.5,84558.3,84662.4,4561.0,50.0,50.0,42.94417953491211,0.0,7.055820465087891,7.055820465087891
1425,84662.5,84971.1,84662.5,84875.6,23345.0,50.0,50.0,58.88125991821289,0.0,8.88125991821289,8.88125991821289
1426,84873.3,84873.3,84697.5,84697.5,6030.0,50.0,50.0,72.76300811767578,0.0,22.76300811767578,22.76300811767578
1427,84697.5,84697.5,84500.0,84500.0,5918.0,50.0,50.0,71.24699401855469,0.0,21.246994018554688,21.246994018554688
1428,84500.0,84565.7,84439.7,84562.1,4697.0,50.0,50.0,58.947021484375,0.0,8.947021484375,8.947021484375
1429,84565.1,84598.8,84518.5,84570.2,2522.0,50.0,50.0,43.655029296875,0.0,6.344970703125,6.344970703125
1430,84579.0,84671.3,84562.1,84588.8,5727.0,50.0,50.0,36.721534729003906,0.0,13.278465270996094,13.278465270996094
1431,84593.0,84593.0,84438.2,84500.6,5311.0,50.0,50.0,33.04401779174805,0.0,16.955982208251953,16.955982208251953
1432,84504.8,84504.8,84356.0,84382.9,4358.0,50.0,50.0,27.82891082763672,0.0,22.17108917236328,22.17108917236328
1433,84389.4,84476.9,84312.4,84476.9,7078.0,50.0,50.0,21.08194923400879,0.0,28.91805076599121,28.91805076599121
1434,84477.0,84488.0,84382.9,84434.7,5544.0,50.0,50.0,16.599428176879883,0.0,33.40057182312012,33.40057182312012
1435,84447.3,84447.3,84367.8,84444.3,4011.0,50.0,50.0,17.58363914489746,0.0,32.41636085510254,32.41636085510254
1436,84444.3,84482.8,84433.5,84462.5,3019.0,50.0,50.0,19.20638656616211,0.0,30.79361343383789,30.79361343383789
1437,84464.0,84523.8,84395.9,84404.6,4104.0,50.0,50.0,20.194747924804688,0.0,29.805252075195312,29.805252075195312
1438,84407.5,84426.2,84308.9,84344.0,3211.0,50.0,50.0,17.80820083618164,0.0,32.19179916381836,32.19179916381836
1439,84331.3,84382.0,84251.4,84285.8,8637.0,50.0,50.0,13.747167587280273,0.0,36.25283241271973,36.25283241271973
