bar,open,high,low,close,volume,batched,isolated,cpu,abs_bi,abs_ic,abs_bc
0,88066.7,88174.6,88048.0,88155.1,5735.0,0.0,0.0,nan,0.0,nan,nan
1,88146.7,88160.1,88081.7,88081.7,4816.0,0.0,0.0,nan,0.0,nan,nan
2,88080.4,88080.4,87849.9,87850.0,10862.0,0.0,0.0,nan,0.0,nan,nan
3,87857.1,87944.5,87780.2,87930.1,15390.0,0.0,0.0,nan,0.0,nan,nan
4,87930.2,88039.6,87930.2,87991.6,4863.0,0.0,0.0,nan,0.0,nan,nan
5,87980.8,87980.8,87852.6,87856.9,2161.0,0.0,0.0,nan,0.0,nan,nan
6,87862.5,87869.1,87773.9,87797.8,3002.0,0.0,0.0,nan,0.0,nan,nan
7,87794.2,87794.2,87660.4,87672.7,7045.0,0.0,0.0,nan,0.0,nan,nan
8,87672.6,87704.8,87569.3,87664.0,6992.0,0.0,0.0,nan,0.0,nan,nan
9,87657.2,87718.7,87621.5,87639.1,4116.0,0.0,0.0,nan,0.0,nan,nan
10,87649.7,87726.9,87580.2,87580.2,5538.0,0.0,0.0,nan,0.0,nan,nan
11,87583.2,87604.9,87412.0,87430.1,7937.0,0.0,0.0,nan,0.0,nan,nan
12,87427.6,87504.4,87326.9,87504.4,28049.0,0.0,0.0,nan,0.0,nan,nan
13,87505.9,87647.8,87477.7,87600.8,5425.0,179.6216583251953,143.00669860839844,nan,36.614959716796875,nan,nan
14,87596.5,87649.2,87531.3,87564.6,5409.0,175.57000732421875,141.21380615234375,142.38560485839844,34.356201171875,1.1717987060546875,33.18440246582031
15,87564.6,87669.2,87529.0,87648.0,5356.0,173.52931213378906,141.14163208007812,142.22970581054688,32.38768005371094,1.08807373046875,31.299606323242188
16,87649.4,87731.5,87631.9,87721.9,8400.0,182.61317443847656,138.1744842529297,139.18484497070312,44.438690185546875,1.0103607177734375,43.42832946777344
17,87708.6,87759.6,87682.4,87759.6,6562.0,175.59059143066406,133.81939697265625,134.75758361816406,41.77119445800781,0.9381866455078125,40.8330078125
18,87750.7,87750.7,87519.8,87519.8,4150.0,167.12710571289062,141.3897705078125,142.2609405517578,25.737335205078125,0.8711700439453125,24.866165161132812
19,87502.6,87590.1,87498.4,87562.6,3954.0,169.732421875,137.84072875976562,138.64967346191406,31.891693115234375,0.8089447021484375,31.082748413085938
20,87566.9,87578.4,87328.7,87343.5,11941.0,161.23703002929688,145.83035278320312,146.5814971923828,15.40667724609375,0.7511444091796875,14.655532836914062
21,87343.4,87344.0,87227.3,87256.3,12379.0,160.3060302734375,143.74984741210938,144.44732666015625,16.556182861328125,0.697479248046875,15.85870361328125
22,87252.7,87420.8,87252.7,87392.1,3767.0,152.01968383789062,145.48870849609375,146.13636779785156,6.530975341796875,0.6476593017578125,5.8833160400390625
23,87392.1,87404.4,87287.0,87371.4,6300.0,149.56851196289062,143.48226928710938,144.08364868164062,6.08624267578125,0.60137939453125,5.48486328125
24,87372.5,87475.6,87339.6,87471.7,3668.0,144.47769165039062,142.9478302001953,143.50625610351562,1.5298614501953125,0.5584259033203125,0.971435546875
25,87471.1,87484.4,87403.9,87439.2,2831.0,147.27951049804688,138.48727416992188,139.00579833984375,8.792236328125,0.518524169921875,8.273712158203125
26,87436.2,87436.2,87315.9,87370.4,3545.0,145.12339782714844,137.40281677246094,137.88429260253906,7.7205810546875,0.481475830078125,7.239105224609375
27,87363.6,87377.7,87303.3,87303.3,4063.0,140.02920532226562,132.90306091308594,133.3501434326172,7.1261444091796875,0.44708251953125,6.6790618896484375
28,87303.2,87318.1,87204.0,87204.0,3420.0,137.37701416015625,131.5601043701172,131.97525024414062,5.8169097900390625,0.4151458740234375,5.401763916015625
29,87200.9,87280.4,87200.9,87257.5,3839.0,137.6642608642578,127.8415298461914,128.22702026367188,9.822731018066406,0.38549041748046875,9.437240600585938
30,87263.5,87278.8,87211.2,87226.8,13526.0,135.55264282226562,123.53812408447266,123.89607238769531,12.014518737792969,0.35794830322265625,11.656570434570312
31,87226.1,87258.0,87206.6,87206.6,2066.0,137.6844940185547,118.38529205322266,118.71766662597656,19.29920196533203,0.33237457275390625,18.966827392578125
32,87205.6,87205.6,87154.6,87173.2,5683.0,138.0859375,113.64349365234375,113.95211791992188,24.44244384765625,0.308624267578125,24.133819580078125
33,87173.3,87298.7,87173.3,87286.8,7188.0,136.89398193359375,114.49039459228516,114.77696990966797,22.403587341308594,0.2865753173828125,22.11701202392578
34,87283.7,87286.9,87182.4,87186.8,7126.0,130.7799072265625,113.77680206298828,114.04290008544922,17.00310516357422,0.2660980224609375,16.73700714111328
35,87183.8,87183.8,87080.0,87080.0,7382.0,123.77442932128906,113.27823638916016,113.52532958984375,10.496192932128906,0.24709320068359375,10.249099731445312
36,87080.0,87113.9,86878.6,86895.9,34739.0,122.88374328613281,121.99385833740234,122.22329711914062,0.8898849487304688,0.22943878173828125,0.6604461669921875
37,86901.3,86939.1,86776.4,86781.0,17855.0,128.54885864257812,124.90167236328125,125.11470794677734,3.647186279296875,0.21303558349609375,3.4341506958007812
38,86790.1,86895.4,86767.0,86877.6,13092.0,132.50241088867188,125.15144348144531,125.3492660522461,7.3509674072265625,0.19782257080078125,7.153144836425781
39,86877.7,86894.4,86752.5,86799.2,5481.0,125.54521179199219,126.34766387939453,126.5313491821289,0.8024520874023438,0.183685302734375,0.9861373901367188
40,86806.7,86985.6,86797.5,86985.6,5524.0,140.64913940429688,130.7586669921875,130.92921447753906,9.890472412109375,0.1705474853515625,9.719924926757812
41,86985.6,87091.2,86985.6,87037.7,6819.0,138.59552001953125,128.96173095703125,129.12010192871094,9.6337890625,0.1583709716796875,9.475418090820312
42,87042.2,87085.2,87006.2,87022.0,9574.0,141.06024169921875,125.39303588867188,125.54009246826172,15.667205810546875,0.14705657958984375,15.520149230957031
43,87016.0,87059.1,86992.0,87055.7,4562.0,145.3271484375,121.2293701171875,121.36591339111328,24.0977783203125,0.13654327392578125,23.96123504638672
44,87037.1,87118.4,87034.5,87034.5,4385.0,140.0537872314453,118.56288146972656,118.68966674804688,21.49090576171875,0.1267852783203125,21.364120483398438
45,87034.0,87079.4,86918.0,86918.1,5614.0,160.8713836669922,121.62257385253906,121.74028778076172,39.248809814453125,0.11771392822265625,39.13109588623047
46,86922.3,86999.7,86852.1,86965.0,3934.0,159.08035278320312,123.47822570800781,123.5875244140625,35.60212707519531,0.1092987060546875,35.492828369140625
47,86973.7,87026.1,86973.7,87022.1,3649.0,153.3815460205078,119.02275085449219,119.1242446899414,34.358795166015625,0.10149383544921875,34.257301330566406
48,87024.4,87024.4,86888.0,86937.6,4724.0,150.0328826904297,120.26387786865234,120.35811614990234,29.769004821777344,0.09423828125,29.674766540527344
49,86937.7,86946.2,86784.8,86834.6,8186.0,166.0802001953125,123.20262145996094,123.29012298583984,42.87757873535156,0.08750152587890625,42.790077209472656
50,86834.1,86875.0,86816.4,86816.4,3229.0,157.15985107421875,118.58826446533203,118.66950988769531,38.57158660888672,0.08124542236328125,38.49034118652344
51,86811.0,86811.0,86736.8,86747.7,8672.0,160.7271270751953,115.80350494384766,115.87894439697266,44.923622131347656,0.075439453125,44.848182678222656
52,86747.7,86754.9,86632.4,86663.7,10621.0,160.96817016601562,116.28182983398438,116.35187530517578,44.68634033203125,0.07004547119140625,44.616294860839844
53,86662.6,86733.1,86656.0,86711.6,5251.0,172.02792358398438,113.48324584960938,113.54827880859375,58.544677734375,0.065032958984375,58.479644775390625
54,86713.4,86797.0,86694.8,86776.0,8816.0,182.51869201660156,112.67752838134766,112.7379150390625,69.8411636352539,0.06038665771484375,69.78077697753906
55,86771.9,86843.4,86754.9,86843.1,8289.0,181.95318603515625,110.95056915283203,111.00663757324219,71.00261688232422,0.05606842041015625,70.94654846191406
56,86839.4,86843.2,86788.6,86793.6,4040.0,188.13510131835938,106.92564392089844,106.97769927978516,81.20945739746094,0.05205535888671875,81.15740203857422
57,86791.6,86810.2,86771.6,86771.6,1637.0,179.2041473388672,102.04535675048828,102.09368896484375,77.1587905883789,0.04833221435546875,77.11045837402344
58,86771.7,86775.9,86561.1,86561.5,18764.0,172.2967071533203,110.09903717041016,110.1439208984375,62.197669982910156,0.04488372802734375,62.15278625488281
59,86561.1,86653.2,86547.3,86632.5,11099.0,161.46804809570312,109.799560546875,109.84122467041016,51.668487548828125,0.04166412353515625,51.62682342529297
60,86623.2,86749.9,86578.5,86691.8,11360.0,165.58474731445312,114.1994857788086,114.23817443847656,51.38526153564453,0.03868865966796875,51.34657287597656
61,86692.1,86807.3,86674.1,86777.2,4944.0,161.95761108398438,115.55633544921875,115.59225463867188,46.401275634765625,0.035919189453125,46.3653564453125
62,86777.1,86912.6,86772.8,86888.4,31143.0,155.1107635498047,117.28836822509766,117.32170867919922,37.82239532470703,0.0333404541015625,37.78905487060547
63,86890.1,86910.7,86847.2,86877.6,6761.0,149.66033935546875,113.44635009765625,113.47730255126953,36.2139892578125,0.03095245361328125,36.18303680419922
64,86880.8,86880.8,86707.1,86707.1,6576.0,147.162841796875,117.74984741210938,117.7785873413086,29.412994384765625,0.02873992919921875,29.384254455566406
65,86703.9,87030.3,86664.3,87004.3,7093.0,146.36550903320312,135.4820098876953,135.50869750976562,10.883499145507812,0.0266876220703125,10.8568115234375
66,87003.4,87029.3,86934.7,86960.8,9135.0,148.36117553710938,132.56143188476562,132.58619689941406,15.79974365234375,0.0247650146484375,15.774978637695312
67,86961.3,87031.1,86961.3,87016.8,6887.0,143.60714721679688,128.11453247070312,128.13751220703125,15.49261474609375,0.022979736328125,15.469635009765625
68,87018.6,87098.9,86982.8,87042.9,4779.0,138.5353240966797,127.2564697265625,127.27780151367188,11.278854370117188,0.021331787109375,11.257522583007812
69,87042.8,87089.4,86993.0,87040.7,3567.0,149.78280639648438,125.05233001708984,125.07213592529297,24.73047637939453,0.019805908203125,24.710670471191406
70,87052.8,87151.8,87042.7,87146.3,5135.0,147.50535583496094,124.0552978515625,124.07367706298828,23.450057983398438,0.01837921142578125,23.431678771972656
71,87136.8,87202.0,87082.7,87141.6,9808.0,149.70530700683594,123.71541595458984,123.73248291015625,25.989891052246094,0.01706695556640625,25.972824096679688
72,87141.5,87171.3,87077.6,87103.5,9815.0,144.14097595214844,121.57112884521484,121.58696746826172,22.569847106933594,0.015838623046875,22.55400848388672
73,87120.2,87156.4,87092.1,87139.0,6378.0,139.89541625976562,117.48011779785156,117.49481964111328,22.415298461914062,0.01470184326171875,22.400596618652344
74,87127.1,87285.6,87127.1,87285.6,10418.0,132.48883056640625,120.41011810302734,120.42375946044922,12.078712463378906,0.013641357421875,12.065071105957031
75,87286.3,87347.0,87230.6,87262.4,6640.0,132.75413513183594,120.12357330322266,120.13623809814453,12.630561828613281,0.012664794921875,12.617897033691406
76,87267.2,87304.4,87227.4,87265.9,7803.0,123.43576049804688,117.04331970214844,117.0550765991211,6.3924407958984375,0.01175689697265625,6.380683898925781
77,87258.1,87397.0,87246.9,87381.6,5966.0,115.33321380615234,119.40462493896484,119.41554260253906,4.0714111328125,0.01091766357421875,4.082328796386719
78,87379.2,87416.2,87350.2,87382.5,8104.0,109.1955795288086,115.59001159667969,115.60014343261719,6.394432067871094,0.0101318359375,6.404563903808594
79,87385.3,87385.3,87203.1,87206.5,8375.0,114.50303649902344,120.34754180908203,120.35694122314453,5.844505310058594,0.0093994140625,5.853904724121094
80,87197.9,87269.5,87184.0,87255.9,5466.0,111.80973815917969,117.85843658447266,117.86715698242188,6.048698425292969,0.00872039794921875,6.0574188232421875
81,87257.0,87259.1,87077.1,87085.8,11182.0,112.78036499023438,122.43997955322266,122.44807434082031,9.659614562988281,0.00809478759765625,9.667709350585938
82,87078.5,87191.7,87067.9,87178.3,8493.0,108.06001281738281,122.53746032714844,122.54497528076172,14.477447509765625,0.00751495361328125,14.484962463378906
83,87179.5,87211.0,87081.9,87101.3,4100.0,101.50550842285156,123.0063247680664,123.0133056640625,21.500816345214844,0.00698089599609375,21.507797241210938
84,87101.5,87165.0,87084.1,87164.6,4103.0,100.75511932373047,119.99862670898438,120.0051040649414,19.243507385253906,0.00647735595703125,19.249984741210938
85,87159.0,87263.8,87159.0,87263.8,7991.0,96.4723892211914,118.91279602050781,118.9188003540039,22.440406799316406,0.00600433349609375,22.4464111328125
86,87263.8,87364.8,87257.3,87257.3,12821.0,94.40963745117188,118.09760284423828,118.1031723022461,23.687965393066406,0.0055694580078125,23.69353485107422
87,87254.8,87272.0,87194.2,87201.1,4852.0,96.95181274414062,115.21897888183594,115.22415161132812,18.267166137695312,0.0051727294921875,18.2723388671875
88,87196.9,87344.5,87196.1,87273.3,9019.0,101.31965637207031,117.58894348144531,117.59374237060547,16.269287109375,0.00479888916015625,16.274085998535156
89,87273.3,87299.0,87234.8,87282.5,4458.0,103.52506256103516,113.77567291259766,113.7801284790039,10.2506103515625,0.00445556640625,10.25506591796875
90,87282.4,87294.7,87186.6,87234.4,13604.0,103.27327728271484,113.3703842163086,113.37451171875,10.09710693359375,0.00412750244140625,10.101234436035156
91,87234.5,87344.6,87234.5,87254.1,5698.0,106.97530364990234,113.14414978027344,113.14798736572266,6.168846130371094,0.00383758544921875,6.1726837158203125
92,87254.0,87260.8,87090.8,87090.8,4446.0,104.06245422363281,117.20528411865234,117.20884704589844,13.142829895019531,0.00356292724609375,13.146392822265625
93,87088.6,87156.5,87058.1,87150.2,4771.0,99.81468963623047,115.86194610595703,115.86524200439453,16.047256469726562,0.0032958984375,16.050552368164062
94,87146.9,87224.5,87120.0,87136.1,7039.0,93.53495788574219,115.05038452148438,115.0534439086914,21.515426635742188,0.00305938720703125,21.51848602294922
95,87147.1,87212.5,87021.3,87200.3,6592.0,91.27521514892578,120.48987579345703,120.49270629882812,29.21466064453125,0.00283050537109375,29.217491149902344
96,87208.9,87303.3,87188.9,87287.3,7835.0,87.78401947021484,120.05477905273438,120.0573959350586,32.27075958251953,0.00261688232421875,32.27337646484375
97,87292.2,87397.9,87289.2,87386.0,6161.0,84.34242248535156,119.37955474853516,119.3819808959961,35.037132263183594,0.0024261474609375,35.03955841064453
98,87393.5,87497.2,87393.5,87484.7,9223.0,79.99654388427734,118.7955322265625,118.79777526855469,38.798988342285156,0.0022430419921875,38.801231384277344
99,87479.7,87499.9,87346.1,87346.1,5379.0,78.91141510009766,121.2956314086914,121.29771423339844,42.38421630859375,0.00208282470703125,42.38629913330078
100,87346.2,87399.9,87346.2,87374.0,3442.0,92.48191833496094,116.47430419921875,116.47622680664062,23.992385864257812,0.001922607421875,23.994308471679688
101,87368.5,87480.9,87358.2,87448.0,4521.0,92.86155700683594,116.91867065429688,116.92044830322266,24.057113647460938,0.00177764892578125,24.05889129638672
102,87444.3,87446.4,87365.9,87396.3,4579.0,97.57122039794922,114.4317398071289,114.43338012695312,16.860519409179688,0.00164031982421875,16.862159729003906
103,87418.0,87425.2,87303.7,87303.7,4357.0,185.6665802001953,114.9366226196289,114.93814086914062,70.7299575805664,0.00151824951171875,70.72843933105469
104,87298.5,87299.3,87195.9,87228.9,6647.0,202.11227416992188,114.42720794677734,114.4286117553711,87.68506622314453,0.00140380859375,87.68366241455078
105,87225.0,87274.1,87190.0,87274.1,6185.0,207.6399688720703,112.26109313964844,112.26239013671875,95.37887573242188,0.0012969970703125,95.37757873535156
106,87269.8,87339.4,87262.9,87336.5,2842.0,212.20140075683594,109.70673370361328,109.70793151855469,102.49466705322266,0.00119781494140625,102.49346923828125
107,87332.8,87389.0,87309.1,87343.0,3113.0,216.80142211914062,107.57756805419922,107.57868194580078,109.2238540649414,0.0011138916015625,109.22274017333984
108,87343.0,87361.8,87296.6,87357.5,5787.0,214.23692321777344,104.5502700805664,104.55130004882812,109.68665313720703,0.00102996826171875,109.68562316894531
109,87367.3,87367.3,87300.2,87324.3,2920.0,218.83441162109375,101.87480926513672,101.87576293945312,116.95960235595703,0.00095367431640625,116.95864868164062
110,87324.1,87420.1,87299.5,87391.6,3281.0,214.92494201660156,103.21244049072266,103.21331787109375,111.7125015258789,0.00087738037109375,111.71162414550781
111,87387.3,87426.6,87367.6,87367.6,3299.0,210.6300811767578,100.05441284179688,100.05522155761719,110.57566833496094,0.0008087158203125,110.57485961914062
112,87370.5,87434.3,87366.8,87434.3,5919.0,203.42103576660156,97.7291030883789,97.72985076904297,105.69193267822266,0.0007476806640625,105.6911849975586
113,87441.1,87441.1,87327.1,87348.1,4270.0,204.35525512695312,98.89131927490234,98.89200592041016,105.46393585205078,0.0006866455078125,105.46324920654297
114,87348.0,87402.0,87325.2,87387.7,2276.0,195.2584686279297,97.31314849853516,97.31378173828125,97.94532012939453,0.00063323974609375,97.94468688964844
115,87379.9,87435.9,87357.2,87418.0,3605.0,213.53298950195312,95.98330688476562,95.98389434814453,117.5496826171875,0.00058746337890625,117.5490951538086
116,87412.0,87412.0,87284.7,87319.5,3262.0,207.45921325683594,98.64856719970703,98.64910125732422,108.8106460571289,0.0005340576171875,108.81011199951172
117,87323.4,87333.8,87269.7,87269.7,3139.0,195.41915893554688,96.18037414550781,96.18086242675781,99.23878479003906,0.00048828125,99.23829650878906
118,87268.0,87268.0,87192.3,87228.9,4089.0,202.0036163330078,94.83937072753906,94.8398208618164,107.16424560546875,0.00045013427734375,107.1637954711914
119,87233.8,87283.9,87226.1,87283.9,1985.0,195.91799926757812,92.19348907470703,92.19389343261719,103.7245101928711,0.00040435791015625,103.72410583496094
120,87283.9,87334.5,87282.3,87327.1,2113.0,186.5667266845703,89.33704376220703,89.33740997314453,97.22968292236328,0.0003662109375,97.22931671142578
121,87327.1,87342.2,87293.3,87342.2,2732.0,177.07591247558594,86.44913482666016,86.44947052001953,90.62677764892578,0.000335693359375,90.6264419555664
122,87346.3,87440.5,87267.0,87267.0,4450.0,174.10621643066406,92.66706085205078,92.66736602783203,81.43915557861328,0.00030517578125,81.43885040283203
123,87267.0,87291.5,87154.6,87233.4,12040.0,173.29171752929688,95.82644653320312,95.82672882080078,77.46527099609375,0.00028228759765625,77.4649887084961
124,87229.9,87343.2,87223.0,87322.4,6250.0,185.4567108154297,97.56764221191406,97.56790161132812,87.88906860351562,0.0002593994140625,87.88880920410156
125,87321.5,87395.6,87312.0,87383.6,3558.0,190.18804931640625,96.57007598876953,96.57030487060547,93.61797332763672,0.0002288818359375,93.61774444580078
126,87388.6,87466.1,87370.7,87449.7,5254.0,189.58143615722656,96.48639678955078,96.48660278320312,93.09503936767578,0.00020599365234375,93.09483337402344
127,87450.7,87466.7,87295.4,87343.6,16226.0,190.01144409179688,101.83055877685547,101.83074951171875,88.1808853149414,0.00019073486328125,88.18069458007812
128,87356.8,87381.6,87285.9,87330.1,8568.0,205.59657287597656,101.39289093017578,101.39305877685547,104.20368194580078,0.0001678466796875,104.2035140991211
129,87339.4,87339.4,87218.9,87218.9,4133.0,196.4468231201172,102.75768280029297,102.75784301757812,93.68914031982422,0.00016021728515625,93.68898010253906
130,87202.4,87283.3,87168.3,87237.2,3723.0,198.50753784179688,103.63213348388672,103.63228607177734,94.87540435791016,0.000152587890625,94.87525177001953
131,87239.7,87262.3,87175.9,87235.0,3241.0,200.1498565673828,102.40116119384766,102.40129089355469,97.74869537353516,0.00012969970703125,97.74856567382812
132,87247.9,87259.9,87183.5,87198.4,4240.0,206.26751708984375,100.54383087158203,100.5439453125,105.72368621826172,0.00011444091796875,105.72357177734375
133,87205.2,87233.0,87176.7,87185.5,1926.0,193.31259155273438,97.38333892822266,97.38343811035156,95.92925262451172,9.918212890625e-05,95.92915344238281
134,87182.6,87182.6,87080.3,87157.2,6053.0,217.91192626953125,97.94190216064453,97.9419937133789,119.97002410888672,9.1552734375e-05,119.96993255615234
135,87147.5,87234.0,87147.5,87233.0,3708.0,229.0108642578125,97.12462615966797,97.12470245361328,131.88623809814453,7.62939453125e-05,131.88616180419922
136,87229.2,87275.8,87143.6,87155.3,7892.0,229.39569091796875,99.62967681884766,99.62974548339844,129.7660140991211,6.866455078125e-05,129.7659454345703
137,87155.4,87198.1,87005.4,87017.6,15190.0,237.4031524658203,106.27778625488281,106.27784729003906,131.1253662109375,6.103515625e-05,131.12530517578125
138,87018.5,87075.7,87005.2,87075.7,9681.0,234.04568481445312,103.72223663330078,103.7222900390625,130.32344818115234,5.340576171875e-05,130.32339477539062
139,87068.2,87068.2,86884.7,86918.4,9446.0,225.24221801757812,109.95636749267578,109.95640563964844,115.28585052490234,3.814697265625e-05,115.28581237792969
140,86923.9,86925.9,86830.4,86912.9,6178.0,223.3108673095703,108.92377471923828,108.9238052368164,114.38709259033203,3.0517578125e-05,114.3870620727539
141,86915.6,87056.8,86915.6,87049.1,8672.0,216.9672393798828,111.42196655273438,111.4219970703125,105.54527282714844,3.0517578125e-05,105.54524230957031
142,87049.1,87251.5,87049.1,87242.7,7613.0,207.25531005859375,117.92029571533203,117.9203109741211,89.33501434326172,1.52587890625e-05,89.33499908447266
143,87227.2,87331.2,87227.2,87306.4,14326.0,198.34422302246094,116.92599487304688,116.9260025024414,81.41822814941406,7.62939453125e-06,81.41822052001953
144,87306.3,87306.3,87113.3,87159.9,50306.0,198.6840362548828,122.36711120605469,122.36711883544922,76.31692504882812,7.62939453125e-06,76.3169174194336
145,87164.3,87203.0,87143.6,87181.7,14310.0,190.0207977294922,117.86935424804688,117.86935424804688,72.15144348144531,0.0,72.15144348144531
146,87183.5,87394.7,87183.5,87356.0,7122.0,189.91941833496094,124.6644058227539,124.66439819335938,65.25501251220703,7.62939453125e-06,65.25502014160156
147,87368.6,87397.5,87249.7,87268.0,3750.0,183.63221740722656,126.31673431396484,126.31671905517578,57.31548309326172,1.52587890625e-05,57.31549835205078
148,87266.5,87266.5,87183.7,87217.1,3825.0,177.87277221679688,123.31532287597656,123.31529998779297,54.55744934082031,2.288818359375e-05,54.557472229003906
149,87200.8,87325.8,87200.8,87286.3,5999.0,173.69602966308594,123.4356689453125,123.43563842773438,50.26036071777344,3.0517578125e-05,50.26039123535156
150,87278.5,87324.1,87270.8,87315.4,3828.0,167.2752227783203,118.42631530761719,118.42628479003906,48.848907470703125,3.0517578125e-05,48.84893798828125
151,87315.5,87327.8,87211.1,87211.1,2126.0,177.66293334960938,118.30268096923828,118.30264282226562,59.360252380371094,3.814697265625e-05,59.36029052734375
152,87207.4,87207.4,87079.5,87094.4,6031.0,180.0798797607422,119.25260162353516,119.2525634765625,60.82727813720703,3.814697265625e-05,60.82731628417969
153,87111.9,87161.5,87092.5,87128.8,4104.0,169.1952667236328,115.66313171386719,115.66309356689453,53.532135009765625,3.814697265625e-05,53.53217315673828
154,87116.6,87131.4,87081.3,87081.3,2055.0,163.36660766601562,110.98017120361328,110.98013305664062,52.386436462402344,3.814697265625e-05,52.386474609375
155,87080.0,87080.0,86926.0,86933.7,4617.0,161.71878051757812,114.1456527709961,114.14561462402344,47.57312774658203,3.814697265625e-05,47.57316589355469
156,86946.5,87017.3,86910.8,87017.3,4854.0,155.431396484375,113.59953308105469,113.59949493408203,41.83186340332031,3.814697265625e-05,41.83190155029297
157,87023.3,87069.6,86971.3,87004.0,3525.0,160.5289306640625,112.50704956054688,112.50701141357422,48.021881103515625,3.814697265625e-05,48.02191925048828
158,87004.9,87153.3,87004.9,87103.2,7838.0,162.45542907714844,115.13490295410156,115.13485717773438,47.320526123046875,4.57763671875e-05,47.32057189941406
159,87098.0,87153.9,87067.0,87098.1,2920.0,158.5015869140625,113.1180191040039,113.11797332763672,45.383567810058594,4.57763671875e-05,45.38361358642578
160,87101.9,87141.3,87089.1,87089.1,6354.0,189.58741760253906,108.76640319824219,108.76634979248047,80.82101440429688,5.340576171875e-05,80.8210678100586
161,87088.1,87152.0,87075.8,87148.2,2718.0,205.74525451660156,106.44046020507812,106.4404067993164,99.30479431152344,5.340576171875e-05,99.30484771728516
162,87148.2,87220.1,87142.5,87220.1,3075.0,241.01345825195312,104.38053894042969,104.3804931640625,136.63291931152344,4.57763671875e-05,136.63296508789062
163,87226.1,87260.8,87217.8,87243.1,2324.0,259.98406982421875,99.99622344970703,99.99617004394531,159.98784637451172,5.340576171875e-05,159.98789978027344
164,87250.2,87250.2,87197.9,87236.4,2364.0,269.4997253417969,96.58969116210938,96.58963775634766,172.9100341796875,5.340576171875e-05,172.91008758544922
165,87239.3,87340.2,87231.4,87340.1,3636.0,290.8998718261719,97.46219635009766,97.4621353149414,193.43767547607422,6.103515625e-05,193.43773651123047
166,87331.3,87331.3,87163.4,87212.3,16197.0,287.5353698730469,103.12226867675781,103.12220764160156,184.41310119628906,6.103515625e-05,184.4131622314453
167,87209.9,87275.8,87209.9,87275.7,6730.0,281.8113098144531,100.46342468261719,100.46337127685547,181.34788513183594,5.340576171875e-05,181.34793853759766
168,87266.9,87281.3,87238.0,87241.9,3204.0,279.7104187011719,96.3801040649414,96.38005065917969,183.33031463623047,5.340576171875e-05,183.3303680419922
169,87240.0,87266.2,87151.5,87151.5,3662.0,273.13848876953125,97.68889617919922,97.68883514404297,175.44959259033203,6.103515625e-05,175.44965362548828
170,87144.2,87230.2,87144.2,87230.2,2223.0,267.12860107421875,96.8539810180664,96.85391998291016,170.27462005615234,6.103515625e-05,170.2746810913086
171,87221.2,87257.5,87178.1,87211.1,3237.0,272.35491943359375,95.60716247558594,95.60710144042969,176.7477569580078,6.103515625e-05,176.74781799316406
172,87215.6,87223.3,87083.0,87083.0,6893.0,267.21575927734375,98.79928588867188,98.79922485351562,168.41647338867188,6.103515625e-05,168.41653442382812
173,87081.0,87085.5,86996.2,87006.1,7449.0,260.28631591796875,98.12055206298828,98.12049102783203,162.16576385498047,6.103515625e-05,162.16582489013672
174,87003.5,87043.2,87003.5,87043.1,6087.0,242.81610107421875,93.94788360595703,93.94782257080078,148.86821746826172,6.103515625e-05,148.86827850341797
175,87048.4,87072.2,87023.0,87055.9,3957.0,255.7366180419922,90.75183868408203,90.75177001953125,164.98477935791016,6.866455078125e-05,164.98484802246094
176,87062.6,87110.1,87036.0,87042.7,3693.0,248.7197265625,89.56253814697266,89.56246948242188,159.15718841552734,6.866455078125e-05,159.15725708007812
177,87048.3,87113.2,87048.3,87113.2,3309.0,240.2324981689453,88.20093536376953,88.20086669921875,152.03156280517578,6.866455078125e-05,152.03163146972656
178,87113.2,87170.8,87084.3,87104.6,2723.0,236.4229278564453,88.0794448852539,88.07937622070312,148.3434829711914,6.866455078125e-05,148.3435516357422
179,87104.6,87104.6,87035.5,87052.0,4439.0,222.52833557128906,86.72389221191406,86.72381591796875,135.804443359375,7.62939453125e-05,135.8045196533203
180,87046.0,87068.7,87030.2,87033.0,1778.0,229.57655334472656,83.27933502197266,83.27925872802734,146.2972183227539,7.62939453125e-05,146.29729461669922
181,87034.8,87046.3,87000.5,87004.0,2719.0,227.03536987304688,80.60202026367188,80.60194396972656,146.433349609375,7.62939453125e-05,146.4334259033203
182,87001.9,87003.2,86893.3,86893.3,8052.0,215.66844177246094,82.75210571289062,82.75202941894531,132.9163360595703,7.62939453125e-05,132.91641235351562
183,86893.3,86991.3,86885.6,86970.4,5381.0,221.84169006347656,84.39090728759766,84.39083862304688,137.4507827758789,6.866455078125e-05,137.4508514404297
184,86976.8,86988.5,86935.2,86935.2,6084.0,216.91717529296875,82.16990661621094,82.16983795166016,134.7472686767578,6.866455078125e-05,134.7473373413086
185,86935.1,86936.0,86728.6,86737.0,15394.0,211.4800262451172,91.11479949951172,91.11473846435547,120.36522674560547,6.103515625e-05,120.36528778076172
186,86737.0,86809.0,86600.0,86688.9,33820.0,232.7030029296875,99.5351791381836,99.53511047363281,133.1678237915039,6.866455078125e-05,133.1678924560547
187,86691.1,86839.5,86691.1,86833.1,5536.0,266.85260009765625,103.18277740478516,103.1827163696289,163.6698226928711,6.103515625e-05,163.66988372802734
188,86830.6,86913.0,86830.6,86846.2,7789.0,269.9630126953125,101.69818878173828,101.69812774658203,168.26482391357422,6.103515625e-05,168.26488494873047
189,86839.2,86842.7,86651.1,86659.8,12443.0,293.10125732421875,108.36985778808594,108.36979675292969,184.7313995361328,6.103515625e-05,184.73146057128906
190,86672.6,86716.7,86653.2,86716.7,4318.0,317.0008544921875,105.16487121582031,105.1648178100586,211.8359832763672,5.340576171875e-05,211.8360366821289
191,86721.4,86721.4,86618.2,86643.8,3803.0,320.172119140625,105.0241928100586,105.02413177490234,215.1479263305664,6.103515625e-05,215.14798736572266
192,86646.7,86660.6,86403.9,86496.2,24834.0,331.73126220703125,115.85840606689453,115.85835266113281,215.87285614013672,5.340576171875e-05,215.87290954589844
193,86500.8,86584.7,86418.7,86453.0,17044.0,322.2649841308594,119.43995666503906,119.43989562988281,202.8250274658203,6.103515625e-05,202.82508850097656
194,86455.9,86497.4,86401.9,86444.9,7346.0,306.0535583496094,117.72996520996094,117.72990417480469,188.32359313964844,6.103515625e-05,188.3236541748047
195,86440.1,86555.3,86408.2,86526.5,4643.0,298.52130126953125,119.82737731933594,119.82732391357422,178.6939239501953,5.340576171875e-05,178.69397735595703
196,86526.5,86618.0,86492.5,86541.7,8116.0,287.19110107421875,120.2325668334961,120.23251342773438,166.95853424072266,5.340576171875e-05,166.95858764648438
197,86535.9,86535.9,86402.0,86402.1,4754.0,284.2059326171875,121.62332153320312,121.6232681274414,162.58261108398438,5.340576171875e-05,162.5826644897461
198,86410.8,86438.8,86176.2,86180.7,17726.0,273.09136962890625,131.69264221191406,131.69259643554688,141.3987274169922,4.57763671875e-05,141.39877319335938
199,86180.7,86411.4,86180.7,86403.0,18165.0,295.1205749511719,138.76426696777344,138.7642059326172,156.35630798339844,6.103515625e-05,156.3563690185547
200,86403.7,86516.5,86308.2,86516.5,9042.0,300.29052734375,143.7308807373047,143.7308349609375,156.5596466064453,4.57763671875e-05,156.5596923828125
201,86520.8,86776.4,86520.8,86756.3,28362.0,312.82000732421875,152.028564453125,152.0285186767578,160.79144287109375,4.57763671875e-05,160.79148864746094
202,86747.8,86747.8,86580.5,86610.5,10924.0,313.1833190917969,153.72630310058594,153.72625732421875,159.45701599121094,4.57763671875e-05,159.45706176757812
203,86610.4,86780.8,86590.9,86748.0,15765.0,313.177490234375,156.31002807617188,156.3099822998047,156.86746215820312,4.57763671875e-05,156.8675079345703
204,86748.0,86786.9,86667.8,86706.6,4021.0,296.1006774902344,153.65228271484375,153.65223693847656,142.44839477539062,4.57763671875e-05,142.4484405517578
205,86703.3,86798.4,86669.7,86731.1,5333.0,302.1358947753906,151.86965942382812,151.86959838867188,150.2662353515625,6.103515625e-05,150.26629638671875
206,86722.3,86722.3,86635.2,86676.4,11247.0,295.18310546875,147.87173461914062,147.8716583251953,147.31137084960938,7.62939453125e-05,147.3114471435547
207,86694.1,86698.7,86556.8,86579.7,4820.0,288.8201599121094,147.4456329345703,147.445556640625,141.37452697753906,7.62939453125e-05,141.37460327148438
208,86571.2,86596.5,86552.1,86578.7,3897.0,288.4970703125,140.0851287841797,140.08505249023438,148.4119415283203,7.62939453125e-05,148.41201782226562
209,86574.5,86660.9,86495.6,86495.6,9383.0,281.98333740234375,141.88597106933594,141.88589477539062,140.0973663330078,7.62939453125e-05,140.09744262695312
210,86495.8,86508.7,86253.3,86398.1,9546.0,270.93487548828125,149.99456787109375,149.99449157714844,120.9403076171875,7.62939453125e-05,120.94038391113281
211,86398.1,86542.0,86398.1,86528.6,8732.0,272.53271484375,149.55914306640625,149.55906677246094,122.97357177734375,7.62939453125e-05,122.97364807128906
212,86531.9,86568.2,86352.6,86352.8,9250.0,258.95172119140625,154.27645874023438,154.27638244628906,104.67526245117188,7.62939453125e-05,104.67533874511719
213,86377.2,86444.9,86317.1,86433.1,8618.0,258.57684326171875,152.38507080078125,152.38499450683594,106.1917724609375,7.62939453125e-05,106.19184875488281
214,86428.1,86534.8,86383.7,86524.9,4693.0,275.8643493652344,152.29283142089844,152.29275512695312,123.57151794433594,7.62939453125e-05,123.57159423828125
215,86525.0,86670.4,86509.6,86589.1,7676.0,274.524169921875,152.9002685546875,152.9001922607422,121.6239013671875,7.62939453125e-05,121.62397766113281
216,86578.0,86640.7,86530.3,86562.6,5424.0,267.7724609375,149.864990234375,149.8649139404297,117.907470703125,7.62939453125e-05,117.90754699707031
217,86559.3,86609.8,86391.6,86395.6,13155.0,278.5744323730469,154.7457275390625,154.7456512451172,123.82870483398438,7.62939453125e-05,123.82878112792969
218,86404.0,86468.1,86379.2,86466.4,3063.0,271.9480285644531,150.04234313964844,150.0422821044922,121.90568542480469,6.103515625e-05,121.90574645996094
219,86466.4,86488.8,86301.9,86347.8,9455.0,255.480224609375,152.6749267578125,152.67486572265625,102.8052978515625,6.103515625e-05,102.80535888671875
220,86357.6,86492.7,86353.3,86484.3,4486.0,244.57427978515625,152.12002563476562,152.11996459960938,92.45425415039062,6.103515625e-05,92.45431518554688
221,86475.5,86483.5,86409.6,86432.5,7786.0,243.53326416015625,146.58969116210938,146.58963012695312,96.94357299804688,6.103515625e-05,96.94363403320312
222,86432.5,86488.2,86357.0,86447.1,5794.0,238.4376983642578,145.49066162109375,145.4906005859375,92.94703674316406,6.103515625e-05,92.94709777832031
223,86438.5,86438.5,86282.0,86331.4,7853.0,230.6134796142578,146.89144897460938,146.89137268066406,83.72203063964844,7.62939453125e-05,83.72210693359375
224,86328.9,86352.0,85852.6,85882.9,137327.0,225.53396606445312,172.07052612304688,172.07044982910156,53.46343994140625,7.62939453125e-05,53.46351623535156
225,85887.1,86099.9,85852.2,86006.9,21941.0,220.6029815673828,177.47230529785156,177.47222900390625,43.13067626953125,7.62939453125e-05,43.13075256347656
226,86007.0,86190.6,86007.0,86186.3,11137.0,207.78872680664062,177.91737365722656,177.91729736328125,29.871353149414062,7.62939453125e-05,29.871429443359375
227,86187.5,86250.8,86051.9,86138.2,10003.0,199.7820587158203,179.41603088378906,179.41595458984375,20.36602783203125,7.62939453125e-05,20.366104125976562
228,86153.7,86259.6,86135.6,86209.9,8193.0,199.97621154785156,175.45774841308594,175.45767211914062,24.518463134765625,7.62939453125e-05,24.518539428710938
229,86209.9,86234.3,86131.4,86162.9,4426.0,227.94219970703125,170.2749481201172,170.2748565673828,57.66725158691406,9.1552734375e-05,57.66734313964844
230,86167.4,86250.8,86140.2,86152.9,9285.0,216.2102813720703,166.0120086669922,166.01193237304688,50.198272705078125,7.62939453125e-05,50.19834899902344
231,86169.3,86169.3,85990.9,86043.0,9036.0,208.62384033203125,166.89675903320312,166.8966827392578,41.727081298828125,7.62939453125e-05,41.72715759277344
232,86033.5,86036.6,85656.5,85703.8,56064.0,203.64346313476562,182.5827178955078,182.58262634277344,21.060745239257812,9.1552734375e-05,21.060836791992188
233,85703.9,85852.2,85703.9,85767.8,27207.0,219.79058837890625,180.1415557861328,180.14146423339844,39.64903259277344,9.1552734375e-05,39.64912414550781
234,85762.0,85850.4,85727.8,85815.1,7963.0,231.05555725097656,176.0315704345703,176.03146362304688,55.02398681640625,0.0001068115234375,55.02409362792969
235,85832.0,85832.0,85600.1,85702.0,20876.0,219.85125732421875,180.02206420898438,180.02195739746094,39.829193115234375,0.0001068115234375,39.82929992675781
236,85701.9,85803.3,85600.1,85627.9,31337.0,214.49749755859375,181.67730712890625,181.6772003173828,32.8201904296875,0.0001068115234375,32.82029724121094
237,85624.6,85683.4,85558.8,85574.3,29383.0,206.81912231445312,177.60047912597656,177.60037231445312,29.218643188476562,0.0001068115234375,29.21875
238,85574.0,85631.1,85473.9,85502.9,21038.0,214.76063537597656,176.14352416992188,176.1434326171875,38.61711120605469,9.1552734375e-05,38.61720275878906
239,85529.6,85593.1,85345.5,85439.8,37207.0,204.77774047851562,181.24766540527344,181.24757385253906,23.530075073242188,9.1552734375e-05,23.530166625976562
240,85439.7,85659.3,85427.1,85647.1,10836.0,202.17922973632812,184.8867950439453,184.88670349121094,17.292434692382812,9.1552734375e-05,17.292526245117188
241,85625.5,85680.6,85510.3,85680.6,6731.0,196.37347412109375,183.84523010253906,183.84512329101562,12.528244018554688,0.0001068115234375,12.528350830078125
242,85680.5,85680.9,85575.1,85613.4,6608.0,195.16824340820312,178.27035522460938,178.27024841308594,16.89788818359375,0.0001068115234375,16.897994995117188
243,85626.1,85699.9,85549.1,85575.0,10137.0,186.0563507080078,176.30796813964844,176.30787658691406,9.748382568359375,9.1552734375e-05,9.74847412109375
244,85598.0,85715.5,85572.4,85672.9,7328.0,190.7309112548828,173.93609619140625,173.9359893798828,16.794815063476562,0.0001068115234375,16.794921875
245,85673.0,85999.4,85673.0,85932.5,15574.0,184.17872619628906,184.83352661132812,184.8334197998047,0.6548004150390625,0.0001068115234375,0.654693603515625
246,85934.9,86054.4,85926.3,85992.9,11959.0,186.55157470703125,180.78126525878906,180.78114318847656,5.7703094482421875,0.0001220703125,5.7704315185546875
247,86000.8,86040.4,85902.2,85936.9,8689.0,174.30514526367188,177.7394256591797,177.7393035888672,3.4342803955078125,0.0001220703125,3.4341583251953125
248,85937.8,86035.6,85926.0,86014.1,10299.0,172.80511474609375,172.87245178222656,172.872314453125,0.0673370361328125,0.0001373291015625,0.06719970703125
249,86025.2,86025.2,85833.7,85839.4,5731.0,188.0902557373047,174.20298767089844,174.20286560058594,13.88726806640625,0.0001220703125,13.88739013671875
250,85839.5,85941.5,85839.4,85930.4,4302.0,183.01963806152344,169.0529022216797,169.0527801513672,13.96673583984375,0.0001220703125,13.96685791015625
251,85921.9,85930.2,85830.6,85879.7,6486.0,177.43955993652344,164.10604858398438,164.10592651367188,13.333511352539062,0.0001220703125,13.333633422851562
252,85896.6,85930.0,85835.3,85912.9,4643.0,172.56553649902344,159.14871215820312,159.14857482910156,13.416824340820312,0.0001373291015625,13.416961669921875
253,85912.0,85912.0,85813.0,85827.0,2945.0,177.3538360595703,154.91656494140625,154.9164276123047,22.437271118164062,0.0001373291015625,22.437408447265625
254,85829.2,85829.2,85720.1,85774.1,4394.0,178.44296264648438,151.64407348632812,151.64393615722656,26.79888916015625,0.0001373291015625,26.799026489257812
255,85783.3,85943.9,85783.3,85942.9,5970.0,183.40408325195312,152.9407196044922,152.94058227539062,30.463363647460938,0.0001373291015625,30.4635009765625
256,85925.4,85974.4,85701.9,85718.3,10857.0,177.06776428222656,161.4806671142578,161.48052978515625,15.58709716796875,0.0001373291015625,15.587234497070312
257,85718.3,85718.7,85533.6,85565.1,10773.0,166.49819946289062,163.1678924560547,163.16775512695312,3.3303070068359375,0.0001373291015625,3.3304443359375
258,85565.1,85646.5,85544.6,85624.6,4371.0,164.37667846679688,158.79150390625,158.79136657714844,5.585174560546875,0.0001373291015625,5.5853118896484375
259,85624.7,85642.1,85466.0,85526.5,10898.0,172.89218139648438,160.02793884277344,160.02781677246094,12.864242553710938,0.0001220703125,12.864364624023438
260,85510.1,85640.6,85480.2,85621.2,6778.0,175.6141815185547,160.05441284179688,160.05429077148438,15.559768676757812,0.0001220703125,15.559890747070312
261,85621.2,85773.2,85621.2,85727.2,7407.0,192.14175415039062,159.47909545898438,159.47897338867188,32.66265869140625,0.0001220703125,32.66278076171875
262,85729.2,85785.5,85703.8,85785.5,9769.0,187.53900146484375,153.92367553710938,153.92356872558594,33.615325927734375,0.0001068115234375,33.61543273925781
263,85785.6,85804.4,85650.4,85658.2,8415.0,183.95755004882812,153.92913818359375,153.92901611328125,30.028411865234375,0.0001220703125,30.028533935546875
264,85657.3,85657.3,85495.8,85533.1,4775.0,171.7608184814453,154.53465270996094,154.5345458984375,17.226165771484375,0.0001068115234375,17.226272583007812
265,85534.1,85579.5,85432.9,85462.1,9237.0,170.2349395751953,153.96800231933594,153.9678955078125,16.266937255859375,0.0001068115234375,16.267044067382812
266,85469.8,85567.3,85445.9,85535.4,10767.0,163.4324493408203,151.6416015625,151.64151000976562,11.790847778320312,9.1552734375e-05,11.790939331054688
267,85533.0,85579.6,85487.1,85487.2,2838.0,158.2375030517578,147.41720581054688,147.4171142578125,10.820297241210938,9.1552734375e-05,10.820388793945312
268,85481.1,85625.0,85474.8,85612.1,6635.0,157.47781372070312,147.61619567871094,147.61611938476562,9.861618041992188,7.62939453125e-05,9.8616943359375
269,85604.5,85711.2,85604.5,85687.9,6297.0,154.38677978515625,144.69383239746094,144.69375610351562,9.692947387695312,7.62939453125e-05,9.693023681640625
270,85687.5,85792.8,85609.7,85792.8,6186.0,148.85189819335938,147.4366912841797,147.43661499023438,1.4152069091796875,7.62939453125e-05,1.415283203125
271,85800.0,85853.5,85674.6,85701.6,7363.0,148.78379821777344,149.6839599609375,149.6838836669922,0.9001617431640625,7.62939453125e-05,0.90008544921875
272,85704.4,85796.4,85675.8,85759.0,4660.0,151.82827758789062,147.60665893554688,147.60658264160156,4.22161865234375,7.62939453125e-05,4.2216949462890625
273,85759.1,85772.3,85654.9,85654.9,4528.0,155.91867065429688,145.44894409179688,145.4488525390625,10.4697265625,9.1552734375e-05,10.469818115234375
274,85663.4,85663.4,85579.3,85613.0,4202.0,156.6454620361328,141.06700134277344,141.06690979003906,15.578460693359375,9.1552734375e-05,15.57855224609375
275,85617.9,85650.0,85577.4,85630.5,2748.0,161.14959716796875,136.17662048339844,136.17652893066406,24.972976684570312,9.1552734375e-05,24.973068237304688
276,85642.8,85944.7,85642.2,85944.6,6701.0,155.90342712402344,148.89280700683594,148.89271545410156,7.0106201171875,9.1552734375e-05,7.010711669921875
277,85933.7,85994.8,85778.8,85800.3,9326.0,155.39639282226562,153.68618774414062,153.6860809326172,1.710205078125,0.0001068115234375,1.7103118896484375
278,85794.2,85898.8,85778.1,85867.2,8023.0,153.28939819335938,151.32969665527344,151.32960510253906,1.9597015380859375,9.1552734375e-05,1.9597930908203125
279,85855.5,85914.1,85800.5,85871.9,6588.0,145.27598571777344,148.6348419189453,148.63475036621094,3.358856201171875,9.1552734375e-05,3.3587646484375
280,85866.2,86031.3,85852.7,85988.0,11707.0,142.4990234375,150.77476501464844,150.77467346191406,8.275741577148438,9.1552734375e-05,8.275650024414062
281,85988.0,86090.0,85977.8,86068.3,5521.0,146.80601501464844,148.0196533203125,148.01956176757812,1.2136383056640625,9.1552734375e-05,1.2135467529296875
282,86062.7,86078.8,86009.1,86047.9,4429.0,165.23394775390625,142.42506408691406,142.4249725341797,22.808883666992188,9.1552734375e-05,22.808975219726562
283,86058.4,86129.3,86037.8,86071.8,4974.0,168.83163452148438,138.78756713867188,138.7874755859375,30.0440673828125,9.1552734375e-05,30.044158935546875
284,86067.5,86108.6,86045.0,86058.0,3915.0,162.6148681640625,133.41714477539062,133.41705322265625,29.197723388671875,9.1552734375e-05,29.19781494140625
285,86058.0,86125.1,86053.1,86063.0,4532.0,175.1423797607422,129.03021240234375,129.03012084960938,46.11216735839844,9.1552734375e-05,46.11225891113281
286,86062.2,86062.2,85998.7,85998.7,2655.0,169.2750701904297,124.40641021728516,124.40631866455078,44.86865997314453,9.1552734375e-05,44.868751525878906
287,85999.1,86071.6,85999.0,86045.6,4464.0,162.51268005371094,120.7272720336914,120.72718048095703,41.78540802001953,9.1552734375e-05,41.785499572753906
288,86053.5,86057.0,85921.6,85951.1,5981.0,418.9476318359375,121.77522277832031,121.77513122558594,297.1724090576172,9.1552734375e-05,297.17250061035156
289,85957.7,85994.0,85936.4,85974.5,3532.0,399.7583312988281,117.19139099121094,117.19129943847656,282.5669403076172,9.1552734375e-05,282.56703186035156
290,85967.0,85997.2,85936.1,85997.2,6763.0,385.51837158203125,113.18497467041016,113.18489074707031,272.3333969116211,8.392333984375e-05,272.33348083496094
291,85997.2,86001.5,85941.1,85958.6,3057.0,365.9674072265625,109.41451263427734,109.4144287109375,256.55289459228516,8.392333984375e-05,256.552978515625
292,85971.0,86022.3,85971.0,85995.9,4989.0,368.8771057128906,106.14885711669922,106.1487808227539,262.7282485961914,7.62939453125e-05,262.7283248901367
293,85983.3,85996.5,85935.9,85962.2,5489.0,346.70733642578125,102.8954849243164,102.8954086303711,243.81185150146484,7.62939453125e-05,243.81192779541016
294,85966.3,85986.7,85891.4,85922.4,8574.0,329.9782409667969,102.3532943725586,102.35321044921875,227.62494659423828,8.392333984375e-05,227.62503051757812
295,85918.2,85984.1,85918.2,85975.6,6319.0,332.0942077636719,99.74937438964844,99.74929809570312,232.34483337402344,7.62939453125e-05,232.34490966796875
296,85962.7,85986.5,85945.6,85961.5,4096.0,322.3592529296875,95.54573822021484,95.54566955566406,226.81351470947266,6.866455078125e-05,226.81358337402344
297,85962.6,86028.1,85961.3,86020.9,4533.0,303.57635498046875,93.49281311035156,93.49274444580078,210.0835418701172,6.866455078125e-05,210.08361053466797
298,86019.2,86020.8,85968.5,85968.5,2496.0,301.142333984375,90.55751037597656,90.55743408203125,210.58482360839844,7.62939453125e-05,210.58489990234375
299,85964.2,85964.2,85817.3,85832.3,3535.0,287.49658203125,94.88935089111328,94.88926696777344,192.60723114013672,8.392333984375e-05,192.60731506347656
300,85817.3,85865.2,85798.6,85861.3,10066.0,276.72564697265625,92.8687973022461,92.86872100830078,183.85684967041016,7.62939453125e-05,183.85692596435547
301,85863.3,85863.3,85794.8,85802.0,9386.0,265.5594177246094,91.12816619873047,91.12809753417969,174.4312515258789,6.866455078125e-05,174.4313201904297
302,85800.1,85864.7,85765.8,85810.0,5590.0,253.95529174804688,91.68374633789062,91.68367767333984,162.27154541015625,6.866455078125e-05,162.27161407470703
303,85810.1,85859.5,85810.1,85828.0,3362.0,253.00146484375,88.67062377929688,88.6705551147461,164.33084106445312,6.866455078125e-05,164.3309097290039
304,85822.3,85860.8,85822.1,85831.6,5387.0,250.9656524658203,85.10096740722656,85.10089874267578,165.86468505859375,6.866455078125e-05,165.86475372314453
305,85822.8,85888.9,85697.6,85697.6,6473.0,244.02503967285156,92.68639373779297,92.68632507324219,151.3386459350586,6.866455078125e-05,151.33871459960938
306,85695.3,85766.4,85656.3,85766.1,10213.0,232.5807342529297,93.93033599853516,93.93026733398438,138.65039825439453,6.866455078125e-05,138.6504669189453
307,85766.5,85852.0,85671.8,85693.6,3404.0,233.21058654785156,100.09268188476562,100.09261322021484,133.11790466308594,6.866455078125e-05,133.11797332763672
308,85702.2,85723.8,85620.9,85622.9,5585.0,220.1815948486328,100.29309844970703,100.29302978515625,119.88849639892578,6.866455078125e-05,119.88856506347656
309,85644.7,85647.0,85622.9,85623.0,3111.0,210.58326721191406,94.8508529663086,94.85078430175781,115.73241424560547,6.866455078125e-05,115.73248291015625
310,85631.0,85665.0,85631.0,85636.9,4084.0,200.72018432617188,91.07579040527344,91.07572937011719,109.64439392089844,6.103515625e-05,109.64445495605469
311,85636.1,85707.5,85636.1,85703.2,4418.0,194.0476531982422,89.6702651977539,89.67020416259766,104.37738800048828,6.103515625e-05,104.37744903564453
312,85707.8,85771.7,85707.8,85711.1,2704.0,192.50852966308594,88.15811157226562,88.15805053710938,104.35041809082031,6.103515625e-05,104.35047912597656
313,85711.1,85769.9,85687.0,85752.4,4256.0,191.27243041992188,87.78242492675781,87.78236389160156,103.49000549316406,6.103515625e-05,103.49006652832031
314,85748.2,85823.4,85698.3,85698.3,4213.0,186.30319213867188,90.44808197021484,90.4480209350586,95.85511016845703,6.103515625e-05,95.85517120361328
315,85698.2,85706.7,85631.2,85631.2,4632.0,178.5454864501953,89.38036346435547,89.38030242919922,89.16512298583984,6.103515625e-05,89.1651840209961
316,85632.3,85754.7,85625.5,85739.9,3221.0,178.3491668701172,92.22484588623047,92.22479248046875,86.12432098388672,5.340576171875e-05,86.12437438964844
317,85747.2,85816.0,85691.2,85715.2,4803.0,170.34542846679688,94.55142211914062,94.5513687133789,75.79400634765625,5.340576171875e-05,75.79405975341797
318,85722.2,85737.1,85632.0,85659.7,3118.0,166.7777862548828,95.30500793457031,95.3049545288086,71.4727783203125,5.340576171875e-05,71.47283172607422
319,85661.6,85687.8,85644.3,85668.9,5380.0,165.1653289794922,91.60465240478516,91.60459899902344,73.56067657470703,5.340576171875e-05,73.56072998046875
320,85664.7,85768.7,85664.7,85768.7,3704.0,158.1395721435547,92.49003601074219,92.48998260498047,65.6495361328125,5.340576171875e-05,65.64958953857422
321,85775.8,85825.9,85674.0,85674.0,4334.0,151.87960815429688,96.7334976196289,96.73344421386719,55.14611053466797,5.340576171875e-05,55.14616394042969
322,85661.1,85722.1,85629.1,85722.1,3253.0,145.17393493652344,96.46682739257812,96.4667739868164,48.70710754394531,5.340576171875e-05,48.70716094970703
323,85718.0,85751.9,85661.0,85667.1,3712.0,136.78317260742188,96.06908416748047,96.06903076171875,40.714088439941406,5.340576171875e-05,40.714141845703125
324,85667.1,85696.1,85603.6,85696.1,4164.0,138.9839324951172,95.81415557861328,95.81410217285156,43.169776916503906,5.340576171875e-05,43.169830322265625
325,85682.4,85804.0,85669.9,85767.0,16307.0,142.07772827148438,98.5489730834961,98.54891967773438,43.52875518798828,5.340576171875e-05,43.52880859375
326,85759.8,85850.0,85747.8,85850.0,3203.0,149.95779418945312,98.80998229980469,98.8099365234375,51.14781188964844,4.57763671875e-05,51.147857666015625
327,85854.0,85901.0,85835.9,85835.9,3468.0,145.11093139648438,96.4022445678711,96.4021987915039,48.70868682861328,4.57763671875e-05,48.70873260498047
328,85832.3,85889.4,85832.3,85889.4,4198.0,158.8602752685547,93.59505462646484,93.59500885009766,65.26522064208984,4.57763671875e-05,65.26526641845703
329,85890.3,85902.1,85825.9,85852.1,3332.0,153.376953125,92.35277557373047,92.35272979736328,61.02417755126953,4.57763671875e-05,61.02422332763672
330,85852.1,85930.9,85852.1,85878.5,3155.0,146.31431579589844,91.3844985961914,91.38445281982422,54.92981719970703,4.57763671875e-05,54.92986297607422
331,85874.2,85874.2,85692.2,85700.0,4425.0,149.84934997558594,98.1639633178711,98.16390991210938,51.685386657714844,5.340576171875e-05,51.68544006347656
332,85699.9,85699.9,85474.5,85474.5,8504.0,140.58164978027344,107.25939178466797,107.25934600830078,33.32225799560547,4.57763671875e-05,33.322303771972656
333,85473.9,85526.3,85420.3,85486.2,9694.0,148.2471466064453,107.16944122314453,107.16939544677734,41.07770538330078,4.57763671875e-05,41.07775115966797
334,85501.5,85604.9,85480.8,85572.9,10546.0,153.58663940429688,108.3788833618164,108.37883758544922,45.20775604248047,4.57763671875e-05,45.207801818847656
335,85568.5,85583.0,85450.0,85493.9,6985.0,154.67364501953125,110.13754272460938,110.13748931884766,44.536102294921875,5.340576171875e-05,44.536155700683594
336,85489.0,85582.8,85474.2,85555.8,32121.0,147.1824493408203,110.02728271484375,110.0272216796875,37.15516662597656,6.103515625e-05,37.15522766113281
337,85555.7,85555.7,85450.0,85476.3,4223.0,161.9908447265625,109.7251205444336,109.72505187988281,52.265724182128906,6.866455078125e-05,52.26579284667969
338,85480.4,85523.9,85469.1,85472.7,7586.0,157.96304321289062,105.80167388916016,105.8016128540039,52.16136932373047,6.103515625e-05,52.16143035888672
339,85469.1,85523.7,85427.6,85442.0,8565.0,164.9439239501953,105.10881042480469,105.10874938964844,59.835113525390625,6.103515625e-05,59.835174560546875
340,85442.0,85567.2,85442.0,85514.8,5399.0,163.09078979492188,106.54412078857422,106.5440673828125,56.546669006347656,5.340576171875e-05,56.546722412109375
341,85512.3,85561.3,85399.6,85561.3,6553.0,168.3772735595703,110.4834976196289,110.48343658447266,57.893775939941406,6.103515625e-05,57.893836975097656
342,85553.0,85729.4,85524.2,85654.8,5704.0,172.67176818847656,117.2486343383789,117.24857330322266,55.423133850097656,6.103515625e-05,55.423194885253906
343,85654.9,85931.1,85654.9,85913.5,16924.0,176.23092651367188,128.6097869873047,128.60972595214844,47.62113952636719,6.103515625e-05,47.62120056152344
344,85914.5,86012.0,85878.8,85878.8,10279.0,177.3003692626953,128.93789672851562,128.9378204345703,48.36247253417969,7.62939453125e-05,48.362548828125
345,85883.0,85996.5,85883.0,85948.5,6728.0,169.428466796875,128.1354217529297,128.13534545898438,41.29304504394531,7.62939453125e-05,41.293121337890625
346,85950.9,85979.7,85879.3,85879.3,3159.0,161.2907257080078,126.15476989746094,126.15469360351562,35.135955810546875,7.62939453125e-05,35.13603210449219
347,85875.2,85875.2,85723.7,85741.6,6791.0,152.0272216796875,128.25755310058594,128.2574920654297,23.769668579101562,6.103515625e-05,23.769729614257812
348,85745.6,85828.9,85745.6,85783.2,3525.0,152.41815185546875,125.33179473876953,125.33172607421875,27.08635711669922,6.866455078125e-05,27.08642578125
349,85762.6,85807.2,85753.7,85778.3,2848.0,148.18125915527344,120.20095825195312,120.20088958740234,27.980300903320312,6.866455078125e-05,27.980369567871094
350,85768.1,85816.5,85768.1,85816.5,4345.0,141.01876831054688,115.07221221923828,115.0721435546875,25.946556091308594,6.866455078125e-05,25.946624755859375
351,85816.6,85888.1,85804.1,85871.0,3167.0,134.23898315429688,112.85276794433594,112.85270690917969,21.386215209960938,6.103515625e-05,21.386276245117188
352,85863.5,85912.7,85846.6,85887.0,7238.0,132.06455993652344,109.51339721679688,109.51333618164062,22.551162719726562,6.103515625e-05,22.551223754882812
353,85889.3,85957.3,85854.7,85957.3,2948.0,133.281494140625,109.0191421508789,109.01908111572266,24.262351989746094,6.103515625e-05,24.262413024902344
354,85957.2,86040.2,85954.5,86032.3,5187.0,137.29710388183594,107.35372161865234,107.35365295410156,29.943382263183594,6.866455078125e-05,29.943450927734375
355,86032.3,86077.6,86003.0,86058.2,4787.0,131.52587890625,105.01428985595703,105.01422119140625,26.51158905029297,6.866455078125e-05,26.51165771484375
356,86056.2,86121.1,86056.1,86056.2,4706.0,136.80975341796875,102.15613555908203,102.15605926513672,34.65361785888672,7.62939453125e-05,34.65369415283203
357,86067.6,86115.4,86056.1,86056.1,3744.0,134.50192260742188,99.09476470947266,99.09468841552734,35.40715789794922,7.62939453125e-05,35.40723419189453
358,86056.0,86056.0,85994.5,86026.6,2311.0,130.88070678710938,96.41667938232422,96.41661071777344,34.464027404785156,6.866455078125e-05,34.46409606933594
359,86026.5,86060.7,86012.3,86059.4,3384.0,133.232421875,92.98737335205078,92.98729705810547,40.24504852294922,7.62939453125e-05,40.24512481689453
360,86052.5,86089.3,86026.7,86087.3,3147.0,131.4585723876953,90.81639862060547,90.81632995605469,40.642173767089844,6.866455078125e-05,40.642242431640625
361,86087.2,86164.4,86012.3,86022.5,4912.0,134.16856384277344,95.19391632080078,95.19384765625,38.974647521972656,6.866455078125e-05,38.97471618652344
362,86015.4,86086.4,85968.9,86082.1,4110.0,129.02818298339844,96.7872085571289,96.78714752197266,32.24097442626953,6.103515625e-05,32.24103546142578
363,86062.7,86078.7,86027.4,86062.1,2589.0,135.5691375732422,93.78121185302734,93.78114318847656,41.787925720214844,6.866455078125e-05,41.787994384765625
364,86068.1,86117.8,86020.7,86040.4,3568.0,127.92860412597656,94.01782989501953,94.01776123046875,33.91077423095703,6.866455078125e-05,33.91084289550781
365,86040.5,86048.8,85957.1,85980.7,3070.0,119.2763442993164,93.85194396972656,93.85186767578125,25.424400329589844,7.62939453125e-05,25.424476623535156
366,85978.0,86169.3,85967.8,86135.8,4361.0,111.7995834350586,101.54109954833984,101.54102325439453,10.25848388671875,7.62939453125e-05,10.258560180664062
367,86135.8,86248.1,86031.1,86060.6,6480.0,119.72071075439453,109.78816986083984,109.78809356689453,9.932540893554688,7.62939453125e-05,9.9326171875
368,86056.3,86067.4,86014.9,86014.9,2417.0,111.98341369628906,105.69615936279297,105.69608306884766,6.287254333496094,7.62939453125e-05,6.287330627441406
369,86010.6,86130.3,86010.6,86121.1,5066.0,106.22791290283203,106.69609832763672,106.69602966308594,0.4681854248046875,6.866455078125e-05,0.46811676025390625
370,86116.7,86126.7,86075.7,86095.0,4595.0,101.87570190429688,102.71781158447266,102.71774291992188,0.8421096801757812,6.866455078125e-05,0.842041015625
371,86092.5,86129.6,86060.8,86069.6,2470.0,98.97777557373047,100.29544830322266,100.29537963867188,1.3176727294921875,6.866455078125e-05,1.3176040649414062
372,86075.4,86081.5,86056.1,86062.0,5649.0,101.43639373779297,94.94566345214844,94.94560241699219,6.490730285644531,6.103515625e-05,6.490791320800781
373,86056.0,86119.4,86048.2,86119.4,3238.0,102.58379364013672,93.24921417236328,93.24915313720703,9.334579467773438,6.103515625e-05,9.334640502929688
374,86128.0,86220.8,86122.8,86216.6,5249.0,104.54209899902344,93.83130645751953,93.83124542236328,10.710792541503906,6.103515625e-05,10.710853576660156
375,86204.5,86322.9,86183.2,86192.3,9061.0,107.4888687133789,97.10731506347656,97.10724639892578,10.381553649902344,6.866455078125e-05,10.381622314453125
376,86192.2,86192.2,86142.7,86170.0,2753.0,107.16824340820312,93.71349334716797,93.71342468261719,13.454750061035156,6.866455078125e-05,13.454818725585938
377,86182.3,86340.0,86182.3,86301.2,7937.0,102.29908752441406,99.16252899169922,99.16246795654297,3.1365585327148438,6.103515625e-05,3.1366195678710938
378,86305.9,86338.2,86290.0,86290.0,3039.0,99.19905090332031,95.52257537841797,95.52251434326172,3.6764755249023438,6.103515625e-05,3.6765365600585938
379,86286.2,86309.2,86236.0,86258.9,5341.0,96.90637969970703,93.92832946777344,93.92826843261719,2.9780502319335938,6.103515625e-05,2.9781112670898438
380,86257.3,86338.3,86244.4,86303.6,3256.0,94.04867553710938,93.92619323730469,93.92613983154297,0.1224822998046875,5.340576171875e-05,0.12253570556640625
381,86303.6,86309.6,86250.7,86302.4,2599.0,90.29520416259766,91.4242172241211,91.42416381835938,1.1290130615234375,5.340576171875e-05,1.1289596557617188
382,86303.6,86344.9,86277.8,86340.4,4060.0,85.3528060913086,89.68688201904297,89.68683624267578,4.334075927734375,4.57763671875e-05,4.3340301513671875
383,86338.3,86344.8,86258.4,86286.1,3108.0,84.24166870117188,89.45199584960938,89.45195007324219,5.2103271484375,4.57763671875e-05,5.2102813720703125
384,86286.4,86309.7,86252.1,86309.7,2156.0,81.26012420654297,87.17697143554688,87.17691802978516,5.916847229003906,5.340576171875e-05,5.9167938232421875
385,86314.0,86344.9,86299.6,86344.9,3074.0,77.9988021850586,84.18553924560547,84.18548583984375,6.186737060546875,5.340576171875e-05,6.186683654785156
386,86344.8,86344.8,86286.7,86324.9,5096.0,74.11328125,82.32909393310547,82.32904815673828,8.215812683105469,4.57763671875e-05,8.215766906738281
387,86334.8,86338.0,86254.7,86263.5,5631.0,71.9913558959961,82.39822387695312,82.39817810058594,10.406867980957031,4.57763671875e-05,10.406822204589844
388,86267.7,86292.5,86240.0,86256.2,2701.0,82.92054748535156,80.26263427734375,80.2625961303711,2.6579132080078125,3.814697265625e-05,2.6579513549804688
389,86254.1,86254.1,86193.9,86207.5,2405.0,78.0835952758789,78.97993469238281,78.97988891601562,0.8963394165039062,4.57763671875e-05,0.8962936401367188
390,86207.6,86266.1,86207.6,86266.1,6706.0,86.47048950195312,77.52433776855469,77.5242919921875,8.946151733398438,4.57763671875e-05,8.946197509765625
391,86267.1,86301.8,86220.0,86237.4,3000.0,156.15843200683594,77.82952117919922,77.82947540283203,78.32891082763672,4.57763671875e-05,78.3289566040039
392,86238.3,86307.1,86219.1,86219.1,4243.0,177.55392456054688,78.55599212646484,78.55593872070312,98.99793243408203,5.340576171875e-05,98.99798583984375
393,86217.2,86256.4,86160.5,86238.5,3859.0,188.55007934570312,79.79473876953125,79.79469299316406,108.75534057617188,4.57763671875e-05,108.75538635253906
394,86242.7,86250.0,86205.0,86214.2,3779.0,189.04652404785156,77.30940246582031,77.30935668945312,111.73712158203125,4.57763671875e-05,111.73716735839844
395,86205.6,86205.6,86062.1,86062.1,8078.0,184.39309692382812,82.65170288085938,82.65165710449219,101.74139404296875,4.57763671875e-05,101.74143981933594
396,86062.1,86067.8,86017.3,86036.8,5860.0,178.4509735107422,80.35515594482422,80.35511016845703,98.09581756591797,4.57763671875e-05,98.09586334228516
397,86033.7,86033.7,85869.9,85932.9,9270.0,196.13304138183594,86.53682708740234,86.53677368164062,109.5962142944336,5.340576171875e-05,109.59626770019531
398,85932.5,85949.1,85905.2,85905.2,2510.0,204.41651916503906,83.4912338256836,83.49118041992188,120.92528533935547,5.340576171875e-05,120.92533874511719
399,85902.4,85918.0,85846.1,85853.2,5250.0,195.5871124267578,82.66317749023438,82.66312408447266,112.92393493652344,5.340576171875e-05,112.92398834228516
400,85864.9,85889.3,85829.6,85867.5,2686.0,183.26673889160156,81.02262115478516,81.02256774902344,102.2441177368164,5.340576171875e-05,102.24417114257812
401,85855.7,85940.4,85855.7,85928.9,6484.0,183.96197509765625,81.28495788574219,81.28490447998047,102.67701721191406,5.340576171875e-05,102.67707061767578
402,85926.0,85937.7,85894.7,85927.0,2066.0,175.34304809570312,78.55032348632812,78.5502700805664,96.792724609375,5.340576171875e-05,96.79277801513672
403,85928.6,86085.2,85894.1,86085.2,17823.0,191.74713134765625,86.5896987915039,86.58965301513672,105.15743255615234,4.57763671875e-05,105.15747833251953
404,86085.1,86225.3,86025.6,86058.2,69246.0,188.30091857910156,94.6686782836914,94.66862487792969,93.63224029541016,5.340576171875e-05,93.63229370117188
405,86058.2,86058.2,85965.0,85970.3,4219.0,182.08689880371094,94.56400299072266,94.56394958496094,87.52289581298828,5.340576171875e-05,87.52294921875
406,85969.8,86053.8,85968.7,86053.8,2784.0,190.0304718017578,93.88755798339844,93.88750457763672,96.14291381835938,5.340576171875e-05,96.1429672241211
407,86054.0,86116.5,86018.3,86113.2,1520.0,178.9496307373047,94.19581604003906,94.19576263427734,84.75381469726562,5.340576171875e-05,84.75386810302734
408,86112.1,86142.0,86038.7,86071.7,3330.0,172.70323181152344,94.84590148925781,94.84584045410156,77.85733032226562,6.103515625e-05,77.85739135742188
409,86071.6,86087.8,86033.8,86065.8,3745.0,165.52410888671875,91.92833709716797,91.92828369140625,73.59577178955078,5.340576171875e-05,73.5958251953125
410,86070.7,86154.0,86070.7,86154.0,2658.0,163.53634643554688,91.6622543334961,91.66220092773438,71.87409210205078,5.340576171875e-05,71.8741455078125
411,86158.8,86187.3,86136.3,86136.3,1825.0,157.1481475830078,88.75780487060547,88.75775909423828,68.39034271240234,4.57763671875e-05,68.39038848876953
412,86136.1,86157.2,86093.9,86127.3,2414.0,161.75198364257812,86.93972778320312,86.93968200683594,74.812255859375,4.57763671875e-05,74.81230163574219
413,86123.1,86146.9,86092.1,86096.5,2241.0,162.8411407470703,84.64381408691406,84.64376831054688,78.19732666015625,4.57763671875e-05,78.19737243652344
414,86107.5,86107.5,86049.8,86084.9,3268.0,165.05227661132812,82.719482421875,82.71943664550781,82.33279418945312,4.57763671875e-05,82.33283996582031
415,86070.8,86144.4,86070.8,86139.5,1926.0,156.44140625,82.06820678710938,82.06816101074219,74.37319946289062,4.57763671875e-05,74.37324523925781
416,86139.4,86208.2,86112.7,86112.7,2857.0,169.595703125,83.02762603759766,83.02757263183594,86.56807708740234,5.340576171875e-05,86.56813049316406
417,86129.9,86198.7,86124.3,86198.7,2111.0,166.66030883789062,83.23994445800781,83.2398910522461,83.42036437988281,5.340576171875e-05,83.42041778564453
418,86200.0,86219.3,86138.3,86138.3,2441.0,173.17007446289062,83.07994842529297,83.07990264892578,90.09012603759766,4.57763671875e-05,90.09017181396484
419,86135.0,86216.6,86133.7,86188.1,3033.0,173.16519165039062,83.06698608398438,83.06694030761719,90.09820556640625,4.57763671875e-05,90.09825134277344
420,86192.4,86234.1,86161.2,86211.7,3270.0,180.66790771484375,82.34066772460938,82.34061431884766,98.32723999023438,5.340576171875e-05,98.3272933959961
421,86211.6,86254.0,86118.7,86118.7,3784.0,169.9628448486328,86.12326049804688,86.12320709228516,83.83958435058594,5.340576171875e-05,83.83963775634766
422,86120.6,86120.6,85981.3,86023.5,3653.0,183.50848388671875,89.92194366455078,89.92188262939453,93.58654022216797,6.103515625e-05,93.58660125732422
423,86038.5,86096.8,86002.0,86002.0,4179.0,188.39349365234375,90.27015686035156,90.27009582519531,98.12333679199219,6.103515625e-05,98.12339782714844
424,85999.1,86081.7,85999.1,86061.1,2863.0,190.42288208007812,89.72240447998047,89.72234344482422,100.70047760009766,6.103515625e-05,100.7005386352539
425,86060.1,86084.1,86005.2,86012.3,3312.0,209.74313354492188,88.94926452636719,88.94921112060547,120.79386901855469,5.340576171875e-05,120.7939224243164
426,86012.4,86124.6,85990.8,86002.0,5335.0,219.34686279296875,92.15322875976562,92.15316772460938,127.19363403320312,6.103515625e-05,127.19369506835938
427,85997.7,86007.1,85951.4,85959.4,2851.0,210.50791931152344,89.54965209960938,89.54959869384766,120.95826721191406,5.340576171875e-05,120.95832061767578
428,85959.3,85959.3,85800.9,85849.9,5078.0,211.0291290283203,94.47468566894531,94.47462463378906,116.554443359375,6.103515625e-05,116.55450439453125
429,85857.6,85951.9,85857.6,85947.3,1962.0,201.90541076660156,95.01221466064453,95.01215362548828,106.89319610595703,6.103515625e-05,106.89325714111328
430,85956.3,86015.1,85938.5,85938.6,5221.0,199.05502319335938,93.69717407226562,93.69711303710938,105.35784912109375,6.103515625e-05,105.35791015625
431,85932.1,85932.1,85836.9,85881.4,6432.0,186.02989196777344,94.26902770996094,94.26896667480469,91.7608642578125,6.103515625e-05,91.76092529296875
432,85891.7,86089.3,85891.7,85985.1,7549.0,185.5562286376953,102.38541412353516,102.38536071777344,83.17081451416016,5.340576171875e-05,83.17086791992188
433,85991.3,86020.3,85972.0,85972.0,3266.0,179.48748779296875,98.5219497680664,98.52189636230469,80.96553802490234,5.340576171875e-05,80.96559143066406
434,85966.9,85993.7,85933.9,85973.8,3496.0,182.16696166992188,95.75643920898438,95.75637817382812,86.4105224609375,6.103515625e-05,86.41058349609375
435,85961.0,85970.4,85883.3,85888.5,3662.0,179.9189910888672,95.38098907470703,95.38092803955078,84.53800201416016,6.103515625e-05,84.5380630493164
436,85888.0,85888.0,85852.1,85869.9,2574.0,175.34609985351562,91.16795349121094,91.16789245605469,84.17814636230469,6.103515625e-05,84.17820739746094
437,85861.3,85874.5,85800.0,85845.3,2784.0,175.4352264404297,89.97738647460938,89.97732543945312,85.45783996582031,6.103515625e-05,85.45790100097656
438,85850.4,85866.5,85758.0,85774.0,10196.0,170.01853942871094,91.3004379272461,91.30037689208984,78.71810150146484,6.103515625e-05,78.7181625366211
439,85770.5,85770.5,85695.5,85742.7,8930.0,182.11766052246094,90.38612365722656,90.38606262207031,91.73153686523438,6.103515625e-05,91.73159790039062
440,85742.6,85742.6,85650.0,85692.3,5327.0,184.93069458007812,90.55162811279297,90.55156707763672,94.37906646728516,6.103515625e-05,94.3791275024414
441,85692.3,85763.5,85692.3,85763.5,3544.0,177.57852172851562,89.16959381103516,89.1695327758789,88.40892791748047,6.103515625e-05,88.40898895263672
442,85763.4,85831.0,85748.6,85819.0,4699.0,166.58016967773438,88.68594360351562,88.68588256835938,77.89422607421875,6.103515625e-05,77.894287109375
443,85823.3,85843.9,85761.2,85765.4,4608.0,159.4957733154297,88.25804138183594,88.25798797607422,71.23773193359375,5.340576171875e-05,71.23778533935547
444,85765.3,85780.9,85723.6,85729.4,3187.0,153.12498474121094,86.0465316772461,86.04647827148438,67.07845306396484,5.340576171875e-05,67.07850646972656
445,85727.3,85764.0,85685.6,85692.1,5761.0,158.53738403320312,85.50023651123047,85.50019073486328,73.03714752197266,4.57763671875e-05,73.03719329833984
446,85691.1,85804.9,85654.5,85783.9,3678.0,151.47781372070312,90.13582611083984,90.13578033447266,61.34198760986328,4.57763671875e-05,61.34203338623047
447,85784.8,85822.1,85700.1,85700.1,5072.0,155.2076416015625,92.4118423461914,92.41179656982422,62.795799255371094,4.57763671875e-05,62.79584503173828
448,85700.0,85700.0,85650.0,85657.6,3991.0,176.12863159179688,89.38968658447266,89.38963317871094,86.73894500732422,5.340576171875e-05,86.73899841308594
449,85657.6,85657.6,85601.1,85619.1,7419.0,194.3839569091797,87.0404281616211,87.04037475585938,107.3435287475586,5.340576171875e-05,107.34358215332031
450,85619.6,85649.6,85600.0,85600.0,3742.0,240.46368408203125,84.36622619628906,84.36617279052734,156.0974578857422,5.340576171875e-05,156.0975112915039
451,85600.0,85667.6,85600.0,85655.6,2979.0,285.75201416015625,83.16875457763672,83.168701171875,202.58325958251953,5.340576171875e-05,202.58331298828125
452,85641.1,85641.1,85606.0,85606.0,3229.0,272.8484191894531,80.77110290527344,80.77104949951172,192.0773162841797,5.340576171875e-05,192.0773696899414
453,85600.0,85710.8,85588.3,85681.6,8372.0,291.330810546875,83.75173950195312,83.7516860961914,207.57907104492188,5.340576171875e-05,207.5791244506836
454,85677.5,85732.0,85669.1,85717.2,3388.0,288.7073059082031,82.26222229003906,82.26216888427734,206.44508361816406,5.340576171875e-05,206.44513702392578
455,85713.0,85839.8,85713.0,85747.9,13622.0,287.8643798828125,85.44327545166016,85.44322204589844,202.42110443115234,5.340576171875e-05,202.42115783691406
456,85755.1,85777.9,85710.1,85727.9,4033.0,277.7669372558594,84.18282318115234,84.18276977539062,193.58411407470703,5.340576171875e-05,193.58416748046875
457,85714.0,85727.9,85639.6,85686.6,4296.0,267.0408630371094,84.4766845703125,84.47663116455078,182.56417846679688,5.340576171875e-05,182.5642318725586
458,85687.3,85687.3,85548.0,85615.8,5345.0,249.78070068359375,88.39241790771484,88.39236450195312,161.3882827758789,5.340576171875e-05,161.38833618164062
459,85613.0,85663.5,85533.1,85663.5,7573.0,271.5246276855469,91.39285278320312,91.3927993774414,180.13177490234375,5.340576171875e-05,180.13182830810547
460,85666.8,85782.0,85618.0,85618.0,8897.0,264.56585693359375,96.5790786743164,96.57902526855469,167.98677825927734,5.340576171875e-05,167.98683166503906
461,85621.1,85630.4,85570.6,85627.3,3147.0,255.75369262695312,93.95178985595703,93.95172882080078,161.8019027709961,6.103515625e-05,161.80196380615234
462,85635.8,85697.5,85627.4,85655.6,3532.0,238.4638214111328,92.25546264648438,92.25540161132812,146.20835876464844,6.103515625e-05,146.2084197998047
463,85652.8,85659.1,85604.3,85659.1,4554.0,254.74488830566406,89.58041381835938,89.58035278320312,165.1644744873047,6.103515625e-05,165.16453552246094
464,85669.4,85729.7,85650.1,85672.0,3026.0,251.61300659179688,88.86764526367188,88.8675765991211,162.745361328125,6.866455078125e-05,162.74542999267578
465,85663.3,85706.7,85610.2,85610.2,5217.0,244.5050506591797,89.4128189086914,89.41275024414062,155.09223175048828,6.866455078125e-05,155.09230041503906
466,85608.2,85635.8,85570.2,85622.3,3904.0,228.5192108154297,87.71146392822266,87.71139526367188,140.80774688720703,6.866455078125e-05,140.8078155517578
467,85629.1,85700.6,85614.6,85677.6,4544.0,218.92465209960938,87.58921813964844,87.58914947509766,131.33543395996094,6.866455078125e-05,131.33550262451172
468,85677.6,85714.4,85666.9,85705.9,2819.0,217.91554260253906,84.72570037841797,84.72563934326172,133.1898422241211,6.103515625e-05,133.18990325927734
469,85705.9,85723.0,85666.1,85666.3,2148.0,206.03598022460938,82.738037109375,82.73798370361328,123.29794311523438,5.340576171875e-05,123.2979965209961
470,85666.2,85703.8,85638.3,85682.5,3588.0,201.38331604003906,81.50675201416016,81.50669860839844,119.8765640258789,5.340576171875e-05,119.87661743164062
471,85680.5,85730.5,85654.1,85696.0,4799.0,204.89166259765625,81.14187622070312,81.1418228149414,123.74978637695312,5.340576171875e-05,123.74983978271484
472,85689.5,85709.4,85627.8,85627.8,5447.0,198.12094116210938,81.17471313476562,81.1746597290039,116.94622802734375,5.340576171875e-05,116.94628143310547
473,85625.0,85655.8,85555.5,85559.8,4459.0,198.57659912109375,82.54058074951172,82.54053497314453,116.03601837158203,4.57763671875e-05,116.03606414794922
474,85564.9,85657.3,85564.9,85618.3,5351.0,232.7926788330078,83.60911560058594,83.60906982421875,149.18356323242188,4.57763671875e-05,149.18360900878906
475,85617.3,85669.2,85602.1,85648.0,2294.0,276.693115234375,82.43000793457031,82.42996215820312,194.2631072998047,4.57763671875e-05,194.26315307617188
476,85647.9,85647.9,85543.9,85583.7,4378.0,277.43603515625,83.97798156738281,83.97793579101562,193.4580535888672,4.57763671875e-05,193.45809936523438
477,85586.0,85586.0,85548.5,85573.6,3724.0,292.56170654296875,80.65812683105469,80.6580810546875,211.90357971191406,4.57763671875e-05,211.90362548828125
478,85573.0,85629.0,85552.6,85624.7,6905.0,308.52886962890625,80.35386657714844,80.35382080078125,228.1750030517578,4.57763671875e-05,228.175048828125
479,85624.7,85624.7,85566.8,85578.8,4323.0,302.64849853515625,78.7504653930664,78.75041961669922,223.89803314208984,4.57763671875e-05,223.89807891845703
480,85576.0,85636.0,85562.7,85631.7,6170.0,318.6524353027344,78.36093139648438,78.36088562011719,240.29150390625,4.57763671875e-05,240.2915496826172
481,85615.4,85650.7,85588.0,85604.5,5528.0,312.77044677734375,77.24252319335938,77.24246978759766,235.52792358398438,5.340576171875e-05,235.5279769897461
482,85604.4,85608.2,85542.0,85590.6,11641.0,296.9871826171875,76.4540023803711,76.45394897460938,220.5331802368164,5.340576171875e-05,220.53323364257812
483,85590.6,85656.1,85501.2,85629.1,8618.0,291.2950439453125,82.05717468261719,82.05712127685547,209.2378692626953,5.340576171875e-05,209.23792266845703
484,85619.6,85666.1,85604.8,85666.1,11701.0,282.2025451660156,80.57485961914062,80.5748062133789,201.627685546875,5.340576171875e-05,201.62773895263672
485,85680.0,85762.5,85631.2,85631.2,19912.0,279.5736999511719,84.19786071777344,84.19781494140625,195.37583923339844,4.57763671875e-05,195.37588500976562
486,85630.2,85630.2,85558.1,85577.5,8144.0,261.6900939941406,83.40526580810547,83.40522003173828,178.28482818603516,4.57763671875e-05,178.28487396240234
487,85599.6,85620.5,85485.0,85518.3,4472.0,280.340576171875,87.1263198852539,87.12628173828125,193.2142562866211,3.814697265625e-05,193.21429443359375
488,85520.4,85536.4,85455.1,85462.1,3761.0,279.0735168457031,86.7099380493164,86.70989227294922,192.36357879638672,4.57763671875e-05,192.3636245727539
489,85469.1,85527.2,85457.5,85527.2,5913.0,283.02532958984375,85.49517059326172,85.49512481689453,197.53015899658203,4.57763671875e-05,197.53020477294922
490,85516.7,85541.7,85474.8,85499.5,4240.0,287.2450866699219,84.16739654541016,84.16734313964844,203.07769012451172,5.340576171875e-05,203.07774353027344
491,85499.5,85512.8,85477.6,85496.9,3884.0,290.5707702636719,80.66939544677734,80.66934204101562,209.90137481689453,5.340576171875e-05,209.90142822265625
492,85496.9,85516.1,85487.7,85516.1,2319.0,277.7939453125,76.93576049804688,76.93570709228516,200.85818481445312,5.340576171875e-05,200.85823822021484
493,85512.7,85536.2,85505.6,85509.6,2976.0,282.9945068359375,73.62618255615234,73.62612915039062,209.36832427978516,5.340576171875e-05,209.36837768554688
494,85514.9,85535.1,85438.1,85513.3,7962.0,281.11602783203125,75.29574584960938,75.29569244384766,205.82028198242188,5.340576171875e-05,205.8203353881836
495,85521.4,85528.7,85482.0,85504.2,7172.0,270.78631591796875,73.25341796875,73.25336456298828,197.53289794921875,5.340576171875e-05,197.53295135498047
496,85504.1,85504.1,85387.9,85458.0,18297.0,277.23687744140625,76.3285140991211,76.32846069335938,200.90836334228516,5.340576171875e-05,200.90841674804688
497,85447.9,85491.8,85408.0,85417.6,5314.0,271.469970703125,76.86196899414062,76.8619155883789,194.60800170898438,5.340576171875e-05,194.6080551147461
498,85429.0,85483.7,85403.2,85461.9,2438.0,263.57928466796875,77.121826171875,77.12178039550781,186.45745849609375,4.57763671875e-05,186.45750427246094
499,85461.9,85513.3,85409.2,85414.0,2979.0,273.0379333496094,79.04839324951172,79.04834747314453,193.98954010009766,4.57763671875e-05,193.98958587646484
500,85408.2,85408.2,85161.3,85164.3,39030.0,266.29248046875,91.45230865478516,91.45226287841797,174.84017181396484,4.57763671875e-05,174.84021759033203
501,85160.1,85331.3,85155.4,85173.1,30477.0,252.38600158691406,97.48417663574219,97.484130859375,154.90182495117188,4.57763671875e-05,154.90187072753906
502,85168.9,85258.7,85168.9,85220.2,7878.0,281.40142822265625,96.9356460571289,96.93560028076172,184.46578216552734,4.57763671875e-05,184.46582794189453
503,85235.2,85317.8,85183.1,85287.0,7815.0,278.6227722167969,99.63277435302734,99.63272094726562,178.98999786376953,5.340576171875e-05,178.99005126953125
504,85289.0,85333.4,85262.8,85309.2,6174.0,259.62127685546875,97.55912017822266,97.55906677246094,162.0621566772461,5.340576171875e-05,162.0622100830078
505,85313.5,85363.1,85289.8,85333.1,5400.0,281.1556091308594,95.82666778564453,95.82661437988281,185.32894134521484,5.340576171875e-05,185.32899475097656
506,85333.0,85333.0,85271.7,85271.7,2489.0,268.373291015625,93.36751556396484,93.3674545288086,175.00577545166016,6.103515625e-05,175.0058364868164
507,85271.8,85323.1,85250.0,85312.8,4338.0,253.0106964111328,91.91995239257812,91.91989135742188,161.0907440185547,6.103515625e-05,161.09080505371094
508,85314.8,85351.5,85282.4,85288.7,2753.0,246.16676330566406,90.29006958007812,90.29000854492188,155.87669372558594,6.103515625e-05,155.8767547607422
509,85294.6,85294.6,85197.3,85197.3,11465.0,237.82618713378906,90.7911148071289,90.79106140136719,147.03507232666016,5.340576171875e-05,147.03512573242188
510,85208.0,85302.4,85180.7,85225.4,21586.0,239.6957550048828,92.99856567382812,92.99850463867188,146.6971893310547,6.103515625e-05,146.69725036621094
511,85233.8,85245.6,85111.1,85164.5,18436.0,225.95355224609375,95.96295928955078,95.96289825439453,129.99059295654297,6.103515625e-05,129.99065399169922
512,85156.0,85156.0,84600.0,84823.2,231593.0,215.89271545410156,129.42990112304688,129.42984008789062,86.46281433105469,6.103515625e-05,86.46287536621094
513,84823.2,84845.1,83173.2,83177.4,590196.0,207.87136840820312,239.60623168945312,239.60617065429688,31.73486328125,6.103515625e-05,31.73480224609375
514,83177.4,83627.0,81277.3,83373.4,754291.0,197.73045349121094,390.32745361328125,390.3273620605469,192.5970001220703,9.1552734375e-05,192.59690856933594
515,83371.8,83867.6,83225.0,83770.1,179103.0,188.19949340820312,408.3470458984375,408.3469543457031,220.14755249023438,9.1552734375e-05,220.1474609375
516,83761.6,83783.0,83156.9,83492.3,111964.0,193.53514099121094,423.9009704589844,423.9008483886719,230.36582946777344,0.0001220703125,230.36570739746094
517,83492.3,84050.5,83441.5,83955.1,58244.0,213.8395538330078,437.1223449707031,437.1222229003906,223.2827911376953,0.0001220703125,223.2826690673828
518,83955.3,84024.7,83683.2,83978.0,66531.0,207.60772705078125,430.29217529296875,430.29205322265625,222.6844482421875,0.0001220703125,222.684326171875
519,83986.2,84147.0,83954.7,84055.5,37277.0,202.9214630126953,413.29254150390625,413.29241943359375,210.37107849121094,0.0001220703125,210.37095642089844
520,84058.4,84486.0,83945.4,84261.5,47252.0,196.97674560546875,422.3860778808594,422.38592529296875,225.40933227539062,0.000152587890625,225.4091796875
521,84261.4,84480.4,84261.4,84371.1,38379.0,206.78590393066406,407.8585205078125,407.8583679199219,201.07261657714844,0.000152587890625,201.0724639892578
522,84371.2,84436.2,84079.0,84251.8,25485.0,207.9797821044922,404.24029541015625,404.2401123046875,196.26051330566406,0.00018310546875,196.2603302001953
523,84251.8,84439.8,84130.6,84414.2,33484.0,203.68826293945312,397.4513854980469,397.4512023925781,193.76312255859375,0.00018310546875,193.762939453125
524,84413.2,84460.5,84326.4,84340.9,25856.0,203.61065673828125,378.6407165527344,378.6405334472656,175.03005981445312,0.00018310546875,175.02987670898438
525,84340.9,84366.2,84005.9,84104.9,21710.0,195.26011657714844,377.33099365234375,377.330810546875,182.0708770751953,0.00018310546875,182.07069396972656
526,84104.8,84108.3,83916.0,83972.3,26099.0,194.57748413085938,364.1142883300781,364.1141052246094,169.53680419921875,0.00018310546875,169.53662109375
527,83972.3,84125.8,83823.2,84004.7,42567.0,195.84371948242188,359.7200012207031,359.71978759765625,163.87628173828125,0.000213623046875,163.87606811523438
528,84000.4,84076.4,83764.7,83946.5,24317.0,187.82586669921875,356.2896728515625,356.28948974609375,168.46380615234375,0.00018310546875,168.463623046875
529,83948.4,83962.7,83800.6,83923.2,12939.0,179.19546508789062,342.4190979003906,342.4189147949219,163.2236328125,0.00018310546875,163.22344970703125
530,83923.3,84363.1,83896.8,84276.2,35765.0,178.15304565429688,351.2680969238281,351.26788330078125,173.11505126953125,0.000213623046875,173.11483764648438
531,84271.9,84271.9,84119.9,84125.6,8578.0,172.53497314453125,337.3421630859375,337.3419494628906,164.80718994140625,0.000213623046875,164.80697631835938
532,84125.6,84214.1,84125.6,84201.1,7444.0,182.5681915283203,319.5677490234375,319.5675354003906,136.9995574951172,0.000213623046875,136.9993438720703
533,84206.6,84230.6,83950.7,84025.7,13118.0,177.88475036621094,316.7342529296875,316.7340087890625,138.84950256347656,0.000244140625,138.84925842285156
534,84025.6,84046.8,83888.0,83892.8,13711.0,175.0140838623047,305.4530334472656,305.4527893066406,130.43894958496094,0.000244140625,130.43870544433594
535,83892.9,83942.0,83773.1,83924.9,18049.0,167.66319274902344,295.69915771484375,295.69891357421875,128.0359649658203,0.000244140625,128.0357208251953
536,83930.0,84106.7,83911.3,84093.5,17280.0,168.2090301513672,288.535400390625,288.53515625,120.32637023925781,0.000244140625,120.32612609863281
537,84093.5,84106.8,83890.5,83890.5,12428.0,176.91563415527344,283.3755187988281,283.3752746582031,106.45988464355469,0.000244140625,106.45964050292969
538,83890.5,84011.9,83836.9,84000.0,12719.0,173.11419677734375,275.6344299316406,275.6341857910156,102.52023315429688,0.000244140625,102.51998901367188
539,83999.9,84104.6,83965.8,84031.3,23635.0,169.2706756591797,265.86090087890625,265.86065673828125,96.59022521972656,0.000244140625,96.58998107910156
540,84027.0,84062.7,83935.3,83956.4,10085.0,164.17991638183594,255.97128295898438,255.97105407714844,91.79136657714844,0.0002288818359375,91.7911376953125
541,83954.4,84113.1,83954.4,84077.6,8905.0,171.82443237304688,249.02357482910156,249.02334594726562,77.19914245605469,0.0002288818359375,77.19891357421875
542,84071.4,84106.1,83906.4,83943.9,8605.0,189.2225799560547,245.5006866455078,245.50047302246094,56.278106689453125,0.000213623046875,56.27789306640625
543,83943.9,83977.6,83786.0,83829.0,14854.0,193.0420684814453,241.65077209472656,241.65054321289062,48.60870361328125,0.0002288818359375,48.60847473144531
544,83828.9,83834.2,83682.8,83769.5,25721.0,185.7388458251953,235.20474243164062,235.20452880859375,49.46589660644531,0.000213623046875,49.46568298339844
545,83753.6,84164.5,83737.6,84164.5,19937.0,175.2859649658203,248.89715576171875,248.89694213867188,73.61119079589844,0.000213623046875,73.61097717285156
546,84166.5,84403.6,84152.8,84233.0,27365.0,167.85873413085938,249.03341674804688,249.03321838378906,81.1746826171875,0.0001983642578125,81.17448425292969
547,84222.5,84290.3,84123.7,84247.0,19768.0,170.025634765625,243.14486694335938,243.14468383789062,73.11923217773438,0.00018310546875,73.11904907226562
548,84248.0,84306.9,84207.2,84235.9,8087.0,159.33798217773438,232.8984832763672,232.89830017089844,73.56050109863281,0.00018310546875,73.56031799316406
549,84229.8,84299.8,84133.2,84277.6,6664.0,170.14923095703125,228.1624298095703,228.16226196289062,58.01319885253906,0.0001678466796875,58.013031005859375
550,84276.6,84300.0,84145.9,84204.3,6741.0,161.45274353027344,222.87237548828125,222.87220764160156,61.41963195800781,0.0001678466796875,61.419464111328125
551,84197.3,84496.8,84197.3,84421.5,10103.0,161.1492156982422,228.3457794189453,228.3456268310547,67.19656372070312,0.000152587890625,67.1964111328125
552,84412.1,84619.0,84398.1,84521.6,14509.0,157.41702270507812,227.8138427734375,227.8136749267578,70.39682006835938,0.0001678466796875,70.39665222167969
553,84521.1,84690.3,84521.1,84637.8,8961.0,148.85153198242188,223.6268310546875,223.62664794921875,74.77529907226562,0.00018310546875,74.77511596679688
554,84628.4,84635.7,84452.7,84481.3,14046.0,145.44082641601562,220.87448120117188,220.87429809570312,75.43365478515625,0.00018310546875,75.4334716796875
555,84493.9,84667.9,84477.9,84667.9,7251.0,142.79495239257812,218.66915893554688,218.6689910888672,75.87420654296875,0.0001678466796875,75.87403869628906
556,84675.9,84698.7,84520.8,84541.7,10289.0,146.34532165527344,215.7575225830078,215.7573699951172,69.41220092773438,0.000152587890625,69.41204833984375
557,84550.2,84617.9,84520.8,84568.8,10589.0,142.4774627685547,207.28211975097656,207.28195190429688,64.80465698242188,0.0001678466796875,64.80448913574219
558,84573.0,84583.0,84431.4,84437.8,19801.0,142.00083923339844,203.30494689941406,203.30477905273438,61.304107666015625,0.0001678466796875,61.30393981933594
559,84437.8,84500.3,84329.1,84345.4,20059.0,148.0934295654297,201.01141357421875,201.01124572753906,52.91798400878906,0.0001678466796875,52.917816162109375
560,84345.5,84547.8,84322.4,84523.8,12934.0,151.3512725830078,202.75335693359375,202.75318908691406,51.40208435058594,0.0001678466796875,51.40191650390625
561,84512.0,84575.5,84351.8,84454.9,17389.0,148.6905975341797,204.24978637695312,204.24961853027344,55.55918884277344,0.0001678466796875,55.55902099609375
562,84463.3,84559.9,84418.1,84488.0,6071.0,143.04808044433594,199.78887939453125,199.78871154785156,56.74079895019531,0.0001678466796875,56.740631103515625
563,84483.7,84575.3,84410.1,84568.3,16707.0,141.85882568359375,197.3179168701172,197.3177490234375,55.45909118652344,0.0001678466796875,55.45892333984375
564,84566.0,84633.5,84500.0,84500.1,6184.0,140.8114471435547,192.75949096679688,192.75933837890625,51.94804382324219,0.000152587890625,51.94789123535156
565,84505.0,84508.1,84367.5,84380.3,5297.0,136.6536102294922,189.03392028808594,189.03378295898438,52.38031005859375,0.0001373291015625,52.38017272949219
566,84380.2,84382.3,84259.6,84263.9,13940.0,137.39990234375,184.2954559326172,184.29531860351562,46.89555358886719,0.0001373291015625,46.895416259765625
567,84267.2,84388.4,84245.3,84335.2,13017.0,130.29266357421875,181.35304260253906,181.3529052734375,51.06037902832031,0.0001373291015625,51.06024169921875
568,84333.1,84359.2,84254.9,84281.2,5456.0,128.171875,175.84959411621094,175.84947204589844,47.67771911621094,0.0001220703125,47.67759704589844
569,84299.1,84302.4,84183.8,84222.4,6337.0,127.10938262939453,171.7604522705078,171.7603302001953,44.65106964111328,0.0001220703125,44.65094757080078
570,84218.2,84288.9,84185.7,84259.6,17105.0,144.08706665039062,166.8629608154297,166.86282348632812,22.775894165039062,0.0001373291015625,22.7757568359375
571,84256.1,84401.5,84256.1,84368.0,3991.0,143.05908203125,165.3297882080078,165.32965087890625,22.270706176757812,0.0001373291015625,22.27056884765625
572,84356.6,84422.5,84348.0,84416.0,3753.0,137.70498657226562,158.8419647216797,158.84182739257812,21.136978149414062,0.0001373291015625,21.1368408203125
573,84412.6,84423.2,84229.5,84233.8,7003.0,147.78298950195312,161.33206176757812,161.33192443847656,13.549072265625,0.0001373291015625,13.548934936523438
574,84241.4,84258.3,84025.8,84087.2,20531.0,143.52728271484375,166.41549682617188,166.4153594970703,22.888214111328125,0.0001373291015625,22.888076782226562
575,84092.5,84117.3,83974.2,84081.9,12807.0,136.62522888183594,164.74966430664062,164.74952697753906,28.124435424804688,0.0001373291015625,28.124298095703125
576,84074.3,84074.3,83921.5,83966.6,11815.0,387.97344970703125,164.43887329101562,164.43873596191406,223.53457641601562,0.0001373291015625,223.5347137451172
577,83961.5,84018.2,83932.4,83996.5,7262.0,368.81854248046875,158.8221435546875,158.822021484375,209.99639892578125,0.0001220703125,209.99652099609375
578,83990.5,84098.4,83954.6,84026.7,16272.0,359.7885437011719,157.74893188476562,157.74879455566406,202.03961181640625,0.0001373291015625,202.0397491455078
579,84031.0,84091.9,83981.0,83997.6,4046.0,348.7104797363281,154.4024658203125,154.40234375,194.30801391601562,0.0001220703125,194.30813598632812
580,83996.6,83996.6,83856.6,83871.3,10885.0,344.6954650878906,153.4451446533203,153.4450225830078,191.2503204345703,0.0001220703125,191.2504425048828
581,83862.0,83979.0,83819.5,83926.6,18306.0,322.1385498046875,153.8776397705078,153.8775177001953,168.2609100341797,0.0001220703125,168.2610321044922
582,83926.6,83954.9,83751.1,83780.1,10925.0,302.84295654296875,157.4433135986328,157.4431915283203,145.39964294433594,0.0001220703125,145.39976501464844
583,83780.9,83881.9,83754.6,83777.5,17305.0,309.56121826171875,155.29000854492188,155.28988647460938,154.27120971679688,0.0001220703125,154.27133178710938
584,83779.5,83873.5,83750.0,83805.9,31807.0,304.53564453125,153.019287109375,153.01918029785156,151.516357421875,0.0001068115234375,151.51646423339844
585,83796.8,83874.7,83724.6,83741.9,29439.0,292.7758483886719,152.81088256835938,152.81077575683594,139.9649658203125,0.0001068115234375,139.96507263183594
586,83742.0,83828.0,83732.8,83768.1,8394.0,290.12054443359375,148.696044921875,148.69593811035156,141.42449951171875,0.0001068115234375,141.4246063232422
587,83770.4,83983.2,83770.4,83963.1,9143.0,278.86920166015625,153.43930053710938,153.439208984375,125.42990112304688,9.1552734375e-05,125.42999267578125
588,83963.1,83990.8,83844.3,83872.8,6328.0,274.0710754394531,152.9436492919922,152.94354248046875,121.12742614746094,0.0001068115234375,121.12753295898438
589,83864.7,83890.0,83728.7,83728.7,8651.0,262.6441345214844,153.54031372070312,153.5402069091797,109.10382080078125,0.0001068115234375,109.10392761230469
590,83724.6,83753.9,83626.6,83653.1,15237.0,251.02001953125,151.66580200195312,151.6656951904297,99.35421752929688,0.0001068115234375,99.35432434082031
591,83675.5,83764.3,83633.8,83699.0,17326.0,244.14694213867188,150.1539764404297,150.1538543701172,93.99296569824219,0.0001220703125,93.99308776855469
592,83691.8,83697.5,83576.0,83692.0,14180.0,246.87249755859375,148.21441650390625,148.21429443359375,98.6580810546875,0.0001220703125,98.658203125
593,83700.4,83828.0,83700.4,83768.1,20744.0,241.76722717285156,147.3419647216797,147.3418426513672,94.42526245117188,0.0001220703125,94.42538452148438
594,83774.0,83820.8,83635.4,83701.0,9920.0,234.7626495361328,150.06028747558594,150.06016540527344,84.70236206054688,0.0001220703125,84.70248413085938
595,83695.9,83786.6,83679.7,83783.8,10010.0,234.50115966796875,146.977294921875,146.97718811035156,87.52386474609375,0.0001068115234375,87.52397155761719
596,83788.0,83862.9,83781.0,83817.1,13303.0,220.2722930908203,142.3288116455078,142.32870483398438,77.9434814453125,0.0001068115234375,77.94358825683594
597,83817.2,83858.6,83785.7,83799.7,6080.0,207.45318603515625,137.3695068359375,137.36940002441406,70.08367919921875,0.0001068115234375,70.08378601074219
598,83799.7,83824.4,83707.4,83715.0,7485.0,197.70652770996094,135.91455078125,135.91444396972656,61.79197692871094,0.0001068115234375,61.792083740234375
599,83715.0,83733.2,83636.1,83636.1,6127.0,187.6845245361328,133.14219665527344,133.14208984375,54.542327880859375,0.0001068115234375,54.54243469238281
600,83636.1,83795.2,83636.1,83779.9,4312.0,181.49278259277344,134.99644470214844,134.996337890625,46.496337890625,0.0001068115234375,46.49644470214844
601,83786.9,83894.1,83751.7,83868.9,21353.0,183.96485900878906,135.52516174316406,135.5250701904297,48.439697265625,9.1552734375e-05,48.439788818359375
602,83864.7,83915.9,83809.1,83887.5,8606.0,178.68167114257812,133.47314453125,133.47305297851562,45.208526611328125,9.1552734375e-05,45.2086181640625
603,83887.4,83939.8,83877.6,83920.3,3860.0,178.15475463867188,128.3818817138672,128.3817901611328,49.77287292480469,9.1552734375e-05,49.77296447753906
604,83924.6,83989.8,83863.2,83921.5,6033.0,171.82952880859375,128.25416564941406,128.2540740966797,43.57536315917969,9.1552734375e-05,43.57545471191406
605,83922.5,83976.3,83825.6,83833.7,6568.0,162.6776580810547,129.85711669921875,129.8570098876953,32.82054138183594,0.0001068115234375,32.820648193359375
606,83833.7,83873.5,83730.9,83853.3,9538.0,160.45794677734375,130.76744079589844,130.767333984375,29.690505981445312,0.0001068115234375,29.69061279296875
607,83863.5,83867.6,83690.1,83711.3,9399.0,161.9754638671875,134.10548400878906,134.1053924560547,27.869979858398438,9.1552734375e-05,27.870071411132812
608,83705.2,83764.7,83688.8,83724.5,6364.0,160.23448181152344,129.9484100341797,129.94830322265625,30.28607177734375,0.0001068115234375,30.286178588867188
609,83722.3,83730.0,83650.2,83656.4,5595.0,152.67477416992188,126.36616516113281,126.36605834960938,26.308609008789062,0.0001068115234375,26.3087158203125
610,83652.4,83737.5,83580.0,83737.5,9843.0,152.8408660888672,128.5900115966797,128.5899200439453,24.2508544921875,9.1552734375e-05,24.250946044921875
611,83749.4,83902.4,83749.4,83829.3,23824.0,145.6446533203125,131.1834716796875,131.18338012695312,14.461181640625,9.1552734375e-05,14.461273193359375
612,83840.7,83880.9,83738.1,83790.5,7625.0,148.8843231201172,132.01300048828125,132.01290893554688,16.871322631835938,9.1552734375e-05,16.871414184570312
613,83782.5,83786.6,83653.4,83706.2,9009.0,158.64984130859375,132.37646484375,132.3763885498047,26.27337646484375,7.62939453125e-05,26.273452758789062
614,83693.7,83716.8,83686.1,83706.8,4030.0,177.79652404785156,125.11353302001953,125.11345672607422,52.68299102783203,7.62939453125e-05,52.683067321777344
615,83703.1,83773.7,83700.3,83723.0,4499.0,171.56106567382812,121.420166015625,121.42008209228516,50.140899658203125,8.392333984375e-05,50.14098358154297
616,83728.8,83766.6,83605.2,83614.7,5211.0,188.18507385253906,124.27576446533203,124.27568054199219,63.90930938720703,8.392333984375e-05,63.909393310546875
617,83619.8,83712.5,83605.4,83707.3,5081.0,180.34373474121094,123.04904174804688,123.04895782470703,57.29469299316406,8.392333984375e-05,57.294776916503906
618,83707.2,83715.0,83605.6,83625.1,5532.0,181.71205139160156,122.07400512695312,122.07392120361328,59.63804626464844,8.392333984375e-05,59.63813018798828
619,83632.5,83681.5,83608.1,83633.7,2527.0,183.9608612060547,118.59718322753906,118.59709930419922,65.36367797851562,8.392333984375e-05,65.36376190185547
620,83641.5,83675.1,83404.8,83509.7,28966.0,174.57806396484375,129.43344116210938,129.433349609375,45.144622802734375,9.1552734375e-05,45.14471435546875
621,83511.7,83610.5,83364.6,83364.7,13554.0,181.75106811523438,137.75238037109375,137.75228881835938,43.998687744140625,9.1552734375e-05,43.998779296875
622,83363.6,83493.4,83313.0,83425.7,7002.0,202.9904022216797,140.7985382080078,140.79844665527344,62.191864013671875,9.1552734375e-05,62.19195556640625
623,83425.8,83497.8,83352.9,83358.4,21014.0,198.85549926757812,141.09140014648438,141.09129333496094,57.76409912109375,0.0001068115234375,57.76420593261719
624,83361.2,83398.6,83304.6,83324.3,14907.0,191.88034057617188,137.7277374267578,137.72763061523438,54.15260314941406,0.0001068115234375,54.1527099609375
625,83324.3,83355.3,83284.7,83334.3,8920.0,205.11712646484375,132.93246459960938,132.93235778808594,72.18466186523438,0.0001068115234375,72.18476867675781
626,83346.7,83346.7,83150.8,83181.1,41793.0,197.28009033203125,137.43060302734375,137.4304962158203,59.8494873046875,0.0001068115234375,59.84959411621094
627,83174.1,83320.8,83146.9,83226.1,12694.0,203.14569091796875,140.03546142578125,140.03533935546875,63.1102294921875,0.0001220703125,63.1103515625
628,83218.3,83238.8,83062.5,83062.5,21836.0,200.0063934326172,142.6255645751953,142.62545776367188,57.380828857421875,0.0001068115234375,57.38093566894531
629,83058.7,83203.9,83058.7,83076.1,23222.0,200.32736206054688,142.8091278076172,142.80902099609375,57.51823425292969,0.0001068115234375,57.518341064453125
630,83074.2,83231.8,83050.5,83069.4,17291.0,200.3754119873047,145.55825805664062,145.5581512451172,54.81715393066406,0.0001068115234375,54.8172607421875
631,83049.5,83095.4,82865.7,83040.7,43387.0,194.91278076171875,151.56805419921875,151.5679473876953,43.3447265625,0.0001068115234375,43.34483337402344
632,83036.6,83045.0,82700.0,82806.5,37530.0,197.49044799804688,165.38462829589844,165.384521484375,32.10581970214844,0.0001068115234375,32.105926513671875
633,82778.9,82940.5,82747.1,82860.2,18664.0,186.17640686035156,167.3856201171875,167.38551330566406,18.790786743164062,0.0001068115234375,18.7908935546875
634,82869.4,82985.0,82860.8,82870.9,23699.0,176.40655517578125,164.3435821533203,164.34347534179688,12.062973022460938,0.0001068115234375,12.063079833984375
635,82871.0,82984.9,82840.1,82974.5,20211.0,165.62026977539062,162.9473876953125,162.94728088378906,2.672882080078125,0.0001068115234375,2.6729888916015625
636,82974.5,82985.0,82827.6,82841.9,11346.0,168.26904296875,162.551025390625,162.55093383789062,5.718017578125,9.1552734375e-05,5.718109130859375
637,82838.6,82953.3,82804.1,82953.3,21336.0,167.2358856201172,161.5970458984375,161.5969696044922,5.6388397216796875,7.62939453125e-05,5.638916015625
638,82949.2,82957.2,82736.6,82741.6,11185.0,161.49749755859375,165.81167602539062,165.81158447265625,4.314178466796875,9.1552734375e-05,4.3140869140625
639,82737.0,82789.5,82602.4,82686.1,33922.0,154.35482788085938,167.33238220214844,167.33229064941406,12.977554321289062,9.1552734375e-05,12.977462768554688
640,82686.0,82729.9,82603.4,82682.8,20981.0,146.53652954101562,164.41580200195312,164.4156951904297,17.8792724609375,0.0001068115234375,17.879165649414062
641,82685.0,82700.0,82518.0,82532.8,19045.0,148.5623779296875,165.6718292236328,165.67172241210938,17.109451293945312,0.0001068115234375,17.109344482421875
642,82541.0,82616.6,82480.1,82572.2,18141.0,163.50772094726562,163.588134765625,163.58802795410156,0.080413818359375,0.0001068115234375,0.0803070068359375
643,82576.3,82596.8,82478.2,82495.0,14079.0,155.67904663085938,160.37425231933594,160.3741455078125,4.6952056884765625,0.0001068115234375,4.695098876953125
644,82495.1,82675.0,82495.1,82648.4,27026.0,149.52340698242188,161.77609252929688,161.7760009765625,12.252685546875,9.1552734375e-05,12.252593994140625
645,82648.4,82684.7,82571.7,82624.2,46050.0,154.8716278076172,158.29208374023438,158.2919921875,3.4204559326171875,9.1552734375e-05,3.4203643798828125
646,82630.4,82670.6,82578.5,82657.8,14204.0,151.02365112304688,153.56419372558594,153.56410217285156,2.5405426025390625,9.1552734375e-05,2.5404510498046875
647,82653.8,82725.3,82600.2,82725.3,12563.0,154.62185668945312,151.5305938720703,151.530517578125,3.0912628173828125,7.62939453125e-05,3.091339111328125
648,82725.3,82757.9,82582.5,82603.3,8666.0,146.67733764648438,153.23544311523438,153.23536682128906,6.55810546875,7.62939453125e-05,6.5580291748046875
649,82606.3,82607.3,82472.6,82538.4,9220.0,140.4576416015625,151.91116333007812,151.91107177734375,11.453521728515625,9.1552734375e-05,11.45343017578125
650,82546.8,82599.2,82477.9,82514.0,6482.0,133.7034149169922,149.72500610351562,149.7248992919922,16.021591186523438,0.0001068115234375,16.021484375
651,82509.9,82590.9,82500.1,82500.1,18087.0,133.73130798339844,145.51585388183594,145.51576232910156,11.7845458984375,9.1552734375e-05,11.784454345703125
652,82500.0,82500.1,82280.0,82280.0,18549.0,126.98599243164062,150.84341430664062,150.84332275390625,23.857421875,9.1552734375e-05,23.857330322265625
653,82275.9,82344.9,82234.6,82257.7,21916.0,120.20127868652344,147.94723510742188,147.9471435546875,27.745956420898438,9.1552734375e-05,27.745864868164062
654,82248.8,82285.7,82125.3,82149.0,14685.0,113.10822296142578,148.837158203125,148.8370819091797,35.72893524169922,7.62939453125e-05,35.728858947753906
655,82144.8,82267.9,82116.5,82208.8,12339.0,125.78632354736328,149.02011108398438,149.02003479003906,23.233787536621094,7.62939453125e-05,23.23371124267578
656,82210.8,82518.0,82210.8,82497.1,30776.0,120.3373031616211,160.46176147460938,160.46168518066406,40.12445831298828,7.62939453125e-05,40.12438201904297
657,82497.4,82506.8,82390.0,82453.9,12146.0,120.61287689208984,157.3428497314453,157.3427734375,36.72997283935547,7.62939453125e-05,36.729896545410156
658,82453.8,82478.6,82349.3,82387.6,7323.0,118.96865844726562,155.3401336669922,155.3400421142578,36.37147521972656,9.1552734375e-05,36.37138366699219
659,82385.9,82385.9,82201.4,82217.5,10488.0,112.77056884765625,157.5446319580078,157.5445556640625,44.77406311035156,7.62939453125e-05,44.77398681640625
660,82216.4,82231.7,82112.2,82176.2,12266.0,115.92981719970703,154.82717895507812,154.82708740234375,38.897361755371094,9.1552734375e-05,38.89727020263672
661,82178.3,82200.4,82111.0,82161.7,16371.0,111.26351928710938,150.15371704101562,150.1536102294922,38.89019775390625,0.0001068115234375,38.89009094238281
662,82168.0,82261.1,82020.7,82078.6,15816.0,109.80218505859375,156.5997772216797,156.59967041015625,46.79759216308594,0.0001068115234375,46.7974853515625
663,82078.5,82089.4,81712.9,81949.0,58374.0,114.2448959350586,172.30694580078125,172.3068389892578,58.062049865722656,0.0001068115234375,58.06194305419922
664,81948.9,81974.5,81786.1,81935.6,25616.0,110.77762603759766,173.4563446044922,173.45623779296875,62.67871856689453,0.0001068115234375,62.678611755371094
665,81943.5,82391.7,81927.3,82061.4,45415.0,110.4865951538086,194.2384796142578,194.23837280273438,83.75188446044922,0.0001068115234375,83.75177764892578
666,82053.6,82085.5,81905.2,82062.6,16898.0,106.16612243652344,193.24266052246094,193.2425537109375,87.0765380859375,0.0001068115234375,87.07643127441406
667,82058.6,82058.6,81802.1,81872.6,21012.0,107.28316497802734,198.04676818847656,198.04666137695312,90.76360321044922,0.0001068115234375,90.76349639892578
668,81871.0,82140.3,81859.4,82019.9,32565.0,105.2914047241211,203.96475219726562,203.9646453857422,98.67334747314453,0.0001068115234375,98.6732406616211
669,82012.6,82139.7,82004.9,82080.5,55937.0,100.20585632324219,199.02474975585938,199.02464294433594,98.81889343261719,0.0001068115234375,98.81878662109375
670,82080.3,82443.9,82070.5,82414.7,20236.0,95.84127044677734,211.4800262451172,211.47991943359375,115.63875579833984,0.0001068115234375,115.6386489868164
671,82408.7,82428.3,82331.5,82382.7,17538.0,89.82415008544922,203.2883758544922,203.28826904296875,113.46422576904297,0.0001068115234375,113.46411895751953
672,82382.7,82499.9,82309.5,82316.1,21160.0,86.69386291503906,202.36766052246094,202.36756896972656,115.67379760742188,9.1552734375e-05,115.6737060546875
673,82309.4,82329.3,82107.0,82168.8,13391.0,85.72299194335938,203.7911834716797,203.7910919189453,118.06819152832031,9.1552734375e-05,118.06809997558594
674,82168.3,82242.3,82082.7,82124.0,23107.0,81.9286117553711,200.6342315673828,200.63414001464844,118.70561981201172,9.1552734375e-05,118.70552825927734
675,82116.1,82140.8,81937.9,81944.2,15948.0,84.48393249511719,200.7959747314453,200.79586791992188,116.31204223632812,0.0001068115234375,116.31193542480469
676,81936.1,82077.4,81640.3,82072.8,26241.0,96.14970397949219,217.67495727539062,217.6748504638672,121.52525329589844,0.0001068115234375,121.525146484375
677,82080.7,82224.5,81960.7,81975.2,13752.0,95.61055755615234,220.96939086914062,220.9692840576172,125.35883331298828,0.0001068115234375,125.35872650146484
678,81956.1,82014.3,81770.3,81877.2,9149.0,137.52398681640625,222.61444091796875,222.6143341064453,85.0904541015625,0.0001068115234375,85.09034729003906
679,81878.3,82077.9,81873.7,82077.8,19767.0,146.8649139404297,221.29879760742188,221.29869079589844,74.43388366699219,0.0001068115234375,74.43377685546875
680,82077.9,82077.9,81864.9,81965.1,12777.0,177.6742401123047,220.70602416992188,220.7059326171875,43.03178405761719,9.1552734375e-05,43.03169250488281
681,81963.2,82231.1,81947.7,82190.6,22895.0,186.9402618408203,225.18405151367188,225.1839599609375,38.24378967285156,9.1552734375e-05,38.24369812011719
682,82190.5,82197.1,81951.4,81964.9,11012.0,199.36585998535156,226.6497039794922,226.6496124267578,27.283843994140625,9.1552734375e-05,27.28375244140625
683,81965.9,82024.8,81934.3,81992.6,15824.0,189.42567443847656,216.9247283935547,216.9246368408203,27.499053955078125,9.1552734375e-05,27.49896240234375
684,81992.6,82196.1,81983.0,82196.1,21470.0,184.2881317138672,216.6516571044922,216.6515655517578,32.363525390625,9.1552734375e-05,32.363433837890625
685,82196.1,82351.9,82149.2,82305.4,16139.0,197.32447814941406,215.65476989746094,215.65469360351562,18.330291748046875,7.62939453125e-05,18.330215454101562
686,82307.4,82485.7,82241.3,82291.4,17690.0,196.86549377441406,217.7084503173828,217.7083740234375,20.84295654296875,7.62939453125e-05,20.842880249023438
687,82304.4,82304.4,82120.1,82120.1,16968.0,182.82545471191406,215.32192993164062,215.32183837890625,32.49647521972656,9.1552734375e-05,32.49638366699219
688,82124.2,82124.2,81959.6,82019.2,13734.0,175.45233154296875,211.6990509033203,211.69895935058594,36.24671936035156,9.1552734375e-05,36.24662780761719
689,82019.4,82082.3,82007.4,82069.3,5797.0,174.69180297851562,201.92758178710938,201.927490234375,27.23577880859375,9.1552734375e-05,27.235687255859375
690,82069.3,82289.5,82061.1,82246.1,20921.0,168.8639373779297,203.81837463378906,203.8182830810547,34.954437255859375,9.1552734375e-05,34.954345703125
691,82246.0,82377.9,82227.1,82305.4,10687.0,178.80223083496094,200.03114318847656,200.03103637695312,21.228912353515625,0.0001068115234375,21.228805541992188
692,82314.6,82468.4,82299.2,82442.9,8486.0,180.5663604736328,197.82858276367188,197.82847595214844,17.262222290039062,0.0001068115234375,17.262115478515625
693,82444.2,82614.8,82395.6,82568.9,11545.0,169.22625732421875,199.3547821044922,199.3546905517578,30.128524780273438,9.1552734375e-05,30.128433227539062
694,82550.4,82712.4,82443.3,82443.3,24783.0,176.30274963378906,204.33670043945312,204.33660888671875,28.033950805664062,9.1552734375e-05,28.033859252929688
695,82446.9,82554.9,82389.0,82530.9,15584.0,169.8029022216797,201.59112548828125,201.5910186767578,31.788223266601562,0.0001068115234375,31.788116455078125
696,82532.6,82616.4,82462.8,82558.3,6799.0,164.9386444091797,198.16329956054688,198.1632080078125,33.22465515136719,9.1552734375e-05,33.22456359863281
697,82555.0,82710.4,82548.8,82690.3,13435.0,166.5501708984375,195.55174255371094,195.55165100097656,29.001571655273438,9.1552734375e-05,29.001480102539062
698,82690.3,82866.1,82576.7,82834.2,28655.0,158.982421875,202.2550811767578,202.2550048828125,43.27265930175781,7.62939453125e-05,43.2725830078125
699,82840.6,82841.4,82689.9,82740.7,9596.0,151.06906127929688,198.62973022460938,198.629638671875,47.5606689453125,9.1552734375e-05,47.560577392578125
700,82740.8,82922.9,82718.3,82846.4,6538.0,161.17852783203125,199.05630493164062,199.05621337890625,37.877777099609375,9.1552734375e-05,37.877685546875
701,82846.5,82858.5,82597.3,82629.6,19970.0,164.38006591796875,203.49537658691406,203.49526977539062,39.11531066894531,0.0001068115234375,39.115203857421875
702,82648.3,82648.3,82571.7,82593.2,6082.0,178.53150939941406,194.4309844970703,194.43087768554688,15.89947509765625,0.0001068115234375,15.899368286132812
703,82594.4,82612.8,82527.2,82583.8,25629.0,171.52926635742188,186.6569061279297,186.65679931640625,15.127639770507812,0.0001068115234375,15.127532958984375
704,82583.8,82583.8,82496.2,82543.8,7138.0,177.59860229492188,179.5809783935547,179.58087158203125,1.9823760986328125,0.0001068115234375,1.982269287109375
705,82552.0,82581.1,82539.7,82574.0,4128.0,173.6272735595703,169.71080017089844,169.710693359375,3.916473388671875,0.0001068115234375,3.9165802001953125
706,82574.9,82609.7,82444.9,82465.3,7259.0,182.8324737548828,169.36038208007812,169.36026000976562,13.472091674804688,0.0001220703125,13.472213745117188
707,82459.9,82529.5,82450.4,82529.5,10327.0,180.87290954589844,162.913330078125,162.9132080078125,17.959579467773438,0.0001220703125,17.959701538085938
708,82533.6,82570.5,82487.9,82533.6,5208.0,191.42440795898438,157.17678833007812,157.17666625976562,34.24761962890625,0.0001220703125,34.24774169921875
709,82533.6,82570.5,82450.1,82456.7,6170.0,191.48728942871094,154.54977416992188,154.54965209960938,36.93751525878906,0.0001220703125,36.93763732910156
710,82456.2,82456.2,82364.6,82452.6,18068.0,211.5311737060547,150.0891876220703,150.0890655517578,61.441986083984375,0.0001220703125,61.442108154296875
711,82452.6,82561.7,82420.9,82557.5,6585.0,229.75775146484375,149.42601013183594,149.4259033203125,80.33174133300781,0.0001068115234375,80.33184814453125
712,82541.0,82732.5,82508.9,82717.9,24146.0,226.28231811523438,154.72427368164062,154.7241668701172,71.55804443359375,0.0001068115234375,71.55815124511719
713,82721.6,82750.0,82660.9,82749.9,7956.0,232.04788208007812,150.0369415283203,150.03683471679688,82.01094055175781,0.0001068115234375,82.01104736328125
714,82749.9,82766.4,82699.7,82710.1,5273.0,239.7303009033203,144.08396911621094,144.0838623046875,95.64633178710938,0.0001068115234375,95.64643859863281
715,82710.1,82807.6,82637.8,82742.8,9795.0,233.5492401123047,145.92117309570312,145.9210662841797,87.62806701660156,0.0001068115234375,87.628173828125
716,82739.3,82766.7,82656.8,82656.8,3375.0,218.69528198242188,143.3486785888672,143.3485870361328,75.34660339355469,9.1552734375e-05,75.34669494628906
717,82656.8,82750.3,82638.5,82728.4,4222.0,208.95309448242188,141.09498596191406,141.0948944091797,67.85810852050781,9.1552734375e-05,67.85820007324219
718,82728.4,82778.4,82721.2,82768.0,5202.0,198.81358337402344,135.10215759277344,135.10206604003906,63.71142578125,9.1552734375e-05,63.711517333984375
719,82762.0,82815.9,82703.3,82710.1,9929.0,186.21250915527344,133.49497985839844,133.49488830566406,52.717529296875,9.1552734375e-05,52.717620849609375
720,82713.3,82713.3,82619.2,82675.0,8385.0,182.2615203857422,130.68060302734375,130.68051147460938,51.58091735839844,9.1552734375e-05,51.58100891113281
721,82681.7,82931.5,82680.7,82931.4,15073.0,171.35723876953125,139.66770935058594,139.66761779785156,31.689529418945312,9.1552734375e-05,31.689620971679688
722,82931.5,82957.8,82852.1,82881.5,10984.0,166.43887329101562,137.24111938476562,137.24102783203125,29.19775390625,9.1552734375e-05,29.197845458984375
723,82881.5,82953.2,82841.6,82892.7,11356.0,161.6720428466797,135.40972900390625,135.40963745117188,26.262313842773438,9.1552734375e-05,26.262405395507812
724,82896.6,82970.3,82870.1,82941.3,6136.0,155.73118591308594,132.8944091796875,132.8943328857422,22.836776733398438,7.62939453125e-05,22.83685302734375
725,82948.1,82995.0,82891.0,82899.2,6327.0,149.5076446533203,130.83053588867188,130.8304443359375,18.677108764648438,9.1552734375e-05,18.677200317382812
726,82907.5,82967.1,82812.0,82829.0,9037.0,144.4713897705078,132.56419372558594,132.56410217285156,11.907196044921875,9.1552734375e-05,11.90728759765625
727,82830.1,83053.8,82812.0,83041.4,15284.0,157.1810302734375,140.3665313720703,140.36643981933594,16.814498901367188,9.1552734375e-05,16.814590454101562
728,83053.1,83343.1,83053.1,83295.7,38016.0,162.68206787109375,151.8905792236328,151.89048767089844,10.791488647460938,9.1552734375e-05,10.791580200195312
729,83295.6,83351.2,83155.6,83228.5,9452.0,161.61160278320312,155.01280212402344,155.01271057128906,6.5988006591796875,9.1552734375e-05,6.5988922119140625
730,83236.9,83337.0,83236.9,83250.0,7117.0,150.8675994873047,151.6904754638672,151.69036865234375,0.8228759765625,0.0001068115234375,0.8227691650390625
731,83241.7,83241.7,83053.5,83127.0,41546.0,141.34860229492188,154.8911590576172,154.8910675048828,13.542556762695312,9.1552734375e-05,13.542465209960938
732,83126.1,83126.1,82951.0,82951.0,14525.0,135.03074645996094,156.39892578125,156.3988494873047,21.368179321289062,7.62939453125e-05,21.36810302734375
733,82949.5,83037.2,82932.4,83012.9,5621.0,136.99954223632812,152.713623046875,152.7135467529297,15.714080810546875,7.62939453125e-05,15.714004516601562
734,83002.0,83118.3,82996.0,83095.3,6014.0,134.47837829589844,150.54100036621094,150.54092407226562,16.0626220703125,7.62939453125e-05,16.062545776367188
735,83082.7,83120.9,83034.1,83045.2,4113.0,130.43695068359375,145.98785400390625,145.98777770996094,15.5509033203125,7.62939453125e-05,15.550827026367188
736,83051.4,83088.2,83015.6,83035.2,3492.0,162.06256103515625,140.7459716796875,140.74591064453125,21.31658935546875,6.103515625e-05,21.316650390625
737,83032.1,83187.9,83032.1,83044.6,6448.0,171.80084228515625,141.821044921875,141.8209686279297,29.97979736328125,7.62939453125e-05,29.979873657226562
738,83039.7,83053.0,82948.6,82996.0,4963.0,216.32232666015625,139.14801025390625,139.14793395996094,77.17431640625,7.62939453125e-05,77.17439270019531
739,82990.0,82990.0,82847.1,82879.6,13056.0,242.68490600585938,139.84446716308594,139.8444061279297,102.84043884277344,6.103515625e-05,102.84049987792969
740,82887.9,83055.4,82887.9,83040.6,11412.0,240.1505126953125,142.41250610351562,142.4124298095703,97.73800659179688,7.62939453125e-05,97.73808288574219
741,83040.5,83168.9,83027.1,83142.4,4509.0,264.81109619140625,142.3685302734375,142.36846923828125,122.44256591796875,6.103515625e-05,122.442626953125
742,83142.7,83160.0,82995.9,83012.6,5393.0,272.8960266113281,143.9208984375,143.92083740234375,128.97512817382812,6.103515625e-05,128.97518920898438
743,83009.1,83240.3,82995.3,83159.1,11862.0,275.4391784667969,151.14083862304688,151.14077758789062,124.29833984375,6.103515625e-05,124.29840087890625
744,83159.0,83159.8,83064.3,83065.2,4129.0,257.2437438964844,147.16648864746094,147.1664276123047,110.07725524902344,6.103515625e-05,110.07731628417969
745,83073.6,83160.1,83064.0,83128.6,4387.0,253.0048065185547,143.5189971923828,143.51893615722656,109.48580932617188,6.103515625e-05,109.48587036132812
746,83128.5,83128.5,83037.6,83053.0,2391.0,246.26173400878906,139.76763916015625,139.76759338378906,106.49409484863281,4.57763671875e-05,106.494140625
747,83053.0,83063.7,82969.0,82987.2,1869.0,254.9288787841797,136.5487518310547,136.54869079589844,118.380126953125,6.103515625e-05,118.38018798828125
748,82988.2,83043.2,82978.0,82978.0,2917.0,254.8268280029297,131.45263671875,131.4525909423828,123.37419128417969,4.57763671875e-05,123.37423706054688
749,82974.1,82974.1,82924.4,82924.4,3108.0,248.74658203125,125.89185333251953,125.89179992675781,122.85472869873047,5.340576171875e-05,122.85478210449219
750,82924.5,82950.7,82903.5,82903.5,3799.0,237.5074462890625,120.271240234375,120.27117919921875,117.2362060546875,6.103515625e-05,117.23626708984375
751,82904.4,82943.6,82899.0,82926.2,7938.0,259.39251708984375,114.86627197265625,114.86620330810547,144.5262451171875,6.866455078125e-05,144.52631378173828
752,82926.2,83079.2,82926.2,83079.2,36803.0,257.0146179199219,117.5901107788086,117.59004974365234,139.42450714111328,6.103515625e-05,139.42456817626953
753,83080.0,83114.7,82959.2,82959.2,4886.0,239.1636962890625,120.29795837402344,120.29790496826172,118.86573791503906,5.340576171875e-05,118.86579132080078
754,82959.1,82959.1,82793.4,82799.5,8111.0,224.4232177734375,123.5484390258789,123.54838562011719,100.8747787475586,5.340576171875e-05,100.87483215332031
755,82796.0,82827.2,82726.5,82772.8,8515.0,211.25015258789062,121.91664123535156,121.91658020019531,89.33351135253906,6.103515625e-05,89.33357238769531
756,82767.3,82802.8,82747.5,82768.1,6283.0,218.0894317626953,117.15809631347656,117.15803527832031,100.93133544921875,6.103515625e-05,100.931396484375
757,82768.0,82775.3,82636.8,82680.8,6586.0,213.1829376220703,118.68252563476562,118.68245697021484,94.50041198730469,6.866455078125e-05,94.50048065185547
758,82680.8,82707.4,82616.9,82638.7,6030.0,200.64141845703125,116.66949462890625,116.66942596435547,83.971923828125,6.866455078125e-05,83.97199249267578
759,82638.6,82711.8,82618.4,82618.4,6202.0,208.48846435546875,115.00727844238281,115.00720977783203,93.48118591308594,6.866455078125e-05,93.48125457763672
760,82618.4,82695.4,82500.1,82521.2,10768.0,199.14666748046875,120.74225616455078,120.7421875,78.40441131591797,6.866455078125e-05,78.40447998046875
761,82501.0,82521.3,82389.9,82470.1,18509.0,194.95762634277344,121.50341796875,121.50334930419922,73.45420837402344,6.866455078125e-05,73.45427703857422
762,82469.3,82485.9,82382.7,82435.8,12156.0,202.46066284179688,120.1957015991211,120.19563293457031,82.26496124267578,6.866455078125e-05,82.26502990722656
763,82432.1,82530.0,82431.9,82509.6,7552.0,250.1850128173828,118.6175537109375,118.61748504638672,131.5674591064453,6.866455078125e-05,131.5675277709961
764,82509.9,82552.0,82480.8,82524.7,7396.0,253.48599243164062,115.2308120727539,115.23074340820312,138.25518035888672,6.866455078125e-05,138.2552490234375
765,82510.0,82528.1,82438.2,82443.3,5419.0,273.85809326171875,113.4213638305664,113.42129516601562,160.43672943115234,6.866455078125e-05,160.43679809570312
766,82446.4,82479.7,82381.1,82419.4,2903.0,292.1109924316406,112.3628158569336,112.36273956298828,179.74817657470703,7.62939453125e-05,179.74825286865234
767,82418.7,82448.0,82284.2,82313.2,6078.0,274.63153076171875,116.03668212890625,116.03660583496094,158.5948486328125,7.62939453125e-05,158.5949249267578
768,82317.0,82381.8,82257.2,82262.7,8322.0,293.5367736816406,116.64790344238281,116.64783477783203,176.8888702392578,6.866455078125e-05,176.8889389038086
769,82279.4,82417.8,82229.4,82300.1,9838.0,286.634033203125,121.77294921875,121.77287292480469,164.861083984375,7.62939453125e-05,164.8611602783203
770,82300.1,82375.4,82229.0,82355.8,14190.0,267.1244812011719,123.53192138671875,123.53184509277344,143.59255981445312,7.62939453125e-05,143.59263610839844
771,82355.8,82385.9,82268.4,82284.7,9506.0,268.94427490234375,123.10108184814453,123.10099792480469,145.84319305419922,8.392333984375e-05,145.84327697753906
772,82268.2,82405.4,82268.2,82358.9,9579.0,268.0838623046875,124.10781860351562,124.10773468017578,143.97604370117188,8.392333984375e-05,143.97612762451172
773,82358.0,82375.9,82200.1,82281.1,6470.0,261.04217529296875,127.79989624023438,127.79981994628906,133.24227905273438,7.62939453125e-05,133.2423553466797
774,82286.5,82316.1,82221.9,82256.0,18679.0,251.4175262451172,125.40013122558594,125.40005493164062,126.01739501953125,7.62939453125e-05,126.01747131347656
775,82272.4,82360.0,82272.4,82308.6,4366.0,266.7945251464844,123.87155151367188,123.87147521972656,142.9229736328125,7.62939453125e-05,142.9230499267578
776,82307.5,82308.5,82208.6,82218.6,9752.0,271.81646728515625,122.16645050048828,122.16637420654297,149.65001678466797,7.62939453125e-05,149.65009307861328
777,82217.7,82360.9,82217.7,82360.9,9148.0,280.1867370605469,123.66851806640625,123.66844177246094,156.51821899414062,7.62939453125e-05,156.51829528808594
778,82341.3,82399.0,82309.4,82309.4,4196.0,278.58746337890625,121.23516845703125,121.23509216308594,157.352294921875,7.62939453125e-05,157.3523712158203
779,82309.4,82353.7,82286.1,82317.2,4291.0,276.9740905761719,117.4041976928711,117.40412139892578,159.56989288330078,7.62939453125e-05,159.5699691772461
780,82313.1,82372.3,82294.0,82306.6,4651.0,266.64727783203125,114.6108169555664,114.61074829101562,152.03646087646484,6.866455078125e-05,152.03652954101562
781,82306.6,82457.7,82278.2,82278.2,9994.0,273.4654541015625,119.24576568603516,119.24569702148438,154.21968841552734,6.866455078125e-05,154.21975708007812
782,82267.6,82387.4,82256.5,82311.2,9736.0,261.53936767578125,120.0781021118164,120.07803344726562,141.46126556396484,6.866455078125e-05,141.46133422851562
783,82316.4,82401.0,82213.3,82361.6,31401.0,249.03656005859375,124.9084701538086,124.90840148925781,124.12808990478516,6.866455078125e-05,124.12815856933594
784,82353.3,82353.3,82087.2,82207.2,17951.0,259.29791259765625,135.58633422851562,135.5862579345703,123.71157836914062,7.62939453125e-05,123.71165466308594
785,82211.2,82229.2,82094.1,82094.1,10273.0,260.37652587890625,135.5517120361328,135.5516357421875,124.82481384277344,7.62939453125e-05,124.82489013671875
786,82094.2,82172.1,82050.7,82089.7,19987.0,251.5639190673828,134.540771484375,134.5406951904297,117.02314758300781,7.62939453125e-05,117.02322387695312
787,82089.6,82200.0,82055.5,82200.0,4604.0,254.78761291503906,135.2521514892578,135.2520751953125,119.53546142578125,7.62939453125e-05,119.53553771972656
788,82200.7,82200.7,81943.8,81995.4,16179.0,242.9384002685547,143.94174194335938,143.941650390625,98.99665832519531,9.1552734375e-05,98.99674987792969
789,82007.8,82099.5,81995.4,82057.6,9907.0,239.38589477539062,141.0960235595703,141.09593200683594,98.28987121582031,9.1552734375e-05,98.28996276855469
790,82057.7,82081.7,81990.1,82015.7,17310.0,255.5586700439453,137.5607147216797,137.5606231689453,117.99795532226562,9.1552734375e-05,117.998046875
791,82013.2,82148.5,82008.1,82120.8,29622.0,253.16888427734375,137.76341247558594,137.76332092285156,115.40547180175781,9.1552734375e-05,115.40556335449219
792,82124.4,82141.0,82045.5,82052.5,15856.0,239.8566131591797,134.74459838867188,134.74452209472656,105.11201477050781,7.62939453125e-05,105.11209106445312
793,82052.5,82270.8,82033.9,82270.7,11670.0,249.50247192382812,142.0413055419922,142.04122924804688,107.46116638183594,7.62939453125e-05,107.46124267578125
794,82270.7,82389.6,82160.5,82310.0,34207.0,241.28802490234375,148.2598876953125,148.25982666015625,93.02813720703125,6.103515625e-05,93.0281982421875
795,82309.9,82309.9,82090.1,82120.3,12909.0,230.83163452148438,153.37692260742188,153.37686157226562,77.4547119140625,6.103515625e-05,77.45477294921875
796,82117.5,82181.5,81982.3,82010.3,9110.0,222.2225799560547,156.6502227783203,156.65016174316406,65.57235717773438,6.103515625e-05,65.57241821289062
797,82010.4,82067.1,81956.0,82042.3,8570.0,221.3210906982422,153.39675903320312,153.39669799804688,67.92433166503906,6.103515625e-05,67.92439270019531
798,82038.6,82061.9,81913.8,81950.5,11482.0,222.52694702148438,153.01853942871094,153.0184783935547,69.50840759277344,6.103515625e-05,69.50846862792969
799,81950.4,82032.4,81945.1,81985.9,7187.0,214.71810913085938,148.3241424560547,148.32406616210938,66.39396667480469,7.62939453125e-05,66.39404296875
800,81973.8,82004.9,81846.1,81851.1,10167.0,208.19528198242188,149.07220458984375,149.07212829589844,59.123077392578125,7.62939453125e-05,59.12315368652344
801,81851.3,81854.3,81416.3,81444.9,69414.0,197.90957641601562,169.7099151611328,169.7098388671875,28.199661254882812,7.62939453125e-05,28.199737548828125
802,81444.9,81613.8,81340.6,81551.5,39167.0,194.50868225097656,177.10174560546875,177.10165405273438,17.406936645507812,9.1552734375e-05,17.407028198242188
803,81548.4,81591.1,80831.4,81134.0,196906.0,183.4009246826172,218.7161407470703,218.71604919433594,35.315216064453125,9.1552734375e-05,35.31512451171875
804,81149.3,81160.4,80919.0,81101.0,45283.0,192.5720672607422,220.33631896972656,220.33621215820312,27.764251708984375,0.0001068115234375,27.764144897460938
805,81100.0,81444.4,81079.6,81328.8,30209.0,209.3453826904297,230.65493774414062,230.6548309326172,21.309555053710938,0.0001068115234375,21.3094482421875
806,81323.7,81323.7,81129.8,81140.6,36412.0,196.17787170410156,228.3938751220703,228.39376831054688,32.21600341796875,0.0001068115234375,32.21589660644531
807,81132.6,81159.4,80952.0,81011.6,32535.0,196.3509979248047,226.8942108154297,226.89410400390625,30.543212890625,0.0001068115234375,30.543106079101562
808,81011.6,81050.4,80705.1,80725.3,38780.0,186.71153259277344,235.3515625,235.35145568847656,48.64002990722656,0.0001068115234375,48.639923095703125
809,80723.8,80963.9,80627.5,80945.5,42398.0,199.2678680419922,242.5692138671875,242.569091796875,43.30134582519531,0.0001220703125,43.30122375488281
810,80957.6,81666.0,80957.6,81466.2,131612.0,209.63433837890625,276.7071533203125,276.7070007324219,67.07281494140625,0.000152587890625,67.07266235351562
811,81468.0,81877.6,81274.6,81711.1,61016.0,216.97463989257812,300.0137939453125,300.0136413574219,83.03915405273438,0.000152587890625,83.03900146484375
812,81711.1,81889.9,81500.2,81605.4,33883.0,224.99098205566406,306.41961669921875,306.41949462890625,81.42863464355469,0.0001220703125,81.42851257324219
813,81581.0,81707.1,81442.1,81606.9,30371.0,214.7271270751953,303.4610900878906,303.4609680175781,88.73396301269531,0.0001220703125,88.73384094238281
814,81602.9,81807.5,81594.8,81700.5,18544.0,215.51783752441406,296.9783935546875,296.9782409667969,81.46055603027344,0.000152587890625,81.46040344238281
815,81704.5,81821.2,81510.1,81821.2,35648.0,215.5093231201172,297.9872131347656,297.987060546875,82.47789001464844,0.000152587890625,82.47773742675781
816,81825.1,82274.0,81710.7,82101.7,46923.0,209.30162048339844,316.93792724609375,316.9377746582031,107.63630676269531,0.000152587890625,107.63615417480469
817,82087.6,82581.6,82027.5,82511.1,70274.0,197.96536254882812,333.878173828125,333.8780212402344,135.91281127929688,0.000152587890625,135.91265869140625
818,82511.3,82866.1,82486.5,82768.0,63226.0,191.5108184814453,337.1441345214844,337.1440124511719,145.63331604003906,0.0001220703125,145.63319396972656
819,82767.9,82982.8,82628.3,82982.8,31887.0,187.53126525878906,338.38385009765625,338.3836975097656,150.8525848388672,0.000152587890625,150.85243225097656
820,82982.7,82982.7,82657.5,82736.3,19758.0,199.20761108398438,337.4490966796875,337.4489440917969,138.24148559570312,0.000152587890625,138.2413330078125
821,82745.5,82971.2,82693.7,82878.7,22928.0,198.35740661621094,333.16705322265625,333.1668701171875,134.8096466064453,0.00018310546875,134.80946350097656
822,82904.5,82908.6,82685.7,82750.9,12906.0,194.98924255371094,325.2907409667969,325.2905578613281,130.30149841308594,0.00018310546875,130.3013153076172
823,82751.0,82887.6,82565.4,82874.2,24953.0,187.0184783935547,325.0702209472656,325.0700378417969,138.05174255371094,0.00018310546875,138.0515594482422
824,82874.1,83033.3,82795.5,83002.3,14212.0,188.98870849609375,318.83642578125,318.83624267578125,129.84771728515625,0.00018310546875,129.8475341796875
825,83010.6,83427.0,82994.9,83316.3,37958.0,190.62513732910156,326.92681884765625,326.9266052246094,136.3016815185547,0.000213623046875,136.3014678955078
826,83320.1,83419.2,83150.8,83164.4,16894.0,185.1664276123047,322.7467956542969,322.74658203125,137.5803680419922,0.000213623046875,137.5801544189453
827,83176.3,83300.0,83106.8,83270.4,9931.0,181.14004516601562,313.49371337890625,313.49346923828125,132.35366821289062,0.000244140625,132.35342407226562
828,83252.6,83322.0,83008.6,83078.5,13767.0,168.9442138671875,313.4869384765625,313.4866943359375,144.542724609375,0.000244140625,144.54248046875
829,83083.3,83191.8,82976.6,83191.8,11528.0,179.0056915283203,306.46612548828125,306.46588134765625,127.46043395996094,0.000244140625,127.46018981933594
830,83199.9,83528.1,83116.8,83499.9,25737.0,182.90541076660156,313.95458984375,313.9543762207031,131.04917907714844,0.000213623046875,131.04896545410156
831,83493.1,83499.9,83386.6,83496.4,18219.0,184.1476593017578,299.6219177246094,299.6216735839844,115.47425842285156,0.000244140625,115.47401428222656
832,83496.4,83576.6,83367.6,83389.8,14373.0,175.92283630371094,293.14892578125,293.1487121582031,117.22608947753906,0.000213623046875,117.22587585449219
833,83386.5,83583.2,83358.5,83565.7,5882.0,176.26373291015625,288.25994873046875,288.2597351074219,111.9962158203125,0.000213623046875,111.99600219726562
834,83564.7,83589.1,83495.9,83564.2,9029.0,173.1232452392578,274.32733154296875,274.3271179199219,101.20408630371094,0.000213623046875,101.20387268066406
835,83564.2,83567.0,83333.5,83333.5,10150.0,177.66468811035156,271.4111022949219,271.410888671875,93.74641418457031,0.000213623046875,93.74620056152344
836,83333.4,83355.8,83152.8,83179.1,17827.0,178.1456756591797,266.52459716796875,266.5244140625,88.37892150878906,0.00018310546875,88.37873840332031
837,83179.1,83306.3,83050.0,83302.2,11455.0,191.11407470703125,265.7940673828125,265.79388427734375,74.67999267578125,0.00018310546875,74.6798095703125
838,83311.7,83311.7,83137.3,83240.7,8036.0,183.66285705566406,259.266357421875,259.26617431640625,75.60350036621094,0.00018310546875,75.60331726074219
839,83228.0,83278.0,83165.3,83272.9,7659.0,178.7154083251953,248.7975616455078,248.79739379882812,70.0821533203125,0.0001678466796875,70.08198547363281
840,83268.7,83413.3,83182.0,83400.6,9926.0,174.79991149902344,247.5475311279297,247.54734802246094,72.74761962890625,0.00018310546875,72.7474365234375
841,83409.0,83420.5,83156.7,83156.7,9847.0,165.42861938476562,248.7082061767578,248.70803833007812,83.27958679199219,0.0001678466796875,83.2794189453125
842,83156.6,83458.2,83136.0,83378.3,9308.0,159.5553741455078,253.95785522460938,253.9576873779297,94.40248107910156,0.0001678466796875,94.40231323242188
843,83365.8,83487.3,83233.6,83282.3,8245.0,156.13011169433594,253.93911743164062,253.93894958496094,97.80900573730469,0.0001678466796875,97.808837890625
844,83286.5,83299.6,83106.7,83237.1,12591.0,165.79214477539062,249.57907104492188,249.5789031982422,83.78692626953125,0.0001678466796875,83.78675842285156
845,83228.8,83428.0,83208.2,83400.3,11736.0,163.5642547607422,247.4517822265625,247.4516143798828,83.88752746582031,0.0001678466796875,83.88735961914062
846,83400.4,83614.9,83355.6,83556.5,9782.0,157.35263061523438,248.29786682128906,248.29771423339844,90.94523620605469,0.000152587890625,90.94508361816406
847,83553.5,83566.5,83431.5,83466.6,5087.0,153.51327514648438,240.20516967773438,240.20501708984375,86.69189453125,0.000152587890625,86.69174194335938
848,83455.0,83696.9,83436.8,83671.7,14552.0,154.5910186767578,241.62635803222656,241.62619018554688,87.03533935546875,0.0001678466796875,87.03517150878906
849,83660.6,83887.3,83660.6,83796.7,25035.0,156.6559600830078,240.5598602294922,240.55970764160156,83.90390014648438,0.000152587890625,83.90374755859375
850,83810.9,83866.3,83527.8,83527.8,8582.0,153.87307739257812,247.5555877685547,247.55543518066406,93.68251037597656,0.000152587890625,93.68235778808594
851,83508.9,83671.5,83500.1,83644.1,7905.0,157.06072998046875,242.1157989501953,242.11566162109375,85.05506896972656,0.0001373291015625,85.054931640625
852,83644.0,83704.1,83595.4,83648.1,8093.0,155.48497009277344,232.58633422851562,232.586181640625,77.10136413574219,0.000152587890625,77.10121154785156
853,83648.2,83792.6,83612.6,83745.6,7432.0,154.5647430419922,228.83016967773438,228.8300323486328,74.26542663574219,0.0001373291015625,74.26528930664062
854,83753.4,83836.6,83745.2,83810.6,14244.0,154.5528564453125,219.0136260986328,219.01348876953125,64.46076965332031,0.0001373291015625,64.46063232421875
855,83810.6,83911.9,83801.6,83908.4,9001.0,147.256103515625,211.24815368652344,211.24801635742188,63.99205017089844,0.0001373291015625,63.991912841796875
856,83909.4,83988.6,83880.9,83988.6,11285.0,143.88067626953125,203.8520965576172,203.85195922851562,59.97142028808594,0.0001373291015625,59.971282958984375
857,83988.5,84346.8,83980.2,84217.3,20381.0,141.2251434326172,215.47650146484375,215.4763641357422,74.25135803222656,0.0001373291015625,74.251220703125
858,84217.2,84217.2,84061.1,84092.6,8302.0,155.45236206054688,211.2421417236328,211.24200439453125,55.78977966308594,0.0001373291015625,55.789642333984375
859,84079.8,84182.5,83988.6,84143.9,7843.0,150.77049255371094,210.00332641601562,210.003173828125,59.23283386230469,0.000152587890625,59.23268127441406
860,84153.3,84185.7,83947.6,84021.0,8177.0,145.07260131835938,212.01034545898438,212.0102081298828,66.937744140625,0.0001373291015625,66.93760681152344
861,84016.8,84163.7,83968.7,84027.8,12205.0,148.8174285888672,210.7953338623047,210.79519653320312,61.9779052734375,0.0001373291015625,61.97776794433594
862,84021.4,84043.1,83807.6,83847.9,9911.0,144.16641235351562,212.55996704101562,212.559814453125,68.3935546875,0.000152587890625,68.39340209960938
863,83843.7,83856.9,83719.5,83753.7,9225.0,142.5189208984375,207.19129943847656,207.19114685058594,64.67237854003906,0.000152587890625,64.67222595214844
864,83753.7,83776.9,83628.0,83628.0,8345.0,401.8250732421875,203.02752685546875,203.0273895263672,198.79754638671875,0.0001373291015625,198.7976837158203
865,83627.2,83704.8,83567.2,83666.8,14747.0,391.5089111328125,198.35369873046875,198.3535614013672,193.15521240234375,0.0001373291015625,193.1553497314453
866,83673.5,83715.7,83608.1,83699.0,5977.0,380.25103759765625,191.8714141845703,191.87127685546875,188.37962341308594,0.0001373291015625,188.3797607421875
867,83695.6,83719.0,83549.8,83549.8,3452.0,364.4334716796875,190.25225830078125,190.2521209716797,174.18121337890625,0.0001373291015625,174.1813507080078
868,83555.8,83589.6,83380.5,83405.1,40093.0,357.2239685058594,191.59864807128906,191.5985107421875,165.6253204345703,0.0001373291015625,165.62545776367188
869,83408.1,83495.8,83404.0,83440.7,9717.0,336.5723876953125,184.46995544433594,184.46981811523438,152.10243225097656,0.0001373291015625,152.10256958007812
870,83428.2,83583.5,83428.2,83571.6,7534.0,314.9171142578125,182.38616943359375,182.3860321044922,132.53094482421875,0.0001373291015625,132.5310821533203
871,83571.5,83598.2,83471.9,83564.6,6870.0,328.5513916015625,178.38035583496094,178.38021850585938,150.17103576660156,0.0001373291015625,150.17117309570312
872,83564.5,83603.3,83409.2,83445.4,6639.0,316.5192565917969,179.50274658203125,179.50262451171875,137.01651000976562,0.0001220703125,137.01663208007812
873,83436.3,83466.5,83282.1,83453.4,7506.0,300.3895568847656,179.85244750976562,179.85232543945312,120.537109375,0.0001220703125,120.5372314453125
874,83452.5,83527.9,83427.1,83512.6,5215.0,298.49737548828125,174.20562744140625,174.20550537109375,124.291748046875,0.0001220703125,124.2918701171875
875,83516.7,83790.7,83504.2,83747.7,11180.0,283.0332946777344,182.22665405273438,182.22653198242188,100.806640625,0.0001220703125,100.8067626953125
876,83757.6,83895.3,83741.6,83858.9,10276.0,286.1665344238281,180.18870544433594,180.1885986328125,105.97782897949219,0.0001068115234375,105.97793579101562
877,83860.0,83932.9,83826.0,83932.9,6560.0,275.6686096191406,174.9536895751953,174.95358276367188,100.71492004394531,0.0001068115234375,100.71502685546875
878,83940.1,83984.9,83859.6,83950.7,11958.0,263.0282287597656,171.4067840576172,171.40667724609375,91.62144470214844,0.0001068115234375,91.62155151367188
879,83937.7,83937.7,83837.1,83860.8,7627.0,261.5691833496094,167.27783203125,167.27774047851562,94.29135131835938,9.1552734375e-05,94.29144287109375
880,83860.7,83988.5,83829.5,83944.8,3462.0,264.0787658691406,166.6865692138672,166.6864776611328,97.39219665527344,9.1552734375e-05,97.39228820800781
881,83937.9,84109.1,83936.9,84099.5,15827.0,256.3588562011719,167.0806121826172,167.0805206298828,89.27824401855469,9.1552734375e-05,89.27833557128906
882,84097.6,84195.8,84085.7,84107.1,6837.0,251.08322143554688,163.01011657714844,163.01004028320312,88.07310485839844,7.62939453125e-05,88.07318115234375
883,84141.4,84194.8,84112.1,84128.8,5869.0,249.99134826660156,157.6304931640625,157.6304168701172,92.36085510253906,7.62939453125e-05,92.36093139648438
884,84128.8,84152.8,84085.4,84138.0,5619.0,238.44955444335938,151.1853485107422,151.18527221679688,87.26420593261719,7.62939453125e-05,87.2642822265625
885,84144.3,84282.8,84077.0,84253.4,11736.0,224.22438049316406,155.08616638183594,155.0861053466797,69.13821411132812,6.103515625e-05,69.13827514648438
886,84253.5,84346.9,84108.1,84123.6,12369.0,213.69386291503906,161.0655059814453,161.06544494628906,52.62835693359375,6.103515625e-05,52.62841796875
887,84123.6,84243.2,84105.0,84183.7,6456.0,204.02992248535156,159.43247985839844,159.4324188232422,44.597442626953125,6.103515625e-05,44.597503662109375
888,84183.7,84407.1,84175.8,84356.4,12382.0,197.54954528808594,164.56622314453125,164.56614685058594,32.98332214355469,7.62939453125e-05,32.9833984375
889,84350.7,84350.7,84034.2,84086.3,10004.0,198.8892059326172,175.82545471191406,175.82537841796875,23.063751220703125,7.62939453125e-05,23.063827514648438
890,84076.6,84152.9,84047.1,84143.1,8864.0,194.09019470214844,170.82342529296875,170.82334899902344,23.266769409179688,7.62939453125e-05,23.266845703125
891,84143.0,84386.4,84143.0,84366.4,7931.0,192.21937561035156,176.0073699951172,176.0072784423828,16.212005615234375,9.1552734375e-05,16.21209716796875
892,84370.6,84424.5,84153.4,84209.8,9858.0,190.41799926757812,182.79981994628906,182.7997283935547,7.6181793212890625,9.1552734375e-05,7.6182708740234375
893,84209.5,84308.4,84150.1,84244.1,10672.0,183.10244750976562,181.04962158203125,181.04953002929688,2.052825927734375,9.1552734375e-05,2.05291748046875
894,84231.7,84277.4,84197.8,84265.0,4751.0,178.78822326660156,173.80332946777344,173.80323791503906,4.984893798828125,9.1552734375e-05,4.9849853515625
895,84269.4,84294.7,84186.8,84188.0,4961.0,174.93170166015625,169.09640502929688,169.0963134765625,5.835296630859375,9.1552734375e-05,5.83538818359375
896,84197.3,84214.2,84110.1,84163.8,8754.0,170.78646850585938,164.45391845703125,164.45382690429688,6.332550048828125,9.1552734375e-05,6.3326416015625
897,84167.6,84237.4,84125.5,84197.2,7185.0,160.91612243652344,160.699951171875,160.6998748779297,0.2161712646484375,7.62939453125e-05,0.21624755859375
898,84199.2,84214.4,84134.1,84178.5,4214.0,160.7720184326172,154.95687866210938,154.95680236816406,5.8151397705078125,7.62939453125e-05,5.815216064453125
899,84182.8,84243.3,84110.0,84110.1,9177.0,156.93841552734375,153.4097442626953,153.40966796875,3.5286712646484375,7.62939453125e-05,3.52874755859375
900,84110.0,84145.0,84000.9,84019.7,11135.0,160.8217315673828,152.744873046875,152.7447967529297,8.076858520507812,7.62939453125e-05,8.076934814453125
901,84028.0,84028.1,83827.1,83878.1,31049.0,169.44161987304688,156.19168090820312,156.1916046142578,13.24993896484375,7.62939453125e-05,13.250015258789062
902,83878.0,84009.6,83856.5,83953.2,4463.0,182.33865356445312,155.97097778320312,155.97088623046875,26.36767578125,9.1552734375e-05,26.367767333984375
903,83953.2,83980.8,83895.1,83918.3,6474.0,179.28602600097656,150.9512939453125,150.95120239257812,28.334732055664062,9.1552734375e-05,28.334823608398438
904,83914.2,83935.5,83852.8,83852.8,6679.0,207.59371948242188,146.07643127441406,146.0763397216797,61.51728820800781,9.1552734375e-05,61.51737976074219
905,83841.9,83860.5,83741.6,83755.0,7145.0,204.78680419921875,144.13516235351562,144.1350555419922,60.651641845703125,0.0001068115234375,60.65174865722656
906,83759.2,83974.9,83745.7,83964.7,7273.0,206.29534912109375,150.2108917236328,150.21078491210938,56.08445739746094,0.0001068115234375,56.084564208984375
907,83964.7,84032.4,83898.7,83969.7,9174.0,203.48855590820312,149.03121948242188,149.03111267089844,54.45733642578125,0.0001068115234375,54.45744323730469
908,83969.7,84129.4,83968.1,84078.1,7156.0,191.37498474121094,149.90733337402344,149.90724182128906,41.4676513671875,9.1552734375e-05,41.467742919921875
909,84073.9,84201.0,84073.0,84196.5,8198.0,191.50502014160156,148.342529296875,148.34243774414062,43.16249084472656,9.1552734375e-05,43.16258239746094
910,84201.7,84201.7,84025.3,84045.2,8063.0,213.97621154785156,150.3470916748047,150.3470001220703,63.629119873046875,9.1552734375e-05,63.62921142578125
911,84037.6,84037.8,83930.5,83979.7,5928.0,212.5136260986328,147.8011016845703,147.80101013183594,64.7125244140625,9.1552734375e-05,64.71261596679688
912,83977.9,83988.5,83936.0,83982.1,8969.0,210.0271759033203,140.99388122558594,140.99378967285156,69.03329467773438,9.1552734375e-05,69.03338623046875
913,83979.3,83979.3,83847.1,83847.1,3779.0,224.87513732910156,140.5657501220703,140.56565856933594,84.30938720703125,9.1552734375e-05,84.30947875976562
914,83847.2,83916.9,83827.6,83827.6,7451.0,218.4125213623047,136.9036865234375,136.9036102294922,81.50883483886719,7.62939453125e-05,81.5089111328125
915,83826.8,83826.8,83671.6,83685.5,10288.0,221.5186767578125,138.26771545410156,138.26763916015625,83.25096130371094,7.62939453125e-05,83.25103759765625
916,83677.2,83750.0,83586.7,83735.2,11544.0,217.18865966796875,140.05552673339844,140.05543518066406,77.13313293457031,9.1552734375e-05,77.13322448730469
917,83728.8,83728.8,83536.6,83616.9,42094.0,213.8894805908203,144.23739624023438,144.2373046875,69.65208435058594,9.1552734375e-05,69.65217590332031
918,83619.0,83698.3,83610.0,83610.6,4024.0,209.1044158935547,140.2416534423828,140.24156188964844,68.86276245117188,9.1552734375e-05,68.86285400390625
919,83608.5,83630.5,83587.0,83611.6,4610.0,214.86148071289062,133.33154296875,133.33145141601562,81.52993774414062,9.1552734375e-05,81.530029296875
920,83615.8,83753.0,83608.5,83696.0,8401.0,213.87808227539062,134.12930297851562,134.1291961669922,79.748779296875,0.0001068115234375,79.74888610839844
921,83696.0,83808.4,83672.4,83771.7,8045.0,203.8220672607422,134.26292419433594,134.26283264160156,69.55914306640625,9.1552734375e-05,69.55923461914062
922,83771.9,83797.2,83687.7,83743.3,7048.0,192.46311950683594,132.494140625,132.49404907226562,59.96897888183594,9.1552734375e-05,59.96907043457031
923,83749.0,83833.7,83689.7,83817.0,7983.0,182.9082794189453,133.3159942626953,133.31590270996094,49.59228515625,9.1552734375e-05,49.592376708984375
924,83825.4,83826.3,83705.9,83740.7,7670.0,181.73626708984375,132.393310546875,132.3932342529297,49.34295654296875,7.62939453125e-05,49.34303283691406
925,83740.1,83775.0,83627.8,83677.6,7738.0,178.35501098632812,133.45115661621094,133.45108032226562,44.90385437011719,7.62939453125e-05,44.9039306640625
926,83666.0,83684.1,83608.1,83608.1,5996.0,171.9156036376953,129.34750366210938,129.34742736816406,42.56809997558594,7.62939453125e-05,42.56817626953125
927,83608.2,83629.2,83549.2,83576.1,6533.0,162.292724609375,125.82269287109375,125.82261657714844,36.47003173828125,7.62939453125e-05,36.47010803222656
928,83583.8,83622.3,83548.1,83548.2,7330.0,155.1574249267578,122.1350326538086,122.13494873046875,33.02239227294922,8.392333984375e-05,33.02247619628906
929,83555.1,83706.1,83555.1,83672.0,10687.0,157.13894653320312,124.68955993652344,124.68948364257812,32.44938659667969,7.62939453125e-05,32.449462890625
930,83678.4,84299.9,83579.7,84099.8,48233.0,175.55035400390625,167.22569274902344,167.22561645507812,8.324661254882812,7.62939453125e-05,8.324737548828125
931,84092.4,84256.8,83848.1,83896.1,20421.0,168.6896209716797,184.47354125976562,184.47344970703125,15.783920288085938,9.1552734375e-05,15.783828735351562
932,83897.1,84299.9,83792.0,84270.3,17872.0,169.64706420898438,207.57533264160156,207.5752410888672,37.92826843261719,9.1552734375e-05,37.92817687988281
933,84261.5,84293.4,83986.8,84269.2,10392.0,169.80789184570312,214.6486358642578,214.64854431152344,44.84074401855469,9.1552734375e-05,44.84065246582031
934,84269.3,84820.2,84269.3,84762.7,44408.0,165.09283447265625,238.6737518310547,238.67364501953125,73.58091735839844,0.0001068115234375,73.580810546875
935,84762.7,84900.0,84485.0,84890.9,32741.0,160.36521911621094,251.26849365234375,251.2683868408203,90.90327453613281,0.0001068115234375,90.90316772460938
936,84890.9,85001.8,84816.5,84976.8,62131.0,152.87484741210938,246.55624389648438,246.55613708496094,93.681396484375,0.0001068115234375,93.68128967285156
937,84972.3,85140.8,84857.4,84864.4,30059.0,147.32632446289062,249.18783569335938,249.18772888183594,101.86151123046875,0.0001068115234375,101.86140441894531
938,84860.9,84992.7,84711.4,84800.2,12249.0,140.71038818359375,251.48190307617188,251.48179626464844,110.77151489257812,0.0001068115234375,110.77140808105469
939,84797.1,85040.4,84796.9,84863.8,11989.0,143.6457061767578,250.91177368164062,250.9116668701172,107.26606750488281,0.0001068115234375,107.26596069335938
940,84855.5,85041.6,84700.0,85007.8,10696.0,136.98519897460938,257.3896179199219,257.3895263671875,120.4044189453125,9.1552734375e-05,120.40432739257812
941,85007.8,85267.7,85007.8,85169.7,18893.0,131.58615112304688,257.56939697265625,257.56927490234375,125.98324584960938,0.0001220703125,125.98312377929688
942,85171.3,85279.8,84913.6,85028.8,11743.0,124.8372573852539,265.3283996582031,265.3282775878906,140.49114227294922,0.0001220703125,140.49102020263672
943,85028.8,85028.8,84774.4,84815.3,17450.0,137.74900817871094,264.5476989746094,264.5475769042969,126.79869079589844,0.0001220703125,126.79856872558594
944,84815.3,84968.6,84772.1,84907.1,9999.0,129.60232543945312,259.6871643066406,259.6870422363281,130.0848388671875,0.0001220703125,130.084716796875
945,84917.0,84984.1,84649.0,84660.5,12520.0,122.58832550048828,265.07391357421875,265.07379150390625,142.48558807373047,0.0001220703125,142.48546600341797
946,84656.3,84699.8,84407.8,84436.5,15972.0,118.44586181640625,266.9972229003906,266.9971008300781,148.55136108398438,0.0001220703125,148.55123901367188
947,84434.9,84539.6,84235.7,84261.3,11651.0,117.2856674194336,269.6330261230469,269.6329040527344,152.34735870361328,0.0001220703125,152.34723663330078
948,84265.7,84645.9,84251.6,84645.8,25414.0,117.10789489746094,278.53759765625,278.5374755859375,161.42970275878906,0.0001220703125,161.42958068847656
949,84640.6,84671.3,84374.2,84546.2,8208.0,111.78601837158203,279.863037109375,279.8629150390625,168.07701873779297,0.0001220703125,168.07689666748047
950,84534.6,84682.1,84494.5,84649.9,18914.0,113.45867919921875,273.27294921875,273.2728271484375,159.81427001953125,0.0001220703125,159.81414794921875
951,84650.6,84986.8,84570.9,84893.5,17548.0,114.40472412109375,283.46051025390625,283.4603576660156,169.0557861328125,0.000152587890625,169.05563354492188
952,84893.4,85162.0,84781.0,85125.8,20141.0,109.44725036621094,290.4276123046875,290.427490234375,180.98036193847656,0.0001220703125,180.98023986816406
953,85141.6,85217.2,85078.1,85179.5,8645.0,107.61508178710938,279.6186218261719,279.6184997558594,172.0035400390625,0.0001220703125,172.00341796875
954,85179.5,85427.9,85162.8,85400.7,20955.0,103.61412048339844,278.5816955566406,278.5815734863281,174.9675750732422,0.0001220703125,174.9674530029297
955,85403.5,85488.7,85308.4,85417.0,8141.0,99.52003479003906,271.5619201660156,271.5617980957031,172.04188537597656,0.0001220703125,172.04176330566406
956,85417.0,85417.0,85030.7,85069.6,20538.0,95.2546615600586,279.7572937011719,279.75714111328125,184.50263214111328,0.000152587890625,184.50247955322266
957,85055.6,85190.8,85055.6,85060.6,6663.0,91.07966613769531,269.43145751953125,269.4313049316406,178.35179138183594,0.000152587890625,178.3516387939453
958,85060.1,85154.7,85000.1,85122.8,11759.0,90.15266418457031,261.2293395996094,261.22918701171875,171.07667541503906,0.000152587890625,171.07652282714844
959,85122.8,85122.8,84836.1,84836.2,16029.0,85.42078399658203,263.04833984375,263.0481872558594,177.62755584716797,0.000152587890625,177.62740325927734
960,84836.2,85103.4,84806.1,84820.4,13616.0,81.755126953125,265.49468994140625,265.4945373535156,183.73956298828125,0.000152587890625,183.73941040039062
961,84812.1,84833.6,84582.3,84582.3,12104.0,83.8301010131836,264.48114013671875,264.48095703125,180.65103912353516,0.00018310546875,180.6508560180664
962,84578.1,84628.0,84460.8,84469.8,16158.0,81.69937896728516,257.53271484375,257.5325622558594,175.83333587646484,0.000152587890625,175.83318328857422
963,84470.8,84551.8,84329.4,84551.7,10543.0,82.43514251708984,255.02313232421875,255.02296447753906,172.5879898071289,0.0001678466796875,172.58782196044922
964,84556.0,84601.9,84415.7,84555.3,7480.0,97.1752700805664,250.10687255859375,250.10670471191406,152.93160247802734,0.0001678466796875,152.93143463134766
965,84539.0,84713.2,84494.4,84632.7,20191.0,92.07682037353516,247.8710174560547,247.870849609375,155.79419708251953,0.0001678466796875,155.79402923583984
966,84632.6,84788.1,84526.3,84670.7,11339.0,118.74990844726562,248.8662872314453,248.86611938476562,130.1163787841797,0.0001678466796875,130.1162109375
967,84670.0,84670.5,84503.8,84520.0,8458.0,165.8179931640625,243.0120086669922,243.0118408203125,77.19401550292969,0.0001678466796875,77.19384765625
968,84520.1,84558.2,84307.6,84440.3,13741.0,182.0525360107422,243.5541229248047,243.55397033691406,61.5015869140625,0.000152587890625,61.501434326171875
969,84440.3,84502.6,84340.4,84454.2,4812.0,200.61351013183594,237.74334716796875,237.74319458007812,37.12983703613281,0.000152587890625,37.12968444824219
970,84454.1,84461.6,84317.9,84424.8,8405.0,204.4698028564453,231.0261993408203,231.0260467529297,26.556396484375,0.000152587890625,26.556243896484375
971,84424.8,84466.4,84317.9,84428.5,5970.0,204.3648223876953,225.13148498535156,225.13133239746094,20.76666259765625,0.000152587890625,20.766510009765625
972,84428.5,84469.6,84304.4,84328.8,6193.0,199.31756591796875,220.85089111328125,220.85073852539062,21.5333251953125,0.000152587890625,21.533172607421875
973,84324.6,84341.3,84047.4,84155.2,19509.0,214.93775939941406,226.06857299804688,226.0684356689453,11.130813598632812,0.0001373291015625,11.13067626953125
974,84155.2,84252.7,84064.1,84174.1,6456.0,219.99244689941406,223.39236450195312,223.39222717285156,3.3999176025390625,0.0001373291015625,3.3997802734375
975,84174.1,84294.7,84169.0,84187.5,9896.0,211.14254760742188,216.41458129882812,216.41444396972656,5.27203369140625,0.0001373291015625,5.2718963623046875
976,84186.0,84243.8,84129.5,84130.9,5068.0,199.64688110351562,209.12046813964844,209.12033081054688,9.473587036132812,0.0001373291015625,9.47344970703125
977,84124.0,84124.0,83836.9,83943.2,13960.0,207.12913513183594,215.1833038330078,215.18316650390625,8.054168701171875,0.0001373291015625,8.054031372070312
978,83943.3,84075.7,83943.3,84063.2,18572.0,201.96255493164062,209.27737426757812,209.2772216796875,7.3148193359375,0.000152587890625,7.314666748046875
979,84067.1,84202.8,84029.6,84184.1,18730.0,206.62203979492188,206.70010375976562,206.69993591308594,0.07806396484375,0.0001678466796875,0.0778961181640625
980,84184.6,84201.2,83800.1,83860.5,9955.0,209.47772216796875,220.5859375,220.5857696533203,11.10821533203125,0.0001678466796875,11.108047485351562
981,83860.4,83911.7,83750.0,83803.1,9483.0,207.7722930908203,216.38003540039062,216.37986755371094,8.607742309570312,0.0001678466796875,8.607574462890625
982,83803.4,84003.3,83686.4,83926.7,14106.0,205.84548950195312,223.5599365234375,223.5597686767578,17.714447021484375,0.0001678466796875,17.714279174804688
983,83936.7,84116.6,83895.2,84063.1,5934.0,194.6422576904297,223.4055633544922,223.40538024902344,28.7633056640625,0.00018310546875,28.76312255859375
984,84063.0,84068.0,83884.0,84056.9,11360.0,193.06068420410156,220.59088134765625,220.59071350097656,27.530197143554688,0.0001678466796875,27.530029296875
985,84058.9,84344.3,84000.1,84130.2,22610.0,194.19920349121094,229.41976928710938,229.41961669921875,35.22056579589844,0.000152587890625,35.22041320800781
986,84143.8,84143.8,83805.5,83890.7,6890.0,187.81332397460938,237.19671630859375,237.19656372070312,49.383392333984375,0.000152587890625,49.38323974609375
987,83898.4,83898.4,83725.7,83767.8,7933.0,180.93380737304688,232.58949279785156,232.58932495117188,51.65568542480469,0.0001678466796875,51.655517578125
988,83769.1,83833.8,83644.4,83698.6,9021.0,186.60984802246094,229.50442504882812,229.5042724609375,42.89457702636719,0.000152587890625,42.89442443847656
989,83698.6,83698.6,83592.7,83631.9,7309.0,185.94464111328125,220.67544555664062,220.67527770996094,34.730804443359375,0.0001678466796875,34.73063659667969
990,83628.6,83711.6,83506.1,83646.8,14344.0,190.94859313964844,219.59149169921875,219.59132385253906,28.642898559570312,0.0001678466796875,28.642730712890625
991,83640.5,83826.1,83518.1,83826.1,13397.0,183.95896911621094,225.90640258789062,225.90623474121094,41.94743347167969,0.0001678466796875,41.947265625
992,83826.2,83863.0,83730.3,83806.9,14159.0,185.73367309570312,219.24903869628906,219.24887084960938,33.51536560058594,0.0001678466796875,33.51519775390625
993,83793.4,83807.0,83529.3,83542.8,39490.0,188.91677856445312,223.42434692382812,223.42417907714844,34.507568359375,0.0001678466796875,34.50740051269531
994,83541.2,83617.5,83335.1,83363.5,30566.0,198.51536560058594,227.6367950439453,227.63662719726562,29.121429443359375,0.0001678466796875,29.121261596679688
995,83364.5,83410.2,83294.4,83322.6,14210.0,201.4355926513672,219.6488037109375,219.64862060546875,18.213211059570312,0.00018310546875,18.213027954101562
996,83329.0,83414.6,83195.0,83211.9,12244.0,209.11875915527344,219.64544677734375,219.645263671875,10.526687622070312,0.00018310546875,10.526504516601562
997,83211.9,83284.2,83062.6,83228.9,68510.0,207.75314331054688,219.78518676757812,219.78500366210938,12.03204345703125,0.00018310546875,12.0318603515625
998,83244.1,83284.0,83121.4,83169.0,11905.0,218.82826232910156,215.70065307617188,215.70046997070312,3.1276092529296875,0.00018310546875,3.1277923583984375
999,83175.6,83183.9,82916.8,82937.8,19501.0,217.0258026123047,219.3721466064453,219.37197875976562,2.346343994140625,0.0001678466796875,2.3461761474609375
1000,82925.6,82963.6,82843.7,82875.6,29655.0,223.90957641601562,212.2668914794922,212.2667236328125,11.642684936523438,0.0001678466796875,11.642852783203125
1001,82876.6,83021.4,82870.1,82967.0,8328.0,229.25868225097656,207.91189575195312,207.91172790527344,21.346786499023438,0.0001678466796875,21.346954345703125
1002,82972.2,83028.8,82784.3,82884.9,14024.0,243.1470184326172,210.5253448486328,210.52517700195312,32.621673583984375,0.0001678466796875,32.62184143066406
1003,82870.4,83052.6,82846.0,83030.4,9470.0,234.45069885253906,210.24508666992188,210.2449188232422,24.205612182617188,0.0001678466796875,24.205780029296875
1004,83030.4,83299.0,83030.4,83225.5,16092.0,234.91851806640625,214.4134063720703,214.4132537841797,20.505111694335938,0.000152587890625,20.505264282226562
1005,83225.5,83375.9,83118.9,83354.1,17205.0,226.60292053222656,217.45530700683594,217.45516967773438,9.147613525390625,0.0001373291015625,9.147750854492188
1006,83346.1,83366.1,83235.0,83327.7,13563.0,223.58106994628906,211.2871856689453,211.28704833984375,12.29388427734375,0.0001373291015625,12.294021606445312
1007,83327.7,83387.0,83234.4,83319.0,10598.0,214.26112365722656,207.09536743164062,207.09523010253906,7.1657562255859375,0.0001373291015625,7.1658935546875
1008,83328.2,83367.4,83068.8,83169.0,9307.0,210.62808227539062,213.63153076171875,213.6313934326172,3.003448486328125,0.0001373291015625,3.0033111572265625
1009,83191.0,83333.0,83145.0,83262.0,5816.0,206.20431518554688,211.80072021484375,211.8005828857422,5.596405029296875,0.0001373291015625,5.5962677001953125
1010,83261.8,83261.8,83098.2,83204.9,7128.0,216.0970916748047,208.37188720703125,208.3717498779297,7.7252044677734375,0.0001373291015625,7.725341796875
1011,83205.8,83210.9,82950.1,83020.0,10240.0,202.9261016845703,212.1165313720703,212.11639404296875,9.1904296875,0.0001373291015625,9.190292358398438
1012,83010.3,83025.3,82811.0,82841.7,16781.0,198.88841247558594,212.27227783203125,212.2721405029297,13.383865356445312,0.0001373291015625,13.38372802734375
1013,82845.8,82866.4,82718.4,82830.3,12697.0,196.96055603027344,207.68141174316406,207.6812744140625,10.720855712890625,0.0001373291015625,10.720718383789062
1014,82857.7,83147.1,82857.7,83096.5,12846.0,190.12075805664062,215.47593688964844,215.47581481933594,25.355178833007812,0.0001220703125,25.355056762695312
1015,83085.2,83168.2,82984.1,83070.7,10440.0,196.42686462402344,213.23492431640625,213.2347869873047,16.808059692382812,0.0001373291015625,16.80792236328125
1016,83080.9,83200.2,82974.4,83158.8,10932.0,196.8896942138672,214.1327667236328,214.1326446533203,17.243072509765625,0.0001220703125,17.242950439453125
1017,83158.9,83160.0,82927.1,82927.1,5971.0,196.85459899902344,215.4731903076172,215.47305297851562,18.61859130859375,0.0001373291015625,18.618453979492188
1018,82922.4,82988.2,82783.7,82963.5,13592.0,189.66465759277344,214.68939208984375,214.68927001953125,25.024734497070312,0.0001220703125,25.024612426757812
1019,82965.8,82977.4,82875.1,82922.3,7153.0,181.8169708251953,206.66136169433594,206.66123962402344,24.844390869140625,0.0001220703125,24.844268798828125
1020,82922.3,83030.4,82889.2,82941.3,11976.0,171.05828857421875,201.98521423339844,201.98509216308594,30.926925659179688,0.0001220703125,30.926803588867188
1021,82950.1,83099.9,82902.3,83002.0,9003.0,178.26116943359375,201.67210388183594,201.6719970703125,23.410934448242188,0.0001068115234375,23.41082763671875
1022,82996.5,83020.0,82769.9,82843.9,19729.0,174.4852752685547,205.13136291503906,205.13124084472656,30.646087646484375,0.0001220703125,30.645965576171875
1023,82843.8,82883.9,82707.7,82783.4,17817.0,180.62249755859375,203.06451416015625,203.06439208984375,22.4420166015625,0.0001220703125,22.44189453125
1024,82762.5,82762.5,82445.9,82450.1,38999.0,203.83529663085938,212.66705322265625,212.66693115234375,8.831756591796875,0.0001220703125,8.831634521484375
1025,82457.3,82604.0,82310.6,82464.0,20183.0,198.48992919921875,218.43357849121094,218.4334716796875,19.943649291992188,0.0001068115234375,19.94354248046875
1026,82463.2,82533.3,82345.6,82498.0,12211.0,254.72671508789062,216.2379913330078,216.23788452148438,38.48872375488281,0.0001068115234375,38.48883056640625
1027,82490.7,82738.0,82431.8,82664.8,11469.0,301.1178894042969,222.66409301757812,222.66397094726562,78.45379638671875,0.0001220703125,78.45391845703125
1028,82683.2,83082.3,82666.0,82839.8,14730.0,288.7383728027344,236.58096313476562,236.58084106445312,52.15740966796875,0.0001220703125,52.15753173828125
1029,82843.1,82933.7,82700.1,82887.1,6414.0,296.41387939453125,236.3681640625,236.36802673339844,60.04571533203125,0.0001373291015625,60.04585266113281
1030,82888.2,82990.1,82829.2,82875.8,8653.0,305.09136962890625,230.97747802734375,230.9773406982422,74.1138916015625,0.0001373291015625,74.11402893066406
1031,82888.0,82961.2,82739.9,82799.9,10151.0,310.9135437011719,230.2865753173828,230.28643798828125,80.62696838378906,0.0001373291015625,80.62710571289062
1032,82820.8,82825.6,82633.4,82714.6,15778.0,298.5335693359375,227.56634521484375,227.5662078857422,70.96722412109375,0.0001373291015625,70.96736145019531
1033,82715.6,82988.3,82715.6,82955.1,9882.0,296.79571533203125,230.8612823486328,230.86114501953125,65.93443298339844,0.0001373291015625,65.9345703125
1034,82963.1,82967.7,82783.6,82919.9,7372.0,277.56756591796875,227.5213165283203,227.5211639404297,50.04624938964844,0.000152587890625,50.04640197753906
1035,82913.9,82927.3,82831.9,82909.1,4950.0,291.433837890625,218.08396911621094,218.08383178710938,73.34986877441406,0.0001373291015625,73.35000610351562
1036,82910.5,82960.7,82740.6,82909.9,8216.0,288.095947265625,218.22808837890625,218.2279510498047,69.86785888671875,0.0001373291015625,69.86799621582031
1037,82921.7,83124.8,82802.1,82885.1,10440.0,282.0823974609375,225.69003295898438,225.68991088867188,56.392364501953125,0.0001220703125,56.392486572265625
1038,82885.2,82910.2,82579.6,82602.9,8948.0,273.3265380859375,233.18373107910156,233.18359375,40.14280700683594,0.0001373291015625,40.1429443359375
1039,82597.0,82746.2,82551.9,82745.7,6251.0,288.05322265625,230.4066619873047,230.4065399169922,57.64656066894531,0.0001220703125,57.64668273925781
1040,82746.0,82972.1,82713.0,82924.8,8474.0,278.6493225097656,232.45631408691406,232.4561767578125,46.19300842285156,0.0001373291015625,46.193145751953125
1041,82931.2,83200.3,82842.8,83181.5,11690.0,262.6676940917969,241.3880157470703,241.38787841796875,21.279678344726562,0.0001373291015625,21.279815673828125
1042,83169.5,83271.3,82972.3,82976.7,31206.0,255.091552734375,245.503173828125,245.50303649902344,9.58837890625,0.0001373291015625,9.588516235351562
1043,82981.4,83032.6,82853.1,82971.3,13061.0,242.60678100585938,240.78866577148438,240.7885284423828,1.818115234375,0.0001373291015625,1.8182525634765625
1044,82965.3,83145.1,82965.3,83098.3,9214.0,246.73477172851562,236.43267822265625,236.4325408935547,10.302093505859375,0.0001373291015625,10.302230834960938
1045,83087.7,83197.7,82994.5,83182.7,6665.0,232.78274536132812,234.05914306640625,234.0590057373047,1.276397705078125,0.0001373291015625,1.2762603759765625
1046,83178.7,83229.1,83127.5,83133.0,7498.0,223.1838836669922,224.597900390625,224.59776306152344,1.4140167236328125,0.0001373291015625,1.41387939453125
1047,83128.0,83223.0,83102.7,83174.7,5256.0,223.6852569580078,217.14784240722656,217.147705078125,6.53741455078125,0.0001373291015625,6.5375518798828125
1048,83174.6,83307.3,83072.9,83184.5,35632.0,219.2150115966797,218.38003540039062,218.37989807128906,0.8349761962890625,0.0001373291015625,0.835113525390625
1049,83184.6,83284.5,83088.8,83284.5,6360.0,220.7638397216797,216.76026916503906,216.7601318359375,4.003570556640625,0.0001373291015625,4.0037078857421875
1050,83272.9,83346.8,83179.9,83179.9,13760.0,256.5731201171875,213.19871520996094,213.19857788085938,43.37440490722656,0.0001373291015625,43.374542236328125
1051,83179.7,83184.8,83045.7,83052.5,4461.0,288.7889099121094,207.90550231933594,207.90538024902344,80.88340759277344,0.0001220703125,80.88352966308594
1052,83052.4,83146.3,82935.9,83116.1,10939.0,294.55401611328125,208.0835723876953,208.0834503173828,86.47044372558594,0.0001220703125,86.47056579589844
1053,83100.4,83247.2,83088.1,83180.9,7460.0,313.08587646484375,204.58486938476562,204.58474731445312,108.50100708007812,0.0001220703125,108.50112915039062
1054,83176.7,83247.2,83113.7,83113.7,4538.0,325.00830078125,199.50738525390625,199.50726318359375,125.50091552734375,0.0001220703125,125.50103759765625
1055,83112.5,83218.2,83097.6,83143.2,4559.0,310.28619384765625,193.8712615966797,193.8711395263672,116.41493225097656,0.0001220703125,116.41505432128906
1056,83147.8,83445.2,83122.1,83399.3,9186.0,334.7657775878906,203.1020050048828,203.1018829345703,131.6637725830078,0.0001220703125,131.6638946533203
1057,83393.7,83643.2,83384.8,83617.9,18477.0,321.61846923828125,207.0523223876953,207.0522003173828,114.56614685058594,0.0001220703125,114.56626892089844
1058,83616.3,83796.2,83572.4,83765.2,20164.0,306.6100158691406,208.24893188476562,208.24880981445312,98.361083984375,0.0001220703125,98.3612060546875
1059,83761.1,83769.4,83530.7,83549.3,9553.0,299.8521728515625,210.42367553710938,210.42355346679688,89.42849731445312,0.0001220703125,89.42861938476562
1060,83552.4,83699.9,83552.4,83664.0,8323.0,297.0128479003906,206.1506805419922,206.1505584716797,90.86216735839844,0.0001220703125,90.86228942871094
1061,83663.9,83696.4,83552.1,83583.8,8161.0,296.8908386230469,201.73255920410156,201.73243713378906,95.15827941894531,0.0001220703125,95.15840148925781
1062,83581.5,83617.6,83483.5,83502.9,9247.0,284.79150390625,196.9017791748047,196.9016571044922,87.88972473144531,0.0001220703125,87.88984680175781
1063,83498.6,83528.3,83410.5,83410.5,6310.0,288.0848693847656,191.25143432617188,191.25131225585938,96.83343505859375,0.0001220703125,96.83355712890625
1064,83419.0,83419.1,83243.2,83355.1,44546.0,287.80035400390625,190.15480041503906,190.15467834472656,97.64555358886719,0.0001220703125,97.64567565917969
1065,83365.5,83365.5,83137.7,83245.0,10509.0,288.479248046875,192.84353637695312,192.84341430664062,95.63571166992188,0.0001220703125,95.63583374023438
1066,83244.9,83472.3,83217.3,83376.4,11346.0,291.251953125,197.28329467773438,197.28317260742188,93.96865844726562,0.0001220703125,93.96878051757812
1067,83379.7,83599.9,83379.7,83593.4,5674.0,293.91253662109375,199.1559295654297,199.15579223632812,94.75660705566406,0.0001373291015625,94.75674438476562
1068,83593.4,83810.5,83593.4,83773.3,12094.0,284.2117614746094,200.43777465820312,200.43763732910156,83.77398681640625,0.0001373291015625,83.77412414550781
1069,83778.5,83884.0,83778.5,83853.8,8720.0,284.2965393066406,194.02816772460938,194.0280303955078,90.26837158203125,0.0001373291015625,90.26850891113281
1070,83856.0,83932.0,83741.5,83919.5,6771.0,272.93218994140625,193.7761688232422,193.77603149414062,79.15602111816406,0.0001373291015625,79.15615844726562
1071,83916.6,84107.5,83916.6,84096.0,22793.0,258.4370422363281,193.57061767578125,193.5704803466797,64.86642456054688,0.0001373291015625,64.86656188964844
1072,84094.0,84469.1,84059.2,84469.1,44748.0,281.30596923828125,209.02261352539062,209.02247619628906,72.28335571289062,0.0001373291015625,72.28349304199219
1073,84469.1,84537.4,84331.0,84471.8,17837.0,275.74169921875,208.83517456054688,208.83505249023438,66.90652465820312,0.0001220703125,66.90664672851562
1074,84468.2,84514.9,84353.3,84407.5,7191.0,265.4744567871094,205.4613494873047,205.4612274169922,60.01310729980469,0.0001220703125,60.01322937011719
1075,84405.0,84594.4,84400.8,84531.8,17853.0,277.7262878417969,204.61422729492188,204.61410522460938,73.112060546875,0.0001220703125,73.1121826171875
1076,84531.8,84779.9,84531.8,84728.3,10834.0,276.624755859375,207.72047424316406,207.72035217285156,68.90428161621094,0.0001220703125,68.90440368652344
1077,84726.2,84730.2,84553.1,84639.2,8104.0,269.9300231933594,205.53341674804688,205.53329467773438,64.3966064453125,0.0001220703125,64.396728515625
1078,84645.4,84843.4,84645.4,84788.6,6836.0,300.34967041015625,205.43783569335938,205.43772888183594,94.91183471679688,0.0001068115234375,94.91194152832031
1079,84802.4,84937.8,84788.9,84921.0,9863.0,297.21759033203125,201.42051696777344,201.42041015625,95.79707336425781,0.0001068115234375,95.79718017578125
1080,84921.0,84963.5,84713.3,84825.4,29305.0,286.35943603515625,204.90499877929688,204.90489196777344,81.45443725585938,0.0001068115234375,81.45454406738281
1081,84825.4,84832.5,84578.6,84643.4,31444.0,300.24114990234375,208.40452575683594,208.40443420410156,91.83662414550781,9.1552734375e-05,91.83671569824219
1082,84648.7,84856.0,84635.0,84707.8,12198.0,289.5526123046875,209.30421447753906,209.3041229248047,80.24839782714844,9.1552734375e-05,80.24848937988281
1083,84713.1,84934.3,84713.1,84924.9,22912.0,269.74139404296875,210.53250122070312,210.5323944091797,59.208892822265625,0.0001068115234375,59.20899963378906
1084,84924.9,85000.0,84870.7,84992.2,7445.0,272.33856201171875,204.72996520996094,204.7298583984375,67.60859680175781,0.0001068115234375,67.60870361328125
1085,84988.3,85033.8,84865.2,84981.3,7177.0,266.1497802734375,202.14881896972656,202.14871215820312,64.00096130371094,0.0001068115234375,64.00106811523438
1086,84981.5,85175.3,84981.5,85131.6,10751.0,265.8104248046875,201.56675720214844,201.566650390625,64.24366760253906,0.0001068115234375,64.2437744140625
1087,85132.1,85495.4,85088.0,85405.6,32002.0,261.8814697265625,216.26902770996094,216.2689208984375,45.61244201660156,0.0001068115234375,45.612548828125
1088,85414.1,85414.1,85208.4,85305.7,15830.0,250.81851196289062,215.5143280029297,215.51422119140625,35.30418395996094,0.0001068115234375,35.304290771484375
1089,85305.7,85471.1,85301.4,85384.0,5496.0,234.6746826171875,212.2421112060547,212.24200439453125,22.432571411132812,0.0001068115234375,22.43267822265625
1090,85383.9,85383.9,85109.7,85229.7,15122.0,236.55508422851562,216.6746063232422,216.67449951171875,19.880477905273438,0.0001068115234375,19.880584716796875
1091,85228.3,85329.5,85143.0,85234.0,10143.0,223.600830078125,214.51927185058594,214.51918029785156,9.081558227539062,9.1552734375e-05,9.081649780273438
1092,85242.4,85311.9,85073.9,85155.1,14359.0,228.24374389648438,216.19647216796875,216.19638061523438,12.047271728515625,9.1552734375e-05,12.04736328125
1093,85166.3,85242.2,85024.3,85132.6,10146.0,242.3407440185547,216.31861877441406,216.31851196289062,26.022125244140625,0.0001068115234375,26.022232055664062
1094,85162.9,85233.7,85104.3,85130.0,9191.0,235.3950958251953,210.11061096191406,210.11048889160156,25.28448486328125,0.0001220703125,25.28460693359375
1095,85131.1,85316.6,85120.1,85194.0,7822.0,237.6883087158203,209.13844299316406,209.1383056640625,28.54986572265625,0.0001373291015625,28.550003051757812
1096,85201.8,85285.2,85079.0,85131.4,8329.0,227.56771850585938,208.9287872314453,208.92864990234375,18.638931274414062,0.0001373291015625,18.639068603515625
1097,85160.4,85295.5,84984.1,85144.8,17961.0,236.68399047851562,216.24806213378906,216.2479248046875,20.435928344726562,0.0001373291015625,20.436065673828125
1098,85144.8,85407.8,85127.1,85361.0,17528.0,244.09942626953125,220.85145568847656,220.851318359375,23.247970581054688,0.0001373291015625,23.24810791015625
1099,85361.0,85448.1,85123.2,85123.2,8249.0,249.11354064941406,228.28338623046875,228.2832489013672,20.830154418945312,0.0001373291015625,20.830291748046875
1100,85123.2,85130.6,84951.8,85037.8,10494.0,244.70533752441406,224.74920654296875,224.7490692138672,19.956130981445312,0.0001373291015625,19.956268310546875
1101,85042.0,85250.6,85016.8,85054.9,12391.0,234.1265106201172,225.3960418701172,225.39588928222656,8.73046875,0.000152587890625,8.730621337890625
1102,85063.5,85277.3,85063.5,85188.7,10834.0,233.10296630859375,225.1819305419922,225.18179321289062,7.9210357666015625,0.0001373291015625,7.921173095703125
1103,85187.8,85337.9,85118.3,85337.9,10198.0,230.71728515625,224.78334045410156,224.783203125,5.9339447021484375,0.0001373291015625,5.93408203125
1104,85346.5,85444.5,85329.2,85392.6,13602.0,228.0449676513672,216.96287536621094,216.96275329589844,11.08209228515625,0.0001220703125,11.08221435546875
1105,85393.9,85561.9,85319.7,85418.8,11914.0,219.31295776367188,218.76519775390625,218.76507568359375,0.547760009765625,0.0001220703125,0.547882080078125
1106,85417.8,85429.4,85300.1,85300.4,8748.0,211.67677307128906,212.37460327148438,212.37449645996094,0.6978302001953125,0.0001068115234375,0.697723388671875
1107,85300.0,85300.0,85090.5,85152.2,6980.0,210.12844848632812,212.19773864746094,212.1976318359375,2.0692901611328125,0.0001068115234375,2.069183349609375
1108,85153.2,85165.3,85047.3,85085.0,10597.0,224.11929321289062,205.46932983398438,205.46922302246094,18.64996337890625,0.0001068115234375,18.650070190429688
1109,85085.0,85226.7,85085.0,85199.7,8634.0,213.23968505859375,200.91461181640625,200.9145050048828,12.3250732421875,0.0001068115234375,12.325180053710938
1110,85195.7,85336.2,85195.7,85319.5,6052.0,209.60818481445312,196.5992889404297,196.59918212890625,13.008895874023438,0.0001068115234375,13.009002685546875
1111,85325.4,85429.3,85285.5,85289.7,7594.0,205.92190551757812,192.82769775390625,192.8275909423828,13.094207763671875,0.0001068115234375,13.094314575195312
1112,85285.6,85346.4,85205.0,85346.4,5640.0,205.34881591796875,189.15419006347656,189.15408325195312,16.194625854492188,0.0001068115234375,16.194732666015625
1113,85342.2,85423.8,85333.7,85423.7,8240.0,202.86688232421875,182.0784454345703,182.07833862304688,20.788436889648438,0.0001068115234375,20.788543701171875
1114,85410.8,85471.1,85387.4,85430.1,7198.0,199.1118927001953,175.05165100097656,175.05154418945312,24.06024169921875,0.0001068115234375,24.060348510742188
1115,85426.0,85471.1,85315.3,85394.0,5488.0,194.43984985351562,173.67686462402344,173.67677307128906,20.762985229492188,9.1552734375e-05,20.763076782226562
1116,85397.6,85463.6,85352.0,85463.6,7635.0,189.69415283203125,169.242919921875,169.24282836914062,20.45123291015625,9.1552734375e-05,20.451324462890625
1117,85471.1,85471.1,85238.8,85252.8,8913.0,205.5234832763672,173.74734497070312,173.7472381591797,31.776138305664062,0.0001068115234375,31.7762451171875
1118,85247.5,85285.1,85058.4,85130.4,12347.0,212.38619995117188,177.52992248535156,177.52980041503906,34.85627746582031,0.0001220703125,34.85639953613281
1119,85139.0,85276.5,85129.6,85169.9,15130.0,210.52267456054688,175.3419647216797,175.3418426513672,35.18070983886719,0.0001220703125,35.18083190917969
1120,85181.6,85200.2,85075.3,85088.0,8698.0,197.64271545410156,171.7394256591797,171.7393035888672,25.903289794921875,0.0001220703125,25.903411865234375
1121,85088.0,85200.0,84990.6,85200.0,18433.0,198.68218994140625,174.4293670654297,174.4292449951172,24.252822875976562,0.0001220703125,24.252944946289062
1122,85200.0,85268.6,85181.8,85237.4,5815.0,196.99786376953125,168.17047119140625,168.17034912109375,28.827392578125,0.0001220703125,28.8275146484375
1123,85240.1,85268.1,85166.9,85205.4,5931.0,197.02647399902344,163.3870849609375,163.38697814941406,33.63938903808594,0.0001068115234375,33.639495849609375
1124,85198.0,85198.4,85125.6,85172.6,3847.0,190.1602020263672,157.41636657714844,157.416259765625,32.74383544921875,0.0001068115234375,32.74394226074219
1125,85173.4,85384.5,85173.4,85335.4,18953.0,197.20567321777344,161.30795288085938,161.30783081054688,35.89772033691406,0.0001220703125,35.89784240722656
1126,85343.1,85349.8,85102.7,85181.6,8900.0,194.6692352294922,167.43551635742188,167.43540954589844,27.233718872070312,0.0001068115234375,27.23382568359375
1127,85186.6,85246.2,85127.0,85230.2,5599.0,198.72857666015625,163.99034118652344,163.990234375,34.73823547363281,0.0001068115234375,34.73834228515625
1128,85224.5,85288.6,85170.3,85281.0,4742.0,192.4979705810547,160.7270965576172,160.72698974609375,31.7708740234375,0.0001068115234375,31.770980834960938
1129,85281.0,85355.8,85279.4,85318.8,9746.0,185.64097595214844,154.70361328125,154.70352172851562,30.937362670898438,9.1552734375e-05,30.937454223632812
1130,85318.7,85318.7,85180.9,85189.8,5384.0,174.75926208496094,153.5032501220703,153.50315856933594,21.256011962890625,9.1552734375e-05,21.256103515625
1131,85183.3,85269.7,85161.6,85223.7,6086.0,173.55548095703125,150.26028442382812,150.2601776123047,23.295196533203125,0.0001068115234375,23.295303344726562
1132,85222.7,85222.7,85020.0,85020.0,7734.0,187.80152893066406,154.07763671875,154.07754516601562,33.72389221191406,9.1552734375e-05,33.72398376464844
1133,85006.4,85052.3,84906.1,84906.1,7145.0,179.5796661376953,153.51461791992188,153.5145263671875,26.065048217773438,9.1552734375e-05,26.065139770507812
1134,84905.8,84951.2,84779.9,84868.0,12524.0,174.68112182617188,154.78533935546875,154.78524780273438,19.895782470703125,9.1552734375e-05,19.8958740234375
1135,84860.9,85071.5,84860.9,84990.3,8568.0,178.18939208984375,158.772216796875,158.77212524414062,19.41717529296875,9.1552734375e-05,19.417266845703125
1136,84988.0,84988.0,84879.2,84910.6,8412.0,176.74729919433594,155.3666229248047,155.3665313720703,21.38067626953125,9.1552734375e-05,21.380767822265625
1137,84910.7,84992.1,84867.1,84961.3,5568.0,178.1939239501953,153.1975860595703,153.19749450683594,24.996337890625,9.1552734375e-05,24.996429443359375
1138,84957.2,85017.6,84882.3,84901.1,4003.0,170.90887451171875,151.91952514648438,151.91943359375,18.989349365234375,9.1552734375e-05,18.98944091796875
1139,84897.8,84949.5,84831.7,84855.1,9828.0,169.28704833984375,149.48220825195312,149.4821014404297,19.804840087890625,0.0001068115234375,19.804946899414062
1140,84871.0,84949.6,84782.5,84790.1,4940.0,170.63821411132812,150.74075317382812,150.7406463623047,19.8974609375,0.0001068115234375,19.897567749023438
1141,84788.3,84808.4,84700.0,84751.4,8883.0,164.0,147.71630859375,147.71620178222656,16.28369140625,0.0001068115234375,16.283798217773438
1142,84754.7,84754.7,84570.5,84612.5,12330.0,164.00726318359375,150.322509765625,150.32240295410156,13.68475341796875,0.0001068115234375,13.684860229492188
1143,84604.1,84637.0,84327.4,84423.9,40936.0,155.74949645996094,161.6995849609375,161.69949340820312,5.9500885009765625,9.1552734375e-05,5.9499969482421875
1144,84420.7,84420.7,84208.6,84229.8,10888.0,152.33157348632812,165.52798461914062,165.5278778076172,13.1964111328125,0.0001068115234375,13.196304321289062
1145,84229.8,84290.6,84004.7,84024.3,17100.0,153.92955017089844,174.12588500976562,174.1257781982422,20.196334838867188,0.0001068115234375,20.19622802734375
1146,84012.6,84258.9,83913.9,84150.8,11053.0,167.8419647216797,186.33119201660156,186.33106994628906,18.489227294921875,0.0001220703125,18.489105224609375
1147,84150.8,84159.2,83900.0,83998.3,31858.0,164.90292358398438,191.5363311767578,191.53622436523438,26.633407592773438,0.0001068115234375,26.63330078125
1148,83998.4,84009.6,83758.2,83909.4,21347.0,162.13140869140625,195.8122100830078,195.8120880126953,33.68080139160156,0.0001220703125,33.68067932128906
1149,83909.5,84162.2,83873.9,84122.5,18923.0,164.65774536132812,202.41883850097656,202.418701171875,37.76109313964844,0.0001373291015625,37.760955810546875
1150,84122.4,84122.4,83911.3,83937.3,10531.0,165.69671630859375,203.04629516601562,203.04615783691406,37.349578857421875,0.0001373291015625,37.34944152832031
1151,83951.5,84061.3,83783.2,83928.5,11695.0,159.0253143310547,208.40682983398438,208.40670776367188,49.38151550292969,0.0001220703125,49.38139343261719
1152,83934.7,83934.7,83774.4,83783.4,7850.0,5828.23779296875,204.97097778320312,204.97085571289062,5623.266815185547,0.0001220703125,5623.266937255859
1153,83792.7,83857.4,83586.1,83627.4,36647.0,6296.79248046875,209.70855712890625,209.7084197998047,6087.083923339844,0.0001373291015625,6087.084060668945
1154,83623.2,83674.0,83547.0,83663.7,8006.0,7351.09375,203.80081176757812,203.80067443847656,7147.292938232422,0.0001373291015625,7147.293075561523
1155,83660.6,83695.7,83545.4,83676.7,7245.0,7038.51611328125,199.97967529296875,199.9795379638672,6838.536437988281,0.0001373291015625,6838.536575317383
1156,83682.7,83777.7,83607.0,83716.5,13175.0,7150.908203125,197.8885040283203,197.88836669921875,6953.01969909668,0.0001373291015625,6953.019836425781
1157,83715.4,83715.4,83408.4,83449.0,20753.0,6836.9150390625,205.76087951660156,205.76072692871094,6631.154159545898,0.000152587890625,6631.154312133789
1158,83446.0,83498.2,83387.0,83480.7,13874.0,6510.20751953125,199.0067596435547,199.00662231445312,6311.200759887695,0.0001373291015625,6311.200897216797
1159,83493.3,83525.2,83452.6,83455.1,6233.0,8013.12158203125,189.9778289794922,189.97769165039062,7823.143753051758,0.0001373291015625,7823.143890380859
1160,83471.8,83471.8,83291.7,83334.0,12585.0,7888.8271484375,189.27182006835938,189.27169799804688,7699.555328369141,0.0001220703125,7699.555450439453
1161,83342.4,83617.9,83325.6,83576.7,11625.0,7390.5537109375,196.63076782226562,196.63063049316406,7193.922943115234,0.0001373291015625,7193.923080444336
1162,83584.9,83594.5,83415.2,83489.9,7671.0,7283.87158203125,195.39263916015625,195.3925018310547,7088.478942871094,0.0001373291015625,7088.479080200195
1163,83460.4,83604.4,83436.0,83525.7,6586.0,7021.73828125,193.46449279785156,193.46435546875,6828.273788452148,0.0001373291015625,6828.27392578125
1164,83525.8,83653.4,83477.7,83620.6,9151.0,7507.32861328125,192.1952667236328,192.1951446533203,7315.133346557617,0.0001220703125,7315.13346862793
1165,83629.0,83964.9,83580.7,83882.4,25524.0,7140.66259765625,205.90957641601562,205.90943908691406,6934.753021240234,0.0001373291015625,6934.753158569336
1166,83890.1,83915.8,83752.2,83793.9,9105.0,6990.330078125,202.88702392578125,202.8868865966797,6787.443054199219,0.0001373291015625,6787.44319152832
1167,83798.6,83938.7,83798.5,83880.9,12169.0,6622.2353515625,198.73829650878906,198.7381591796875,6423.497055053711,0.0001373291015625,6423.4971923828125
1168,83881.0,84189.7,83881.0,84072.7,17582.0,6369.076171875,206.60018920898438,206.6000518798828,6162.475982666016,0.0001373291015625,6162.476119995117
1169,84072.6,84110.0,83977.5,84070.0,8548.0,6537.0712890625,201.3073272705078,201.30718994140625,6335.763961791992,0.0001373291015625,6335.764099121094
1170,84066.4,84172.1,83973.2,84144.1,11358.0,6396.78076171875,201.13528442382812,201.13514709472656,6195.645477294922,0.0001373291015625,6195.645614624023
1171,84139.7,84290.6,84139.7,84254.7,9421.0,6158.72509765625,197.5469512939453,197.5467987060547,5961.178146362305,0.000152587890625,5961.178298950195
1172,84258.5,84413.2,84225.4,84413.2,12062.0,6054.673828125,196.85108947753906,196.85093688964844,5857.822738647461,0.000152587890625,5857.822891235352
1173,84413.2,84433.4,84171.6,84195.6,15662.0,5730.41162109375,201.49008178710938,201.48992919921875,5528.921539306641,0.000152587890625,5528.921691894531
1174,84200.2,84304.5,84200.2,84296.3,3366.0,5498.81103515625,194.87640380859375,194.87625122070312,5303.934631347656,0.000152587890625,5303.934783935547
1175,84296.4,84338.8,84269.6,84338.8,8487.0,5186.8251953125,185.89920043945312,185.8990478515625,5000.925994873047,0.000152587890625,5000.9261474609375
1176,84347.4,84581.3,84347.4,84485.4,12701.0,4913.2666015625,189.94212341308594,189.9419708251953,4723.324478149414,0.000152587890625,4723.324630737305
1177,84487.4,84546.4,84484.0,84509.9,5394.0,5047.03369140625,180.8318634033203,180.83172607421875,4866.20182800293,0.0001373291015625,4866.201965332031
1178,84509.9,84590.6,84498.0,84536.8,6268.0,5067.03125,174.5297088623047,174.52957153320312,4892.501541137695,0.0001373291015625,4892.501678466797
1179,84533.6,84566.9,84485.3,84517.0,5349.0,5652.529296875,167.89199829101562,167.891845703125,5484.637298583984,0.000152587890625,5484.637451171875
1180,84524.8,84553.9,84337.7,84382.3,14614.0,5396.49169921875,171.3422393798828,171.34210205078125,5225.149459838867,0.0001373291015625,5225.149597167969
1181,84392.1,84400.7,84168.8,84349.4,33939.0,5766.45654296875,175.6682586669922,175.66810607910156,5590.788284301758,0.000152587890625,5590.788436889648
1182,84365.0,84388.0,84278.7,84349.9,6606.0,5512.138671875,170.9274444580078,170.92730712890625,5341.211227416992,0.0001373291015625,5341.211364746094
1183,84345.6,84472.3,84345.6,84462.4,5434.0,5213.34326171875,167.7680206298828,167.76788330078125,5045.575241088867,0.0001373291015625,5045.575378417969
1184,84465.5,84531.8,84428.4,84529.1,16535.0,5206.67578125,163.1702117919922,163.17005920410156,5043.505569458008,0.000152587890625,5043.505722045898
1185,84532.3,84587.4,84397.0,84448.4,7372.0,5825.69873046875,165.11508178710938,165.1149444580078,5660.583648681641,0.0001373291015625,5660.583786010742
1186,84452.6,84506.9,84426.9,84432.8,6998.0,5673.07763671875,159.0354461669922,159.03530883789062,5514.042190551758,0.0001373291015625,5514.042327880859
1187,84436.5,84559.0,84403.6,84559.0,5150.0,5563.572265625,158.77566528320312,158.77552795410156,5404.796600341797,0.0001373291015625,5404.796737670898
1188,84559.0,85041.7,84547.6,84927.3,23950.0,5546.8173828125,182.72752380371094,182.72738647460938,5364.089859008789,0.0001373291015625,5364.089996337891
1189,84929.4,85082.1,84766.9,84804.0,12416.0,7181.9736328125,192.19007873535156,192.18994140625,6989.783554077148,0.0001373291015625,6989.78369140625
1190,84803.0,85016.3,84803.0,84878.2,11871.0,7886.4755859375,193.6977081298828,193.6975860595703,7692.777877807617,0.0001220703125,7692.77799987793
1191,84877.0,84977.4,84773.4,84844.7,7295.0,8201.013671875,194.43360900878906,194.4334716796875,8006.580062866211,0.0001373291015625,8006.5802001953125
1192,84851.2,84856.0,84676.1,84707.5,12813.0,8860.798828125,193.39540100097656,193.39524841308594,8667.403427124023,0.000152587890625,8667.403579711914
1193,84720.3,84870.1,84720.3,84795.0,5609.0,9009.6708984375,191.1958465576172,191.19569396972656,8818.475051879883,0.000152587890625,8818.475204467773
1194,84777.9,84777.9,84558.1,84683.4,7423.0,8748.48046875,194.46031188964844,194.46018981933594,8554.020156860352,0.0001220703125,8554.020278930664
1195,84666.5,84714.0,84598.9,84711.8,5164.0,8447.6611328125,188.79183959960938,188.7917022705078,8258.86929321289,0.0001373291015625,8258.869430541992
1196,84707.5,84745.1,84601.9,84646.0,5867.0,8181.6142578125,185.53550720214844,185.53538513183594,7996.078750610352,0.0001220703125,7996.078872680664
1197,84645.3,84657.8,84504.9,84595.3,6202.0,7831.78515625,183.2042999267578,183.2041778564453,7648.580856323242,0.0001220703125,7648.580978393555
1198,84584.1,84642.0,84556.9,84621.6,3858.0,10691.7294921875,176.1969757080078,176.19683837890625,10515.532516479492,0.0001373291015625,10515.532653808594
1199,84612.8,84636.4,84562.6,84574.1,6899.0,10223.03515625,168.8826904296875,168.88255310058594,10054.152465820312,0.0001373291015625,10054.152603149414
1200,84579.3,84653.4,84561.3,84595.8,4130.0,10523.533203125,163.39834594726562,163.39820861816406,10360.134857177734,0.0001373291015625,10360.134994506836
1201,84601.0,84657.3,84428.3,84428.3,6261.0,10005.4248046875,168.0841827392578,168.08404541015625,9837.340621948242,0.0001373291015625,9837.340759277344
1202,84432.6,84573.7,84432.6,84560.2,7631.0,9694.751953125,166.46434020996094,166.46420288085938,9528.287612915039,0.0001373291015625,9528.28775024414
1203,84547.6,84699.9,84523.2,84684.8,5995.0,9567.4130859375,167.19512939453125,167.1949920654297,9400.217956542969,0.0001373291015625,9400.21809387207
1204,84689.0,84767.0,84628.4,84749.9,10380.0,9269.59765625,165.15274047851562,165.15260314941406,9104.444915771484,0.0001373291015625,9104.445053100586
1205,84752.5,84798.4,84665.3,84666.3,4803.0,9173.8408203125,162.86337280273438,162.86325073242188,9010.977447509766,0.0001220703125,9010.977569580078
1206,84668.5,84668.5,84573.8,84594.9,4486.0,8711.638671875,157.9947967529297,157.9946746826172,8553.64387512207,0.0001220703125,8553.643997192383
1207,84603.5,84632.9,84568.0,84579.0,5117.0,8432.09375,151.34506225585938,151.34494018554688,8280.74868774414,0.0001220703125,8280.748809814453
1208,84574.0,84622.8,84543.6,84622.8,4226.0,8086.51611328125,146.19151306152344,146.19139099121094,7940.324600219727,0.0001220703125,7940.324722290039
1209,84622.8,84838.7,84622.8,84818.8,6063.0,7674.55126953125,151.171142578125,151.1710205078125,7523.380126953125,0.0001220703125,7523.3802490234375
1210,84823.0,84893.5,84713.3,84753.6,5369.0,7335.2265625,153.24485778808594,153.2447509765625,7181.981704711914,0.0001068115234375,7181.9818115234375
1211,84753.5,84787.4,84651.2,84735.2,7993.0,6910.7822265625,152.02703857421875,152.0269317626953,6758.755187988281,0.0001068115234375,6758.755294799805
1212,84736.2,84751.3,84611.1,84628.1,3401.0,6909.29833984375,151.1819305419922,151.1818084716797,6758.116409301758,0.0001220703125,6758.11653137207
1213,84619.0,84619.0,84500.1,84528.5,5541.0,6905.13427734375,149.5260772705078,149.52597045898438,6755.608200073242,0.0001068115234375,6755.608306884766
1214,84515.0,84601.6,84491.5,84564.8,4341.0,6617.6962890625,146.71005249023438,146.70994567871094,6470.986236572266,0.0001068115234375,6470.986343383789
1215,84560.6,84560.6,84477.0,84550.4,4307.0,6218.9326171875,142.50198364257812,142.50186157226562,6076.430633544922,0.0001220703125,6076.430755615234
1216,84559.1,84682.5,84556.3,84682.5,3839.0,5861.58056640625,141.75909423828125,141.7589874267578,5719.821472167969,0.0001068115234375,5719.821578979492
1217,84686.6,84718.5,84635.9,84718.5,4857.0,5479.25341796875,137.53355407714844,137.53346252441406,5341.719863891602,9.1552734375e-05,5341.719955444336
1218,84709.0,84710.8,84545.8,84555.3,3550.0,5395.4501953125,140.04566955566406,140.0455780029297,5255.404525756836,9.1552734375e-05,5255.40461730957
1219,84571.0,84762.2,84567.1,84759.5,4013.0,7002.775390625,144.82144165039062,144.8213348388672,6857.953948974609,0.0001068115234375,6857.954055786133
1220,84759.5,84912.6,84702.4,84889.8,5755.0,6637.005859375,149.49156188964844,149.49147033691406,6487.514297485352,9.1552734375e-05,6487.514389038086
1221,84896.8,84968.5,84896.8,84961.3,5503.0,7146.14892578125,144.43524169921875,144.43515014648438,7001.713684082031,9.1552734375e-05,7001.713775634766
1222,84960.5,85023.8,84845.7,84852.6,7672.0,6900.92431640625,146.8394317626953,146.83934020996094,6754.084884643555,9.1552734375e-05,6754.084976196289
1223,84871.0,84892.0,84759.8,84883.9,8826.0,6533.57275390625,145.7939910888672,145.7938995361328,6387.778762817383,9.1552734375e-05,6387.778854370117
1224,84884.9,84952.4,84811.6,84914.5,4672.0,6252.6748046875,145.4370574951172,145.4369659423828,6107.237747192383,9.1552734375e-05,6107.237838745117
1225,84901.7,85024.2,84901.7,84973.7,4123.0,6083.98388671875,143.7987060546875,143.79861450195312,5940.1851806640625,9.1552734375e-05,5940.185272216797
1226,84970.0,85009.0,84947.1,84955.7,3577.0,5880.27099609375,137.94869995117188,137.94859313964844,5742.322296142578,0.0001068115234375,5742.322402954102
1227,84969.0,84973.7,84936.4,84937.4,2647.0,5795.89501953125,130.75985717773438,130.75975036621094,5665.135162353516,0.0001068115234375,5665.135269165039
1228,84937.3,84937.3,84827.7,84882.3,4596.0,5454.8310546875,129.2552490234375,129.25514221191406,5325.5758056640625,0.0001068115234375,5325.575912475586
1229,84882.2,84925.0,84868.6,84895.3,4052.0,5245.4150390625,124.05119323730469,124.05109405517578,5121.363845825195,9.918212890625e-05,5121.363945007324
1230,84895.3,84998.5,84866.9,84877.4,5019.0,4980.8857421875,124.59051513671875,124.59041595458984,4856.295227050781,9.918212890625e-05,4856.29532623291
1231,84888.3,84905.0,84702.6,84719.9,7820.0,5011.6083984375,130.1482391357422,130.14813232421875,4881.460159301758,0.0001068115234375,4881.460266113281
1232,84719.9,84799.6,84676.5,84744.1,7162.0,4969.2080078125,129.64491271972656,129.64480590820312,4839.563095092773,0.0001068115234375,4839.563201904297
1233,84742.8,84769.3,84649.4,84658.7,5654.0,5778.7646484375,128.94874572753906,128.94863891601562,5649.815902709961,0.0001068115234375,5649.816009521484
1234,84647.0,84680.1,84620.4,84639.7,3991.0,5473.49560546875,124.00263977050781,124.00252532958984,5349.492965698242,0.00011444091796875,5349.49308013916
1235,84639.8,84730.1,84639.8,84730.1,6066.0,5135.81787109375,121.60234069824219,121.60223388671875,5014.215530395508,0.0001068115234375,5014.215637207031
1236,84732.8,84841.4,84732.8,84758.0,4764.0,4864.90234375,120.86624145507812,120.86613464355469,4744.036102294922,0.0001068115234375,4744.036209106445
1237,84757.9,84819.6,84709.7,84816.7,4422.0,4694.83837890625,120.08283233642578,120.08273315429688,4574.755546569824,9.918212890625e-05,4574.755645751953
1238,84819.6,84872.1,84814.6,84855.0,3554.0,4535.9931640625,115.61263275146484,115.61253356933594,4420.380531311035,9.918212890625e-05,4420.380630493164
1239,84850.0,84855.7,84745.7,84745.7,4365.0,4261.42236328125,115.21173858642578,115.21163940429688,4146.210624694824,9.918212890625e-05,4146.210723876953
1240,84744.6,84772.2,84679.9,84681.8,6231.0,4432.17822265625,113.57552337646484,113.57543182373047,4318.602699279785,9.1552734375e-05,4318.6027908325195
1241,84682.2,84696.8,84600.0,84659.2,4135.0,4182.02294921875,112.3770523071289,112.37696075439453,4069.645896911621,9.1552734375e-05,4069.6459884643555
1242,84666.3,84700.8,84633.6,84657.1,4495.0,3955.5927734375,109.14979553222656,109.14970397949219,3846.4429779052734,9.1552734375e-05,3846.443069458008
1243,84657.4,84657.4,84437.4,84445.4,12001.0,3982.979248046875,117.06767272949219,117.06758117675781,3865.911575317383,9.1552734375e-05,3865.911666870117
1244,84445.5,84470.5,84350.9,84440.0,5845.0,3855.48095703125,117.24867248535156,117.24858093261719,3738.2322845458984,9.1552734375e-05,3738.232376098633
1245,84447.1,84447.3,84342.6,84383.2,10287.0,3626.518310546875,116.35201263427734,116.35191345214844,3510.1662979125977,9.918212890625e-05,3510.1663970947266
1246,84378.9,84403.2,84241.3,84274.8,6575.0,3555.19580078125,119.60589599609375,119.60579681396484,3435.5899047851562,9.918212890625e-05,3435.590003967285
1247,84270.6,84367.3,84225.5,84367.2,6615.0,3353.75341796875,121.19097900390625,121.19087219238281,3232.5624389648438,0.0001068115234375,3232.562545776367
1248,84367.2,84430.8,84293.0,84388.3,8113.0,3452.4853515625,122.37711334228516,122.37701416015625,3330.108238220215,9.918212890625e-05,3330.1083374023438
1249,84388.2,84442.1,84332.8,84377.2,4869.0,3502.022216796875,121.44337463378906,121.44327545166016,3380.578842163086,9.918212890625e-05,3380.578941345215
1250,84369.0,84404.5,84304.8,84324.8,6715.0,3363.66357421875,119.89051055908203,119.89041137695312,3243.773063659668,9.918212890625e-05,3243.773162841797
1251,84316.3,84316.3,84249.3,84256.0,5524.0,4217.75927734375,116.71976470947266,116.71966552734375,4101.039512634277,9.918212890625e-05,4101.039611816406
1252,84250.1,84307.1,84178.8,84238.0,9858.0,5919.2763671875,117.5472640991211,117.54717254638672,5801.729103088379,9.1552734375e-05,5801.729194641113
1253,84240.4,84240.4,84116.7,84120.3,4542.0,5876.89990234375,117.98641204833984,117.98632049560547,5758.91349029541,9.1552734375e-05,5758.9135818481445
1254,84117.0,84193.2,84063.2,84170.8,5030.0,21802.8359375,118.84452819824219,118.84444427490234,21683.991409301758,8.392333984375e-05,21683.991493225098
1255,84176.1,84361.3,84176.1,84345.3,4132.0,58242.06640625,123.96278381347656,123.96269226074219,58118.10362243652,9.1552734375e-05,58118.10371398926
1256,84345.3,84359.7,84245.5,84254.0,5754.0,57013.78125,123.26567077636719,123.26558685302734,56890.51557922363,8.392333984375e-05,56890.51566314697
1257,84254.1,84266.7,84165.4,84204.8,2063.0,53590.15234375,121.69703674316406,121.69694519042969,53468.455307006836,9.1552734375e-05,53468.45539855957
1258,84226.0,84268.1,84196.0,84207.2,3810.0,50967.50390625,118.15451049804688,118.1544189453125,50849.34939575195,9.1552734375e-05,50849.34948730469
1259,84188.2,84224.2,84179.5,84209.9,3738.0,47673.54296875,112.90798950195312,112.90789794921875,47560.63497924805,9.1552734375e-05,47560.63507080078
1260,84202.7,84268.2,84175.1,84237.9,6033.0,44562.1484375,111.49324798583984,111.4931640625,44450.65518951416,8.392333984375e-05,44450.6552734375
1261,84234.1,84366.1,84194.6,84335.2,5805.0,42272.78125,115.77944946289062,115.77936553955078,42157.00180053711,8.392333984375e-05,42157.00188446045
1262,84335.2,84340.4,84206.4,84239.7,8218.0,39712.01171875,117.08091735839844,117.08084106445312,39594.9308013916,7.62939453125e-05,39594.93087768555
1263,84239.6,84345.5,84214.1,84315.6,7880.0,36991.7265625,118.10359954833984,118.10352325439453,36873.62296295166,7.62939453125e-05,36873.623039245605
1264,84320.8,84320.8,84181.8,84186.3,3710.0,35330.17578125,119.59620666503906,119.59613037109375,35210.57957458496,7.62939453125e-05,35210.579650878906
1265,84182.0,84194.1,84034.7,84063.0,19380.0,33070.1640625,122.4392318725586,122.43914794921875,32947.72483062744,8.392333984375e-05,32947.72491455078
1266,84063.1,84101.4,84000.2,84000.2,12074.0,30829.65234375,120.92181396484375,120.92173767089844,30708.730529785156,7.62939453125e-05,30708.7306060791
1267,84000.0,84074.3,83904.3,83904.3,9397.0,28971.25,124.42740631103516,124.42732238769531,28846.822593688965,8.392333984375e-05,28846.822677612305
1268,83900.0,83929.4,83857.1,83916.3,8282.0,27429.08984375,120.70380401611328,120.70372009277344,27308.386039733887,8.392333984375e-05,27308.386123657227
1269,83933.1,83933.1,83883.7,83920.2,6761.0,26106.369140625,115.61056518554688,115.61048889160156,25990.758575439453,7.62939453125e-05,25990.7586517334
1270,83919.3,84011.8,83919.3,84011.8,17995.0,25027.201171875,113.9598159790039,113.9597396850586,24913.241355895996,7.62939453125e-05,24913.24143218994
1271,84011.9,84094.0,84011.9,84092.7,4472.0,24286.974609375,111.69149017333984,111.69140625,24175.28311920166,8.392333984375e-05,24175.283203125
1272,84092.6,84344.8,84090.7,84217.9,10984.0,23542.76171875,121.86308288574219,121.86300659179688,23420.898635864258,7.62939453125e-05,23420.898712158203
1273,84214.3,84214.3,84078.0,84117.3,6081.0,22266.708984375,123.15132904052734,123.15125274658203,22143.557655334473,7.62939453125e-05,22143.557731628418
1274,84121.5,84198.6,84121.5,84192.3,3944.0,21923.373046875,120.16229248046875,120.1622085571289,21803.21075439453,8.392333984375e-05,21803.21083831787
1275,84207.3,84212.4,84004.8,84004.8,13441.0,20637.990234375,126.40796661376953,126.40787506103516,20511.58226776123,9.1552734375e-05,20511.582359313965
1276,83992.1,83996.7,83929.0,83961.3,6353.0,19736.849609375,122.79289245605469,122.79280853271484,19614.056716918945,8.392333984375e-05,19614.056800842285
1277,83966.4,83971.6,83877.7,83931.0,4186.0,20405.57421875,120.72901153564453,120.72891998291016,20284.845207214355,9.1552734375e-05,20284.84529876709
1278,83914.8,83940.5,83848.1,83859.0,4120.0,20487.390625,118.70540618896484,118.70531463623047,20368.685218811035,9.1552734375e-05,20368.68531036377
1279,83850.6,83892.0,83769.8,83826.0,7933.0,19546.71875,118.95524597167969,118.95516204833984,19427.76350402832,8.392333984375e-05,19427.76358795166
1280,83822.0,83848.0,83750.0,83818.8,6358.0,18711.953125,117.45845031738281,117.45835876464844,18594.494674682617,9.1552734375e-05,18594.49476623535
1281,83820.1,83849.7,83779.1,83828.8,7407.0,17492.599609375,114.11153411865234,114.1114501953125,17378.488075256348,8.392333984375e-05,17378.488159179688
1282,83828.6,83891.3,83780.3,83853.9,7302.0,16949.05859375,113.88928985595703,113.88919830322266,16835.169303894043,9.1552734375e-05,16835.169395446777
1283,83843.7,83866.5,83708.9,83713.4,5583.0,17069.126953125,117.01160430908203,117.01151275634766,16952.115348815918,9.1552734375e-05,16952.115440368652
1284,83713.3,83713.3,83641.8,83693.4,6586.0,16496.19140625,113.76803588867188,113.7679443359375,16382.423370361328,9.1552734375e-05,16382.423461914062
1285,83700.0,83852.0,83700.0,83848.3,8200.0,18280.46484375,116.9704360961914,116.97034454345703,18163.49440765381,9.1552734375e-05,18163.494499206543
1286,83855.8,83905.9,83831.3,83862.8,3187.0,18048.076171875,113.94409942626953,113.94400787353516,17934.13207244873,9.1552734375e-05,17934.132164001465
1287,83872.8,83872.9,83650.6,83650.6,4158.0,17676.78515625,121.68359375,121.6834945678711,17555.1015625,9.918212890625e-05,17555.10166168213
1288,83650.5,83652.1,83588.0,83647.7,5952.0,17396.015625,117.57059478759766,117.57050323486328,17278.445030212402,9.1552734375e-05,17278.445121765137
1289,83645.7,83645.7,83500.1,83538.1,5771.0,16286.7294921875,119.71566772460938,119.715576171875,16167.01382446289,9.1552734375e-05,16167.013916015625
1290,83535.1,83580.0,83469.8,83503.7,7573.0,15498.25,119.03620910644531,119.03611755371094,15379.213790893555,9.1552734375e-05,15379.213882446289
1291,83513.7,83580.8,83482.9,83560.0,4075.0,14730.232421875,117.52637481689453,117.52628326416016,14612.706047058105,9.1552734375e-05,14612.70613861084
1292,83558.1,83583.9,83455.7,83472.6,4779.0,15290.4306640625,118.2884521484375,118.2883529663086,15172.142211914062,9.918212890625e-05,15172.142311096191
1293,83475.7,83697.7,83460.8,83697.7,7239.0,15510.400390625,126.76115417480469,126.76106262207031,15383.639236450195,9.1552734375e-05,15383.63932800293
1294,83699.2,83728.7,83561.3,83568.8,3836.0,15755.2294921875,129.6643829345703,129.66429138183594,15625.56510925293,9.1552734375e-05,15625.565200805664
1295,83575.0,83868.0,83575.0,83768.7,8085.0,14957.0712890625,141.7742919921875,141.77420043945312,14815.296997070312,9.1552734375e-05,14815.297088623047
1296,83759.3,83801.6,83697.5,83736.2,8254.0,14593.78125,139.08338928222656,139.0832977294922,14454.697860717773,9.1552734375e-05,14454.697952270508
1297,83733.7,83895.9,83695.4,83895.1,5175.0,13831.9404296875,143.47030639648438,143.47021484375,13688.470123291016,9.1552734375e-05,13688.47021484375
1298,83895.1,84172.5,83887.2,84172.5,15440.0,14774.0166015625,153.6007843017578,153.60069274902344,14620.415817260742,9.1552734375e-05,14620.415908813477
1299,84172.5,84198.5,84014.1,84014.1,18881.0,13870.8017578125,155.80062866210938,155.80052185058594,13715.00112915039,0.0001068115234375,13715.001235961914
1300,83997.4,84091.5,83936.3,84091.5,5203.0,12912.458984375,155.75796508789062,155.7578582763672,12756.70101928711,0.0001068115234375,12756.701126098633
1301,84094.7,84191.0,84042.3,84116.6,5684.0,12703.9267578125,155.25405883789062,155.2539520263672,12548.67269897461,0.0001068115234375,12548.672805786133
1302,84106.1,84192.9,84071.6,84071.6,3578.0,14216.9326171875,152.82855224609375,152.8284454345703,14064.104064941406,0.0001068115234375,14064.10417175293
1303,84067.3,84262.1,84000.0,84188.2,5813.0,13322.8662109375,160.63377380371094,160.6336669921875,13162.232437133789,0.0001068115234375,13162.232543945312
1304,84184.0,84268.3,84160.8,84247.8,6726.0,13262.5908203125,156.8385009765625,156.83839416503906,13105.752319335938,0.0001068115234375,13105.752426147461
1305,84253.9,84347.9,84232.0,84289.8,12553.0,12647.3349609375,153.91421508789062,153.91412353515625,12493.42074584961,9.1552734375e-05,12493.420837402344
1306,84291.0,84482.7,84288.8,84477.0,6928.0,11833.740234375,156.7707977294922,156.7707061767578,11676.969436645508,9.1552734375e-05,11676.969528198242
1307,84474.3,84572.8,84359.7,84463.5,12104.0,11222.90234375,160.7938690185547,160.7937774658203,11062.108474731445,9.1552734375e-05,11062.10856628418
1308,84491.5,84593.8,84445.5,84593.8,5926.0,10835.41015625,159.90122985839844,159.90113830566406,10675.508926391602,9.1552734375e-05,10675.509017944336
1309,84594.3,84657.3,84538.5,84556.0,6393.0,11975.5244140625,156.9652099609375,156.96511840820312,11818.559204101562,9.1552734375e-05,11818.559295654297
1310,84561.0,84644.8,84352.5,84355.3,17323.0,12103.416015625,166.63177490234375,166.6316680908203,11936.784240722656,0.0001068115234375,11936.78434753418
1311,84363.8,84549.6,84358.7,84520.5,3899.0,11460.3154296875,168.60842895507812,168.6083221435547,11291.707000732422,0.0001068115234375,11291.707107543945
1312,84505.5,84545.4,84432.1,84432.1,5541.0,14779.7216796875,164.65762329101562,164.65750122070312,14615.064056396484,0.0001220703125,14615.064178466797
1313,84428.9,84500.3,84385.7,84385.7,5566.0,25464.814453125,161.08163452148438,161.08151245117188,25303.732818603516,0.0001220703125,25303.732940673828
1314,84385.6,84501.2,84352.7,84491.3,7929.0,25583.97265625,160.18295288085938,160.18283081054688,25423.78970336914,0.0001220703125,25423.789825439453
1315,84491.4,84517.3,84240.4,84367.0,27198.0,26606.76171875,168.519775390625,168.51966857910156,26438.241943359375,0.0001068115234375,26438.2420501709
1316,84371.1,84579.1,84371.1,84566.3,16838.0,28300.56640625,171.6327667236328,171.63265991210938,28128.933639526367,0.0001068115234375,28128.93374633789
1317,84566.3,84657.5,84500.1,84637.2,28911.0,27352.099609375,170.6160430908203,170.61593627929688,27181.48356628418,0.0001068115234375,27181.483673095703
1318,84637.2,84641.0,84500.1,84533.7,4804.0,25716.37890625,168.4933624267578,168.49325561523438,25547.885543823242,0.0001068115234375,25547.885650634766
1319,84531.4,84644.5,84385.1,84562.9,35778.0,24732.7109375,174.98660278320312,174.98648071289062,24557.724334716797,0.0001220703125,24557.72445678711
1320,84565.2,84628.1,84510.1,84607.1,9880.0,23095.447265625,170.91615295410156,170.916015625,22924.5311126709,0.0001373291015625,22924.53125
1321,84624.0,84749.9,84624.0,84645.2,13423.0,21781.130859375,168.9076385498047,168.90750122070312,21612.223220825195,0.0001373291015625,21612.223358154297
1322,84645.2,84691.3,84599.5,84624.6,6810.0,20700.12109375,163.3997344970703,163.39959716796875,20536.72135925293,0.0001373291015625,20536.72149658203
1323,84623.4,84623.4,84466.6,84474.4,7868.0,20146.46875,163.0140380859375,163.013916015625,19983.454711914062,0.0001220703125,19983.454833984375
1324,84473.5,84506.1,84339.1,84506.1,8344.0,18986.22265625,163.29876708984375,163.29864501953125,18822.923889160156,0.0001220703125,18822.92401123047
1325,84501.9,84535.7,84425.5,84470.1,5125.0,18042.421875,159.5062255859375,159.506103515625,17882.915649414062,0.0001220703125,17882.915771484375
1326,84473.0,84624.4,84473.0,84570.9,5409.0,19143.25,159.13414001464844,159.13401794433594,18984.11585998535,0.0001220703125,18984.115982055664
1327,84573.3,84586.9,84510.2,84570.1,5718.0,18041.3046875,153.24566650390625,153.2455291748047,17888.059020996094,0.0001373291015625,17888.059158325195
1328,84577.4,84577.4,84502.7,84553.3,5204.0,17394.78515625,147.6349334716797,147.6348114013672,17247.15022277832,0.0001220703125,17247.150344848633
1329,84557.5,84573.1,84470.5,84474.8,3454.0,16616.5859375,144.41827392578125,144.41815185546875,16472.16766357422,0.0001220703125,16472.16778564453
1330,84494.4,84595.0,84459.5,84595.0,3585.0,15747.6171875,143.78125,143.7811279296875,15603.8359375,0.0001220703125,15603.836059570312
1331,84595.0,84641.1,84520.0,84520.0,5515.0,14871.8603515625,142.16128540039062,142.16116333007812,14729.69906616211,0.0001220703125,14729.699188232422
1332,84520.0,84540.0,84436.8,84531.9,2068.0,15726.37109375,139.37857055664062,139.37844848632812,15586.99252319336,0.0001220703125,15586.992645263672
1333,84528.5,84623.9,84528.5,84593.7,5397.0,14795.9169921875,136.2371368408203,136.2370147705078,14659.67985534668,0.0001220703125,14659.679977416992
1334,84593.8,84623.9,84580.6,84607.0,2500.0,13868.56640625,129.5985565185547,129.5984344482422,13738.967849731445,0.0001220703125,13738.967971801758
1335,84602.0,84632.5,84525.2,84525.2,4342.0,15614.740234375,128.00558471679688,128.00546264648438,15486.734649658203,0.0001220703125,15486.734771728516
1336,84495.7,84515.5,84416.9,84435.8,6431.0,14786.6171875,126.598388671875,126.5982666015625,14660.018798828125,0.0001220703125,14660.018920898438
1337,84437.8,84583.7,84433.5,84583.7,3990.0,13872.3603515625,128.28445434570312,128.28433227539062,13744.075897216797,0.0001220703125,13744.07601928711
1338,84585.3,84629.4,84440.0,84440.0,3820.0,13816.5498046875,132.64974975585938,132.64962768554688,13683.90005493164,0.0001220703125,13683.900177001953
1339,84434.2,84550.9,84434.2,84512.1,3444.0,16525.296875,131.51016235351562,131.51002502441406,16393.786712646484,0.0001373291015625,16393.786849975586
1340,84500.1,84700.0,84494.2,84683.0,7857.0,15855.6337890625,136.8163604736328,136.8162384033203,15718.817428588867,0.0001220703125,15718.81755065918
1341,84682.9,84757.3,84664.2,84722.2,6431.0,15137.302734375,133.69332885742188,133.6931915283203,15003.609405517578,0.0001373291015625,15003.60954284668
1342,84732.9,84821.9,84731.4,84813.0,6394.0,14617.9248046875,131.26490783691406,131.26478576660156,14486.659896850586,0.0001220703125,14486.660018920898
1343,84816.3,84884.7,84795.9,84873.6,6753.0,14564.859375,128.23204040527344,128.23191833496094,14436.627334594727,0.0001220703125,14436.627456665039
1344,84876.0,84882.6,84729.1,84737.6,5693.0,13838.7275390625,130.03689575195312,130.03677368164062,13708.690643310547,0.0001220703125,13708.69076538086
1345,84741.8,84950.0,84732.4,84931.7,23302.0,13056.033203125,136.29151916503906,136.29141235351562,12919.741683959961,0.0001068115234375,12919.741790771484
1346,84926.2,84950.0,84926.2,84930.6,3691.0,12678.5322265625,128.25619506835938,128.25608825683594,12550.27603149414,0.0001068115234375,12550.276138305664
1347,84930.5,84976.9,84930.5,84946.3,2009.0,12804.423828125,122.40921783447266,122.40911102294922,12682.014610290527,0.0001068115234375,12682.01471710205
1348,84946.2,84959.3,84922.1,84943.4,2789.0,12539.037109375,116.32251739501953,116.3224105834961,12422.71459197998,0.0001068115234375,12422.714698791504
1349,84943.5,84987.6,84943.5,84951.5,3120.0,11786.177734375,111.171142578125,111.17102813720703,11675.006591796875,0.00011444091796875,11675.006706237793
1350,84951.6,84976.7,84937.7,84976.7,4769.0,11311.30859375,106.01606750488281,106.01595306396484,11205.292526245117,0.00011444091796875,11205.292640686035
1351,84986.9,85033.2,84976.6,85021.0,3567.0,12576.2158203125,102.48646545410156,102.48635864257812,12473.729354858398,0.0001068115234375,12473.729461669922
1352,85023.1,85095.1,84998.7,85054.4,7024.0,11933.416015625,102.0516128540039,102.05150604248047,11831.364402770996,0.0001068115234375,11831.36450958252
1353,85060.0,85060.0,84988.0,84991.1,5809.0,11373.38671875,99.90507507324219,99.90496826171875,11273.481643676758,0.0001068115234375,11273.481750488281
1354,84995.0,84995.0,84926.9,84981.1,6869.0,11094.8603515625,97.6333999633789,97.63330078125,10997.226951599121,9.918212890625e-05,10997.22705078125
1355,84986.9,85125.0,84986.9,85079.5,4883.0,10782.7998046875,100.93805694580078,100.93795013427734,10681.8617477417,0.0001068115234375,10681.861854553223
1356,85078.9,85287.3,85078.9,85214.9,12182.0,10450.95703125,108.61380004882812,108.61370086669922,10342.343231201172,9.918212890625e-05,10342.3433303833
1357,85207.9,85207.9,85091.6,85125.2,5917.0,10157.888671875,109.66259002685547,109.6624984741211,10048.226081848145,9.1552734375e-05,10048.226173400879
1358,85123.3,85191.3,85115.6,85191.3,3562.0,9759.396484375,107.23635864257812,107.23626708984375,9652.160125732422,9.1552734375e-05,9652.160217285156
1359,85203.1,85266.4,85172.5,85266.3,7952.0,9181.296875,106.28365325927734,106.2835693359375,9075.013221740723,8.392333984375e-05,9075.013305664062
1360,85266.3,85335.9,85224.6,85314.8,4649.0,10115.34765625,106.6417465209961,106.64166259765625,10008.705909729004,8.392333984375e-05,10008.705993652344
1361,85314.7,85327.6,85257.9,85290.8,5677.0,9950.3232421875,104.0032730102539,104.0031967163086,9846.319969177246,7.62939453125e-05,9846.320045471191
1362,85284.2,85385.0,85284.2,85349.3,4114.0,11466.0869140625,103.77425384521484,103.774169921875,11362.312660217285,8.392333984375e-05,11362.312744140625
1363,85349.3,85349.4,85323.7,85337.2,2560.0,11434.009765625,98.19718933105469,98.19711303710938,11335.812576293945,7.62939453125e-05,11335.81265258789
1364,85337.2,85337.2,85219.7,85247.9,5227.0,11474.65234375,99.57596588134766,99.57588958740234,11375.076377868652,7.62939453125e-05,11375.076454162598
1365,85249.9,85259.9,85178.6,85204.9,5217.0,11060.177734375,98.27031707763672,98.2702407836914,10961.907417297363,7.62939453125e-05,10961.907493591309
1366,85204.9,85235.3,85140.2,85140.2,4989.0,12602.5947265625,98.04342651367188,98.04335021972656,12504.551300048828,7.62939453125e-05,12504.551376342773
1367,85140.2,85235.6,85140.2,85232.7,4661.0,12397.6240234375,97.85450744628906,97.85443115234375,12299.769515991211,7.62939453125e-05,12299.769592285156
1368,85230.2,85332.6,85230.2,85308.8,3567.0,13269.7939453125,98.17908477783203,98.17900085449219,13171.614860534668,8.392333984375e-05,13171.614944458008
1369,85308.7,85325.6,85247.1,85272.4,7719.0,13190.595703125,96.77344512939453,96.77336120605469,13093.822257995605,8.392333984375e-05,13093.822341918945
1370,85272.4,85299.3,85242.7,85271.8,3274.0,12654.6259765625,93.90347290039062,93.90338897705078,12560.72250366211,8.392333984375e-05,12560.72258758545
1371,85271.7,85385.0,85263.6,85385.0,9905.0,12308.939453125,95.86740112304688,95.86731719970703,12213.072052001953,8.392333984375e-05,12213.072135925293
1372,85396.3,85402.3,85347.9,85376.7,7416.0,11907.873046875,92.90534210205078,92.90525817871094,11814.96770477295,8.392333984375e-05,11814.967788696289
1373,85376.6,85376.6,85336.1,85336.1,2453.0,11287.16796875,89.16935729980469,89.16928100585938,11197.998611450195,7.62939453125e-05,11197.99868774414
1374,85340.3,85340.3,85214.1,85227.1,3585.0,10835.013671875,91.81407165527344,91.81399536132812,10743.199600219727,7.62939453125e-05,10743.199676513672
1375,85232.9,85265.0,85131.3,85150.6,4884.0,10109.1552734375,94.80614471435547,94.80607604980469,10014.349128723145,6.866455078125e-05,10014.349197387695
1376,85156.9,85264.9,85137.6,85233.7,4093.0,10288.3583984375,97.12691497802734,97.12684631347656,10191.231483459473,6.866455078125e-05,10191.231552124023
1377,85217.6,85250.2,85187.9,85187.9,3042.0,9789.26171875,94.63961791992188,94.6395492553711,9694.622100830078,6.866455078125e-05,9694.622169494629
1378,85188.0,85219.6,85140.7,85146.9,5387.0,9303.744140625,93.51525115966797,93.51518249511719,9210.228889465332,6.866455078125e-05,9210.228958129883
1379,85147.0,85168.0,85123.9,85168.0,3676.0,8842.333984375,89.98570251464844,89.98564147949219,8752.348281860352,6.103515625e-05,8752.348342895508
1380,85173.0,85201.1,85145.5,85175.5,2938.0,8805.525390625,87.52969360351562,87.52963256835938,8717.995697021484,6.103515625e-05,8717.99575805664
1381,85175.4,85308.7,85175.4,85271.4,3374.0,10311.0595703125,90.7993392944336,90.79927825927734,10220.260231018066,6.103515625e-05,10220.260292053223
1382,85275.7,85346.8,85275.7,85335.1,4547.0,10538.6279296875,89.69927215576172,89.69921875,10448.928657531738,5.340576171875e-05,10448.9287109375
1383,85331.1,85396.9,85307.4,85363.7,5691.0,11462.4404296875,89.68504333496094,89.68498992919922,11372.755386352539,5.340576171875e-05,11372.7554397583
1384,85363.6,85363.6,85312.6,85317.6,2770.0,11086.7666015625,86.92908477783203,86.92903137207031,10999.837516784668,5.340576171875e-05,10999.83757019043
1385,85312.7,85317.4,85182.3,85182.4,4293.0,10693.640625,90.38449096679688,90.38443756103516,10603.256134033203,5.340576171875e-05,10603.256187438965
1386,85182.3,85314.3,85164.8,85314.3,6325.0,10512.73828125,94.6070327758789,94.60697937011719,10418.131248474121,5.340576171875e-05,10418.131301879883
1387,85318.0,85318.0,85226.7,85286.0,4384.0,10495.2568359375,94.37059783935547,94.37053680419922,10400.886238098145,6.103515625e-05,10400.8862991333
1388,85277.4,85298.6,85251.3,85282.4,2589.0,11722.0966796875,91.00875091552734,91.0086898803711,11631.087928771973,6.103515625e-05,11631.087989807129
1389,85280.3,85297.1,85264.1,85288.1,4552.0,11016.8037109375,86.86527252197266,86.86521911621094,10929.938438415527,5.340576171875e-05,10929.938491821289
1390,85288.0,85288.0,85264.0,85276.2,3669.0,11419.533203125,82.38215637207031,82.38209533691406,11337.15104675293,6.103515625e-05,11337.151107788086
1391,85272.0,85272.0,85151.5,85151.5,3295.0,10646.2099609375,85.40508270263672,85.405029296875,10560.804878234863,5.340576171875e-05,10560.804931640625
1392,85151.5,85151.5,85096.9,85118.3,5627.0,10155.267578125,83.204833984375,83.20478057861328,10072.062744140625,5.340576171875e-05,10072.062797546387
1393,85116.5,85162.1,85071.1,85146.1,12648.0,9537.677734375,83.76163482666016,83.76158142089844,9453.91609954834,5.340576171875e-05,9453.916152954102
1394,85146.1,85163.0,85140.2,85155.3,2485.0,9184.416015625,79.40701293945312,79.4069595336914,9105.009002685547,5.340576171875e-05,9105.009056091309
1395,85151.3,85174.3,85094.8,85128.9,11086.0,8649.9580078125,79.41365814208984,79.41360473632812,8570.54434967041,5.340576171875e-05,8570.544403076172
1396,85123.5,85173.4,85108.4,85152.5,4074.0,8326.533203125,78.38411712646484,78.38406372070312,8248.149085998535,5.340576171875e-05,8248.149139404297
1397,85157.6,85200.0,85123.5,85194.5,3695.0,8173.13818359375,78.24954223632812,78.2494888305664,8094.888641357422,5.340576171875e-05,8094.888694763184
1398,85184.5,85184.5,85100.1,85108.0,4026.0,7819.62890625,79.40303802490234,79.40298461914062,7740.225868225098,5.340576171875e-05,7740.225921630859
1399,85103.8,85173.6,85103.8,85126.0,5888.0,7349.083984375,78.71744537353516,78.71739196777344,7270.366539001465,5.340576171875e-05,7270.366592407227
1400,85122.7,85122.7,85080.0,85080.0,5181.0,6891.3642578125,76.38048553466797,76.38043212890625,6814.983772277832,5.340576171875e-05,6814.983825683594
1401,85078.1,85119.0,85066.1,85083.9,5969.0,6786.69580078125,74.70320129394531,74.7031478881836,6711.992599487305,5.340576171875e-05,6711.992652893066
1402,85083.9,85083.9,85000.1,85000.1,7568.0,6486.86083984375,75.35275268554688,75.35269927978516,6411.508087158203,5.340576171875e-05,6411.508140563965
1403,85000.0,85000.0,84768.8,84771.3,17413.0,6287.15673828125,86.49217987060547,86.49212646484375,6200.6645584106445,5.340576171875e-05,6200.664611816406
1404,84778.5,84901.1,84759.3,84759.4,18648.0,6152.931640625,90.44307708740234,90.44302368164062,6062.488563537598,5.340576171875e-05,6062.488616943359
1405,84759.3,84817.5,84719.9,84794.5,17624.0,6013.00830078125,90.95439910888672,90.954345703125,5922.053901672363,5.340576171875e-05,5922.053955078125
1406,84797.2,84886.7,84790.4,84886.7,5479.0,5855.65087890625,91.3365707397461,91.33651733398438,5764.314308166504,5.340576171875e-05,5764.314361572266
1407,84894.2,85004.6,84875.5,84946.0,4911.0,5592.17626953125,94.03407287597656,94.03401947021484,5498.142196655273,5.340576171875e-05,5498.142250061035
1408,84940.0,84940.0,84840.2,84886.5,2696.0,5427.52099609375,94.87428283691406,94.87422180175781,5332.646713256836,6.103515625e-05,5332.646774291992
1409,84886.5,84920.4,84827.7,84827.7,2818.0,5210.98388671875,94.7186508178711,94.71858978271484,5116.265235900879,6.103515625e-05,5116.265296936035
1410,84817.8,84817.8,84573.6,84573.6,10330.0,4972.84228515625,106.10314178466797,106.10308837890625,4866.739143371582,5.340576171875e-05,4866.739196777344
1411,84573.6,84623.7,84513.1,84548.0,4644.0,4837.568359375,106.4244613647461,106.42440795898438,4731.143898010254,5.340576171875e-05,4731.143951416016
1412,84535.2,84575.2,84499.8,84537.8,6736.0,5339.31396484375,104.20887756347656,104.20882415771484,5235.105087280273,5.340576171875e-05,5235.105140686035
1413,84545.2,84545.2,84415.2,84437.1,3132.0,5407.29150390625,106.05110931396484,106.0510482788086,5301.240394592285,6.103515625e-05,5301.240455627441
1414,84438.1,84441.4,84411.0,84431.5,8019.0,5165.84228515625,100.64735412597656,100.64729309082031,5065.194931030273,6.103515625e-05,5065.19499206543
1415,84431.5,84431.5,84329.5,84329.7,4837.0,6464.35400390625,100.74398040771484,100.74391174316406,6363.610023498535,6.866455078125e-05,6363.610092163086
1416,84329.6,84573.8,84325.3,84543.5,4916.0,6618.25732421875,111.29798889160156,111.29792022705078,6506.959335327148,6.866455078125e-05,6506.959403991699
1417,84543.5,84674.9,84491.1,84563.8,7479.0,6321.16748046875,116.47648620605469,116.4764175415039,6204.690994262695,6.866455078125e-05,6204.691062927246
1418,84555.4,84580.1,84402.6,84417.6,5340.0,6115.8701171875,120.83531188964844,120.83524322509766,5995.034805297852,6.866455078125e-05,5995.034873962402
1419,84426.5,84583.1,84420.1,84491.6,5714.0,5853.3798828125,124.02565002441406,124.02558135986328,5729.354232788086,6.866455078125e-05,5729.354301452637
1420,84489.1,84580.6,84489.1,84493.1,3700.0,5621.78173828125,121.70240020751953,121.70232391357422,5500.0793380737305,7.62939453125e-05,5500.079414367676
1421,84493.1,84512.0,84401.3,84492.6,2634.0,5559.08349609375,120.916748046875,120.91667175292969,5438.166748046875,7.62939453125e-05,5438.16682434082
1422,84473.6,84607.2,84473.6,84543.7,9077.0,5464.50634765625,121.82281494140625,121.8227310180664,5342.683532714844,8.392333984375e-05,5342.683616638184
1423,84535.3,84594.5,84535.3,84573.6,3174.0,5529.3994140625,117.34998321533203,117.34990692138672,5412.049430847168,7.62939453125e-05,5412.049507141113
1424,84568.0,84662.5,84558.3,84662.4,4561.0,5285.51416015625,116.41092681884766,116.41085052490234,5169.103233337402,7.62939453125e-05,5169.103309631348
1425,84662.5,84971.1,84662.5,84875.6,23345.0,5081.47802734375,130.14608764648438,130.14601135253906,4951.331939697266,7.62939453125e-05,4951.332015991211
1426,84873.3,84873.3,84697.5,84697.5,6030.0,5171.2294921875,133.5714874267578,133.5714111328125,5037.658004760742,7.62939453125e-05,5037.6580810546875
1427,84697.5,84697.5,84500.0,84500.0,5918.0,4918.9990234375,138.1378173828125,138.1377410888672,4780.8612060546875,7.62939453125e-05,4780.861282348633
1428,84500.0,84565.7,84439.7,84562.1,4697.0,4711.427734375,137.27084350585938,137.270751953125,4574.156890869141,9.1552734375e-05,4574.156982421875
1429,84565.1,84598.8,84518.5,84570.2,2522.0,4513.54052734375,133.20127868652344,133.20118713378906,4380.339248657227,9.1552734375e-05,4380.339340209961
1430,84579.0,84671.3,84562.1,84588.8,5727.0,4408.14501953125,131.486572265625,131.48648071289062,4276.658447265625,9.1552734375e-05,4276.658538818359
1431,84593.0,84593.0,84438.2,84500.6,5311.0,4732.77734375,133.15159606933594,133.15151977539062,4599.625747680664,7.62939453125e-05,4599.625823974609
1432,84504.8,84504.8,84356.0,84382.9,4358.0,4647.72216796875,134.2691192626953,134.26904296875,4513.453048706055,7.62939453125e-05,4513.453125
1433,84389.4,84476.9,84312.4,84476.9,7078.0,5208.7421875,136.428466796875,136.4283905029297,5072.313720703125,7.62939453125e-05,5072.31379699707
1434,84477.0,84488.0,84382.9,84434.7,5544.0,5125.2607421875,134.1908416748047,134.19076538085938,4991.069900512695,7.62939453125e-05,4991.069976806641
1435,84447.3,84447.3,84367.8,84444.3,4011.0,5069.6708984375,130.28436279296875,130.28428649902344,4939.386535644531,7.62939453125e-05,4939.386611938477
1436,84444.3,84482.8,84433.5,84462.5,3019.0,4974.47998046875,124.49954986572266,124.49946594238281,4849.980430603027,8.392333984375e-05,4849.980514526367
1437,84464.0,84523.8,84395.9,84404.6,4104.0,4823.16015625,124.7423324584961,124.74224853515625,4698.417823791504,8.392333984375e-05,4698.417907714844
1438,84407.5,84426.2,84308.9,84344.0,3211.0,4546.72021484375,124.21107482910156,124.21099853515625,4422.509140014648,7.62939453125e-05,4422.509216308594
1439,84331.3,84382.0,84251.4,84285.8,8637.0,4511.88330078125,124.66754913330078,124.66746520996094,4387.215751647949,8.392333984375e-05,4387.215835571289
