bar,open,high,low,close,volume,batched,isolated,cpu,abs_bi,abs_ic,abs_bc
0,88066.7,88174.6,88048.0,88155.1,5735.0,50.0,50.0,nan,0.0,nan,nan
1,88146.7,88160.1,88081.7,88081.7,4816.0,50.0,50.0,nan,0.0,nan,nan
2,88080.4,88080.4,87849.9,87850.0,10862.0,50.0,50.0,nan,0.0,nan,nan
3,87857.1,87944.5,87780.2,87930.1,15390.0,50.0,50.0,nan,0.0,nan,nan
4,87930.2,88039.6,87930.2,87991.6,4863.0,50.0,50.0,nan,0.0,nan,nan
5,87980.8,87980.8,87852.6,87856.9,2161.0,50.0,50.0,nan,0.0,nan,nan
6,87862.5,87869.1,87773.9,87797.8,3002.0,50.0,50.0,nan,0.0,nan,nan
7,87794.2,87794.2,87660.4,87672.7,7045.0,50.0,50.0,nan,0.0,nan,nan
8,87672.6,87704.8,87569.3,87664.0,6992.0,50.0,50.0,nan,0.0,nan,nan
9,87657.2,87718.7,87621.5,87639.1,4116.0,50.0,50.0,nan,0.0,nan,nan
10,87649.7,87726.9,87580.2,87580.2,5538.0,50.0,50.0,nan,0.0,nan,nan
11,87583.2,87604.9,87412.0,87430.1,7937.0,50.0,50.0,nan,0.0,nan,nan
12,87427.6,87504.4,87326.9,87504.4,28049.0,50.0,50.0,nan,0.0,nan,nan
13,87505.9,87647.8,87477.7,87600.8,5425.0,50.0,50.0,nan,0.0,nan,nan
14,87596.5,87649.2,87531.3,87564.6,5409.0,42.836753845214844,17.754867553710938,17.75486946105957,25.081886291503906,1.9073486328125e-06,25.081884384155273
15,87564.6,87669.2,87529.0,87648.0,5356.0,50.0429573059082,22.447021484375,22.447019577026367,27.595935821533203,1.9073486328125e-06,27.595937728881836
16,87649.4,87731.5,87631.9,87721.9,8400.0,50.07707977294922,30.620285034179688,30.620288848876953,19.45679473876953,3.814697265625e-06,19.456790924072266
17,87708.6,87759.6,87682.4,87759.6,6562.0,50.048553466796875,39.82804870605469,39.82804489135742,10.220504760742188,3.814697265625e-06,10.220508575439453
18,87750.7,87750.7,87519.8,87519.8,4150.0,50.063480377197266,35.242149353027344,35.24214553833008,14.821331024169922,3.814697265625e-06,14.821334838867188
19,87502.6,87590.1,87498.4,87562.6,3954.0,50.07208251953125,34.62543487548828,34.625431060791016,15.446647644042969,3.814697265625e-06,15.446651458740234
20,87566.9,87578.4,87328.7,87343.5,11941.0,57.25312042236328,31.842575073242188,31.842573165893555,25.410545349121094,1.9073486328125e-06,25.410547256469727
21,87343.4,87344.0,87227.3,87256.3,12379.0,57.21174621582031,30.39459991455078,30.39459991455078,26.81714630126953,0.0,26.81714630126953
22,87252.7,87420.8,87252.7,87392.1,3767.0,57.23618698120117,34.59535217285156,34.5953483581543,22.64083480834961,3.814697265625e-06,22.640838623046875
23,87392.1,87404.4,87287.0,87371.4,6300.0,57.20536422729492,30.36383056640625,30.36383628845215,26.841533660888672,5.7220458984375e-06,26.841527938842773
24,87372.5,87475.6,87339.6,87471.7,3668.0,57.1544075012207,34.10359191894531,34.10359191894531,23.05081558227539,0.0,23.05081558227539
25,87471.1,87484.4,87403.9,87439.2,2831.0,57.20257568359375,38.32898712158203,38.32898712158203,18.87358856201172,0.0,18.87358856201172
26,87436.2,87436.2,87315.9,87370.4,3545.0,57.16773223876953,49.547523498535156,49.54752731323242,7.620208740234375,3.814697265625e-06,7.620204925537109
27,87363.6,87377.7,87303.3,87303.3,4063.0,50.05763626098633,43.77787780761719,43.77787780761719,6.279758453369141,0.0,6.279758453369141
28,87303.2,87318.1,87204.0,87204.0,3420.0,42.93320083618164,38.12810134887695,38.12810134887695,4.8050994873046875,0.0,4.8050994873046875
29,87200.9,87280.4,87200.9,87257.5,3839.0,42.923240661621094,36.92213439941406,36.92213821411133,6.001106262207031,3.814697265625e-06,6.001102447509766
30,87263.5,87278.8,87211.2,87226.8,13526.0,42.92131042480469,24.647865295410156,24.64786148071289,18.27344512939453,3.814697265625e-06,18.273448944091797
31,87226.1,87258.0,87206.6,87206.6,2066.0,35.79222869873047,17.756637573242188,17.756629943847656,18.03559112548828,7.62939453125e-06,18.035598754882812
32,87205.6,87205.6,87154.6,87173.2,5683.0,42.925048828125,17.4254150390625,17.425416946411133,25.4996337890625,1.9073486328125e-06,25.499631881713867
33,87173.3,87298.7,87173.3,87286.8,7188.0,42.91249465942383,25.28948211669922,25.289487838745117,17.62301254272461,5.7220458984375e-06,17.62300682067871
34,87283.7,87286.9,87182.4,87186.8,7126.0,35.76686096191406,26.83061981201172,26.83061981201172,8.936241149902344,0.0,8.936241149902344
35,87183.8,87183.8,87080.0,87080.0,7382.0,35.78160095214844,28.63770294189453,28.637706756591797,7.143898010253906,3.814697265625e-06,7.143894195556641
36,87080.0,87113.9,86878.6,86895.9,34739.0,28.62970733642578,16.661720275878906,16.661718368530273,11.967987060546875,1.9073486328125e-06,11.967988967895508
37,86901.3,86939.1,86776.4,86781.0,17855.0,28.652587890625,15.02569580078125,15.025700569152832,13.62689208984375,4.76837158203125e-06,13.626887321472168
38,86790.1,86895.4,86767.0,86877.6,13092.0,28.686935424804688,21.3309326171875,21.3309326171875,7.3560028076171875,0.0,7.3560028076171875
39,86877.7,86894.4,86752.5,86799.2,5481.0,21.53460693359375,18.692825317382812,18.692832946777344,2.8417816162109375,7.62939453125e-06,2.8417739868164062
40,86806.7,86985.6,86797.5,86985.6,5524.0,28.64795684814453,22.6253662109375,22.625370025634766,6.022590637207031,3.814697265625e-06,6.022586822509766
41,86985.6,87091.2,86985.6,87037.7,6819.0,35.760032653808594,27.26085662841797,27.260862350463867,8.499176025390625,5.7220458984375e-06,8.499170303344727
42,87042.2,87085.2,87006.2,87022.0,9574.0,35.80426788330078,26.062957763671875,26.062959671020508,9.741310119628906,1.9073486328125e-06,9.741308212280273
43,87016.0,87059.1,86992.0,87055.7,4562.0,35.725379943847656,23.19324493408203,23.193246841430664,12.532135009765625,1.9073486328125e-06,12.532133102416992
44,87037.1,87118.4,87034.5,87034.5,4385.0,35.770973205566406,28.149810791015625,28.14980697631836,7.621162414550781,3.814697265625e-06,7.621166229248047
45,87034.0,87079.4,86918.0,86918.1,5614.0,35.82286071777344,27.4114990234375,27.41150665283203,8.411361694335938,7.62939453125e-06,8.411354064941406
46,86922.3,86999.7,86852.1,86965.0,3934.0,28.663238525390625,27.774276733398438,27.774280548095703,0.8889617919921875,3.814697265625e-06,0.8889579772949219
47,86973.7,87026.1,86973.7,87022.1,3649.0,21.475112915039062,25.791793823242188,25.791793823242188,4.316680908203125,0.0,4.316680908203125
48,87024.4,87024.4,86888.0,86937.6,4724.0,28.541793823242188,26.28278350830078,26.282787322998047,2.2590103149414062,3.814697265625e-06,2.2590065002441406
49,86937.7,86946.2,86784.8,86834.6,8186.0,35.682159423828125,26.122543334960938,26.12254524230957,9.559616088867188,1.9073486328125e-06,9.559614181518555
50,86834.1,86875.0,86816.4,86816.4,3229.0,35.74773406982422,34.646446228027344,34.646446228027344,1.101287841796875,0.0,1.101287841796875
51,86811.0,86811.0,86736.8,86747.7,8672.0,35.81391143798828,38.28368377685547,38.2836799621582,2.4697723388671875,3.814697265625e-06,2.469768524169922
52,86747.7,86754.9,86632.4,86663.7,10621.0,35.864707946777344,24.008399963378906,24.00840187072754,11.856307983398438,1.9073486328125e-06,11.856306076049805
53,86662.6,86733.1,86656.0,86711.6,5251.0,35.911460876464844,30.25769805908203,30.257692337036133,5.6537628173828125,5.7220458984375e-06,5.653768539428711
54,86713.4,86797.0,86694.8,86776.0,8816.0,35.80702209472656,32.853424072265625,32.85342788696289,2.9535980224609375,3.814697265625e-06,2.953594207763672
55,86771.9,86843.4,86754.9,86843.1,8289.0,35.7218017578125,33.942359924316406,33.942359924316406,1.7794418334960938,0.0,1.7794418334960938
56,86839.4,86843.2,86788.6,86793.6,4040.0,42.91409683227539,36.18863296508789,36.18863296508789,6.7254638671875,0.0,6.7254638671875
57,86791.6,86810.2,86771.6,86771.6,1637.0,42.86714172363281,37.49990463256836,37.499908447265625,5.367237091064453,3.814697265625e-06,5.3672332763671875
58,86771.7,86775.9,86561.1,86561.5,18764.0,42.89678955078125,27.257293701171875,27.25729751586914,15.639495849609375,3.814697265625e-06,15.63949203491211
59,86561.1,86653.2,86547.3,86632.5,11099.0,42.910404205322266,25.784423828125,25.784423828125,17.125980377197266,0.0,17.125980377197266
60,86623.2,86749.9,86578.5,86691.8,11360.0,42.913414001464844,34.499427795410156,34.49942398071289,8.413986206054688,3.814697265625e-06,8.413990020751953
61,86692.1,86807.3,86674.1,86777.2,4944.0,42.90616989135742,35.26696014404297,35.266963958740234,7.639209747314453,3.814697265625e-06,7.6392059326171875
62,86777.1,86912.6,86772.8,86888.4,31143.0,35.790184020996094,51.330684661865234,51.330684661865234,15.54050064086914,0.0,15.54050064086914
63,86890.1,86910.7,86847.2,86877.6,6761.0,35.756980895996094,56.903507232666016,56.90350341796875,21.146526336669922,3.814697265625e-06,21.146522521972656
64,86880.8,86880.8,86707.1,86707.1,6576.0,42.894386291503906,55.52394104003906,55.52394104003906,12.629554748535156,0.0,12.629554748535156
65,86703.9,87030.3,86664.3,87004.3,7093.0,50.0335578918457,61.371368408203125,61.37136459350586,11.337810516357422,3.814697265625e-06,11.337806701660156
66,87003.4,87029.3,86934.7,86960.8,9135.0,50.041259765625,68.81953430175781,68.81953430175781,18.778274536132812,0.0,18.778274536132812
67,86961.3,87031.1,86961.3,87016.8,6887.0,50.04631423950195,69.19822692871094,69.1982192993164,19.151912689208984,7.62939453125e-06,19.151905059814453
68,87018.6,87098.9,86982.8,87042.9,4779.0,50.04920959472656,68.26395416259766,68.26394653320312,18.214744567871094,7.62939453125e-06,18.214736938476562
69,87042.8,87089.4,86993.0,87040.7,3567.0,50.048126220703125,64.29452514648438,64.29452514648438,14.24639892578125,0.0,14.24639892578125
70,87052.8,87151.8,87042.7,87146.3,5135.0,42.872257232666016,67.73715209960938,67.73715209960938,24.86489486694336,0.0,24.86489486694336
71,87136.8,87202.0,87082.7,87141.6,9808.0,42.876564025878906,70.86251831054688,70.8625259399414,27.98595428466797,7.62939453125e-06,27.9859619140625
72,87141.5,87171.3,87077.6,87103.5,9815.0,42.8703727722168,75.76766204833984,75.76766204833984,32.89728927612305,0.0,32.89728927612305
73,87120.2,87156.4,87092.1,87139.0,6378.0,50.04865646362305,83.81379699707031,83.81379699707031,33.765140533447266,0.0,33.765140533447266
74,87127.1,87285.6,87127.1,87285.6,10418.0,57.216064453125,83.69856262207031,83.69857025146484,26.482498168945312,7.62939453125e-06,26.482505798339844
75,87286.3,87347.0,87230.6,87262.4,6640.0,64.37104034423828,83.92591857910156,83.92591857910156,19.55487823486328,0.0,19.55487823486328
76,87267.2,87304.4,87227.4,87265.9,7803.0,71.51844787597656,72.46025085449219,72.46025085449219,0.941802978515625,0.0,0.941802978515625
77,87258.1,87397.0,87246.9,87381.6,5966.0,71.54705047607422,72.2506103515625,72.25061798095703,0.7035598754882812,7.62939453125e-06,0.7035675048828125
78,87379.2,87416.2,87350.2,87382.5,8104.0,64.3866195678711,79.13079071044922,79.13079071044922,14.744171142578125,0.0,14.744171142578125
79,87385.3,87385.3,87203.1,87206.5,8375.0,57.25511932373047,71.24266815185547,71.24266815185547,13.987548828125,0.0,13.987548828125
80,87197.9,87269.5,87184.0,87255.9,5466.0,57.21697235107422,64.66988372802734,64.66987609863281,7.452911376953125,7.62939453125e-06,7.452903747558594
81,87257.0,87259.1,87077.1,87085.8,11182.0,64.30616760253906,55.33662414550781,55.33662796020508,8.96954345703125,3.814697265625e-06,8.969539642333984
82,87078.5,87191.7,87067.9,87178.3,8493.0,64.32861328125,56.88608169555664,56.886077880859375,7.442531585693359,3.814697265625e-06,7.442535400390625
83,87179.5,87211.0,87081.9,87101.3,4100.0,64.34846496582031,56.60280227661133,56.60280227661133,7.745662689208984,0.0,7.745662689208984
84,87101.5,87165.0,87084.1,87164.6,4103.0,64.33199310302734,56.18379592895508,56.18379592895508,8.148197174072266,0.0,8.148197174072266
85,87159.0,87263.8,87159.0,87263.8,7991.0,57.21300506591797,55.42833709716797,55.428340911865234,1.78466796875,3.814697265625e-06,1.7846641540527344
86,87263.8,87364.8,87257.3,87257.3,12821.0,57.22333908081055,65.7689437866211,65.7689437866211,8.545604705810547,0.0,8.545604705810547
87,87254.8,87272.0,87194.2,87201.1,4852.0,50.1097526550293,60.71701431274414,60.717018127441406,10.607261657714844,3.814697265625e-06,10.60726547241211
88,87196.9,87344.5,87196.1,87273.3,9019.0,42.98868179321289,60.194759368896484,60.19475173950195,17.206077575683594,7.62939453125e-06,17.206069946289062
89,87273.3,87299.0,87234.8,87282.5,4458.0,35.847267150878906,59.348793029785156,59.348793029785156,23.50152587890625,0.0,23.50152587890625
90,87282.4,87294.7,87186.6,87234.4,13604.0,28.689353942871094,56.178096771240234,56.1781005859375,27.48874282836914,3.814697265625e-06,27.488746643066406
91,87234.5,87344.6,87234.5,87254.1,5698.0,28.615928649902344,56.06779861450195,56.06779861450195,27.45186996459961,0.0,27.45186996459961
92,87254.0,87260.8,87090.8,87090.8,4446.0,28.643966674804688,50.27716827392578,50.27716064453125,21.633201599121094,7.62939453125e-06,21.633193969726562
93,87088.6,87156.5,87058.1,87150.2,4771.0,35.767555236816406,52.07609558105469,52.07609558105469,16.30854034423828,0.0,16.30854034423828
94,87146.9,87224.5,87120.0,87136.1,7039.0,42.89519119262695,58.13871765136719,58.13871765136719,15.243526458740234,0.0,15.243526458740234
95,87147.1,87212.5,87021.3,87200.3,6592.0,35.74279022216797,60.85968017578125,60.859683990478516,25.11688995361328,3.814697265625e-06,25.116893768310547
96,87208.9,87303.3,87188.9,87287.3,7835.0,35.68794250488281,60.59941482543945,60.59941482543945,24.91147232055664,0.0,24.91147232055664
97,87292.2,87397.9,87289.2,87386.0,6161.0,28.512474060058594,65.54212188720703,65.54212188720703,37.02964782714844,0.0,37.02964782714844
98,87393.5,87497.2,87393.5,87484.7,9223.0,28.53874969482422,67.23908233642578,67.23908233642578,38.70033264160156,0.0,38.70033264160156
99,87479.7,87499.9,87346.1,87346.1,5379.0,28.56078338623047,61.11634063720703,61.11634826660156,32.55555725097656,7.62939453125e-06,32.555564880371094
100,87346.2,87399.9,87346.2,87374.0,3442.0,28.594810485839844,53.449928283691406,53.44993209838867,24.855117797851562,3.814697265625e-06,24.855121612548828
101,87368.5,87480.9,87358.2,87448.0,4521.0,35.717620849609375,58.5481071472168,58.5481071472168,22.830486297607422,0.0,22.830486297607422
102,87444.3,87446.4,87365.9,87396.3,4579.0,35.815185546875,51.2288818359375,51.228878021240234,15.4136962890625,3.814697265625e-06,15.413692474365234
103,87418.0,87425.2,87303.7,87303.7,4357.0,35.92424011230469,46.20045852661133,46.20046615600586,10.27621841430664,7.62939453125e-06,10.276226043701172
104,87298.5,87299.3,87195.9,87228.9,6647.0,42.998451232910156,50.181182861328125,50.181190490722656,7.182731628417969,7.62939453125e-06,7.1827392578125
105,87225.0,87274.1,87190.0,87274.1,6185.0,35.882965087890625,50.478633880615234,50.478641510009766,14.59566879272461,7.62939453125e-06,14.59567642211914
106,87269.8,87339.4,87262.9,87336.5,2842.0,42.97005081176758,55.06307601928711,55.063079833984375,12.093025207519531,3.814697265625e-06,12.093029022216797
107,87332.8,87389.0,87309.1,87343.0,3113.0,35.81536865234375,60.223514556884766,60.223514556884766,24.408145904541016,0.0,24.408145904541016
108,87343.0,87361.8,87296.6,87357.5,5787.0,35.63085174560547,52.031803131103516,52.03180694580078,16.400951385498047,3.814697265625e-06,16.400955200195312
109,87367.3,87367.3,87300.2,87324.3,2920.0,42.78384017944336,54.63896179199219,54.63896179199219,11.855121612548828,0.0,11.855121612548828
110,87324.1,87420.1,87299.5,87391.6,3281.0,42.67605972290039,51.626583099365234,51.6265869140625,8.950523376464844,3.814697265625e-06,8.95052719116211
111,87387.3,87426.6,87367.6,87367.6,3299.0,49.89388656616211,49.51616668701172,49.51616668701172,0.3777198791503906,0.0,0.3777198791503906
112,87370.5,87434.3,87366.8,87434.3,5919.0,49.977420806884766,46.83161544799805,46.83161544799805,3.1458053588867188,0.0,3.1458053588867188
113,87441.1,87441.1,87327.1,87348.1,4270.0,50.07521438598633,47.68222427368164,47.682228088378906,2.3929901123046875,3.814697265625e-06,2.392986297607422
114,87348.0,87402.0,87325.2,87387.7,2276.0,57.299720764160156,48.609249114990234,48.609256744384766,8.690471649169922,7.62939453125e-06,8.69046401977539
115,87379.9,87435.9,87357.2,87418.0,3605.0,50.09320068359375,47.810768127441406,47.810768127441406,2.2824325561523438,0.0,2.2824325561523438
116,87412.0,87412.0,87284.7,87319.5,3262.0,50.11872482299805,48.903663635253906,48.903663635253906,1.2150611877441406,0.0,1.2150611877441406
117,87323.4,87333.8,87269.7,87269.7,3139.0,50.12010192871094,49.95884704589844,49.95884704589844,0.1612548828125,0.0,0.1612548828125
118,87268.0,87268.0,87192.3,87228.9,4089.0,42.99169158935547,52.32389831542969,52.32389831542969,9.332206726074219,0.0,9.332206726074219
119,87233.8,87283.9,87226.1,87283.9,1985.0,50.09135437011719,48.306949615478516,48.306949615478516,1.7844047546386719,0.0,1.7844047546386719
120,87283.9,87334.5,87282.3,87327.1,2113.0,50.07204818725586,47.539127349853516,47.539127349853516,2.5329208374023438,0.0,2.5329208374023438
121,87327.1,87342.2,87293.3,87342.2,2732.0,50.091064453125,47.12778854370117,47.12778854370117,2.963275909423828,0.0,2.963275909423828
122,87346.3,87440.5,87267.0,87267.0,4450.0,42.98920440673828,48.459415435791016,48.45941925048828,5.470211029052734,3.814697265625e-06,5.47021484375
123,87267.0,87291.5,87154.6,87233.4,12040.0,35.854408264160156,40.64306640625,40.64306640625,4.788658142089844,0.0,4.788658142089844
124,87229.9,87343.2,87223.0,87322.4,6250.0,28.684356689453125,43.60507583618164,43.60507583618164,14.920719146728516,0.0,14.920719146728516
125,87321.5,87395.6,87312.0,87383.6,3558.0,21.49401092529297,43.84908676147461,43.84908676147461,22.35507583618164,0.0,22.35507583618164
126,87388.6,87466.1,87370.7,87449.7,5254.0,21.553192138671875,43.216712951660156,43.21670913696289,21.66352081298828,3.814697265625e-06,21.663516998291016
127,87450.7,87466.7,87295.4,87343.6,16226.0,21.6077880859375,35.933372497558594,35.93336868286133,14.325584411621094,3.814697265625e-06,14.325580596923828
128,87356.8,87381.6,87285.9,87330.1,8568.0,14.394203186035156,33.00752258300781,33.00752639770508,18.613319396972656,3.814697265625e-06,18.613323211669922
129,87339.4,87339.4,87218.9,87218.9,4133.0,21.44001007080078,28.14775848388672,28.147748947143555,6.7077484130859375,9.5367431640625e-06,6.707738876342773
130,87202.4,87283.3,87168.3,87237.2,3723.0,21.4942626953125,27.983566284179688,27.98356056213379,6.4893035888671875,5.7220458984375e-06,6.489297866821289
131,87239.7,87262.3,87175.9,87235.0,3241.0,21.54802703857422,27.948020935058594,27.948026657104492,6.399993896484375,5.7220458984375e-06,6.399999618530273
132,87247.9,87259.9,87183.5,87198.4,4240.0,21.610382080078125,27.89459228515625,27.894596099853516,6.284210205078125,3.814697265625e-06,6.284214019775391
133,87205.2,87233.0,87176.7,87185.5,1926.0,14.393295288085938,25.387100219726562,25.387096405029297,10.993804931640625,3.814697265625e-06,10.99380111694336
134,87182.6,87182.6,87080.3,87157.2,6053.0,14.153739929199219,21.611366271972656,21.611364364624023,7.4576263427734375,1.9073486328125e-06,7.457624435424805
135,87147.5,87234.0,87147.5,87233.0,3708.0,14.198486328125,22.524620056152344,22.524620056152344,8.326133728027344,0.0,8.326133728027344
136,87229.2,87275.8,87143.6,87155.3,7892.0,21.28630828857422,21.634170532226562,21.63417625427246,0.34786224365234375,5.7220458984375e-06,0.3478679656982422
137,87155.4,87198.1,87005.4,87017.6,15190.0,28.426895141601562,20.883255004882812,20.883255004882812,7.54364013671875,0.0,7.54364013671875
138,87018.5,87075.7,87005.2,87075.7,9681.0,35.62377166748047,13.423927307128906,13.423922538757324,22.199844360351562,4.76837158203125e-06,22.199849128723145
139,87068.2,87068.2,86884.7,86918.4,9446.0,42.85348129272461,9.041519165039062,9.041513442993164,33.81196212768555,5.7220458984375e-06,33.811967849731445
140,86923.9,86925.9,86830.4,86912.9,6178.0,50.06651306152344,3.7021484375,3.7021496295928955,46.36436462402344,1.1920928955078125e-06,46.36436343193054
141,86915.6,87056.8,86915.6,87049.1,8672.0,50.09273910522461,13.354751586914062,13.354750633239746,36.73798751831055,9.5367431640625e-07,36.73798847198486
142,87049.1,87251.5,87049.1,87242.7,7613.0,57.28156280517578,21.806442260742188,21.806438446044922,35.475120544433594,3.814697265625e-06,35.47512435913086
143,87227.2,87331.2,87227.2,87306.4,14326.0,57.28878402709961,33.70813751220703,33.708133697509766,23.580646514892578,3.814697265625e-06,23.580650329589844
144,87306.3,87306.3,87113.3,87159.9,50306.0,64.46273040771484,23.12627410888672,23.126272201538086,41.336456298828125,1.9073486328125e-06,41.33645820617676
145,87164.3,87203.0,87143.6,87181.7,14310.0,71.64183807373047,21.521408081054688,21.52140998840332,50.12042999267578,1.9073486328125e-06,50.12042808532715
146,87183.5,87394.7,87183.5,87356.0,7122.0,78.75424194335938,25.53125762939453,25.531253814697266,53.222984313964844,3.814697265625e-06,53.22298812866211
147,87368.6,87397.5,87249.7,87268.0,3750.0,78.61648559570312,25.246849060058594,25.246856689453125,53.36963653564453,7.62939453125e-06,53.36962890625
148,87266.5,87266.5,87183.7,87217.1,3825.0,78.64769744873047,25.593421936035156,25.593421936035156,53.05427551269531,0.0,53.05427551269531
149,87200.8,87325.8,87200.8,87286.3,5999.0,78.5013427734375,26.633522033691406,26.633522033691406,51.867820739746094,0.0,51.867820739746094
150,87278.5,87324.1,87270.8,87315.4,3828.0,71.36262512207031,29.70122528076172,29.70122718811035,41.661399841308594,1.9073486328125e-06,41.66139793395996
151,87315.5,87327.8,87211.1,87211.1,2126.0,64.27066040039062,32.33380126953125,32.333805084228516,31.936859130859375,3.814697265625e-06,31.93685531616211
152,87207.4,87207.4,87079.5,87094.4,6031.0,57.189125061035156,33.15373229980469,33.15373229980469,24.03539276123047,0.0,24.03539276123047
153,87111.9,87161.5,87092.5,87128.8,4104.0,50.09827423095703,37.39781188964844,37.39781188964844,12.700462341308594,0.0,12.700462341308594
154,87116.6,87131.4,87081.3,87081.3,2055.0,43.00786209106445,38.54245376586914,38.54245376586914,4.4654083251953125,0.0,4.4654083251953125
155,87080.0,87080.0,86926.0,86933.7,4617.0,43.0247917175293,33.087257385253906,33.08726119995117,9.93753433227539,3.814697265625e-06,9.937530517578125
156,86946.5,87017.3,86910.8,87017.3,4854.0,42.99186325073242,31.630958557128906,31.63096046447754,11.360904693603516,1.9073486328125e-06,11.360902786254883
157,87023.3,87069.6,86971.3,87004.0,3525.0,35.89061737060547,25.275428771972656,25.27543067932129,10.615188598632812,1.9073486328125e-06,10.61518669128418
158,87004.9,87153.3,87004.9,87103.2,7838.0,28.752227783203125,50.37702178955078,50.37702560424805,21.624794006347656,3.814697265625e-06,21.624797821044922
159,87098.0,87153.9,87067.0,87098.1,2920.0,21.568824768066406,64.2099609375,64.20995330810547,42.641136169433594,7.62939453125e-06,42.64112854003906
160,87101.9,87141.3,87089.1,87089.1,6354.0,14.381904602050781,63.755821228027344,63.75582504272461,49.37391662597656,3.814697265625e-06,49.37392044067383
161,87088.1,87152.0,87075.8,87148.2,2718.0,14.43353271484375,69.31712341308594,69.31713104248047,54.88359069824219,7.62939453125e-06,54.88359832763672
162,87148.2,87220.1,87142.5,87220.1,3075.0,14.207481384277344,75.31063842773438,75.31063842773438,61.10315704345703,0.0,61.10315704345703
163,87226.1,87260.8,87217.8,87243.1,2324.0,21.41802978515625,73.69767761230469,73.69768524169922,52.27964782714844,7.62939453125e-06,52.27965545654297
164,87250.2,87250.2,87197.9,87236.4,2364.0,28.68805694580078,68.68189239501953,68.68190002441406,39.99383544921875,7.62939453125e-06,39.99384307861328
165,87239.3,87340.2,87231.4,87340.1,3636.0,35.980979919433594,73.29733276367188,73.2973403930664,37.31635284423828,7.62939453125e-06,37.31636047363281
166,87331.3,87331.3,87163.4,87212.3,16197.0,43.281070709228516,62.08510208129883,62.08510208129883,18.804031372070312,0.0,18.804031372070312
167,87209.9,87275.8,87209.9,87275.7,6730.0,43.21195983886719,63.528709411621094,63.52871322631836,20.316749572753906,3.814697265625e-06,20.316753387451172
168,87266.9,87281.3,87238.0,87241.9,3204.0,50.43999099731445,62.48673629760742,62.48674011230469,12.046745300292969,3.814697265625e-06,12.046749114990234
169,87240.0,87266.2,87151.5,87151.5,3662.0,57.66209411621094,63.3367805480957,63.3367805480957,5.674686431884766,0.0,5.674686431884766
170,87144.2,87230.2,87144.2,87230.2,2223.0,57.76163101196289,61.8985481262207,61.8985481262207,4.1369171142578125,0.0,4.1369171142578125
171,87221.2,87257.5,87178.1,87211.1,3237.0,64.93942260742188,61.738101959228516,61.738101959228516,3.2013206481933594,0.0,3.2013206481933594
172,87215.6,87223.3,87083.0,87083.0,6893.0,64.7497329711914,50.68000030517578,50.68000411987305,14.069732666015625,3.814697265625e-06,14.06972885131836
173,87081.0,87085.5,86996.2,87006.1,7449.0,64.58037567138672,43.248252868652344,43.24825668334961,21.332122802734375,3.814697265625e-06,21.33211898803711
174,87003.5,87043.2,87003.5,87043.1,6087.0,64.34832763671875,43.027000427246094,43.02700424194336,21.321327209472656,3.814697265625e-06,21.32132339477539
175,87048.4,87072.2,87023.0,87055.9,3957.0,71.270751953125,44.01738739013672,44.01738739013672,27.25336456298828,0.0,27.25336456298828
176,87062.6,87110.1,87036.0,87042.7,3693.0,71.39268493652344,44.49600601196289,44.49600601196289,26.896678924560547,0.0,26.896678924560547
177,87048.3,87113.2,87048.3,87113.2,3309.0,71.48114013671875,45.244972229003906,45.24497604370117,26.236167907714844,3.814697265625e-06,26.236164093017578
178,87113.2,87170.8,87084.3,87104.6,2723.0,71.5490951538086,48.752838134765625,48.752838134765625,22.79625701904297,0.0,22.79625701904297
179,87104.6,87104.6,87035.5,87052.0,4439.0,64.38633728027344,43.29398727416992,43.293983459472656,21.092350006103516,3.814697265625e-06,21.09235382080078
180,87046.0,87068.7,87030.2,87033.0,1778.0,57.24802780151367,53.82307815551758,53.82307434082031,3.4249496459960938,3.814697265625e-06,3.4249534606933594
181,87034.8,87046.3,87000.5,87004.0,2719.0,57.17660140991211,45.56027603149414,45.560272216796875,11.616325378417969,3.814697265625e-06,11.616329193115234
182,87001.9,87003.2,86893.3,86893.3,8052.0,57.22195053100586,41.90730285644531,41.90730667114258,15.314647674560547,3.814697265625e-06,15.314643859863281
183,86893.3,86991.3,86885.6,86970.4,5381.0,50.13066864013672,49.42986297607422,49.429866790771484,0.7008056640625,3.814697265625e-06,0.7008018493652344
184,86976.8,86988.5,86935.2,86935.2,6084.0,50.13959884643555,52.38947296142578,52.38947296142578,2.2498741149902344,0.0,2.2498741149902344
185,86935.1,86936.0,86728.6,86737.0,15394.0,43.00754165649414,40.08369445800781,40.08369445800781,2.923847198486328,0.0,2.923847198486328
186,86737.0,86809.0,86600.0,86688.9,33820.0,50.17256546020508,29.827613830566406,29.827613830566406,20.344951629638672,0.0,20.344951629638672
187,86691.1,86839.5,86691.1,86833.1,5536.0,57.34688186645508,35.75868225097656,35.75868606567383,21.588199615478516,3.814697265625e-06,21.58819580078125
188,86830.6,86913.0,86830.6,86846.2,7789.0,64.49028015136719,36.79617691040039,36.79617691040039,27.694103240966797,0.0,27.694103240966797
189,86839.2,86842.7,86651.1,86659.8,12443.0,57.320091247558594,30.539833068847656,30.539836883544922,26.780258178710938,3.814697265625e-06,26.780254364013672
190,86672.6,86716.7,86653.2,86716.7,4318.0,57.3886604309082,27.12187957763672,27.121877670288086,30.266780853271484,1.9073486328125e-06,30.266782760620117
191,86721.4,86721.4,86618.2,86643.8,3803.0,57.452640533447266,24.103713989257812,24.10371208190918,33.34892654418945,1.9073486328125e-06,33.348928451538086
192,86646.7,86660.6,86403.9,86496.2,24834.0,50.28813934326172,18.204727172851562,18.204734802246094,32.083412170410156,7.62939453125e-06,32.083404541015625
193,86500.8,86584.7,86418.7,86453.0,17044.0,50.259300231933594,16.672203063964844,16.672210693359375,33.58709716796875,7.62939453125e-06,33.58708953857422
194,86455.9,86497.4,86401.9,86444.9,7346.0,50.23042678833008,16.074630737304688,16.07462501525879,34.15579605102539,5.7220458984375e-06,34.15580177307129
195,86440.1,86555.3,86408.2,86526.5,4643.0,50.22280502319336,18.839767456054688,18.83976936340332,31.383037567138672,1.9073486328125e-06,31.38303565979004
196,86526.5,86618.0,86492.5,86541.7,8116.0,43.15172576904297,24.013900756835938,24.013898849487305,19.13782501220703,1.9073486328125e-06,19.137826919555664
197,86535.9,86535.9,86402.0,86402.1,4754.0,50.18673324584961,20.65192413330078,20.651926040649414,29.534809112548828,1.9073486328125e-06,29.534807205200195
198,86410.8,86438.8,86176.2,86180.7,17726.0,43.154727935791016,15.582656860351562,15.58265495300293,27.572071075439453,1.9073486328125e-06,27.572072982788086
199,86180.7,86411.4,86180.7,86403.0,18165.0,43.181365966796875,25.974960327148438,25.974958419799805,17.206405639648438,1.9073486328125e-06,17.20640754699707
200,86403.7,86516.5,86308.2,86516.5,9042.0,36.14042282104492,36.61882400512695,36.61882019042969,0.47840118408203125,3.814697265625e-06,0.4783973693847656
201,86520.8,86776.4,86520.8,86756.3,28362.0,35.96821594238281,45.223819732666016,45.223819732666016,9.255603790283203,0.0,9.255603790283203
202,86747.8,86747.8,86580.5,86610.5,10924.0,28.787330627441406,39.841949462890625,39.84195327758789,11.054618835449219,3.814697265625e-06,11.054622650146484
203,86610.4,86780.8,86590.9,86748.0,15765.0,35.85558319091797,48.11964797973633,48.11964797973633,12.26406478881836,0.0,12.26406478881836
204,86748.0,86786.9,86667.8,86706.6,4021.0,28.62364959716797,50.510345458984375,50.51034927368164,21.886695861816406,3.814697265625e-06,21.886699676513672
205,86703.3,86798.4,86669.7,86731.1,5333.0,21.32733154296875,53.10556411743164,53.10556411743164,31.77823257446289,0.0,31.77823257446289
206,86722.3,86722.3,86635.2,86676.4,11247.0,28.438034057617188,57.538604736328125,57.53860092163086,29.100570678710938,3.814697265625e-06,29.100566864013672
207,86694.1,86698.7,86556.8,86579.7,4820.0,35.57171630859375,62.213443756103516,62.213443756103516,26.641727447509766,0.0,26.641727447509766
208,86571.2,86596.5,86552.1,86578.7,3897.0,42.75444793701172,63.67079544067383,63.67079544067383,20.91634750366211,0.0,20.91634750366211
209,86574.5,86660.9,86495.6,86495.6,9383.0,49.96682357788086,58.616676330566406,58.61668014526367,8.649852752685547,3.814697265625e-06,8.649856567382812
210,86495.8,86508.7,86253.3,86398.1,9546.0,50.03773498535156,52.770050048828125,52.77004623413086,2.7323150634765625,3.814697265625e-06,2.732311248779297
211,86398.1,86542.0,86398.1,86528.6,8732.0,50.01658630371094,56.992393493652344,56.99238967895508,6.975807189941406,3.814697265625e-06,6.975803375244141
212,86531.9,86568.2,86352.6,86352.8,9250.0,57.246490478515625,60.22773742675781,60.22773742675781,2.9812469482421875,0.0,2.9812469482421875
213,86377.2,86444.9,86317.1,86433.1,8618.0,57.2096061706543,51.31581115722656,51.31581115722656,5.893795013427734,0.0,5.893795013427734
214,86428.1,86534.8,86383.7,86524.9,4693.0,64.41342163085938,49.746036529541016,49.746036529541016,14.66738510131836,0.0,14.66738510131836
215,86525.0,86670.4,86509.6,86589.1,7676.0,64.50302124023438,40.60392379760742,40.60392379760742,23.899097442626953,0.0,23.899097442626953
216,86578.0,86640.7,86530.3,86562.6,5424.0,71.67689514160156,42.66754913330078,42.667545318603516,29.00934600830078,3.814697265625e-06,29.009349822998047
217,86559.3,86609.8,86391.6,86395.6,13155.0,71.78556060791016,28.80535888671875,28.805356979370117,42.980201721191406,1.9073486328125e-06,42.98020362854004
218,86404.0,86468.1,86379.2,86466.4,3063.0,78.88616943359375,25.227615356445312,25.227611541748047,53.65855407714844,3.814697265625e-06,53.6585578918457
219,86466.4,86488.8,86301.9,86347.8,9455.0,78.54092407226562,19.371803283691406,19.37179946899414,59.16912078857422,3.814697265625e-06,59.169124603271484
220,86357.6,86492.7,86353.3,86484.3,4486.0,71.29345703125,25.04651641845703,25.046520233154297,46.24694061279297,3.814697265625e-06,46.2469367980957
221,86475.5,86483.5,86409.6,86432.5,7786.0,71.41156005859375,24.342575073242188,24.34258270263672,47.06898498535156,7.62939453125e-06,47.06897735595703
222,86432.5,86488.2,86357.0,86447.1,5794.0,71.52569580078125,23.91289520263672,23.91289710998535,47.61280059814453,1.9073486328125e-06,47.6127986907959
223,86438.5,86438.5,86282.0,86331.4,7853.0,71.62538146972656,24.264129638671875,24.264131546020508,47.36125183105469,1.9073486328125e-06,47.361249923706055
224,86328.9,86352.0,85852.6,85882.9,137327.0,71.38037872314453,11.005950927734375,11.005950927734375,60.374427795410156,0.0,60.374427795410156
225,85887.1,86099.9,85852.2,86006.9,21941.0,71.46150207519531,6.8647003173828125,6.864697456359863,64.5968017578125,2.86102294921875e-06,64.59680461883545
226,86007.0,86190.6,86007.0,86186.3,11137.0,64.38340759277344,11.295036315917969,11.295035362243652,53.08837127685547,9.5367431640625e-07,53.088372230529785
227,86187.5,86250.8,86051.9,86138.2,10003.0,64.24067687988281,15.237785339355469,15.23777961730957,49.002891540527344,5.7220458984375e-06,49.00289726257324
228,86153.7,86259.6,86135.6,86209.9,8193.0,57.2000846862793,16.404647827148438,16.40464973449707,40.79543685913086,1.9073486328125e-06,40.79543495178223
229,86209.9,86234.3,86131.4,86162.9,4426.0,50.18077087402344,13.534339904785156,13.534335136413574,36.64643096923828,4.76837158203125e-06,36.64643573760986
230,86167.4,86250.8,86140.2,86152.9,9285.0,43.149864196777344,16.9888916015625,16.988893508911133,26.160972595214844,1.9073486328125e-06,26.16097068786621
231,86169.3,86169.3,85990.9,86043.0,9036.0,36.06144332885742,17.273048400878906,17.273048400878906,18.788394927978516,0.0,18.788394927978516
232,86033.5,86036.6,85656.5,85703.8,56064.0,28.942123413085938,14.259521484375,14.259521484375,14.682601928710938,0.0,14.682601928710938
233,85703.9,85852.2,85703.9,85767.8,27207.0,36.036991119384766,13.474960327148438,13.474961280822754,22.562030792236328,9.5367431640625e-07,22.56202983856201
234,85762.0,85850.4,85727.8,85815.1,7963.0,43.18577575683594,14.392242431640625,14.39224910736084,28.793533325195312,6.67572021484375e-06,28.793526649475098
235,85832.0,85832.0,85600.1,85702.0,20876.0,43.118595123291016,13.837936401367188,13.837926864624023,29.280658721923828,9.5367431640625e-06,29.280668258666992
236,85701.9,85803.3,85600.1,85627.9,31337.0,35.88787841796875,12.868202209472656,12.86819839477539,23.019676208496094,3.814697265625e-06,23.01968002319336
237,85624.6,85683.4,85558.8,85574.3,29383.0,35.82781982421875,12.151870727539062,12.151861190795898,23.675949096679688,9.5367431640625e-06,23.67595863342285
238,85574.0,85631.1,85473.9,85502.9,21038.0,43.06672668457031,17.445472717285156,17.44547462463379,25.621253967285156,1.9073486328125e-06,25.621252059936523
239,85529.6,85593.1,85345.5,85439.8,37207.0,35.81047821044922,16.5164794921875,16.516481399536133,19.29399871826172,1.9073486328125e-06,19.293996810913086
240,85439.7,85659.3,85427.1,85647.1,10836.0,35.835723876953125,16.406715393066406,16.406713485717773,19.42900848388672,1.9073486328125e-06,19.42901039123535
241,85625.5,85680.6,85510.3,85680.6,6731.0,43.05587387084961,15.411224365234375,15.411221504211426,27.644649505615234,2.86102294921875e-06,27.644652366638184
242,85680.5,85680.9,85575.1,85613.4,6608.0,50.25210189819336,12.537696838378906,12.537698745727539,37.71440505981445,1.9073486328125e-06,37.71440315246582
243,85626.1,85699.9,85549.1,85575.0,10137.0,50.19851303100586,12.286857604980469,12.286856651306152,37.91165542602539,9.5367431640625e-07,37.91165637969971
244,85598.0,85715.5,85572.4,85672.9,7328.0,57.3285026550293,11.659950256347656,11.659948348999023,45.66855239868164,1.9073486328125e-06,45.66855430603027
245,85673.0,85999.4,85673.0,85932.5,15574.0,64.41047668457031,16.810401916503906,16.81040382385254,47.600074768066406,1.9073486328125e-06,47.60007286071777
246,85934.9,86054.4,85926.3,85992.9,11959.0,64.27839660644531,24.766510009765625,24.766510009765625,39.51188659667969,0.0,39.51188659667969
247,86000.8,86040.4,85902.2,85936.9,8689.0,57.158935546875,26.799606323242188,26.799606323242188,30.359329223632812,0.0,30.359329223632812
248,85937.8,86035.6,85926.0,86014.1,10299.0,50.05840301513672,27.55823516845703,27.55823516845703,22.500167846679688,0.0,22.500167846679688
249,86025.2,86025.2,85833.7,85839.4,5731.0,42.95503616333008,29.518417358398438,29.518417358398438,13.43661880493164,0.0,13.43661880493164
250,85839.5,85941.5,85839.4,85930.4,4302.0,42.97117614746094,36.13292694091797,36.13292694091797,6.838249206542969,0.0,6.838249206542969
251,85921.9,85930.2,85830.6,85879.7,6486.0,42.92560958862305,41.201263427734375,41.201263427734375,1.7243461608886719,0.0,1.7243461608886719
252,85896.6,85930.0,85835.3,85912.9,4643.0,35.78173828125,48.970924377441406,48.970924377441406,13.189186096191406,0.0,13.189186096191406
253,85912.0,85912.0,85813.0,85827.0,2945.0,35.82206726074219,63.849098205566406,63.849098205566406,28.02703094482422,0.0,28.02703094482422
254,85829.2,85829.2,85720.1,85774.1,4394.0,42.93082809448242,57.50907516479492,57.50907516479492,14.5782470703125,0.0,14.5782470703125
255,85783.3,85943.9,85783.3,85942.9,5970.0,35.80982971191406,57.209598541259766,57.209598541259766,21.399768829345703,0.0,21.399768829345703
256,85925.4,85974.4,85701.9,85718.3,10857.0,28.679222106933594,54.98035430908203,54.980350494384766,26.301132202148438,3.814697265625e-06,26.301128387451172
257,85718.3,85718.7,85533.6,85565.1,10773.0,28.72248077392578,54.66336441040039,54.66337203979492,25.94088363647461,7.62939453125e-06,25.94089126586914
258,85565.1,85646.5,85544.6,85624.6,4371.0,21.528335571289062,49.33909225463867,49.33909225463867,27.81075668334961,0.0,27.81075668334961
259,85624.7,85642.1,85466.0,85526.5,10898.0,21.403167724609375,36.38572692871094,36.38572311401367,14.982559204101562,3.814697265625e-06,14.982555389404297
260,85510.1,85640.6,85480.2,85621.2,6778.0,28.57025146484375,32.963356018066406,32.963348388671875,4.393104553222656,7.62939453125e-06,4.393096923828125
261,85621.2,85773.2,85621.2,85727.2,7407.0,35.797760009765625,41.13493728637695,41.13493728637695,5.337177276611328,0.0,5.337177276611328
262,85729.2,85785.5,85703.8,85785.5,9769.0,43.00467300415039,40.79024887084961,40.790245056152344,2.2144241333007812,3.814697265625e-06,2.214427947998047
263,85785.6,85804.4,85650.4,85658.2,8415.0,50.20876693725586,39.67890167236328,39.67890548706055,10.529865264892578,3.814697265625e-06,10.529861450195312
264,85657.3,85657.3,85495.8,85533.1,4775.0,57.393890380859375,35.117401123046875,35.11740493774414,22.2764892578125,3.814697265625e-06,22.276485443115234
265,85534.1,85579.5,85432.9,85462.1,9237.0,50.205467224121094,34.175392150878906,34.175392150878906,16.030075073242188,0.0,16.030075073242188
266,85469.8,85567.3,85445.9,85535.4,10767.0,57.393646240234375,37.91169357299805,37.91169357299805,19.481952667236328,0.0,19.481952667236328
267,85533.0,85579.6,85487.1,85487.2,2838.0,57.343994140625,40.595733642578125,40.59573745727539,16.748260498046875,3.814697265625e-06,16.74825668334961
268,85481.1,85625.0,85474.8,85612.1,6635.0,57.39447021484375,45.82463455200195,45.82463836669922,11.569835662841797,3.814697265625e-06,11.569831848144531
269,85604.5,85711.2,85604.5,85687.9,6297.0,64.540771484375,45.978389739990234,45.978397369384766,18.562381744384766,7.62939453125e-06,18.562374114990234
270,85687.5,85792.8,85609.7,85792.8,6186.0,71.64949035644531,53.91892623901367,53.918922424316406,17.73056411743164,3.814697265625e-06,17.730567932128906
271,85800.0,85853.5,85674.6,85701.6,7363.0,78.72740173339844,62.96712875366211,62.96712875366211,15.760272979736328,0.0,15.760272979736328
272,85704.4,85796.4,85675.8,85759.0,4660.0,85.75849914550781,67.35780334472656,67.35780334472656,18.40069580078125,0.0,18.40069580078125
273,85759.1,85772.3,85654.9,85654.9,4528.0,78.55824279785156,71.83277893066406,71.83277893066406,6.7254638671875,0.0,6.7254638671875
274,85663.4,85663.4,85579.3,85613.0,4202.0,78.60181427001953,66.54132843017578,66.54132843017578,12.06048583984375,0.0,12.06048583984375
275,85617.9,85650.0,85577.4,85630.5,2748.0,71.43172454833984,64.77586364746094,64.7758560180664,6.655860900878906,7.62939453125e-06,6.6558685302734375
276,85642.8,85944.7,85642.2,85944.6,6701.0,71.47508239746094,63.51074981689453,63.5107536315918,7.964332580566406,3.814697265625e-06,7.964328765869141
277,85933.7,85994.8,85778.8,85800.3,9326.0,64.31930541992188,73.66365051269531,73.66365051269531,9.344345092773438,0.0,9.344345092773438
278,85794.2,85898.8,85778.1,85867.2,8023.0,57.18989562988281,70.97235870361328,70.97235107421875,13.782463073730469,7.62939453125e-06,13.782455444335938
279,85855.5,85914.1,85800.5,85871.9,6588.0,57.13432693481445,80.70536804199219,80.70536804199219,23.571041107177734,0.0,23.571041107177734
280,85866.2,86031.3,85852.7,85988.0,11707.0,50.04563903808594,80.92455291748047,80.92455291748047,30.87891387939453,0.0,30.87891387939453
281,85988.0,86090.0,85977.8,86068.3,5521.0,50.01124954223633,81.4954833984375,81.4954833984375,31.484233856201172,0.0,31.484233856201172
282,86062.7,86078.8,86009.1,86047.9,4429.0,42.94305419921875,76.00967407226562,76.00968170166016,33.066619873046875,7.62939453125e-06,33.066627502441406
283,86058.4,86129.3,86037.8,86071.8,4974.0,35.85615539550781,75.65203857421875,75.65203857421875,39.79588317871094,0.0,39.79588317871094
284,86067.5,86108.6,86045.0,86058.0,3915.0,35.805145263671875,70.37078857421875,70.37078857421875,34.565643310546875,0.0,34.565643310546875
285,86058.0,86125.1,86053.1,86063.0,4532.0,35.74669647216797,69.35426330566406,69.35426330566406,33.607566833496094,0.0,33.607566833496094
286,86062.2,86062.2,85998.7,85998.7,2655.0,28.587684631347656,65.26005554199219,65.26005554199219,36.67237091064453,0.0,36.67237091064453
287,85999.1,86071.6,85999.0,86045.6,4464.0,28.629295349121094,70.9000244140625,70.90001678466797,42.270729064941406,7.62939453125e-06,42.270721435546875
288,86053.5,86057.0,85921.6,85951.1,5981.0,28.95989990234375,69.33783721923828,69.33783721923828,40.37793731689453,0.0,40.37793731689453
289,85957.7,85994.0,85936.4,85974.5,3532.0,28.832595825195312,65.34426879882812,65.34426879882812,36.51167297363281,0.0,36.51167297363281
290,85967.0,85997.2,85936.1,85997.2,6763.0,21.595443725585938,65.37471008300781,65.37471008300781,43.779266357421875,0.0,43.779266357421875
291,85997.2,86001.5,85941.1,85958.6,3057.0,29.001327514648438,58.51546096801758,58.515464782714844,29.51413345336914,3.814697265625e-06,29.514137268066406
292,85971.0,86022.3,85971.0,85995.9,4989.0,28.8909912109375,67.75700378417969,67.75700378417969,38.86601257324219,0.0,38.86601257324219
293,85983.3,85996.5,85935.9,85962.2,5489.0,28.784950256347656,59.649627685546875,59.649627685546875,30.86467742919922,0.0,30.86467742919922
294,85966.3,85986.7,85891.4,85922.4,8574.0,28.67247772216797,45.37568664550781,45.37568664550781,16.703208923339844,0.0,16.703208923339844
295,85918.2,85984.1,85918.2,85975.6,6319.0,28.57513427734375,45.996707916259766,45.996707916259766,17.421573638916016,0.0,17.421573638916016
296,85962.7,85986.5,85945.6,85961.5,4096.0,35.709259033203125,52.125404357910156,52.12540054321289,16.41614532470703,3.814697265625e-06,16.416141510009766
297,85962.6,86028.1,85961.3,86020.9,4533.0,35.561729431152344,51.81585693359375,51.815853118896484,16.254127502441406,3.814697265625e-06,16.25412368774414
298,86019.2,86020.8,85968.5,85968.5,2496.0,28.64959716796875,52.908451080322266,52.908451080322266,24.258853912353516,0.0,24.258853912353516
299,85964.2,85964.2,85817.3,85832.3,3535.0,28.89289093017578,46.88426971435547,46.8842658996582,17.991378784179688,3.814697265625e-06,17.991374969482422
300,85817.3,85865.2,85798.6,85861.3,10066.0,35.89286804199219,42.19163131713867,42.19163131713867,6.298763275146484,0.0,6.298763275146484
301,85863.3,85863.3,85794.8,85802.0,9386.0,42.85004806518555,33.89533996582031,33.89533996582031,8.954708099365234,0.0,8.954708099365234
302,85800.1,85864.7,85765.8,85810.0,5590.0,42.772926330566406,34.06902313232422,34.06903076171875,8.703903198242188,7.62939453125e-06,8.703895568847656
303,85810.1,85859.5,85810.1,85828.0,3362.0,49.976043701171875,38.43758773803711,38.437583923339844,11.538455963134766,3.814697265625e-06,11.538459777832031
304,85822.3,85860.8,85822.1,85831.6,5387.0,50.01094055175781,37.32780075073242,37.32780456542969,12.68313980102539,3.814697265625e-06,12.683135986328125
305,85822.8,85888.9,85697.6,85697.6,6473.0,49.981666564941406,35.745513916015625,35.745513916015625,14.236152648925781,0.0,14.236152648925781
306,85695.3,85766.4,85656.3,85766.1,10213.0,49.99756622314453,27.72899627685547,27.7289981842041,22.268569946289062,1.9073486328125e-06,22.26856803894043
307,85766.5,85852.0,85671.8,85693.6,3404.0,57.18605422973633,32.50037384033203,32.500370025634766,24.685680389404297,3.814697265625e-06,24.685684204101562
308,85702.2,85723.8,85620.9,85622.9,5585.0,64.36114501953125,33.716712951660156,33.71671676635742,30.644432067871094,3.814697265625e-06,30.644428253173828
309,85644.7,85647.0,85622.9,85623.0,3111.0,64.31611633300781,26.929244995117188,26.929241180419922,37.386871337890625,3.814697265625e-06,37.38687515258789
310,85631.0,85665.0,85631.0,85636.9,4084.0,64.33482360839844,26.9034423828125,26.903440475463867,37.43138122558594,1.9073486328125e-06,37.43138313293457
311,85636.1,85707.5,85636.1,85703.2,4418.0,64.30011749267578,26.778457641601562,26.778453826904297,37.52165985107422,3.814697265625e-06,37.521663665771484
312,85707.8,85771.7,85707.8,85711.1,2704.0,71.40190124511719,30.204788208007812,30.20479393005371,41.197113037109375,5.7220458984375e-06,41.19710731506348
313,85711.1,85769.9,85687.0,85752.4,4256.0,71.43258666992188,35.380149841308594,35.38014602661133,36.05243682861328,3.814697265625e-06,36.05244064331055
314,85748.2,85823.4,85698.3,85698.3,4213.0,64.32024383544922,44.09025192260742,44.09025955200195,20.229991912841797,7.62939453125e-06,20.229984283447266
315,85698.2,85706.7,85631.2,85631.2,4632.0,57.21088409423828,47.20766067504883,47.20766067504883,10.003223419189453,0.0,10.003223419189453
316,85632.3,85754.7,85625.5,85739.9,3221.0,57.212890625,53.880924224853516,53.88092041015625,3.3319664001464844,3.814697265625e-06,3.33197021484375
317,85747.2,85816.0,85691.2,85715.2,4803.0,57.210113525390625,54.877986907958984,54.877986907958984,2.3321266174316406,0.0,2.3321266174316406
318,85722.2,85737.1,85632.0,85659.7,3118.0,57.21114730834961,48.42519760131836,48.425193786621094,8.78594970703125,3.814697265625e-06,8.785953521728516
319,85661.6,85687.8,85644.3,85668.9,5380.0,50.083778381347656,49.26860809326172,49.268611907958984,0.8151702880859375,3.814697265625e-06,0.8151664733886719
320,85664.7,85768.7,85664.7,85768.7,3704.0,57.216800689697266,61.4767951965332,61.4767951965332,4.2599945068359375,0.0,4.2599945068359375
321,85775.8,85825.9,85674.0,85674.0,4334.0,57.20499038696289,54.56716537475586,54.567161560058594,2.6378250122070312,3.814697265625e-06,2.637828826904297
322,85661.1,85722.1,85629.1,85722.1,3253.0,50.06828308105469,56.86869430541992,56.86869430541992,6.800411224365234,0.0,6.800411224365234
323,85718.0,85751.9,85661.0,85667.1,3712.0,50.088558197021484,62.9022216796875,62.9022216796875,12.813663482666016,0.0,12.813663482666016
324,85667.1,85696.1,85603.6,85696.1,4164.0,42.94696044921875,55.51173782348633,55.51173782348633,12.564777374267578,0.0,12.564777374267578
325,85682.4,85804.0,85669.9,85767.0,16307.0,42.97947311401367,63.31797409057617,63.31797790527344,20.3385009765625,3.814697265625e-06,20.338504791259766
326,85759.8,85850.0,85747.8,85850.0,3203.0,35.85466003417969,63.58773422241211,63.58773422241211,27.733074188232422,0.0,27.733074188232422
327,85854.0,85901.0,85835.9,85835.9,3468.0,28.712234497070312,63.165313720703125,63.165313720703125,34.45307922363281,0.0,34.45307922363281
328,85832.3,85889.4,85832.3,85889.4,4198.0,35.83409118652344,63.160614013671875,63.160614013671875,27.326522827148438,0.0,27.326522827148438
329,85890.3,85902.1,85825.9,85852.1,3332.0,35.861061096191406,64.39215850830078,64.39215850830078,28.531097412109375,0.0,28.531097412109375
330,85852.1,85930.9,85852.1,85878.5,3155.0,28.70990753173828,64.36021423339844,64.36021423339844,35.650306701660156,0.0,35.650306701660156
331,85874.2,85874.2,85692.2,85700.0,4425.0,28.615089416503906,57.425926208496094,57.425926208496094,28.810836791992188,0.0,28.810836791992188
332,85699.9,85699.9,85474.5,85474.5,8504.0,28.651351928710938,53.09117126464844,53.09117126464844,24.4398193359375,0.0,24.4398193359375
333,85473.9,85526.3,85420.3,85486.2,9694.0,28.692970275878906,50.07211685180664,50.07211685180664,21.379146575927734,0.0,21.379146575927734
334,85501.5,85604.9,85480.8,85572.9,10546.0,21.52008819580078,54.21200942993164,54.21200942993164,32.69192123413086,0.0,32.69192123413086
335,85568.5,85583.0,85450.0,85493.9,6985.0,14.316024780273438,52.53025436401367,52.53025436401367,38.214229583740234,0.0,38.214229583740234
336,85489.0,85582.8,85474.2,85555.8,32121.0,14.349464416503906,67.41531372070312,67.41531372070312,53.06584930419922,0.0,53.06584930419922
337,85555.7,85555.7,85450.0,85476.3,4223.0,21.46038055419922,63.869991302490234,63.8699951171875,42.409610748291016,3.814697265625e-06,42.40961456298828
338,85480.4,85523.9,85469.1,85472.7,7586.0,21.500381469726562,62.02114486694336,62.02114486694336,40.5207633972168,0.0,40.5207633972168
339,85469.1,85523.7,85427.6,85442.0,8565.0,21.540924072265625,51.557960510253906,51.55796432495117,30.01703643798828,3.814697265625e-06,30.017040252685547
340,85442.0,85567.2,85442.0,85514.8,5399.0,28.641685485839844,52.50039291381836,52.500396728515625,23.858707427978516,3.814697265625e-06,23.85871124267578
341,85512.3,85561.3,85399.6,85561.3,6553.0,28.680648803710938,48.084163665771484,48.08415603637695,19.403514862060547,7.62939453125e-06,19.403507232666016
342,85553.0,85729.4,85524.2,85654.8,5704.0,28.556884765625,48.749149322509766,48.749149322509766,20.192264556884766,0.0,20.192264556884766
343,85654.9,85931.1,85654.9,85913.5,16924.0,35.72728729248047,56.67109680175781,56.67109298706055,20.943809509277344,3.814697265625e-06,20.943805694580078
344,85914.5,86012.0,85878.8,85878.8,10279.0,42.92176818847656,58.92479705810547,58.9247932434082,16.003028869628906,3.814697265625e-06,16.00302505493164
345,85883.0,85996.5,85883.0,85948.5,6728.0,35.711143493652344,62.7772102355957,62.7772102355957,27.06606674194336,0.0,27.06606674194336
346,85950.9,85979.7,85879.3,85879.3,3159.0,35.73584747314453,65.26423645019531,65.26424407958984,29.52838897705078,7.62939453125e-06,29.528396606445312
347,85875.2,85875.2,85723.7,85741.6,6791.0,42.914371490478516,66.689697265625,66.68968963623047,23.775325775146484,7.62939453125e-06,23.775318145751953
348,85745.6,85828.9,85745.6,85783.2,3525.0,42.91960525512695,64.81657409667969,64.81657409667969,21.896968841552734,0.0,21.896968841552734
349,85762.6,85807.2,85753.7,85778.3,2848.0,42.91502380371094,67.03475952148438,67.03475189208984,24.119735717773438,7.62939453125e-06,24.119728088378906
350,85768.1,85816.5,85768.1,85816.5,4345.0,42.9089469909668,57.17467498779297,57.17467498779297,14.265727996826172,0.0,14.265727996826172
351,85816.6,85888.1,85804.1,85871.0,3167.0,42.879878997802734,61.28742980957031,61.28742980957031,18.407550811767578,0.0,18.407550811767578
352,85863.5,85912.7,85846.6,85887.0,7238.0,42.89024353027344,69.44367980957031,69.44367980957031,26.553436279296875,0.0,26.553436279296875
353,85889.3,85957.3,85854.7,85957.3,2948.0,50.02743911743164,77.41845703125,77.41845703125,27.39101791381836,0.0,27.39101791381836
354,85957.2,86040.2,85954.5,86032.3,5187.0,42.910430908203125,77.37061309814453,77.37061309814453,34.460182189941406,0.0,34.460182189941406
355,86032.3,86077.6,86003.0,86058.2,4787.0,42.91840362548828,84.70602416992188,84.70602416992188,41.787620544433594,0.0,41.787620544433594
356,86056.2,86121.1,86056.1,86056.2,4706.0,42.93177032470703,84.52633666992188,84.52633666992188,41.594566345214844,0.0,41.594566345214844
357,86067.6,86115.4,86056.1,86056.1,3744.0,42.92424392700195,76.19429016113281,76.19429016113281,33.27004623413086,0.0,33.27004623413086
358,86056.0,86056.0,85994.5,86026.6,2311.0,42.912418365478516,69.34675598144531,69.34675598144531,26.434337615966797,0.0,26.434337615966797
359,86026.5,86060.7,86012.3,86059.4,3384.0,50.09251403808594,67.58541870117188,67.58541107177734,17.492904663085938,7.62939453125e-06,17.492897033691406
360,86052.5,86089.3,86026.7,86087.3,3147.0,57.27082061767578,73.01522064208984,73.01522064208984,15.744400024414062,0.0,15.744400024414062
361,86087.2,86164.4,86012.3,86022.5,4912.0,57.28207778930664,75.42790222167969,75.42790222167969,18.145824432373047,0.0,18.145824432373047
362,86015.4,86086.4,85968.9,86082.1,4110.0,57.253082275390625,68.44844055175781,68.44844055175781,11.195358276367188,0.0,11.195358276367188
363,86062.7,86078.7,86027.4,86062.1,2589.0,64.40381622314453,73.33055114746094,73.33055114746094,8.926734924316406,0.0,8.926734924316406
364,86068.1,86117.8,86020.7,86040.4,3568.0,71.55027770996094,72.96522521972656,72.96522521972656,1.414947509765625,0.0,1.414947509765625
365,86040.5,86048.8,85957.1,85980.7,3070.0,64.38504028320312,67.41068267822266,67.41068267822266,3.0256423950195312,0.0,3.0256423950195312
366,85978.0,86169.3,85967.8,86135.8,4361.0,64.32756042480469,65.6456298828125,65.6456298828125,1.3180694580078125,0.0,1.3180694580078125
367,86135.8,86248.1,86031.1,86060.6,6480.0,57.20119857788086,67.80404663085938,67.80404663085938,10.602848052978516,0.0,10.602848052978516
368,86056.3,86067.4,86014.9,86014.9,2417.0,57.15819549560547,61.63227081298828,61.63227462768555,4.4740753173828125,3.814697265625e-06,4.474079132080078
369,86010.6,86130.3,86010.6,86121.1,5066.0,64.24581909179688,61.832679748535156,61.832679748535156,2.4131393432617188,0.0,2.4131393432617188
370,86116.7,86126.7,86075.7,86095.0,4595.0,64.26117706298828,61.75466537475586,61.75466537475586,2.506511688232422,0.0,2.506511688232422
371,86092.5,86129.6,86060.8,86069.6,2470.0,64.28258514404297,63.25357437133789,63.253578186035156,1.0290107727050781,3.814697265625e-06,1.0290069580078125
372,86075.4,86081.5,86056.1,86062.0,5649.0,57.15568542480469,59.46983337402344,59.4698371887207,2.31414794921875,3.814697265625e-06,2.3141517639160156
373,86056.0,86119.4,86048.2,86119.4,3238.0,50.03450012207031,59.364994049072266,59.364994049072266,9.330493927001953,0.0,9.330493927001953
374,86128.0,86220.8,86122.8,86216.6,5249.0,42.90705490112305,60.84824752807617,60.84824752807617,17.941192626953125,0.0,17.941192626953125
375,86204.5,86322.9,86183.2,86192.3,9061.0,35.784263610839844,71.4100341796875,71.4100341796875,35.625770568847656,0.0,35.625770568847656
376,86192.2,86192.2,86142.7,86170.0,2753.0,35.806121826171875,73.00411224365234,73.00411987304688,37.19799041748047,7.62939453125e-06,37.197998046875
377,86182.3,86340.0,86182.3,86301.2,7937.0,28.658203125,75.20067596435547,75.20067596435547,46.54247283935547,0.0,46.54247283935547
378,86305.9,86338.2,86290.0,86290.0,3039.0,21.494102478027344,75.0035400390625,75.0035400390625,53.509437561035156,0.0,53.509437561035156
379,86286.2,86309.2,86236.0,86258.9,5341.0,28.612152099609375,72.47210693359375,72.47210693359375,43.859954833984375,0.0,43.859954833984375
380,86257.3,86338.3,86244.4,86303.6,3256.0,28.639419555664062,72.0186767578125,72.0186767578125,43.37925720214844,0.0,43.37925720214844
381,86303.6,86309.6,86250.7,86302.4,2599.0,35.75975799560547,66.13768768310547,66.13768768310547,30.3779296875,0.0,30.3779296875
382,86303.6,86344.9,86277.8,86340.4,4060.0,42.89387512207031,70.75907897949219,70.75908660888672,27.865203857421875,7.62939453125e-06,27.865211486816406
383,86338.3,86344.8,86258.4,86286.1,3108.0,35.74383544921875,64.856689453125,64.856689453125,29.11285400390625,0.0,29.11285400390625
384,86286.4,86309.7,86252.1,86309.7,2156.0,35.69207763671875,59.82997512817383,59.82997512817383,24.137897491455078,0.0,24.137897491455078
385,86314.0,86344.9,86299.6,86344.9,3074.0,28.51390838623047,64.31010437011719,64.31010437011719,35.79619598388672,0.0,35.79619598388672
386,86344.8,86344.8,86286.7,86324.9,5096.0,28.542022705078125,64.8858413696289,64.8858413696289,36.34381866455078,0.0,36.34381866455078
387,86334.8,86338.0,86254.7,86263.5,5631.0,28.56525421142578,57.20621109008789,57.20621109008789,28.64095687866211,0.0,28.64095687866211
388,86267.7,86292.5,86240.0,86256.2,2701.0,28.597938537597656,50.87179183959961,50.87179946899414,22.273853302001953,7.62939453125e-06,22.273860931396484
389,86254.1,86254.1,86193.9,86207.5,2405.0,35.71648406982422,40.20232009887695,40.20232391357422,4.485836029052734,3.814697265625e-06,4.48583984375
390,86207.6,86266.1,86207.6,86266.1,6706.0,35.80229949951172,49.1563606262207,49.15636444091797,13.354061126708984,3.814697265625e-06,13.35406494140625
391,86267.1,86301.8,86220.0,86237.4,3000.0,35.90155792236328,44.34486770629883,44.34486770629883,8.443309783935547,0.0,8.443309783935547
392,86238.3,86307.1,86219.1,86219.1,4243.0,42.97905731201172,37.651336669921875,37.651336669921875,5.327720642089844,0.0,5.327720642089844
393,86217.2,86256.4,86160.5,86238.5,3859.0,35.86846923828125,38.72809600830078,38.72809600830078,2.8596267700195312,0.0,2.8596267700195312
394,86242.7,86250.0,86205.0,86214.2,3779.0,42.9501953125,39.335906982421875,39.33591079711914,3.614288330078125,3.814697265625e-06,3.6142845153808594
395,86205.6,86205.6,86062.1,86062.1,8078.0,35.79704284667969,35.622962951660156,35.622955322265625,0.17407989501953125,7.62939453125e-06,0.1740875244140625
396,86062.1,86067.8,86017.3,86036.8,5860.0,28.614761352539062,27.750106811523438,27.750110626220703,0.864654541015625,3.814697265625e-06,0.8646507263183594
397,86033.7,86033.7,85869.9,85932.9,9270.0,35.750282287597656,25.16608428955078,25.16608238220215,10.584197998046875,1.9073486328125e-06,10.584199905395508
398,85932.5,85949.1,85905.2,85905.2,2510.0,35.63761901855469,25.035446166992188,25.035444259643555,10.6021728515625,1.9073486328125e-06,10.602174758911133
399,85902.4,85918.0,85846.1,85853.2,5250.0,42.83667755126953,19.742271423339844,19.742277145385742,23.094406127929688,5.7220458984375e-06,23.09440040588379
400,85864.9,85889.3,85829.6,85867.5,2686.0,42.904178619384766,20.46941375732422,20.469406127929688,22.434764862060547,7.62939453125e-06,22.434772491455078
401,85855.7,85940.4,85855.7,85928.9,6484.0,42.9891357421875,29.89923858642578,29.89923858642578,13.089897155761719,0.0,13.089897155761719
402,85926.0,85937.7,85894.7,85927.0,2066.0,50.198219299316406,33.30620574951172,33.30620574951172,16.892013549804688,0.0,16.892013549804688
403,85928.6,86085.2,85894.1,86085.2,17823.0,42.98481369018555,48.84930419921875,48.84930419921875,5.864490509033203,0.0,5.864490509033203
404,86085.1,86225.3,86025.6,86058.2,69246.0,43.01723098754883,71.04596710205078,71.04595947265625,28.028736114501953,7.62939453125e-06,28.028728485107422
405,86058.2,86058.2,85965.0,85970.3,4219.0,43.027252197265625,68.3867416381836,68.3867416381836,25.35948944091797,0.0,25.35948944091797
406,85969.8,86053.8,85968.7,86053.8,2784.0,35.88795471191406,71.01886749267578,71.01886749267578,35.13091278076172,0.0,35.13091278076172
407,86054.0,86116.5,86018.3,86113.2,1520.0,42.98050308227539,73.26971435546875,73.26971435546875,30.28921127319336,0.0,30.28921127319336
408,86112.1,86142.0,86038.7,86071.7,3330.0,42.962181091308594,73.18347930908203,73.18347930908203,30.221298217773438,0.0,30.221298217773438
409,86071.6,86087.8,86033.8,86065.8,3745.0,42.984535217285156,75.50450134277344,75.50450134277344,32.51996612548828,0.0,32.51996612548828
410,86070.7,86154.0,86070.7,86154.0,2658.0,50.08143997192383,79.30418395996094,79.30418395996094,29.22274398803711,0.0,29.22274398803711
411,86158.8,86187.3,86136.3,86136.3,1825.0,42.950927734375,85.42434692382812,85.42434692382812,42.473419189453125,0.0,42.473419189453125
412,86136.1,86157.2,86093.9,86127.3,2414.0,35.787017822265625,85.48538208007812,85.48538208007812,49.6983642578125,0.0,49.6983642578125
413,86123.1,86146.9,86092.1,86096.5,2241.0,28.611648559570312,87.56689453125,87.56689453125,58.95524597167969,0.0,58.95524597167969
414,86107.5,86107.5,86049.8,86084.9,3268.0,28.689498901367188,87.14976501464844,87.14976501464844,58.46026611328125,0.0,58.46026611328125
415,86070.8,86144.4,86070.8,86139.5,1926.0,28.76103973388672,86.65933227539062,86.65933227539062,57.898292541503906,0.0,57.898292541503906
416,86139.4,86208.2,86112.7,86112.7,2857.0,21.569046020507812,86.74803924560547,86.74803924560547,65.17899322509766,0.0,65.17899322509766
417,86129.9,86198.7,86124.3,86198.7,2111.0,28.626693725585938,84.75100708007812,84.75100708007812,56.12431335449219,0.0,56.12431335449219
418,86200.0,86219.3,86138.3,86138.3,2441.0,28.701271057128906,50.923736572265625,50.92373275756836,22.22246551513672,3.814697265625e-06,22.222461700439453
419,86135.0,86216.6,86133.7,86188.1,3033.0,35.77764129638672,60.97881317138672,60.97881317138672,25.201171875,0.0,25.201171875
420,86192.4,86234.1,86161.2,86211.7,3270.0,35.88270568847656,61.50294494628906,61.50294876098633,25.6202392578125,3.814697265625e-06,25.620243072509766
421,86211.6,86254.0,86118.7,86118.7,3784.0,28.70891571044922,54.01533126831055,54.01533126831055,25.306415557861328,0.0,25.306415557861328
422,86120.6,86120.6,85981.3,86023.5,3653.0,28.508987426757812,45.08840560913086,45.08840560913086,16.579418182373047,0.0,16.579418182373047
423,86038.5,86096.8,86002.0,86002.0,4179.0,28.59234619140625,44.59695053100586,44.596954345703125,16.00460433959961,3.814697265625e-06,16.004608154296875
424,85999.1,86081.7,85999.1,86061.1,2863.0,28.39250946044922,44.87822723388672,44.878231048583984,16.4857177734375,3.814697265625e-06,16.485721588134766
425,86060.1,86084.1,86005.2,86012.3,3312.0,35.54789733886719,38.85313415527344,38.8531379699707,3.30523681640625,3.814697265625e-06,3.3052406311035156
426,86012.4,86124.6,85990.8,86002.0,5335.0,42.76325225830078,48.335205078125,48.335208892822266,5.571952819824219,3.814697265625e-06,5.571956634521484
427,85997.7,86007.1,85951.4,85959.4,2851.0,49.997955322265625,47.683109283447266,47.683109283447266,2.3148460388183594,0.0,2.3148460388183594
428,85959.3,85959.3,85800.9,85849.9,5078.0,50.02936553955078,45.84717559814453,45.84718322753906,4.18218994140625,7.62939453125e-06,4.182182312011719
429,85857.6,85951.9,85857.6,85947.3,1962.0,50.05610275268555,45.883663177490234,45.883663177490234,4.1724395751953125,0.0,4.1724395751953125
430,85956.3,86015.1,85938.5,85938.6,5221.0,57.246803283691406,48.48046112060547,48.48046875,8.766342163085938,7.62939453125e-06,8.766334533691406
431,85932.1,85932.1,85836.9,85881.4,6432.0,57.25632095336914,40.612178802490234,40.612178802490234,16.644142150878906,0.0,16.644142150878906
432,85891.7,86089.3,85891.7,85985.1,7549.0,64.42762756347656,49.96785354614258,49.96786117553711,14.459774017333984,7.62939453125e-06,14.459766387939453
433,85991.3,86020.3,85972.0,85972.0,3266.0,64.47663116455078,44.6026611328125,44.602664947509766,19.87397003173828,3.814697265625e-06,19.873966217041016
434,85966.9,85993.7,85933.9,85973.8,3496.0,71.59458923339844,38.880592346191406,38.880592346191406,32.71399688720703,0.0,32.71399688720703
435,85961.0,85970.4,85883.3,85888.5,3662.0,71.47931671142578,38.96839141845703,38.968387603759766,32.51092529296875,3.814697265625e-06,32.510929107666016
436,85888.0,85888.0,85852.1,85869.9,2574.0,71.52091217041016,39.70022964477539,39.70022964477539,31.820682525634766,0.0,31.820682525634766
437,85861.3,85874.5,85800.0,85845.3,2784.0,71.4058837890625,40.68778610229492,40.68778991699219,30.718097686767578,3.814697265625e-06,30.718093872070312
438,85850.4,85866.5,85758.0,85774.0,10196.0,64.27734375,31.51751708984375,31.51751708984375,32.75982666015625,0.0,32.75982666015625
439,85770.5,85770.5,85695.5,85742.7,8930.0,57.193790435791016,28.97368621826172,28.973690032958984,28.220104217529297,3.814697265625e-06,28.22010040283203
440,85742.6,85742.6,85650.0,85692.3,5327.0,50.1063346862793,21.2752685546875,21.275270462036133,28.831066131591797,1.9073486328125e-06,28.831064224243164
441,85692.3,85763.5,85692.3,85763.5,3544.0,43.0067138671875,26.121795654296875,26.12179183959961,16.884918212890625,3.814697265625e-06,16.88492202758789
442,85763.4,85831.0,85748.6,85819.0,4699.0,43.0283203125,33.00868225097656,33.00868225097656,10.019638061523438,0.0,10.019638061523438
443,85823.3,85843.9,85761.2,85765.4,4608.0,43.044227600097656,29.08612823486328,29.086130142211914,13.958099365234375,1.9073486328125e-06,13.958097457885742
444,85765.3,85780.9,85723.6,85729.4,3187.0,43.010955810546875,22.489913940429688,22.489917755126953,20.521041870117188,3.814697265625e-06,20.521038055419922
445,85727.3,85764.0,85685.6,85692.1,5761.0,35.909095764160156,22.71063995361328,22.710636138916016,13.198455810546875,3.814697265625e-06,13.19845962524414
446,85691.1,85804.9,85654.5,85783.9,3678.0,28.76361846923828,18.13518524169922,18.135183334350586,10.628433227539062,1.9073486328125e-06,10.628435134887695
447,85784.8,85822.1,85700.1,85700.1,5072.0,21.57196044921875,17.652854919433594,17.65285301208496,3.9191055297851562,1.9073486328125e-06,3.919107437133789
448,85700.0,85700.0,85650.0,85657.6,3991.0,14.383438110351562,17.527671813964844,17.527671813964844,3.1442337036132812,0.0,3.1442337036132812
449,85657.6,85657.6,85601.1,85619.1,7419.0,14.432632446289062,16.61438751220703,16.614395141601562,2.1817550659179688,7.62939453125e-06,2.1817626953125
450,85619.6,85649.6,85600.0,85600.0,3742.0,14.230171203613281,16.350433349609375,16.350431442260742,2.1202621459960938,1.9073486328125e-06,2.120260238647461
451,85600.0,85667.6,85600.0,85655.6,2979.0,21.47246551513672,20.377769470214844,20.377765655517578,1.094696044921875,3.814697265625e-06,1.0946998596191406
452,85641.1,85641.1,85606.0,85606.0,3229.0,28.744796752929688,22.527870178222656,22.527870178222656,6.216926574707031,0.0,6.216926574707031
453,85600.0,85710.8,85588.3,85681.6,8372.0,36.03373336791992,35.47718048095703,35.47718048095703,0.5565528869628906,0.0,0.5565528869628906
454,85677.5,85732.0,85669.1,85717.2,3388.0,43.32371520996094,41.87908172607422,41.879085540771484,1.4446334838867188,3.814697265625e-06,1.4446296691894531
455,85713.0,85839.8,85713.0,85747.9,13622.0,43.257713317871094,49.82793426513672,49.82793426513672,6.570220947265625,0.0,6.570220947265625
456,85755.1,85777.9,85710.1,85727.9,4033.0,50.47781753540039,43.84751892089844,43.84751892089844,6.630298614501953,0.0,6.630298614501953
457,85714.0,85727.9,85639.6,85686.6,4296.0,57.70054626464844,44.03889846801758,44.03890609741211,13.66164779663086,7.62939453125e-06,13.661640167236328
458,85687.3,85687.3,85548.0,85615.8,5345.0,57.80299377441406,42.77439880371094,42.77439880371094,15.028594970703125,0.0,15.028594970703125
459,85613.0,85663.5,85533.1,85663.5,7573.0,64.97576904296875,51.630043029785156,51.63004684448242,13.345726013183594,3.814697265625e-06,13.345722198486328
460,85666.8,85782.0,85618.0,85618.0,8897.0,64.79521942138672,54.70810317993164,54.708106994628906,10.087116241455078,3.814697265625e-06,10.087112426757812
461,85621.1,85630.4,85570.6,85627.3,3147.0,64.62660217285156,56.02834701538086,56.02834701538086,8.598255157470703,0.0,8.598255157470703
462,85635.8,85697.5,85627.4,85655.6,3532.0,64.39356994628906,60.78987503051758,60.789878845214844,3.6036949157714844,3.814697265625e-06,3.6036911010742188
463,85652.8,85659.1,85604.3,85659.1,4554.0,71.31359100341797,63.058433532714844,63.058433532714844,8.255157470703125,0.0,8.255157470703125
464,85669.4,85729.7,85650.1,85672.0,3026.0,71.42768096923828,67.63246154785156,67.6324691772461,3.7952194213867188,7.62939453125e-06,3.7952117919921875
465,85663.3,85706.7,85610.2,85610.2,5217.0,71.50381469726562,61.8919563293457,61.89195251464844,9.611858367919922,3.814697265625e-06,9.611862182617188
466,85608.2,85635.8,85570.2,85622.3,3904.0,71.56916809082031,61.36315155029297,61.3631477355957,10.206016540527344,3.814697265625e-06,10.20602035522461
467,85629.1,85700.6,85614.6,85677.6,4544.0,64.4088134765625,59.39364242553711,59.39363479614258,5.015171051025391,7.62939453125e-06,5.015178680419922
468,85677.6,85714.4,85666.9,85705.9,2819.0,57.27566909790039,59.0832405090332,59.0832405090332,1.8075714111328125,0.0,1.8075714111328125
469,85705.9,85723.0,85666.1,85666.3,2148.0,64.36910247802734,48.21550369262695,48.21550369262695,16.15359878540039,0.0,16.15359878540039
470,85666.2,85703.8,85638.3,85682.5,3588.0,57.265872955322266,48.56071472167969,48.56071090698242,8.705158233642578,3.814697265625e-06,8.705162048339844
471,85680.5,85730.5,85654.1,85696.0,4799.0,50.16862106323242,55.78294372558594,55.78294372558594,5.614322662353516,0.0,5.614322662353516
472,85689.5,85709.4,85627.8,85627.8,5447.0,50.17202377319336,55.69081115722656,55.690818786621094,5.518787384033203,7.62939453125e-06,5.518795013427734
473,85625.0,85655.8,85555.5,85559.8,4459.0,43.032188415527344,45.97801971435547,45.978023529052734,2.945831298828125,3.814697265625e-06,2.9458351135253906
474,85564.9,85657.3,85564.9,85618.3,5351.0,50.22235107421875,42.585147857666016,42.58515167236328,7.637203216552734,3.814697265625e-06,7.637199401855469
475,85617.3,85669.2,85602.1,85648.0,2294.0,57.40193557739258,47.35590744018555,47.35591125488281,10.046028137207031,3.814697265625e-06,10.046024322509766
476,85647.9,85647.9,85543.9,85583.7,4378.0,64.54353332519531,40.40064239501953,40.40064239501953,24.14289093017578,0.0,24.14289093017578
477,85586.0,85586.0,85548.5,85573.6,3724.0,57.37708282470703,41.00495147705078,41.00494384765625,16.37213134765625,7.62939453125e-06,16.37213897705078
478,85573.0,85629.0,85552.6,85624.7,6905.0,57.457950592041016,44.841773986816406,44.841773986816406,12.61617660522461,0.0,12.61617660522461
479,85624.7,85624.7,85566.8,85578.8,4323.0,57.519195556640625,45.52703094482422,45.52703094482422,11.992164611816406,0.0,11.992164611816406
480,85576.0,85636.0,85562.7,85631.7,6170.0,50.362396240234375,53.95573425292969,53.95573425292969,3.5933380126953125,0.0,3.5933380126953125
481,85615.4,85650.7,85588.0,85604.5,5528.0,57.498748779296875,54.68523025512695,54.68523406982422,2.813518524169922,3.814697265625e-06,2.8135147094726562
482,85604.4,85608.2,85542.0,85590.6,11641.0,57.46306610107422,43.88463592529297,43.884639739990234,13.57843017578125,3.814697265625e-06,13.578426361083984
483,85590.6,85656.1,85501.2,85629.1,8618.0,50.374916076660156,51.36747360229492,51.367469787597656,0.9925575256347656,3.814697265625e-06,0.9925537109375
484,85619.6,85666.1,85604.8,85666.1,11701.0,50.3681526184082,60.19949722290039,60.199493408203125,9.831344604492188,3.814697265625e-06,9.831340789794922
485,85680.0,85762.5,85631.2,85631.2,19912.0,50.35545349121094,66.19087982177734,66.19087982177734,15.835426330566406,0.0,15.835426330566406
486,85630.2,85630.2,85558.1,85577.5,8144.0,43.33298873901367,64.46347045898438,64.4634780883789,21.130481719970703,7.62939453125e-06,21.130489349365234
487,85599.6,85620.5,85485.0,85518.3,4472.0,43.3634033203125,64.45695495605469,64.45695495605469,21.093551635742188,0.0,21.093551635742188
488,85520.4,85536.4,85455.1,85462.1,3761.0,36.289031982421875,60.2011604309082,60.2011604309082,23.912128448486328,0.0,23.912128448486328
489,85469.1,85527.2,85457.5,85527.2,5913.0,36.1065673828125,61.56744384765625,61.567447662353516,25.46087646484375,3.814697265625e-06,25.460880279541016
490,85516.7,85541.7,85474.8,85499.5,4240.0,28.917625427246094,65.68246459960938,65.68246459960938,36.76483917236328,0.0,36.76483917236328
491,85499.5,85512.8,85477.6,85496.9,3884.0,35.980979919433594,65.5846939086914,65.5846939086914,29.603713989257812,0.0,29.603713989257812
492,85496.9,85516.1,85487.7,85516.1,2319.0,28.733657836914062,64.01520538330078,64.01520538330078,35.28154754638672,0.0,35.28154754638672
493,85512.7,85536.2,85505.6,85509.6,2976.0,21.439407348632812,67.88033294677734,67.88033294677734,46.44092559814453,0.0,46.44092559814453
494,85514.9,85535.1,85438.1,85513.3,7962.0,28.546165466308594,60.57711410522461,60.57711410522461,32.030948638916016,0.0,32.030948638916016
495,85521.4,85528.7,85482.0,85504.2,7172.0,28.335411071777344,61.20485305786133,61.20484924316406,32.869441986083984,3.814697265625e-06,32.86943817138672
496,85504.1,85504.1,85387.9,85458.0,18297.0,35.50885772705078,57.494606018066406,57.49460220336914,21.985748291015625,3.814697265625e-06,21.98574447631836
497,85447.9,85491.8,85408.0,85417.6,5314.0,42.71047592163086,51.1621208190918,51.16212463378906,8.451644897460938,3.814697265625e-06,8.451648712158203
498,85429.0,85483.7,85403.2,85461.9,2438.0,42.7708854675293,46.479862213134766,46.4798698425293,3.7089767456054688,7.62939453125e-06,3.708984375
499,85461.9,85513.3,85409.2,85414.0,2979.0,50.01238250732422,31.376113891601562,31.376121520996094,18.636268615722656,7.62939453125e-06,18.636260986328125
500,85408.2,85408.2,85161.3,85164.3,39030.0,50.03036117553711,22.651519775390625,22.651527404785156,27.378841400146484,7.62939453125e-06,27.378833770751953
501,85160.1,85331.3,85155.4,85173.1,30477.0,57.2253532409668,18.353927612304688,18.353933334350586,38.87142562866211,5.7220458984375e-06,38.87141990661621
502,85168.9,85258.7,85168.9,85220.2,7878.0,64.44047546386719,17.819908142089844,17.819902420043945,46.620567321777344,5.7220458984375e-06,46.62057304382324
503,85235.2,85317.8,85183.1,85287.0,7815.0,64.53309631347656,18.90412139892578,18.90412139892578,45.62897491455078,0.0,45.62897491455078
504,85289.0,85333.4,85262.8,85309.2,6174.0,71.71261596679688,19.98194122314453,19.9819393157959,51.730674743652344,1.9073486328125e-06,51.73067665100098
505,85313.5,85363.1,85289.8,85333.1,5400.0,71.82772827148438,23.46893310546875,23.468931198120117,48.358795166015625,1.9073486328125e-06,48.35879707336426
506,85333.0,85333.0,85271.7,85271.7,2489.0,71.53560638427734,21.8551025390625,21.8551025390625,49.680503845214844,0.0,49.680503845214844
507,85271.8,85323.1,85250.0,85312.8,4338.0,78.59857940673828,22.57115936279297,22.57115936279297,56.02742004394531,0.0,56.02742004394531
508,85314.8,85351.5,85282.4,85288.7,2753.0,71.34963989257812,25.330062866210938,25.33006477355957,46.01957702636719,1.9073486328125e-06,46.019575119018555
509,85294.6,85294.6,85197.3,85197.3,11465.0,71.46509552001953,19.697555541992188,19.697553634643555,51.767539978027344,1.9073486328125e-06,51.76754188537598
510,85208.0,85302.4,85180.7,85225.4,21586.0,71.57460021972656,33.645851135253906,33.645851135253906,37.928749084472656,0.0,37.928749084472656
511,85233.8,85245.6,85111.1,85164.5,18436.0,71.67347717285156,30.947181701660156,30.947179794311523,40.726295471191406,1.9073486328125e-06,40.72629737854004
512,85156.0,85156.0,84600.0,84823.2,231593.0,71.43370056152344,12.285247802734375,12.285242080688477,59.14845275878906,5.7220458984375e-06,59.14845848083496
513,84823.2,84845.1,83173.2,83177.4,590196.0,71.51140594482422,4.966400146484375,4.966401100158691,66.54500579833984,9.5367431640625e-07,66.54500484466553
514,83177.4,83627.0,81277.3,83373.4,754291.0,71.32703399658203,2.89398193359375,2.893979072570801,68.43305206298828,2.86102294921875e-06,68.43305492401123
515,83371.8,83867.6,83225.0,83770.1,179103.0,64.27418518066406,12.386383056640625,12.386383056640625,51.88780212402344,0.0,51.88780212402344
516,83761.6,83783.0,83156.9,83492.3,111964.0,57.23917007446289,11.725845336914062,11.725851058959961,45.51332473754883,5.7220458984375e-06,45.51331901550293
517,83492.3,84050.5,83441.5,83955.1,58244.0,50.2079963684082,13.955513000488281,13.955511093139648,36.25248336791992,1.9073486328125e-06,36.252485275268555
518,83955.3,84024.7,83683.2,83978.0,66531.0,43.17729568481445,16.485084533691406,16.485082626342773,26.692211151123047,1.9073486328125e-06,26.69221305847168
519,83986.2,84147.0,83954.7,84055.5,37277.0,36.08157730102539,17.763229370117188,17.76322364807129,18.318347930908203,5.7220458984375e-06,18.3183536529541
520,84058.4,84486.0,83945.4,84261.5,47252.0,36.18052673339844,19.619186401367188,19.61918067932129,16.56134033203125,5.7220458984375e-06,16.56134605407715
521,84261.4,84480.4,84261.4,84371.1,38379.0,36.0377197265625,20.891067504882812,20.891069412231445,15.146652221679688,1.9073486328125e-06,15.146650314331055
522,84371.2,84436.2,84079.0,84251.8,25485.0,43.19435501098633,20.54473114013672,20.544734954833984,22.64962387084961,3.814697265625e-06,22.649620056152344
523,84251.8,84439.8,84130.6,84414.2,33484.0,43.12763214111328,21.865867614746094,21.865867614746094,21.261764526367188,0.0,21.261764526367188
524,84413.2,84460.5,84326.4,84340.9,25856.0,35.89820861816406,22.009910583496094,22.009912490844727,13.888298034667969,1.9073486328125e-06,13.888296127319336
525,84340.9,84366.2,84005.9,84104.9,21710.0,35.84912872314453,21.979454040527344,21.97945785522461,13.869674682617188,3.814697265625e-06,13.869670867919922
526,84104.8,84108.3,83916.0,83972.3,26099.0,43.080936431884766,24.261764526367188,24.261760711669922,18.819171905517578,3.814697265625e-06,18.819175720214844
527,83972.3,84125.8,83823.2,84004.7,42567.0,35.83032989501953,33.35540008544922,33.355403900146484,2.4749298095703125,3.814697265625e-06,2.474925994873047
528,84000.4,84076.4,83764.7,83946.5,24317.0,35.85236358642578,65.88015747070312,65.88015747070312,30.027793884277344,0.0,30.027793884277344
529,83948.4,83962.7,83800.6,83923.2,12939.0,35.866676330566406,53.75307083129883,53.75307846069336,17.886394500732422,7.62939453125e-06,17.886402130126953
530,83923.3,84363.1,83896.8,84276.2,35765.0,43.05406188964844,69.14046478271484,69.14046478271484,26.086402893066406,0.0,26.086402893066406
531,84271.9,84271.9,84119.9,84125.6,8578.0,43.0117301940918,63.79747009277344,63.7974739074707,20.78573989868164,3.814697265625e-06,20.785743713378906
532,84125.6,84214.1,84125.6,84201.1,7444.0,50.15045166015625,58.292205810546875,58.29220962524414,8.141754150390625,3.814697265625e-06,8.14175796508789
533,84206.6,84230.6,83950.7,84025.7,13118.0,57.240196228027344,51.91111373901367,51.91111755371094,5.329082489013672,3.814697265625e-06,5.329078674316406
534,84025.6,84046.8,83888.0,83892.8,13711.0,57.13236618041992,42.8525390625,42.8525390625,14.279827117919922,0.0,14.279827117919922
535,83892.9,83942.0,83773.1,83924.9,18049.0,57.189117431640625,33.24018859863281,33.24018859863281,23.948928833007812,0.0,23.948928833007812
536,83930.0,84106.7,83911.3,84093.5,17280.0,50.090606689453125,39.89182662963867,39.89182662963867,10.198780059814453,0.0,10.198780059814453
537,84093.5,84106.8,83890.5,83890.5,12428.0,42.987178802490234,30.907760620117188,30.907764434814453,12.079418182373047,3.814697265625e-06,12.079414367675781
538,83890.5,84011.9,83836.9,84000.0,12719.0,43.00418472290039,22.70940399169922,22.709402084350586,20.294780731201172,1.9073486328125e-06,20.294782638549805
539,83999.9,84104.6,83965.8,84031.3,23635.0,42.943565368652344,31.34918975830078,31.34918975830078,11.594375610351562,0.0,11.594375610351562
540,84027.0,84062.7,83935.3,83956.4,10085.0,42.89507293701172,33.33618927001953,33.3361930847168,9.558883666992188,3.814697265625e-06,9.558879852294922
541,83954.4,84113.1,83954.4,84077.6,8905.0,42.943824768066406,42.52558517456055,42.52558517456055,0.4182395935058594,0.0,0.4182395935058594
542,84071.4,84106.1,83906.4,83943.9,8605.0,50.06533432006836,45.807613372802734,45.80760955810547,4.257720947265625,3.814697265625e-06,4.257724761962891
543,83943.9,83977.6,83786.0,83829.0,14854.0,50.13370895385742,45.38197326660156,45.38197326660156,4.751735687255859,0.0,4.751735687255859
544,83828.9,83834.2,83682.8,83769.5,25721.0,43.02517318725586,29.37822723388672,29.378225326538086,13.64694595336914,1.9073486328125e-06,13.646947860717773
545,83753.6,84164.5,83737.6,84164.5,19937.0,43.09829330444336,37.425262451171875,37.42525863647461,5.673030853271484,3.814697265625e-06,5.67303466796875
546,84166.5,84403.6,84152.8,84233.0,27365.0,35.931495666503906,42.950809478759766,42.950809478759766,7.019313812255859,0.0,7.019313812255859
547,84222.5,84290.3,84123.7,84247.0,19768.0,35.836395263671875,41.717803955078125,41.717803955078125,5.88140869140625,0.0,5.88140869140625
548,84248.0,84306.9,84207.2,84235.9,8087.0,43.02321243286133,46.30851745605469,46.30851364135742,3.2853050231933594,3.814697265625e-06,3.2853012084960938
549,84229.8,84299.8,84133.2,84277.6,6664.0,42.99920654296875,48.73814010620117,48.73814010620117,5.738933563232422,0.0,5.738933563232422
550,84276.6,84300.0,84145.9,84204.3,6741.0,43.00369644165039,42.826271057128906,42.82627868652344,0.17742538452148438,7.62939453125e-06,0.17741775512695312
551,84197.3,84496.8,84197.3,84421.5,10103.0,50.2118034362793,48.29579162597656,48.29579162597656,1.9160118103027344,0.0,1.9160118103027344
552,84412.1,84619.0,84398.1,84521.6,14509.0,57.394248962402344,54.9647102355957,54.96471405029297,2.4295387268066406,3.814697265625e-06,2.429534912109375
553,84521.1,84690.3,84521.1,84637.8,8961.0,50.21086502075195,51.51102066040039,51.51102066040039,1.3001556396484375,0.0,1.3001556396484375
554,84628.4,84635.7,84452.7,84481.3,14046.0,50.23432922363281,50.439239501953125,50.43923568725586,0.2049102783203125,3.814697265625e-06,0.20490646362304688
555,84493.9,84667.9,84477.9,84667.9,7251.0,50.184974670410156,50.02670669555664,50.02670669555664,0.15826797485351562,0.0,0.15826797485351562
556,84675.9,84698.7,84520.8,84541.7,10289.0,50.23945236206055,49.575416564941406,49.57542037963867,0.6640357971191406,3.814697265625e-06,0.664031982421875
557,84550.2,84617.9,84520.8,84568.8,10589.0,57.39271545410156,50.659603118896484,50.65959548950195,6.733112335205078,7.62939453125e-06,6.733119964599609
558,84573.0,84583.0,84431.4,84437.8,19801.0,64.50886535644531,52.23027801513672,52.23027420043945,12.278587341308594,3.814697265625e-06,12.27859115600586
559,84437.8,84500.3,84329.1,84345.4,20059.0,71.59829711914062,41.39838790893555,41.39838790893555,30.199909210205078,0.0,30.199909210205078
560,84345.5,84547.8,84322.4,84523.8,12934.0,78.64805603027344,36.43862533569336,36.438629150390625,42.20943069458008,3.814697265625e-06,42.20942687988281
561,84512.0,84575.5,84351.8,84454.9,17389.0,71.46397399902344,36.944156646728516,36.94416046142578,34.51981735229492,3.814697265625e-06,34.519813537597656
562,84463.3,84559.9,84418.1,84488.0,6071.0,71.5178451538086,36.184181213378906,36.184181213378906,35.33366394042969,0.0,35.33366394042969
563,84483.7,84575.3,84410.1,84568.3,16707.0,64.35505676269531,43.63365936279297,43.6336669921875,20.721397399902344,7.62939453125e-06,20.721389770507812
564,84566.0,84633.5,84500.0,84500.1,6184.0,71.4710922241211,47.30403518676758,47.304039001464844,24.167057037353516,3.814697265625e-06,24.16705322265625
565,84505.0,84508.1,84367.5,84380.3,5297.0,64.31327056884766,42.70705032348633,42.707054138183594,21.606220245361328,3.814697265625e-06,21.606216430664062
566,84380.2,84382.3,84259.6,84263.9,13940.0,57.186214447021484,34.29740905761719,34.29740905761719,22.888805389404297,0.0,22.888805389404297
567,84267.2,84388.4,84245.3,84335.2,13017.0,57.129241943359375,35.818328857421875,35.818336486816406,21.3109130859375,7.62939453125e-06,21.31090545654297
568,84333.1,84359.2,84254.9,84281.2,5456.0,50.03823471069336,37.68788528442383,37.687889099121094,12.350349426269531,3.814697265625e-06,12.350345611572266
569,84299.1,84302.4,84183.8,84222.4,6337.0,50.00746154785156,33.47655487060547,33.47655487060547,16.530906677246094,0.0,16.530906677246094
570,84218.2,84288.9,84185.7,84259.6,17105.0,42.94075393676758,42.14188003540039,42.141876220703125,0.7988739013671875,3.814697265625e-06,0.7988777160644531
571,84256.1,84401.5,84256.1,84368.0,3991.0,42.904640197753906,46.26808166503906,46.26808166503906,3.3634414672851562,0.0,3.3634414672851562
572,84356.6,84422.5,84348.0,84416.0,3753.0,35.80005645751953,53.815696716308594,53.815696716308594,18.015640258789062,0.0,18.015640258789062
573,84412.6,84423.2,84229.5,84233.8,7003.0,35.73625946044922,59.016849517822266,59.01685333251953,23.280590057373047,3.814697265625e-06,23.280593872070312
574,84241.4,84258.3,84025.8,84087.2,20531.0,28.581932067871094,46.8342170715332,46.83421325683594,18.25228500366211,3.814697265625e-06,18.252281188964844
575,84092.5,84117.3,83974.2,84081.9,12807.0,28.62359619140625,48.410762786865234,48.41075897216797,19.787166595458984,3.814697265625e-06,19.78716278076172
576,84074.3,84074.3,83921.5,83966.6,11815.0,28.93500518798828,42.2685432434082,42.2685432434082,13.333538055419922,0.0,13.333538055419922
577,83961.5,84018.2,83932.4,83996.5,7262.0,28.815231323242188,32.79584503173828,32.79584503173828,3.9806137084960938,0.0,3.9806137084960938
578,83990.5,84098.4,83954.6,84026.7,16272.0,21.581947326660156,37.45845031738281,37.45845031738281,15.876502990722656,0.0,15.876502990722656
579,84031.0,84091.9,83981.0,83997.6,4046.0,28.97388458251953,37.79131317138672,37.791316986083984,8.817428588867188,3.814697265625e-06,8.817432403564453
580,83996.6,83996.6,83856.6,83871.3,10885.0,28.87103271484375,38.62968063354492,38.62968444824219,9.758647918701172,3.814697265625e-06,9.758651733398438
581,83862.0,83979.0,83819.5,83926.6,18306.0,36.1398811340332,40.82759475708008,40.827598571777344,4.687713623046875,3.814697265625e-06,4.687717437744141
582,83926.6,83954.9,83751.1,83780.1,10925.0,36.00808334350586,39.36162567138672,39.36162567138672,3.3535423278808594,0.0,3.3535423278808594
583,83780.9,83881.9,83754.6,83777.5,17305.0,35.898216247558594,36.71181869506836,36.71181869506836,0.8136024475097656,0.0,0.8136024475097656
584,83779.5,83873.5,83750.0,83805.9,31807.0,43.00202560424805,41.935665130615234,41.93566131591797,1.0663604736328125,3.814697265625e-06,1.0663642883300781
585,83796.8,83874.7,83724.6,83741.9,29439.0,36.01508712768555,34.68805694580078,34.68805694580078,1.3270301818847656,0.0,1.3270301818847656
586,83742.0,83828.0,83732.8,83768.1,8394.0,35.893760681152344,32.090415954589844,32.09041976928711,3.8033447265625,3.814697265625e-06,3.8033409118652344
587,83770.4,83983.2,83770.4,83963.1,9143.0,36.09897994995117,36.142677307128906,36.14268112182617,0.043697357177734375,3.814697265625e-06,0.043701171875
588,83963.1,83990.8,83844.3,83872.8,6328.0,43.074562072753906,38.7894287109375,38.7894287109375,4.285133361816406,0.0,4.285133361816406
589,83864.7,83890.0,83728.7,83728.7,8651.0,50.0135612487793,39.64303207397461,39.64303207397461,10.370529174804688,0.0,10.370529174804688
590,83724.6,83753.9,83626.6,83653.1,15237.0,49.94669723510742,38.95406723022461,38.95406723022461,10.992630004882812,0.0,10.992630004882812
591,83675.5,83764.3,83633.8,83699.0,17326.0,57.153377532958984,45.51805114746094,45.5180549621582,11.635326385498047,3.814697265625e-06,11.635322570800781
592,83691.8,83697.5,83576.0,83692.0,14180.0,57.18993377685547,37.9265251159668,37.9265251159668,19.263408660888672,0.0,19.263408660888672
593,83700.4,83828.0,83700.4,83768.1,20744.0,57.166664123535156,44.516937255859375,44.51694107055664,12.649726867675781,3.814697265625e-06,12.649723052978516
594,83774.0,83820.8,83635.4,83701.0,9920.0,57.183013916015625,44.71914291381836,44.719139099121094,12.463871002197266,3.814697265625e-06,12.463874816894531
595,83695.9,83786.6,83679.7,83783.8,10010.0,57.18870544433594,42.520503997802734,42.5205078125,14.668201446533203,3.814697265625e-06,14.668197631835938
596,83788.0,83862.9,83781.0,83817.1,13303.0,64.36712646484375,48.32808303833008,48.328086853027344,16.039043426513672,3.814697265625e-06,16.039039611816406
597,83817.2,83858.6,83785.7,83799.7,6080.0,64.31272888183594,51.03389358520508,51.03389358520508,13.27883529663086,0.0,13.27883529663086
598,83799.7,83824.4,83707.4,83715.0,7485.0,64.33177947998047,40.024330139160156,40.024330139160156,24.307449340820312,0.0,24.307449340820312
599,83715.0,83733.2,83636.1,83636.1,6127.0,64.29035186767578,46.129722595214844,46.12971878051758,18.160629272460938,3.814697265625e-06,18.160633087158203
600,83636.1,83795.2,83636.1,83779.9,4312.0,64.23294067382812,50.29228591918945,50.29228210449219,13.940654754638672,3.814697265625e-06,13.940658569335938
601,83786.9,83894.1,83751.7,83868.9,21353.0,64.2704086303711,54.06227111816406,54.06227111816406,10.208137512207031,0.0,10.208137512207031
602,83864.7,83915.9,83809.1,83887.5,8606.0,57.162513732910156,58.58431625366211,58.584320068359375,1.4218025207519531,3.814697265625e-06,1.4218063354492188
603,83887.4,83939.8,83877.6,83920.3,3860.0,50.05738067626953,62.7922248840332,62.7922248840332,12.734844207763672,0.0,12.734844207763672
604,83924.6,83989.8,83863.2,83921.5,6033.0,50.05598831176758,70.6976318359375,70.6976318359375,20.641643524169922,0.0,20.641643524169922
605,83922.5,83976.3,83825.6,83833.7,6568.0,50.053062438964844,63.6834716796875,63.6834716796875,13.630409240722656,0.0,13.630409240722656
606,83833.7,83873.5,83730.9,83853.3,9538.0,50.05105209350586,65.87785339355469,65.87785339355469,15.826801300048828,0.0,15.826801300048828
607,83863.5,83867.6,83690.1,83711.3,9399.0,42.91886520385742,55.05891036987305,55.05891418457031,12.140045166015625,3.814697265625e-06,12.14004898071289
608,83705.2,83764.7,83688.8,83724.5,6364.0,50.05560302734375,56.70170974731445,56.70171356201172,6.646106719970703,3.814697265625e-06,6.646110534667969
609,83722.3,83730.0,83650.2,83656.4,5595.0,50.0440788269043,50.159446716308594,50.159446716308594,0.11536788940429688,0.0,0.11536788940429688
610,83652.4,83737.5,83580.0,83737.5,9843.0,42.902130126953125,48.60051345825195,48.60050964355469,5.698383331298828,3.814697265625e-06,5.6983795166015625
611,83749.4,83902.4,83749.4,83829.3,23824.0,42.919647216796875,60.3958854675293,60.3958854675293,17.476238250732422,0.0,17.476238250732422
612,83840.7,83880.9,83738.1,83790.5,7625.0,35.768768310546875,60.328094482421875,60.328094482421875,24.559326171875,0.0,24.559326171875
613,83782.5,83786.6,83653.4,83706.2,9009.0,35.801490783691406,59.010013580322266,59.010013580322266,23.20852279663086,0.0,23.20852279663086
614,83693.7,83716.8,83686.1,83706.8,4030.0,35.847801208496094,55.86412811279297,55.86412811279297,20.016326904296875,0.0,20.016326904296875
615,83703.1,83773.7,83700.3,83723.0,4499.0,28.711013793945312,49.378257751464844,49.378257751464844,20.66724395751953,0.0,20.66724395751953
616,83728.8,83766.6,83605.2,83614.7,5211.0,35.82959747314453,43.15662384033203,43.15662384033203,7.3270263671875,0.0,7.3270263671875
617,83619.8,83712.5,83605.4,83707.3,5081.0,42.94153594970703,43.76669692993164,43.76668930053711,0.8251609802246094,7.62939453125e-06,0.8251533508300781
618,83707.2,83715.0,83605.6,83625.1,5532.0,35.806724548339844,38.577972412109375,38.57797622680664,2.7712478637695312,3.814697265625e-06,2.771251678466797
619,83632.5,83681.5,83608.1,83633.7,2527.0,35.718414306640625,40.02525329589844,40.02525329589844,4.3068389892578125,0.0,4.3068389892578125
620,83641.5,83675.1,83404.8,83509.7,28966.0,35.77742004394531,33.94868469238281,33.94868087768555,1.8287353515625,3.814697265625e-06,1.8287391662597656
621,83511.7,83610.5,83364.6,83364.7,13554.0,35.831443786621094,32.88903045654297,32.88903045654297,2.942413330078125,0.0,2.942413330078125
622,83363.6,83493.4,83313.0,83425.7,7002.0,28.666290283203125,32.73683166503906,32.73683166503906,4.0705413818359375,0.0,4.0705413818359375
623,83425.8,83497.8,83352.9,83358.4,21014.0,21.47772216796875,29.33220672607422,29.33220863342285,7.854484558105469,1.9073486328125e-06,7.854486465454102
624,83361.2,83398.6,83304.6,83324.3,14907.0,28.550827026367188,21.919677734375,21.919679641723633,6.6311492919921875,1.9073486328125e-06,6.631147384643555
625,83324.3,83355.3,83284.7,83334.3,8920.0,35.692527770996094,6.963462829589844,6.963456630706787,28.72906494140625,6.198883056640625e-06,28.729071140289307
626,83346.7,83346.7,83150.8,83181.1,41793.0,35.76122283935547,5.58612060546875,5.586117267608643,30.17510223388672,3.337860107421875e-06,30.175105571746826
627,83174.1,83320.8,83146.9,83226.1,12694.0,35.829505920410156,12.679328918457031,12.679329872131348,23.150177001953125,9.5367431640625e-07,23.15017604827881
628,83218.3,83238.8,83062.5,83062.5,21836.0,42.95505905151367,11.518081665039062,11.518077850341797,31.43697738647461,3.814697265625e-06,31.436981201171875
629,83058.7,83203.9,83058.7,83076.1,23222.0,43.00729751586914,8.376815795898438,8.376815795898438,34.6304817199707,0.0,34.6304817199707
630,83074.2,83231.8,83050.5,83069.4,17291.0,42.9129524230957,15.617950439453125,15.617945671081543,27.295001983642578,4.76837158203125e-06,27.29500675201416
631,83049.5,83095.4,82865.7,83040.7,43387.0,42.839324951171875,11.404960632324219,11.404959678649902,31.434364318847656,9.5367431640625e-07,31.434365272521973
632,83036.6,83045.0,82700.0,82806.5,37530.0,50.04645919799805,10.17352294921875,10.173523902893066,39.8729362487793,9.5367431640625e-07,39.87293529510498
633,82778.9,82940.5,82747.1,82860.2,18664.0,42.83643341064453,9.648086547851562,9.648079872131348,33.18834686279297,6.67572021484375e-06,33.188353538513184
634,82869.4,82985.0,82860.8,82870.9,23699.0,42.849342346191406,17.55864715576172,17.55864715576172,25.290695190429688,0.0,25.290695190429688
635,82871.0,82984.9,82840.1,82974.5,20211.0,50.033416748046875,23.652008056640625,23.652009963989258,26.38140869140625,1.9073486328125e-06,26.381406784057617
636,82974.5,82985.0,82827.6,82841.9,11346.0,50.029212951660156,23.331443786621094,23.33144187927246,26.697769165039062,1.9073486328125e-06,26.697771072387695
637,82838.6,82953.3,82804.1,82953.3,21336.0,50.01329040527344,30.040184020996094,30.04018211364746,19.973106384277344,1.9073486328125e-06,19.973108291625977
638,82949.2,82957.2,82736.6,82741.6,11185.0,50.02401351928711,30.405532836914062,30.405532836914062,19.618480682373047,0.0,19.618480682373047
639,82737.0,82789.5,82602.4,82686.1,33922.0,42.877777099609375,28.170982360839844,28.170976638793945,14.706794738769531,5.7220458984375e-06,14.70680046081543
640,82686.0,82729.9,82603.4,82682.8,20981.0,50.013980865478516,30.037925720214844,30.037925720214844,19.976055145263672,0.0,19.976055145263672
641,82685.0,82700.0,82518.0,82532.8,19045.0,57.14375686645508,25.521697998046875,25.521692276000977,31.622058868408203,5.7220458984375e-06,31.6220645904541
642,82541.0,82616.6,82480.1,82572.2,18141.0,50.035892486572266,25.827232360839844,25.82723617553711,24.208660125732422,3.814697265625e-06,24.208656311035156
643,82576.3,82596.8,82478.2,82495.0,14079.0,50.04344177246094,26.597976684570312,26.59796905517578,23.445465087890625,7.62939453125e-06,23.445472717285156
644,82495.1,82675.0,82495.1,82648.4,27026.0,50.04996871948242,28.797828674316406,28.79782485961914,21.252140045166016,3.814697265625e-06,21.25214385986328
645,82648.4,82684.7,82571.7,82624.2,46050.0,50.05009460449219,42.8070068359375,42.807010650634766,7.2430877685546875,3.814697265625e-06,7.243083953857422
646,82630.4,82670.6,82578.5,82657.8,14204.0,50.039093017578125,50.8790283203125,50.8790283203125,0.839935302734375,0.0,0.839935302734375
647,82653.8,82725.3,82600.2,82725.3,12563.0,57.22340774536133,56.2167854309082,56.2167854309082,1.006622314453125,0.0,1.006622314453125
648,82725.3,82757.9,82582.5,82603.3,8666.0,57.21467208862305,50.73786544799805,50.737857818603516,6.476806640625,7.62939453125e-06,6.476814270019531
649,82606.3,82607.3,82472.6,82538.4,9220.0,57.22322463989258,45.26303482055664,45.26302719116211,11.960189819335938,7.62939453125e-06,11.960197448730469
650,82546.8,82599.2,82477.9,82514.0,6482.0,64.39125061035156,46.107601165771484,46.107601165771484,18.283649444580078,0.0,18.283649444580078
651,82509.9,82590.9,82500.1,82500.1,18087.0,71.53855895996094,41.331817626953125,41.331817626953125,30.206741333007812,0.0,30.206741333007812
652,82500.0,82500.1,82280.0,82280.0,18549.0,71.56556701660156,40.12308120727539,40.123077392578125,31.442485809326172,3.814697265625e-06,31.442489624023438
653,82275.9,82344.9,82234.6,82257.7,21916.0,71.49647521972656,42.178218841552734,42.17821502685547,29.318256378173828,3.814697265625e-06,29.318260192871094
654,82248.8,82285.7,82125.3,82149.0,14685.0,64.33728790283203,43.34752655029297,43.3475227355957,20.989761352539062,3.814697265625e-06,20.989765167236328
655,82144.8,82267.9,82116.5,82208.8,12339.0,57.20836639404297,50.14836120605469,50.14836502075195,7.060005187988281,3.814697265625e-06,7.060001373291016
656,82210.8,82518.0,82210.8,82497.1,30776.0,57.16584777832031,60.477237701416016,60.477237701416016,3.311389923095703,0.0,3.311389923095703
657,82497.4,82506.8,82390.0,82453.9,12146.0,64.25459289550781,66.15345001220703,66.15345001220703,1.8988571166992188,0.0,1.8988571166992188
658,82453.8,82478.6,82349.3,82387.6,7323.0,64.27688598632812,59.63733673095703,59.637332916259766,4.639549255371094,3.814697265625e-06,4.639553070068359
659,82385.9,82385.9,82201.4,82217.5,10488.0,64.29826354980469,45.76539993286133,45.76539611816406,18.53286361694336,3.814697265625e-06,18.532867431640625
660,82216.4,82231.7,82112.2,82176.2,12266.0,57.17323684692383,38.25334167480469,38.25334548950195,18.91989517211914,3.814697265625e-06,18.919891357421875
661,82178.3,82200.4,82111.0,82161.7,16371.0,50.05121994018555,30.50653076171875,30.50652503967285,19.544689178466797,5.7220458984375e-06,19.544694900512695
662,82168.0,82261.1,82020.7,82078.6,15816.0,50.05908203125,29.36017608642578,29.360170364379883,20.69890594482422,5.7220458984375e-06,20.698911666870117
663,82078.5,82089.4,81712.9,81949.0,58374.0,42.94394302368164,23.313804626464844,23.313804626464844,19.630138397216797,0.0,19.630138397216797
664,81948.9,81974.5,81786.1,81935.6,25616.0,35.815269470214844,21.585830688476562,21.585830688476562,14.229438781738281,0.0,14.229438781738281
665,81943.5,82391.7,81927.3,82061.4,45415.0,28.666915893554688,33.370750427246094,33.37074661254883,4.703834533691406,3.814697265625e-06,4.703830718994141
666,82053.6,82085.5,81905.2,82062.6,16898.0,21.4998779296875,33.562294006347656,33.562294006347656,12.062416076660156,0.0,12.062416076660156
667,82058.6,82058.6,81802.1,81872.6,21012.0,28.615188598632812,33.674346923828125,33.67435073852539,5.0591583251953125,3.814697265625e-06,5.059162139892578
668,81871.0,82140.3,81859.4,82019.9,32565.0,28.642684936523438,42.031681060791016,42.031681060791016,13.388996124267578,0.0,13.388996124267578
669,82012.6,82139.7,82004.9,82080.5,55937.0,35.766204833984375,49.0284309387207,49.02843475341797,13.262226104736328,3.814697265625e-06,13.262229919433594
670,82080.3,82443.9,82070.5,82414.7,20236.0,35.787925720214844,47.48565673828125,47.48565673828125,11.697731018066406,0.0,11.697731018066406
671,82408.7,82428.3,82331.5,82382.7,17538.0,28.6307373046875,48.28282165527344,48.28282165527344,19.652084350585938,0.0,19.652084350585938
672,82382.7,82499.9,82309.5,82316.1,21160.0,21.454330444335938,46.469635009765625,46.469635009765625,25.015304565429688,0.0,25.015304565429688
673,82309.4,82329.3,82107.0,82168.8,13391.0,14.260826110839844,46.108116149902344,46.108116149902344,31.8472900390625,0.0,31.8472900390625
674,82168.3,82242.3,82082.7,82124.0,23107.0,14.27398681640625,44.80389404296875,44.80389404296875,30.5299072265625,0.0,30.5299072265625
675,82116.1,82140.8,81937.9,81944.2,15948.0,14.285453796386719,44.856834411621094,44.85683059692383,30.571380615234375,3.814697265625e-06,30.57137680053711
676,81936.1,82077.4,81640.3,82072.8,26241.0,14.30218505859375,43.674415588378906,43.67441177368164,29.372230529785156,3.814697265625e-06,29.37222671508789
677,82080.7,82224.5,81960.7,81975.2,13752.0,21.408447265625,53.18729782104492,53.18729782104492,31.778850555419922,0.0,31.778850555419922
678,81956.1,82014.3,81770.3,81877.2,9149.0,21.513107299804688,55.816287994384766,55.81629180908203,34.30318069458008,3.814697265625e-06,34.303184509277344
679,81878.3,82077.9,81873.7,82077.8,19767.0,21.58283233642578,52.115760803222656,52.11576461791992,30.532928466796875,3.814697265625e-06,30.53293228149414
680,82077.9,82077.9,81864.9,81965.1,12777.0,28.63585662841797,52.826229095458984,52.82622528076172,24.190372467041016,3.814697265625e-06,24.19036865234375
681,81963.2,82231.1,81947.7,82190.6,22895.0,21.471786499023438,60.01145553588867,60.01145553588867,38.539669036865234,0.0,38.539669036865234
682,82190.5,82197.1,81951.4,81964.9,11012.0,28.530029296875,53.08079528808594,53.08079528808594,24.550765991210938,0.0,24.550765991210938
683,81965.9,82024.8,81934.3,81992.6,15824.0,21.31275177001953,38.82250213623047,38.822505950927734,17.509750366210938,3.814697265625e-06,17.509754180908203
684,81992.6,82196.1,81983.0,82196.1,21470.0,28.385719299316406,39.120548248291016,39.12055206298828,10.73482894897461,3.814697265625e-06,10.734832763671875
685,82196.1,82351.9,82149.2,82305.4,16139.0,35.539649963378906,38.762760162353516,38.762760162353516,3.2231101989746094,0.0,3.2231101989746094
686,82307.4,82485.7,82241.3,82291.4,17690.0,42.75484085083008,46.748138427734375,46.74814224243164,3.993297576904297,3.814697265625e-06,3.9933013916015625
687,82304.4,82304.4,82120.1,82120.1,16968.0,49.99021911621094,46.0590705871582,46.05907440185547,3.9311485290527344,3.814697265625e-06,3.9311447143554688
688,82124.2,82124.2,81959.6,82019.2,13734.0,50.07720184326172,47.91451644897461,47.914512634277344,2.1626853942871094,3.814697265625e-06,2.162689208984375
689,82019.4,82082.3,82007.4,82069.3,5797.0,50.178768157958984,52.68716049194336,52.687156677246094,2.508392333984375,3.814697265625e-06,2.5083885192871094
690,82069.3,82289.5,82061.1,82246.1,20921.0,57.42365264892578,63.56623458862305,63.56623458862305,6.142581939697266,0.0,6.142581939697266
691,82246.0,82377.9,82227.1,82305.4,10687.0,50.194480895996094,63.05237579345703,63.0523796081543,12.857894897460938,3.814697265625e-06,12.857898712158203
692,82314.6,82468.4,82299.2,82442.9,8486.0,50.11082077026367,67.20618438720703,67.20618438720703,17.09536361694336,0.0,17.09536361694336
693,82444.2,82614.8,82395.6,82568.9,11545.0,57.19448471069336,65.91116333007812,65.91116333007812,8.716678619384766,0.0,8.716678619384766
694,82550.4,82712.4,82443.3,82443.3,24783.0,50.0742301940918,73.65339660644531,73.65339660644531,23.579166412353516,0.0,23.579166412353516
695,82446.9,82554.9,82389.0,82530.9,15584.0,57.17247009277344,65.32998657226562,65.32999420166016,8.157516479492188,7.62939453125e-06,8.157524108886719
696,82532.6,82616.4,82462.8,82558.3,6799.0,57.162384033203125,69.9503173828125,69.95032501220703,12.787933349609375,7.62939453125e-06,12.787940979003906
697,82555.0,82710.4,82548.8,82690.3,13435.0,57.18623352050781,77.33888244628906,77.33888244628906,20.15264892578125,0.0,20.15264892578125
698,82690.3,82866.1,82576.7,82834.2,28655.0,57.180233001708984,78.13072967529297,78.13072967529297,20.950496673583984,0.0,20.950496673583984
699,82840.6,82841.4,82689.9,82740.7,9596.0,50.056060791015625,72.73251342773438,72.73251342773438,22.67645263671875,0.0,22.67645263671875
700,82740.8,82922.9,82718.3,82846.4,6538.0,42.91342544555664,71.16895294189453,71.16895294189453,28.25552749633789,0.0,28.25552749633789
701,82846.5,82858.5,82597.3,82629.6,19970.0,35.75874328613281,70.04109191894531,70.04109191894531,34.2823486328125,0.0,34.2823486328125
702,82648.3,82648.3,82571.7,82593.2,6082.0,35.85829162597656,72.84561157226562,72.8456039428711,36.98731994628906,7.62939453125e-06,36.98731231689453
703,82594.4,82612.8,82527.2,82583.8,25629.0,42.9488410949707,63.149234771728516,63.149234771728516,20.200393676757812,0.0,20.200393676757812
704,82583.8,82583.8,82496.2,82543.8,7138.0,35.804222106933594,56.90241622924805,56.90241622924805,21.098194122314453,0.0,21.098194122314453
705,82552.0,82581.1,82539.7,82574.0,4128.0,42.897911071777344,55.4103889465332,55.4103889465332,12.51247787475586,0.0,12.51247787475586
706,82574.9,82609.7,82444.9,82465.3,7259.0,43.010337829589844,51.247371673583984,51.24737548828125,8.23703384399414,3.814697265625e-06,8.237037658691406
707,82459.9,82529.5,82450.4,82529.5,10327.0,35.867576599121094,45.38093185424805,45.38093185424805,9.513355255126953,0.0,9.513355255126953
708,82533.6,82570.5,82487.9,82533.6,5208.0,35.97648620605469,38.961063385009766,38.96106719970703,2.984577178955078,3.814697265625e-06,2.9845809936523438
709,82533.6,82570.5,82450.1,82456.7,6170.0,28.798797607421875,41.2940788269043,41.29408264160156,12.495281219482422,3.814697265625e-06,12.495285034179688
710,82456.2,82456.2,82364.6,82452.6,18068.0,28.592613220214844,34.49787139892578,34.49787139892578,5.9052581787109375,0.0,5.9052581787109375
711,82452.6,82561.7,82420.9,82557.5,6585.0,28.683975219726562,31.71136474609375,31.711366653442383,3.0273895263671875,1.9073486328125e-06,3.0273914337158203
712,82541.0,82732.5,82508.9,82717.9,24146.0,28.468650817871094,29.730697631835938,29.73070526123047,1.2620468139648438,7.62939453125e-06,1.262054443359375
713,82721.6,82750.0,82660.9,82749.9,7956.0,35.633148193359375,35.18061065673828,35.18061065673828,0.45253753662109375,0.0,0.45253753662109375
714,82749.9,82766.4,82699.7,82710.1,5273.0,42.8466682434082,34.64356994628906,34.64356994628906,8.20309829711914,0.0,8.20309829711914
715,82710.1,82807.6,82637.8,82742.8,9795.0,50.08387756347656,43.923973083496094,43.92396926879883,6.159904479980469,3.814697265625e-06,6.159908294677734
716,82739.3,82766.7,82656.8,82656.8,3375.0,57.299896240234375,44.76605224609375,44.766048431396484,12.533843994140625,3.814697265625e-06,12.53384780883789
717,82656.8,82750.3,82638.5,82728.4,4222.0,50.100990295410156,56.30590057373047,56.3058967590332,6.2049102783203125,3.814697265625e-06,6.204906463623047
718,82728.4,82778.4,82721.2,82768.0,5202.0,57.29766082763672,61.652809143066406,61.652809143066406,4.3551483154296875,0.0,4.3551483154296875
719,82762.0,82815.9,82703.3,82710.1,9929.0,57.30942153930664,55.40751647949219,55.40751647949219,1.9019050598144531,0.0,1.9019050598144531
720,82713.3,82713.3,82619.2,82675.0,8385.0,64.48509216308594,54.900299072265625,54.90029525756836,9.584793090820312,3.814697265625e-06,9.584796905517578
721,82681.7,82931.5,82680.7,82931.4,15073.0,71.65876007080078,64.54064178466797,64.54064178466797,7.1181182861328125,0.0,7.1181182861328125
722,82931.5,82957.8,82852.1,82881.5,10984.0,78.75871276855469,66.06605529785156,66.06604766845703,12.692657470703125,7.62939453125e-06,12.692665100097656
723,82881.5,82953.2,82841.6,82892.7,11356.0,85.83887481689453,63.60498046875,63.604976654052734,22.23389434814453,3.814697265625e-06,22.233898162841797
724,82896.6,82970.3,82870.1,82941.3,6136.0,85.86017608642578,74.2613296508789,74.2613296508789,11.598846435546875,0.0,11.598846435546875
725,82948.1,82995.0,82891.0,82899.2,6327.0,85.69334411621094,74.21604919433594,74.21604919433594,11.477294921875,0.0,11.477294921875
726,82907.5,82967.1,82812.0,82829.0,9037.0,78.54673767089844,62.78193664550781,62.78193283081055,15.764801025390625,3.814697265625e-06,15.76480484008789
727,82830.1,83053.8,82812.0,83041.4,15284.0,71.44447326660156,65.0586929321289,65.0586929321289,6.385780334472656,0.0,6.385780334472656
728,83053.1,83343.1,83053.1,83295.7,38016.0,64.359375,72.56439208984375,72.56439208984375,8.20501708984375,0.0,8.20501708984375
729,83295.6,83351.2,83155.6,83228.5,9452.0,57.27564239501953,72.5135269165039,72.5135269165039,15.237884521484375,0.0,15.237884521484375
730,83236.9,83337.0,83236.9,83250.0,7117.0,50.193359375,75.32572174072266,75.32571411132812,25.132362365722656,7.62939453125e-06,25.132354736328125
731,83241.7,83241.7,83053.5,83127.0,41546.0,50.20975875854492,58.62382888793945,58.62382507324219,8.414070129394531,3.814697265625e-06,8.414066314697266
732,83126.1,83126.1,82951.0,82951.0,14525.0,50.171451568603516,53.377899169921875,53.377899169921875,3.2064476013183594,0.0,3.2064476013183594
733,82949.5,83037.2,82932.4,83012.9,5621.0,43.07554244995117,54.525482177734375,54.525482177734375,11.449939727783203,0.0,11.449939727783203
734,83002.0,83118.3,82996.0,83095.3,6014.0,43.003143310546875,58.23329162597656,58.23329162597656,15.230148315429688,0.0,15.230148315429688
735,83082.7,83120.9,83034.1,83045.2,4113.0,35.847496032714844,53.5587043762207,53.5587043762207,17.71120834350586,0.0,17.71120834350586
736,83051.4,83088.2,83015.6,83035.2,3492.0,28.7135009765625,49.650211334228516,49.65021514892578,20.936710357666016,3.814697265625e-06,20.93671417236328
737,83032.1,83187.9,83032.1,83044.6,6448.0,21.550941467285156,54.7736930847168,54.77369689941406,33.22275161743164,3.814697265625e-06,33.222755432128906
738,83039.7,83053.0,82948.6,82996.0,4963.0,21.340927124023438,51.58448028564453,51.5844841003418,30.243553161621094,3.814697265625e-06,30.24355697631836
739,82990.0,82990.0,82847.1,82879.6,13056.0,28.55980682373047,46.113224029541016,46.113224029541016,17.553417205810547,0.0,17.553417205810547
740,82887.9,83055.4,82887.9,83040.6,11412.0,35.82958221435547,51.80036926269531,51.80036544799805,15.970787048339844,3.814697265625e-06,15.970783233642578
741,83040.5,83168.9,83027.1,83142.4,4509.0,43.117515563964844,48.75802993774414,48.758026123046875,5.640514373779297,3.814697265625e-06,5.640510559082031
742,83142.7,83160.0,82995.9,83012.6,5393.0,50.41273498535156,32.67216491699219,32.67216873168945,17.740570068359375,3.814697265625e-06,17.74056625366211
743,83009.1,83240.3,82995.3,83159.1,11862.0,50.335960388183594,33.82518005371094,33.825172424316406,16.510780334472656,7.62939453125e-06,16.510787963867188
744,83159.0,83159.8,83064.3,83065.2,4129.0,57.55232620239258,29.36163330078125,29.36163330078125,28.190692901611328,0.0,28.190692901611328
745,83073.6,83160.1,83064.0,83128.6,4387.0,64.77378845214844,44.68935012817383,44.68935012817383,20.08443832397461,0.0,20.08443832397461
746,83128.5,83128.5,83037.6,83053.0,2391.0,64.86514282226562,50.862892150878906,50.86289596557617,14.002250671386719,3.814697265625e-06,14.002246856689453
747,83053.0,83063.7,82969.0,82987.2,1869.0,72.025634765625,53.13224792480469,53.13224411010742,18.893386840820312,3.814697265625e-06,18.893390655517578
748,82988.2,83043.2,82978.0,82978.0,2917.0,64.78660583496094,47.734745025634766,47.734737396240234,17.051860809326172,7.62939453125e-06,17.051868438720703
749,82974.1,82974.1,82924.4,82924.4,3108.0,64.61808013916016,48.33793640136719,48.33793258666992,16.28014373779297,3.814697265625e-06,16.280147552490234
750,82924.5,82950.7,82903.5,82903.5,3799.0,64.35910034179688,48.156463623046875,48.15645980834961,16.20263671875,3.814697265625e-06,16.202640533447266
751,82904.4,82943.6,82899.0,82926.2,7938.0,71.27476501464844,49.0924072265625,49.092403411865234,22.182357788085938,3.814697265625e-06,22.182361602783203
752,82926.2,83079.2,82926.2,83079.2,36803.0,71.40006256103516,67.73554229736328,67.73554229736328,3.664520263671875,0.0,3.664520263671875
753,83080.0,83114.7,82959.2,82959.2,4886.0,71.48443603515625,72.97386169433594,72.97386169433594,1.4894256591796875,0.0,1.4894256591796875
754,82959.1,82959.1,82793.4,82799.5,8111.0,71.55500030517578,64.16903686523438,64.1690444946289,7.385963439941406,7.62939453125e-06,7.385955810546875
755,82796.0,82827.2,82726.5,82772.8,8515.0,64.392822265625,57.50869369506836,57.50869369506836,6.884128570556641,0.0,6.884128570556641
756,82767.3,82802.8,82747.5,82768.1,6283.0,57.25352478027344,57.041446685791016,57.041446685791016,0.21207809448242188,0.0,0.21207809448242188
757,82768.0,82775.3,82636.8,82680.8,6586.0,64.3470458984375,48.33871078491211,48.338706970214844,16.00833511352539,3.814697265625e-06,16.008338928222656
758,82680.8,82707.4,82616.9,82638.7,6030.0,64.39091491699219,47.46506118774414,47.465065002441406,16.925853729248047,3.814697265625e-06,16.92584991455078
759,82638.6,82711.8,82618.4,82618.4,6202.0,57.29498291015625,42.48991012573242,42.48991775512695,14.805072784423828,7.62939453125e-06,14.805065155029297
760,82618.4,82695.4,82500.1,82521.2,10768.0,57.297698974609375,39.379005432128906,39.37900924682617,17.91869354248047,3.814697265625e-06,17.918689727783203
761,82501.0,82521.3,82389.9,82470.1,18509.0,50.167213439941406,34.380714416503906,34.38071823120117,15.7864990234375,3.814697265625e-06,15.786495208740234
762,82469.3,82485.9,82382.7,82435.8,12156.0,57.32070541381836,32.120941162109375,32.12094497680664,25.199764251708984,3.814697265625e-06,25.19976043701172
763,82432.1,82530.0,82431.9,82509.6,7552.0,64.48020935058594,36.360435485839844,36.36043930053711,28.119773864746094,3.814697265625e-06,28.119770050048828
764,82509.9,82552.0,82480.8,82524.7,7396.0,71.60286712646484,40.475196838378906,40.47519302368164,31.127670288085938,3.814697265625e-06,31.127674102783203
765,82510.0,82528.1,82438.2,82443.3,5419.0,64.43995666503906,35.70722961425781,35.70723342895508,28.73272705078125,3.814697265625e-06,28.732723236083984
766,82446.4,82479.7,82381.1,82419.4,2903.0,64.49583435058594,13.412391662597656,13.412393569946289,51.08344268798828,1.9073486328125e-06,51.08344078063965
767,82418.7,82448.0,82284.2,82313.2,6078.0,64.54724884033203,13.275352478027344,13.275350570678711,51.27189636230469,1.9073486328125e-06,51.27189826965332
768,82317.0,82381.8,82257.2,82262.7,8322.0,57.38326644897461,13.256927490234375,13.256937026977539,44.126338958740234,9.5367431640625e-06,44.12632942199707
769,82279.4,82417.8,82229.4,82300.1,9838.0,57.35634994506836,21.716896057128906,21.716899871826172,35.63945388793945,3.814697265625e-06,35.63945007324219
770,82300.1,82375.4,82229.0,82355.8,14190.0,57.3284797668457,31.933563232421875,31.933565139770508,25.394916534423828,1.9073486328125e-06,25.394914627075195
771,82355.8,82385.9,82268.4,82284.7,9506.0,50.23188018798828,31.19579315185547,31.19579315185547,19.036087036132812,0.0,19.036087036132812
772,82268.2,82405.4,82268.2,82358.9,9579.0,43.158416748046875,37.79237747192383,37.79237747192383,5.366039276123047,0.0,5.366039276123047
773,82358.0,82375.9,82200.1,82281.1,6470.0,43.152854919433594,37.721832275390625,37.721824645996094,5.431022644042969,7.62939453125e-06,5.4310302734375
774,82286.5,82316.1,82221.9,82256.0,18679.0,36.12023162841797,35.551055908203125,35.55105209350586,0.5691757202148438,3.814697265625e-06,0.5691795349121094
775,82272.4,82360.0,82272.4,82308.6,4366.0,36.152984619140625,43.22834014892578,43.228336334228516,7.075355529785156,3.814697265625e-06,7.075351715087891
776,82307.5,82308.5,82208.6,82218.6,9752.0,29.089187622070312,44.10309600830078,44.10309982299805,15.013908386230469,3.814697265625e-06,15.013912200927734
777,82217.7,82360.9,82217.7,82360.9,9148.0,28.89226531982422,44.82888412475586,44.82888412475586,15.93661880493164,0.0,15.93661880493164
778,82341.3,82399.0,82309.4,82309.4,4196.0,21.68206787109375,43.33036422729492,43.330360412597656,21.648296356201172,3.814697265625e-06,21.648292541503906
779,82309.4,82353.7,82286.1,82317.2,4291.0,28.728958129882812,43.75071716308594,43.750709533691406,15.021759033203125,7.62939453125e-06,15.021751403808594
780,82313.1,82372.3,82294.0,82306.6,4651.0,21.463241577148438,47.01675796508789,47.01675796508789,25.553516387939453,0.0,25.553516387939453
781,82306.6,82457.7,82278.2,82278.2,9994.0,14.147125244140625,53.64898681640625,53.64898681640625,39.501861572265625,0.0,39.501861572265625
782,82267.6,82387.4,82256.5,82311.2,9736.0,21.234214782714844,53.038299560546875,53.038299560546875,31.80408477783203,0.0,31.80408477783203
783,82316.4,82401.0,82213.3,82361.6,31401.0,28.34716796875,59.97776794433594,59.97777557373047,31.630599975585938,7.62939453125e-06,31.63060760498047
784,82353.3,82353.3,82087.2,82207.2,17951.0,35.52095031738281,48.99953079223633,48.99953079223633,13.478580474853516,0.0,13.478580474853516
785,82211.2,82229.2,82094.1,82094.1,10273.0,42.73075485229492,48.756778717041016,48.756778717041016,6.026023864746094,0.0,6.026023864746094
786,82094.2,82172.1,82050.7,82089.7,19987.0,42.787147521972656,39.65754699707031,39.65754699707031,3.1296005249023438,0.0,3.1296005249023438
787,82089.6,82200.0,82055.5,82200.0,4604.0,50.029808044433594,43.01633834838867,43.016334533691406,7.013469696044922,3.814697265625e-06,7.0134735107421875
788,82200.7,82200.7,81943.8,81995.4,16179.0,57.25233459472656,43.715423583984375,43.715423583984375,13.536911010742188,0.0,13.536911010742188
789,82007.8,82099.5,81995.4,82057.6,9907.0,57.19635009765625,45.63093948364258,45.63093566894531,11.565410614013672,3.814697265625e-06,11.565414428710938
790,82057.7,82081.7,81990.1,82015.7,17310.0,64.40873718261719,43.60887908935547,43.60887908935547,20.79985809326172,0.0,20.79985809326172
791,82013.2,82148.5,82008.1,82120.8,29622.0,64.50247192382812,49.668701171875,49.668697357177734,14.833770751953125,3.814697265625e-06,14.83377456665039
792,82124.4,82141.0,82045.5,82052.5,15856.0,71.6785888671875,44.720489501953125,44.72049331665039,26.958099365234375,3.814697265625e-06,26.95809555053711
793,82052.5,82270.8,82033.9,82270.7,11670.0,71.79133605957031,48.72539138793945,48.72539138793945,23.06594467163086,0.0,23.06594467163086
794,82270.7,82389.6,82160.5,82310.0,34207.0,71.48759460449219,55.08223342895508,55.082237243652344,16.40536117553711,3.814697265625e-06,16.405357360839844
795,82309.9,82309.9,82090.1,82120.3,12909.0,71.18283081054688,50.277469635009766,50.2774658203125,20.90536117553711,3.814697265625e-06,20.905364990234375
796,82117.5,82181.5,81982.3,82010.3,9110.0,71.30314636230469,50.41434097290039,50.41434097290039,20.888805389404297,0.0,20.888805389404297
797,82010.4,82067.1,81956.0,82042.3,8570.0,71.4236831665039,41.28245162963867,41.28244400024414,30.141231536865234,7.62939453125e-06,30.141239166259766
798,82038.6,82061.9,81913.8,81950.5,11482.0,71.53963470458984,42.55209732055664,42.552093505859375,28.987537384033203,3.814697265625e-06,28.98754119873047
799,81950.4,82032.4,81945.1,81985.9,7187.0,64.38671875,46.62469482421875,46.624698638916016,17.76202392578125,3.814697265625e-06,17.762020111083984
800,81973.8,82004.9,81846.1,81851.1,10167.0,64.16545104980469,48.934017181396484,48.934017181396484,15.231433868408203,0.0,15.231433868408203
801,81851.3,81854.3,81416.3,81444.9,69414.0,64.27117156982422,35.214820861816406,35.21482467651367,29.056350708007812,3.814697265625e-06,29.056346893310547
802,81444.9,81613.8,81340.6,81551.5,39167.0,57.22063064575195,32.41676330566406,32.41676712036133,24.80386734008789,3.814697265625e-06,24.803863525390625
803,81548.4,81591.1,80831.4,81134.0,196906.0,57.099937438964844,17.584434509277344,17.584436416625977,39.5155029296875,1.9073486328125e-06,39.51550102233887
804,81149.3,81160.4,80919.0,81101.0,45283.0,50.07387161254883,16.616592407226562,16.616592407226562,33.457279205322266,0.0,33.457279205322266
805,81100.0,81444.4,81079.6,81328.8,30209.0,43.044002532958984,16.6650390625,16.6650390625,26.378963470458984,0.0,26.378963470458984
806,81323.7,81323.7,81129.8,81140.6,36412.0,36.001075744628906,16.017120361328125,16.017122268676758,19.98395538330078,1.9073486328125e-06,19.98395347595215
807,81132.6,81159.4,80952.0,81011.6,32535.0,28.88690185546875,13.242218017578125,13.24222183227539,15.644683837890625,3.814697265625e-06,15.64468002319336
808,81011.6,81050.4,80705.1,80725.3,38780.0,28.967369079589844,6.831626892089844,6.831626892089844,22.1357421875,0.0,22.1357421875
809,80723.8,80963.9,80627.5,80945.5,42398.0,36.059696197509766,13.79010009765625,13.790092468261719,22.269596099853516,7.62939453125e-06,22.269603729248047
810,80957.6,81666.0,80957.6,81466.2,131612.0,35.950401306152344,30.19671630859375,30.196714401245117,5.753684997558594,1.9073486328125e-06,5.753686904907227
811,81468.0,81877.6,81274.6,81711.1,61016.0,35.87950897216797,36.22643280029297,36.22643280029297,0.346923828125,0.0,0.346923828125
812,81711.1,81889.9,81500.2,81605.4,33883.0,28.6302490234375,39.56873321533203,39.56873321533203,10.938484191894531,0.0,10.938484191894531
813,81581.0,81707.1,81442.1,81606.9,30371.0,35.851409912109375,37.50898361206055,37.50897979736328,1.6575736999511719,3.814697265625e-06,1.6575698852539062
814,81602.9,81807.5,81594.8,81700.5,18544.0,43.08509063720703,39.429222106933594,39.42921829223633,3.6558685302734375,3.814697265625e-06,3.655872344970703
815,81704.5,81821.2,81510.1,81821.2,35648.0,35.823699951171875,45.79177474975586,45.79177474975586,9.968074798583984,0.0,9.968074798583984
816,81825.1,82274.0,81710.7,82101.7,46923.0,35.84568786621094,51.38150405883789,51.38150405883789,15.535816192626953,0.0,15.535816192626953
817,82087.6,82581.6,82027.5,82511.1,70274.0,43.0734748840332,72.07969665527344,72.0796890258789,29.006221771240234,7.62939453125e-06,29.006214141845703
818,82511.3,82866.1,82486.5,82768.0,63226.0,50.261775970458984,79.56664276123047,79.56664276123047,29.304866790771484,0.0,29.304866790771484
819,82767.9,82982.8,82628.3,82982.8,31887.0,50.20149230957031,79.63600158691406,79.63600158691406,29.43450927734375,0.0,29.43450927734375
820,82982.7,82982.7,82657.5,82736.3,19758.0,57.32600784301758,81.594482421875,81.59449005126953,24.268474578857422,7.62939453125e-06,24.268482208251953
821,82745.5,82971.2,82693.7,82878.7,22928.0,64.40725708007812,86.316162109375,86.316162109375,21.908905029296875,0.0,21.908905029296875
822,82904.5,82908.6,82685.7,82750.9,12906.0,64.27592468261719,89.81967163085938,89.8196792602539,25.543746948242188,7.62939453125e-06,25.54375457763672
823,82751.0,82887.6,82565.4,82874.2,24953.0,64.32735443115234,85.37039184570312,85.37039184570312,21.04303741455078,0.0,21.04303741455078
824,82874.1,83033.3,82795.5,83002.3,14212.0,57.225433349609375,81.88595581054688,81.88595581054688,24.6605224609375,0.0,24.6605224609375
825,83010.6,83427.0,82994.9,83316.3,37958.0,50.12034606933594,81.02254486083984,81.02255249023438,30.902198791503906,7.62939453125e-06,30.902206420898438
826,83320.1,83419.2,83150.8,83164.4,16894.0,50.13923263549805,76.50288391113281,76.50288391113281,26.363651275634766,0.0,26.363651275634766
827,83176.3,83300.0,83106.8,83270.4,9931.0,50.10373306274414,80.09403991699219,80.09403991699219,29.990306854248047,0.0,29.990306854248047
828,83252.6,83322.0,83008.6,83078.5,13767.0,50.06605529785156,76.59396362304688,76.59396362304688,26.527908325195312,0.0,26.527908325195312
829,83083.3,83191.8,82976.6,83191.8,11528.0,50.12148666381836,72.28453826904297,72.28453826904297,22.16305160522461,0.0,22.16305160522461
830,83199.9,83528.1,83116.8,83499.9,25737.0,57.24498748779297,70.76925659179688,70.76925659179688,13.524269104003906,0.0,13.524269104003906
831,83493.1,83499.9,83386.6,83496.4,18219.0,50.1399040222168,66.12812805175781,66.12813568115234,15.988224029541016,7.62939453125e-06,15.988231658935547
832,83496.4,83576.6,83367.6,83389.8,14373.0,43.030853271484375,54.906455993652344,54.906455993652344,11.875602722167969,0.0,11.875602722167969
833,83386.5,83583.2,83358.5,83565.7,5882.0,43.10209274291992,50.22046661376953,50.220462799072266,7.118373870849609,3.814697265625e-06,7.118370056152344
834,83564.7,83589.1,83495.9,83564.2,9029.0,35.941314697265625,56.26025390625,56.260250091552734,20.318939208984375,3.814697265625e-06,20.31893539428711
835,83564.2,83567.0,83333.5,83333.5,10150.0,35.832176208496094,49.29472351074219,49.29471969604492,13.462547302246094,3.814697265625e-06,13.462543487548828
836,83333.4,83355.8,83152.8,83179.1,17827.0,43.017887115478516,48.22732162475586,48.22732162475586,5.209434509277344,0.0,5.209434509277344
837,83179.1,83306.3,83050.0,83302.2,11455.0,42.98887252807617,51.19586944580078,51.19586181640625,8.20699691772461,7.62939453125e-06,8.206989288330078
838,83311.7,83311.7,83137.3,83240.7,8036.0,50.19819259643555,49.77849197387695,49.77848815917969,0.41970062255859375,3.814697265625e-06,0.4197044372558594
839,83228.0,83278.0,83165.3,83272.9,7659.0,57.39728927612305,41.354286193847656,41.35428237915039,16.04300308227539,3.814697265625e-06,16.043006896972656
840,83268.7,83413.3,83182.0,83400.6,9926.0,64.5762939453125,48.732078552246094,48.73207473754883,15.844215393066406,3.814697265625e-06,15.844219207763672
841,83409.0,83420.5,83156.7,83156.7,9847.0,57.38092803955078,48.755027770996094,48.75502014160156,8.625900268554688,7.62939453125e-06,8.625907897949219
842,83156.6,83458.2,83136.0,83378.3,9308.0,50.18779754638672,55.53999710083008,55.53999710083008,5.352199554443359,0.0,5.352199554443359
843,83365.8,83487.3,83233.6,83282.3,8245.0,50.14262008666992,61.60524368286133,61.60524368286133,11.462623596191406,0.0,11.462623596191406
844,83286.5,83299.6,83106.7,83237.1,12591.0,50.19683074951172,50.046600341796875,50.04660415649414,0.15023040771484375,3.814697265625e-06,0.15022659301757812
845,83228.8,83428.0,83208.2,83400.3,11736.0,57.36038589477539,47.82017517089844,47.82017517089844,9.540210723876953,0.0,9.540210723876953
846,83400.4,83614.9,83355.6,83556.5,9782.0,64.48448181152344,56.301631927490234,56.30162811279297,8.182849884033203,3.814697265625e-06,8.182853698730469
847,83553.5,83566.5,83431.5,83466.6,5087.0,71.57437133789062,52.4305419921875,52.4305419921875,19.143829345703125,0.0,19.143829345703125
848,83455.0,83696.9,83436.8,83671.7,14552.0,78.6212158203125,54.23515701293945,54.23516082763672,24.386058807373047,3.814697265625e-06,24.38605499267578
849,83660.6,83887.3,83660.6,83796.7,25035.0,71.43596649169922,64.79811096191406,64.79811096191406,6.637855529785156,0.0,6.637855529785156
850,83810.9,83866.3,83527.8,83527.8,8582.0,71.49203491210938,68.71572875976562,68.71572875976562,2.77630615234375,0.0,2.77630615234375
851,83508.9,83671.5,83500.1,83644.1,7905.0,64.32646179199219,70.33910369873047,70.33910369873047,6.012641906738281,0.0,6.012641906738281
852,83644.0,83704.1,83595.4,83648.1,8093.0,64.38108825683594,70.35859680175781,70.35859680175781,5.977508544921875,0.0,5.977508544921875
853,83648.2,83792.6,83612.6,83745.6,7432.0,57.23554229736328,70.32183074951172,70.32183074951172,13.086288452148438,0.0,13.086288452148438
854,83753.4,83836.6,83745.2,83810.6,14244.0,50.116886138916016,71.17581176757812,71.17581176757812,21.05892562866211,0.0,21.05892562866211
855,83810.6,83911.9,83801.6,83908.4,9001.0,57.22111892700195,77.49786376953125,77.49786376953125,20.276744842529297,0.0,20.276744842529297
856,83909.4,83988.6,83880.9,83988.6,11285.0,57.1910400390625,77.79893493652344,77.7989273071289,20.607894897460938,7.62939453125e-06,20.607887268066406
857,83988.5,84346.8,83980.2,84217.3,20381.0,57.15288543701172,79.44525146484375,79.44525146484375,22.29236602783203,0.0,22.29236602783203
858,84217.2,84217.2,84061.1,84092.6,8302.0,50.09196853637695,81.49787902832031,81.49787139892578,31.40591049194336,7.62939453125e-06,31.405902862548828
859,84079.8,84182.5,83988.6,84143.9,7843.0,43.006866455078125,76.05551147460938,76.05550384521484,33.04864501953125,7.62939453125e-06,33.04863739013672
860,84153.3,84185.7,83947.6,84021.0,8177.0,42.964534759521484,70.56107330322266,70.56107330322266,27.596538543701172,0.0,27.596538543701172
861,84016.8,84163.7,83968.7,84027.8,12205.0,42.90688705444336,74.96101379394531,74.96101379394531,32.05412673950195,0.0,32.05412673950195
862,84021.4,84043.1,83807.6,83847.9,9911.0,35.76451110839844,67.9786376953125,67.97863006591797,32.21412658691406,7.62939453125e-06,32.21411895751953
863,83843.7,83856.9,83719.5,83753.7,9225.0,42.87681579589844,57.97447967529297,57.974483489990234,15.097663879394531,3.814697265625e-06,15.097667694091797
864,83753.7,83776.9,83628.0,83628.0,8345.0,43.141632080078125,58.069190979003906,58.06918716430664,14.927558898925781,3.814697265625e-06,14.927555084228516
865,83627.2,83704.8,83567.2,83666.8,14747.0,42.95560836791992,55.412872314453125,55.41287612915039,12.457263946533203,3.814697265625e-06,12.457267761230469
866,83673.5,83715.7,83608.1,83699.0,5977.0,35.66187286376953,54.7739372253418,54.77394104003906,19.112064361572266,3.814697265625e-06,19.11206817626953
867,83695.6,83719.0,83549.8,83549.8,3452.0,43.01358413696289,51.11404800415039,51.11404800415039,8.1004638671875,0.0,8.1004638671875
868,83555.8,83589.6,83380.5,83405.1,40093.0,42.84885025024414,34.914955139160156,34.91495895385742,7.933895111083984,3.814697265625e-06,7.933891296386719
869,83408.1,83495.8,83404.0,83440.7,9717.0,35.67445373535156,29.4671630859375,29.467159271240234,6.2072906494140625,3.814697265625e-06,6.207294464111328
870,83428.2,83583.5,83428.2,83571.6,7534.0,35.535072326660156,27.852752685546875,27.85275650024414,7.682319641113281,3.814697265625e-06,7.682315826416016
871,83571.5,83598.2,83471.9,83564.6,6870.0,35.418060302734375,21.395248413085938,21.395248413085938,14.022811889648438,0.0,14.022811889648438
872,83564.5,83603.3,83409.2,83445.4,6639.0,42.524452209472656,21.639755249023438,21.639751434326172,20.88469696044922,3.814697265625e-06,20.884700775146484
873,83436.3,83466.5,83282.1,83453.4,7506.0,42.35126876831055,21.697608947753906,21.697607040405273,20.65365982055664,1.9073486328125e-06,20.653661727905273
874,83452.5,83527.9,83427.1,83512.6,5215.0,35.40753173828125,25.673141479492188,25.67314338684082,9.734390258789062,1.9073486328125e-06,9.73438835144043
875,83516.7,83790.7,83504.2,83747.7,11180.0,35.63157653808594,25.12451934814453,25.1245174407959,10.507057189941406,1.9073486328125e-06,10.507059097290039
876,83757.6,83895.3,83741.6,83858.9,10276.0,42.59954833984375,32.08618927001953,32.0861930847168,10.513359069824219,3.814697265625e-06,10.513355255126953
877,83860.0,83932.9,83826.0,83932.9,6560.0,42.849815368652344,37.248600006103516,37.24859619140625,5.601215362548828,3.814697265625e-06,5.601219177246094
878,83940.1,83984.9,83859.6,83950.7,11958.0,42.77766799926758,44.45484161376953,44.4548454284668,1.6771736145019531,3.814697265625e-06,1.6771774291992188
879,83937.7,83937.7,83837.1,83860.8,7627.0,49.976192474365234,46.70035934448242,46.70035934448242,3.2758331298828125,0.0,3.2758331298828125
880,83860.7,83988.5,83829.5,83944.8,3462.0,50.0086784362793,45.732826232910156,45.73283004760742,4.275852203369141,3.814697265625e-06,4.275848388671875
881,83937.9,84109.1,83936.9,84099.5,15827.0,49.979698181152344,52.51634979248047,52.516353607177734,2.536651611328125,3.814697265625e-06,2.5366554260253906
882,84097.6,84195.8,84085.7,84107.1,6837.0,50.00069808959961,73.19959259033203,73.19959259033203,23.198894500732422,0.0,23.198894500732422
883,84141.4,84194.8,84112.1,84128.8,5869.0,57.18928146362305,80.84098815917969,80.84098815917969,23.65170669555664,0.0,23.65170669555664
884,84128.8,84152.8,84085.4,84138.0,5619.0,57.17975616455078,75.46040344238281,75.46040344238281,18.28064727783203,0.0,18.28064727783203
885,84144.3,84282.8,84077.0,84253.4,11736.0,57.131961822509766,76.50230407714844,76.50230407714844,19.370342254638672,0.0,19.370342254638672
886,84253.5,84346.9,84108.1,84123.6,12369.0,57.156524658203125,72.8646011352539,72.8646011352539,15.708076477050781,0.0,15.708076477050781
887,84123.6,84243.2,84105.0,84183.7,6456.0,57.12153244018555,73.45657348632812,73.45657348632812,16.335041046142578,0.0,16.335041046142578
888,84183.7,84407.1,84175.8,84356.4,12382.0,64.232421875,74.95639038085938,74.95639038085938,10.723968505859375,0.0,10.723968505859375
889,84350.7,84350.7,84034.2,84086.3,10004.0,64.26899719238281,66.85124206542969,66.85124206542969,2.582244873046875,0.0,2.582244873046875
890,84076.6,84152.9,84047.1,84143.1,8864.0,57.16105270385742,59.42757034301758,59.42757034301758,2.2665176391601562,0.0,2.2665176391601562
891,84143.0,84386.4,84143.0,84366.4,7931.0,50.05724334716797,59.87666702270508,59.87666702270508,9.81942367553711,0.0,9.81942367553711
892,84370.6,84424.5,84153.4,84209.8,9858.0,50.05502700805664,51.309452056884766,51.309452056884766,1.254425048828125,0.0,1.254425048828125
893,84209.5,84308.4,84150.1,84244.1,10672.0,50.05571365356445,50.07402420043945,50.07401657104492,0.018310546875,7.62939453125e-06,0.01830291748046875
894,84231.7,84277.4,84197.8,84265.0,4751.0,50.058189392089844,50.5777473449707,50.57773971557617,0.5195579528808594,7.62939453125e-06,0.5195503234863281
895,84269.4,84294.7,84186.8,84188.0,4961.0,42.92606735229492,41.857444763183594,41.85744094848633,1.0686225891113281,3.814697265625e-06,1.0686264038085938
896,84197.3,84214.2,84110.1,84163.8,8754.0,50.061275482177734,35.508026123046875,35.508018493652344,14.55324935913086,7.62939453125e-06,14.55325698852539
897,84167.6,84237.4,84125.5,84197.2,7185.0,50.0474739074707,36.207645416259766,36.207645416259766,13.839828491210938,0.0,13.839828491210938
898,84199.2,84214.4,84134.1,84178.5,4214.0,50.06666946411133,36.62989044189453,36.62989044189453,13.436779022216797,0.0,13.436779022216797
899,84182.8,84243.3,84110.0,84110.1,9177.0,50.08845138549805,27.44792938232422,27.44792366027832,22.640522003173828,5.7220458984375e-06,22.640527725219727
900,84110.0,84145.0,84000.9,84019.7,11135.0,42.9443473815918,27.743331909179688,27.743331909179688,15.20101547241211,0.0,15.20101547241211
901,84028.0,84028.1,83827.1,83878.1,31049.0,42.98329162597656,22.919097900390625,22.919103622436523,20.064193725585938,5.7220458984375e-06,20.06418800354004
902,83878.0,84009.6,83856.5,83953.2,4463.0,35.85807800292969,18.3077392578125,18.3077449798584,17.550338745117188,5.7220458984375e-06,17.55033302307129
903,83953.2,83980.8,83895.1,83918.3,6474.0,28.71906280517578,18.80963134765625,18.80963706970215,9.909431457519531,5.7220458984375e-06,9.909425735473633
904,83914.2,83935.5,83852.8,83852.8,6679.0,35.84239196777344,19.135337829589844,19.13533592224121,16.707054138183594,1.9073486328125e-06,16.707056045532227
905,83841.9,83860.5,83741.6,83755.0,7145.0,35.868675231933594,12.974342346191406,12.974347114562988,22.894332885742188,4.76837158203125e-06,22.894328117370605
906,83759.2,83974.9,83745.7,83964.7,7273.0,28.717613220214844,19.10814666748047,19.1081485748291,9.609466552734375,1.9073486328125e-06,9.609464645385742
907,83964.7,84032.4,83898.7,83969.7,9174.0,28.61529541015625,26.836502075195312,26.836502075195312,1.7787933349609375,0.0,1.7787933349609375
908,83969.7,84129.4,83968.1,84078.1,7156.0,28.66094970703125,28.240707397460938,28.240699768066406,0.4202423095703125,7.62939453125e-06,0.42024993896484375
909,84073.9,84201.0,84073.0,84196.5,8198.0,28.703392028808594,33.939117431640625,33.93911361694336,5.235725402832031,3.814697265625e-06,5.235721588134766
910,84201.7,84201.7,84025.3,84045.2,8063.0,21.52130126953125,34.12541961669922,34.12541961669922,12.604118347167969,0.0,12.604118347167969
911,84037.6,84037.8,83930.5,83979.7,5928.0,14.316932678222656,28.76001739501953,28.760019302368164,14.443084716796875,1.9073486328125e-06,14.443086624145508
912,83977.9,83988.5,83936.0,83982.1,8969.0,21.375770568847656,27.717567443847656,27.717567443847656,6.341796875,0.0,6.341796875
913,83979.3,83979.3,83847.1,83847.1,3779.0,28.49872589111328,28.91522979736328,28.91522979736328,0.41650390625,0.0,0.41650390625
914,83847.2,83916.9,83827.6,83827.6,7451.0,28.55182647705078,29.795082092285156,29.795082092285156,1.243255615234375,0.0,1.243255615234375
915,83826.8,83826.8,83671.6,83685.5,10288.0,28.606002807617188,35.921875,35.921871185302734,7.3158721923828125,3.814697265625e-06,7.315868377685547
916,83677.2,83750.0,83586.7,83735.2,11544.0,35.71880340576172,29.45067596435547,29.450674057006836,6.26812744140625,1.9073486328125e-06,6.268129348754883
917,83728.8,83728.8,83536.6,83616.9,42094.0,35.7646484375,22.174774169921875,22.174779891967773,13.589874267578125,5.7220458984375e-06,13.589868545532227
918,83619.0,83698.3,83610.0,83610.6,4024.0,35.65252685546875,25.44025421142578,25.44024658203125,10.212272644042969,7.62939453125e-06,10.2122802734375
919,83608.5,83630.5,83587.0,83611.6,4610.0,42.83500289916992,25.90734100341797,25.90733528137207,16.927661895751953,5.7220458984375e-06,16.92766761779785
920,83615.8,83753.0,83608.5,83696.0,8401.0,50.04356384277344,26.495216369628906,26.495220184326172,23.54834747314453,3.814697265625e-06,23.548343658447266
921,83696.0,83808.4,83672.4,83771.7,8045.0,42.836910247802734,25.88397216796875,25.88396644592285,16.952938079833984,5.7220458984375e-06,16.952943801879883
922,83771.9,83797.2,83687.7,83743.3,7048.0,42.85089874267578,20.722549438476562,20.72254753112793,22.12834930419922,1.9073486328125e-06,22.12835121154785
923,83749.0,83833.7,83689.7,83817.0,7983.0,50.03323745727539,20.578041076660156,20.578044891357422,29.455196380615234,3.814697265625e-06,29.45519256591797
924,83825.4,83826.3,83705.9,83740.7,7670.0,50.03358840942383,20.64153289794922,20.64152717590332,29.39205551147461,5.7220458984375e-06,29.392061233520508
925,83740.1,83775.0,83627.8,83677.6,7738.0,50.02074432373047,20.37708282470703,20.377084732055664,29.643661499023438,1.9073486328125e-06,29.643659591674805
926,83666.0,83684.1,83608.1,83608.1,5996.0,50.02592849731445,20.82537078857422,20.825368881225586,29.200557708740234,1.9073486328125e-06,29.200559616088867
927,83608.2,83629.2,83549.2,83576.1,6533.0,42.880462646484375,20.416580200195312,20.416580200195312,22.463882446289062,0.0,22.463882446289062
928,83583.8,83622.3,83548.1,83548.2,7330.0,42.88987350463867,20.438003540039062,20.438007354736328,22.45186996459961,3.814697265625e-06,22.451866149902344
929,83555.1,83706.1,83555.1,83672.0,10687.0,50.023521423339844,28.02906036376953,28.02906036376953,21.994461059570312,0.0,21.994461059570312
930,83678.4,84299.9,83579.7,84099.8,48233.0,42.91272735595703,49.59834289550781,49.59833908081055,6.685615539550781,3.814697265625e-06,6.685611724853516
931,84092.4,84256.8,83848.1,83896.1,20421.0,42.92302703857422,69.72816467285156,69.72815704345703,26.805137634277344,7.62939453125e-06,26.805130004882812
932,83897.1,84299.9,83792.0,84270.3,17872.0,42.93587112426758,72.22702026367188,72.22702026367188,29.291149139404297,0.0,29.291149139404297
933,84261.5,84293.4,83986.8,84269.2,10392.0,42.928123474121094,75.79192352294922,75.79192352294922,32.863800048828125,0.0,32.863800048828125
934,84269.3,84820.2,84269.3,84762.7,44408.0,42.91939163208008,79.97459411621094,79.97459411621094,37.05520248413086,0.0,37.05520248413086
935,84762.7,84900.0,84485.0,84890.9,32741.0,50.102962493896484,82.10189819335938,82.10189056396484,31.99893569946289,7.62939453125e-06,31.99892807006836
936,84890.9,85001.8,84816.5,84976.8,62131.0,57.280845642089844,87.94249725341797,87.94249725341797,30.661651611328125,0.0,30.661651611328125
937,84972.3,85140.8,84857.4,84864.4,30059.0,57.29424285888672,88.80490112304688,88.80490112304688,31.510658264160156,0.0,31.510658264160156
938,84860.9,84992.7,84711.4,84800.2,12249.0,64.46012115478516,87.4878158569336,87.4878158569336,23.027694702148438,0.0,23.027694702148438
939,84797.1,85040.4,84796.9,84863.8,11989.0,71.60371398925781,90.04669189453125,90.04669189453125,18.442977905273438,0.0,18.442977905273438
940,84855.5,85041.6,84700.0,85007.8,10696.0,71.63204956054688,92.01557922363281,92.01557922363281,20.383529663085938,0.0,20.383529663085938
941,85007.8,85267.7,85007.8,85169.7,18893.0,71.56564331054688,94.22242736816406,94.22241973876953,22.656784057617188,7.62939453125e-06,22.656776428222656
942,85171.3,85279.8,84913.6,85028.8,11743.0,71.50253295898438,92.9657974243164,92.9657974243164,21.46326446533203,0.0,21.46326446533203
943,85028.8,85028.8,84774.4,84815.3,17450.0,64.37627410888672,88.09561157226562,88.09561920166016,23.719337463378906,7.62939453125e-06,23.719345092773438
944,84815.3,84968.6,84772.1,84907.1,9999.0,71.46975708007812,86.64932250976562,86.64932250976562,15.1795654296875,0.0,15.1795654296875
945,84917.0,84984.1,84649.0,84660.5,12520.0,78.54257202148438,82.18110656738281,82.18110656738281,3.6385345458984375,0.0,3.6385345458984375
946,84656.3,84699.8,84407.8,84436.5,15972.0,78.55353546142578,76.79121398925781,76.79121398925781,1.7623214721679688,0.0,1.7623214721679688
947,84434.9,84539.6,84235.7,84261.3,11651.0,78.56700134277344,73.05903625488281,73.05904388427734,5.507965087890625,7.62939453125e-06,5.507957458496094
948,84265.7,84645.9,84251.6,84645.8,25414.0,71.43833923339844,71.25569152832031,71.25569152832031,0.182647705078125,0.0,0.182647705078125
949,84640.6,84671.3,84374.2,84546.2,8208.0,64.31869506835938,68.53255462646484,68.53255462646484,4.213859558105469,0.0,4.213859558105469
950,84534.6,84682.1,84494.5,84649.9,18914.0,64.31349182128906,62.20783233642578,62.207828521728516,2.1056594848632812,3.814697265625e-06,2.105663299560547
951,84650.6,84986.8,84570.9,84893.5,17548.0,57.20191955566406,59.87086486816406,59.8708610534668,2.6689453125,3.814697265625e-06,2.6689414978027344
952,84893.4,85162.0,84781.0,85125.8,20141.0,50.0810432434082,67.18547058105469,67.18546295166016,17.104427337646484,7.62939453125e-06,17.104419708251953
953,85141.6,85217.2,85078.1,85179.5,8645.0,42.94713592529297,66.66084289550781,66.66084289550781,23.713706970214844,0.0,23.713706970214844
954,85179.5,85427.9,85162.8,85400.7,20955.0,35.79258728027344,68.24654388427734,68.24654388427734,32.453956604003906,0.0,32.453956604003906
955,85403.5,85488.7,85308.4,85417.0,8141.0,42.926578521728516,66.59715270996094,66.59715270996094,23.670574188232422,0.0,23.670574188232422
956,85417.0,85417.0,85030.7,85069.6,20538.0,42.966819763183594,63.87210464477539,63.872108459472656,20.905284881591797,3.814697265625e-06,20.905288696289062
957,85055.6,85190.8,85055.6,85060.6,6663.0,50.09266662597656,67.22311401367188,67.22311401367188,17.130447387695312,0.0,17.130447387695312
958,85060.1,85154.7,85000.1,85122.8,11759.0,42.95362091064453,61.81241989135742,61.812416076660156,18.85879898071289,3.814697265625e-06,18.858795166015625
959,85122.8,85122.8,84836.1,84836.2,16029.0,35.801612854003906,60.774497985839844,60.77449417114258,24.972885131835938,3.814697265625e-06,24.972881317138672
960,84836.2,85103.4,84806.1,84820.4,13616.0,35.751800537109375,61.44047164916992,61.44047164916992,25.688671112060547,0.0,25.688671112060547
961,84812.1,84833.6,84582.3,84582.3,12104.0,28.574081420898438,61.294551849365234,61.294551849365234,32.7204704284668,0.0,32.7204704284668
962,84578.1,84628.0,84460.8,84469.8,16158.0,28.60003662109375,51.44524002075195,51.44523239135742,22.845203399658203,7.62939453125e-06,22.845195770263672
963,84470.8,84551.8,84329.4,84551.7,10543.0,28.624481201171875,46.805458068847656,46.805458068847656,18.18097686767578,0.0,18.18097686767578
964,84556.0,84601.9,84415.7,84555.3,7480.0,21.455291748046875,43.62049102783203,43.6204948425293,22.165199279785156,3.814697265625e-06,22.165203094482422
965,84539.0,84713.2,84494.4,84632.7,20191.0,28.56389617919922,44.3775520324707,44.37755584716797,15.813655853271484,3.814697265625e-06,15.81365966796875
966,84632.6,84788.1,84526.3,84670.7,11339.0,28.65289306640625,41.70073318481445,41.70073699951172,13.047840118408203,3.814697265625e-06,13.047843933105469
967,84670.0,84670.5,84503.8,84520.0,8458.0,28.735626220703125,37.04195785522461,37.04195785522461,8.306331634521484,0.0,8.306331634521484
968,84520.1,84558.2,84307.6,84440.3,13741.0,35.79749298095703,26.662757873535156,26.662761688232422,9.134735107421875,3.814697265625e-06,9.13473129272461
969,84440.3,84502.6,84340.4,84454.2,4812.0,28.660400390625,22.45654296875,22.4565486907959,6.203857421875,5.7220458984375e-06,6.203851699829102
970,84454.1,84461.6,84317.9,84424.8,8405.0,35.72080993652344,24.16631317138672,24.166311264038086,11.554496765136719,1.9073486328125e-06,11.554498672485352
971,84424.8,84466.4,84317.9,84428.5,5970.0,28.54022216796875,27.98503875732422,27.98503875732422,0.5551834106445312,0.0,0.5551834106445312
972,84428.5,84469.6,84304.4,84328.8,6193.0,28.625076293945312,29.005111694335938,29.005107879638672,0.380035400390625,3.814697265625e-06,0.3800315856933594
973,84324.6,84341.3,84047.4,84155.2,19509.0,35.768821716308594,28.396926879882812,28.396930694580078,7.371894836425781,3.814697265625e-06,7.371891021728516
974,84155.2,84252.7,84064.1,84174.1,6456.0,35.645118713378906,29.757980346679688,29.75797462463379,5.887138366699219,5.7220458984375e-06,5.887144088745117
975,84174.1,84294.7,84169.0,84187.5,9896.0,35.71136474609375,36.82796859741211,36.82796859741211,1.1166038513183594,0.0,1.1166038513183594
976,84186.0,84243.8,84129.5,84130.9,5068.0,35.77275848388672,39.79551696777344,39.7955207824707,4.022758483886719,3.814697265625e-06,4.022762298583984
977,84124.0,84124.0,83836.9,83943.2,13960.0,35.84423065185547,38.856834411621094,38.85682678222656,3.012603759765625,7.62939453125e-06,3.0125961303710938
978,83943.3,84075.7,83943.3,84063.2,18572.0,43.04652404785156,43.26904296875,43.269039154052734,0.2225189208984375,3.814697265625e-06,0.22251510620117188
979,84067.1,84202.8,84029.6,84184.1,18730.0,35.80894470214844,42.6786003112793,42.67859649658203,6.869655609130859,3.814697265625e-06,6.869651794433594
980,84184.6,84201.2,83800.1,83860.5,9955.0,35.812721252441406,35.48480987548828,35.484806060791016,0.327911376953125,3.814697265625e-06,0.3279151916503906
981,83860.4,83911.7,83750.0,83803.1,9483.0,42.90586853027344,35.2620849609375,35.2620849609375,7.6437835693359375,0.0,7.6437835693359375
982,83803.4,84003.3,83686.4,83926.7,14106.0,35.766754150390625,44.50696563720703,44.50696563720703,8.740211486816406,0.0,8.740211486816406
983,83936.7,84116.6,83895.2,84063.1,5934.0,42.861480712890625,48.08064651489258,48.08064651489258,5.219165802001953,0.0,5.219165802001953
984,84063.0,84068.0,83884.0,84056.9,11360.0,42.85195541381836,47.17823791503906,47.17823791503906,4.326282501220703,0.0,4.326282501220703
985,84058.9,84344.3,84000.1,84130.2,22610.0,42.87399673461914,52.29331970214844,52.29331970214844,9.419322967529297,0.0,9.419322967529297
986,84143.8,84143.8,83805.5,83890.7,6890.0,49.97475051879883,52.09173583984375,52.091732025146484,2.116985321044922,3.814697265625e-06,2.1169815063476562
987,83898.4,83898.4,83725.7,83767.8,7933.0,42.83963394165039,55.8568115234375,55.8568115234375,13.01717758178711,0.0,13.01717758178711
988,83769.1,83833.8,83644.4,83698.6,9021.0,35.67985534667969,54.99504852294922,54.99504852294922,19.31519317626953,0.0,19.31519317626953
989,83698.6,83698.6,83592.7,83631.9,7309.0,35.75975036621094,49.7319450378418,49.7319450378418,13.97219467163086,0.0,13.97219467163086
990,83628.6,83711.6,83506.1,83646.8,14344.0,35.858306884765625,47.041595458984375,47.041595458984375,11.18328857421875,0.0,11.18328857421875
991,83640.5,83826.1,83518.1,83826.1,13397.0,35.94964599609375,55.08710479736328,55.08710479736328,19.13745880126953,0.0,19.13745880126953
992,83826.2,83863.0,83730.3,83806.9,14159.0,28.78095245361328,53.87530517578125,53.875308990478516,25.09435272216797,3.814697265625e-06,25.094356536865234
993,83793.4,83807.0,83529.3,83542.8,39490.0,35.85912322998047,37.799686431884766,37.799686431884766,1.9405632019042969,0.0,1.9405632019042969
994,83541.2,83617.5,83335.1,83363.5,30566.0,35.955413818359375,34.05414581298828,34.05414962768555,1.9012680053710938,3.814697265625e-06,1.9012641906738281
995,83364.5,83410.2,83294.4,83322.6,14210.0,35.794273376464844,33.304649353027344,33.30464553833008,2.4896240234375,3.814697265625e-06,2.4896278381347656
996,83329.0,83414.6,83195.0,83211.9,12244.0,35.899383544921875,26.866188049316406,26.866188049316406,9.033195495605469,0.0,9.033195495605469
997,83211.9,83284.2,83062.6,83228.9,68510.0,28.72478485107422,18.52556610107422,18.525562286376953,10.19921875,3.814697265625e-06,10.199222564697266
998,83244.1,83284.0,83121.4,83169.0,11905.0,28.51506805419922,18.496170043945312,18.496170043945312,10.018898010253906,0.0,10.018898010253906
999,83175.6,83183.9,82916.8,82937.8,19501.0,28.598182678222656,10.266365051269531,10.26636791229248,18.331817626953125,2.86102294921875e-06,18.331814765930176
1000,82925.6,82963.6,82843.7,82875.6,29655.0,28.397369384765625,9.474205017089844,9.474207878112793,18.92316436767578,2.86102294921875e-06,18.923161506652832
1001,82876.6,83021.4,82870.1,82967.0,8328.0,35.55547332763672,12.296669006347656,12.296667098999023,23.258804321289062,1.9073486328125e-06,23.258806228637695
1002,82972.2,83028.8,82784.3,82884.9,14024.0,42.76349639892578,12.094688415527344,12.094686508178711,30.668807983398438,1.9073486328125e-06,30.66880989074707
1003,82870.4,83052.6,82846.0,83030.4,9470.0,49.99774169921875,15.157051086425781,15.157050132751465,34.84069061279297,9.5367431640625e-07,34.840691566467285
1004,83030.4,83299.0,83030.4,83225.5,16092.0,50.025081634521484,20.404136657714844,20.404132843017578,29.62094497680664,3.814697265625e-06,29.620948791503906
1005,83225.5,83375.9,83118.9,83354.1,17205.0,50.049713134765625,21.37866973876953,21.3786678314209,28.671043395996094,1.9073486328125e-06,28.671045303344727
1006,83346.1,83366.1,83235.0,83327.7,13563.0,57.2471809387207,21.203231811523438,21.20323371887207,36.043949127197266,1.9073486328125e-06,36.04394721984863
1007,83327.7,83387.0,83234.4,83319.0,10598.0,57.255645751953125,27.287216186523438,27.287216186523438,29.968429565429688,0.0,29.968429565429688
1008,83328.2,83367.4,83068.8,83169.0,9307.0,64.4249267578125,29.576568603515625,29.57657241821289,34.848358154296875,3.814697265625e-06,34.84835433959961
1009,83191.0,83333.0,83145.0,83262.0,5816.0,64.47504425048828,32.953636169433594,32.95363235473633,31.521408081054688,3.814697265625e-06,31.521411895751953
1010,83261.8,83261.8,83098.2,83204.9,7128.0,64.3563232421875,33.655120849609375,33.65512466430664,30.701202392578125,3.814697265625e-06,30.70119857788086
1011,83205.8,83210.9,82950.1,83020.0,10240.0,64.25404357910156,44.396324157714844,44.39632034301758,19.85771942138672,3.814697265625e-06,19.857723236083984
1012,83010.3,83025.3,82811.0,82841.7,16781.0,64.3083267211914,43.25570297241211,43.255706787109375,21.052623748779297,3.814697265625e-06,21.05261993408203
1013,82845.8,82866.4,82718.4,82830.3,12697.0,64.20433044433594,44.88923645019531,44.88923645019531,19.315093994140625,0.0,19.315093994140625
1014,82857.7,83147.1,82857.7,83096.5,12846.0,57.08729553222656,57.29381561279297,57.2938117980957,0.20652008056640625,3.814697265625e-06,0.20651626586914062
1015,83085.2,83168.2,82984.1,83070.7,10440.0,50.01091766357422,57.83946990966797,57.83946990966797,7.82855224609375,0.0,7.82855224609375
1016,83080.9,83200.2,82974.4,83158.8,10932.0,42.92690658569336,65.62496948242188,65.62496948242188,22.698062896728516,0.0,22.698062896728516
1017,83158.9,83160.0,82927.1,82927.1,5971.0,35.82500457763672,61.13738250732422,61.13738250732422,25.3123779296875,0.0,25.3123779296875
1018,82922.4,82988.2,82783.7,82963.5,13592.0,35.84291076660156,51.87522888183594,51.875221252441406,16.032318115234375,7.62939453125e-06,16.032310485839844
1019,82965.8,82977.4,82875.1,82922.3,7153.0,35.853782653808594,48.5670280456543,48.5670280456543,12.713245391845703,0.0,12.713245391845703
1020,82922.3,83030.4,82889.2,82941.3,11976.0,35.80622100830078,47.98591232299805,47.98591232299805,12.179691314697266,0.0,12.179691314697266
1021,82950.1,83099.9,82902.3,83002.0,9003.0,28.69573974609375,47.394954681396484,47.394954681396484,18.699214935302734,0.0,18.699214935302734
1022,82996.5,83020.0,82769.9,82843.9,19729.0,28.610397338867188,44.208885192871094,44.20888900756836,15.598487854003906,3.814697265625e-06,15.598491668701172
1023,82843.8,82883.9,82707.7,82783.4,17817.0,21.420265197753906,37.523563385009766,37.5235595703125,16.10329818725586,3.814697265625e-06,16.103294372558594
1024,82762.5,82762.5,82445.9,82450.1,38999.0,21.48778533935547,31.521934509277344,31.521936416625977,10.034149169921875,1.9073486328125e-06,10.034151077270508
1025,82457.3,82604.0,82310.6,82464.0,20183.0,21.56212615966797,30.033668518066406,30.033668518066406,8.471542358398438,0.0,8.471542358398438
1026,82463.2,82533.3,82345.6,82498.0,12211.0,21.36878204345703,30.71826934814453,30.718273162841797,9.3494873046875,3.814697265625e-06,9.349491119384766
1027,82490.7,82738.0,82431.8,82664.8,11469.0,28.62017822265625,36.56631851196289,36.56631851196289,7.946140289306641,0.0,7.946140289306641
1028,82683.2,83082.3,82666.0,82839.8,14730.0,35.895469665527344,37.14399337768555,37.14399719238281,1.2485237121582031,3.814697265625e-06,1.2485275268554688
1029,82843.1,82933.7,82700.1,82887.1,6414.0,43.17849349975586,32.66167449951172,32.66167449951172,10.51681900024414,0.0,10.51681900024414
1030,82888.2,82990.1,82829.2,82875.8,8653.0,50.46403884887695,31.875152587890625,31.87514877319336,18.588886260986328,3.814697265625e-06,18.588890075683594
1031,82888.0,82961.2,82739.9,82799.9,10151.0,50.38119888305664,31.21697998046875,31.216981887817383,19.16421890258789,1.9073486328125e-06,19.164216995239258
1032,82820.8,82825.6,82633.4,82714.6,15778.0,57.587249755859375,30.887596130371094,30.887601852416992,26.69965362548828,5.7220458984375e-06,26.699647903442383
1033,82715.6,82988.3,82715.6,82955.1,9882.0,64.79798126220703,31.79944610595703,31.799448013305664,32.99853515625,1.9073486328125e-06,32.99853324890137
1034,82963.1,82967.7,82783.6,82919.9,7372.0,64.88867950439453,30.241668701171875,30.241668701171875,34.647010803222656,0.0,34.647010803222656
1035,82913.9,82927.3,82831.9,82909.1,4950.0,72.03941345214844,26.307533264160156,26.30752944946289,45.73188018798828,3.814697265625e-06,45.73188400268555
1036,82910.5,82960.7,82740.6,82909.9,8216.0,64.81609344482422,27.932373046875,27.932373046875,36.88372039794922,0.0,36.88372039794922
1037,82921.7,83124.8,82802.1,82885.1,10440.0,64.64887237548828,34.913482666015625,34.91347885131836,29.735389709472656,3.814697265625e-06,29.735393524169922
1038,82885.2,82910.2,82579.6,82602.9,8948.0,64.39993286132812,41.91672897338867,41.916725158691406,22.483203887939453,3.814697265625e-06,22.48320770263672
1039,82597.0,82746.2,82551.9,82745.7,6251.0,71.3167495727539,46.20586013793945,46.20586013793945,25.110889434814453,0.0,25.110889434814453
1040,82746.0,82972.1,82713.0,82924.8,8474.0,71.43627166748047,53.93354415893555,53.93354415893555,17.502727508544922,0.0,17.502727508544922
1041,82931.2,83200.3,82842.8,83181.5,11690.0,71.50604248046875,54.03329086303711,54.033294677734375,17.47275161743164,3.814697265625e-06,17.472747802734375
1042,83169.5,83271.3,82972.3,82976.7,31206.0,71.5716323852539,38.089473724365234,38.089473724365234,33.48215866088867,0.0,33.48215866088867
1043,82981.4,83032.6,82853.1,82971.3,13061.0,64.41305541992188,36.45378875732422,36.453792572021484,27.959266662597656,3.814697265625e-06,27.95926284790039
1044,82965.3,83145.1,82965.3,83098.3,9214.0,57.27859878540039,36.690574645996094,36.69057083129883,20.588024139404297,3.814697265625e-06,20.588027954101562
1045,83087.7,83197.7,82994.5,83182.7,6665.0,64.37931823730469,41.91539764404297,41.915401458740234,22.46392059326172,3.814697265625e-06,22.463916778564453
1046,83178.7,83229.1,83127.5,83133.0,7498.0,57.27920913696289,49.53325271606445,49.53325271606445,7.7459564208984375,0.0,7.7459564208984375
1047,83128.0,83223.0,83102.7,83174.7,5256.0,50.17949676513672,47.86493682861328,47.864933013916016,2.3145599365234375,3.814697265625e-06,2.314563751220703
1048,83174.6,83307.3,83072.9,83184.5,35632.0,50.18069076538086,56.68608093261719,56.68608474731445,6.505390167236328,3.814697265625e-06,6.505393981933594
1049,83184.6,83284.5,83088.8,83284.5,6360.0,43.0378303527832,59.97871017456055,59.97871017456055,16.940879821777344,0.0,16.940879821777344
1050,83272.9,83346.8,83179.9,83179.9,13760.0,50.219791412353516,65.96006774902344,65.96006774902344,15.740276336669922,0.0,15.740276336669922
1051,83179.7,83184.8,83045.7,83052.5,4461.0,57.390296936035156,62.107120513916016,62.10711669921875,4.716823577880859,3.814697265625e-06,4.716819763183594
1052,83052.4,83146.3,82935.9,83116.1,10939.0,64.53280639648438,61.36748123168945,61.36748504638672,3.165325164794922,3.814697265625e-06,3.1653213500976562
1053,83100.4,83247.2,83088.1,83180.9,7460.0,57.37089538574219,65.27046203613281,65.27046203613281,7.899566650390625,0.0,7.899566650390625
1054,83176.7,83247.2,83113.7,83113.7,4538.0,57.4514274597168,61.75474548339844,61.75474548339844,4.303318023681641,0.0,4.303318023681641
1055,83112.5,83218.2,83097.6,83143.2,4559.0,57.509742736816406,57.21930694580078,57.219303131103516,0.290435791015625,3.814697265625e-06,0.2904396057128906
1056,83147.8,83445.2,83122.1,83399.3,9186.0,50.34965896606445,72.93252563476562,72.93253326416016,22.582866668701172,7.62939453125e-06,22.582874298095703
1057,83393.7,83643.2,83384.8,83617.9,18477.0,57.48731994628906,83.01264953613281,83.01264953613281,25.52532958984375,0.0,25.52532958984375
1058,83616.3,83796.2,83572.4,83765.2,20164.0,57.45295333862305,84.22686767578125,84.22686767578125,26.773914337158203,0.0,26.773914337158203
1059,83761.1,83769.4,83530.7,83549.3,9553.0,50.355587005615234,78.44671630859375,78.44671630859375,28.091129302978516,0.0,28.091129302978516
1060,83552.4,83699.9,83552.4,83664.0,8323.0,50.34609603881836,78.56498718261719,78.56498718261719,28.218891143798828,0.0,28.218891143798828
1061,83663.9,83696.4,83552.1,83583.8,8161.0,50.33968734741211,73.88931274414062,73.88931274414062,23.549625396728516,0.0,23.549625396728516
1062,83581.5,83617.6,83483.5,83502.9,9247.0,43.31904602050781,61.965576171875,61.965579986572266,18.646530151367188,3.814697265625e-06,18.646533966064453
1063,83498.6,83528.3,83410.5,83410.5,6310.0,43.35924530029297,57.28620147705078,57.28620147705078,13.926956176757812,0.0,13.926956176757812
1064,83419.0,83419.1,83243.2,83355.1,44546.0,36.279666900634766,38.38786315917969,38.38786697387695,2.108196258544922,3.814697265625e-06,2.1082000732421875
1065,83365.5,83365.5,83137.7,83245.0,10509.0,36.1060905456543,37.038761138916016,37.03876495361328,0.9326705932617188,3.814697265625e-06,0.9326744079589844
1066,83244.9,83472.3,83217.3,83376.4,11346.0,28.9176025390625,43.51857376098633,43.51857376098633,14.600971221923828,0.0,14.600971221923828
1067,83379.7,83599.9,83379.7,83593.4,5674.0,35.9818115234375,42.93717575073242,42.93717956542969,6.955364227294922,3.814697265625e-06,6.9553680419921875
1068,83593.4,83810.5,83593.4,83773.3,12094.0,28.731979370117188,47.911895751953125,47.911895751953125,19.179916381835938,0.0,19.179916381835938
1069,83778.5,83884.0,83778.5,83853.8,8720.0,21.45130157470703,51.606292724609375,51.606292724609375,30.154991149902344,0.0,30.154991149902344
1070,83856.0,83932.0,83741.5,83919.5,6771.0,28.562774658203125,50.97005844116211,50.970062255859375,22.407283782958984,3.814697265625e-06,22.40728759765625
1071,83916.6,84107.5,83916.6,84096.0,22793.0,21.296524047851562,52.15391159057617,52.15391159057617,30.85738754272461,0.0,30.85738754272461
1072,84094.0,84469.1,84059.2,84469.1,44748.0,28.458572387695312,57.861724853515625,57.861724853515625,29.403152465820312,0.0,29.403152465820312
1073,84469.1,84537.4,84331.0,84471.8,17837.0,35.65882110595703,63.89154052734375,63.89154052734375,28.23271942138672,0.0,28.23271942138672
1074,84468.2,84514.9,84353.3,84407.5,7191.0,35.71302032470703,60.360267639160156,60.36026382446289,24.647247314453125,3.814697265625e-06,24.64724349975586
1075,84405.0,84594.4,84400.8,84531.8,17853.0,42.95048522949219,65.69566345214844,65.6956558227539,22.74517822265625,7.62939453125e-06,22.74517059326172
1076,84531.8,84779.9,84531.8,84728.3,10834.0,42.95917892456055,70.00617218017578,70.00617218017578,27.046993255615234,0.0,27.046993255615234
1077,84726.2,84730.2,84553.1,84639.2,8104.0,50.15882873535156,69.42611694335938,69.42611694335938,19.267288208007812,0.0,19.267288208007812
1078,84645.4,84843.4,84645.4,84788.6,6836.0,57.39342498779297,86.534912109375,86.534912109375,29.14148712158203,0.0,29.14148712158203
1079,84802.4,84937.8,84788.9,84921.0,9863.0,57.50786209106445,91.94998931884766,91.94998931884766,34.4421272277832,0.0,34.4421272277832
1080,84921.0,84963.5,84713.3,84825.4,29305.0,64.71086120605469,78.53128814697266,78.53128051757812,13.820426940917969,7.62939453125e-06,13.820419311523438
1081,84825.4,84832.5,84578.6,84643.4,31444.0,64.85423278808594,67.45140075683594,67.4513931274414,2.59716796875,7.62939453125e-06,2.5971603393554688
1082,84648.7,84856.0,84635.0,84707.8,12198.0,64.57868957519531,67.48588562011719,67.48588562011719,2.907196044921875,0.0,2.907196044921875
1083,84713.1,84934.3,84713.1,84924.9,22912.0,71.6643295288086,69.36192321777344,69.36193084716797,2.3024063110351562,7.62939453125e-06,2.302398681640625
1084,84924.9,85000.0,84870.7,84992.2,7445.0,64.44108581542969,69.45582580566406,69.45582580566406,5.014739990234375,0.0,5.014739990234375
1085,84988.3,85033.8,84865.2,84981.3,7177.0,64.17823028564453,67.43995666503906,67.43995666503906,3.2617263793945312,0.0,3.2617263793945312
1086,84981.5,85175.3,84981.5,85131.6,10751.0,64.31840515136719,61.940460205078125,61.940460205078125,2.3779449462890625,0.0,2.3779449462890625
1087,85132.1,85495.4,85088.0,85405.6,32002.0,57.19320297241211,64.50799560546875,64.50800323486328,7.314792633056641,7.62939453125e-06,7.314800262451172
1088,85414.1,85414.1,85208.4,85305.7,15830.0,56.99434280395508,61.97002410888672,61.97002410888672,4.975681304931641,0.0,4.975681304931641
1089,85305.7,85471.1,85301.4,85384.0,5496.0,57.11692428588867,59.755950927734375,59.75594711303711,2.639026641845703,3.814697265625e-06,2.6390228271484375
1090,85383.9,85383.9,85109.7,85229.7,15122.0,56.97126388549805,53.50398635864258,53.50398635864258,3.4672775268554688,0.0,3.4672775268554688
1091,85228.3,85329.5,85143.0,85234.0,10143.0,49.94457244873047,52.984737396240234,52.98473358154297,3.0401649475097656,3.814697265625e-06,3.0401611328125
1092,85242.4,85311.9,85073.9,85155.1,14359.0,42.91707229614258,48.15239334106445,48.15238952636719,5.235321044921875,3.814697265625e-06,5.235317230224609
1093,85166.3,85242.2,85024.3,85132.6,10146.0,35.86333465576172,43.69629669189453,43.696292877197266,7.8329620361328125,3.814697265625e-06,7.832958221435547
1094,85162.9,85233.7,85104.3,85130.0,9191.0,28.80200958251953,52.4865837097168,52.4865837097168,23.684574127197266,0.0,23.684574127197266
1095,85131.1,85316.6,85120.1,85194.0,7822.0,21.66089630126953,63.63658905029297,63.63658905029297,41.97569274902344,0.0,41.97569274902344
1096,85201.8,85285.2,85079.0,85131.4,8329.0,21.718238830566406,58.14023971557617,58.14023971557617,36.422000885009766,0.0,36.422000885009766
1097,85160.4,85295.5,84984.1,85144.8,17961.0,21.56304931640625,46.504634857177734,46.504634857177734,24.941585540771484,0.0,24.941585540771484
1098,85144.8,85407.8,85127.1,85361.0,17528.0,28.698638916015625,49.482154846191406,49.48215866088867,20.78351593017578,3.814697265625e-06,20.783519744873047
1099,85361.0,85448.1,85123.2,85123.2,8249.0,35.876136779785156,45.275211334228516,45.275211334228516,9.39907455444336,0.0,9.39907455444336
1100,85123.2,85130.6,84951.8,85037.8,10494.0,28.627761840820312,39.464385986328125,39.46438217163086,10.836624145507812,3.814697265625e-06,10.836620330810547
1101,85042.0,85250.6,85016.8,85054.9,12391.0,35.84973907470703,32.16095733642578,32.160953521728516,3.68878173828125,3.814697265625e-06,3.6887855529785156
1102,85063.5,85277.3,85063.5,85188.7,10834.0,43.08280944824219,40.03547286987305,40.03547286987305,3.0473365783691406,0.0,3.0473365783691406
1103,85187.8,85337.9,85118.3,85337.9,10198.0,35.82679748535156,41.76642990112305,41.76642990112305,5.939632415771484,0.0,5.939632415771484
1104,85346.5,85444.5,85329.2,85392.6,13602.0,35.84544372558594,50.60850524902344,50.60850524902344,14.7630615234375,0.0,14.7630615234375
1105,85393.9,85561.9,85319.7,85418.8,11914.0,43.071617126464844,57.3771858215332,57.3771858215332,14.30556869506836,0.0,14.30556869506836
1106,85417.8,85429.4,85300.1,85300.4,8748.0,50.25202560424805,59.41532516479492,59.41532516479492,9.163299560546875,0.0,9.163299560546875
1107,85300.0,85300.0,85090.5,85152.2,6980.0,57.40254592895508,60.63202667236328,60.63202667236328,3.229480743408203,0.0,3.229480743408203
1108,85153.2,85165.3,85047.3,85085.0,10597.0,64.51191711425781,54.18717956542969,54.18717956542969,10.324737548828125,0.0,10.324737548828125
1109,85085.0,85226.7,85085.0,85199.7,8634.0,71.56671905517578,54.423728942871094,54.42373275756836,17.142990112304688,3.814697265625e-06,17.142986297607422
1110,85195.7,85336.2,85195.7,85319.5,6052.0,71.4347915649414,59.151763916015625,59.151763916015625,12.283027648925781,0.0,12.283027648925781
1111,85325.4,85429.3,85285.5,85289.7,7594.0,71.47250366210938,68.68962860107422,68.68962860107422,2.7828750610351562,0.0,2.7828750610351562
1112,85285.6,85346.4,85205.0,85346.4,5640.0,64.36776733398438,61.58811569213867,61.58811569213867,2.779651641845703,0.0,2.779651641845703
1113,85342.2,85423.8,85333.7,85423.7,8240.0,57.267147064208984,67.84193420410156,67.84193420410156,10.574787139892578,0.0,10.574787139892578
1114,85410.8,85471.1,85387.4,85430.1,7198.0,57.293174743652344,75.16461181640625,75.16460418701172,17.871437072753906,7.62939453125e-06,17.871429443359375
1115,85426.0,85471.1,85315.3,85394.0,5488.0,57.25675964355469,69.24925231933594,69.24925231933594,11.99249267578125,0.0,11.99249267578125
1116,85397.6,85463.6,85352.0,85463.6,7635.0,57.2213249206543,68.42642974853516,68.42642211914062,11.20510482788086,7.62939453125e-06,11.205097198486328
1117,85471.1,85471.1,85238.8,85252.8,8913.0,57.28565979003906,60.47962188720703,60.4796257019043,3.1939620971679688,3.814697265625e-06,3.1939659118652344
1118,85247.5,85285.1,85058.4,85130.4,12347.0,64.42060089111328,49.41170120239258,49.41170883178711,15.008899688720703,7.62939453125e-06,15.008892059326172
1119,85139.0,85276.5,85129.6,85169.9,15130.0,57.322200775146484,50.76104736328125,50.76104736328125,6.561153411865234,0.0,6.561153411865234
1120,85181.6,85200.2,85075.3,85088.0,8698.0,50.22368621826172,50.79202651977539,50.792030334472656,0.5683403015136719,3.814697265625e-06,0.5683441162109375
1121,85088.0,85200.0,84990.6,85200.0,18433.0,43.10272979736328,60.44110107421875,60.44110107421875,17.33837127685547,0.0,17.33837127685547
1122,85200.0,85268.6,85181.8,85237.4,5815.0,35.93718719482422,67.35051727294922,67.35052490234375,31.413330078125,7.62939453125e-06,31.41333770751953
1123,85240.1,85268.1,85166.9,85205.4,5931.0,35.83500671386719,61.820091247558594,61.820098876953125,25.985084533691406,7.62939453125e-06,25.985092163085938
1124,85198.0,85198.4,85125.6,85172.6,3847.0,43.022544860839844,57.94333267211914,57.943336486816406,14.920787811279297,3.814697265625e-06,14.920791625976562
1125,85173.4,85384.5,85173.4,85335.4,18953.0,42.998756408691406,61.555946350097656,61.555946350097656,18.55718994140625,0.0,18.55718994140625
1126,85343.1,85349.8,85102.7,85181.6,8900.0,43.002052307128906,60.07855987548828,60.07855987548828,17.076507568359375,0.0,17.076507568359375
1127,85186.6,85246.2,85127.0,85230.2,5599.0,50.210845947265625,55.06835174560547,55.06835174560547,4.857505798339844,0.0,4.857505798339844
1128,85224.5,85288.6,85170.3,85281.0,4742.0,57.3956298828125,54.2167854309082,54.21678161621094,3.178844451904297,3.814697265625e-06,3.1788482666015625
1129,85281.0,85355.8,85279.4,85318.8,9746.0,50.21026611328125,59.7465705871582,59.7465705871582,9.536304473876953,0.0,9.536304473876953
1130,85318.7,85318.7,85180.9,85189.8,5384.0,43.025596618652344,54.990962982177734,54.99095916748047,11.96536636352539,3.814697265625e-06,11.965362548828125
1131,85183.3,85269.7,85161.6,85223.7,6086.0,42.98405075073242,56.19508361816406,56.1950798034668,13.21103286743164,3.814697265625e-06,13.211029052734375
1132,85222.7,85222.7,85020.0,85020.0,7734.0,43.04248046875,58.27063751220703,58.27063751220703,15.228157043457031,0.0,15.228157043457031
1133,85006.4,85052.3,84906.1,84906.1,7145.0,50.21244430541992,49.326820373535156,49.32681655883789,0.8856239318847656,3.814697265625e-06,0.8856277465820312
1134,84905.8,84951.2,84779.9,84868.0,12524.0,57.34829330444336,47.7811164855957,47.78111267089844,9.567176818847656,3.814697265625e-06,9.567180633544922
1135,84860.9,85071.5,84860.9,84990.3,8568.0,64.45460510253906,43.13309097290039,43.133087158203125,21.321514129638672,3.814697265625e-06,21.321517944335938
1136,84988.0,84988.0,84879.2,84910.6,8412.0,71.51924133300781,37.031185150146484,37.031185150146484,34.48805618286133,0.0,34.48805618286133
1137,84910.7,84992.1,84867.1,84961.3,5568.0,64.35163879394531,42.06386947631836,42.06386947631836,22.287769317626953,0.0,22.287769317626953
1138,84957.2,85017.6,84882.3,84901.1,4003.0,64.418212890625,42.00999069213867,42.00999450683594,22.408222198486328,3.814697265625e-06,22.408218383789062
1139,84897.8,84949.5,84831.7,84855.1,9828.0,57.26143264770508,27.483627319335938,27.483631134033203,29.77780532836914,3.814697265625e-06,29.777801513671875
1140,84871.0,84949.6,84782.5,84790.1,4940.0,64.38845825195312,28.57714080810547,28.577144622802734,35.811317443847656,3.814697265625e-06,35.81131362915039
1141,84788.3,84808.4,84700.0,84751.4,8883.0,57.23618698120117,27.681716918945312,27.681718826293945,29.55447006225586,1.9073486328125e-06,29.554468154907227
1142,84754.7,84754.7,84570.5,84612.5,12330.0,50.115638732910156,21.525863647460938,21.525859832763672,28.58977508544922,3.814697265625e-06,28.589778900146484
1143,84604.1,84637.0,84327.4,84423.9,40936.0,57.218685150146484,9.951774597167969,9.951773643493652,47.266910552978516,9.5367431640625e-07,47.26691150665283
1144,84420.7,84420.7,84208.6,84229.8,10888.0,57.192115783691406,9.587272644042969,9.587267875671387,47.60484313964844,4.76837158203125e-06,47.60484790802002
1145,84229.8,84290.6,84004.7,84024.3,17100.0,57.15699005126953,8.931625366210938,8.931619644165039,48.225364685058594,5.7220458984375e-06,48.22537040710449
1146,84012.6,84258.9,83913.9,84150.8,11053.0,50.096588134765625,15.531501770019531,15.531497955322266,34.565086364746094,3.814697265625e-06,34.56509017944336
1147,84150.8,84159.2,83900.0,83998.3,31858.0,50.059364318847656,13.495429992675781,13.495434761047363,36.563934326171875,4.76837158203125e-06,36.56392955780029
1148,83998.4,84009.6,83758.2,83909.4,21347.0,50.025726318359375,12.900588989257812,12.900586128234863,37.12513732910156,2.86102294921875e-06,37.12514019012451
1149,83909.5,84162.2,83873.9,84122.5,18923.0,49.97172927856445,17.223243713378906,17.223247528076172,32.74848556518555,3.814697265625e-06,32.74848175048828
1150,84122.4,84122.4,83911.3,83937.3,10531.0,42.838623046875,17.056289672851562,17.05629539489746,25.782333374023438,5.7220458984375e-06,25.78232765197754
1151,83951.5,84061.3,83783.2,83928.5,11695.0,42.903846740722656,13.956748962402344,13.95674991607666,28.947097778320312,9.5367431640625e-07,28.947096824645996
1152,83934.7,83934.7,83774.4,83783.4,7850.0,38.442325592041016,13.71514892578125,13.7151517868042,24.727176666259766,2.86102294921875e-06,24.727173805236816
1153,83792.7,83857.4,83586.1,83627.4,36647.0,41.661590576171875,12.229156494140625,12.229154586791992,29.43243408203125,1.9073486328125e-06,29.432435989379883
1154,83623.2,83674.0,83547.0,83663.7,8006.0,36.351478576660156,12.082344055175781,12.082338333129883,24.269134521484375,5.7220458984375e-06,24.269140243530273
1155,83660.6,83695.7,83545.4,83676.7,7245.0,40.016357421875,15.093788146972656,15.09378719329834,24.922569274902344,9.5367431640625e-07,24.92257022857666
1156,83682.7,83777.7,83607.0,83716.5,13175.0,44.52702331542969,20.360084533691406,20.360082626342773,24.16693878173828,1.9073486328125e-06,24.166940689086914
1157,83715.4,83715.4,83408.4,83449.0,20753.0,37.51676559448242,22.203201293945312,22.20319938659668,15.31356430053711,1.9073486328125e-06,15.313566207885742
1158,83446.0,83498.2,83387.0,83480.7,13874.0,42.9331169128418,21.926734924316406,21.926733016967773,21.00638198852539,1.9073486328125e-06,21.006383895874023
1159,83493.3,83525.2,83452.6,83455.1,6233.0,50.24932861328125,25.855087280273438,25.855087280273438,24.394241333007812,0.0,24.394241333007812
1160,83471.8,83471.8,83291.7,83334.0,12585.0,60.13924026489258,20.65960693359375,20.659608840942383,39.47963333129883,1.9073486328125e-06,39.479631423950195
1161,83342.4,83617.9,83325.6,83576.7,11625.0,50.251953125,28.544166564941406,28.544172286987305,21.707786560058594,5.7220458984375e-06,21.707780838012695
1162,83584.9,83594.5,83415.2,83489.9,7671.0,34.16168975830078,30.644699096679688,30.64469337463379,3.5169906616210938,5.7220458984375e-06,3.516996383666992
1163,83460.4,83604.4,83436.0,83525.7,6586.0,2.221527099609375,25.699241638183594,25.699234008789062,23.47771453857422,7.62939453125e-06,23.477706909179688
1164,83525.8,83653.4,83477.7,83620.6,9151.0,5.4276275634765625,31.19696807861328,31.19696617126465,25.76934051513672,1.9073486328125e-06,25.769338607788086
1165,83629.0,83964.9,83580.7,83882.4,25524.0,59.164031982421875,42.572914123535156,42.57292175292969,16.59111785888672,7.62939453125e-06,16.591110229492188
1166,83890.1,83915.8,83752.2,83793.9,9105.0,67.98268127441406,47.1389045715332,47.1389045715332,20.84377670288086,0.0,20.84377670288086
1167,83798.6,83938.7,83798.5,83880.9,12169.0,64.7547607421875,61.64246368408203,61.64246368408203,3.1122970581054688,0.0,3.1122970581054688
1168,83881.0,84189.7,83881.0,84072.7,17582.0,62.778099060058594,68.39955139160156,68.39955139160156,5.621452331542969,0.0,5.621452331542969
1169,84072.6,84110.0,83977.5,84070.0,8548.0,66.76994323730469,68.64292907714844,68.64292907714844,1.87298583984375,0.0,1.87298583984375
1170,84066.4,84172.1,83973.2,84144.1,11358.0,62.570308685302734,68.32291412353516,68.32291412353516,5.752605438232422,0.0,5.752605438232422
1171,84139.7,84290.6,84139.7,84254.7,9421.0,65.6178207397461,78.94053649902344,78.94053649902344,13.322715759277344,0.0,13.322715759277344
1172,84258.5,84413.2,84225.4,84413.2,12062.0,61.62441635131836,87.37252807617188,87.37252807617188,25.748111724853516,0.0,25.748111724853516
1173,84413.2,84433.4,84171.6,84195.6,15662.0,53.89363479614258,78.77738189697266,78.77738189697266,24.883747100830078,0.0,24.883747100830078
1174,84200.2,84304.5,84200.2,84296.3,3366.0,57.07855987548828,85.38712310791016,85.38713073730469,28.308563232421875,7.62939453125e-06,28.308570861816406
1175,84296.4,84338.8,84269.6,84338.8,8487.0,59.455318450927734,85.10377502441406,85.10377502441406,25.648456573486328,0.0,25.648456573486328
1176,84347.4,84581.3,84347.4,84485.4,12701.0,57.31496810913086,90.29007720947266,90.29007720947266,32.9751091003418,0.0,32.9751091003418
1177,84487.4,84546.4,84484.0,84509.9,5394.0,69.75434875488281,90.22230529785156,90.22230529785156,20.46795654296875,0.0,20.46795654296875
1178,84509.9,84590.6,84498.0,84536.8,6268.0,61.1448860168457,90.04907989501953,90.04907989501953,28.904193878173828,0.0,28.904193878173828
1179,84533.6,84566.9,84485.3,84517.0,5349.0,70.96505737304688,84.6932373046875,84.6932373046875,13.728179931640625,0.0,13.728179931640625
1180,84524.8,84553.9,84337.7,84382.3,14614.0,31.32909393310547,75.04939270019531,75.04939270019531,43.720298767089844,0.0,43.720298767089844
1181,84392.1,84400.7,84168.8,84349.4,33939.0,32.369773864746094,57.75265884399414,57.752662658691406,25.382884979248047,3.814697265625e-06,25.382888793945312
1182,84365.0,84388.0,84278.7,84349.9,6606.0,29.711082458496094,54.75322723388672,54.75323486328125,25.042144775390625,7.62939453125e-06,25.042152404785156
1183,84345.6,84472.3,84345.6,84462.4,5434.0,27.857437133789062,53.828468322753906,53.82847213745117,25.971031188964844,3.814697265625e-06,25.97103500366211
1184,84465.5,84531.8,84428.4,84529.1,16535.0,28.7659912109375,55.38045883178711,55.38046646118164,26.61446762084961,7.62939453125e-06,26.61447525024414
1185,84532.3,84587.4,84397.0,84448.4,7372.0,27.966346740722656,49.994808197021484,49.994815826416016,22.028461456298828,7.62939453125e-06,22.02846908569336
1186,84452.6,84506.9,84426.9,84432.8,6998.0,27.778900146484375,43.587303161621094,43.587303161621094,15.808403015136719,0.0,15.808403015136719
1187,84436.5,84559.0,84403.6,84559.0,5150.0,27.68500518798828,50.62225341796875,50.622249603271484,22.93724822998047,3.814697265625e-06,22.937244415283203
1188,84559.0,85041.7,84547.6,84927.3,23950.0,29.497764587402344,57.0570068359375,57.0570068359375,27.559242248535156,0.0,27.559242248535156
1189,84929.4,85082.1,84766.9,84804.0,12416.0,42.36756134033203,58.1133918762207,58.1133918762207,15.745830535888672,0.0,15.745830535888672
1190,84803.0,85016.3,84803.0,84878.2,11871.0,36.286842346191406,57.914390563964844,57.91439437866211,21.627548217773438,3.814697265625e-06,21.627552032470703
1191,84877.0,84977.4,84773.4,84844.7,7295.0,29.102279663085938,53.940948486328125,53.94095230102539,24.838668823242188,3.814697265625e-06,24.838672637939453
1192,84851.2,84856.0,84676.1,84707.5,12813.0,33.362525939941406,48.181640625,48.181636810302734,14.819114685058594,3.814697265625e-06,14.819110870361328
1193,84720.3,84870.1,84720.3,84795.0,5609.0,26.5604248046875,51.39889144897461,51.398887634277344,24.83846664428711,3.814697265625e-06,24.838462829589844
1194,84777.9,84777.9,84558.1,84683.4,7423.0,46.30722427368164,53.648929595947266,53.64893341064453,7.341705322265625,3.814697265625e-06,7.341709136962891
1195,84666.5,84714.0,84598.9,84711.8,5164.0,44.27371597290039,68.88929748535156,68.88928985595703,24.615581512451172,7.62939453125e-06,24.61557388305664
1196,84707.5,84745.1,84601.9,84646.0,5867.0,21.079139709472656,64.34390258789062,64.34391021728516,43.26476287841797,7.62939453125e-06,43.2647705078125
1197,84645.3,84657.8,84504.9,84595.3,6202.0,22.230636596679688,59.950904846191406,59.95090866088867,37.72026824951172,3.814697265625e-06,37.720272064208984
1198,84584.1,84642.0,84556.9,84621.6,3858.0,31.273681640625,55.80241012573242,55.80241012573242,24.528728485107422,0.0,24.528728485107422
1199,84612.8,84636.4,84562.6,84574.1,6899.0,20.354393005371094,56.014705657958984,56.01470184326172,35.66031265258789,3.814697265625e-06,35.660308837890625
1200,84579.3,84653.4,84561.3,84595.8,4130.0,20.213279724121094,60.835201263427734,60.835201263427734,40.62192153930664,0.0,40.62192153930664
1201,84601.0,84657.3,84428.3,84428.3,6261.0,21.792373657226562,55.98469543457031,55.98469161987305,34.19232177734375,3.814697265625e-06,34.192317962646484
1202,84432.6,84573.7,84432.6,84560.2,7631.0,20.839271545410156,49.01842498779297,49.018428802490234,28.179153442382812,3.814697265625e-06,28.179157257080078
1203,84547.6,84699.9,84523.2,84684.8,5995.0,18.222511291503906,45.62728500366211,45.627281188964844,27.404773712158203,3.814697265625e-06,27.404769897460938
1204,84689.0,84767.0,84628.4,84749.9,10380.0,18.65642547607422,44.76344680786133,44.76344299316406,26.10702133178711,3.814697265625e-06,26.107017517089844
1205,84752.5,84798.4,84665.3,84666.3,4803.0,19.59296417236328,45.96970748901367,45.969703674316406,26.37674331665039,3.814697265625e-06,26.376739501953125
1206,84668.5,84668.5,84573.8,84594.9,4486.0,17.30658721923828,50.49836730957031,50.49836730957031,33.19178009033203,0.0,33.19178009033203
1207,84603.5,84632.9,84568.0,84579.0,5117.0,19.263504028320312,44.12752914428711,44.12752914428711,24.864025115966797,0.0,24.864025115966797
1208,84574.0,84622.8,84543.6,84622.8,4226.0,17.911239624023438,51.086795806884766,51.086795806884766,33.17555618286133,0.0,33.17555618286133
1209,84622.8,84838.7,84622.8,84818.8,6063.0,18.260238647460938,51.62755584716797,51.6275520324707,33.36731719970703,3.814697265625e-06,33.367313385009766
1210,84823.0,84893.5,84713.3,84753.6,5369.0,30.191177368164062,58.54477310180664,58.54477310180664,28.353595733642578,0.0,28.353595733642578
1211,84753.5,84787.4,84651.2,84735.2,7993.0,28.22345733642578,57.276336669921875,57.27634048461914,29.052879333496094,3.814697265625e-06,29.05288314819336
1212,84736.2,84751.3,84611.1,84628.1,3401.0,18.23711395263672,52.931121826171875,52.931121826171875,34.694007873535156,0.0,34.694007873535156
1213,84619.0,84619.0,84500.1,84528.5,5541.0,56.18040084838867,53.815433502197266,53.815433502197266,2.3649673461914062,0.0,2.3649673461914062
1214,84515.0,84601.6,84491.5,84564.8,4341.0,60.9337043762207,53.933311462402344,53.93331527709961,7.000392913818359,3.814697265625e-06,7.000389099121094
1215,84560.6,84560.6,84477.0,84550.4,4307.0,53.09172058105469,55.2532958984375,55.253299713134766,2.1615753173828125,3.814697265625e-06,2.161579132080078
1216,84559.1,84682.5,84556.3,84682.5,3839.0,57.20573043823242,53.02336502075195,53.02336883544922,4.182365417480469,3.814697265625e-06,4.182361602783203
1217,84686.6,84718.5,84635.9,84718.5,4857.0,44.14875411987305,52.31014633178711,52.31014633178711,8.161392211914062,0.0,8.161392211914062
1218,84709.0,84710.8,84545.8,84555.3,3550.0,59.699951171875,42.27988815307617,42.27989196777344,17.420063018798828,3.814697265625e-06,17.420059204101562
1219,84571.0,84762.2,84567.1,84759.5,4013.0,75.37706756591797,48.761993408203125,48.76198959350586,26.615074157714844,3.814697265625e-06,26.61507797241211
1220,84759.5,84912.6,84702.4,84889.8,5755.0,65.0577392578125,56.280487060546875,56.28049087524414,8.777252197265625,3.814697265625e-06,8.77724838256836
1221,84896.8,84968.5,84896.8,84961.3,5503.0,59.91796875,63.973052978515625,63.97304916381836,4.055084228515625,3.814697265625e-06,4.055080413818359
1222,84960.5,85023.8,84845.7,84852.6,7672.0,59.505455017089844,55.05552291870117,55.05552673339844,4.449932098388672,3.814697265625e-06,4.449928283691406
1223,84871.0,84892.0,84759.8,84883.9,8826.0,59.88039779663086,44.92941665649414,44.929412841796875,14.950981140136719,3.814697265625e-06,14.950984954833984
1224,84884.9,84952.4,84811.6,84914.5,4672.0,57.870174407958984,44.41665267944336,44.41665267944336,13.453521728515625,0.0,13.453521728515625
1225,84901.7,85024.2,84901.7,84973.7,4123.0,61.23545837402344,52.720951080322266,52.72095489501953,8.514507293701172,3.814697265625e-06,8.514503479003906
1226,84970.0,85009.0,84947.1,84955.7,3577.0,56.1744499206543,57.660118103027344,57.66011428833008,1.4856681823730469,3.814697265625e-06,1.4856643676757812
1227,84969.0,84973.7,84936.4,84937.4,2647.0,56.57373809814453,60.107730865478516,60.107730865478516,3.5339927673339844,0.0,3.5339927673339844
1228,84937.3,84937.3,84827.7,84882.3,4596.0,57.6119270324707,53.497337341308594,53.497337341308594,4.114589691162109,0.0,4.114589691162109
1229,84882.2,84925.0,84868.6,84895.3,4052.0,60.967803955078125,59.67494583129883,59.67494583129883,1.2928581237792969,0.0,1.2928581237792969
1230,84895.3,84998.5,84866.9,84877.4,5019.0,57.898956298828125,60.373653411865234,60.373653411865234,2.4746971130371094,0.0,2.4746971130371094
1231,84888.3,84905.0,84702.6,84719.9,7820.0,61.92759704589844,51.13274383544922,51.13274002075195,10.794853210449219,3.814697265625e-06,10.794857025146484
1232,84719.9,84799.6,84676.5,84744.1,7162.0,81.57862091064453,48.68410110473633,48.68409729003906,32.8945198059082,3.814697265625e-06,32.89452362060547
1233,84742.8,84769.3,84649.4,84658.7,5654.0,78.18324279785156,42.45322799682617,42.45323181152344,35.73001480102539,3.814697265625e-06,35.730010986328125
1234,84647.0,84680.1,84620.4,84639.7,3991.0,87.08120727539062,35.81226348876953,35.812259674072266,51.268943786621094,3.814697265625e-06,51.26894760131836
1235,84639.8,84730.1,84639.8,84730.1,6066.0,88.57373809814453,36.274505615234375,36.27450942993164,52.299232482910156,3.814697265625e-06,52.29922866821289
1236,84732.8,84841.4,84732.8,84758.0,4764.0,91.29096984863281,44.2509651184082,44.2509651184082,47.04000473022461,0.0,47.04000473022461
1237,84757.9,84819.6,84709.7,84816.7,4422.0,92.77850341796875,53.54354476928711,53.54354476928711,39.23495864868164,0.0,39.23495864868164
1238,84819.6,84872.1,84814.6,84855.0,3554.0,92.83512878417969,52.77139663696289,52.771400451660156,40.0637321472168,3.814697265625e-06,40.06372833251953
1239,84850.0,84855.7,84745.7,84745.7,4365.0,87.4368667602539,46.48649215698242,46.486488342285156,40.950374603271484,3.814697265625e-06,40.95037841796875
1240,84744.6,84772.2,84679.9,84681.8,6231.0,88.10022735595703,39.644771575927734,39.644771575927734,48.4554557800293,0.0,48.4554557800293
1241,84682.2,84696.8,84600.0,84659.2,4135.0,84.39093017578125,38.82975769042969,38.82975769042969,45.56117248535156,0.0,45.56117248535156
1242,84666.3,84700.8,84633.6,84657.1,4495.0,85.40665435791016,45.150733947753906,45.150733947753906,40.25592041015625,0.0,40.25592041015625
1243,84657.4,84657.4,84437.4,84445.4,12001.0,81.79593658447266,35.570594787597656,35.57059860229492,46.225341796875,3.814697265625e-06,46.225337982177734
1244,84445.5,84470.5,84350.9,84440.0,5845.0,82.0491943359375,28.967735290527344,28.967737197875977,53.081459045410156,1.9073486328125e-06,53.08145713806152
1245,84447.1,84447.3,84342.6,84383.2,10287.0,81.55870056152344,28.121299743652344,28.121299743652344,53.437400817871094,0.0,53.437400817871094
1246,84378.9,84403.2,84241.3,84274.8,6575.0,38.93177032470703,28.333511352539062,28.333513259887695,10.598258972167969,1.9073486328125e-06,10.598257064819336
1247,84270.6,84367.3,84225.5,84367.2,6615.0,45.33692169189453,35.92980194091797,35.929805755615234,9.407119750976562,3.814697265625e-06,9.407115936279297
1248,84367.2,84430.8,84293.0,84388.3,8113.0,61.60530471801758,43.50164031982422,43.50164031982422,18.10366439819336,0.0,18.10366439819336
1249,84388.2,84442.1,84332.8,84377.2,4869.0,55.653167724609375,42.704193115234375,42.70419692993164,12.948974609375,3.814697265625e-06,12.948970794677734
1250,84369.0,84404.5,84304.8,84324.8,6715.0,50.98436737060547,36.35548400878906,36.35548400878906,14.628883361816406,0.0,14.628883361816406
1251,84316.3,84316.3,84249.3,84256.0,5524.0,53.02534484863281,30.950042724609375,30.950050354003906,22.075302124023438,7.62939453125e-06,22.075294494628906
1252,84250.1,84307.1,84178.8,84238.0,9858.0,60.24005126953125,25.187911987304688,25.187910079956055,35.05213928222656,1.9073486328125e-06,35.052141189575195
1253,84240.4,84240.4,84116.7,84120.3,4542.0,61.46063995361328,25.149986267089844,25.14998435974121,36.31065368652344,1.9073486328125e-06,36.31065559387207
1254,84117.0,84193.2,84063.2,84170.8,5030.0,99.91941833496094,25.479576110839844,25.47957420349121,74.4398422241211,1.9073486328125e-06,74.43984413146973
1255,84176.1,84361.3,84176.1,84345.3,4132.0,98.56464385986328,29.849830627441406,29.849824905395508,68.71481323242188,5.7220458984375e-06,68.71481895446777
1256,84345.3,84359.7,84245.5,84254.0,5754.0,98.18070983886719,24.75688934326172,24.75689125061035,73.42382049560547,1.9073486328125e-06,73.42381858825684
1257,84254.1,84266.7,84165.4,84204.8,2063.0,98.01397705078125,27.62946319580078,27.629457473754883,70.38451385498047,5.7220458984375e-06,70.38451957702637
1258,84226.0,84268.1,84196.0,84207.2,3810.0,97.95867156982422,32.84156036376953,32.8415641784668,65.11711120605469,3.814697265625e-06,65.11710739135742
1259,84188.2,84224.2,84179.5,84209.9,3738.0,97.96175384521484,35.62980651855469,35.62981033325195,62.331947326660156,3.814697265625e-06,62.33194351196289
1260,84202.7,84268.2,84175.1,84237.9,6033.0,97.8359603881836,43.735652923583984,43.73564910888672,54.10030746459961,3.814697265625e-06,54.100311279296875
1261,84234.1,84366.1,84194.6,84335.2,5805.0,97.83697509765625,43.134437561035156,43.134437561035156,54.702537536621094,0.0,54.702537536621094
1262,84335.2,84340.4,84206.4,84239.7,8218.0,97.7649917602539,32.404449462890625,32.404441833496094,65.36054229736328,7.62939453125e-06,65.36054992675781
1263,84239.6,84345.5,84214.1,84315.6,7880.0,97.78234100341797,34.974037170410156,34.974037170410156,62.80830383300781,0.0,62.80830383300781
1264,84320.8,84320.8,84181.8,84186.3,3710.0,97.75601196289062,36.35908889770508,36.35908889770508,61.39692306518555,0.0,61.39692306518555
1265,84182.0,84194.1,84034.7,84063.0,19380.0,97.72489929199219,30.77075958251953,30.770763397216797,66.95413970947266,3.814697265625e-06,66.95413589477539
1266,84063.1,84101.4,84000.2,84000.2,12074.0,97.67845916748047,30.040382385253906,30.04038429260254,67.63807678222656,1.9073486328125e-06,67.63807487487793
1267,84000.0,84074.3,83904.3,83904.3,9397.0,97.69544219970703,28.544143676757812,28.54413604736328,69.15129852294922,7.62939453125e-06,69.15130615234375
1268,83900.0,83929.4,83857.1,83916.3,8282.0,20.249290466308594,27.625213623046875,27.62521743774414,7.375923156738281,3.814697265625e-06,7.375926971435547
1269,83933.1,83933.1,83883.7,83920.2,6761.0,37.36455535888672,29.4564208984375,29.4564208984375,7.908134460449219,0.0,7.908134460449219
1270,83919.3,84011.8,83919.3,84011.8,17995.0,52.796897888183594,41.94172668457031,41.94172668457031,10.855171203613281,0.0,10.855171203613281
1271,84011.9,84094.0,84011.9,84092.7,4472.0,60.455177307128906,44.88688278198242,44.88688278198242,15.568294525146484,0.0,15.568294525146484
1272,84092.6,84344.8,84090.7,84217.9,10984.0,65.08224487304688,48.06126403808594,48.06126022338867,17.020980834960938,3.814697265625e-06,17.020984649658203
1273,84214.3,84214.3,84078.0,84117.3,6081.0,57.835105895996094,47.17579650878906,47.17580032348633,10.659309387207031,3.814697265625e-06,10.659305572509766
1274,84121.5,84198.6,84121.5,84192.3,3944.0,67.96127319335938,46.29033660888672,46.290340423583984,21.670936584472656,3.814697265625e-06,21.67093276977539
1275,84207.3,84212.4,84004.8,84004.8,13441.0,65.11965942382812,39.24205780029297,39.2420654296875,25.877601623535156,7.62939453125e-06,25.877593994140625
1276,83992.1,83996.7,83929.0,83961.3,6353.0,75.07942199707031,39.80991744995117,39.80991744995117,35.26950454711914,0.0,35.26950454711914
1277,83966.4,83971.6,83877.7,83931.0,4186.0,78.91751098632812,34.756378173828125,34.75637435913086,44.1611328125,3.814697265625e-06,44.161136627197266
1278,83914.8,83940.5,83848.1,83859.0,4120.0,87.25222778320312,34.648963928222656,34.648963928222656,52.60326385498047,0.0,52.60326385498047
1279,83850.6,83892.0,83769.8,83826.0,7933.0,75.59939575195312,38.07861328125,38.07861328125,37.520782470703125,0.0,37.520782470703125
1280,83822.0,83848.0,83750.0,83818.8,6358.0,80.90464782714844,40.05868911743164,40.058692932128906,40.8459587097168,3.814697265625e-06,40.84595489501953
1281,83820.1,83849.7,83779.1,83828.8,7407.0,78.22196197509766,47.623741149902344,47.62374496459961,30.598220825195312,3.814697265625e-06,30.598217010498047
1282,83828.6,83891.3,83780.3,83853.9,7302.0,76.90396118164062,54.85187911987305,54.85187911987305,22.052082061767578,0.0,22.052082061767578
1283,83843.7,83866.5,83708.9,83713.4,5583.0,74.5721435546875,49.10126495361328,49.10126876831055,25.47087860107422,3.814697265625e-06,25.470874786376953
1284,83713.3,83713.3,83641.8,83693.4,6586.0,78.27466583251953,36.02948760986328,36.02949523925781,42.24517822265625,7.62939453125e-06,42.24517059326172
1285,83700.0,83852.0,83700.0,83848.3,8200.0,59.965576171875,38.438026428222656,38.43803405761719,21.527549743652344,7.62939453125e-06,21.527542114257812
1286,83855.8,83905.9,83831.3,83862.8,3187.0,55.280582427978516,33.11564636230469,33.11564636230469,22.164936065673828,0.0,22.164936065673828
1287,83872.8,83872.9,83650.6,83650.6,4158.0,52.729095458984375,33.84297180175781,33.84297180175781,18.886123657226562,0.0,18.886123657226562
1288,83650.5,83652.1,83588.0,83647.7,5952.0,54.99373245239258,28.74365234375,28.743650436401367,26.250080108642578,1.9073486328125e-06,26.25008201599121
1289,83645.7,83645.7,83500.1,83538.1,5771.0,54.302032470703125,31.417991638183594,31.417987823486328,22.88404083251953,3.814697265625e-06,22.884044647216797
1290,83535.1,83580.0,83469.8,83503.7,7573.0,50.68644714355469,30.97722625732422,30.97722625732422,19.70922088623047,0.0,19.70922088623047
1291,83513.7,83580.8,83482.9,83560.0,4075.0,47.1086311340332,35.85332489013672,35.85333251953125,11.255306243896484,7.62939453125e-06,11.255298614501953
1292,83558.1,83583.9,83455.7,83472.6,4779.0,40.51502227783203,35.58348083496094,35.58348083496094,4.931541442871094,0.0,4.931541442871094
1293,83475.7,83697.7,83460.8,83697.7,7239.0,44.2479248046875,44.47774124145508,44.477745056152344,0.22981643676757812,3.814697265625e-06,0.22982025146484375
1294,83699.2,83728.7,83561.3,83568.8,3836.0,39.34782791137695,50.5529899597168,50.55299377441406,11.205162048339844,3.814697265625e-06,11.20516586303711
1295,83575.0,83868.0,83575.0,83768.7,8085.0,39.94091033935547,50.95615768432617,50.95616149902344,11.015247344970703,3.814697265625e-06,11.015251159667969
1296,83759.3,83801.6,83697.5,83736.2,8254.0,36.93971633911133,51.51235580444336,51.512359619140625,14.572639465332031,3.814697265625e-06,14.572643280029297
1297,83733.7,83895.9,83695.4,83895.1,5175.0,41.406898498535156,58.02021789550781,58.02021408081055,16.613319396972656,3.814697265625e-06,16.61331558227539
1298,83895.1,84172.5,83887.2,84172.5,15440.0,27.30248260498047,69.27851867675781,69.27851867675781,41.976036071777344,0.0,41.976036071777344
1299,84172.5,84198.5,84014.1,84014.1,18881.0,41.96409606933594,54.00246810913086,54.002471923828125,12.038372039794922,3.814697265625e-06,12.038375854492188
1300,83997.4,84091.5,83936.3,84091.5,5203.0,51.46537399291992,49.8992805480957,49.89927291870117,1.5660934448242188,7.62939453125e-06,1.56610107421875
1301,84094.7,84191.0,84042.3,84116.6,5684.0,61.40163803100586,54.55247497558594,54.55247116088867,6.849163055419922,3.814697265625e-06,6.8491668701171875
1302,84106.1,84192.9,84071.6,84071.6,3578.0,55.3612060546875,55.788780212402344,55.78877639770508,0.42757415771484375,3.814697265625e-06,0.4275703430175781
1303,84067.3,84262.1,84000.0,84188.2,5813.0,57.57327651977539,61.372554779052734,61.37255096435547,3.7992782592773438,3.814697265625e-06,3.799274444580078
1304,84184.0,84268.3,84160.8,84247.8,6726.0,73.04200744628906,68.40998840332031,68.40998840332031,4.63201904296875,0.0,4.63201904296875
1305,84253.9,84347.9,84232.0,84289.8,12553.0,65.46420288085938,70.83653259277344,70.83653259277344,5.3723297119140625,0.0,5.3723297119140625
1306,84291.0,84482.7,84288.8,84477.0,6928.0,66.55985260009766,75.5931625366211,75.5931625366211,9.033309936523438,0.0,9.033309936523438
1307,84474.3,84572.8,84359.7,84463.5,12104.0,67.37855529785156,76.61661529541016,76.61661529541016,9.238059997558594,0.0,9.238059997558594
1308,84491.5,84593.8,84445.5,84593.8,5926.0,73.07146453857422,77.03284454345703,77.03284454345703,3.9613800048828125,0.0,3.9613800048828125
1309,84594.3,84657.3,84538.5,84556.0,6393.0,68.43978881835938,76.71954345703125,76.71954345703125,8.279754638671875,0.0,8.279754638671875
1310,84561.0,84644.8,84352.5,84355.3,17323.0,77.37689971923828,64.79464721679688,64.79464721679688,12.582252502441406,0.0,12.582252502441406
1311,84363.8,84549.6,84358.7,84520.5,3899.0,72.20504760742188,64.44963073730469,64.44962310791016,7.7554168701171875,7.62939453125e-06,7.755424499511719
1312,84505.5,84545.4,84432.1,84432.1,5541.0,93.65374755859375,56.683616638183594,56.68360900878906,36.970130920410156,7.62939453125e-06,36.97013854980469
1313,84428.9,84500.3,84385.7,84385.7,5566.0,76.26251983642578,63.95691680908203,63.956912994384766,12.30560302734375,3.814697265625e-06,12.305606842041016
1314,84385.6,84501.2,84352.7,84491.3,7929.0,78.31861877441406,69.7835693359375,69.7835693359375,8.535049438476562,0.0,8.535049438476562
1315,84491.4,84517.3,84240.4,84367.0,27198.0,82.33240509033203,53.55540084838867,53.55540084838867,28.77700424194336,0.0,28.77700424194336
1316,84371.1,84579.1,84371.1,84566.3,16838.0,79.88541412353516,60.474735260009766,60.47473907470703,19.41067886352539,3.814697265625e-06,19.410675048828125
1317,84566.3,84657.5,84500.1,84637.2,28911.0,79.01862335205078,66.06392669677734,66.06392669677734,12.954696655273438,0.0,12.954696655273438
1318,84637.2,84641.0,84500.1,84533.7,4804.0,77.98802947998047,62.69606018066406,62.69606018066406,15.291969299316406,0.0,15.291969299316406
1319,84531.4,84644.5,84385.1,84562.9,35778.0,77.710693359375,48.05139923095703,48.05139923095703,29.65929412841797,0.0,29.65929412841797
1320,84565.2,84628.1,84510.1,84607.1,9880.0,76.55386352539062,48.87124252319336,48.87124252319336,27.682621002197266,0.0,27.682621002197266
1321,84624.0,84749.9,84624.0,84645.2,13423.0,77.30685424804688,49.23598861694336,49.235984802246094,28.070865631103516,3.814697265625e-06,28.07086944580078
1322,84645.2,84691.3,84599.5,84624.6,6810.0,75.86882019042969,45.890140533447266,45.89014434814453,29.978679656982422,3.814697265625e-06,29.978675842285156
1323,84623.4,84623.4,84466.6,84474.4,7868.0,77.05046081542969,42.20191955566406,42.20191955566406,34.848541259765625,0.0,34.848541259765625
1324,84473.5,84506.1,84339.1,84506.1,8344.0,74.9286880493164,44.27328872680664,44.27328872680664,30.655399322509766,0.0,30.655399322509766
1325,84501.9,84535.7,84425.5,84470.1,5125.0,75.82695007324219,44.64439010620117,44.64439010620117,31.182559967041016,0.0,31.182559967041016
1326,84473.0,84624.4,84473.0,84570.9,5409.0,55.89032745361328,47.6177978515625,47.617801666259766,8.272529602050781,3.814697265625e-06,8.272525787353516
1327,84573.3,84586.9,84510.2,84570.1,5718.0,76.5228500366211,47.57621383666992,47.57621383666992,28.946636199951172,0.0,28.946636199951172
1328,84577.4,84577.4,84502.7,84553.3,5204.0,70.26713562011719,43.920074462890625,43.920074462890625,26.347061157226562,0.0,26.347061157226562
1329,84557.5,84573.1,84470.5,84474.8,3454.0,39.38385772705078,50.52278518676758,50.522789001464844,11.138927459716797,3.814697265625e-06,11.138931274414062
1330,84494.4,84595.0,84459.5,84595.0,3585.0,45.747745513916016,45.98273468017578,45.98273849487305,0.23498916625976562,3.814697265625e-06,0.23499298095703125
1331,84595.0,84641.1,84520.0,84520.0,5515.0,48.810882568359375,35.52440643310547,35.5244140625,13.286476135253906,7.62939453125e-06,13.286468505859375
1332,84520.0,84540.0,84436.8,84531.9,2068.0,56.338157653808594,36.34730529785156,36.3473014831543,19.99085235595703,3.814697265625e-06,19.990856170654297
1333,84528.5,84623.9,84528.5,84593.7,5397.0,57.616939544677734,55.06650924682617,55.06651306152344,2.5504302978515625,3.814697265625e-06,2.550426483154297
1334,84593.8,84623.9,84580.6,84607.0,2500.0,60.68825149536133,50.94245910644531,50.94245529174805,9.745792388916016,3.814697265625e-06,9.745796203613281
1335,84602.0,84632.5,84525.2,84525.2,4342.0,55.23064422607422,38.596187591552734,38.59619140625,16.634456634521484,3.814697265625e-06,16.63445281982422
1336,84495.7,84515.5,84416.9,84435.8,6431.0,57.90753936767578,38.81016540527344,38.81016540527344,19.097373962402344,0.0,19.097373962402344
1337,84437.8,84583.7,84433.5,84583.7,3990.0,49.772674560546875,47.00189971923828,47.001895904541016,2.7707748413085938,3.814697265625e-06,2.7707786560058594
1338,84585.3,84629.4,84440.0,84440.0,3820.0,73.93397521972656,50.39578628540039,50.395790100097656,23.538188934326172,3.814697265625e-06,23.538185119628906
1339,84434.2,84550.9,84434.2,84512.1,3444.0,77.39610290527344,43.372947692871094,43.37295150756836,34.023155212402344,3.814697265625e-06,34.02315139770508
1340,84500.1,84700.0,84494.2,84683.0,7857.0,72.74359893798828,45.56807327270508,45.56807327270508,27.175525665283203,0.0,27.175525665283203
1341,84682.9,84757.3,84664.2,84722.2,6431.0,73.66357421875,55.112762451171875,55.112762451171875,18.550811767578125,0.0,18.550811767578125
1342,84732.9,84821.9,84731.4,84813.0,6394.0,65.3721923828125,63.918277740478516,63.918277740478516,1.4539146423339844,0.0,1.4539146423339844
1343,84816.3,84884.7,84795.9,84873.6,6753.0,58.500335693359375,70.70138549804688,70.70138549804688,12.2010498046875,0.0,12.2010498046875
1344,84876.0,84882.6,84729.1,84737.6,5693.0,57.31764221191406,63.50733947753906,63.50733947753906,6.189697265625,0.0,6.189697265625
1345,84741.8,84950.0,84732.4,84931.7,23302.0,57.494266510009766,70.87142944335938,70.87142181396484,13.37716293334961,7.62939453125e-06,13.377155303955078
1346,84926.2,84950.0,84926.2,84930.6,3691.0,54.366485595703125,73.692138671875,73.692138671875,19.325653076171875,0.0,19.325653076171875
1347,84930.5,84976.9,84930.5,84946.3,2009.0,59.645660400390625,72.66801452636719,72.66801452636719,13.022354125976562,0.0,13.022354125976562
1348,84946.2,84959.3,84922.1,84943.4,2789.0,58.23152542114258,69.54678344726562,69.54678344726562,11.315258026123047,0.0,11.315258026123047
1349,84943.5,84987.6,84943.5,84951.5,3120.0,55.6351318359375,74.17236328125,74.17236328125,18.5372314453125,0.0,18.5372314453125
1350,84951.6,84976.7,84937.7,84976.7,4769.0,65.65428161621094,81.29267120361328,81.29267120361328,15.638389587402344,0.0,15.638389587402344
1351,84986.9,85033.2,84976.6,85021.0,3567.0,72.17632293701172,81.20285034179688,81.2028579711914,9.026527404785156,7.62939453125e-06,9.026535034179688
1352,85023.1,85095.1,84998.7,85054.4,7024.0,62.46683120727539,86.28439331054688,86.2844009399414,23.817562103271484,7.62939453125e-06,23.817569732666016
1353,85060.0,85060.0,84988.0,84991.1,5809.0,58.029483795166016,83.97284698486328,83.97284698486328,25.943363189697266,0.0,25.943363189697266
1354,84995.0,84995.0,84926.9,84981.1,6869.0,63.52485275268555,76.0063705444336,76.0063705444336,12.481517791748047,0.0,12.481517791748047
1355,84986.9,85125.0,84986.9,85079.5,4883.0,60.12915802001953,75.58443450927734,75.58443450927734,15.455276489257812,0.0,15.455276489257812
1356,85078.9,85287.3,85078.9,85214.9,12182.0,73.74838256835938,77.12499237060547,77.12499237060547,3.3766098022460938,0.0,3.3766098022460938
1357,85207.9,85207.9,85091.6,85125.2,5917.0,76.77191162109375,70.45191955566406,70.45191192626953,6.3199920654296875,7.62939453125e-06,6.319999694824219
1358,85123.3,85191.3,85115.6,85191.3,3562.0,76.99114990234375,76.10016632080078,76.10016632080078,0.8909835815429688,0.0,0.8909835815429688
1359,85203.1,85266.4,85172.5,85266.3,7952.0,76.89776611328125,71.17481994628906,71.17481231689453,5.7229461669921875,7.62939453125e-06,5.722953796386719
1360,85266.3,85335.9,85224.6,85314.8,4649.0,79.80085754394531,71.54930114746094,71.5492935180664,8.251556396484375,7.62939453125e-06,8.251564025878906
1361,85314.7,85327.6,85257.9,85290.8,5677.0,75.5495834350586,72.87986755371094,72.87986755371094,2.6697158813476562,0.0,2.6697158813476562
1362,85284.2,85385.0,85284.2,85349.3,4114.0,77.51792907714844,76.80854034423828,76.80854034423828,0.7093887329101562,0.0,0.7093887329101562
1363,85349.3,85349.4,85323.7,85337.2,2560.0,80.11030578613281,73.42279052734375,73.42279052734375,6.6875152587890625,0.0,6.6875152587890625
1364,85337.2,85337.2,85219.7,85247.9,5227.0,64.78166198730469,67.03817749023438,67.0381851196289,2.2565155029296875,7.62939453125e-06,2.2565231323242188
1365,85249.9,85259.9,85178.6,85204.9,5217.0,56.52898406982422,61.31479263305664,61.314788818359375,4.785808563232422,3.814697265625e-06,4.785804748535156
1366,85204.9,85235.3,85140.2,85140.2,4989.0,64.79641723632812,54.06459426879883,54.06459426879883,10.731822967529297,0.0,10.731822967529297
1367,85140.2,85235.6,85140.2,85232.7,4661.0,61.36090850830078,60.78799819946289,60.78799819946289,0.5729103088378906,0.0,0.5729103088378906
1368,85230.2,85332.6,85230.2,85308.8,3567.0,61.27693557739258,68.18977355957031,68.18977355957031,6.912837982177734,0.0,6.912837982177734
1369,85308.7,85325.6,85247.1,85272.4,7719.0,60.35184097290039,59.44990539550781,59.44990921020508,0.9019355773925781,3.814697265625e-06,0.9019317626953125
1370,85272.4,85299.3,85242.7,85271.8,3274.0,43.4053955078125,49.48573303222656,49.48573684692383,6.0803375244140625,3.814697265625e-06,6.080341339111328
1371,85271.7,85385.0,85263.6,85385.0,9905.0,49.072654724121094,60.340187072753906,60.34019088745117,11.267532348632812,3.814697265625e-06,11.267536163330078
1372,85396.3,85402.3,85347.9,85376.7,7416.0,47.42782211303711,62.33379364013672,62.333797454833984,14.90597152709961,3.814697265625e-06,14.905975341796875
1373,85376.6,85376.6,85336.1,85336.1,2453.0,46.97568893432617,56.00101852416992,56.00102233886719,9.02532958984375,3.814697265625e-06,9.025333404541016
1374,85340.3,85340.3,85214.1,85227.1,3585.0,40.54546356201172,50.241615295410156,50.241615295410156,9.696151733398438,0.0,9.696151733398438
1375,85232.9,85265.0,85131.3,85150.6,4884.0,47.52695083618164,42.65785217285156,42.65785217285156,4.869098663330078,0.0,4.869098663330078
1376,85156.9,85264.9,85137.6,85233.7,4093.0,49.522823333740234,42.63548278808594,42.63548278808594,6.887340545654297,0.0,6.887340545654297
1377,85217.6,85250.2,85187.9,85187.9,3042.0,43.36486053466797,42.34458923339844,42.34458923339844,1.0202713012695312,0.0,1.0202713012695312
1378,85188.0,85219.6,85140.7,85146.9,5387.0,56.9741325378418,42.25183868408203,42.25183868408203,14.722293853759766,0.0,14.722293853759766
1379,85147.0,85168.0,85123.9,85168.0,3676.0,52.18362808227539,43.201393127441406,43.20138931274414,8.982234954833984,3.814697265625e-06,8.98223876953125
1380,85173.0,85201.1,85145.5,85175.5,2938.0,52.85840606689453,48.937255859375,48.937255859375,3.9211502075195312,0.0,3.9211502075195312
1381,85175.4,85308.7,85175.4,85271.4,3374.0,65.94596862792969,47.933311462402344,47.93330764770508,18.012657165527344,3.814697265625e-06,18.01266098022461
1382,85275.7,85346.8,85275.7,85335.1,4547.0,57.2645263671875,48.704410552978516,48.704410552978516,8.560115814208984,0.0,8.560115814208984
1383,85331.1,85396.9,85307.4,85363.7,5691.0,57.52228546142578,59.10183334350586,59.10183334350586,1.5795478820800781,0.0,1.5795478820800781
1384,85363.6,85363.6,85312.6,85317.6,2770.0,58.41547775268555,59.56717300415039,59.567169189453125,1.1516952514648438,3.814697265625e-06,1.1516914367675781
1385,85312.7,85317.4,85182.3,85182.4,4293.0,58.182220458984375,48.277198791503906,48.277198791503906,9.905021667480469,0.0,9.905021667480469
1386,85182.3,85314.3,85164.8,85314.3,6325.0,62.09859085083008,47.279232025146484,47.27923583984375,14.819358825683594,3.814697265625e-06,14.819355010986328
1387,85318.0,85318.0,85226.7,85286.0,4384.0,63.3532829284668,53.16737365722656,53.16736602783203,10.185909271240234,7.62939453125e-06,10.185916900634766
1388,85277.4,85298.6,85251.3,85282.4,2589.0,70.31952667236328,58.54622268676758,58.54621887207031,11.773303985595703,3.814697265625e-06,11.773307800292969
1389,85280.3,85297.1,85264.1,85288.1,4552.0,62.10477828979492,66.77474975585938,66.77474975585938,4.669971466064453,0.0,4.669971466064453
1390,85288.0,85288.0,85264.0,85276.2,3669.0,59.14442825317383,60.118778228759766,60.11878204345703,0.9743499755859375,3.814697265625e-06,0.9743537902832031
1391,85272.0,85272.0,85151.5,85151.5,3295.0,59.99272537231445,59.855045318603516,59.85504913330078,0.1376800537109375,3.814697265625e-06,0.13767623901367188
1392,85151.5,85151.5,85096.9,85118.3,5627.0,59.57347869873047,59.60966110229492,59.60966110229492,0.036182403564453125,0.0,0.036182403564453125
1393,85116.5,85162.1,85071.1,85146.1,12648.0,60.62469482421875,70.5409164428711,70.5409164428711,9.916221618652344,0.0,9.916221618652344
1394,85146.1,85163.0,85140.2,85155.3,2485.0,55.529422760009766,70.33934020996094,70.33934020996094,14.809917449951172,0.0,14.809917449951172
1395,85151.3,85174.3,85094.8,85128.9,11086.0,39.273597717285156,58.45298385620117,58.45298767089844,19.179386138916016,3.814697265625e-06,19.17938995361328
1396,85123.5,85173.4,85108.4,85152.5,4074.0,46.87076950073242,58.180503845214844,58.180503845214844,11.309734344482422,0.0,11.309734344482422
1397,85157.6,85200.0,85123.5,85194.5,3695.0,50.98749542236328,57.00605010986328,57.00605392456055,6.0185546875,3.814697265625e-06,6.018558502197266
1398,85184.5,85184.5,85100.1,85108.0,4026.0,56.87098693847656,56.02756118774414,56.02756118774414,0.8434257507324219,0.0,0.8434257507324219
1399,85103.8,85173.6,85103.8,85126.0,5888.0,49.76832962036133,62.74566650390625,62.74566650390625,12.977336883544922,0.0,12.977336883544922
1400,85122.7,85122.7,85080.0,85080.0,5181.0,54.764888763427734,55.08534240722656,55.08534622192383,0.3204536437988281,3.814697265625e-06,0.32045745849609375
1401,85078.1,85119.0,85066.1,85083.9,5969.0,59.63056182861328,48.05497360229492,48.05497741699219,11.57558822631836,3.814697265625e-06,11.575584411621094
1402,85083.9,85083.9,85000.1,85000.1,7568.0,38.92655944824219,41.8123893737793,41.8123893737793,2.8858299255371094,0.0,2.8858299255371094
1403,85000.0,85000.0,84768.8,84771.3,17413.0,50.457550048828125,31.106201171875,31.106203079223633,19.351348876953125,1.9073486328125e-06,19.351346969604492
1404,84778.5,84901.1,84759.3,84759.4,18648.0,61.326053619384766,26.792816162109375,26.79281234741211,34.53323745727539,3.814697265625e-06,34.533241271972656
1405,84759.3,84817.5,84719.9,84794.5,17624.0,72.0966796875,23.655303955078125,23.65530776977539,48.441375732421875,3.814697265625e-06,48.44137191772461
1406,84797.2,84886.7,84790.4,84886.7,5479.0,62.40695571899414,28.180343627929688,28.180347442626953,34.22661209106445,3.814697265625e-06,34.22660827636719
1407,84894.2,85004.6,84875.5,84946.0,4911.0,60.798587799072266,23.291259765625,23.291263580322266,37.507328033447266,3.814697265625e-06,37.50732421875
1408,84940.0,84940.0,84840.2,84886.5,2696.0,62.585594177246094,21.069610595703125,21.06962013244629,41.51598358154297,9.5367431640625e-06,41.515974044799805
1409,84886.5,84920.4,84827.7,84827.7,2818.0,61.30314636230469,22.719070434570312,22.719078063964844,38.584075927734375,7.62939453125e-06,38.584068298339844
1410,84817.8,84817.8,84573.6,84573.6,10330.0,60.08625411987305,17.82067108154297,17.820674896240234,42.26558303833008,3.814697265625e-06,42.26557922363281
1411,84573.6,84623.7,84513.1,84548.0,4644.0,73.58544921875,14.399971008300781,14.399971961975098,59.18547821044922,9.5367431640625e-07,59.1854772567749
1412,84535.2,84575.2,84499.8,84537.8,6736.0,68.30753326416016,14.067970275878906,14.067976951599121,54.23956298828125,6.67572021484375e-06,54.239556312561035
1413,84545.2,84545.2,84415.2,84437.1,3132.0,72.89630126953125,9.191535949707031,9.191534996032715,63.70476531982422,9.5367431640625e-07,63.704766273498535
1414,84438.1,84441.4,84411.0,84431.5,8019.0,66.7030029296875,8.970771789550781,8.970779418945312,57.73223114013672,7.62939453125e-06,57.73222351074219
1415,84431.5,84431.5,84329.5,84329.7,4837.0,82.3286361694336,9.062797546386719,9.062795639038086,73.26583862304688,1.9073486328125e-06,73.26584053039551
1416,84329.6,84573.8,84325.3,84543.5,4916.0,79.39472961425781,13.649887084960938,13.649886131286621,65.74484252929688,9.5367431640625e-07,65.74484348297119
1417,84543.5,84674.9,84491.1,84563.8,7479.0,79.12284851074219,22.28607177734375,22.286067962646484,56.83677673339844,3.814697265625e-06,56.8367805480957
1418,84555.4,84580.1,84402.6,84417.6,5340.0,77.98014831542969,25.631980895996094,25.631986618041992,52.348167419433594,5.7220458984375e-06,52.348161697387695
1419,84426.5,84583.1,84420.1,84491.6,5714.0,77.04437255859375,37.01629638671875,37.016300201416016,40.028076171875,3.814697265625e-06,40.028072357177734
1420,84489.1,84580.6,84489.1,84493.1,3700.0,79.56878662109375,35.510528564453125,35.510528564453125,44.058258056640625,0.0,44.058258056640625
1421,84493.1,84512.0,84401.3,84492.6,2634.0,81.60102844238281,29.87103271484375,29.871034622192383,51.72999572753906,1.9073486328125e-06,51.72999382019043
1422,84473.6,84607.2,84473.6,84543.7,9077.0,81.49052429199219,38.91044235229492,38.91044235229492,42.580081939697266,0.0,42.580081939697266
1423,84535.3,84594.5,84535.3,84573.6,3174.0,84.12001037597656,42.72438430786133,42.72438430786133,41.395626068115234,0.0,41.395626068115234
1424,84568.0,84662.5,84558.3,84662.4,4561.0,82.3359375,52.23870086669922,52.238704681396484,30.09723663330078,3.814697265625e-06,30.097232818603516
1425,84662.5,84971.1,84662.5,84875.6,23345.0,79.85179138183594,66.9237060546875,66.9237060546875,12.928085327148438,0.0,12.928085327148438
1426,84873.3,84873.3,84697.5,84697.5,6030.0,82.90470123291016,67.42576599121094,67.42577362060547,15.478935241699219,7.62939453125e-06,15.478927612304688
1427,84697.5,84697.5,84500.0,84500.0,5918.0,80.72805786132812,65.44137573242188,65.44137573242188,15.28668212890625,0.0,15.28668212890625
1428,84500.0,84565.7,84439.7,84562.1,4697.0,84.26019287109375,67.81025695800781,67.81024932861328,16.449935913085938,7.62939453125e-06,16.44994354248047
1429,84565.1,84598.8,84518.5,84570.2,2522.0,55.73854446411133,72.38999938964844,72.38999938964844,16.65145492553711,0.0,16.65145492553711
1430,84579.0,84671.3,84562.1,84588.8,5727.0,71.24095916748047,72.64118957519531,72.64118957519531,1.4002304077148438,0.0,1.4002304077148438
1431,84593.0,84593.0,84438.2,84500.6,5311.0,70.32026672363281,65.92076873779297,65.92076873779297,4.399497985839844,0.0,4.399497985839844
1432,84504.8,84504.8,84356.0,84382.9,4358.0,82.81304931640625,66.66741180419922,66.66741180419922,16.14563751220703,0.0,16.14563751220703
1433,84389.4,84476.9,84312.4,84476.9,7078.0,80.285400390625,67.18011474609375,67.18011474609375,13.10528564453125,0.0,13.10528564453125
1434,84477.0,84488.0,84382.9,84434.7,5544.0,80.34803771972656,67.84992218017578,67.84992218017578,12.498115539550781,0.0,12.498115539550781
1435,84447.3,84447.3,84367.8,84444.3,4011.0,82.88873291015625,66.83065032958984,66.83065795898438,16.058082580566406,7.62939453125e-06,16.058074951171875
1436,84444.3,84482.8,84433.5,84462.5,3019.0,78.09700775146484,64.47573852539062,64.47573852539062,13.621269226074219,0.0,13.621269226074219
1437,84464.0,84523.8,84395.9,84404.6,4104.0,76.12431335449219,60.105926513671875,60.10593032836914,16.018386840820312,3.814697265625e-06,16.018383026123047
1438,84407.5,84426.2,84308.9,84344.0,3211.0,80.9600830078125,55.69382095336914,55.693817138671875,25.26626205444336,3.814697265625e-06,25.266265869140625
1439,84331.3,84382.0,84251.4,84285.8,8637.0,74.68849182128906,34.04997253417969,34.04996871948242,40.638519287109375,3.814697265625e-06,40.63852310180664
