bar,open,high,low,close,volume,batched,isolated,cpu,abs_bi,abs_ic,abs_bc
0,88066.7,88174.6,88048.0,88155.1,5735.0,0.0,0.0,0.0,0.0,0.0,0.0
1,88146.7,88160.1,88081.7,88081.7,4816.0,0.0,0.0,0.0,0.0,0.0,0.0
2,88080.4,88080.4,87849.9,87850.0,10862.0,0.0,0.0,0.0,0.0,0.0,0.0
3,87857.1,87944.5,87780.2,87930.1,15390.0,0.0,0.0,0.0,0.0,0.0,0.0
4,87930.2,88039.6,87930.2,87991.6,4863.0,0.0,0.0,0.0,0.0,0.0,0.0
5,87980.8,87980.8,87852.6,87856.9,2161.0,0.0,0.0,0.0,0.0,0.0,0.0
6,87862.5,87869.1,87773.9,87797.8,3002.0,0.0,0.0,0.0,0.0,0.0,0.0
7,87794.2,87794.2,87660.4,87672.7,7045.0,0.0,0.0,0.0,0.0,0.0,0.0
8,87672.6,87704.8,87569.3,87664.0,6992.0,0.0,0.0,0.0,0.0,0.0,0.0
9,87657.2,87718.7,87621.5,87639.1,4116.0,87348.546875,87863.90625,87863.8984375,515.359375,0.0078125,515.3515625
10,87649.7,87726.9,87580.2,87580.2,5538.0,87229.0859375,87806.4140625,87806.4140625,577.328125,0.0,577.328125
11,87583.2,87604.9,87412.0,87430.1,7937.0,87139.0,87741.2578125,87741.25,602.2578125,0.0078125,602.25
12,87427.6,87504.4,87326.9,87504.4,28049.0,87077.421875,87706.6953125,87706.6875,629.2734375,0.0078125,629.265625
13,87505.9,87647.8,87477.7,87600.8,5425.0,87004.2109375,87673.765625,87673.765625,669.5546875,0.0,669.5546875
14,87596.5,87649.2,87531.3,87564.6,5409.0,86977.0234375,87631.0625,87631.0625,654.0390625,0.0,654.0390625
15,87564.6,87669.2,87529.0,87648.0,5356.0,86984.625,87610.171875,87610.171875,625.546875,0.0,625.546875
16,87649.4,87731.5,87631.9,87721.9,8400.0,86985.2421875,87602.5859375,87602.578125,617.34375,0.0078125,617.3359375
17,87708.6,87759.6,87682.4,87759.6,6562.0,87025.921875,87611.2734375,87611.2734375,585.3515625,0.0,585.3515625
18,87750.7,87750.7,87519.8,87519.8,4150.0,87033.1796875,87596.8515625,87596.859375,563.671875,0.0078125,563.6796875
19,87502.6,87590.1,87498.4,87562.6,3954.0,87070.09375,87589.203125,87589.203125,519.109375,0.0,519.109375
20,87566.9,87578.4,87328.7,87343.5,11941.0,87145.6328125,87565.53125,87565.5390625,419.8984375,0.0078125,419.90625
21,87343.4,87344.0,87227.3,87256.3,12379.0,87202.765625,87548.1484375,87548.15625,345.3828125,0.0078125,345.390625
22,87252.7,87420.8,87252.7,87392.1,3767.0,87257.8671875,87536.9296875,87536.921875,279.0625,0.0078125,279.0546875
23,87392.1,87404.4,87287.0,87371.4,6300.0,87282.796875,87513.984375,87513.984375,231.1875,0.0,231.1875
24,87372.5,87475.6,87339.6,87471.7,3668.0,87297.4765625,87504.6953125,87504.6875,207.21875,0.0078125,207.2109375
25,87471.1,87484.4,87403.9,87439.2,2831.0,87295.2421875,87483.8125,87483.8046875,188.5703125,0.0078125,188.5625
26,87436.2,87436.2,87315.9,87370.4,3545.0,87297.8125,87448.671875,87448.65625,150.859375,0.015625,150.84375
27,87363.6,87377.7,87303.3,87303.3,4063.0,87279.9765625,87403.0390625,87403.0234375,123.0625,0.015625,123.046875
28,87303.2,87318.1,87204.0,87204.0,3420.0,87293.8359375,87371.453125,87371.4453125,77.6171875,0.0078125,77.609375
29,87200.9,87280.4,87200.9,87257.5,3839.0,87281.1328125,87340.9375,87340.9375,59.8046875,0.0,59.8046875
30,87263.5,87278.8,87211.2,87226.8,13526.0,87250.5234375,87329.2734375,87329.265625,78.75,0.0078125,78.7421875
31,87226.1,87258.0,87206.6,87206.6,2066.0,87216.7109375,87324.3046875,87324.296875,107.59375,0.0078125,107.5859375
32,87205.6,87205.6,87154.6,87173.2,5683.0,87195.2109375,87302.40625,87302.4140625,107.1953125,0.0078125,107.203125
33,87173.3,87298.7,87173.3,87286.8,7188.0,87195.1015625,87293.9453125,87293.953125,98.84375,0.0078125,98.8515625
34,87283.7,87286.9,87182.4,87186.8,7126.0,87176.5,87265.4609375,87265.4609375,88.9609375,0.0,88.9609375
35,87183.8,87183.8,87080.0,87080.0,7382.0,87152.140625,87229.5390625,87229.546875,77.3984375,0.0078125,77.40625
36,87080.0,87113.9,86878.6,86895.9,34739.0,87120.953125,87182.0859375,87182.0859375,61.1328125,0.0,61.1328125
37,86901.3,86939.1,86776.4,86781.0,17855.0,87102.15625,87129.8671875,87129.859375,27.7109375,0.0078125,27.703125
38,86790.1,86895.4,86767.0,86877.6,13092.0,87029.5234375,87097.2265625,87097.2265625,67.703125,0.0,67.703125
39,86877.7,86894.4,86752.5,86799.2,5481.0,86943.9453125,87051.3984375,87051.390625,107.453125,0.0078125,107.4453125
40,86806.7,86985.6,86797.5,86985.6,5524.0,86893.796875,87027.2734375,87027.2734375,133.4765625,0.0,133.4765625
41,86985.6,87091.2,86985.6,87037.7,6819.0,86850.4296875,87010.3828125,87010.3828125,159.953125,0.0,159.953125
42,87042.2,87085.2,87006.2,87022.0,9574.0,86765.5390625,86995.265625,86995.265625,229.7265625,0.0,229.7265625
43,87016.0,87059.1,86992.0,87055.7,4562.0,86679.2578125,86972.1484375,86972.1484375,292.890625,0.0,292.890625
44,87037.1,87118.4,87034.5,87034.5,4385.0,86615.0078125,86956.921875,86956.921875,341.9140625,0.0,341.9140625
45,87034.0,87079.4,86918.0,86918.1,5614.0,86519.0546875,86940.734375,86940.734375,421.6796875,0.0,421.6796875
46,86922.3,86999.7,86852.1,86965.0,3934.0,86400.1171875,86947.6484375,86947.640625,547.53125,0.0078125,547.5234375
47,86973.7,87026.1,86973.7,87022.1,3649.0,86274.453125,86971.75,86971.7578125,697.296875,0.0078125,697.3046875
48,87024.4,87024.4,86888.0,86937.6,4724.0,86186.9765625,86977.75,86977.7578125,790.7734375,0.0078125,790.78125
49,86937.7,86946.2,86784.8,86834.6,8186.0,86139.6796875,86981.296875,86981.296875,841.6171875,0.0,841.6171875
50,86834.1,86875.0,86816.4,86816.4,3229.0,86069.8359375,86964.3671875,86964.375,894.53125,0.0078125,894.5390625
51,86811.0,86811.0,86736.8,86747.7,8672.0,85969.234375,86935.3671875,86935.3671875,966.1328125,0.0,966.1328125
52,86747.7,86754.9,86632.4,86663.7,10621.0,85910.0703125,86899.546875,86899.5390625,989.4765625,0.0078125,989.46875
53,86662.6,86733.1,86656.0,86711.6,5251.0,85817.78125,86865.1328125,86865.125,1047.3515625,0.0078125,1047.34375
54,86713.4,86797.0,86694.8,86776.0,8816.0,85749.8359375,86839.2890625,86839.28125,1089.453125,0.0078125,1089.4453125
55,86771.9,86843.4,86754.9,86843.1,8289.0,85713.890625,86831.78125,86831.78125,1117.890625,0.0,1117.890625
56,86839.4,86843.2,86788.6,86793.6,4040.0,85749.34375,86814.6484375,86814.6484375,1065.3046875,0.0,1065.3046875
57,86791.6,86810.2,86771.6,86771.6,1637.0,85797.296875,86789.59375,86789.6015625,992.296875,0.0078125,992.3046875
58,86771.7,86775.9,86561.1,86561.5,18764.0,85833.015625,86751.9765625,86751.984375,918.9609375,0.0078125,918.96875
59,86561.1,86653.2,86547.3,86632.5,11099.0,85841.15625,86731.765625,86731.7734375,890.609375,0.0078125,890.6171875
60,86623.2,86749.9,86578.5,86691.8,11360.0,85830.9765625,86719.3125,86719.3125,888.3359375,0.0,888.3359375
61,86692.1,86807.3,86674.1,86777.2,4944.0,85844.6796875,86722.265625,86722.265625,877.5859375,0.0,877.5859375
62,86777.1,86912.6,86772.8,86888.4,31143.0,85837.2265625,86744.734375,86744.7265625,907.5078125,0.0078125,907.5
63,86890.1,86910.7,86847.2,86877.6,6761.0,85861.3359375,86761.3359375,86761.328125,900.0,0.0078125,899.9921875
64,86880.8,86880.8,86707.1,86707.1,6576.0,85857.21875,86754.453125,86754.4453125,897.234375,0.0078125,897.2265625
65,86703.9,87030.3,86664.3,87004.3,7093.0,85861.03125,86770.5703125,86770.5625,909.5390625,0.0078125,909.53125
66,87003.4,87029.3,86934.7,86960.8,9135.0,85802.5859375,86787.28125,86787.28125,984.6953125,0.0,984.6953125
67,86961.3,87031.1,86961.3,87016.8,6887.0,85745.2734375,86811.8046875,86811.8046875,1066.53125,0.0,1066.53125
68,87018.6,87098.9,86982.8,87042.9,4779.0,85712.4296875,86859.9375,86859.9375,1147.5078125,0.0,1147.5078125
69,87042.8,87089.4,86993.0,87040.7,3567.0,85685.078125,86900.7578125,86900.7578125,1215.6796875,0.0,1215.6796875
70,87052.8,87151.8,87042.7,87146.3,5135.0,85692.9921875,86946.2109375,86946.203125,1253.21875,0.0078125,1253.2109375
71,87136.8,87202.0,87082.7,87141.6,9808.0,85728.375,86982.65625,86982.6484375,1254.28125,0.0078125,1254.2734375
72,87141.5,87171.3,87077.6,87103.5,9815.0,85763.53125,87004.171875,87004.171875,1240.640625,0.0,1240.640625
73,87120.2,87156.4,87092.1,87139.0,6378.0,85796.9375,87030.3046875,87030.3046875,1233.3671875,0.0,1233.3671875
74,87127.1,87285.6,87127.1,87285.6,10418.0,85830.7421875,87088.1484375,87088.15625,1257.40625,0.0078125,1257.4140625
75,87286.3,87347.0,87230.6,87262.4,6640.0,85878.09375,87113.9609375,87113.9609375,1235.8671875,0.0,1235.8671875
76,87267.2,87304.4,87227.4,87265.9,7803.0,85964.5390625,87144.46875,87144.4609375,1179.9296875,0.0078125,1179.921875
77,87258.1,87397.0,87246.9,87381.6,5966.0,86043.2734375,87180.953125,87180.953125,1137.6796875,0.0,1137.6796875
78,87379.2,87416.2,87350.2,87382.5,8104.0,86099.5,87214.9140625,87214.90625,1115.4140625,0.0078125,1115.40625
79,87385.3,87385.3,87203.1,87206.5,8375.0,86118.1875,87231.4921875,87231.4921875,1113.3046875,0.0,1113.3046875
80,87197.9,87269.5,87184.0,87255.9,5466.0,86122.125,87242.4609375,87242.453125,1120.3359375,0.0078125,1120.328125
81,87257.0,87259.1,87077.1,87085.8,11182.0,86127.734375,87236.8671875,87236.8671875,1109.1328125,0.0,1109.1328125
82,87078.5,87191.7,87067.9,87178.3,8493.0,86133.7734375,87244.3515625,87244.3515625,1110.578125,0.0,1110.578125
83,87179.5,87211.0,87081.9,87101.3,4100.0,86148.140625,87240.578125,87240.578125,1092.4375,0.0,1092.4375
84,87101.5,87165.0,87084.1,87164.6,4103.0,86146.390625,87228.4765625,87228.484375,1082.0859375,0.0078125,1082.09375
85,87159.0,87263.8,87159.0,87263.8,7991.0,86111.734375,87228.625,87228.625,1116.890625,0.0,1116.890625
86,87263.8,87364.8,87257.3,87257.3,12821.0,86077.0234375,87227.765625,87227.765625,1150.7421875,0.0,1150.7421875
87,87254.8,87272.0,87194.2,87201.1,4852.0,86035.3046875,87209.7109375,87209.71875,1174.40625,0.0078125,1174.4140625
88,87196.9,87344.5,87196.1,87273.3,9019.0,85995.9140625,87198.7890625,87198.796875,1202.875,0.0078125,1202.8828125
89,87273.3,87299.0,87234.8,87282.5,4458.0,85972.671875,87206.390625,87206.390625,1233.71875,0.0,1233.71875
90,87282.4,87294.7,87186.6,87234.4,13604.0,85939.8046875,87204.25,87204.2421875,1264.4453125,0.0078125,1264.4375
91,87234.5,87344.6,87234.5,87254.1,5698.0,85897.328125,87221.078125,87221.0703125,1323.75,0.0078125,1323.7421875
92,87254.0,87260.8,87090.8,87090.8,4446.0,85850.2890625,87212.328125,87212.3203125,1362.0390625,0.0078125,1362.03125
93,87088.6,87156.5,87058.1,87150.2,4771.0,85798.0546875,87217.21875,87217.2109375,1419.1640625,0.0078125,1419.15625
94,87146.9,87224.5,87120.0,87136.1,7039.0,85756.703125,87214.3671875,87214.359375,1457.6640625,0.0078125,1457.65625
95,87147.1,87212.5,87021.3,87200.3,6592.0,85718.0703125,87208.015625,87208.015625,1489.9453125,0.0,1489.9453125
96,87208.9,87303.3,87188.9,87287.3,7835.0,85678.0,87211.015625,87211.015625,1533.015625,0.0,1533.015625
97,87292.2,87397.9,87289.2,87386.0,6161.0,85645.0,87229.5,87229.5,1584.5,0.0,1584.5
98,87393.5,87497.2,87393.5,87484.7,9223.0,85613.9375,87250.6484375,87250.640625,1636.7109375,0.0078125,1636.703125
99,87479.7,87499.9,87346.1,87346.1,5379.0,85586.84375,87257.0078125,87257.0,1670.1640625,0.0078125,1670.15625
100,87346.2,87399.9,87346.2,87374.0,3442.0,85550.3671875,87270.96875,87270.9609375,1720.6015625,0.0078125,1720.59375
101,87368.5,87480.9,87358.2,87448.0,4521.0,85513.1171875,87290.359375,87290.3515625,1777.2421875,0.0078125,1777.234375
102,87444.3,87446.4,87365.9,87396.3,4579.0,85430.1484375,87320.90625,87320.90625,1890.7578125,0.0,1890.7578125
103,87418.0,87425.2,87303.7,87303.7,4357.0,85257.921875,87336.2578125,87336.25,2078.3359375,0.0078125,2078.328125
104,87298.5,87299.3,87195.9,87228.9,6647.0,85120.6015625,87345.53125,87345.5234375,2224.9296875,0.0078125,2224.921875
105,87225.0,87274.1,87190.0,87274.1,6185.0,84963.3359375,87352.9140625,87352.9140625,2389.578125,0.0,2389.578125
106,87269.8,87339.4,87262.9,87336.5,2842.0,84824.9375,87357.8359375,87357.828125,2532.8984375,0.0078125,2532.890625
107,87332.8,87389.0,87309.1,87343.0,3113.0,84661.953125,87353.53125,87353.53125,2691.578125,0.0,2691.578125
108,87343.0,87361.8,87296.6,87357.5,5787.0,84505.0703125,87340.8125,87340.8046875,2835.7421875,0.0078125,2835.734375
109,87367.3,87367.3,87300.2,87324.3,2920.0,84386.96875,87338.6328125,87338.6328125,2951.6640625,0.0,2951.6640625
110,87324.1,87420.1,87299.5,87391.6,3281.0,84315.5625,87340.390625,87340.390625,3024.828125,0.0,3024.828125
111,87387.3,87426.6,87367.6,87367.6,3299.0,84241.3828125,87332.3515625,87332.359375,3090.96875,0.0078125,3090.9765625
112,87370.5,87434.3,87366.8,87434.3,5919.0,84207.4296875,87336.1484375,87336.15625,3128.71875,0.0078125,3128.7265625
113,87441.1,87441.1,87327.1,87348.1,4270.0,84245.2109375,87340.5859375,87340.6015625,3095.375,0.015625,3095.390625
114,87348.0,87402.0,87325.2,87387.7,2276.0,84261.2890625,87356.4765625,87356.46875,3095.1875,0.0078125,3095.1796875
115,87379.9,87435.9,87357.2,87418.0,3605.0,84260.3046875,87370.8671875,87370.859375,3110.5625,0.0078125,3110.5546875
116,87412.0,87412.0,87284.7,87319.5,3262.0,84217.734375,87369.1640625,87369.1640625,3151.4296875,0.0,3151.4296875
117,87323.4,87333.8,87269.7,87269.7,3139.0,84224.9921875,87361.8359375,87361.828125,3136.84375,0.0078125,3136.8359375
118,87268.0,87268.0,87192.3,87228.9,4089.0,84200.6484375,87348.9765625,87348.96875,3148.328125,0.0078125,3148.3203125
119,87233.8,87283.9,87226.1,87283.9,1985.0,84155.8125,87344.9375,87344.921875,3189.125,0.015625,3189.109375
120,87283.9,87334.5,87282.3,87327.1,2113.0,84092.4453125,87338.4921875,87338.4765625,3246.046875,0.015625,3246.03125
121,87327.1,87342.2,87293.3,87342.2,2732.0,84005.6640625,87335.9453125,87335.9375,3330.28125,0.0078125,3330.2734375
122,87346.3,87440.5,87267.0,87267.0,4450.0,83935.546875,87319.2109375,87319.2109375,3383.6640625,0.0,3383.6640625
123,87267.0,87291.5,87154.6,87233.4,12040.0,83872.953125,87307.7421875,87307.734375,3434.7890625,0.0078125,3434.78125
124,87229.9,87343.2,87223.0,87322.4,6250.0,83774.2734375,87301.2109375,87301.203125,3526.9375,0.0078125,3526.9296875
125,87321.5,87395.6,87312.0,87383.6,3558.0,83697.0546875,87297.7734375,87297.765625,3600.71875,0.0078125,3600.7109375
126,87388.6,87466.1,87370.7,87449.7,5254.0,83596.84375,87310.7890625,87310.7890625,3713.9453125,0.0,3713.9453125
127,87450.7,87466.7,87295.4,87343.6,16226.0,83495.453125,87318.1796875,87318.1875,3822.7265625,0.0078125,3822.734375
128,87356.8,87381.6,87285.9,87330.1,8568.0,83383.046875,87328.3046875,87328.3046875,3945.2578125,0.0,3945.2578125
129,87339.4,87339.4,87218.9,87218.9,4133.0,83275.609375,87321.8046875,87321.8046875,4046.1953125,0.0,4046.1953125
130,87202.4,87283.3,87168.3,87237.2,3723.0,83114.4609375,87312.8046875,87312.8125,4198.34375,0.0078125,4198.3515625
131,87239.7,87262.3,87175.9,87235.0,3241.0,82989.3203125,87302.0859375,87302.0859375,4312.765625,0.0,4312.765625
132,87247.9,87259.9,87183.5,87198.4,4240.0,82818.921875,87295.2265625,87295.2265625,4476.3046875,0.0,4476.3046875
133,87205.2,87233.0,87176.7,87185.5,1926.0,82635.3046875,87290.4453125,87290.4375,4655.140625,0.0078125,4655.1328125
134,87182.6,87182.6,87080.3,87157.2,6053.0,82523.65625,87273.9296875,87273.921875,4750.2734375,0.0078125,4750.265625
135,87147.5,87234.0,87147.5,87233.0,3708.0,82397.4375,87258.8671875,87258.859375,4861.4296875,0.0078125,4861.421875
136,87229.2,87275.8,87143.6,87155.3,7892.0,82316.140625,87229.4296875,87229.421875,4913.2890625,0.0078125,4913.28125
137,87155.4,87198.1,87005.4,87017.6,15190.0,82233.640625,87196.8203125,87196.828125,4963.1796875,0.0078125,4963.1875
138,87018.5,87075.7,87005.2,87075.7,9681.0,82220.4296875,87171.375,87171.3828125,4950.9453125,0.0078125,4950.953125
139,87068.2,87068.2,86884.7,86918.4,9446.0,82216.9296875,87141.328125,87141.328125,4924.3984375,0.0,4924.3984375
140,86923.9,86925.9,86830.4,86912.9,6178.0,82248.78125,87108.8984375,87108.8984375,4860.1171875,0.0,4860.1171875
141,86915.6,87056.8,86915.6,87049.1,8672.0,82256.7578125,87090.3046875,87090.3125,4833.546875,0.0078125,4833.5546875
142,87049.1,87251.5,87049.1,87242.7,7613.0,82321.0625,87094.7421875,87094.734375,4773.6796875,0.0078125,4773.671875
143,87227.2,87331.2,87227.2,87306.4,14326.0,82406.8046875,87106.8359375,87106.828125,4700.03125,0.0078125,4700.0234375
144,87306.3,87306.3,87113.3,87159.9,50306.0,82464.0234375,87107.109375,87107.1015625,4643.0859375,0.0078125,4643.078125
145,87164.3,87203.0,87143.6,87181.7,14310.0,82573.7109375,87101.96875,87101.9609375,4528.2578125,0.0078125,4528.25
146,87183.5,87394.7,87183.5,87356.0,7122.0,82672.078125,87122.0390625,87122.0390625,4449.9609375,0.0,4449.9609375
147,87368.6,87397.5,87249.7,87268.0,3750.0,82763.6328125,87147.078125,87147.078125,4383.4453125,0.0,4383.4453125
148,87266.5,87266.5,87183.7,87217.1,3825.0,82820.125,87161.21875,87161.2265625,4341.09375,0.0078125,4341.1015625
149,87200.8,87325.8,87200.8,87286.3,5999.0,82849.9140625,87198.015625,87198.015625,4348.1015625,0.0,4348.1015625
150,87278.5,87324.1,87270.8,87315.4,3828.0,82898.4765625,87238.2578125,87238.265625,4339.78125,0.0078125,4339.7890625
151,87315.5,87327.8,87211.1,87211.1,2126.0,82913.1953125,87254.4609375,87254.4609375,4341.265625,0.0,4341.265625
152,87207.4,87207.4,87079.5,87094.4,6031.0,82884.2421875,87239.6171875,87239.625,4355.375,0.0078125,4355.3828125
153,87111.9,87161.5,87092.5,87128.8,4104.0,82843.1015625,87221.8671875,87221.8671875,4378.765625,0.0,4378.765625
154,87116.6,87131.4,87081.3,87081.3,2055.0,82790.75,87214.015625,87214.015625,4423.265625,0.0,4423.265625
155,87080.0,87080.0,86926.0,86933.7,4617.0,82719.5703125,87189.2109375,87189.203125,4469.640625,0.0078125,4469.6328125
156,86946.5,87017.3,86910.8,87017.3,4854.0,82656.2578125,87155.34375,87155.3359375,4499.0859375,0.0078125,4499.078125
157,87023.3,87069.6,86971.3,87004.0,3525.0,82572.359375,87128.9453125,87128.9453125,4556.5859375,0.0,4556.5859375
158,87004.9,87153.3,87004.9,87103.2,7838.0,82476.703125,87117.5546875,87117.546875,4640.8515625,0.0078125,4640.84375
159,87098.0,87153.9,87067.0,87098.1,2920.0,82381.7421875,87098.734375,87098.734375,4716.9921875,0.0,4716.9921875
160,87101.9,87141.3,87089.1,87089.1,6354.0,82228.5859375,87076.1015625,87076.109375,4847.515625,0.0078125,4847.5234375
161,87088.1,87152.0,87075.8,87148.2,2718.0,82061.6640625,87069.8125,87069.8125,5008.1484375,0.0,5008.1484375
162,87148.2,87220.1,87142.5,87220.1,3075.0,81976.5546875,87082.3828125,87082.390625,5105.828125,0.0078125,5105.8359375
163,87226.1,87260.8,87217.8,87243.1,2324.0,81995.984375,87093.8125,87093.8125,5097.828125,0.0,5097.828125
164,87250.2,87250.2,87197.9,87236.4,2364.0,82035.2734375,87109.3203125,87109.3203125,5074.046875,0.0,5074.046875
165,87239.3,87340.2,87231.4,87340.1,3636.0,82126.40625,87149.9609375,87149.9609375,5023.5546875,0.0,5023.5546875
166,87331.3,87331.3,87163.4,87212.3,16197.0,82233.421875,87169.4609375,87169.4609375,4936.0390625,0.0,4936.0390625
167,87209.9,87275.8,87209.9,87275.7,6730.0,82344.5234375,87196.6328125,87196.6328125,4852.109375,0.0,4852.109375
168,87266.9,87281.3,87238.0,87241.9,3204.0,82475.8515625,87210.5078125,87210.5,4734.65625,0.0078125,4734.6484375
169,87240.0,87266.2,87151.5,87151.5,3662.0,82617.4921875,87215.84375,87215.8359375,4598.3515625,0.0078125,4598.34375
170,87144.2,87230.2,87144.2,87230.2,2223.0,82827.46875,87229.9609375,87229.9453125,4402.4921875,0.015625,4402.4765625
171,87221.2,87257.5,87178.1,87211.1,3237.0,83148.03125,87236.25,87236.234375,4088.21875,0.015625,4088.203125
172,87215.6,87223.3,87083.0,87083.0,6893.0,83374.3046875,87222.5390625,87222.53125,3848.234375,0.0078125,3848.2265625
173,87081.0,87085.5,86996.2,87006.1,7449.0,83478.75,87198.8359375,87198.8359375,3720.0859375,0.0,3720.0859375
174,87003.5,87043.2,87003.5,87043.1,6087.0,83547.28125,87179.5,87179.5078125,3632.21875,0.0078125,3632.2265625
175,87048.4,87072.2,87023.0,87055.9,3957.0,83616.03125,87151.078125,87151.0859375,3535.046875,0.0078125,3535.0546875
176,87062.6,87110.1,87036.0,87042.7,3693.0,83691.5234375,87134.1171875,87134.1171875,3442.59375,0.0,3442.59375
177,87048.3,87113.2,87048.3,87113.2,3309.0,83778.71875,87117.8671875,87117.8671875,3339.1484375,0.0,3339.1484375
178,87113.2,87170.8,87084.3,87104.6,2723.0,83863.0859375,87104.1484375,87104.140625,3241.0625,0.0078125,3241.0546875
179,87104.6,87104.6,87035.5,87052.0,4439.0,83937.5078125,87094.1953125,87094.1953125,3156.6875,0.0,3156.6875
180,87046.0,87068.7,87030.2,87033.0,1778.0,83968.015625,87074.4765625,87074.46875,3106.4609375,0.0078125,3106.453125
181,87034.8,87046.3,87000.5,87004.0,2719.0,83943.265625,87053.765625,87053.765625,3110.5,0.0,3110.5
182,87001.9,87003.2,86893.3,86893.3,8052.0,83956.828125,87034.796875,87034.796875,3077.96875,0.0,3077.96875
183,86893.3,86991.3,86885.6,86970.4,5381.0,83963.140625,87031.21875,87031.21875,3068.078125,0.0,3068.078125
184,86976.8,86988.5,86935.2,86935.2,6084.0,83994.40625,87020.4296875,87020.421875,3026.0234375,0.0078125,3026.015625
185,86935.1,86936.0,86728.6,86737.0,15394.0,83958.7734375,86988.5390625,86988.5390625,3029.765625,0.0,3029.765625
186,86737.0,86809.0,86600.0,86688.9,33820.0,83970.7890625,86953.1640625,86953.15625,2982.375,0.0078125,2982.3671875
187,86691.1,86839.5,86691.1,86833.1,5536.0,84038.5078125,86925.1484375,86925.1484375,2886.640625,0.0,2886.640625
188,86830.6,86913.0,86830.6,86846.2,7789.0,84120.4375,86899.3125,86899.3125,2778.875,0.0,2778.875
189,86839.2,86842.7,86651.1,86659.8,12443.0,84127.0859375,86860.0859375,86860.0859375,2733.0,0.0,2733.0
190,86672.6,86716.7,86653.2,86716.7,4318.0,84245.9296875,86828.4609375,86828.453125,2582.53125,0.0078125,2582.5234375
191,86721.4,86721.4,86618.2,86643.8,3803.0,84354.96875,86792.4375,86792.4375,2437.46875,0.0,2437.46875
192,86646.7,86660.6,86403.9,86496.2,24834.0,84404.1171875,86752.7265625,86752.734375,2348.609375,0.0078125,2348.6171875
193,86500.8,86584.7,86418.7,86453.0,17044.0,84494.234375,86700.9921875,86700.984375,2206.7578125,0.0078125,2206.75
194,86455.9,86497.4,86401.9,86444.9,7346.0,84551.7890625,86651.9609375,86651.953125,2100.171875,0.0078125,2100.1640625
195,86440.1,86555.3,86408.2,86526.5,4643.0,84587.7421875,86630.9140625,86630.90625,2043.171875,0.0078125,2043.1640625
196,86526.5,86618.0,86492.5,86541.7,8116.0,84555.2578125,86616.1953125,86616.1875,2060.9375,0.0078125,2060.9296875
197,86535.9,86535.9,86402.0,86402.1,4754.0,84446.0859375,86573.09375,86573.0859375,2127.0078125,0.0078125,2127.0
198,86410.8,86438.8,86176.2,86180.7,17726.0,84322.546875,86506.546875,86506.5390625,2184.0,0.0078125,2183.9921875
199,86180.7,86411.4,86180.7,86403.0,18165.0,84220.390625,86480.859375,86480.859375,2260.46875,0.0,2260.46875
200,86403.7,86516.5,86308.2,86516.5,9042.0,83993.2734375,86460.8359375,86460.84375,2467.5625,0.0078125,2467.5703125
201,86520.8,86776.4,86520.8,86756.3,28362.0,83820.078125,86472.0859375,86472.09375,2652.0078125,0.0078125,2652.015625
202,86747.8,86747.8,86580.5,86610.5,10924.0,83657.578125,86483.5234375,86483.5234375,2825.9453125,0.0,2825.9453125
203,86610.4,86780.8,86590.9,86748.0,15765.0,83497.8046875,86513.0234375,86513.0234375,3015.21875,0.0,3015.21875
204,86748.0,86786.9,86667.8,86706.6,4021.0,83349.71875,86539.1875,86539.1953125,3189.46875,0.0078125,3189.4765625
205,86703.3,86798.4,86669.7,86731.1,5333.0,83223.7109375,86559.6484375,86559.65625,3335.9375,0.0078125,3335.9453125
206,86722.3,86722.3,86635.2,86676.4,11247.0,83101.6015625,86573.1171875,86573.125,3471.515625,0.0078125,3471.5234375
207,86694.1,86698.7,86556.8,86579.7,4820.0,83013.2109375,86590.875,86590.8828125,3577.6640625,0.0078125,3577.671875
208,86571.2,86596.5,86552.1,86578.7,3897.0,82932.0078125,86630.6796875,86630.671875,3698.671875,0.0078125,3698.6640625
209,86574.5,86660.9,86495.6,86495.6,9383.0,82925.0546875,86639.9453125,86639.9375,3714.890625,0.0078125,3714.8828125
210,86495.8,86508.7,86253.3,86398.1,9546.0,82948.0625,86628.109375,86628.109375,3680.046875,0.0,3680.046875
211,86398.1,86542.0,86398.1,86528.6,8732.0,82976.8671875,86605.3359375,86605.3359375,3628.46875,0.0,3628.46875
212,86531.9,86568.2,86352.6,86352.8,9250.0,83042.1484375,86579.5625,86579.5703125,3537.4140625,0.0078125,3537.421875
213,86377.2,86444.9,86317.1,86433.1,8618.0,83109.25,86548.0703125,86548.078125,3438.8203125,0.0078125,3438.828125
214,86428.1,86534.8,86383.7,86524.9,4693.0,83271.7734375,86529.8984375,86529.8984375,3258.125,0.0,3258.125
215,86525.0,86670.4,86509.6,86589.1,7676.0,83468.0,86515.6953125,86515.703125,3047.6953125,0.0078125,3047.703125
216,86578.0,86640.7,86530.3,86562.6,5424.0,83667.7421875,86504.3203125,86504.328125,2836.578125,0.0078125,2836.5859375
217,86559.3,86609.8,86391.6,86395.6,13155.0,83920.640625,86485.921875,86485.921875,2565.28125,0.0,2565.28125
218,86404.0,86468.1,86379.2,86466.4,3063.0,84139.1328125,86474.6875,86474.6875,2335.5546875,0.0,2335.5546875
219,86466.4,86488.8,86301.9,86347.8,9455.0,84336.1484375,86459.90625,86459.8984375,2123.7578125,0.0078125,2123.75
220,86357.6,86492.7,86353.3,86484.3,4486.0,84544.8984375,86468.5234375,86468.515625,1923.625,0.0078125,1923.6171875
221,86475.5,86483.5,86409.6,86432.5,7786.0,84698.5859375,86458.9140625,86458.9140625,1760.328125,0.0,1760.328125
222,86432.5,86488.2,86357.0,86447.1,5794.0,84882.9375,86468.34375,86468.34375,1585.40625,0.0,1585.40625
223,86438.5,86438.5,86282.0,86331.4,7853.0,85048.359375,86458.1796875,86458.171875,1409.8203125,0.0078125,1409.8125
224,86328.9,86352.0,85852.6,85882.9,137327.0,85125.4609375,86393.9765625,86393.96875,1268.515625,0.0078125,1268.5078125
225,85887.1,86099.9,85852.2,86006.9,21941.0,85183.3671875,86335.75,86335.7421875,1152.3828125,0.0078125,1152.375
226,86007.0,86190.6,86007.0,86186.3,11137.0,85212.6953125,86298.1171875,86298.109375,1085.421875,0.0078125,1085.4140625
227,86187.5,86250.8,86051.9,86138.2,10003.0,85167.0,86272.3828125,86272.375,1105.3828125,0.0078125,1105.375
228,86153.7,86259.6,86135.6,86209.9,8193.0,85110.78125,86246.734375,86246.7265625,1135.953125,0.0078125,1135.9453125
229,86209.9,86234.3,86131.4,86162.9,4426.0,84996.140625,86228.2421875,86228.234375,1232.1015625,0.0078125,1232.09375
230,86167.4,86250.8,86140.2,86152.9,9285.0,84856.625,86195.1015625,86195.09375,1338.4765625,0.0078125,1338.46875
231,86169.3,86169.3,85990.9,86043.0,9036.0,84685.90625,86156.1484375,86156.140625,1470.2421875,0.0078125,1470.234375
232,86033.5,86036.6,85656.5,85703.8,56064.0,84497.734375,86081.8125,86081.8203125,1584.078125,0.0078125,1584.0859375
233,85703.9,85852.2,85703.9,85767.8,27207.0,84361.0859375,86025.4609375,86025.4609375,1664.375,0.0,1664.375
234,85762.0,85850.4,85727.8,85815.1,7963.0,84278.390625,86018.6796875,86018.6875,1740.2890625,0.0078125,1740.296875
235,85832.0,85832.0,85600.1,85702.0,20876.0,84206.9296875,85988.1875,85988.1953125,1781.2578125,0.0078125,1781.265625
236,85701.9,85803.3,85600.1,85627.9,31337.0,84140.8515625,85932.34375,85932.3515625,1791.4921875,0.0078125,1791.5
237,85624.6,85683.4,85558.8,85574.3,29383.0,84101.03125,85875.953125,85875.9609375,1774.921875,0.0078125,1774.9296875
238,85574.0,85631.1,85473.9,85502.9,21038.0,84112.6484375,85805.2578125,85805.2578125,1692.609375,0.0,1692.609375
239,85529.6,85593.1,85345.5,85439.8,37207.0,84171.21875,85732.9453125,85732.953125,1561.7265625,0.0078125,1561.734375
240,85439.7,85659.3,85427.1,85647.1,10836.0,84246.7109375,85682.375,85682.3671875,1435.6640625,0.0078125,1435.65625
241,85625.5,85680.6,85510.3,85680.6,6731.0,84359.5078125,85646.140625,85646.1328125,1286.6328125,0.0078125,1286.625
242,85680.5,85680.9,85575.1,85613.4,6608.0,84475.3671875,85637.0859375,85637.09375,1161.71875,0.0078125,1161.7265625
243,85626.1,85699.9,85549.1,85575.0,10137.0,84558.171875,85617.8046875,85617.8125,1059.6328125,0.0078125,1059.640625
244,85598.0,85715.5,85572.4,85672.9,7328.0,84603.953125,85603.5859375,85603.578125,999.6328125,0.0078125,999.625
245,85673.0,85999.4,85673.0,85932.5,15574.0,84646.6953125,85626.640625,85626.6328125,979.9453125,0.0078125,979.9375
246,85934.9,86054.4,85926.3,85992.9,11959.0,84686.4140625,85663.1484375,85663.140625,976.734375,0.0078125,976.7265625
247,86000.8,86040.4,85902.2,85936.9,8689.0,84712.4765625,85699.3984375,85699.390625,986.921875,0.0078125,986.9140625
248,85937.8,86035.6,85926.0,86014.1,10299.0,84706.1875,85750.5234375,85750.515625,1044.3359375,0.0078125,1044.328125
249,86025.2,86025.2,85833.7,85839.4,5731.0,84684.4921875,85790.4921875,85790.4765625,1106.0,0.015625,1105.984375
250,85839.5,85941.5,85839.4,85930.4,4302.0,84653.7734375,85818.8125,85818.8046875,1165.0390625,0.0078125,1165.03125
251,85921.9,85930.2,85830.6,85879.7,6486.0,84618.96875,85838.7109375,85838.71875,1219.7421875,0.0078125,1219.75
252,85896.6,85930.0,85835.3,85912.9,4643.0,84581.03125,85868.671875,85868.6640625,1287.640625,0.0078125,1287.6328125
253,85912.0,85912.0,85813.0,85827.0,2945.0,84500.1328125,85893.8671875,85893.8671875,1393.734375,0.0,1393.734375
254,85829.2,85829.2,85720.1,85774.1,4394.0,84434.4609375,85903.9921875,85903.9921875,1469.53125,0.0,1469.53125
255,85783.3,85943.9,85783.3,85942.9,5970.0,84332.2109375,85905.03125,85905.03125,1572.8203125,0.0,1572.8203125
256,85925.4,85974.4,85701.9,85718.3,10857.0,84242.3046875,85877.5625,85877.5703125,1635.2578125,0.0078125,1635.265625
257,85718.3,85718.7,85533.6,85565.1,10773.0,84125.3828125,85840.390625,85840.390625,1715.0078125,0.0,1715.0078125
258,85565.1,85646.5,85544.6,85624.6,4371.0,84007.21875,85801.4296875,85801.4453125,1794.2109375,0.015625,1794.2265625
259,85624.7,85642.1,85466.0,85526.5,10898.0,83960.015625,85770.1484375,85770.15625,1810.1328125,0.0078125,1810.140625
260,85510.1,85640.6,85480.2,85621.2,6778.0,83942.7109375,85739.2265625,85739.234375,1796.515625,0.0078125,1796.5234375
261,85621.2,85773.2,85621.2,85727.2,7407.0,83969.2578125,85723.9765625,85723.9765625,1754.71875,0.0,1754.71875
262,85729.2,85785.5,85703.8,85785.5,9769.0,83988.1796875,85711.2421875,85711.234375,1723.0625,0.0078125,1723.0546875
263,85785.6,85804.4,85650.4,85658.2,8415.0,84061.8984375,85694.3671875,85694.359375,1632.46875,0.0078125,1632.4609375
264,85657.3,85657.3,85495.8,85533.1,4775.0,84102.8125,85670.265625,85670.2578125,1567.453125,0.0078125,1567.4453125
265,85534.1,85579.5,85432.9,85462.1,9237.0,84169.0703125,85622.1875,85622.1796875,1453.1171875,0.0078125,1453.109375
266,85469.8,85567.3,85445.9,85535.4,10767.0,84237.5546875,85603.8984375,85603.890625,1366.34375,0.0078125,1366.3359375
267,85533.0,85579.6,85487.1,85487.2,2838.0,84331.0390625,85596.1015625,85596.1015625,1265.0625,0.0,1265.0625
268,85481.1,85625.0,85474.8,85612.1,6635.0,84465.09375,85594.8515625,85594.8515625,1129.7578125,0.0,1129.7578125
269,85604.5,85711.2,85604.5,85687.9,6297.0,84570.203125,85610.9921875,85610.984375,1040.7890625,0.0078125,1040.78125
270,85687.5,85792.8,85609.7,85792.8,6186.0,84669.46875,85628.1484375,85628.1484375,958.6796875,0.0,958.6796875
271,85800.0,85853.5,85674.6,85701.6,7363.0,84732.6484375,85625.59375,85625.59375,892.9453125,0.0,892.9453125
272,85704.4,85796.4,85675.8,85759.0,4660.0,84824.6875,85622.9375,85622.9453125,798.25,0.0078125,798.2578125
273,85759.1,85772.3,85654.9,85654.9,4528.0,84883.9921875,85622.6171875,85622.609375,738.625,0.0078125,738.6171875
274,85663.4,85663.4,85579.3,85613.0,4202.0,84959.3125,85630.6015625,85630.6015625,671.2890625,0.0,671.2890625
275,85617.9,85650.0,85577.4,85630.5,2748.0,85020.3671875,85647.4375,85647.4375,627.0703125,0.0,627.0703125
276,85642.8,85944.7,85642.2,85944.6,6701.0,85100.6328125,85688.359375,85688.359375,587.7265625,0.0,587.7265625
277,85933.7,85994.8,85778.8,85800.3,9326.0,85169.84375,85719.6796875,85719.671875,549.8359375,0.0078125,549.828125
278,85794.2,85898.8,85778.1,85867.2,8023.0,85199.8671875,85745.1796875,85745.1796875,545.3125,0.0,545.3125
279,85855.5,85914.1,85800.5,85871.9,6588.0,85223.6953125,85763.5859375,85763.578125,539.890625,0.0078125,539.8828125
280,85866.2,86031.3,85852.7,85988.0,11707.0,85217.6953125,85783.1015625,85783.09375,565.40625,0.0078125,565.3984375
281,85988.0,86090.0,85977.8,86068.3,5521.0,85199.3671875,85819.765625,85819.765625,620.3984375,0.0,620.3984375
282,86062.7,86078.8,86009.1,86047.9,4429.0,85118.953125,85848.6640625,85848.65625,729.7109375,0.0078125,729.703125
283,86058.4,86129.3,86037.8,86071.8,4974.0,85051.4765625,85890.359375,85890.3515625,838.8828125,0.0078125,838.875
284,86067.5,86108.6,86045.0,86058.0,3915.0,84967.3359375,85934.859375,85934.8515625,967.5234375,0.0078125,967.515625
285,86058.0,86125.1,86053.1,86063.0,4532.0,84898.5390625,85978.1015625,85978.1015625,1079.5625,0.0,1079.5625
286,86062.2,86062.2,85998.7,85998.7,2655.0,84804.3671875,85983.5078125,85983.5078125,1179.140625,0.0,1179.140625
287,85999.1,86071.6,85999.0,86045.6,4464.0,84717.3828125,86008.0390625,86008.0390625,1290.65625,0.0,1290.65625
288,86053.5,86057.0,85921.6,85951.1,5981.0,85000.1796875,86016.4296875,86016.4296875,1016.25,0.0,1016.25
289,85957.7,85994.0,85936.4,85974.5,3532.0,85252.2109375,86026.6875,86026.6953125,774.4765625,0.0078125,774.484375
290,85967.0,85997.2,85936.1,85997.2,6763.0,85516.9921875,86027.6171875,86027.609375,510.625,0.0078125,510.6171875
291,85997.2,86001.5,85941.1,85958.6,3057.0,85798.0625,86016.640625,86016.640625,218.578125,0.0,218.578125
292,85971.0,86022.3,85971.0,85995.9,4989.0,86083.9765625,86011.4375,86011.4375,72.5390625,0.0,72.5390625
293,85983.3,85996.5,85935.9,85962.2,5489.0,86360.25,86000.4765625,86000.484375,359.7734375,0.0078125,359.765625
294,85966.3,85986.7,85891.4,85922.4,8574.0,86636.59375,85986.9296875,85986.921875,649.6640625,0.0078125,649.671875
295,85918.2,85984.1,85918.2,85975.6,6319.0,86876.1328125,85978.1796875,85978.1796875,897.953125,0.0,897.953125
296,85962.7,85986.5,85945.6,85961.5,4096.0,87143.109375,85974.4609375,85974.4609375,1168.6484375,0.0,1168.6484375
297,85962.6,86028.1,85961.3,86020.9,4533.0,87404.796875,85971.9921875,85971.984375,1432.8046875,0.0078125,1432.8125
298,86019.2,86020.8,85968.5,85968.5,2496.0,87283.6484375,85973.734375,85973.734375,1309.9140625,0.0,1309.9140625
299,85964.2,85964.2,85817.3,85832.3,3535.0,87190.765625,85959.5078125,85959.515625,1231.2578125,0.0078125,1231.25
300,85817.3,85865.2,85798.6,85861.3,10066.0,87117.0546875,85945.921875,85945.921875,1171.1328125,0.0,1171.1328125
301,85863.3,85863.3,85794.8,85802.0,9386.0,87051.8671875,85930.2578125,85930.265625,1121.609375,0.0078125,1121.6015625
302,85800.1,85864.7,85765.8,85810.0,5590.0,87027.0703125,85911.671875,85911.671875,1115.3984375,0.0,1115.3984375
303,85810.1,85859.5,85810.1,85828.0,3362.0,87036.875,85898.25,85898.25,1138.625,0.0,1138.625
304,85822.3,85860.8,85822.1,85831.6,5387.0,87028.109375,85889.171875,85889.171875,1138.9375,0.0,1138.9375
305,85822.8,85888.9,85697.6,85697.6,6473.0,87073.0234375,85861.3671875,85861.375,1211.65625,0.0078125,1211.6484375
306,85695.3,85766.4,85656.3,85766.1,10213.0,87082.7578125,85841.8359375,85841.8359375,1240.921875,0.0,1240.921875
307,85766.5,85852.0,85671.8,85693.6,3404.0,87130.0390625,85809.1015625,85809.109375,1320.9375,0.0078125,1320.9296875
308,85702.2,85723.8,85620.9,85622.9,5585.0,87199.2421875,85774.5390625,85774.546875,1424.703125,0.0078125,1424.6953125
309,85644.7,85647.0,85622.9,85623.0,3111.0,87257.8359375,85753.609375,85753.609375,1504.2265625,0.0,1504.2265625
310,85631.0,85665.0,85631.0,85636.9,4084.0,87310.875,85731.171875,85731.1640625,1579.703125,0.0078125,1579.7109375
311,85636.1,85707.5,85636.1,85703.2,4418.0,87327.7890625,85721.296875,85721.28125,1606.4921875,0.015625,1606.5078125
312,85707.8,85771.7,85707.8,85711.1,2704.0,87341.296875,85711.40625,85711.390625,1629.890625,0.015625,1629.90625
313,85711.1,85769.9,85687.0,85752.4,4256.0,87337.8359375,85703.8515625,85703.8359375,1633.984375,0.015625,1634.0
314,85748.2,85823.4,85698.3,85698.3,4213.0,87340.0390625,85690.5234375,85690.515625,1649.515625,0.0078125,1649.5234375
315,85698.2,85706.7,85631.2,85631.2,4632.0,87313.15625,85683.875,85683.8671875,1629.28125,0.0078125,1629.2890625
316,85632.3,85754.7,85625.5,85739.9,3221.0,87330.6328125,85681.2421875,85681.25,1649.390625,0.0078125,1649.3828125
317,85747.2,85816.0,85691.2,85715.2,4803.0,87307.5625,85683.40625,85683.40625,1624.15625,0.0,1624.15625
318,85722.2,85737.1,85632.0,85659.7,3118.0,87281.1953125,85687.0859375,85687.0859375,1594.109375,0.0,1594.109375
319,85661.6,85687.8,85644.3,85668.9,5380.0,87260.34375,85691.6796875,85691.671875,1568.6640625,0.0078125,1568.671875
320,85664.7,85768.7,85664.7,85768.7,3704.0,87242.3125,85704.8671875,85704.859375,1537.4453125,0.0078125,1537.453125
321,85775.8,85825.9,85674.0,85674.0,4334.0,87243.640625,85701.9453125,85701.9375,1541.6953125,0.0078125,1541.703125
322,85661.1,85722.1,85629.1,85722.1,3253.0,87223.0390625,85703.03125,85703.0390625,1520.0078125,0.0078125,1520.0
323,85718.0,85751.9,85661.0,85667.1,3712.0,87201.9609375,85694.5078125,85694.515625,1507.453125,0.0078125,1507.4453125
324,85667.1,85696.1,85603.6,85696.1,4164.0,87177.7890625,85694.2890625,85694.296875,1483.5,0.0078125,1483.4921875
325,85682.4,85804.0,85669.9,85767.0,16307.0,87161.5234375,85707.8671875,85707.875,1453.65625,0.0078125,1453.6484375
326,85759.8,85850.0,85747.8,85850.0,3203.0,87086.875,85718.875,85718.8828125,1368.0,0.0078125,1367.9921875
327,85854.0,85901.0,85835.9,85835.9,3468.0,87004.109375,85730.9453125,85730.953125,1273.1640625,0.0078125,1273.15625
328,85832.3,85889.4,85832.3,85889.4,4198.0,86966.0390625,85753.921875,85753.9140625,1212.1171875,0.0078125,1212.125
329,85890.3,85902.1,85825.9,85852.1,3332.0,86910.359375,85772.2421875,85772.234375,1138.1171875,0.0078125,1138.125
330,85852.1,85930.9,85852.1,85878.5,3155.0,86828.765625,85783.2265625,85783.21875,1045.5390625,0.0078125,1045.546875
331,85874.2,85874.2,85692.2,85700.0,4425.0,86747.4453125,85785.828125,85785.828125,961.6171875,0.0,961.6171875
332,85699.9,85699.9,85474.5,85474.5,8504.0,86682.7421875,85761.0625,85761.0625,921.6796875,0.0,921.6796875
333,85473.9,85526.3,85420.3,85486.2,9694.0,86591.6171875,85742.96875,85742.96875,848.6484375,0.0,848.6484375
334,85501.5,85604.9,85480.8,85572.9,10546.0,86477.7109375,85730.6484375,85730.640625,747.0625,0.0078125,747.0703125
335,85568.5,85583.0,85450.0,85493.9,6985.0,86349.5234375,85703.3359375,85703.328125,646.1875,0.0078125,646.1953125
336,85489.0,85582.8,85474.2,85555.8,32121.0,86261.046875,85673.921875,85673.921875,587.125,0.0,587.125
337,85555.7,85555.7,85450.0,85476.3,4223.0,86220.71875,85637.9609375,85637.953125,582.7578125,0.0078125,582.765625
338,85480.4,85523.9,85469.1,85472.7,7586.0,86133.8359375,85596.296875,85596.296875,537.5390625,0.0,537.5390625
339,85469.1,85523.7,85427.6,85442.0,8565.0,86038.84375,85555.28125,85555.28125,483.5625,0.0,483.5625
340,85442.0,85567.2,85442.0,85514.8,5399.0,85974.796875,85518.9140625,85518.9140625,455.8828125,0.0,455.8828125
341,85512.3,85561.3,85399.6,85561.3,6553.0,85890.484375,85505.0390625,85505.046875,385.4453125,0.0078125,385.4375
342,85553.0,85729.4,85524.2,85654.8,5704.0,85823.8671875,85523.0625,85523.078125,300.8046875,0.015625,300.7890625
343,85654.9,85931.1,85654.9,85913.5,16924.0,85787.78125,85565.796875,85565.796875,221.984375,0.0,221.984375
344,85914.5,86012.0,85878.8,85878.8,10279.0,85815.4921875,85596.390625,85596.390625,219.1015625,0.0,219.1015625
345,85883.0,85996.5,85883.0,85948.5,6728.0,85858.078125,85641.8515625,85641.859375,216.2265625,0.0078125,216.21875
346,85950.9,85979.7,85879.3,85879.3,3159.0,85887.7421875,85674.203125,85674.203125,213.5390625,0.0,213.5390625
347,85875.2,85875.2,85723.7,85741.6,6791.0,85886.2578125,85700.734375,85700.734375,185.5234375,0.0,185.5234375
348,85745.6,85828.9,85745.6,85783.2,3525.0,85881.015625,85731.7890625,85731.78125,149.2265625,0.0078125,149.234375
349,85762.6,85807.2,85753.7,85778.3,2848.0,85888.7421875,85765.4140625,85765.4140625,123.328125,0.0,123.328125
350,85768.1,85816.5,85768.1,85816.5,4345.0,85885.296875,85795.5859375,85795.578125,89.7109375,0.0078125,89.71875
351,85816.6,85888.1,85804.1,85871.0,3167.0,85896.5078125,85826.5546875,85826.546875,69.953125,0.0078125,69.9609375
352,85863.5,85912.7,85846.6,85887.0,7238.0,85894.4609375,85849.7734375,85849.765625,44.6875,0.0078125,44.6953125
353,85889.3,85957.3,85854.7,85957.3,2948.0,85893.5234375,85854.15625,85854.1484375,39.3671875,0.0078125,39.375
354,85957.2,86040.2,85954.5,86032.3,5187.0,85833.21875,85869.5,85869.5078125,36.28125,0.0078125,36.2890625
355,86032.3,86077.6,86003.0,86058.2,4787.0,85779.9140625,85880.4765625,85880.46875,100.5625,0.0078125,100.5546875
356,86056.2,86121.1,86056.1,86056.2,4706.0,85773.3671875,85898.1640625,85898.1640625,124.796875,0.0,124.796875
357,86067.6,86115.4,86056.1,86056.1,3744.0,85754.1796875,85929.6171875,85929.609375,175.4375,0.0078125,175.4296875
358,86056.0,86056.0,85994.5,86026.6,2311.0,85763.9609375,85953.9609375,85953.953125,190.0,0.0078125,189.9921875
359,86026.5,86060.7,86012.3,86059.4,3384.0,85797.1796875,85982.0625,85982.0625,184.8828125,0.0,184.8828125
360,86052.5,86089.3,86026.7,86087.3,3147.0,85828.0546875,86009.140625,86009.140625,181.0859375,0.0,181.0859375
361,86087.2,86164.4,86012.3,86022.5,4912.0,85861.0859375,86024.2890625,86024.2890625,163.203125,0.0,163.203125
362,86015.4,86086.4,85968.9,86082.1,4110.0,85897.8359375,86043.8046875,86043.796875,145.96875,0.0078125,145.9609375
363,86062.7,86078.7,86027.4,86062.1,2589.0,85942.71875,86054.28125,86054.2890625,111.5625,0.0078125,111.5703125
364,86068.1,86117.8,86020.7,86040.4,3568.0,86024.5703125,86055.0859375,86055.09375,30.515625,0.0078125,30.5234375
365,86040.5,86048.8,85957.1,85980.7,3070.0,86101.4296875,86047.3359375,86047.34375,54.09375,0.0078125,54.0859375
366,85978.0,86169.3,85967.8,86135.8,4361.0,86133.9609375,86055.3046875,86055.296875,78.65625,0.0078125,78.6640625
367,86135.8,86248.1,86031.1,86060.6,6480.0,86145.984375,86055.75,86055.75,90.234375,0.0,90.234375
368,86056.3,86067.4,86014.9,86014.9,2417.0,86158.765625,86054.5859375,86054.578125,104.1796875,0.0078125,104.1875
369,86010.6,86130.3,86010.6,86121.1,5066.0,86167.3671875,86060.75,86060.7578125,106.6171875,0.0078125,106.609375
370,86116.7,86126.7,86075.7,86095.0,4595.0,86174.1875,86061.5234375,86061.5234375,112.6640625,0.0,112.6640625
371,86092.5,86129.6,86060.8,86069.6,2470.0,86189.375,86066.234375,86066.234375,123.140625,0.0,123.140625
372,86075.4,86081.5,86056.1,86062.0,5649.0,86187.1171875,86064.21875,86064.2265625,122.8984375,0.0078125,122.890625
373,86056.0,86119.4,86048.2,86119.4,3238.0,86149.234375,86069.953125,86069.953125,79.28125,0.0,79.28125
374,86128.0,86220.8,86122.8,86216.6,5249.0,86116.78125,86087.5703125,86087.5703125,29.2109375,0.0,29.2109375
375,86204.5,86322.9,86183.2,86192.3,9061.0,86074.1796875,86108.734375,86108.734375,34.5546875,0.0,34.5546875
376,86192.2,86192.2,86142.7,86170.0,2753.0,86032.9296875,86112.1484375,86112.1484375,79.21875,0.0,79.21875
377,86182.3,86340.0,86182.3,86301.2,7937.0,86008.0234375,86136.2109375,86136.2109375,128.1875,0.0,128.1875
378,86305.9,86338.2,86290.0,86290.0,3039.0,85970.5859375,86163.7265625,86163.71875,193.140625,0.0078125,193.1328125
379,86286.2,86309.2,86236.0,86258.9,5341.0,85925.1171875,86177.5078125,86177.4921875,252.390625,0.015625,252.375
380,86257.3,86338.3,86244.4,86303.6,3256.0,85876.3359375,86198.3671875,86198.359375,322.03125,0.0078125,322.0234375
381,86303.6,86309.6,86250.7,86302.4,2599.0,85825.84375,86221.6484375,86221.640625,395.8046875,0.0078125,395.796875
382,86303.6,86344.9,86277.8,86340.4,4060.0,85781.7421875,86249.484375,86249.4765625,467.7421875,0.0078125,467.734375
383,86338.3,86344.8,86258.4,86286.1,3108.0,85748.7109375,86266.15625,86266.1484375,517.4453125,0.0078125,517.4375
384,86286.4,86309.7,86252.1,86309.7,2156.0,85712.2890625,86275.4609375,86275.453125,563.171875,0.0078125,563.1640625
385,86314.0,86344.9,86299.6,86344.9,3074.0,85679.28125,86290.71875,86290.71875,611.4375,0.0,611.4375
386,86344.8,86344.8,86286.7,86324.9,5096.0,85648.515625,86306.2109375,86306.203125,657.6953125,0.0078125,657.6875
387,86334.8,86338.0,86254.7,86263.5,5631.0,85626.8828125,86302.4375,86302.4375,675.5546875,0.0,675.5546875
388,86267.7,86292.5,86240.0,86256.2,2701.0,85587.5859375,86299.0546875,86299.0546875,711.46875,0.0,711.46875
389,86254.1,86254.1,86193.9,86207.5,2405.0,85554.0,86293.921875,86293.921875,739.921875,0.0,739.921875
390,86207.6,86266.1,86207.6,86266.1,6706.0,85472.6015625,86290.171875,86290.171875,817.5703125,0.0,817.5703125
391,86267.1,86301.8,86220.0,86237.4,3000.0,85303.6328125,86283.671875,86283.671875,980.0390625,0.0,980.0390625
392,86238.3,86307.1,86219.1,86219.1,4243.0,85182.0234375,86271.5390625,86271.546875,1089.515625,0.0078125,1089.5234375
393,86217.2,86256.4,86160.5,86238.5,3859.0,85026.7734375,86266.7734375,86266.78125,1240.0,0.0078125,1240.0078125
394,86242.7,86250.0,86205.0,86214.2,3779.0,84884.2109375,86257.2265625,86257.234375,1373.015625,0.0078125,1373.0234375
395,86205.6,86205.6,86062.1,86062.1,8078.0,84731.7734375,86228.9453125,86228.953125,1497.171875,0.0078125,1497.1796875
396,86062.1,86067.8,86017.3,86036.8,5860.0,84575.9140625,86200.1484375,86200.140625,1624.234375,0.0078125,1624.2265625
397,86033.7,86033.7,85869.9,85932.9,9270.0,84458.234375,86167.0859375,86167.078125,1708.8515625,0.0078125,1708.84375
398,85932.5,85949.1,85905.2,85905.2,2510.0,84395.484375,86131.984375,86131.984375,1736.5,0.0,1736.5
399,85902.4,85918.0,85846.1,85853.2,5250.0,84318.6328125,86096.5546875,86096.546875,1777.921875,0.0078125,1777.9140625
400,85864.9,85889.3,85829.6,85867.5,2686.0,84291.6484375,86056.6953125,86056.6796875,1765.046875,0.015625,1765.03125
401,85855.7,85940.4,85855.7,85928.9,6484.0,84325.1015625,86025.84375,86025.8359375,1700.7421875,0.0078125,1700.734375
402,85926.0,85937.7,85894.7,85927.0,2066.0,84323.4375,85996.6328125,85996.6328125,1673.1953125,0.0,1673.1953125
403,85928.6,86085.2,85894.1,86085.2,17823.0,84325.640625,85981.3046875,85981.296875,1655.6640625,0.0078125,1655.65625
404,86085.1,86225.3,86025.6,86058.2,69246.0,84290.7734375,85965.703125,85965.6953125,1674.9296875,0.0078125,1674.921875
405,86058.2,86058.2,85965.0,85970.3,4219.0,84288.6640625,85956.5234375,85956.515625,1667.859375,0.0078125,1667.8515625
406,85969.8,86053.8,85968.7,86053.8,2784.0,84273.703125,85958.2109375,85958.2265625,1684.5078125,0.015625,1684.5234375
407,86054.0,86116.5,86018.3,86113.2,1520.0,84225.453125,85976.2421875,85976.25,1750.7890625,0.0078125,1750.796875
408,86112.1,86142.0,86038.7,86071.7,3330.0,84150.3984375,85992.8984375,85992.8984375,1842.5,0.0,1842.5
409,86071.6,86087.8,86033.8,86065.8,3745.0,84068.5703125,86014.15625,86014.1640625,1945.5859375,0.0078125,1945.59375
410,86070.7,86154.0,86070.7,86154.0,2658.0,83989.6953125,86042.8046875,86042.8125,2053.109375,0.0078125,2053.1171875
411,86158.8,86187.3,86136.3,86136.3,1825.0,83925.2734375,86063.5546875,86063.546875,2138.28125,0.0078125,2138.2734375
412,86136.1,86157.2,86093.9,86127.3,2414.0,83832.7421875,86083.578125,86083.578125,2250.8359375,0.0,2250.8359375
413,86123.1,86146.9,86092.1,86096.5,2241.0,83746.7734375,86084.7109375,86084.7109375,2337.9375,0.0,2337.9375
414,86107.5,86107.5,86049.8,86084.9,3268.0,83652.640625,86087.3828125,86087.3828125,2434.7421875,0.0,2434.7421875
415,86070.8,86144.4,86070.8,86139.5,1926.0,83549.28125,86104.3046875,86104.296875,2555.0234375,0.0078125,2555.015625
416,86139.4,86208.2,86112.7,86112.7,2857.0,83426.1640625,86110.1875,86110.1875,2684.0234375,0.0,2684.0234375
417,86129.9,86198.7,86124.3,86198.7,2111.0,83319.515625,86118.7421875,86118.734375,2799.2265625,0.0078125,2799.21875
418,86200.0,86219.3,86138.3,86138.3,2441.0,83160.0234375,86125.3984375,86125.390625,2965.375,0.0078125,2965.3671875
419,86135.0,86216.6,86133.7,86188.1,3033.0,83031.4140625,86137.640625,86137.6328125,3106.2265625,0.0078125,3106.21875
420,86192.4,86234.1,86161.2,86211.7,3270.0,82861.6953125,86143.3984375,86143.3984375,3281.703125,0.0,3281.703125
421,86211.6,86254.0,86118.7,86118.7,3784.0,82704.21875,86141.640625,86141.640625,3437.421875,0.0,3437.421875
422,86120.6,86120.6,85981.3,86023.5,3653.0,82587.3671875,86131.2578125,86131.265625,3543.890625,0.0078125,3543.8984375
423,86038.5,86096.8,86002.0,86002.0,4179.0,82464.921875,86121.8046875,86121.8125,3656.8828125,0.0078125,3656.890625
424,85999.1,86081.7,85999.1,86061.1,2863.0,82373.34375,86119.4296875,86119.4296875,3746.0859375,0.0,3746.0859375
425,86060.1,86084.1,86005.2,86012.3,3312.0,82290.046875,86106.7109375,86106.7109375,3816.6640625,0.0,3816.6640625
426,86012.4,86124.6,85990.8,86002.0,5335.0,82291.84375,86095.6484375,86095.640625,3803.8046875,0.0078125,3803.796875
427,85997.7,86007.1,85951.4,85959.4,2851.0,82302.671875,86071.7109375,86071.7109375,3769.0390625,0.0,3769.0390625
428,85959.3,85959.3,85800.9,85849.9,5078.0,82329.4609375,86042.8671875,86042.859375,3713.40625,0.0078125,3713.3984375
429,85857.6,85951.9,85857.6,85947.3,1962.0,82338.6484375,86018.7890625,86018.7890625,3680.140625,0.0,3680.140625
430,85956.3,86015.1,85938.5,85938.6,5221.0,82404.7109375,85991.484375,85991.484375,3586.7734375,0.0,3586.7734375
431,85932.1,85932.1,85836.9,85881.4,6432.0,82468.5234375,85967.75,85967.75,3499.2265625,0.0,3499.2265625
432,85891.7,86089.3,85891.7,85985.1,7549.0,82530.90625,85963.9140625,85963.9140625,3433.0078125,0.0,3433.0078125
433,85991.3,86020.3,85972.0,85972.0,3266.0,82663.796875,85960.9140625,85960.9140625,3297.1171875,0.0,3297.1171875
434,85966.9,85993.7,85933.9,85973.8,3496.0,82765.03125,85952.1796875,85952.1796875,3187.1484375,0.0,3187.1484375
435,85961.0,85970.4,85883.3,85888.5,3662.0,82857.9140625,85939.796875,85939.8046875,3081.8828125,0.0078125,3081.890625
436,85888.0,85888.0,85852.1,85869.9,2574.0,82920.46875,85926.5859375,85926.5859375,3006.1171875,0.0,3006.1171875
437,85861.3,85874.5,85800.0,85845.3,2784.0,82938.171875,85915.1796875,85915.171875,2977.0078125,0.0078125,2977.0
438,85850.4,85866.5,85758.0,85774.0,10196.0,82988.359375,85907.59375,85907.5859375,2919.234375,0.0078125,2919.2265625
439,85770.5,85770.5,85695.5,85742.7,8930.0,83002.0546875,85887.1328125,85887.125,2885.078125,0.0078125,2885.0703125
440,85742.6,85742.6,85650.0,85692.3,5327.0,82980.0546875,85862.5,85862.5,2882.4453125,0.0,2882.4453125
441,85692.3,85763.5,85692.3,85763.5,3544.0,82940.390625,85850.71875,85850.703125,2910.328125,0.015625,2910.3125
442,85763.4,85831.0,85748.6,85819.0,4699.0,82882.6640625,85834.1015625,85834.1015625,2951.4375,0.0,2951.4375
443,85823.3,85843.9,85761.2,85765.4,4608.0,82788.25,85813.4375,85813.4375,3025.1875,0.0,3025.1875
444,85765.3,85780.9,85723.6,85729.4,3187.0,82724.6328125,85789.0,85788.9921875,3064.3671875,0.0078125,3064.359375
445,85727.3,85764.0,85685.6,85692.1,5761.0,82639.3984375,85769.359375,85769.359375,3129.9609375,0.0,3129.9609375
446,85691.1,85804.9,85654.5,85783.9,3678.0,82542.4453125,85760.765625,85760.7578125,3218.3203125,0.0078125,3218.3125
447,85784.8,85822.1,85700.1,85700.1,5072.0,82444.3125,85746.2421875,85746.2421875,3301.9296875,0.0,3301.9296875
448,85700.0,85700.0,85650.0,85657.6,3991.0,82291.9609375,85734.6015625,85734.609375,3442.640625,0.0078125,3442.6484375
449,85657.6,85657.6,85601.1,85619.1,7419.0,82126.2578125,85722.2421875,85722.2421875,3595.984375,0.0,3595.984375
450,85619.6,85649.6,85600.0,85600.0,3742.0,82043.96875,85713.0078125,85713.015625,3669.0390625,0.0078125,3669.046875
451,85600.0,85667.6,85600.0,85655.6,2979.0,82092.3984375,85702.2109375,85702.2265625,3609.8125,0.015625,3609.828125
452,85641.1,85641.1,85606.0,85606.0,3229.0,82143.5703125,85680.9140625,85680.921875,3537.34375,0.0078125,3537.3515625
453,85600.0,85710.8,85588.3,85681.6,8372.0,82235.8671875,85672.5390625,85672.546875,3436.671875,0.0078125,3436.6796875
454,85677.5,85732.0,85669.1,85717.2,3388.0,82354.0859375,85671.328125,85671.3203125,3317.2421875,0.0078125,3317.234375
455,85713.0,85839.8,85713.0,85747.9,13622.0,82465.1875,85676.8984375,85676.890625,3211.7109375,0.0078125,3211.703125
456,85755.1,85777.9,85710.1,85727.9,4033.0,82586.8359375,85671.3046875,85671.296875,3084.46875,0.0078125,3084.4609375
457,85714.0,85727.9,85639.6,85686.6,4296.0,82750.34375,85669.9609375,85669.953125,2919.6171875,0.0078125,2919.609375
458,85687.3,85687.3,85548.0,85615.8,5345.0,82970.4921875,85665.7734375,85665.765625,2695.28125,0.0078125,2695.2734375
459,85613.0,85663.5,85533.1,85663.5,7573.0,83287.1796875,85670.21875,85670.2109375,2383.0390625,0.0078125,2383.03125
460,85666.8,85782.0,85618.0,85618.0,8897.0,83502.1484375,85672.0234375,85672.015625,2169.875,0.0078125,2169.8671875
461,85621.1,85630.4,85570.6,85627.3,3147.0,83574.5,85669.1796875,85669.1796875,2094.6796875,0.0,2094.6796875
462,85635.8,85697.5,85627.4,85655.6,3532.0,83632.390625,85674.140625,85674.140625,2041.75,0.0,2041.75
463,85652.8,85659.1,85604.3,85659.1,4554.0,83698.6796875,85671.890625,85671.890625,1973.2109375,0.0,1973.2109375
464,85669.4,85729.7,85650.1,85672.0,3026.0,83759.8359375,85667.3671875,85667.375,1907.53125,0.0078125,1907.5390625
465,85663.3,85706.7,85610.2,85610.2,5217.0,83869.3828125,85653.6015625,85653.609375,1784.21875,0.0078125,1784.2265625
466,85608.2,85635.8,85570.2,85622.3,3904.0,83951.4921875,85643.046875,85643.0390625,1691.5546875,0.0078125,1691.546875
467,85629.1,85700.6,85614.6,85677.6,4544.0,84003.2421875,85642.1484375,85642.140625,1638.90625,0.0078125,1638.8984375
468,85677.6,85714.4,85666.9,85705.9,2819.0,84022.0546875,85651.1484375,85651.1484375,1629.09375,0.0,1629.09375
469,85705.9,85723.0,85666.1,85666.3,2148.0,84013.2734375,85651.4296875,85651.4296875,1638.15625,0.0,1638.15625
470,85666.2,85703.8,85638.3,85682.5,3588.0,84025.5234375,85657.8828125,85657.8828125,1632.359375,0.0,1632.359375
471,85680.5,85730.5,85654.1,85696.0,4799.0,84036.3984375,85664.75,85664.75,1628.3515625,0.0,1628.3515625
472,85689.5,85709.4,85627.8,85627.8,5447.0,84073.1171875,85661.96875,85661.96875,1588.8515625,0.0,1588.8515625
473,85625.0,85655.8,85555.5,85559.8,4459.0,84036.8515625,85652.0390625,85652.046875,1615.1875,0.0078125,1615.1953125
474,85564.9,85657.3,85564.9,85618.3,5351.0,84046.7109375,85646.671875,85646.671875,1599.9609375,0.0,1599.9609375
475,85617.3,85669.2,85602.1,85648.0,2294.0,84105.265625,85650.453125,85650.453125,1545.1875,0.0,1545.1875
476,85647.9,85647.9,85543.9,85583.7,4378.0,84177.3046875,85646.59375,85646.59375,1469.2890625,0.0,1469.2890625
477,85586.0,85586.0,85548.5,85573.6,3724.0,84220.4609375,85636.1953125,85636.1953125,1415.734375,0.0,1415.734375
478,85573.0,85629.0,85552.6,85624.7,6905.0,84344.1015625,85628.078125,85628.0703125,1283.9765625,0.0078125,1283.96875
479,85624.7,85624.7,85566.8,85578.8,4323.0,84446.6328125,85619.328125,85619.3203125,1172.6953125,0.0078125,1172.6875
480,85576.0,85636.0,85562.7,85631.7,6170.0,84503.875,85614.2421875,85614.234375,1110.3671875,0.0078125,1110.359375
481,85615.4,85650.7,85588.0,85604.5,5528.0,84589.8671875,85605.09375,85605.0859375,1015.2265625,0.0078125,1015.21875
482,85604.4,85608.2,85542.0,85590.6,11641.0,84640.625,85601.375,85601.375,960.75,0.0,960.75
483,85590.6,85656.1,85501.2,85629.1,8618.0,84685.9609375,85608.3046875,85608.3046875,922.34375,0.0,922.34375
484,85619.6,85666.1,85604.8,85666.1,11701.0,84668.2890625,85613.0859375,85613.0859375,944.796875,0.0,944.796875
485,85680.0,85762.5,85631.2,85631.2,19912.0,84552.3984375,85611.3984375,85611.40625,1059.0,0.0078125,1059.0078125
486,85630.2,85630.2,85558.1,85577.5,8144.0,84430.21875,85610.78125,85610.78125,1180.5625,0.0,1180.5625
487,85599.6,85620.5,85485.0,85518.3,4472.0,84294.03125,85605.2421875,85605.25,1311.2109375,0.0078125,1311.21875
488,85520.4,85536.4,85455.1,85462.1,3761.0,84077.5703125,85588.9921875,85588.9921875,1511.421875,0.0,1511.421875
489,85469.1,85527.2,85457.5,85527.2,5913.0,83898.84375,85583.8359375,85583.828125,1684.9921875,0.0078125,1684.984375
490,85516.7,85541.7,85474.8,85499.5,4240.0,83730.3046875,85570.6171875,85570.609375,1840.3125,0.0078125,1840.3046875
491,85499.5,85512.8,85477.6,85496.9,3884.0,83573.3046875,85559.859375,85559.8515625,1986.5546875,0.0078125,1986.546875
492,85496.9,85516.1,85487.7,85516.1,2319.0,83427.5625,85552.3984375,85552.3984375,2124.8359375,0.0,2124.8359375
493,85512.7,85536.2,85505.6,85509.6,2976.0,83328.21875,85540.453125,85540.453125,2212.234375,0.0,2212.234375
494,85514.9,85535.1,85438.1,85513.3,7962.0,83215.3984375,85525.1796875,85525.171875,2309.78125,0.0078125,2309.7734375
495,85521.4,85528.7,85482.0,85504.2,7172.0,83123.03125,85512.4765625,85512.4765625,2389.4453125,0.0,2389.4453125
496,85504.1,85504.1,85387.9,85458.0,18297.0,83045.5859375,85500.5234375,85500.5234375,2454.9375,0.0,2454.9375
497,85447.9,85491.8,85408.0,85417.6,5314.0,83047.921875,85490.453125,85490.453125,2442.53125,0.0,2442.53125
498,85429.0,85483.7,85403.2,85461.9,2438.0,83067.375,85490.4296875,85490.421875,2423.0546875,0.0078125,2423.046875
499,85461.9,85513.3,85409.2,85414.0,2979.0,83110.2578125,85479.1171875,85479.109375,2368.859375,0.0078125,2368.8515625
500,85408.2,85408.2,85161.3,85164.3,39030.0,83176.453125,85445.59375,85445.5859375,2269.140625,0.0078125,2269.1328125
501,85160.1,85331.3,85155.4,85173.1,30477.0,83258.6796875,85413.21875,85413.2109375,2154.5390625,0.0078125,2154.53125
502,85168.9,85258.7,85168.9,85220.2,7878.0,83424.0390625,85383.625,85383.625,1959.5859375,0.0,1959.5859375
503,85235.2,85317.8,85183.1,85287.0,7815.0,83600.1484375,85361.3671875,85361.359375,1761.21875,0.0078125,1761.2109375
504,85289.0,85333.4,85262.8,85309.2,6174.0,83794.7421875,85340.953125,85340.953125,1546.2109375,0.0,1546.2109375
505,85313.5,85363.1,85289.8,85333.1,5400.0,84045.1328125,85323.8359375,85323.84375,1278.703125,0.0078125,1278.7109375
506,85333.0,85333.0,85271.7,85271.7,2489.0,84266.0859375,85305.2109375,85305.2109375,1039.125,0.0,1039.125
507,85271.8,85323.1,85250.0,85312.8,4338.0,84476.140625,85294.734375,85294.734375,818.59375,0.0,818.59375
508,85314.8,85351.5,85282.4,85288.7,2753.0,84685.2109375,85277.4140625,85277.4140625,592.203125,0.0,592.203125
509,85294.6,85294.6,85197.3,85197.3,11465.0,84822.1171875,85255.7421875,85255.7421875,433.625,0.0,433.625
510,85208.0,85302.4,85180.7,85225.4,21586.0,85011.6640625,85261.8515625,85261.8515625,250.1875,0.0,250.1875
511,85233.8,85245.6,85111.1,85164.5,18436.0,85159.125,85260.9921875,85260.984375,101.8671875,0.0078125,101.859375
512,85156.0,85156.0,84600.0,84823.2,231593.0,85232.203125,85221.2890625,85221.2890625,10.9140625,0.0,10.9140625
513,84823.2,84845.1,83173.2,83177.4,590196.0,85276.7265625,85010.3359375,85010.328125,266.390625,0.0078125,266.3984375
514,83177.4,83627.0,81277.3,83373.4,754291.0,85288.5234375,84816.75,84816.7421875,471.7734375,0.0078125,471.78125
515,83371.8,83867.6,83225.0,83770.1,179103.0,85248.8671875,84660.453125,84660.453125,588.4140625,0.0,588.4140625
516,83761.6,83783.0,83156.9,83492.3,111964.0,85188.3515625,84482.515625,84482.5078125,705.8359375,0.0078125,705.84375
517,83492.3,84050.5,83441.5,83955.1,58244.0,85048.53125,84346.7421875,84346.75,701.7890625,0.0078125,701.78125
518,83955.3,84024.7,83683.2,83978.0,66531.0,84900.484375,84215.671875,84215.671875,684.8125,0.0,684.8125
519,83986.2,84147.0,83954.7,84055.5,37277.0,84733.7734375,84101.484375,84101.4921875,632.2890625,0.0078125,632.28125
520,84058.4,84486.0,83945.4,84261.5,47252.0,84551.8359375,84005.09375,84005.1015625,546.7421875,0.0078125,546.734375
521,84261.4,84480.4,84261.4,84371.1,38379.0,84442.296875,83925.7578125,83925.765625,516.5390625,0.0078125,516.53125
522,84371.2,84436.2,84079.0,84251.8,25485.0,84358.828125,83868.6171875,83868.6171875,490.2109375,0.0,490.2109375
523,84251.8,84439.8,84130.6,84414.2,33484.0,84289.0234375,83992.3046875,83992.296875,296.71875,0.0078125,296.7265625
524,84413.2,84460.5,84326.4,84340.9,25856.0,84231.0234375,84089.0546875,84089.046875,141.96875,0.0078125,141.9765625
525,84340.9,84366.2,84005.9,84104.9,21710.0,84233.4296875,84122.53125,84122.5234375,110.8984375,0.0078125,110.90625
526,84104.8,84108.3,83916.0,83972.3,26099.0,84256.7421875,84170.5390625,84170.5234375,86.203125,0.015625,86.21875
527,83972.3,84125.8,83823.2,84004.7,42567.0,84319.9765625,84175.4921875,84175.484375,144.484375,0.0078125,144.4921875
528,84000.4,84076.4,83764.7,83946.5,24317.0,84404.2265625,84172.34375,84172.3359375,231.8828125,0.0078125,231.890625
529,83948.4,83962.7,83800.6,83923.2,12939.0,84516.6875,84159.1171875,84159.109375,357.5703125,0.0078125,357.578125
530,83923.3,84363.1,83896.8,84276.2,35765.0,84618.1484375,84160.5859375,84160.578125,457.5625,0.0078125,457.5703125
531,84271.9,84271.9,84119.9,84125.6,8578.0,84670.265625,84136.0234375,84136.03125,534.2421875,0.0078125,534.234375
532,84125.6,84214.1,84125.6,84201.1,7444.0,84716.125,84130.9609375,84130.9609375,585.1640625,0.0,585.1640625
533,84206.6,84230.6,83950.7,84025.7,13118.0,84750.7890625,84092.109375,84092.109375,658.6796875,0.0,658.6796875
534,84025.6,84046.8,83888.0,83892.8,13711.0,84780.4921875,84047.296875,84047.296875,733.1953125,0.0,733.1953125
535,83892.9,83942.0,83773.1,83924.9,18049.0,84763.53125,84029.3046875,84029.296875,734.2265625,0.0078125,734.234375
536,83930.0,84106.7,83911.3,84093.5,17280.0,84742.2578125,84041.421875,84041.421875,700.8359375,0.0,700.8359375
537,84093.5,84106.8,83890.5,83890.5,12428.0,84721.140625,84029.9921875,84030.0,691.1484375,0.0078125,691.140625
538,83890.5,84011.9,83836.9,84000.0,12719.0,84675.1953125,84035.3515625,84035.3515625,639.84375,0.0,639.84375
539,83999.9,84104.6,83965.8,84031.3,23635.0,84639.71875,84046.1640625,84046.171875,593.5546875,0.0078125,593.546875
540,84027.0,84062.7,83935.3,83956.4,10085.0,84612.375,84014.1796875,84014.1796875,598.1953125,0.0,598.1953125
541,83954.4,84113.1,83954.4,84077.6,8905.0,84534.234375,84009.3828125,84009.3828125,524.8515625,0.0,524.8515625
542,84071.4,84106.1,83906.4,83943.9,8605.0,84466.4609375,83983.65625,83983.65625,482.8046875,0.0,482.8046875
543,83943.9,83977.6,83786.0,83829.0,14854.0,84366.78125,83963.9921875,83963.984375,402.7890625,0.0078125,402.796875
544,83828.9,83834.2,83682.8,83769.5,25721.0,84276.5,83951.65625,83951.65625,324.84375,0.0,324.84375
545,83753.6,84164.5,83737.6,84164.5,19937.0,84154.4921875,83975.6171875,83975.6171875,178.875,0.0,178.875
546,84166.5,84403.6,84152.8,84233.0,27365.0,84058.53125,83989.5703125,83989.5703125,68.9609375,0.0,68.9609375
547,84222.5,84290.3,84123.7,84247.0,19768.0,84032.703125,84025.21875,84025.21875,7.484375,0.0,7.484375
548,84248.0,84306.9,84207.2,84235.9,8087.0,84034.8671875,84048.8125,84048.8046875,13.9453125,0.0078125,13.9375
549,84229.8,84299.8,84133.2,84277.6,6664.0,84067.4453125,84073.4375,84073.4375,5.9921875,0.0,5.9921875
550,84276.6,84300.0,84145.9,84204.3,6741.0,84082.921875,84098.234375,84098.234375,15.3125,0.0,15.3125
551,84197.3,84496.8,84197.3,84421.5,10103.0,84154.0859375,84132.6171875,84132.625,21.46875,0.0078125,21.4609375
552,84412.1,84619.0,84398.1,84521.6,14509.0,84194.9921875,84190.390625,84190.390625,4.6015625,0.0,4.6015625
553,84521.1,84690.3,84521.1,84637.8,8961.0,84258.6796875,84271.2734375,84271.2734375,12.59375,0.0,12.59375
554,84628.4,84635.7,84452.7,84481.3,14046.0,84334.4296875,84342.453125,84342.453125,8.0234375,0.0,8.0234375
555,84493.9,84667.9,84477.9,84667.9,7251.0,84432.1484375,84392.7890625,84392.796875,39.359375,0.0078125,39.3515625
556,84675.9,84698.7,84520.8,84541.7,10289.0,84550.859375,84423.65625,84423.65625,127.203125,0.0,127.203125
557,84550.2,84617.9,84520.8,84568.8,10589.0,84629.5390625,84455.84375,84455.8359375,173.6953125,0.0078125,173.703125
558,84573.0,84583.0,84431.4,84437.8,19801.0,84709.328125,84476.0390625,84476.03125,233.2890625,0.0078125,233.296875
559,84437.8,84500.3,84329.1,84345.4,20059.0,84769.0703125,84482.8125,84482.8125,286.2578125,0.0,286.2578125
560,84345.5,84547.8,84322.4,84523.8,12934.0,84853.9765625,84514.765625,84514.765625,339.2109375,0.0,339.2109375
561,84512.0,84575.5,84351.8,84454.9,17389.0,84923.1328125,84518.1015625,84518.1015625,405.03125,0.0,405.03125
562,84463.3,84559.9,84418.1,84488.0,6071.0,84998.453125,84514.7421875,84514.734375,483.7109375,0.0078125,483.71875
563,84483.7,84575.3,84410.1,84568.3,16707.0,85062.6796875,84507.7890625,84507.7890625,554.890625,0.0,554.890625
564,84566.0,84633.5,84500.0,84500.1,6184.0,85139.9765625,84509.671875,84509.671875,630.3046875,0.0,630.3046875
565,84505.0,84508.1,84367.5,84380.3,5297.0,85206.8984375,84480.90625,84480.9140625,725.9921875,0.0078125,725.984375
566,84380.2,84382.3,84259.6,84263.9,13940.0,85234.640625,84453.125,84453.1328125,781.515625,0.0078125,781.5078125
567,84267.2,84388.4,84245.3,84335.2,13017.0,85257.15625,84429.7734375,84429.765625,827.3828125,0.0078125,827.390625
568,84333.1,84359.2,84254.9,84281.2,5456.0,85251.1640625,84414.109375,84414.1015625,837.0546875,0.0078125,837.0625
569,84299.1,84302.4,84183.8,84222.4,6337.0,85226.03125,84401.8046875,84401.796875,824.2265625,0.0078125,824.234375
570,84218.2,84288.9,84185.7,84259.6,17105.0,85145.6171875,84375.3984375,84375.390625,770.21875,0.0078125,770.2265625
571,84256.1,84401.5,84256.1,84368.0,3991.0,85070.3671875,84366.703125,84366.703125,703.6640625,0.0,703.6640625
572,84356.6,84422.5,84348.0,84416.0,3753.0,84992.15625,84359.5,84359.5,632.65625,0.0,632.65625
573,84412.6,84423.2,84229.5,84233.8,7003.0,84926.765625,84326.0546875,84326.046875,600.7109375,0.0078125,600.71875
574,84241.4,84258.3,84025.8,84087.2,20531.0,84834.765625,84284.7578125,84284.765625,550.0078125,0.0078125,550.0
575,84092.5,84117.3,83974.2,84081.9,12807.0,84747.5234375,84254.9140625,84254.9140625,492.609375,0.0,492.609375
576,84074.3,84074.3,83921.5,83966.6,11815.0,85009.3359375,84225.1875,84225.1875,784.1484375,0.0,784.1484375
577,83961.5,84018.2,83932.4,83996.5,7262.0,85247.8125,84191.3203125,84191.3203125,1056.4921875,0.0,1056.4921875
578,83990.5,84098.4,83954.6,84026.7,16272.0,85495.5859375,84165.875,84165.8671875,1329.7109375,0.0078125,1329.71875
579,84031.0,84091.9,83981.0,83997.6,4046.0,85753.5625,84143.3984375,84143.390625,1610.1640625,0.0078125,1610.171875
580,83996.6,83996.6,83856.6,83871.3,10885.0,86027.7421875,84104.5625,84104.5625,1923.1796875,0.0,1923.1796875
581,83862.0,83979.0,83819.5,83926.6,18306.0,86290.125,84060.421875,84060.421875,2229.703125,0.0,2229.703125
582,83926.6,83954.9,83751.1,83780.1,10925.0,86548.0078125,83996.8359375,83996.8359375,2551.171875,0.0,2551.171875
583,83780.9,83881.9,83754.6,83777.5,17305.0,86768.140625,83951.203125,83951.203125,2816.9375,0.0,2816.9375
584,83779.5,83873.5,83750.0,83805.9,31807.0,87019.6484375,83923.0703125,83923.0703125,3096.578125,0.0,3096.578125
585,83796.8,83874.7,83724.6,83741.9,29439.0,87265.8359375,83889.078125,83889.0625,3376.7578125,0.015625,3376.7734375
586,83742.0,83828.0,83732.8,83768.1,8394.0,87153.4140625,83869.21875,83869.21875,3284.1953125,0.0,3284.1953125
587,83770.4,83983.2,83770.4,83963.1,9143.0,87052.5859375,83865.8828125,83865.8828125,3186.703125,0.0,3186.703125
588,83963.1,83990.8,83844.3,83872.8,6328.0,86989.546875,83850.5,83850.4921875,3139.046875,0.0078125,3139.0546875
589,83864.7,83890.0,83728.7,83728.7,8651.0,86935.84375,83823.609375,83823.609375,3112.234375,0.0,3112.234375
590,83724.6,83753.9,83626.6,83653.1,15237.0,86916.359375,83801.7890625,83801.78125,3114.5703125,0.0078125,3114.578125
591,83675.5,83764.3,83633.8,83699.0,17326.0,86930.96875,83779.0234375,83779.015625,3151.9453125,0.0078125,3151.953125
592,83691.8,83697.5,83576.0,83692.0,14180.0,86921.828125,83770.2109375,83770.2109375,3151.6171875,0.0,3151.6171875
593,83700.4,83828.0,83700.4,83768.1,20744.0,86964.7421875,83769.2734375,83769.2734375,3195.46875,0.0,3195.46875
594,83774.0,83820.8,83635.4,83701.0,9920.0,86971.3515625,83758.78125,83758.7734375,3212.5703125,0.0078125,3212.578125
595,83695.9,83786.6,83679.7,83783.8,10010.0,87021.8984375,83762.9765625,83762.96875,3258.921875,0.0078125,3258.9296875
596,83788.0,83862.9,83781.0,83817.1,13303.0,87086.6796875,83767.875,83767.875,3318.8046875,0.0,3318.8046875
597,83817.2,83858.6,83785.7,83799.7,6080.0,87160.2265625,83751.5390625,83751.53125,3408.6875,0.0078125,3408.6953125
598,83799.7,83824.4,83707.4,83715.0,7485.0,87208.2109375,83735.7578125,83735.75,3472.453125,0.0078125,3472.4609375
599,83715.0,83733.2,83636.1,83636.1,6127.0,87229.15625,83726.4921875,83726.4921875,3502.6640625,0.0,3502.6640625
600,83636.1,83795.2,83636.1,83779.9,4312.0,87235.4140625,83739.171875,83739.171875,3496.2421875,0.0,3496.2421875
601,83786.9,83894.1,83751.7,83868.9,21353.0,87228.984375,83756.1640625,83756.15625,3472.8203125,0.0078125,3472.828125
602,83864.7,83915.9,83809.1,83887.5,8606.0,87238.4609375,83775.71875,83775.703125,3462.7421875,0.015625,3462.7578125
603,83887.4,83939.8,83877.6,83920.3,3860.0,87219.3671875,83790.9296875,83790.9296875,3428.4375,0.0,3428.4375
604,83924.6,83989.8,83863.2,83921.5,6033.0,87236.28125,83812.984375,83812.984375,3423.296875,0.0,3423.296875
605,83922.5,83976.3,83825.6,83833.7,6568.0,87215.3046875,83817.9765625,83817.9765625,3397.328125,0.0,3397.328125
606,83833.7,83873.5,83730.9,83853.3,9538.0,87194.1875,83821.59375,83821.59375,3372.59375,0.0,3372.59375
607,83863.5,83867.6,83690.1,83711.3,9399.0,87165.015625,83812.75,83812.75,3352.265625,0.0,3352.265625
608,83705.2,83764.7,83688.8,83724.5,6364.0,87154.078125,83813.703125,83813.703125,3340.375,0.0,3340.375
609,83722.3,83730.0,83650.2,83656.4,5595.0,87158.6484375,83815.7265625,83815.734375,3342.921875,0.0078125,3342.9140625
610,83652.4,83737.5,83580.0,83737.5,9843.0,87142.8046875,83811.4921875,83811.484375,3331.3125,0.0078125,3331.3203125
611,83749.4,83902.4,83749.4,83829.3,23824.0,87122.6484375,83807.53125,83807.53125,3315.1171875,0.0,3315.1171875
612,83840.7,83880.9,83738.1,83790.5,7625.0,87093.546875,83797.8359375,83797.828125,3295.7109375,0.0078125,3295.71875
613,83782.5,83786.6,83653.4,83706.2,9009.0,87076.078125,83776.421875,83776.421875,3299.65625,0.0,3299.65625
614,83693.7,83716.8,83686.1,83706.8,4030.0,86995.2265625,83754.9609375,83754.953125,3240.265625,0.0078125,3240.2734375
615,83703.1,83773.7,83700.3,83723.0,4499.0,86894.4765625,83743.8828125,83743.8828125,3150.59375,0.0,3150.59375
616,83728.8,83766.6,83605.2,83614.7,5211.0,86844.3203125,83720.0234375,83720.015625,3124.296875,0.0078125,3124.3046875
617,83619.8,83712.5,83605.4,83707.3,5081.0,86799.0390625,83719.6171875,83719.6171875,3079.421875,0.0,3079.421875
618,83707.2,83715.0,83605.6,83625.1,5532.0,86708.96875,83709.6796875,83709.6796875,2999.2890625,0.0,2999.2890625
619,83632.5,83681.5,83608.1,83633.7,2527.0,86623.09375,83707.4140625,83707.4140625,2915.6796875,0.0,2915.6796875
620,83641.5,83675.1,83404.8,83509.7,28966.0,86551.6796875,83684.6328125,83684.6328125,2867.046875,0.0,2867.046875
621,83511.7,83610.5,83364.6,83364.7,13554.0,86456.8046875,83638.171875,83638.171875,2818.6328125,0.0,2818.6328125
622,83363.6,83493.4,83313.0,83425.7,7002.0,86338.625,83601.6875,83601.6875,2736.9375,0.0,2736.9375
623,83425.8,83497.8,83352.9,83358.4,21014.0,86202.9609375,83566.90625,83566.90625,2636.0546875,0.0,2636.0546875
624,83361.2,83398.6,83304.6,83324.3,14907.0,86116.0,83528.6640625,83528.65625,2587.3359375,0.0078125,2587.34375
625,83324.3,83355.3,83284.7,83334.3,8920.0,86090.984375,83489.7890625,83489.7890625,2601.1953125,0.0,2601.1953125
626,83346.7,83346.7,83150.8,83181.1,41793.0,86013.1953125,83446.4296875,83446.4296875,2566.765625,0.0,2566.765625
627,83174.1,83320.8,83146.9,83226.1,12694.0,85912.4453125,83398.3125,83398.3203125,2514.1328125,0.0078125,2514.125
628,83218.3,83238.8,83062.5,83062.5,21836.0,85845.7734375,83342.0546875,83342.0546875,2503.71875,0.0,2503.71875
629,83058.7,83203.9,83058.7,83076.1,23222.0,85755.328125,83286.28125,83286.296875,2469.046875,0.015625,2469.03125
630,83074.2,83231.8,83050.5,83069.4,17291.0,85692.6171875,83242.2578125,83242.265625,2450.359375,0.0078125,2450.3515625
631,83049.5,83095.4,82865.7,83040.7,43387.0,85656.8671875,83209.859375,83209.859375,2447.0078125,0.0,2447.0078125
632,83036.6,83045.0,82700.0,82806.5,37530.0,85690.265625,83147.9375,83147.9375,2542.328125,0.0,2542.328125
633,82778.9,82940.5,82747.1,82860.2,18664.0,85735.03125,83098.125,83098.109375,2636.90625,0.015625,2636.921875
634,82869.4,82985.0,82860.8,82870.9,23699.0,85773.7109375,83052.7890625,83052.7734375,2720.921875,0.015625,2720.9375
635,82871.0,82984.9,82840.1,82974.5,20211.0,85777.9609375,83016.8046875,83016.796875,2761.15625,0.0078125,2761.1640625
636,82974.5,82985.0,82827.6,82841.9,11346.0,85777.671875,82982.8828125,82982.875,2794.7890625,0.0078125,2794.796875
637,82838.6,82953.3,82804.1,82953.3,21336.0,85785.3046875,82955.6015625,82955.59375,2829.703125,0.0078125,2829.7109375
638,82949.2,82957.2,82736.6,82741.6,11185.0,85788.9609375,82923.515625,82923.5078125,2865.4453125,0.0078125,2865.453125
639,82737.0,82789.5,82602.4,82686.1,33922.0,85804.6796875,82884.5078125,82884.515625,2920.171875,0.0078125,2920.1640625
640,82686.0,82729.9,82603.4,82682.8,20981.0,85805.296875,82845.8515625,82845.859375,2959.4453125,0.0078125,2959.4375
641,82685.0,82700.0,82518.0,82532.8,19045.0,85810.7109375,82795.0546875,82795.0703125,3015.65625,0.015625,3015.640625
642,82541.0,82616.6,82480.1,82572.2,18141.0,85748.9609375,82771.625,82771.6328125,2977.3359375,0.0078125,2977.328125
643,82576.3,82596.8,82478.2,82495.0,14079.0,85703.7109375,82735.109375,82735.109375,2968.6015625,0.0,2968.6015625
644,82495.1,82675.0,82495.1,82648.4,27026.0,85675.6171875,82712.859375,82712.859375,2962.7578125,0.0,2962.7578125
645,82648.4,82684.7,82571.7,82624.2,46050.0,85653.3203125,82677.8359375,82677.828125,2975.484375,0.0078125,2975.4921875
646,82630.4,82670.6,82578.5,82657.8,14204.0,85657.78125,82659.4296875,82659.421875,2998.3515625,0.0078125,2998.359375
647,82653.8,82725.3,82600.2,82725.3,12563.0,85695.1484375,82636.625,82636.6171875,3058.5234375,0.0078125,3058.53125
648,82725.3,82757.9,82582.5,82603.3,8666.0,85729.1796875,82622.796875,82622.796875,3106.3828125,0.0,3106.3828125
649,82606.3,82607.3,82472.6,82538.4,9220.0,85767.4765625,82608.0234375,82608.0234375,3159.453125,0.0,3159.453125
650,82546.8,82599.2,82477.9,82514.0,6482.0,85806.1953125,82591.140625,82591.140625,3215.0546875,0.0,3215.0546875
651,82509.9,82590.9,82500.1,82500.1,18087.0,85851.9609375,82587.8671875,82587.875,3264.09375,0.0078125,3264.0859375
652,82500.0,82500.1,82280.0,82280.0,18549.0,85935.7734375,82558.6484375,82558.6484375,3377.125,0.0,3377.125
653,82275.9,82344.9,82234.6,82257.7,21916.0,86012.8671875,82534.921875,82534.921875,3477.9453125,0.0,3477.9453125
654,82248.8,82285.7,82125.3,82149.0,14685.0,86063.4296875,82484.984375,82484.984375,3578.4453125,0.0,3578.4453125
655,82144.8,82267.9,82116.5,82208.8,12339.0,86079.375,82443.4453125,82443.4375,3635.9296875,0.0078125,3635.9375
656,82210.8,82518.0,82210.8,82497.1,30776.0,86083.3203125,82427.375,82427.375,3655.9453125,0.0,3655.9453125
657,82497.4,82506.8,82390.0,82453.9,12146.0,86087.734375,82400.234375,82400.234375,3687.5,0.0,3687.5
658,82453.8,82478.6,82349.3,82387.6,7323.0,86094.2109375,82378.65625,82378.6640625,3715.5546875,0.0078125,3715.546875
659,82385.9,82385.9,82201.4,82217.5,10488.0,86106.5546875,82346.5703125,82346.578125,3759.984375,0.0078125,3759.9765625
660,82216.4,82231.7,82112.2,82176.2,12266.0,86101.9296875,82312.796875,82312.796875,3789.1328125,0.0,3789.1328125
661,82178.3,82200.4,82111.0,82161.7,16371.0,86053.0234375,82278.953125,82278.953125,3774.0703125,0.0,3774.0703125
662,82168.0,82261.1,82020.7,82078.6,15816.0,86024.3828125,82258.8125,82258.8125,3765.5703125,0.0,3765.5703125
663,82078.5,82089.4,81712.9,81949.0,58374.0,85976.1796875,82227.9453125,82227.9453125,3748.234375,0.0,3748.234375
664,81948.9,81974.5,81786.1,81935.6,25616.0,85936.25,82206.6015625,82206.609375,3729.6484375,0.0078125,3729.640625
665,81943.5,82391.7,81927.3,82061.4,45415.0,85910.734375,82191.8671875,82191.859375,3718.8671875,0.0078125,3718.875
666,82053.6,82085.5,81905.2,82062.6,16898.0,85880.1484375,82148.40625,82148.4140625,3731.7421875,0.0078125,3731.734375
667,82058.6,82058.6,81802.1,81872.6,21012.0,85831.0859375,82090.28125,82090.28125,3740.8046875,0.0,3740.8046875
668,81871.0,82140.3,81859.4,82019.9,32565.0,85782.3046875,82053.5078125,82053.515625,3728.796875,0.0078125,3728.7890625
669,82012.6,82139.7,82004.9,82080.5,55937.0,85735.15625,82039.8125,82039.8125,3695.34375,0.0,3695.34375
670,82080.3,82443.9,82070.5,82414.7,20236.0,85690.5078125,82063.6640625,82063.65625,3626.84375,0.0078125,3626.8515625
671,82408.7,82428.3,82331.5,82382.7,17538.0,85665.6796875,82085.765625,82085.7578125,3579.9140625,0.0078125,3579.921875
672,82382.7,82499.9,82309.5,82316.1,21160.0,85618.6015625,82109.515625,82109.515625,3509.0859375,0.0,3509.0859375
673,82309.4,82329.3,82107.0,82168.8,13391.0,85588.3125,82131.4921875,82131.4921875,3456.8203125,0.0,3456.8203125
674,82168.3,82242.3,82082.7,82124.0,23107.0,85562.75,82150.3359375,82150.328125,3412.4140625,0.0078125,3412.421875
675,82116.1,82140.8,81937.9,81944.2,15948.0,85538.078125,82138.6171875,82138.609375,3399.4609375,0.0078125,3399.46875
676,81936.1,82077.4,81640.3,82072.8,26241.0,85497.546875,82139.6328125,82139.625,3357.9140625,0.0078125,3357.921875
677,82080.7,82224.5,81960.7,81975.2,13752.0,85470.9921875,82149.890625,82149.890625,3321.1015625,0.0,3321.1015625
678,81956.1,82014.3,81770.3,81877.2,9149.0,85227.875,82135.6171875,82135.6171875,3092.2578125,0.0,3092.2578125
679,81878.3,82077.9,81873.7,82077.8,19767.0,85029.515625,82135.3515625,82135.3515625,2894.1640625,0.0,2894.1640625
680,82077.9,82077.9,81864.9,81965.1,12777.0,84887.0234375,82090.3984375,82090.390625,2796.625,0.0078125,2796.6328125
681,81963.2,82231.1,81947.7,82190.6,22895.0,84708.2421875,82071.1796875,82071.1875,2637.0625,0.0078125,2637.0546875
682,82190.5,82197.1,81951.4,81964.9,11012.0,84553.1796875,82036.0546875,82036.0625,2517.125,0.0078125,2517.1171875
683,81965.9,82024.8,81934.3,81992.6,15824.0,84391.3671875,82018.4375,82018.4453125,2372.9296875,0.0078125,2372.921875
684,81992.6,82196.1,81983.0,82196.1,21470.0,84219.3984375,82025.6484375,82025.6484375,2193.75,0.0,2193.75
685,82196.1,82351.9,82149.2,82305.4,16139.0,84099.8046875,82061.7734375,82061.765625,2038.03125,0.0078125,2038.0390625
686,82307.4,82485.7,82241.3,82291.4,17690.0,84033.6015625,82083.6328125,82083.6328125,1949.96875,0.0,1949.96875
687,82304.4,82304.4,82120.1,82120.1,16968.0,83948.5,82098.125,82098.1171875,1850.375,0.0078125,1850.3828125
688,82124.2,82124.2,81959.6,82019.2,13734.0,84072.1953125,82112.328125,82112.3203125,1959.8671875,0.0078125,1959.875
689,82019.4,82082.3,82007.4,82069.3,5797.0,84129.359375,82111.4765625,82111.46875,2017.8828125,0.0078125,2017.890625
690,82069.3,82289.5,82061.1,82246.1,20921.0,84139.2421875,82139.578125,82139.578125,1999.6640625,0.0,1999.6640625
691,82246.0,82377.9,82227.1,82305.4,10687.0,84158.2421875,82151.0546875,82151.046875,2007.1875,0.0078125,2007.1953125
692,82314.6,82468.4,82299.2,82442.9,8486.0,84138.625,82198.8515625,82198.8515625,1939.7734375,0.0,1939.7734375
693,82444.2,82614.8,82395.6,82568.9,11545.0,84139.3671875,82256.4765625,82256.4765625,1882.890625,0.0,1882.890625
694,82550.4,82712.4,82443.3,82443.3,24783.0,84130.8046875,82281.1953125,82281.203125,1849.609375,0.0078125,1849.6015625
695,82446.9,82554.9,82389.0,82530.9,15584.0,84080.8359375,82303.75,82303.7421875,1777.0859375,0.0078125,1777.09375
696,82532.6,82616.4,82462.8,82558.3,6799.0,84016.4765625,82330.4453125,82330.4453125,1686.03125,0.0,1686.03125
697,82555.0,82710.4,82548.8,82690.3,13435.0,83942.21875,82387.4609375,82387.4609375,1554.7578125,0.0,1554.7578125
698,82690.3,82866.1,82576.7,82834.2,28655.0,83866.5546875,82468.9609375,82468.9609375,1397.59375,0.0,1397.59375
699,82840.6,82841.4,82689.9,82740.7,9596.0,83801.625,82536.09375,82536.1015625,1265.53125,0.0078125,1265.5234375
700,82740.8,82922.9,82718.3,82846.4,6538.0,83713.9609375,82596.1171875,82596.125,1117.84375,0.0078125,1117.8359375
701,82846.5,82858.5,82597.3,82629.6,19970.0,83624.75,82628.546875,82628.546875,996.203125,0.0,996.203125
702,82648.3,82648.3,82571.7,82593.2,6082.0,83524.0,82643.5859375,82643.578125,880.4140625,0.0078125,880.421875
703,82594.4,82612.8,82527.2,82583.8,25629.0,83413.2265625,82645.0703125,82645.0703125,768.15625,0.0,768.15625
704,82583.8,82583.8,82496.2,82543.8,7138.0,83291.015625,82655.1171875,82655.1171875,635.8984375,0.0,635.8984375
705,82552.0,82581.1,82539.7,82574.0,4128.0,83178.5234375,82659.4296875,82659.4296875,519.09375,0.0,519.09375
706,82574.9,82609.7,82444.9,82465.3,7259.0,83014.21875,82650.125,82650.1328125,364.09375,0.0078125,364.0859375
707,82459.9,82529.5,82450.4,82529.5,10327.0,82880.2734375,82634.046875,82634.0546875,246.2265625,0.0078125,246.21875
708,82533.6,82570.5,82487.9,82533.6,5208.0,82686.21875,82603.9921875,82603.9921875,82.2265625,0.0,82.2265625
709,82533.6,82570.5,82450.1,82456.7,6170.0,82511.6015625,82575.59375,82575.59375,63.9921875,0.0,63.9921875
710,82456.2,82456.2,82364.6,82452.6,18068.0,82387.0234375,82536.2109375,82536.2109375,149.1875,0.0,149.1875
711,82452.6,82561.7,82420.9,82557.5,6585.0,82257.796875,82529.0,82529.0078125,271.203125,0.0078125,271.2109375
712,82541.0,82732.5,82508.9,82717.9,24146.0,82176.515625,82541.46875,82541.46875,364.953125,0.0,364.953125
713,82721.6,82750.0,82660.9,82749.9,7956.0,82098.8125,82558.0859375,82558.078125,459.2734375,0.0078125,459.265625
714,82749.9,82766.4,82699.7,82710.1,5273.0,82090.5546875,82574.7109375,82574.7109375,484.15625,0.0,484.15625
715,82710.1,82807.6,82637.8,82742.8,9795.0,82089.96875,82591.59375,82591.59375,501.625,0.0,501.625
716,82739.3,82766.7,82656.8,82656.8,3375.0,82119.2265625,82610.7421875,82610.7421875,491.515625,0.0,491.515625
717,82656.8,82750.3,82638.5,82728.4,4222.0,82133.0859375,82630.6328125,82630.6328125,497.546875,0.0,497.546875
718,82728.4,82778.4,82721.2,82768.0,5202.0,82227.890625,82654.0703125,82654.0703125,426.1796875,0.0,426.1796875
719,82762.0,82815.9,82703.3,82710.1,9929.0,82314.0703125,82679.4140625,82679.4140625,365.34375,0.0,365.34375
720,82713.3,82713.3,82619.2,82675.0,8385.0,82387.5390625,82701.6484375,82701.6484375,314.109375,0.0,314.109375
721,82681.7,82931.5,82680.7,82931.4,15073.0,82515.8203125,82739.0390625,82739.0390625,223.21875,0.0,223.21875
722,82931.5,82957.8,82852.1,82881.5,10984.0,82615.625,82755.3984375,82755.3984375,139.7734375,0.0,139.7734375
723,82881.5,82953.2,82841.6,82892.7,11356.0,82714.5234375,82769.6796875,82769.671875,55.15625,0.0078125,55.1484375
724,82896.6,82970.3,82870.1,82941.3,6136.0,82774.484375,82792.8046875,82792.796875,18.3203125,0.0078125,18.3125
725,82948.1,82995.0,82891.0,82899.2,6327.0,82814.6171875,82808.4375,82808.4375,6.1796875,0.0,6.1796875
726,82907.5,82967.1,82812.0,82829.0,9037.0,82857.8125,82825.6640625,82825.6640625,32.1484375,0.0,32.1484375
727,82830.1,83053.8,82812.0,83041.4,15284.0,82870.71875,82856.9609375,82856.953125,13.7578125,0.0078125,13.765625
728,83053.1,83343.1,83053.1,83295.7,38016.0,82847.828125,82909.734375,82909.7265625,61.90625,0.0078125,61.8984375
729,83295.6,83351.2,83155.6,83228.5,9452.0,82801.4296875,82961.5703125,82961.5703125,160.140625,0.0,160.140625
730,83236.9,83337.0,83236.9,83250.0,7117.0,82737.2734375,83019.0703125,83019.0703125,281.796875,0.0,281.796875
731,83241.7,83241.7,83053.5,83127.0,41546.0,82662.8984375,83038.6328125,83038.6328125,375.734375,0.0,375.734375
732,83126.1,83126.1,82951.0,82951.0,14525.0,82590.9921875,83045.5859375,83045.578125,454.59375,0.0078125,454.5859375
733,82949.5,83037.2,82932.4,83012.9,5621.0,82490.515625,83057.6015625,83057.6015625,567.0859375,0.0,567.0859375
734,83002.0,83118.3,82996.0,83095.3,6014.0,82394.3671875,83072.9921875,83073.0,678.625,0.0078125,678.6328125
735,83082.7,83120.9,83034.1,83045.2,4113.0,82287.9453125,83087.59375,83087.6015625,799.6484375,0.0078125,799.65625
736,83051.4,83088.2,83015.6,83035.2,3492.0,82075.1640625,83108.21875,83108.21875,1033.0546875,0.0,1033.0546875
737,83032.1,83187.9,83032.1,83044.6,6448.0,81883.9921875,83108.546875,83108.5390625,1224.5546875,0.0078125,1224.546875
738,83039.7,83053.0,82948.6,82996.0,4963.0,81785.0078125,83078.578125,83078.5703125,1293.5703125,0.0078125,1293.5625
739,82990.0,82990.0,82847.1,82879.6,13056.0,81807.9375,83043.6796875,83043.6796875,1235.7421875,0.0,1235.7421875
740,82887.9,83055.4,82887.9,83040.6,11412.0,81844.46875,83022.7421875,83022.7421875,1178.2734375,0.0,1178.2734375
741,83040.5,83168.9,83027.1,83142.4,4509.0,81914.390625,83024.2734375,83024.2890625,1109.8828125,0.015625,1109.8984375
742,83142.7,83160.0,82995.9,83012.6,5393.0,82028.90625,83030.4375,83030.4453125,1001.53125,0.0078125,1001.5390625
743,83009.1,83240.3,82995.3,83159.1,11862.0,82148.2578125,83045.0546875,83045.0625,896.796875,0.0078125,896.8046875
744,83159.0,83159.8,83064.3,83065.2,4129.0,82268.234375,83042.0546875,83042.046875,773.8203125,0.0078125,773.8125
745,83073.6,83160.1,83064.0,83128.6,4387.0,82420.53125,83050.3984375,83050.390625,629.8671875,0.0078125,629.859375
746,83128.5,83128.5,83037.6,83053.0,2391.0,82698.65625,83052.1796875,83052.171875,353.5234375,0.0078125,353.515625
747,83053.0,83063.7,82969.0,82987.2,1869.0,83034.25,83046.4296875,83046.4296875,12.1796875,0.0,12.1796875
748,82988.2,83043.2,82978.0,82978.0,2917.0,83261.9921875,83044.6328125,83044.6328125,217.359375,0.0,217.359375
749,82974.1,82974.1,82924.4,82924.4,3108.0,83351.390625,83049.1171875,83049.109375,302.2734375,0.0078125,302.28125
750,82924.5,82950.7,82903.5,82903.5,3799.0,83423.0625,83035.40625,83035.3984375,387.65625,0.0078125,387.6640625
751,82904.4,82943.6,82899.0,82926.2,7938.0,83508.1640625,83013.7890625,83013.7734375,494.375,0.015625,494.390625
752,82926.2,83079.2,82926.2,83079.2,36803.0,83583.5234375,83020.4453125,83020.4375,563.078125,0.0078125,563.0859375
753,83080.0,83114.7,82959.2,82959.2,4886.0,83687.375,83000.4609375,83000.4453125,686.9140625,0.015625,686.9296875
754,82959.1,82959.1,82793.4,82799.5,8111.0,83779.0234375,82973.8828125,82973.8828125,805.140625,0.0,805.140625
755,82796.0,82827.2,82726.5,82772.8,8515.0,83848.75,82938.296875,82938.296875,910.453125,0.0,910.453125
756,82767.3,82802.8,82747.5,82768.1,6283.0,83877.0078125,82909.8046875,82909.8125,967.203125,0.0078125,967.1953125
757,82768.0,82775.3,82636.8,82680.8,6586.0,83867.703125,82879.1640625,82879.171875,988.5390625,0.0078125,988.53125
758,82680.8,82707.4,82616.9,82638.7,6030.0,83880.46875,82845.234375,82845.2421875,1035.234375,0.0078125,1035.2265625
759,82638.6,82711.8,82618.4,82618.4,6202.0,83903.4140625,82814.640625,82814.640625,1088.7734375,0.0,1088.7734375
760,82618.4,82695.4,82500.1,82521.2,10768.0,83944.1796875,82776.40625,82776.40625,1167.7734375,0.0,1167.7734375
761,82501.0,82521.3,82389.9,82470.1,18509.0,83913.0234375,82730.8046875,82730.796875,1182.21875,0.0078125,1182.2265625
762,82469.3,82485.9,82382.7,82435.8,12156.0,83900.5,82666.4609375,82666.453125,1234.0390625,0.0078125,1234.046875
763,82432.1,82530.0,82431.9,82509.6,7552.0,83954.0546875,82621.5078125,82621.5078125,1332.546875,0.0,1332.546875
764,82509.9,82552.0,82480.8,82524.7,7396.0,84016.4921875,82594.03125,82594.0234375,1422.4609375,0.0078125,1422.46875
765,82510.0,82528.1,82438.2,82443.3,5419.0,84028.2421875,82561.0703125,82561.0703125,1467.171875,0.0,1467.171875
766,82446.4,82479.7,82381.1,82419.4,2903.0,84146.5390625,82526.203125,82526.203125,1620.3359375,0.0,1620.3359375
767,82418.7,82448.0,82284.2,82313.2,6078.0,84249.7421875,82489.4375,82489.4375,1760.3046875,0.0,1760.3046875
768,82317.0,82381.8,82257.2,82262.7,8322.0,84297.9609375,82451.8359375,82451.8359375,1846.125,0.0,1846.125
769,82279.4,82417.8,82229.4,82300.1,9838.0,84367.71875,82420.015625,82420.015625,1947.703125,0.0,1947.703125
770,82300.1,82375.4,82229.0,82355.8,14190.0,84403.4921875,82403.4765625,82403.4765625,2000.015625,0.0,2000.015625
771,82355.8,82385.9,82268.4,82284.7,9506.0,84443.0078125,82384.9296875,82384.9296875,2058.078125,0.0,2058.078125
772,82268.2,82405.4,82268.2,82358.9,9579.0,84433.8515625,82377.2421875,82377.234375,2056.609375,0.0078125,2056.6171875
773,82358.0,82375.9,82200.1,82281.1,6470.0,84327.1484375,82354.390625,82354.390625,1972.7578125,0.0,1972.7578125
774,82286.5,82316.1,82221.9,82256.0,18679.0,84202.6484375,82327.5234375,82327.515625,1875.125,0.0078125,1875.1328125
775,82272.4,82360.0,82272.4,82308.6,4366.0,84089.625,82314.0546875,82314.046875,1775.5703125,0.0078125,1775.578125
776,82307.5,82308.5,82208.6,82218.6,9752.0,83866.4140625,82293.9765625,82293.9765625,1572.4375,0.0,1572.4375
777,82217.7,82360.9,82217.7,82360.9,9148.0,83673.28125,82298.7421875,82298.7421875,1374.5390625,0.0,1374.5390625
778,82341.3,82399.0,82309.4,82309.4,4196.0,83512.1796875,82303.4140625,82303.40625,1208.765625,0.0078125,1208.7734375
779,82309.4,82353.7,82286.1,82317.2,4291.0,83359.78125,82305.1171875,82305.109375,1054.6640625,0.0078125,1054.671875
780,82313.1,82372.3,82294.0,82306.6,4651.0,83225.8203125,82300.203125,82300.1953125,925.6171875,0.0078125,925.625
781,82306.6,82457.7,82278.2,82278.2,9994.0,83098.0859375,82299.5546875,82299.546875,798.53125,0.0078125,798.5390625
782,82267.6,82387.4,82256.5,82311.2,9736.0,82980.125,82294.7890625,82294.78125,685.3359375,0.0078125,685.34375
783,82316.4,82401.0,82213.3,82361.6,31401.0,82873.6484375,82302.8359375,82302.828125,570.8125,0.0078125,570.8203125
784,82353.3,82353.3,82087.2,82207.2,17951.0,82806.0234375,82297.953125,82297.953125,508.0703125,0.0,508.0703125
785,82211.2,82229.2,82094.1,82094.1,10273.0,82801.1796875,82276.5,82276.5078125,524.6796875,0.0078125,524.671875
786,82094.2,82172.1,82050.7,82089.7,19987.0,82825.390625,82263.609375,82263.609375,561.78125,0.0,561.78125
787,82089.6,82200.0,82055.5,82200.0,4604.0,82875.7421875,82247.5234375,82247.515625,628.21875,0.0078125,628.2265625
788,82200.7,82200.7,81943.8,81995.4,16179.0,82944.9609375,82216.125,82216.1171875,728.8359375,0.0078125,728.84375
789,82007.8,82099.5,81995.4,82057.6,9907.0,83025.9296875,82190.1640625,82190.1640625,835.765625,0.0,835.765625
790,82057.7,82081.7,81990.1,82015.7,17310.0,83188.2734375,82161.078125,82161.0703125,1027.1953125,0.0078125,1027.203125
791,82013.2,82148.5,82008.1,82120.8,29622.0,83386.2109375,82145.3359375,82145.328125,1240.875,0.0078125,1240.8828125
792,82124.4,82141.0,82045.5,82052.5,15856.0,83585.9609375,82119.4609375,82119.4609375,1466.5,0.0,1466.5
793,82052.5,82270.8,82033.9,82270.7,11670.0,83848.8359375,82110.3671875,82110.3671875,1738.46875,0.0,1738.46875
794,82270.7,82389.6,82160.5,82310.0,34207.0,84065.953125,82120.6484375,82120.6484375,1945.3046875,0.0,1945.3046875
795,82309.9,82309.9,82090.1,82120.3,12909.0,84271.3671875,82123.2734375,82123.265625,2148.09375,0.0078125,2148.1015625
796,82117.5,82181.5,81982.3,82010.3,9110.0,84474.390625,82115.3359375,82115.328125,2359.0546875,0.0078125,2359.0625
797,82010.4,82067.1,81956.0,82042.3,8570.0,84621.875,82099.5546875,82099.5625,2522.3203125,0.0078125,2522.3125
798,82038.6,82061.9,81913.8,81950.5,11482.0,84814.1953125,82095.0703125,82095.078125,2719.125,0.0078125,2719.1171875
799,81950.4,82032.4,81945.1,81985.9,7187.0,84960.6953125,82087.8984375,82087.8984375,2872.796875,0.0,2872.796875
800,81973.8,82004.9,81846.1,81851.1,10167.0,85044.2890625,82071.4453125,82071.4453125,2972.84375,0.0,2972.84375
801,81851.3,81854.3,81416.3,81444.9,69414.0,85096.7890625,82003.8515625,82003.8515625,3092.9375,0.0,3092.9375
802,81444.9,81613.8,81340.6,81551.5,39167.0,85116.0859375,81953.75,81953.75,3162.3359375,0.0,3162.3359375
803,81548.4,81591.1,80831.4,81134.0,196906.0,85083.4765625,81840.0859375,81840.078125,3243.390625,0.0078125,3243.3984375
804,81149.3,81160.4,80919.0,81101.0,45283.0,85013.78125,81719.1796875,81719.171875,3294.6015625,0.0078125,3294.609375
805,81100.0,81444.4,81079.6,81328.8,30209.0,84876.8984375,81640.03125,81640.03125,3236.8671875,0.0,3236.8671875
806,81323.7,81323.7,81129.8,81140.6,36412.0,84723.6640625,81553.0625,81553.0625,3170.6015625,0.0,3170.6015625
807,81132.6,81159.4,80952.0,81011.6,32535.0,84557.6328125,81449.9921875,81449.9921875,3107.640625,0.0,3107.640625
808,81011.6,81050.4,80705.1,80725.3,38780.0,84367.8671875,81327.46875,81327.4765625,3040.3984375,0.0078125,3040.390625
809,80723.8,80963.9,80627.5,80945.5,42398.0,84250.1328125,81223.4296875,81223.4375,3026.703125,0.0078125,3026.6953125
810,80957.6,81666.0,80957.6,81466.2,131612.0,84150.6015625,81184.9375,81184.9375,2965.6640625,0.0,2965.6640625
811,81468.0,81877.6,81274.6,81711.1,61016.0,84083.3671875,81211.5625,81211.5625,2871.8046875,0.0,2871.8046875
812,81711.1,81889.9,81500.2,81605.4,33883.0,84027.3203125,81216.953125,81216.953125,2810.3671875,0.0,2810.3671875
813,81581.0,81707.1,81442.1,81606.9,30371.0,83993.8515625,81264.25,81264.234375,2729.6015625,0.015625,2729.6171875
814,81602.9,81807.5,81594.8,81700.5,18544.0,84033.1484375,81324.203125,81324.1875,2708.9453125,0.015625,2708.9609375
815,81704.5,81821.2,81510.1,81821.2,35648.0,84113.015625,81373.4375,81373.421875,2739.578125,0.015625,2739.59375
816,81825.1,82274.0,81710.7,82101.7,46923.0,84206.71875,81469.546875,81469.5390625,2737.171875,0.0078125,2737.1796875
817,82087.6,82581.6,82027.5,82511.1,70274.0,84322.3828125,81619.4921875,81619.484375,2702.890625,0.0078125,2702.8984375
818,82511.3,82866.1,82486.5,82768.0,63226.0,84428.796875,81823.765625,81823.765625,2605.03125,0.0,2605.03125
819,82767.9,82982.8,82628.3,82982.8,31887.0,84495.2734375,82027.4921875,82027.4921875,2467.78125,0.0,2467.78125
820,82982.7,82982.7,82657.5,82736.3,19758.0,84554.09375,82154.4921875,82154.5078125,2399.6015625,0.015625,2399.5859375
821,82745.5,82971.2,82693.7,82878.7,22928.0,84587.0625,82271.2578125,82271.2578125,2315.8046875,0.0,2315.8046875
822,82904.5,82908.6,82685.7,82750.9,12906.0,84617.4375,82385.8046875,82385.8046875,2231.6328125,0.0,2231.6328125
823,82751.0,82887.6,82565.4,82874.2,24953.0,84644.140625,82512.5390625,82512.5390625,2131.6015625,0.0,2131.6015625
824,82874.1,83033.3,82795.5,83002.3,14212.0,84615.859375,82642.7265625,82642.71875,1973.1328125,0.0078125,1973.140625
825,83010.6,83427.0,82994.9,83316.3,37958.0,84589.46875,82792.234375,82792.234375,1797.234375,0.0,1797.234375
826,83320.1,83419.2,83150.8,83164.4,16894.0,84548.8203125,82898.5078125,82898.5,1650.3125,0.0078125,1650.3203125
827,83176.3,83300.0,83106.8,83270.4,9931.0,84514.0546875,82974.4296875,82974.4296875,1539.625,0.0,1539.625
828,83252.6,83322.0,83008.6,83078.5,13767.0,84485.453125,83005.484375,83005.4765625,1479.96875,0.0078125,1479.9765625
829,83083.3,83191.8,82976.6,83191.8,11528.0,84416.5859375,83026.375,83026.3828125,1390.2109375,0.0078125,1390.203125
830,83199.9,83528.1,83116.8,83499.9,25737.0,84348.3984375,83102.7421875,83102.734375,1245.65625,0.0078125,1245.6640625
831,83493.1,83499.9,83386.6,83496.4,18219.0,84250.4375,83164.5078125,83164.5078125,1085.9296875,0.0,1085.9296875
832,83496.4,83576.6,83367.6,83389.8,14373.0,84156.390625,83228.3984375,83228.390625,927.9921875,0.0078125,928.0
833,83386.5,83583.2,83358.5,83565.7,5882.0,84033.7265625,83297.5546875,83297.546875,736.171875,0.0078125,736.1796875
834,83564.7,83589.1,83495.9,83564.2,9029.0,83936.0703125,83353.7421875,83353.734375,582.328125,0.0078125,582.3359375
835,83564.2,83567.0,83333.5,83333.5,10150.0,83895.4921875,83355.4609375,83355.453125,540.03125,0.0078125,540.0390625
836,83333.4,83355.8,83152.8,83179.1,17827.0,83883.828125,83356.9296875,83356.9296875,526.8984375,0.0,526.8984375
837,83179.1,83306.3,83050.0,83302.2,11455.0,83908.7734375,83360.109375,83360.109375,548.6640625,0.0,548.6640625
838,83311.7,83311.7,83137.3,83240.7,8036.0,83925.9296875,83376.328125,83376.328125,549.6015625,0.0,549.6015625
839,83228.0,83278.0,83165.3,83272.9,7659.0,83990.234375,83384.4375,83384.4375,605.796875,0.0,605.796875
840,83268.7,83413.3,83182.0,83400.6,9926.0,84029.09375,83374.5078125,83374.5078125,654.5859375,0.0,654.5859375
841,83409.0,83420.5,83156.7,83156.7,9847.0,84094.5546875,83340.546875,83340.5390625,754.0078125,0.0078125,754.015625
842,83156.6,83458.2,83136.0,83378.3,9308.0,84176.515625,83339.390625,83339.390625,837.125,0.0,837.125
843,83365.8,83487.3,83233.6,83282.3,8245.0,84261.7109375,83311.0546875,83311.046875,950.65625,0.0078125,950.6640625
844,83286.5,83299.6,83106.7,83237.1,12591.0,84395.21875,83278.34375,83278.34375,1116.875,0.0,1116.875
845,83228.8,83428.0,83208.2,83400.3,11736.0,84498.7109375,83285.0234375,83285.0234375,1213.6875,0.0,1213.6875
846,83400.4,83614.9,83355.6,83556.5,9782.0,84597.515625,83322.7578125,83322.765625,1274.7578125,0.0078125,1274.75
847,83553.5,83566.5,83431.5,83466.6,5087.0,84664.5234375,83339.203125,83339.203125,1325.3203125,0.0,1325.3203125
848,83455.0,83696.9,83436.8,83671.7,14552.0,84758.328125,83382.3046875,83382.296875,1376.0234375,0.0078125,1376.03125
849,83660.6,83887.3,83660.6,83796.7,25035.0,84831.3359375,83434.6796875,83434.6796875,1396.65625,0.0,1396.65625
850,83810.9,83866.3,83527.8,83527.8,8582.0,84918.28125,83447.40625,83447.3984375,1470.875,0.0078125,1470.8828125
851,83508.9,83671.5,83500.1,83644.1,7905.0,84982.0859375,83496.1484375,83496.140625,1485.9375,0.0078125,1485.9453125
852,83644.0,83704.1,83595.4,83648.1,8093.0,85059.9609375,83523.125,83523.125,1536.8359375,0.0,1536.8359375
853,83648.2,83792.6,83612.6,83745.6,7432.0,85141.1015625,83569.4609375,83569.453125,1571.640625,0.0078125,1571.6484375
854,83753.4,83836.6,83745.2,83810.6,14244.0,85168.625,83626.8046875,83626.8125,1541.8203125,0.0078125,1541.8125
855,83810.6,83911.9,83801.6,83908.4,9001.0,85186.4296875,83677.609375,83677.609375,1508.8203125,0.0,1508.8203125
856,83909.4,83988.6,83880.9,83988.6,11285.0,85164.5078125,83720.8203125,83720.828125,1443.6875,0.0078125,1443.6796875
857,83988.5,84346.8,83980.2,84217.3,20381.0,85136.9609375,83795.890625,83795.890625,1341.0703125,0.0,1341.0703125
858,84217.2,84217.2,84061.1,84092.6,8302.0,85046.109375,83837.984375,83837.984375,1208.125,0.0,1208.125
859,84079.8,84182.5,83988.6,84143.9,7843.0,84963.3515625,83872.7109375,83872.703125,1090.640625,0.0078125,1090.6484375
860,84153.3,84185.7,83947.6,84021.0,8177.0,84883.2734375,83922.03125,83922.015625,961.2421875,0.015625,961.2578125
861,84016.8,84163.7,83968.7,84027.8,12205.0,84813.1796875,83960.3984375,83960.390625,852.78125,0.0078125,852.7890625
862,84021.4,84043.1,83807.6,83847.9,9911.0,84713.6796875,83980.375,83980.3671875,733.3046875,0.0078125,733.3125
863,83843.7,83856.9,83719.5,83753.7,9225.0,84619.4375,83981.1796875,83981.171875,638.2578125,0.0078125,638.265625
864,83753.7,83776.9,83628.0,83628.0,8345.0,84905.3359375,83962.921875,83962.921875,942.4140625,0.0,942.4140625
865,83627.2,83704.8,83567.2,83666.8,14747.0,85161.7265625,83938.765625,83938.7578125,1222.9609375,0.0078125,1222.96875
866,83673.5,83715.7,83608.1,83699.0,5977.0,85444.9296875,83909.8046875,83909.8046875,1535.125,0.0,1535.125
867,83695.6,83719.0,83549.8,83549.8,3452.0,85712.8828125,83843.0546875,83843.0546875,1869.828125,0.0,1869.828125
868,83555.8,83589.6,83380.5,83405.1,40093.0,86008.5,83774.296875,83774.3046875,2234.203125,0.0078125,2234.1953125
869,83408.1,83495.8,83404.0,83440.7,9717.0,86288.640625,83703.984375,83703.984375,2584.65625,0.0,2584.65625
870,83428.2,83583.5,83428.2,83571.6,7534.0,86563.7890625,83659.0390625,83659.046875,2904.75,0.0078125,2904.7421875
871,83571.5,83598.2,83471.9,83564.6,6870.0,86807.5859375,83612.71875,83612.7265625,3194.8671875,0.0078125,3194.859375
872,83564.5,83603.3,83409.2,83445.4,6639.0,87081.9140625,83572.46875,83572.4765625,3509.4453125,0.0078125,3509.4375
873,83436.3,83466.5,83282.1,83453.4,7506.0,87344.78125,83542.4375,83542.4375,3802.34375,0.0,3802.34375
874,83452.5,83527.9,83427.1,83512.6,5215.0,87222.9296875,83530.90625,83530.890625,3692.0234375,0.015625,3692.0390625
875,83516.7,83790.7,83504.2,83747.7,11180.0,87112.6796875,83538.9921875,83538.984375,3573.6875,0.0078125,3573.6953125
876,83757.6,83895.3,83741.6,83858.9,10276.0,87040.359375,83554.984375,83554.984375,3485.375,0.0,3485.375
877,83860.0,83932.9,83826.0,83932.9,6560.0,86992.671875,83593.296875,83593.2890625,3399.375,0.0078125,3399.3828125
878,83940.1,83984.9,83859.6,83950.7,11958.0,86969.4296875,83647.8515625,83647.84375,3321.578125,0.0078125,3321.5859375
879,83937.7,83937.7,83837.1,83860.8,7627.0,86987.28125,83689.8671875,83689.859375,3297.4140625,0.0078125,3297.421875
880,83860.7,83988.5,83829.5,83944.8,3462.0,86968.734375,83727.1796875,83727.1796875,3241.5546875,0.0,3241.5546875
881,83937.9,84109.1,83936.9,84099.5,15827.0,87008.3046875,83780.671875,83780.671875,3227.6328125,0.0,3227.6328125
882,84097.6,84195.8,84085.7,84107.1,6837.0,87017.7578125,83846.8359375,83846.84375,3170.921875,0.0078125,3170.9140625
883,84141.4,84194.8,84112.1,84128.8,5869.0,87072.4609375,83914.375,83914.390625,3158.0859375,0.015625,3158.0703125
884,84128.8,84152.8,84085.4,84138.0,5619.0,87131.671875,83976.9140625,83976.921875,3154.7578125,0.0078125,3154.75
885,84144.3,84282.8,84077.0,84253.4,11736.0,87211.2734375,84027.4921875,84027.4921875,3183.78125,0.0,3183.78125
886,84253.5,84346.9,84108.1,84123.6,12369.0,87258.3203125,84053.9609375,84053.953125,3204.359375,0.0078125,3204.3671875
887,84123.6,84243.2,84105.0,84183.7,6456.0,87276.921875,84079.046875,84079.0390625,3197.875,0.0078125,3197.8828125
888,84183.7,84407.1,84175.8,84356.4,12382.0,87286.3671875,84119.6171875,84119.609375,3166.75,0.0078125,3166.7578125
889,84350.7,84350.7,84034.2,84086.3,10004.0,87281.1171875,84142.1640625,84142.15625,3138.953125,0.0078125,3138.9609375
890,84076.6,84152.9,84047.1,84143.1,8864.0,87289.5390625,84161.9921875,84161.984375,3127.546875,0.0078125,3127.5546875
891,84143.0,84386.4,84143.0,84366.4,7931.0,87269.78125,84188.6796875,84188.6796875,3081.1015625,0.0,3081.1015625
892,84370.6,84424.5,84153.4,84209.8,9858.0,87285.3984375,84198.953125,84198.953125,3086.4453125,0.0,3086.4453125
893,84209.5,84308.4,84150.1,84244.1,10672.0,87258.640625,84210.484375,84210.484375,3048.15625,0.0,3048.15625
894,84231.7,84277.4,84197.8,84265.0,4751.0,87241.1484375,84223.1796875,84223.1796875,3017.96875,0.0,3017.96875
895,84269.4,84294.7,84186.8,84188.0,4961.0,87215.71875,84216.640625,84216.640625,2999.078125,0.0,2999.078125
896,84197.3,84214.2,84110.1,84163.8,8754.0,87205.21875,84220.65625,84220.6640625,2984.5625,0.0078125,2984.5546875
897,84167.6,84237.4,84125.5,84197.2,7185.0,87206.5234375,84222.0078125,84222.015625,2984.515625,0.0078125,2984.5078125
898,84199.2,84214.4,84134.1,84178.5,4214.0,87183.796875,84204.21875,84204.2265625,2979.578125,0.0078125,2979.5703125
899,84182.8,84243.3,84110.0,84110.1,9177.0,87161.2421875,84206.6015625,84206.6015625,2954.640625,0.0,2954.640625
900,84110.0,84145.0,84000.9,84019.7,11135.0,87139.734375,84194.265625,84194.2578125,2945.46875,0.0078125,2945.4765625
901,84028.0,84028.1,83827.1,83878.1,31049.0,87116.78125,84145.4375,84145.4296875,2971.34375,0.0078125,2971.3515625
902,83878.0,84009.6,83856.5,83953.2,4463.0,87031.4453125,84119.7734375,84119.765625,2911.671875,0.0078125,2911.6796875
903,83953.2,83980.8,83895.1,83918.3,6474.0,86927.8046875,84087.1953125,84087.1953125,2840.609375,0.0,2840.609375
904,83914.2,83935.5,83852.8,83852.8,6679.0,86889.71875,84045.9765625,84045.9765625,2843.7421875,0.0,2843.7421875
905,83841.9,83860.5,83741.6,83755.0,7145.0,86837.2734375,84002.6796875,84002.671875,2834.59375,0.0078125,2834.6015625
906,83759.2,83974.9,83745.7,83964.7,7273.0,86756.2734375,83982.765625,83982.765625,2773.5078125,0.0,2773.5078125
907,83964.7,84032.4,83898.7,83969.7,9174.0,86678.71875,83960.015625,83960.015625,2718.703125,0.0,2718.703125
908,83969.7,84129.4,83968.1,84078.1,7156.0,86611.25,83949.9765625,83949.9765625,2661.2734375,0.0,2661.2734375
909,84073.9,84201.0,84073.0,84196.5,8198.0,86521.7734375,83958.6171875,83958.609375,2563.15625,0.0078125,2563.1640625
910,84201.7,84201.7,84025.3,84045.2,8063.0,86401.5234375,83961.1640625,83961.1640625,2440.359375,0.0,2440.359375
911,84037.6,84037.8,83930.5,83979.7,5928.0,86267.1875,83971.3203125,83971.3203125,2295.8671875,0.0,2295.8671875
912,83977.9,83988.5,83936.0,83982.1,8969.0,86179.390625,83974.2109375,83974.2109375,2205.1796875,0.0,2205.1796875
913,83979.3,83979.3,83847.1,83847.1,3779.0,86162.734375,83967.09375,83967.09375,2195.640625,0.0,2195.640625
914,83847.2,83916.9,83827.6,83827.6,7451.0,86070.6328125,83964.5703125,83964.578125,2106.0625,0.0078125,2106.0546875
915,83826.8,83826.8,83671.6,83685.5,10288.0,85975.2109375,83957.6171875,83957.625,2017.59375,0.0078125,2017.5859375
916,83677.2,83750.0,83586.7,83735.2,11544.0,85897.7265625,83934.671875,83934.671875,1963.0546875,0.0,1963.0546875
917,83728.8,83728.8,83536.6,83616.9,42094.0,85812.296875,83899.390625,83899.390625,1912.90625,0.0,1912.90625
918,83619.0,83698.3,83610.0,83610.6,4024.0,85744.6484375,83852.640625,83852.640625,1892.0078125,0.0,1892.0078125
919,83608.5,83630.5,83587.0,83611.6,4610.0,85710.375,83794.1484375,83794.1484375,1916.2265625,0.0,1916.2265625
920,83615.8,83753.0,83608.5,83696.0,8401.0,85740.7734375,83759.2421875,83759.234375,1981.53125,0.0078125,1981.5390625
921,83696.0,83808.4,83672.4,83771.7,8045.0,85785.609375,83738.4375,83738.4296875,2047.171875,0.0078125,2047.1796875
922,83771.9,83797.2,83687.7,83743.3,7048.0,85824.328125,83714.5546875,83714.546875,2109.7734375,0.0078125,2109.78125
923,83749.0,83833.7,83689.7,83817.0,7983.0,85819.765625,83711.5390625,83711.5390625,2108.2265625,0.0,2108.2265625
924,83825.4,83826.3,83705.9,83740.7,7670.0,85819.8671875,83702.84375,83702.8515625,2117.0234375,0.0078125,2117.015625
925,83740.1,83775.0,83627.8,83677.6,7738.0,85819.6875,83702.0625,83702.0625,2117.625,0.0,2117.625
926,83666.0,83684.1,83608.1,83608.1,5996.0,85829.109375,83689.3515625,83689.359375,2139.7578125,0.0078125,2139.75
927,83608.2,83629.2,83549.2,83576.1,6533.0,85833.8671875,83685.2734375,83685.2734375,2148.59375,0.0,2148.59375
928,83583.8,83622.3,83548.1,83548.2,7330.0,85835.09375,83679.03125,83679.0390625,2156.0625,0.0078125,2156.0546875
929,83555.1,83706.1,83555.1,83672.0,10687.0,85837.3125,83685.0703125,83685.0703125,2152.2421875,0.0,2152.2421875
930,83678.4,84299.9,83579.7,84099.8,48233.0,85778.75,83725.453125,83725.453125,2053.296875,0.0,2053.296875
931,84092.4,84256.8,83848.1,83896.1,20421.0,85730.9140625,83737.8984375,83737.890625,1993.015625,0.0078125,1993.0234375
932,83897.1,84299.9,83792.0,84270.3,17872.0,85726.0390625,83790.5859375,83790.59375,1935.453125,0.0078125,1935.4453125
933,84261.5,84293.4,83986.8,84269.2,10392.0,85707.5078125,83835.8125,83835.8125,1871.6953125,0.0,1871.6953125
934,84269.3,84820.2,84269.3,84762.7,44408.0,85720.4296875,83938.0234375,83938.015625,1782.40625,0.0078125,1782.4140625
935,84762.7,84900.0,84485.0,84890.9,32741.0,85760.8046875,84059.34375,84059.328125,1701.4609375,0.015625,1701.4765625
936,84890.9,85001.8,84816.5,84976.8,62131.0,85791.7734375,84196.2109375,84196.203125,1595.5625,0.0078125,1595.5703125
937,84972.3,85140.8,84857.4,84864.4,30059.0,85827.296875,84325.046875,84325.03125,1502.25,0.015625,1502.265625
938,84860.9,84992.7,84711.4,84800.2,12249.0,85872.5234375,84450.2421875,84450.234375,1422.28125,0.0078125,1422.2890625
939,84797.1,85040.4,84796.9,84863.8,11989.0,85912.5859375,84569.4296875,84569.421875,1343.15625,0.0078125,1343.1640625
940,84855.5,85041.6,84700.0,85007.8,10696.0,85992.578125,84660.2265625,84660.21875,1332.3515625,0.0078125,1332.359375
941,85007.8,85267.7,85007.8,85169.7,18893.0,86070.9296875,84787.578125,84787.578125,1283.3515625,0.0,1283.3515625
942,85171.3,85279.8,84913.6,85028.8,11743.0,86103.4375,84863.4296875,84863.4375,1240.0078125,0.0078125,1240.0
943,85028.8,85028.8,84774.4,84815.3,17450.0,86115.640625,84918.03125,84918.046875,1197.609375,0.015625,1197.59375
944,84815.3,84968.6,84772.1,84907.1,9999.0,86128.4296875,84932.4765625,84932.484375,1195.953125,0.0078125,1195.9453125
945,84917.0,84984.1,84649.0,84660.5,12520.0,86132.9296875,84909.4375,84909.4453125,1223.4921875,0.0078125,1223.484375
946,84656.3,84699.8,84407.8,84436.5,15972.0,86136.3671875,84855.40625,84855.4140625,1280.9609375,0.0078125,1280.953125
947,84434.9,84539.6,84235.7,84261.3,11651.0,86148.7109375,84795.1015625,84795.109375,1353.609375,0.0078125,1353.6015625
948,84265.7,84645.9,84251.6,84645.8,25414.0,86136.96875,84779.6640625,84779.6640625,1357.3046875,0.0,1357.3046875
949,84640.6,84671.3,84374.2,84546.2,8208.0,86092.9609375,84747.8984375,84747.8984375,1345.0625,0.0,1345.0625
950,84534.6,84682.1,84494.5,84649.9,18914.0,86061.546875,84712.1171875,84712.109375,1349.4296875,0.0078125,1349.4375
951,84650.6,84986.8,84570.9,84893.5,17548.0,86013.328125,84684.4921875,84684.484375,1328.8359375,0.0078125,1328.84375
952,84893.4,85162.0,84781.0,85125.8,20141.0,85966.0234375,84694.1953125,84694.1875,1271.828125,0.0078125,1271.8359375
953,85141.6,85217.2,85078.1,85179.5,8645.0,85941.2578125,84730.6171875,84730.609375,1210.640625,0.0078125,1210.6484375
954,85179.5,85427.9,85162.8,85400.7,20955.0,85900.8984375,84779.9765625,84779.9765625,1120.921875,0.0,1120.921875
955,85403.5,85488.7,85308.4,85417.0,8141.0,85855.3125,84855.625,84855.6171875,999.6875,0.0078125,999.6953125
956,85417.0,85417.0,85030.7,85069.6,20538.0,85811.5703125,84918.9296875,84918.9296875,892.640625,0.0,892.640625
957,85055.6,85190.8,85055.6,85060.6,6663.0,85768.328125,84998.859375,84998.859375,769.46875,0.0,769.46875
958,85060.1,85154.7,85000.1,85122.8,11759.0,85724.1015625,85046.5546875,85046.5625,677.546875,0.0078125,677.5390625
959,85122.8,85122.8,84836.1,84836.2,16029.0,85701.5859375,85075.5546875,85075.5625,626.03125,0.0078125,626.0234375
960,84836.2,85103.4,84806.1,84820.4,13616.0,85667.3046875,85092.6171875,85092.609375,574.6875,0.0078125,574.6953125
961,84812.1,84833.6,84582.3,84582.3,12104.0,85636.1171875,85061.4921875,85061.484375,574.625,0.0078125,574.6328125
962,84578.1,84628.0,84460.8,84469.8,16158.0,85610.5390625,84995.890625,84995.890625,614.6484375,0.0,614.6484375
963,84470.8,84551.8,84329.4,84551.7,10543.0,85590.9609375,84933.1171875,84933.109375,657.84375,0.0078125,657.8515625
964,84556.0,84601.9,84415.7,84555.3,7480.0,85551.5,84848.578125,84848.5703125,702.921875,0.0078125,702.9296875
965,84539.0,84713.2,84494.4,84632.7,20191.0,85518.7890625,84770.1484375,84770.140625,748.640625,0.0078125,748.6484375
966,84632.6,84788.1,84526.3,84670.7,11339.0,85270.6171875,84730.25,84730.25,540.3671875,0.0,540.3671875
967,84670.0,84670.5,84503.8,84520.0,8458.0,85097.8359375,84676.1875,84676.1875,421.6484375,0.0,421.6484375
968,84520.1,84558.2,84307.6,84440.3,13741.0,84983.2734375,84607.9375,84607.9375,375.3359375,0.0,375.3359375
969,84440.3,84502.6,84340.4,84454.2,4812.0,84815.4609375,84569.7421875,84569.734375,245.71875,0.0078125,245.7265625
970,84454.1,84461.6,84317.9,84424.8,8405.0,84655.1171875,84530.1796875,84530.1796875,124.9375,0.0,124.9375
971,84424.8,84466.4,84317.9,84428.5,5970.0,84508.8984375,84514.8046875,84514.796875,5.90625,0.0078125,5.8984375
972,84428.5,84469.6,84304.4,84328.8,6193.0,84340.8359375,84500.703125,84500.703125,159.8671875,0.0,159.8671875
973,84324.6,84341.3,84047.4,84155.2,19509.0,84218.2421875,84461.0546875,84461.046875,242.8125,0.0078125,242.8046875
974,84155.2,84252.7,84064.1,84174.1,6456.0,84153.3125,84422.9296875,84422.9296875,269.6171875,0.0,269.6171875
975,84174.1,84294.7,84169.0,84187.5,9896.0,84068.2265625,84378.40625,84378.4140625,310.1796875,0.0078125,310.1875
976,84186.0,84243.8,84129.5,84130.9,5068.0,84207.3203125,84324.4296875,84324.4296875,117.109375,0.0,117.109375
977,84124.0,84124.0,83836.9,83943.2,13960.0,84237.640625,84266.75,84266.75,29.109375,0.0,29.109375
978,83943.3,84075.7,83943.3,84063.2,18572.0,84219.59375,84229.046875,84229.0390625,9.453125,0.0078125,9.4453125
979,84067.1,84202.8,84029.6,84184.1,18730.0,84227.6171875,84202.03125,84202.03125,25.5859375,0.0,25.5859375
980,84184.6,84201.2,83800.1,83860.5,9955.0,84202.8046875,84145.6015625,84145.6015625,57.203125,0.0,57.203125
981,83860.4,83911.7,83750.0,83803.1,9483.0,84190.0859375,84083.0625,84083.0625,107.0234375,0.0,107.0234375
982,83803.4,84003.3,83686.4,83926.7,14106.0,84183.9921875,84042.8515625,84042.859375,141.140625,0.0078125,141.1328125
983,83936.7,84116.6,83895.2,84063.1,5934.0,84131.8984375,84033.640625,84033.640625,98.2578125,0.0,98.2578125
984,84063.0,84068.0,83884.0,84056.9,11360.0,84060.1484375,84021.921875,84021.921875,38.2265625,0.0,38.2265625
985,84058.9,84344.3,84000.1,84130.2,22610.0,83988.8203125,84016.1796875,84016.1875,27.359375,0.0078125,27.3671875
986,84143.8,84143.8,83805.5,83890.7,6890.0,83902.609375,83992.1796875,83992.171875,89.5703125,0.0078125,89.5625
987,83898.4,83898.4,83725.7,83767.8,7933.0,83837.0,83974.6328125,83974.6328125,137.6328125,0.0,137.6328125
988,83769.1,83833.8,83644.4,83698.6,9021.0,83749.4609375,83938.1796875,83938.171875,188.71875,0.0078125,188.7109375
989,83698.6,83698.6,83592.7,83631.9,7309.0,83653.046875,83882.953125,83882.953125,229.90625,0.0,229.90625
990,83628.6,83711.6,83506.1,83646.8,14344.0,83561.3125,83861.578125,83861.578125,300.265625,0.0,300.265625
991,83640.5,83826.1,83518.1,83826.1,13397.0,83448.1953125,83863.875,83863.890625,415.6796875,0.015625,415.6953125
992,83826.2,83863.0,83730.3,83806.9,14159.0,83320.8828125,83851.8984375,83851.8984375,531.015625,0.0,531.015625
993,83793.4,83807.0,83529.3,83542.8,39490.0,83209.7109375,83799.8671875,83799.8671875,590.15625,0.0,590.15625
994,83541.2,83617.5,83335.1,83363.5,30566.0,83043.453125,83730.5234375,83730.53125,687.0703125,0.0078125,687.078125
995,83364.5,83410.2,83294.4,83322.6,14210.0,82909.765625,83649.7734375,83649.7734375,740.0078125,0.0,740.0078125
996,83329.0,83414.6,83195.0,83211.9,12244.0,82734.0390625,83581.8984375,83581.890625,847.859375,0.0078125,847.8515625
997,83211.9,83284.2,83062.6,83228.9,68510.0,82573.5234375,83528.0,83528.0,954.4765625,0.0,954.4765625
998,83244.1,83284.0,83121.4,83169.0,11905.0,82454.5625,83475.0390625,83475.0390625,1020.4765625,0.0,1020.4765625
999,83175.6,83183.9,82916.8,82937.8,19501.0,82336.03125,83405.6328125,83405.6328125,1069.6015625,0.0,1069.6015625
1000,82925.6,82963.6,82843.7,82875.6,29655.0,82249.2734375,83328.515625,83328.515625,1079.2421875,0.0,1079.2421875
1001,82876.6,83021.4,82870.1,82967.0,8328.0,82177.03125,83242.6015625,83242.609375,1065.5703125,0.0078125,1065.578125
1002,82972.2,83028.8,82784.3,82884.9,14024.0,82184.4296875,83150.40625,83150.3984375,965.9765625,0.0078125,965.96875
1003,82870.4,83052.6,82846.0,83030.4,9470.0,82207.515625,83099.15625,83099.15625,891.640625,0.0,891.640625
1004,83030.4,83299.0,83030.4,83225.5,16092.0,82240.125,83085.359375,83085.3515625,845.234375,0.0078125,845.2265625
1005,83225.5,83375.9,83118.9,83354.1,17205.0,82254.71875,83088.5078125,83088.5078125,833.7890625,0.0,833.7890625
1006,83346.1,83366.1,83235.0,83327.7,13563.0,82334.8125,83100.09375,83100.09375,765.28125,0.0,765.28125
1007,83327.7,83387.0,83234.4,83319.0,10598.0,82409.625,83109.109375,83109.109375,699.484375,0.0,699.484375
1008,83328.2,83367.4,83068.8,83169.0,9307.0,82482.0078125,83109.109375,83109.1015625,627.1015625,0.0078125,627.09375
1009,83191.0,83333.0,83145.0,83262.0,5816.0,82623.859375,83141.5234375,83141.515625,517.6640625,0.0078125,517.65625
1010,83261.8,83261.8,83098.2,83204.9,7128.0,82725.890625,83174.453125,83174.453125,448.5625,0.0,448.5625
1011,83205.8,83210.9,82950.1,83020.0,10240.0,82823.5703125,83179.75,83179.75,356.1796875,0.0,356.1796875
1012,83010.3,83025.3,82811.0,82841.7,16781.0,82882.5859375,83175.4296875,83175.421875,292.84375,0.0078125,292.8359375
1013,82845.8,82866.4,82718.4,82830.3,12697.0,82896.96875,83155.421875,83155.421875,258.453125,0.0,258.453125
1014,82857.7,83147.1,82857.7,83096.5,12846.0,82934.515625,83142.5234375,83142.5234375,208.0078125,0.0,208.0078125
1015,83085.2,83168.2,82984.1,83070.7,10440.0,82945.0234375,83114.1796875,83114.1796875,169.15625,0.0,169.15625
1016,83080.9,83200.2,82974.4,83158.8,10932.0,82920.9921875,83097.2890625,83097.296875,176.296875,0.0078125,176.3046875
1017,83158.9,83160.0,82927.1,82927.1,5971.0,82870.4609375,83058.1015625,83058.109375,187.640625,0.0078125,187.6484375
1018,82922.4,82988.2,82783.7,82963.5,13592.0,82809.3046875,83037.546875,83037.5546875,228.2421875,0.0078125,228.25
1019,82965.8,82977.4,82875.1,82922.3,7153.0,82710.671875,83003.578125,83003.5859375,292.90625,0.0078125,292.9140625
1020,82922.3,83030.4,82889.2,82941.3,11976.0,82645.546875,82977.21875,82977.2265625,331.671875,0.0078125,331.6796875
1021,82950.1,83099.9,82902.3,83002.0,9003.0,82545.484375,82975.421875,82975.421875,429.9375,0.0,429.9375
1022,82996.5,83020.0,82769.9,82843.9,19729.0,82456.640625,82975.640625,82975.640625,519.0,0.0,519.0
1023,82843.8,82883.9,82707.7,82783.4,17817.0,82353.890625,82970.953125,82970.9453125,617.0625,0.0078125,617.0546875
1024,82762.5,82762.5,82445.9,82450.1,38999.0,82171.3671875,82906.3125,82906.3046875,734.9453125,0.0078125,734.9375
1025,82457.3,82604.0,82310.6,82464.0,20183.0,81980.03125,82845.6484375,82845.640625,865.6171875,0.0078125,865.609375
1026,82463.2,82533.3,82345.6,82498.0,12211.0,81889.7578125,82779.5625,82779.5625,889.8046875,0.0,889.8046875
1027,82490.7,82738.0,82431.8,82664.8,11469.0,81940.2890625,82753.3359375,82753.328125,813.046875,0.0078125,813.0390625
1028,82683.2,83082.3,82666.0,82839.8,14730.0,81999.59375,82740.9609375,82740.9609375,741.3671875,0.0,741.3671875
1029,82843.1,82933.7,82700.1,82887.1,6414.0,82076.5078125,82737.4375,82737.4453125,660.9296875,0.0078125,660.9375
1030,82888.2,82990.1,82829.2,82875.8,8653.0,82196.921875,82730.890625,82730.890625,533.96875,0.0,533.96875
1031,82888.0,82961.2,82739.9,82799.9,10151.0,82321.453125,82710.6796875,82710.6796875,389.2265625,0.0,389.2265625
1032,82820.8,82825.6,82633.4,82714.6,15778.0,82422.609375,82697.75,82697.7578125,275.140625,0.0078125,275.1484375
1033,82715.6,82988.3,82715.6,82955.1,9882.0,82594.734375,82714.921875,82714.921875,120.1875,0.0,120.1875
1034,82963.1,82967.7,82783.6,82919.9,7372.0,82855.890625,82761.8984375,82761.8984375,93.9921875,0.0,93.9921875
1035,82913.9,82927.3,82831.9,82909.1,4950.0,83192.6171875,82806.4140625,82806.4140625,386.203125,0.0,386.203125
1036,82910.5,82960.7,82740.6,82909.9,8216.0,83407.3046875,82847.609375,82847.6015625,559.6953125,0.0078125,559.703125
1037,82921.7,83124.8,82802.1,82885.1,10440.0,83471.0078125,82869.6328125,82869.6328125,601.375,0.0,601.375
1038,82885.2,82910.2,82579.6,82602.9,8948.0,83528.9296875,82845.9453125,82845.9375,682.984375,0.0078125,682.9921875
1039,82597.0,82746.2,82551.9,82745.7,6251.0,83616.1484375,82831.8046875,82831.796875,784.34375,0.0078125,784.3515625
1040,82746.0,82972.1,82713.0,82924.8,8474.0,83672.4609375,82836.703125,82836.703125,835.7578125,0.0,835.7578125
1041,82931.2,83200.3,82842.8,83181.5,11690.0,83784.03125,82874.8671875,82874.859375,909.1640625,0.0078125,909.171875
1042,83169.5,83271.3,82972.3,82976.7,31206.0,83880.2109375,82901.0703125,82901.0703125,979.140625,0.0,979.140625
1043,82981.4,83032.6,82853.1,82971.3,13061.0,83930.8984375,82902.6875,82902.6953125,1028.2109375,0.0078125,1028.203125
1044,82965.3,83145.1,82965.3,83098.3,9214.0,83948.1640625,82920.53125,82920.53125,1027.6328125,0.0,1027.6328125
1045,83087.7,83197.7,82994.5,83182.7,6665.0,83946.7109375,82947.890625,82947.890625,998.8203125,0.0,998.8203125
1046,83178.7,83229.1,83127.5,83133.0,7498.0,83956.0546875,82970.203125,82970.203125,985.8515625,0.0,985.8515625
1047,83128.0,83223.0,83102.7,83174.7,5256.0,83976.6015625,82999.15625,82999.15625,977.4453125,0.0,977.4453125
1048,83174.6,83307.3,83072.9,83184.5,35632.0,84012.9609375,83057.3203125,83057.3203125,955.640625,0.0,955.640625
1049,83184.6,83284.5,83088.8,83284.5,6360.0,83972.7109375,83111.203125,83111.203125,861.5078125,0.0,861.5078125
1050,83272.9,83346.8,83179.9,83179.9,13760.0,83986.75,83136.7109375,83136.703125,850.0390625,0.0078125,850.046875
1051,83179.7,83184.8,83045.7,83052.5,4461.0,84031.140625,83123.8125,83123.8046875,907.328125,0.0078125,907.3359375
1052,83052.4,83146.3,82935.9,83116.1,10939.0,84088.2578125,83137.75,83137.75,950.5078125,0.0,950.5078125
1053,83100.4,83247.2,83088.1,83180.9,7460.0,84134.9921875,83158.7109375,83158.703125,976.28125,0.0078125,976.2890625
1054,83176.7,83247.2,83113.7,83113.7,4538.0,84261.109375,83160.25,83160.25,1100.859375,0.0,1100.859375
1055,83112.5,83218.2,83097.6,83143.2,4559.0,84365.5703125,83156.3046875,83156.296875,1209.265625,0.0078125,1209.2734375
1056,83147.8,83445.2,83122.1,83399.3,9186.0,84436.03125,83182.9296875,83182.921875,1253.1015625,0.0078125,1253.109375
1057,83393.7,83643.2,83384.8,83617.9,18477.0,84519.0,83227.25,83227.25,1291.75,0.0,1291.75
1058,83616.3,83796.2,83572.4,83765.2,20164.0,84552.8203125,83285.3203125,83285.3203125,1267.5,0.0,1267.5
1059,83761.1,83769.4,83530.7,83549.3,9553.0,84604.3203125,83311.796875,83311.796875,1292.5234375,0.0,1292.5234375
1060,83552.4,83699.9,83552.4,83664.0,8323.0,84583.7109375,83360.2109375,83360.203125,1223.5,0.0078125,1223.5078125
1061,83663.9,83696.4,83552.1,83583.8,8161.0,84473.5546875,83413.3359375,83413.34375,1060.21875,0.0078125,1060.2109375
1062,83581.5,83617.6,83483.5,83502.9,9247.0,84346.3046875,83452.015625,83452.015625,894.2890625,0.0,894.2890625
1063,83498.6,83528.3,83410.5,83410.5,6310.0,84198.6171875,83474.9765625,83474.984375,723.640625,0.0078125,723.6328125
1064,83419.0,83419.1,83243.2,83355.1,44546.0,83983.7109375,83499.1171875,83499.125,484.59375,0.0078125,484.5859375
1065,83365.5,83365.5,83137.7,83245.0,10509.0,83788.328125,83509.3046875,83509.296875,279.0234375,0.0078125,279.03125
1066,83244.9,83472.3,83217.3,83376.4,11346.0,83616.1875,83507.0078125,83507.015625,109.1796875,0.0078125,109.171875
1067,83379.7,83599.9,83379.7,83593.4,5674.0,83468.515625,83504.5625,83504.5546875,36.046875,0.0078125,36.0390625
1068,83593.4,83810.5,83593.4,83773.3,12094.0,83331.3359375,83505.3671875,83505.3671875,174.03125,0.0,174.03125
1069,83778.5,83884.0,83778.5,83853.8,8720.0,83208.9921875,83535.8203125,83535.8203125,326.828125,0.0,326.828125
1070,83856.0,83932.0,83741.5,83919.5,6771.0,83098.1953125,83561.3671875,83561.3671875,463.171875,0.0,463.171875
1071,83916.6,84107.5,83916.6,84096.0,22793.0,82988.6171875,83612.5859375,83612.59375,623.96875,0.0078125,623.9765625
1072,84094.0,84469.1,84059.2,84469.1,44748.0,82931.4609375,83709.2109375,83709.2109375,777.75,0.0,777.75
1073,84469.1,84537.4,84331.0,84471.8,17837.0,82933.0234375,83815.3359375,83815.34375,882.3125,0.0078125,882.3203125
1074,84468.2,84514.9,84353.3,84407.5,7191.0,82948.0703125,83920.578125,83920.5859375,972.5078125,0.0078125,972.515625
1075,84405.0,84594.4,84400.8,84531.8,17853.0,83007.6875,84049.2578125,84049.265625,1041.5703125,0.0078125,1041.578125
1076,84531.8,84779.9,84531.8,84728.3,10834.0,83065.7109375,84184.453125,84184.453125,1118.7421875,0.0,1118.7421875
1077,84726.2,84730.2,84553.1,84639.2,8104.0,83146.6875,84289.0390625,84289.03125,1142.3515625,0.0078125,1142.34375
1078,84645.4,84843.4,84645.4,84788.6,6836.0,83315.53125,84390.5625,84390.5625,1075.03125,0.0,1075.03125
1079,84802.4,84937.8,84788.9,84921.0,9863.0,83510.40625,84497.28125,84497.28125,986.875,0.0,986.875
1080,84921.0,84963.5,84713.3,84825.4,29305.0,83707.390625,84587.875,84587.8671875,880.484375,0.0078125,880.4765625
1081,84825.4,84832.5,84578.6,84643.4,31444.0,83977.671875,84642.6171875,84642.609375,664.9453125,0.0078125,664.9375
1082,84648.7,84856.0,84635.0,84707.8,12198.0,84193.8046875,84666.484375,84666.46875,472.6796875,0.015625,472.6640625
1083,84713.1,84934.3,84713.1,84924.9,22912.0,84411.4453125,84711.796875,84711.7890625,300.3515625,0.0078125,300.34375
1084,84924.9,85000.0,84870.7,84992.2,7445.0,84627.1484375,84770.265625,84770.2578125,143.1171875,0.0078125,143.109375
1085,84988.3,85033.8,84865.2,84981.3,7177.0,84759.1328125,84815.2109375,84815.203125,56.078125,0.0078125,56.0703125
1086,84981.5,85175.3,84981.5,85131.6,10751.0,84960.453125,84855.546875,84855.546875,104.90625,0.0,104.90625
1087,85132.1,85495.4,85088.0,85405.6,32002.0,85096.1640625,84932.1796875,84932.1875,163.984375,0.0078125,163.9765625
1088,85414.1,85414.1,85208.4,85305.7,15830.0,85169.5234375,84983.8828125,84983.8984375,185.640625,0.015625,185.625
1089,85305.7,85471.1,85301.4,85384.0,5496.0,85218.7578125,85030.1796875,85030.1953125,188.578125,0.015625,188.5625
1090,85383.9,85383.9,85109.7,85229.7,15122.0,85216.8828125,85070.6171875,85070.6171875,146.265625,0.0,146.265625
1091,85228.3,85329.5,85143.0,85234.0,10143.0,85176.421875,85129.6796875,85129.671875,46.7421875,0.0078125,46.75
1092,85242.4,85311.9,85073.9,85155.1,14359.0,85105.5546875,85174.40625,85174.4140625,68.8515625,0.0078125,68.859375
1093,85166.3,85242.2,85024.3,85132.6,10146.0,84960.390625,85195.1875,85195.1796875,234.796875,0.0078125,234.7890625
1094,85162.9,85233.7,85104.3,85130.0,9191.0,84789.3359375,85208.9609375,85208.9609375,419.625,0.0,419.625
1095,85131.1,85316.6,85120.1,85194.0,7822.0,84628.90625,85230.234375,85230.234375,601.328125,0.0,601.328125
1096,85201.8,85285.2,85079.0,85131.4,8329.0,84439.109375,85230.2109375,85230.203125,791.1015625,0.0078125,791.09375
1097,85160.4,85295.5,84984.1,85144.8,17961.0,84333.34375,85204.125,85204.1328125,870.78125,0.0078125,870.7890625
1098,85144.8,85407.8,85127.1,85361.0,17528.0,84232.3671875,85209.65625,85209.65625,977.2890625,0.0,977.2890625
1099,85361.0,85448.1,85123.2,85123.2,8249.0,84157.9453125,85183.5859375,85183.578125,1025.640625,0.0078125,1025.6328125
1100,85123.2,85130.6,84951.8,85037.8,10494.0,84113.5625,85164.3984375,85164.390625,1050.8359375,0.0078125,1050.828125
1101,85042.0,85250.6,85016.8,85054.9,12391.0,84116.1796875,85146.4921875,85146.4765625,1030.3125,0.015625,1030.296875
1102,85063.5,85277.3,85063.5,85188.7,10834.0,84153.296875,85149.8359375,85149.8359375,996.5390625,0.0,996.5390625
1103,85187.8,85337.9,85118.3,85337.9,10198.0,84224.515625,85170.3671875,85170.359375,945.8515625,0.0078125,945.84375
1104,85346.5,85444.5,85329.2,85392.6,13602.0,84330.2578125,85196.625,85196.625,866.3671875,0.0,866.3671875
1105,85393.9,85561.9,85319.7,85418.8,11914.0,84444.46875,85219.109375,85219.109375,774.640625,0.0,774.640625
1106,85417.8,85429.4,85300.1,85300.4,8748.0,84544.75,85236.0078125,85236.015625,691.2578125,0.0078125,691.265625
1107,85300.0,85300.0,85090.5,85152.2,6980.0,84593.0078125,85236.75,85236.75,643.7421875,0.0,643.7421875
1108,85153.2,85165.3,85047.3,85085.0,10597.0,84661.8359375,85209.1484375,85209.1484375,547.3125,0.0,547.3125
1109,85085.0,85226.7,85085.0,85199.7,8634.0,84696.3984375,85216.8046875,85216.796875,520.40625,0.0078125,520.3984375
1110,85195.7,85336.2,85195.7,85319.5,6052.0,84716.0234375,85244.96875,85244.96875,528.9453125,0.0,528.9453125
1111,85325.4,85429.3,85285.5,85289.7,7594.0,84708.796875,85268.453125,85268.453125,559.65625,0.0,559.65625
1112,85285.6,85346.4,85205.0,85346.4,5640.0,84673.8359375,85284.21875,85284.2109375,610.3828125,0.0078125,610.375
1113,85342.2,85423.8,85333.7,85423.7,8240.0,84650.5,85292.8046875,85292.796875,642.3046875,0.0078125,642.296875
1114,85410.8,85471.1,85387.4,85430.1,7198.0,84594.0546875,85296.5546875,85296.546875,702.5,0.0078125,702.4921875
1115,85426.0,85471.1,85315.3,85394.0,5488.0,84552.4921875,85294.0625,85294.0703125,741.5703125,0.0078125,741.578125
1116,85397.6,85463.6,85352.0,85463.6,7635.0,84531.203125,85310.390625,85310.3984375,779.1875,0.0078125,779.1953125
1117,85471.1,85471.1,85238.8,85252.8,8913.0,84467.3046875,85320.453125,85320.453125,853.1484375,0.0,853.1484375
1118,85247.5,85285.1,85058.4,85130.4,12347.0,84390.640625,85324.984375,85324.9921875,934.34375,0.0078125,934.3515625
1119,85139.0,85276.5,85129.6,85169.9,15130.0,84288.3046875,85322.0078125,85322.0078125,1033.703125,0.0,1033.703125
1120,85181.6,85200.2,85075.3,85088.0,8698.0,84193.78125,85298.859375,85298.859375,1105.078125,0.0,1105.078125
1121,85088.0,85200.0,84990.6,85200.0,18433.0,84073.0546875,85289.8984375,85289.8828125,1216.84375,0.015625,1216.828125
1122,85200.0,85268.6,85181.8,85237.4,5815.0,83998.2890625,85278.9921875,85278.984375,1280.703125,0.0078125,1280.6953125
1123,85240.1,85268.1,85166.9,85205.4,5931.0,83976.7109375,85257.171875,85257.15625,1280.4609375,0.015625,1280.4453125
1124,85198.0,85198.4,85125.6,85172.6,3847.0,83983.4921875,85231.4140625,85231.40625,1247.921875,0.0078125,1247.9140625
1125,85173.4,85384.5,85173.4,85335.4,18953.0,84022.1484375,85225.5546875,85225.546875,1203.40625,0.0078125,1203.3984375
1126,85343.1,85349.8,85102.7,85181.6,8900.0,84029.15625,85197.34375,85197.3515625,1168.1875,0.0078125,1168.1953125
1127,85186.6,85246.2,85127.0,85230.2,5599.0,84090.8984375,85195.0859375,85195.09375,1104.1875,0.0078125,1104.1953125
1128,85224.5,85288.6,85170.3,85281.0,4742.0,84126.609375,85210.1484375,85210.1484375,1083.5390625,0.0,1083.5390625
1129,85281.0,85355.8,85279.4,85318.8,9746.0,84196.03125,85225.0390625,85225.046875,1029.0078125,0.0078125,1029.015625
1130,85318.7,85318.7,85180.9,85189.8,5384.0,84284.0703125,85235.21875,85235.2265625,951.1484375,0.0078125,951.15625
1131,85183.3,85269.7,85161.6,85223.7,6086.0,84363.3046875,85237.5859375,85237.59375,874.28125,0.0078125,874.2890625
1132,85222.7,85222.7,85020.0,85020.0,7734.0,84480.890625,85215.8515625,85215.8515625,734.9609375,0.0,734.9609375
1133,85006.4,85052.3,84906.1,84906.1,7145.0,84557.984375,85185.921875,85185.921875,627.9375,0.0,627.9375
1134,84905.8,84951.2,84779.9,84868.0,12524.0,84638.2734375,85155.4609375,85155.4609375,517.1875,0.0,517.1875
1135,84860.9,85071.5,84860.9,84990.3,8568.0,84698.0234375,85120.9609375,85120.953125,422.9375,0.0078125,422.9296875
1136,84988.0,84988.0,84879.2,84910.6,8412.0,84793.171875,85093.8515625,85093.859375,300.6796875,0.0078125,300.6875
1137,84910.7,84992.1,84867.1,84961.3,5568.0,84870.6796875,85066.9609375,85066.9609375,196.28125,0.0,196.28125
1138,84957.2,85017.6,84882.3,84901.1,4003.0,84956.8515625,85028.96875,85028.9765625,72.1171875,0.0078125,72.125
1139,84897.8,84949.5,84831.7,84855.1,9828.0,85016.2109375,84982.6015625,84982.609375,33.609375,0.0078125,33.6015625
1140,84871.0,84949.6,84782.5,84790.1,4940.0,85093.2109375,84942.6328125,84942.640625,150.578125,0.0078125,150.5703125
1141,84788.3,84808.4,84700.0,84751.4,8883.0,85177.453125,84895.3984375,84895.3984375,282.0546875,0.0,282.0546875
1142,84754.7,84754.7,84570.5,84612.5,12330.0,85204.703125,84854.65625,84854.6484375,350.046875,0.0078125,350.0546875
1143,84604.1,84637.0,84327.4,84423.9,40936.0,85221.1640625,84806.4296875,84806.421875,414.734375,0.0078125,414.7421875
1144,84420.7,84420.7,84208.6,84229.8,10888.0,85199.1796875,84742.6171875,84742.609375,456.5625,0.0078125,456.5703125
1145,84229.8,84290.6,84004.7,84024.3,17100.0,85168.703125,84646.0234375,84646.015625,522.6796875,0.0078125,522.6875
1146,84012.6,84258.9,83913.9,84150.8,11053.0,85078.6875,84570.0390625,84570.03125,508.6484375,0.0078125,508.65625
1147,84150.8,84159.2,83900.0,83998.3,31858.0,84989.5703125,84473.7421875,84473.734375,515.828125,0.0078125,515.8359375
1148,83998.4,84009.6,83758.2,83909.4,21347.0,84913.3203125,84374.5625,84374.5625,538.7578125,0.0,538.7578125
1149,83909.5,84162.2,83873.9,84122.5,18923.0,84854.8359375,84301.3046875,84301.296875,553.53125,0.0078125,553.5390625
1150,84122.4,84122.4,83911.3,83937.3,10531.0,84766.15625,84216.0234375,84216.0234375,550.1328125,0.0,550.1328125
1151,83951.5,84061.3,83783.2,83928.5,11695.0,84672.3203125,84133.734375,84133.734375,538.5859375,0.0,538.5859375
1152,83934.7,83934.7,83774.4,83783.4,7850.0,77696.7109375,84050.8203125,84050.8203125,6354.109375,0.0,6354.109375
1153,83792.7,83857.4,83586.1,83627.4,36647.0,69885.1171875,83971.1796875,83971.1640625,14086.0625,0.015625,14086.046875
1154,83623.2,83674.0,83547.0,83663.7,8006.0,61950.48046875,83914.5625,83914.546875,21964.08203125,0.015625,21964.06640625
1155,83660.6,83695.7,83545.4,83676.7,7245.0,53876.83203125,83879.8046875,83879.796875,30002.97265625,0.0078125,30002.96484375
1156,83682.7,83777.7,83607.0,83716.5,13175.0,46063.12109375,83836.3671875,83836.3671875,37773.24609375,0.0,37773.24609375
1157,83715.4,83715.4,83408.4,83449.0,20753.0,37963.359375,83781.4453125,83781.4375,45818.0859375,0.0078125,45818.078125
1158,83446.0,83498.2,83387.0,83480.7,13874.0,30224.80078125,83738.578125,83738.5703125,53513.77734375,0.0078125,53513.76953125
1159,83493.3,83525.2,83452.6,83455.1,6233.0,23077.791015625,83671.828125,83671.828125,60594.037109375,0.0,60594.037109375
1160,83471.8,83471.8,83291.7,83334.0,12585.0,15086.2998046875,83611.4921875,83611.5,68525.1923828125,0.0078125,68525.2001953125
1161,83342.4,83617.9,83325.6,83576.7,11625.0,7124.30029296875,83576.3125,83576.3203125,76452.01220703125,0.0078125,76452.02001953125
1162,83584.9,83594.5,83415.2,83489.9,7671.0,6110.39990234375,83546.9609375,83546.96875,77436.56103515625,0.0078125,77436.56884765625
1163,83460.4,83604.4,83436.0,83525.7,6586.0,7287.60009765625,83536.8046875,83536.796875,76249.20458984375,0.0078125,76249.19677734375
1164,83525.8,83653.4,83477.7,83620.6,9151.0,7421.2001953125,83532.4921875,83532.484375,76111.2919921875,0.0078125,76111.2841796875
1165,83629.0,83964.9,83580.7,83882.4,25524.0,7484.10009765625,83553.0625,83553.0546875,76068.96240234375,0.0078125,76068.95458984375
1166,83890.1,83915.8,83752.2,83793.9,9105.0,7491.89990234375,83560.8046875,83560.796875,76068.90478515625,0.0078125,76068.89697265625
1167,83798.6,83938.7,83798.5,83880.9,12169.0,7960.30029296875,83603.9921875,83603.984375,75643.69189453125,0.0078125,75643.68408203125
1168,83881.0,84189.7,83881.0,84072.7,17582.0,7651.5,83663.1875,83663.1796875,76011.6875,0.0078125,76011.6796875
1169,84072.6,84110.0,83977.5,84070.0,8548.0,7244.2001953125,83724.6796875,83724.671875,76480.4794921875,0.0078125,76480.4716796875
1170,84066.4,84172.1,83973.2,84144.1,11358.0,7265.10009765625,83805.6875,83805.6953125,76540.58740234375,0.0078125,76540.59521484375
1171,84139.7,84290.6,84139.7,84254.7,9421.0,7715.0,83873.4921875,83873.4921875,76158.4921875,0.0,76158.4921875
1172,84258.5,84413.2,84225.4,84413.2,12062.0,7625.60009765625,83965.8203125,83965.828125,76340.22021484375,0.0078125,76340.22802734375
1173,84413.2,84433.4,84171.6,84195.6,15662.0,6327.89990234375,84032.8046875,84032.8125,77704.90478515625,0.0078125,77704.91259765625
1174,84200.2,84304.5,84200.2,84296.3,3366.0,6078.80029296875,84100.375,84100.3828125,78021.57470703125,0.0078125,78021.58251953125
1175,84296.4,84338.8,84269.6,84338.8,8487.0,6009.80029296875,84146.0078125,84146.0234375,78136.20751953125,0.015625,78136.22314453125
1176,84347.4,84581.3,84347.4,84485.4,12701.0,6576.0,84215.171875,84215.171875,77639.171875,0.0,77639.171875
1177,84487.4,84546.4,84484.0,84509.9,5394.0,6622.39990234375,84278.0703125,84278.0625,77655.67041015625,0.0078125,77655.66259765625
1178,84509.9,84590.6,84498.0,84536.8,6268.0,6405.0,84324.484375,84324.4765625,77919.484375,0.0078125,77919.4765625
1179,84533.6,84566.9,84485.3,84517.0,5349.0,6471.2001953125,84369.1796875,84369.1796875,77897.9794921875,0.0,77897.9794921875
1180,84524.8,84553.9,84337.7,84382.3,14614.0,7426.7001953125,84393.0,84393.0078125,76966.2998046875,0.0078125,76966.3076171875
1181,84392.1,84400.7,84168.8,84349.4,33939.0,6886.89990234375,84402.4765625,84402.46875,77515.57666015625,0.0078125,77515.56884765625
1182,84365.0,84388.0,84278.7,84349.9,6606.0,6861.60009765625,84396.1484375,84396.140625,77534.54833984375,0.0078125,77534.54052734375
1183,84345.6,84472.3,84345.6,84462.4,5434.0,7066.7001953125,84422.8203125,84422.8125,77356.1201171875,0.0078125,77356.1123046875
1184,84465.5,84531.8,84428.4,84529.1,16535.0,6872.10009765625,84446.1015625,84446.09375,77574.00146484375,0.0078125,77573.99365234375
1185,84532.3,84587.4,84397.0,84448.4,7372.0,6783.60009765625,84457.0546875,84457.0546875,77673.45458984375,0.0,77673.45458984375
1186,84452.6,84506.9,84426.9,84432.8,6998.0,6324.5,84451.8046875,84451.796875,78127.3046875,0.0078125,78127.296875
1187,84436.5,84559.0,84403.6,84559.0,5150.0,5740.0,84456.7109375,84456.7109375,78716.7109375,0.0,78716.7109375
1188,84559.0,85041.7,84547.6,84927.3,23950.0,6085.5,84495.7578125,84495.765625,78410.2578125,0.0078125,78410.265625
1189,84929.4,85082.1,84766.9,84804.0,12416.0,5896.30029296875,84524.4609375,84524.4609375,78628.16064453125,0.0,78628.16064453125
1190,84803.0,85016.3,84803.0,84878.2,11871.0,6168.10009765625,84574.046875,84574.046875,78405.94677734375,0.0,78405.94677734375
1191,84877.0,84977.4,84773.4,84844.7,7295.0,7558.2001953125,84623.578125,84623.578125,77065.3779296875,0.0,77065.3779296875
1192,84851.2,84856.0,84676.1,84707.5,12813.0,8724.2998046875,84659.3359375,84659.3359375,75935.0361328125,0.0,75935.0361328125
1193,84720.3,84870.1,84720.3,84795.0,5609.0,8330.2001953125,84692.6015625,84692.6015625,76362.4013671875,0.0,76362.4013671875
1194,84777.9,84777.9,84558.1,84683.4,7423.0,8959.6005859375,84708.03125,84708.0234375,75748.4306640625,0.0078125,75748.4228515625
1195,84666.5,84714.0,84598.9,84711.8,5164.0,8945.5,84734.3671875,84734.3671875,75788.8671875,0.0,75788.8671875
1196,84707.5,84745.1,84601.9,84646.0,5867.0,8985.900390625,84755.6875,84755.6875,75769.787109375,0.0,75769.787109375
1197,84645.3,84657.8,84504.9,84595.3,6202.0,9532.900390625,84759.3203125,84759.3203125,75226.419921875,0.0,75226.419921875
1198,84584.1,84642.0,84556.9,84621.6,3858.0,11715.5,84728.75,84728.7578125,73013.25,0.0078125,73013.2578125
1199,84612.8,84636.4,84562.6,84574.1,6899.0,13040.400390625,84705.765625,84705.765625,71665.365234375,0.0,71665.365234375
1200,84579.3,84653.4,84561.3,84595.8,4130.0,12349.7001953125,84677.5234375,84677.5234375,72327.8232421875,0.0,72327.8232421875
1201,84601.0,84657.3,84428.3,84428.3,6261.0,11607.0,84635.875,84635.890625,73028.875,0.015625,73028.890625
1202,84432.6,84573.7,84432.6,84560.2,7631.0,10325.0,84621.1484375,84621.1484375,74296.1484375,0.0,74296.1484375
1203,84547.6,84699.9,84523.2,84684.8,5995.0,10372.400390625,84610.125,84610.1328125,74237.724609375,0.0078125,74237.732421875
1204,84689.0,84767.0,84628.4,84749.9,10380.0,10352.1005859375,84616.78125,84616.7734375,74264.6806640625,0.0078125,74264.6728515625
1205,84752.5,84798.4,84665.3,84666.3,4803.0,10709.2998046875,84612.2421875,84612.234375,73902.9423828125,0.0078125,73902.9345703125
1206,84668.5,84668.5,84573.8,84594.9,4486.0,10376.7998046875,84607.125,84607.1171875,74230.3251953125,0.0078125,74230.3173828125
1207,84603.5,84632.9,84568.0,84579.0,5117.0,10359.7998046875,84605.4921875,84605.484375,74245.6923828125,0.0078125,74245.6845703125
1208,84574.0,84622.8,84543.6,84622.8,4226.0,8136.5,84605.6171875,84605.609375,76469.1171875,0.0078125,76469.109375
1209,84622.8,84838.7,84622.8,84818.8,6063.0,6630.80029296875,84630.0859375,84630.078125,77999.28564453125,0.0078125,77999.27783203125
1210,84823.0,84893.5,84713.3,84753.6,5369.0,6166.0,84645.859375,84645.859375,78479.859375,0.0,78479.859375
1211,84753.5,84787.4,84651.2,84735.2,7993.0,5385.7001953125,84676.5546875,84676.546875,79290.8544921875,0.0078125,79290.8466796875
1212,84736.2,84751.3,84611.1,84628.1,3401.0,5427.39990234375,84683.3359375,84683.34375,79255.93603515625,0.0078125,79255.94384765625
1213,84619.0,84619.0,84500.1,84528.5,5541.0,5548.80029296875,84667.7109375,84667.7109375,79118.91064453125,0.0,79118.91064453125
1214,84515.0,84601.6,84491.5,84564.8,4341.0,5132.89990234375,84649.203125,84649.203125,79516.30322265625,0.0,79516.30322265625
1215,84560.6,84560.6,84477.0,84550.4,4307.0,4781.2001953125,84637.609375,84637.609375,79856.4091796875,0.0,79856.4091796875
1216,84559.1,84682.5,84556.3,84682.5,3839.0,4699.60009765625,84646.375,84646.3671875,79946.77490234375,0.0078125,79946.76708984375
1217,84686.6,84718.5,84635.9,84718.5,4857.0,4317.10009765625,84660.328125,84660.3125,80343.22802734375,0.015625,80343.21240234375
1218,84709.0,84710.8,84545.8,84555.3,3550.0,4789.10009765625,84653.578125,84653.5703125,79864.47802734375,0.0078125,79864.47021484375
1219,84571.0,84762.2,84567.1,84759.5,4013.0,4949.60009765625,84647.6484375,84647.640625,79698.04833984375,0.0078125,79698.04052734375
1220,84759.5,84912.6,84702.4,84889.8,5755.0,6093.10009765625,84661.265625,84661.265625,78568.16552734375,0.0,78568.16552734375
1221,84896.8,84968.5,84896.8,84961.3,5503.0,6196.0,84683.8671875,84683.8671875,78487.8671875,0.0,78487.8671875
1222,84960.5,85023.8,84845.7,84852.6,7672.0,6154.60009765625,84706.3203125,84706.328125,78551.72021484375,0.0078125,78551.72802734375
1223,84871.0,84892.0,84759.8,84883.9,8826.0,5827.2001953125,84741.859375,84741.859375,78914.6591796875,0.0,78914.6591796875
1224,84884.9,84952.4,84811.6,84914.5,4672.0,5660.5,84776.8359375,84776.828125,79116.3359375,0.0078125,79116.328125
1225,84901.7,85024.2,84901.7,84973.7,4123.0,5590.39990234375,84819.1640625,84819.1640625,79228.76416015625,0.0,79228.76416015625
1226,84970.0,85009.0,84947.1,84955.7,3577.0,5543.0,84846.484375,84846.4765625,79303.484375,0.0078125,79303.4765625
1227,84969.0,84973.7,84936.4,84937.4,2647.0,5427.10009765625,84868.375,84868.359375,79441.27490234375,0.015625,79441.25927734375
1228,84937.3,84937.3,84827.7,84882.3,4596.0,4768.5,84901.078125,84901.0703125,80132.578125,0.0078125,80132.5703125
1229,84882.2,84925.0,84868.6,84895.3,4052.0,4280.0,84914.6484375,84914.6484375,80634.6484375,0.0,80634.6484375
1230,84895.3,84998.5,84866.9,84877.4,5019.0,2973.5,84913.40625,84913.40625,81939.90625,0.0,81939.90625
1231,84888.3,84905.0,84702.6,84719.9,7820.0,2872.0,84889.2734375,84889.265625,82017.2734375,0.0078125,82017.265625
1232,84719.9,84799.6,84676.5,84744.1,7162.0,4359.5,84878.421875,84878.421875,80518.921875,0.0,80518.921875
1233,84742.8,84769.3,84649.4,84658.7,5654.0,4461.39990234375,84855.8984375,84855.8984375,80394.49853515625,0.0,80394.49853515625
1234,84647.0,84680.1,84620.4,84639.7,3991.0,4426.60009765625,84828.421875,84828.421875,80401.82177734375,0.0,80401.82177734375
1235,84639.8,84730.1,84639.8,84730.1,6066.0,4429.0,84804.0625,84804.0625,80375.0625,0.0,80375.0625
1236,84732.8,84841.4,84732.8,84758.0,4764.0,4523.10009765625,84784.2890625,84784.2890625,80261.18896484375,0.0,80261.18896484375
1237,84757.9,84819.6,84709.7,84816.7,4422.0,4727.0,84772.21875,84772.21875,80045.21875,0.0,80045.21875
1238,84819.6,84872.1,84814.6,84855.0,3554.0,4742.80029296875,84769.4921875,84769.484375,80026.69189453125,0.0078125,80026.68408203125
1239,84850.0,84855.7,84745.7,84745.7,4365.0,5492.30029296875,84754.5234375,84754.5234375,79262.22314453125,0.0,79262.22314453125
1240,84744.6,84772.2,84679.9,84681.8,6231.0,5567.2001953125,84734.96875,84734.96875,79167.7685546875,0.0,79167.7685546875
1241,84682.2,84696.8,84600.0,84659.2,4135.0,5715.30029296875,84728.8984375,84728.8984375,79013.59814453125,0.0,79013.59814453125
1242,84666.3,84700.8,84633.6,84657.1,4495.0,4770.2001953125,84720.203125,84720.203125,79950.0029296875,0.0,79950.0029296875
1243,84657.4,84657.4,84437.4,84445.4,12001.0,4971.7001953125,84698.8671875,84698.8671875,79727.1669921875,0.0,79727.1669921875
1244,84445.5,84470.5,84350.9,84440.0,5845.0,5203.0,84678.8984375,84678.8984375,79475.8984375,0.0,79475.8984375
1245,84447.1,84447.3,84342.6,84383.2,10287.0,5240.80029296875,84644.2109375,84644.203125,79403.41064453125,0.0078125,79403.40283203125
1246,84378.9,84403.2,84241.3,84274.8,6575.0,5268.80029296875,84595.890625,84595.890625,79327.09033203125,0.0,79327.09033203125
1247,84270.6,84367.3,84225.5,84367.2,6615.0,5451.5,84550.9375,84550.9375,79099.4375,0.0,79099.4375
1248,84367.2,84430.8,84293.0,84388.3,8113.0,5986.7001953125,84504.2734375,84504.2734375,78517.5732421875,0.0,78517.5732421875
1249,84388.2,84442.1,84332.8,84377.2,4869.0,5343.2001953125,84467.421875,84467.421875,79124.2216796875,0.0,79124.2216796875
1250,84369.0,84404.5,84304.8,84324.8,6715.0,5180.0,84431.71875,84431.7265625,79251.71875,0.0078125,79251.7265625
1251,84316.3,84316.3,84249.3,84256.0,5524.0,5024.7001953125,84391.3984375,84391.3984375,79366.6982421875,0.0,79366.6982421875
1252,84250.1,84307.1,84178.8,84238.0,9858.0,4969.0,84349.4921875,84349.4921875,79380.4921875,0.0,79380.4921875
1253,84240.4,84240.4,84116.7,84120.3,4542.0,4709.80029296875,84316.984375,84316.984375,79607.18408203125,0.0,79607.18408203125
1254,84117.0,84193.2,84063.2,84170.8,5030.0,63274.0,84290.0546875,84290.0625,21016.0546875,0.0078125,21016.0625
1255,84176.1,84361.3,84176.1,84345.3,4132.0,69645.203125,84286.2734375,84286.2734375,14641.0703125,0.0,14641.0703125
1256,84345.3,84359.7,84245.5,84254.0,5754.0,72547.703125,84284.1875,84284.1953125,11736.484375,0.0078125,11736.4921875
1257,84254.1,84266.7,84165.4,84204.8,2063.0,74288.8984375,84267.953125,84267.953125,9979.0546875,0.0,9979.0546875
1258,84226.0,84268.1,84196.0,84207.2,3810.0,74738.8984375,84249.84375,84249.84375,9510.9453125,0.0,9510.9453125
1259,84188.2,84224.2,84179.5,84209.9,3738.0,75634.703125,84233.1171875,84233.109375,8598.4140625,0.0078125,8598.40625
1260,84202.7,84268.2,84175.1,84237.9,6033.0,76822.5,84224.4296875,84224.4140625,7401.9296875,0.015625,7401.9140625
1261,84234.1,84366.1,84194.6,84335.2,5805.0,77387.3984375,84232.34375,84232.328125,6844.9453125,0.015625,6844.9296875
1262,84335.2,84340.4,84206.4,84239.7,8218.0,77502.0,84232.5234375,84232.5,6730.5234375,0.0234375,6730.5
1263,84239.6,84345.5,84214.1,84315.6,7880.0,79206.8046875,84252.046875,84252.0390625,5045.2421875,0.0078125,5045.234375
1264,84320.8,84320.8,84181.8,84186.3,3710.0,21857.900390625,84253.59375,84253.59375,62395.693359375,0.0,62395.693359375
1265,84182.0,84194.1,84034.7,84063.0,19380.0,15750.400390625,84225.3671875,84225.359375,68474.966796875,0.0078125,68474.958984375
1266,84063.1,84101.4,84000.2,84000.2,12074.0,13102.2998046875,84199.9765625,84199.984375,71097.6767578125,0.0078125,71097.6845703125
1267,84000.0,84074.3,83904.3,83904.3,9397.0,12297.7998046875,84169.9296875,84169.921875,71872.1298828125,0.0078125,71872.1220703125
1268,83900.0,83929.4,83857.1,83916.3,8282.0,12716.5,84140.8359375,84140.8359375,71424.3359375,0.0,71424.3359375
1269,83933.1,83933.1,83883.7,83920.2,6761.0,12077.400390625,84111.8671875,84111.8671875,72034.466796875,0.0,72034.466796875
1270,83919.3,84011.8,83919.3,84011.8,17995.0,12666.400390625,84089.265625,84089.265625,71422.865234375,0.0,71422.865234375
1271,84011.9,84094.0,84011.9,84092.7,4472.0,12606.2001953125,84065.015625,84065.015625,71458.8154296875,0.0,71458.8154296875
1272,84092.6,84344.8,84090.7,84217.9,10984.0,12096.1005859375,84062.8359375,84062.828125,71966.7353515625,0.0078125,71966.7275390625
1273,84214.3,84214.3,84078.0,84117.3,6081.0,10752.400390625,84043.0,84043.0,73290.599609375,0.0,73290.599609375
1274,84121.5,84198.6,84121.5,84192.3,3944.0,9982.6005859375,84043.6015625,84043.6015625,74061.0009765625,0.0,74061.0009765625
1275,84207.3,84212.4,84004.8,84004.8,13441.0,9990.2001953125,84037.78125,84037.78125,74047.5810546875,0.0,74047.5810546875
1276,83992.1,83996.7,83929.0,83961.3,6353.0,11391.2998046875,84033.8984375,84033.890625,72642.5986328125,0.0078125,72642.5908203125
1277,83966.4,83971.6,83877.7,83931.0,4186.0,11947.7001953125,84036.5625,84036.5625,72088.8623046875,0.0,72088.8623046875
1278,83914.8,83940.5,83848.1,83859.0,4120.0,12083.6005859375,84030.828125,84030.828125,71947.2275390625,0.0,71947.2275390625
1279,83850.6,83892.0,83769.8,83826.0,7933.0,12569.2998046875,84021.4140625,84021.4140625,71452.1142578125,0.0,71452.1142578125
1280,83822.0,83848.0,83750.0,83818.8,6358.0,11902.7998046875,84002.1171875,84002.109375,72099.3173828125,0.0078125,72099.3095703125
1281,83820.1,83849.7,83779.1,83828.8,7407.0,12020.900390625,83975.71875,83975.71875,71954.818359375,0.0,71954.818359375
1282,83828.6,83891.3,83780.3,83853.9,7302.0,13826.5,83939.328125,83939.3203125,70112.828125,0.0078125,70112.8203125
1283,83843.7,83866.5,83708.9,83713.4,5583.0,13922.400390625,83898.9296875,83898.921875,69976.529296875,0.0078125,69976.521484375
1284,83713.3,83713.3,83641.8,83693.4,6586.0,18858.900390625,83849.046875,83849.03125,64990.146484375,0.015625,64990.130859375
1285,83700.0,83852.0,83700.0,83848.3,8200.0,21562.201171875,83833.3984375,83833.390625,62271.197265625,0.0078125,62271.189453125
1286,83855.8,83905.9,83831.3,83862.8,3187.0,20799.900390625,83823.546875,83823.546875,63023.646484375,0.0,63023.646484375
1287,83872.8,83872.9,83650.6,83650.6,4158.0,19531.201171875,83795.5,83795.5078125,64264.298828125,0.0078125,64264.306640625
1288,83650.5,83652.1,83588.0,83647.7,5952.0,19247.201171875,83774.375,83774.375,64527.173828125,0.0,64527.173828125
1289,83645.7,83645.7,83500.1,83538.1,5771.0,19502.099609375,83745.5859375,83745.5859375,64243.486328125,0.0,64243.486328125
1290,83535.1,83580.0,83469.8,83503.7,7573.0,19248.701171875,83714.0703125,83714.078125,64465.369140625,0.0078125,64465.376953125
1291,83513.7,83580.8,83482.9,83560.0,4075.0,21247.599609375,83687.1796875,83687.1953125,62439.580078125,0.015625,62439.595703125
1292,83558.1,83583.9,83455.7,83472.6,4779.0,21618.900390625,83649.0546875,83649.0625,62030.154296875,0.0078125,62030.162109375
1293,83475.7,83697.7,83460.8,83697.7,7239.0,21407.400390625,83647.4921875,83647.4921875,62240.091796875,0.0,62240.091796875
1294,83699.2,83728.7,83561.3,83568.8,3836.0,16365.6005859375,83635.0390625,83635.03125,67269.4384765625,0.0078125,67269.4306640625
1295,83575.0,83868.0,83575.0,83768.7,8085.0,13629.2998046875,83627.078125,83627.078125,69997.7783203125,0.0,69997.7783203125
1296,83759.3,83801.6,83697.5,83736.2,8254.0,13425.7998046875,83614.4140625,83614.4140625,70188.6142578125,0.0,70188.6142578125
1297,83733.7,83895.9,83695.4,83895.1,5175.0,16312.5,83638.8671875,83638.859375,67326.3671875,0.0078125,67326.359375
1298,83895.1,84172.5,83887.2,84172.5,15440.0,15292.2001953125,83691.34375,83691.34375,68399.1435546875,0.0,68399.1435546875
1299,84172.5,84198.5,84014.1,84014.1,18881.0,14415.1005859375,83738.9375,83738.9453125,69323.8369140625,0.0078125,69323.8447265625
1300,83997.4,84091.5,83936.3,84091.5,5203.0,14446.7998046875,83797.71875,83797.7265625,69350.9189453125,0.0078125,69350.9267578125
1301,84094.7,84191.0,84042.3,84116.6,5684.0,11873.0,83853.3828125,83853.390625,71980.3828125,0.0078125,71980.390625
1302,84106.1,84192.9,84071.6,84071.6,3578.0,9798.7001953125,83913.28125,83913.2890625,74114.5810546875,0.0078125,74114.5888671875
1303,84067.3,84262.1,84000.0,84188.2,5813.0,9880.900390625,83962.3359375,83962.328125,74081.435546875,0.0078125,74081.427734375
1304,84184.0,84268.3,84160.8,84247.8,6726.0,9840.5,84030.2265625,84030.234375,74189.7265625,0.0078125,74189.734375
1305,84253.9,84347.9,84232.0,84289.8,12553.0,10152.5,84082.34375,84082.34375,73929.84375,0.0,73929.84375
1306,84291.0,84482.7,84288.8,84477.0,6928.0,9663.900390625,84156.4296875,84156.421875,74492.529296875,0.0078125,74492.521484375
1307,84474.3,84572.8,84359.7,84463.5,12104.0,6281.89990234375,84213.265625,84213.265625,77931.36572265625,0.0,77931.36572265625
1308,84491.5,84593.8,84445.5,84593.8,5926.0,8859.900390625,84255.3984375,84255.390625,75395.498046875,0.0078125,75395.490234375
1309,84594.3,84657.3,84538.5,84556.0,6393.0,9981.5,84309.5859375,84309.578125,74328.0859375,0.0078125,74328.078125
1310,84561.0,84644.8,84352.5,84355.3,17323.0,9962.2998046875,84335.9609375,84335.9609375,74373.6611328125,0.0,74373.6611328125
1311,84363.8,84549.6,84358.7,84520.5,3899.0,10818.7998046875,84376.3515625,84376.3515625,73557.5517578125,0.0,73557.5517578125
1312,84505.5,84545.4,84432.1,84432.1,5541.0,30020.80078125,84412.3984375,84412.40625,54391.59765625,0.0078125,54391.60546875
1313,84428.9,84500.3,84385.7,84385.7,5566.0,33295.80078125,84432.15625,84432.1484375,51136.35546875,0.0078125,51136.34765625
1314,84385.6,84501.2,84352.7,84491.3,7929.0,35577.69921875,84456.5,84456.5,48878.80078125,0.0,48878.80078125
1315,84491.4,84517.3,84240.4,84367.0,27198.0,41068.1015625,84464.21875,84464.2265625,43396.1171875,0.0078125,43396.125
1316,84371.1,84579.1,84371.1,84566.3,16838.0,42916.40234375,84473.1484375,84473.1484375,41556.74609375,0.0,41556.74609375
1317,84566.3,84657.5,84500.1,84637.2,28911.0,43873.5,84490.5234375,84490.515625,40617.0234375,0.0078125,40617.015625
1318,84637.2,84641.0,84500.1,84533.7,4804.0,41321.6015625,84484.515625,84484.515625,43162.9140625,0.0,43162.9140625
1319,84531.4,84644.5,84385.1,84562.9,35778.0,40507.30078125,84485.203125,84485.203125,43977.90234375,0.0,43977.90234375
1320,84565.2,84628.1,84510.1,84607.1,9880.0,40164.80078125,84510.3828125,84510.375,44345.58203125,0.0078125,44345.57421875
1321,84624.0,84749.9,84624.0,84645.2,13423.0,40471.80078125,84522.859375,84522.8515625,44051.05859375,0.0078125,44051.05078125
1322,84645.2,84691.3,84599.5,84624.6,6810.0,21524.400390625,84542.1015625,84542.1015625,63017.701171875,0.0,63017.701171875
1323,84623.4,84623.4,84466.6,84474.4,7868.0,18476.599609375,84550.9765625,84550.96875,66074.376953125,0.0078125,66074.369140625
1324,84473.5,84506.1,84339.1,84506.1,8344.0,16362.0,84552.453125,84552.453125,68190.453125,0.0,68190.453125
1325,84501.9,84535.7,84425.5,84470.1,5125.0,14048.7001953125,84562.7578125,84562.765625,70514.0576171875,0.0078125,70514.0654296875
1326,84473.0,84624.4,84473.0,84570.9,5409.0,12304.0,84563.21875,84563.2265625,72259.21875,0.0078125,72259.2265625
1327,84573.3,84586.9,84510.2,84570.1,5718.0,12123.1005859375,84556.5078125,84556.515625,72433.4072265625,0.0078125,72433.4150390625
1328,84577.4,84577.4,84502.7,84553.3,5204.0,12121.7998046875,84558.46875,84558.4765625,72436.6689453125,0.0078125,72436.6767578125
1329,84557.5,84573.1,84470.5,84474.8,3454.0,12556.400390625,84549.6640625,84549.6640625,71993.263671875,0.0,71993.263671875
1330,84494.4,84595.0,84459.5,84595.0,3585.0,12799.1005859375,84548.453125,84548.453125,71749.3525390625,0.0,71749.3525390625
1331,84595.0,84641.1,84520.0,84520.0,5515.0,11765.2998046875,84535.9296875,84535.9296875,72770.6298828125,0.0,72770.6298828125
1332,84520.0,84540.0,84436.8,84531.9,2068.0,11669.5,84526.6640625,84526.65625,72857.1640625,0.0078125,72857.15625
1333,84528.5,84623.9,84528.5,84593.7,5397.0,11554.900390625,84538.59375,84538.5859375,72983.693359375,0.0078125,72983.685546875
1334,84593.8,84623.9,84580.6,84607.0,2500.0,11010.2998046875,84548.6796875,84548.671875,73538.3798828125,0.0078125,73538.3720703125
1335,84602.0,84632.5,84525.2,84525.2,4342.0,7403.39990234375,84554.1953125,84554.1875,77150.79541015625,0.0078125,77150.78759765625
1336,84495.7,84515.5,84416.9,84435.8,6431.0,7451.10009765625,84540.6875,84540.6796875,77089.58740234375,0.0078125,77089.57958984375
1337,84437.8,84583.7,84433.5,84583.7,3990.0,6988.30029296875,84542.0390625,84542.0390625,77553.73876953125,0.0,77553.73876953125
1338,84585.3,84629.4,84440.0,84440.0,3820.0,7440.60009765625,84530.7109375,84530.703125,77090.11083984375,0.0078125,77090.10302734375
1339,84434.2,84550.9,84434.2,84512.1,3444.0,7427.30029296875,84534.4375,84534.4453125,77107.13720703125,0.0078125,77107.14501953125
1340,84500.1,84700.0,84494.2,84683.0,7857.0,8105.10009765625,84543.2421875,84543.2421875,76438.14208984375,0.0,76438.14208984375
1341,84682.9,84757.3,84664.2,84722.2,6431.0,10225.1005859375,84563.4609375,84563.4609375,74338.3603515625,0.0,74338.3603515625
1342,84732.9,84821.9,84731.4,84813.0,6394.0,10442.2001953125,84591.5703125,84591.5703125,74149.3701171875,0.0,74149.3701171875
1343,84816.3,84884.7,84795.9,84873.6,6753.0,10902.5,84619.5625,84619.5546875,73717.0625,0.0078125,73717.0546875
1344,84876.0,84882.6,84729.1,84737.6,5693.0,11578.900390625,84632.6171875,84632.625,73053.716796875,0.0078125,73053.724609375
1345,84741.8,84950.0,84732.4,84931.7,23302.0,12550.6005859375,84673.2734375,84673.2734375,72122.6728515625,0.0,72122.6728515625
1346,84926.2,84950.0,84926.2,84930.6,3691.0,13703.2001953125,84722.75,84722.7578125,71019.5498046875,0.0078125,71019.5576171875
1347,84930.5,84976.9,84930.5,84946.3,2009.0,14827.400390625,84759.015625,84759.015625,69931.615234375,0.0,69931.615234375
1348,84946.2,84959.3,84922.1,84943.4,2789.0,14381.6005859375,84809.3515625,84809.3515625,70427.7509765625,0.0,70427.7509765625
1349,84943.5,84987.6,84943.5,84951.5,3120.0,14058.7998046875,84853.2890625,84853.296875,70794.4892578125,0.0078125,70794.4970703125
1350,84951.6,84976.7,84937.7,84976.7,4769.0,16262.7998046875,84882.6640625,84882.65625,68619.8642578125,0.0078125,68619.8564453125
1351,84986.9,85033.2,84976.6,85021.0,3567.0,14911.900390625,84912.546875,84912.53125,70000.646484375,0.015625,70000.630859375
1352,85023.1,85095.1,84998.7,85054.4,7024.0,14994.400390625,84936.6875,84936.6796875,69942.287109375,0.0078125,69942.279296875
1353,85060.0,85060.0,84988.0,84991.1,5809.0,14749.2001953125,84948.4296875,84948.4296875,70199.2294921875,0.0,70199.2294921875
1354,84995.0,84995.0,84926.9,84981.1,6869.0,14964.6005859375,84972.78125,84972.78125,70008.1806640625,0.0,70008.1806640625
1355,84986.9,85125.0,84986.9,85079.5,4883.0,14949.7001953125,84987.5625,84987.5625,70037.8623046875,0.0,70037.8623046875
1356,85078.9,85287.3,85078.9,85214.9,12182.0,14780.5,85015.9921875,85015.984375,70235.4921875,0.0078125,70235.484375
1357,85207.9,85207.9,85091.6,85125.2,5917.0,14396.2998046875,85033.875,85033.8828125,70637.5751953125,0.0078125,70637.5830078125
1358,85123.3,85191.3,85115.6,85191.3,3562.0,14791.1005859375,85058.671875,85058.6640625,70267.5712890625,0.0078125,70267.5634765625
1359,85203.1,85266.4,85172.5,85266.3,7952.0,14783.7998046875,85090.1484375,85090.1484375,70306.3486328125,0.0,70306.3486328125
1360,85266.3,85335.9,85224.6,85314.8,4649.0,12140.900390625,85123.9609375,85123.9609375,72983.060546875,0.0,72983.060546875
1361,85314.7,85327.6,85257.9,85290.8,5677.0,14513.6005859375,85150.9375,85150.9453125,70637.3369140625,0.0078125,70637.3447265625
1362,85284.2,85385.0,85284.2,85349.3,4114.0,14312.6005859375,85180.4296875,85180.4375,70867.8291015625,0.0078125,70867.8369140625
1363,85349.3,85349.4,85323.7,85337.2,2560.0,15398.2998046875,85215.0390625,85215.046875,69816.7392578125,0.0078125,69816.7470703125
1364,85337.2,85337.2,85219.7,85247.9,5227.0,14759.6005859375,85241.71875,85241.71875,70482.1181640625,0.0,70482.1181640625
1365,85249.9,85259.9,85178.6,85204.9,5217.0,14609.7998046875,85254.265625,85254.2578125,70644.4658203125,0.0078125,70644.4580078125
1366,85204.9,85235.3,85140.2,85140.2,4989.0,14611.7998046875,85246.796875,85246.78125,70634.9970703125,0.015625,70634.9814453125
1367,85140.2,85235.6,85140.2,85232.7,4661.0,13822.400390625,85257.5546875,85257.53125,71435.154296875,0.0234375,71435.130859375
1368,85230.2,85332.6,85230.2,85308.8,3567.0,15125.400390625,85269.296875,85269.2890625,70143.896484375,0.0078125,70143.888671875
1369,85308.7,85325.6,85247.1,85272.4,7719.0,15813.6005859375,85269.90625,85269.8984375,69456.3056640625,0.0078125,69456.2978515625
1370,85272.4,85299.3,85242.7,85271.8,3274.0,15522.1005859375,85265.6015625,85265.6015625,69743.5009765625,0.0,69743.5009765625
1371,85271.7,85385.0,85263.6,85385.0,9905.0,13711.7001953125,85275.015625,85275.015625,71563.3154296875,0.0,71563.3154296875
1372,85396.3,85402.3,85347.9,85376.7,7416.0,13985.5,85277.75,85277.7578125,71292.25,0.0078125,71292.2578125
1373,85376.6,85376.6,85336.1,85336.1,2453.0,13028.7998046875,85277.6484375,85277.6484375,72248.8486328125,0.0,72248.8486328125
1374,85340.3,85340.3,85214.1,85227.1,3585.0,13221.7998046875,85275.5625,85275.578125,72053.7626953125,0.015625,72053.7783203125
1375,85232.9,85265.0,85131.3,85150.6,4884.0,13247.1005859375,85270.140625,85270.140625,72023.0400390625,0.0,72023.0400390625
1376,85156.9,85264.9,85137.6,85233.7,4093.0,12056.5,85279.4921875,85279.4921875,73222.9921875,0.0,73222.9921875
1377,85217.6,85250.2,85187.9,85187.9,3042.0,11847.1005859375,85275.0078125,85275.0078125,73427.9072265625,0.0,73427.9072265625
1378,85188.0,85219.6,85140.7,85146.9,5387.0,10270.400390625,85258.8203125,85258.8125,74988.419921875,0.0078125,74988.412109375
1379,85147.0,85168.0,85123.9,85168.0,3676.0,9087.7001953125,85248.3828125,85248.375,76160.6826171875,0.0078125,76160.6748046875
1380,85173.0,85201.1,85145.5,85175.5,2938.0,12166.7001953125,85238.75,85238.7421875,73072.0498046875,0.0078125,73072.0419921875
1381,85175.4,85308.7,85175.4,85271.4,3374.0,12548.6005859375,85227.3984375,85227.390625,72678.7978515625,0.0078125,72678.7900390625
1382,85275.7,85346.8,85275.7,85335.1,4547.0,15193.5,85223.2421875,85223.234375,70029.7421875,0.0078125,70029.734375
1383,85331.1,85396.9,85307.4,85363.7,5691.0,15521.2001953125,85225.9921875,85225.9921875,69704.7919921875,0.0,69704.7919921875
1384,85363.6,85363.6,85312.6,85317.6,2770.0,15355.7998046875,85235.0390625,85235.046875,69879.2392578125,0.0078125,69879.2470703125
1385,85312.7,85317.4,85182.3,85182.4,4293.0,15879.2998046875,85238.21875,85238.21875,69358.9189453125,0.0,69358.9189453125
1386,85182.3,85314.3,85164.8,85314.3,6325.0,16852.400390625,85246.2734375,85246.28125,68393.873046875,0.0078125,68393.880859375
1387,85318.0,85318.0,85226.7,85286.0,4384.0,17005.0,85256.0859375,85256.09375,68251.0859375,0.0078125,68251.09375
1388,85277.4,85298.6,85251.3,85282.4,2589.0,16833.900390625,85269.640625,85269.640625,68435.740234375,0.0,68435.740234375
1389,85280.3,85297.1,85264.1,85288.1,4552.0,18828.599609375,85281.6484375,85281.6484375,66453.048828125,0.0,66453.048828125
1390,85288.0,85288.0,85264.0,85276.2,3669.0,15295.900390625,85291.71875,85291.71875,69995.818359375,0.0,69995.818359375
1391,85272.0,85272.0,85151.5,85151.5,3295.0,13547.0,85279.734375,85279.734375,71732.734375,0.0,71732.734375
1392,85151.5,85151.5,85096.9,85118.3,5627.0,10481.7998046875,85258.0546875,85258.046875,74776.2548828125,0.0078125,74776.2470703125
1393,85116.5,85162.1,85071.1,85146.1,12648.0,9517.0,85236.296875,85236.296875,75719.296875,0.0,75719.296875
1394,85146.1,85163.0,85140.2,85155.3,2485.0,9412.5,85220.0546875,85220.0625,75807.5546875,0.0078125,75807.5625
1395,85151.3,85174.3,85094.8,85128.9,11086.0,8009.30029296875,85214.7109375,85214.7109375,77205.41064453125,0.0,77205.41064453125
1396,85123.5,85173.4,85108.4,85152.5,4074.0,7325.7001953125,85198.53125,85198.53125,77872.8310546875,0.0,77872.8310546875
1397,85157.6,85200.0,85123.5,85194.5,3695.0,7158.5,85189.375,85189.375,78030.875,0.0,78030.875
1398,85184.5,85184.5,85100.1,85108.0,4026.0,7180.5,85171.9375,85171.9375,77991.4375,0.0,77991.4375
1399,85103.8,85173.6,85103.8,85126.0,5888.0,5140.89990234375,85155.734375,85155.7265625,80014.83447265625,0.0078125,80014.82666015625
1400,85122.7,85122.7,85080.0,85080.0,5181.0,5780.10009765625,85136.1171875,85136.109375,79356.01708984375,0.0078125,79356.00927734375
1401,85078.1,85119.0,85066.1,85083.9,5969.0,6205.60009765625,85129.359375,85129.3515625,78923.75927734375,0.0078125,78923.75146484375
1402,85083.9,85083.9,85000.1,85000.1,7568.0,6060.30029296875,85117.53125,85117.53125,79057.23095703125,0.0,79057.23095703125
1403,85000.0,85000.0,84768.8,84771.3,17413.0,6018.7001953125,85080.0546875,85080.046875,79061.3544921875,0.0078125,79061.3466796875
1404,84778.5,84901.1,84759.3,84759.4,18648.0,6252.60009765625,85040.4609375,85040.4609375,78787.86083984375,0.0,78787.86083984375
1405,84759.3,84817.5,84719.9,84794.5,17624.0,6725.80029296875,85007.0234375,85007.015625,78281.22314453125,0.0078125,78281.21533203125
1406,84797.2,84886.7,84790.4,84886.7,5479.0,6451.30029296875,84980.4375,84980.4375,78529.13720703125,0.0,78529.13720703125
1407,84894.2,85004.6,84875.5,84946.0,4911.0,6403.7001953125,84955.5859375,84955.5859375,78551.8857421875,0.0,78551.8857421875
1408,84940.0,84940.0,84840.2,84886.5,2696.0,6396.60009765625,84933.4375,84933.4453125,78536.83740234375,0.0078125,78536.84521484375
1409,84886.5,84920.4,84827.7,84827.7,2818.0,6636.39990234375,84903.6171875,84903.609375,78267.21728515625,0.0078125,78267.20947265625
1410,84817.8,84817.8,84573.6,84573.6,10330.0,6160.2001953125,84852.96875,84852.96875,78692.7685546875,0.0,78692.7685546875
1411,84573.6,84623.7,84513.1,84548.0,4644.0,6892.89990234375,84799.3828125,84799.3828125,77906.48291015625,0.0,77906.48291015625
1412,84535.2,84575.2,84499.8,84537.8,6736.0,7020.0,84753.1484375,84753.1484375,77733.1484375,0.0,77733.1484375
1413,84545.2,84545.2,84415.2,84437.1,3132.0,7231.60009765625,84719.7265625,84719.734375,77488.12646484375,0.0078125,77488.13427734375
1414,84438.1,84441.4,84411.0,84431.5,8019.0,7000.2001953125,84686.9375,84686.9453125,77686.7373046875,0.0078125,77686.7451171875
1415,84431.5,84431.5,84329.5,84329.7,4837.0,6652.39990234375,84640.4609375,84640.4609375,77988.06103515625,0.0,77988.06103515625
1416,84329.6,84573.8,84325.3,84543.5,4916.0,6831.10009765625,84606.1484375,84606.140625,77775.04833984375,0.0078125,77775.04052734375
1417,84543.5,84674.9,84491.1,84563.8,7479.0,6939.5,84567.921875,84567.921875,77628.421875,0.0,77628.421875
1418,84555.4,84580.1,84402.6,84417.6,5340.0,6920.89990234375,84521.03125,84521.0390625,77600.13134765625,0.0078125,77600.13916015625
1419,84426.5,84583.1,84420.1,84491.6,5714.0,6707.7001953125,84487.4296875,84487.421875,77779.7294921875,0.0078125,77779.7216796875
1420,84489.1,84580.6,84489.1,84493.1,3700.0,6659.10009765625,84479.375,84479.3828125,77820.27490234375,0.0078125,77820.28271484375
1421,84493.1,84512.0,84401.3,84492.6,2634.0,5394.0,84473.8359375,84473.84375,79079.8359375,0.0078125,79079.84375
1422,84473.6,84607.2,84473.6,84543.7,9077.0,5393.60009765625,84474.421875,84474.421875,79080.82177734375,0.0,79080.82177734375
1423,84535.3,84594.5,84535.3,84573.6,3174.0,5157.2001953125,84488.0703125,84488.078125,79330.8701171875,0.0078125,79330.8779296875
1424,84568.0,84662.5,84558.3,84662.4,4561.0,4856.60009765625,84511.1640625,84511.15625,79654.56396484375,0.0078125,79654.55615234375
1425,84662.5,84971.1,84662.5,84875.6,23345.0,4732.89990234375,84565.7578125,84565.75,79832.85791015625,0.0078125,79832.85009765625
1426,84873.3,84873.3,84697.5,84697.5,6030.0,4191.39990234375,84581.15625,84581.1484375,80389.75634765625,0.0078125,80389.74853515625
1427,84697.5,84697.5,84500.0,84500.0,5918.0,4209.7001953125,84574.78125,84574.7734375,80365.0810546875,0.0078125,80365.0732421875
1428,84500.0,84565.7,84439.7,84562.1,4697.0,4239.10009765625,84589.2265625,84589.2265625,80350.12646484375,0.0,80350.12646484375
1429,84565.1,84598.8,84518.5,84570.2,2522.0,4116.0,84597.0859375,84597.078125,80481.0859375,0.0078125,80481.078125
1430,84579.0,84671.3,84562.1,84588.8,5727.0,4705.5,84606.6484375,84606.6484375,79901.1484375,0.0,79901.1484375
1431,84593.0,84593.0,84438.2,84500.6,5311.0,4829.2001953125,84607.453125,84607.453125,79778.2529296875,0.0,79778.2529296875
1432,84504.8,84504.8,84356.0,84382.9,4358.0,5989.60009765625,84591.375,84591.3671875,78601.77490234375,0.0078125,78601.76708984375
1433,84389.4,84476.9,84312.4,84476.9,7078.0,5903.0,84581.703125,84581.703125,78678.703125,0.0,78678.703125
1434,84477.0,84488.0,84382.9,84434.7,5544.0,5960.2001953125,84558.9296875,84558.921875,78598.7294921875,0.0078125,78598.7216796875
1435,84447.3,84447.3,84367.8,84444.3,4011.0,6137.5,84515.8046875,84515.796875,78378.3046875,0.0078125,78378.296875
1436,84444.3,84482.8,84433.5,84462.5,3019.0,6209.60009765625,84492.3046875,84492.296875,78282.70458984375,0.0078125,78282.69677734375
1437,84464.0,84523.8,84395.9,84404.6,4104.0,6140.60009765625,84482.765625,84482.765625,78342.16552734375,0.0,78342.16552734375
1438,84407.5,84426.2,84308.9,84344.0,3211.0,6279.30029296875,84460.953125,84460.953125,78181.65283203125,0.0,78181.65283203125
1439,84331.3,84382.0,84251.4,84285.8,8637.0,6341.5,84432.5078125,84432.515625,78091.0078125,0.0078125,78091.015625
