bar,open,high,low,close,volume,batched,isolated,cpu,abs_bi,abs_ic,abs_bc
0,88066.7,88174.6,88048.0,88155.1,5735.0,0.0,0.0,nan,0.0,nan,nan
1,88146.7,88160.1,88081.7,88081.7,4816.0,0.0,0.0,nan,0.0,nan,nan
2,88080.4,88080.4,87849.9,87850.0,10862.0,0.0,0.0,nan,0.0,nan,nan
3,87857.1,87944.5,87780.2,87930.1,15390.0,0.0,0.0,nan,0.0,nan,nan
4,87930.2,88039.6,87930.2,87991.6,4863.0,0.0,0.0,nan,0.0,nan,nan
5,87980.8,87980.8,87852.6,87856.9,2161.0,0.0,0.0,nan,0.0,nan,nan
6,87862.5,87869.1,87773.9,87797.8,3002.0,0.0,0.0,nan,0.0,nan,nan
7,87794.2,87794.2,87660.4,87672.7,7045.0,0.0,0.0,nan,0.0,nan,nan
8,87672.6,87704.8,87569.3,87664.0,6992.0,0.0,0.0,nan,0.0,nan,nan
9,87657.2,87718.7,87621.5,87639.1,4116.0,0.0,0.0,nan,0.0,nan,nan
10,87649.7,87726.9,87580.2,87580.2,5538.0,0.0,0.0,nan,0.0,nan,nan
11,87583.2,87604.9,87412.0,87430.1,7937.0,0.0,0.0,nan,0.0,nan,nan
12,87427.6,87504.4,87326.9,87504.4,28049.0,0.0,0.0,nan,0.0,nan,nan
13,87505.9,87647.8,87477.7,87600.8,5425.0,0.0,0.0,nan,0.0,nan,nan
14,87596.5,87649.2,87531.3,87564.6,5409.0,0.0,0.0,142.38560485839844,0.0,142.38560485839844,142.38560485839844
15,87564.6,87669.2,87529.0,87648.0,5356.0,0.0,0.0,142.22970581054688,0.0,142.22970581054688,142.22970581054688
16,87649.4,87731.5,87631.9,87721.9,8400.0,0.0,0.0,139.18484497070312,0.0,139.18484497070312,139.18484497070312
17,87708.6,87759.6,87682.4,87759.6,6562.0,0.0,0.0,134.75758361816406,0.0,134.75758361816406,134.75758361816406
18,87750.7,87750.7,87519.8,87519.8,4150.0,0.0,0.0,142.2609405517578,0.0,142.2609405517578,142.2609405517578
19,87502.6,87590.1,87498.4,87562.6,3954.0,171.51524353027344,138.42578125,138.64967346191406,33.08946228027344,0.2238922119140625,32.865570068359375
20,87566.9,87578.4,87328.7,87343.5,11941.0,165.4793243408203,143.9892578125,146.5814971923828,21.490066528320312,2.5922393798828125,18.8978271484375
21,87343.4,87344.0,87227.3,87256.3,12379.0,164.6155242919922,142.6249542236328,144.44732666015625,21.990570068359375,1.8223724365234375,20.168197631835938
22,87252.7,87420.8,87252.7,87392.1,3767.0,158.59959411621094,143.8983917236328,146.13636779785156,14.701202392578125,2.23797607421875,12.463226318359375
23,87392.1,87404.4,87287.0,87371.4,6300.0,156.55477905273438,142.57339477539062,144.08364868164062,13.98138427734375,1.51025390625,12.47113037109375
24,87372.5,87475.6,87339.6,87471.7,3668.0,152.6418914794922,142.24473571777344,143.50625610351562,10.39715576171875,1.2615203857421875,9.135635375976562
25,87471.1,87484.4,87403.9,87439.2,2831.0,154.19496154785156,139.15750122070312,139.00579833984375,15.037460327148438,0.151702880859375,15.189163208007812
26,87436.2,87436.2,87315.9,87370.4,3545.0,152.33990478515625,138.36485290527344,137.88429260253906,13.975051879882812,0.480560302734375,14.455612182617188
27,87363.6,87377.7,87303.3,87303.3,4063.0,148.41314697265625,135.1669158935547,133.3501434326172,13.246231079101562,1.8167724609375,15.063003540039062
28,87303.2,87318.1,87204.0,87204.0,3420.0,146.13742065429688,134.1136474609375,131.97525024414062,12.023773193359375,2.138397216796875,14.16217041015625
29,87200.9,87280.4,87200.9,87257.5,3839.0,145.90048217773438,131.38296508789062,128.22702026367188,14.51751708984375,3.15594482421875,17.6734619140625
30,87263.5,87278.8,87211.2,87226.8,13526.0,144.0105438232422,128.19351196289062,123.89607238769531,15.817031860351562,4.2974395751953125,20.114471435546875
31,87226.1,87258.0,87206.6,87206.6,2066.0,145.07994079589844,124.353759765625,118.71766662597656,20.726181030273438,5.6360931396484375,26.362274169921875
32,87205.6,87205.6,87154.6,87173.2,5683.0,144.99118041992188,120.73607635498047,113.95211791992188,24.255104064941406,6.783958435058594,31.0390625
33,87173.3,87298.7,87173.3,87286.8,7188.0,143.81155395507812,120.9742660522461,114.77696990966797,22.83728790283203,6.197296142578125,29.034584045410156
34,87283.7,87286.9,87182.4,87186.8,7126.0,139.18582153320312,120.15055084228516,114.04290008544922,19.03527069091797,6.1076507568359375,25.142921447753906
35,87183.8,87183.8,87080.0,87080.0,7382.0,133.86167907714844,119.48286437988281,113.52532958984375,14.378814697265625,5.9575347900390625,20.336349487304688
36,87080.0,87113.9,86878.6,86895.9,34739.0,132.73382568359375,125.2735595703125,122.22329711914062,7.46026611328125,3.050262451171875,10.510528564453125
37,86901.3,86939.1,86776.4,86781.0,17855.0,136.20689392089844,127.1450424194336,125.11470794677734,9.061851501464844,2.03033447265625,11.092185974121094
38,86790.1,86895.4,86767.0,86877.6,13092.0,138.5914764404297,127.20771789550781,125.3492660522461,11.383758544921875,1.8584518432617188,13.242210388183594
39,86877.7,86894.4,86752.5,86799.2,5481.0,133.41697692871094,127.94225311279297,126.5313491821289,5.474723815917969,1.4109039306640625,6.885627746582031
40,86806.7,86985.6,86797.5,86985.6,5524.0,143.59613037109375,130.95022583007812,130.92921447753906,12.645904541015625,0.0210113525390625,12.666915893554688
41,86985.6,87091.2,86985.6,87037.7,6819.0,142.01124572753906,129.6827850341797,129.12010192871094,12.328460693359375,0.56268310546875,12.891143798828125
42,87042.2,87085.2,87006.2,87022.0,9574.0,143.56576538085938,127.14864349365234,125.54009246826172,16.41712188720703,1.608551025390625,18.025672912597656
43,87016.0,87059.1,86992.0,87055.7,4562.0,146.4273223876953,124.14629364013672,121.36591339111328,22.281028747558594,2.7803802490234375,25.06140899658203
44,87037.1,87118.4,87034.5,87034.5,4385.0,142.6809539794922,122.13390350341797,118.68966674804688,20.54705047607422,3.4442367553710938,23.991287231445312
45,87034.0,87079.4,86918.0,86918.1,5614.0,157.12191772460938,124.09712982177734,121.74028778076172,33.02478790283203,2.356842041015625,35.381629943847656
46,86922.3,86999.7,86852.1,86965.0,3934.0,156.0556640625,125.27235412597656,123.5875244140625,30.783309936523438,1.6848297119140625,32.4681396484375
47,86973.7,87026.1,86973.7,87022.1,3649.0,152.2177276611328,122.0638198852539,119.1242446899414,30.153907775878906,2.9395751953125,33.093482971191406
48,87024.4,87024.4,86888.0,86937.6,4724.0,149.9318389892578,122.78055572509766,120.35811614990234,27.151283264160156,2.4224395751953125,29.57372283935547
49,86937.7,86946.2,86784.8,86834.6,8186.0,161.17001342773438,124.71184539794922,123.29012298583984,36.458168029785156,1.421722412109375,37.87989044189453
50,86834.1,86875.0,86816.4,86816.4,3229.0,155.17127990722656,121.40633392333984,118.66950988769531,33.76494598388672,2.7368240356445312,36.50177001953125
51,86811.0,86811.0,86736.8,86747.7,8672.0,157.76780700683594,119.31610107421875,115.87894439697266,38.45170593261719,3.4371566772460938,41.88886260986328
52,86747.7,86754.9,86632.4,86663.7,10621.0,158.08450317382812,119.47529602050781,116.35187530517578,38.60920715332031,3.1234207153320312,41.732627868652344
53,86662.6,86733.1,86656.0,86711.6,5251.0,165.9705047607422,117.35660552978516,113.54827880859375,48.61389923095703,3.8083267211914062,52.42222595214844
54,86713.4,86797.0,86694.8,86776.0,8816.0,173.61691284179688,116.59893035888672,112.7379150390625,57.017982482910156,3.8610153198242188,60.878997802734375
55,86771.9,86843.4,86754.9,86843.1,8289.0,173.66615295410156,115.19398498535156,111.00663757324219,58.47216796875,4.187347412109375,62.659515380859375
56,86839.4,86843.2,86788.6,86793.6,4040.0,178.40785217285156,112.16436767578125,106.97769927978516,66.24348449707031,5.186668395996094,71.4301528930664
57,86791.6,86810.2,86771.6,86771.6,1637.0,172.64254760742188,108.4862289428711,102.09368896484375,64.15631866455078,6.392539978027344,70.54885864257812
58,86771.7,86775.9,86561.1,86561.5,18764.0,168.1354217529297,113.8017578125,110.1439208984375,54.33366394042969,3.6578369140625,57.99150085449219
59,86561.1,86653.2,86547.3,86632.5,11099.0,160.76341247558594,113.406982421875,109.84122467041016,47.35643005371094,3.5657577514648438,50.92218780517578
60,86623.2,86749.9,86578.5,86691.8,11360.0,163.68032836914062,116.30655670166016,114.23817443847656,47.37377166748047,2.0683822631835938,49.44215393066406
61,86692.1,86807.3,86674.1,86777.2,4944.0,161.23655700683594,117.15099334716797,115.59225463867188,44.08556365966797,1.5587387084960938,45.64430236816406
62,86777.1,86912.6,86772.8,86888.4,31143.0,156.4798126220703,118.28368377685547,117.32170867919922,38.196128845214844,0.96197509765625,39.158103942871094
63,86890.1,86910.7,86847.2,86877.6,6761.0,152.59605407714844,115.54449462890625,113.47730255126953,37.05155944824219,2.0671920776367188,39.118751525878906
64,86880.8,86880.8,86707.1,86707.1,6576.0,150.70101928710938,118.45204162597656,117.7785873413086,32.24897766113281,0.6734542846679688,32.92243194580078
65,86703.9,87030.3,86664.3,87004.3,7093.0,149.96597290039062,130.82945251464844,135.50869750976562,19.136520385742188,4.6792449951171875,14.457275390625
66,87003.4,87029.3,86934.7,86960.8,9135.0,151.1829071044922,129.01766967773438,132.58619689941406,22.165237426757812,3.5685272216796875,18.596710205078125
67,86961.3,87031.1,86961.3,87016.8,6887.0,147.71400451660156,126.08202362060547,128.13751220703125,21.631980895996094,2.0554885864257812,19.576492309570312
68,87018.6,87098.9,86982.8,87042.9,4779.0,143.95838928222656,125.58300018310547,127.27780151367188,18.375389099121094,1.6948013305664062,16.680587768554688
69,87042.8,87089.4,86993.0,87040.7,3567.0,151.5604705810547,124.12377166748047,125.07213592529297,27.43669891357422,0.9483642578125,26.48833465576172
70,87052.8,87151.8,87042.7,87146.3,5135.0,149.8773651123047,123.4722671508789,124.07367706298828,26.40509796142578,0.601409912109375,25.803688049316406
71,87136.8,87202.0,87082.7,87141.6,9808.0,151.29873657226562,123.26350402832031,123.73248291015625,28.035232543945312,0.4689788818359375,27.566253662109375
72,87141.5,87171.3,87077.6,87103.5,9815.0,147.32403564453125,121.78509521484375,121.58696746826172,25.5389404296875,0.19812774658203125,25.73706817626953
73,87120.2,87156.4,87092.1,87139.0,6378.0,144.1929931640625,118.91068267822266,117.49481964111328,25.282310485839844,1.415863037109375,26.69817352294922
74,87127.1,87285.6,87127.1,87285.6,10418.0,138.7935028076172,120.89015197753906,120.42375946044922,17.903350830078125,0.46639251708984375,18.36974334716797
75,87286.3,87347.0,87230.6,87262.4,6640.0,138.6639862060547,120.66556549072266,120.13623809814453,17.99842071533203,0.529327392578125,18.527748107910156
76,87267.2,87304.4,87227.4,87265.9,7803.0,131.8456268310547,118.48229217529297,117.0550765991211,13.363334655761719,1.427215576171875,14.790550231933594
77,87258.1,87397.0,87246.9,87381.6,5966.0,125.75334930419922,120.0632553100586,119.41554260253906,5.690093994140625,0.6477127075195312,6.337806701660156
78,87379.2,87416.2,87350.2,87382.5,8104.0,120.93599700927734,117.36009979248047,115.60014343261719,3.575897216796875,1.7599563598632812,5.335853576660156
79,87385.3,87385.3,87203.1,87206.5,8375.0,124.06420135498047,120.60186004638672,120.35694122314453,3.46234130859375,0.2449188232421875,3.7072601318359375
80,87197.9,87269.5,87184.0,87255.9,5466.0,121.7008285522461,118.84676361083984,117.86715698242188,2.85406494140625,0.9796066284179688,3.8336715698242188
81,87257.0,87259.1,87077.1,87085.8,11182.0,121.88570404052734,122.00443267822266,122.44807434082031,0.1187286376953125,0.44364166259765625,0.5623703002929688
82,87078.5,87191.7,87067.9,87178.3,8493.0,118.12618255615234,122.09444427490234,122.54497528076172,3.96826171875,0.450531005859375,4.418792724609375
83,87179.5,87211.0,87081.9,87101.3,4100.0,113.03472137451172,122.4448013305664,123.0133056640625,9.410079956054688,0.5685043334960938,9.978584289550781
84,87101.5,87165.0,87084.1,87164.6,4103.0,111.9329833984375,120.36748504638672,120.0051040649414,8.434501647949219,0.3623809814453125,8.072120666503906
85,87159.0,87263.8,87159.0,87263.8,7991.0,108.37617492675781,119.58895111083984,118.9188003540039,11.212776184082031,0.6701507568359375,10.542625427246094
86,87263.8,87364.8,87257.3,87257.3,12821.0,106.33705139160156,118.98451232910156,118.1031723022461,12.6474609375,0.8813400268554688,11.766120910644531
87,87254.8,87272.0,87194.2,87201.1,4852.0,107.52020263671875,116.92513275146484,115.22415161132812,9.404930114746094,1.7009811401367188,7.703948974609375
88,87196.9,87344.5,87196.1,87273.3,9019.0,110.04927062988281,118.4988021850586,117.59374237060547,8.449531555175781,0.905059814453125,7.544471740722656
89,87273.3,87299.0,87234.8,87282.5,4458.0,111.15657043457031,115.78401947021484,113.7801284790039,4.627449035644531,2.0038909912109375,2.6235580444335938
90,87282.4,87294.7,87186.6,87234.4,13604.0,110.59874725341797,115.39990234375,113.37451171875,4.801155090332031,2.025390625,2.7757644653320312
91,87234.5,87344.6,87234.5,87254.1,5698.0,112.82389068603516,115.14006805419922,113.14798736572266,2.3161773681640625,1.9920806884765625,0.3240966796875
92,87254.0,87260.8,87090.8,87090.8,4446.0,110.4924545288086,117.88307189941406,117.20884704589844,7.390617370605469,0.674224853515625,6.716392517089844
93,87088.6,87156.5,87058.1,87150.2,4771.0,107.19752502441406,116.9088363647461,115.86524200439453,9.711311340332031,1.0435943603515625,8.667716979980469
94,87146.9,87224.5,87120.0,87136.1,7039.0,102.43257141113281,116.28839111328125,115.0534439086914,13.855819702148438,1.2349472045898438,12.620872497558594
95,87147.1,87212.5,87021.3,87200.3,6592.0,100.40586853027344,120.03413391113281,120.49270629882812,19.628265380859375,0.4585723876953125,20.086837768554688
96,87208.9,87303.3,87188.9,87287.3,7835.0,97.50550079345703,119.7523422241211,120.0573959350586,22.246841430664062,0.3050537109375,22.551895141601562
97,87292.2,87397.9,87289.2,87386.0,6161.0,94.61030578613281,119.2947998046875,119.3819808959961,24.684494018554688,0.08718109130859375,24.77167510986328
98,87393.5,87497.2,87393.5,87484.7,9223.0,91.05479431152344,118.89021301269531,118.79777526855469,27.835418701171875,0.092437744140625,27.74298095703125
99,87479.7,87499.9,87346.1,87346.1,5379.0,89.74229431152344,120.63555145263672,121.29771423339844,30.89325714111328,0.6621627807617188,31.555419921875
100,87346.2,87399.9,87346.2,87374.0,3442.0,98.70010375976562,117.29361724853516,116.47622680664062,18.59351348876953,0.8173904418945312,17.776123046875
101,87368.5,87480.9,87358.2,87448.0,4521.0,98.65494537353516,117.5636978149414,116.92044830322266,18.90875244140625,0.64324951171875,18.2655029296875
102,87444.3,87446.4,87365.9,87396.3,4579.0,101.66204071044922,115.79058837890625,114.43338012695312,14.128547668457031,1.357208251953125,12.771339416503906
103,87418.0,87425.2,87303.7,87303.7,4357.0,163.12425231933594,116.07606506347656,114.93814086914062,47.048187255859375,1.1379241943359375,48.18611145019531
104,87298.5,87299.3,87195.9,87228.9,6647.0,175.7633514404297,115.6624984741211,114.4286117553711,60.100852966308594,1.23388671875,61.334739685058594
105,87225.0,87274.1,87190.0,87274.1,6185.0,180.95018005371094,114.0844497680664,112.26239013671875,66.86573028564453,1.8220596313476562,68.68778991699219
106,87269.8,87339.4,87262.9,87336.5,2842.0,185.47767639160156,112.2052230834961,109.70793151855469,73.27245330810547,2.4972915649414062,75.76974487304688
107,87332.8,87389.0,87309.1,87343.0,3113.0,190.03387451171875,110.58988189697266,107.57868194580078,79.4439926147461,3.011199951171875,82.45519256591797
108,87343.0,87361.8,87296.6,87357.5,5787.0,189.5771026611328,108.32015228271484,104.55130004882812,81.25695037841797,3.7688522338867188,85.02580261230469
109,87367.3,87367.3,87300.2,87324.3,2920.0,194.0283203125,106.25884246826172,101.87576293945312,87.76947784423828,4.383079528808594,92.15255737304688
110,87324.1,87420.1,87299.5,87391.6,3281.0,192.531982421875,106.9759750366211,103.21331787109375,85.5560073852539,3.7626571655273438,89.31866455078125
111,87387.3,87426.6,87367.6,87367.6,3299.0,190.64523315429688,104.5771713256836,100.05522155761719,86.06806182861328,4.521949768066406,90.59001159667969
112,87370.5,87434.3,87366.8,87434.3,5919.0,186.59812927246094,102.72332000732422,97.72985076904297,83.87480926513672,4.99346923828125,88.86827850341797
113,87441.1,87441.1,87327.1,87348.1,4270.0,188.09323120117188,103.28716278076172,98.89200592041016,84.80606842041016,4.3951568603515625,89.20122528076172
114,87348.0,87402.0,87325.2,87387.7,2276.0,182.53857421875,101.962646484375,97.31378173828125,80.575927734375,4.64886474609375,85.22479248046875
115,87379.9,87435.9,87357.2,87418.0,3605.0,195.9667205810547,100.79927825927734,95.98389434814453,95.16744232177734,4.8153839111328125,99.98282623291016
116,87412.0,87412.0,87284.7,87319.5,3262.0,192.5933837890625,102.42415618896484,98.64910125732422,90.16922760009766,3.775054931640625,93.94428253173828
117,87323.4,87333.8,87269.7,87269.7,3139.0,184.9086456298828,100.50763702392578,96.18086242675781,84.40100860595703,4.326774597167969,88.727783203125
118,87268.0,87268.0,87192.3,87228.9,4089.0,190.0432891845703,99.35256958007812,94.8398208618164,90.69071960449219,4.512748718261719,95.2034683227539
119,87233.8,87283.9,87226.1,87283.9,1985.0,186.38136291503906,97.27478790283203,92.19389343261719,89.10657501220703,5.080894470214844,94.18746948242188
120,87283.9,87334.5,87282.3,87327.1,2113.0,180.3123016357422,95.02120208740234,89.33740997314453,85.29109954833984,5.6837921142578125,90.97489166259766
121,87327.1,87342.2,87293.3,87342.2,2732.0,173.98146057128906,92.7154541015625,86.44947052001953,81.26600646972656,6.265983581542969,87.53199005126953
122,87346.3,87440.5,87267.0,87267.0,4450.0,172.05738830566406,96.75468444824219,92.66736602783203,75.30270385742188,4.087318420410156,79.39002227783203
123,87267.0,87291.5,87154.6,87233.4,12040.0,171.5896759033203,98.76187133789062,95.82672882080078,72.82780456542969,2.9351425170898438,75.76294708251953
124,87229.9,87343.2,87223.0,87322.4,6250.0,180.19027709960938,99.83393859863281,97.56790161132812,80.35633850097656,2.2660369873046875,82.62237548828125
125,87321.5,87395.6,87312.0,87383.6,3558.0,183.76553344726562,99.02232360839844,96.57030487060547,84.74320983886719,2.4520187377929688,87.19522857666016
126,87388.6,87466.1,87370.7,87449.7,5254.0,183.6620330810547,98.84113311767578,96.48660278320312,84.8208999633789,2.3545303344726562,87.17543029785156
127,87450.7,87466.7,87295.4,87343.6,16226.0,184.25901794433594,102.46430969238281,101.83074951171875,81.79470825195312,0.6335601806640625,82.42826843261719
128,87356.8,87381.6,87285.9,87330.1,8568.0,195.4562225341797,102.12625122070312,101.39305877685547,93.32997131347656,0.7331924438476562,94.06316375732422
129,87339.4,87339.4,87218.9,87218.9,4133.0,189.55841064453125,103.04493713378906,102.75784301757812,86.51347351074219,0.2870941162109375,86.80056762695312
130,87202.4,87283.3,87168.3,87237.2,3723.0,191.3453369140625,103.64269256591797,103.63228607177734,87.70264434814453,0.010406494140625,87.71305084228516
131,87239.7,87262.3,87175.9,87235.0,3241.0,192.8530731201172,102.78047943115234,102.40129089355469,90.07259368896484,0.37918853759765625,90.4517822265625
132,87247.9,87259.9,87183.5,87198.4,4240.0,197.50027465820312,101.46138000488281,100.5439453125,96.03889465332031,0.9174346923828125,96.95632934570312
133,87205.2,87233.0,87176.7,87185.5,1926.0,188.87017822265625,99.20315551757812,97.38343811035156,89.66702270507812,1.8197174072265625,91.48674011230469
134,87182.6,87182.6,87080.3,87157.2,6053.0,206.3118133544922,99.50315856933594,97.9419937133789,106.80865478515625,1.5611648559570312,108.36981964111328
135,87147.5,87234.0,87147.5,87233.0,3708.0,214.6610565185547,98.8530044555664,97.12470245361328,115.80805206298828,1.728302001953125,117.5363540649414
136,87229.2,87275.8,87143.6,87155.3,7892.0,215.64793395996094,100.5201187133789,99.62974548339844,115.12781524658203,0.8903732299804688,116.0181884765625
137,87155.4,87198.1,87005.4,87017.6,15190.0,221.94053649902344,105.1292724609375,106.27784729003906,116.81126403808594,1.1485748291015625,115.66268920898438
138,87018.5,87075.7,87005.2,87075.7,9681.0,220.36343383789062,103.3978042602539,103.7222900390625,116.96562957763672,0.32448577880859375,116.64114379882812
139,87068.2,87068.2,86884.7,86918.4,9446.0,214.88511657714844,107.77791595458984,109.95640563964844,107.1072006225586,2.1784896850585938,104.9287109375
140,86923.9,86925.9,86830.4,86912.9,6178.0,214.051025390625,107.16402435302734,108.9238052368164,106.88700103759766,1.7597808837890625,105.1272201538086
141,86915.6,87056.8,86915.6,87049.1,8672.0,210.073486328125,109.00074768066406,111.4219970703125,101.07273864746094,2.4212493896484375,98.6514892578125
142,87049.1,87251.5,87049.1,87242.7,7613.0,203.61981201171875,113.6706314086914,117.9203109741211,89.94918060302734,4.2496795654296875,85.69950103759766
143,87227.2,87331.2,87227.2,87306.4,14326.0,197.56382751464844,113.18709564208984,116.9260025024414,84.3767318725586,3.7389068603515625,80.63782501220703
144,87306.3,87306.3,87113.3,87159.9,50306.0,197.84071350097656,117.18282318115234,122.36711883544922,80.65789031982422,5.184295654296875,75.47359466552734
145,87164.3,87203.0,87143.6,87181.7,14310.0,191.818603515625,114.2936019897461,117.86935424804688,77.5250015258789,3.5757522583007812,73.94924926757812
146,87183.5,87394.7,87183.5,87356.0,7122.0,191.6577606201172,119.22891998291016,124.66439819335938,72.42884063720703,5.435478210449219,66.99336242675781
147,87368.6,87397.5,87249.7,87268.0,3750.0,187.1697998046875,120.65731048583984,126.31671905517578,66.51248931884766,5.6594085693359375,60.85308074951172
148,87266.5,87266.5,87183.7,87217.1,3825.0,182.9613037109375,118.83929443359375,123.31529998779297,64.12200927734375,4.476005554199219,59.64600372314453
149,87200.8,87325.8,87200.8,87286.3,5999.0,179.7831573486328,119.14733123779297,123.43563842773438,60.635826110839844,4.288307189941406,56.34751892089844
150,87278.5,87324.1,87270.8,87315.4,3828.0,174.98423767089844,115.8552017211914,118.42628479003906,59.12903594970703,2.5710830688476562,56.557952880859375
151,87315.5,87327.8,87211.1,87211.1,2126.0,181.87017822265625,115.89720916748047,118.30264282226562,65.97296905517578,2.4054336547851562,63.567535400390625
152,87207.4,87207.4,87079.5,87094.4,6031.0,183.35166931152344,116.68242645263672,119.2525634765625,66.66924285888672,2.5701370239257812,64.09910583496094
153,87111.9,87161.5,87092.5,87128.8,4104.0,175.56884765625,114.29830169677734,115.66309356689453,61.270545959472656,1.3647918701171875,59.90575408935547
154,87116.6,87131.4,87081.3,87081.3,2055.0,171.1700897216797,111.08846282958984,110.98013305664062,60.081626892089844,0.10832977294921875,60.18995666503906
155,87080.0,87080.0,86926.0,86933.7,4617.0,169.62643432617188,113.29888916015625,114.14561462402344,56.327545166015625,0.8467254638671875,55.48081970214844
156,86946.5,87017.3,86910.8,87017.3,4854.0,164.8298797607422,112.95894622802734,113.59949493408203,51.870933532714844,0.6405487060546875,51.230384826660156
157,87023.3,87069.6,86971.3,87004.0,3525.0,167.92823791503906,112.22623443603516,112.50701141357422,55.702003479003906,0.2807769775390625,55.421226501464844
158,87004.9,87153.3,87004.9,87103.2,7838.0,168.90682983398438,114.07976531982422,115.13485717773438,54.827064514160156,1.0550918579101562,53.77197265625
159,87098.0,87153.9,87067.0,87098.1,2920.0,165.8165740966797,112.720703125,113.11797332763672,53.09587097167969,0.39727020263671875,52.69860076904297
160,87101.9,87141.3,87089.1,87089.1,6354.0,187.21090698242188,109.6944351196289,108.76634979248047,77.51647186279297,0.9280853271484375,78.4445571899414
161,87088.1,87152.0,87075.8,87148.2,2718.0,198.6402130126953,108.0198745727539,106.4404067993164,90.6203384399414,1.5794677734375,92.1998062133789
162,87148.2,87220.1,87142.5,87220.1,3075.0,223.68321228027344,106.49896240234375,104.3804931640625,117.18424987792969,2.11846923828125,119.30271911621094
163,87226.1,87260.8,87217.8,87243.1,2324.0,237.82913208007812,103.32401275634766,99.99617004394531,134.50511932373047,3.3278427124023438,137.8329620361328
164,87250.2,87250.2,87197.9,87236.4,2364.0,245.5978240966797,100.7730484008789,96.58963775634766,144.82477569580078,4.18341064453125,149.00818634033203
165,87239.3,87340.2,87231.4,87340.1,3636.0,261.7730407714844,101.17462921142578,97.4621353149414,160.5984115600586,3.712493896484375,164.31090545654297
166,87331.3,87331.3,87163.4,87212.3,16197.0,260.8742370605469,104.9510498046875,103.12220764160156,155.92318725585938,1.8288421630859375,157.7520294189453
167,87209.9,87275.8,87209.9,87275.7,6730.0,258.200439453125,102.9984130859375,100.46337127685547,155.2020263671875,2.5350418090820312,157.73706817626953
168,87266.9,87281.3,87238.0,87241.9,3204.0,257.9103698730469,100.01333618164062,96.38005065917969,157.89703369140625,3.6332855224609375,161.5303192138672
169,87240.0,87266.2,87151.5,87151.5,3662.0,254.40000915527344,100.7478256225586,97.68883514404297,153.65218353271484,3.058990478515625,156.71117401123047
170,87144.2,87230.2,87144.2,87230.2,2223.0,251.1300048828125,100.01043701171875,96.85391998291016,151.11956787109375,3.1565170288085938,154.27608489990234
171,87221.2,87257.5,87178.1,87211.1,3237.0,255.58836364746094,98.9798355102539,95.60710144042969,156.60852813720703,3.3727340698242188,159.98126220703125
172,87215.6,87223.3,87083.0,87083.0,6893.0,252.82925415039062,101.04568481445312,98.79922485351562,151.7835693359375,2.2464599609375,154.030029296875
173,87081.0,87085.5,86996.2,87006.1,7449.0,248.6979522705078,100.45824432373047,98.12049102783203,148.23970794677734,2.3377532958984375,150.57746124267578
174,87003.5,87043.2,87003.5,87043.1,6087.0,237.0482177734375,97.42049407958984,93.94782257080078,139.62772369384766,3.4726715087890625,143.10039520263672
175,87048.4,87072.2,87023.0,87055.9,3957.0,246.38096618652344,95.00962829589844,90.75177001953125,151.371337890625,4.2578582763671875,155.6291961669922
176,87062.6,87110.1,87036.0,87042.7,3693.0,241.93692016601562,93.96422576904297,89.56246948242188,147.97269439697266,4.401756286621094,152.37445068359375
177,87048.3,87113.2,87048.3,87113.2,3309.0,236.33499145507812,92.791015625,88.20086669921875,143.54397583007812,4.59014892578125,148.13412475585938
178,87113.2,87170.8,87084.3,87104.6,2723.0,233.8631591796875,92.4764633178711,88.07937622070312,141.3866958618164,4.397087097167969,145.78378295898438
179,87104.6,87104.6,87035.5,87052.0,4439.0,224.26492309570312,91.30772399902344,86.72381591796875,132.9571990966797,4.5839080810546875,137.54110717773438
180,87046.0,87068.7,87030.2,87033.0,1778.0,229.11184692382812,88.66734313964844,83.27925872802734,140.4445037841797,5.388084411621094,145.83258819580078
181,87034.8,87046.3,87000.5,87004.0,2719.0,227.3562469482422,86.5238265991211,80.60194396972656,140.8324203491211,5.921882629394531,146.75430297851562
182,87001.9,87003.2,86893.3,86893.3,8052.0,219.3833465576172,87.73279571533203,82.75202941894531,131.65055084228516,4.980766296386719,136.63131713867188
183,86893.3,86991.3,86885.6,86970.4,5381.0,223.5188751220703,88.63092041015625,84.39083862304688,134.88795471191406,4.240081787109375,139.12803649902344
184,86976.8,86988.5,86935.2,86935.2,6084.0,219.9878387451172,86.86421966552734,82.16983795166016,133.12361907958984,4.6943817138671875,137.81800079345703
185,86935.1,86936.0,86728.6,86737.0,15394.0,216.02830505371094,92.89093017578125,91.11473846435547,123.13737487792969,1.7761917114257812,124.91356658935547
186,86737.0,86809.0,86600.0,86688.9,33820.0,230.65696716308594,98.6963882446289,99.53511047363281,131.96057891845703,0.8387222290039062,131.12185668945312
187,86691.1,86839.5,86691.1,86833.1,5536.0,254.66397094726562,101.2916488647461,103.1827163696289,153.37232208251953,1.8910675048828125,151.48125457763672
188,86830.6,86913.0,86830.6,86846.2,7789.0,257.45068359375,100.34699249267578,101.69812774658203,157.10369110107422,1.35113525390625,155.75255584716797
189,86839.2,86842.7,86651.1,86659.8,12443.0,274.2730712890625,105.084716796875,108.36979675292969,169.1883544921875,3.2850799560546875,165.9032745361328
190,86672.6,86716.7,86653.2,86716.7,4318.0,291.9441833496094,103.00548553466797,105.1648178100586,188.9386978149414,2.159332275390625,186.77936553955078
191,86721.4,86721.4,86618.2,86643.8,3803.0,295.4169006347656,103.01497650146484,105.02413177490234,192.40192413330078,2.0091552734375,190.39276885986328
192,86646.7,86660.6,86403.9,86496.2,24834.0,304.7460632324219,110.69939422607422,115.85835266113281,194.04666900634766,5.158958435058594,188.88771057128906
193,86500.8,86584.7,86418.7,86453.0,17044.0,299.46893310546875,113.46443176269531,119.43989562988281,186.00450134277344,5.9754638671875,180.02903747558594
194,86455.9,86497.4,86401.9,86444.9,7346.0,289.2607116699219,112.56621551513672,117.72990417480469,176.69449615478516,5.163688659667969,171.5308074951172
195,86440.1,86555.3,86408.2,86526.5,4643.0,284.8277587890625,114.29259490966797,119.82732391357422,170.53516387939453,5.53472900390625,165.00043487548828
196,86526.5,86618.0,86492.5,86541.7,8116.0,277.581298828125,114.85296630859375,120.23251342773438,162.72833251953125,5.379547119140625,157.34878540039062
197,86535.9,86535.9,86402.0,86402.1,4754.0,275.97216796875,116.09547424316406,121.6232681274414,159.87669372558594,5.527793884277344,154.3488998413086
198,86410.8,86438.8,86176.2,86180.7,17726.0,268.6036376953125,123.4203872680664,131.69259643554688,145.1832504272461,8.272209167480469,136.91104125976562
199,86180.7,86411.4,86180.7,86403.0,18165.0,284.24847412109375,128.7841339111328,138.7642059326172,155.46434020996094,9.980072021484375,145.48426818847656
200,86403.7,86516.5,86308.2,86516.5,9042.0,288.41107177734375,132.759765625,143.7308349609375,155.65130615234375,10.9710693359375,144.68023681640625
201,86520.8,86776.4,86520.8,86756.3,28362.0,297.77569580078125,139.11669921875,152.0285186767578,158.65899658203125,12.911819458007812,145.74717712402344
202,86747.8,86747.8,86580.5,86610.5,10924.0,298.7822265625,140.95071411132812,153.72625732421875,157.83151245117188,12.775543212890625,145.05596923828125
203,86610.4,86780.8,86590.9,86748.0,15765.0,299.4981994628906,143.39810180664062,156.3099822998047,156.10009765625,12.911880493164062,143.18821716308594
204,86748.0,86786.9,86667.8,86706.6,4021.0,288.2283630371094,142.1832733154297,153.65223693847656,146.0450897216797,11.468963623046875,134.5761260986328
205,86703.3,86798.4,86669.7,86731.1,5333.0,292.8466491699219,141.50888061523438,151.86959838867188,151.3377685546875,10.3607177734375,140.97705078125
206,86722.3,86722.3,86635.2,86676.4,11247.0,288.4441833496094,139.22836303710938,147.8716583251953,149.2158203125,8.643295288085938,140.57252502441406
207,86694.1,86698.7,86556.8,86579.7,4820.0,284.3270568847656,139.3622589111328,147.445556640625,144.9647979736328,8.083297729492188,136.88150024414062
208,86571.2,86596.5,86552.1,86578.7,3897.0,284.3255310058594,134.6140594482422,140.08505249023438,149.7114715576172,5.4709930419921875,144.240478515625
209,86574.5,86660.9,86495.6,86495.6,9383.0,279.9744873046875,136.14820861816406,141.88589477539062,143.82627868652344,5.7376861572265625,138.08859252929688
210,86495.8,86508.7,86253.3,86398.1,9546.0,272.34100341796875,142.11111450195312,149.99449157714844,130.22988891601562,7.8833770751953125,122.34651184082031
211,86398.1,86542.0,86398.1,86528.6,8732.0,273.3891906738281,142.2004852294922,149.55906677246094,131.18870544433594,7.35858154296875,123.83012390136719
212,86531.9,86568.2,86352.6,86352.8,9250.0,263.83966064453125,145.87054443359375,154.27638244628906,117.9691162109375,8.405838012695312,109.56327819824219
213,86377.2,86444.9,86317.1,86433.1,8618.0,263.3328552246094,144.96685791015625,152.38499450683594,118.36599731445312,7.4181365966796875,110.94786071777344
214,86428.1,86534.8,86383.7,86524.9,4693.0,275.1962890625,145.27320861816406,152.29275512695312,129.92308044433594,7.0195465087890625,122.90353393554688
215,86525.0,86670.4,86509.6,86589.1,7676.0,274.29156494140625,146.0493927001953,152.9001922607422,128.24217224121094,6.850799560546875,121.39137268066406
216,86578.0,86640.7,86530.3,86562.6,5424.0,269.5769958496094,144.26724243164062,149.8649139404297,125.30975341796875,5.5976715087890625,119.71208190917969
217,86559.3,86609.8,86391.6,86395.6,13155.0,277.04815673828125,147.96365356445312,154.7456512451172,129.08450317382812,6.7819976806640625,122.30250549316406
218,86404.0,86468.1,86379.2,86466.4,3063.0,272.4859924316406,145.01039123535156,150.0422821044922,127.47560119628906,5.031890869140625,122.44371032714844
219,86466.4,86488.8,86301.9,86347.8,9455.0,260.9316101074219,147.10479736328125,152.67486572265625,113.82681274414062,5.570068359375,108.25674438476562
220,86357.6,86492.7,86353.3,86484.3,4486.0,253.02488708496094,146.994873046875,152.11996459960938,106.03001403808594,5.125091552734375,100.90492248535156
221,86475.5,86483.5,86409.6,86432.5,7786.0,251.87364196777344,143.37989807128906,146.58963012695312,108.49374389648438,3.2097320556640625,105.28401184082031
222,86432.5,86488.2,86357.0,86447.1,5794.0,247.8897247314453,142.77105712890625,145.4906005859375,105.11866760253906,2.71954345703125,102.39912414550781
223,86438.5,86438.5,86282.0,86331.4,7853.0,241.94017028808594,143.88758850097656,146.89137268066406,98.05258178710938,3.0037841796875,95.04879760742188
224,86328.9,86352.0,85852.6,85882.9,137327.0,237.8181610107422,161.6631317138672,172.07044982910156,76.155029296875,10.407318115234375,65.74771118164062
225,85887.1,86099.9,85852.2,86006.9,21941.0,233.7522430419922,165.96475219726562,177.47222900390625,67.78749084472656,11.507476806640625,56.28001403808594
226,86007.0,86190.6,86007.0,86186.3,11137.0,224.12478637695312,166.85166931152344,177.91729736328125,57.27311706542969,11.065628051757812,46.207489013671875
227,86187.5,86250.8,86051.9,86138.2,10003.0,217.7033233642578,168.45401000976562,179.41595458984375,49.24931335449219,10.961944580078125,38.28736877441406
228,86153.7,86259.6,86135.6,86209.9,8193.0,216.9431610107422,166.23130798339844,175.45767211914062,50.71185302734375,9.226364135742188,41.48548889160156
229,86209.9,86234.3,86131.4,86162.9,4426.0,235.67100524902344,163.06466674804688,170.2748565673828,72.60633850097656,7.2101898193359375,65.39614868164062
230,86167.4,86250.8,86140.2,86152.9,9285.0,227.0722198486328,160.44113159179688,166.01193237304688,66.63108825683594,5.57080078125,61.06028747558594
231,86169.3,86169.3,85990.9,86043.0,9036.0,221.21861267089844,161.33900451660156,166.8966827392578,59.879608154296875,5.55767822265625,54.321929931640625
232,86033.5,86036.6,85656.5,85703.8,56064.0,217.1026153564453,172.59706115722656,182.58262634277344,44.50555419921875,9.985565185546875,34.519989013671875
233,85703.9,85852.2,85703.9,85767.8,27207.0,227.73265075683594,171.3875274658203,180.14146423339844,56.345123291015625,8.753936767578125,47.5911865234375
234,85762.0,85850.4,85727.8,85815.1,7963.0,235.2210235595703,168.94822692871094,176.03146362304688,66.27279663085938,7.0832366943359375,59.18955993652344
235,85832.0,85832.0,85600.1,85702.0,20876.0,227.1697235107422,172.0957489013672,180.02195739746094,55.073974609375,7.92620849609375,47.14776611328125
236,85701.9,85803.3,85600.1,85627.9,31337.0,223.05615234375,173.65074157714844,181.6772003173828,49.40541076660156,8.026458740234375,41.37895202636719
237,85624.6,85683.4,85558.8,85574.3,29383.0,217.2533416748047,171.1982879638672,177.60037231445312,46.0550537109375,6.4020843505859375,39.65296936035156
238,85574.0,85631.1,85473.9,85502.9,21038.0,222.29067993164062,170.49853515625,176.1434326171875,51.792144775390625,5.6448974609375,46.147247314453125
239,85529.6,85593.1,85345.5,85439.8,37207.0,214.9261474609375,174.3536834716797,181.24757385253906,40.57246398925781,6.893890380859375,33.67857360839844
240,85439.7,85659.3,85427.1,85647.1,10836.0,212.59976196289062,177.2457733154297,184.88670349121094,35.35398864746094,7.64093017578125,27.713058471679688
241,85625.5,85680.6,85510.3,85680.6,6731.0,208.0146942138672,176.8987274169922,183.84512329101562,31.115966796875,6.9463958740234375,24.169570922851562
242,85680.5,85680.9,85575.1,85613.4,6608.0,206.58897399902344,173.34364318847656,178.27024841308594,33.245330810546875,4.926605224609375,28.3187255859375
243,85626.1,85699.9,85549.1,85575.0,10137.0,199.6396026611328,172.21630859375,176.30787658691406,27.423294067382812,4.0915679931640625,23.33172607421875
244,85598.0,85715.5,85572.4,85672.9,7328.0,202.2326202392578,170.7605743408203,173.9359893798828,31.4720458984375,3.1754150390625,28.296630859375
245,85673.0,85999.4,85673.0,85932.5,15574.0,197.07098388671875,178.54754638671875,184.8334197998047,18.5234375,6.2858734130859375,12.237564086914062
246,85934.9,86054.4,85926.3,85992.9,11959.0,198.0873565673828,176.02525329589844,180.78114318847656,22.062103271484375,4.755889892578125,17.30621337890625
247,86000.8,86040.4,85902.2,85936.9,8689.0,188.9380645751953,174.13375854492188,177.7393035888672,14.804306030273438,3.6055450439453125,11.198760986328125
248,85937.8,86035.6,85926.0,86014.1,10299.0,187.15640258789062,170.9071502685547,172.872314453125,16.249252319335938,1.9651641845703125,14.284088134765625
249,86025.2,86025.2,85833.7,85839.4,5731.0,197.138427734375,171.93679809570312,174.20286560058594,25.201629638671875,2.2660675048828125,22.935562133789062
250,85839.5,85941.5,85839.4,85930.4,4302.0,193.13658142089844,168.44503784179688,169.0527801513672,24.691543579101562,0.6077423095703125,24.08380126953125
251,85921.9,85930.2,85830.6,85879.7,6486.0,188.72467041015625,165.01263427734375,164.10592651367188,23.7120361328125,0.906707763671875,24.618743896484375
252,85896.6,85930.0,85835.3,85912.9,4643.0,184.74859619140625,161.49716186523438,159.14857482910156,23.251434326171875,2.3485870361328125,25.600021362304688
253,85912.0,85912.0,85813.0,85827.0,2945.0,187.4912567138672,158.41722106933594,154.9164276123047,29.07403564453125,3.50079345703125,32.5748291015625
254,85829.2,85829.2,85720.1,85774.1,4394.0,187.7467803955078,155.95144653320312,151.64393615722656,31.795333862304688,4.3075103759765625,36.10284423828125
255,85783.3,85943.9,85783.3,85942.9,5970.0,190.75436401367188,156.6437225341797,152.94058227539062,34.11064147949219,3.7031402587890625,37.81378173828125
256,85925.4,85974.4,85701.9,85718.3,10857.0,185.951416015625,162.43653869628906,161.48052978515625,23.514877319335938,0.9560089111328125,24.47088623046875
257,85718.3,85718.7,85533.6,85565.1,10773.0,178.10853576660156,163.56979370117188,163.16775512695312,14.538742065429688,0.40203857421875,14.940780639648438
258,85565.1,85646.5,85544.6,85624.6,4371.0,176.04295349121094,160.48623657226562,158.79136657714844,15.556716918945312,1.6948699951171875,17.2515869140625
259,85624.7,85642.1,85466.0,85526.5,10898.0,181.42050170898438,161.2670135498047,160.02781677246094,20.153488159179688,1.23919677734375,21.392684936523438
260,85510.1,85640.6,85480.2,85621.2,6778.0,182.89947509765625,161.2235870361328,160.05429077148438,21.675888061523438,1.1692962646484375,22.845184326171875
261,85621.2,85773.2,85621.2,85727.2,7407.0,194.10450744628906,160.7624053955078,159.47897338867188,33.34210205078125,1.2834320068359375,34.62553405761719
262,85729.2,85785.5,85703.8,85785.5,9769.0,190.78443908691406,156.80943298339844,153.92356872558594,33.975006103515625,2.8858642578125,36.860870361328125
263,85785.6,85804.4,85650.4,85658.2,8415.0,188.11514282226562,156.66896057128906,153.92901611328125,31.446182250976562,2.7399444580078125,34.186126708984375
264,85657.3,85657.3,85495.8,85533.1,4775.0,179.3695526123047,156.95582580566406,154.5345458984375,22.413726806640625,2.4212799072265625,24.835006713867188
265,85534.1,85579.5,85432.9,85462.1,9237.0,177.92100524902344,156.4381103515625,153.9678955078125,21.482894897460938,2.47021484375,23.953109741210938
266,85469.8,85567.3,85445.9,85535.4,10767.0,172.7749481201172,154.68614196777344,151.64151000976562,18.08880615234375,3.0446319580078125,21.133438110351562
267,85533.0,85579.6,85487.1,85487.2,2838.0,168.67137145996094,151.5768280029297,147.4171142578125,17.09454345703125,4.1597137451171875,21.254257202148438
268,85481.1,85625.0,85474.8,85612.1,6635.0,167.61788940429688,151.50814819335938,147.61611938476562,16.1097412109375,3.89202880859375,20.00177001953125
269,85604.5,85711.2,85604.5,85687.9,6297.0,164.94715881347656,149.2678985595703,144.69375610351562,15.67926025390625,4.5741424560546875,20.253402709960938
270,85687.5,85792.8,85609.7,85792.8,6186.0,160.5447235107422,150.95919799804688,147.43661499023438,9.585525512695312,3.5225830078125,13.108108520507812
271,85800.0,85853.5,85674.6,85701.6,7363.0,159.91241455078125,152.35617065429688,149.6838836669922,7.556243896484375,2.6722869873046875,10.228530883789062
272,85704.4,85796.4,85675.8,85759.0,4660.0,161.4871063232422,150.76844787597656,147.60658264160156,10.718658447265625,3.161865234375,13.880523681640625
273,85759.1,85772.3,85654.9,85654.9,4528.0,163.86744689941406,149.09996032714844,145.4488525390625,14.767486572265625,3.6511077880859375,18.418594360351562
274,85663.4,85663.4,85579.3,85613.0,4202.0,163.978759765625,145.85003662109375,141.06690979003906,18.12872314453125,4.7831268310546875,22.911849975585938
275,85617.9,85650.0,85577.4,85630.5,2748.0,166.76498413085938,142.18760681152344,136.17652893066406,24.577377319335938,6.011077880859375,30.588455200195312
276,85642.8,85944.7,85642.2,85944.6,6701.0,162.8118896484375,150.7883758544922,148.89271545410156,12.023513793945312,1.895660400390625,13.919174194335938
277,85933.7,85994.8,85778.8,85800.3,9326.0,162.1115264892578,154.04896545410156,153.6860809326172,8.06256103515625,0.362884521484375,8.425445556640625
278,85794.2,85898.8,85778.1,85867.2,8023.0,160.30087280273438,152.38128662109375,151.32960510253906,7.919586181640625,1.0516815185546875,8.971267700195312
279,85855.5,85914.1,85800.5,85871.9,6588.0,154.34091186523438,150.4423065185547,148.63475036621094,3.8986053466796875,1.80755615234375,5.7061614990234375
280,85866.2,86031.3,85852.7,85988.0,11707.0,151.94378662109375,151.84988403320312,150.77467346191406,0.093902587890625,1.0752105712890625,1.1691131591796875
281,85988.0,86090.0,85977.8,86068.3,5521.0,154.48643493652344,149.86753845214844,148.01956176757812,4.618896484375,1.8479766845703125,6.4668731689453125
282,86062.7,86078.8,86009.1,86047.9,4429.0,167.001953125,145.8589324951172,142.4249725341797,21.143020629882812,3.4339599609375,24.576980590820312
283,86058.4,86129.3,86037.8,86071.8,4974.0,169.4319305419922,143.1409912109375,138.7874755859375,26.290939331054688,4.353515625,30.644454956054688
284,86067.5,86108.6,86045.0,86058.0,3915.0,165.05018615722656,139.1640167236328,133.41705322265625,25.88616943359375,5.7469635009765625,31.633132934570312
285,86058.0,86125.1,86053.1,86063.0,4532.0,173.6976776123047,135.80581665039062,129.03012084960938,37.89186096191406,6.77569580078125,44.66755676269531
286,86062.2,86062.2,85998.7,85998.7,2655.0,169.6627960205078,132.23037719726562,124.40631866455078,37.43241882324219,7.824058532714844,45.25647735595703
287,85999.1,86071.6,85999.0,86045.6,4464.0,164.90972900390625,129.26377868652344,120.72718048095703,35.64595031738281,8.536598205566406,44.18254852294922
288,86053.5,86057.0,85921.6,85951.1,5981.0,344.2943115234375,129.5705108642578,121.77513122558594,214.7238006591797,7.795379638671875,222.51918029785156
289,85957.7,85994.0,85936.4,85974.5,3532.0,334.5944519042969,125.97206115722656,117.19129943847656,208.6223907470703,8.78076171875,217.4031524658203
290,85967.0,85997.2,85936.1,85997.2,6763.0,327.8846435546875,122.7285385131836,113.18489074707031,205.1561050415039,9.543647766113281,214.6997528076172
291,85997.2,86001.5,85941.1,85958.6,3057.0,317.0806579589844,119.6120376586914,109.4144287109375,197.46862030029297,10.197608947753906,207.66622924804688
292,85971.0,86022.3,85971.0,85995.9,4989.0,321.5617980957031,116.81620025634766,106.1487808227539,204.74559783935547,10.66741943359375,215.41301727294922
293,85983.3,85996.5,85935.9,85962.2,5489.0,308.4087219238281,114.0054702758789,102.8954086303711,194.40325164794922,11.110061645507812,205.51331329345703
294,85966.3,85986.7,85891.4,85922.4,8574.0,298.61328125,113.0704345703125,102.35321044921875,185.5428466796875,10.71722412109375,196.26007080078125
295,85918.2,85984.1,85918.2,85975.6,6319.0,301.6626892089844,110.71184539794922,99.74929809570312,190.95084381103516,10.962547302246094,201.91339111328125
296,85962.7,85986.5,85945.6,85961.5,4096.0,296.36981201171875,107.22118377685547,95.54566955566406,189.14862823486328,11.675514221191406,200.8241424560547
297,85962.6,86028.1,85961.3,86020.9,4533.0,284.521240234375,105.20035552978516,93.49274444580078,179.32088470458984,11.707611083984375,191.02849578857422
298,86019.2,86020.8,85968.5,85968.5,2496.0,283.7701721191406,102.56025695800781,90.55743408203125,181.2099151611328,12.002822875976562,193.21273803710938
299,85964.2,85964.2,85817.3,85832.3,3535.0,275.0867614746094,104.99239349365234,94.88926696777344,170.09436798095703,10.103126525878906,180.19749450683594
300,85817.3,85865.2,85798.6,85861.3,10066.0,268.1675720214844,103.0728530883789,92.86872100830078,165.09471893310547,10.204132080078125,175.2988510131836
301,85863.3,85863.3,85794.8,85802.0,9386.0,260.7791442871094,101.34420776367188,91.12809753417969,159.4349365234375,10.216110229492188,169.6510467529297
302,85800.1,85864.7,85765.8,85810.0,5590.0,252.895263671875,101.2223129272461,91.68367767333984,151.6729507446289,9.53863525390625,161.21158599853516
303,85810.1,85859.5,85810.1,85828.0,3362.0,252.2805633544922,98.63619995117188,88.6705551147461,153.6443634033203,9.965644836425781,163.6100082397461
304,85822.3,85860.8,85822.1,85831.6,5387.0,250.8915252685547,95.63915252685547,85.10089874267578,155.25237274169922,10.538253784179688,165.7906265258789
305,85822.8,85888.9,85697.6,85697.6,6473.0,246.0367889404297,100.42204284667969,92.68632507324219,145.61474609375,7.7357177734375,153.3504638671875
306,85695.3,85766.4,85656.3,85766.1,10213.0,237.92520141601562,100.90602111816406,93.93026733398438,137.01918029785156,6.9757537841796875,143.99493408203125
307,85766.5,85852.0,85671.8,85693.6,3404.0,238.09886169433594,104.8708724975586,100.09261322021484,133.22798919677734,4.77825927734375,138.0062484741211
308,85702.2,85723.8,85620.9,85622.9,5585.0,228.73416137695312,104.77225494384766,100.29302978515625,123.96190643310547,4.479225158691406,128.44113159179688
309,85644.7,85647.0,85622.9,85623.0,3111.0,221.5876922607422,100.73872375488281,94.85078430175781,120.84896850585938,5.887939453125,126.73690795898438
310,85631.0,85665.0,85631.0,85636.9,4084.0,214.13330078125,97.80178833007812,91.07572937011719,116.33151245117188,6.7260589599609375,123.05757141113281
311,85636.1,85707.5,85636.1,85703.2,4418.0,208.7918701171875,96.48162078857422,89.67020416259766,112.31024932861328,6.8114166259765625,119.12166595458984
312,85707.8,85771.7,85707.8,85711.1,2704.0,206.97727966308594,95.0825424194336,88.15805053710938,111.89473724365234,6.924491882324219,118.81922912597656
313,85711.1,85769.9,85687.0,85752.4,4256.0,205.38858032226562,94.47334289550781,87.78236389160156,110.91523742675781,6.69097900390625,117.60621643066406
314,85748.2,85823.4,85698.3,85698.3,4213.0,201.20431518554688,96.00475311279297,90.4480209350586,105.1995620727539,5.556732177734375,110.75629425048828
315,85698.2,85706.7,85631.2,85631.2,4632.0,195.02886962890625,94.9795150756836,89.38030242919922,100.04935455322266,5.599212646484375,105.64856719970703
316,85632.3,85754.7,85625.5,85739.9,3221.0,194.06727600097656,96.6906967163086,92.22479248046875,97.37657928466797,4.465904235839844,101.84248352050781
317,85747.2,85816.0,85691.2,85715.2,4803.0,187.6787567138672,98.09600830078125,94.5513687133789,89.58274841308594,3.5446395874023438,93.12738800048828
318,85722.2,85737.1,85632.0,85659.7,3118.0,184.3147430419922,98.4462890625,95.3049545288086,85.86845397949219,3.1413345336914062,89.0097885131836
319,85661.6,85687.8,85644.3,85668.9,5380.0,182.30917358398438,95.698974609375,91.60459899902344,86.61019897460938,4.0943756103515625,90.70457458496094
320,85664.7,85768.7,85664.7,85768.7,3704.0,176.53395080566406,96.11402893066406,92.48998260498047,80.419921875,3.6240463256835938,84.0439682006836
321,85775.8,85825.9,85674.0,85674.0,4334.0,171.2322540283203,98.90325164794922,96.73344421386719,72.3290023803711,2.1698074340820312,74.49880981445312
322,85661.1,85722.1,85629.1,85722.1,3253.0,165.57064819335938,98.60808563232422,96.4667739868164,66.96256256103516,2.1413116455078125,69.10387420654297
323,85718.0,85751.9,85661.0,85667.1,3712.0,158.67727661132812,98.22260284423828,96.06903076171875,60.454673767089844,2.1535720825195312,62.608245849609375
324,85667.1,85696.1,85603.6,85696.1,4164.0,159.1230926513672,97.93647766113281,95.81410217285156,61.186614990234375,2.12237548828125,63.308990478515625
325,85682.4,85804.0,85669.9,85767.0,16307.0,160.2817840576172,99.74473571777344,98.54891967773438,60.53704833984375,1.1958160400390625,61.73286437988281
326,85759.8,85850.0,85747.8,85850.0,3203.0,164.8876190185547,99.86766052246094,98.8099365234375,65.01995849609375,1.0577239990234375,66.07768249511719
327,85854.0,85901.0,85835.9,85835.9,3468.0,160.74832153320312,98.12935638427734,96.4021987915039,62.61896514892578,1.7271575927734375,64.34612274169922
328,85832.3,85889.4,85832.3,85889.4,4198.0,169.5909881591797,96.07796478271484,93.59500885009766,73.51302337646484,2.4829559326171875,75.99597930908203
329,85890.3,85902.1,85825.9,85852.1,3332.0,165.21612548828125,95.08422088623047,92.35272979736328,70.13190460205078,2.7314910888671875,72.86339569091797
330,85852.1,85930.9,85852.1,85878.5,3155.0,159.68032836914062,94.26985931396484,91.38445281982422,65.41046905517578,2.885406494140625,68.2958755493164
331,85874.2,85874.2,85692.2,85700.0,4425.0,161.48655700683594,98.87120819091797,98.16390991210938,62.61534881591797,0.7072982788085938,63.32264709472656
332,85699.9,85699.9,85474.5,85474.5,8504.0,154.4173126220703,105.20265197753906,107.25934600830078,49.21466064453125,2.0566940307617188,47.15796661376953
333,85473.9,85526.3,85420.3,85486.2,9694.0,159.09136962890625,105.24251556396484,107.16939544677734,53.848854064941406,1.9268798828125,51.921974182128906
334,85501.5,85604.9,85480.8,85572.9,10546.0,162.28680419921875,106.18547821044922,108.37883758544922,56.10132598876953,2.193359375,53.90796661376953
335,85568.5,85583.0,85450.0,85493.9,6985.0,162.61270141601562,107.52620697021484,110.13748931884766,55.08649444580078,2.6112823486328125,52.47521209716797
336,85489.0,85582.8,85474.2,85555.8,32121.0,156.97190856933594,107.57958984375,110.0272216796875,49.39231872558594,2.4476318359375,46.94468688964844
337,85555.7,85555.7,85450.0,85476.3,4223.0,166.8483123779297,107.4904556274414,109.72505187988281,59.35785675048828,2.2345962524414062,57.123260498046875
338,85480.4,85523.9,85469.1,85472.7,7586.0,163.78598022460938,104.85577392578125,105.8016128540039,58.930206298828125,0.9458389282226562,57.98436737060547
339,85469.1,85523.7,85427.6,85442.0,8565.0,168.38145446777344,104.4180679321289,105.10874938964844,63.96338653564453,0.6906814575195312,63.272705078125
340,85442.0,85567.2,85442.0,85514.8,5399.0,166.91238403320312,105.45732879638672,106.5440673828125,61.455055236816406,1.0867385864257812,60.368316650390625
341,85512.3,85561.3,85399.6,85561.3,6553.0,170.42184448242188,108.26922607421875,110.48343658447266,62.152618408203125,2.2142105102539062,59.93840789794922
342,85553.0,85729.4,85524.2,85654.8,5704.0,173.3257598876953,113.11553192138672,117.24857330322266,60.210227966308594,4.1330413818359375,56.077186584472656
343,85654.9,85931.1,85654.9,85913.5,16924.0,175.7844696044922,121.27498626708984,128.60972595214844,54.509483337402344,7.334739685058594,47.17474365234375
344,85914.5,86012.0,85878.8,85878.8,10279.0,176.55540466308594,121.87139892578125,128.9378204345703,54.68400573730469,7.0664215087890625,47.617584228515625
345,85883.0,85996.5,85883.0,85948.5,6728.0,171.0823211669922,121.6629867553711,128.13534545898438,49.419334411621094,6.472358703613281,42.94697570800781
346,85950.9,85979.7,85879.3,85879.3,3159.0,165.30320739746094,120.60015106201172,126.15469360351562,44.70305633544922,5.554542541503906,39.14851379394531
347,85875.2,85875.2,85723.7,85741.6,6791.0,158.61813354492188,122.3498306274414,128.2574920654297,36.26830291748047,5.907661437988281,30.360641479492188
348,85745.6,85828.9,85745.6,85783.2,3525.0,158.56224060058594,120.59718322753906,125.33172607421875,37.965057373046875,4.7345428466796875,33.23051452636719
349,85762.6,85807.2,85753.7,85778.3,2848.0,155.28921508789062,117.24232482910156,120.20088958740234,38.04689025878906,2.9585647583007812,35.08832550048828
350,85768.1,85816.5,85768.1,85816.5,4345.0,149.92007446289062,113.80013275146484,115.0721435546875,36.11994171142578,1.2720108032226562,34.847930908203125
351,85816.6,85888.1,85804.1,85871.0,3167.0,144.72915649414062,112.31013488769531,112.85270690917969,32.41902160644531,0.542572021484375,31.876449584960938
352,85863.5,85912.7,85846.6,85887.0,7238.0,142.6825408935547,109.99971008300781,109.51333618164062,32.682830810546875,0.4863739013671875,33.16920471191406
353,85889.3,85957.3,85854.7,85957.3,2948.0,143.0034942626953,109.62940979003906,109.01908111572266,33.37408447265625,0.6103286743164062,33.984413146972656
354,85957.2,86040.2,85954.5,86032.3,5187.0,145.3283233642578,108.43309783935547,107.35365295410156,36.895225524902344,1.0794448852539062,37.97467041015625
355,86032.3,86077.6,86003.0,86058.2,4787.0,140.88690185546875,106.74151611328125,105.01422119140625,34.1453857421875,1.727294921875,35.8726806640625
356,86056.2,86121.1,86056.1,86056.2,4706.0,144.1175537109375,104.6544418334961,102.15605926513672,39.463111877441406,2.498382568359375,41.96149444580078
357,86067.6,86115.4,86056.1,86056.1,3744.0,142.1366729736328,102.38656616210938,99.09468841552734,39.75010681152344,3.2918777465820312,43.04198455810547
358,86056.0,86056.0,85994.5,86026.6,2311.0,139.22007751464844,100.3473129272461,96.41661071777344,38.872764587402344,3.9307022094726562,42.803466796875
359,86026.5,86060.7,86012.3,86059.4,3384.0,140.44931030273438,97.7502670288086,92.98729705810547,42.69904327392578,4.762969970703125,47.462013244628906
360,86052.5,86089.3,86026.7,86087.3,3147.0,138.84677124023438,95.99244689941406,90.81632995605469,42.85432434082031,5.176116943359375,48.03044128417969
361,86087.2,86164.4,86012.3,86022.5,4912.0,140.37435913085938,98.79790496826172,95.19384765625,41.576454162597656,3.6040573120117188,45.180511474609375
362,86015.4,86086.4,85968.9,86082.1,4110.0,136.46580505371094,99.7330093383789,96.78714752197266,36.73279571533203,2.94586181640625,39.67865753173828
363,86062.7,86078.7,86027.4,86062.1,2589.0,140.67259216308594,97.48151397705078,93.78114318847656,43.191078186035156,3.7003707885742188,46.891448974609375
364,86068.1,86117.8,86020.7,86040.4,3568.0,135.0690460205078,97.46212768554688,94.01776123046875,37.60691833496094,3.444366455078125,41.05128479003906
365,86040.5,86048.8,85957.1,85980.7,3070.0,128.6554412841797,97.17378997802734,93.85186767578125,31.481651306152344,3.3219223022460938,34.80357360839844
366,85978.0,86169.3,85967.8,86135.8,4361.0,122.95275115966797,102.39009857177734,101.54102325439453,20.562652587890625,0.8490753173828125,21.411727905273438
367,86135.8,86248.1,86031.1,86060.6,6480.0,127.93988037109375,108.12059783935547,109.78809356689453,19.81928253173828,1.6674957275390625,18.15178680419922
368,86056.3,86067.4,86014.9,86014.9,2417.0,122.11280822753906,105.33956146240234,105.69608306884766,16.77324676513672,0.3565216064453125,16.416725158691406
369,86010.6,86130.3,86010.6,86121.1,5066.0,117.57747650146484,106.0573501586914,106.69602966308594,11.520126342773438,0.6386795043945312,10.881446838378906
370,86116.7,86126.7,86075.7,86095.0,4595.0,113.96345520019531,103.30448150634766,102.71774291992188,10.658973693847656,0.5867385864257812,11.245712280273438
371,86092.5,86129.6,86060.8,86069.6,2470.0,111.33052062988281,101.5794906616211,100.29537963867188,9.751029968261719,1.2841110229492188,11.035140991210938
372,86075.4,86081.5,86056.1,86062.0,5649.0,112.43391418457031,97.77043914794922,94.94560241699219,14.663475036621094,2.8248367309570312,17.488311767578125
373,86056.0,86119.4,86048.2,86119.4,3238.0,112.68721771240234,96.44168090820312,93.24915313720703,16.24553680419922,3.1925277709960938,19.438064575195312
374,86128.0,86220.8,86122.8,86216.6,5249.0,113.5528564453125,96.68952178955078,93.83124542236328,16.86333465576172,2.8582763671875,19.72161102294922
375,86204.5,86322.9,86183.2,86192.3,9061.0,115.1650619506836,98.83981323242188,97.10724639892578,16.32524871826172,1.7325668334960938,18.057815551757812
376,86192.2,86192.2,86142.7,86170.0,2753.0,114.55681610107422,96.37751007080078,93.71342468261719,18.179306030273438,2.6640853881835938,20.84339141845703
377,86182.3,86340.0,86182.3,86301.2,7937.0,110.77898406982422,100.05863952636719,99.16246795654297,10.720344543457031,0.8961715698242188,11.61651611328125
378,86305.9,86338.2,86290.0,86290.0,3039.0,108.1849594116211,97.46586608886719,95.52251434326172,10.719093322753906,1.9433517456054688,12.662445068359375
379,86286.2,86309.2,86236.0,86258.9,5341.0,106.13079071044922,96.25273132324219,93.92826843261719,9.878059387207031,2.324462890625,12.202522277832031
380,86257.3,86338.3,86244.4,86303.6,3256.0,103.66918182373047,96.13501739501953,93.92613983154297,7.5341644287109375,2.2088775634765625,9.7430419921875
381,86303.6,86309.6,86250.7,86302.4,2599.0,100.56072235107422,94.27318572998047,91.42416381835938,6.28753662109375,2.8490219116210938,9.136558532714844
382,86303.6,86344.9,86277.8,86340.4,4060.0,96.58776092529297,92.91460418701172,89.68683624267578,3.67315673828125,3.2277679443359375,6.9009246826171875
383,86338.3,86344.8,86258.4,86286.1,3108.0,95.24822235107422,92.58879852294922,89.45195007324219,2.659423828125,3.1368484497070312,5.796272277832031
384,86286.4,86309.7,86252.1,86309.7,2156.0,92.61080932617188,90.83943939208984,87.17691802978516,1.7713699340820312,3.6625213623046875,5.433891296386719
385,86314.0,86344.9,86299.6,86344.9,3074.0,89.76034545898438,88.56230926513672,84.18548583984375,1.1980361938476562,4.376823425292969,5.574859619140625
386,86344.8,86344.8,86286.7,86324.9,5096.0,86.45240783691406,87.04396057128906,82.32904815673828,0.591552734375,4.714912414550781,4.123359680175781
387,86334.8,86338.0,86254.7,86263.5,5631.0,84.35009765625,86.85660552978516,82.39817810058594,2.5065078735351562,4.458427429199219,1.9519195556640625
388,86267.7,86292.5,86240.0,86256.2,2701.0,91.3825912475586,85.13877868652344,80.2625961303711,6.243812561035156,4.876182556152344,11.1199951171875
389,86254.1,86254.1,86193.9,86207.5,2405.0,87.57362365722656,83.99707794189453,78.97988891601562,3.5765457153320312,5.017189025878906,8.593734741210938
390,86207.6,86266.1,86207.6,86266.1,6706.0,92.96994018554688,82.72730255126953,77.5242919921875,10.242637634277344,5.203010559082031,15.445648193359375
391,86267.1,86301.8,86220.0,86237.4,3000.0,141.42652893066406,82.68077850341797,77.82947540283203,58.745750427246094,4.8513031005859375,63.59705352783203
392,86238.3,86307.1,86219.1,86219.1,4243.0,157.1399688720703,82.94673919677734,78.55593872070312,74.19322967529297,4.390800476074219,78.58403015136719
393,86217.2,86256.4,86160.5,86238.5,3859.0,165.85797119140625,83.59432220458984,79.79469299316406,82.2636489868164,3.7996292114257812,86.06327819824219
394,86242.7,86250.0,86205.0,86214.2,3779.0,167.34007263183594,81.66460418701172,77.30935668945312,85.67546844482422,4.355247497558594,90.03071594238281
395,86205.6,86205.6,86062.1,86062.1,8078.0,165.16799926757812,85.18645477294922,82.65165710449219,79.9815444946289,2.5347976684570312,82.51634216308594
396,86062.1,86067.8,86017.3,86036.8,5860.0,161.96975708007812,83.45213317871094,80.35511016845703,78.51762390136719,3.0970230102539062,81.6146469116211
397,86033.7,86033.7,85869.9,85932.9,9270.0,175.1712646484375,87.62445068359375,86.53677368164062,87.54681396484375,1.087677001953125,88.63449096679688
398,85932.5,85949.1,85905.2,85905.2,2510.0,182.0177764892578,85.43814849853516,83.49118041992188,96.57962799072266,1.9469680786132812,98.52659606933594
399,85902.4,85918.0,85846.1,85853.2,5250.0,176.95712280273438,84.76116180419922,82.66312408447266,92.19596099853516,2.0980377197265625,94.29399871826172
400,85864.9,85889.3,85829.6,85867.5,2686.0,169.26434326171875,83.50786590576172,81.02256774902344,85.75647735595703,2.4852981567382812,88.24177551269531
401,85855.7,85940.4,85855.7,85928.9,6484.0,170.4511260986328,83.5672378540039,81.28490447998047,86.8838882446289,2.2823333740234375,89.16622161865234
402,85926.0,85937.7,85894.7,85927.0,2066.0,165.09341430664062,81.53887176513672,78.5502700805664,83.5545425415039,2.9886016845703125,86.54314422607422
403,85928.6,86085.2,85894.1,86085.2,17823.0,177.0887451171875,87.01700592041016,86.58965301513672,90.07173919677734,0.4273529052734375,90.49909210205078
404,86085.1,86225.3,86025.6,86058.2,69246.0,175.4093017578125,92.65092468261719,94.66862487792969,82.75837707519531,2.0177001953125,80.74067687988281
405,86058.2,86058.2,85965.0,85970.3,4219.0,171.70408630371094,92.67853546142578,94.56394958496094,79.02555084228516,1.8854141235351562,77.14013671875
406,85969.8,86053.8,85968.7,86053.8,2784.0,177.7837371826172,92.29930114746094,93.88750457763672,85.48443603515625,1.5882034301757812,83.89623260498047
407,86054.0,86116.5,86018.3,86113.2,1520.0,170.6394805908203,92.59449768066406,94.19576263427734,78.04498291015625,1.6012649536132812,76.44371795654297
408,86112.1,86142.0,86038.7,86071.7,3330.0,166.68251037597656,93.1296157836914,94.84584045410156,73.55289459228516,1.7162246704101562,71.836669921875
409,86071.6,86087.8,86033.8,86065.8,3745.0,161.95816040039062,91.17313385009766,91.92828369140625,70.78502655029297,0.7551498413085938,70.02987670898438
410,86070.7,86154.0,86070.7,86154.0,2658.0,160.74502563476562,91.0246353149414,91.66220092773438,69.72039031982422,0.6375656127929688,69.08282470703125
411,86158.8,86187.3,86136.3,86136.3,1825.0,156.41285705566406,89.02339935302734,88.75775909423828,67.38945770263672,0.2656402587890625,67.65509796142578
412,86136.1,86157.2,86093.9,86127.3,2414.0,159.6722869873047,87.73746490478516,86.93968200683594,71.93482208251953,0.7977828979492188,72.73260498046875
413,86123.1,86146.9,86092.1,86096.5,2241.0,160.53868103027344,86.09043884277344,84.64376831054688,74.4482421875,1.4466705322265625,75.89491271972656
414,86107.5,86107.5,86049.8,86084.9,3268.0,162.2015838623047,84.67107391357422,82.71943664550781,77.53050994873047,1.9516372680664062,79.48214721679688
415,86070.8,86144.4,86070.8,86139.5,1926.0,156.31651306152344,84.11759948730469,82.06816101074219,72.19891357421875,2.0494384765625,74.24835205078125
416,86139.4,86208.2,86112.7,86112.7,2857.0,165.53076171875,84.68672180175781,83.02757263183594,80.84403991699219,1.659149169921875,82.50318908691406
417,86129.9,86198.7,86124.3,86198.7,2111.0,163.67922973632812,84.75238800048828,83.2398910522461,78.92684173583984,1.5124969482421875,80.43933868408203
418,86200.0,86219.3,86138.3,86138.3,2441.0,168.38511657714844,84.56477355957031,83.07990264892578,83.82034301757812,1.4848709106445312,85.30521392822266
419,86135.0,86216.6,86133.7,86188.1,3033.0,168.62094116210938,84.48146057128906,83.06694030761719,84.13948059082031,1.414520263671875,85.55400085449219
420,86192.4,86234.1,86161.2,86211.7,3270.0,174.1000518798828,83.90230560302734,82.34061431884766,90.19774627685547,1.5616912841796875,91.75943756103516
421,86211.6,86254.0,86118.7,86118.7,3784.0,166.9348907470703,86.47203826904297,86.12320709228516,80.46285247802734,0.3488311767578125,80.81168365478516
422,86120.6,86120.6,85981.3,86023.5,3653.0,176.56822204589844,89.1136703491211,89.92188262939453,87.45455169677734,0.8082122802734375,86.6463394165039
423,86038.5,86096.8,86002.0,86002.0,4179.0,180.33473205566406,89.39783477783203,90.27009582519531,90.93689727783203,0.8722610473632812,90.06463623046875
424,85999.1,86081.7,85999.1,86061.1,2863.0,182.15823364257812,89.05802154541016,89.72234344482422,93.10021209716797,0.6643218994140625,92.4358901977539
425,86060.1,86084.1,86005.2,86012.3,3312.0,196.0956268310547,88.55004119873047,88.94921112060547,107.54558563232422,0.399169921875,107.14641571044922
426,86012.4,86124.6,85990.8,86002.0,5335.0,203.5006103515625,90.81277465820312,92.15316772460938,112.68783569335938,1.34039306640625,111.34744262695312
427,85997.7,86007.1,85951.4,85959.4,2851.0,198.1056671142578,89.05729675292969,89.54959869384766,109.04837036132812,0.49230194091796875,108.55606842041016
428,85959.3,85959.3,85800.9,85849.9,5078.0,199.0906219482422,92.52943420410156,94.47462463378906,106.56118774414062,1.9451904296875,104.61599731445312
429,85857.6,85951.9,85857.6,85947.3,1962.0,193.3009490966797,93.00296020507812,95.01215362548828,100.29798889160156,2.0091934204101562,98.2887954711914
430,85956.3,86015.1,85938.5,85938.6,5221.0,191.73590087890625,92.18289184570312,93.69711303710938,99.55300903320312,1.51422119140625,98.03878784179688
431,85932.1,85932.1,85836.9,85881.4,6432.0,182.98426818847656,92.65890502929688,94.26896667480469,90.32536315917969,1.6100616455078125,88.71530151367188
432,85891.7,86089.3,85891.7,85985.1,7549.0,182.8049774169922,98.42088317871094,102.38536071777344,84.38409423828125,3.9644775390625,80.41961669921875
433,85991.3,86020.3,85972.0,85972.0,3266.0,178.69442749023438,95.91468811035156,98.52189636230469,82.77973937988281,2.607208251953125,80.17253112792969
434,85966.9,85993.7,85933.9,85973.8,3496.0,180.60971069335938,94.10918426513672,95.75637817382812,86.50052642822266,1.6471939086914062,84.85333251953125
435,85961.0,85970.4,85883.3,85888.5,3662.0,179.11399841308594,93.92872619628906,95.38092803955078,85.18527221679688,1.4522018432617188,83.73307037353516
436,85888.0,85888.0,85852.1,85869.9,2574.0,175.95323181152344,91.05220794677734,91.16789245605469,84.9010238647461,0.11568450927734375,84.78533935546875
437,85861.3,85874.5,85800.0,85845.3,2784.0,175.98526000976562,90.22460174560547,89.97732543945312,85.76065826416016,0.24727630615234375,86.0079345703125
438,85850.4,85866.5,85758.0,85774.0,10196.0,172.16607666015625,91.13837432861328,91.30037689208984,81.02770233154297,0.1620025634765625,80.8656997680664
439,85770.5,85770.5,85695.5,85742.7,8930.0,180.52809143066406,90.50646209716797,90.38606262207031,90.0216293334961,0.12039947509765625,90.14202880859375
440,85742.6,85742.6,85650.0,85692.3,5327.0,182.57669067382812,90.61629486083984,90.55156707763672,91.96039581298828,0.064727783203125,92.0251235961914
441,85692.3,85763.5,85692.3,85763.5,3544.0,177.5478515625,89.64563751220703,89.1695327758789,87.90221405029297,0.476104736328125,88.3783187866211
442,85763.4,85831.0,85748.6,85819.0,4699.0,169.8505401611328,89.28327941894531,88.68588256835938,80.5672607421875,0.5973968505859375,81.16465759277344
443,85823.3,85843.9,85761.2,85765.4,4608.0,164.72793579101562,88.9538803100586,88.25798797607422,75.77405548095703,0.695892333984375,76.4699478149414
444,85765.3,85780.9,85723.6,85729.4,3187.0,160.00677490234375,87.37103271484375,86.04647827148438,72.6357421875,1.324554443359375,73.96029663085938
445,85727.3,85764.0,85685.6,85692.1,5761.0,163.45135498046875,86.92240142822266,85.50019073486328,76.5289535522461,1.422210693359375,77.95116424560547
446,85691.1,85804.9,85654.5,85783.9,3678.0,158.26394653320312,90.09620666503906,90.13578033447266,68.16773986816406,0.03957366943359375,68.12816619873047
447,85784.8,85822.1,85700.1,85700.1,5072.0,160.53550720214844,91.69139862060547,92.41179656982422,68.84410858154297,0.72039794921875,68.12371063232422
448,85700.0,85700.0,85650.0,85657.6,3991.0,174.91380310058594,89.61190795898438,89.38963317871094,85.30189514160156,0.2222747802734375,85.524169921875
449,85657.6,85657.6,85601.1,85619.1,7419.0,187.75328063964844,87.95631408691406,87.04037475585938,99.79696655273438,0.9159393310546875,100.71290588378906
450,85619.6,85649.6,85600.0,85600.0,3742.0,220.3406219482422,86.03857421875,84.36617279052734,134.3020477294922,1.6724014282226562,135.97444915771484
451,85600.0,85667.6,85600.0,85655.6,2979.0,253.048583984375,85.1167221069336,83.168701171875,167.9318618774414,1.9480209350585938,169.8798828125
452,85641.1,85641.1,85606.0,85606.0,3229.0,245.65122985839844,83.3409652709961,80.77104949951172,162.31026458740234,2.569915771484375,164.88018035888672
453,85600.0,85710.8,85588.3,85681.6,8372.0,259.9487609863281,85.29891967773438,83.7516860961914,174.64984130859375,1.5472335815429688,176.19707489013672
454,85677.5,85732.0,85669.1,85717.2,3388.0,259.681396484375,84.17889404296875,82.26216888427734,175.50250244140625,1.9167251586914062,177.41922760009766
455,85713.0,85839.8,85713.0,85747.9,13622.0,260.5426330566406,86.3097915649414,85.44322204589844,174.23284149169922,0.8665695190429688,175.0994110107422
456,85755.1,85777.9,85710.1,85727.9,4033.0,254.8404998779297,85.38414764404297,84.18276977539062,169.45635223388672,1.2013778686523438,170.65773010253906
457,85714.0,85727.9,85639.6,85686.6,4296.0,248.4785614013672,85.52978515625,84.47663116455078,162.9487762451172,1.0531539916992188,164.0019302368164
458,85687.3,85687.3,85548.0,85615.8,5345.0,237.32456970214844,88.2181396484375,88.39236450195312,149.10643005371094,0.174224853515625,148.9322052001953
459,85613.0,85663.5,85533.1,85663.5,7573.0,253.16812133789062,90.32715606689453,91.3927993774414,162.8409652709961,1.065643310546875,161.77532196044922
460,85666.8,85782.0,85618.0,85618.0,8897.0,249.2147979736328,94.01079559326172,96.57902526855469,155.2040023803711,2.5682296752929688,152.63577270507812
461,85621.1,85630.4,85570.6,85627.3,3147.0,243.81382751464844,92.30010223388672,93.95172882080078,151.51372528076172,1.6516265869140625,149.86209869384766
462,85635.8,85697.5,85627.4,85655.6,3532.0,232.3079071044922,91.19525146484375,92.25540161132812,141.11265563964844,1.060150146484375,140.05250549316406
463,85652.8,85659.1,85604.3,85659.1,4554.0,244.01243591308594,89.37572479248047,89.58035278320312,154.63671112060547,0.20462799072265625,154.4320831298828
464,85669.4,85729.7,85650.1,85672.0,3026.0,242.3567352294922,88.88701629638672,88.8675765991211,153.46971893310547,0.019439697265625,153.4891586303711
465,85663.3,85706.7,85610.2,85610.2,5217.0,237.84397888183594,89.26766204833984,89.41275024414062,148.5763168334961,0.14508819580078125,148.4312286376953
466,85608.2,85635.8,85570.2,85622.3,3904.0,226.9869384765625,88.08396911621094,87.71139526367188,138.90296936035156,0.3725738525390625,139.27554321289062
467,85629.1,85700.6,85614.6,85677.6,4544.0,220.3473663330078,87.97977447509766,87.58914947509766,132.36759185791016,0.390625,132.75821685791016
468,85677.6,85714.4,85666.9,85705.9,2819.0,219.56985473632812,85.9557876586914,84.72563934326172,133.61406707763672,1.2301483154296875,134.8442153930664
469,85705.9,85723.0,85666.1,85666.3,2148.0,211.1714324951172,84.50292205810547,82.73798370361328,126.66851043701172,1.7649383544921875,128.4334487915039
470,85666.2,85703.8,85638.3,85682.5,3588.0,207.6577911376953,83.55278015136719,81.50669860839844,124.10501098632812,2.04608154296875,126.15109252929688
471,85680.5,85730.5,85654.1,85696.0,4799.0,209.79991149902344,83.19506072998047,81.1418228149414,126.60485076904297,2.0532379150390625,128.65808868408203
472,85689.5,85709.4,85627.8,85627.8,5447.0,204.8149871826172,83.11538696289062,81.1746597290039,121.69960021972656,1.9407272338867188,123.64032745361328
473,85625.0,85655.8,85555.5,85559.8,4459.0,204.7992401123047,83.9744644165039,82.54053497314453,120.82477569580078,1.433929443359375,122.25870513916016
474,85564.9,85657.3,85564.9,85618.3,5351.0,228.43936157226562,84.65074157714844,83.60906982421875,143.7886199951172,1.0416717529296875,144.83029174804688
475,85617.3,85669.2,85602.1,85648.0,2294.0,259.3872985839844,83.77328491210938,82.42996215820312,175.614013671875,1.34332275390625,176.95733642578125
476,85647.9,85647.9,85543.9,85583.7,4378.0,260.77264404296875,84.7896957397461,83.97793579101562,175.98294830322266,0.8117599487304688,176.79470825195312
477,85586.0,85586.0,85548.5,85573.6,3724.0,272.19378662109375,82.42521667480469,80.6580810546875,189.76856994628906,1.7671356201171875,191.53570556640625
478,85573.0,85629.0,85552.6,85624.7,6905.0,284.3891906738281,82.1238784790039,80.35382080078125,202.26531219482422,1.7700576782226562,204.03536987304688
479,85624.7,85624.7,85566.8,85578.8,4323.0,281.4798889160156,80.91299438476562,78.75041961669922,200.56689453125,2.1625747680664062,202.7294692993164
480,85576.0,85636.0,85562.7,85631.7,6170.0,293.7410583496094,80.53218841552734,78.36088562011719,213.20886993408203,2.1713027954101562,215.3801727294922
481,85615.4,85650.7,85588.0,85604.5,5528.0,290.8692321777344,79.64073944091797,77.24246978759766,211.2284927368164,2.3982696533203125,213.62676239013672
482,85604.4,85608.2,85542.0,85590.6,11641.0,280.916015625,78.96886444091797,76.45394897460938,201.94715118408203,2.5149154663085938,204.46206665039062
483,85590.6,85656.1,85501.2,85629.1,8618.0,277.7350769042969,82.76534271240234,82.05712127685547,194.96973419189453,0.708221435546875,195.6779556274414
484,85619.6,85666.1,85604.8,85666.1,11701.0,272.0483093261719,81.69231414794922,80.5748062133789,190.35599517822266,1.1175079345703125,191.47350311279297
485,85680.0,85762.5,85631.2,85631.2,19912.0,270.7158203125,84.17253875732422,84.19781494140625,186.54328155517578,0.02527618408203125,186.51800537109375
486,85630.2,85630.2,85558.1,85577.5,8144.0,258.64019775390625,83.61898803710938,83.40522003173828,175.02120971679688,0.21376800537109375,175.23497772216797
487,85599.6,85620.5,85485.0,85518.3,4472.0,271.8480224609375,86.2130355834961,87.12628173828125,185.6349868774414,0.9132461547851562,184.72174072265625
488,85520.4,85536.4,85455.1,85462.1,3761.0,271.3857116699219,85.96723175048828,86.70989227294922,185.4184799194336,0.7426605224609375,184.67581939697266
489,85469.1,85527.2,85457.5,85527.2,5913.0,274.5363464355469,85.1540298461914,85.49512481689453,189.38231658935547,0.341094970703125,189.04122161865234
490,85516.7,85541.7,85474.8,85499.5,4240.0,277.91461181640625,84.24163818359375,84.16734313964844,193.6729736328125,0.0742950439453125,193.7472686767578
491,85499.5,85512.8,85477.6,85496.9,3884.0,280.7091064453125,81.78932189941406,80.66934204101562,198.91978454589844,1.1199798583984375,200.03976440429688
492,85496.9,85516.1,85487.7,85516.1,2319.0,272.2584228515625,79.1197738647461,76.93570709228516,193.1386489868164,2.1840667724609375,195.32271575927734
493,85512.7,85536.2,85505.6,85509.6,2976.0,276.17559814453125,76.6938705444336,73.62612915039062,199.48172760009766,3.0677413940429688,202.54946899414062
494,85514.9,85535.1,85438.1,85513.3,7962.0,275.20159912109375,77.70918273925781,75.29569244384766,197.49241638183594,2.4134902954101562,199.9059066772461
495,85521.4,85528.7,85482.0,85504.2,7172.0,268.26654052734375,76.15888214111328,73.25336456298828,192.10765838623047,2.905517578125,195.01317596435547
496,85504.1,85504.1,85387.9,85458.0,18297.0,272.9079284667969,78.16617584228516,76.32846069335938,194.74175262451172,1.8377151489257812,196.5794677734375
497,85447.9,85491.8,85408.0,85417.6,5314.0,269.0875244140625,78.44771575927734,76.8619155883789,190.63980865478516,1.5858001708984375,192.2256088256836
498,85429.0,85483.7,85403.2,85461.9,2438.0,263.68316650390625,78.55033111572266,77.12178039550781,185.1328353881836,1.4285507202148438,186.56138610839844
499,85461.9,85513.3,85409.2,85414.0,2979.0,270.29901123046875,79.82750701904297,79.04834747314453,190.47150421142578,0.7791595458984375,191.25066375732422
500,85408.2,85408.2,85161.3,85164.3,39030.0,265.7141418457031,88.4712905883789,91.45226287841797,177.24285125732422,2.9809722900390625,174.26187896728516
501,85160.1,85331.3,85155.4,85173.1,30477.0,256.0085144042969,92.84264373779297,97.484130859375,163.1658706665039,4.641487121582031,158.52438354492188
502,85168.9,85258.7,85168.9,85220.2,7878.0,276.1381530761719,92.69075012207031,96.93560028076172,183.44740295410156,4.244850158691406,179.20255279541016
503,85235.2,85317.8,85183.1,85287.0,7815.0,274.4562683105469,94.79097747802734,99.63272094726562,179.66529083251953,4.841743469238281,174.82354736328125
504,85289.0,85333.4,85262.8,85309.2,6174.0,261.363525390625,93.58150482177734,97.55906677246094,167.78202056884766,3.9775619506835938,163.80445861816406
505,85313.5,85363.1,85289.8,85333.1,5400.0,276.3504333496094,92.56766510009766,95.82661437988281,183.78276824951172,3.2589492797851562,180.52381896972656
506,85333.0,85333.0,85271.7,85271.7,2489.0,267.64306640625,91.00920867919922,93.3674545288086,176.63385772705078,2.358245849609375,174.2756118774414
507,85271.8,85323.1,85250.0,85312.8,4338.0,256.9257507324219,90.11382293701172,91.91989135742188,166.81192779541016,1.8060684204101562,165.005859375
508,85314.8,85351.5,85282.4,85288.7,2753.0,251.93923950195312,89.0632095336914,90.29000854492188,162.87602996826172,1.2267990112304688,161.64923095703125
509,85294.6,85294.6,85197.3,85197.3,11465.0,245.8122100830078,89.47528076171875,90.79106140136719,156.33692932128906,1.3157806396484375,155.02114868164062
510,85208.0,85302.4,85180.7,85225.4,21586.0,246.7216033935547,91.0862808227539,92.99850463867188,155.63532257080078,1.9122238159179688,153.7230987548828
511,85233.8,85245.6,85111.1,85164.5,18436.0,236.75076293945312,93.25696563720703,95.96289825439453,143.4937973022461,2.7059326171875,140.7878646850586
512,85156.0,85156.0,84600.0,84823.2,231593.0,229.16831970214844,116.8191146850586,129.42984008789062,112.34920501708984,12.610725402832031,99.73847961425781
513,84823.2,84845.1,83173.2,83177.4,590196.0,222.8896026611328,194.57308959960938,239.60617065429688,28.316513061523438,45.0330810546875,16.716567993164062
514,83177.4,83627.0,81277.3,83373.4,754291.0,215.0400390625,302.32958984375,390.3273620605469,87.28955078125,87.99777221679688,175.28732299804688
515,83371.8,83867.6,83225.0,83770.1,179103.0,207.5028839111328,319.34320068359375,408.3469543457031,111.84031677246094,89.00375366210938,200.8440704345703
516,83761.6,83783.0,83156.9,83492.3,111964.0,210.2726593017578,334.6811218261719,423.9008483886719,124.40846252441406,89.2197265625,213.62818908691406
517,83492.3,84050.5,83441.5,83955.1,58244.0,223.6488800048828,348.3970642089844,437.1222229003906,124.74818420410156,88.72515869140625,213.4733428955078
518,83955.3,84024.7,83683.2,83978.0,66531.0,218.79612731933594,348.0522155761719,430.29205322265625,129.25608825683594,82.23983764648438,211.4959259033203
519,83986.2,84147.0,83954.7,84055.5,37277.0,214.95632934570312,340.26446533203125,413.29241943359375,125.30813598632812,73.0279541015625,198.33609008789062
520,84058.4,84486.0,83945.4,84261.5,47252.0,210.1932830810547,350.2813415527344,422.38592529296875,140.0880584716797,72.10458374023438,212.19264221191406
521,84261.4,84480.4,84261.4,84371.1,38379.0,216.3988494873047,343.71728515625,407.8583679199219,127.31843566894531,64.14108276367188,191.4595184326172
522,84371.2,84436.2,84079.0,84251.8,25485.0,216.75390625,344.3915710449219,404.2401123046875,127.63766479492188,59.848541259765625,187.4862060546875
523,84251.8,84439.8,84130.6,84414.2,33484.0,213.31114196777344,342.63177490234375,397.4512023925781,129.3206329345703,54.819427490234375,184.1400604248047
524,84413.2,84460.5,84326.4,84340.9,25856.0,212.77566528320312,332.2052917480469,378.6405334472656,119.42962646484375,46.43524169921875,165.8648681640625
525,84340.9,84366.2,84005.9,84104.9,21710.0,206.4720458984375,333.6102600097656,377.330810546875,127.13821411132812,43.720550537109375,170.8587646484375
526,84104.8,84108.3,83916.0,83972.3,26099.0,205.43359375,326.5445861816406,364.1141052246094,121.11099243164062,37.56951904296875,158.68051147460938
527,83972.3,84125.8,83823.2,84004.7,42567.0,205.7771453857422,325.3470458984375,359.71978759765625,119.56990051269531,34.37274169921875,153.94264221191406
528,84000.4,84076.4,83764.7,83946.5,24317.0,199.66798400878906,324.6644592285156,356.28948974609375,124.99647521972656,31.625030517578125,156.6215057373047
529,83948.4,83962.7,83800.6,83923.2,12939.0,193.0345916748047,316.53631591796875,342.4189147949219,123.50172424316406,25.882598876953125,149.3843231201172
530,83923.3,84363.1,83896.8,84276.2,35765.0,191.61294555664062,324.0247497558594,351.26788330078125,132.41180419921875,27.243133544921875,159.65493774414062
531,84271.9,84271.9,84119.9,84125.6,8578.0,187.00730895996094,315.6387634277344,337.3419494628906,128.63145446777344,21.70318603515625,150.3346405029297
532,84125.6,84214.1,84125.6,84201.1,7444.0,193.30694580078125,304.2818298339844,319.5675354003906,110.97488403320312,15.28570556640625,126.26058959960938
533,84206.6,84230.6,83950.7,84025.7,13118.0,189.49160766601562,303.06268310546875,316.7340087890625,113.57107543945312,13.67132568359375,127.24240112304688
534,84025.6,84046.8,83888.0,83892.8,13711.0,186.90179443359375,295.8493957519531,305.4527893066406,108.94760131835938,9.6033935546875,118.55099487304688
535,83892.9,83942.0,83773.1,83924.9,18049.0,181.1617889404297,289.5018615722656,295.69891357421875,108.34007263183594,6.197052001953125,114.53712463378906
536,83930.0,84106.7,83911.3,84093.5,17280.0,180.8689422607422,284.7970886230469,288.53515625,103.92814636230469,3.738067626953125,107.66621398925781
537,84093.5,84106.8,83890.5,83890.5,12428.0,186.33058166503906,281.3720703125,283.3752746582031,95.04148864746094,2.003204345703125,97.04469299316406
538,83890.5,84011.9,83836.9,84000.0,12719.0,183.19882202148438,276.053466796875,275.6341857910156,92.85464477539062,0.419281005859375,92.43536376953125
539,83999.9,84104.6,83965.8,84031.3,23635.0,180.00411987304688,269.1910095214844,265.86065673828125,89.1868896484375,3.330352783203125,85.85653686523438
540,84027.0,84062.7,83935.3,83956.4,10085.0,175.90391540527344,262.1017761230469,255.97105407714844,86.19786071777344,6.1307220458984375,80.067138671875
541,83954.4,84113.1,83954.4,84077.6,8905.0,180.6688690185547,256.9318542480469,249.02334594726562,76.26298522949219,7.90850830078125,68.35447692871094
542,84071.4,84106.1,83906.4,83943.9,8605.0,192.4053497314453,254.07041931152344,245.50047302246094,61.665069580078125,8.5699462890625,53.095123291015625
543,83943.9,83977.6,83786.0,83829.0,14854.0,194.9198455810547,250.9469757080078,241.65054321289062,56.027130126953125,9.296432495117188,46.73069763183594
544,83828.9,83834.2,83682.8,83769.5,25721.0,189.7136993408203,245.96995544433594,235.20452880859375,56.256256103515625,10.765426635742188,45.49082946777344
545,83753.6,84164.5,83737.6,84164.5,19937.0,182.19793701171875,255.01638793945312,248.89694213867188,72.81845092773438,6.11944580078125,66.69900512695312
546,84166.5,84403.6,84152.8,84233.0,27365.0,176.6532745361328,254.80581665039062,249.03321838378906,78.15254211425781,5.7725982666015625,72.37994384765625
547,84222.5,84290.3,84123.7,84247.0,19768.0,177.73037719726562,250.3952178955078,243.14468383789062,72.66484069824219,7.2505340576171875,65.414306640625
548,84248.0,84306.9,84207.2,84235.9,8087.0,169.86378479003906,242.8602294921875,232.89830017089844,72.99644470214844,9.961929321289062,63.034515380859375
549,84229.8,84299.8,84133.2,84277.6,6664.0,176.90536499023438,239.04690551757812,228.16226196289062,62.14154052734375,10.8846435546875,51.25689697265625
550,84276.6,84300.0,84145.9,84204.3,6741.0,170.4800262451172,234.7996368408203,222.87220764160156,64.31961059570312,11.92742919921875,52.392181396484375
551,84197.3,84496.8,84197.3,84421.5,10103.0,169.81619262695312,238.03465270996094,228.3456268310547,68.21846008300781,9.68902587890625,58.52943420410156
552,84412.1,84619.0,84398.1,84521.6,14509.0,166.7703094482422,237.17784118652344,227.8136749267578,70.40753173828125,9.364166259765625,61.043365478515625
553,84521.1,84690.3,84521.1,84637.8,8961.0,160.3068084716797,233.77871704101562,223.62664794921875,73.47190856933594,10.152069091796875,63.31983947753906
554,84628.4,84635.7,84452.7,84481.3,14046.0,157.34654235839844,231.34446716308594,220.87429809570312,73.9979248046875,10.470169067382812,63.52775573730469
555,84493.9,84667.9,84477.9,84667.9,7251.0,154.89913940429688,229.27725219726562,218.6689910888672,74.37811279296875,10.608261108398438,63.76985168457031
556,84675.9,84698.7,84520.8,84541.7,10289.0,156.77919006347656,226.7086944580078,215.7573699951172,69.92950439453125,10.951324462890625,58.978179931640625
557,84550.2,84617.9,84520.8,84568.8,10589.0,153.5500030517578,220.2283477783203,207.28195190429688,66.6783447265625,12.946395874023438,53.73194885253906
558,84573.0,84583.0,84431.4,84437.8,19801.0,152.66273498535156,216.7969970703125,203.30477905273438,64.13426208496094,13.492218017578125,50.64204406738281
559,84437.8,84500.3,84329.1,84345.4,20059.0,156.3944549560547,214.5169219970703,201.01124572753906,58.122467041015625,13.50567626953125,44.616790771484375
560,84345.5,84547.8,84322.4,84523.8,12934.0,158.2598876953125,215.0609893798828,202.75318908691406,56.80110168457031,12.30780029296875,44.49330139160156
561,84512.0,84575.5,84351.8,84454.9,17389.0,156.05198669433594,215.4930877685547,204.24961853027344,59.44110107421875,11.24346923828125,48.1976318359375
562,84463.3,84559.9,84418.1,84488.0,6071.0,151.73416137695312,211.8082733154297,199.78871154785156,60.07411193847656,12.019561767578125,48.05455017089844
563,84483.7,84575.3,84410.1,84568.3,16707.0,150.46737670898438,209.47764587402344,197.3177490234375,59.01026916503906,12.159896850585938,46.850372314453125
564,84566.0,84633.5,84500.0,84500.1,6184.0,149.30377197265625,205.6787567138672,192.75933837890625,56.37498474121094,12.919418334960938,43.45556640625
565,84505.0,84508.1,84367.5,84380.3,5297.0,145.9686737060547,202.42491149902344,189.03378295898438,56.45623779296875,13.391128540039062,43.06510925292969
566,84380.2,84382.3,84259.6,84263.9,13940.0,146.0253143310547,198.4384307861328,184.29531860351562,52.413116455078125,14.143112182617188,38.27000427246094
567,84267.2,84388.4,84245.3,84335.2,13017.0,140.6189727783203,195.6715850830078,181.3529052734375,55.0526123046875,14.318679809570312,40.73393249511719
568,84333.1,84359.2,84254.9,84281.2,5456.0,138.61810302734375,191.10324096679688,175.84947204589844,52.485137939453125,15.253768920898438,37.23136901855469
569,84299.1,84302.4,84183.8,84222.4,6337.0,137.35203552246094,187.47816467285156,171.7603302001953,50.126129150390625,15.71783447265625,34.408294677734375
570,84218.2,84288.9,84185.7,84259.6,17105.0,148.7242889404297,183.26402282714844,166.86282348632812,34.53973388671875,16.401199340820312,18.138534545898438
571,84256.1,84401.5,84256.1,84368.0,3991.0,147.77284240722656,181.37074279785156,165.32965087890625,33.597900390625,16.041091918945312,17.556808471679688
572,84356.6,84422.5,84348.0,84416.0,3753.0,143.78929138183594,176.02720642089844,158.84182739257812,32.2379150390625,17.185379028320312,15.052536010742188
573,84412.6,84423.2,84229.5,84233.8,7003.0,150.5396728515625,176.91099548339844,161.33192443847656,26.371322631835938,15.579071044921875,10.792251586914062
574,84241.4,84258.3,84025.8,84087.2,20531.0,147.4228515625,179.69044494628906,166.4153594970703,32.26759338378906,13.27508544921875,18.992507934570312
575,84092.5,84117.3,83974.2,84081.9,12807.0,142.39663696289062,177.86061096191406,164.74952697753906,35.46397399902344,13.111083984375,22.352890014648438
576,84074.3,84074.3,83921.5,83966.6,11815.0,318.05181884765625,176.9875030517578,164.43873596191406,141.06431579589844,12.54876708984375,153.6130828857422
577,83961.5,84018.2,83932.4,83996.5,7262.0,308.13946533203125,172.42835998535156,158.822021484375,135.7111053466797,13.606338500976562,149.31744384765625
578,83990.5,84098.4,83954.6,84026.7,16272.0,304.8524169921875,170.99679565429688,157.74879455566406,133.85562133789062,13.248001098632812,147.10362243652344
579,84031.0,84091.9,83981.0,83997.6,4046.0,299.8445739746094,167.99188232421875,154.40234375,131.85269165039062,13.58953857421875,145.44223022460938
580,83996.6,83996.6,83856.6,83871.3,10885.0,299.47735595703125,166.6422882080078,153.4450225830078,132.83506774902344,13.197265625,146.03233337402344
581,83862.0,83979.0,83819.5,83926.6,18306.0,285.94842529296875,166.28517150878906,153.8775177001953,119.66325378417969,12.40765380859375,132.07090759277344
582,83926.6,83954.9,83751.1,83780.1,10925.0,274.2510070800781,168.16075134277344,157.4431915283203,106.09025573730469,10.717559814453125,116.80781555175781
583,83780.9,83881.9,83754.6,83777.5,17305.0,280.3833923339844,166.1175537109375,155.28988647460938,114.26583862304688,10.827667236328125,125.093505859375
584,83779.5,83873.5,83750.0,83805.9,31807.0,278.32440185546875,163.98667907714844,153.01918029785156,114.33772277832031,10.967498779296875,125.30522155761719
585,83796.8,83874.7,83724.6,83741.9,29439.0,271.4031066894531,163.29241943359375,152.81077575683594,108.11068725585938,10.481643676757812,118.59233093261719
586,83742.0,83828.0,83732.8,83768.1,8394.0,270.613037109375,159.88795471191406,148.69593811035156,110.72508239746094,11.1920166015625,121.91709899902344
587,83770.4,83983.2,83770.4,83963.1,9143.0,263.71246337890625,162.6486358642578,153.439208984375,101.06382751464844,9.209426879882812,110.27325439453125
588,83963.1,83990.8,83844.3,83872.8,6328.0,261.1116027832031,161.84120178222656,152.94354248046875,99.27040100097656,8.897659301757812,108.16806030273438
589,83864.7,83890.0,83728.7,83728.7,8651.0,253.76072692871094,161.81399536132812,153.5402069091797,91.94673156738281,8.273788452148438,100.22052001953125
590,83724.6,83753.9,83626.6,83653.1,15237.0,246.0679931640625,160.088134765625,151.6656951904297,85.9798583984375,8.422439575195312,94.40229797363281
591,83675.5,83764.3,83633.8,83699.0,17326.0,241.5044403076172,158.60873413085938,150.1538543701172,82.89570617675781,8.454879760742188,91.3505859375
592,83691.8,83697.5,83576.0,83692.0,14180.0,243.54446411132812,156.8282928466797,148.21429443359375,86.71617126464844,8.613998413085938,95.33016967773438
593,83700.4,83828.0,83700.4,83768.1,20744.0,240.1371612548828,155.78688049316406,147.3418426513672,84.35028076171875,8.445037841796875,92.79531860351562
594,83774.0,83820.8,83635.4,83701.0,9920.0,235.31546020507812,157.2674560546875,150.06016540527344,78.04800415039062,7.2072906494140625,85.25529479980469
595,83695.9,83786.6,83679.7,83783.8,10010.0,235.10476684570312,154.74900817871094,146.97718811035156,80.35575866699219,7.771820068359375,88.12757873535156
596,83788.0,83862.9,83781.0,83817.1,13303.0,225.1143798828125,151.1064910888672,142.32870483398438,74.00788879394531,8.777786254882812,82.78567504882812
597,83817.2,83858.6,83785.7,83799.7,6080.0,215.89891052246094,147.1960906982422,137.36940002441406,68.70281982421875,9.826690673828125,78.52951049804688
598,83799.7,83824.4,83707.4,83715.0,7485.0,208.65396118164062,145.68629455566406,135.91444396972656,62.96766662597656,9.7718505859375,72.73951721191406
599,83715.0,83733.2,83636.1,83636.1,6127.0,201.0911865234375,143.25706481933594,133.14208984375,57.83412170410156,10.114974975585938,67.9490966796875
600,83636.1,83795.2,83636.1,83779.9,4312.0,196.0866241455078,144.04930114746094,134.996337890625,52.037322998046875,9.052963256835938,61.09028625488281
601,83786.9,83894.1,83751.7,83868.9,21353.0,197.08737182617188,143.96676635742188,135.5250701904297,53.12060546875,8.441696166992188,61.56230163574219
602,83864.7,83915.9,83809.1,83887.5,8606.0,192.73301696777344,142.1082763671875,133.47305297851562,50.62474060058594,8.635223388671875,59.25996398925781
603,83887.4,83939.8,83877.6,83920.3,3860.0,191.66160583496094,138.1126251220703,128.3817901611328,53.548980712890625,9.7308349609375,63.279815673828125
604,83924.6,83989.8,83863.2,83921.5,6033.0,186.55860900878906,137.53668212890625,128.2540740966797,49.02192687988281,9.282608032226562,58.304534912109375
605,83922.5,83976.3,83825.6,83833.7,6568.0,179.41583251953125,138.1946258544922,129.8570098876953,41.22120666503906,8.337615966796875,49.55882263183594
606,83833.7,83873.5,83730.9,83853.3,9538.0,177.02513122558594,138.41497802734375,130.767333984375,38.61015319824219,7.64764404296875,46.25779724121094
607,83863.5,83867.6,83690.1,83711.3,9399.0,177.259033203125,140.36923217773438,134.1053924560547,36.889801025390625,6.2638397216796875,43.15364074707031
608,83705.2,83764.7,83688.8,83724.5,6364.0,175.2761688232422,137.14608764648438,129.94830322265625,38.13008117675781,7.197784423828125,45.32786560058594
609,83722.3,83730.0,83650.2,83656.4,5595.0,169.23228454589844,134.27862548828125,126.36605834960938,34.95365905761719,7.912567138671875,42.86622619628906
610,83652.4,83737.5,83580.0,83737.5,9843.0,168.5206756591797,135.439697265625,128.5899200439453,33.08097839355469,6.8497772216796875,39.930755615234375
611,83749.4,83902.4,83749.4,83829.3,23824.0,162.69932556152344,136.9126434326172,131.18338012695312,25.78668212890625,5.7292633056640625,31.515945434570312
612,83840.7,83880.9,83738.1,83790.5,7625.0,164.11436462402344,137.2068634033203,132.01290893554688,26.907501220703125,5.1939544677734375,32.10145568847656
613,83782.5,83786.6,83653.4,83706.2,9009.0,170.188720703125,137.20159912109375,132.3763885498047,32.98712158203125,4.8252105712890625,37.81233215332031
614,83693.7,83716.8,83686.1,83706.8,4030.0,183.0144500732422,131.87628173828125,125.11345672607422,51.13816833496094,6.762825012207031,57.90099334716797
615,83703.1,83773.7,83700.3,83723.0,4499.0,178.38873291015625,128.95278930664062,121.42008209228516,49.435943603515625,7.532707214355469,56.968650817871094
616,83728.8,83766.6,83605.2,83614.7,5211.0,189.68414306640625,130.5750732421875,124.27568054199219,59.10906982421875,6.2993927001953125,65.40846252441406
617,83619.8,83712.5,83605.4,83707.3,5081.0,184.12025451660156,129.40139770507812,123.04895782470703,54.71885681152344,6.352439880371094,61.07129669189453
618,83707.2,83715.0,83605.6,83625.1,5532.0,184.88925170898438,128.4012451171875,122.07392120361328,56.488006591796875,6.327323913574219,62.815330505371094
619,83632.5,83681.5,83608.1,83633.7,2527.0,186.30455017089844,125.6511001586914,118.59709930419922,60.65345001220703,7.0540008544921875,67.70745086669922
620,83641.5,83675.1,83404.8,83509.7,28966.0,179.61940002441406,132.88377380371094,129.433349609375,46.735626220703125,3.4504241943359375,50.18605041503906
621,83511.7,83610.5,83364.6,83364.7,13554.0,184.388427734375,138.53451538085938,137.75228881835938,45.853912353515625,0.7822265625,46.636138916015625
622,83363.6,83493.4,83313.0,83425.7,7002.0,199.12408447265625,140.62771606445312,140.79844665527344,58.496368408203125,0.1707305908203125,58.32563781738281
623,83425.8,83497.8,83352.9,83358.4,21014.0,196.42295837402344,140.84124755859375,141.09129333496094,55.58171081542969,0.2500457763671875,55.3316650390625
624,83361.2,83398.6,83304.6,83324.3,14907.0,191.66197204589844,138.4991912841797,137.72763061523438,53.16278076171875,0.7715606689453125,53.93434143066406
625,83324.3,83355.3,83284.7,83334.3,8920.0,200.9386444091797,135.1039276123047,132.93235778808594,65.834716796875,2.17156982421875,68.00628662109375
626,83346.7,83346.7,83150.8,83181.1,41793.0,195.66163635253906,138.14404296875,137.4304962158203,57.51759338378906,0.7135467529296875,58.23114013671875
627,83174.1,83320.8,83146.9,83226.1,12694.0,199.84848022460938,139.9317626953125,140.03533935546875,59.916717529296875,0.10357666015625,59.813140869140625
628,83218.3,83238.8,83062.5,83062.5,21836.0,197.81582641601562,141.75003051757812,142.62545776367188,56.0657958984375,0.87542724609375,55.19036865234375
629,83058.7,83203.9,83058.7,83076.1,23222.0,198.15003967285156,141.9222869873047,142.80902099609375,56.227752685546875,0.8867340087890625,55.34101867675781
630,83074.2,83231.8,83050.5,83069.4,17291.0,198.29254150390625,143.89102172851562,145.5581512451172,54.401519775390625,1.6671295166015625,52.73439025878906
631,83049.5,83095.4,82865.7,83040.7,43387.0,194.57284545898438,148.18124389648438,151.5679473876953,46.3916015625,3.3867034912109375,43.00489807128906
632,83036.6,83045.0,82700.0,82806.5,37530.0,196.3942108154297,158.02218627929688,165.384521484375,38.37202453613281,7.362335205078125,31.009689331054688
633,82778.9,82940.5,82747.1,82860.2,18664.0,188.52919006347656,159.79100036621094,167.38551330566406,28.738189697265625,7.594512939453125,21.1436767578125
634,82869.4,82985.0,82860.8,82870.9,23699.0,181.57266235351562,158.0413055419922,164.34347534179688,23.531356811523438,6.3021697998046875,17.22918701171875
635,82871.0,82984.9,82840.1,82974.5,20211.0,173.7639617919922,157.37908935546875,162.94728088378906,16.384872436523438,5.5681915283203125,10.816680908203125
636,82974.5,82985.0,82827.6,82841.9,11346.0,175.21092224121094,157.3800506591797,162.55093383789062,17.83087158203125,5.1708831787109375,12.659988403320312
637,82838.6,82953.3,82804.1,82953.3,21336.0,174.14060974121094,156.97080993652344,161.5969696044922,17.1697998046875,4.62615966796875,12.54364013671875
638,82949.2,82957.2,82736.6,82741.6,11185.0,169.77850341796875,160.15234375,165.81158447265625,9.62615966796875,5.65924072265625,3.9669189453125
639,82737.0,82789.5,82602.4,82686.1,33922.0,164.3645782470703,161.4998016357422,167.33229064941406,2.864776611328125,5.832489013671875,2.96771240234375
640,82686.0,82729.9,82603.4,82682.8,20981.0,158.3912811279297,159.74981689453125,164.4156951904297,1.3585357666015625,4.6658782958984375,6.0244140625
641,82685.0,82700.0,82518.0,82532.8,19045.0,159.21664428710938,160.86233520507812,165.67172241210938,1.64569091796875,4.80938720703125,6.455078125
642,82541.0,82616.6,82480.1,82572.2,18141.0,169.14566040039062,159.6442108154297,163.58802795410156,9.501449584960938,3.943817138671875,5.5576324462890625
643,82576.3,82596.8,82478.2,82495.0,14079.0,163.38369750976562,157.59169006347656,160.3741455078125,5.7920074462890625,2.7824554443359375,3.009552001953125
644,82495.1,82675.0,82495.1,82648.4,27026.0,158.68951416015625,158.7121124267578,161.7760009765625,0.0225982666015625,3.0638885498046875,3.08648681640625
645,82648.4,82684.7,82571.7,82624.2,46050.0,161.97496032714844,156.42649841308594,158.2919921875,5.5484619140625,1.8654937744140625,3.6829681396484375
646,82630.4,82670.6,82578.5,82657.8,14204.0,158.92620849609375,153.2102508544922,153.56410217285156,5.7159576416015625,0.353851318359375,5.3621063232421875
647,82653.8,82725.3,82600.2,82725.3,12563.0,161.04981994628906,151.80442810058594,151.530517578125,9.245391845703125,0.2739105224609375,9.519302368164062
648,82725.3,82757.9,82582.5,82603.3,8666.0,155.16725158691406,152.984130859375,153.23536682128906,2.1831207275390625,0.2512359619140625,1.931884765625
649,82606.3,82607.3,82472.6,82538.4,9220.0,150.3889617919922,152.06968688964844,151.91107177734375,1.68072509765625,0.1586151123046875,1.5221099853515625
650,82546.8,82599.2,82477.9,82514.0,6482.0,145.16444396972656,150.53143310546875,149.7248992919922,5.3669891357421875,0.8065338134765625,4.560455322265625
651,82509.9,82590.9,82500.1,82500.1,18087.0,144.6109161376953,147.54470825195312,145.51576232910156,2.9337921142578125,2.0289459228515625,0.90484619140625
652,82500.0,82500.1,82280.0,82280.0,18549.0,139.34521484375,151.17254638671875,150.84332275390625,11.82733154296875,0.3292236328125,11.49810791015625
653,82275.9,82344.9,82234.6,82257.7,21916.0,133.9779510498047,149.12876892089844,147.9471435546875,15.15081787109375,1.1816253662109375,13.969192504882812
654,82248.8,82285.7,82125.3,82149.0,14685.0,128.323974609375,149.69264221191406,148.8370819091797,21.368667602539062,0.855560302734375,20.513107299804688
655,82144.8,82267.9,82116.5,82208.8,12339.0,136.43785095214844,149.77793884277344,149.02003479003906,13.340087890625,0.757904052734375,12.582183837890625
656,82210.8,82518.0,82210.8,82497.1,30776.0,132.09095764160156,157.7491912841797,160.46168518066406,25.658233642578125,2.712493896484375,28.3707275390625
657,82497.4,82506.8,82390.0,82453.9,12146.0,131.69618225097656,155.7015838623047,157.3427734375,24.005401611328125,1.6411895751953125,25.646591186523438
658,82453.8,82478.6,82349.3,82387.6,7323.0,129.99107360839844,154.38174438476562,155.3400421142578,24.390670776367188,0.9582977294921875,25.348968505859375
659,82385.9,82385.9,82201.4,82217.5,10488.0,125.10128021240234,155.9728240966797,157.5445556640625,30.871543884277344,1.5717315673828125,32.443275451660156
660,82216.4,82231.7,82112.2,82176.2,12266.0,126.69622039794922,154.14918518066406,154.82708740234375,27.452964782714844,0.6779022216796875,28.13086700439453
661,82178.3,82200.4,82111.0,82161.7,16371.0,122.89149475097656,150.91165161132812,150.1536102294922,28.020156860351562,0.7580413818359375,27.262115478515625
662,82168.0,82261.1,82020.7,82078.6,15816.0,121.28716278076172,155.385986328125,156.59967041015625,34.09882354736328,1.21368408203125,35.31250762939453
663,82078.5,82089.4,81712.9,81949.0,58374.0,123.82280731201172,166.4416961669922,172.3068389892578,42.61888885498047,5.865142822265625,48.484031677246094
664,81948.9,81974.5,81786.1,81935.6,25616.0,120.91682434082031,167.53953552246094,173.45623779296875,46.622711181640625,5.9167022705078125,52.53941345214844
665,81943.5,82391.7,81927.3,82061.4,45415.0,120.20613861083984,182.38287353515625,194.23837280273438,62.176734924316406,11.855499267578125,74.03223419189453
666,82053.6,82085.5,81905.2,82062.6,16898.0,116.69583892822266,182.27857971191406,193.2425537109375,65.5827407836914,10.963973999023438,76.54671478271484
667,82058.6,82058.6,81802.1,81872.6,21012.0,116.95128631591797,186.1896514892578,198.04666137695312,69.23836517333984,11.857009887695312,81.09537506103516
668,81871.0,82140.3,81859.4,82019.9,32565.0,115.07364654541016,190.9250946044922,203.9646453857422,75.85144805908203,13.03955078125,88.89099884033203
669,82012.6,82139.7,82004.9,82080.5,55937.0,111.02465057373047,188.11907958984375,199.02464294433594,77.09442901611328,10.905563354492188,87.99999237060547
670,82080.3,82443.9,82070.5,82414.7,20236.0,107.4284896850586,197.38304138183594,211.47991943359375,89.95455169677734,14.096878051757812,104.05142974853516
671,82408.7,82428.3,82331.5,82382.7,17538.0,102.63714599609375,192.35374450683594,203.28826904296875,89.71659851074219,10.934524536132812,100.651123046875
672,82382.7,82499.9,82309.5,82316.1,21160.0,99.80529022216797,192.2559814453125,202.36756896972656,92.45069122314453,10.111587524414062,102.5622787475586
673,82309.4,82329.3,82107.0,82168.8,13391.0,98.47010803222656,193.75804138183594,203.7910919189453,95.28793334960938,10.033050537109375,105.32098388671875
674,82168.3,82242.3,82082.7,82124.0,23107.0,95.17668151855469,192.04983520507812,200.63414001464844,96.87315368652344,8.584304809570312,105.45745849609375
675,82116.1,82140.8,81937.9,81944.2,15948.0,96.3030014038086,192.59226989746094,200.79586791992188,96.28926849365234,8.203598022460938,104.49286651611328
676,81936.1,82077.4,81640.3,82072.8,26241.0,103.87808990478516,204.81773376464844,217.6748504638672,100.93964385986328,12.85711669921875,113.79676055908203
677,82080.7,82224.5,81960.7,81975.2,13752.0,103.1142578125,207.76670837402344,220.9692840576172,104.65245056152344,13.20257568359375,117.85502624511719
678,81956.1,82014.3,81770.3,81877.2,9149.0,132.07847595214844,209.578369140625,222.6143341064453,77.49989318847656,13.035964965820312,90.53585815429688
679,81878.3,82077.9,81873.7,82077.8,19767.0,138.88938903808594,209.30923461914062,221.29869079589844,70.41984558105469,11.989456176757812,82.4093017578125
680,82077.9,82077.9,81864.9,81965.1,12777.0,160.8546905517578,209.4937744140625,220.7059326171875,48.63908386230469,11.212158203125,59.85124206542969
681,81963.2,82231.1,81947.7,82190.6,22895.0,168.18186950683594,213.1890106201172,225.1839599609375,45.00714111328125,11.994949340820312,57.00209045410156
682,82190.5,82197.1,81951.4,81964.9,11012.0,177.8177032470703,214.81472778320312,226.6496124267578,36.99702453613281,11.834884643554688,48.8319091796875
683,81965.9,82024.8,81934.3,81992.6,15824.0,171.93698120117188,208.5989990234375,216.9246368408203,36.662017822265625,8.325637817382812,44.98765563964844
684,81992.6,82196.1,81983.0,82196.1,21470.0,169.2151336669922,208.82412719726562,216.6515655517578,39.60899353027344,7.8274383544921875,47.436431884765625
685,82196.1,82351.9,82149.2,82305.4,16139.0,179.09422302246094,208.51768493652344,215.65469360351562,29.4234619140625,7.1370086669921875,36.56047058105469
686,82307.4,82485.7,82241.3,82291.4,17690.0,179.68443298339844,210.31211853027344,217.7083740234375,30.627685546875,7.3962554931640625,38.02394104003906
687,82304.4,82304.4,82120.1,82120.1,16968.0,170.71543884277344,209.0113525390625,215.32183837890625,38.29591369628906,6.31048583984375,44.60639953613281
688,82124.2,82124.2,81959.6,82019.2,13734.0,166.1597442626953,206.79087829589844,211.69895935058594,40.631134033203125,4.9080810546875,45.539215087890625
689,82019.4,82082.3,82007.4,82069.3,5797.0,166.0919952392578,200.19625854492188,201.927490234375,34.10426330566406,1.731231689453125,35.83549499511719
690,82069.3,82289.5,82061.1,82246.1,20921.0,162.44247436523438,201.6063690185547,203.8182830810547,39.16389465332031,2.2119140625,41.37580871582031
691,82246.0,82377.9,82227.1,82305.4,10687.0,169.72035217285156,199.06590270996094,200.03103637695312,29.345550537109375,0.9651336669921875,30.310684204101562
692,82314.6,82468.4,82299.2,82442.9,8486.0,171.4093475341797,197.57237243652344,197.82847595214844,26.16302490234375,0.256103515625,26.41912841796875
693,82444.2,82614.8,82395.6,82568.9,11545.0,163.9291229248047,198.6535186767578,199.3546905517578,34.724395751953125,0.701171875,35.425567626953125
694,82550.4,82712.4,82443.3,82443.3,24783.0,169.1475067138672,202.17591857910156,204.33660888671875,33.028411865234375,2.1606903076171875,35.18910217285156
695,82446.9,82554.9,82389.0,82530.9,15584.0,164.9553680419922,200.36204528808594,201.5910186767578,35.40667724609375,1.228973388671875,36.635650634765625
696,82532.6,82616.4,82462.8,82558.3,6799.0,161.7927703857422,198.02403259277344,198.1632080078125,36.23126220703125,0.1391754150390625,36.37043762207031
697,82555.0,82710.4,82548.8,82690.3,13435.0,163.07814025878906,196.20291137695312,195.55165100097656,33.12477111816406,0.6512603759765625,32.4735107421875
698,82690.3,82866.1,82576.7,82834.2,28655.0,157.95431518554688,200.86268615722656,202.2550048828125,42.90837097167969,1.3923187255859375,44.300689697265625
699,82840.6,82841.4,82689.9,82740.7,9596.0,152.46636962890625,198.39456176757812,198.629638671875,45.928192138671875,0.235076904296875,46.16326904296875
700,82740.8,82922.9,82718.3,82846.4,6538.0,159.47312927246094,198.7049102783203,199.05621337890625,39.231781005859375,0.3513031005859375,39.58308410644531
701,82846.5,82858.5,82597.3,82629.6,19970.0,161.7994842529297,201.82981872558594,203.49526977539062,40.03033447265625,1.6654510498046875,41.69578552246094
702,82648.3,82648.3,82571.7,82593.2,6082.0,171.8345184326172,195.56802368164062,194.43087768554688,23.733505249023438,1.13714599609375,22.596359252929688
703,82594.4,82612.8,82527.2,82583.8,25629.0,167.26780700683594,190.06932067871094,186.65679931640625,22.801513671875,3.4125213623046875,19.388992309570312
704,82583.8,82583.8,82496.2,82543.8,7138.0,171.7294158935547,184.94554138183594,179.58087158203125,13.21612548828125,5.3646697998046875,7.8514556884765625
705,82552.0,82581.1,82539.7,82574.0,4128.0,169.24295043945312,177.7681884765625,169.710693359375,8.525238037109375,8.0574951171875,0.467742919921875
706,82574.9,82609.7,82444.9,82465.3,7259.0,175.9058074951172,177.12002563476562,169.36026000976562,1.2142181396484375,7.759765625,6.5455474853515625
707,82459.9,82529.5,82450.4,82529.5,10327.0,174.8804473876953,172.21910095214844,162.9132080078125,2.661346435546875,9.305892944335938,11.967239379882812
708,82533.6,82570.5,82487.9,82533.6,5208.0,182.5661163330078,167.73822021484375,157.17666625976562,14.827896118164062,10.561553955078125,25.389450073242188
709,82533.6,82570.5,82450.1,82456.7,6170.0,183.05303955078125,165.37123107910156,154.54965209960938,17.681808471679688,10.821578979492188,28.503387451171875
710,82456.2,82456.2,82364.6,82452.6,18068.0,197.50547790527344,161.70774841308594,150.0890655517578,35.7977294921875,11.618682861328125,47.416412353515625
711,82452.6,82561.7,82420.9,82557.5,6585.0,210.96536254882812,160.66259765625,149.4259033203125,50.302764892578125,11.2366943359375,61.539459228515625
712,82541.0,82732.5,82508.9,82717.9,24146.0,209.47216796875,163.80955505371094,154.7241668701172,45.66261291503906,9.08538818359375,54.74800109863281
713,82721.6,82750.0,82660.9,82749.9,7956.0,214.3485565185547,160.07415771484375,150.03683471679688,54.27439880371094,10.037322998046875,64.31172180175781
714,82749.9,82766.4,82699.7,82710.1,5273.0,220.6112060546875,155.40521240234375,144.0838623046875,65.20599365234375,11.32135009765625,76.52734375
715,82710.1,82807.6,82637.8,82742.8,9795.0,217.2404022216797,156.12518310546875,145.9210662841797,61.11521911621094,10.204116821289062,71.3193359375
716,82739.3,82766.7,82656.8,82656.8,3375.0,207.6580810546875,153.81423950195312,143.3485870361328,53.843841552734375,10.465652465820312,64.30949401855469
717,82656.8,82750.3,82638.5,82728.4,4222.0,201.39041137695312,151.71336364746094,141.0948944091797,49.67704772949219,10.61846923828125,60.29551696777344
718,82728.4,82778.4,82721.2,82768.0,5202.0,194.67088317871094,146.9874725341797,135.10206604003906,47.68341064453125,11.885406494140625,59.568817138671875
719,82762.0,82815.9,82703.3,82710.1,9929.0,186.05726623535156,145.26817321777344,133.49488830566406,40.789093017578125,11.773284912109375,52.5623779296875
720,82713.3,82713.3,82619.2,82675.0,8385.0,183.29933166503906,142.70945739746094,130.68051147460938,40.589874267578125,12.028945922851562,52.61882019042969
721,82681.7,82931.5,82680.7,82931.4,15073.0,175.61444091796875,148.39898681640625,139.66761779785156,27.2154541015625,8.731369018554688,35.94682312011719
722,82931.5,82957.8,82852.1,82881.5,10984.0,171.95872497558594,146.26380920410156,137.24102783203125,25.694915771484375,9.022781372070312,34.71769714355469
723,82881.5,82953.2,82841.6,82892.7,11356.0,168.345947265625,144.53070068359375,135.40963745117188,23.81524658203125,9.121063232421875,32.936309814453125
724,82896.6,82970.3,82870.1,82941.3,6136.0,163.85365295410156,142.31393432617188,132.8943328857422,21.539718627929688,9.419601440429688,30.959320068359375
725,82948.1,82995.0,82891.0,82899.2,6327.0,159.09104919433594,140.3982391357422,130.8304443359375,18.69281005859375,9.567794799804688,28.260604858398438
726,82907.5,82967.1,82812.0,82829.0,9037.0,155.0865020751953,141.13340759277344,132.56410217285156,13.953094482421875,8.569305419921875,22.52239990234375
727,82830.1,83053.8,82812.0,83041.4,15284.0,163.45249938964844,146.1665802001953,140.36643981933594,17.285919189453125,5.800140380859375,23.0860595703125
728,83053.1,83343.1,83053.1,83295.7,38016.0,166.98963928222656,153.9434051513672,151.89048767089844,13.046234130859375,2.05291748046875,15.099151611328125
729,83295.6,83351.2,83155.6,83228.5,9452.0,166.02493286132812,156.0263214111328,155.01271057128906,9.998611450195312,1.01361083984375,11.012222290039062
730,83236.9,83337.0,83236.9,83250.0,7117.0,158.283447265625,153.65000915527344,151.69036865234375,4.6334381103515625,1.9596405029296875,6.59307861328125
731,83241.7,83241.7,83053.5,83127.0,41546.0,151.24935913085938,155.79251098632812,154.8910675048828,4.54315185546875,0.9014434814453125,3.6417083740234375
732,83126.1,83126.1,82951.0,82951.0,14525.0,146.33181762695312,156.80288696289062,156.3988494873047,10.4710693359375,0.4040374755859375,10.067031860351562
733,82949.5,83037.2,82932.4,83012.9,5621.0,147.14491271972656,154.20298767089844,152.7135467529297,7.058074951171875,1.48944091796875,5.568634033203125
734,83002.0,83118.3,82996.0,83095.3,6014.0,144.87283325195312,152.60768127441406,150.54092407226562,7.7348480224609375,2.0667572021484375,5.6680908203125
735,83082.7,83120.9,83034.1,83045.2,4113.0,141.52410888671875,149.317138671875,145.98777770996094,7.79302978515625,3.3293609619140625,4.4636688232421875
736,83051.4,83088.2,83015.6,83035.2,3492.0,163.107666015625,145.4813690185547,140.74591064453125,17.626296997070312,4.7354583740234375,22.36175537109375
737,83032.1,83187.9,83032.1,83044.6,6448.0,169.87220764160156,145.9971466064453,141.8209686279297,23.87506103515625,4.176177978515625,28.051239013671875
738,83039.7,83053.0,82948.6,82996.0,4963.0,201.13368225097656,143.91722106933594,139.14793395996094,57.216461181640625,4.769287109375,61.985748291015625
739,82990.0,82990.0,82847.1,82879.6,13056.0,220.346923828125,144.16629028320312,139.8444061279297,76.18063354492188,4.3218841552734375,80.50251770019531
740,82887.9,83055.4,82887.9,83040.6,11412.0,219.6897430419922,145.74781799316406,142.4124298095703,73.94192504882812,3.33538818359375,77.27731323242188
741,83040.5,83168.9,83027.1,83142.4,4509.0,237.9751739501953,145.55027770996094,142.36846923828125,92.42489624023438,3.1818084716796875,95.60670471191406
742,83142.7,83160.0,82995.9,83012.6,5393.0,244.97642517089844,146.47784423828125,143.92083740234375,98.49858093261719,2.5570068359375,101.05558776855469
743,83009.1,83240.3,82995.3,83159.1,11862.0,248.15261840820312,151.40396118164062,151.14077758789062,96.7486572265625,0.26318359375,97.0118408203125
744,83159.0,83159.8,83064.3,83065.2,4129.0,236.7801513671875,148.6087646484375,147.1664276123047,88.17138671875,1.4423370361328125,89.61372375488281
745,83073.6,83160.1,83064.0,83128.6,4387.0,234.8360595703125,145.9833984375,143.51893615722656,88.8526611328125,2.4644622802734375,91.31712341308594
746,83128.5,83128.5,83037.6,83053.0,2391.0,231.0243377685547,143.23423767089844,139.76759338378906,87.79010009765625,3.466644287109375,91.25674438476562
747,83053.0,83063.7,82969.0,82987.2,1869.0,237.8531951904297,140.80767822265625,136.54869079589844,97.04551696777344,4.2589874267578125,101.30450439453125
748,82988.2,83043.2,82978.0,82978.0,2917.0,238.6355438232422,137.02745056152344,131.4525909423828,101.60809326171875,5.574859619140625,107.18295288085938
749,82974.1,82974.1,82924.4,82924.4,3108.0,235.1889190673828,132.8561553955078,125.89179992675781,102.332763671875,6.96435546875,109.297119140625
750,82924.5,82950.7,82903.5,82903.5,3799.0,227.9993896484375,128.57350158691406,120.27117919921875,99.42588806152344,8.302322387695312,107.72821044921875
751,82904.4,82943.6,82899.0,82926.2,7938.0,243.79434204101562,124.3749008178711,114.86620330810547,119.41944122314453,9.508697509765625,128.92813873291016
752,82926.2,83079.2,82926.2,83079.2,36803.0,242.90969848632812,125.80615234375,117.59004974365234,117.10354614257812,8.216102600097656,125.31964874267578
753,83080.0,83114.7,82959.2,82959.2,4886.0,231.11929321289062,127.29084777832031,120.29790496826172,103.82844543457031,6.992942810058594,110.8213882446289
754,82959.1,82959.1,82793.4,82799.5,8111.0,221.2031707763672,129.21653747558594,123.54838562011719,91.98663330078125,5.66815185546875,97.65478515625
755,82796.0,82827.2,82726.5,82772.8,8515.0,212.1430206298828,127.7908706665039,121.91658020019531,84.3521499633789,5.874290466308594,90.2264404296875
756,82767.3,82802.8,82747.5,82768.1,6283.0,216.8858642578125,124.16617584228516,117.15803527832031,92.71968841552734,7.008140563964844,99.72782897949219
757,82768.0,82775.3,82636.8,82680.8,6586.0,213.51150512695312,124.88286590576172,118.68245697021484,88.6286392211914,6.200408935546875,94.82904815673828
758,82680.8,82707.4,82616.9,82638.7,6030.0,204.71600341796875,123.1637191772461,116.66942596435547,81.55228424072266,6.494293212890625,88.04657745361328
759,82638.6,82711.8,82618.4,82618.4,6202.0,210.0052032470703,121.67545318603516,115.00720977783203,88.32975006103516,6.668243408203125,94.99799346923828
760,82618.4,82695.4,82500.1,82521.2,10768.0,203.39010620117188,125.35652160644531,120.7421875,78.03358459472656,4.6143341064453125,82.64791870117188
761,82501.0,82521.3,82389.9,82470.1,18509.0,200.24560546875,125.65862274169922,121.50334930419922,74.58698272705078,4.1552734375,78.74225616455078
762,82469.3,82485.9,82382.7,82435.8,12156.0,205.2333221435547,124.53546142578125,120.19563293457031,80.69786071777344,4.3398284912109375,85.03768920898438
763,82432.1,82530.0,82431.9,82509.6,7552.0,238.50173950195312,123.2137680053711,118.61748504638672,115.28797149658203,4.596282958984375,119.8842544555664
764,82509.9,82552.0,82480.8,82524.7,7396.0,241.39659118652344,120.61323547363281,115.23074340820312,120.78335571289062,5.3824920654296875,126.16584777832031
765,82510.0,82528.1,82438.2,82443.3,5419.0,256.26153564453125,119.0774917602539,113.42129516601562,137.18404388427734,5.656196594238281,142.84024047851562
766,82446.4,82479.7,82381.1,82419.4,2903.0,269.91839599609375,118.05370330810547,112.36273956298828,151.86469268798828,5.6909637451171875,157.55565643310547
767,82418.7,82448.0,82284.2,82313.2,6078.0,258.79241943359375,120.34085845947266,116.03660583496094,138.4515609741211,4.304252624511719,142.7558135986328
768,82317.0,82381.8,82257.2,82262.7,8322.0,272.81805419921875,120.55350494384766,116.64783477783203,152.2645492553711,3.905670166015625,156.17021942138672
769,82279.4,82417.8,82229.4,82300.1,9838.0,269.0220642089844,123.94575500488281,121.77287292480469,145.07630920410156,2.172882080078125,147.2491912841797
770,82300.1,82375.4,82229.0,82355.8,14190.0,256.2459716796875,125.0683822631836,123.53184509277344,131.1775894165039,1.5365371704101562,132.71412658691406
771,82355.8,82385.9,82268.4,82284.7,9506.0,258.0637512207031,124.6899642944336,123.10099792480469,133.37378692626953,1.5889663696289062,134.96275329589844
772,82268.2,82405.4,82268.2,82358.9,9579.0,258.0054931640625,125.31523895263672,124.10773468017578,132.69025421142578,1.2075042724609375,133.89775848388672
773,82358.0,82375.9,82200.1,82281.1,6470.0,253.58023071289062,127.83931732177734,127.79981994628906,125.74091339111328,0.03949737548828125,125.78041076660156
774,82286.5,82316.1,82221.9,82256.0,18679.0,247.216064453125,126.15750885009766,125.40005493164062,121.05855560302734,0.7574539184570312,121.81600952148438
775,82272.4,82360.0,82272.4,82308.6,4366.0,258.1900329589844,125.04963684082031,123.87147521972656,133.14039611816406,1.17816162109375,134.3185577392578
776,82307.5,82308.5,82208.6,82218.6,9752.0,262.1356201171875,123.79715728759766,122.16637420654297,138.33846282958984,1.6307830810546875,139.96924591064453
777,82217.7,82360.9,82217.7,82360.9,9148.0,268.4788513183594,124.7670669555664,123.66844177246094,143.71178436279297,1.0986251831054688,144.81040954589844
778,82341.3,82399.0,82309.4,82309.4,4196.0,267.94476318359375,123.0087890625,121.23509216308594,144.93597412109375,1.7736968994140625,146.7096710205078
779,82309.4,82353.7,82286.1,82317.2,4291.0,267.3475341796875,120.2384262084961,117.40412139892578,147.1091079711914,2.8343048095703125,149.94341278076172
780,82313.1,82372.3,82294.0,82306.6,4651.0,260.6000671386719,118.14134979248047,114.61074829101562,142.4587173461914,3.5306015014648438,145.98931884765625
781,82306.6,82457.7,82278.2,82278.2,9994.0,265.6751403808594,121.20928192138672,119.24569702148438,144.46585845947266,1.9635848999023438,146.429443359375
782,82267.6,82387.4,82256.5,82311.2,9736.0,257.7164001464844,121.69374084472656,120.07803344726562,136.0226593017578,1.6157073974609375,137.63836669921875
783,82316.4,82401.0,82213.3,82361.6,31401.0,249.1555938720703,124.99421691894531,124.90840148925781,124.161376953125,0.0858154296875,124.2471923828125
784,82353.3,82353.3,82087.2,82207.2,17951.0,256.33258056640625,132.4644317626953,135.5862579345703,123.86814880371094,3.121826171875,120.74632263183594
785,82211.2,82229.2,82094.1,82094.1,10273.0,257.2358703613281,132.59629821777344,135.5516357421875,124.63957214355469,2.9553375244140625,121.68423461914062
786,82094.2,82172.1,82050.7,82089.7,19987.0,251.2240753173828,132.03640747070312,134.5406951904297,119.18766784667969,2.5042877197265625,116.68338012695312
787,82089.6,82200.0,82055.5,82200.0,4604.0,253.4976348876953,132.6595916748047,135.2520751953125,120.83804321289062,2.5924835205078125,118.24555969238281
788,82200.7,82200.7,81943.8,81995.4,16179.0,245.26768493652344,138.87193298339844,143.941650390625,106.395751953125,5.0697174072265625,101.32603454589844
789,82007.8,82099.5,81995.4,82057.6,9907.0,242.66445922851562,137.13340759277344,141.09593200683594,105.53105163574219,3.9625244140625,101.56852722167969
790,82057.7,82081.7,81990.1,82015.7,17310.0,253.8214569091797,134.8568115234375,137.5606231689453,118.96464538574219,2.7038116455078125,116.26083374023438
791,82013.2,82148.5,82008.1,82120.8,29622.0,252.2354736328125,135.13389587402344,137.76332092285156,117.10157775878906,2.629425048828125,114.47215270996094
792,82124.4,82141.0,82045.5,82052.5,15856.0,242.9635467529297,133.15220642089844,134.74452209472656,109.81134033203125,1.592315673828125,108.21902465820312
793,82052.5,82270.8,82033.9,82270.7,11670.0,249.560302734375,138.3395233154297,142.04122924804688,111.22077941894531,3.7017059326171875,107.51907348632812
794,82270.7,82389.6,82160.5,82310.0,34207.0,243.80728149414062,142.87762451171875,148.25982666015625,100.92965698242188,5.3822021484375,95.54745483398438
795,82309.9,82309.9,82090.1,82120.3,12909.0,236.36184692382812,146.72866821289062,153.37686157226562,89.6331787109375,6.648193359375,82.9849853515625
796,82117.5,82181.5,81982.3,82010.3,9110.0,230.05899047851562,149.35240173339844,156.65016174316406,80.70658874511719,7.297760009765625,73.40882873535156
797,82010.4,82067.1,81956.0,82042.3,8570.0,229.03611755371094,147.4398651123047,153.39669799804688,81.59625244140625,5.9568328857421875,75.63941955566406
798,82038.6,82061.9,81913.8,81950.5,11482.0,229.4944610595703,147.4729461669922,153.0184783935547,82.02151489257812,5.5455322265625,76.47598266601562
799,81950.4,82032.4,81945.1,81985.9,7187.0,223.6798858642578,144.4641571044922,148.32406616210938,79.21572875976562,3.8599090576171875,75.35581970214844
800,81973.8,82004.9,81846.1,81851.1,10167.0,218.6658172607422,145.18080139160156,149.07212829589844,73.48501586914062,3.891326904296875,69.59368896484375
801,81851.3,81854.3,81416.3,81444.9,69414.0,210.94229125976562,159.82176208496094,169.7098388671875,51.12052917480469,9.888076782226562,41.232452392578125
802,81444.9,81613.8,81340.6,81551.5,39167.0,207.91001892089844,165.49044799804688,177.10165405273438,42.41957092285156,11.6112060546875,30.808364868164062
803,81548.4,81591.1,80831.4,81134.0,196906.0,199.4645233154297,195.2010955810547,218.71604919433594,4.263427734375,23.51495361328125,19.25152587890625
804,81149.3,81160.4,80919.0,81101.0,45283.0,205.08116149902344,197.51097106933594,220.33621215820312,7.5701904296875,22.825241088867188,15.255050659179688
805,81100.0,81444.4,81079.6,81328.8,30209.0,216.197021484375,205.87527465820312,230.6548309326172,10.321746826171875,24.779556274414062,14.457809448242188
806,81323.7,81323.7,81129.8,81140.6,36412.0,206.6371612548828,205.53152465820312,228.39376831054688,1.1056365966796875,22.86224365234375,21.756607055664062
807,81132.6,81159.4,80952.0,81011.6,32535.0,206.23538208007812,205.6248779296875,226.89410400390625,0.610504150390625,21.26922607421875,20.658721923828125
808,81011.6,81050.4,80705.1,80725.3,38780.0,198.9935302734375,212.6084747314453,235.35145568847656,13.614944458007812,22.74298095703125,36.35792541503906
809,80723.8,80963.9,80627.5,80945.5,42398.0,207.16885375976562,218.7979736328125,242.569091796875,11.629119873046875,23.7711181640625,35.400238037109375
810,80957.6,81666.0,80957.6,81466.2,131612.0,214.0303192138672,243.88308715820312,276.7070007324219,29.852767944335938,32.82391357421875,62.67668151855469
811,81468.0,81877.6,81274.6,81711.1,61016.0,218.94873046875,261.8389587402344,300.0136413574219,42.890228271484375,38.1746826171875,81.06491088867188
812,81711.1,81889.9,81500.2,81605.4,33883.0,224.46145629882812,268.2317810058594,306.41949462890625,43.77032470703125,38.187713623046875,81.95803833007812
813,81581.0,81707.1,81442.1,81606.9,30371.0,217.30322265625,268.0701904296875,303.4609680175781,50.7669677734375,35.390777587890625,86.15774536132812
814,81602.9,81807.5,81594.8,81700.5,18544.0,217.7279052734375,265.3018493652344,296.9782409667969,47.573944091796875,31.6763916015625,79.25033569335938
815,81704.5,81821.2,81510.1,81821.2,35648.0,217.61143493652344,267.59185791015625,297.987060546875,49.98042297363281,30.39520263671875,80.37562561035156
816,81825.1,82274.0,81710.7,82101.7,46923.0,213.1609344482422,282.3771057128906,316.9377746582031,69.21617126464844,34.5606689453125,103.77684020996094
817,82087.6,82581.6,82027.5,82511.1,70274.0,205.03257751464844,295.9633483886719,333.8780212402344,90.93077087402344,37.9146728515625,128.84544372558594
818,82511.3,82866.1,82486.5,82768.0,63226.0,200.16102600097656,300.145263671875,337.1440124511719,99.98423767089844,36.998748779296875,136.9829864501953
819,82767.9,82982.8,82628.3,82982.8,31887.0,196.9428253173828,302.8630065917969,338.3836975097656,105.92018127441406,35.52069091796875,141.4408721923828
820,82982.7,82982.7,82657.5,82736.3,19758.0,204.6456756591797,303.9847106933594,337.4489440917969,99.33903503417969,33.4642333984375,132.8032684326172
821,82745.5,82971.2,82693.7,82878.7,22928.0,203.77862548828125,302.6604919433594,333.1668701171875,98.88186645507812,30.506378173828125,129.38824462890625
822,82904.5,82908.6,82685.7,82750.9,12906.0,201.1498565673828,298.6723937988281,325.2905578613281,97.52253723144531,26.6181640625,124.14070129394531
823,82751.0,82887.6,82565.4,82874.2,24953.0,195.2622833251953,299.84893798828125,325.0700378417969,104.58665466308594,25.221099853515625,129.80775451660156
824,82874.1,83033.3,82795.5,83002.3,14212.0,196.229248046875,296.746337890625,318.83624267578125,100.51708984375,22.08990478515625,122.60699462890625
825,83010.6,83427.0,82994.9,83316.3,37958.0,197.01271057128906,303.5141296386719,326.9266052246094,106.50141906738281,23.4124755859375,129.9138946533203
826,83320.1,83419.2,83150.8,83164.4,16894.0,192.8722381591797,301.7587585449219,322.74658203125,108.88652038574219,20.987823486328125,129.8743438720703
827,83176.3,83300.0,83106.8,83270.4,9931.0,189.66847229003906,296.33099365234375,313.49346923828125,106.66252136230469,17.1624755859375,123.82499694824219
828,83252.6,83322.0,83008.6,83078.5,13767.0,180.70497131347656,297.18438720703125,313.4866943359375,116.47941589355469,16.30230712890625,132.78172302246094
829,83083.3,83191.8,82976.6,83191.8,11528.0,187.1599578857422,293.0849304199219,306.46588134765625,105.92497253417969,13.380950927734375,119.30592346191406
830,83199.9,83528.1,83116.8,83499.9,25737.0,189.48204040527344,298.9959411621094,313.9543762207031,109.51390075683594,14.95843505859375,124.47233581542969
831,83493.1,83499.9,83386.6,83496.4,18219.0,190.0227813720703,289.71099853515625,299.6216735839844,99.68821716308594,9.910675048828125,109.59889221191406
832,83496.4,83576.6,83367.6,83389.8,14373.0,183.97164916992188,285.6754455566406,293.1487121582031,101.70379638671875,7.4732666015625,109.17706298828125
833,83386.5,83583.2,83358.5,83565.7,5882.0,183.80784606933594,282.6268310546875,288.2597351074219,98.81898498535156,5.632904052734375,104.45188903808594
834,83564.7,83589.1,83495.9,83564.2,9029.0,181.2322998046875,273.1556396484375,274.3271179199219,91.92333984375,1.171478271484375,93.09481811523438
835,83564.2,83567.0,83333.5,83333.5,10150.0,184.00584411621094,271.1728515625,271.410888671875,87.16700744628906,0.238037109375,87.40504455566406
836,83333.4,83355.8,83152.8,83179.1,17827.0,184.02548217773438,267.76422119140625,266.5244140625,83.73873901367188,1.23980712890625,82.49893188476562
837,83179.1,83306.3,83050.0,83302.2,11455.0,192.8093719482422,267.19085693359375,265.79388427734375,74.38148498535156,1.39697265625,72.98451232910156
838,83311.7,83311.7,83137.3,83240.7,8036.0,187.50875854492188,262.5516357421875,259.26617431640625,75.04287719726562,3.28546142578125,71.75741577148438
839,83228.0,83278.0,83165.3,83272.9,7659.0,183.85325622558594,255.0592041015625,248.79739379882812,71.20594787597656,6.261810302734375,64.94413757324219
840,83268.7,83413.3,83182.0,83400.6,9926.0,180.8555145263672,253.87109375,247.54734802246094,73.01557922363281,6.3237457275390625,66.69183349609375
841,83409.0,83420.5,83156.7,83156.7,9847.0,173.99282836914062,254.3673858642578,248.70803833007812,80.37455749511719,5.6593475341796875,74.7152099609375
842,83156.6,83458.2,83136.0,83378.3,9308.0,169.45335388183594,257.7591857910156,253.9576873779297,88.30583190917969,3.8014984130859375,84.50433349609375
843,83365.8,83487.3,83233.6,83282.3,8245.0,166.56077575683594,257.5559997558594,253.93894958496094,90.99522399902344,3.6170501708984375,87.378173828125
844,83286.5,83299.6,83106.7,83237.1,12591.0,172.8026580810547,254.3231201171875,249.5789031982422,81.52046203613281,4.7442169189453125,76.7762451171875
845,83228.8,83428.0,83208.2,83400.3,11736.0,170.89260864257812,252.5968017578125,247.4516143798828,81.70419311523438,5.1451873779296875,76.55900573730469
846,83400.4,83614.9,83355.6,83556.5,9782.0,166.1780548095703,252.9318084716797,248.29771423339844,86.75375366210938,4.63409423828125,82.11965942382812
847,83553.5,83566.5,83431.5,83466.6,5087.0,163.0492401123047,247.0352325439453,240.20501708984375,83.98599243164062,6.8302154541015625,77.15577697753906
848,83455.0,83696.9,83436.8,83671.7,14552.0,163.3268585205078,247.6885528564453,241.62619018554688,84.3616943359375,6.0623626708984375,78.29933166503906
849,83660.6,83887.3,83660.6,83796.7,25035.0,164.33551025390625,246.63890075683594,240.55970764160156,82.30339050292969,6.079193115234375,76.22419738769531
850,83810.9,83866.3,83527.8,83527.8,8582.0,162.00350952148438,251.23196411132812,247.55543518066406,89.22845458984375,3.6765289306640625,85.55192565917969
851,83508.9,83671.5,83500.1,83644.1,7905.0,163.82833862304688,247.2402801513672,242.11566162109375,83.41194152832031,5.1246185302734375,78.28732299804688
852,83644.0,83704.1,83595.4,83648.1,8093.0,162.38693237304688,240.3134307861328,232.586181640625,77.92649841308594,7.7272491455078125,70.19924926757812
853,83648.2,83792.6,83612.6,83745.6,7432.0,161.39767456054688,237.29776000976562,228.8300323486328,75.90008544921875,8.467727661132812,67.43235778808594
854,83753.4,83836.6,83745.2,83810.6,14244.0,161.04771423339844,230.00279235839844,219.01348876953125,68.955078125,10.989303588867188,57.96577453613281
855,83810.6,83911.9,83801.6,83908.4,9001.0,155.61524963378906,224.0175018310547,211.24801635742188,68.40225219726562,12.769485473632812,55.63276672363281
856,83909.4,83988.6,83880.9,83988.6,11285.0,152.83448791503906,218.2017822265625,203.85195922851562,65.36729431152344,14.349822998046875,51.01747131347656
857,83988.5,84346.8,83980.2,84217.3,20381.0,150.52792358398438,225.6213836669922,215.4763641357422,75.09346008300781,10.14501953125,64.94844055175781
858,84217.2,84217.2,84061.1,84092.6,8302.0,160.02183532714844,222.1500701904297,211.24200439453125,62.12823486328125,10.908065795898438,51.22016906738281
859,84079.8,84182.5,83988.6,84143.9,7843.0,156.51605224609375,220.7375030517578,210.003173828125,64.22145080566406,10.734329223632812,53.48712158203125
860,84153.3,84185.7,83947.6,84021.0,8177.0,152.24024963378906,221.605712890625,212.0102081298828,69.36546325683594,9.595504760742188,59.76995849609375
861,84016.8,84163.7,83968.7,84027.8,12205.0,154.50323486328125,220.2754364013672,210.79519653320312,65.77220153808594,9.480239868164062,56.291961669921875
862,84021.4,84043.1,83807.6,83847.9,9911.0,150.96324157714844,221.0366668701172,212.559814453125,70.07342529296875,8.476852416992188,61.59657287597656
863,83843.7,83856.9,83719.5,83753.7,9225.0,149.47015380859375,216.85476684570312,207.19114685058594,67.38461303710938,9.663619995117188,57.72099304199219
864,83753.7,83776.9,83628.0,83628.0,8345.0,330.63690185546875,213.4569549560547,203.0273895263672,117.17994689941406,10.4295654296875,127.60951232910156
865,83627.2,83704.8,83567.2,83666.8,14747.0,326.9749755859375,209.66380310058594,198.3535614013672,117.31117248535156,11.31024169921875,128.6214141845703
866,83673.5,83715.7,83608.1,83699.0,5977.0,322.3211364746094,204.56069946289062,191.87127685546875,117.76043701171875,12.689422607421875,130.44985961914062
867,83695.6,83719.0,83549.8,83549.8,3452.0,314.14532470703125,202.79283142089844,190.2521209716797,111.35249328613281,12.54071044921875,123.89320373535156
868,83555.8,83589.6,83380.5,83405.1,40093.0,311.6130676269531,203.10826110839844,191.5985107421875,108.50480651855469,11.509750366210938,120.01455688476562
869,83408.1,83495.8,83404.0,83440.7,9717.0,299.4375,197.54269409179688,184.46981811523438,101.89480590820312,13.0728759765625,114.96768188476562
870,83428.2,83583.5,83428.2,83571.6,7534.0,286.13555908203125,195.43040466308594,182.3860321044922,90.70515441894531,13.04437255859375,103.74952697753906
871,83571.5,83598.2,83471.9,83564.6,6870.0,297.1186218261719,191.97412109375,178.38021850585938,105.14450073242188,13.593902587890625,118.7384033203125
872,83564.5,83603.3,83409.2,83445.4,6639.0,290.2677917480469,192.08010864257812,179.50262451171875,98.18768310546875,12.577484130859375,110.76516723632812
873,83436.3,83466.5,83282.1,83453.4,7506.0,280.28955078125,191.69602966308594,179.85232543945312,88.59352111816406,11.843704223632812,100.43722534179688
874,83452.5,83527.9,83427.1,83512.6,5215.0,279.9700012207031,187.1510772705078,174.20550537109375,92.81892395019531,12.945571899414062,105.76449584960938
875,83516.7,83790.7,83504.2,83747.7,11180.0,270.0715026855469,192.11851501464844,182.22653198242188,77.95298767089844,9.891983032226562,87.844970703125
876,83757.6,83895.3,83741.6,83858.9,10276.0,272.912841796875,190.19735717773438,180.1885986328125,82.71548461914062,10.008758544921875,92.7242431640625
877,83860.0,83932.9,83826.0,83932.9,6560.0,266.2269592285156,186.03240966796875,174.95358276367188,80.19454956054688,11.078826904296875,91.27337646484375
878,83940.1,83984.9,83859.6,83950.7,11958.0,257.85076904296875,182.99563598632812,171.40667724609375,74.85513305664062,11.588958740234375,86.444091796875
879,83937.7,83937.7,83837.1,83860.8,7627.0,257.08831787109375,179.5259246826172,167.27774047851562,77.56239318847656,12.248184204101562,89.81057739257812
880,83860.7,83988.5,83829.5,83944.8,3462.0,259.0690612792969,178.4996337890625,166.6864776611328,80.56942749023438,11.813156127929688,92.38258361816406
881,83937.9,84109.1,83936.9,84099.5,15827.0,253.9156036376953,178.184814453125,167.0805206298828,75.73078918457031,11.104293823242188,86.8350830078125
882,84097.6,84195.8,84085.7,84107.1,6837.0,250.34483337402344,174.78025817871094,163.01004028320312,75.5645751953125,11.770217895507812,87.33479309082031
883,84141.4,84194.8,84112.1,84128.8,5869.0,249.617431640625,170.42601013183594,157.6304168701172,79.19142150878906,12.79559326171875,91.98701477050781
884,84128.8,84152.8,84085.4,84138.0,5619.0,241.556884765625,165.27464294433594,151.18527221679688,76.28224182128906,14.089370727539062,90.37161254882812
885,84144.3,84282.8,84077.0,84253.4,11736.0,231.4438934326172,167.30076599121094,155.0861053466797,64.14312744140625,12.21466064453125,76.3577880859375
886,84253.5,84346.9,84108.1,84123.6,12369.0,223.7115478515625,170.87557983398438,161.06544494628906,52.835968017578125,9.810134887695312,62.64610290527344
887,84123.6,84243.2,84105.0,84183.7,6456.0,216.44590759277344,169.24195861816406,159.4324188232422,47.203948974609375,9.809539794921875,57.01348876953125
888,84183.7,84407.1,84175.8,84356.4,12382.0,211.28884887695312,172.3450927734375,164.56614685058594,38.943756103515625,7.7789459228515625,46.72270202636719
889,84350.7,84350.7,84034.2,84086.3,10004.0,211.53965759277344,179.8376007080078,175.82537841796875,31.702056884765625,4.0122222900390625,35.71427917480469
890,84076.6,84152.9,84047.1,84143.1,8864.0,207.54783630371094,176.13555908203125,170.82334899902344,31.412277221679688,5.3122100830078125,36.7244873046875
891,84143.0,84386.4,84143.0,84366.4,7931.0,205.5653533935547,179.4987030029297,176.0072784423828,26.066650390625,3.491424560546875,29.558074951171875
892,84370.6,84424.5,84153.4,84209.8,9858.0,203.6370849609375,184.07884216308594,182.7997283935547,19.558242797851562,1.27911376953125,20.837356567382812
893,84209.5,84308.4,84150.1,84244.1,10672.0,197.855224609375,182.7897491455078,181.04953002929688,15.065475463867188,1.7402191162109375,16.805694580078125
894,84231.7,84277.4,84197.8,84265.0,4751.0,194.09762573242188,177.63034057617188,173.80323791503906,16.46728515625,3.8271026611328125,20.294387817382812
895,84269.4,84294.7,84186.8,84188.0,4961.0,190.63259887695312,174.14414978027344,169.0963134765625,16.488449096679688,5.0478363037109375,21.536285400390625
896,84197.3,84214.2,84110.1,84163.8,8754.0,186.94589233398438,170.6420135498047,164.45382690429688,16.303878784179688,6.1881866455078125,22.4920654296875
897,84167.6,84237.4,84125.5,84197.2,7185.0,179.2286834716797,167.704833984375,160.6998748779297,11.523849487304688,7.0049591064453125,18.52880859375
898,84199.2,84214.4,84134.1,84178.5,4214.0,178.21217346191406,163.33444213867188,154.95680236816406,14.877731323242188,8.377639770507812,23.25537109375
899,84182.8,84243.3,84110.0,84110.1,9177.0,174.65664672851562,161.8325653076172,153.40966796875,12.824081420898438,8.422897338867188,21.246978759765625
900,84110.0,84145.0,84000.9,84019.7,11135.0,176.4890594482422,160.94602966308594,152.7447967529297,15.54302978515625,8.20123291015625,23.7442626953125
901,84028.0,84028.1,83827.1,83878.1,31049.0,181.73960876464844,162.94873046875,156.1916046142578,18.790878295898438,6.7571258544921875,25.548004150390625
902,83878.0,84009.6,83856.5,83953.2,4463.0,190.1526336669922,162.4563751220703,155.97088623046875,27.696258544921875,6.4854888916015625,34.18174743652344
903,83953.2,83980.8,83895.1,83918.3,6474.0,187.62509155273438,158.6183319091797,150.95120239257812,29.006759643554688,7.6671295166015625,36.67388916015625
904,83914.2,83935.5,83852.8,83852.8,6679.0,207.02354431152344,154.82257080078125,146.0763397216797,52.20097351074219,8.746231079101562,60.94720458984375
905,83841.9,83860.5,83741.6,83755.0,7145.0,205.0872039794922,153.0263671875,144.1350555419922,52.06083679199219,8.891311645507812,60.9521484375
906,83759.2,83974.9,83745.7,83964.7,7273.0,206.12815856933594,156.83482360839844,150.21078491210938,49.2933349609375,6.6240386962890625,55.91737365722656
907,83964.7,84032.4,83898.7,83969.7,9174.0,204.1717529296875,155.67784118652344,149.03111267089844,48.49391174316406,6.646728515625,55.14064025878906
908,83969.7,84129.4,83968.1,84078.1,7156.0,195.6580810546875,155.9587860107422,149.90724182128906,39.69929504394531,6.051544189453125,45.75083923339844
909,84073.9,84201.0,84073.0,84196.5,8198.0,195.53494262695312,154.56085205078125,148.34243774414062,40.974090576171875,6.218414306640625,47.1925048828125
910,84201.7,84201.7,84025.3,84045.2,8063.0,211.0632781982422,155.6531219482422,150.3470001220703,55.41015625,5.306121826171875,60.716278076171875
911,84037.6,84037.8,83930.5,83979.7,5928.0,210.1851043701172,153.6056365966797,147.80101013183594,56.5794677734375,5.80462646484375,62.38409423828125
912,83977.9,83988.5,83936.0,83982.1,8969.0,208.56101989746094,148.55035400390625,140.99378967285156,60.01066589355469,7.5565643310546875,67.56723022460938
913,83979.3,83979.3,83847.1,83847.1,3779.0,219.0278778076172,147.8728485107422,140.56565856933594,71.155029296875,7.30718994140625,78.46221923828125
914,83847.2,83916.9,83827.6,83827.6,7451.0,214.79641723632812,144.94406127929688,136.9036102294922,69.85235595703125,8.040451049804688,77.89280700683594
915,83826.8,83826.8,83671.6,83685.5,10288.0,217.15151977539062,145.4968719482422,138.26763916015625,71.65464782714844,7.2292327880859375,78.88388061523438
916,83677.2,83750.0,83586.7,83735.2,11544.0,214.3388671875,146.3868865966797,140.05543518066406,67.95198059082031,6.331451416015625,74.28343200683594
917,83728.8,83728.8,83536.6,83616.9,42094.0,212.1719207763672,148.99761962890625,144.2373046875,63.17430114746094,4.76031494140625,67.93461608886719
918,83619.0,83698.3,83610.0,83610.6,4024.0,208.9082489013672,145.96258544921875,140.24156188964844,62.94566345214844,5.7210235595703125,68.66668701171875
919,83608.5,83630.5,83587.0,83611.6,4610.0,212.947998046875,140.83946228027344,133.33145141601562,72.10853576660156,7.5080108642578125,79.61654663085938
920,83615.8,83753.0,83608.5,83696.0,8401.0,212.3552703857422,141.02249145507812,134.1291961669922,71.33277893066406,6.8932952880859375,78.22607421875
921,83696.0,83808.4,83672.4,83771.7,8045.0,205.39219665527344,140.7713623046875,134.26283264160156,64.62083435058594,6.5085296630859375,71.12936401367188
922,83771.9,83797.2,83687.7,83743.3,7048.0,197.3624267578125,139.20779418945312,132.49404907226562,58.154632568359375,6.7137451171875,64.86837768554688
923,83749.0,83833.7,83689.7,83817.0,7983.0,190.4290771484375,139.44740295410156,133.31590270996094,50.98167419433594,6.131500244140625,57.11317443847656
924,83825.4,83826.3,83705.9,83740.7,7670.0,189.2326202392578,138.49496459960938,132.3932342529297,50.73765563964844,6.1017303466796875,56.839385986328125
925,83740.1,83775.0,83627.8,83677.6,7738.0,186.49090576171875,138.9303741455078,133.45108032226562,47.56053161621094,5.4792938232421875,53.039825439453125
926,83666.0,83684.1,83608.1,83608.1,5996.0,181.57652282714844,135.7838592529297,129.34742736816406,45.79266357421875,6.436431884765625,52.229095458984375
927,83608.2,83629.2,83549.2,83576.1,6533.0,174.3574676513672,132.9946746826172,125.82261657714844,41.36279296875,7.17205810546875,48.53485107421875
928,83583.8,83622.3,83548.1,83548.2,7330.0,168.759521484375,130.05471801757812,122.13494873046875,38.704803466796875,7.919769287109375,46.62457275390625
929,83555.1,83706.1,83555.1,83672.0,10687.0,169.4664764404297,131.4468994140625,124.68948364257812,38.01957702636719,6.757415771484375,44.77699279785156
930,83678.4,84299.9,83579.7,84099.8,48233.0,181.7380828857422,160.8843231201172,167.22561645507812,20.853759765625,6.3412933349609375,14.512466430664062
931,84092.4,84256.8,83848.1,83896.1,20421.0,176.62619018554688,173.27488708496094,184.47344970703125,3.3513031005859375,11.198562622070312,7.847259521484375
932,83897.1,84299.9,83792.0,84270.3,17872.0,176.8995819091797,190.00607299804688,207.5752410888672,13.106491088867188,17.569168090820312,30.6756591796875
933,84261.5,84293.4,83986.8,84269.2,10392.0,176.64952087402344,195.8358612060547,214.64854431152344,19.18634033203125,18.81268310546875,37.9990234375
934,84269.3,84820.2,84269.3,84762.7,44408.0,173.0068817138672,213.5940704345703,238.67364501953125,40.587188720703125,25.079574584960938,65.66676330566406
935,84762.7,84900.0,84485.0,84890.9,32741.0,169.30186462402344,223.6643524169922,251.2683868408203,54.36248779296875,27.604034423828125,81.96652221679688
936,84890.9,85001.8,84816.5,84976.8,62131.0,163.6117706298828,221.7459716796875,246.55613708496094,58.13420104980469,24.810165405273438,82.94436645507812
937,84972.3,85140.8,84857.4,84864.4,30059.0,159.19094848632812,224.82859802246094,249.18772888183594,65.63764953613281,24.359130859375,89.99678039550781
938,84860.9,84992.7,84711.4,84800.2,12249.0,153.966552734375,227.6523895263672,251.48179626464844,73.68583679199219,23.82940673828125,97.51524353027344
939,84797.1,85040.4,84796.9,84863.8,11989.0,155.35845947265625,228.4447784423828,250.9116668701172,73.08631896972656,22.466888427734375,95.55320739746094
940,84855.5,85041.6,84700.0,85007.8,10696.0,150.11045837402344,234.1026153564453,257.3895263671875,83.99215698242188,23.286911010742188,107.27906799316406
941,85007.8,85267.7,85007.8,85169.7,18893.0,145.6748504638672,235.39280700683594,257.56927490234375,89.71795654296875,22.176467895507812,111.89442443847656
942,85171.3,85279.8,84913.6,85028.8,11743.0,140.24620056152344,241.9329376220703,265.3282775878906,101.68673706054688,23.395339965820312,125.08207702636719
943,85028.8,85028.8,84774.4,84815.3,17450.0,148.5139617919922,242.5561981201172,264.5475769042969,94.042236328125,21.991378784179688,116.03361511230469
944,84815.3,84968.6,84772.1,84907.1,9999.0,142.27304077148438,240.25340270996094,259.6870422363281,97.98036193847656,19.433639526367188,117.41400146484375
945,84917.0,84984.1,84649.0,84660.5,12520.0,136.72970581054688,244.9958038330078,265.07379150390625,108.26609802246094,20.077987670898438,128.34408569335938
946,84656.3,84699.8,84407.8,84436.5,15972.0,133.12290954589844,247.3460235595703,266.9971008300781,114.22311401367188,19.651077270507812,133.8741912841797
947,84434.9,84539.6,84235.7,84261.3,11651.0,131.57691955566406,250.1736297607422,269.6329040527344,118.59671020507812,19.459274291992188,138.0559844970703
948,84265.7,84645.9,84251.6,84645.8,25414.0,130.7379150390625,257.3797912597656,278.5374755859375,126.64187622070312,21.157684326171875,147.799560546875
949,84640.6,84671.3,84374.2,84546.2,8208.0,126.33110809326172,259.365478515625,279.8629150390625,133.03437042236328,20.4974365234375,153.53180694580078
950,84534.6,84682.1,84494.5,84649.9,18914.0,126.77471160888672,255.7772979736328,273.2728271484375,129.0025863647461,17.495529174804688,146.49811553955078
951,84650.6,84986.8,84570.9,84893.5,17548.0,126.77113342285156,263.7833557128906,283.4603576660156,137.01222229003906,19.677001953125,156.68922424316406
952,84893.4,85162.0,84781.0,85125.8,20141.0,122.68257904052734,269.6441955566406,290.427490234375,146.96161651611328,20.783294677734375,167.74491119384766
953,85141.6,85217.2,85078.1,85179.5,8645.0,120.73829650878906,263.1170654296875,279.6184997558594,142.37876892089844,16.501434326171875,158.8802032470703
954,85179.5,85427.9,85162.8,85400.7,20955.0,117.28145599365234,263.2162780761719,278.5815734863281,145.93482208251953,15.36529541015625,161.30011749267578
955,85403.5,85488.7,85308.4,85417.0,8141.0,113.73223114013672,259.0707092285156,271.5617980957031,145.3384780883789,12.4910888671875,157.8295669555664
956,85417.0,85417.0,85030.7,85069.6,20538.0,110.03585052490234,265.4320068359375,279.75714111328125,155.39615631103516,14.32513427734375,169.7212905883789
957,85055.6,85190.8,85055.6,85060.6,6663.0,106.3742904663086,258.920166015625,269.4313049316406,152.5458755493164,10.511138916015625,163.05701446533203
958,85060.1,85154.7,85000.1,85122.8,11759.0,104.96065521240234,253.70425415039062,261.22918701171875,148.74359893798828,7.524932861328125,156.2685317993164
959,85122.8,85122.8,84836.1,84836.2,16029.0,100.9079360961914,255.3538055419922,263.0481872558594,154.44586944580078,7.6943817138671875,162.14025115966797
960,84836.2,85103.4,84806.1,84820.4,13616.0,97.56761932373047,257.4509582519531,265.4945373535156,159.88333892822266,8.0435791015625,167.92691802978516
961,84812.1,84833.6,84582.3,84582.3,12104.0,98.22947692871094,257.1436462402344,264.48095703125,158.91416931152344,7.337310791015625,166.25148010253906
962,84578.1,84628.0,84460.8,84469.8,16158.0,96.01800537109375,252.64663696289062,257.5325622558594,156.62863159179688,4.88592529296875,161.51455688476562
963,84470.8,84551.8,84329.4,84551.7,10543.0,95.81710052490234,251.1342315673828,255.02296447753906,155.31713104248047,3.88873291015625,159.20586395263672
964,84556.0,84601.9,84415.7,84555.3,7480.0,105.4660873413086,247.8872833251953,250.10670471191406,142.42119598388672,2.21942138671875,144.64061737060547
965,84539.0,84713.2,84494.4,84632.7,20191.0,101.48262786865234,246.4331512451172,247.870849609375,144.95052337646484,1.4376983642578125,146.38822174072266
966,84632.6,84788.1,84526.3,84670.7,11339.0,119.6834945678711,247.2017364501953,248.86611938476562,127.51824188232422,1.6643829345703125,129.18262481689453
967,84670.0,84670.5,84503.8,84520.0,8458.0,152.58447265625,243.1869659423828,243.0118408203125,90.60249328613281,0.1751251220703125,90.4273681640625
968,84520.1,84558.2,84307.6,84440.3,13741.0,164.61033630371094,243.5576934814453,243.55397033691406,78.94735717773438,0.00372314453125,78.94363403320312
969,84440.3,84502.6,84340.4,84454.2,4812.0,178.4751434326172,239.48997497558594,237.74319458007812,61.01483154296875,1.7467803955078125,59.26805114746094
970,84454.1,84461.6,84317.9,84424.8,8405.0,182.28147888183594,234.7006378173828,231.0260467529297,52.419158935546875,3.674591064453125,48.74456787109375
971,84424.8,84466.4,84317.9,84428.5,5970.0,183.31741333007812,230.39060974121094,225.13133239746094,47.07319641113281,5.25927734375,41.81391906738281
972,84428.5,84469.6,84304.4,84328.8,6193.0,180.83670043945312,227.1312255859375,220.85073852539062,46.294525146484375,6.280487060546875,40.0140380859375
973,84324.6,84341.3,84047.4,84155.2,19509.0,192.6948699951172,230.46958923339844,226.0684356689453,37.77471923828125,4.401153564453125,33.373565673828125
974,84155.2,84252.7,84064.1,84174.1,6456.0,197.3452911376953,228.37620544433594,223.39222717285156,31.030914306640625,4.983978271484375,26.04693603515625
975,84174.1,84294.7,84169.0,84187.5,9896.0,192.28271484375,223.2425537109375,216.41444396972656,30.9598388671875,6.8281097412109375,24.131729125976562
976,84186.0,84243.8,84129.5,84130.9,5068.0,185.17874145507812,217.79527282714844,209.12033081054688,32.61653137207031,8.674942016601562,23.94158935546875
977,84124.0,84124.0,83836.9,83943.2,13960.0,191.1397247314453,221.6055145263672,215.18316650390625,30.465789794921875,6.4223480224609375,24.043441772460938
978,83943.3,84075.7,83943.3,84063.2,18572.0,188.3225860595703,217.15025329589844,209.2772216796875,28.827667236328125,7.8730316162109375,20.954635620117188
979,84067.1,84202.8,84029.6,84184.1,18730.0,192.26622009277344,214.9525146484375,206.69993591308594,22.686294555664062,8.252578735351562,14.4337158203125
980,84184.6,84201.2,83800.1,83860.5,9955.0,194.9829864501953,224.2599639892578,220.5857696533203,29.2769775390625,3.6741943359375,25.602783203125
981,83860.4,83911.7,83750.0,83803.1,9483.0,194.513916015625,221.1321258544922,216.37986755371094,26.618209838867188,4.75225830078125,21.865951538085938
982,83803.4,84003.3,83686.4,83926.7,14106.0,193.82806396484375,225.92044067382812,223.5597686767578,32.092376708984375,2.3606719970703125,29.731704711914062
983,83936.7,84116.6,83895.2,84063.1,5934.0,186.58665466308594,225.6943359375,223.40538024902344,39.10768127441406,2.2889556884765625,36.8187255859375
984,84063.0,84068.0,83884.0,84056.9,11360.0,185.88232421875,223.609619140625,220.59071350097656,37.727294921875,3.0189056396484375,34.70838928222656
985,84058.9,84344.3,84000.1,84130.2,22610.0,187.0382080078125,229.638916015625,229.41961669921875,42.6007080078125,0.21929931640625,42.38140869140625
986,84143.8,84143.8,83805.5,83890.7,6890.0,182.9261474609375,235.0718231201172,237.19656372070312,52.14567565917969,2.1247406005859375,54.270416259765625
987,83898.4,83898.4,83725.7,83767.8,7933.0,178.35484313964844,231.9530029296875,232.58932495117188,53.59815979003906,0.636322021484375,54.23448181152344
988,83769.1,83833.8,83644.4,83698.6,9021.0,182.45701599121094,229.8252716064453,229.5042724609375,47.368255615234375,0.3209991455078125,47.04725646972656
989,83698.6,83698.6,83592.7,83631.9,7309.0,182.1990203857422,223.62893676757812,220.67527770996094,41.42991638183594,2.9536590576171875,38.47625732421875
990,83628.6,83711.6,83506.1,83646.8,14344.0,185.8890838623047,222.7224884033203,219.59132385253906,36.833404541015625,3.13116455078125,33.702239990234375
991,83640.5,83826.1,83518.1,83826.1,13397.0,181.2493133544922,226.98635864257812,225.90623474121094,45.73704528808594,1.0801239013671875,44.65692138671875
992,83826.2,83863.0,83730.3,83806.9,14159.0,182.62709045410156,222.27220153808594,219.24887084960938,39.645111083984375,3.0233306884765625,36.62178039550781
993,83793.4,83807.0,83529.3,83542.8,39490.0,185.01058959960938,225.0437469482422,223.42417907714844,40.03315734863281,1.61956787109375,38.41358947753906
994,83541.2,83617.5,83335.1,83363.5,30566.0,191.92491149902344,227.91148376464844,227.63662719726562,35.986572265625,0.2748565673828125,35.71171569824219
995,83364.5,83410.2,83294.4,83322.6,14210.0,194.298583984375,222.30615234375,219.64862060546875,28.007568359375,2.65753173828125,25.35003662109375
996,83329.0,83414.6,83195.0,83211.9,12244.0,200.03366088867188,222.17092895507812,219.645263671875,22.13726806640625,2.525665283203125,19.611602783203125
997,83211.9,83284.2,83062.6,83228.9,68510.0,199.531982421875,222.1424560546875,219.78500366210938,22.6104736328125,2.357452392578125,20.253021240234375
998,83244.1,83284.0,83121.4,83169.0,11905.0,207.6956024169922,219.1654052734375,215.70046997070312,11.469802856445312,3.464935302734375,8.004867553710938
999,83175.6,83183.9,82916.8,82937.8,19501.0,206.99050903320312,221.5622100830078,219.37197875976562,14.571701049804688,2.1902313232421875,12.3814697265625
1000,82925.6,82963.6,82843.7,82875.6,29655.0,212.3109130859375,216.47903442382812,212.2667236328125,4.168121337890625,4.212310791015625,0.044189453125
1001,82876.6,83021.4,82870.1,82967.0,8328.0,216.6352081298828,213.2199249267578,207.91172790527344,3.415283203125,5.308197021484375,8.723480224609375
1002,82972.2,83028.8,82784.3,82884.9,14024.0,226.9882049560547,214.783935546875,210.52517700195312,12.204269409179688,4.258758544921875,16.463027954101562
1003,82870.4,83052.6,82846.0,83030.4,9470.0,221.70872497558594,214.3748016357422,210.2449188232422,7.33392333984375,4.1298828125,11.46380615234375
1004,83030.4,83299.0,83030.4,83225.5,16092.0,222.6732940673828,217.0861358642578,214.4132537841797,5.587158203125,2.672882080078125,8.260040283203125
1005,83225.5,83375.9,83118.9,83354.1,17205.0,217.46463012695312,219.0818328857422,217.45516967773438,1.6172027587890625,1.6266632080078125,0.00946044921875
1006,83346.1,83366.1,83235.0,83327.7,13563.0,215.80625915527344,214.6828155517578,211.28704833984375,1.123443603515625,3.3957672119140625,4.5192108154296875
1007,83327.7,83387.0,83234.4,83319.0,10598.0,209.6710205078125,211.57876586914062,207.09523010253906,1.907745361328125,4.4835357666015625,2.5757904052734375
1008,83328.2,83367.4,83068.8,83169.0,9307.0,207.35740661621094,215.92991638183594,213.6313934326172,8.572509765625,2.29852294921875,6.27398681640625
1009,83191.0,83333.0,83145.0,83262.0,5816.0,204.42430114746094,214.53343200683594,211.8005828857422,10.109130859375,2.73284912109375,7.37628173828125
1010,83261.8,83261.8,83098.2,83204.9,7128.0,211.438232421875,211.99661254882812,208.3717498779297,0.558380126953125,3.6248626708984375,3.0664825439453125
1011,83205.8,83210.9,82950.1,83020.0,10240.0,202.45147705078125,214.43663024902344,212.11639404296875,11.985153198242188,2.3202362060546875,9.6649169921875
1012,83010.3,83025.3,82811.0,82841.7,16781.0,199.64883422851562,214.4296417236328,212.2721405029297,14.780807495117188,2.157501220703125,12.623306274414062
1013,82845.8,82866.4,82718.4,82830.3,12697.0,198.26132202148438,211.108154296875,207.6812744140625,12.846832275390625,3.4268798828125,9.419952392578125
1014,82857.7,83147.1,82857.7,83096.5,12846.0,193.40841674804688,216.39297485351562,215.47581481933594,22.98455810546875,0.9171600341796875,22.067398071289062
1015,83085.2,83168.2,82984.1,83070.7,10440.0,197.65830993652344,214.7783966064453,213.2347869873047,17.120086669921875,1.543609619140625,15.57647705078125
1016,83080.9,83200.2,82974.4,83158.8,10932.0,197.9207000732422,215.3297119140625,214.1326446533203,17.409011840820312,1.1970672607421875,16.211944580078125
1017,83158.9,83160.0,82927.1,82927.1,5971.0,197.84458923339844,216.20816040039062,215.47305297851562,18.363571166992188,0.735107421875,17.628463745117188
1018,82922.4,82988.2,82783.7,82963.5,13592.0,192.7621307373047,215.6227569580078,214.68927001953125,22.860626220703125,0.9334869384765625,21.927139282226562
1019,82965.8,82977.4,82875.1,82922.3,7153.0,187.11387634277344,209.9564666748047,206.66123962402344,22.84259033203125,3.29522705078125,19.54736328125
1020,82922.3,83030.4,82889.2,82941.3,11976.0,179.3179473876953,206.51841735839844,201.98509216308594,27.200469970703125,4.5333251953125,22.667144775390625
1021,82950.1,83099.9,82902.3,83002.0,9003.0,183.9469757080078,206.0725860595703,201.6719970703125,22.1256103515625,4.4005889892578125,17.725021362304688
1022,82996.5,83020.0,82769.9,82843.9,19729.0,181.01954650878906,208.27403259277344,205.13124084472656,27.254486083984375,3.142791748046875,24.1116943359375
1023,82843.8,82883.9,82707.7,82783.4,17817.0,184.98887634277344,206.6700897216797,203.06439208984375,21.68121337890625,3.6056976318359375,18.075515747070312
1024,82762.5,82762.5,82445.9,82450.1,38999.0,201.01951599121094,213.2115936279297,212.66693115234375,12.19207763671875,0.5446624755859375,11.647415161132812
1025,82457.3,82604.0,82310.6,82464.0,20183.0,197.41854858398438,217.220947265625,218.4334716796875,19.802398681640625,1.2125244140625,21.014923095703125
1026,82463.2,82533.3,82345.6,82498.0,12211.0,236.83787536621094,215.7446746826172,216.23788452148438,21.09320068359375,0.4932098388671875,20.599990844726562
1027,82490.7,82738.0,82431.8,82664.8,11469.0,270.2061462402344,220.26760864257812,222.66397094726562,49.93853759765625,2.3963623046875,47.54217529296875
1028,82683.2,83082.3,82666.0,82839.8,14730.0,263.0860900878906,230.1292266845703,236.58084106445312,32.95686340332031,6.4516143798828125,26.5052490234375
1029,82843.1,82933.7,82700.1,82887.1,6414.0,269.7415466308594,230.30284118652344,236.36802673339844,39.43870544433594,6.065185546875,33.37351989746094
1030,82888.2,82990.1,82829.2,82875.8,8653.0,277.1493835449219,226.83262634277344,230.9773406982422,50.31675720214844,4.14471435546875,46.17204284667969
1031,82888.0,82961.2,82739.9,82799.9,10151.0,282.62200927734375,226.5562286376953,230.28643798828125,56.06578063964844,3.7302093505859375,52.3355712890625
1032,82820.8,82825.6,82633.4,82714.6,15778.0,275.37060546875,224.8385772705078,227.5662078857422,50.53202819824219,2.727630615234375,47.80439758300781
1033,82715.6,82988.3,82715.6,82955.1,9882.0,275.3122253417969,227.2814178466797,230.86114501953125,48.03080749511719,3.5797271728515625,44.451080322265625
1034,82963.1,82967.7,82783.6,82919.9,7372.0,262.92669677734375,225.1224365234375,227.5211639404297,37.80426025390625,2.3987274169921875,35.40553283691406
1035,82913.9,82927.3,82831.9,82909.1,4950.0,273.3651428222656,218.63623046875,218.08383178710938,54.728912353515625,0.552398681640625,55.28131103515625
1036,82910.5,82960.7,82740.6,82909.9,8216.0,271.9320373535156,218.70950317382812,218.2279510498047,53.2225341796875,0.4815521240234375,53.70408630371094
1037,82921.7,83124.8,82802.1,82885.1,10440.0,268.5307312011719,223.90879821777344,225.68991088867188,44.62193298339844,1.7811126708984375,42.8408203125
1038,82885.2,82910.2,82579.6,82602.9,8948.0,263.0791931152344,229.24343872070312,233.18359375,33.83575439453125,3.940155029296875,29.895599365234375
1039,82597.0,82746.2,82551.9,82745.7,6251.0,273.9002380371094,227.4965057373047,230.4065399169922,46.40373229980469,2.9100341796875,43.49369812011719
1040,82746.0,82972.1,82713.0,82924.8,8474.0,268.025146484375,229.07676696777344,232.4561767578125,38.94837951660156,3.3794097900390625,35.5689697265625
1041,82931.2,83200.3,82842.8,83181.5,11690.0,257.36920166015625,235.4979248046875,241.38787841796875,21.87127685546875,5.88995361328125,15.9813232421875
1042,83169.5,83271.3,82972.3,82976.7,31206.0,252.330810546875,238.6730194091797,245.50303649902344,13.657791137695312,6.83001708984375,6.8277740478515625
1043,82981.4,83032.6,82853.1,82971.3,13061.0,243.7294921875,235.71438598632812,240.7885284423828,8.015106201171875,5.0741424560546875,2.9409637451171875
1044,82965.3,83145.1,82965.3,83098.3,9214.0,246.5629425048828,232.9188995361328,236.4325408935547,13.64404296875,3.513641357421875,10.130401611328125
1045,83087.7,83197.7,82994.5,83182.7,6665.0,236.8050994873047,231.43310546875,234.0590057373047,5.3719940185546875,2.6259002685546875,2.74609375
1046,83178.7,83229.1,83127.5,83133.0,7498.0,229.884765625,224.9415283203125,224.59776306152344,4.9432373046875,0.3437652587890625,5.2870025634765625
1047,83128.0,83223.0,83102.7,83174.7,5256.0,229.9006805419922,219.7093048095703,217.147705078125,10.191375732421875,2.5615997314453125,12.752975463867188
1048,83174.6,83307.3,83072.9,83184.5,35632.0,226.46072387695312,220.44375610351562,218.37989807128906,6.0169677734375,2.0638580322265625,8.080825805664062
1049,83184.6,83284.5,83088.8,83284.5,6360.0,227.1826171875,219.2067108154297,216.7601318359375,7.9759063720703125,2.4465789794921875,10.4224853515625
1050,83272.9,83346.8,83179.9,83179.9,13760.0,251.9281768798828,216.59130859375,213.19857788085938,35.33686828613281,3.392730712890625,38.72959899902344
1051,83179.7,83184.8,83045.7,83052.5,4461.0,274.7114562988281,212.7164306640625,207.90538024902344,61.995025634765625,4.8110504150390625,66.80607604980469
1052,83052.4,83146.3,82935.9,83116.1,10939.0,279.4508972167969,212.6005401611328,208.0834503173828,66.85035705566406,4.51708984375,71.36744689941406
1053,83100.4,83247.2,83088.1,83180.9,7460.0,293.1783447265625,209.9255828857422,204.58474731445312,83.25276184082031,5.3408355712890625,88.59359741210938
1054,83176.7,83247.2,83113.7,83113.7,4538.0,302.5194396972656,206.1042938232422,199.50726318359375,96.41514587402344,6.5970306396484375,103.01217651367188
1055,83112.5,83218.2,83097.6,83143.2,4559.0,293.33837890625,201.82916259765625,193.8711395263672,91.50921630859375,7.9580230712890625,99.46723937988281
1056,83147.8,83445.2,83122.1,83399.3,9186.0,311.32147216796875,207.8927764892578,203.1018829345703,103.42869567871094,4.7908935546875,108.21958923339844
1057,83393.7,83643.2,83384.8,83617.9,18477.0,303.2905578613281,210.41845703125,207.0522003173828,92.87210083007812,3.3662567138671875,96.23835754394531
1058,83616.3,83796.2,83572.4,83765.2,20164.0,293.7010192871094,211.0877685546875,208.24880981445312,82.61325073242188,2.838958740234375,85.45220947265625
1059,83761.1,83769.4,83530.7,83549.3,9553.0,289.615966796875,212.4681396484375,210.42355346679688,77.1478271484375,2.044586181640625,79.19241333007812
1060,83552.4,83699.9,83552.4,83664.0,8323.0,288.1402282714844,209.3748016357422,206.1505584716797,78.76542663574219,3.2242431640625,81.98966979980469
1061,83663.9,83696.4,83552.1,83583.8,8161.0,288.49847412109375,206.1208953857422,201.73243713378906,82.37757873535156,4.388458251953125,86.76603698730469
1062,83581.5,83617.6,83483.5,83502.9,9247.0,280.4485778808594,202.5199432373047,196.9016571044922,77.92863464355469,5.6182861328125,83.54692077636719
1063,83498.6,83528.3,83410.5,83410.5,6310.0,282.9710693359375,198.28379821777344,191.25131225585938,84.68727111816406,7.0324859619140625,91.71975708007812
1064,83419.0,83419.1,83243.2,83355.1,44546.0,283.027587890625,197.16453552246094,190.15467834472656,85.86305236816406,7.009857177734375,92.87290954589844
1065,83365.5,83365.5,83137.7,83245.0,10509.0,283.741455078125,198.69615173339844,192.84341430664062,85.04530334472656,5.8527374267578125,90.89804077148438
1066,83244.9,83472.3,83217.3,83376.4,11346.0,285.91925048828125,201.51133728027344,197.28317260742188,84.40791320800781,4.2281646728515625,88.63607788085938
1067,83379.7,83599.9,83379.7,83593.4,5674.0,288.0483093261719,202.6107635498047,199.15579223632812,85.43754577636719,3.4549713134765625,88.89251708984375
1068,83593.4,83810.5,83593.4,83773.3,12094.0,281.5509948730469,203.33531188964844,200.43763732910156,78.21568298339844,2.897674560546875,81.11335754394531
1069,83778.5,83884.0,83778.5,83853.8,8720.0,281.7433776855469,198.70370483398438,194.0280303955078,83.0396728515625,4.6756744384765625,87.71534729003906
1070,83856.0,83932.0,83741.5,83919.5,6771.0,273.9159851074219,198.29351806640625,193.77603149414062,75.62246704101562,4.517486572265625,80.13995361328125
1071,83916.6,84107.5,83916.6,84096.0,22793.0,263.7201843261719,197.92376708984375,193.5704803466797,65.79641723632812,4.3532867431640625,70.14970397949219
1072,84094.0,84469.1,84059.2,84469.1,44748.0,279.4642639160156,208.5225067138672,209.02247619628906,70.94175720214844,0.499969482421875,70.44178771972656
1073,84469.1,84537.4,84331.0,84471.8,17837.0,275.6613464355469,208.4163055419922,208.83505249023438,67.24504089355469,0.4187469482421875,66.8262939453125
1074,84468.2,84514.9,84353.3,84407.5,7191.0,268.478271484375,206.0755615234375,205.4612274169922,62.4027099609375,0.6143341064453125,63.01704406738281
1075,84405.0,84594.4,84400.8,84531.8,17853.0,276.90435791015625,205.4518585205078,204.61410522460938,71.45249938964844,0.8377532958984375,72.29025268554688
1076,84531.8,84779.9,84531.8,84728.3,10834.0,276.17437744140625,207.5843505859375,207.72035217285156,68.59002685546875,0.1360015869140625,68.45402526855469
1077,84726.2,84730.2,84553.1,84639.2,8104.0,271.5105895996094,206.06021118164062,205.53329467773438,65.45037841796875,0.52691650390625,65.977294921875
1078,84645.4,84843.4,84645.4,84788.6,6836.0,292.7253112792969,205.9669647216797,205.43772888183594,86.75834655761719,0.52923583984375,87.28758239746094
1079,84802.4,84937.8,84788.9,84921.0,9863.0,290.9140319824219,203.12838745117188,201.42041015625,87.78564453125,1.707977294921875,89.49362182617188
1080,84921.0,84963.5,84713.3,84825.4,29305.0,283.6285095214844,205.4821319580078,204.90489196777344,78.14637756347656,0.577239990234375,78.72361755371094
1081,84825.4,84832.5,84578.6,84643.4,31444.0,293.4822692871094,207.9029541015625,208.40443420410156,85.57931518554688,0.5014801025390625,85.07783508300781
1082,84648.7,84856.0,84635.0,84707.8,12198.0,286.3382263183594,208.5578155517578,209.3041229248047,77.78041076660156,0.746307373046875,77.03410339355469
1083,84713.1,84934.3,84713.1,84924.9,22912.0,272.6310729980469,209.45494079589844,210.5323944091797,63.17613220214844,1.07745361328125,62.09867858886719
1084,84924.9,85000.0,84870.7,84992.2,7445.0,274.3045959472656,205.44705200195312,204.7298583984375,68.8575439453125,0.717193603515625,69.57473754882812
1085,84988.3,85033.8,84865.2,84981.3,7177.0,269.8741149902344,203.60438537597656,202.14871215820312,66.26972961425781,1.4556732177734375,67.72540283203125
1086,84981.5,85175.3,84981.5,85131.6,10751.0,269.4503479003906,203.12417602539062,201.566650390625,66.326171875,1.557525634765625,67.88369750976562
1087,85132.1,85495.4,85088.0,85405.6,32002.0,266.51806640625,213.337890625,216.2689208984375,53.18017578125,2.9310302734375,50.2491455078125
1088,85414.1,85414.1,85208.4,85305.7,15830.0,258.54217529296875,212.95616149902344,215.51422119140625,45.58601379394531,2.5580596923828125,43.0279541015625
1089,85305.7,85471.1,85301.4,85384.0,5496.0,246.8553009033203,210.7935028076172,212.24200439453125,36.061798095703125,1.4485015869140625,34.61329650878906
1090,85383.9,85383.9,85109.7,85229.7,15122.0,247.56253051757812,213.9686737060547,216.67449951171875,33.59385681152344,2.7058258056640625,30.888031005859375
1091,85228.3,85329.5,85143.0,85234.0,10143.0,237.9441680908203,212.59524536132812,214.51918029785156,25.348922729492188,1.9239349365234375,23.42498779296875
1092,85242.4,85311.9,85073.9,85155.1,14359.0,240.47703552246094,213.865478515625,216.19638061523438,26.611557006835938,2.330902099609375,24.280654907226562
1093,85166.3,85242.2,85024.3,85132.6,10146.0,249.73326110839844,214.06753540039062,216.31851196289062,35.66572570800781,2.2509765625,33.41474914550781
1094,85162.9,85233.7,85104.3,85130.0,9191.0,244.50169372558594,209.83447265625,210.11048889160156,34.66722106933594,0.2760162353515625,34.391204833984375
1095,85131.1,85316.6,85120.1,85194.0,7822.0,245.651611328125,209.16775512695312,209.1383056640625,36.483856201171875,0.029449462890625,36.5133056640625
1096,85201.8,85285.2,85079.0,85131.4,8329.0,238.16905212402344,209.01953125,208.92864990234375,29.149520874023438,0.09088134765625,29.240402221679688
1097,85160.4,85295.5,84984.1,85144.8,17961.0,244.02037048339844,214.1384735107422,216.2479248046875,29.88189697265625,2.1094512939453125,27.772445678710938
1098,85144.8,85407.8,85127.1,85361.0,17528.0,248.8443603515625,217.46630859375,220.851318359375,31.3780517578125,3.385009765625,27.9930419921875
1099,85361.0,85448.1,85123.2,85123.2,8249.0,252.1169891357422,222.83792114257812,228.2832489013672,29.279067993164062,5.4453277587890625,23.833740234375
1100,85123.2,85130.6,84951.8,85037.8,10494.0,248.8810577392578,220.63626098632812,224.7490692138672,28.244796752929688,4.1128082275390625,24.131988525390625
1101,85042.0,85250.6,85016.8,85054.9,12391.0,241.26708984375,221.294677734375,225.39588928222656,19.972412109375,4.1012115478515625,15.871200561523438
1102,85063.5,85277.3,85063.5,85188.7,10834.0,240.19358825683594,221.349853515625,225.18179321289062,18.843734741210938,3.831939697265625,15.011795043945312
1103,85187.8,85337.9,85118.3,85337.9,10198.0,238.1690673828125,221.262451171875,224.783203125,16.9066162109375,3.520751953125,13.3858642578125
1104,85346.5,85444.5,85329.2,85392.6,13602.0,235.9258575439453,215.9641571044922,216.96275329589844,19.961700439453125,0.99859619140625,18.963104248046875
1105,85393.9,85561.9,85319.7,85418.8,11914.0,229.41941833496094,217.2757110595703,218.76507568359375,12.143707275390625,1.4893646240234375,10.654342651367188
1106,85417.8,85429.4,85300.1,85300.4,8748.0,223.56875610351562,212.8767547607422,212.37449645996094,10.692001342773438,0.50225830078125,11.194259643554688
1107,85300.0,85300.0,85090.5,85152.2,6980.0,221.8903045654297,212.7278289794922,212.1976318359375,9.1624755859375,0.5301971435546875,9.692672729492188
1108,85153.2,85165.3,85047.3,85085.0,10597.0,231.09580993652344,207.99143981933594,205.46922302246094,23.1043701171875,2.522216796875,25.6265869140625
1109,85085.0,85226.7,85085.0,85199.7,8634.0,223.13125610351562,204.67703247070312,200.9145050048828,18.4542236328125,3.7625274658203125,22.216751098632812
1110,85195.7,85336.2,85195.7,85319.5,6052.0,220.0946044921875,201.4681854248047,196.59918212890625,18.626419067382812,4.8690032958984375,23.49542236328125
1111,85325.4,85429.3,85285.5,85289.7,7594.0,216.9898681640625,198.58462524414062,192.8275909423828,18.405242919921875,5.7570343017578125,24.162277221679688
1112,85285.6,85346.4,85205.0,85346.4,5640.0,216.03530883789062,195.72532653808594,189.15408325195312,20.309982299804688,6.5712432861328125,26.8812255859375
1113,85342.2,85423.8,85333.7,85423.7,8240.0,213.7636260986328,190.44375610351562,182.07833862304688,23.319869995117188,8.36541748046875,31.685287475585938
1114,85410.8,85471.1,85387.4,85430.1,7198.0,210.5902862548828,185.1067352294922,175.05154418945312,25.483551025390625,10.055191040039062,35.53874206542969
1115,85426.0,85471.1,85315.3,85394.0,5488.0,206.7459259033203,183.6416473388672,173.67677307128906,23.104278564453125,9.964874267578125,33.06915283203125
1116,85397.6,85463.6,85352.0,85463.6,7635.0,202.8086395263672,180.03965759277344,169.24282836914062,22.76898193359375,10.796829223632812,33.56581115722656
1117,85471.1,85471.1,85238.8,85252.8,8913.0,213.2334442138672,182.6529083251953,173.7472381591797,30.580535888671875,8.905670166015625,39.4862060546875
1118,85247.5,85285.1,85058.4,85130.4,12347.0,217.65185546875,184.8554229736328,177.52980041503906,32.79643249511719,7.32562255859375,40.12205505371094
1119,85139.0,85276.5,85129.6,85169.9,15130.0,216.0841064453125,182.9575653076172,175.3418426513672,33.12654113769531,7.61572265625,40.74226379394531
1120,85181.6,85200.2,85075.3,85088.0,8698.0,206.79006958007812,180.0550079345703,171.7393035888672,26.735061645507812,8.315704345703125,35.05076599121094
1121,85088.0,85200.0,84990.6,85200.0,18433.0,207.06033325195312,181.52218627929688,174.4292449951172,25.53814697265625,7.0929412841796875,32.63108825683594
1122,85200.0,85268.6,85181.8,85237.4,5815.0,205.46240234375,176.78631591796875,168.17034912109375,28.67608642578125,8.615966796875,37.29205322265625
1123,85240.1,85268.1,85166.9,85205.4,5931.0,205.0592041015625,173.0071563720703,163.38697814941406,32.05204772949219,9.62017822265625,41.67222595214844
1124,85198.0,85198.4,85125.6,85172.6,3847.0,199.85118103027344,168.34664916992188,157.416259765625,31.504531860351562,10.930389404296875,42.43492126464844
1125,85173.4,85384.5,85173.4,85335.4,18953.0,204.2984619140625,170.5242462158203,161.30783081054688,33.77421569824219,9.216415405273438,42.990631103515625
1126,85343.1,85349.8,85102.7,85181.6,8900.0,202.16831970214844,174.35272216796875,167.43540954589844,27.815597534179688,6.9173126220703125,34.73291015625
1127,85186.6,85246.2,85127.0,85230.2,5599.0,204.63490295410156,171.59524536132812,163.990234375,33.03965759277344,7.605010986328125,40.64466857910156
1128,85224.5,85288.6,85170.3,85281.0,4742.0,199.97816467285156,168.9307098388672,160.72698974609375,31.047454833984375,8.203720092773438,39.25117492675781
1129,85281.0,85355.8,85279.4,85318.8,9746.0,194.80426025390625,164.30410766601562,154.70352172851562,30.500152587890625,9.6005859375,40.100738525390625
1130,85318.7,85318.7,85180.9,85189.8,5384.0,186.72889709472656,162.98382568359375,153.50315856933594,23.745071411132812,9.480667114257812,33.225738525390625
1131,85183.3,85269.7,85161.6,85223.7,6086.0,185.2877655029297,160.23971557617188,150.2601776123047,25.048049926757812,9.979537963867188,35.027587890625
1132,85222.7,85222.7,85020.0,85020.0,7734.0,194.6733856201172,162.4128875732422,154.07754516601562,32.260498046875,8.335342407226562,40.59584045410156
1133,85006.4,85052.3,84906.1,84906.1,7145.0,188.57449340820312,161.60202026367188,153.5145263671875,26.97247314453125,8.087493896484375,35.059967041015625
1134,84905.8,84951.2,84779.9,84868.0,12524.0,184.69577026367188,162.087158203125,154.78524780273438,22.608612060546875,7.301910400390625,29.9105224609375
1135,84860.9,85071.5,84860.9,84990.3,8568.0,186.6508331298828,164.51287841796875,158.77212524414062,22.137954711914062,5.740753173828125,27.878707885742188
1136,84988.0,84988.0,84879.2,84910.6,8412.0,185.21829223632812,161.8419189453125,155.3665313720703,23.376373291015625,6.4753875732421875,29.851760864257812
1137,84910.7,84992.1,84867.1,84961.3,5568.0,185.807373046875,159.9998321533203,153.19749450683594,25.807540893554688,6.802337646484375,32.60987854003906
1138,84957.2,85017.6,84882.3,84901.1,4003.0,180.32716369628906,158.76507568359375,151.91943359375,21.562088012695312,6.84564208984375,28.407730102539062
1139,84897.8,84949.5,84831.7,84855.1,9828.0,178.72096252441406,156.71665954589844,149.4821014404297,22.004302978515625,7.23455810546875,29.238861083984375
1140,84871.0,84949.6,84782.5,84790.1,4940.0,179.195068359375,157.23590087890625,150.7406463623047,21.95916748046875,6.4952545166015625,28.454421997070312
1141,84788.3,84808.4,84700.0,84751.4,8883.0,174.12046813964844,154.79403686523438,147.71620178222656,19.326431274414062,7.0778350830078125,26.404266357421875
1142,84754.7,84754.7,84570.5,84612.5,12330.0,173.61952209472656,156.26449584960938,150.32240295410156,17.355026245117188,5.9420928955078125,23.297119140625
1143,84604.1,84637.0,84327.4,84423.9,40936.0,167.3584747314453,163.9313507080078,161.69949340820312,3.4271240234375,2.2318572998046875,5.6589813232421875
1144,84420.7,84420.7,84208.6,84229.8,10888.0,164.38548278808594,166.49961853027344,165.5278778076172,2.1141357421875,0.97174072265625,1.14239501953125
1145,84229.8,84290.6,84004.7,84024.3,17100.0,164.9013671875,172.4695587158203,174.1257781982422,7.5681915283203125,1.656219482421875,9.224411010742188
1146,84012.6,84258.9,83913.9,84150.8,11053.0,174.09146118164062,181.09608459472656,186.33106994628906,7.0046234130859375,5.2349853515625,12.239608764648438
1147,84150.8,84159.2,83900.0,83998.3,31858.0,171.72166442871094,185.00144958496094,191.53622436523438,13.27978515625,6.5347747802734375,19.814559936523438
1148,83998.4,84009.6,83758.2,83909.4,21347.0,169.44065856933594,188.32130432128906,195.8120880126953,18.880645751953125,7.49078369140625,26.371429443359375
1149,83909.5,84162.2,83873.9,84122.5,18923.0,170.8436279296875,193.3204803466797,202.418701171875,22.476852416992188,9.098220825195312,31.5750732421875
1150,84122.4,84122.4,83911.3,83937.3,10531.0,171.2615966796875,194.21461486816406,203.04615783691406,22.953018188476562,8.83154296875,31.784561157226562
1151,83951.5,84061.3,83783.2,83928.5,11695.0,166.3133544921875,198.4085693359375,208.40670776367188,32.09521484375,9.998138427734375,42.093353271484375
1152,83934.7,83934.7,83774.4,83783.4,7850.0,4134.39794921875,196.5033721923828,204.97085571289062,3937.894577026367,8.467483520507812,3929.4270935058594
1153,83792.7,83857.4,83586.1,83627.4,36647.0,4547.078125,200.2430419921875,209.7084197998047,4346.8350830078125,9.465377807617188,4337.369705200195
1154,83623.2,83674.0,83547.0,83663.7,8006.0,5372.57421875,196.5808868408203,203.80067443847656,5175.99333190918,7.21978759765625,5168.773544311523
1155,83660.6,83695.7,83545.4,83676.7,7245.0,5252.6953125,194.26707458496094,199.9795379638672,5058.428237915039,5.71246337890625,5052.715774536133
1156,83682.7,83777.7,83607.0,83716.5,13175.0,5420.66064453125,193.08888244628906,197.88836669921875,5227.571762084961,4.7994842529296875,5222.772277832031
1157,83715.4,83715.4,83408.4,83449.0,20753.0,5287.3779296875,198.8395233154297,205.76072692871094,5088.53840637207,6.92120361328125,5081.617202758789
1158,83446.0,83498.2,83387.0,83480.7,13874.0,5136.1591796875,194.45770263671875,199.00662231445312,4941.701477050781,4.548919677734375,4937.152557373047
1159,83493.3,83525.2,83452.6,83455.1,6233.0,6256.9013671875,188.36489868164062,189.97769165039062,6068.536468505859,1.61279296875,6066.923675537109
1160,83471.8,83471.8,83291.7,83334.0,12585.0,6257.70654296875,187.9513397216797,189.27169799804688,6069.75520324707,1.3203582763671875,6068.434844970703
1161,83342.4,83617.9,83325.6,83576.7,11625.0,5990.47119140625,193.1686248779297,196.63063049316406,5797.30256652832,3.462005615234375,5793.840560913086
1162,83584.9,83594.5,83415.2,83489.9,7671.0,5985.7978515625,192.47503662109375,195.3925018310547,5793.322814941406,2.9174652099609375,5790.405349731445
1163,83460.4,83604.4,83436.0,83525.7,6586.0,5867.2080078125,191.27120971679688,193.46435546875,5675.936798095703,2.193145751953125,5673.74365234375
1164,83525.8,83653.4,83477.7,83620.6,9151.0,6264.84765625,190.49241638183594,192.1951446533203,6074.355239868164,1.702728271484375,6072.65251159668
1165,83629.0,83964.9,83580.7,83882.4,25524.0,6070.3056640625,200.1775665283203,205.90943908691406,5870.12809753418,5.73187255859375,5864.396224975586
1166,83890.1,83915.8,83752.2,83793.9,9105.0,6018.59033203125,198.34837341308594,202.8868865966797,5820.241958618164,4.53851318359375,5815.70344543457
1167,83798.6,83938.7,83798.5,83880.9,12169.0,5809.51123046875,195.6711883544922,198.7381591796875,5613.840042114258,3.0669708251953125,5610.7730712890625
1168,83881.0,84189.7,83881.0,84072.7,17582.0,5672.935546875,201.32786560058594,206.6000518798828,5471.607681274414,5.272186279296875,5466.335494995117
1169,84072.6,84110.0,83977.5,84070.0,8548.0,5825.3388671875,197.886474609375,201.30718994140625,5627.452392578125,3.42071533203125,5624.031677246094
1170,84066.4,84172.1,83973.2,84144.1,11358.0,5762.72216796875,197.93707275390625,201.13514709472656,5564.785095214844,3.1980743408203125,5561.587020874023
1171,84139.7,84290.6,84139.7,84254.7,9421.0,5627.7861328125,195.58514404296875,197.5467987060547,5432.200988769531,1.9616546630859375,5430.239334106445
1172,84258.5,84413.2,84225.4,84413.2,12062.0,5581.4970703125,195.1961212158203,196.85093688964844,5386.30094909668,1.654815673828125,5384.646133422852
1173,84413.2,84433.4,84171.6,84195.6,15662.0,5378.17236328125,198.5261688232422,201.48992919921875,5179.646194458008,2.9637603759765625,5176.682434082031
1174,84200.2,84304.5,84200.2,84296.3,3366.0,5233.66357421875,194.04478454589844,194.87625122070312,5039.618789672852,0.8314666748046875,5038.787322998047
1175,84296.4,84338.8,84269.6,84338.8,8487.0,5028.53076171875,187.80230712890625,185.8990478515625,4840.728454589844,1.90325927734375,4842.6317138671875
1176,84347.4,84581.3,84347.4,84485.4,12701.0,4844.95458984375,190.53720092773438,189.9419708251953,4654.417388916016,0.5952301025390625,4655.012619018555
1177,84487.4,84546.4,84484.0,84509.9,5394.0,4942.00732421875,184.13026428222656,180.83172607421875,4757.877059936523,3.2985382080078125,4761.175598144531
1178,84509.9,84590.6,84498.0,84536.8,6268.0,4961.25732421875,179.5538330078125,174.52957153320312,4781.7034912109375,5.024261474609375,4786.727752685547
1179,84533.6,84566.9,84485.3,84517.0,5349.0,5376.39453125,174.65623474121094,167.891845703125,5201.738296508789,6.7643890380859375,5208.502685546875
1180,84524.8,84553.9,84337.7,84382.3,14614.0,5210.97509765625,176.7332000732422,171.34210205078125,5034.241897583008,5.3910980224609375,5039.632995605469
1181,84392.1,84400.7,84168.8,84349.4,33939.0,5479.22607421875,179.4918670654297,175.66810607910156,5299.73420715332,3.823760986328125,5303.557968139648
1182,84365.0,84388.0,84278.7,84349.9,6606.0,5315.56494140625,175.98211669921875,170.92730712890625,5139.582824707031,5.0548095703125,5144.637634277344
1183,84345.6,84472.3,84345.6,84462.4,5434.0,5116.23681640625,173.5177764892578,167.76788330078125,4942.719039916992,5.7498931884765625,4948.468933105469
1184,84465.5,84531.8,84428.4,84529.1,16535.0,5116.42529296875,170.01181030273438,163.17005920410156,4946.413482666016,6.8417510986328125,4953.255233764648
1185,84532.3,84587.4,84397.0,84448.4,7372.0,5554.25390625,171.03114318847656,165.1149444580078,5383.222763061523,5.91619873046875,5389.138961791992
1186,84452.6,84506.9,84426.9,84432.8,6998.0,5460.99169921875,166.47959899902344,159.03530883789062,5294.512100219727,7.4442901611328125,5301.956390380859
1187,84436.5,84559.0,84403.6,84559.0,5150.0,5394.9423828125,165.925537109375,158.77552795410156,5229.016845703125,7.1500091552734375,5236.166854858398
1188,84559.0,85041.7,84547.6,84927.3,23950.0,5391.6455078125,182.33433532714844,182.72738647460938,5209.311172485352,0.3930511474609375,5208.918121337891
1189,84929.4,85082.1,84766.9,84804.0,12416.0,6544.01318359375,188.97776794433594,192.18994140625,6355.035415649414,3.2121734619140625,6351.8232421875
1190,84803.0,85016.3,84803.0,84878.2,11871.0,7069.0625,190.1937255859375,193.6975860595703,6878.8687744140625,3.5038604736328125,6875.36491394043
1191,84877.0,84977.4,84773.4,84844.7,7295.0,7330.109375,190.884033203125,194.4334716796875,7139.225341796875,3.5494384765625,7135.6759033203125
1192,84851.2,84856.0,84676.1,84707.5,12813.0,7835.50390625,190.3347625732422,193.39524841308594,7645.169143676758,3.06048583984375,7642.108657836914
1193,84720.3,84870.1,84720.3,84795.0,5609.0,7990.97900390625,188.94810485839844,191.19569396972656,7802.030899047852,2.247589111328125,7799.783309936523
1194,84777.9,84777.9,84558.1,84683.4,7423.0,7859.07958984375,191.3456268310547,194.46018981933594,7667.733963012695,3.11456298828125,7664.619400024414
1195,84666.5,84714.0,84598.9,84711.8,5164.0,7692.97607421875,187.53343200683594,188.7917022705078,7505.442642211914,1.258270263671875,7504.184371948242
1196,84707.5,84745.1,84601.9,84646.0,5867.0,7544.4775390625,185.31692504882812,185.53538513183594,7359.160614013672,0.2184600830078125,7358.942153930664
1197,84645.3,84657.8,84504.9,84595.3,6202.0,7331.4541015625,183.6959991455078,183.2041778564453,7147.758102416992,0.4918212890625,7148.249923706055
1198,84584.1,84642.0,84556.9,84621.6,3858.0,9358.431640625,178.7662811279297,176.19683837890625,9179.66535949707,2.5694427490234375,9182.234802246094
1199,84612.8,84636.4,84562.6,84574.1,6899.0,9097.0107421875,173.51780700683594,168.88255310058594,8923.492935180664,4.63525390625,8928.128189086914
1200,84579.3,84653.4,84561.3,84595.8,4130.0,9363.66015625,169.44700622558594,163.39820861816406,9194.213150024414,6.048797607421875,9200.261947631836
1201,84601.0,84657.3,84428.3,84428.3,6261.0,9058.9775390625,172.42466735839844,168.08404541015625,8886.552871704102,4.3406219482421875,8890.893493652344
1202,84432.6,84573.7,84432.6,84560.2,7631.0,8888.8291015625,171.07374572753906,166.46420288085938,8717.755355834961,4.6095428466796875,8722.36489868164
1203,84547.6,84699.9,84523.2,84684.8,5995.0,8839.9873046875,171.35482788085938,167.1949920654297,8668.63247680664,4.1598358154296875,8672.79231262207
1204,84689.0,84767.0,84628.4,84749.9,10380.0,8667.888671875,169.7171630859375,165.15260314941406,8498.171508789062,4.5645599365234375,8502.736068725586
1205,84752.5,84798.4,84665.3,84666.3,4803.0,8630.9443359375,167.88638305664062,162.86325073242188,8463.05795288086,5.02313232421875,8468.081085205078
1206,84668.5,84668.5,84573.8,84594.9,4486.0,8334.546875,164.2272186279297,157.9946746826172,8170.31965637207,6.2325439453125,8176.552200317383
1207,84603.5,84632.9,84568.0,84579.0,5117.0,8157.7197265625,159.2607879638672,151.34494018554688,7998.458938598633,7.9158477783203125,8006.374786376953
1208,84574.0,84622.8,84543.6,84622.8,4226.0,7929.53369140625,155.2575225830078,146.19139099121094,7774.276168823242,9.066131591796875,7783.342300415039
1209,84622.8,84838.7,84622.8,84818.8,6063.0,7649.00732421875,158.2899627685547,151.1710205078125,7490.717361450195,7.1189422607421875,7497.8363037109375
1210,84823.0,84893.5,84713.3,84753.6,5369.0,7412.75732421875,159.3856201171875,153.2447509765625,7253.3717041015625,6.140869140625,7259.5125732421875
1211,84753.5,84787.4,84651.2,84735.2,7993.0,7111.76953125,158.22610473632812,152.0269317626953,6953.543426513672,6.1991729736328125,6959.742599487305
1212,84736.2,84751.3,84611.1,84628.1,3401.0,7100.68115234375,157.32456970214844,151.1818084716797,6943.356582641602,6.14276123046875,6949.49934387207
1213,84619.0,84619.0,84500.1,84528.5,5541.0,7088.19677734375,155.85833740234375,149.52597045898438,6932.338439941406,6.332366943359375,6938.670806884766
1214,84515.0,84601.6,84491.5,84564.8,4341.0,6877.8369140625,153.57049560546875,146.70994567871094,6724.266418457031,6.8605499267578125,6731.126968383789
1215,84560.6,84560.6,84477.0,84550.4,4307.0,6585.6953125,150.2818145751953,142.50186157226562,6435.413497924805,7.7799530029296875,6443.193450927734
1216,84559.1,84682.5,84556.3,84682.5,3839.0,6317.21044921875,149.372802734375,141.7589874267578,6167.837646484375,7.6138153076171875,6175.451461791992
1217,84686.6,84718.5,84635.9,84718.5,4857.0,6026.80029296875,146.03424072265625,137.53346252441406,5880.766052246094,8.500778198242188,5889.266830444336
1218,84709.0,84710.8,84545.8,84555.3,3550.0,5940.76025390625,147.36769104003906,140.0455780029297,5793.392562866211,7.322113037109375,5800.71467590332
1219,84571.0,84762.2,84567.1,84759.5,4013.0,7038.6220703125,150.34461975097656,144.8213348388672,6888.277450561523,5.523284912109375,6893.800735473633
1220,84759.5,84912.6,84702.4,84889.8,5755.0,6780.79052734375,153.33755493164062,149.49147033691406,6627.452972412109,3.8460845947265625,6631.299057006836
1221,84896.8,84968.5,84896.8,84961.3,5503.0,7130.0009765625,149.6058349609375,144.43515014648438,6980.3951416015625,5.170684814453125,6985.565826416016
1222,84960.5,85023.8,84845.7,84852.6,7672.0,6959.15087890625,151.0302276611328,146.83934020996094,6808.120651245117,4.190887451171875,6812.311538696289
1223,84871.0,84892.0,84759.8,84883.9,8826.0,6699.09326171875,150.0888671875,145.7938995361328,6549.00439453125,4.2949676513671875,6553.299362182617
1224,84884.9,84952.4,84811.6,84914.5,4672.0,6494.18896484375,149.624267578125,145.4369659423828,6344.564697265625,4.1873016357421875,6348.751998901367
1225,84901.7,85024.2,84901.7,84973.7,4123.0,6364.02978515625,148.26805114746094,143.79861450195312,6215.761734008789,4.4694366455078125,6220.231170654297
1226,84970.0,85009.0,84947.1,84955.7,3577.0,6207.42822265625,143.94956970214844,137.94859313964844,6063.478652954102,6.0009765625,6069.479629516602
1227,84969.0,84973.7,84936.4,84937.4,2647.0,6132.0068359375,138.61732482910156,130.75975036621094,5993.389511108398,7.857574462890625,6001.247085571289
1228,84937.3,84937.3,84827.7,84882.3,4596.0,5876.45654296875,137.17123413085938,129.25514221191406,5739.285308837891,7.9160919189453125,5747.201400756836
1229,84882.2,84925.0,84868.6,84895.3,4052.0,5708.78369140625,133.13259887695312,124.05109405517578,5575.651092529297,9.081504821777344,5584.732597351074
1230,84895.3,84998.5,84866.9,84877.4,5019.0,5500.44482421875,133.05604553222656,124.59041595458984,5367.388778686523,8.465629577636719,5375.85440826416
1231,84888.3,84905.0,84702.6,84719.9,7820.0,5495.97265625,136.52317810058594,130.14813232421875,5359.449478149414,6.3750457763671875,5365.824523925781
1232,84719.9,84799.6,84676.5,84744.1,7162.0,5442.07421875,135.8520965576172,129.64480590820312,5306.222122192383,6.2072906494140625,5312.429412841797
1233,84742.8,84769.3,84649.4,84658.7,5654.0,5985.12060546875,135.05442810058594,128.94863891601562,5850.066177368164,6.1057891845703125,5856.171966552734
1234,84647.0,84680.1,84620.4,84639.7,3991.0,5761.11474609375,131.286865234375,124.00252532958984,5629.827880859375,7.284339904785156,5637.11222076416
1235,84639.8,84730.1,84639.8,84730.1,6066.0,5510.35888671875,129.24244689941406,121.60223388671875,5381.116439819336,7.6402130126953125,5388.756652832031
1236,84732.8,84841.4,84732.8,84758.0,4764.0,5301.9912109375,128.3451690673828,120.86613464355469,5173.646041870117,7.479034423828125,5181.125076293945
1237,84757.9,84819.6,84709.7,84816.7,4422.0,5161.091796875,127.4228286743164,120.08273315429688,5033.668968200684,7.340095520019531,5041.009063720703
1238,84819.6,84872.1,84814.6,84855.0,3554.0,5026.58740234375,123.92668914794922,115.61253356933594,4902.660713195801,8.314155578613281,4910.974868774414
1239,84850.0,84855.7,84745.7,84745.7,4365.0,4809.8583984375,123.23036193847656,115.21163940429688,4686.628036499023,8.018722534179688,4694.646759033203
1240,84744.6,84772.2,84679.9,84681.8,6231.0,4901.9658203125,121.68408203125,113.57543182373047,4780.28173828125,8.108650207519531,4788.3903884887695
1241,84682.2,84696.8,84600.0,84659.2,4135.0,4703.36767578125,120.4397201538086,112.37696075439453,4582.927955627441,8.062759399414062,4590.9907150268555
1242,84666.3,84700.8,84633.6,84657.1,4495.0,4518.79931640625,117.77750396728516,109.14970397949219,4401.021812438965,8.627799987792969,4409.649612426758
1243,84657.4,84657.4,84437.4,84445.4,12001.0,4509.8095703125,122.88862609863281,117.06758117675781,4386.920944213867,5.821044921875,4392.741989135742
1244,84445.5,84470.5,84350.9,84440.0,5845.0,4394.21923828125,122.7242660522461,117.24858093261719,4271.494972229004,5.475685119628906,4276.970657348633
1245,84447.1,84447.3,84342.6,84383.2,10287.0,4207.00830078125,121.82281494140625,116.35191345214844,4085.1854858398438,5.4709014892578125,4090.6563873291016
1246,84378.9,84403.2,84241.3,84274.8,6575.0,4128.05810546875,123.82698822021484,119.60579681396484,4004.231117248535,4.22119140625,4008.452308654785
1247,84270.6,84367.3,84225.5,84367.2,6615.0,3958.405029296875,124.7254867553711,121.19087219238281,3833.679542541504,3.5346145629882812,3837.214157104492
1248,84367.2,84430.8,84293.0,84388.3,8113.0,3997.284912109375,125.3790512084961,122.37701416015625,3871.905860900879,3.0020370483398438,3874.9078979492188
1249,84388.2,84442.1,84332.8,84377.2,4869.0,4004.720703125,124.57533264160156,121.44327545166016,3880.1453704833984,3.1320571899414062,3883.27742767334
1250,84369.0,84404.5,84304.8,84324.8,6715.0,3882.73486328125,123.33172607421875,119.89041137695312,3759.4031372070312,3.441314697265625,3762.844451904297
1251,84316.3,84316.3,84249.3,84256.0,5524.0,4454.64794921875,120.94013977050781,116.71966552734375,4333.707809448242,4.2204742431640625,4337.928283691406
1252,84250.1,84307.1,84178.8,84238.0,9858.0,5633.86572265625,121.30836486816406,117.54717254638672,5512.557357788086,3.7611923217773438,5516.318550109863
1253,84240.4,84240.4,84116.7,84120.3,4542.0,5618.47216796875,121.4277114868164,117.98632049560547,5497.044456481934,3.4413909912109375,5500.4858474731445
1254,84117.0,84193.2,84063.2,84170.8,5030.0,16779.548828125,121.8563232421875,118.84444427490234,16657.692504882812,3.0118789672851562,16660.704383850098
1255,84176.1,84361.3,84176.1,84345.3,4132.0,42538.171875,125.28850555419922,123.96269226074219,42412.8833694458,1.3258132934570312,42414.20918273926
1256,84345.3,84359.7,84245.5,84254.0,5754.0,42463.5625,124.73424530029297,123.26558685302734,42338.82825469971,1.468658447265625,42340.29691314697
1257,84254.1,84266.7,84165.4,84204.8,2063.0,40794.53515625,123.5627670288086,121.69694519042969,40670.97238922119,1.8658218383789062,40672.83821105957
1258,84226.0,84268.1,84196.0,84207.2,3810.0,39598.4609375,120.98970794677734,118.1544189453125,39477.47122955322,2.8352890014648438,39480.30651855469
1259,84188.2,84224.2,84179.5,84209.9,3738.0,37861.13671875,117.17537689208984,112.90789794921875,37743.96134185791,4.267478942871094,37748.22882080078
1260,84202.7,84268.2,84175.1,84237.9,6033.0,36173.78125,115.97169494628906,111.4931640625,36057.80955505371,4.4785308837890625,36062.2880859375
1261,84234.1,84366.1,84194.6,84335.2,5805.0,34990.64453125,118.74810791015625,115.77936553955078,34871.896423339844,2.9687423706054688,34874.86516571045
1262,84335.2,84340.4,84206.4,84239.7,8218.0,33562.21484375,119.51070404052734,117.08084106445312,33442.70413970947,2.4298629760742188,33445.13400268555
1263,84239.6,84345.5,84214.1,84315.6,7880.0,31965.50390625,120.10509490966797,118.10352325439453,31845.398811340332,2.0015716552734375,31847.400382995605
1264,84320.8,84320.8,84181.8,84186.3,3710.0,31053.728515625,121.04984283447266,119.59613037109375,30932.678672790527,1.4537124633789062,30934.132385253906
1265,84182.0,84194.1,84034.7,84063.0,19380.0,29685.541015625,122.96727752685547,122.43914794921875,29562.573738098145,0.5281295776367188,29563.10186767578
1266,84063.1,84101.4,84000.2,84000.2,12074.0,28286.412109375,121.87867736816406,120.92173767089844,28164.533432006836,0.956939697265625,28165.4903717041
1267,84000.0,84074.3,83904.3,83904.3,9397.0,27112.69140625,124.28474426269531,124.42732238769531,26988.406661987305,0.142578125,26988.264083862305
1268,83900.0,83929.4,83857.1,83916.3,8282.0,26126.107421875,121.68535614013672,120.70372009277344,26004.422065734863,0.9816360473632812,26005.403701782227
1269,83933.1,83933.1,83883.7,83920.2,6761.0,25265.3515625,118.07100677490234,115.61048889160156,25147.280555725098,2.4605178833007812,25149.7410736084
1270,83919.3,84011.8,83919.3,84011.8,17995.0,24551.984375,116.7924575805664,113.9597396850586,24435.191917419434,2.8327178955078125,24438.02463531494
1271,84011.9,84094.0,84011.9,84092.7,4472.0,24057.583984375,115.06298828125,111.69140625,23942.52099609375,3.37158203125,23945.892578125
1272,84092.6,84344.8,84090.7,84217.9,10984.0,23548.10546875,122.0145263671875,121.86300659179688,23426.090942382812,0.151519775390625,23426.242462158203
1273,84214.3,84214.3,84078.0,84117.3,6081.0,22654.599609375,122.9087142944336,123.15125274658203,22531.690895080566,0.2425384521484375,22531.448356628418
1274,84121.5,84198.6,84121.5,84192.3,3944.0,22394.87109375,120.8285140991211,120.1622085571289,22274.04257965088,0.6663055419921875,22274.70888519287
1275,84207.3,84212.4,84004.8,84004.8,13441.0,21471.529296875,125.16716766357422,126.40787506103516,21346.362129211426,1.2407073974609375,21345.121421813965
1276,83992.1,83996.7,83929.0,83961.3,6353.0,20799.052734375,122.69866180419922,122.79280853271484,20676.3540725708,0.094146728515625,20676.259925842285
1277,83966.4,83971.6,83877.7,83931.0,4186.0,21214.05078125,121.25865936279297,120.72891998291016,21092.792121887207,0.5297393798828125,21093.32186126709
1278,83914.8,83940.5,83848.1,83859.0,4120.0,21230.8984375,119.8156509399414,118.70531463623047,21111.08278656006,1.1103363037109375,21112.19312286377
1279,83850.6,83892.0,83769.8,83826.0,7933.0,20535.25390625,119.93502044677734,118.95516204833984,20415.318885803223,0.9798583984375,20416.29874420166
1280,83822.0,83848.0,83750.0,83818.8,6358.0,19901.490234375,118.83827209472656,117.45835876464844,19782.651962280273,1.379913330078125,19784.03187561035
1281,83820.1,83849.7,83779.1,83828.8,7407.0,18988.466796875,116.42644500732422,114.1114501953125,18872.040351867676,2.3149948120117188,18874.355346679688
1282,83828.6,83891.3,83780.3,83853.9,7302.0,18533.193359375,116.1551284790039,113.88919830322266,18417.038230895996,2.26593017578125,18419.304161071777
1283,83843.7,83866.5,83708.9,83713.4,5583.0,18538.03515625,118.22745513916016,117.01151275634766,18419.80770111084,1.2159423828125,18421.023643493652
1284,83713.3,83713.3,83641.8,83693.4,6586.0,18063.533203125,115.89615631103516,113.7679443359375,17947.637046813965,2.1282119750976562,17949.765258789062
1285,83700.0,83852.0,83700.0,83848.3,8200.0,19234.15625,118.03142547607422,116.97034454345703,19116.124824523926,1.0610809326171875,19117.185905456543
1286,83855.8,83905.9,83831.3,83862.8,3187.0,19023.798828125,115.85993957519531,113.94400787353516,18907.938888549805,1.9159317016601562,18909.854820251465
1287,83872.8,83872.9,83650.6,83650.6,4158.0,18715.109375,121.1817855834961,121.6834945678711,18593.927589416504,0.501708984375,18593.42588043213
1288,83650.5,83652.1,83588.0,83647.7,5952.0,18466.654296875,118.32777404785156,117.57050323486328,18348.32652282715,0.7572708129882812,18349.083793640137
1289,83645.7,83645.7,83500.1,83538.1,5771.0,17636.623046875,119.79146575927734,119.715576171875,17516.831581115723,0.07588958740234375,17516.907470703125
1290,83535.1,83580.0,83469.8,83503.7,7573.0,17017.193359375,119.31204986572266,119.03611755371094,16897.881309509277,0.27593231201171875,16898.15724182129
1291,83513.7,83580.8,83482.9,83560.0,4075.0,16403.634765625,118.24137115478516,117.52628326416016,16285.393394470215,0.715087890625,16286.10848236084
1292,83558.1,83583.9,83455.7,83472.6,4779.0,16712.103515625,118.73906707763672,118.2883529663086,16593.364448547363,0.450714111328125,16593.81516265869
1293,83475.7,83697.7,83460.8,83697.7,7239.0,16794.998046875,124.64742279052734,126.76106262207031,16670.350624084473,2.1136398315429688,16668.23698425293
1294,83699.2,83728.7,83561.3,83568.8,3836.0,16902.1484375,126.78536224365234,129.66429138183594,16775.363075256348,2.8789291381835938,16772.484146118164
1295,83575.0,83868.0,83575.0,83768.7,8085.0,16286.0908203125,135.40625,141.77420043945312,16150.6845703125,6.367950439453125,16144.316619873047
1296,83759.3,83801.6,83697.5,83736.2,8254.0,15965.3359375,133.8410186767578,139.0832977294922,15831.494918823242,5.242279052734375,15826.252639770508
1297,83733.7,83895.9,83695.4,83895.1,5175.0,15363.46875,137.17396545410156,143.47021484375,15226.294784545898,6.2962493896484375,15219.99853515625
1298,83895.1,84172.5,83887.2,84172.5,15440.0,15946.345703125,144.5801239013672,153.60069274902344,15801.765579223633,9.02056884765625,15792.745010375977
1299,84172.5,84198.5,84014.1,84014.1,18881.0,15255.478515625,146.571044921875,155.80052185058594,15108.907470703125,9.229476928710938,15099.677993774414
1300,83997.4,84091.5,83936.3,84091.5,5203.0,14515.4052734375,147.00265502929688,155.7578582763672,14368.402618408203,8.755203247070312,14359.647415161133
1301,84094.7,84191.0,84042.3,84116.6,5684.0,14289.2841796875,147.0876922607422,155.2539520263672,14142.196487426758,8.166259765625,14134.030227661133
1302,84106.1,84192.9,84071.6,84071.6,3578.0,15269.1201171875,145.79815673828125,152.8284454345703,15123.321960449219,7.0302886962890625,15116.29167175293
1303,84067.3,84262.1,84000.0,84188.2,5813.0,14590.6640625,151.6133270263672,160.6336669921875,14439.050735473633,9.020339965820312,14430.030395507812
1304,84184.0,84268.3,84160.8,84247.8,6726.0,14485.0810546875,149.4076690673828,156.83839416503906,14335.673385620117,7.43072509765625,14328.242660522461
1305,84253.9,84347.9,84232.0,84289.8,12553.0,13993.2763671875,147.73220825195312,153.91412353515625,13845.544158935547,6.181915283203125,13839.362243652344
1306,84291.0,84482.7,84288.8,84477.0,6928.0,13356.462890625,150.04090881347656,156.7707061767578,13206.421981811523,6.72979736328125,13199.692184448242
1307,84474.3,84572.8,84359.7,84463.5,12104.0,12852.740234375,153.1935577392578,160.7937774658203,12699.546676635742,7.6002197265625,12691.94645690918
1308,84491.5,84593.8,84445.5,84593.8,5926.0,12500.0029296875,152.94871520996094,159.90113830566406,12347.054214477539,6.952423095703125,12340.101791381836
1309,84594.3,84657.3,84538.5,84556.0,6393.0,13214.853515625,151.2411346435547,156.96511840820312,13063.612380981445,5.7239837646484375,13057.888397216797
1310,84561.0,84644.8,84352.5,84355.3,17323.0,13242.4111328125,158.29393005371094,166.6316680908203,13084.117202758789,8.337738037109375,13075.77946472168
1311,84363.8,84549.6,84358.7,84520.5,3899.0,12735.291015625,160.09446716308594,168.6083221435547,12575.196548461914,8.51385498046875,12566.682693481445
1312,84505.5,84545.4,84432.1,84432.1,5541.0,14995.126953125,157.7545928955078,164.65750122070312,14837.372360229492,6.9029083251953125,14830.469451904297
1313,84428.9,84500.3,84385.7,84385.7,5566.0,22463.919921875,155.59654235839844,161.08151245117188,22308.3233795166,5.4849700927734375,22302.838409423828
1314,84385.6,84501.2,84352.7,84491.3,7929.0,22697.373046875,155.24171447753906,160.18283081054688,22542.13133239746,4.9411163330078125,22537.190216064453
1315,84491.4,84517.3,84240.4,84367.0,27198.0,23557.654296875,161.32455444335938,168.51966857910156,23396.32974243164,7.1951141357421875,23389.1346282959
1316,84371.1,84579.1,84371.1,84566.3,16838.0,24895.771484375,163.8634033203125,171.63265991210938,24731.908081054688,7.769256591796875,24724.13882446289
1317,84566.3,84657.5,84500.1,84637.2,28911.0,24402.083984375,163.5401611328125,170.61593627929688,24238.543823242188,7.075775146484375,24231.468048095703
1318,84637.2,84641.0,84500.1,84533.7,4804.0,23404.580078125,162.4080810546875,168.49325561523438,23242.171997070312,6.085174560546875,23236.086822509766
1319,84531.4,84644.5,84385.1,84562.9,35778.0,22831.6015625,167.25759887695312,174.98648071289062,22664.343963623047,7.7288818359375,22656.61508178711
1320,84565.2,84628.1,84510.1,84607.1,9880.0,21780.572265625,164.7947235107422,170.916015625,21615.777542114258,6.1212921142578125,21609.65625
1321,84624.0,84749.9,84624.0,84645.2,13423.0,20926.294921875,163.69483947753906,168.90750122070312,20762.60008239746,5.2126617431640625,20757.387420654297
1322,84645.2,84691.3,84599.5,84624.6,6810.0,20212.330078125,160.09994506835938,163.39959716796875,20052.23013305664,3.299652099609375,20048.93048095703
1323,84623.4,84623.4,84466.6,84474.4,7868.0,19849.1640625,159.9949493408203,163.013916015625,19689.16911315918,3.0189666748046875,19686.150146484375
1324,84473.5,84506.1,84339.1,84506.1,8344.0,19051.857421875,160.34519958496094,163.29864501953125,18891.51222229004,2.9534454345703125,18888.55877685547
1325,84501.9,84535.7,84425.5,84470.1,5125.0,18387.9140625,157.83810424804688,159.506103515625,18230.075958251953,1.667999267578125,18228.407958984375
1326,84473.0,84624.4,84473.0,84570.9,5409.0,19141.21875,157.6610565185547,159.13401794433594,18983.557693481445,1.47296142578125,18982.084732055664
1327,84573.3,84586.9,84510.2,84570.1,5718.0,18369.958984375,153.61277770996094,153.2455291748047,18216.34620666504,0.36724853515625,18216.713455200195
1328,84577.4,84577.4,84502.7,84553.3,5204.0,17900.9609375,149.6669158935547,147.6348114013672,17751.294021606445,2.0321044921875,17753.326126098633
1329,84557.5,84573.1,84470.5,84474.8,3454.0,17330.912109375,147.3136444091797,144.41815185546875,17183.59846496582,2.8954925537109375,17186.49395751953
1330,84494.4,84595.0,84459.5,84595.0,3585.0,16686.91796875,146.72296142578125,143.7811279296875,16540.19500732422,2.94183349609375,16543.136840820312
1331,84595.0,84641.1,84520.0,84520.0,5515.0,16026.921875,145.44189453125,142.16116333007812,15881.47998046875,3.280731201171875,15884.760711669922
1332,84520.0,84540.0,84436.8,84531.9,2068.0,16567.326171875,143.3299560546875,139.37844848632812,16423.996215820312,3.951507568359375,16427.947723388672
1333,84528.5,84623.9,84528.5,84593.7,5397.0,15873.9599609375,140.93338012695312,136.2370147705078,15733.026580810547,4.6963653564453125,15737.722946166992
1334,84593.8,84623.9,84580.6,84607.0,2500.0,15170.9130859375,136.0515594482422,129.5984344482422,15034.861526489258,6.453125,15041.314651489258
1335,84602.0,84632.5,84525.2,84525.2,4342.0,16328.1171875,134.61383056640625,128.00546264648438,16193.503356933594,6.608367919921875,16200.111724853516
1336,84495.7,84515.5,84416.9,84435.8,6431.0,15712.7607421875,133.2983856201172,126.5982666015625,15579.462356567383,6.7001190185546875,15586.162475585938
1337,84437.8,84583.7,84433.5,84583.7,3990.0,15026.4736328125,134.1436309814453,128.28433227539062,14892.330001831055,5.8592987060546875,14898.18930053711
1338,84585.3,84629.4,84440.0,84440.0,3820.0,14929.7001953125,136.9063720703125,132.64962768554688,14792.793823242188,4.256744384765625,14797.050567626953
1339,84434.2,84550.9,84434.2,84512.1,3444.0,16770.166015625,135.8958282470703,131.51002502441406,16634.27018737793,4.38580322265625,16638.655990600586
1340,84500.1,84700.0,84494.2,84683.0,7857.0,16289.158203125,139.39088439941406,136.8162384033203,16149.767318725586,2.57464599609375,16152.34196472168
1341,84682.9,84757.3,84664.2,84722.2,6431.0,15764.650390625,137.07603454589844,133.6931915283203,15627.574356079102,3.382843017578125,15630.95719909668
1342,84732.9,84821.9,84731.4,84813.0,6394.0,15369.7177734375,135.20700073242188,131.26478576660156,15234.510772705078,3.9422149658203125,15238.452987670898
1343,84816.3,84884.7,84795.9,84873.6,6753.0,15294.9814453125,132.8868865966797,128.23191833496094,15162.09455871582,4.65496826171875,15166.749526977539
1344,84876.0,84882.6,84729.1,84737.6,5693.0,14750.1826171875,133.91754150390625,130.03677368164062,14616.265075683594,3.880767822265625,14620.14584350586
1345,84741.8,84950.0,84732.4,84931.7,23302.0,14156.7236328125,138.10174560546875,136.29141235351562,14018.621887207031,1.810333251953125,14020.432220458984
1346,84926.2,84950.0,84926.2,84930.6,3691.0,13837.4375,132.38650512695312,128.25608825683594,13705.050994873047,4.1304168701171875,13709.181411743164
1347,84930.5,84976.9,84930.5,84946.3,2009.0,13867.6162109375,128.08709716796875,122.40911102294922,13739.529113769531,5.677986145019531,13745.20709991455
1348,84946.2,84959.3,84922.1,84943.4,2789.0,13628.6865234375,123.5425033569336,116.3224105834961,13505.144020080566,7.2200927734375,13512.364112854004
1349,84943.5,84987.6,84943.5,84951.5,3120.0,13047.2021484375,119.5755386352539,111.17102813720703,12927.626609802246,8.404510498046875,12936.031120300293
1350,84951.6,84976.7,84937.7,84976.7,4769.0,12651.7421875,115.54676818847656,106.01595306396484,12536.195419311523,9.530815124511719,12545.726234436035
1351,84986.9,85033.2,84976.6,85021.0,3567.0,13470.1552734375,112.5995101928711,102.48635864257812,13357.555763244629,10.113151550292969,13367.668914794922
1352,85023.1,85095.1,84998.7,85054.4,7024.0,12975.498046875,111.7894515991211,102.05150604248047,12863.708595275879,9.737945556640625,12873.44654083252
1353,85060.0,85060.0,84988.0,84991.1,5809.0,12531.3740234375,109.79998016357422,99.90496826171875,12421.574043273926,9.895011901855469,12431.469055175781
1354,84995.0,84995.0,84926.9,84981.1,6869.0,12278.505859375,107.7150650024414,97.63330078125,12170.790794372559,10.081764221191406,12180.87255859375
1355,84986.9,85125.0,84986.9,85079.5,4883.0,12000.880859375,109.52423095703125,100.93795013427734,11891.356628417969,8.586280822753906,11899.942909240723
1356,85078.9,85287.3,85078.9,85214.9,12182.0,11707.6865234375,114.46794891357422,108.61370086669922,11593.218574523926,5.854248046875,11599.0728225708
1357,85207.9,85207.9,85091.6,85125.2,5917.0,11439.7021484375,114.9094009399414,109.6624984741211,11324.792747497559,5.2469024658203125,11330.039649963379
1358,85123.3,85191.3,85115.6,85191.3,3562.0,11096.6669921875,112.94869232177734,107.23626708984375,10983.718299865723,5.712425231933594,10989.430725097656
1359,85203.1,85266.4,85172.5,85266.3,7952.0,10625.1337890625,111.99617767333984,106.2835693359375,10513.13761138916,5.712608337402344,10518.850219726562
1360,85266.3,85335.9,85224.6,85314.8,4649.0,11206.77734375,111.96121978759766,106.64166259765625,11094.816123962402,5.319557189941406,11100.135681152344
1361,85314.7,85327.6,85257.9,85290.8,5677.0,11036.6884765625,109.84832000732422,104.0031967163086,10926.840156555176,5.845123291015625,10932.685279846191
1362,85284.2,85385.0,85284.2,85349.3,4114.0,12043.404296875,109.395751953125,103.774169921875,11934.008544921875,5.62158203125,11939.630126953125
1363,85349.3,85349.4,85323.7,85337.2,2560.0,11992.0849609375,105.21073150634766,98.19711303710938,11886.874229431152,7.013618469238281,11893.88784790039
1364,85337.2,85337.2,85219.7,85247.9,5227.0,11992.630859375,105.8251953125,99.57588958740234,11886.8056640625,6.249305725097656,11893.054969787598
1365,85249.9,85259.9,85178.6,85204.9,5217.0,11676.599609375,104.5987777709961,98.2702407836914,11572.000831604004,6.3285369873046875,11578.329368591309
1366,85204.9,85235.3,85140.2,85140.2,4989.0,12725.4697265625,104.12352752685547,98.04335021972656,12621.346199035645,6.080177307128906,12627.426376342773
1367,85140.2,85235.6,85140.2,85232.7,4661.0,12575.8466796875,103.68727111816406,97.85443115234375,12472.159408569336,5.8328399658203125,12477.992248535156
1368,85230.2,85332.6,85230.2,85308.8,3567.0,13177.455078125,103.6228256225586,98.17900085449219,13073.832252502441,5.443824768066406,13079.276077270508
1369,85308.7,85325.6,85247.1,85272.4,7719.0,13126.6328125,102.36669158935547,96.77336120605469,13024.266120910645,5.593330383300781,13029.859451293945
1370,85272.4,85299.3,85242.7,85271.8,3274.0,12754.6513671875,100.07804870605469,93.90338897705078,12654.573318481445,6.174659729003906,12660.74797821045
1371,85271.7,85385.0,85263.6,85385.0,9905.0,12507.6689453125,101.1440658569336,95.86731719970703,12406.524879455566,5.2767486572265625,12411.801628112793
1372,85396.3,85402.3,85347.9,85376.7,7416.0,12216.9853515625,98.8067855834961,92.90525817871094,12118.178565979004,5.901527404785156,12124.080093383789
1373,85376.6,85376.6,85336.1,85336.1,2453.0,11767.0361328125,95.89653015136719,89.16928100585938,11671.139602661133,6.7272491455078125,11677.86685180664
1374,85340.3,85340.3,85214.1,85227.1,3585.0,11426.5341796875,97.41146850585938,91.81399536132812,11329.12271118164,5.59747314453125,11334.720184326172
1375,85232.9,85265.0,85131.3,85150.6,4884.0,10888.8583984375,99.2260513305664,94.80607604980469,10789.632347106934,4.419975280761719,10794.052322387695
1376,85156.9,85264.9,85137.6,85233.7,4093.0,10975.3154296875,100.62959289550781,97.12684631347656,10874.685836791992,3.50274658203125,10878.188583374023
1377,85217.6,85250.2,85187.9,85187.9,3042.0,10591.6005859375,98.71334838867188,94.6395492553711,10492.887237548828,4.073799133300781,10496.961036682129
1378,85188.0,85219.6,85140.7,85146.9,5387.0,10211.6201171875,97.72260284423828,93.51518249511719,10113.897514343262,4.207420349121094,10118.104934692383
1379,85147.0,85168.0,85123.9,85168.0,3676.0,9843.2392578125,95.04155731201172,89.98564147949219,9748.197700500488,5.055915832519531,9753.253616333008
1380,85173.0,85201.1,85145.5,85175.5,2938.0,9767.427734375,93.0695571899414,87.52963256835938,9674.358177185059,5.539924621582031,9679.89810180664
1381,85175.4,85308.7,85175.4,85271.4,3374.0,10773.2060546875,95.08131408691406,90.79927825927734,10678.124740600586,4.282035827636719,10682.406776428223
1382,85275.7,85346.8,85275.7,85335.1,4547.0,10909.396484375,94.09716796875,89.69921875,10815.29931640625,4.39794921875,10819.697265625
1383,85331.1,85396.9,85307.4,85363.7,5691.0,11537.5263671875,93.8673095703125,89.68498992919922,11443.659057617188,4.182319641113281,11447.8413772583
1384,85363.6,85363.6,85312.6,85317.6,2770.0,11270.7998046875,91.7290267944336,86.92903137207031,11179.070777893066,4.799995422363281,11183.87077331543
1385,85312.7,85317.4,85182.3,85182.4,4293.0,10986.41015625,93.9078140258789,90.38443756103516,10892.502342224121,3.52337646484375,10896.025718688965
1386,85182.3,85314.3,85164.8,85314.3,6325.0,10845.1396484375,96.68742370605469,94.60697937011719,10748.452224731445,2.0804443359375,10750.532669067383
1387,85318.0,85318.0,85226.7,85286.0,4384.0,10816.283203125,96.41790008544922,94.37053680419922,10719.86530303955,2.04736328125,10721.9126663208
1388,85277.4,85298.6,85251.3,85282.4,2589.0,11659.0185546875,93.96224212646484,91.0086898803711,11565.056312561035,2.95355224609375,11568.009864807129
1389,85280.3,85297.1,85264.1,85288.1,4552.0,11168.4677734375,90.91413116455078,86.86521911621094,11077.55364227295,4.048912048339844,11081.602554321289
1390,85288.0,85288.0,85264.0,85276.2,3669.0,11442.794921875,87.5735092163086,82.38209533691406,11355.221412658691,5.191413879394531,11360.412826538086
1391,85272.0,85272.0,85151.5,85151.5,3295.0,10900.3056640625,89.42999267578125,85.405029296875,10810.875671386719,4.02496337890625,10814.900634765625
1392,85151.5,85151.5,85096.9,85118.3,5627.0,10543.9404296875,87.6885757446289,83.20478057861328,10456.251853942871,4.483795166015625,10460.735649108887
1393,85116.5,85162.1,85071.1,85146.1,12648.0,10092.1943359375,87.8541488647461,83.76158142089844,10004.340187072754,4.092567443847656,10008.432754516602
1394,85146.1,85163.0,85140.2,85155.3,2485.0,9817.1845703125,84.60128784179688,79.4069595336914,9732.583282470703,5.194328308105469,9737.777610778809
1395,85151.3,85174.3,85094.8,85128.9,11086.0,9411.4248046875,84.34622192382812,79.41360473632812,9327.078582763672,4.9326171875,9332.011199951172
1396,85123.5,85173.4,85108.4,85152.5,4074.0,9146.9541015625,83.37891387939453,78.38406372070312,9063.575187683105,4.994850158691406,9068.570037841797
1397,85157.6,85200.0,85123.5,85194.5,3695.0,8998.556640625,83.03496551513672,78.2494888305664,8915.521675109863,4.7854766845703125,8920.307151794434
1398,85184.5,85184.5,85100.1,85108.0,4026.0,8709.8291015625,83.60314178466797,79.40298461914062,8626.225959777832,4.200157165527344,8630.42611694336
1399,85103.8,85173.6,85103.8,85126.0,5888.0,8335.9375,82.91322326660156,78.71739196777344,8253.024276733398,4.195831298828125,8257.220108032227
1400,85122.7,85122.7,85080.0,85080.0,5181.0,7966.19091796875,81.06755828857422,76.38043212890625,7885.123359680176,4.687126159667969,7889.810485839844
1401,85078.1,85119.0,85066.1,85083.9,5969.0,7839.18115234375,79.65910339355469,74.7031478881836,7759.522048950195,4.955955505371094,7764.478004455566
1402,85083.9,85083.9,85000.1,85000.1,7568.0,7576.671875,79.8659896850586,75.35269927978516,7496.805885314941,4.5132904052734375,7501.319175720215
1403,85000.0,85000.0,84768.8,84771.3,17413.0,7382.38818359375,87.43792724609375,86.49212646484375,7294.950256347656,0.94580078125,7295.896057128906
1404,84778.5,84901.1,84759.3,84759.4,18648.0,7233.6689453125,90.15626525878906,90.44302368164062,7143.512680053711,0.2867584228515625,7143.225921630859
1405,84759.3,84817.5,84719.9,84794.5,17624.0,7081.68505859375,90.52852630615234,90.954345703125,6991.156532287598,0.42581939697265625,6990.730712890625
1406,84797.2,84886.7,84790.4,84886.7,5479.0,6918.10107421875,90.81733703613281,91.33651733398438,6827.283737182617,0.5191802978515625,6826.764556884766
1407,84894.2,85004.6,84875.5,84946.0,4911.0,6680.54638671875,92.73155212402344,94.03401947021484,6587.814834594727,1.3024673461914062,6586.512367248535
1408,84940.0,84940.0,84840.2,84886.5,2696.0,6510.869140625,93.38481903076172,94.87422180175781,6417.484321594238,1.4894027709960938,6415.994918823242
1409,84886.5,84920.4,84827.7,84827.7,2818.0,6305.1259765625,93.350341796875,94.71858978271484,6211.775634765625,1.3682479858398438,6210.407386779785
1410,84817.8,84817.8,84573.6,84573.6,10330.0,6083.7197265625,101.38790130615234,106.10308837890625,5982.331825256348,4.715187072753906,5977.616638183594
1411,84573.6,84623.7,84513.1,84548.0,4644.0,5933.48388671875,101.84858703613281,106.42440795898438,5831.635299682617,4.5758209228515625,5827.059478759766
1412,84535.2,84575.2,84499.8,84537.8,6736.0,6229.90966796875,100.52647399902344,104.20882415771484,6129.383193969727,3.6823501586914062,6125.700843811035
1413,84545.2,84545.2,84415.2,84437.1,3132.0,6232.96435546875,102.00015258789062,106.0510482788086,6130.964202880859,4.050895690917969,6126.913307189941
1414,84438.1,84441.4,84411.0,84431.5,8019.0,6022.666015625,98.4200668334961,100.64729309082031,5924.245948791504,2.2272262573242188,5922.01872253418
1415,84431.5,84431.5,84329.5,84329.7,4837.0,6888.78271484375,98.59906768798828,100.74391174316406,6790.183647155762,2.1448440551757812,6788.038803100586
1416,84329.6,84573.8,84325.3,84543.5,4916.0,6975.2939453125,106.0941162109375,111.29792022705078,6869.1998291015625,5.203804016113281,6863.996025085449
1417,84543.5,84674.9,84491.1,84563.8,7479.0,6749.47900390625,109.979248046875,116.4764175415039,6639.499755859375,6.497169494628906,6633.002586364746
1418,84555.4,84580.1,84402.6,84417.6,5340.0,6584.35498046875,113.35528564453125,120.83524322509766,6470.999694824219,7.479957580566406,6463.519737243652
1419,84426.5,84583.1,84420.1,84491.6,5714.0,6377.18701171875,115.9625244140625,124.02558135986328,6261.2244873046875,8.063056945800781,6253.161430358887
1420,84489.1,84580.6,84489.1,84493.1,3700.0,6188.8779296875,114.7394027709961,121.70232391357422,6074.138526916504,6.962921142578125,6067.175605773926
1421,84493.1,84512.0,84401.3,84492.6,2634.0,6116.63427734375,114.53759002685547,120.91667175292969,6002.0966873168945,6.379081726074219,5995.71760559082
1422,84473.6,84607.2,84473.6,84543.7,9077.0,6022.552734375,115.49078369140625,121.8227310180664,5907.061950683594,6.331947326660156,5900.730003356934
1423,84535.3,84594.5,84535.3,84573.6,3174.0,6040.0751953125,112.67640686035156,117.34990692138672,5927.398788452148,4.673500061035156,5922.725288391113
1424,84568.0,84662.5,84558.3,84662.4,4561.0,5843.82177734375,112.25274658203125,116.41085052490234,5731.569030761719,4.158103942871094,5727.410926818848
1425,84662.5,84971.1,84662.5,84875.6,23345.0,5673.0810546875,122.07527160644531,130.14601135253906,5551.005783081055,8.07073974609375,5542.935043334961
1426,84873.3,84873.3,84697.5,84697.5,6030.0,5706.3271484375,124.8765869140625,133.5714111328125,5581.4505615234375,8.69482421875,5572.7557373046875
1427,84697.5,84697.5,84500.0,84500.0,5918.0,5503.01123046875,128.5077667236328,138.1377410888672,5374.503463745117,9.629974365234375,5364.873489379883
1428,84500.0,84565.7,84439.7,84562.1,4697.0,5328.5107421875,128.3823699951172,137.270751953125,5200.128372192383,8.888381958007812,5191.239990234375
1429,84565.1,84598.8,84518.5,84570.2,2522.0,5159.13525390625,125.97810363769531,133.20118713378906,5033.157150268555,7.22308349609375,5025.934066772461
1430,84579.0,84671.3,84562.1,84588.8,5727.0,5053.07861328125,125.13896942138672,131.48648071289062,4927.939643859863,6.347511291503906,4921.592132568359
1431,84593.0,84593.0,84438.2,84500.6,5311.0,5248.07470703125,126.62186431884766,133.15151977539062,5121.452842712402,6.529655456542969,5114.923187255859
1432,84504.8,84504.8,84356.0,84382.9,4358.0,5162.77099609375,127.7306137084961,134.26904296875,5035.040382385254,6.538429260253906,5028.501953125
1433,84389.4,84476.9,84312.4,84476.9,7078.0,5529.732421875,129.56907653808594,136.4283905029297,5400.163345336914,6.85931396484375,5393.30403137207
1434,84477.0,84488.0,84382.9,84434.7,5544.0,5455.24560546875,128.345703125,134.19076538085938,5326.89990234375,5.845062255859375,5321.054840087891
1435,84447.3,84447.3,84367.8,84444.3,4011.0,5399.83349609375,125.9034194946289,130.28428649902344,5273.930076599121,4.380867004394531,5269.549209594727
1436,84444.3,84482.8,84433.5,84462.5,3019.0,5316.69189453125,122.0730972290039,124.49946594238281,5194.618797302246,2.4263687133789062,5192.192428588867
1437,84464.0,84523.8,84395.9,84404.6,4104.0,5193.65771484375,122.36437225341797,124.74224853515625,5071.293342590332,2.3778762817382812,5068.915466308594
1438,84407.5,84426.2,84308.9,84344.0,3211.0,4981.625,122.11138916015625,124.21099853515625,4859.513610839844,2.099609375,4857.414001464844
1439,84331.3,84382.0,84251.4,84285.8,8637.0,4935.49365234375,122.53590393066406,124.66746520996094,4812.957748413086,2.131561279296875,4810.826187133789
