bar,open,high,low,close,volume,batched,isolated,cpu,abs_bi,abs_ic,abs_bc
0,88066.7,88174.6,88048.0,88155.1,5735.0,0.0,0.0,nan,0.0,nan,nan
1,88146.7,88160.1,88081.7,88081.7,4816.0,0.0,0.0,nan,0.0,nan,nan
2,88080.4,88080.4,87849.9,87850.0,10862.0,0.0,0.0,nan,0.0,nan,nan
3,87857.1,87944.5,87780.2,87930.1,15390.0,0.0,0.0,nan,0.0,nan,nan
4,87930.2,88039.6,87930.2,87991.6,4863.0,0.0,0.0,nan,0.0,nan,nan
5,87980.8,87980.8,87852.6,87856.9,2161.0,0.0,0.0,nan,0.0,nan,nan
6,87862.5,87869.1,87773.9,87797.8,3002.0,0.0,0.0,nan,0.0,nan,nan
7,87794.2,87794.2,87660.4,87672.7,7045.0,0.0,0.0,nan,0.0,nan,nan
8,87672.6,87704.8,87569.3,87664.0,6992.0,0.0,0.0,nan,0.0,nan,nan
9,87657.2,87718.7,87621.5,87639.1,4116.0,0.0,0.0,nan,0.0,nan,nan
10,87649.7,87726.9,87580.2,87580.2,5538.0,-1.3595941066741943,-0.6521442532539368,-0.6521442532539368,0.7074498534202576,0.0,0.7074498534202576
11,87583.2,87604.9,87412.0,87430.1,7937.0,-1.027571201324463,-0.7397695183753967,-0.739769458770752,0.28780168294906616,5.960464477539063e-08,0.28780174255371094
12,87427.6,87504.4,87326.9,87504.4,28049.0,-0.7037204504013062,-0.39339959621429443,-0.3933996260166168,0.3103208541870117,2.9802322387695312e-08,0.31032082438468933
13,87505.9,87647.8,87477.7,87600.8,5425.0,-0.8342971205711365,-0.3745073080062866,-0.374507337808609,0.45978981256484985,2.9802322387695312e-08,0.45978978276252747
14,87596.5,87649.2,87531.3,87564.6,5409.0,-0.311124712228775,-0.4852735996246338,-0.4852735996246338,0.17414888739585876,0.0,0.17414888739585876
15,87564.6,87669.2,87529.0,87648.0,5356.0,0.08705293387174606,-0.23777124285697937,-0.23777124285697937,0.32482417672872543,0.0,0.32482417672872543
16,87649.4,87731.5,87631.9,87721.9,8400.0,0.007115854416042566,-0.0864468663930893,-0.0864468589425087,0.09356272080913186,7.450580596923828e-09,0.09356271335855126
17,87708.6,87759.6,87682.4,87759.6,6562.0,0.4687134027481079,0.09911686927080154,0.09911686927080154,0.36959653347730637,0.0,0.36959653347730637
18,87750.7,87750.7,87519.8,87519.8,4150.0,0.08343473076820374,-0.16449525952339172,-0.16449525952339172,0.24792999029159546,0.0,0.24792999029159546
19,87502.6,87590.1,87498.4,87562.6,3954.0,0.4241357147693634,-0.08728981018066406,-0.08728980273008347,0.5114255249500275,7.450580596923828e-09,0.5114255174994469
20,87566.9,87578.4,87328.7,87343.5,11941.0,0.8716545104980469,-0.27027013897895813,-0.27027013897895813,1.141924649477005,0.0,1.141924649477005
21,87343.4,87344.0,87227.3,87256.3,12379.0,0.6583907008171082,-0.1987927407026291,-0.1987927258014679,0.8571834415197372,1.4901161193847656e-08,0.857183426618576
22,87252.7,87420.8,87252.7,87392.1,3767.0,0.6341343522071838,-0.12833282351493835,-0.12833283841609955,0.7624671757221222,1.4901161193847656e-08,0.7624671906232834
23,87392.1,87404.4,87287.0,87371.4,6300.0,0.28660356998443604,-0.2618680000305176,-0.2618679702281952,0.5484715700149536,2.9802322387695312e-08,0.5484715402126312
24,87372.5,87475.6,87339.6,87471.7,3668.0,0.16849924623966217,-0.10609132051467896,-0.10609131306409836,0.2745905667543411,7.450580596923828e-09,0.27459055930376053
25,87471.1,87484.4,87403.9,87439.2,2831.0,-0.02564254403114319,-0.23822206258773804,-0.23822206258773804,0.21257951855659485,0.0,0.21257951855659485
26,87436.2,87436.2,87315.9,87370.4,3545.0,0.029482992365956306,-0.40069812536239624,-0.40069812536239624,0.43018111772835255,0.0,0.43018111772835255
27,87363.6,87377.7,87303.3,87303.3,4063.0,-0.20459264516830444,-0.5199484825134277,-0.519948422908783,0.3153558373451233,5.960464477539063e-08,0.3153557777404785
28,87303.2,87318.1,87204.0,87204.0,3420.0,0.15915006399154663,-0.36082908511161804,-0.36082908511161804,0.5199791491031647,0.0,0.5199791491031647
29,87200.9,87280.4,87200.9,87257.5,3839.0,-0.14531973004341125,-0.34843823313713074,-0.34843820333480835,0.20311850309371948,2.9802322387695312e-08,0.2031184732913971
30,87263.5,87278.8,87211.2,87226.8,13526.0,-0.3501585125923157,-0.1336139738559723,-0.1336139738559723,0.21654453873634338,0.0,0.21654453873634338
31,87226.1,87258.0,87206.6,87206.6,2066.0,-0.3870963454246521,-0.056953269988298416,-0.05695326626300812,0.3301430754363537,3.725290298461914e-09,0.330143079161644
32,87205.6,87205.6,87154.6,87173.2,5683.0,-0.24587979912757874,-0.25047850608825684,-0.25047850608825684,0.004598706960678101,0.0,0.004598706960678101
33,87173.3,87298.7,87173.3,87286.8,7188.0,-0.001262275385670364,-0.09682981669902802,-0.09682981669902802,0.09556754131335765,0.0,0.09556754131335765
34,87283.7,87286.9,87182.4,87186.8,7126.0,-0.21313899755477905,-0.3257124722003937,-0.3257124722003937,0.11257347464561462,0.0,0.11257347464561462
35,87183.8,87183.8,87080.0,87080.0,7382.0,-0.27884921431541443,-0.41080325841903687,-0.41080328822135925,0.13195404410362244,2.9802322387695312e-08,0.13195407390594482
36,87080.0,87113.9,86878.6,86895.9,34739.0,-0.35766932368278503,-0.5430901646614075,-0.5430901050567627,0.18542084097862244,5.960464477539063e-08,0.18542078137397766
37,86901.3,86939.1,86776.4,86781.0,17855.0,-0.2159292995929718,-0.5982555747032166,-0.5982556343078613,0.38232627511024475,5.960464477539063e-08,0.3823263347148895
38,86790.1,86895.4,86767.0,86877.6,13092.0,-0.8327748775482178,-0.3742929697036743,-0.3742929697036743,0.45848190784454346,0.0,0.45848190784454346
39,86877.7,86894.4,86752.5,86799.2,5481.0,-0.9805631637573242,-0.5252234935760498,-0.5252234935760498,0.4553396701812744,0.0,0.4553396701812744
40,86806.7,86985.6,86797.5,86985.6,5524.0,-0.5756963491439819,-0.2765151560306549,-0.2765151560306549,0.299181193113327,0.0,0.299181193113327
41,86985.6,87091.2,86985.6,87037.7,6819.0,-0.49847230315208435,-0.19367621839046478,-0.1936762034893036,0.30479608476161957,1.4901161193847656e-08,0.30479609966278076
42,87042.2,87085.2,87006.2,87022.0,9574.0,-0.9732160568237305,-0.17345137894153595,-0.17345137894153595,0.7997646778821945,0.0,0.7997646778821945
43,87016.0,87059.1,86992.0,87055.7,4562.0,-0.9888038039207458,-0.26475223898887634,-0.26475223898887634,0.7240515649318695,0.0,0.7240515649318695
44,87037.1,87118.4,87034.5,87034.5,4385.0,-0.7378187775611877,-0.17467883229255676,-0.17467883229255676,0.563139945268631,0.0,0.563139945268631
45,87034.0,87079.4,86918.0,86918.1,5614.0,-1.1014404296875,-0.18591919541358948,-0.18591919541358948,0.9155212342739105,0.0,0.9155212342739105
46,86922.3,86999.7,86852.1,86965.0,3934.0,-1.3688033819198608,0.07952223718166351,0.07952223718166351,1.4483256191015244,0.0,1.4483256191015244
47,86973.7,87026.1,86973.7,87022.1,3649.0,-1.4471874237060547,0.27782759070396423,0.27782759070396423,1.725015014410019,0.0,1.725015014410019
48,87024.4,87024.4,86888.0,86937.6,4724.0,-1.0111991167068481,0.06906268000602722,0.06906268000602722,1.0802617967128754,0.0,1.0802617967128754
49,86937.7,86946.2,86784.8,86834.6,8186.0,-0.5473853349685669,0.040781982243061066,0.040781985968351364,0.588167317211628,3.725290298461914e-09,0.5881673209369183
50,86834.1,86875.0,86816.4,86816.4,3229.0,-0.8063678741455078,-0.1945185512304306,-0.1945185363292694,0.6118493229150772,1.4901161193847656e-08,0.6118493378162384
51,86811.0,86811.0,86736.8,86747.7,8672.0,-1.1621664762496948,-0.3331889510154724,-0.3331889510154724,0.8289775252342224,0.0,0.8289775252342224
52,86747.7,86754.9,86632.4,86663.7,10621.0,-0.6849047541618347,-0.4117313623428345,-0.4117313623428345,0.27317339181900024,0.0,0.27317339181900024
53,86662.6,86733.1,86656.0,86711.6,5251.0,-1.0681201219558716,-0.39526596665382385,-0.39526596665382385,0.6728541553020477,0.0,0.6728541553020477
54,86713.4,86797.0,86694.8,86776.0,8816.0,-0.7859905362129211,-0.2970086634159088,-0.2970086634159088,0.48898187279701233,0.0,0.48898187279701233
55,86771.9,86843.4,86754.9,86843.1,8289.0,-0.4172774851322174,-0.08628812432289124,-0.08628812432289124,0.33098936080932617,0.0,0.33098936080932617
56,86839.4,86843.2,86788.6,86793.6,4040.0,0.41363346576690674,-0.19708900153636932,-0.19708898663520813,0.6107224673032761,1.4901161193847656e-08,0.6107224524021149
57,86791.6,86810.2,86771.6,86771.6,1637.0,0.560333788394928,-0.28785791993141174,-0.28785791993141174,0.8481917083263397,0.0,0.8481917083263397
58,86771.7,86775.9,86561.1,86561.5,18764.0,0.4171570837497711,-0.4326109290122986,-0.4326109290122986,0.8497680127620697,0.0,0.8497680127620697
59,86561.1,86653.2,86547.3,86632.5,11099.0,0.09472694247961044,-0.23274312913417816,-0.23274312913417816,0.3274700716137886,0.0,0.3274700716137886
60,86623.2,86749.9,86578.5,86691.8,11360.0,-0.11860792338848114,-0.14352306723594666,-0.14352306723594666,0.024915143847465515,0.0,0.024915143847465515
61,86692.1,86807.3,86674.1,86777.2,4944.0,0.16023071110248566,0.034006666392087936,0.03400666266679764,0.12622404471039772,3.725290298461914e-09,0.12622404843568802
62,86777.1,86912.6,86772.8,86888.4,31143.0,-0.08684440702199936,0.2592726945877075,0.2592726945877075,0.3461171016097069,0.0,0.3461171016097069
63,86890.1,86910.7,86847.2,86877.6,6761.0,0.2820524573326111,0.1914391964673996,0.1914392113685608,0.09061326086521149,1.4901161193847656e-08,0.09061324596405029
64,86880.8,86880.8,86707.1,86707.1,6576.0,-0.04792676493525505,-0.0793980285525322,-0.07939803600311279,0.031471263617277145,7.450580596923828e-09,0.03147127106785774
65,86703.9,87030.3,86664.3,87004.3,7093.0,0.04440131038427353,0.18561671674251556,0.18561671674251556,0.14121540635824203,0.0,0.14121540635824203
66,87003.4,87029.3,86934.7,86960.8,9135.0,-0.679189920425415,0.19263552129268646,0.19263552129268646,0.8718254417181015,0.0,0.8718254417181015
67,86961.3,87031.1,86961.3,87016.8,6887.0,-0.6659828424453735,0.2825755178928375,0.2825755178928375,0.9485583603382111,0.0,0.9485583603382111
68,87018.6,87098.9,86982.8,87042.9,4779.0,-0.38193279504776,0.5561345815658569,0.5561345815658569,0.9380673766136169,0.0,0.9380673766136169
69,87042.8,87089.4,86993.0,87040.7,3567.0,-0.31807035207748413,0.47118934988975525,0.47118934988975525,0.7892597019672394,0.0,0.7892597019672394
70,87052.8,87151.8,87042.7,87146.3,5135.0,0.09229136258363724,0.5242710709571838,0.5242710709571838,0.4319797083735466,0.0,0.4319797083735466
71,87136.8,87202.0,87082.7,87141.6,9808.0,0.4128212034702301,0.41992413997650146,0.41992416977882385,0.007102936506271362,2.9802322387695312e-08,0.00710296630859375
72,87141.5,87171.3,87077.6,87103.5,9815.0,0.4102170467376709,0.24756073951721191,0.24756073951721191,0.16265630722045898,0.0,0.16265630722045898
73,87120.2,87156.4,87092.1,87139.0,6378.0,0.3897400200366974,0.3008812963962555,0.3008812665939331,0.0888587236404419,2.9802322387695312e-08,0.08885875344276428
74,87127.1,87285.6,87127.1,87285.6,10418.0,0.39431625604629517,0.6671887040138245,0.6671887040138245,0.2728724479675293,0.0,0.2728724479675293
75,87286.3,87347.0,87230.6,87262.4,6640.0,0.5517754554748535,0.2966538071632385,0.2966538071632385,0.255121648311615,0.0,0.255121648311615
76,87267.2,87304.4,87227.4,87265.9,7803.0,1.011301040649414,0.35084953904151917,0.35084953904151917,0.6604515016078949,0.0,0.6604515016078949
77,87258.1,87397.0,87246.9,87381.6,5966.0,0.9210353493690491,0.4192347526550293,0.4192347824573517,0.5018005967140198,2.9802322387695312e-08,0.5018005669116974
78,87379.2,87416.2,87350.2,87382.5,8104.0,0.6564769744873047,0.39015424251556396,0.39015424251556396,0.2663227319717407,0.0,0.2663227319717407
79,87385.3,87385.3,87203.1,87206.5,8375.0,0.21796855330467224,0.1904820054769516,0.1904820054769516,0.027486547827720642,0.0,0.027486547827720642
80,87197.9,87269.5,87184.0,87255.9,5466.0,0.04576203227043152,0.125767320394516,0.125767320394516,0.08000528812408447,0.0,0.08000528812408447
81,87257.0,87259.1,87077.1,87085.8,11182.0,0.06519192457199097,-0.06403908133506775,-0.06403908878564835,0.12923100590705872,7.450580596923828e-09,0.1292310133576393
82,87078.5,87191.7,87067.9,87178.3,8493.0,0.07017957419157028,0.08587126433849335,0.08587126433849335,0.015691690146923065,0.0,0.015691690146923065
83,87179.5,87211.0,87081.9,87101.3,4100.0,0.166987344622612,-0.04326779767870903,-0.04326779767870903,0.21025514230132103,0.0,0.21025514230132103
84,87101.5,87165.0,87084.1,87164.6,4103.0,-0.020335596054792404,-0.138625368475914,-0.1386253833770752,0.1182897724211216,1.4901161193847656e-08,0.11828978732228279
85,87159.0,87263.8,87159.0,87263.8,7991.0,-0.4015965759754181,0.0016025661025196314,0.0016025659861043096,0.4031991420779377,1.1641532182693481e-10,0.4031991419615224
86,87263.8,87364.8,87257.3,87257.3,12821.0,-0.40190741419792175,-0.009856728836894035,-0.00985672790557146,0.3920506853610277,9.313225746154785e-10,0.3920506862923503
87,87254.8,87272.0,87194.2,87201.1,4852.0,-0.4837322533130646,-0.2065652310848236,-0.20656521618366241,0.27716702222824097,1.4901161193847656e-08,0.27716703712940216
88,87196.9,87344.5,87196.1,87273.3,9019.0,-0.45687663555145264,-0.12497139722108841,-0.12497138977050781,0.3319052383303642,7.450580596923828e-09,0.3319052457809448
89,87273.3,87299.0,87234.8,87282.5,4458.0,-0.27056118845939636,0.0871494710445404,0.08714946359395981,0.35771065950393677,7.450580596923828e-09,0.35771065205335617
90,87282.4,87294.7,87186.6,87234.4,13604.0,-0.382412314414978,-0.024640170857310295,-0.024640167132019997,0.35777214355766773,3.725290298461914e-09,0.35777214728295803
91,87234.5,87344.6,87234.5,87254.1,5698.0,-0.4933158755302429,0.19326308369636536,0.19326306879520416,0.6865789592266083,1.4901161193847656e-08,0.6865789443254471
92,87254.0,87260.8,87090.8,87090.8,4446.0,-0.5460842251777649,-0.10036902129650116,-0.10036901384592056,0.44571520388126373,7.450580596923828e-09,0.44571521133184433
93,87088.6,87156.5,87058.1,87150.2,4771.0,-0.6060306429862976,0.0561487041413784,0.0561487041413784,0.662179347127676,0.0,0.662179347127676
94,87146.9,87224.5,87120.0,87136.1,7039.0,-0.4805988073348999,-0.032696761190891266,-0.032696761190891266,0.44790204614400864,0.0,0.44790204614400864
95,87147.1,87212.5,87021.3,87200.3,6592.0,-0.4493951201438904,-0.07276786863803864,-0.07276786118745804,0.37662725150585175,7.450580596923828e-09,0.37662725895643234
96,87208.9,87303.3,87188.9,87287.3,7835.0,-0.4659719169139862,0.03438108041882515,0.03438108041882515,0.5003529973328114,0.0,0.5003529973328114
97,87292.2,87397.9,87289.2,87386.0,6161.0,-0.38438960909843445,0.21203681826591492,0.21203681826591492,0.5964264273643494,0.0,0.5964264273643494
98,87393.5,87497.2,87393.5,87484.7,9223.0,-0.36189910769462585,0.24223476648330688,0.2422347515821457,0.6041338741779327,1.4901161193847656e-08,0.6041338592767715
99,87479.7,87499.9,87346.1,87346.1,5379.0,-0.31621938943862915,0.07286863029003143,0.07286863029003143,0.3890880197286606,0.0,0.3890880197286606
100,87346.2,87399.9,87346.2,87374.0,3442.0,-0.4261645972728729,0.16003040969371796,0.16003040969371796,0.5861950069665909,0.0,0.5861950069665909
101,87368.5,87480.9,87358.2,87448.0,4521.0,-0.4347202479839325,0.2222227156162262,0.2222227156162262,0.6569429636001587,0.0,0.6569429636001587
102,87444.3,87446.4,87365.9,87396.3,4579.0,-0.9685542583465576,0.3507833480834961,0.3507833182811737,1.3193376064300537,2.9802322387695312e-08,1.3193375766277313
103,87418.0,87425.2,87303.7,87303.7,4357.0,-2.0102157592773438,0.1761326938867569,0.1761326938867569,2.1863484531641006,0.0,2.1863484531641006
104,87298.5,87299.3,87195.9,87228.9,6647.0,-1.6037408113479614,0.10649648308753967,0.10649647563695908,1.710237294435501,7.450580596923828e-09,1.7102372869849205
105,87225.0,87274.1,87190.0,87274.1,6185.0,-1.8377310037612915,0.08463811129331589,0.08463811129331589,1.9223691150546074,0.0,1.9223691150546074
106,87269.8,87339.4,87262.9,87336.5,2842.0,-1.6170001029968262,0.05636917054653168,0.05636917054653168,1.6733692735433578,0.0,1.6733692735433578
107,87332.8,87389.0,87309.1,87343.0,3113.0,-1.9058592319488525,-0.049206964671611786,-0.049206968396902084,1.8566522672772408,3.725290298461914e-09,1.8566522635519505
108,87343.0,87361.8,87296.6,87357.5,5787.0,-1.8345868587493896,-0.14540041983127594,-0.14540041983127594,1.6891864389181137,0.0,1.6891864389181137
109,87367.3,87367.3,87300.2,87324.3,2920.0,-1.382434606552124,-0.02496354840695858,-0.02496355026960373,1.3574710581451654,1.862645149230957e-09,1.3574710562825203
110,87324.1,87420.1,87299.5,87391.6,3281.0,-0.8378012180328369,0.020145080983638763,0.020145080983638763,0.8579462990164757,0.0,0.8579462990164757
111,87387.3,87426.6,87367.6,87367.6,3299.0,-0.8694821000099182,-0.0919385626912117,-0.0919385626912117,0.7775435373187065,0.0,0.7775435373187065
112,87370.5,87434.3,87366.8,87434.3,5919.0,-0.40024426579475403,0.043480101972818375,0.043480101972818375,0.4437243677675724,0.0,0.4437243677675724
113,87441.1,87441.1,87327.1,87348.1,4270.0,0.45000696182250977,0.050855159759521484,0.050855159759521484,0.3991518020629883,0.0,0.3991518020629883
114,87348.0,87402.0,87325.2,87387.7,2276.0,0.1908620297908783,0.18205513060092926,0.18205513060092926,0.008806899189949036,0.0,0.008806899189949036
115,87379.9,87435.9,87357.2,87418.0,3605.0,-0.011783798225224018,0.16488102078437805,0.16488103568553925,0.17666481900960207,1.4901161193847656e-08,0.17666483391076326
116,87412.0,87412.0,87284.7,87319.5,3262.0,-0.5055460333824158,-0.019464943557977676,-0.019464943557977676,0.4860810898244381,0.0,0.4860810898244381
117,87323.4,87333.8,87269.7,87269.7,3139.0,0.0865432471036911,-0.08391842991113663,-0.08391842991113663,0.17046167701482773,0.0,0.17046167701482773
118,87268.0,87268.0,87192.3,87228.9,4089.0,-0.2900746762752533,-0.14721296727657318,-0.14721296727657318,0.14286170899868011,0.0,0.14286170899868011
119,87233.8,87283.9,87226.1,87283.9,1985.0,-0.5321157574653625,-0.04626253992319107,-0.04626253992319107,0.4858532175421715,0.0,0.4858532175421715
120,87283.9,87334.5,87282.3,87327.1,2113.0,-0.7497573494911194,-0.07380571216344833,-0.07380571961402893,0.675951637327671,7.450580596923828e-09,0.6759516298770905
121,87327.1,87342.2,87293.3,87342.2,2732.0,-1.0260920524597168,-0.029070774093270302,-0.029070774093270302,0.9970212783664465,0.0,0.9970212783664465
122,87346.3,87440.5,87267.0,87267.0,4450.0,-0.8299862742424011,-0.1913401037454605,-0.1913401037454605,0.6386461704969406,0.0,0.6386461704969406
123,87267.0,87291.5,87154.6,87233.4,12040.0,-0.7421740889549255,-0.13131725788116455,-0.13131724298000336,0.610856831073761,1.4901161193847656e-08,0.6108568459749222
124,87229.9,87343.2,87223.0,87322.4,6250.0,-1.1690253019332886,-0.07472983747720718,-0.07472983747720718,1.0942954644560814,0.0,1.0942954644560814
125,87321.5,87395.6,87312.0,87383.6,3558.0,-0.9193933606147766,-0.03934937343001366,-0.039349377155303955,0.880043987184763,3.725290298461914e-09,0.8800439834594727
126,87388.6,87466.1,87370.7,87449.7,5254.0,-1.1959766149520874,0.14911115169525146,0.14911116659641266,1.3450877666473389,1.4901161193847656e-08,1.3450877815485
127,87450.7,87466.7,87295.4,87343.6,16226.0,-1.207552433013916,0.08467822521924973,0.08467822521924973,1.2922306582331657,0.0,1.2922306582331657
128,87356.8,87381.6,87285.9,87330.1,8568.0,-1.3430061340332031,0.11602018773555756,0.11602018028497696,1.4590263217687607,7.450580596923828e-09,1.45902631431818
129,87339.4,87339.4,87218.9,87218.9,4133.0,-1.2821122407913208,-0.07446963340044022,-0.07446963340044022,1.2076426073908806,0.0,1.2076426073908806
130,87202.4,87283.3,87168.3,87237.2,3723.0,-1.9210275411605835,-0.10294448584318161,-0.10294448584318161,1.8180830553174019,0.0,1.8180830553174019
131,87239.7,87262.3,87175.9,87235.0,3241.0,-1.495016098022461,-0.12273920327425003,-0.12273920327425003,1.372276894748211,0.0,1.372276894748211
132,87247.9,87259.9,87183.5,87198.4,4240.0,-2.0338375568389893,-0.0786111131310463,-0.0786111131310463,1.955226443707943,0.0,1.955226443707943
133,87205.2,87233.0,87176.7,87185.5,1926.0,-2.1936020851135254,-0.05490836873650551,-0.05490836873650551,2.13869371637702,0.0,2.13869371637702
134,87182.6,87182.6,87080.3,87157.2,6053.0,-1.3381932973861694,-0.18917861580848694,-0.18917863070964813,1.1490146815776825,1.4901161193847656e-08,1.1490146666765213
135,87147.5,87234.0,87147.5,87233.0,3708.0,-1.516728162765503,-0.1723453253507614,-0.1723453402519226,1.3443828374147415,1.4901161193847656e-08,1.3443828225135803
136,87229.2,87275.8,87143.6,87155.3,7892.0,-0.9821343421936035,-0.3366577923297882,-0.3366577923297882,0.6454765498638153,0.0,0.6454765498638153
137,87155.4,87198.1,87005.4,87017.6,15190.0,-0.9945846199989319,-0.37323856353759766,-0.37323856353759766,0.6213460564613342,0.0,0.6213460564613342
138,87018.5,87075.7,87005.2,87075.7,9681.0,-0.15996569395065308,-0.2913067042827606,-0.2913067042827606,0.13134101033210754,0.0,0.13134101033210754
139,87068.2,87068.2,86884.7,86918.4,9446.0,-0.04230869933962822,-0.3445354104042053,-0.3445354104042053,0.3022267110645771,0.0,0.3022267110645771
140,86923.9,86925.9,86830.4,86912.9,6178.0,0.38711217045783997,-0.37175044417381287,-0.37175044417381287,0.7588626146316528,0.0,0.7588626146316528
141,86915.6,87056.8,86915.6,87049.1,8672.0,0.09678716212511063,-0.21310073137283325,-0.21310074627399445,0.3098878934979439,1.4901161193847656e-08,0.30988790839910507
142,87049.1,87251.5,87049.1,87242.7,7613.0,0.7835201025009155,0.05080905929207802,0.05080905929207802,0.7327110432088375,0.0,0.7327110432088375
143,87227.2,87331.2,87227.2,87306.4,14326.0,1.0472553968429565,0.13866804540157318,0.13866806030273438,0.9085873514413834,1.4901161193847656e-08,0.9085873365402222
144,87306.3,87306.3,87113.3,87159.9,50306.0,0.6950622200965881,0.0030924726743251085,0.003092472441494465,0.691969747422263,2.3283064365386963e-10,0.6919697476550937
145,87164.3,87203.0,87143.6,87181.7,14310.0,1.3385214805603027,-0.058804433792829514,-0.05880443751811981,1.3973259143531322,3.725290298461914e-09,1.3973259180784225
146,87183.5,87394.7,87183.5,87356.0,7122.0,1.2000131607055664,0.23028220236301422,0.23028218746185303,0.9697309583425522,1.4901161193847656e-08,0.9697309732437134
147,87368.6,87397.5,87249.7,87268.0,3750.0,1.1147748231887817,0.2877560555934906,0.287756085395813,0.8270187675952911,2.9802322387695312e-08,0.8270187377929688
148,87266.5,87266.5,87183.7,87217.1,3825.0,0.6851887702941895,0.16238564252853394,0.16238564252853394,0.5228031277656555,0.0,0.5228031277656555
149,87200.8,87325.8,87200.8,87286.3,5999.0,0.3602674603462219,0.42326879501342773,0.42326876521110535,0.06300133466720581,2.9802322387695312e-08,0.06300130486488342
150,87278.5,87324.1,87270.8,87315.4,3828.0,0.587935209274292,0.46310731768608093,0.46310731768608093,0.12482789158821106,0.0,0.12482789158821106
151,87315.5,87327.8,87211.1,87211.1,2126.0,0.1783459186553955,0.18610185384750366,0.18610186874866486,0.007755935192108154,1.4901161193847656e-08,0.007755950093269348
152,87207.4,87207.4,87079.5,87094.4,6031.0,-0.3499690294265747,-0.16999094188213348,-0.16999094188213348,0.17997808754444122,0.0,0.17997808754444122
153,87111.9,87161.5,87092.5,87128.8,4104.0,-0.4972880184650421,-0.20342332124710083,-0.20342330634593964,0.2938646972179413,1.4901161193847656e-08,0.2938647121191025
154,87116.6,87131.4,87081.3,87081.3,2055.0,-0.6316246390342712,-0.0901808813214302,-0.0901808813214302,0.541443757712841,0.0,0.541443757712841
155,87080.0,87080.0,86926.0,86933.7,4617.0,-0.8570476174354553,-0.28446337580680847,-0.2844633460044861,0.5725842416286469,2.9802322387695312e-08,0.5725842714309692
156,86946.5,87017.3,86910.8,87017.3,4854.0,-0.7632373571395874,-0.38772737979888916,-0.38772737979888916,0.37550997734069824,0.0,0.37550997734069824
157,87023.3,87069.6,86971.3,87004.0,3525.0,-1.0103600025177002,-0.3025164008140564,-0.3025164008140564,0.7078436017036438,0.0,0.7078436017036438
158,87004.9,87153.3,87004.9,87103.2,7838.0,-1.1524057388305664,-0.13059186935424805,-0.13059186935424805,1.0218138694763184,0.0,1.0218138694763184
159,87098.0,87153.9,87067.0,87098.1,2920.0,-1.1442608833312988,-0.2156069278717041,-0.2156069427728653,0.9286539554595947,1.4901161193847656e-08,0.9286539405584335
160,87101.9,87141.3,87089.1,87089.1,6354.0,-1.8435262441635132,-0.2591717839241028,-0.2591717839241028,1.5843544602394104,0.0,1.5843544602394104
161,87088.1,87152.0,87075.8,87148.2,2718.0,-2.018842935562134,-0.07212205231189728,-0.07212205231189728,1.9467208832502365,0.0,1.9467208832502365
162,87148.2,87220.1,87142.5,87220.1,3075.0,-1.0324879884719849,0.1443297415971756,0.1443297415971756,1.1768177300691605,0.0,1.1768177300691605
163,87226.1,87260.8,87217.8,87243.1,2324.0,0.23603492975234985,0.1311904937028885,0.1311904788017273,0.10484443604946136,1.4901161193847656e-08,0.10484445095062256
164,87250.2,87250.2,87197.9,87236.4,2364.0,0.4771849513053894,0.1781112104654312,0.1781112253665924,0.2990737408399582,1.4901161193847656e-08,0.299073725938797
165,87239.3,87340.2,87231.4,87340.1,3636.0,1.1067408323287964,0.4674808979034424,0.46748086810112,0.639259934425354,2.9802322387695312e-08,0.6392599642276764
166,87331.3,87331.3,87163.4,87212.3,16197.0,1.2999860048294067,0.22409337759017944,0.22409337759017944,1.0758926272392273,0.0,1.0758926272392273
167,87209.9,87275.8,87209.9,87275.7,6730.0,1.3515698909759521,0.3122880756855011,0.3122880756855011,1.039281815290451,0.0,1.039281815290451
168,87266.9,87281.3,87238.0,87241.9,3204.0,1.6005568504333496,0.1592310070991516,0.1592310070991516,1.441325843334198,0.0,1.441325843334198
169,87240.0,87266.2,87151.5,87151.5,3662.0,1.7265024185180664,0.06130838394165039,0.06130838394165039,1.665194034576416,0.0,1.665194034576416
170,87144.2,87230.2,87144.2,87230.2,2223.0,2.574918270111084,0.1620197743177414,0.1620197743177414,2.4128984957933426,0.0,2.4128984957933426
171,87221.2,87257.5,87178.1,87211.1,3237.0,3.9569661617279053,0.07217410951852798,0.07217410951852798,3.8847920522093773,0.0,3.8847920522093773
172,87215.6,87223.3,87083.0,87083.0,6893.0,2.773566246032715,-0.15719032287597656,-0.15719032287597656,2.9307565689086914,0.0,2.9307565689086914
173,87081.0,87085.5,86996.2,87006.1,7449.0,1.2658872604370117,-0.27165472507476807,-0.27165472507476807,1.5375419855117798,0.0,1.5375419855117798
174,87003.5,87043.2,87003.5,87043.1,6087.0,0.828143298625946,-0.22157824039459229,-0.22157824039459229,1.0497215390205383,0.0,1.0497215390205383
175,87048.4,87072.2,87023.0,87055.9,3957.0,0.8258000016212463,-0.32539820671081543,-0.32539820671081543,1.1511982083320618,0.0,1.1511982083320618
176,87062.6,87110.1,87036.0,87042.7,3693.0,0.9053005576133728,-0.19446082413196564,-0.19446082413196564,1.0997613817453384,0.0,1.0997613817453384
177,87048.3,87113.2,87048.3,87113.2,3309.0,1.0466716289520264,-0.18619157373905182,-0.18619157373905182,1.2328632026910782,0.0,1.2328632026910782
178,87113.2,87170.8,87084.3,87104.6,2723.0,1.0120495557785034,-0.15737493336200714,-0.15737493336200714,1.1694244891405106,0.0,1.1694244891405106
179,87104.6,87104.6,87035.5,87052.0,4439.0,0.8917418122291565,-0.11416900902986526,-0.11416900157928467,1.0059108212590218,7.450580596923828e-09,1.0059108138084412
180,87046.0,87068.7,87030.2,87033.0,1778.0,0.3646222949028015,-0.22607208788394928,-0.22607207298278809,0.5906943827867508,1.4901161193847656e-08,0.5906943678855896
181,87034.8,87046.3,87000.5,87004.0,2719.0,-0.29388293623924255,-0.2374715656042099,-0.2374715656042099,0.056411370635032654,0.0,0.056411370635032654
182,87001.9,87003.2,86893.3,86893.3,8052.0,0.16172203421592712,-0.2178417295217514,-0.2178417444229126,0.37956376373767853,1.4901161193847656e-08,0.3795637786388397
183,86893.3,86991.3,86885.6,86970.4,5381.0,0.07564181834459305,-0.04103519767522812,-0.04103519767522812,0.11667701601982117,0.0,0.11667701601982117
184,86976.8,86988.5,86935.2,86935.2,6084.0,0.37478071451187134,-0.12395977973937988,-0.12395977973937988,0.4987404942512512,0.0,0.4987404942512512
185,86935.1,86936.0,86728.6,86737.0,15394.0,-0.42447489500045776,-0.366314560174942,-0.366314560174942,0.05816033482551575,0.0,0.05816033482551575
186,86737.0,86809.0,86600.0,86688.9,33820.0,0.14273777604103088,-0.4064725339412689,-0.4064725339412689,0.5492103099822998,0.0,0.5492103099822998
187,86691.1,86839.5,86691.1,86833.1,5536.0,0.8044256567955017,-0.32153743505477905,-0.32153743505477905,1.1259630918502808,0.0,1.1259630918502808
188,86830.6,86913.0,86830.6,86846.2,7789.0,0.972926914691925,-0.29665303230285645,-0.29665303230285645,1.2695799469947815,0.0,1.2695799469947815
189,86839.2,86842.7,86651.1,86659.8,12443.0,0.07897936552762985,-0.45053890347480774,-0.45053890347480774,0.5295182690024376,0.0,0.5295182690024376
190,86672.6,86716.7,86653.2,86716.7,4318.0,1.41554856300354,-0.36342179775238037,-0.363421767950058,1.7789703607559204,2.9802322387695312e-08,1.778970330953598
191,86721.4,86721.4,86618.2,86643.8,3803.0,1.2985618114471436,-0.4140075743198395,-0.4140075445175171,1.712569385766983,2.9802322387695312e-08,1.7125693559646606
192,86646.7,86660.6,86403.9,86496.2,24834.0,0.5852633118629456,-0.4569900631904602,-0.4569900929927826,1.0422533750534058,2.9802322387695312e-08,1.0422534048557281
193,86500.8,86584.7,86418.7,86453.0,17044.0,1.0776277780532837,-0.5949132442474365,-0.5949132442474365,1.6725410223007202,0.0,1.6725410223007202
194,86455.9,86497.4,86401.9,86444.9,7346.0,0.6872936487197876,-0.5639886260032654,-0.5639886856079102,1.251282274723053,5.960464477539063e-08,1.2512823343276978
195,86440.1,86555.3,86408.2,86526.5,4643.0,0.4301072955131531,-0.2426876723766327,-0.2426876723766327,0.6727949678897858,0.0,0.6727949678897858
196,86526.5,86618.0,86492.5,86541.7,8116.0,-0.3854629695415497,-0.16979718208312988,-0.16979718208312988,0.2156657874584198,0.0,0.2156657874584198
197,86535.9,86535.9,86402.0,86402.1,4754.0,-1.2865723371505737,-0.49635452032089233,-0.49635449051856995,0.7902178168296814,2.9802322387695312e-08,0.7902178466320038
198,86410.8,86438.8,86176.2,86180.7,17726.0,-1.4529176950454712,-0.7662971615791321,-0.7662971615791321,0.6866205334663391,0.0,0.6866205334663391
199,86180.7,86411.4,86180.7,86403.0,18165.0,-1.2123574018478394,-0.2963275611400604,-0.2963275611400604,0.9160298407077789,0.0,0.9160298407077789
200,86403.7,86516.5,86308.2,86516.5,9042.0,-2.667559862136841,-0.2308703064918518,-0.230870321393013,2.436689555644989,1.4901161193847656e-08,2.436689540743828
201,86520.8,86776.4,86520.8,86756.3,28362.0,-2.036087989807129,0.12984195351600647,0.12984195351600647,2.1659299433231354,0.0,2.1659299433231354
202,86747.8,86747.8,86580.5,86610.5,10924.0,-1.9237418174743652,0.13214091956615448,0.13214091956615448,2.0558827370405197,0.0,2.0558827370405197
203,86610.4,86780.8,86590.9,86748.0,15765.0,-1.8903231620788574,0.34122586250305176,0.34122586250305176,2.231549024581909,0.0,2.231549024581909
204,86748.0,86786.9,86667.8,86706.6,4021.0,-1.756076693534851,0.30273979902267456,0.30273982882499695,2.0588164925575256,2.9802322387695312e-08,2.058816522359848
205,86703.3,86798.4,86669.7,86731.1,5333.0,-1.5011248588562012,0.23646114766597748,0.23646116256713867,1.7375860065221786,1.4901161193847656e-08,1.7375860214233398
206,86722.3,86722.3,86635.2,86676.4,11247.0,-1.4547884464263916,0.1556420922279358,0.1556420922279358,1.6104305386543274,0.0,1.6104305386543274
207,86694.1,86698.7,86556.8,86579.7,4820.0,-1.055160403251648,0.205552339553833,0.2055523693561554,1.260712742805481,2.9802322387695312e-08,1.2607127726078033
208,86571.2,86596.5,86552.1,86578.7,3897.0,-0.9690500497817993,0.4618203341960907,0.4618203341960907,1.43087038397789,0.0,1.43087038397789
209,86574.5,86660.9,86495.6,86495.6,9383.0,-0.08348940312862396,0.10717400908470154,0.10717401653528214,0.1906634122133255,7.450580596923828e-09,0.1906634196639061
210,86495.8,86508.7,86253.3,86398.1,9546.0,0.27754178643226624,-0.13685069978237152,-0.13685069978237152,0.41439248621463776,0.0,0.41439248621463776
211,86398.1,86542.0,86398.1,86528.6,8732.0,0.34573379158973694,-0.26245394349098206,-0.26245394349098206,0.608187735080719,0.0,0.608187735080719
212,86531.9,86568.2,86352.6,86352.8,9250.0,0.7879756689071655,-0.29754260182380676,-0.29754260182380676,1.0855182707309723,0.0,1.0855182707309723
213,86377.2,86444.9,86317.1,86433.1,8618.0,0.8091903328895569,-0.3630037009716034,-0.363003671169281,1.1721940338611603,2.9802322387695312e-08,1.172194004058838
214,86428.1,86534.8,86383.7,86524.9,4693.0,1.9618905782699585,-0.20956087112426758,-0.20956088602542877,2.171451449394226,1.4901161193847656e-08,2.1714514642953873
215,86525.0,86670.4,86509.6,86589.1,7676.0,2.3731486797332764,-0.16372442245483398,-0.16372442245483398,2.5368731021881104,0.0,2.5368731021881104
216,86578.0,86640.7,86530.3,86562.6,5424.0,2.4149012565612793,-0.13128934800624847,-0.13128934800624847,2.5461906045675278,0.0,2.5461906045675278
217,86559.3,86609.8,86391.6,86395.6,13155.0,3.0510854721069336,-0.2126382440328598,-0.2126382440328598,3.2637237161397934,0.0,3.2637237161397934
218,86404.0,86468.1,86379.2,86466.4,3063.0,2.632997989654541,-0.1297139823436737,-0.1297139823436737,2.7627119719982147,0.0,2.7627119719982147
219,86466.4,86488.8,86301.9,86347.8,9455.0,2.368746280670166,-0.17088115215301514,-0.17088116705417633,2.539627432823181,1.4901161193847656e-08,2.5396274477243423
220,86357.6,86492.7,86353.3,86484.3,4486.0,2.511899471282959,0.09976527839899063,0.09976528584957123,2.4121341928839684,7.450580596923828e-09,2.4121341854333878
221,86475.5,86483.5,86409.6,86432.5,7786.0,1.8380463123321533,-0.11106334626674652,-0.11106334626674652,1.9491096585988998,0.0,1.9491096585988998
222,86432.5,86488.2,86357.0,86447.1,5794.0,2.2079429626464844,0.1092086061835289,0.1092086061835289,2.0987343564629555,0.0,2.0987343564629555
223,86438.5,86438.5,86282.0,86331.4,7853.0,1.9787466526031494,-0.11766687035560608,-0.11766687035560608,2.0964135229587555,0.0,2.0964135229587555
224,86328.9,86352.0,85852.6,85882.9,137327.0,0.9127597212791443,-0.7419829368591309,-0.7419829368591309,1.6547426581382751,0.0,1.6547426581382751
225,85887.1,86099.9,85852.2,86006.9,21941.0,0.6841500997543335,-0.6723745465278625,-0.6723746061325073,1.356524646282196,5.960464477539063e-08,1.3565247058868408
226,86007.0,86190.6,86007.0,86186.3,11137.0,0.34622374176979065,-0.43471968173980713,-0.4347197115421295,0.7809434235095978,2.9802322387695312e-08,0.7809434533119202
227,86187.5,86250.8,86051.9,86138.2,10003.0,-0.5349215865135193,-0.2979300320148468,-0.2979300320148468,0.23699155449867249,0.0,0.23699155449867249
228,86153.7,86259.6,86135.6,86209.9,8193.0,-0.6601147651672363,-0.2966470420360565,-0.29664701223373413,0.3634677231311798,2.9802322387695312e-08,0.3634677529335022
229,86209.9,86234.3,86131.4,86162.9,4426.0,-1.3464103937149048,-0.21413220465183258,-0.21413220465183258,1.1322781890630722,0.0,1.1322781890630722
230,86167.4,86250.8,86140.2,86152.9,9285.0,-1.637668490409851,-0.3831891417503357,-0.3831891417503357,1.2544793486595154,0.0,1.2544793486595154
231,86169.3,86169.3,85990.9,86043.0,9036.0,-2.0048606395721436,-0.4506406784057617,-0.4506406784057617,1.5542199611663818,0.0,1.5542199611663818
232,86033.5,86036.6,85656.5,85703.8,56064.0,-2.2050106525421143,-0.8598375916481018,-0.8598375916481018,1.3451730608940125,0.0,1.3451730608940125
233,85703.9,85852.2,85703.9,85767.8,27207.0,-1.6029795408248901,-0.652834951877594,-0.652834951877594,0.9501445889472961,0.0,0.9501445889472961
234,85762.0,85850.4,85727.8,85815.1,7963.0,-0.9700815081596375,-0.07894106209278107,-0.07894106209278107,0.8911404460668564,0.0,0.8911404460668564
235,85832.0,85832.0,85600.1,85702.0,20876.0,-0.8384931087493896,-0.35450461506843567,-0.35450464487075806,0.483988493680954,2.9802322387695312e-08,0.4839884638786316
236,85701.9,85803.3,85600.1,85627.9,31337.0,-0.777349591255188,-0.6478970050811768,-0.6478970050811768,0.12945258617401123,0.0,0.12945258617401123
237,85624.6,85683.4,85558.8,85574.3,29383.0,-0.4687102437019348,-0.6546528935432434,-0.6546528935432434,0.1859426498413086,0.0,0.1859426498413086
238,85574.0,85631.1,85473.9,85502.9,21038.0,0.13734003901481628,-0.8200914859771729,-0.8200914263725281,0.9574315249919891,5.960464477539063e-08,0.9574314653873444
239,85529.6,85593.1,85345.5,85439.8,37207.0,0.6972789168357849,-0.8392261266708374,-0.8392261266708374,1.5365050435066223,0.0,1.5365050435066223
240,85439.7,85659.3,85427.1,85647.1,10836.0,0.9009119272232056,-0.5870921015739441,-0.5870921015739441,1.4880040287971497,0.0,1.4880040287971497
241,85625.5,85680.6,85510.3,85680.6,6731.0,1.3517725467681885,-0.4211829602718353,-0.42118293046951294,1.7729555070400238,2.9802322387695312e-08,1.7729554772377014
242,85680.5,85680.9,85575.1,85613.4,6608.0,1.3882051706314087,-0.10547775030136108,-0.10547775030136108,1.4936829209327698,0.0,1.4936829209327698
243,85626.1,85699.9,85549.1,85575.0,10137.0,0.9871126413345337,-0.2247893512248993,-0.2247893512248993,1.211901992559433,0.0,1.211901992559433
244,85598.0,85715.5,85572.4,85672.9,7328.0,0.5423284769058228,-0.1657087504863739,-0.1657087355852127,0.7080372273921967,1.4901161193847656e-08,0.7080372124910355
245,85673.0,85999.4,85673.0,85932.5,15574.0,0.5057377219200134,0.2689552307128906,0.2689552307128906,0.2367824912071228,0.0,0.2367824912071228
246,85934.9,86054.4,85926.3,85992.9,11959.0,0.4709140956401825,0.4262629449367523,0.4262629449367523,0.044651150703430176,0.0,0.044651150703430176
247,86000.8,86040.4,85902.2,85936.9,8689.0,0.3081890344619751,0.4237271845340729,0.4237271845340729,0.11553815007209778,0.0,0.11553815007209778
248,85937.8,86035.6,85926.0,86014.1,10299.0,-0.07424246519804001,0.597878098487854,0.597878098487854,0.672120563685894,0.0,0.672120563685894
249,86025.2,86025.2,85833.7,85839.4,5731.0,-0.2564293146133423,0.4676995277404785,0.4676995575428009,0.7241288423538208,2.9802322387695312e-08,0.7241288721561432
250,85839.5,85941.5,85839.4,85930.4,4302.0,-0.3633493185043335,0.3307722806930542,0.3307722806930542,0.6941215991973877,0.0,0.6941215991973877
251,85921.9,85930.2,85830.6,85879.7,6486.0,-0.41147395968437195,0.23237648606300354,0.23237647116184235,0.6438504457473755,1.4901161193847656e-08,0.6438504308462143
252,85896.6,85930.0,85835.3,85912.9,4643.0,-0.448360800743103,0.34982842206954956,0.34982842206954956,0.7981892228126526,0.0,0.7981892228126526
253,85912.0,85912.0,85813.0,85827.0,2945.0,-0.9550343155860901,0.29447853565216064,0.29447853565216064,1.2495128512382507,0.0,1.2495128512382507
254,85829.2,85829.2,85720.1,85774.1,4394.0,-0.7737662196159363,0.11812736093997955,0.11812735348939896,0.8918935805559158,7.450580596923828e-09,0.8918935731053352
255,85783.3,85943.9,85783.3,85942.9,5970.0,-1.203829288482666,0.012100703082978725,0.0121007040143013,1.2159299915656447,9.313225746154785e-10,1.2159299924969673
256,85925.4,85974.4,85701.9,85718.3,10857.0,-1.0609676837921143,-0.31933051347732544,-0.31933051347732544,0.7416371703147888,0.0,0.7416371703147888
257,85718.3,85718.7,85533.6,85565.1,10773.0,-1.3783389329910278,-0.43263939023017883,-0.43263939023017883,0.945699542760849,0.0,0.945699542760849
258,85565.1,85646.5,85544.6,85624.6,4371.0,-1.3958559036254883,-0.45283272862434387,-0.45283272862434387,0.9430231750011444,0.0,0.9430231750011444
259,85624.7,85642.1,85466.0,85526.5,10898.0,-0.5595794916152954,-0.36451610922813416,-0.36451610922813416,0.19506338238716125,0.0,0.19506338238716125
260,85510.1,85640.6,85480.2,85621.2,6778.0,-0.20548519492149353,-0.3598206341266632,-0.3598206341266632,0.15433543920516968,0.0,0.15433543920516968
261,85621.2,85773.2,85621.2,85727.2,7407.0,0.3152233362197876,-0.17757397890090942,-0.17757397890090942,0.492797315120697,0.0,0.492797315120697
262,85729.2,85785.5,85703.8,85785.5,9769.0,0.22471244633197784,-0.14828790724277496,-0.14828790724277496,0.3730003535747528,0.0,0.3730003535747528
263,85785.6,85804.4,85650.4,85658.2,8415.0,0.8786687850952148,-0.19667106866836548,-0.19667106866836548,1.0753398537635803,0.0,1.0753398537635803
264,85657.3,85657.3,85495.8,85533.1,4775.0,0.4857863783836365,-0.28097060322761536,-0.28097060322761536,0.7667569816112518,0.0,0.7667569816112518
265,85534.1,85579.5,85432.9,85462.1,9237.0,0.7896122336387634,-0.5594375729560852,-0.5594375729560852,1.3490498065948486,0.0,1.3490498065948486
266,85469.8,85567.3,85445.9,85535.4,10767.0,0.8167540431022644,-0.21337154507637024,-0.21337153017520905,1.0301255881786346,1.4901161193847656e-08,1.0301255732774734
267,85533.0,85579.6,85487.1,85487.2,2838.0,1.117503046989441,-0.09103996306657791,-0.09103996306657791,1.2085430100560188,0.0,1.2085430100560188
268,85481.1,85625.0,85474.8,85612.1,6635.0,1.605968713760376,-0.014598609879612923,-0.014598608016967773,1.620567323639989,1.862645149230957e-09,1.6205673217773438
269,85604.5,85711.2,85604.5,85687.9,6297.0,1.2528759241104126,0.18871162831783295,0.18871161341667175,1.0641642957925797,1.4901161193847656e-08,1.0641643106937408
270,85687.5,85792.8,85609.7,85792.8,6186.0,1.180843472480774,0.20041035115718842,0.20041035115718842,0.9804331213235855,0.0,0.9804331213235855
271,85800.0,85853.5,85674.6,85701.6,7363.0,0.7477638125419617,-0.02986399084329605,-0.029863988980650902,0.7776278033852577,1.862645149230957e-09,0.7776278015226126
272,85704.4,85796.4,85675.8,85759.0,4660.0,1.0901461839675903,-0.030891001224517822,-0.030891001224517822,1.1210371851921082,0.0,1.1210371851921082
273,85759.1,85772.3,85654.9,85654.9,4528.0,0.7006375789642334,-0.003857992822304368,-0.0038579930551350117,0.7044955717865378,2.3283064365386963e-10,0.7044955720193684
274,85663.4,85663.4,85579.3,85613.0,4202.0,0.8900648951530457,0.09341230988502502,0.09341230243444443,0.7966525852680206,7.450580596923828e-09,0.7966525927186012
275,85617.9,85650.0,85577.4,85630.5,2748.0,0.7219441533088684,0.19704458117485046,0.19704458117485046,0.5248995721340179,0.0,0.5248995721340179
276,85642.8,85944.7,85642.2,85944.6,6701.0,0.9495041370391846,0.4784020483493805,0.4784020781517029,0.4711020886898041,2.9802322387695312e-08,0.4711020588874817
277,85933.7,85994.8,85778.8,85800.3,9326.0,0.8182291984558105,0.3662463426589966,0.3662463426589966,0.45198285579681396,0.0,0.45198285579681396
278,85794.2,85898.8,85778.1,85867.2,8023.0,0.3539451062679291,0.29797372221946716,0.29797372221946716,0.055971384048461914,0.0,0.055971384048461914
279,85855.5,85914.1,85800.5,85871.9,6588.0,0.2805268168449402,0.21473276615142822,0.21473276615142822,0.06579405069351196,0.0,0.06579405069351196
280,85866.2,86031.3,85852.7,85988.0,11707.0,-0.07053844630718231,0.22752857208251953,0.22752857208251953,0.29806701838970184,0.0,0.29806701838970184
281,85988.0,86090.0,85977.8,86068.3,5521.0,-0.2153310477733612,0.42787450551986694,0.42787450551986694,0.6432055532932281,0.0,0.6432055532932281
282,86062.7,86078.8,86009.1,86047.9,4429.0,-0.942121148109436,0.3368724286556244,0.3368724286556244,1.2789935767650604,0.0,1.2789935767650604
283,86058.4,86129.3,86037.8,86071.8,4974.0,-0.7917435765266418,0.4867187738418579,0.4867187440395355,1.2784623503684998,2.9802322387695312e-08,1.2784623205661774
284,86067.5,86108.6,86045.0,86058.0,3915.0,-0.9854043126106262,0.5197809338569641,0.5197808742523193,1.5051852464675903,5.960464477539063e-08,1.5051851868629456
285,86058.0,86125.1,86053.1,86063.0,4532.0,-0.8076255321502686,0.505077064037323,0.505077064037323,1.3127025961875916,0.0,1.3127025961875916
286,86062.2,86062.2,85998.7,85998.7,2655.0,-1.10358726978302,0.06294934451580048,0.06294934451580048,1.1665366142988205,0.0,1.1665366142988205
287,85999.1,86071.6,85999.0,86045.6,4464.0,-1.0200809240341187,0.2859019339084625,0.28590190410614014,1.3059828579425812,2.9802322387695312e-08,1.3059828281402588
288,86053.5,86057.0,85921.6,85951.1,5981.0,3.322505235671997,0.09770719707012177,0.09770719707012177,3.2247980386018753,0.0,3.2247980386018753
289,85957.7,85994.0,85936.4,85974.5,3532.0,2.9586331844329834,0.11948210746049881,0.1194821149110794,2.8391510769724846,7.450580596923828e-09,2.839151069521904
290,85967.0,85997.2,85936.1,85997.2,6763.0,3.1150550842285156,0.010702800936996937,0.010702801868319511,3.1043522832915187,9.313225746154785e-10,3.104352282360196
291,85997.2,86001.5,85941.1,85958.6,3057.0,3.3090453147888184,-0.12745146453380585,-0.12745147943496704,3.436496779322624,1.4901161193847656e-08,3.4364967942237854
292,85971.0,86022.3,85971.0,85995.9,4989.0,3.3818538188934326,-0.060431454330682755,-0.06043145805597305,3.4422852732241154,3.725290298461914e-09,3.4422852769494057
293,85983.3,85996.5,85935.9,85962.2,5489.0,3.267329216003418,-0.1273282915353775,-0.1273282915353775,3.3946575075387955,0.0,3.3946575075387955
294,85966.3,85986.7,85891.4,85922.4,8574.0,3.268937826156616,-0.15756995975971222,-0.1575699746608734,3.4265077859163284,1.4901161193847656e-08,3.4265078008174896
295,85918.2,85984.1,85918.2,85975.6,6319.0,2.8347911834716797,-0.10155169665813446,-0.10155169665813446,2.936342880129814,0.0,2.936342880129814
296,85962.7,85986.5,85945.6,85961.5,4096.0,3.163552761077881,-0.04326010122895241,-0.04326010122895241,3.2068128623068333,0.0,3.2068128623068333
297,85962.6,86028.1,85961.3,86020.9,4533.0,3.1003148555755615,-0.02870933897793293,-0.02870934084057808,3.1290241945534945,1.862645149230957e-09,3.1290241964161396
298,86019.2,86020.8,85968.5,85968.5,2496.0,-1.377457857131958,0.020242249593138695,0.020242251455783844,1.3977001067250967,1.862645149230957e-09,1.3977001085877419
299,85964.2,85964.2,85817.3,85832.3,3535.0,-1.0591193437576294,-0.16540151834487915,-0.16540151834487915,0.8937178254127502,0.0,0.8937178254127502
300,85817.3,85865.2,85798.6,85861.3,10066.0,-0.840972363948822,-0.15803566575050354,-0.15803566575050354,0.6829366981983185,0.0,0.6829366981983185
301,85863.3,85863.3,85794.8,85802.0,9386.0,-0.742791473865509,-0.18218253552913666,-0.18218253552913666,0.5606089383363724,0.0,0.5606089383363724
302,85800.1,85864.7,85765.8,85810.0,5590.0,-0.2837385833263397,-0.2161712795495987,-0.2161712795495987,0.06756730377674103,0.0,0.06756730377674103
303,85810.1,85859.5,85810.1,85828.0,3362.0,0.11234962940216064,-0.1561187505722046,-0.15611876547336578,0.26846837997436523,1.4901161193847656e-08,0.26846839487552643
304,85822.3,85860.8,85822.1,85831.6,5387.0,-0.10046327114105225,-0.10567311942577362,-0.10567311197519302,0.0052098482847213745,7.450580596923828e-09,0.005209840834140778
305,85822.8,85888.9,85697.6,85697.6,6473.0,0.5168300867080688,-0.3233475387096405,-0.3233475387096405,0.8401776254177094,0.0,0.8401776254177094
306,85695.3,85766.4,85656.3,85766.1,10213.0,0.1118762269616127,-0.22730925679206848,-0.2273092418909073,0.3391854837536812,1.4901161193847656e-08,0.33918546885252
307,85766.5,85852.0,85671.8,85693.6,3404.0,0.5433012843132019,-0.38048529624938965,-0.38048529624938965,0.9237865805625916,0.0,0.9237865805625916
308,85702.2,85723.8,85620.9,85622.9,5585.0,0.7979670763015747,-0.4020095467567444,-0.402009516954422,1.199976623058319,2.9802322387695312e-08,1.1999765932559967
309,85644.7,85647.0,85622.9,85623.0,3111.0,0.6751856803894043,-0.24384397268295288,-0.2438439577817917,0.9190296530723572,1.4901161193847656e-08,0.919029638171196
310,85631.0,85665.0,85631.0,85636.9,4084.0,0.6102797985076904,-0.2613499164581299,-0.2613499164581299,0.8716297149658203,0.0,0.8716297149658203
311,85636.1,85707.5,85636.1,85703.2,4418.0,0.19414891302585602,-0.11514518409967422,-0.11514519155025482,0.30929409712553024,7.450580596923828e-09,0.30929410457611084
312,85707.8,85771.7,85707.8,85711.1,2704.0,0.15501049160957336,-0.11525280773639679,-0.11525280773639679,0.27026329934597015,0.0,0.27026329934597015
313,85711.1,85769.9,85687.0,85752.4,4256.0,-0.03958255052566528,-0.08808495849370956,-0.08808496594429016,0.04850240796804428,7.450580596923828e-09,0.04850241541862488
314,85748.2,85823.4,85698.3,85698.3,4213.0,0.025226175785064697,-0.1553095579147339,-0.15530957281589508,0.18053573369979858,1.4901161193847656e-08,0.18053574860095978
315,85698.2,85706.7,85631.2,85631.2,4632.0,-0.3077433109283447,-0.07747992873191833,-0.07747992873191833,0.2302633821964264,0.0,0.2302633821964264
316,85632.3,85754.7,85625.5,85739.9,3221.0,0.20044761896133423,-0.030551845207810402,-0.030551843345165253,0.23099946416914463,1.862645149230957e-09,0.23099946230649948
317,85747.2,85816.0,85691.2,85715.2,4803.0,-0.2636691629886627,0.02520790696144104,0.02520790509879589,0.28887706995010376,1.862645149230957e-09,0.2888770680874586
318,85722.2,85737.1,85632.0,85659.7,3118.0,-0.3016328513622284,0.04298463091254234,0.04298463091254234,0.34461748227477074,0.0,0.34461748227477074
319,85661.6,85687.8,85644.3,85668.9,5380.0,-0.23866267502307892,0.05360526964068413,0.05360526591539383,0.29226794466376305,3.725290298461914e-09,0.29226794093847275
320,85664.7,85768.7,85664.7,85768.7,3704.0,-0.20620128512382507,0.15391109883785248,0.15391109883785248,0.36011238396167755,0.0,0.36011238396167755
321,85775.8,85825.9,85674.0,85674.0,4334.0,0.015236827544867992,-0.03407471999526024,-0.03407471999526024,0.04931154754012823,0.0,0.04931154754012823
322,85661.1,85722.1,85629.1,85722.1,3253.0,-0.23599089682102203,0.012833809480071068,0.012833810411393642,0.2488247063010931,9.313225746154785e-10,0.24882470723241568
323,85718.0,85751.9,85661.0,85667.1,3712.0,-0.2412460744380951,-0.09946880489587784,-0.09946878999471664,0.14177726954221725,1.4901161193847656e-08,0.14177728444337845
324,85667.1,85696.1,85603.6,85696.1,4164.0,-0.2770776152610779,-0.002561675850301981,-0.002561675850301981,0.2745159394107759,0.0,0.2745159394107759
325,85682.4,85804.0,85669.9,85767.0,16307.0,-0.18685249984264374,0.158583402633667,0.158583402633667,0.34543590247631073,0.0,0.34543590247631073
326,85759.8,85850.0,85747.8,85850.0,3203.0,-0.8547918796539307,0.12841345369815826,0.12841345369815826,0.9832053333520889,0.0,0.9832053333520889
327,85854.0,85901.0,85835.9,85835.9,3468.0,-0.9484775066375732,0.14080969989299774,0.14080968499183655,1.089287206530571,1.4901161193847656e-08,1.0892871916294098
328,85832.3,85889.4,85832.3,85889.4,4198.0,-0.4367790222167969,0.26814863085746765,0.26814863085746765,0.7049276530742645,0.0,0.7049276530742645
329,85890.3,85902.1,85825.9,85852.1,3332.0,-0.6388707160949707,0.2138502150774002,0.2138502150774002,0.8527209311723709,0.0,0.8527209311723709
330,85852.1,85930.9,85852.1,85878.5,3155.0,-0.9350114464759827,0.12801508605480194,0.12801508605480194,1.0630265325307846,0.0,1.0630265325307846
331,85874.2,85874.2,85692.2,85700.0,4425.0,-0.9316948056221008,0.03034759685397148,0.03034759685397148,0.9620424024760723,0.0,0.9620424024760723
332,85699.9,85699.9,85474.5,85474.5,8504.0,-0.742948055267334,-0.2888421416282654,-0.2888421416282654,0.4541059136390686,0.0,0.4541059136390686
333,85473.9,85526.3,85420.3,85486.2,9694.0,-1.0452988147735596,-0.2111644297838211,-0.2111644148826599,0.8341343849897385,1.4901161193847656e-08,0.8341343998908997
334,85501.5,85604.9,85480.8,85572.9,10546.0,-1.309434175491333,-0.14376749098300934,-0.14376747608184814,1.1656666845083237,1.4901161193847656e-08,1.1656666994094849
335,85568.5,85583.0,85450.0,85493.9,6985.0,-1.4749213457107544,-0.31842267513275146,-0.3184226453304291,1.156498670578003,2.9802322387695312e-08,1.1564987003803253
336,85489.0,85582.8,85474.2,85555.8,32121.0,-1.021894931793213,-0.34269437193870544,-0.34269437193870544,0.6792005598545074,0.0,0.6792005598545074
337,85555.7,85555.7,85450.0,85476.3,4223.0,-0.4664517939090729,-0.4189407527446747,-0.4189407527446747,0.04751104116439819,0.0,0.04751104116439819
338,85480.4,85523.9,85469.1,85472.7,7586.0,-1.001139521598816,-0.48515334725379944,-0.4851533770561218,0.5159861743450165,2.9802322387695312e-08,0.5159861445426941
339,85469.1,85523.7,85427.6,85442.0,8565.0,-1.0970419645309448,-0.47768378257751465,-0.47768378257751465,0.6193581819534302,0.0,0.6193581819534302
340,85442.0,85567.2,85442.0,85514.8,5399.0,-0.7409343719482422,-0.4235089421272278,-0.4235089421272278,0.3174254298210144,0.0,0.3174254298210144
341,85512.3,85561.3,85399.6,85561.3,6553.0,-0.9750434160232544,-0.1618472933769226,-0.1618472933769226,0.8131961226463318,0.0,0.8131961226463318
342,85553.0,85729.4,85524.2,85654.8,5704.0,-0.7707250118255615,0.21093645691871643,0.21093644201755524,0.981661468744278,1.4901161193847656e-08,0.9816614538431168
343,85654.9,85931.1,85654.9,85913.5,16924.0,-0.4182777404785156,0.49984312057495117,0.4998430907726288,0.9181208610534668,2.9802322387695312e-08,0.9181208312511444
344,85914.5,86012.0,85878.8,85878.8,10279.0,0.32275673747062683,0.35747116804122925,0.35747116804122925,0.03471443057060242,0.0,0.03471443057060242
345,85883.0,85996.5,85883.0,85948.5,6728.0,0.49736419320106506,0.5317357182502747,0.5317356586456299,0.034371525049209595,5.960464477539063e-08,0.03437146544456482
346,85950.9,85979.7,85879.3,85879.3,3159.0,0.34609323740005493,0.37811583280563354,0.37811580300331116,0.03202259540557861,2.9802322387695312e-08,0.032022565603256226
347,85875.2,85875.2,85723.7,85741.6,6791.0,-0.01720762997865677,0.3103839159011841,0.3103839159011841,0.32759154587984085,0.0,0.32759154587984085
348,85745.6,85828.9,85745.6,85783.2,3525.0,-0.061109043657779694,0.36327385902404785,0.36327388882637024,0.42438290268182755,2.9802322387695312e-08,0.42438293248414993
349,85762.6,85807.2,85753.7,85778.3,2848.0,0.09025105834007263,0.39359670877456665,0.39359667897224426,0.303345650434494,2.9802322387695312e-08,0.30334562063217163
350,85768.1,85816.5,85768.1,85816.5,4345.0,-0.04020772874355316,0.3528080880641937,0.3528080880641937,0.3930158168077469,0.0,0.3930158168077469
351,85816.6,85888.1,85804.1,85871.0,3167.0,0.13092152774333954,0.36196640133857727,0.3619663715362549,0.23104487359523773,2.9802322387695312e-08,0.23104484379291534
352,85863.5,85912.7,85846.6,85887.0,7238.0,-0.02378208190202713,0.2710917890071869,0.2710917890071869,0.294873870909214,0.0,0.294873870909214
353,85889.3,85957.3,85854.7,85957.3,2948.0,-0.010941291227936745,0.05097787454724312,0.05097787454724312,0.06191916577517986,0.0,0.06191916577517986
354,85957.2,86040.2,85954.5,86032.3,5187.0,-0.7001101970672607,0.17874027788639069,0.17874027788639069,0.8788504749536514,0.0,0.8788504749536514
355,86032.3,86077.6,86003.0,86058.2,4787.0,-0.6194750070571899,0.12763820588588715,0.12763820588588715,0.7471132129430771,0.0,0.7471132129430771
356,86056.2,86121.1,86056.1,86056.2,4706.0,-0.07604779303073883,0.20599405467510223,0.20599405467510223,0.28204184770584106,0.0,0.28204184770584106
357,86067.6,86115.4,86056.1,86056.1,3744.0,-0.2230837643146515,0.3667997717857361,0.3667997717857361,0.5898835361003876,0.0,0.5898835361003876
358,86056.0,86056.0,85994.5,86026.6,2311.0,0.11390338093042374,0.2837367057800293,0.2837367057800293,0.16983332484960556,0.0,0.16983332484960556
359,86026.5,86060.7,86012.3,86059.4,3384.0,0.38752731680870056,0.32770708203315735,0.32770708203315735,0.05982023477554321,0.0,0.05982023477554321
360,86052.5,86089.3,86026.7,86087.3,3147.0,0.36003851890563965,0.3155533969402313,0.3155533969402313,0.044485121965408325,0.0,0.044485121965408325
361,86087.2,86164.4,86012.3,86022.5,4912.0,0.38524383306503296,0.1764274388551712,0.1764274388551712,0.20881639420986176,0.0,0.20881639420986176
362,86015.4,86086.4,85968.9,86082.1,4110.0,0.4285619258880615,0.2271607518196106,0.2271607667207718,0.20140117406845093,1.4901161193847656e-08,0.20140115916728973
363,86062.7,86078.7,86027.4,86062.1,2589.0,0.522537887096405,0.1219264566898346,0.1219264566898346,0.40061143040657043,0.0,0.40061143040657043
364,86068.1,86117.8,86020.7,86040.4,3568.0,0.9570156335830688,0.009416884742677212,0.009416884742677212,0.9475987488403916,0.0,0.9475987488403916
365,86040.5,86048.8,85957.1,85980.7,3070.0,0.898698091506958,-0.09005533158779144,-0.09005533158779144,0.9887534230947495,0.0,0.9887534230947495
366,85978.0,86169.3,85967.8,86135.8,4361.0,0.37855544686317444,0.09249042719602585,0.09249042719602585,0.2860650196671486,0.0,0.2860650196671486
367,86135.8,86248.1,86031.1,86060.6,6480.0,0.14004971086978912,0.0052291471511125565,0.0052291471511125565,0.13482056371867657,0.0,0.13482056371867657
368,86056.3,86067.4,86014.9,86014.9,2417.0,0.14880207180976868,-0.013604076579213142,-0.013604076579213142,0.16240614838898182,0.0,0.16240614838898182
369,86010.6,86130.3,86010.6,86121.1,5066.0,0.09993492811918259,0.07169830054044724,0.07169830054044724,0.02823662757873535,0.0,0.02823662757873535
370,86116.7,86126.7,86075.7,86095.0,4595.0,0.0792243704199791,0.008948039263486862,0.008948039263486862,0.07027633115649223,0.0,0.07027633115649223
371,86092.5,86129.6,86060.8,86069.6,2470.0,0.1764877736568451,0.05475493520498276,0.05475493147969246,0.12173283845186234,3.725290298461914e-09,0.12173284217715263
372,86075.4,86081.5,86056.1,86062.0,5649.0,-0.026244448497891426,-0.02335161715745926,-0.02335161715745926,0.002892831340432167,0.0,0.002892831340432167
373,86056.0,86119.4,86048.2,86119.4,3238.0,-0.43886277079582214,0.06657619029283524,0.06657619774341583,0.5054389610886574,7.450580596923828e-09,0.505438968539238
374,86128.0,86220.8,86122.8,86216.6,5249.0,-0.37581881880760193,0.20479115843772888,0.20479115843772888,0.5806099772453308,0.0,0.5806099772453308
375,86204.5,86322.9,86183.2,86192.3,9061.0,-0.4936697781085968,0.2460944503545761,0.2460944652557373,0.7397642284631729,1.4901161193847656e-08,0.7397642433643341
376,86192.2,86192.2,86142.7,86170.0,2753.0,-0.47822538018226624,0.03970837593078613,0.03970837593078613,0.5179337561130524,0.0,0.5179337561130524
377,86182.3,86340.0,86182.3,86301.2,7937.0,-0.289824515581131,0.2795722484588623,0.2795722484588623,0.5693967640399933,0.0,0.5693967640399933
378,86305.9,86338.2,86290.0,86290.0,3039.0,-0.43492522835731506,0.31983011960983276,0.31983011960983276,0.7547553479671478,0.0,0.7547553479671478
379,86286.2,86309.2,86236.0,86258.9,5341.0,-0.5278530120849609,0.16000361740589142,0.16000361740589142,0.6878566294908524,0.0,0.6878566294908524
380,86257.3,86338.3,86244.4,86303.6,3256.0,-0.5662384629249573,0.24229231476783752,0.24229231476783752,0.8085307776927948,0.0,0.8085307776927948
381,86303.6,86309.6,86250.7,86302.4,2599.0,-0.5855979919433594,0.2704751491546631,0.2704751491546631,0.8560731410980225,0.0,0.8560731410980225
382,86303.6,86344.9,86277.8,86340.4,4060.0,-0.512214183807373,0.3234859108924866,0.3234859108924866,0.8357000946998596,0.0,0.8357000946998596
383,86338.3,86344.8,86258.4,86286.1,3108.0,-0.3842479884624481,0.19357208907604218,0.19357208907604218,0.5778200775384903,0.0,0.5778200775384903
384,86286.4,86309.7,86252.1,86309.7,2156.0,-0.423382967710495,0.10798565298318863,0.10798565298318863,0.5313686206936836,0.0,0.5313686206936836
385,86314.0,86344.9,86299.6,86344.9,3074.0,-0.384435772895813,0.17704780399799347,0.17704780399799347,0.5614835768938065,0.0,0.5614835768938065
386,86344.8,86344.8,86286.7,86324.9,5096.0,-0.35843586921691895,0.17975911498069763,0.17975912988185883,0.5381949841976166,1.4901161193847656e-08,0.5381949990987778
387,86334.8,86338.0,86254.7,86263.5,5631.0,-0.2523884177207947,-0.04368782788515091,-0.04368783161044121,0.20870058983564377,3.725290298461914e-09,0.20870058611035347
388,86267.7,86292.5,86240.0,86256.2,2701.0,-0.4585186541080475,-0.03916661813855171,-0.03916661813855171,0.4193520359694958,0.0,0.4193520359694958
389,86254.1,86254.1,86193.9,86207.5,2405.0,-0.391886442899704,-0.05958624556660652,-0.05958624556660652,0.33230019733309746,0.0,0.33230019733309746
390,86207.6,86266.1,86207.6,86266.1,6706.0,-0.9502785205841064,-0.043451257050037384,-0.043451257050037384,0.9068272635340691,0.0,0.9068272635340691
391,86267.1,86301.8,86220.0,86237.4,3000.0,-1.971308708190918,-0.07531656324863434,-0.07531656324863434,1.8959921449422836,0.0,1.8959921449422836
392,86238.3,86307.1,86219.1,86219.1,4243.0,-1.4196354150772095,-0.14048682153224945,-0.14048680663108826,1.27914859354496,1.4901161193847656e-08,1.2791486084461212
393,86217.2,86256.4,86160.5,86238.5,3859.0,-1.8131725788116455,-0.055167123675346375,-0.05516712740063667,1.7580054551362991,3.725290298461914e-09,1.7580054514110088
394,86242.7,86250.0,86205.0,86214.2,3779.0,-1.6642130613327026,-0.11064805090427399,-0.11064804345369339,1.5535650104284286,7.450580596923828e-09,1.5535650178790092
395,86205.6,86205.6,86062.1,86062.1,8078.0,-1.7822822332382202,-0.32752007246017456,-0.32752007246017456,1.4547621607780457,0.0,1.4547621607780457
396,86062.1,86067.8,86017.3,86036.8,5860.0,-1.8221544027328491,-0.3337409794330597,-0.3337409794330597,1.4884134232997894,0.0,1.4884134232997894
397,86033.7,86033.7,85869.9,85932.9,9270.0,-1.3766422271728516,-0.38324618339538574,-0.38324618339538574,0.9933960437774658,0.0,0.9933960437774658
398,85932.5,85949.1,85905.2,85905.2,2510.0,-0.7354854345321655,-0.406927227973938,-0.4069272577762604,0.32855820655822754,2.9802322387695312e-08,0.32855817675590515
399,85902.4,85918.0,85846.1,85853.2,5250.0,-0.9003942012786865,-0.41098153591156006,-0.41098150610923767,0.48941266536712646,2.9802322387695312e-08,0.48941269516944885
400,85864.9,85889.3,85829.6,85867.5,2686.0,-0.3179967701435089,-0.46206048130989075,-0.46206048130989075,0.14406371116638184,0.0,0.14406371116638184
401,85855.7,85940.4,85855.7,85928.9,6484.0,0.3980972468852997,-0.35773342847824097,-0.35773342847824097,0.7558306753635406,0.0,0.7558306753635406
402,85926.0,85937.7,85894.7,85927.0,2066.0,-0.01965157501399517,-0.33878985047340393,-0.33878985047340393,0.31913827545940876,0.0,0.31913827545940876
403,85928.6,86085.2,85894.1,86085.2,17823.0,0.026166677474975586,-0.17775921523571014,-0.17775921523571014,0.20392589271068573,0.0,0.20392589271068573
404,86085.1,86225.3,86025.6,86058.2,69246.0,-0.41398629546165466,-0.18094466626644135,-0.18094466626644135,0.23304162919521332,0.0,0.23304162919521332
405,86058.2,86058.2,85965.0,85970.3,4219.0,-0.02511735074222088,-0.10667260736227036,-0.10667260736227036,0.08155525662004948,0.0,0.08155525662004948
406,85969.8,86053.8,85968.7,86053.8,2784.0,-0.17814458906650543,0.019758988171815872,0.019758988171815872,0.1979035772383213,0.0,0.1979035772383213
407,86054.0,86116.5,86018.3,86113.2,1520.0,-0.5723137855529785,0.20982031524181366,0.20982033014297485,0.7821341007947922,1.4901161193847656e-08,0.7821341156959534
408,86112.1,86142.0,86038.7,86071.7,3330.0,-0.8861700296401978,0.19381828606128693,0.19381830096244812,1.0799883157014847,1.4901161193847656e-08,1.0799883306026459
409,86071.6,86087.8,86033.8,86065.8,3745.0,-0.9674484133720398,0.2476246953010559,0.2476247102022171,1.2150731086730957,1.4901161193847656e-08,1.215073123574257
410,86070.7,86154.0,86070.7,86154.0,2658.0,-0.932536244392395,0.33365359902381897,0.33365359902381897,1.266189843416214,0.0,1.266189843416214
411,86158.8,86187.3,86136.3,86136.3,1825.0,-0.7636429667472839,0.24136053025722504,0.24136051535606384,1.005003497004509,1.4901161193847656e-08,1.0050034821033478
412,86136.1,86157.2,86093.9,86127.3,2414.0,-1.0961514711380005,0.23310118913650513,0.23310120403766632,1.3292526602745056,1.4901161193847656e-08,1.3292526751756668
413,86123.1,86146.9,86092.1,86096.5,2241.0,-1.0221378803253174,0.01312289945781231,0.01312289945781231,1.0352607797831297,0.0,1.0352607797831297
414,86107.5,86107.5,86049.8,86084.9,3268.0,-1.1222902536392212,0.031020067632198334,0.031020067632198334,1.1533103212714195,0.0,1.1533103212714195
415,86070.8,86144.4,86070.8,86139.5,1926.0,-1.230603575706482,0.19681578874588013,0.19681580364704132,1.427419364452362,1.4901161193847656e-08,1.4274193793535233
416,86139.4,86208.2,86112.7,86112.7,2857.0,-1.4687254428863525,0.06845281273126602,0.06845282018184662,1.5371782556176186,7.450580596923828e-09,1.5371782630681992
417,86129.9,86198.7,86124.3,86198.7,2111.0,-1.2723026275634766,0.09928791224956512,0.09928791224956512,1.3715905398130417,0.0,1.3715905398130417
418,86200.0,86219.3,86138.3,86138.3,2441.0,-1.900050401687622,0.07737008482217789,0.07737008482217789,1.9774204865098,0.0,1.9774204865098
419,86135.0,86216.6,86133.7,86188.1,3033.0,-1.5353740453720093,0.14210602641105652,0.14210602641105652,1.6774800717830658,0.0,1.6774800717830658
420,86192.4,86234.1,86161.2,86211.7,3270.0,-2.0256259441375732,0.06697671860456467,0.06697671860456467,2.092602662742138,0.0,2.092602662742138
421,86211.6,86254.0,86118.7,86118.7,3784.0,-1.881028652191162,-0.020425477996468544,-0.020425477996468544,1.8606031741946936,0.0,1.8606031741946936
422,86120.6,86120.6,85981.3,86023.5,3653.0,-1.3994381427764893,-0.12051565945148468,-0.12051565200090408,1.2789224833250046,7.450580596923828e-09,1.2789224907755852
423,86038.5,86096.8,86002.0,86002.0,4179.0,-1.4710688591003418,-0.10976055264472961,-0.10976056009531021,1.3613083064556122,7.450580596923828e-09,1.3613082990050316
424,85999.1,86081.7,85999.1,86061.1,2863.0,-1.1040481328964233,-0.027643496170639992,-0.027643496170639992,1.0764046367257833,0.0,1.0764046367257833
425,86060.1,86084.1,86005.2,86012.3,3312.0,-1.0041321516036987,-0.14767107367515564,-0.14767107367515564,0.8564610779285431,0.0,0.8564610779285431
426,86012.4,86124.6,85990.8,86002.0,5335.0,0.021792612969875336,-0.12855608761310577,-0.12855608761310577,0.1503487005829811,0.0,0.1503487005829811
427,85997.7,86007.1,85951.4,85959.4,2851.0,0.13074658811092377,-0.2776198089122772,-0.2776198089122772,0.408366397023201,0.0,0.408366397023201
428,85959.3,85959.3,85800.9,85849.9,5078.0,0.3253370225429535,-0.3348085880279541,-0.3348086178302765,0.6601456105709076,2.9802322387695312e-08,0.66014564037323
429,85857.6,85951.9,85857.6,85947.3,1962.0,0.11142094433307648,-0.27939435839653015,-0.27939435839653015,0.39081530272960663,0.0,0.39081530272960663
430,85956.3,86015.1,85938.5,85938.6,5221.0,0.8047343492507935,-0.316780149936676,-0.316780149936676,1.1215144991874695,0.0,1.1215144991874695
431,85932.1,85932.1,85836.9,85881.4,6432.0,0.7768434882164001,-0.2755553424358368,-0.2755553424358368,1.052398830652237,0.0,1.052398830652237
432,85891.7,86089.3,85891.7,85985.1,7549.0,0.7578180432319641,-0.04463714733719826,-0.04463714733719826,0.8024551905691624,0.0,0.8024551905691624
433,85991.3,86020.3,85972.0,85972.0,3266.0,1.620211124420166,-0.034882910549640656,-0.034882910549640656,1.6550940349698067,0.0,1.6550940349698067
434,85966.9,85993.7,85933.9,85973.8,3496.0,1.2342685461044312,-0.10144501179456711,-0.10144500434398651,1.3357135578989983,7.450580596923828e-09,1.3357135504484177
435,85961.0,85970.4,85883.3,85888.5,3662.0,1.1309659481048584,-0.14392927289009094,-0.14392927289009094,1.2748952209949493,0.0,1.2748952209949493
436,85888.0,85888.0,85852.1,85869.9,2574.0,0.7571282982826233,-0.15360289812088013,-0.15360289812088013,0.9107311964035034,0.0,0.9107311964035034
437,85861.3,85874.5,85800.0,85845.3,2784.0,0.2137201577425003,-0.1327389031648636,-0.1327389031648636,0.3464590609073639,0.0,0.3464590609073639
438,85850.4,85866.5,85758.0,85774.0,10196.0,0.6075405478477478,-0.08840829879045486,-0.08840829879045486,0.6959488466382027,0.0,0.6959488466382027
439,85770.5,85770.5,85695.5,85742.7,8930.0,0.16579583287239075,-0.2380455881357193,-0.2380455881357193,0.40384142100811005,0.0,0.40384142100811005
440,85742.6,85742.6,85650.0,85692.3,5327.0,-0.26586103439331055,-0.2866054177284241,-0.2866054177284241,0.020744383335113525,0.0,0.020744383335113525
441,85692.3,85763.5,85692.3,85763.5,3544.0,-0.4791123867034912,-0.13728053867816925,-0.13728052377700806,0.34183184802532196,1.4901161193847656e-08,0.34183186292648315
442,85763.4,85831.0,85748.6,85819.0,4699.0,-0.6959401965141296,-0.193174809217453,-0.1931748241186142,0.5027653872966766,1.4901161193847656e-08,0.5027653723955154
443,85823.3,85843.9,85761.2,85765.4,4608.0,-1.1327890157699585,-0.2403126060962677,-0.2403126209974289,0.8924764096736908,1.4901161193847656e-08,0.8924763947725296
444,85765.3,85780.9,85723.6,85729.4,3187.0,-0.7661663889884949,-0.2842708230018616,-0.28427085280418396,0.4818955659866333,2.9802322387695312e-08,0.4818955361843109
445,85727.3,85764.0,85685.6,85692.1,5761.0,-1.0262084007263184,-0.228666752576828,-0.228666752576828,0.7975416481494904,0.0,0.7975416481494904
446,85691.1,85804.9,85654.5,85783.9,3678.0,-1.1647002696990967,-0.10015150904655457,-0.10015150904655457,1.0645487606525421,0.0,1.0645487606525421
447,85784.8,85822.1,85700.1,85700.1,5072.0,-1.1816797256469727,-0.16913601756095886,-0.16913601756095886,1.0125437080860138,0.0,1.0125437080860138
448,85700.0,85700.0,85650.0,85657.6,3991.0,-1.833131194114685,-0.13570362329483032,-0.13570363819599152,1.6974275708198547,1.4901161193847656e-08,1.6974275559186935
449,85657.6,85657.6,85601.1,85619.1,7419.0,-2.003448247909546,-0.14415402710437775,-0.14415402710437775,1.8592942208051682,0.0,1.8592942208051682
450,85619.6,85649.6,85600.0,85600.0,3742.0,-0.9970900416374207,-0.10770731419324875,-0.10770732164382935,0.8893827274441719,7.450580596923828e-09,0.8893827199935913
451,85600.0,85667.6,85600.0,85655.6,2979.0,0.5878782868385315,-0.12580928206443787,-0.12580928206443787,0.7136875689029694,0.0,0.7136875689029694
452,85641.1,85641.1,85606.0,85606.0,3229.0,0.6211806535720825,-0.2481967955827713,-0.2481967806816101,0.8693774491548538,1.4901161193847656e-08,0.8693774342536926
453,85600.0,85710.8,85588.3,85681.6,8372.0,1.1201592683792114,-0.09770476073026657,-0.09770476073026657,1.217864029109478,0.0,1.217864029109478
454,85677.5,85732.0,85669.1,85717.2,3388.0,1.4346951246261597,-0.014225357212126255,-0.01422535628080368,1.448920481838286,9.313225746154785e-10,1.4489204809069633
455,85713.0,85839.8,85713.0,85747.9,13622.0,1.3515698909759521,0.06511320918798447,0.06511320918798447,1.2864566817879677,0.0,1.2864566817879677
456,85755.1,85777.9,85710.1,85727.9,4033.0,1.4786534309387207,-0.06528031826019287,-0.06528031826019287,1.5439337491989136,0.0,1.5439337491989136
457,85714.0,85727.9,85639.6,85686.6,4296.0,1.9923985004425049,-0.015752606093883514,-0.015752606093883514,2.0081511065363884,0.0,2.0081511065363884
458,85687.3,85687.3,85548.0,85615.8,5345.0,2.6982109546661377,-0.04880441352725029,-0.04880440980195999,2.747015368193388,3.725290298461914e-09,2.7470153644680977
459,85613.0,85663.5,85533.1,85663.5,7573.0,3.9072043895721436,0.051855769008398056,0.05185576155781746,3.8553486205637455,7.450580596923828e-09,3.855348628014326
460,85666.8,85782.0,85618.0,85618.0,8897.0,2.631101608276367,0.02102803625166416,0.02102803811430931,2.610073572024703,1.862645149230957e-09,2.610073570162058
461,85621.1,85630.4,85570.6,85627.3,3147.0,0.8730952739715576,-0.033044759184122086,-0.033044759184122086,0.9061400331556797,0.0,0.9061400331556797
462,85635.8,85697.5,85627.4,85655.6,3532.0,0.6984137296676636,0.05794169381260872,0.05794169008731842,0.6404720358550549,3.725290298461914e-09,0.6404720395803452
463,85652.8,85659.1,85604.3,85659.1,4554.0,0.7955862879753113,-0.02626001462340355,-0.0262600127607584,0.8218463025987148,1.862645149230957e-09,0.8218463007360697
464,85669.4,85729.7,85650.1,85672.0,3026.0,0.7317184805870056,-0.052735187113285065,-0.052735183387994766,0.7844536677002907,3.725290298461914e-09,0.7844536639750004
465,85663.3,85706.7,85610.2,85610.2,5217.0,1.3148194551467896,-0.1605815589427948,-0.1605815589427948,1.4754010140895844,0.0,1.4754010140895844
466,85608.2,85635.8,85570.2,85622.3,3904.0,0.9835047721862793,-0.1231822669506073,-0.1231822595000267,1.1066870391368866,7.450580596923828e-09,1.106687031686306
467,85629.1,85700.6,85614.6,85677.6,4544.0,0.6183024644851685,-0.010503391735255718,-0.010503392666578293,0.6288058562204242,9.313225746154785e-10,0.6288058571517467
468,85677.6,85714.4,85666.9,85705.9,2819.0,0.2245965600013733,0.10523941367864609,0.10523941367864609,0.1193571463227272,0.0,0.1193571463227272
469,85705.9,85723.0,85666.1,85666.3,2148.0,-0.10425978899002075,0.0032649554777890444,0.0032649552449584007,0.1075247444678098,2.3283064365386963e-10,0.10752474423497915
470,85666.2,85703.8,85638.3,85682.5,3588.0,0.14596107602119446,0.07533463090658188,0.07533462345600128,0.07062644511461258,7.450580596923828e-09,0.07062645256519318
471,85680.5,85730.5,85654.1,85696.0,4799.0,0.13003449141979218,0.0802350789308548,0.0802350714802742,0.04979941248893738,7.450580596923828e-09,0.049799419939517975
472,85689.5,85709.4,85627.8,85627.8,5447.0,0.4399407207965851,-0.032461028546094894,-0.032461024820804596,0.47240174934268,3.725290298461914e-09,0.4724017456173897
473,85625.0,85655.8,85555.5,85559.8,4459.0,-0.43174615502357483,-0.11593011766672134,-0.11593010276556015,0.3158160373568535,1.4901161193847656e-08,0.3158160522580147
474,85564.9,85657.3,85564.9,85618.3,5351.0,0.11711122840642929,-0.062684565782547,-0.0626845732331276,0.1797957941889763,7.450580596923828e-09,0.17979580163955688
475,85617.3,85669.2,85602.1,85648.0,2294.0,0.6937823295593262,0.044149965047836304,0.044149965047836304,0.6496323645114899,0.0,0.6496323645114899
476,85647.9,85647.9,85543.9,85583.7,4378.0,0.854479968547821,-0.04507441446185112,-0.04507441446185112,0.8995543830096722,0.0,0.8995543830096722
477,85586.0,85586.0,85548.5,85573.6,3724.0,0.5123826861381531,-0.12138527631759644,-0.12138528376817703,0.6337679624557495,7.450580596923828e-09,0.6337679699063301
478,85573.0,85629.0,85552.6,85624.7,6905.0,1.4722487926483154,-0.09473713487386703,-0.09473713487386703,1.5669859275221825,0.0,1.5669859275221825
479,85624.7,85624.7,85566.8,85578.8,4323.0,1.2187234163284302,-0.10214052349328995,-0.10214051604270935,1.3208639398217201,7.450580596923828e-09,1.3208639323711395
480,85576.0,85636.0,85562.7,85631.7,6170.0,0.6817156672477722,-0.059285007417201996,-0.059285007417201996,0.7410006746649742,0.0,0.7410006746649742
481,85615.4,85650.7,85588.0,85604.5,5528.0,1.0273879766464233,-0.106772780418396,-0.106772780418396,1.1341607570648193,0.0,1.1341607570648193
482,85604.4,85608.2,85542.0,85590.6,11641.0,0.605476975440979,-0.04343836382031441,-0.04343836382031441,0.6489153392612934,0.0,0.6489153392612934
483,85590.6,85656.1,85501.2,85629.1,8618.0,0.5422073602676392,0.08100146800279617,0.08100146055221558,0.461205892264843,7.450580596923828e-09,0.4612058997154236
484,85619.6,85666.1,85604.8,85666.1,11701.0,-0.20973987877368927,0.05583466216921806,0.05583466216921806,0.26557454094290733,0.0,0.26557454094290733
485,85680.0,85762.5,85631.2,85631.2,19912.0,-1.3635361194610596,-0.019611520692706108,-0.019611520692706108,1.3439245987683535,0.0,1.3439245987683535
486,85630.2,85630.2,85558.1,85577.5,8144.0,-1.4369213581085205,-0.00724802166223526,-0.007248021196573973,1.4296733364462852,4.656612873077393e-10,1.4296733369119465
487,85599.6,85620.5,85485.0,85518.3,4472.0,-1.608936071395874,-0.06462821364402771,-0.06462821364402771,1.5443078577518463,0.0,1.5443078577518463
488,85520.4,85536.4,85455.1,85462.1,3761.0,-2.5400991439819336,-0.18990030884742737,-0.18990029394626617,2.3501988351345062,1.4901161193847656e-08,2.3501988500356674
489,85469.1,85527.2,85457.5,85527.2,5913.0,-2.098891258239746,-0.06028800830245018,-0.06028800457715988,2.038603249937296,3.725290298461914e-09,2.038603253662586
490,85516.7,85541.7,85474.8,85499.5,4240.0,-1.9933326244354248,-0.1543857306241989,-0.1543857306241989,1.838946893811226,0.0,1.838946893811226
491,85499.5,85512.8,85477.6,85496.9,3884.0,-1.8567092418670654,-0.12569615244865417,-0.12569615244865417,1.7310130894184113,0.0,1.7310130894184113
492,85496.9,85516.1,85487.7,85516.1,2319.0,-1.7279771566390991,-0.08704227209091187,-0.08704226464033127,1.6409348845481873,7.450580596923828e-09,1.6409348919987679
493,85512.7,85536.2,85505.6,85509.6,2976.0,-1.1815615892410278,-0.13955536484718323,-0.13955536484718323,1.0420062243938446,0.0,1.0420062243938446
494,85514.9,85535.1,85438.1,85513.3,7962.0,-1.341357946395874,-0.17837241291999817,-0.17837241291999817,1.1629855334758759,0.0,1.1629855334758759
495,85521.4,85528.7,85482.0,85504.2,7172.0,-1.101696252822876,-0.14831043779850006,-0.14831042289733887,0.9533858150243759,1.4901161193847656e-08,0.9533858299255371
496,85504.1,85504.1,85387.9,85458.0,18297.0,-0.9240259528160095,-0.1396394968032837,-0.13963951170444489,0.7843864560127258,1.4901161193847656e-08,0.7843864411115646
497,85447.9,85491.8,85408.0,85417.6,5314.0,0.027972809970378876,-0.11774709820747375,-0.11774709820747375,0.14571990817785263,0.0,0.14571990817785263
498,85429.0,85483.7,85403.2,85461.9,2438.0,0.23431120812892914,-0.00023767845414113253,-0.00023767845414113253,0.23454888658307027,0.0,0.23454888658307027
499,85461.9,85513.3,85409.2,85414.0,2979.0,0.5143553614616394,-0.13235920667648315,-0.13235920667648315,0.6467145681381226,0.0,0.6467145681381226
500,85408.2,85408.2,85161.3,85164.3,39030.0,0.7987536191940308,-0.39205271005630493,-0.3920527398586273,1.1908063292503357,2.9802322387695312e-08,1.190806359052658
501,85160.1,85331.3,85155.4,85173.1,30477.0,0.9908599853515625,-0.37872353196144104,-0.37872353196144104,1.3695835173130035,0.0,1.3695835173130035
502,85168.9,85258.7,85168.9,85220.2,7878.0,1.9949592351913452,-0.3460148870944977,-0.3460148870944977,2.340974122285843,0.0,2.340974122285843
503,85235.2,85317.8,85183.1,85287.0,7815.0,2.1197073459625244,-0.2603234648704529,-0.2603234648704529,2.3800308108329773,0.0,2.3800308108329773
504,85289.0,85333.4,85262.8,85309.2,6174.0,2.3449089527130127,-0.2386690378189087,-0.2386690229177475,2.5835779905319214,1.4901161193847656e-08,2.58357797563076
505,85313.5,85363.1,85289.8,85333.1,5400.0,3.020012378692627,-0.20010894536972046,-0.20010894536972046,3.2201213240623474,0.0,3.2201213240623474
506,85333.0,85333.0,85271.7,85271.7,2489.0,2.661125421524048,-0.21799816191196442,-0.21799816191196442,2.8791235834360123,0.0,2.8791235834360123
507,85271.8,85323.1,85250.0,85312.8,4338.0,2.5213875770568848,-0.12269682437181473,-0.12269682437181473,2.6440844014286995,0.0,2.6440844014286995
508,85314.8,85351.5,85282.4,85288.7,2753.0,2.511430263519287,-0.20265790820121765,-0.20265792310237885,2.7140881717205048,1.4901161193847656e-08,2.714088186621666
509,85294.6,85294.6,85197.3,85197.3,11465.0,1.6338374614715576,-0.2537091374397278,-0.2537091374397278,1.8875465989112854,0.0,1.8875465989112854
510,85208.0,85302.4,85180.7,85225.4,21586.0,2.2692906856536865,0.07174551486968994,0.07174551486968994,2.1975451707839966,0.0,2.1975451707839966
511,85233.8,85245.6,85111.1,85164.5,18436.0,1.7594473361968994,-0.01009891927242279,-0.01009891927242279,1.7695462554693222,0.0,1.7695462554693222
512,85156.0,85156.0,84600.0,84823.2,231593.0,0.8643549084663391,-0.46585196256637573,-0.46585196256637573,1.3302068710327148,0.0,1.3302068710327148
513,84823.2,84845.1,83173.2,83177.4,590196.0,0.524735152721405,-2.4735324382781982,-2.4735324382781982,2.9982675909996033,0.0,2.9982675909996033
514,83177.4,83627.0,81277.3,83373.4,754291.0,0.13893091678619385,-2.269162654876709,-2.269162893295288,2.408093571662903,2.384185791015625e-07,2.408093810081482
515,83371.8,83867.6,83225.0,83770.1,179103.0,-0.46420907974243164,-1.8316457271575928,-1.8316456079483032,1.3674366474151611,1.1920928955078125e-07,1.3674365282058716
516,83761.6,83783.0,83156.9,83492.3,111964.0,-0.7099806070327759,-2.0867488384246826,-2.0867488384246826,1.3767682313919067,0.0,1.3767682313919067
517,83492.3,84050.5,83441.5,83955.1,58244.0,-1.6370816230773926,-1.5914323329925537,-1.5914322137832642,0.04564929008483887,1.1920928955078125e-07,0.04564940929412842
518,83955.3,84024.7,83683.2,83978.0,66531.0,-1.7348682880401611,-1.5367839336395264,-1.5367839336395264,0.19808435440063477,0.0,0.19808435440063477
519,83986.2,84147.0,83954.7,84055.5,37277.0,-1.9574801921844482,-1.340179681777954,-1.340179681777954,0.6173005104064941,0.0,0.6173005104064941
520,84058.4,84486.0,83945.4,84261.5,47252.0,-2.129849672317505,-1.1309990882873535,-1.1309990882873535,0.9988505840301514,0.0,0.9988505840301514
521,84261.4,84480.4,84261.4,84371.1,38379.0,-1.2843960523605347,-0.9316070079803467,-0.9316070079803467,0.352789044380188,0.0,0.352789044380188
522,84371.2,84436.2,84079.0,84251.8,25485.0,-0.9789160490036011,-0.6736437678337097,-0.6736438274383545,0.30527228116989136,5.960464477539063e-08,0.3052722215652466
523,84251.8,84439.8,84130.6,84414.2,33484.0,-0.8183977603912354,1.486948013305664,1.486948013305664,2.3053457736968994,0.0,2.3053457736968994
524,84413.2,84460.5,84326.4,84340.9,25856.0,-0.6819334030151367,1.1604421138763428,1.1604421138763428,1.8423755168914795,0.0,1.8423755168914795
525,84340.9,84366.2,84005.9,84104.9,21710.0,0.028348909690976143,0.3996615409851074,0.3996615409851074,0.3713126312941313,0.0,0.3713126312941313
526,84104.8,84108.3,83916.0,83972.3,26099.0,0.2754133343696594,0.5749033093452454,0.5749033093452454,0.29948997497558594,0.0,0.29948997497558594
527,83972.3,84125.8,83823.2,84004.7,42567.0,0.7527692317962646,0.0590810552239418,0.0590810589492321,0.6936881765723228,3.725290298461914e-09,0.6936881728470325
528,84000.4,84076.4,83764.7,83946.5,24317.0,1.0046817064285278,-0.037509821355342865,-0.03750982508063316,1.0421915277838707,3.725290298461914e-09,1.042191531509161
529,83948.4,83962.7,83800.6,83923.2,12939.0,1.3468477725982666,-0.15739227831363678,-0.15739229321479797,1.5042400509119034,1.4901161193847656e-08,1.5042400658130646
530,83923.3,84363.1,83896.8,84276.2,35765.0,1.2135744094848633,0.01744939759373665,0.017449399456381798,1.1961250118911266,1.862645149230957e-09,1.1961250100284815
531,84271.9,84271.9,84119.9,84125.6,8578.0,0.6189518570899963,-0.2909764051437378,-0.2909764051437378,0.9099282622337341,0.0,0.9099282622337341
532,84125.6,84214.1,84125.6,84201.1,7444.0,0.54315185546875,-0.06017119809985161,-0.06017119437456131,0.6033230535686016,3.725290298461914e-09,0.6033230498433113
533,84206.6,84230.6,83950.7,84025.7,13118.0,0.4098508358001709,-0.46023061871528625,-0.46023061871528625,0.8700814545154572,0.0,0.8700814545154572
534,84025.6,84046.8,83888.0,83892.8,13711.0,0.3515945374965668,-0.531298041343689,-0.531298041343689,0.8828925788402557,0.0,0.8828925788402557
535,83892.9,83942.0,83773.1,83924.9,18049.0,-0.19943341612815857,-0.21401846408843994,-0.21401844918727875,0.014585047960281372,1.4901161193847656e-08,0.014585033059120178
536,83930.0,84106.7,83911.3,84093.5,17280.0,-0.2506219744682312,0.14433704316616058,0.14433704316616058,0.3949590176343918,0.0,0.3949590176343918
537,84093.5,84106.8,83890.5,83890.5,12428.0,-0.24952520430088043,-0.13594847917556763,-0.13594849407672882,0.1135767251253128,1.4901161193847656e-08,0.11357671022415161
538,83890.5,84011.9,83836.9,84000.0,12719.0,-0.5425035953521729,0.06373106688261032,0.06373106688261032,0.6062346622347832,0.0,0.6062346622347832
539,83999.9,84104.6,83965.8,84031.3,23635.0,-0.41914865374565125,0.12880079448223114,0.12880079448223114,0.5479494482278824,0.0,0.5479494482278824
540,84027.0,84062.7,83935.3,83956.4,10085.0,-0.32321345806121826,-0.37947210669517517,-0.37947210669517517,0.05625864863395691,0.0,0.05625864863395691
541,83954.4,84113.1,83954.4,84077.6,8905.0,-0.9224307537078857,-0.057057540863752365,-0.057057540863752365,0.8653732128441334,0.0,0.8653732128441334
542,84071.4,84106.1,83906.4,83943.9,8605.0,-0.7983121275901794,-0.30546289682388306,-0.30546289682388306,0.4928492307662964,0.0,0.4928492307662964
543,83943.9,83977.6,83786.0,83829.0,14854.0,-1.1735678911209106,-0.23409876227378845,-0.23409876227378845,0.9394691288471222,0.0,0.9394691288471222
544,83828.9,83834.2,83682.8,83769.5,25721.0,-1.0650044679641724,-0.14696955680847168,-0.14696955680847168,0.9180349111557007,0.0,0.9180349111557007
545,83753.6,84164.5,83737.6,84164.5,19937.0,-1.4374569654464722,0.28549519181251526,0.28549522161483765,1.7229521572589874,2.9802322387695312e-08,1.7229521870613098
546,84166.5,84403.6,84152.8,84233.0,27365.0,-1.1336225271224976,0.1658867746591568,0.1658867746591568,1.2995093017816544,0.0,1.2995093017816544
547,84222.5,84290.3,84123.7,84247.0,19768.0,-0.3059273064136505,0.4249587059020996,0.424958735704422,0.7308860123157501,2.9802322387695312e-08,0.7308860421180725
548,84248.0,84306.9,84207.2,84235.9,8087.0,0.025763321667909622,0.2808314859867096,0.2808314859867096,0.2550681643188,0.0,0.2550681643188
549,84229.8,84299.8,84133.2,84277.6,6664.0,0.38649892807006836,0.2931106686592102,0.2931106686592102,0.09338825941085815,0.0,0.09338825941085815
550,84276.6,84300.0,84145.9,84204.3,6741.0,0.1835271269083023,0.2952704131603241,0.2952704429626465,0.11174328625202179,2.9802322387695312e-08,0.11174331605434418
551,84197.3,84496.8,84197.3,84421.5,10103.0,0.8478573560714722,0.40902504324913025,0.40902504324913025,0.4388323128223419,0.0,0.4388323128223419
552,84412.1,84619.0,84398.1,84521.6,14509.0,0.4857863783836365,0.6882014274597168,0.6882014274597168,0.20241504907608032,0.0,0.20241504907608032
553,84521.1,84690.3,84521.1,84637.8,8961.0,0.7587498426437378,0.9648175239562988,0.9648175239562988,0.20606768131256104,0.0,0.20606768131256104
554,84628.4,84635.7,84452.7,84481.3,14046.0,0.9031000733375549,0.8497089147567749,0.8497088551521301,0.05339115858078003,5.960464477539063e-08,0.053391218185424805
555,84493.9,84667.9,84477.9,84667.9,7251.0,1.1682872772216797,0.5981125235557556,0.5981125235557556,0.5701747536659241,0.0,0.5701747536659241
556,84675.9,84698.7,84520.8,84541.7,10289.0,1.418199062347412,0.36648714542388916,0.36648714542388916,1.051711916923523,0.0,1.051711916923523
557,84550.2,84617.9,84520.8,84568.8,10589.0,0.9347434043884277,0.38196834921836853,0.38196834921836853,0.5527750551700592,0.0,0.5527750551700592
558,84573.0,84583.0,84431.4,84437.8,19801.0,0.9469244480133057,0.2396821677684784,0.2396821826696396,0.7072422802448273,1.4901161193847656e-08,0.7072422653436661
559,84437.8,84500.3,84329.1,84345.4,20059.0,0.7063165903091431,0.08044471591711044,0.08044471591711044,0.6258718743920326,0.0,0.6258718743920326
560,84345.5,84547.8,84322.4,84523.8,12934.0,1.0048503875732422,0.3794342875480652,0.3794343173503876,0.625416100025177,2.9802322387695312e-08,0.6254160702228546
561,84512.0,84575.5,84351.8,84454.9,17389.0,0.817099928855896,0.03956152871251106,0.03956152871251106,0.7775384001433849,0.0,0.7775384001433849
562,84463.3,84559.9,84418.1,84488.0,6071.0,0.8900648951530457,-0.03975500166416168,-0.039754997938871384,0.9298198968172073,3.725290298461914e-09,0.929819893091917
563,84483.7,84575.3,84410.1,84568.3,16707.0,0.7593082189559937,-0.08211462199687958,-0.08211461454629898,0.8414228409528732,7.450580596923828e-09,0.8414228335022926
564,84566.0,84633.5,84500.0,84500.1,6184.0,0.9134535789489746,0.022258995100855827,0.022258995100855827,0.8911945838481188,0.0,0.8911945838481188
565,84505.0,84508.1,84367.5,84380.3,5297.0,0.7907454967498779,-0.3396819233894348,-0.3396819531917572,1.1304274201393127,2.9802322387695312e-08,1.1304274499416351
566,84380.2,84382.3,84259.6,84263.9,13940.0,0.3267943859100342,-0.32860076427459717,-0.32860076427459717,0.6553951501846313,0.0,0.6553951501846313
567,84267.2,84388.4,84245.3,84335.2,13017.0,0.2650717794895172,-0.27621743083000183,-0.27621743083000183,0.541289210319519,0.0,0.541289210319519
568,84333.1,84359.2,84254.9,84281.2,5456.0,-0.07053844630718231,-0.1854545623064041,-0.1854545623064041,0.1149161159992218,0.0,0.1149161159992218
569,84299.1,84302.4,84183.8,84222.4,6337.0,-0.2949795126914978,-0.14582893252372742,-0.14582893252372742,0.14915058016777039,0.0,0.14915058016777039
570,84218.2,84288.9,84185.7,84259.6,17105.0,-0.942238986492157,-0.31256914138793945,-0.31256914138793945,0.6296698451042175,0.0,0.6296698451042175
571,84256.1,84401.5,84256.1,84368.0,3991.0,-0.8818434476852417,-0.10289330780506134,-0.10289330780506134,0.7789501398801804,0.0,0.7789501398801804
572,84356.6,84422.5,84348.0,84416.0,3753.0,-0.9160608053207397,-0.08521920442581177,-0.08521920442581177,0.830841600894928,0.0,0.830841600894928
573,84412.6,84423.2,84229.5,84233.8,7003.0,-0.7673099040985107,-0.395538330078125,-0.3955383002758026,0.37177157402038574,2.9802322387695312e-08,0.37177160382270813
574,84241.4,84258.3,84025.8,84087.2,20531.0,-1.0773224830627441,-0.4886365830898285,-0.4886366128921509,0.5886858999729156,2.9802322387695312e-08,0.5886858701705933
575,84092.5,84117.3,83974.2,84081.9,12807.0,-1.02275812625885,-0.3536352217197418,-0.3536352217197418,0.6691229045391083,0.0,0.6691229045391083
576,84074.3,84074.3,83921.5,83966.6,11815.0,3.074256658554077,-0.3528164029121399,-0.3528164327144623,3.427073061466217,2.9802322387695312e-08,3.4270730912685394
577,83961.5,84018.2,83932.4,83996.5,7262.0,2.7995667457580566,-0.40161535143852234,-0.40161535143852234,3.201182097196579,0.0,3.201182097196579
578,83990.5,84098.4,83954.6,84026.7,16272.0,2.914944887161255,-0.30196529626846313,-0.3019653260707855,3.216910183429718,2.9802322387695312e-08,3.2169102132320404
579,84031.0,84091.9,83981.0,83997.6,4046.0,3.037199020385742,-0.2669086754322052,-0.2669086456298828,3.3041076958179474,2.9802322387695312e-08,3.304107666015625
580,83996.6,83996.6,83856.6,83871.3,10885.0,3.242995262145996,-0.4608432352542877,-0.4608432650566101,3.703838497400284,2.9802322387695312e-08,3.703838527202606
581,83862.0,83979.0,83819.5,83926.6,18306.0,3.102264642715454,-0.5231822729110718,-0.5231822729110718,3.625446915626526,0.0,3.625446915626526
582,83926.6,83954.9,83751.1,83780.1,10925.0,3.0484213829040527,-0.7532913684844971,-0.7532913684844971,3.80171275138855,0.0,3.80171275138855
583,83780.9,83881.9,83754.6,83777.5,17305.0,2.6030609607696533,-0.5417028665542603,-0.5417028665542603,3.1447638273239136,0.0,3.1447638273239136
584,83779.5,83873.5,83750.0,83805.9,31807.0,2.9772653579711914,-0.3345392346382141,-0.3345392346382141,3.3118045926094055,0.0,3.3118045926094055
585,83796.8,83874.7,83724.6,83741.9,29439.0,2.9159154891967773,-0.4043676555156708,-0.4043676555156708,3.320283144712448,0.0,3.320283144712448
586,83742.0,83828.0,83732.8,83768.1,8394.0,-1.2807023525238037,-0.23640349507331848,-0.23640352487564087,1.0442988574504852,2.9802322387695312e-08,1.0442988276481628
587,83770.4,83983.2,83770.4,83963.1,9143.0,-1.1513113975524902,-0.03976169973611832,-0.03976169973611832,1.111549697816372,0.0,1.111549697816372
588,83963.1,83990.8,83844.3,83872.8,6328.0,-0.7207551002502441,-0.18316349387168884,-0.18316349387168884,0.5375916063785553,0.0,0.5375916063785553
589,83864.7,83890.0,83728.7,83728.7,8651.0,-0.6135754585266113,-0.32012632489204407,-0.32012632489204407,0.29344913363456726,0.0,0.29344913363456726
590,83724.6,83753.9,83626.6,83653.1,15237.0,-0.22328461706638336,-0.26015493273735046,-0.26015493273735046,0.0368703156709671,0.0,0.0368703156709671
591,83675.5,83764.3,83633.8,83699.0,17326.0,0.16765645146369934,-0.27119117975234985,-0.27119120955467224,0.4388476312160492,2.9802322387695312e-08,0.4388476610183716
592,83691.8,83697.5,83576.0,83692.0,14180.0,-0.10484682768583298,-0.10515809804201126,-0.10515809804201126,0.0003112703561782837,0.0,0.0003112703561782837
593,83700.4,83828.0,83700.4,83768.1,20744.0,0.4945446252822876,-0.011218330822885036,-0.011218331754207611,0.5057629561051726,9.313225746154785e-10,0.5057629570364952
594,83774.0,83820.8,83635.4,83701.0,9920.0,0.07598579674959183,-0.1251683235168457,-0.1251683235168457,0.20115412026643753,0.0,0.20115412026643753
595,83695.9,83786.6,83679.7,83783.8,10010.0,0.5817834138870239,0.05003282427787781,0.05003282427787781,0.5317505896091461,0.0,0.5317505896091461
596,83788.0,83862.9,83781.0,83817.1,13303.0,0.7474417090415955,0.05849481746554375,0.058494821190834045,0.6889468915760517,3.725290298461914e-09,0.6889468878507614
597,83817.2,83858.6,83785.7,83799.7,6080.0,0.8496887683868408,-0.1946074366569519,-0.1946074366569519,1.0442962050437927,0.0,1.0442962050437927
598,83799.7,83824.4,83707.4,83715.0,7485.0,0.5525779128074646,-0.18813830614089966,-0.18813832104206085,0.7407162189483643,1.4901161193847656e-08,0.7407162338495255
599,83715.0,83733.2,83636.1,83636.1,6127.0,0.2408522218465805,-0.1105971485376358,-0.1105971559882164,0.3514493703842163,7.450580596923828e-09,0.3514493778347969
600,83636.1,83795.2,83636.1,83779.9,4312.0,0.07176311314105988,0.15157462656497955,0.15157462656497955,0.07981151342391968,0.0,0.07981151342391968
601,83786.9,83894.1,83751.7,83868.9,21353.0,-0.07361710071563721,0.2029874175786972,0.2029874175786972,0.2766045182943344,0.0,0.2766045182943344
602,83864.7,83915.9,83809.1,83887.5,8606.0,0.10886842012405396,0.233594611287117,0.233594611287117,0.12472619116306305,0.0,0.12472619116306305
603,83887.4,83939.8,83877.6,83920.3,3860.0,-0.21893000602722168,0.18168647587299347,0.18168647587299347,0.40061648190021515,0.0,0.40061648190021515
604,83924.6,83989.8,83863.2,83921.5,6033.0,0.19423988461494446,0.2634377181529999,0.2634377181529999,0.06919783353805542,0.0,0.06919783353805542
605,83922.5,83976.3,83825.6,83833.7,6568.0,-0.24006003141403198,0.05956551060080528,0.05956551432609558,0.29962554201483727,3.725290298461914e-09,0.29962554574012756
606,83833.7,83873.5,83730.9,83853.3,9538.0,-0.2419177144765854,0.04318368062376976,0.04318368434906006,0.28510139510035515,3.725290298461914e-09,0.28510139882564545
607,83863.5,83867.6,83690.1,83711.3,9399.0,-0.3341517448425293,-0.1054970920085907,-0.1054970920085907,0.2286546528339386,0.0,0.2286546528339386
608,83705.2,83764.7,83688.8,83724.5,6364.0,-0.12516696751117706,0.011348025873303413,0.011348025873303413,0.13651499338448048,0.0,0.13651499338448048
609,83722.3,83730.0,83650.2,83656.4,5595.0,0.052416469901800156,0.024268079549074173,0.024268079549074173,0.028148390352725983,0.0,0.028148390352725983
610,83652.4,83737.5,83580.0,83737.5,9843.0,-0.18174420297145844,-0.05060693249106407,-0.05060693249106407,0.13113727048039436,0.0,0.13113727048039436
611,83749.4,83902.4,83749.4,83829.3,23824.0,-0.2309669554233551,-0.04721841216087341,-0.04721841216087341,0.1837485432624817,0.0,0.1837485432624817
612,83840.7,83880.9,83738.1,83790.5,7625.0,-0.33392128348350525,-0.11563105881214142,-0.11563105136156082,0.21829022467136383,7.450580596923828e-09,0.21829023212194443
613,83782.5,83786.6,83653.4,83706.2,9009.0,-0.2006794512271881,-0.2551155686378479,-0.2551155686378479,0.05443611741065979,0.0,0.05443611741065979
614,83693.7,83716.8,83686.1,83706.8,4030.0,-0.9268897771835327,-0.2558380365371704,-0.2558380365371704,0.6710517406463623,0.0,0.6710517406463623
615,83703.1,83773.7,83700.3,83723.0,4499.0,-1.1556057929992676,-0.13205085694789886,-0.13205085694789886,1.0235549360513687,0.0,1.0235549360513687
616,83728.8,83766.6,83605.2,83614.7,5211.0,-0.5759411454200745,-0.28453710675239563,-0.28453710675239563,0.29140403866767883,0.0,0.29140403866767883
617,83619.8,83712.5,83605.4,83707.3,5081.0,-0.520426869392395,-0.0047783274203538895,-0.0047783274203538895,0.5156485419720411,0.0,0.5156485419720411
618,83707.2,83715.0,83605.6,83625.1,5532.0,-1.0326967239379883,-0.11872085928916931,-0.11872085183858871,0.913975864648819,7.450580596923828e-09,0.9139758720993996
619,83632.5,83681.5,83608.1,83633.7,2527.0,-0.9844298362731934,-0.027129199355840683,-0.027129201218485832,0.9573006369173527,1.862645149230957e-09,0.9573006350547075
620,83641.5,83675.1,83404.8,83509.7,28966.0,-0.8209589719772339,-0.2720368802547455,-0.2720368802547455,0.5489220917224884,0.0,0.5489220917224884
621,83511.7,83610.5,83364.6,83364.7,13554.0,-1.0893988609313965,-0.5542140603065491,-0.5542140603065491,0.5351848006248474,0.0,0.5351848006248474
622,83363.6,83493.4,83313.0,83425.7,7002.0,-1.3600679636001587,-0.43536779284477234,-0.4353678226470947,0.9247001707553864,2.9802322387695312e-08,0.924700140953064
623,83425.8,83497.8,83352.9,83358.4,21014.0,-1.5624711513519287,-0.4155064523220062,-0.4155064821243286,1.1469646990299225,2.9802322387695312e-08,1.1469646692276
624,83361.2,83398.6,83304.6,83324.3,14907.0,-1.00626540184021,-0.45695215463638306,-0.45695215463638306,0.5493132472038269,0.0,0.5493132472038269
625,83324.3,83355.3,83284.7,83334.3,8920.0,-0.29033899307250977,-0.4642728269100189,-0.46427279710769653,0.17393383383750916,2.9802322387695312e-08,0.17393380403518677
626,83346.7,83346.7,83150.8,83181.1,41793.0,-0.898360550403595,-0.5185709595680237,-0.5185709595680237,0.3797895908355713,0.0,0.3797895908355713
627,83174.1,83320.8,83146.9,83226.1,12694.0,-1.1640386581420898,-0.5748546719551086,-0.5748546719551086,0.5891839861869812,0.0,0.5891839861869812
628,83218.3,83238.8,83062.5,83062.5,21836.0,-0.772388219833374,-0.672766387462616,-0.672766387462616,0.09962183237075806,0.0,0.09962183237075806
629,83058.7,83203.9,83058.7,83076.1,23222.0,-1.0470185279846191,-0.6667187213897705,-0.6667187213897705,0.38029980659484863,0.0,0.38029980659484863
630,83074.2,83231.8,83050.5,83069.4,17291.0,-0.7268046140670776,-0.5272497534751892,-0.5272497534751892,0.19955486059188843,0.0,0.19955486059188843
631,83049.5,83095.4,82865.7,83040.7,43387.0,-0.41504326462745667,-0.3886537253856659,-0.3886536955833435,0.02638953924179077,2.9802322387695312e-08,0.02638956904411316
632,83036.6,83045.0,82700.0,82806.5,37530.0,0.3895953893661499,-0.7422210574150085,-0.7422210574150085,1.1318164467811584,0.0,1.1318164467811584
633,82778.9,82940.5,82747.1,82860.2,18664.0,0.5237892866134644,-0.5976545810699463,-0.5976546406745911,1.1214438676834106,5.960464477539063e-08,1.1214439272880554
634,82869.4,82985.0,82860.8,82870.9,23699.0,0.4521343410015106,-0.5441371202468872,-0.5441371202468872,0.9962714612483978,0.0,0.9962714612483978
635,82871.0,82984.9,82840.1,82974.5,20211.0,0.04946116358041763,-0.4317512810230255,-0.4317512512207031,0.48121244460344315,2.9802322387695312e-08,0.48121241480112076
636,82974.5,82985.0,82827.6,82841.9,11346.0,-0.0033776205964386463,-0.4077886641025543,-0.4077886939048767,0.4044110435061157,2.9802322387695312e-08,0.40441107330843806
637,82838.6,82953.3,82804.1,82953.3,21336.0,0.08918958902359009,-0.3277873992919922,-0.3277874290943146,0.4169769883155823,2.9802322387695312e-08,0.41697701811790466
638,82949.2,82957.2,82736.6,82741.6,11185.0,0.042733676731586456,-0.386333703994751,-0.386333703994751,0.42906738072633743,0.0,0.42906738072633743
639,82737.0,82789.5,82602.4,82686.1,33922.0,0.18391752243041992,-0.46944907307624817,-0.46944907307624817,0.6533665955066681,0.0,0.6533665955066681
640,82686.0,82729.9,82603.4,82682.8,20981.0,0.0071234251372516155,-0.46539589762687683,-0.46539589762687683,0.47251932276412845,0.0,0.47251932276412845
641,82685.0,82700.0,82518.0,82532.8,19045.0,0.0631808266043663,-0.6116353273391724,-0.6116352677345276,0.6748161539435387,5.960464477539063e-08,0.6748160943388939
642,82541.0,82616.6,82480.1,82572.2,18141.0,-0.7177078127861023,-0.28294500708580017,-0.28294503688812256,0.4347628057003021,2.9802322387695312e-08,0.43476277589797974
643,82576.3,82596.8,82478.2,82495.0,14079.0,-0.5266428589820862,-0.44074612855911255,-0.44074609875679016,0.08589673042297363,2.9802322387695312e-08,0.08589676022529602
644,82495.1,82675.0,82495.1,82648.4,27026.0,-0.3269878923892975,-0.26848992705345154,-0.26848989725112915,0.05849796533584595,2.9802322387695312e-08,0.058497995138168335
645,82648.4,82684.7,82571.7,82624.2,46050.0,-0.25927919149398804,-0.4221740961074829,-0.4221741259098053,0.16289490461349487,2.9802322387695312e-08,0.16289493441581726
646,82630.4,82670.6,82578.5,82657.8,14204.0,0.05197705328464508,-0.22223243117332458,-0.22223243117332458,0.27420948445796967,0.0,0.27420948445796967
647,82653.8,82725.3,82600.2,82725.3,12563.0,0.4363439083099365,-0.2748534679412842,-0.2748534381389618,0.7111973762512207,2.9802322387695312e-08,0.7111973464488983
648,82725.3,82757.9,82582.5,82603.3,8666.0,0.3972579836845398,-0.1671525239944458,-0.167152538895607,0.5644105076789856,1.4901161193847656e-08,0.5644105225801468
649,82606.3,82607.3,82472.6,82538.4,9220.0,0.447144091129303,-0.17863114178180695,-0.17863114178180695,0.6257752329111099,0.0,0.6257752329111099
650,82546.8,82599.2,82477.9,82514.0,6482.0,0.45201796293258667,-0.20414993166923523,-0.20414993166923523,0.6561678946018219,0.0,0.6561678946018219
651,82509.9,82590.9,82500.1,82500.1,18087.0,0.5332528352737427,-0.03961493447422981,-0.03961493447422981,0.5728677697479725,0.0,0.5728677697479725
652,82500.0,82500.1,82280.0,82280.0,18549.0,0.9811503887176514,-0.35387590527534485,-0.35387590527534485,1.3350262939929962,0.0,1.3350262939929962
653,82275.9,82344.9,82234.6,82257.7,21916.0,0.9019615054130554,-0.2876500189304352,-0.2876500189304352,1.1896115243434906,0.0,1.1896115243434906
654,82248.8,82285.7,82125.3,82149.0,14685.0,0.5902774930000305,-0.6042445302009583,-0.6042445302009583,1.1945220232009888,0.0,1.1945220232009888
655,82144.8,82267.9,82116.5,82208.8,12339.0,0.18613383173942566,-0.5027658343315125,-0.5027658343315125,0.6888996660709381,0.0,0.6888996660709381
656,82210.8,82518.0,82210.8,82497.1,30776.0,0.04588966816663742,-0.19441035389900208,-0.19441035389900208,0.2403000220656395,0.0,0.2403000220656395
657,82497.4,82506.8,82390.0,82453.9,12146.0,0.051402270793914795,-0.3280718922615051,-0.3280718922615051,0.3794741630554199,0.0,0.3794741630554199
658,82453.8,82478.6,82349.3,82387.6,7323.0,0.07521223276853561,-0.261121928691864,-0.261121928691864,0.3363341614603996,0.0,0.3363341614603996
659,82385.9,82385.9,82201.4,82217.5,10488.0,0.1434617042541504,-0.3887868821620941,-0.38878685235977173,0.5322485864162445,2.9802322387695312e-08,0.5322485566139221
660,82216.4,82231.7,82112.2,82176.2,12266.0,-0.0536944642663002,-0.40938133001327515,-0.40938130021095276,0.35568686574697495,2.9802322387695312e-08,0.35568683594465256
661,82178.3,82200.4,82111.0,82161.7,16371.0,-0.5668113827705383,-0.4101794362068176,-0.41017940640449524,0.1566319465637207,2.9802322387695312e-08,0.1566319763660431
662,82168.0,82261.1,82020.7,82078.6,15816.0,-0.33202382922172546,-0.2447720319032669,-0.2447720468044281,0.08725179731845856,1.4901161193847656e-08,0.08725178241729736
663,82078.5,82089.4,81712.9,81949.0,58374.0,-0.5589054226875305,-0.37528783082962036,-0.375287801027298,0.18361759185791016,2.9802322387695312e-08,0.18361762166023254
664,81948.9,81974.5,81786.1,81935.6,25616.0,-0.46343380212783813,-0.2597699761390686,-0.2597699761390686,0.20366382598876953,0.0,0.20366382598876953
665,81943.5,82391.7,81927.3,82061.4,45415.0,-0.2970752716064453,-0.17929765582084656,-0.17929764091968536,0.11777761578559875,1.4901161193847656e-08,0.11777763068675995
666,82053.6,82085.5,81905.2,82062.6,16898.0,-0.35602521896362305,-0.5266851782798767,-0.5266851782798767,0.17065995931625366,0.0,0.17065995931625366
667,82058.6,82058.6,81802.1,81872.6,21012.0,-0.5703283548355103,-0.7049961686134338,-0.7049962282180786,0.13466781377792358,5.960464477539063e-08,0.13466787338256836
668,81871.0,82140.3,81859.4,82019.9,32565.0,-0.5666079521179199,-0.44630882143974304,-0.44630882143974304,0.12029913067817688,0.0,0.12029913067817688
669,82012.6,82139.7,82004.9,82080.5,55937.0,-0.547257661819458,-0.16663119196891785,-0.16663119196891785,0.38062646985054016,0.0,0.38062646985054016
670,82080.3,82443.9,82070.5,82414.7,20236.0,-0.5191740393638611,0.29023000597953796,0.29023000597953796,0.809404045343399,0.0,0.809404045343399
671,82408.7,82428.3,82331.5,82382.7,17538.0,-0.2893872857093811,0.2689817547798157,0.2689817547798157,0.5583690404891968,0.0,0.5583690404891968
672,82382.7,82499.9,82309.5,82316.1,21160.0,-0.5476164817810059,0.2893567681312561,0.2893567681312561,0.836973249912262,0.0,0.836973249912262
673,82309.4,82329.3,82107.0,82168.8,13391.0,-0.35320138931274414,0.2682117819786072,0.2682117819786072,0.6214131712913513,0.0,0.6214131712913513
674,82168.3,82242.3,82082.7,82124.0,23107.0,-0.29803869128227234,0.22993476688861847,0.22993476688861847,0.5279734581708908,0.0,0.5279734581708908
675,82116.1,82140.8,81937.9,81944.2,15948.0,-0.2881458103656769,-0.14281418919563293,-0.14281417429447174,0.14533162117004395,1.4901161193847656e-08,0.14533163607120514
676,81936.1,82077.4,81640.3,82072.8,26241.0,-0.4734237790107727,0.012423824518918991,0.012423823587596416,0.4858476035296917,9.313225746154785e-10,0.4858476025983691
677,82080.7,82224.5,81960.7,81975.2,13752.0,-0.3104708194732666,0.12531855702400208,0.12531855702400208,0.4357893764972687,0.0,0.4357893764972687
678,81956.1,82014.3,81770.3,81877.2,9149.0,-2.8399205207824707,-0.17397645115852356,-0.17397645115852356,2.665944069623947,0.0,2.665944069623947
679,81878.3,82077.9,81873.7,82077.8,19767.0,-2.31559157371521,-0.003293260931968689,-0.003293260931968689,2.3122983127832413,0.0,2.3122983127832413
680,82077.9,82077.9,81864.9,81965.1,12777.0,-1.6654667854309082,-0.5455356240272522,-0.5455356240272522,1.119931161403656,0.0,1.119931161403656
681,81963.2,82231.1,81947.7,82190.6,22895.0,-2.0898234844207764,-0.2331819087266922,-0.2331819087266922,1.8566415756940842,0.0,1.8566415756940842
682,82190.5,82197.1,81951.4,81964.9,11012.0,-1.8134247064590454,-0.42665180563926697,-0.42665180563926697,1.3867729008197784,0.0,1.3867729008197784
683,81965.9,82024.8,81934.3,81992.6,15824.0,-1.8936296701431274,-0.21443092823028564,-0.21443092823028564,1.6791987419128418,0.0,1.6791987419128418
684,81992.6,82196.1,81983.0,82196.1,21470.0,-2.0110981464385986,0.08779597282409668,0.08779597282409668,2.0988941192626953,0.0,2.0988941192626953
685,82196.1,82351.9,82149.2,82305.4,16139.0,-1.4004157781600952,0.4407820403575897,0.44078201055526733,1.841197818517685,2.9802322387695312e-08,1.8411977887153625
686,82307.4,82485.7,82241.3,82291.4,17690.0,-0.7771494388580322,0.26635080575942993,0.26635080575942993,1.0435002446174622,0.0,1.0435002446174622
687,82304.4,82304.4,82120.1,82120.1,16968.0,-0.9978612065315247,0.17675887048244476,0.17675887048244476,1.1746200770139694,0.0,1.1746200770139694
688,82124.2,82124.2,81959.6,82019.2,13734.0,1.4871357679367065,0.1734304428100586,0.1734304428100586,1.313705325126648,0.0,1.313705325126648
689,82019.4,82082.3,82007.4,82069.3,5797.0,0.6831661462783813,-0.010356028564274311,-0.010356028564274311,0.6935221748426557,0.0,0.6935221748426557
690,82069.3,82289.5,82061.1,82246.1,20921.0,0.1175534650683403,0.3428288400173187,0.3428288400173187,0.22527537494897842,0.0,0.22527537494897842
691,82246.0,82377.9,82227.1,82305.4,10687.0,0.22670459747314453,0.13967153429985046,0.13967153429985046,0.08703306317329407,0.0,0.08703306317329407
692,82314.6,82468.4,82299.2,82442.9,8486.0,-0.23359131813049316,0.5831764936447144,0.5831764936447144,0.8167678117752075,0.0,0.8167678117752075
693,82444.2,82614.8,82395.6,82568.9,11545.0,0.00882479827851057,0.7028644680976868,0.7028644680976868,0.6940396698191762,0.0,0.6940396698191762
694,82550.4,82712.4,82443.3,82443.3,24783.0,-0.10216689854860306,0.30073848366737366,0.30073848366737366,0.4029053822159767,0.0,0.4029053822159767
695,82446.9,82554.9,82389.0,82530.9,15584.0,-0.5935415029525757,0.2739796042442322,0.2739796042442322,0.8675211071968079,0.0,0.8675211071968079
696,82532.6,82616.4,82462.8,82558.3,6799.0,-0.7613483667373657,0.3243333101272583,0.3243333399295807,1.085681676864624,2.9802322387695312e-08,1.0856817066669464
697,82555.0,82710.4,82548.8,82690.3,13435.0,-0.8795324563980103,0.6943431496620178,0.6943431496620178,1.573875606060028,0.0,1.573875606060028
698,82690.3,82866.1,82576.7,82834.2,28655.0,-0.8964603543281555,0.9936697483062744,0.9936697483062744,1.89013010263443,0.0,1.89013010263443
699,82840.6,82841.4,82689.9,82740.7,9596.0,-0.7706339359283447,0.8180967569351196,0.8180967569351196,1.5887306928634644,0.0,1.5887306928634644
700,82740.8,82922.9,82718.3,82846.4,6538.0,-1.0407297611236572,0.7298787832260132,0.729878842830658,1.7706085443496704,5.960464477539063e-08,1.7706086039543152
701,82846.5,82858.5,82597.3,82629.6,19970.0,-1.0625998973846436,0.39390265941619873,0.39390262961387634,1.4565025568008423,2.9802322387695312e-08,1.45650252699852
702,82648.3,82648.3,82571.7,82593.2,6082.0,-1.2029190063476562,0.1823136955499649,0.1823136806488037,1.3852327018976212,1.4901161193847656e-08,1.38523268699646
703,82594.4,82612.8,82527.2,82583.8,25629.0,-1.3211337327957153,0.01804364286363125,0.01804364286363125,1.3391773756593466,0.0,1.3391773756593466
704,82583.8,82583.8,82496.2,82543.8,7138.0,-1.4602024555206299,0.1219019666314125,0.1219019666314125,1.5821044221520424,0.0,1.5821044221520424
705,82552.0,82581.1,82539.7,82574.0,4128.0,-1.3438459634780884,0.05222475901246071,0.05222475901246071,1.396070722490549,0.0,1.396070722490549
706,82574.9,82609.7,82444.9,82465.3,7259.0,-1.9588063955307007,-0.11264768242835999,-0.11264767497777939,1.8461587131023407,7.450580596923828e-09,1.8461587205529213
707,82459.9,82529.5,82450.4,82529.5,10327.0,-1.6005727052688599,-0.1944567710161209,-0.19445675611495972,1.406115934252739,1.4901161193847656e-08,1.4061159491539001
708,82533.6,82570.5,82487.9,82533.6,5208.0,-2.319690704345703,-0.36289548873901367,-0.3628954589366913,1.9567952156066895,2.9802322387695312e-08,1.9567952454090118
709,82533.6,82570.5,82450.1,82456.7,6170.0,-2.0886197090148926,-0.3432409465312958,-0.34324097633361816,1.7453787624835968,2.9802322387695312e-08,1.7453787326812744
710,82456.2,82456.2,82364.6,82452.6,18068.0,-1.4947272539138794,-0.47533372044563293,-0.47533372044563293,1.0193935334682465,0.0,1.0193935334682465
711,82452.6,82561.7,82420.9,82557.5,6585.0,-1.5556997060775757,-0.08725875616073608,-0.08725875616073608,1.4684409499168396,0.0,1.4684409499168396
712,82541.0,82732.5,82508.9,82717.9,24146.0,-0.9822757244110107,0.1509752720594406,0.1509752720594406,1.1332509964704514,0.0,1.1332509964704514
713,82721.6,82750.0,82660.9,82749.9,7956.0,-0.9391248226165771,0.2011309415102005,0.2011309415102005,1.1402557641267776,0.0,1.1402557641267776
714,82749.9,82766.4,82699.7,82710.1,5273.0,-0.10014956444501877,0.20147447288036346,0.20147448778152466,0.30162403732538223,1.4901161193847656e-08,0.3016240522265434
715,82710.1,82807.6,82637.8,82742.8,9795.0,-0.00701949605718255,0.20441889762878418,0.20441891252994537,0.21143839368596673,1.4901161193847656e-08,0.21143840858712792
716,82739.3,82766.7,82656.8,82656.8,3375.0,0.355813205242157,0.2322188764810562,0.2322188913822174,0.12359432876110077,1.4901161193847656e-08,0.12359431385993958
717,82656.8,82750.3,82638.5,82728.4,4222.0,0.16830933094024658,0.24100284278392792,0.24100284278392792,0.07269351184368134,0.0,0.07269351184368134
718,82728.4,82778.4,82721.2,82768.0,5202.0,1.1601594686508179,0.2840036451816559,0.2840036451816559,0.876155823469162,0.0,0.876155823469162
719,82762.0,82815.9,82703.3,82710.1,9929.0,1.0527864694595337,0.30731090903282166,0.30731090903282166,0.745475560426712,0.0,0.745475560426712
720,82713.3,82713.3,82619.2,82675.0,8385.0,0.8946881890296936,0.2697288393974304,0.2697288393974304,0.6249593496322632,0.0,0.6249593496322632
721,82681.7,82931.5,82680.7,82931.4,15073.0,1.5687905550003052,0.45289456844329834,0.45289456844329834,1.1158959865570068,0.0,1.1158959865570068
722,82931.5,82957.8,82852.1,82881.5,10984.0,1.2181731462478638,0.19778253138065338,0.19778254628181458,1.0203906148672104,1.4901161193847656e-08,1.0203905999660492
723,82881.5,82953.2,82841.6,82892.7,11356.0,1.206692099571228,0.17257384955883026,0.17257384955883026,1.0341182500123978,0.0,1.0341182500123978
724,82896.6,82970.3,82870.1,82941.3,6136.0,0.7278243899345398,0.27952486276626587,0.27952489256858826,0.4482995271682739,2.9802322387695312e-08,0.44829949736595154
725,82948.1,82995.0,82891.0,82899.2,6327.0,0.4859686493873596,0.18902702629566193,0.18902702629566193,0.2969416230916977,0.0,0.2969416230916977
726,82907.5,82967.1,82812.0,82829.0,9037.0,0.523463785648346,0.20833511650562286,0.20833510160446167,0.3151286691427231,1.4901161193847656e-08,0.3151286840438843
727,82830.1,83053.8,82812.0,83041.4,15284.0,0.1563865840435028,0.3783465027809143,0.3783465027809143,0.2219599187374115,0.0,0.2219599187374115
728,83053.1,83343.1,83053.1,83295.7,38016.0,-0.2770354449748993,0.637569010257721,0.637569010257721,0.9146044552326202,0.0,0.9146044552326202
729,83295.6,83351.2,83155.6,83228.5,9452.0,-0.560920238494873,0.6267655491828918,0.6267655491828918,1.187685787677765,0.0,1.187685787677765
730,83236.9,83337.0,83236.9,83250.0,7117.0,-0.7743693590164185,0.6954943537712097,0.6954944133758545,1.4698637127876282,5.960464477539063e-08,1.469863772392273
731,83241.7,83241.7,83053.5,83127.0,41546.0,-0.8954549431800842,0.2358594685792923,0.2358594834804535,1.1313144117593765,1.4901161193847656e-08,1.1313144266605377
732,83126.1,83126.1,82951.0,82951.0,14525.0,-0.8670936226844788,0.08385466039180756,0.08385466039180756,0.9509482830762863,0.0,0.9509482830762863
733,82949.5,83037.2,82932.4,83012.9,5621.0,-1.2113581895828247,0.14500106871128082,0.14500108361244202,1.3563592582941055,1.4901161193847656e-08,1.3563592731952667
734,83002.0,83118.3,82996.0,83095.3,6014.0,-1.1583770513534546,0.18567349016666412,0.18567349016666412,1.3440505415201187,0.0,1.3440505415201187
735,83082.7,83120.9,83034.1,83045.2,4113.0,-1.2825124263763428,0.17611749470233917,0.17611749470233917,1.458629921078682,0.0,1.458629921078682
736,83051.4,83088.2,83015.6,83035.2,3492.0,-2.564880609512329,0.24895039200782776,0.24895039200782776,2.813831001520157,0.0,2.813831001520157
737,83032.1,83187.9,83032.1,83044.6,6448.0,-2.3140506744384766,0.0038572626654058695,0.003857262898236513,2.3179079371038824,2.3283064365386963e-10,2.317907937336713
738,83039.7,83053.0,82948.6,82996.0,4963.0,-1.2007449865341187,-0.35980620980262756,-0.35980623960494995,0.8409387767314911,2.9802322387695312e-08,0.8409387469291687
739,82990.0,82990.0,82847.1,82879.6,13056.0,0.27875596284866333,-0.4192054867744446,-0.4192054867744446,0.6979614496231079,0.0,0.6979614496231079
740,82887.9,83055.4,82887.9,83040.6,11412.0,0.44439950585365295,-0.25152966380119324,-0.25152966380119324,0.6959291696548462,0.0,0.6959291696548462
741,83040.5,83168.9,83027.1,83142.4,4509.0,0.849481463432312,0.018523989245295525,0.018523991107940674,0.8309574741870165,1.862645149230957e-09,0.8309574723243713
742,83142.7,83160.0,82995.9,83012.6,5393.0,1.3929657936096191,0.0742625892162323,0.0742625892162323,1.3187032043933868,0.0,1.3187032043933868
743,83009.1,83240.3,82995.3,83159.1,11862.0,1.4564861059188843,0.17612098157405853,0.17612096667289734,1.2803651243448257,1.4901161193847656e-08,1.280365139245987
744,83159.0,83159.8,83064.3,83065.2,4129.0,1.4624481201171875,-0.036215949803590775,-0.036215949803590775,1.4986640699207783,0.0,1.4986640699207783
745,83073.6,83160.1,83064.0,83128.6,4387.0,1.85927152633667,0.1004253476858139,0.1004253551363945,1.758846178650856,7.450580596923828e-09,1.7588461712002754
746,83128.5,83128.5,83037.6,83053.0,2391.0,3.4407458305358887,0.02143292874097824,0.021432926878333092,3.4193129017949104,1.862645149230957e-09,3.4193129036575556
747,83053.0,83063.7,82969.0,82987.2,1869.0,4.158349514007568,-0.06911759823560715,-0.06911760568618774,4.2274671122431755,7.450580596923828e-09,4.227467119693756
748,82988.2,83043.2,82978.0,82978.0,2917.0,2.7963404655456543,-0.021687792614102364,-0.021687792614102364,2.8180282581597567,0.0,2.8180282581597567
749,82974.1,82974.1,82924.4,82924.4,3108.0,1.0838136672973633,0.054050546139478683,0.054050542414188385,1.0297631211578846,3.725290298461914e-09,1.029763124883175
750,82924.5,82950.7,82903.5,82903.5,3799.0,0.8680429458618164,-0.16510184109210968,-0.16510184109210968,1.033144786953926,0.0,1.033144786953926
751,82904.4,82943.6,82899.0,82926.2,7938.0,1.0251950025558472,-0.26003018021583557,-0.2600301504135132,1.2852251827716827,2.9802322387695312e-08,1.2852251529693604
752,82926.2,83079.2,82926.2,83079.2,36803.0,0.9040488600730896,0.08023066073656082,0.08023066818714142,0.8238181993365288,7.450580596923828e-09,0.8238181918859482
753,83080.0,83114.7,82959.2,82959.2,4886.0,1.249138593673706,-0.24038071930408478,-0.24038070440292358,1.4895193129777908,1.4901161193847656e-08,1.4895192980766296
754,82959.1,82959.1,82793.4,82799.5,8111.0,1.101117730140686,-0.31987297534942627,-0.31987297534942627,1.4209907054901123,0.0,1.4209907054901123
755,82796.0,82827.2,82726.5,82772.8,8515.0,0.835728108882904,-0.42801716923713684,-0.42801716923713684,1.263745278120041,0.0,1.263745278120041
756,82767.3,82802.8,82747.5,82768.1,6283.0,0.33786773681640625,-0.3430320620536804,-0.3430320918560028,0.6808997988700867,2.9802322387695312e-08,0.6808998286724091
757,82768.0,82775.3,82636.8,82680.8,6586.0,-0.11063381284475327,-0.3692210912704468,-0.3692210912704468,0.2585872784256935,0.0,0.2585872784256935
758,82680.8,82707.4,82616.9,82638.7,6030.0,0.15241558849811554,-0.40889978408813477,-0.40889978408813477,0.5613153725862503,0.0,0.5613153725862503
759,82638.6,82711.8,82618.4,82618.4,6202.0,0.27524420619010925,-0.3690108060836792,-0.3690108060836792,0.6442550122737885,0.0,0.6442550122737885
760,82618.4,82695.4,82500.1,82521.2,10768.0,0.4894227683544159,-0.46113479137420654,-0.46113479137420654,0.9505575597286224,0.0,0.9505575597286224
761,82501.0,82521.3,82389.9,82470.1,18509.0,-0.3714541792869568,-0.55000901222229,-0.5500089526176453,0.17855483293533325,5.960464477539063e-08,0.17855477333068848
762,82469.3,82485.9,82382.7,82435.8,12156.0,-0.14897343516349792,-0.7744492292404175,-0.7744492292404175,0.6254757940769196,0.0,0.6254757940769196
763,82432.1,82530.0,82431.9,82509.6,7552.0,0.6362892389297485,-0.5419549942016602,-0.5419549942016602,1.1782442331314087,0.0,1.1782442331314087
764,82509.9,82552.0,82480.8,82524.7,7396.0,0.7418848276138306,-0.3318822979927063,-0.3318822979927063,1.0737671256065369,0.0,1.0737671256065369
765,82510.0,82528.1,82438.2,82443.3,5419.0,0.13965800404548645,-0.3980776369571686,-0.3980776369571686,0.537735641002655,0.0,0.537735641002655
766,82446.4,82479.7,82381.1,82419.4,2903.0,1.410094141960144,-0.42130133509635925,-0.42130133509635925,1.8313954770565033,0.0,1.8313954770565033
767,82418.7,82448.0,82284.2,82313.2,6078.0,1.229038119316101,-0.4445938766002655,-0.4445938766002655,1.6736319959163666,0.0,1.6736319959163666
768,82317.0,82381.8,82257.2,82262.7,8322.0,0.5752099752426147,-0.4549926221370697,-0.4549926221370697,1.0302025973796844,0.0,1.0302025973796844
769,82279.4,82417.8,82229.4,82300.1,9838.0,0.8343518972396851,-0.3852614760398865,-0.38526150584220886,1.2196133732795715,2.9802322387695312e-08,1.219613403081894
770,82300.1,82375.4,82229.0,82355.8,14190.0,0.4274066090583801,-0.2004408985376358,-0.200440913438797,0.6278475075960159,1.4901161193847656e-08,0.6278475224971771
771,82355.8,82385.9,82268.4,82284.7,9506.0,0.47301533818244934,-0.22480683028697968,-0.22480684518814087,0.697822168469429,1.4901161193847656e-08,0.6978221833705902
772,82268.2,82405.4,82268.2,82358.9,9579.0,-0.10905732959508896,-0.09328281879425049,-0.09328281879425049,0.01577451080083847,0.0,0.01577451080083847
773,82358.0,82375.9,82200.1,82281.1,6470.0,-1.2595707178115845,-0.27693748474121094,-0.27693745493888855,0.9826332330703735,2.9802322387695312e-08,0.9826332628726959
774,82286.5,82316.1,82221.9,82256.0,18679.0,-1.4687236547470093,-0.3256032466888428,-0.32560327649116516,1.1431204080581665,2.9802322387695312e-08,1.1431203782558441
775,82272.4,82360.0,82272.4,82308.6,4366.0,-1.3414618968963623,-0.16337934136390686,-0.16337934136390686,1.1780825555324554,0.0,1.1780825555324554
776,82307.5,82308.5,82208.6,82218.6,9752.0,-2.623591184616089,-0.24362815916538239,-0.24362817406654358,2.3799630254507065,1.4901161193847656e-08,2.3799630105495453
777,82217.7,82360.9,82217.7,82360.9,9148.0,-2.272120475769043,0.05794369429349899,0.05794369801878929,2.330064170062542,3.725290298461914e-09,2.3300641737878323
778,82341.3,82399.0,82309.4,82309.4,4196.0,-1.9103657007217407,0.056763652712106705,0.056763648986816406,1.9671293534338474,3.725290298461914e-09,1.9671293497085571
779,82309.4,82353.7,82286.1,82317.2,4291.0,-1.8075456619262695,0.02077951468527317,0.02077951654791832,1.8283251766115427,1.862645149230957e-09,1.8283251784741879
780,82313.1,82372.3,82294.0,82306.6,4651.0,-1.5939759016036987,-0.059735093265771866,-0.059735093265771866,1.5342408083379269,0.0,1.5342408083379269
781,82306.6,82457.7,82278.2,82278.2,9994.0,-1.5216186046600342,-0.00789940357208252,-0.007899402640759945,1.5137192010879517,9.313225746154785e-10,1.5137192020192742
782,82267.6,82387.4,82256.5,82311.2,9736.0,-1.4060416221618652,-0.05791154503822327,-0.057911548763513565,1.348130077123642,3.725290298461914e-09,1.3481300733983517
783,82316.4,82401.0,82213.3,82361.6,31401.0,-1.273004412651062,0.09783534705638885,0.09783534705638885,1.3708397597074509,0.0,1.3708397597074509
784,82353.3,82353.3,82087.2,82207.2,17951.0,-0.8095307350158691,-0.05932317674160004,-0.059323180466890335,0.7502075582742691,3.725290298461914e-09,0.7502075545489788
785,82211.2,82229.2,82094.1,82094.1,10273.0,-0.0583483949303627,-0.260604590177536,-0.260604590177536,0.2022561952471733,0.0,0.2022561952471733
786,82094.2,82172.1,82050.7,82089.7,19987.0,0.2922308146953583,-0.15677528083324432,-0.15677528083324432,0.4490060955286026,0.0,0.4490060955286026
787,82089.6,82200.0,82055.5,82200.0,4604.0,0.6062464118003845,-0.1953578144311905,-0.1953577995300293,0.801604226231575,1.4901161193847656e-08,0.8016042113304138
788,82200.7,82200.7,81943.8,81995.4,16179.0,0.8366960287094116,-0.3814873993396759,-0.3814874291419983,1.2181834280490875,2.9802322387695312e-08,1.21818345785141
789,82007.8,82099.5,81995.4,82057.6,9907.0,0.9780853986740112,-0.31536731123924255,-0.31536734104156494,1.2934527099132538,2.9802322387695312e-08,1.2934527397155762
790,82057.7,82081.7,81990.1,82015.7,17310.0,1.9626911878585815,-0.35343268513679504,-0.35343268513679504,2.3161238729953766,0.0,2.3161238729953766
791,82013.2,82148.5,82008.1,82120.8,29622.0,2.3944528102874756,-0.19130977988243103,-0.19130977988243103,2.5857625901699066,0.0,2.5857625901699066
792,82124.4,82141.0,82045.5,82052.5,15856.0,2.4149012565612793,-0.3142988085746765,-0.3142988085746765,2.729200065135956,0.0,2.729200065135956
793,82052.5,82270.8,82033.9,82270.7,11670.0,3.1833488941192627,-0.11036506295204163,-0.11036507040262222,3.2937139570713043,7.450580596923828e-09,3.293713964521885
794,82270.7,82389.6,82160.5,82310.0,34207.0,2.6205358505249023,0.12504607439041138,0.12504607439041138,2.495489776134491,0.0,2.495489776134491
795,82309.9,82309.9,82090.1,82120.3,12909.0,2.472771644592285,0.03190888836979866,0.03190888464450836,2.4408627562224865,3.725290298461914e-09,2.440862759947777
796,82117.5,82181.5,81982.3,82010.3,9110.0,2.443424940109253,-0.09673107415437698,-0.09673107415437698,2.54015601426363,0.0,2.54015601426363
797,82010.4,82067.1,81956.0,82042.3,8570.0,1.764815330505371,-0.19185295701026917,-0.19185295701026917,1.9566682875156403,0.0,1.9566682875156403
798,82038.6,82061.9,81913.8,81950.5,11482.0,2.305708646774292,-0.054757267236709595,-0.054757263511419296,2.3604659140110016,3.725290298461914e-09,2.3604659102857113
799,81950.4,82032.4,81945.1,81985.9,7187.0,1.752530813217163,-0.08738145232200623,-0.08738145232200623,1.8399122655391693,0.0,1.8399122655391693
800,81973.8,82004.9,81846.1,81851.1,10167.0,0.9912113547325134,-0.20069517195224762,-0.20069517195224762,1.191906526684761,0.0,1.191906526684761
801,81851.3,81854.3,81416.3,81444.9,69414.0,0.6201145648956299,-0.8230538964271545,-0.8230538964271545,1.4431684613227844,0.0,1.4431684613227844
802,81444.9,81613.8,81340.6,81551.5,39167.0,0.227827787399292,-0.6105846762657166,-0.6105846762657166,0.8384124636650085,0.0,0.8384124636650085
803,81548.4,81591.1,80831.4,81134.0,196906.0,-0.3827105760574341,-1.3816620111465454,-1.381662130355835,0.9989514350891113,1.1920928955078125e-07,0.9989515542984009
804,81149.3,81160.4,80919.0,81101.0,45283.0,-0.8196462988853455,-1.4688373804092407,-1.4688373804092407,0.6491910815238953,0.0,0.6491910815238953
805,81100.0,81444.4,81079.6,81328.8,30209.0,-1.6080641746520996,-0.9638299345970154,-0.9638299345970154,0.6442342400550842,0.0,0.6442342400550842
806,81323.7,81323.7,81129.8,81140.6,36412.0,-1.8000775575637817,-1.0604708194732666,-1.0604708194732666,0.7396067380905151,0.0,0.7396067380905151
807,81132.6,81159.4,80952.0,81011.6,32535.0,-1.9522041082382202,-1.2562975883483887,-1.2562974691390991,0.6959065198898315,1.1920928955078125e-07,0.6959066390991211
808,81011.6,81050.4,80705.1,80725.3,38780.0,-2.2238612174987793,-1.495052695274353,-1.495052695274353,0.7288085222244263,0.0,0.7288085222244263
809,80723.8,80963.9,80627.5,80945.5,42398.0,-1.3842235803604126,-1.2689968347549438,-1.2689968347549438,0.11522674560546875,0.0,0.11522674560546875
810,80957.6,81666.0,80957.6,81466.2,131612.0,-1.1686428785324097,-0.4702422320842743,-0.4702422320842743,0.6984006464481354,0.0,0.6984006464481354
811,81468.0,81877.6,81274.6,81711.1,61016.0,-0.7893560528755188,0.326850563287735,0.3268505930900574,1.1162066161632538,2.9802322387695312e-08,1.1162066459655762
812,81711.1,81889.9,81500.2,81605.4,33883.0,-0.6601409912109375,0.06609129160642624,0.06609129160642624,0.7262322828173637,0.0,0.7262322828173637
813,81581.0,81707.1,81442.1,81606.9,30371.0,-0.3943052291870117,0.5828610062599182,0.5828610062599182,0.9771662354469299,0.0,0.9771662354469299
814,81602.9,81807.5,81594.8,81700.5,18544.0,0.4659202992916107,0.7392017841339111,0.7392017245292664,0.2732814848423004,5.960464477539063e-08,0.27328142523765564
815,81704.5,81821.2,81510.1,81821.2,35648.0,0.9535726308822632,0.6054513454437256,0.6054512858390808,0.3481212854385376,5.960464477539063e-08,0.3481213450431824
816,81825.1,82274.0,81710.7,82101.7,46923.0,1.1211212873458862,1.184489130973816,1.184489130973816,0.06336784362792969,0.0,0.06336784362792969
817,82087.6,82581.6,82027.5,82511.1,70274.0,1.387028694152832,1.8509695529937744,1.8509694337844849,0.4639408588409424,1.1920928955078125e-07,0.46394073963165283
818,82511.3,82866.1,82486.5,82768.0,63226.0,1.2753506898880005,2.530437469482422,2.530437469482422,1.2550867795944214,0.0,1.2550867795944214
819,82767.9,82982.8,82628.3,82982.8,31887.0,0.7925475835800171,2.5168747901916504,2.5168747901916504,1.7243272066116333,0.0,1.7243272066116333
820,82982.7,82982.7,82657.5,82736.3,19758.0,0.6988049745559692,1.5590437650680542,1.5590437650680542,0.860238790512085,0.0,0.860238790512085
821,82745.5,82971.2,82693.7,82878.7,22928.0,0.390190452337265,1.428938627243042,1.4289387464523315,1.038748174905777,1.1920928955078125e-07,1.0387482941150665
822,82904.5,82908.6,82685.7,82750.9,12906.0,0.3601810336112976,1.4037061929702759,1.4037061929702759,1.0435251593589783,0.0,1.0435251593589783
823,82751.0,82887.6,82565.4,82874.2,24953.0,0.31579843163490295,1.5529382228851318,1.5529382228851318,1.2371397912502289,0.0,1.2371397912502289
824,82874.1,83033.3,82795.5,83002.3,14212.0,-0.3339204788208008,1.593376874923706,1.593376874923706,1.9272973537445068,0.0,1.9272973537445068
825,83010.6,83427.0,82994.9,83316.3,37958.0,-0.3120957016944885,1.827269196510315,1.8272693157196045,2.1393648982048035,1.1920928955078125e-07,2.139365017414093
826,83320.1,83419.2,83150.8,83164.4,16894.0,-0.4809330105781555,1.29436457157135,1.29436457157135,1.7752975821495056,0.0,1.7752975821495056
827,83176.3,83300.0,83106.8,83270.4,9931.0,-0.41115066409111023,0.9202359914779663,0.9202359914779663,1.3313866555690765,0.0,1.3313866555690765
828,83252.6,83322.0,83008.6,83078.5,13767.0,-0.33846113085746765,0.37514498829841614,0.37514498829841614,0.7136061191558838,0.0,0.7136061191558838
829,83083.3,83191.8,82976.6,83191.8,11528.0,-0.8145825862884521,0.2518594264984131,0.2518594264984131,1.0664420127868652,0.0,1.0664420127868652
830,83199.9,83528.1,83116.8,83499.9,25737.0,-0.8043871521949768,0.9229341745376587,0.9229341745376587,1.7273213267326355,0.0,1.7273213267326355
831,83493.1,83499.9,83386.6,83496.4,18219.0,-1.1548131704330444,0.7453004121780396,0.7453004121780396,1.900113582611084,0.0,1.900113582611084
832,83496.4,83576.6,83367.6,83389.8,14373.0,-1.1110533475875854,0.772074282169342,0.7720743417739868,1.8831276297569275,5.960464477539063e-08,1.8831276893615723
833,83386.5,83583.2,83358.5,83565.7,5882.0,-1.446215033531189,0.8343971371650696,0.8343971371650696,2.2806121706962585,0.0,2.2806121706962585
834,83564.7,83589.1,83495.9,83564.2,9029.0,-1.1565983295440674,0.6769766807556152,0.67697674036026,1.8335750102996826,5.960464477539063e-08,1.8335750699043274
835,83564.2,83567.0,83333.5,83333.5,10150.0,-0.4814123213291168,0.020647970959544182,0.020647970959544182,0.502060292288661,0.0,0.502060292288661
836,83333.4,83355.8,83152.8,83179.1,17827.0,-0.13873954117298126,0.017679590731859207,0.017679590731859207,0.15641913190484047,0.0,0.15641913190484047
837,83179.1,83306.3,83050.0,83302.2,11455.0,0.29633235931396484,0.03819447010755539,0.03819447010755539,0.25813788920640945,0.0,0.25813788920640945
838,83311.7,83311.7,83137.3,83240.7,8036.0,0.20376820862293243,0.1952407956123352,0.1952407956123352,0.008527413010597229,0.0,0.008527413010597229
839,83228.0,83278.0,83165.3,83272.9,7659.0,0.7667806148529053,0.09748745709657669,0.0974874496459961,0.6692931577563286,7.450580596923828e-09,0.6692931652069092
840,83268.7,83413.3,83182.0,83400.6,9926.0,0.46219173073768616,-0.11891855299472809,-0.11891856044530869,0.5811102837324142,7.450580596923828e-09,0.5811102911829948
841,83409.0,83420.5,83156.7,83156.7,9847.0,0.7806992530822754,-0.4068382978439331,-0.4068382680416107,1.1875375509262085,2.9802322387695312e-08,1.187537521123886
842,83156.6,83458.2,83136.0,83378.3,9308.0,0.9791092276573181,-0.013790656812489033,-0.013790655881166458,0.9928998844698071,9.313225746154785e-10,0.9928998835384846
843,83365.8,83487.3,83233.6,83282.3,8245.0,1.0192850828170776,-0.339141845703125,-0.3391418159008026,1.3584269285202026,2.9802322387695312e-08,1.3584268987178802
844,83286.5,83299.6,83106.7,83237.1,12591.0,1.5996750593185425,-0.39143744111061096,-0.3914374113082886,1.9911125004291534,2.9802322387695312e-08,1.991112470626831
845,83228.8,83428.0,83208.2,83400.3,11736.0,1.2336784601211548,0.08015608787536621,0.08015608787536621,1.1535223722457886,0.0,1.1535223722457886
846,83400.4,83614.9,83355.6,83556.5,9782.0,1.1761904954910278,0.4537178575992584,0.4537178575992584,0.7224726378917694,0.0,0.7224726378917694
847,83553.5,83566.5,83431.5,83466.6,5087.0,0.7935313582420349,0.1973518431186676,0.1973518431186676,0.5961795151233673,0.0,0.5961795151233673
848,83455.0,83696.9,83436.8,83671.7,14552.0,1.111562728881836,0.5177755355834961,0.5177755355834961,0.5937871932983398,0.0,0.5937871932983398
849,83660.6,83887.3,83660.6,83796.7,25035.0,0.8640244603157043,0.6290217638015747,0.6290218234062195,0.23500269651412964,5.960464477539063e-08,0.23500263690948486
850,83810.9,83866.3,83527.8,83527.8,8582.0,1.0294009447097778,0.15251126885414124,0.15251126885414124,0.8768896758556366,0.0,0.8768896758556366
851,83508.9,83671.5,83500.1,83644.1,7905.0,0.7550054788589478,0.5861204862594604,0.5861204266548157,0.1688849925994873,5.960464477539063e-08,0.16888505220413208
852,83644.0,83704.1,83595.4,83648.1,8093.0,0.9214625954627991,0.3235909938812256,0.323591023683548,0.5978716015815735,2.9802322387695312e-08,0.5978715717792511
853,83648.2,83792.6,83612.6,83745.6,7432.0,0.9607968926429749,0.5563063025474548,0.5563063025474548,0.40449059009552,0.0,0.40449059009552
854,83753.4,83836.6,83745.2,83810.6,14244.0,0.324547678232193,0.6889955997467041,0.6889956593513489,0.3644479215145111,5.960464477539063e-08,0.3644479811191559
855,83810.6,83911.9,83801.6,83908.4,9001.0,0.20960386097431183,0.6092323660850525,0.6092323064804077,0.39962850511074066,5.960464477539063e-08,0.3996284455060959
856,83909.4,83988.6,83880.9,83988.6,11285.0,-0.2579224407672882,0.5171369910240173,0.5171369910240173,0.7750594317913055,0.0,0.7750594317913055
857,83988.5,84346.8,83980.2,84217.3,20381.0,-0.32355812191963196,0.8993960618972778,0.8993960618972778,1.2229541838169098,0.0,1.2229541838169098
858,84217.2,84217.2,84061.1,84092.6,8302.0,-1.064768671989441,0.5030356049537659,0.5030356049537659,1.5678042769432068,0.0,1.5678042769432068
859,84079.8,84182.5,83988.6,84143.9,7843.0,-0.9710190892219543,0.41433051228523254,0.41433051228523254,1.385349601507187,0.0,1.385349601507187
860,84153.3,84185.7,83947.6,84021.0,8177.0,-0.9384125471115112,0.5904658436775208,0.5904658436775208,1.528878390789032,0.0,1.528878390789032
861,84016.8,84163.7,83968.7,84027.8,12205.0,-0.8233429789543152,0.4587237238883972,0.45872369408607483,1.2820667028427124,2.9802322387695312e-08,1.28206667304039
862,84021.4,84043.1,83807.6,83847.9,9911.0,-1.166370153427124,0.2388540357351303,0.2388540506362915,1.4052241891622543,1.4901161193847656e-08,1.4052242040634155
863,83843.7,83856.9,83719.5,83753.7,9225.0,-1.1054359674453735,0.009674015454947948,0.009674015454947948,1.1151099829003215,0.0,1.1151099829003215
864,83753.7,83776.9,83628.0,83628.0,8345.0,3.3607184886932373,-0.21787406504154205,-0.21787406504154205,3.5785925537347794,0.0,3.5785925537347794
865,83627.2,83704.8,83567.2,83666.8,14747.0,3.012803077697754,-0.2879348695278168,-0.28793489933013916,3.3007379472255707,2.9802322387695312e-08,3.300737977027893
866,83673.5,83715.7,83608.1,83699.0,5977.0,3.3408517837524414,-0.3448105454444885,-0.3448105454444885,3.68566232919693,0.0,3.68566232919693
867,83695.6,83719.0,83549.8,83549.8,3452.0,3.1584010124206543,-0.7925925850868225,-0.7925925254821777,3.950993597507477,5.960464477539063e-08,3.950993537902832
868,83555.8,83589.6,83380.5,83405.1,40093.0,3.501970052719116,-0.8175510764122009,-0.8175511360168457,4.319521129131317,5.960464477539063e-08,4.319521188735962
869,83408.1,83495.8,83404.0,83440.7,9717.0,3.3190901279449463,-0.8357056379318237,-0.8357056379318237,4.15479576587677,0.0,4.15479576587677
870,83428.2,83583.5,83428.2,83571.6,7534.0,3.2548534870147705,-0.5348644256591797,-0.5348644256591797,3.78971791267395,0.0,3.78971791267395
871,83571.5,83598.2,83471.9,83564.6,6870.0,2.8871469497680664,-0.5512405633926392,-0.5512405633926392,3.4383875131607056,0.0,3.4383875131607056
872,83564.5,83603.3,83409.2,83445.4,6639.0,3.2537381649017334,-0.4800358712673187,-0.4800358712673187,3.733774036169052,0.0,3.733774036169052
873,83436.3,83466.5,83282.1,83453.4,7506.0,3.1179425716400146,-0.3585568964481354,-0.3585568964481354,3.47649946808815,0.0,3.47649946808815
874,83452.5,83527.9,83427.1,83512.6,5215.0,-1.385759711265564,-0.13799019157886505,-0.13799019157886505,1.247769519686699,0.0,1.247769519686699
875,83516.7,83790.7,83504.2,83747.7,11180.0,-1.2576428651809692,0.09670054912567139,0.09670054912567139,1.3543434143066406,0.0,1.3543434143066406
876,83757.6,83895.3,83741.6,83858.9,10276.0,-0.8255579471588135,0.19103984534740448,0.19103984534740448,1.016597792506218,0.0,1.016597792506218
877,83860.0,83932.9,83826.0,83932.9,6560.0,-0.5449035167694092,0.45853081345558167,0.45853081345558167,1.0034343302249908,0.0,1.0034343302249908
878,83940.1,83984.9,83859.6,83950.7,11958.0,-0.26598915457725525,0.6541585326194763,0.6541584730148315,0.9201476871967316,5.960464477539063e-08,0.9201476275920868
879,83937.7,83937.7,83837.1,83860.8,7627.0,0.20469245314598083,0.503463864326477,0.5034638047218323,0.2987714111804962,5.960464477539063e-08,0.29877135157585144
880,83860.7,83988.5,83829.5,83944.8,3462.0,-0.21251782774925232,0.44655758142471313,0.44655758142471313,0.6590754091739655,0.0,0.6590754091739655
881,83937.9,84109.1,83936.9,84099.5,15827.0,0.4554629921913147,0.6401016712188721,0.6401017308235168,0.18463867902755737,5.960464477539063e-08,0.18463873863220215
882,84097.6,84195.8,84085.7,84107.1,6837.0,0.10855118930339813,0.7929773926734924,0.7929773926734924,0.6844262033700943,0.0,0.6844262033700943
883,84141.4,84194.8,84112.1,84128.8,5869.0,0.6293036937713623,0.8093120455741882,0.809312105178833,0.18000835180282593,5.960464477539063e-08,0.1800084114074707
884,84128.8,84152.8,84085.4,84138.0,5619.0,0.6828400492668152,0.7488671541213989,0.7488671541213989,0.06602710485458374,0.0,0.06602710485458374
885,84144.3,84282.8,84077.0,84253.4,11736.0,0.9195773601531982,0.6038318276405334,0.6038318872451782,0.3157455325126648,5.960464477539063e-08,0.31574547290802
886,84253.5,84346.9,84108.1,84123.6,12369.0,0.5415664911270142,0.3156529664993286,0.315652996301651,0.22591352462768555,2.9802322387695312e-08,0.22591349482536316
887,84123.6,84243.2,84105.0,84183.7,6456.0,0.2136877328157425,0.29881569743156433,0.29881569743156433,0.08512796461582184,0.0,0.08512796461582184
888,84183.7,84407.1,84175.8,84356.4,12382.0,0.1083308681845665,0.48325419425964355,0.48325422406196594,0.37492332607507706,2.9802322387695312e-08,0.37492335587739944
889,84350.7,84350.7,84034.2,84086.3,10004.0,-0.05996444821357727,0.26889798045158386,0.26889798045158386,0.32886242866516113,0.0,0.32886242866516113
890,84076.6,84152.9,84047.1,84143.1,8864.0,0.09667264670133591,0.2362322360277176,0.23623225092887878,0.13955958932638168,1.4901161193847656e-08,0.13955960422754288
891,84143.0,84386.4,84143.0,84366.4,7931.0,-0.22640803456306458,0.3173603117465973,0.3173603117465973,0.5437683463096619,0.0,0.5437683463096619
892,84370.6,84424.5,84153.4,84209.8,9858.0,0.17922541499137878,0.12210063636302948,0.12210064381361008,0.057124778628349304,7.450580596923828e-09,0.05712477117776871
893,84209.5,84308.4,84150.1,84244.1,10672.0,-0.30588382482528687,0.1370573341846466,0.1370573341846466,0.44294115900993347,0.0,0.44294115900993347
894,84231.7,84277.4,84197.8,84265.0,4751.0,-0.2003423124551773,0.15094250440597534,0.15094250440597534,0.35128481686115265,0.0,0.35128481686115265
895,84269.4,84294.7,84186.8,84188.0,4961.0,-0.29109907150268555,-0.07762112468481064,-0.07762112468481064,0.2134779468178749,0.0,0.2134779468178749
896,84197.3,84214.2,84110.1,84163.8,8754.0,-0.12020868062973022,0.04778125509619713,0.04778125509619713,0.16798993572592735,0.0,0.16798993572592735
897,84167.6,84237.4,84125.5,84197.2,7185.0,0.014903318136930466,0.01603635773062706,0.01603635773062706,0.0011330395936965942,0.0,0.0011330395936965942
898,84199.2,84214.4,84134.1,84178.5,4214.0,-0.2605617642402649,-0.2108890861272812,-0.2108890861272812,0.049672678112983704,0.0,0.049672678112983704
899,84182.8,84243.3,84110.0,84110.1,9177.0,-0.25821566581726074,0.028309831395745277,0.028309829533100128,0.286525497213006,1.862645149230957e-09,0.28652549535036087
900,84110.0,84145.0,84000.9,84019.7,11135.0,-0.24671712517738342,-0.14665305614471436,-0.14665307104587555,0.10006406903266907,1.4901161193847656e-08,0.10006405413150787
901,84028.0,84028.1,83827.1,83878.1,31049.0,-0.26356375217437744,-0.578781247138977,-0.578781247138977,0.3152174949645996,0.0,0.3152174949645996
902,83878.0,84009.6,83856.5,83953.2,4463.0,-0.9774752855300903,-0.30470773577690125,-0.30470770597457886,0.6727675497531891,2.9802322387695312e-08,0.6727675795555115
903,83953.2,83980.8,83895.1,83918.3,6474.0,-1.1882972717285156,-0.3867388665676117,-0.3867388665676117,0.8015584051609039,0.0,0.8015584051609039
904,83914.2,83935.5,83852.8,83852.8,6679.0,-0.43705055117607117,-0.4891747534275055,-0.4891747832298279,0.052124202251434326,2.9802322387695312e-08,0.052124232053756714
905,83841.9,83860.5,83741.6,83755.0,7145.0,-0.6021592617034912,-0.5143250823020935,-0.5143250823020935,0.0878341794013977,0.0,0.0878341794013977
906,83759.2,83974.9,83745.7,83964.7,7273.0,-0.9284401535987854,-0.2365550994873047,-0.2365550994873047,0.6918850541114807,0.0,0.6918850541114807
907,83964.7,84032.4,83898.7,83969.7,9174.0,-0.888907790184021,-0.2701990008354187,-0.2701990008354187,0.6187087893486023,0.0,0.6187087893486023
908,83969.7,84129.4,83968.1,84078.1,7156.0,-0.7754664421081543,-0.119268499314785,-0.1192685067653656,0.6561979427933693,7.450580596923828e-09,0.6561979353427887
909,84073.9,84201.0,84073.0,84196.5,8198.0,-1.0271594524383545,0.10272064059972763,0.10272064059972763,1.1298800930380821,0.0,1.1298800930380821
910,84201.7,84201.7,84025.3,84045.2,8063.0,-1.3827711343765259,0.03035002388060093,0.03035002388060093,1.4131211582571268,0.0,1.4131211582571268
911,84037.6,84037.8,83930.5,83979.7,5928.0,-1.5467625856399536,0.12113001197576523,0.12113001942634583,1.6678925976157188,7.450580596923828e-09,1.6678926050662994
912,83977.9,83988.5,83936.0,83982.1,8969.0,-1.0155807733535767,0.03442207723855972,0.03442207723855972,1.0500028505921364,0.0,1.0500028505921364
913,83979.3,83979.3,83847.1,83847.1,3779.0,-0.19331654906272888,-0.08483884483575821,-0.08483884483575821,0.10847770422697067,0.0,0.10847770422697067
914,83847.2,83916.9,83827.6,83827.6,7451.0,-1.0616960525512695,-0.03004707396030426,-0.03004707396030426,1.0316489785909653,0.0,1.0316489785909653
915,83826.8,83826.8,83671.6,83685.5,10288.0,-1.102004885673523,-0.08298011869192123,-0.08298011869192123,1.0190247669816017,0.0,1.0190247669816017
916,83677.2,83750.0,83586.7,83735.2,11544.0,-0.8965296745300293,-0.27332913875579834,-0.27332913875579834,0.623200535774231,0.0,0.623200535774231
917,83728.8,83728.8,83536.6,83616.9,42094.0,-0.9880102276802063,-0.42015713453292847,-0.42015713453292847,0.5678530931472778,0.0,0.5678530931472778
918,83619.0,83698.3,83610.0,83610.6,4024.0,-0.7836083173751831,-0.5560306310653687,-0.5560306310653687,0.22757768630981445,0.0,0.22757768630981445
919,83608.5,83630.5,83587.0,83611.6,4610.0,-0.3975127339363098,-0.6946826577186584,-0.6946825981140137,0.29716992378234863,5.960464477539063e-08,0.29716986417770386
920,83615.8,83753.0,83608.5,83696.0,8401.0,0.35444536805152893,-0.415494441986084,-0.4154944121837616,0.7699398100376129,2.9802322387695312e-08,0.7699397802352905
921,83696.0,83808.4,83672.4,83771.7,8045.0,0.5241963863372803,-0.24767890572547913,-0.24767889082431793,0.7718752920627594,1.4901161193847656e-08,0.7718752771615982
922,83771.9,83797.2,83687.7,83743.3,7048.0,0.4524722695350647,-0.2843518853187561,-0.2843518853187561,0.7368241548538208,0.0,0.7368241548538208
923,83749.0,83833.7,83689.7,83817.0,7983.0,-0.053016383200883865,-0.0359005406498909,-0.0359005406498909,0.017115842550992966,0.0,0.017115842550992966
924,83825.4,83826.3,83705.9,83740.7,7670.0,0.0011651344830170274,-0.10366326570510864,-0.10366327315568924,0.10482840018812567,7.450580596923828e-09,0.10482840763870627
925,83740.1,83775.0,83627.8,83677.6,7738.0,-0.001989060314372182,-0.00943823903799057,-0.00943823903799057,0.007449178723618388,0.0,0.007449178723618388
926,83666.0,83684.1,83608.1,83608.1,5996.0,0.10996648669242859,-0.15178987383842468,-0.15178987383842468,0.26175636053085327,0.0,0.26175636053085327
927,83608.2,83629.2,83549.2,83576.1,6533.0,0.055601440370082855,-0.04879022762179375,-0.04879022762179375,0.1043916679918766,0.0,0.1043916679918766
928,83583.8,83622.3,83548.1,83548.2,7330.0,0.014246850274503231,-0.07462981343269348,-0.07462981343269348,0.08887666370719671,0.0,0.08887666370719671
929,83555.1,83706.1,83555.1,83672.0,10687.0,0.02584841474890709,0.07223691046237946,0.07223691046237946,0.046388495713472366,0.0,0.046388495713472366
930,83678.4,84299.9,83579.7,84099.8,48233.0,-0.6803549528121948,0.4824565649032593,0.48245659470558167,1.162811517715454,2.9802322387695312e-08,1.1628115475177765
931,84092.4,84256.8,83848.1,83896.1,20421.0,-0.5565937161445618,0.14849695563316345,0.14849697053432465,0.7050906717777252,1.4901161193847656e-08,0.7050906866788864
932,83897.1,84299.9,83792.0,84270.3,17872.0,-0.05665643885731697,0.6293041110038757,0.6293041110038757,0.6859605498611927,0.0,0.6859605498611927
933,84261.5,84293.4,83986.8,84269.2,10392.0,-0.21554042398929596,0.5395123958587646,0.5395123958587646,0.7550528198480606,0.0,0.7550528198480606
934,84269.3,84820.2,84269.3,84762.7,44408.0,0.15064649283885956,1.2204339504241943,1.2204339504241943,1.0697874575853348,0.0,1.0697874575853348
935,84762.7,84900.0,84485.0,84890.9,32741.0,0.47148969769477844,1.4499661922454834,1.4499660730361938,0.978476494550705,1.1920928955078125e-07,0.9784763753414154
936,84890.9,85001.8,84816.5,84976.8,62131.0,0.3611597418785095,1.637036681175232,1.637036681175232,1.2758769392967224,0.0,1.2758769392967224
937,84972.3,85140.8,84857.4,84864.4,30059.0,0.4146586060523987,1.5414656400680542,1.5414656400680542,1.1268070340156555,0.0,1.1268070340156555
938,84860.9,84992.7,84711.4,84800.2,12249.0,0.5279703140258789,1.4985361099243164,1.4985361099243164,0.9705657958984375,0.0,0.9705657958984375
939,84797.1,85040.4,84796.9,84863.8,11989.0,0.4664156138896942,1.4243676662445068,1.4243676662445068,0.9579520523548126,0.0,0.9579520523548126
940,84855.5,85041.6,84700.0,85007.8,10696.0,0.9357047080993652,1.079669713973999,1.079669713973999,0.1439650058746338,0.0,0.1439650058746338
941,85007.8,85267.7,85007.8,85169.7,18893.0,0.9166669249534607,1.5180699825286865,1.5180699825286865,0.6014030575752258,0.0,0.6014030575752258
942,85171.3,85279.8,84913.6,85028.8,11743.0,0.3782874643802643,0.9000798463821411,0.9000799059867859,0.5217923820018768,5.960464477539063e-08,0.5217924416065216
943,85028.8,85028.8,84774.4,84815.3,17450.0,0.14221899211406708,0.6480348110198975,0.6480348110198975,0.5058158189058304,0.0,0.5058158189058304
944,84815.3,84968.6,84772.1,84907.1,9999.0,0.14880207180976868,0.17035610973834991,0.17035610973834991,0.021554037928581238,0.0,0.021554037928581238
945,84917.0,84984.1,84649.0,84660.5,12520.0,0.05242745950818062,-0.27140533924102783,-0.27140533924102783,0.32383279874920845,0.0,0.32383279874920845
946,84656.3,84699.8,84407.8,84436.5,15972.0,0.039969321340322495,-0.6358169317245483,-0.6358169317245483,0.6757862530648708,0.0,0.6757862530648708
947,84434.9,84539.6,84235.7,84261.3,11651.0,0.1434617042541504,-0.7106649875640869,-0.7106649875640869,0.8541266918182373,0.0,0.8541266918182373
948,84265.7,84645.9,84251.6,84645.8,25414.0,-0.1363205462694168,-0.1820824146270752,-0.182082399725914,0.045761868357658386,1.4901161193847656e-08,0.04576185345649719
949,84640.6,84671.3,84374.2,84546.2,8208.0,-0.5100261569023132,-0.37423938512802124,-0.37423938512802124,0.135786771774292,0.0,0.135786771774292
950,84534.6,84682.1,84494.5,84649.9,18914.0,-0.364023357629776,-0.4210183918476105,-0.4210183620452881,0.05699503421783447,2.9802322387695312e-08,0.056995004415512085
951,84650.6,84986.8,84570.9,84893.5,17548.0,-0.5590358972549438,-0.32429739832878113,-0.32429739832878113,0.23473849892616272,0.0,0.23473849892616272
952,84893.4,85162.0,84781.0,85125.8,20141.0,-0.5485966801643372,0.11407899111509323,0.11407899856567383,0.6626756712794304,7.450580596923828e-09,0.662675678730011
953,85141.6,85217.2,85078.1,85179.5,8645.0,-0.28822651505470276,0.4294073283672333,0.42940735816955566,0.717633843421936,2.9802322387695312e-08,0.7176338732242584
954,85179.5,85427.9,85162.8,85400.7,20955.0,-0.4688396453857422,0.5813431143760681,0.5813430547714233,1.0501827597618103,5.960464477539063e-08,1.0501827001571655
955,85403.5,85488.7,85308.4,85417.0,8141.0,-0.529681921005249,0.8935689926147461,0.8935689926147461,1.4232509136199951,0.0,1.4232509136199951
956,85417.0,85417.0,85030.7,85069.6,20538.0,-0.5080327987670898,0.7497960329055786,0.7497960925102234,1.2578288316726685,5.960464477539063e-08,1.2578288912773132
957,85055.6,85190.8,85055.6,85060.6,6663.0,-0.5019816160202026,0.9486023187637329,0.9486023783683777,1.4505839347839355,5.960464477539063e-08,1.4505839943885803
958,85060.1,85154.7,85000.1,85122.8,11759.0,-0.5141777396202087,0.5635247826576233,0.5635247230529785,1.077702522277832,5.960464477539063e-08,1.0777024626731873
959,85122.8,85122.8,84836.1,84836.2,16029.0,-0.2623128592967987,0.3430077135562897,0.3430077135562897,0.6053205728530884,0.0,0.6053205728530884
960,84836.2,85103.4,84806.1,84820.4,13616.0,-0.3988490104675293,0.20141783356666565,0.20141784846782684,0.600266844034195,1.4901161193847656e-08,0.6002668589353561
961,84812.1,84833.6,84582.3,84582.3,12104.0,-0.36362817883491516,-0.366580605506897,-0.36658063530921936,0.0029524266719818115,2.9802322387695312e-08,0.0029524564743041992
962,84578.1,84628.0,84460.8,84469.8,16158.0,-0.29825183749198914,-0.7706242203712463,-0.7706242203712463,0.4723723828792572,0.0,0.4723723828792572
963,84470.8,84551.8,84329.4,84551.7,10543.0,-0.22847142815589905,-0.7370281219482422,-0.7370281219482422,0.5085566937923431,0.0,0.5085566937923431
964,84556.0,84601.9,84415.7,84555.3,7480.0,-0.46054407954216003,-0.9899288415908813,-0.9899289011955261,0.5293847620487213,5.960464477539063e-08,0.5293848216533661
965,84539.0,84713.2,84494.4,84632.7,20191.0,-0.3820483684539795,-0.9181976318359375,-0.9181976318359375,0.536149263381958,0.0,0.536149263381958
966,84632.6,84788.1,84526.3,84670.7,11339.0,-2.8971855640411377,-0.4689083397388458,-0.46890830993652344,2.428277224302292,2.9802322387695312e-08,2.4282772541046143
967,84670.0,84670.5,84503.8,84520.0,8458.0,-2.0160789489746094,-0.6355487108230591,-0.6355487108230591,1.3805302381515503,0.0,1.3805302381515503
968,84520.1,84558.2,84307.6,84440.3,13741.0,-1.3389394283294678,-0.8017828464508057,-0.8017828464508057,0.5371565818786621,0.0,0.5371565818786621
969,84440.3,84502.6,84340.4,84454.2,4812.0,-1.9599521160125732,-0.45027947425842285,-0.45027947425842285,1.5096726417541504,0.0,1.5096726417541504
970,84454.1,84461.6,84317.9,84424.8,8405.0,-1.8724924325942993,-0.46639907360076904,-0.46639907360076904,1.4060933589935303,0.0,1.4060933589935303
971,84424.8,84466.4,84317.9,84428.5,5970.0,-1.7108187675476074,-0.18183104693889618,-0.18183104693889618,1.5289877206087112,0.0,1.5289877206087112
972,84428.5,84469.6,84304.4,84328.8,6193.0,-1.965395212173462,-0.16692356765270233,-0.16692356765270233,1.7984716445207596,0.0,1.7984716445207596
973,84324.6,84341.3,84047.4,84155.2,19509.0,-1.434557318687439,-0.46894383430480957,-0.46894383430480957,0.9656134843826294,0.0,0.9656134843826294
974,84155.2,84252.7,84064.1,84174.1,6456.0,-0.7611982822418213,-0.45082372426986694,-0.45082369446754456,0.31037455797195435,2.9802322387695312e-08,0.31037458777427673
975,84174.1,84294.7,84169.0,84187.5,9896.0,-0.9976775646209717,-0.5260415077209473,-0.5260415077209473,0.4716360569000244,0.0,0.4716360569000244
976,84186.0,84243.8,84129.5,84130.9,5068.0,1.672207236289978,-0.6375342011451721,-0.6375342011451721,2.30974143743515,0.0,2.30974143743515
977,84124.0,84124.0,83836.9,83943.2,13960.0,0.36105066537857056,-0.6824383735656738,-0.682438313961029,1.0434890389442444,5.960464477539063e-08,1.0434889793395996
978,83943.3,84075.7,83943.3,84063.2,18572.0,-0.21371552348136902,-0.44658029079437256,-0.44658032059669495,0.23286476731300354,2.9802322387695312e-08,0.23286479711532593
979,84067.1,84202.8,84029.6,84184.1,18730.0,0.09554076194763184,-0.3198201656341553,-0.3198201656341553,0.4153609275817871,0.0,0.4153609275817871
980,84184.6,84201.2,83800.1,83860.5,9955.0,-0.2953895032405853,-0.6684017777442932,-0.668401837348938,0.3730122745037079,5.960464477539063e-08,0.37301233410835266
981,83860.4,83911.7,83750.0,83803.1,9483.0,-0.15143229067325592,-0.7407432198524475,-0.7407432794570923,0.5893109291791916,5.960464477539063e-08,0.5893109887838364
982,83803.4,84003.3,83686.4,83926.7,14106.0,-0.07264602184295654,-0.4768166244029999,-0.47681665420532227,0.40417060256004333,2.9802322387695312e-08,0.4041706323623657
983,83936.7,84116.6,83895.2,84063.1,5934.0,-0.618380606174469,-0.10944250971078873,-0.10944250226020813,0.5089380964636803,7.450580596923828e-09,0.5089381039142609
984,84063.0,84068.0,83884.0,84056.9,11360.0,-0.8477300405502319,-0.13923893868923187,-0.13923893868923187,0.7084911018610001,0.0,0.7084911018610001
985,84058.9,84344.3,84000.1,84130.2,22610.0,-0.8447601199150085,-0.06805864721536636,-0.06805864721536636,0.7767014726996422,0.0,0.7767014726996422
986,84143.8,84143.8,83805.5,83890.7,6890.0,-1.0194053649902344,-0.2855018973350525,-0.2855018973350525,0.7339034676551819,0.0,0.7339034676551819
987,83898.4,83898.4,83725.7,83767.8,7933.0,-0.7784671783447266,-0.208958238363266,-0.20895825326442719,0.5695089399814606,1.4901161193847656e-08,0.5695089250802994
988,83769.1,83833.8,83644.4,83698.6,9021.0,-1.0392484664916992,-0.4337231516838074,-0.4337231516838074,0.6055253148078918,0.0,0.6055253148078918
989,83698.6,83698.6,83592.7,83631.9,7309.0,-1.1474961042404175,-0.6559470891952515,-0.6559470295906067,0.491549015045166,5.960464477539063e-08,0.4915490746498108
990,83628.6,83711.6,83506.1,83646.8,14344.0,-1.09492027759552,-0.2548316717147827,-0.2548316717147827,0.8400886058807373,0.0,0.8400886058807373
991,83640.5,83826.1,83518.1,83826.1,13397.0,-1.348703384399414,0.02744528464972973,0.02744528464972973,1.3761486690491438,0.0,1.3761486690491438
992,83826.2,83863.0,83730.3,83806.9,14159.0,-1.5197927951812744,-0.14274917542934418,-0.14274919033050537,1.3770436197519302,1.4901161193847656e-08,1.377043604850769
993,83793.4,83807.0,83529.3,83542.8,39490.0,-1.3279616832733154,-0.6189453601837158,-0.6189453601837158,0.7090163230895996,0.0,0.7090163230895996
994,83541.2,83617.5,83335.1,83363.5,30566.0,-1.9811580181121826,-0.8249156475067139,-0.8249155879020691,1.1562423706054688,5.960464477539063e-08,1.1562424302101135
995,83364.5,83410.2,83294.4,83322.6,14210.0,-1.596782922744751,-0.9599424600601196,-0.9599424600601196,0.6368404626846313,0.0,0.6368404626846313
996,83329.0,83414.6,83195.0,83211.9,12244.0,-2.0992507934570312,-0.8091536164283752,-0.80915367603302,1.290097177028656,5.960464477539063e-08,1.2900971174240112
997,83211.9,83284.2,83062.6,83228.9,68510.0,-1.9195231199264526,-0.6433241367340088,-0.6433241367340088,1.2761989831924438,0.0,1.2761989831924438
998,83244.1,83284.0,83121.4,83169.0,11905.0,-1.4270925521850586,-0.6327483654022217,-0.6327484250068665,0.7943441867828369,5.960464477539063e-08,0.7943441271781921
999,83175.6,83183.9,82916.8,82937.8,19501.0,-1.4269939661026,-0.829948365688324,-0.829948365688324,0.5970456004142761,0.0,0.5970456004142761
1000,82925.6,82963.6,82843.7,82875.6,29655.0,-1.0470666885375977,-0.9219663143157959,-0.9219663143157959,0.12510037422180176,0.0,0.12510037422180176
1001,82876.6,83021.4,82870.1,82967.0,8328.0,-0.8730776309967041,-1.0248615741729736,-1.0248616933822632,0.15178394317626953,1.1920928955078125e-07,0.15178406238555908
1002,82972.2,83028.8,82784.3,82884.9,14024.0,0.08957929909229279,-1.10014808177948,-1.10014808177948,1.1897273808717728,0.0,1.1897273808717728
1003,82870.4,83052.6,82846.0,83030.4,9470.0,0.2795363664627075,-0.613336443901062,-0.613336443901062,0.8928728103637695,0.0,0.8928728103637695
1004,83030.4,83299.0,83030.4,83225.5,16092.0,0.39642947912216187,-0.16554006934165955,-0.16554006934165955,0.5619695484638214,0.0,0.5619695484638214
1005,83225.5,83375.9,83118.9,83354.1,17205.0,0.17721113562583923,0.03780486807227135,0.03780486807227135,0.1394062675535679,0.0,0.1394062675535679
1006,83346.1,83366.1,83235.0,83327.7,13563.0,0.977313220500946,0.1391684114933014,0.13916842639446259,0.8381448090076447,1.4901161193847656e-08,0.8381447941064835
1007,83327.7,83387.0,83234.4,83319.0,10598.0,0.9120976328849792,0.10825753957033157,0.10825754702091217,0.8038400933146477,7.450580596923828e-09,0.8038400858640671
1008,83328.2,83367.4,83068.8,83169.0,9307.0,0.8809989094734192,0.0,0.0,0.8809989094734192,0.0,0.8809989094734192
1009,83191.0,83333.0,83145.0,83262.0,5816.0,1.732472538948059,0.390899121761322,0.390899121761322,1.341573417186737,0.0,1.341573417186737
1010,83261.8,83261.8,83098.2,83204.9,7128.0,1.2443766593933105,0.39733871817588806,0.39733874797821045,0.8470379412174225,2.9802322387695312e-08,0.8470379114151001
1011,83205.8,83210.9,82950.1,83020.0,10240.0,1.190936803817749,0.0638808161020279,0.06388082355260849,1.1270559877157211,7.450580596923828e-09,1.1270559802651405
1012,83010.3,83025.3,82811.0,82841.7,16781.0,0.7148007750511169,-0.0521148145198822,-0.0521148145198822,0.7669155895709991,0.0,0.7669155895709991
1013,82845.8,82866.4,82718.4,82830.3,12697.0,0.17359600961208344,-0.24099794030189514,-0.24099795520305634,0.4145939499139786,1.4901161193847656e-08,0.41459396481513977
1014,82857.7,83147.1,82857.7,83096.5,12846.0,0.45457616448402405,-0.15500056743621826,-0.15500056743621826,0.6095767319202423,0.0,0.6095767319202423
1015,83085.2,83168.2,82984.1,83070.7,10440.0,0.12734396755695343,-0.3399933874607086,-0.3399933874607086,0.46733735501766205,0.0,0.46733735501766205
1016,83080.9,83200.2,82974.4,83158.8,10932.0,-0.2903893291950226,-0.20270119607448578,-0.20270119607448578,0.0876881331205368,0.0,0.0876881331205368
1017,83158.9,83160.0,82927.1,82927.1,5971.0,-0.6104978919029236,-0.47035902738571167,-0.47035902738571167,0.14013886451721191,0.0,0.14013886451721191
1018,82922.4,82988.2,82783.7,82963.5,13592.0,-0.7378231287002563,-0.2470872551202774,-0.2470872551202774,0.49073587357997894,0.0,0.49073587357997894
1019,82965.8,82977.4,82875.1,82922.3,7153.0,-1.1841002702713013,-0.40799298882484436,-0.40799298882484436,0.7761072814464569,0.0,0.7761072814464569
1020,82922.3,83030.4,82889.2,82941.3,11976.0,-0.7845731377601624,-0.31681013107299805,-0.31681016087532043,0.4677630066871643,2.9802322387695312e-08,0.4677629768848419
1021,82950.1,83099.9,82902.3,83002.0,9003.0,-1.2056020498275757,-0.021681522950530052,-0.021681522950530052,1.1839205268770456,0.0,1.1839205268770456
1022,82996.5,83020.0,82769.9,82843.9,19729.0,-1.0683116912841797,0.0026500090025365353,0.0026500090025365353,1.0709617002867162,0.0,1.0709617002867162
1023,82843.8,82883.9,82707.7,82783.4,17817.0,-1.238279938697815,-0.05661990866065025,-0.05661990866065025,1.1816600300371647,0.0,1.1816600300371647
1024,82762.5,82762.5,82445.9,82450.1,38999.0,-2.2001211643218994,-0.777888834476471,-0.7778888940811157,1.4222323298454285,5.960464477539063e-08,1.4222322702407837
1025,82457.3,82604.0,82310.6,82464.0,20183.0,-2.315387725830078,-0.7303454875946045,-0.7303454875946045,1.5850422382354736,0.0,1.5850422382354736
1026,82463.2,82533.3,82345.6,82498.0,12211.0,-1.0940582752227783,-0.7946205139160156,-0.7946205139160156,0.2994377613067627,0.0,0.2994377613067627
1027,82490.7,82738.0,82431.8,82664.8,11469.0,0.6142478585243225,-0.31630754470825195,-0.31630754470825195,0.9305554032325745,0.0,0.9305554032325745
1028,82683.2,83082.3,82666.0,82839.8,14730.0,0.7208235263824463,-0.1491054743528366,-0.1491054743528366,0.8699290007352829,0.0,0.8699290007352829
1029,82843.1,82933.7,82700.1,82887.1,6414.0,0.9344030022621155,-0.04244372621178627,-0.04244372621178627,0.9768467284739017,0.0,0.9768467284739017
1030,82888.2,82990.1,82829.2,82875.8,8653.0,1.4619696140289307,-0.0789715126156807,-0.07897152006626129,1.5409411266446114,7.450580596923828e-09,1.540941134095192
1031,82888.0,82961.2,82739.9,82799.9,10151.0,1.5187495946884155,-0.24349001049995422,-0.24348999559879303,1.7622396051883698,1.4901161193847656e-08,1.7622395902872086
1032,82820.8,82825.6,82633.4,82714.6,15778.0,1.2295916080474854,-0.15607289969921112,-0.15607289969921112,1.3856645077466965,0.0,1.3856645077466965
1033,82715.6,82988.3,82715.6,82955.1,9882.0,2.1002960205078125,0.20741252601146698,0.2074125111103058,1.8928834944963455,1.4901161193847656e-08,1.8928835093975067
1034,82963.1,82967.7,82783.6,82919.9,7372.0,3.218874454498291,0.5697953701019287,0.5697953701019287,2.6490790843963623,0.0,2.6490790843963623
1035,82913.9,82927.3,82831.9,82909.1,4950.0,4.1713128089904785,0.5397525429725647,0.5397526025772095,3.631560266017914,5.960464477539063e-08,3.631560206413269
1036,82910.5,82960.7,82740.6,82909.9,8216.0,2.6306657791137695,0.49928295612335205,0.49928292632102966,2.1313828229904175,2.9802322387695312e-08,2.13138285279274
1037,82921.7,83124.8,82802.1,82885.1,10440.0,0.7697438597679138,0.26650363206863403,0.26650363206863403,0.5032402276992798,0.0,0.5032402276992798
1038,82885.2,82910.2,82579.6,82602.9,8948.0,0.698884904384613,-0.2859717607498169,-0.2859717607498169,0.9848566651344299,0.0,0.9848566651344299
1039,82597.0,82746.2,82551.9,82745.7,6251.0,1.0498542785644531,-0.17059160768985748,-0.17059160768985748,1.2204458862543106,0.0,1.2204458862543106
1040,82746.0,82972.1,82713.0,82924.8,8474.0,0.6738336086273193,0.05912461876869202,0.05912461876869202,0.6147089898586273,0.0,0.6147089898586273
1041,82931.2,83200.3,82842.8,83181.5,11690.0,1.3403242826461792,0.46087199449539185,0.46087202429771423,0.8794522881507874,2.9802322387695312e-08,0.879452258348465
1042,83169.5,83271.3,82972.3,82976.7,31206.0,1.1548728942871094,0.31687459349632263,0.31687459349632263,0.8379983007907867,0.0,0.8379983007907867
1043,82981.4,83032.6,82853.1,82971.3,13061.0,0.6056968569755554,0.019522985443472862,0.019522985443472862,0.5861738715320826,0.0,0.5861738715320826
1044,82965.3,83145.1,82965.3,83098.3,9214.0,0.20621418952941895,0.21514549851417542,0.2151455134153366,0.00893130898475647,1.4901161193847656e-08,0.008931323885917664
1045,83087.7,83197.7,82994.5,83182.7,6665.0,-0.01724289543926716,0.3300018012523651,0.3300018310546875,0.34724469669163227,2.9802322387695312e-08,0.34724472649395466
1046,83178.7,83229.1,83127.5,83133.0,7498.0,0.1115155890583992,0.2690891623497009,0.2690891623497009,0.15757357329130173,0.0,0.15757357329130173
1047,83128.0,83223.0,83102.7,83174.7,5256.0,0.2463877946138382,0.34940120577812195,0.34940123558044434,0.10301341116428375,2.9802322387695312e-08,0.10301344096660614
1048,83174.6,83307.3,83072.9,83184.5,35632.0,0.4356941282749176,0.7040933966636658,0.7040933966636658,0.26839926838874817,0.0,0.26839926838874817
1049,83184.6,83284.5,83088.8,83284.5,6360.0,-0.47944802045822144,0.6511478424072266,0.6511478424072266,1.130595862865448,0.0,1.130595862865448
1050,83272.9,83346.8,83179.9,83179.9,13760.0,0.16689440608024597,0.3076300024986267,0.3076300024986267,0.14073559641838074,0.0,0.14073559641838074
1051,83179.7,83184.8,83045.7,83052.5,4461.0,0.5261067152023315,-0.1550825536251068,-0.1550825536251068,0.6811892688274384,0.0,0.6811892688274384
1052,83052.4,83146.3,82935.9,83116.1,10939.0,0.6780241131782532,0.1679970771074295,0.1679970771074295,0.5100270360708237,0.0,0.5100270360708237
1053,83100.4,83247.2,83088.1,83180.9,7460.0,0.5551261305809021,0.25261935591697693,0.25261935591697693,0.30250677466392517,0.0,0.30250677466392517
1054,83176.7,83247.2,83113.7,83113.7,4538.0,1.5028940439224243,0.01853979006409645,0.01853979006409645,1.4843542538583279,0.0,1.4843542538583279
1055,83112.5,83218.2,83097.6,83143.2,4559.0,1.2425296306610107,-0.0474858321249485,-0.0474858321249485,1.2900154627859592,0.0,1.2900154627859592
1056,83147.8,83445.2,83122.1,83399.3,9186.0,0.8403410315513611,0.3203263282775879,0.3203263282775879,0.5200147032737732,0.0,0.5200147032737732
1057,83393.7,83643.2,83384.8,83617.9,18477.0,0.9923326969146729,0.5328486561775208,0.5328486561775208,0.4594840407371521,0.0,0.4594840407371521
1058,83616.3,83796.2,83572.4,83765.2,20164.0,0.4035017788410187,0.6980905532836914,0.6980905532836914,0.29458877444267273,0.0,0.29458877444267273
1059,83761.1,83769.4,83530.7,83549.3,9553.0,0.6164106726646423,0.3179425597190857,0.3179425597190857,0.29846811294555664,0.0,0.29846811294555664
1060,83552.4,83699.9,83552.4,83664.0,8323.0,-0.24457517266273499,0.5819934606552124,0.5819934606552124,0.8265686333179474,0.0,0.8265686333179474
1061,83663.9,83696.4,83552.1,83583.8,8161.0,-1.2990553379058838,0.6397120952606201,0.6397120952606201,1.938767433166504,0.0,1.938767433166504
1062,83581.5,83617.6,83483.5,83502.9,9247.0,-1.500319004058838,0.4653693735599518,0.4653693735599518,1.9656883776187897,0.0,1.9656883776187897
1063,83498.6,83528.3,83410.5,83410.5,6310.0,-1.7446783781051636,0.27602681517601013,0.27602678537368774,2.0207051932811737,2.9802322387695312e-08,2.0207051634788513
1064,83419.0,83419.1,83243.2,83355.1,44546.0,-2.523026704788208,0.2904435992240906,0.2904435992240906,2.8134703040122986,0.0,2.8134703040122986
1065,83365.5,83365.5,83137.7,83245.0,10509.0,-2.2952687740325928,0.12243559956550598,0.12243559211492538,2.4177043735980988,7.450580596923828e-09,2.417704366147518
1066,83244.9,83472.3,83217.3,83376.4,11346.0,-2.035921335220337,-0.027456391602754593,-0.027456391602754593,2.0084649436175823,0.0,2.0084649436175823
1067,83379.7,83599.9,83379.7,83593.4,5674.0,-1.7489243745803833,-0.029299946501851082,-0.029299946501851082,1.7196244280785322,0.0,1.7196244280785322
1068,83593.4,83810.5,83593.4,83773.3,12094.0,-1.6300890445709229,0.009662425145506859,0.009662425145506859,1.6397514697164297,0.0,1.6397514697164297
1069,83778.5,83884.0,83778.5,83853.8,8720.0,-1.4553409814834595,0.3644554913043976,0.3644554913043976,1.819796472787857,0.0,1.819796472787857
1070,83856.0,83932.0,83741.5,83919.5,6771.0,-1.3180575370788574,0.3053882122039795,0.3053882122039795,1.623445749282837,0.0,1.623445749282837
1071,83916.6,84107.5,83916.6,84096.0,22793.0,-1.309105634689331,0.6128019690513611,0.6128019094467163,1.9219076037406921,5.960464477539063e-08,1.9219075441360474
1072,84094.0,84469.1,84059.2,84469.1,44748.0,-0.6840804815292358,1.157089352607727,1.157089352607727,1.841169834136963,0.0,1.841169834136963
1073,84469.1,84537.4,84331.0,84471.8,17837.0,0.018636751919984818,1.2723779678344727,1.2723780870437622,1.2537412159144878,1.1920928955078125e-07,1.2537413351237774
1074,84468.2,84514.9,84353.3,84407.5,7191.0,0.1812589168548584,1.2625483274459839,1.2625483274459839,1.0812894105911255,0.0,1.0812894105911255
1075,84405.0,84594.4,84400.8,84531.8,17853.0,0.7168574333190918,1.5457947254180908,1.5457948446273804,0.828937292098999,1.1920928955078125e-07,0.8289374113082886
1076,84531.8,84779.9,84531.8,84728.3,10834.0,0.7004721164703369,1.6214402914047241,1.6214401721954346,0.9209681749343872,1.1920928955078125e-07,0.9209680557250977
1077,84726.2,84730.2,84553.1,84639.2,8104.0,0.9760881066322327,1.2510613203048706,1.2510613203048706,0.27497321367263794,0.0,0.27497321367263794
1078,84645.4,84843.4,84645.4,84788.6,6836.0,2.0395374298095703,1.2119669914245605,1.2119669914245605,0.8275704383850098,0.0,0.8275704383850098
1079,84802.4,84937.8,84788.9,84921.0,9863.0,2.3524980545043945,1.2726950645446777,1.2726950645446777,1.0798029899597168,0.0,1.0798029899597168
1080,84921.0,84963.5,84713.3,84825.4,29305.0,2.3745336532592773,1.0794850587844849,1.0794850587844849,1.2950485944747925,0.0,1.2950485944747925
1081,84825.4,84832.5,84578.6,84643.4,31444.0,3.272045850753784,0.6509209275245667,0.6509208679199219,2.6211249232292175,5.960464477539063e-08,2.6211249828338623
1082,84648.7,84856.0,84635.0,84707.8,12198.0,2.6048824787139893,0.28258296847343445,0.28258299827575684,2.322299510240555,2.9802322387695312e-08,2.3222994804382324
1083,84713.1,84934.3,84713.1,84924.9,22912.0,2.6164729595184326,0.5363938808441162,0.5363938808441162,2.0800790786743164,0.0,2.0800790786743164
1084,84924.9,85000.0,84870.7,84992.2,7445.0,2.5931434631347656,0.6927146315574646,0.6927146315574646,1.900428831577301,0.0,1.900428831577301
1085,84988.3,85033.8,84865.2,84981.3,7177.0,1.5755908489227295,0.5317525863647461,0.5317525863647461,1.0438382625579834,0.0,1.0438382625579834
1086,84981.5,85175.3,84981.5,85131.6,10751.0,2.4136087894439697,0.475997656583786,0.4759976267814636,1.9376111328601837,2.9802322387695312e-08,1.937611162662506
1087,85132.1,85495.4,85088.0,85405.6,32002.0,1.619969129562378,0.9054887294769287,0.9054887294769287,0.7144804000854492,0.0,0.7144804000854492
1088,85414.1,85414.1,85208.4,85305.7,15830.0,0.8684573769569397,0.6098715662956238,0.6098715662956238,0.2585858106613159,0.0,0.2585858106613159
1089,85305.7,85471.1,85301.4,85384.0,5496.0,0.5807365775108337,0.5452125668525696,0.5452126264572144,0.03552401065826416,5.960464477539063e-08,0.035523951053619385
1090,85383.9,85383.9,85109.7,85229.7,15122.0,-0.02213352732360363,0.47663167119026184,0.47663164138793945,0.49876519851386547,2.9802322387695312e-08,0.4987651687115431
1091,85228.3,85329.5,85143.0,85234.0,10143.0,-0.4742960035800934,0.6977527141571045,0.6977526545524597,1.1720487177371979,5.960464477539063e-08,1.172048658132553
1092,85242.4,85311.9,85073.9,85155.1,14359.0,-0.8324697613716125,0.5280560851097107,0.5280560851097107,1.3605258464813232,0.0,1.3605258464813232
1093,85166.3,85242.2,85024.3,85132.6,10146.0,-1.7005443572998047,0.244572713971138,0.244572713971138,1.9451170712709427,0.0,1.9451170712709427
1094,85162.9,85233.7,85104.3,85130.0,9191.0,-2.004384994506836,0.16212885081768036,0.16212883591651917,2.1665138453245163,1.4901161193847656e-08,2.166513830423355
1095,85131.1,85316.6,85120.1,85194.0,7822.0,-1.885522723197937,0.2502940595149994,0.250294029712677,2.1358167827129364,2.9802322387695312e-08,2.135816752910614
1096,85201.8,85285.2,85079.0,85131.4,8329.0,-2.221865653991699,-0.00023860117653384805,-0.00023860117653384805,2.2216270528151654,0.0,2.2216270528151654
1097,85160.4,85295.5,84984.1,85144.8,17961.0,-1.2424414157867432,-0.30537188053131104,-0.30537188053131104,0.9370695352554321,0.0,0.9370695352554321
1098,85144.8,85407.8,85127.1,85361.0,17528.0,-1.1851325035095215,0.0648220106959343,0.0648220106959343,1.2499545142054558,0.0,1.2499545142054558
1099,85361.0,85448.1,85123.2,85123.2,8249.0,-0.8726482391357422,-0.3054399788379669,-0.3054399788379669,0.5672082602977753,0.0,0.5672082602977753
1100,85123.2,85130.6,84951.8,85037.8,10494.0,-0.5225809216499329,-0.22516357898712158,-0.22516357898712158,0.2974173426628113,0.0,0.2974173426628113
1101,85042.0,85250.6,85016.8,85054.9,12391.0,0.030853914096951485,-0.21012923121452332,-0.2101292461156845,0.2409831453114748,1.4901161193847656e-08,0.240983160212636
1102,85063.5,85277.3,85063.5,85188.7,10834.0,0.43956929445266724,0.03945924714207649,0.03945924714207649,0.40011004731059074,0.0,0.40011004731059074
1103,85187.8,85337.9,85118.3,85337.9,10198.0,0.8487762808799744,0.24114954471588135,0.24114954471588135,0.607626736164093,0.0,0.607626736164093
1104,85346.5,85444.5,85329.2,85392.6,13602.0,1.264416217803955,0.3084712326526642,0.3084712326526642,0.9559449851512909,0.0,0.9559449851512909
1105,85393.9,85561.9,85319.7,85418.8,11914.0,1.3680931329727173,0.2638646960258484,0.263864666223526,1.104228436946869,2.9802322387695312e-08,1.1042284667491913
1106,85417.8,85429.4,85300.1,85300.4,8748.0,1.2005847692489624,0.19851666688919067,0.19851665198802948,1.0020681023597717,1.4901161193847656e-08,1.002068117260933
1107,85300.0,85300.0,85090.5,85152.2,6980.0,0.5740195512771606,0.00869841780513525,0.00869841780513525,0.5653211334720254,0.0,0.5653211334720254
1108,85153.2,85165.3,85047.3,85085.0,10597.0,0.8174974322319031,-0.32333269715309143,-0.32333266735076904,1.1408301293849945,2.9802322387695312e-08,1.1408300995826721
1109,85085.0,85226.7,85085.0,85199.7,8634.0,0.40869778394699097,0.08986973762512207,0.08986973762512207,0.3188280463218689,0.0,0.3188280463218689
1110,85195.7,85336.2,85195.7,85319.5,6052.0,0.23241664469242096,0.33126816153526306,0.3312681317329407,0.0988515168428421,2.9802322387695312e-08,0.09885148704051971
1111,85325.4,85429.3,85285.5,85289.7,7594.0,-0.08512795716524124,0.2760625183582306,0.2760625183582306,0.36119047552347183,0.0,0.36119047552347183
1112,85285.6,85346.4,85205.0,85346.4,5640.0,-0.4122902750968933,0.18511295318603516,0.18511293828487396,0.5974032282829285,1.4901161193847656e-08,0.5974032133817673
1113,85342.2,85423.8,85333.7,85423.7,8240.0,-0.27570345997810364,0.10054699331521988,0.10054698586463928,0.3762504532933235,7.450580596923828e-09,0.3762504458427429
1114,85410.8,85471.1,85387.4,85430.1,7198.0,-0.6665895581245422,0.043914809823036194,0.043914809823036194,0.7105043679475784,0.0,0.7105043679475784
1115,85426.0,85471.1,85315.3,85394.0,5488.0,-0.49111321568489075,-0.029029764235019684,-0.029029764235019684,0.46208345144987106,0.0,0.46208345144987106
1116,85397.6,85463.6,85352.0,85463.6,7635.0,-0.25186586380004883,0.1913275122642517,0.1913275122642517,0.44319337606430054,0.0,0.44319337606430054
1117,85471.1,85471.1,85238.8,85252.8,8913.0,-0.755718469619751,0.11813405156135559,0.11813405156135559,0.8738525211811066,0.0,0.8738525211811066
1118,85247.5,85285.1,85058.4,85130.4,12347.0,-0.9031177759170532,0.05335656926035881,0.05335656926035881,0.956474345177412,0.0,0.956474345177412
1119,85139.0,85276.5,85129.6,85169.9,15130.0,-1.2055480480194092,-0.03498214855790138,-0.03498214855790138,1.1705658994615078,0.0,1.1705658994615078
1120,85181.6,85200.2,85075.3,85088.0,8698.0,-1.116606593132019,-0.27133306860923767,-0.2713330388069153,0.8452735245227814,2.9802322387695312e-08,0.8452735543251038
1121,85088.0,85200.0,84990.6,85200.0,18433.0,-1.4227763414382935,-0.10517461597919464,-0.10517462342977524,1.3176017254590988,7.450580596923828e-09,1.3176017180085182
1122,85200.0,85268.6,85181.8,85237.4,5815.0,-0.8854185938835144,-0.12771481275558472,-0.1277148276567459,0.7577037811279297,1.4901161193847656e-08,0.7577037662267685
1123,85240.1,85268.1,85166.9,85205.4,5931.0,-0.2557189464569092,-0.2555551826953888,-0.2555551528930664,0.00016376376152038574,2.9802322387695312e-08,0.00016379356384277344
1124,85198.0,85198.4,85125.6,85172.6,3847.0,0.08072517067193985,-0.3014160096645355,-0.3014160096645355,0.3821411803364754,0.0,0.3821411803364754
1125,85173.4,85384.5,85173.4,85335.4,18953.0,0.459098219871521,-0.06862491369247437,-0.06862492114305496,0.5277231335639954,7.450580596923828e-09,0.527723141014576
1126,85343.1,85349.8,85102.7,85181.6,8900.0,0.08314186334609985,-0.3299650251865387,-0.3299650251865387,0.41310688853263855,0.0,0.41310688853263855
1127,85186.6,85246.2,85127.0,85230.2,5599.0,0.7357405424118042,-0.026502065360546112,-0.026502063497900963,0.7622426077723503,1.862645149230957e-09,0.7622426059097052
1128,85224.5,85288.6,85170.3,85281.0,4742.0,0.4245281219482422,0.17690691351890564,0.17690691351890564,0.24762120842933655,0.0,0.24762120842933655
1129,85281.0,85355.8,85279.4,85318.8,9746.0,0.8279335498809814,0.17482519149780273,0.17482519149780273,0.6531083583831787,0.0,0.6531083583831787
1130,85318.7,85318.7,85180.9,85189.8,5384.0,1.0515695810317993,0.11963717639446259,0.11963716894388199,0.9319324046373367,7.450580596923828e-09,0.9319324120879173
1131,85183.3,85269.7,85161.6,85223.7,6086.0,0.9471830725669861,0.027820570394396782,0.027820568531751633,0.9193625021725893,1.862645149230957e-09,0.9193625040352345
1132,85222.7,85222.7,85020.0,85020.0,7734.0,1.4049351215362549,-0.25505053997039795,-0.25505053997039795,1.6599856615066528,0.0,1.6599856615066528
1133,85006.4,85052.3,84906.1,84906.1,7145.0,0.9158554673194885,-0.35126516222953796,-0.35126516222953796,1.2671206295490265,0.0,1.2671206295490265
1134,84905.8,84951.2,84779.9,84868.0,12524.0,0.9536947011947632,-0.35762858390808105,-0.35762858390808105,1.3113232851028442,0.0,1.3113232851028442
1135,84860.9,85071.5,84860.9,84990.3,8568.0,0.7063165903091431,-0.4044061005115509,-0.4044061005115509,1.110722690820694,0.0,1.110722690820694
1136,84988.0,84988.0,84879.2,84910.6,8412.0,1.1275606155395508,-0.3181438446044922,-0.3181438148021698,1.445704460144043,2.9802322387695312e-08,1.4457044303417206
1137,84910.7,84992.1,84867.1,84961.3,5568.0,0.9169049263000488,-0.31550583243370056,-0.31550583243370056,1.2324107587337494,0.0,1.2324107587337494
1138,84957.2,85017.6,84882.3,84901.1,4003.0,1.020076036453247,-0.44546666741371155,-0.44546666741371155,1.4655427038669586,0.0,1.4655427038669586
1139,84897.8,84949.5,84831.7,84855.1,9828.0,0.7020442485809326,-0.5434855222702026,-0.5434855222702026,1.2455297708511353,0.0,1.2455297708511353
1140,84871.0,84949.6,84782.5,84790.1,4940.0,0.9102332592010498,-0.46918216347694397,-0.4691821336746216,1.3794154226779938,2.9802322387695312e-08,1.3794153928756714
1141,84788.3,84808.4,84700.0,84751.4,8883.0,0.9976296424865723,-0.5541940927505493,-0.5541940331459045,1.5518237352371216,5.960464477539063e-08,1.5518236756324768
1142,84754.7,84754.7,84570.5,84612.5,12330.0,0.3210656940937042,-0.47929897904396057,-0.47929897904396057,0.8003646731376648,0.0,0.8003646731376648
1143,84604.1,84637.0,84327.4,84423.9,40936.0,0.1937779188156128,-0.5679251551628113,-0.5679251551628113,0.7617030739784241,0.0,0.7617030739784241
1144,84420.7,84420.7,84208.6,84229.8,10888.0,-0.25862082839012146,-0.7519950270652771,-0.7519950270652771,0.49337419867515564,0.0,0.49337419867515564
1145,84229.8,84290.6,84004.7,84024.3,17100.0,-0.3577793836593628,-1.136600375175476,-1.136600375175476,0.7788209915161133,0.0,0.7788209915161133
1146,84012.6,84258.9,83913.9,84150.8,11053.0,-1.0547587871551514,-0.8948289752006531,-0.8948289752006531,0.1599298119544983,0.0,0.1599298119544983
1147,84150.8,84159.2,83900.0,83998.3,31858.0,-1.0446699857711792,-1.1334571838378906,-1.1334573030471802,0.08878719806671143,1.1920928955078125e-07,0.08878731727600098
1148,83998.4,84009.6,83758.2,83909.4,21347.0,-0.8935256600379944,-1.1680686473846436,-1.1680686473846436,0.27454298734664917,0.0,0.27454298734664917
1149,83909.5,84162.2,83873.9,84122.5,18923.0,-0.6868093609809875,-0.8633559346199036,-0.8633559346199036,0.17654657363891602,0.0,0.17654657363891602
1150,84122.4,84122.4,83911.3,83937.3,10531.0,-1.0388545989990234,-1.0057833194732666,-1.0057833194732666,0.033071279525756836,0.0,0.033071279525756836
1151,83951.5,84061.3,83783.2,83928.5,11695.0,-1.1003423929214478,-0.9709555506706238,-0.9709556102752686,0.12938684225082397,5.960464477539063e-08,0.1293867826461792
1152,83934.7,83934.7,83774.4,83783.4,7850.0,-81.92518615722656,-0.979880690574646,-0.979880690574646,80.94530546665192,0.0,80.94530546665192
1153,83792.7,83857.4,83586.1,83627.4,36647.0,-91.78455352783203,-0.9434532523155212,-0.9434532523155212,90.84110027551651,0.0,90.84110027551651
1154,83623.2,83674.0,83547.0,83663.7,8006.0,-93.60042572021484,-0.6720824837684631,-0.6720825433731079,92.92834323644638,5.960464477539063e-08,92.92834317684174
1155,83660.6,83695.7,83545.4,83676.7,7245.0,-95.11111450195312,-0.41368240118026733,-0.4136824309825897,94.69743210077286,2.9802322387695312e-08,94.69743207097054
1156,83682.7,83777.7,83607.0,83716.5,13175.0,-92.53882598876953,-0.5160936117172241,-0.5160936117172241,92.02273237705231,0.0,92.02273237705231
1157,83715.4,83715.4,83408.4,83449.0,20753.0,-95.9487075805664,-0.6539380550384521,-0.6539381146430969,95.29476952552795,5.960464477539063e-08,95.29476946592331
1158,83446.0,83498.2,83387.0,83480.7,13874.0,-91.50089263916016,-0.5109025835990906,-0.5109026432037354,90.98999005556107,5.960464477539063e-08,90.98998999595642
1159,83493.3,83525.2,83452.6,83455.1,6233.0,-84.51788330078125,-0.793364942073822,-0.793364942073822,83.72451835870743,0.0,83.72451835870743
1160,83471.8,83471.8,83291.7,83334.0,12585.0,-94.5997085571289,-0.718747079372406,-0.718747079372406,93.8809614777565,0.0,93.8809614777565
1161,83342.4,83617.9,83325.6,83576.7,11625.0,-94.39912414550781,-0.4191625714302063,-0.4191626012325287,93.9799615740776,2.9802322387695312e-08,93.97996154427528
1162,83584.9,83594.5,83415.2,83489.9,7671.0,-65.88043975830078,-0.35030806064605713,-0.35030806064605713,65.53013169765472,0.0,65.53013169765472
1163,83460.4,83604.4,83436.0,83525.7,6586.0,168.36383056640625,-0.12160525470972061,-0.12160525470972061,168.48543582111597,0.0,168.48543582111597
1164,83525.8,83653.4,83477.7,83620.6,9151.0,24.626728057861328,-0.05151763930916786,-0.051517635583877563,24.678245697170496,3.725290298461914e-09,24.678245693445206
1165,83629.0,83964.9,83580.7,83882.4,25524.0,15.15662670135498,0.24582147598266602,0.24582147598266602,14.910805225372314,0.0,14.910805225372314
1166,83890.1,83915.8,83752.2,83793.9,9105.0,1.2380951642990112,0.0924530178308487,0.09245302528142929,1.1456421464681625,7.450580596923828e-09,1.145642139017582
1167,83798.6,83938.7,83798.5,83880.9,12169.0,136.9590606689453,0.5175597667694092,0.5175597667694092,136.4415009021759,0.0,136.4415009021759
1168,83881.0,84189.7,83881.0,84072.7,17582.0,-42.96049118041992,0.7091459631919861,0.7091459035873413,43.66963714361191,5.960464477539063e-08,43.66963708400726
1169,84072.6,84110.0,83977.5,84070.0,8548.0,-31.11060333251953,0.7368015646934509,0.7368015050888062,31.847404897212982,5.960464477539063e-08,31.847404837608337
1170,84066.4,84172.1,83973.2,84144.1,11358.0,4.581324100494385,0.9721141457557678,0.972114086151123,3.609209954738617,5.960464477539063e-08,3.6092100143432617
1171,84139.7,84290.6,84139.7,84254.7,9421.0,95.2370834350586,0.8112308382987976,0.8112308382987976,94.4258525967598,0.0,94.4258525967598
1172,84258.5,84413.2,84225.4,84413.2,12062.0,-17.025327682495117,1.1058878898620605,1.1058878898620605,18.131215572357178,0.0,18.131215572357178
1173,84413.2,84433.4,84171.6,84195.6,15662.0,-69.15902709960938,0.8020266890525818,0.8020266890525818,69.96105378866196,0.0,69.96105378866196
1174,84200.2,84304.5,84200.2,84296.3,3366.0,-36.84366226196289,0.8080489039421082,0.8080488443374634,37.651711165905,5.960464477539063e-08,37.651711106300354
1175,84296.4,84338.8,84269.6,84338.8,8487.0,-14.438167572021484,0.5440932512283325,0.5440931916236877,14.982260823249817,5.960464477539063e-08,14.982260763645172
1176,84347.4,84581.3,84347.4,84485.4,12701.0,88.7739028930664,0.8252390623092651,0.8252390623092651,87.94866383075714,0.0,87.94866383075714
1177,84487.4,84546.4,84484.0,84509.9,5394.0,5.725567817687988,0.7498727440834045,0.7498727440834045,4.975695073604584,0.0,4.975695073604584
1178,84509.9,84590.6,84498.0,84536.8,6268.0,-53.02438735961914,0.5520147681236267,0.5520147681236267,53.57640212774277,0.0,53.57640212774277
1179,84533.6,84566.9,84485.3,84517.0,5349.0,7.340060234069824,0.5316997170448303,0.5316997766494751,6.808360517024994,5.960464477539063e-08,6.808360457420349
1180,84524.8,84553.9,84337.7,84382.3,14614.0,200.2724609375,0.28308022022247314,0.28308022022247314,199.98938071727753,0.0,199.98938071727753
1181,84392.1,84400.7,84168.8,84349.4,33939.0,-58.52759552001953,0.11239171773195267,0.11239172518253326,58.639987237751484,7.450580596923828e-09,58.639987245202065
1182,84365.0,84388.0,84278.7,84349.9,6606.0,-5.806747913360596,-0.07499381899833679,-0.07499381899833679,5.731754094362259,0.0,5.731754094362259
1183,84345.6,84472.3,84345.6,84462.4,5434.0,35.44150924682617,0.31687745451927185,0.31687745451927185,35.1246317923069,0.0,35.1246317923069
1184,84465.5,84531.8,84428.4,84529.1,16535.0,-45.57377243041992,0.27617424726486206,0.27617427706718445,45.849946677684784,2.9802322387695312e-08,45.849946707487106
1185,84532.3,84587.4,84397.0,84448.4,7372.0,-21.643434524536133,0.12995390594005585,0.12995390594005585,21.77338843047619,0.0,21.77338843047619
1186,84452.6,84506.9,84426.9,84432.8,6998.0,-38.131229400634766,-0.062261130660772324,-0.062261126935482025,38.06896826997399,3.725290298461914e-09,38.068968273699284
1187,84436.5,84559.0,84403.6,84559.0,5150.0,-68.21895599365234,0.058101553469896317,0.058101553469896317,68.27705754712224,0.0,68.27705754712224
1188,84559.0,85041.7,84547.6,84927.3,23950.0,179.38734436035156,0.4619290232658386,0.4619290232658386,178.92541533708572,0.0,178.92541533708572
1189,84929.4,85082.1,84766.9,84804.0,12416.0,-19.54343605041504,0.3395766615867615,0.3395766615867615,19.8830127120018,0.0,19.8830127120018
1190,84803.0,85016.3,84803.0,84878.2,11871.0,18.972497940063477,0.5876899361610413,0.5876899361610413,18.384808003902435,0.0,18.384808003902435
1191,84877.0,84977.4,84773.4,84844.7,7295.0,363.4248352050781,0.5872059464454651,0.5872059464454651,362.83762925863266,0.0,362.83762925863266
1192,84851.2,84856.0,84676.1,84707.5,12813.0,284.137451171875,0.4239501953125,0.4239501953125,283.7135009765625,0.0,283.7135009765625
1193,84720.3,84870.1,84720.3,84795.0,5609.0,-50.28068542480469,0.3937865197658539,0.39378654956817627,50.67447194457054,2.9802322387695312e-08,50.674471974372864
1194,84777.9,84777.9,84558.1,84683.4,7423.0,270.8261413574219,0.1825369894504547,0.1825369894504547,270.6436043679714,0.0,270.6436043679714
1195,84666.5,84714.0,84598.9,84711.8,5164.0,-4.400749206542969,0.3119046092033386,0.3119046092033386,4.712653815746307,0.0,4.712653815746307
1196,84707.5,84745.1,84601.9,84646.0,5867.0,5.42354679107666,0.25251221656799316,0.25251221656799316,5.171034574508667,0.0,5.171034574508667
1197,84645.3,84657.8,84504.9,84595.3,6202.0,200.88137817382812,0.0429249107837677,0.0429249107837677,200.83845326304436,0.0,200.83845326304436
1198,84584.1,84642.0,84556.9,84621.6,3858.0,405.6123352050781,-0.35994940996170044,-0.35994940996170044,405.9722846150398,0.0,405.9722846150398
1199,84612.8,84636.4,84562.6,84574.1,6899.0,170.09886169433594,-0.27109384536743164,-0.27109387516975403,170.36995553970337,2.9802322387695312e-08,170.3699555695057
1200,84579.3,84653.4,84561.3,84595.8,4130.0,-40.5245246887207,-0.3327194154262543,-0.3327194154262543,40.19180527329445,0.0,40.19180527329445
1201,84601.0,84657.3,84428.3,84428.3,6261.0,-41.898902893066406,-0.4907863736152649,-0.4907863736152649,41.40811651945114,0.0,41.40811651945114
1202,84432.6,84573.7,84432.6,84560.2,7631.0,-81.31938171386719,-0.17388883233070374,-0.17388881742954254,81.14549288153648,1.4901161193847656e-08,81.14549289643764
1203,84547.6,84699.9,84523.2,84684.8,5995.0,12.163203239440918,-0.1299641728401184,-0.1299641728401184,12.293167412281036,0.0,12.293167412281036
1204,84689.0,84767.0,84628.4,84749.9,10380.0,-2.3555350303649902,0.0785277858376503,0.0785277858376503,2.4340628162026405,0.0,2.4340628162026405
1205,84752.5,84798.4,84665.3,84666.3,4803.0,116.61769104003906,-0.05371152609586716,-0.05371152609586716,116.67140256613493,0.0,116.67140256613493
1206,84668.5,84668.5,84573.8,84594.9,4486.0,-42.34050369262695,-0.06037091463804245,-0.06037091091275215,42.28013277798891,3.725290298461914e-09,42.2801327817142
1207,84603.5,84632.9,84568.0,84579.0,5117.0,-2.074942111968994,-0.019264517351984978,-0.019264517351984978,2.055677594617009,0.0,2.055677594617009
1208,84574.0,84622.8,84543.6,84622.8,4226.0,-81.71794128417969,0.0014125383459031582,0.0014125382294878364,81.71935382252559,1.1641532182693481e-10,81.71935382240918
1209,84622.8,84838.7,84622.8,84818.8,6063.0,-71.57049560546875,0.289326548576355,0.2893265187740326,71.8598221540451,2.9802322387695312e-08,71.85982212424278
1210,84823.0,84893.5,84713.3,84753.6,5369.0,-45.851829528808594,0.18653962016105652,0.1865396350622177,46.03836914896965,1.4901161193847656e-08,46.03836916387081
1211,84753.5,84787.4,84651.2,84735.2,7993.0,-75.76464080810547,0.3635111153125763,0.3635111153125763,76.12815192341805,0.0,76.12815192341805
1212,84736.2,84751.3,84611.1,84628.1,3401.0,14.159592628479004,0.08029597252607346,0.08029597252607346,14.07929665595293,0.0,14.07929665595293
1213,84619.0,84619.0,84500.1,84528.5,5541.0,27.773963928222656,-0.18456310033798218,-0.18456308543682098,27.95852702856064,1.4901161193847656e-08,27.958527013659477
1214,84515.0,84601.6,84491.5,84564.8,4341.0,-49.423648834228516,-0.21840918064117432,-0.21840918064117432,49.20523965358734,0.0,49.20523965358734
1215,84560.6,84560.6,84477.0,84550.4,4307.0,-53.00678634643555,-0.1368885189294815,-0.1368885189294815,52.869897827506065,0.0,52.869897827506065
1216,84559.1,84682.5,84556.3,84682.5,3839.0,-18.021202087402344,0.10355418920516968,0.10355418920516968,18.124756276607513,0.0,18.124756276607513
1217,84686.6,84718.5,84635.9,84718.5,4857.0,-47.67543029785156,0.16493454575538635,0.16493456065654755,47.84036484360695,1.4901161193847656e-08,47.84036485850811
1218,84709.0,84710.8,84545.8,84555.3,3550.0,94.89344024658203,-0.07976574450731277,-0.07976573705673218,94.97320599108934,7.450580596923828e-09,94.97320598363876
1219,84571.0,84762.2,84567.1,84759.5,4013.0,26.834976196289062,-0.06991006433963776,-0.06991006433963776,26.9048862606287,0.0,26.9048862606287
1220,84759.5,84912.6,84702.4,84889.8,5755.0,208.32574462890625,0.16069559752941132,0.16069559752941132,208.16504903137684,0.0,208.16504903137684
1221,84896.8,84968.5,84896.8,84961.3,5503.0,41.22595977783203,0.2668238580226898,0.2668238580226898,40.95913591980934,0.0,40.95913591980934
1222,84960.5,85023.8,84845.7,84852.6,7672.0,-12.314098358154297,0.26527830958366394,0.26527830958366394,12.57937666773796,0.0,12.57937666773796
1223,84871.0,84892.0,84759.8,84883.9,8826.0,-58.62130355834961,0.42044803500175476,0.42044806480407715,59.041751593351364,2.9802322387695312e-08,59.04175162315369
1224,84884.9,84952.4,84811.6,84914.5,4672.0,-39.16823196411133,0.41353273391723633,0.41353273391723633,39.581764698028564,0.0,39.581764698028564
1225,84901.7,85024.2,84901.7,84973.7,4123.0,-22.482358932495117,0.5006536841392517,0.5006536841392517,22.98301261663437,0.0,22.98301261663437
1226,84970.0,85009.0,84947.1,84955.7,3577.0,-12.769396781921387,0.3226205110549927,0.3226205110549927,13.09201729297638,0.0,13.09201729297638
1227,84969.0,84973.7,84936.4,84937.4,2647.0,-27.60838508605957,0.25838327407836914,0.25838327407836914,27.86676836013794,0.0,27.86676836013794
1228,84937.3,84937.3,84827.7,84882.3,4596.0,-67.93892669677734,0.3867291808128357,0.3867291808128357,68.32565587759018,0.0,68.32565587759018
1229,84882.2,84925.0,84868.6,84895.3,4052.0,-64.39493560791016,0.16021433472633362,0.16021433472633362,64.55514994263649,0.0,64.55514994263649
1230,84895.3,84998.5,84866.9,84877.4,5019.0,-77.19806671142578,-0.014605332165956497,-0.014605333097279072,77.18346137925982,9.313225746154785e-10,77.1834613783285
1231,84888.3,84905.0,84702.6,84719.9,7820.0,-28.794326782226562,-0.28412753343582153,-0.28412753343582153,28.51019924879074,0.0,28.51019924879074
1232,84719.9,84799.6,84676.5,84744.1,7162.0,504.57940673828125,-0.12786880135536194,-0.12786880135536194,504.7072755396366,0.0,504.7072755396366
1233,84742.8,84769.3,84649.4,84658.7,5654.0,44.093467712402344,-0.2652980089187622,-0.2652980387210846,44.358765721321106,2.9802322387695312e-08,44.35876575112343
1234,84647.0,84680.1,84620.4,84639.7,3991.0,-13.441482543945312,-0.3236159384250641,-0.3236159682273865,13.117866605520248,2.9802322387695312e-08,13.117866575717926
1235,84639.8,84730.1,84639.8,84730.1,6066.0,0.9929664134979248,-0.2866787612438202,-0.2866787612438202,1.279645174741745,0.0,1.279645174741745
1236,84732.8,84841.4,84732.8,84758.0,4764.0,29.06114959716797,-0.23271320760250092,-0.23271319270133972,29.29386280477047,1.4901161193847656e-08,29.29386278986931
1237,84757.9,84819.6,84709.7,84816.7,4422.0,67.09443664550781,-0.14209914207458496,-0.14209914207458496,67.2365357875824,0.0,67.2365357875824
1238,84819.6,84872.1,84814.6,84855.0,3554.0,5.08365535736084,-0.0321585014462471,-0.0321585014462471,5.115813858807087,0.0,5.115813858807087
1239,84850.0,84855.7,84745.7,84745.7,4365.0,277.48980712890625,-0.1762097030878067,-0.1762097030878067,277.66601683199406,0.0,277.66601683199406
1240,84744.6,84772.2,84679.9,84681.8,6231.0,19.40917205810547,-0.23045188188552856,-0.23045188188552856,19.639623939990997,0.0,19.639623939990997
1241,84682.2,84696.8,84600.0,84659.2,4135.0,59.00398635864258,-0.07164233177900314,-0.07164233177900314,59.07562869042158,0.0,59.07562869042158
1242,84666.3,84700.8,84633.6,84657.1,4495.0,-53.02698516845703,-0.10266201198101044,-0.10266201198101044,52.92432315647602,0.0,52.92432315647602
1243,84657.4,84657.4,84437.4,84445.4,12001.0,60.5105094909668,-0.25195837020874023,-0.25195837020874023,60.76246786117554,0.0,60.76246786117554
1244,84445.5,84470.5,84350.9,84440.0,5845.0,103.21284484863281,-0.2359449863433838,-0.2359449714422226,103.4487898349762,1.4901161193847656e-08,103.44878982007504
1245,84447.1,84447.3,84342.6,84383.2,10287.0,15.485456466674805,-0.4094158411026001,-0.4094158113002777,15.894872307777405,2.9802322387695312e-08,15.894872277975082
1246,84378.9,84403.2,84241.3,84274.8,6575.0,6.700167179107666,-0.5700973868370056,-0.5700973868370056,7.270264565944672,0.0,7.270264565944672
1247,84270.6,84367.3,84225.5,84367.2,6615.0,35.97873306274414,-0.5299663543701172,-0.5299663543701172,36.50869941711426,0.0,36.50869941711426
1248,84367.2,84430.8,84293.0,84388.3,8113.0,163.8701629638672,-0.5500007271766663,-0.5500007271766663,164.42016369104385,0.0,164.42016369104385
1249,84388.2,84442.1,84332.8,84377.2,4869.0,-63.11298751831055,-0.43483027815818787,-0.43483030796051025,62.67815724015236,2.9802322387695312e-08,62.67815721035004
1250,84369.0,84404.5,84304.8,84324.8,6715.0,-35.416664123535156,-0.42157819867134094,-0.42157819867134094,34.995085924863815,0.0,34.995085924863815
1251,84316.3,84316.3,84249.3,84256.0,5524.0,-38.91255569458008,-0.47626617550849915,-0.47626614570617676,38.43628951907158,2.9802322387695312e-08,38.4362895488739
1252,84250.1,84307.1,84178.8,84238.0,9858.0,-6.6531291007995605,-0.4950577914714813,-0.49505776166915894,6.158071309328079,2.9802322387695312e-08,6.158071339130402
1253,84240.4,84240.4,84116.7,84120.3,4542.0,-48.49392318725586,-0.3849843144416809,-0.3849843442440033,48.10893887281418,2.9802322387695312e-08,48.108938843011856
1254,84117.0,84193.2,84063.2,84170.8,5030.0,12859.947265625,-0.31880998611450195,-0.31880995631217957,12860.266075611115,2.9802322387695312e-08,12860.266075581312
1255,84176.1,84361.3,84176.1,84345.3,4132.0,2260.09228515625,-0.04492155835032463,-0.04492155835032463,2260.1372067146003,0.0,2260.1372067146003
1256,84345.3,84359.7,84245.5,84254.0,5754.0,650.9306640625,-0.02467745542526245,-0.02467745542526245,650.9553415179253,0.0,650.9553415179253
1257,84254.1,84266.7,84165.4,84204.8,2063.0,252.16510009765625,-0.19249926507472992,-0.19249926507472992,252.35759936273098,0.0,252.35759936273098
1258,84226.0,84268.1,84196.0,84207.2,3810.0,52.21629333496094,-0.21459579467773438,-0.21459580957889557,52.43088912963867,1.4901161193847656e-08,52.43088914453983
1259,84188.2,84224.2,84179.5,84209.9,3738.0,238.1813507080078,-0.19828185439109802,-0.19828185439109802,238.3796325623989,0.0,238.3796325623989
1260,84202.7,84268.2,84175.1,84237.9,6033.0,399.1263427734375,-0.1030520498752594,-0.10305205732584,399.22939482331276,7.450580596923828e-09,399.22939483076334
1261,84234.1,84366.1,84194.6,84335.2,5805.0,231.70631408691406,0.09400294721126556,0.09400294721126556,231.6123111397028,0.0,231.6123111397028
1262,84335.2,84340.4,84206.4,84239.7,8218.0,14.664107322692871,0.0020218011923134327,0.0020218014251440763,14.662085521500558,2.3283064365386963e-10,14.662085521267727
1263,84239.6,84345.5,84214.1,84315.6,7880.0,619.251708984375,0.23217308521270752,0.23217308521270752,619.0195358991623,0.0,619.0195358991623
1264,84320.8,84320.8,84181.8,84186.3,3710.0,-97.16924285888672,0.01841493882238865,0.01841493882238865,97.18765779770911,0.0,97.18765779770911
1265,84182.0,84194.1,84034.7,84063.0,19380.0,-91.79930877685547,-0.3346919119358063,-0.3346919119358063,91.46461686491966,0.0,91.46461686491966
1266,84063.1,84101.4,84000.2,84000.2,12074.0,-79.08553314208984,-0.30122828483581543,-0.30122828483581543,78.78430485725403,0.0,78.78430485725403
1267,84000.0,84074.3,83904.3,83904.3,9397.0,-33.0838508605957,-0.35686802864074707,-0.35686802864074707,32.726982831954956,0.0,32.726982831954956
1268,83900.0,83929.4,83857.1,83916.3,8282.0,31.9179744720459,-0.345464825630188,-0.3454647958278656,32.263439297676086,2.9802322387695312e-08,32.263439267873764
1269,83933.1,83933.1,83883.7,83920.2,6761.0,-50.24766159057617,-0.3440157473087311,-0.3440157473087311,49.90364584326744,0.0,49.90364584326744
1270,83919.3,84011.8,83919.3,84011.8,17995.0,39.652618408203125,-0.2684083580970764,-0.2684083580970764,39.9210267663002,0.0,39.9210267663002
1271,84011.9,84094.0,84011.9,84092.7,4472.0,-7.444045543670654,-0.28754302859306335,-0.28754302859306335,7.156502515077591,0.0,7.156502515077591
1272,84092.6,84344.8,84090.7,84217.9,10984.0,-56.9244499206543,-0.025884097442030907,-0.025884097442030907,56.898565823212266,0.0,56.898565823212266
1273,84214.3,84214.3,84078.0,84117.3,6081.0,-67.8602066040039,-0.23519334197044373,-0.23519335687160492,67.62501326203346,1.4901161193847656e-08,67.6250132471323
1274,84121.5,84198.6,84121.5,84192.3,3944.0,-46.07649612426758,0.007127050776034594,0.007127050776034594,46.08362317504361,0.0,46.08362317504361
1275,84207.3,84212.4,84004.8,84004.8,13441.0,1.392961859703064,-0.06923750787973404,-0.06923750787973404,1.462199367582798,0.0,1.462199367582798
1276,83992.1,83996.7,83929.0,83961.3,6353.0,200.0714111328125,-0.04631685093045235,-0.04631685093045235,200.11772798374295,0.0,200.11772798374295
1277,83966.4,83971.6,83877.7,83931.0,4186.0,34.19371032714844,0.03182569518685341,0.03182569518685341,34.161884631961584,0.0,34.161884631961584
1278,83914.8,83940.5,83848.1,83859.0,4120.0,7.853221893310547,-0.06827859580516815,-0.06827860325574875,7.921500489115715,7.450580596923828e-09,7.921500496566296
1279,83850.6,83892.0,83769.8,83826.0,7933.0,76.75411224365234,-0.11225320398807526,-0.11225321143865585,76.86636544764042,7.450580596923828e-09,76.866365455091
1280,83822.0,83848.0,83750.0,83818.8,6358.0,-32.1297721862793,-0.22972963750362396,-0.22972963750362396,31.900042548775673,0.0,31.900042548775673
1281,83820.1,83849.7,83779.1,83828.8,7407.0,15.778223991394043,-0.3138277530670166,-0.3138277530670166,16.09205174446106,0.0,16.09205174446106
1282,83828.6,83891.3,83780.3,83853.9,7302.0,467.7720642089844,-0.4322121739387512,-0.4322121739387512,468.2042763829231,0.0,468.2042763829231
1283,83843.7,83866.5,83708.9,83713.4,5583.0,15.06913948059082,-0.48016101121902466,-0.48016098141670227,15.549300491809845,2.9802322387695312e-08,15.549300462007523
1284,83713.3,83713.3,83641.8,83693.4,6586.0,547.9520263671875,-0.5925701856613159,-0.5925701856613159,548.5445965528488,0.0,548.5445965528488
1285,83700.0,83852.0,83700.0,83848.3,8200.0,488.66595458984375,-0.1862988919019699,-0.1862988919019699,488.8522534817457,0.0,488.8522534817457
1286,83855.8,83905.9,83831.3,83862.8,3187.0,-36.27581787109375,-0.11731594800949097,-0.11731595546007156,36.15850192308426,7.450580596923828e-09,36.15850191563368
1287,83872.8,83872.9,83650.6,83650.6,4158.0,-58.101295471191406,-0.33408206701278687,-0.33408209681510925,57.76721340417862,2.9802322387695312e-08,57.7672133743763
1288,83650.5,83652.1,83588.0,83647.7,5952.0,-15.216459274291992,-0.25196683406829834,-0.25196683406829834,14.964492440223694,0.0,14.964492440223694
1289,83645.7,83645.7,83500.1,83538.1,5771.0,22.78944969177246,-0.34344765543937683,-0.34344765543937683,23.132897347211838,0.0,23.132897347211838
1290,83535.1,83580.0,83469.8,83503.7,7573.0,-17.998437881469727,-0.3759225308895111,-0.3759225308895111,17.622515350580215,0.0,17.622515350580215
1291,83513.7,83580.8,83482.9,83560.0,4075.0,230.66006469726562,-0.32064980268478394,-0.32064980268478394,230.9807144999504,0.0,230.9807144999504
1292,83558.1,83583.9,83455.7,83472.6,4779.0,16.941959381103516,-0.4547157287597656,-0.4547157287597656,17.39667510986328,0.0,17.39667510986328
1293,83475.7,83697.7,83460.8,83697.7,7239.0,-28.881607055664062,-0.01874886453151703,-0.018748866394162178,28.862858191132545,1.862645149230957e-09,28.8628581892699
1294,83699.2,83728.7,83561.3,83568.8,3836.0,-86.37064361572266,-0.14887860417366028,-0.14887860417366028,86.221765011549,0.0,86.221765011549
1295,83575.0,83868.0,83575.0,83768.7,8085.0,-84.02579498291016,-0.0949258953332901,-0.0949259027838707,83.93086908757687,7.450580596923828e-09,83.93086908012629
1296,83759.3,83801.6,83697.5,83736.2,8254.0,-15.19677448272705,-0.15095341205596924,-0.15095341205596924,15.045821070671082,0.0,15.045821070671082
1297,83733.7,83895.9,83695.4,83895.1,5175.0,315.52081298828125,0.2922872006893158,0.2922872006893158,315.22852578759193,0.0,315.22852578759193
1298,83895.1,84172.5,83887.2,84172.5,15440.0,-64.47801208496094,0.6273894906044006,0.6273894906044006,65.10540157556534,0.0,65.10540157556534
1299,84172.5,84198.5,84014.1,84014.1,18881.0,-63.8634033203125,0.5697998404502869,0.5697999000549316,64.43320316076279,5.960464477539063e-08,64.43320322036743
1300,83997.4,84091.5,83936.3,84091.5,5203.0,2.7457773685455322,0.7039171457290649,0.7039171457290649,2.0418602228164673,0.0,2.0418602228164673
1301,84094.7,84191.0,84042.3,84116.6,5684.0,-89.82027435302734,0.666110098361969,0.6661100387573242,90.48638445138931,5.960464477539063e-08,90.48638439178467
1302,84106.1,84192.9,84071.6,84071.6,3578.0,-80.93566131591797,0.7176007032394409,0.7176007032394409,81.65326201915741,0.0,81.65326201915741
1303,84067.3,84262.1,84000.0,84188.2,5813.0,15.78341007232666,0.5860375761985779,0.5860375761985779,15.197372496128082,0.0,15.197372496128082
1304,84184.0,84268.3,84160.8,84247.8,6726.0,-5.07792854309082,0.812504231929779,0.812504231929779,5.890432775020599,0.0,5.890432775020599
1305,84253.9,84347.9,84232.0,84289.8,12553.0,59.9769287109375,0.6220625638961792,0.6220625638961792,59.35486614704132,0.0,59.35486614704132
1306,84291.0,84482.7,84288.8,84477.0,6928.0,-43.02571487426758,0.8846793174743652,0.8846793174743652,43.91039419174194,0.0,43.91039419174194
1307,84474.3,84572.8,84359.7,84463.5,12104.0,-88.96253967285156,0.6775108575820923,0.6775108575820923,89.64005053043365,0.0,89.64005053043365
1308,84491.5,84593.8,84445.5,84593.8,5926.0,458.6372375488281,0.5005160570144653,0.5005160570144653,458.13672149181366,0.0,458.13672149181366
1309,84594.3,84657.3,84538.5,84556.0,6393.0,225.99234008789062,0.64500892162323,0.64500892162323,225.3473311662674,0.0,225.3473311662674
1310,84561.0,84644.8,84352.5,84355.3,17323.0,-1.6186140775680542,0.31370219588279724,0.31370219588279724,1.9323162734508514,0.0,1.9323162734508514
1311,84363.8,84549.6,84358.7,84520.5,3899.0,293.62359619140625,0.48016494512557983,0.48016494512557983,293.14343124628067,0.0,293.14343124628067
1312,84505.5,84545.4,84432.1,84432.1,5541.0,3930.004150390625,0.42880117893218994,0.42880114912986755,3929.575349211693,2.9802322387695312e-08,3929.575349241495
1313,84428.9,84500.3,84385.7,84385.7,5566.0,543.1177368164062,0.2345934510231018,0.2345934361219406,542.8831433653831,1.4901161193847656e-08,542.8831433802843
1314,84385.6,84501.2,84352.7,84491.3,7929.0,302.15838623046875,0.2890283167362213,0.2890283167362213,301.86935791373253,0.0,301.86935791373253
1315,84491.4,84517.3,84240.4,84367.0,27198.0,659.7452392578125,0.09159249067306519,0.09159249067306519,659.6536467671394,0.0,659.6536467671394
1316,84371.1,84579.1,84371.1,84566.3,16838.0,285.6723327636719,0.10570554435253143,0.10570554435253143,285.56662721931934,0.0,285.56662721931934
1317,84566.3,84657.5,84500.1,84637.2,28911.0,228.09820556640625,0.20565468072891235,0.20565466582775116,227.89255088567734,1.4901161193847656e-08,227.8925509005785
1318,84637.2,84641.0,84500.1,84533.7,4804.0,-81.26811218261719,-0.07103801518678665,-0.07103800773620605,81.1970741674304,7.450580596923828e-09,81.19707417488098
1319,84531.4,84644.5,84385.1,84562.9,35778.0,-50.33067321777344,0.008158423937857151,0.008158424869179726,50.338831641711295,9.313225746154785e-10,50.33883164264262
1320,84565.2,84628.1,84510.1,84607.1,9880.0,-29.348758697509766,0.29850488901138306,0.29850488901138306,29.64726358652115,0.0,29.64726358652115
1321,84624.0,84749.9,84624.0,84645.2,13423.0,26.737503051757812,0.1475418657064438,0.1475418657064438,26.58996118605137,0.0,26.58996118605137
1322,84645.2,84691.3,84599.5,84624.6,6810.0,-96.22561645507812,0.22799384593963623,0.22799384593963623,96.45361030101776,0.0,96.45361030101776
1323,84623.4,84623.4,84466.6,84474.4,7868.0,-78.5920639038086,0.10510703921318054,0.10510703921318054,78.69717094302177,0.0,78.69717094302177
1324,84473.5,84506.1,84339.1,84506.1,8344.0,-69.62562561035156,0.017522145062685013,0.017522145062685013,69.64314775541425,0.0,69.64314775541425
1325,84501.9,84535.7,84425.5,84470.1,5125.0,-36.58779525756836,0.12220603227615356,0.12220603227615356,36.71000128984451,0.0,36.71000128984451
1326,84473.0,84624.4,84473.0,84570.9,5409.0,-69.91944885253906,0.005441366694867611,0.005441366694867611,69.92489021923393,0.0,69.92489021923393
1327,84573.3,84586.9,84510.2,84570.1,5718.0,-13.140116691589355,-0.07928140461444855,-0.07928140461444855,13.060835286974907,0.0,13.060835286974907
1328,84577.4,84577.4,84502.7,84553.3,5204.0,-0.22101324796676636,0.023178625851869583,0.023178625851869583,0.24419187381863594,0.0,0.24419187381863594
1329,84557.5,84573.1,84470.5,84474.8,3454.0,54.08163070678711,-0.10418465733528137,-0.10418464988470078,54.18581536412239,7.450580596923828e-09,54.18581535667181
1330,84494.4,84595.0,84459.5,84595.0,3585.0,29.43602180480957,-0.014303247444331646,-0.014303246513009071,29.450325052253902,9.313225746154785e-10,29.45032505132258
1331,84595.0,84641.1,84520.0,84520.0,5515.0,-71.04177856445312,-0.14791521430015564,-0.14791519939899445,70.89386335015297,1.4901161193847656e-08,70.89386336505413
1332,84520.0,84540.0,84436.8,84531.9,2068.0,-12.890204429626465,-0.10954630374908447,-0.10954630374908447,12.78065812587738,0.0,12.78065812587738
1333,84528.5,84623.9,84528.5,84593.7,5397.0,-13.803902626037598,0.14123176038265228,0.14123177528381348,13.94513438642025,1.4901161193847656e-08,13.945134401321411
1334,84593.8,84623.9,84580.6,84607.0,2500.0,-59.03522872924805,0.11939782649278641,0.11939781159162521,59.15462655574083,1.4901161193847656e-08,59.15462654083967
1335,84602.0,84632.5,84525.2,84525.2,4342.0,-89.96333312988281,0.06523203104734421,0.06523203104734421,90.02856516093016,0.0,90.02856516093016
1336,84495.7,84515.5,84416.9,84435.8,6431.0,6.354916095733643,-0.15974946320056915,-0.15974946320056915,6.514665558934212,0.0,6.514665558934212
1337,84437.8,84583.7,84433.5,84583.7,3990.0,-38.702125549316406,0.016083180904388428,0.016083180904388428,38.718208730220795,0.0,38.718208730220795
1338,84585.3,84629.4,84440.0,84440.0,3820.0,77.0659408569336,-0.13399462401866913,-0.13399462401866913,77.19993548095226,0.0,77.19993548095226
1339,84434.2,84550.9,84434.2,84512.1,3444.0,-1.0741398334503174,0.04416072741150856,0.04416073113679886,1.118300560861826,3.725290298461914e-09,1.1183005645871162
1340,84500.1,84700.0,84494.2,84683.0,7857.0,63.51199722290039,0.10402506589889526,0.10402505844831467,63.407972157001495,7.450580596923828e-09,63.407972164452076
1341,84682.9,84757.3,84664.2,84722.2,6431.0,503.0849609375,0.23923702538013458,0.2392370104789734,502.84572391211987,1.4901161193847656e-08,502.845723927021
1342,84732.9,84821.9,84731.4,84813.0,6394.0,33.53413772583008,0.33253905177116394,0.33253905177116394,33.201598674058914,0.0,33.201598674058914
1343,84816.3,84884.7,84795.9,84873.6,6753.0,64.32364654541016,0.33087384700775146,0.33087384700775146,63.992772698402405,0.0,63.992772698402405
1344,84876.0,84882.6,84729.1,84737.6,5693.0,178.98915100097656,0.15436258912086487,0.15436260402202606,178.8347884118557,1.4901161193847656e-08,178.83478839695454
1345,84741.8,84950.0,84732.4,84931.7,23302.0,241.47613525390625,0.4809216558933258,0.4809216558933258,240.99521359801292,0.0,240.99521359801292
1346,84926.2,84950.0,84926.2,84930.6,3691.0,144.38180541992188,0.5860129594802856,0.5860129594802856,143.7957924604416,0.0,143.7957924604416
1347,84930.5,84976.9,84930.5,84946.3,2009.0,153.36972045898438,0.428680419921875,0.4286803901195526,152.9410400390625,2.9802322387695312e-08,152.94104006886482
1348,84946.2,84959.3,84922.1,84943.4,2789.0,-42.898380279541016,0.5961610674858093,0.5961611270904541,43.494541347026825,5.960464477539063e-08,43.49454140663147
1349,84943.5,84987.6,84943.5,84951.5,3120.0,-26.353172302246094,0.5199236869812012,0.5199236869812012,26.873095989227295,0.0,26.873095989227295
1350,84951.6,84976.7,84937.7,84976.7,4769.0,126.3037338256836,0.34682655334472656,0.34682655334472656,125.95690727233887,0.0,125.95690727233887
1351,84986.9,85033.2,84976.6,85021.0,3567.0,-53.155738830566406,0.3526783585548401,0.3526783585548401,53.508417189121246,0.0,53.508417189121246
1352,85023.1,85095.1,84998.7,85054.4,7024.0,9.543088912963867,0.2846243381500244,0.2846243381500244,9.258464574813843,0.0,9.258464574813843
1353,85060.0,85060.0,84988.0,84991.1,5809.0,-20.852113723754883,0.13844116032123566,0.13844116032123566,20.99055488407612,0.0,20.99055488407612
1354,84995.0,84995.0,84926.9,84981.1,6869.0,20.43061637878418,0.2873576581478119,0.2873576581478119,20.143258720636368,0.0,20.143258720636368
1355,84986.9,85125.0,84986.9,85079.5,4883.0,-1.0843461751937866,0.1740185022354126,0.1740185022354126,1.2583646774291992,0.0,1.2583646774291992
1356,85078.9,85287.3,85078.9,85214.9,12182.0,-8.672920227050781,0.33474022150039673,0.33474022150039673,9.007660448551178,0.0,9.007660448551178
1357,85207.9,85207.9,85091.6,85125.2,5917.0,-20.687055587768555,0.2106110155582428,0.2106110006570816,20.897666603326797,1.4901161193847656e-08,20.897666588425636
1358,85123.3,85191.3,85115.6,85191.3,3562.0,66.53184509277344,0.2918395400047302,0.2918395698070526,66.24000555276871,2.9802322387695312e-08,66.24000552296638
1359,85203.1,85266.4,85172.5,85266.3,7952.0,-0.809222936630249,0.3705607056617737,0.3705607056617737,1.1797836422920227,0.0,1.1797836422920227
1360,85266.3,85335.9,85224.6,85314.8,4649.0,-66.9258041381836,0.3978663980960846,0.3978663980960846,67.32367053627968,0.0,67.32367053627968
1361,85314.7,85327.6,85257.9,85290.8,5677.0,199.3028106689453,0.31732967495918274,0.31732967495918274,198.98548099398613,0.0,198.98548099398613
1362,85284.2,85385.0,85284.2,85349.3,4114.0,-21.22492027282715,0.3467174470424652,0.3467174470424652,21.571637719869614,0.0,21.571637719869614
1363,85349.3,85349.4,85323.7,85337.2,2560.0,116.65413665771484,0.4072209298610687,0.4072209298610687,116.24691572785378,0.0,116.24691572785378
1364,85337.2,85337.2,85219.7,85247.9,5227.0,-50.30322265625,0.31394848227500916,0.31394848227500916,50.61717113852501,0.0,50.61717113852501
1365,85249.9,85259.9,85178.6,85204.9,5217.0,-11.02118968963623,0.1473897248506546,0.1473897248506546,11.168579414486885,0.0,11.168579414486885
1366,85204.9,85235.3,85140.2,85140.2,4989.0,0.11225234717130661,-0.08765523135662079,-0.08765522390604019,0.1999075785279274,7.450580596923828e-09,0.1999075710773468
1367,85140.2,85235.6,85140.2,85232.7,4661.0,-53.591312408447266,0.12628458440303802,0.12628456950187683,53.717596992850304,1.4901161193847656e-08,53.71759697794914
1368,85230.2,85332.6,85230.2,85308.8,3567.0,131.8559112548828,0.1379248946905136,0.13792487978935242,131.7179863601923,1.4901161193847656e-08,131.71798637509346
1369,85308.7,85325.6,85247.1,85272.4,7719.0,76.91104125976562,0.007155889645218849,0.0071558901108801365,76.9038853701204,4.656612873077393e-10,76.90388536965474
1370,85272.4,85299.3,85242.7,85271.8,3274.0,-22.3183536529541,-0.05040157213807106,-0.05040157213807106,22.26795208081603,0.0,22.26795208081603
1371,85271.7,85385.0,85263.6,85385.0,9905.0,-50.80826187133789,0.11044933646917343,0.11044934391975403,50.918711207807064,7.450580596923828e-09,50.918711215257645
1372,85396.3,85402.3,85347.9,85376.7,7416.0,36.70241165161133,0.03211069107055664,0.03211069107055664,36.67030096054077,0.0,36.67030096054077
1373,85376.6,85376.6,85336.1,85336.1,2453.0,-47.445945739746094,-0.0012908350909128785,-0.0012908349744975567,47.44465490465518,1.1641532182693481e-10,47.444654904771596
1374,85340.3,85340.3,85214.1,85227.1,3585.0,30.58637046813965,-0.024395762011408806,-0.024395762011408806,30.610766230151057,0.0,30.610766230151057
1375,85232.9,85265.0,85131.3,85150.6,4884.0,2.0919463634490967,-0.0637250617146492,-0.0637250617146492,2.155671425163746,0.0,2.155671425163746
1376,85156.9,85264.9,85137.6,85233.7,4093.0,-66.74889373779297,0.10981886088848114,0.10981886088848114,66.85871259868145,0.0,66.85871259868145
1377,85217.6,85250.2,85187.9,85187.9,3042.0,-30.63195037841797,-0.052567485719919205,-0.052567485719919205,30.57938289269805,0.0,30.57938289269805
1378,85188.0,85219.6,85140.7,85146.9,5387.0,-68.81546783447266,-0.18977929651737213,-0.18977929651737213,68.62568853795528,0.0,68.62568853795528
1379,85147.0,85168.0,85123.9,85168.0,3676.0,-74.71257781982422,-0.12242934107780457,-0.12242934107780457,74.59014847874641,0.0,74.59014847874641
1380,85173.0,85201.1,85145.5,85175.5,2938.0,303.4693603515625,-0.1129293367266655,-0.1129293367266655,303.58228968828917,0.0,303.58228968828917
1381,85175.4,85308.7,85175.4,85271.4,3374.0,21.787994384765625,-0.13304626941680908,-0.13304626941680908,21.921040654182434,0.0,21.921040654182434
1382,85275.7,85346.8,85275.7,85335.1,4547.0,259.35479736328125,-0.048727069050073624,-0.048727065324783325,259.4035244323313,3.725290298461914e-09,259.40352442860603
1383,85331.1,85396.9,85307.4,85363.7,5691.0,30.923847198486328,0.03234453499317169,0.03234453126788139,30.891502663493156,3.725290298461914e-09,30.891502667218447
1384,85363.6,85363.6,85312.6,85317.6,2770.0,-20.07281494140625,0.1061868742108345,0.1061868816614151,20.179001815617085,7.450580596923828e-09,20.179001823067665
1385,85312.7,85317.4,85182.3,85182.4,4293.0,42.398963928222656,0.03734192997217178,0.037341926246881485,42.361621998250484,3.725290298461914e-09,42.361622001975775
1386,85182.3,85314.3,85164.8,85314.3,6325.0,164.0701446533203,0.09455619752407074,0.09455619752407074,163.97558845579624,0.0,163.97558845579624
1387,85318.0,85318.0,85226.7,85286.0,4384.0,32.18051528930664,0.1151590347290039,0.1151590347290039,32.06535625457764,0.0,32.06535625457764
1388,85277.4,85298.6,85251.3,85282.4,2589.0,-23.94681739807129,0.15913674235343933,0.15913674235343933,24.10595414042473,0.0,24.10595414042473
1389,85280.3,85297.1,85264.1,85288.1,4552.0,498.30126953125,0.14101724326610565,0.14101724326610565,498.1602522879839,0.0,498.1602522879839
1390,85288.0,85288.0,85264.0,85276.2,3669.0,-86.29812622070312,0.11823015660047531,0.11823015660047531,86.4163563773036,0.0,86.4163563773036
1391,85272.0,85272.0,85151.5,85151.5,3295.0,-81.92720031738281,-0.1406080424785614,-0.1406080275774002,81.78659227490425,1.4901161193847656e-08,81.78659228980541
1392,85151.5,85151.5,85096.9,85118.3,5627.0,-83.64122772216797,-0.2540627121925354,-0.2540627419948578,83.38716500997543,2.9802322387695312e-08,83.38716498017311
1393,85116.5,85162.1,85071.1,85146.1,12648.0,-69.54014587402344,-0.2549111247062683,-0.2549110949039459,69.28523474931717,2.9802322387695312e-08,69.28523477911949
1394,85146.1,85163.0,85140.2,85155.3,2485.0,-15.866990089416504,-0.19023588299751282,-0.19023588299751282,15.676754206418991,0.0,15.676754206418991
1395,85151.3,85174.3,85094.8,85128.9,11086.0,-79.80889892578125,-0.06280640512704849,-0.06280640512704849,79.7460925206542,0.0,79.7460925206542
1396,85123.5,85173.4,85108.4,85152.5,4074.0,-43.64704132080078,-0.18964801728725433,-0.18964801728725433,43.45739330351353,0.0,43.45739330351353
1397,85157.6,85200.0,85123.5,85194.5,3695.0,-26.675172805786133,-0.10728608071804047,-0.10728607326745987,26.567886725068092,7.450580596923828e-09,26.567886732518673
1398,85184.5,85184.5,85100.1,85108.0,4026.0,4.048583030700684,-0.20449522137641907,-0.20449523627758026,4.253078252077103,1.4901161193847656e-08,4.253078266978264
1399,85103.8,85173.6,85103.8,85126.0,5888.0,-85.16075134277344,-0.1900635063648224,-0.1900635063648224,84.97068783640862,0.0,84.97068783640862
1400,85122.7,85122.7,85080.0,85080.0,5181.0,113.95970916748047,-0.2300795614719391,-0.23007957637310028,114.18978872895241,1.4901161193847656e-08,114.18978874385357
1401,85078.1,85119.0,85066.1,85083.9,5969.0,110.29029846191406,-0.07938975095748901,-0.07938975095748901,110.36968821287155,0.0,110.36968821287155
1402,85083.9,85083.9,85000.1,85000.1,7568.0,-24.236862182617188,-0.1388600617647171,-0.1388600468635559,24.09800212085247,1.4901161193847656e-08,24.09800213575363
1403,85000.0,85000.0,84768.8,84771.3,17413.0,-9.84382438659668,-0.44019007682800293,-0.44019007682800293,9.403634309768677,0.0,9.403634309768677
1404,84778.5,84901.1,84759.3,84759.4,18648.0,42.21259689331055,-0.4649134874343872,-0.4649134576320648,42.677510380744934,2.9802322387695312e-08,42.67751035094261
1405,84759.3,84817.5,84719.9,84794.5,17624.0,133.29576110839844,-0.3928142488002777,-0.3928142488002777,133.68857535719872,0.0,133.68857535719872
1406,84797.2,84886.7,84790.4,84886.7,5479.0,-31.101289749145508,-0.31214219331741333,-0.31214219331741333,30.789147555828094,0.0,30.789147555828094
1407,84894.2,85004.6,84875.5,84946.0,4911.0,-10.356831550598145,-0.2916854918003082,-0.2916854918003082,10.065146058797836,0.0,10.065146058797836
1408,84940.0,84940.0,84840.2,84886.5,2696.0,-1.2557480335235596,-0.2602575719356537,-0.2602575421333313,0.9954904615879059,2.9802322387695312e-08,0.9954904913902283
1409,84886.5,84920.4,84827.7,84827.7,2818.0,67.4732666015625,-0.3504180908203125,-0.3504180610179901,67.82368469238281,2.9802322387695312e-08,67.82368466258049
1410,84817.8,84817.8,84573.6,84573.6,10330.0,-39.68002700805664,-0.5952026844024658,-0.5952026844024658,39.084824323654175,0.0,39.084824323654175
1411,84573.6,84623.7,84513.1,84548.0,4644.0,90.31185150146484,-0.6298470497131348,-0.6298470497131348,90.94169855117798,0.0,90.94169855117798
1412,84535.2,84575.2,84499.8,84537.8,6736.0,27.98326873779297,-0.5438872575759888,-0.543887197971344,28.527155995368958,5.960464477539063e-08,28.527155935764313
1413,84545.2,84545.2,84415.2,84437.1,3132.0,55.53805923461914,-0.3942316770553589,-0.3942316770553589,55.9322909116745,0.0,55.9322909116745
1414,84438.1,84441.4,84411.0,84431.5,8019.0,-29.365482330322266,-0.38685792684555054,-0.38685789704322815,28.978624403476715,2.9802322387695312e-08,28.978624433279037
1415,84431.5,84431.5,84329.5,84329.7,4837.0,-41.994686126708984,-0.548145055770874,-0.548145055770874,41.44654107093811,0.0,41.44654107093811
1416,84329.6,84573.8,84325.3,84543.5,4916.0,29.386615753173828,-0.4043072462081909,-0.4043072760105133,29.79092299938202,2.9802322387695312e-08,29.79092302918434
1417,84543.5,84674.9,84491.1,84563.8,7479.0,26.310678482055664,-0.44993656873703003,-0.44993656873703003,26.760615050792694,0.0,26.760615050792694
1418,84555.4,84580.1,84402.6,84417.6,5340.0,-3.331542491912842,-0.55238276720047,-0.5523828268051147,2.779159724712372,5.960464477539063e-08,2.779159665107727
1419,84426.5,84583.1,84420.1,84491.6,5714.0,-35.81989288330078,-0.3962167203426361,-0.3962167501449585,35.423676162958145,2.9802322387695312e-08,35.42367613315582
1420,84489.1,84580.6,84489.1,84493.1,3700.0,-6.713634490966797,-0.095183365046978,-0.095183365046978,6.618451125919819,0.0,6.618451125919819
1421,84493.1,84512.0,84401.3,84492.6,2634.0,-81.93653106689453,-0.06552305817604065,-0.06552305817604065,81.87100800871849,0.0,81.87100800871849
1422,84473.6,84607.2,84473.6,84543.7,9077.0,-0.06881128996610641,0.006986520253121853,0.006986519787460566,0.07579781021922827,4.656612873077393e-10,0.07579780975356698
1423,84535.3,84594.5,84535.3,84573.6,3174.0,-39.89200210571289,0.16165879368782043,0.16165879368782043,40.05366089940071,0.0,40.05366089940071
1424,84568.0,84662.5,84558.3,84662.4,4561.0,-54.0064697265625,0.27347424626350403,0.2734742760658264,54.279943972826004,2.9802322387695312e-08,54.279944002628326
1425,84662.5,84971.1,84662.5,84875.6,23345.0,-25.74937629699707,0.6473382711410522,0.6473382711410522,26.396714568138123,0.0,26.396714568138123
1426,84873.3,84873.3,84697.5,84697.5,6030.0,-68.82307434082031,0.18215474486351013,0.18215474486351013,69.00522908568382,0.0,69.00522908568382
1427,84697.5,84697.5,84500.0,84500.0,5918.0,3.5165257453918457,-0.07544230669736862,-0.07544229924678802,3.5919680520892143,7.450580596923828e-09,3.5919680446386337
1428,84500.0,84565.7,84439.7,84562.1,4697.0,5.447470664978027,0.1711728274822235,0.1711728274822235,5.276297837495804,0.0,5.276297837495804
1429,84565.1,84598.8,84518.5,84570.2,2522.0,-32.22513198852539,0.09302884340286255,0.09302884340286255,32.31816083192825,0.0,32.31816083192825
1430,84579.0,84671.3,84562.1,84588.8,5727.0,87.2945327758789,0.11325813829898834,0.11325813829898834,87.18127463757992,0.0,87.18127463757992
1431,84593.0,84593.0,84438.2,84500.6,5311.0,44.352813720703125,0.00946828443557024,0.00946828443557024,44.343345436267555,0.0,44.343345436267555
1432,84504.8,84504.8,84356.0,84382.9,4358.0,199.7589874267578,-0.19020304083824158,-0.19020302593708038,199.94919046759605,1.4901161193847656e-08,199.9491904526949
1433,84389.4,84476.9,84312.4,84476.9,7078.0,-24.312185287475586,-0.11434197425842285,-0.11434197425842285,24.197843313217163,0.0,24.197843313217163
1434,84477.0,84488.0,84382.9,84434.7,5544.0,22.34375,-0.26894503831863403,-0.26894503831863403,22.612695038318634,0.0,22.612695038318634
1435,84447.3,84447.3,84367.8,84444.3,4011.0,49.70563888549805,-0.5081610083580017,-0.5081610083580017,50.21379989385605,0.0,50.21379989385605
1436,84444.3,84482.8,84433.5,84462.5,3019.0,29.392581939697266,-0.2774580121040344,-0.2774580121040344,29.6700399518013,0.0,29.6700399518013
1437,84464.0,84523.8,84395.9,84404.6,4104.0,-12.808613777160645,-0.11289756745100021,-0.11289756000041962,12.695716209709644,7.450580596923828e-09,12.695716217160225
1438,84407.5,84426.2,84308.9,84344.0,3211.0,24.371814727783203,-0.2579188048839569,-0.2579188048839569,24.62973353266716,0.0,24.62973353266716
1439,84331.3,84382.0,84251.4,84285.8,8637.0,24.02471923828125,-0.33629605174064636,-0.33629605174064636,24.361015290021896,0.0,24.361015290021896
