{
  "rank": 92,
  "bot_id": 948,
  "fitness_score": 0.0,
  "total_pnl": 218.45529174804688,
  "win_rate": 100.0,
  "total_trades": 2,
  "sharpe_ratio": 0.22360678017139435,
  "max_drawdown": 0.0,
  "survival_generations": 1,
  "config": {
    "num_indicators": 5,
    "indicator_indices": [
      6,
      18,
      22,
      42,
      49
    ],
    "indicator_params": [
      [
        4.1761250495910645,
        25.406795501708984,
        0.0
      ],
      [
        2.876657247543335,
        83.09322357177734,
        0.0
      ],
      [
        9.552665710449219,
        45.96405029296875,
        0.0
      ],
      [
        3.5154917240142822,
        24.441612243652344,
        1.2492157220840454
      ],
      [
        0.0,
        0.0,
        0.0
      ]
    ],
    "indicator_risk_strategies": [
      11,
      11,
      0,
      6,
      0
    ],
    "risk_param": 5794.35400390625,
    "tp_multiplier": 0.0,
    "sl_multiplier": 0.0,
    "leverage": 125
  }
}