{
  "rank": 70,
  "bot_id": 16775,
  "fitness_score": 8.009171485900879,
  "total_pnl": 80.09171295166016,
  "win_rate": 16.325036603221083,
  "total_trades": 1366,
  "sharpe_ratio": 0.0,
  "max_drawdown": 0.0,
  "survival_generations": 4,
  "config": {
    "num_indicators": 3,
    "indicator_indices": [
      34,
      22,
      5
    ],
    "indicator_params": [
      [
        4.329686164855957,
        20.346290588378906,
        0.0
      ],
      [
        3.886849880218506,
        4.714855670928955,
        1.4248378276824951
      ],
      [
        3.9702069759368896,
        145.7253875732422,
        0.0
      ]
    ],
    "risk_strategy_bitmap": 2,
    "tp_multiplier": 0.21631507575511932,
    "sl_multiplier": 0.01137519720941782,
    "leverage": 80
  }
}