{
  "rank": 92,
  "bot_id": 1074,
  "fitness_score": 11.555389404296875,
  "total_pnl": 115.55389404296875,
  "win_rate": 36.4712847838958,
  "total_trades": 3378,
  "sharpe_ratio": 0.0,
  "max_drawdown": 0.0,
  "survival_generations": 2,
  "config": {
    "num_indicators": 2,
    "indicator_indices": [
      27,
      12
    ],
    "indicator_params": [
      [
        3.495668888092041,
        11.148744583129883,
        1.4177074432373047
      ],
      [
        38.068199157714844,
        52.31116485595703,
        65.7408218383789
      ]
    ],
    "risk_strategy_bitmap": 1024,
    "tp_multiplier": 0.16228802502155304,
    "sl_multiplier": 0.029796872287988663,
    "leverage": 15
  }
}