{
  "rank": 81,
  "bot_id": 13789,
  "fitness_score": 8.919219970703125,
  "total_pnl": 89.19219970703125,
  "win_rate": 50.0,
  "total_trades": 22,
  "sharpe_ratio": 1.4992046356201172,
  "max_drawdown": 0.0,
  "survival_generations": 1,
  "config": {
    "num_indicators": 3,
    "indicator_indices": [
      0,
      7,
      46
    ],
    "indicator_params": [
      [
        4.410018444061279,
        77.86048126220703,
        0.0
      ],
      [
        0.0,
        0.0,
        0.0
      ],
      [
        0.0,
        0.0,
        0.0
      ]
    ],
    "risk_strategy": 3,
    "risk_param": 0.30958306789398193,
    "tp_multiplier": 0.049970414489507675,
    "sl_multiplier": 0.04138622060418129,
    "leverage": 1
  }
}