{
  "rank": 25,
  "bot_id": 7574,
  "fitness_score": 26045.232421875,
  "total_pnl": 260452.34375,
  "win_rate": 28.418679817996413,
  "total_trades": 167689,
  "sharpe_ratio": 0.0,
  "max_drawdown": 0.0,
  "survival_generations": 2,
  "config": {
    "num_indicators": 2,
    "indicator_indices": [
      28,
      46
    ],
    "indicator_params": [
      [
        3.7169618606567383,
        45.88005065917969,
        0.27680978178977966
      ],
      [
        4.800379276275635,
        69.12167358398438,
        0.0
      ]
    ],
    "risk_strategy_bitmap": 8192,
    "tp_multiplier": 0.1573357731103897,
    "sl_multiplier": 0.04352375864982605,
    "leverage": 25
  }
}