{
  "rank": 37,
  "bot_id": 37,
  "fitness_score": 0.0,
  "total_pnl": 0.0,
  "win_rate": 0.0,
  "total_trades": 0,
  "sharpe_ratio": 0.0,
  "max_drawdown": 0.0,
  "survival_generations": 1,
  "config": {
    "num_indicators": 4,
    "indicator_indices": [
      26,
      39,
      16,
      43
    ],
    "indicator_params": [
      [
        4.784595012664795,
        16.281896591186523,
        0.6487851142883301
      ],
      [
        0.8272621035575867,
        32.64216232299805,
        0.0
      ],
      [
        28.62267303466797,
        59.69798278808594,
        59.23360061645508
      ],
      [
        7.964027404785156,
        35.85997772216797,
        0.0
      ]
    ],
    "risk_strategy_bitmap": 4137,
    "tp_multiplier": 0.1621069461107254,
    "sl_multiplier": 0.059936054050922394,
    "leverage": 1
  }
}