{
  "rank": 56,
  "bot_id": 6201,
  "fitness_score": 32.0552864074707,
  "total_pnl": 320.5528564453125,
  "win_rate": 96.40287769784173,
  "total_trades": 139,
  "sharpe_ratio": 0.0,
  "max_drawdown": 0.0,
  "survival_generations": 2,
  "config": {
    "num_indicators": 3,
    "indicator_indices": [
      37,
      21,
      29
    ],
    "indicator_params": [
      [
        4.441070556640625,
        9.572381019592285,
        0.0
      ],
      [
        4.852162837982178,
        22.012117385864258,
        0.06672969460487366
      ],
      [
        3.2564637660980225,
        25.849754333496094,
        1.313878059387207
      ]
    ],
    "risk_strategy_bitmap": 208,
    "tp_multiplier": 0.11988472193479538,
    "sl_multiplier": 0.09427198767662048,
    "leverage": 7
  }
}