{
  "rank": 33,
  "bot_id": 10161,
  "fitness_score": 15.343436241149902,
  "total_pnl": 153.4343719482422,
  "win_rate": 92.85714285714286,
  "total_trades": 14,
  "sharpe_ratio": 2.022883892059326,
  "max_drawdown": 0.0,
  "survival_generations": 1,
  "config": {
    "num_indicators": 4,
    "indicator_indices": [
      2,
      26,
      7,
      18
    ],
    "indicator_params": [
      [
        2.505863666534424,
        101.00740814208984,
        0.0
      ],
      [
        3.192466974258423,
        33.61181640625,
        0.9277744293212891
      ],
      [
        4.478710651397705,
        39.037872314453125,
        0.0
      ],
      [
        16.39216423034668,
        50.317047119140625,
        51.618797302246094
      ]
    ],
    "risk_strategy": 3,
    "risk_param": 0.7968910336494446,
    "tp_multiplier": 0.030990907922387123,
    "sl_multiplier": 0.08220159262418747,
    "leverage": 1
  }
}