{
  "rank": 98,
  "bot_id": 995,
  "fitness_score": 0.0,
  "total_pnl": 2746.394775390625,
  "win_rate": 13.461538461538462,
  "total_trades": 52,
  "sharpe_ratio": 0.3703291714191437,
  "max_drawdown": 0.020036112517118454,
  "survival_generations": 1,
  "config": {
    "num_indicators": 5,
    "indicator_indices": [
      0,
      2,
      17,
      19,
      30
    ],
    "indicator_params": [
      [
        4.837574005126953,
        32.576622009277344,
        0.0
      ],
      [
        3.468240261077881,
        19.080982208251953,
        1.27528977394104
      ],
      [
        4.539431571960449,
        106.3055419921875,
        0.0
      ],
      [
        2.026646375656128,
        34.68634796142578,
        0.0
      ],
      [
        1.0923010110855103,
        30.945449829101562,
        0.0
      ]
    ],
    "indicator_risk_strategies": [
      12,
      6,
      13,
      6,
      6
    ],
    "risk_param": 0.13949966430664062,
    "tp_multiplier": 0.0,
    "sl_multiplier": 0.0,
    "leverage": 125
  }
}