{
  "rank": 99,
  "bot_id": 7059,
  "fitness_score": 15862.626953125,
  "total_pnl": 158626.265625,
  "win_rate": 48.16127911018422,
  "total_trades": 28770,
  "sharpe_ratio": 0.0,
  "max_drawdown": 0.0,
  "survival_generations": 2,
  "config": {
    "num_indicators": 2,
    "indicator_indices": [
      21,
      29
    ],
    "indicator_params": [
      [
        3.483802318572998,
        10.273369789123535,
        0.5970038175582886
      ],
      [
        3.7330732345581055,
        46.721012115478516,
        0.9047396779060364
      ]
    ],
    "risk_strategy_bitmap": 16386,
    "tp_multiplier": 0.043361518532037735,
    "sl_multiplier": 0.04042576625943184,
    "leverage": 23
  }
}