{
  "rank": 56,
  "bot_id": 56,
  "fitness_score": 0.0,
  "total_pnl": 0.0,
  "win_rate": 0.0,
  "total_trades": 0,
  "sharpe_ratio": 0.0,
  "max_drawdown": 0.0,
  "survival_generations": 1,
  "config": {
    "num_indicators": 5,
    "indicator_indices": [
      9,
      4,
      28,
      46,
      23
    ],
    "indicator_params": [
      [
        4.0042595863342285,
        100.0711898803711,
        0.0
      ],
      [
        4.657856464385986,
        75.18128204345703,
        0.0
      ],
      [
        3.984133243560791,
        21.844390869140625,
        0.11626356840133667
      ],
      [
        3.948974132537842,
        23.144763946533203,
        0.0
      ],
      [
        3.9553515911102295,
        1.9711047410964966,
        0.03737720847129822
      ]
    ],
    "risk_strategy_bitmap": 8294,
    "tp_multiplier": 0.078839510679245,
    "sl_multiplier": 0.04394201561808586,
    "leverage": 15
  }
}