{
  "rank": 58,
  "bot_id": 15411,
  "fitness_score": 30.660871505737305,
  "total_pnl": 306.60870361328125,
  "win_rate": 100.0,
  "total_trades": 8,
  "sharpe_ratio": 0.0,
  "max_drawdown": 0.0,
  "survival_generations": 1,
  "config": {
    "num_indicators": 3,
    "indicator_indices": [
      26,
      13,
      43
    ],
    "indicator_params": [
      [
        4.732567310333252,
        3.2594470977783203,
        0.17558196187019348
      ],
      [
        20.243650436401367,
        52.12818908691406,
        57.94743347167969
      ],
      [
        1.2822681665420532,
        28.726404190063477,
        0.0
      ]
    ],
    "risk_strategy_bitmap": 16384,
    "tp_multiplier": 0.06315529346466064,
    "sl_multiplier": 0.06221095472574234,
    "leverage": 13
  }
}