{
  "rank": 77,
  "bot_id": 749,
  "fitness_score": 0.0,
  "total_pnl": 4922.12451171875,
  "win_rate": 12.659768715763848,
  "total_trades": 1643,
  "sharpe_ratio": 1.0106748342514038,
  "max_drawdown": 0.0,
  "survival_generations": 1,
  "config": {
    "num_indicators": 2,
    "indicator_indices": [
      10,
      32
    ],
    "indicator_params": [
      [
        6.759084224700928,
        67.49314880371094,
        0.0
      ],
      [
        4.697816848754883,
        2.8209328651428223,
        1.312063455581665
      ]
    ],
    "indicator_risk_strategies": [
      8,
      8
    ],
    "risk_param": 0.012042826972901821,
    "tp_multiplier": 0.0,
    "sl_multiplier": 0.0,
    "leverage": 125
  }
}