{
  "rank": 71,
  "bot_id": 5448,
  "fitness_score": 581.4754028320312,
  "total_pnl": 5814.75390625,
  "win_rate": 27.244056283357594,
  "total_trades": 4122,
  "sharpe_ratio": 0.0,
  "max_drawdown": 0.0,
  "survival_generations": 2,
  "config": {
    "num_indicators": 5,
    "indicator_indices": [
      19,
      42,
      48,
      22,
      35
    ],
    "indicator_params": [
      [
        14.792898178100586,
        55.39089584350586,
        68.95164489746094
      ],
      [
        8.497414588928223,
        63.68781661987305,
        0.0
      ],
      [
        8.016053199768066,
        31.29773712158203,
        0.0
      ],
      [
        3.6108531951904297,
        35.99414825439453,
        0.044011831283569336
      ],
      [
        4.07758903503418,
        29.195301055908203,
        0.0
      ]
    ],
    "risk_strategy_bitmap": 3202,
    "tp_multiplier": 0.05184169113636017,
    "sl_multiplier": 0.04001730680465698,
    "leverage": 7
  }
}