{
  "rank": 99,
  "bot_id": 17302,
  "fitness_score": 10.77303409576416,
  "total_pnl": 107.7303466796875,
  "win_rate": 42.64257565618262,
  "total_trades": 13449,
  "sharpe_ratio": 0.0,
  "max_drawdown": 0.0,
  "survival_generations": 1,
  "config": {
    "num_indicators": 3,
    "indicator_indices": [
      12,
      20,
      48
    ],
    "indicator_params": [
      [
        1.9312196969985962,
        17.859834671020508,
        0.0
      ],
      [
        0.0,
        0.0,
        0.0
      ],
      [
        0.0,
        0.0,
        0.0
      ]
    ],
    "risk_strategy_bitmap": 4,
    "tp_multiplier": 0.21405059099197388,
    "sl_multiplier": 0.04404249042272568,
    "leverage": 25
  }
}