{
  "rank": 91,
  "bot_id": 3574,
  "fitness_score": 9.600557327270508,
  "total_pnl": 96.00557708740234,
  "win_rate": 100.0,
  "total_trades": 12,
  "sharpe_ratio": 2.481279134750366,
  "max_drawdown": 0.0,
  "survival_generations": 2,
  "config": {
    "num_indicators": 4,
    "indicator_indices": [
      1,
      7,
      17,
      18
    ],
    "indicator_params": [
      [
        2.0248751640319824,
        28.681480407714844,
        0.0
      ],
      [
        0.0,
        0.0,
        0.0
      ],
      [
        0.0,
        0.0,
        0.0
      ],
      [
        0.0,
        0.0,
        0.0
      ]
    ],
    "risk_strategy": 10,
    "risk_param": 1.998241901397705,
    "tp_multiplier": 0.048594314604997635,
    "sl_multiplier": 0.08851581811904907,
    "leverage": 1
  }
}