{
  "rank": 69,
  "bot_id": 900,
  "fitness_score": 9.556232452392578,
  "total_pnl": 95.56232452392578,
  "win_rate": 71.42857142857143,
  "total_trades": 7,
  "sharpe_ratio": 0.892511785030365,
  "max_drawdown": 0.0,
  "survival_generations": 2,
  "config": {
    "num_indicators": 2,
    "indicator_indices": [
      21,
      45
    ],
    "indicator_params": [
      [
        0.6053480505943298,
        18.50981330871582,
        0.0
      ],
      [
        4.450701713562012,
        29.559091567993164,
        0.0
      ]
    ],
    "risk_strategy": 1,
    "risk_param": 4398.984375,
    "tp_multiplier": 0.1290854811668396,
    "sl_multiplier": 0.08564656972885132,
    "leverage": 1
  }
}