{
  "rank": 10,
  "bot_id": 11343,
  "fitness_score": 59.85874938964844,
  "total_pnl": 598.5875244140625,
  "win_rate": 20.517591339648174,
  "total_trades": 5912,
  "sharpe_ratio": 0.0,
  "max_drawdown": 0.0,
  "survival_generations": 1,
  "config": {
    "num_indicators": 2,
    "indicator_indices": [
      14,
      30
    ],
    "indicator_params": [
      [
        17.165719985961914,
        51.002864837646484,
        68.99353790283203
      ],
      [
        8.79959487915039,
        50.327049255371094,
        0.0
      ]
    ],
    "risk_strategy_bitmap": 257,
    "tp_multiplier": 0.20920059084892273,
    "sl_multiplier": 0.009350849315524101,
    "leverage": 20
  }
}