{
  "rank": 19,
  "bot_id": 18548,
  "fitness_score": 15.538278579711914,
  "total_pnl": 155.38278198242188,
  "win_rate": 50.0,
  "total_trades": 12,
  "sharpe_ratio": 0.9151384830474854,
  "max_drawdown": 0.0,
  "survival_generations": 1,
  "config": {
    "num_indicators": 4,
    "indicator_indices": [
      6,
      21,
      28,
      32
    ],
    "indicator_params": [
      [
        2.772063970565796,
        110.852294921875,
        0.0
      ],
      [
        0.0,
        0.0,
        0.0
      ],
      [
        0.0,
        0.0,
        0.0
      ],
      [
        0.0,
        0.0,
        0.0
      ]
    ],
    "risk_strategy": 6,
    "risk_param": 0.1643756628036499,
    "tp_multiplier": 0.11670751869678497,
    "sl_multiplier": 0.05563764274120331,
    "leverage": 1
  }
}