{
  "rank": 25,
  "bot_id": 4805,
  "fitness_score": 14.636722564697266,
  "total_pnl": 146.36721801757812,
  "win_rate": 11.11111111111111,
  "total_trades": 72,
  "sharpe_ratio": 1.1327906847000122,
  "max_drawdown": 0.0,
  "survival_generations": 2,
  "config": {
    "num_indicators": 3,
    "indicator_indices": [
      32,
      44,
      45
    ],
    "indicator_params": [
      [
        6.137003421783447,
        45.114219665527344,
        0.0
      ],
      [
        4.021505355834961,
        27.67906951904297,
        0.35946911573410034
      ],
      [
        4.315318584442139,
        96.978271484375,
        0.0
      ]
    ],
    "risk_strategy": 1,
    "risk_param": 2304.229736328125,
    "tp_multiplier": 0.11385293304920197,
    "sl_multiplier": 0.008684756234288216,
    "leverage": 1
  }
}