{
  "rank": 75,
  "bot_id": 77,
  "fitness_score": 0.0,
  "total_pnl": 0.0,
  "win_rate": 0.0,
  "total_trades": 0,
  "sharpe_ratio": 0.0,
  "max_drawdown": 0.0,
  "survival_generations": 1,
  "config": {
    "num_indicators": 4,
    "indicator_indices": [
      0,
      48,
      11,
      15
    ],
    "indicator_params": [
      [
        4.512762546539307,
        188.16705322265625,
        0.0
      ],
      [
        8.21246337890625,
        1.285797357559204,
        0.0
      ],
      [
        22.673328399658203,
        50.49357223510742,
        48.79337692260742
      ],
      [
        20.12788963317871,
        52.30647659301758,
        77.99300384521484
      ]
    ],
    "risk_strategy_bitmap": 16451,
    "tp_multiplier": 0.1359785497188568,
    "sl_multiplier": 0.02454102598130703,
    "leverage": 14
  }
}