{
  "rank": 71,
  "bot_id": 749,
  "fitness_score": 0.0,
  "total_pnl": 1535.3436279296875,
  "win_rate": 33.33333333333333,
  "total_trades": 6,
  "sharpe_ratio": 0.2336842566728592,
  "max_drawdown": 0.13393333554267883,
  "survival_generations": 1,
  "config": {
    "num_indicators": 4,
    "indicator_indices": [
      10,
      20,
      38,
      48
    ],
    "indicator_params": [
      [
        1.1594480276107788,
        23.880550384521484,
        0.0
      ],
      [
        0.0,
        0.0,
        0.0
      ],
      [
        0.0,
        0.0,
        0.0
      ],
      [
        0.0,
        0.0,
        0.0
      ]
    ],
    "indicator_risk_strategies": [
      4,
      0,
      0,
      0
    ],
    "risk_param": 0.7840026021003723,
    "tp_multiplier": 0.0,
    "sl_multiplier": 0.0,
    "leverage": 125
  }
}