{
  "rank": 97,
  "bot_id": 6450,
  "fitness_score": 10.946462631225586,
  "total_pnl": 109.46463012695312,
  "win_rate": 46.17996604414261,
  "total_trades": 1767,
  "sharpe_ratio": 0.0,
  "max_drawdown": 0.0,
  "survival_generations": 2,
  "config": {
    "num_indicators": 3,
    "indicator_indices": [
      49,
      14,
      15
    ],
    "indicator_params": [
      [
        7.747119903564453,
        60.616554260253906,
        0.0
      ],
      [
        34.39952087402344,
        54.902252197265625,
        60.97953796386719
      ],
      [
        20.20241928100586,
        52.11195373535156,
        44.1741943359375
      ]
    ],
    "risk_strategy_bitmap": 20480,
    "tp_multiplier": 0.08871037513017654,
    "sl_multiplier": 0.07100772857666016,
    "leverage": 15
  }
}