{
  "rank": 12,
  "bot_id": 11922,
  "fitness_score": 754.664306640625,
  "total_pnl": 7546.64306640625,
  "win_rate": 39.52879581151832,
  "total_trades": 764,
  "sharpe_ratio": 0.0,
  "max_drawdown": 0.0,
  "survival_generations": 1,
  "config": {
    "num_indicators": 5,
    "indicator_indices": [
      35,
      43,
      39,
      30,
      29
    ],
    "indicator_params": [
      [
        2.540335178375244,
        28.179519653320312,
        0.0
      ],
      [
        9.894725799560547,
        14.246427536010742,
        0.0
      ],
      [
        2.2960290908813477,
        45.25390625,
        0.0
      ],
      [
        4.340082168579102,
        19.26544952392578,
        0.0
      ],
      [
        3.17409348487854,
        47.220191955566406,
        0.7027603983879089
      ]
    ],
    "risk_strategy_bitmap": 8482,
    "tp_multiplier": 0.09416063874959946,
    "sl_multiplier": 0.0475582592189312,
    "leverage": 17
  }
}