{
  "rank": 58,
  "bot_id": 58,
  "fitness_score": 0.0,
  "total_pnl": 0.0,
  "win_rate": 0.0,
  "total_trades": 0,
  "sharpe_ratio": 0.0,
  "max_drawdown": 0.0,
  "survival_generations": 1,
  "config": {
    "num_indicators": 2,
    "indicator_indices": [
      7,
      3
    ],
    "indicator_params": [
      [
        1.359407901763916,
        67.7805404663086,
        0.0
      ],
      [
        1.2780048847198486,
        41.021419525146484,
        0.0
      ]
    ],
    "risk_strategy_bitmap": 24704,
    "tp_multiplier": 0.18277136981487274,
    "sl_multiplier": 0.061890363693237305,
    "leverage": 19
  }
}