{
  "rank": 66,
  "bot_id": 3413,
  "fitness_score": 21.26751136779785,
  "total_pnl": 212.67510986328125,
  "win_rate": 42.45870565935554,
  "total_trades": 7386,
  "sharpe_ratio": 0.0,
  "max_drawdown": 0.0,
  "survival_generations": 2,
  "config": {
    "num_indicators": 2,
    "indicator_indices": [
      33,
      12
    ],
    "indicator_params": [
      [
        1.7627105712890625,
        7.523474216461182,
        0.0
      ],
      [
        12.856626510620117,
        52.19541549682617,
        66.86692810058594
      ]
    ],
    "risk_strategy_bitmap": 2051,
    "tp_multiplier": 0.1463308334350586,
    "sl_multiplier": 0.07971718907356262,
    "leverage": 20
  }
}