{
  "rank": 100,
  "bot_id": 9157,
  "fitness_score": 7.9313507080078125,
  "total_pnl": 79.31350708007812,
  "win_rate": 75.0,
  "total_trades": 8,
  "sharpe_ratio": 1.068725824356079,
  "max_drawdown": 0.0,
  "survival_generations": 2,
  "config": {
    "num_indicators": 3,
    "indicator_indices": [
      13,
      14,
      35
    ],
    "indicator_params": [
      [
        3.682997703552246,
        8.035150527954102,
        1.2905839681625366
      ],
      [
        3.892028570175171,
        0.32352209091186523,
        0.0
      ],
      [
        8.039188385009766,
        55.352996826171875,
        26.400876998901367
      ]
    ],
    "risk_strategy": 12,
    "risk_param": 0.08388852328062057,
    "tp_multiplier": 0.10564219951629639,
    "sl_multiplier": 0.08545295894145966,
    "leverage": 1
  }
}