{
  "rank": 97,
  "bot_id": 99,
  "fitness_score": 0.0,
  "total_pnl": 0.0,
  "win_rate": 0.0,
  "total_trades": 0,
  "sharpe_ratio": 0.0,
  "max_drawdown": 0.0,
  "survival_generations": 1,
  "config": {
    "num_indicators": 4,
    "indicator_indices": [
      4,
      12,
      47,
      43
    ],
    "indicator_params": [
      [
        0.9222891926765442,
        125.35072326660156,
        0.0
      ],
      [
        29.7968692779541,
        57.11893081665039,
        72.21900939941406
      ],
      [
        3.9006078243255615,
        56.72890853881836,
        0.0
      ],
      [
        5.268237113952637,
        70.42110443115234,
        0.0
      ]
    ],
    "risk_strategy_bitmap": 88,
    "tp_multiplier": 0.08800294250249863,
    "sl_multiplier": 0.07833684235811234,
    "leverage": 4
  }
}