{
  "rank": 69,
  "bot_id": 736,
  "fitness_score": 0.0,
  "total_pnl": 93.99928283691406,
  "win_rate": 100.0,
  "total_trades": 1,
  "sharpe_ratio": 0.22360680997371674,
  "max_drawdown": 0.0,
  "survival_generations": 1,
  "config": {
    "num_indicators": 5,
    "indicator_indices": [
      7,
      19,
      22,
      40,
      41
    ],
    "indicator_params": [
      [
        0.08721023797988892,
        38.19424819946289,
        0.0
      ],
      [
        3.971842050552368,
        38.272666931152344,
        0.0
      ],
      [
        9.024639129638672,
        52.67976379394531,
        0.0
      ],
      [
        10.383244514465332,
        56.435672760009766,
        43.15231704711914
      ],
      [
        0.0,
        0.0,
        0.0
      ]
    ],
    "indicator_risk_strategies": [
      7,
      1,
      12,
      14,
      0
    ],
    "risk_param": 0.6429874897003174,
    "tp_multiplier": 0.0,
    "sl_multiplier": 0.0,
    "leverage": 125
  }
}