{
  "rank": 79,
  "bot_id": 791,
  "fitness_score": 0.0,
  "total_pnl": 383.75177001953125,
  "win_rate": 14.285714285714285,
  "total_trades": 7,
  "sharpe_ratio": 0.22048142552375793,
  "max_drawdown": 0.003322021570056677,
  "survival_generations": 1,
  "config": {
    "num_indicators": 4,
    "indicator_indices": [
      10,
      20,
      38,
      48
    ],
    "indicator_params": [
      [
        38.47222137451172,
        51.59593963623047,
        67.71821594238281
      ],
      [
        3.1858911514282227,
        112.45652770996094,
        0.0
      ],
      [
        3.953134536743164,
        140.615234375,
        0.0
      ],
      [
        0.0,
        0.0,
        0.0
      ]
    ],
    "indicator_risk_strategies": [
      9,
      8,
      13,
      0
    ],
    "risk_param": 2.2305970191955566,
    "tp_multiplier": 0.0,
    "sl_multiplier": 0.0,
    "leverage": 125
  }
}