{
  "rank": 77,
  "bot_id": 2424,
  "fitness_score": 10.26570987701416,
  "total_pnl": 102.6571044921875,
  "win_rate": 91.22807017543859,
  "total_trades": 57,
  "sharpe_ratio": 2.064868688583374,
  "max_drawdown": 0.0,
  "survival_generations": 2,
  "config": {
    "num_indicators": 5,
    "indicator_indices": [
      0,
      8,
      23,
      32,
      44
    ],
    "indicator_params": [
      [
        2.8074135780334473,
        99.29991149902344,
        0.0
      ],
      [
        1.84315025806427,
        28.879085540771484,
        0.0
      ],
      [
        2.7679965496063232,
        84.37272644042969,
        0.0
      ],
      [
        0.0,
        0.0,
        0.0
      ],
      [
        0.0,
        0.0,
        0.0
      ]
    ],
    "risk_strategy": 1,
    "risk_param": 9899.51171875,
    "tp_multiplier": 0.006804507691413164,
    "sl_multiplier": 0.06786447763442993,
    "leverage": 1
  }
}