{
  "rank": 31,
  "bot_id": 13472,
  "fitness_score": 132.68482971191406,
  "total_pnl": 1326.8482666015625,
  "win_rate": 53.10734463276836,
  "total_trades": 354,
  "sharpe_ratio": 0.0,
  "max_drawdown": 0.0,
  "survival_generations": 1,
  "config": {
    "num_indicators": 3,
    "indicator_indices": [
      15,
      19,
      20
    ],
    "indicator_params": [
      [
        3.3747708797454834,
        42.43287658691406,
        0.41427353024482727
      ],
      [
        3.7739503383636475,
        40.659996032714844,
        1.3711186647415161
      ],
      [
        0.0,
        0.0,
        0.0
      ]
    ],
    "risk_strategy_bitmap": 16648,
    "tp_multiplier": 0.23465324938297272,
    "sl_multiplier": 0.0623859278857708,
    "leverage": 8
  }
}