{
  "rank": 28,
  "bot_id": 13047,
  "fitness_score": 42.281288146972656,
  "total_pnl": 422.8128662109375,
  "win_rate": 50.607441154138186,
  "total_trades": 7902,
  "sharpe_ratio": 0.0,
  "max_drawdown": 0.0,
  "survival_generations": 1,
  "config": {
    "num_indicators": 2,
    "indicator_indices": [
      13,
      29
    ],
    "indicator_params": [
      [
        3.18550705909729,
        2.82747745513916,
        0.5572158098220825
      ],
      [
        8.40571403503418,
        97.52059173583984,
        0.0
      ]
    ],
    "risk_strategy_bitmap": 1024,
    "tp_multiplier": 0.21034350991249084,
    "sl_multiplier": 0.05207565799355507,
    "leverage": 8
  }
}