{
  "rank": 12,
  "bot_id": 12,
  "fitness_score": 0.0,
  "total_pnl": 0.0,
  "win_rate": 0.0,
  "total_trades": 0,
  "sharpe_ratio": 0.0,
  "max_drawdown": 0.0,
  "survival_generations": 1,
  "config": {
    "num_indicators": 3,
    "indicator_indices": [
      24,
      23,
      46
    ],
    "indicator_params": [
      [
        4.407181739807129,
        1.2775152921676636,
        1.1044174432754517
      ],
      [
        3.199737548828125,
        9.420758247375488,
        0.5564601421356201
      ],
      [
        5.180605888366699,
        38.301883697509766,
        0.0
      ]
    ],
    "risk_strategy_bitmap": 68,
    "tp_multiplier": 0.10846107453107834,
    "sl_multiplier": 0.0363878533244133,
    "leverage": 23
  }
}