{
  "rank": 11,
  "bot_id": 14969,
  "fitness_score": 778.5924072265625,
  "total_pnl": 7785.923828125,
  "win_rate": 42.89846687879664,
  "total_trades": 20742,
  "sharpe_ratio": 0.0,
  "max_drawdown": 0.0,
  "survival_generations": 1,
  "config": {
    "num_indicators": 3,
    "indicator_indices": [
      15,
      20,
      46
    ],
    "indicator_params": [
      [
        12.015087127685547,
        54.758304595947266,
        42.36591339111328
      ],
      [
        0.0,
        0.0,
        0.0
      ],
      [
        0.0,
        0.0,
        0.0
      ]
    ],
    "risk_strategy_bitmap": 21633,
    "tp_multiplier": 0.20917318761348724,
    "sl_multiplier": 0.08044720441102982,
    "leverage": 6
  }
}