{
  "rank": 25,
  "bot_id": 4989,
  "fitness_score": 168.4531707763672,
  "total_pnl": 1684.53173828125,
  "win_rate": 93.33333333333333,
  "total_trades": 150,
  "sharpe_ratio": 0.0,
  "max_drawdown": 0.0,
  "survival_generations": 2,
  "config": {
    "num_indicators": 3,
    "indicator_indices": [
      29,
      37,
      35
    ],
    "indicator_params": [
      [
        4.812432289123535,
        13.399585723876953,
        0.22759777307510376
      ],
      [
        1.8790745735168457,
        29.267261505126953,
        0.0
      ],
      [
        3.378838062286377,
        13.448822021484375,
        0.0
      ]
    ],
    "risk_strategy_bitmap": 128,
    "tp_multiplier": 0.1206093281507492,
    "sl_multiplier": 0.08697827905416489,
    "leverage": 22
  }
}