{
  "rank": 75,
  "bot_id": 13207,
  "fitness_score": 19.366355895996094,
  "total_pnl": 193.66357421875,
  "win_rate": 43.40974212034384,
  "total_trades": 6980,
  "sharpe_ratio": 0.0,
  "max_drawdown": 0.0,
  "survival_generations": 1,
  "config": {
    "num_indicators": 3,
    "indicator_indices": [
      12,
      20,
      49
    ],
    "indicator_params": [
      [
        3.0849480628967285,
        31.974170684814453,
        0.0
      ],
      [
        3.3458290100097656,
        18.001434326171875,
        0.2339538037776947
      ],
      [
        0.0,
        0.0,
        0.0
      ]
    ],
    "risk_strategy_bitmap": 640,
    "tp_multiplier": 0.16006870567798615,
    "sl_multiplier": 0.06555036455392838,
    "leverage": 4
  }
}