{
  "rank": 67,
  "bot_id": 68,
  "fitness_score": 0.0,
  "total_pnl": 0.0,
  "win_rate": 0.0,
  "total_trades": 0,
  "sharpe_ratio": 0.0,
  "max_drawdown": 0.0,
  "survival_generations": 1,
  "config": {
    "num_indicators": 4,
    "indicator_indices": [
      26,
      42,
      17,
      41
    ],
    "indicator_params": [
      [
        4.138023853302002,
        2.0602493286132812,
        0.8282128572463989
      ],
      [
        6.928420543670654,
        76.57762145996094,
        0.0
      ],
      [
        38.3727912902832,
        51.87363815307617,
        47.36084747314453
      ],
      [
        4.150867938995361,
        23.474979400634766,
        0.0
      ]
    ],
    "risk_strategy_bitmap": 24704,
    "tp_multiplier": 0.07468416541814804,
    "sl_multiplier": 0.006090038921684027,
    "leverage": 18
  }
}