{
  "rank": 30,
  "bot_id": 3156,
  "fitness_score": 14.402925491333008,
  "total_pnl": 144.02926635742188,
  "win_rate": 16.853932584269664,
  "total_trades": 178,
  "sharpe_ratio": 1.6514009237289429,
  "max_drawdown": 0.0,
  "survival_generations": 2,
  "config": {
    "num_indicators": 3,
    "indicator_indices": [
      6,
      7,
      45
    ],
    "indicator_params": [
      [
        19.4960880279541,
        59.644771575927734,
        33.25663757324219
      ],
      [
        0.0,
        0.0,
        0.0
      ],
      [
        0.0,
        0.0,
        0.0
      ]
    ],
    "risk_strategy": 1,
    "risk_param": 5246.859375,
    "tp_multiplier": 0.029127225279808044,
    "sl_multiplier": 0.005820597521960735,
    "leverage": 1
  }
}