{
  "rank": 13,
  "bot_id": 383,
  "fitness_score": 36968.8515625,
  "total_pnl": 369688.5,
  "win_rate": 28.955881340766744,
  "total_trades": 203406,
  "sharpe_ratio": 0.0,
  "max_drawdown": 0.0,
  "survival_generations": 2,
  "config": {
    "num_indicators": 1,
    "indicator_indices": [
      21
    ],
    "indicator_params": [
      [
        4.851668834686279,
        8.527076721191406,
        1.146419644355774
      ]
    ],
    "risk_strategy_bitmap": 9856,
    "tp_multiplier": 0.152330219745636,
    "sl_multiplier": 0.01927535980939865,
    "leverage": 24
  }
}