{
  "rank": 82,
  "bot_id": 16860,
  "fitness_score": 572.648193359375,
  "total_pnl": 5726.48193359375,
  "win_rate": 26.190817790530847,
  "total_trades": 13940,
  "sharpe_ratio": 0.0,
  "max_drawdown": 0.0,
  "survival_generations": 1,
  "config": {
    "num_indicators": 4,
    "indicator_indices": [
      42,
      28,
      48,
      46
    ],
    "indicator_params": [
      [
        8.0237455368042,
        24.30316162109375,
        0.0
      ],
      [
        3.169402599334717,
        21.822612762451172,
        0.5011281967163086
      ],
      [
        7.5348920822143555,
        10.239225387573242,
        0.0
      ],
      [
        2.2063045501708984,
        35.173763275146484,
        0.0
      ]
    ],
    "risk_strategy_bitmap": 64,
    "tp_multiplier": 0.03192223608493805,
    "sl_multiplier": 0.05524532124400139,
    "leverage": 21
  }
}