{
  "rank": 18,
  "bot_id": 536,
  "fitness_score": 16.52591896057129,
  "total_pnl": 165.2592010498047,
  "win_rate": 11.688311688311687,
  "total_trades": 77,
  "sharpe_ratio": 2.384016990661621,
  "max_drawdown": 0.0,
  "survival_generations": 2,
  "config": {
    "num_indicators": 3,
    "indicator_indices": [
      12,
      19,
      48
    ],
    "indicator_params": [
      [
        1.467278003692627,
        35.19803237915039,
        0.0
      ],
      [
        0.0,
        0.0,
        0.0
      ],
      [
        0.0,
        0.0,
        0.0
      ]
    ],
    "risk_strategy": 4,
    "risk_param": 0.4921919107437134,
    "tp_multiplier": 0.12633423507213593,
    "sl_multiplier": 0.005300069693475962,
    "leverage": 1
  }
}