{
  "rank": 8,
  "bot_id": 820,
  "fitness_score": 24.783798217773438,
  "total_pnl": 247.83798217773438,
  "win_rate": 61.81818181818181,
  "total_trades": 55,
  "sharpe_ratio": 1.1807632446289062,
  "max_drawdown": 0.0,
  "survival_generations": 2,
  "config": {
    "num_indicators": 2,
    "indicator_indices": [
      14,
      32
    ],
    "indicator_params": [
      [
        32.30800247192383,
        58.40981674194336,
        29.581924438476562
      ],
      [
        4.741525173187256,
        135.1915740966797,
        0.0
      ]
    ],
    "risk_strategy": 5,
    "risk_param": 3.3503599166870117,
    "tp_multiplier": 0.24573743343353271,
    "sl_multiplier": 0.08373169600963593,
    "leverage": 1
  }
}