{
  "rank": 84,
  "bot_id": 29303,
  "fitness_score": 7.027200698852539,
  "total_pnl": 70.27200317382812,
  "win_rate": 15.627906976744185,
  "total_trades": 1075,
  "sharpe_ratio": 0.0,
  "max_drawdown": 0.0,
  "survival_generations": 3,
  "config": {
    "num_indicators": 5,
    "indicator_indices": [
      40,
      0,
      5,
      22,
      19
    ],
    "indicator_params": [
      [
        3.411695957183838,
        6.524264812469482,
        0.0
      ],
      [
        4.619502067565918,
        178.97650146484375,
        0.0
      ],
      [
        1.8602409362792969,
        128.8350830078125,
        0.0
      ],
      [
        4.649109840393066,
        29.527006149291992,
        1.0775799751281738
      ],
      [
        10.961536407470703,
        59.267173767089844,
        51.24327087402344
      ]
    ],
    "risk_strategy_bitmap": 24960,
    "tp_multiplier": 0.23286548256874084,
    "sl_multiplier": 0.02735867165029049,
    "leverage": 83
  }
}