{
  "rank": 92,
  "bot_id": 9969,
  "fitness_score": 8.431879997253418,
  "total_pnl": 84.31880187988281,
  "win_rate": 56.25,
  "total_trades": 16,
  "sharpe_ratio": 1.0619786977767944,
  "max_drawdown": 0.0,
  "survival_generations": 2,
  "config": {
    "num_indicators": 3,
    "indicator_indices": [
      15,
      19,
      21
    ],
    "indicator_params": [
      [
        31.955570220947266,
        58.612430572509766,
        59.70243835449219
      ],
      [
        3.558077335357666,
        49.097198486328125,
        1.176464557647705
      ],
      [
        0.0,
        0.0,
        0.0
      ]
    ],
    "risk_strategy": 5,
    "risk_param": 2.569249153137207,
    "tp_multiplier": 0.0716826319694519,
    "sl_multiplier": 0.06250137835741043,
    "leverage": 1
  }
}