{
  "rank": 32,
  "bot_id": 10716,
  "fitness_score": 128.99143981933594,
  "total_pnl": 1289.9144287109375,
  "win_rate": 47.23707664884135,
  "total_trades": 561,
  "sharpe_ratio": 0.0,
  "max_drawdown": 0.0,
  "survival_generations": 1,
  "config": {
    "num_indicators": 4,
    "indicator_indices": [
      46,
      19,
      12,
      49
    ],
    "indicator_params": [
      [
        7.864484786987305,
        29.18577766418457,
        0.0
      ],
      [
        39.931583404541016,
        54.76279830932617,
        32.39039993286133
      ],
      [
        16.941024780273438,
        54.027408599853516,
        72.1297836303711
      ],
      [
        0.9151506423950195,
        66.71682739257812,
        0.0
      ]
    ],
    "risk_strategy_bitmap": 136,
    "tp_multiplier": 0.1742662489414215,
    "sl_multiplier": 0.06495216488838196,
    "leverage": 9
  }
}