{
  "rank": 37,
  "bot_id": 8258,
  "fitness_score": 14.896282196044922,
  "total_pnl": 148.96282958984375,
  "win_rate": 12.062256809338521,
  "total_trades": 771,
  "sharpe_ratio": 1.3945906162261963,
  "max_drawdown": 0.0,
  "survival_generations": 2,
  "config": {
    "num_indicators": 3,
    "indicator_indices": [
      34,
      41,
      45
    ],
    "indicator_params": [
      [
        3.4170408248901367,
        33.675235748291016,
        0.0
      ],
      [
        0.0,
        0.0,
        0.0
      ],
      [
        0.0,
        0.0,
        0.0
      ]
    ],
    "risk_strategy": 2,
    "risk_param": 0.5815930366516113,
    "tp_multiplier": 0.09200593084096909,
    "sl_multiplier": 0.0021771853789687157,
    "leverage": 1
  }
}