{
  "rank": 17,
  "bot_id": 3788,
  "fitness_score": 50.73881149291992,
  "total_pnl": 507.38812255859375,
  "win_rate": 36.58170914542729,
  "total_trades": 2668,
  "sharpe_ratio": 0.0,
  "max_drawdown": 0.0,
  "survival_generations": 2,
  "config": {
    "num_indicators": 2,
    "indicator_indices": [
      21,
      14
    ],
    "indicator_params": [
      [
        3.129183530807495,
        26.118366241455078,
        0.7523096203804016
      ],
      [
        6.93368673324585,
        56.51783752441406,
        40.27305603027344
      ]
    ],
    "risk_strategy_bitmap": 1282,
    "tp_multiplier": 0.20992302894592285,
    "sl_multiplier": 0.026615967974066734,
    "leverage": 2
  }
}