{
  "rank": 81,
  "bot_id": 1650,
  "fitness_score": 16.42811393737793,
  "total_pnl": 164.28114318847656,
  "win_rate": 36.34393063583815,
  "total_trades": 1384,
  "sharpe_ratio": 0.0,
  "max_drawdown": 0.0,
  "survival_generations": 2,
  "config": {
    "num_indicators": 3,
    "indicator_indices": [
      27,
      13,
      12
    ],
    "indicator_params": [
      [
        4.201319694519043,
        31.330032348632812,
        1.2655820846557617
      ],
      [
        16.67597007751465,
        51.373046875,
        27.301593780517578
      ],
      [
        18.33595848083496,
        52.26346206665039,
        45.691429138183594
      ]
    ],
    "risk_strategy_bitmap": 2401,
    "tp_multiplier": 0.2038785219192505,
    "sl_multiplier": 0.08036789298057556,
    "leverage": 25
  }
}