{
  "rank": 59,
  "bot_id": 5834,
  "fitness_score": 24.768268585205078,
  "total_pnl": 247.6826934814453,
  "win_rate": 37.632256219616814,
  "total_trades": 3497,
  "sharpe_ratio": 0.0,
  "max_drawdown": 0.0,
  "survival_generations": 2,
  "config": {
    "num_indicators": 3,
    "indicator_indices": [
      14,
      48,
      29
    ],
    "indicator_params": [
      [
        26.44784927368164,
        57.01839828491211,
        61.59929656982422
      ],
      [
        2.422691583633423,
        76.18362426757812,
        0.0
      ],
      [
        4.1363911628723145,
        44.18077850341797,
        0.4330345094203949
      ]
    ],
    "risk_strategy_bitmap": 512,
    "tp_multiplier": 0.1899172067642212,
    "sl_multiplier": 0.02623506635427475,
    "leverage": 10
  }
}