{
  "rank": 49,
  "bot_id": 4673,
  "fitness_score": 20634.427734375,
  "total_pnl": 206344.28125,
  "win_rate": 50.57762359063314,
  "total_trades": 28825,
  "sharpe_ratio": 0.0,
  "max_drawdown": 0.0,
  "survival_generations": 2,
  "config": {
    "num_indicators": 1,
    "indicator_indices": [
      12
    ],
    "indicator_params": [
      [
        13.78928279876709,
        52.537410736083984,
        37.58218765258789
      ]
    ],
    "risk_strategy_bitmap": 1088,
    "tp_multiplier": 0.057464275509119034,
    "sl_multiplier": 0.06777821481227875,
    "leverage": 24
  }
}