{
  "rank": 73,
  "bot_id": 8462,
  "fitness_score": 581.3876953125,
  "total_pnl": 5813.876953125,
  "win_rate": 22.85491419656786,
  "total_trades": 10256,
  "sharpe_ratio": 0.0,
  "max_drawdown": 0.0,
  "survival_generations": 2,
  "config": {
    "num_indicators": 5,
    "indicator_indices": [
      22,
      19,
      49,
      43,
      28
    ],
    "indicator_params": [
      [
        4.446987152099609,
        11.297568321228027,
        1.1827566623687744
      ],
      [
        22.82735252380371,
        55.00688171386719,
        49.47378921508789
      ],
      [
        4.975090980529785,
        98.04875946044922,
        0.0
      ],
      [
        8.844759941101074,
        88.4901351928711,
        0.0
      ],
      [
        3.338087558746338,
        32.655174255371094,
        0.9430131912231445
      ]
    ],
    "risk_strategy_bitmap": 17408,
    "tp_multiplier": 0.05009229853749275,
    "sl_multiplier": 0.0841117799282074,
    "leverage": 13
  }
}