{
  "rank": 49,
  "bot_id": 538,
  "fitness_score": 0.0,
  "total_pnl": 227.2706298828125,
  "win_rate": 46.15384615384615,
  "total_trades": 13,
  "sharpe_ratio": 0.15795722603797913,
  "max_drawdown": 0.06144571676850319,
  "survival_generations": 1,
  "config": {
    "num_indicators": 4,
    "indicator_indices": [
      0,
      17,
      23,
      38
    ],
    "indicator_params": [
      [
        1.6285234689712524,
        21.085596084594727,
        0.0
      ],
      [
        0.3096809983253479,
        74.4424819946289,
        0.0
      ],
      [
        3.7031097412109375,
        21.206274032592773,
        0.907006025314331
      ],
      [
        36.254390716552734,
        51.43471145629883,
        66.11314392089844
      ]
    ],
    "indicator_risk_strategies": [
      14,
      12,
      4,
      1
    ],
    "risk_param": 0.023734627291560173,
    "tp_multiplier": 0.0,
    "sl_multiplier": 0.0,
    "leverage": 125
  }
}