{
  "rank": 82,
  "bot_id": 7338,
  "fitness_score": 10.736668586730957,
  "total_pnl": 107.36669158935547,
  "win_rate": 100.0,
  "total_trades": 3,
  "sharpe_ratio": 0.0,
  "max_drawdown": 0.0,
  "survival_generations": 2,
  "config": {
    "num_indicators": 4,
    "indicator_indices": [
      10,
      14,
      19,
      18
    ],
    "indicator_params": [
      [
        27.702959060668945,
        59.13265609741211,
        63.79304122924805
      ],
      [
        35.080543518066406,
        58.2806510925293,
        43.50382995605469
      ],
      [
        20.441465377807617,
        56.67731475830078,
        30.039459228515625
      ],
      [
        11.462237358093262,
        52.65788650512695,
        43.306583404541016
      ]
    ],
    "risk_strategy_bitmap": 1056,
    "tp_multiplier": 0.074562668800354,
    "sl_multiplier": 0.09610645473003387,
    "leverage": 17
  }
}