{
  "rank": 35,
  "bot_id": 5231,
  "fitness_score": 15.080981254577637,
  "total_pnl": 150.809814453125,
  "win_rate": 71.42857142857143,
  "total_trades": 28,
  "sharpe_ratio": 0.8722987174987793,
  "max_drawdown": 0.0,
  "survival_generations": 2,
  "config": {
    "num_indicators": 3,
    "indicator_indices": [
      14,
      24,
      47
    ],
    "indicator_params": [
      [
        3.216062068939209,
        35.16838836669922,
        0.0
      ],
      [
        4.214871883392334,
        31.86134147644043,
        0.36760827898979187
      ],
      [
        0.0,
        0.0,
        0.0
      ]
    ],
    "risk_strategy": 4,
    "risk_param": 0.9509025812149048,
    "tp_multiplier": 0.14636464416980743,
    "sl_multiplier": 0.05911930650472641,
    "leverage": 1
  }
}