{
  "rank": 85,
  "bot_id": 6890,
  "fitness_score": 17120.0703125,
  "total_pnl": 171200.703125,
  "win_rate": 23.080551951881116,
  "total_trades": 228933,
  "sharpe_ratio": 0.0,
  "max_drawdown": 0.0,
  "survival_generations": 2,
  "config": {
    "num_indicators": 2,
    "indicator_indices": [
      46,
      20
    ],
    "indicator_params": [
      [
        8.26108169555664,
        46.7099723815918,
        0.0
      ],
      [
        4.663449287414551,
        21.078855514526367,
        0.7556715607643127
      ]
    ],
    "risk_strategy_bitmap": 420,
    "tp_multiplier": 0.02056131325662136,
    "sl_multiplier": 0.045045819133520126,
    "leverage": 25
  }
}