{
  "rank": 56,
  "bot_id": 16201,
  "fitness_score": 10.651272773742676,
  "total_pnl": 106.51272583007812,
  "win_rate": 100.0,
  "total_trades": 4,
  "sharpe_ratio": 1.080314040184021,
  "max_drawdown": 0.0,
  "survival_generations": 1,
  "config": {
    "num_indicators": 3,
    "indicator_indices": [
      14,
      21,
      16
    ],
    "indicator_params": [
      [
        39.20783996582031,
        59.61479949951172,
        49.871910095214844
      ],
      [
        3.9175777435302734,
        49.14781951904297,
        0.08543175458908081
      ],
      [
        37.76524353027344,
        59.827972412109375,
        77.52918243408203
      ]
    ],
    "risk_strategy": 1,
    "risk_param": 505.3019714355469,
    "tp_multiplier": 0.1497495025396347,
    "sl_multiplier": 0.09316694736480713,
    "leverage": 1
  }
}