{
  "rank": 47,
  "bot_id": 8740,
  "fitness_score": 11.431918144226074,
  "total_pnl": 114.31918334960938,
  "win_rate": 33.33333333333333,
  "total_trades": 12,
  "sharpe_ratio": 2.285560131072998,
  "max_drawdown": 0.0,
  "survival_generations": 2,
  "config": {
    "num_indicators": 3,
    "indicator_indices": [
      13,
      19,
      28
    ],
    "indicator_params": [
      [
        32.20486831665039,
        56.632686614990234,
        32.48157501220703
      ],
      [
        3.446805715560913,
        30.66960334777832,
        0.0
      ],
      [
        16.853778839111328,
        51.96627426147461,
        22.73958969116211
      ]
    ],
    "risk_strategy": 4,
    "risk_param": 0.9382383227348328,
    "tp_multiplier": 0.09353534877300262,
    "sl_multiplier": 0.02092598006129265,
    "leverage": 1
  }
}