{
  "rank": 9,
  "bot_id": 11750,
  "fitness_score": 75.54154968261719,
  "total_pnl": 755.41552734375,
  "win_rate": 39.017676035931615,
  "total_trades": 6902,
  "sharpe_ratio": 0.0,
  "max_drawdown": 0.0,
  "survival_generations": 1,
  "config": {
    "num_indicators": 2,
    "indicator_indices": [
      13,
      21
    ],
    "indicator_params": [
      [
        3.1507678031921387,
        19.232019424438477,
        0.03746044635772705
      ],
      [
        0.0,
        0.0,
        0.0
      ]
    ],
    "risk_strategy_bitmap": 2049,
    "tp_multiplier": 0.2162606418132782,
    "sl_multiplier": 0.016478320583701134,
    "leverage": 10
  }
}