{
  "rank": 60,
  "bot_id": 7081,
  "fitness_score": 10.370994567871094,
  "total_pnl": 103.70994567871094,
  "win_rate": 93.75,
  "total_trades": 16,
  "sharpe_ratio": 1.8479996919631958,
  "max_drawdown": 0.0,
  "survival_generations": 2,
  "config": {
    "num_indicators": 3,
    "indicator_indices": [
      8,
      34,
      46
    ],
    "indicator_params": [
      [
        35.0443229675293,
        54.038673400878906,
        59.45973587036133
      ],
      [
        0.0,
        0.0,
        0.0
      ],
      [
        0.0,
        0.0,
        0.0
      ]
    ],
    "risk_strategy": 12,
    "risk_param": 0.18371373414993286,
    "tp_multiplier": 0.020328450947999954,
    "sl_multiplier": 0.05443134158849716,
    "leverage": 1
  }
}