{
  "rank": 33,
  "bot_id": 33,
  "fitness_score": 0.0,
  "total_pnl": 0.0,
  "win_rate": 0.0,
  "total_trades": 0,
  "sharpe_ratio": 0.0,
  "max_drawdown": 0.0,
  "survival_generations": 1,
  "config": {
    "num_indicators": 1,
    "indicator_indices": [
      14
    ],
    "indicator_params": [
      [
        23.84276008605957,
        59.41027069091797,
        51.82006072998047
      ]
    ],
    "risk_strategy_bitmap": 66,
    "tp_multiplier": 0.011365456506609917,
    "sl_multiplier": 0.0894775539636612,
    "leverage": 5
  }
}