{
  "rank": 41,
  "bot_id": 15016,
  "fitness_score": 9.074546813964844,
  "total_pnl": 90.74546813964844,
  "win_rate": 31.88976377952756,
  "total_trades": 254,
  "sharpe_ratio": 0.0,
  "max_drawdown": 0.0,
  "survival_generations": 4,
  "config": {
    "num_indicators": 4,
    "indicator_indices": [
      20,
      15,
      13,
      33
    ],
    "indicator_params": [
      [
        3.456153631210327,
        4.615476608276367,
        0.4425339996814728
      ],
      [
        33.48213577270508,
        59.859683990478516,
        67.903076171875
      ],
      [
        37.932701110839844,
        55.232112884521484,
        61.878578186035156
      ],
      [
        4.928426742553711,
        35.7553825378418,
        0.0
      ]
    ],
    "risk_strategy_bitmap": 12416,
    "tp_multiplier": 0.2042510062456131,
    "sl_multiplier": 0.022398056462407112,
    "leverage": 79
  }
}