{
  "rank": 92,
  "bot_id": 14302,
  "fitness_score": 9.536686897277832,
  "total_pnl": 95.36686706542969,
  "win_rate": 62.5,
  "total_trades": 8,
  "sharpe_ratio": 1.0715867280960083,
  "max_drawdown": 0.0,
  "survival_generations": 1,
  "config": {
    "num_indicators": 4,
    "indicator_indices": [
      24,
      32,
      41,
      18
    ],
    "indicator_params": [
      [
        3.652552604675293,
        17.249048233032227,
        0.13563814759254456
      ],
      [
        2.7295658588409424,
        40.25399398803711,
        0.0
      ],
      [
        5.140982151031494,
        69.83065795898438,
        0.0
      ],
      [
        32.52461242675781,
        50.923927307128906,
        33.24311065673828
      ]
    ],
    "risk_strategy": 5,
    "risk_param": 2.902000904083252,
    "tp_multiplier": 0.07443617284297943,
    "sl_multiplier": 0.08819590508937836,
    "leverage": 1
  }
}