{
  "rank": 77,
  "bot_id": 79,
  "fitness_score": 0.0,
  "total_pnl": 0.0,
  "win_rate": 0.0,
  "total_trades": 0,
  "sharpe_ratio": 0.0,
  "max_drawdown": 0.0,
  "survival_generations": 1,
  "config": {
    "num_indicators": 2,
    "indicator_indices": [
      32,
      28
    ],
    "indicator_params": [
      [
        1.1196261644363403,
        6.557827949523926,
        0.0
      ],
      [
        3.397413730621338,
        29.681882858276367,
        0.09278601408004761
      ]
    ],
    "risk_strategy_bitmap": 16,
    "tp_multiplier": 0.14444990456104279,
    "sl_multiplier": 0.08995401114225388,
    "leverage": 5
  }
}