{
  "rank": 76,
  "bot_id": 11053,
  "fitness_score": 18253.7421875,
  "total_pnl": 182537.421875,
  "win_rate": 31.016163991556756,
  "total_trades": 141178,
  "sharpe_ratio": 0.0,
  "max_drawdown": 0.0,
  "survival_generations": 1,
  "config": {
    "num_indicators": 2,
    "indicator_indices": [
      30,
      43
    ],
    "indicator_params": [
      [
        4.793357849121094,
        38.11466598510742,
        0.6696317195892334
      ],
      [
        0.0,
        0.0,
        0.0
      ]
    ],
    "risk_strategy_bitmap": 1026,
    "tp_multiplier": 0.10777202248573303,
    "sl_multiplier": 0.08197430521249771,
    "leverage": 22
  }
}