{
  "rank": 91,
  "bot_id": 16467,
  "fitness_score": 16398.037109375,
  "total_pnl": 163980.359375,
  "win_rate": 26.212520694095286,
  "total_trades": 16309,
  "sharpe_ratio": 0.0,
  "max_drawdown": 0.0,
  "survival_generations": 1,
  "config": {
    "num_indicators": 3,
    "indicator_indices": [
      33,
      16,
      27
    ],
    "indicator_params": [
      [
        4.326536655426025,
        7.977694511413574,
        0.0
      ],
      [
        30.650474548339844,
        57.98426055908203,
        44.01167297363281
      ],
      [
        4.290947914123535,
        19.38086700439453,
        0.24386832118034363
      ]
    ],
    "risk_strategy_bitmap": 2560,
    "tp_multiplier": 0.11080557852983475,
    "sl_multiplier": 0.018450241535902023,
    "leverage": 25
  }
}