{
  "rank": 59,
  "bot_id": 8324,
  "fitness_score": 26.983118057250977,
  "total_pnl": 269.8311767578125,
  "win_rate": 100.0,
  "total_trades": 3,
  "sharpe_ratio": 0.0,
  "max_drawdown": 0.0,
  "survival_generations": 2,
  "config": {
    "num_indicators": 5,
    "indicator_indices": [
      20,
      11,
      14,
      1,
      10
    ],
    "indicator_params": [
      [
        3.518958330154419,
        34.51994705200195,
        0.1342703104019165
      ],
      [
        17.42432403564453,
        50.33341979980469,
        44.36092758178711
      ],
      [
        29.497976303100586,
        56.20161819458008,
        58.98895263671875
      ],
      [
        4.8225417137146,
        104.10511779785156,
        0.0
      ],
      [
        28.35001564025879,
        53.291507720947266,
        43.815608978271484
      ]
    ],
    "risk_strategy_bitmap": 1346,
    "tp_multiplier": 0.15971879661083221,
    "sl_multiplier": 0.056774482131004333,
    "leverage": 7
  }
}