{
  "rank": 64,
  "bot_id": 16547,
  "fitness_score": 24.598886489868164,
  "total_pnl": 245.98886108398438,
  "win_rate": 100.0,
  "total_trades": 14,
  "sharpe_ratio": 0.0,
  "max_drawdown": 0.0,
  "survival_generations": 1,
  "config": {
    "num_indicators": 5,
    "indicator_indices": [
      12,
      30,
      47,
      24,
      11
    ],
    "indicator_params": [
      [
        31.046730041503906,
        55.337955474853516,
        27.269817352294922
      ],
      [
        2.4586284160614014,
        48.54729461669922,
        0.0
      ],
      [
        1.2338703870773315,
        93.83590698242188,
        0.0
      ],
      [
        3.8934168815612793,
        13.237792015075684,
        0.02156585454940796
      ],
      [
        33.990455627441406,
        57.487037658691406,
        22.918657302856445
      ]
    ],
    "risk_strategy_bitmap": 18500,
    "tp_multiplier": 0.24954505264759064,
    "sl_multiplier": 0.09461771696805954,
    "leverage": 3
  }
}