{
  "rank": 19,
  "bot_id": 2941,
  "fitness_score": 199.7552947998047,
  "total_pnl": 1997.552978515625,
  "win_rate": 88.0503144654088,
  "total_trades": 159,
  "sharpe_ratio": 0.0,
  "max_drawdown": 0.0,
  "survival_generations": 2,
  "config": {
    "num_indicators": 2,
    "indicator_indices": [
      37,
      14
    ],
    "indicator_params": [
      [
        2.544541120529175,
        48.32976531982422,
        0.0
      ],
      [
        9.73473834991455,
        51.430606842041016,
        67.80162811279297
      ]
    ],
    "risk_strategy_bitmap": 32,
    "tp_multiplier": 0.1429816335439682,
    "sl_multiplier": 0.07714254409074783,
    "leverage": 16
  }
}