{
  "rank": 50,
  "bot_id": 50,
  "fitness_score": 0.0,
  "total_pnl": 0.0,
  "win_rate": 0.0,
  "total_trades": 0,
  "sharpe_ratio": 0.0,
  "max_drawdown": 0.0,
  "survival_generations": 1,
  "config": {
    "num_indicators": 5,
    "indicator_indices": [
      35,
      26,
      24,
      3,
      36
    ],
    "indicator_params": [
      [
        2.095022201538086,
        0.2212047576904297,
        0.0
      ],
      [
        3.5786097049713135,
        28.02342414855957,
        1.0632262229919434
      ],
      [
        3.0807390213012695,
        29.60343360900879,
        0.9150435924530029
      ],
      [
        3.5083389282226562,
        156.3984832763672,
        0.0
      ],
      [
        4.909538269042969,
        28.904096603393555,
        0.0
      ]
    ],
    "risk_strategy_bitmap": 1169,
    "tp_multiplier": 0.1529824435710907,
    "sl_multiplier": 0.03454069793224335,
    "leverage": 17
  }
}