{
  "rank": 77,
  "bot_id": 11566,
  "fitness_score": 12.186602592468262,
  "total_pnl": 121.86602783203125,
  "win_rate": 100.0,
  "total_trades": 9,
  "sharpe_ratio": 0.0,
  "max_drawdown": 0.0,
  "survival_generations": 1,
  "config": {
    "num_indicators": 3,
    "indicator_indices": [
      9,
      14,
      22
    ],
    "indicator_params": [
      [
        3.3000903129577637,
        62.58552169799805,
        0.0
      ],
      [
        15.863837242126465,
        51.70280838012695,
        64.05772399902344
      ],
      [
        4.197515964508057,
        30.404035568237305,
        1.1347249746322632
      ]
    ],
    "risk_strategy_bitmap": 24588,
    "tp_multiplier": 0.1659729927778244,
    "sl_multiplier": 0.09377215802669525,
    "leverage": 3
  }
}