{
  "rank": 96,
  "bot_id": 98,
  "fitness_score": 0.0,
  "total_pnl": 0.0,
  "win_rate": 0.0,
  "total_trades": 0,
  "sharpe_ratio": 0.0,
  "max_drawdown": 0.0,
  "survival_generations": 1,
  "config": {
    "num_indicators": 4,
    "indicator_indices": [
      33,
      22,
      21,
      18
    ],
    "indicator_params": [
      [
        0.43580174446105957,
        35.67319869995117,
        0.0
      ],
      [
        4.972637176513672,
        44.770599365234375,
        0.6221305131912231
      ],
      [
        3.361356735229492,
        37.480777740478516,
        0.4825800061225891
      ],
      [
        12.427447319030762,
        57.55554962158203,
        36.48163604736328
      ]
    ],
    "risk_strategy_bitmap": 12326,
    "tp_multiplier": 0.19099433720111847,
    "sl_multiplier": 0.08680348843336105,
    "leverage": 4
  }
}