{
  "rank": 36,
  "bot_id": 1694,
  "fitness_score": 65.83515930175781,
  "total_pnl": 658.3516235351562,
  "win_rate": 95.2054794520548,
  "total_trades": 146,
  "sharpe_ratio": 0.0,
  "max_drawdown": 0.0,
  "survival_generations": 2,
  "config": {
    "num_indicators": 3,
    "indicator_indices": [
      48,
      14,
      37
    ],
    "indicator_params": [
      [
        6.671257495880127,
        8.521109580993652,
        0.0
      ],
      [
        35.726505279541016,
        50.35777282714844,
        73.04829406738281
      ],
      [
        1.088191032409668,
        15.721508979797363,
        0.0
      ]
    ],
    "risk_strategy_bitmap": 280,
    "tp_multiplier": 0.2370615303516388,
    "sl_multiplier": 0.09566957503557205,
    "leverage": 16
  }
}