{
  "rank": 58,
  "bot_id": 12735,
  "fitness_score": 10.414193153381348,
  "total_pnl": 104.14193725585938,
  "win_rate": 68.75,
  "total_trades": 16,
  "sharpe_ratio": 2.689096212387085,
  "max_drawdown": 0.0,
  "survival_generations": 1,
  "config": {
    "num_indicators": 4,
    "indicator_indices": [
      18,
      26,
      34,
      17
    ],
    "indicator_params": [
      [
        6.966950416564941,
        57.34652328491211,
        65.29877471923828
      ],
      [
        4.909278869628906,
        5.737006664276123,
        1.2506285905838013
      ],
      [
        3.2677536010742188,
        10.386922836303711,
        0.0
      ],
      [
        23.225587844848633,
        54.44283676147461,
        54.56654739379883
      ]
    ],
    "risk_strategy": 1,
    "risk_param": 3555.834228515625,
    "tp_multiplier": 0.035169221460819244,
    "sl_multiplier": 0.05026291683316231,
    "leverage": 1
  }
}