{
  "rank": 83,
  "bot_id": 975,
  "fitness_score": 0.0,
  "total_pnl": 758.614013671875,
  "win_rate": 100.0,
  "total_trades": 2,
  "sharpe_ratio": 0.22360680997371674,
  "max_drawdown": 0.0,
  "survival_generations": 1,
  "config": {
    "num_indicators": 5,
    "indicator_indices": [
      6,
      18,
      22,
      42,
      49
    ],
    "indicator_params": [
      [
        21.98094367980957,
        51.40529251098633,
        51.052772521972656
      ],
      [
        3.8549413681030273,
        2.626678466796875,
        0.5339743494987488
      ],
      [
        3.3613388538360596,
        3.528592109680176,
        0.0
      ],
      [
        0.2922224998474121,
        1.9086480140686035,
        0.0
      ],
      [
        0.0,
        0.0,
        0.0
      ]
    ],
    "indicator_risk_strategies": [
      0,
      12,
      5,
      0,
      0
    ],
    "risk_param": 0.17372550070285797,
    "tp_multiplier": 0.0,
    "sl_multiplier": 0.0,
    "leverage": 125
  }
}