{
  "rank": 24,
  "bot_id": 24,
  "fitness_score": 0.0,
  "total_pnl": 0.0,
  "win_rate": 0.0,
  "total_trades": 0,
  "sharpe_ratio": 0.0,
  "max_drawdown": 0.0,
  "survival_generations": 1,
  "config": {
    "num_indicators": 5,
    "indicator_indices": [
      37,
      36,
      40,
      2,
      24
    ],
    "indicator_params": [
      [
        1.7035669088363647,
        33.15507125854492,
        0.0
      ],
      [
        3.6096444129943848,
        0.8883923292160034,
        0.0
      ],
      [
        1.8920618295669556,
        49.129127502441406,
        0.0
      ],
      [
        3.067063093185425,
        149.9408721923828,
        0.0
      ],
      [
        3.58801531791687,
        1.844450831413269,
        1.2386103868484497
      ]
    ],
    "risk_strategy_bitmap": 16384,
    "tp_multiplier": 0.08013662695884705,
    "sl_multiplier": 0.05968025326728821,
    "leverage": 1
  }
}