{
  "rank": 61,
  "bot_id": 4038,
  "fitness_score": 19671.419921875,
  "total_pnl": 196714.203125,
  "win_rate": 27.193756362402443,
  "total_trades": 117880,
  "sharpe_ratio": 0.0,
  "max_drawdown": 0.0,
  "survival_generations": 1,
  "config": {
    "num_indicators": 2,
    "indicator_indices": [
      21,
      16
    ],
    "indicator_params": [
      [
        3.6876964569091797,
        42.017398834228516,
        1.126428246498108
      ],
      [
        14.015291213989258,
        55.78408432006836,
        24.407052993774414
      ]
    ],
    "risk_strategy_bitmap": 4192,
    "tp_multiplier": 0.23880675435066223,
    "sl_multiplier": 0.07258975505828857,
    "leverage": 23
  }
}