{
  "rank": 70,
  "bot_id": 2242,
  "fitness_score": 18676.1640625,
  "total_pnl": 186761.640625,
  "win_rate": 50.12818321654417,
  "total_trades": 23404,
  "sharpe_ratio": 0.0,
  "max_drawdown": 0.0,
  "survival_generations": 2,
  "config": {
    "num_indicators": 2,
    "indicator_indices": [
      12,
      15
    ],
    "indicator_params": [
      [
        5.705867290496826,
        52.69532012939453,
        68.19554901123047
      ],
      [
        33.191715240478516,
        53.165836334228516,
        53.52751159667969
      ]
    ],
    "risk_strategy_bitmap": 4640,
    "tp_multiplier": 0.04031291604042053,
    "sl_multiplier": 0.09554266929626465,
    "leverage": 24
  }
}