{
  "rank": 65,
  "bot_id": 66,
  "fitness_score": 0.0,
  "total_pnl": 0.0,
  "win_rate": 0.0,
  "total_trades": 0,
  "sharpe_ratio": 0.0,
  "max_drawdown": 0.0,
  "survival_generations": 1,
  "config": {
    "num_indicators": 4,
    "indicator_indices": [
      48,
      2,
      13,
      38
    ],
    "indicator_params": [
      [
        1.2302827835083008,
        78.6809310913086,
        0.0
      ],
      [
        2.4518046379089355,
        17.698741912841797,
        0.0
      ],
      [
        27.146472930908203,
        53.6389274597168,
        60.1629753112793
      ],
      [
        1.007054090499878,
        45.75532531738281,
        0.0
      ]
    ],
    "risk_strategy_bitmap": 20544,
    "tp_multiplier": 0.18260729312896729,
    "sl_multiplier": 0.04047292843461037,
    "leverage": 2
  }
}