{
  "rank": 100,
  "bot_id": 0,
  "fitness_score": 0.0,
  "total_pnl": 0.0,
  "win_rate": 0.0,
  "total_trades": 0,
  "sharpe_ratio": 0.0,
  "max_drawdown": 0.0,
  "survival_generations": 1,
  "config": {
    "num_indicators": 2,
    "indicator_indices": [
      43,
      31
    ],
    "indicator_params": [
      [
        1.7040914297103882,
        90.17711639404297,
        0.0
      ],
      [
        2.7490804195404053,
        1.492619514465332,
        0.0
      ]
    ],
    "risk_strategy_bitmap": 64,
    "tp_multiplier": 0.23592332005500793,
    "sl_multiplier": 0.07803645730018616,
    "leverage": 8
  }
}