{
  "rank": 71,
  "bot_id": 72,
  "fitness_score": 0.0,
  "total_pnl": 0.0,
  "win_rate": 0.0,
  "total_trades": 0,
  "sharpe_ratio": 0.0,
  "max_drawdown": 0.0,
  "survival_generations": 1,
  "config": {
    "num_indicators": 5,
    "indicator_indices": [
      7,
      22,
      18,
      31,
      30
    ],
    "indicator_params": [
      [
        2.000155448913574,
        121.69903564453125,
        0.0
      ],
      [
        4.6930623054504395,
        47.79497528076172,
        0.6118549108505249
      ],
      [
        5.886597156524658,
        52.35768508911133,
        53.83086395263672
      ],
      [
        4.588761329650879,
        15.258354187011719,
        0.0
      ],
      [
        4.210228443145752,
        45.497135162353516,
        0.0
      ]
    ],
    "risk_strategy_bitmap": 263,
    "tp_multiplier": 0.1819363385438919,
    "sl_multiplier": 0.0031789003405719995,
    "leverage": 14
  }
}