{
  "rank": 78,
  "bot_id": 904,
  "fitness_score": 0.0,
  "total_pnl": 1638.5423583984375,
  "win_rate": 25.0,
  "total_trades": 8,
  "sharpe_ratio": 0.2952549159526825,
  "max_drawdown": 0.0020610352512449026,
  "survival_generations": 1,
  "config": {
    "num_indicators": 5,
    "indicator_indices": [
      2,
      16,
      27,
      42,
      47
    ],
    "indicator_params": [
      [
        7.324832439422607,
        55.53056716918945,
        25.196889877319336
      ],
      [
        29.500625610351562,
        51.37323760986328,
        28.957963943481445
      ],
      [
        2.52821946144104,
        46.43706512451172,
        0.0
      ],
      [
        0.0,
        0.0,
        0.0
      ],
      [
        0.0,
        0.0,
        0.0
      ]
    ],
    "indicator_risk_strategies": [
      9,
      12,
      11,
      0,
      0
    ],
    "risk_param": 2.5762879848480225,
    "tp_multiplier": 0.0,
    "sl_multiplier": 0.0,
    "leverage": 125
  }
}