{
  "rank": 48,
  "bot_id": 33079,
  "fitness_score": 8.782598495483398,
  "total_pnl": 87.82598114013672,
  "win_rate": 16.62382176520994,
  "total_trades": 1167,
  "sharpe_ratio": 0.0,
  "max_drawdown": 0.0,
  "survival_generations": 2,
  "config": {
    "num_indicators": 4,
    "indicator_indices": [
      34,
      18,
      5,
      21
    ],
    "indicator_params": [
      [
        1.7298219203948975,
        45.95805740356445,
        0.0
      ],
      [
        8.455641746520996,
        57.87556076049805,
        35.34547805786133
      ],
      [
        0.08038103580474854,
        110.88919067382812,
        0.0
      ],
      [
        3.3657097816467285,
        35.77272033691406,
        1.1222031116485596
      ]
    ],
    "risk_strategy_bitmap": 256,
    "tp_multiplier": 0.2103649079799652,
    "sl_multiplier": 0.08358581364154816,
    "leverage": 72
  }
}