{
  "rank": 9,
  "bot_id": 2662,
  "fitness_score": 20.734312057495117,
  "total_pnl": 207.34310913085938,
  "win_rate": 69.23076923076923,
  "total_trades": 13,
  "sharpe_ratio": 1.4781523942947388,
  "max_drawdown": 0.0,
  "survival_generations": 2,
  "config": {
    "num_indicators": 2,
    "indicator_indices": [
      15,
      19
    ],
    "indicator_params": [
      [
        14.110312461853027,
        59.322425842285156,
        20.905160903930664
      ],
      [
        0.46285390853881836,
        79.06025695800781,
        0.0
      ]
    ],
    "risk_strategy": 14,
    "risk_param": 0.2622283399105072,
    "tp_multiplier": 0.09515771269798279,
    "sl_multiplier": 0.05294349789619446,
    "leverage": 1
  }
}