{
  "rank": 100,
  "bot_id": 9182,
  "fitness_score": 7.917319297790527,
  "total_pnl": 79.1731948852539,
  "win_rate": 100.0,
  "total_trades": 3,
  "sharpe_ratio": 1.0274709463119507,
  "max_drawdown": 0.0,
  "survival_generations": 2,
  "config": {
    "num_indicators": 3,
    "indicator_indices": [
      13,
      28,
      41
    ],
    "indicator_params": [
      [
        4.15572452545166,
        32.72415542602539,
        0.0
      ],
      [
        3.5346407890319824,
        32.491546630859375,
        1.0334341526031494
      ],
      [
        4.266778469085693,
        39.073936462402344,
        0.0
      ]
    ],
    "risk_strategy": 2,
    "risk_param": 0.24650689959526062,
    "tp_multiplier": 0.14042523503303528,
    "sl_multiplier": 0.07476486265659332,
    "leverage": 1
  }
}