{
  "rank": 37,
  "bot_id": 8664,
  "fitness_score": 36.27101135253906,
  "total_pnl": 362.7101135253906,
  "win_rate": 50.55569588279869,
  "total_trades": 7918,
  "sharpe_ratio": 0.0,
  "max_drawdown": 0.0,
  "survival_generations": 2,
  "config": {
    "num_indicators": 2,
    "indicator_indices": [
      12,
      13
    ],
    "indicator_params": [
      [
        6.949031829833984,
        50.143516540527344,
        70.8465347290039
      ],
      [
        37.080360412597656,
        54.937931060791016,
        43.74089050292969
      ]
    ],
    "risk_strategy_bitmap": 64,
    "tp_multiplier": 0.1591273695230484,
    "sl_multiplier": 0.051637083292007446,
    "leverage": 13
  }
}