{
  "rank": 35,
  "bot_id": 15080,
  "fitness_score": 666.9207763671875,
  "total_pnl": 6669.2080078125,
  "win_rate": 30.702203997949766,
  "total_trades": 1951,
  "sharpe_ratio": 0.0,
  "max_drawdown": 0.0,
  "survival_generations": 1,
  "config": {
    "num_indicators": 3,
    "indicator_indices": [
      42,
      43,
      19
    ],
    "indicator_params": [
      [
        1.9666749238967896,
        67.3990707397461,
        0.0
      ],
      [
        1.6861337423324585,
        4.567652702331543,
        0.0
      ],
      [
        18.68415069580078,
        58.391292572021484,
        51.45622253417969
      ]
    ],
    "risk_strategy_bitmap": 16416,
    "tp_multiplier": 0.0527152493596077,
    "sl_multiplier": 0.03815340995788574,
    "leverage": 25
  }
}