{
  "rank": 48,
  "bot_id": 6130,
  "fitness_score": 45.87869644165039,
  "total_pnl": 458.7869567871094,
  "win_rate": 95.8904109589041,
  "total_trades": 146,
  "sharpe_ratio": 0.0,
  "max_drawdown": 0.0,
  "survival_generations": 2,
  "config": {
    "num_indicators": 3,
    "indicator_indices": [
      13,
      37,
      20
    ],
    "indicator_params": [
      [
        16.2415828704834,
        57.43191146850586,
        40.66367721557617
      ],
      [
        4.734500885009766,
        22.153827667236328,
        0.0
      ],
      [
        3.3102364540100098,
        42.90716552734375,
        0.9660924077033997
      ]
    ],
    "risk_strategy_bitmap": 8,
    "tp_multiplier": 0.1641164869070053,
    "sl_multiplier": 0.05343632772564888,
    "leverage": 15
  }
}