{
  "rank": 34,
  "bot_id": 7085,
  "fitness_score": 13.489697456359863,
  "total_pnl": 134.89697265625,
  "win_rate": 90.9090909090909,
  "total_trades": 11,
  "sharpe_ratio": 1.8981351852416992,
  "max_drawdown": 0.0,
  "survival_generations": 2,
  "config": {
    "num_indicators": 3,
    "indicator_indices": [
      18,
      24,
      28
    ],
    "indicator_params": [
      [
        2.7667577266693115,
        2.5017142295837402,
        0.0
      ],
      [
        0.0,
        0.0,
        0.0
      ],
      [
        0.0,
        0.0,
        0.0
      ]
    ],
    "risk_strategy": 4,
    "risk_param": 0.6052945852279663,
    "tp_multiplier": 0.05347615107893944,
    "sl_multiplier": 0.08134191483259201,
    "leverage": 1
  }
}