{
  "rank": 21,
  "bot_id": 16599,
  "fitness_score": 47.14649200439453,
  "total_pnl": 471.46490478515625,
  "win_rate": 31.024390243902438,
  "total_trades": 9225,
  "sharpe_ratio": 0.0,
  "max_drawdown": 0.0,
  "survival_generations": 1,
  "config": {
    "num_indicators": 3,
    "indicator_indices": [
      49,
      27,
      15
    ],
    "indicator_params": [
      [
        1.928168535232544,
        63.85042190551758,
        0.0
      ],
      [
        4.921775817871094,
        43.31992721557617,
        0.1998993158340454
      ],
      [
        39.9483528137207,
        58.07872009277344,
        67.80596160888672
      ]
    ],
    "risk_strategy_bitmap": 1124,
    "tp_multiplier": 0.10525398701429367,
    "sl_multiplier": 0.010265056043863297,
    "leverage": 1
  }
}