{
  "rank": 46,
  "bot_id": 16243,
  "fitness_score": 29.69603157043457,
  "total_pnl": 296.9603271484375,
  "win_rate": 43.417611159546645,
  "total_trades": 3441,
  "sharpe_ratio": 0.0,
  "max_drawdown": 0.0,
  "survival_generations": 1,
  "config": {
    "num_indicators": 4,
    "indicator_indices": [
      49,
      21,
      15,
      27
    ],
    "indicator_params": [
      [
        1.846301555633545,
        95.8650131225586,
        0.0
      ],
      [
        4.17498779296875,
        45.20950698852539,
        1.2341338396072388
      ],
      [
        5.3956217765808105,
        58.909263610839844,
        26.27539825439453
      ],
      [
        3.869476318359375,
        4.999968528747559,
        1.3028919696807861
      ]
    ],
    "risk_strategy_bitmap": 8192,
    "tp_multiplier": 0.15851691365242004,
    "sl_multiplier": 0.08934682607650757,
    "leverage": 17
  }
}