{
  "rank": 54,
  "bot_id": 54,
  "fitness_score": 0.0,
  "total_pnl": 0.0,
  "win_rate": 0.0,
  "total_trades": 0,
  "sharpe_ratio": 0.0,
  "max_drawdown": 0.0,
  "survival_generations": 1,
  "config": {
    "num_indicators": 3,
    "indicator_indices": [
      35,
      4,
      19
    ],
    "indicator_params": [
      [
        3.805316925048828,
        47.808837890625,
        0.0
      ],
      [
        2.9572267532348633,
        51.1082649230957,
        0.0
      ],
      [
        8.172147750854492,
        53.14703369140625,
        69.97551727294922
      ]
    ],
    "risk_strategy_bitmap": 17824,
    "tp_multiplier": 0.013251034542918205,
    "sl_multiplier": 0.06310108304023743,
    "leverage": 11
  }
}