{
  "rank": 60,
  "bot_id": 3183,
  "fitness_score": 19767.0859375,
  "total_pnl": 197670.859375,
  "win_rate": 47.091963006382706,
  "total_trades": 30708,
  "sharpe_ratio": 0.0,
  "max_drawdown": 0.0,
  "survival_generations": 2,
  "config": {
    "num_indicators": 2,
    "indicator_indices": [
      38,
      15
    ],
    "indicator_params": [
      [
        3.3166205883026123,
        46.134979248046875,
        0.0
      ],
      [
        28.78752326965332,
        57.74833679199219,
        46.59524917602539
      ]
    ],
    "risk_strategy_bitmap": 1026,
    "tp_multiplier": 0.13292673230171204,
    "sl_multiplier": 0.024365799501538277,
    "leverage": 21
  }
}