{
  "rank": 51,
  "bot_id": 9829,
  "fitness_score": 625.0087890625,
  "total_pnl": 6250.087890625,
  "win_rate": 34.60764587525151,
  "total_trades": 497,
  "sharpe_ratio": 0.0,
  "max_drawdown": 0.0,
  "survival_generations": 2,
  "config": {
    "num_indicators": 3,
    "indicator_indices": [
      15,
      27,
      26
    ],
    "indicator_params": [
      [
        33.544979095458984,
        50.6519889831543,
        54.140533447265625
      ],
      [
        4.344746112823486,
        15.522676467895508,
        1.3718314170837402
      ],
      [
        4.228035926818848,
        41.413631439208984,
        0.27936145663261414
      ]
    ],
    "risk_strategy_bitmap": 4099,
    "tp_multiplier": 0.1065087541937828,
    "sl_multiplier": 0.08404465019702911,
    "leverage": 6
  }
}