{
  "rank": 11,
  "bot_id": 11,
  "fitness_score": 0.0,
  "total_pnl": 0.0,
  "win_rate": 0.0,
  "total_trades": 0,
  "sharpe_ratio": 0.0,
  "max_drawdown": 0.0,
  "survival_generations": 1,
  "config": {
    "num_indicators": 5,
    "indicator_indices": [
      1,
      45,
      21,
      0,
      14
    ],
    "indicator_params": [
      [
        4.4963250160217285,
        193.1433868408203,
        0.0
      ],
      [
        0.5969393253326416,
        44.751930236816406,
        0.0
      ],
      [
        3.9055447578430176,
        18.837726593017578,
        0.19772708415985107
      ],
      [
        3.2377467155456543,
        92.95035552978516,
        0.0
      ],
      [
        15.17779541015625,
        58.501548767089844,
        56.002708435058594
      ]
    ],
    "risk_strategy_bitmap": 1280,
    "tp_multiplier": 0.09035628288984299,
    "sl_multiplier": 0.03427504748106003,
    "leverage": 3
  }
}