{
  "rank": 27,
  "bot_id": 1546,
  "fitness_score": 14.586008071899414,
  "total_pnl": 145.86007690429688,
  "win_rate": 63.63636363636363,
  "total_trades": 11,
  "sharpe_ratio": 0.7401366233825684,
  "max_drawdown": 0.0,
  "survival_generations": 2,
  "config": {
    "num_indicators": 2,
    "indicator_indices": [
      19,
      41
    ],
    "indicator_params": [
      [
        4.514479160308838,
        90.5681381225586,
        0.0
      ],
      [
        1.2147527933120728,
        62.191856384277344,
        0.0
      ]
    ],
    "risk_strategy": 12,
    "risk_param": 0.15053679049015045,
    "tp_multiplier": 0.12722450494766235,
    "sl_multiplier": 0.0489848330616951,
    "leverage": 1
  }
}