{
  "rank": 34,
  "bot_id": 14246,
  "fitness_score": 668.5974731445312,
  "total_pnl": 6685.974609375,
  "win_rate": 47.192982456140356,
  "total_trades": 570,
  "sharpe_ratio": 0.0,
  "max_drawdown": 0.0,
  "survival_generations": 1,
  "config": {
    "num_indicators": 3,
    "indicator_indices": [
      12,
      16,
      19
    ],
    "indicator_params": [
      [
        38.85866928100586,
        54.96137237548828,
        62.65104293823242
      ],
      [
        37.73644256591797,
        54.17303466796875,
        26.50980567932129
      ],
      [
        24.822566986083984,
        55.47819137573242,
        65.87169647216797
      ]
    ],
    "risk_strategy_bitmap": 4096,
    "tp_multiplier": 0.1267545223236084,
    "sl_multiplier": 0.0818854570388794,
    "leverage": 14
  }
}