{
  "rank": 32,
  "bot_id": 10172,
  "fitness_score": 15.547707557678223,
  "total_pnl": 155.47708129882812,
  "win_rate": 83.33333333333334,
  "total_trades": 12,
  "sharpe_ratio": 1.5162279605865479,
  "max_drawdown": 0.0,
  "survival_generations": 1,
  "config": {
    "num_indicators": 3,
    "indicator_indices": [
      29,
      17,
      28
    ],
    "indicator_params": [
      [
        4.234041690826416,
        9.217008590698242,
        0.7899602055549622
      ],
      [
        14.298410415649414,
        58.77398681640625,
        52.86559295654297
      ],
      [
        4.108583450317383,
        14.071234703063965,
        0.10686028003692627
      ]
    ],
    "risk_strategy": 2,
    "risk_param": 0.20407025516033173,
    "tp_multiplier": 0.11702366173267365,
    "sl_multiplier": 0.09460428357124329,
    "leverage": 1
  }
}