{
  "rank": 98,
  "bot_id": 100,
  "fitness_score": 0.0,
  "total_pnl": 0.0,
  "win_rate": 0.0,
  "total_trades": 0,
  "sharpe_ratio": 0.0,
  "max_drawdown": 0.0,
  "survival_generations": 1,
  "config": {
    "num_indicators": 4,
    "indicator_indices": [
      16,
      23,
      18,
      15
    ],
    "indicator_params": [
      [
        20.817798614501953,
        58.38715744018555,
        51.69404602050781
      ],
      [
        3.515153408050537,
        36.958953857421875,
        1.318475604057312
      ],
      [
        16.388025283813477,
        50.72958755493164,
        41.856258392333984
      ],
      [
        13.387869834899902,
        51.21883773803711,
        55.01461410522461
      ]
    ],
    "risk_strategy_bitmap": 2568,
    "tp_multiplier": 0.03373299166560173,
    "sl_multiplier": 0.09772756695747375,
    "leverage": 16
  }
}