{
  "rank": 16,
  "bot_id": 16,
  "fitness_score": 0.0,
  "total_pnl": 0.0,
  "win_rate": 0.0,
  "total_trades": 0,
  "sharpe_ratio": 0.0,
  "max_drawdown": 0.0,
  "survival_generations": 1,
  "config": {
    "num_indicators": 5,
    "indicator_indices": [
      22,
      4,
      11,
      43,
      31
    ],
    "indicator_params": [
      [
        4.50740385055542,
        5.452895164489746,
        0.17870154976844788
      ],
      [
        0.40646225214004517,
        164.80189514160156,
        0.0
      ],
      [
        5.352059841156006,
        59.07548141479492,
        21.119760513305664
      ],
      [
        2.3381381034851074,
        24.172473907470703,
        0.0
      ],
      [
        4.704026222229004,
        22.370662689208984,
        0.0
      ]
    ],
    "risk_strategy_bitmap": 4736,
    "tp_multiplier": 0.1694173663854599,
    "sl_multiplier": 0.08001735806465149,
    "leverage": 9
  }
}