{
  "rank": 8,
  "bot_id": 8,
  "fitness_score": 0.0,
  "total_pnl": 0.0,
  "win_rate": 0.0,
  "total_trades": 0,
  "sharpe_ratio": 0.0,
  "max_drawdown": 0.0,
  "survival_generations": 1,
  "config": {
    "num_indicators": 5,
    "indicator_indices": [
      47,
      40,
      11,
      32,
      10
    ],
    "indicator_params": [
      [
        3.8446803092956543,
        64.22740173339844,
        0.0
      ],
      [
        5.999415397644043,
        99.74310302734375,
        0.0
      ],
      [
        33.44363784790039,
        52.86547088623047,
        54.448028564453125
      ],
      [
        1.7279996871948242,
        24.34844398498535,
        0.0
      ],
      [
        12.90511417388916,
        58.112796783447266,
        30.728912353515625
      ]
    ],
    "risk_strategy_bitmap": 2084,
    "tp_multiplier": 0.20004025101661682,
    "sl_multiplier": 0.04855678230524063,
    "leverage": 12
  }
}