{
  "rank": 90,
  "bot_id": 5353,
  "fitness_score": 8.400518417358398,
  "total_pnl": 84.00518798828125,
  "win_rate": 14.728682170542637,
  "total_trades": 129,
  "sharpe_ratio": 1.5164624452590942,
  "max_drawdown": 0.0,
  "survival_generations": 2,
  "config": {
    "num_indicators": 3,
    "indicator_indices": [
      7,
      30,
      39
    ],
    "indicator_params": [
      [
        3.085458755493164,
        2.671152353286743,
        0.0
      ],
      [
        19.266036987304688,
        53.68618392944336,
        32.095069885253906
      ],
      [
        0.0,
        0.0,
        0.0
      ]
    ],
    "risk_strategy": 3,
    "risk_param": 0.7301660776138306,
    "tp_multiplier": 0.030568500980734825,
    "sl_multiplier": 0.006011425517499447,
    "leverage": 1
  }
}