{
  "rank": 16,
  "bot_id": 15639,
  "fitness_score": 16.92522430419922,
  "total_pnl": 169.2522430419922,
  "win_rate": 80.0,
  "total_trades": 10,
  "sharpe_ratio": 1.0278393030166626,
  "max_drawdown": 0.0,
  "survival_generations": 1,
  "config": {
    "num_indicators": 3,
    "indicator_indices": [
      0,
      20,
      25
    ],
    "indicator_params": [
      [
        19.091604232788086,
        50.490882873535156,
        54.154151916503906
      ],
      [
        1.699822187423706,
        4.37924861907959,
        0.0
      ],
      [
        0.0,
        0.0,
        0.0
      ]
    ],
    "risk_strategy": 5,
    "risk_param": 3.705083131790161,
    "tp_multiplier": 0.10053908824920654,
    "sl_multiplier": 0.090294249355793,
    "leverage": 1
  }
}