{
  "rank": 26,
  "bot_id": 26,
  "fitness_score": 0.0,
  "total_pnl": 0.0,
  "win_rate": 0.0,
  "total_trades": 0,
  "sharpe_ratio": 0.0,
  "max_drawdown": 0.0,
  "survival_generations": 1,
  "config": {
    "num_indicators": 1,
    "indicator_indices": [
      23
    ],
    "indicator_params": [
      [
        3.590703010559082,
        43.984622955322266,
        0.4759831130504608
      ]
    ],
    "risk_strategy_bitmap": 67,
    "tp_multiplier": 0.10640513896942139,
    "sl_multiplier": 0.09827359020709991,
    "leverage": 24
  }
}