{
  "rank": 9,
  "bot_id": 14436,
  "fitness_score": 614.4644775390625,
  "total_pnl": 6144.64453125,
  "win_rate": 26.187363834422655,
  "total_trades": 2295,
  "sharpe_ratio": 0.0,
  "max_drawdown": 0.0,
  "survival_generations": 1,
  "config": {
    "num_indicators": 3,
    "indicator_indices": [
      19,
      39,
      42
    ],
    "indicator_params": [
      [
        4.129817962646484,
        12.770596504211426,
        0.6705977916717529
      ],
      [
        1.4003610610961914,
        66.0930404663086,
        0.0
      ],
      [
        0.0,
        0.0,
        0.0
      ]
    ],
    "risk_strategy_bitmap": 14370,
    "tp_multiplier": 0.24617812037467957,
    "sl_multiplier": 0.08921816200017929,
    "leverage": 9
  }
}