{
  "rank": 92,
  "bot_id": 1045,
  "fitness_score": 0.0,
  "total_pnl": 3713.12353515625,
  "win_rate": 11.925465838509316,
  "total_trades": 805,
  "sharpe_ratio": 0.6414068341255188,
  "max_drawdown": 0.010225275531411171,
  "survival_generations": 1,
  "config": {
    "num_indicators": 5,
    "indicator_indices": [
      6,
      11,
      15,
      23,
      47
    ],
    "indicator_params": [
      [
        4.199173927307129,
        87.48233032226562,
        0.0
      ],
      [
        0.7940316200256348,
        14.712179183959961,
        0.0
      ],
      [
        5.400178909301758,
        58.371646881103516,
        0.0
      ],
      [
        34.93865203857422,
        55.12698745727539,
        32.699337005615234
      ],
      [
        23.735023498535156,
        56.353553771972656,
        61.53920364379883
      ]
    ],
    "indicator_risk_strategies": [
      8,
      9,
      5,
      0,
      0
    ],
    "risk_param": 0.017147380858659744,
    "tp_multiplier": 0.0,
    "sl_multiplier": 0.0,
    "leverage": 125
  }
}