{
  "rank": 16,
  "bot_id": 2934,
  "fitness_score": 18.88253402709961,
  "total_pnl": 188.82533264160156,
  "win_rate": 41.17647058823529,
  "total_trades": 68,
  "sharpe_ratio": 2.263352632522583,
  "max_drawdown": 0.0,
  "survival_generations": 2,
  "config": {
    "num_indicators": 4,
    "indicator_indices": [
      6,
      22,
      39,
      44
    ],
    "indicator_params": [
      [
        0.8705052733421326,
        48.229713439941406,
        0.0
      ],
      [
        2.684532403945923,
        43.11947250366211,
        0.0
      ],
      [
        0.18564552068710327,
        38.1335563659668,
        0.0
      ],
      [
        3.9219064712524414,
        14.61304759979248,
        0.984473466873169
      ]
    ],
    "risk_strategy": 0,
    "risk_param": 0.18954381346702576,
    "tp_multiplier": 0.2265690714120865,
    "sl_multiplier": 0.08931664377450943,
    "leverage": 1
  }
}