{
  "rank": 70,
  "bot_id": 700,
  "fitness_score": 0.0,
  "total_pnl": 231.9457244873047,
  "win_rate": 100.0,
  "total_trades": 1,
  "sharpe_ratio": 0.22360680997371674,
  "max_drawdown": 0.0,
  "survival_generations": 1,
  "config": {
    "num_indicators": 5,
    "indicator_indices": [
      7,
      19,
      22,
      40,
      41
    ],
    "indicator_params": [
      [
        3.0440707206726074,
        31.613279342651367,
        0.39158204197883606
      ],
      [
        2.5594396591186523,
        29.728126525878906,
        0.0
      ],
      [
        4.576751232147217,
        51.633941650390625,
        0.0
      ],
      [
        4.656396389007568,
        28.26302719116211,
        0.0
      ],
      [
        6.0558977127075195,
        56.79330825805664,
        47.83241271972656
      ]
    ],
    "indicator_risk_strategies": [
      13,
      6,
      13,
      0,
      4
    ],
    "risk_param": 0.07932943850755692,
    "tp_multiplier": 0.0,
    "sl_multiplier": 0.0,
    "leverage": 125
  }
}