{
  "rank": 39,
  "bot_id": 7228,
  "fitness_score": 22489.62109375,
  "total_pnl": 224896.203125,
  "win_rate": 30.391673514105726,
  "total_trades": 109530,
  "sharpe_ratio": 0.0,
  "max_drawdown": 0.0,
  "survival_generations": 2,
  "config": {
    "num_indicators": 2,
    "indicator_indices": [
      49,
      21
    ],
    "indicator_params": [
      [
        6.2278151512146,
        19.488323211669922,
        0.0
      ],
      [
        3.6489267349243164,
        40.972476959228516,
        0.36865702271461487
      ]
    ],
    "risk_strategy_bitmap": 8224,
    "tp_multiplier": 0.06289146840572357,
    "sl_multiplier": 0.04611577093601227,
    "leverage": 22
  }
}