{
  "rank": 77,
  "bot_id": 6279,
  "fitness_score": 578.0687866210938,
  "total_pnl": 5780.68798828125,
  "win_rate": 21.974057211579762,
  "total_trades": 11641,
  "sharpe_ratio": 0.0,
  "max_drawdown": 0.0,
  "survival_generations": 2,
  "config": {
    "num_indicators": 3,
    "indicator_indices": [
      19,
      30,
      42
    ],
    "indicator_params": [
      [
        19.26177406311035,
        53.046356201171875,
        23.173309326171875
      ],
      [
        1.5024521350860596,
        22.271146774291992,
        0.0
      ],
      [
        5.104135513305664,
        69.40377044677734,
        0.0
      ]
    ],
    "risk_strategy_bitmap": 34,
    "tp_multiplier": 0.040445808321237564,
    "sl_multiplier": 0.05727217346429825,
    "leverage": 24
  }
}