{
  "rank": 48,
  "bot_id": 5902,
  "fitness_score": 12.39443302154541,
  "total_pnl": 123.9443359375,
  "win_rate": 45.45454545454545,
  "total_trades": 22,
  "sharpe_ratio": 4.038449287414551,
  "max_drawdown": 0.0,
  "survival_generations": 2,
  "config": {
    "num_indicators": 5,
    "indicator_indices": [
      16,
      20,
      33,
      41,
      46
    ],
    "indicator_params": [
      [
        4.305292129516602,
        26.01947593688965,
        0.2125909924507141
      ],
      [
        0.0,
        0.0,
        0.0
      ],
      [
        0.0,
        0.0,
        0.0
      ],
      [
        0.0,
        0.0,
        0.0
      ],
      [
        0.0,
        0.0,
        0.0
      ]
    ],
    "risk_strategy": 0,
    "risk_param": 0.19795982539653778,
    "tp_multiplier": 0.03878665342926979,
    "sl_multiplier": 0.011951563879847527,
    "leverage": 1
  }
}