{
  "rank": 80,
  "bot_id": 12744,
  "fitness_score": 10.166582107543945,
  "total_pnl": 101.66582489013672,
  "win_rate": 73.33333333333333,
  "total_trades": 15,
  "sharpe_ratio": 2.145993709564209,
  "max_drawdown": 0.0,
  "survival_generations": 1,
  "config": {
    "num_indicators": 5,
    "indicator_indices": [
      30,
      24,
      14,
      13,
      35
    ],
    "indicator_params": [
      [
        4.350517749786377,
        24.851856231689453,
        0.0
      ],
      [
        4.437373161315918,
        29.40999412536621,
        0.20267441868782043
      ],
      [
        12.289488792419434,
        56.96854782104492,
        26.496604919433594
      ],
      [
        35.30643844604492,
        51.156333923339844,
        48.16166305541992
      ],
      [
        0.11850833892822266,
        15.897172927856445,
        0.0
      ]
    ],
    "risk_strategy": 6,
    "risk_param": 0.17292527854442596,
    "tp_multiplier": 0.04601927101612091,
    "sl_multiplier": 0.038976725190877914,
    "leverage": 1
  }
}