{
  "rank": 70,
  "bot_id": 71,
  "fitness_score": 0.0,
  "total_pnl": 0.0,
  "win_rate": 0.0,
  "total_trades": 0,
  "sharpe_ratio": 0.0,
  "max_drawdown": 0.0,
  "survival_generations": 1,
  "config": {
    "num_indicators": 3,
    "indicator_indices": [
      1,
      21,
      41
    ],
    "indicator_params": [
      [
        1.7331769466400146,
        87.64417266845703,
        0.0
      ],
      [
        3.233067035675049,
        23.188623428344727,
        0.4559178650379181
      ],
      [
        9.296558380126953,
        64.24939727783203,
        0.0
      ]
    ],
    "risk_strategy_bitmap": 16512,
    "tp_multiplier": 0.08973681181669235,
    "sl_multiplier": 0.030917435884475708,
    "leverage": 3
  }
}