{
  "rank": 40,
  "bot_id": 408,
  "fitness_score": 0.0,
  "total_pnl": 14256.71875,
  "win_rate": 16.45493042952208,
  "total_trades": 1653,
  "sharpe_ratio": 0.8962528109550476,
  "max_drawdown": 0.22553519904613495,
  "survival_generations": 1,
  "config": {
    "num_indicators": 2,
    "indicator_indices": [
      33,
      46
    ],
    "indicator_params": [
      [
        0.9387660026550293,
        100.27671813964844,
        0.0
      ],
      [
        27.409435272216797,
        51.11981964111328,
        57.622894287109375
      ]
    ],
    "indicator_risk_strategies": [
      12,
      2
    ],
    "risk_param": 0.02164742536842823,
    "tp_multiplier": 0.0,
    "sl_multiplier": 0.0,
    "leverage": 125
  }
}