{
  "rank": 2,
  "bot_id": 20,
  "fitness_score": 0.0,
  "total_pnl": 690.7993774414062,
  "win_rate": 15.555555555555555,
  "total_trades": 45,
  "sharpe_ratio": 0.28898555040359497,
  "max_drawdown": 0.07088278234004974,
  "survival_generations": 1,
  "config": {
    "num_indicators": 4,
    "indicator_indices": [
      1,
      16,
      19,
      43
    ],
    "indicator_params": [
      [
        16.53137969970703,
        58.216915130615234,
        39.035335540771484
      ],
      [
        2.0898404121398926,
        44.00094985961914,
        0.0
      ],
      [
        3.325028657913208,
        183.59945678710938,
        0.0
      ],
      [
        10.749750137329102,
        50.426910400390625,
        72.04363250732422
      ]
    ],
    "indicator_risk_strategies": [
      6,
      0,
      10,
      1
    ],
    "risk_param": 0.055558644235134125,
    "tp_multiplier": 0.0,
    "sl_multiplier": 0.0,
    "leverage": 125
  }
}