{
  "rank": 90,
  "bot_id": 305,
  "fitness_score": 8.470646858215332,
  "total_pnl": 84.70646667480469,
  "win_rate": 35.0,
  "total_trades": 20,
  "sharpe_ratio": 2.319490432739258,
  "max_drawdown": 0.0,
  "survival_generations": 2,
  "config": {
    "num_indicators": 3,
    "indicator_indices": [
      14,
      39,
      48
    ],
    "indicator_params": [
      [
        4.729606628417969,
        1.123511791229248,
        0.36687424778938293
      ],
      [
        39.337059020996094,
        59.80563735961914,
        62.22002029418945
      ],
      [
        4.566407203674316,
        11.706521987915039,
        0.9549216032028198
      ]
    ],
    "risk_strategy": 1,
    "risk_param": 1144.02099609375,
    "tp_multiplier": 0.07666188478469849,
    "sl_multiplier": 0.02791467495262623,
    "leverage": 1
  }
}