{
  "rank": 47,
  "bot_id": 18195,
  "fitness_score": 45.20396041870117,
  "total_pnl": 452.03961181640625,
  "win_rate": 88.0503144654088,
  "total_trades": 159,
  "sharpe_ratio": 0.0,
  "max_drawdown": 0.0,
  "survival_generations": 1,
  "config": {
    "num_indicators": 3,
    "indicator_indices": [
      15,
      29,
      37
    ],
    "indicator_params": [
      [
        0.6461602449417114,
        12.073188781738281,
        0.0
      ],
      [
        0.0,
        0.0,
        0.0
      ],
      [
        0.0,
        0.0,
        0.0
      ]
    ],
    "risk_strategy_bitmap": 2052,
    "tp_multiplier": 0.07590866088867188,
    "sl_multiplier": 0.04666415974497795,
    "leverage": 24
  }
}