{
  "rank": 66,
  "bot_id": 12214,
  "fitness_score": 11.252004623413086,
  "total_pnl": 112.52005004882812,
  "win_rate": 58.333333333333336,
  "total_trades": 12,
  "sharpe_ratio": 1.545250415802002,
  "max_drawdown": 0.0,
  "survival_generations": 1,
  "config": {
    "num_indicators": 4,
    "indicator_indices": [
      0,
      18,
      6,
      28
    ],
    "indicator_params": [
      [
        3.5902764797210693,
        24.625789642333984,
        0.0
      ],
      [
        11.721061706542969,
        55.724124908447266,
        50.641357421875
      ],
      [
        3.915745258331299,
        79.46661376953125,
        0.0
      ],
      [
        4.322641372680664,
        35.01451873779297,
        0.058675915002822876
      ]
    ],
    "risk_strategy": 9,
    "risk_param": 2.8455138206481934,
    "tp_multiplier": 0.10826162993907928,
    "sl_multiplier": 0.07795339822769165,
    "leverage": 1
  }
}