{
  "rank": 81,
  "bot_id": 14999,
  "fitness_score": 11.934863090515137,
  "total_pnl": 119.3486328125,
  "win_rate": 100.0,
  "total_trades": 7,
  "sharpe_ratio": 0.0,
  "max_drawdown": 0.0,
  "survival_generations": 1,
  "config": {
    "num_indicators": 3,
    "indicator_indices": [
      9,
      6,
      13
    ],
    "indicator_params": [
      [
        3.431349039077759,
        158.6378173828125,
        0.0
      ],
      [
        0.31048744916915894,
        153.1009063720703,
        0.0
      ],
      [
        19.362442016601562,
        58.340171813964844,
        60.93464279174805
      ]
    ],
    "risk_strategy_bitmap": 6688,
    "tp_multiplier": 0.039113957434892654,
    "sl_multiplier": 0.09042518585920334,
    "leverage": 15
  }
}