{
  "rank": 94,
  "bot_id": 9194,
  "fitness_score": 559.0286254882812,
  "total_pnl": 5590.2861328125,
  "win_rate": 24.592009003939225,
  "total_trades": 1777,
  "sharpe_ratio": 0.0,
  "max_drawdown": 0.0,
  "survival_generations": 2,
  "config": {
    "num_indicators": 3,
    "indicator_indices": [
      42,
      10,
      43
    ],
    "indicator_params": [
      [
        9.197466850280762,
        99.70735168457031,
        0.0
      ],
      [
        22.40594482421875,
        59.01192855834961,
        76.0010986328125
      ],
      [
        9.765456199645996,
        45.604427337646484,
        0.0
      ]
    ],
    "risk_strategy_bitmap": 8224,
    "tp_multiplier": 0.2067607045173645,
    "sl_multiplier": 0.07159890979528427,
    "leverage": 11
  }
}