{
  "rank": 100,
  "bot_id": 140,
  "fitness_score": 5.996291160583496,
  "total_pnl": 59.96290969848633,
  "win_rate": 100.0,
  "total_trades": 2,
  "sharpe_ratio": 0.0,
  "max_drawdown": 0.0,
  "survival_generations": 2,
  "config": {
    "num_indicators": 4,
    "indicator_indices": [
      14,
      17,
      10,
      49
    ],
    "indicator_params": [
      [
        23.04340934753418,
        57.56863021850586,
        73.23725128173828
      ],
      [
        38.301979064941406,
        50.523990631103516,
        78.00518035888672
      ],
      [
        7.856847286224365,
        54.13375473022461,
        75.71844482421875
      ],
      [
        1.68998122215271,
        4.512781143188477,
        0.0
      ]
    ],
    "risk_strategy_bitmap": 644,
    "tp_multiplier": 0.10124365240335464,
    "sl_multiplier": 0.07455404102802277,
    "leverage": 14
  }
}