{
  "rank": 11,
  "bot_id": 16961,
  "fitness_score": 17.90367317199707,
  "total_pnl": 179.0367431640625,
  "win_rate": 75.0,
  "total_trades": 8,
  "sharpe_ratio": 1.0723309516906738,
  "max_drawdown": 0.0,
  "survival_generations": 1,
  "config": {
    "num_indicators": 3,
    "indicator_indices": [
      14,
      31,
      35
    ],
    "indicator_params": [
      [
        3.820585250854492,
        71.68748474121094,
        0.0
      ],
      [
        25.979021072387695,
        57.23515319824219,
        58.48031234741211
      ],
      [
        0.0,
        0.0,
        0.0
      ]
    ],
    "risk_strategy": 2,
    "risk_param": 0.7761062979698181,
    "tp_multiplier": 0.09898579120635986,
    "sl_multiplier": 0.07969538122415543,
    "leverage": 1
  }
}