{
  "rank": 96,
  "bot_id": 988,
  "fitness_score": 0.0,
  "total_pnl": 262.8628845214844,
  "win_rate": 100.0,
  "total_trades": 1,
  "sharpe_ratio": 0.22360680997371674,
  "max_drawdown": 0.0,
  "survival_generations": 1,
  "config": {
    "num_indicators": 2,
    "indicator_indices": [
      40,
      47
    ],
    "indicator_params": [
      [
        3.509834051132202,
        42.70290756225586,
        0.0
      ],
      [
        4.352313041687012,
        128.52603149414062,
        0.0
      ]
    ],
    "indicator_risk_strategies": [
      0,
      11
    ],
    "risk_param": 0.09248119592666626,
    "tp_multiplier": 0.0,
    "sl_multiplier": 0.0,
    "leverage": 125
  }
}