{
  "rank": 66,
  "bot_id": 17481,
  "fitness_score": 599.8034057617188,
  "total_pnl": 5998.0341796875,
  "win_rate": 40.519276160503544,
  "total_trades": 1271,
  "sharpe_ratio": 0.0,
  "max_drawdown": 0.0,
  "survival_generations": 1,
  "config": {
    "num_indicators": 3,
    "indicator_indices": [
      1,
      15,
      20
    ],
    "indicator_params": [
      [
        4.71596097946167,
        134.44776916503906,
        0.0
      ],
      [
        1.7558560371398926,
        11.520183563232422,
        0.0
      ],
      [
        0.0,
        0.0,
        0.0
      ]
    ],
    "risk_strategy_bitmap": 8386,
    "tp_multiplier": 0.24652549624443054,
    "sl_multiplier": 0.09959226101636887,
    "leverage": 9
  }
}