{
  "rank": 93,
  "bot_id": 16657,
  "fitness_score": 16150.9541015625,
  "total_pnl": 161509.53125,
  "win_rate": 47.700619869324846,
  "total_trades": 23876,
  "sharpe_ratio": 0.0,
  "max_drawdown": 0.0,
  "survival_generations": 1,
  "config": {
    "num_indicators": 3,
    "indicator_indices": [
      20,
      29,
      47
    ],
    "indicator_params": [
      [
        24.685026168823242,
        53.89551544189453,
        50.48084259033203
      ],
      [
        0.0,
        0.0,
        0.0
      ],
      [
        0.0,
        0.0,
        0.0
      ]
    ],
    "risk_strategy_bitmap": 128,
    "tp_multiplier": 0.22619026899337769,
    "sl_multiplier": 0.0812937393784523,
    "leverage": 24
  }
}