{
  "rank": 48,
  "bot_id": 48,
  "fitness_score": 0.0,
  "total_pnl": 0.0,
  "win_rate": 0.0,
  "total_trades": 0,
  "sharpe_ratio": 0.0,
  "max_drawdown": 0.0,
  "survival_generations": 1,
  "config": {
    "num_indicators": 4,
    "indicator_indices": [
      14,
      19,
      38,
      33
    ],
    "indicator_params": [
      [
        24.0616512298584,
        51.08009719848633,
        57.85776901245117
      ],
      [
        14.494803428649902,
        57.98704147338867,
        67.64214324951172
      ],
      [
        1.144384741783142,
        41.57767868041992,
        0.0
      ],
      [
        4.763171672821045,
        46.1893424987793,
        0.0
      ]
    ],
    "risk_strategy_bitmap": 17432,
    "tp_multiplier": 0.07145249843597412,
    "sl_multiplier": 0.05728117376565933,
    "leverage": 2
  }
}