{
  "rank": 14,
  "bot_id": 14064,
  "fitness_score": 17.218311309814453,
  "total_pnl": 172.18310546875,
  "win_rate": 100.0,
  "total_trades": 8,
  "sharpe_ratio": 1.3324167728424072,
  "max_drawdown": 0.0,
  "survival_generations": 1,
  "config": {
    "num_indicators": 3,
    "indicator_indices": [
      14,
      23,
      30
    ],
    "indicator_params": [
      [
        4.156084060668945,
        19.77800178527832,
        0.0
      ],
      [
        0.259263813495636,
        98.99665069580078,
        0.0
      ],
      [
        0.0,
        0.0,
        0.0
      ]
    ],
    "risk_strategy": 9,
    "risk_param": 2.668928861618042,
    "tp_multiplier": 0.09906917065382004,
    "sl_multiplier": 0.07698680460453033,
    "leverage": 1
  }
}