{
  "rank": 87,
  "bot_id": 9028,
  "fitness_score": 9.993865013122559,
  "total_pnl": 99.93864440917969,
  "win_rate": 100.0,
  "total_trades": 2,
  "sharpe_ratio": 0.0,
  "max_drawdown": 0.0,
  "survival_generations": 2,
  "config": {
    "num_indicators": 4,
    "indicator_indices": [
      13,
      10,
      9,
      1
    ],
    "indicator_params": [
      [
        19.55348777770996,
        53.891990661621094,
        46.282066345214844
      ],
      [
        22.648963928222656,
        57.811431884765625,
        24.179386138916016
      ],
      [
        2.154603958129883,
        10.500919342041016,
        0.0
      ],
      [
        0.19627153873443604,
        86.83831787109375,
        0.0
      ]
    ],
    "risk_strategy_bitmap": 27136,
    "tp_multiplier": 0.22167862951755524,
    "sl_multiplier": 0.04976877570152283,
    "leverage": 4
  }
}