{
  "rank": 64,
  "bot_id": 19782,
  "fitness_score": 21.50554084777832,
  "total_pnl": 215.05540466308594,
  "win_rate": 46.157293300470535,
  "total_trades": 4463,
  "sharpe_ratio": 0.0,
  "max_drawdown": 0.0,
  "survival_generations": 1,
  "config": {
    "num_indicators": 4,
    "indicator_indices": [
      48,
      29,
      13,
      30
    ],
    "indicator_params": [
      [
        7.995082855224609,
        49.757118225097656,
        0.0
      ],
      [
        4.3304619789123535,
        42.81346130371094,
        0.1412772238254547
      ],
      [
        29.22783660888672,
        54.86944580078125,
        48.55266571044922
      ],
      [
        3.9112396240234375,
        26.95697021484375,
        0.0
      ]
    ],
    "risk_strategy_bitmap": 8209,
    "tp_multiplier": 0.0897461473941803,
    "sl_multiplier": 0.06359149515628815,
    "leverage": 25
  }
}