{
  "rank": 19,
  "bot_id": 25071,
  "fitness_score": 10.870235443115234,
  "total_pnl": 108.70235443115234,
  "win_rate": 17.484388938447815,
  "total_trades": 1121,
  "sharpe_ratio": 0.0,
  "max_drawdown": 0.0,
  "survival_generations": 3,
  "config": {
    "num_indicators": 5,
    "indicator_indices": [
      5,
      33,
      34,
      20,
      17
    ],
    "indicator_params": [
      [
        0.11527061462402344,
        20.958877563476562,
        0.0
      ],
      [
        1.1633350849151611,
        46.96381378173828,
        0.0
      ],
      [
        3.8484785556793213,
        43.4021110534668,
        0.0
      ],
      [
        4.610284805297852,
        0.09131729602813721,
        1.1398371458053589
      ],
      [
        9.531877517700195,
        53.089630126953125,
        43.4643440246582
      ]
    ],
    "risk_strategy_bitmap": 1,
    "tp_multiplier": 0.22853553295135498,
    "sl_multiplier": 0.012966172769665718,
    "leverage": 122
  }
}