{
  "rank": 18,
  "bot_id": 248,
  "fitness_score": 0.0,
  "total_pnl": 156.9180450439453,
  "win_rate": 15.384615384615385,
  "total_trades": 13,
  "sharpe_ratio": 0.08280492573976517,
  "max_drawdown": 0.23938122391700745,
  "survival_generations": 1,
  "config": {
    "num_indicators": 5,
    "indicator_indices": [
      20,
      28,
      29,
      39,
      44
    ],
    "indicator_params": [
      [
        0.8308196067810059,
        71.16238403320312,
        0.0
      ],
      [
        34.38371658325195,
        55.10914611816406,
        56.74591064453125
      ],
      [
        4.3958821296691895,
        30.51131248474121,
        0.3369220197200775
      ],
      [
        1.2370610237121582,
        13.845941543579102,
        0.0
      ],
      [
        0.0,
        0.0,
        0.0
      ]
    ],
    "indicator_risk_strategies": [
      6,
      11,
      11,
      13,
      0
    ],
    "risk_param": 0.07993609458208084,
    "tp_multiplier": 0.0,
    "sl_multiplier": 0.0,
    "leverage": 125
  }
}