{
  "rank": 44,
  "bot_id": 490,
  "fitness_score": 0.0,
  "total_pnl": 9057.87109375,
  "win_rate": 16.397849462365592,
  "total_trades": 372,
  "sharpe_ratio": 0.45466041564941406,
  "max_drawdown": 0.14620184898376465,
  "survival_generations": 1,
  "config": {
    "num_indicators": 4,
    "indicator_indices": [
      20,
      22,
      28,
      39
    ],
    "indicator_params": [
      [
        34.2055549621582,
        52.45118713378906,
        52.626338958740234
      ],
      [
        4.125661849975586,
        35.465179443359375,
        0.0
      ],
      [
        30.596179962158203,
        58.29525375366211,
        34.200416564941406
      ],
      [
        2.918905735015869,
        57.384185791015625,
        0.0
      ]
    ],
    "indicator_risk_strategies": [
      6,
      14,
      13,
      13
    ],
    "risk_param": 0.0922909677028656,
    "tp_multiplier": 0.0,
    "sl_multiplier": 0.0,
    "leverage": 125
  }
}