{
  "rank": 36,
  "bot_id": 17942,
  "fitness_score": 13.312310218811035,
  "total_pnl": 133.1230926513672,
  "win_rate": 60.0,
  "total_trades": 20,
  "sharpe_ratio": 1.8467988967895508,
  "max_drawdown": 0.0,
  "survival_generations": 1,
  "config": {
    "num_indicators": 3,
    "indicator_indices": [
      6,
      8,
      27
    ],
    "indicator_params": [
      [
        2.523287057876587,
        117.94047546386719,
        0.0
      ],
      [
        0.0,
        0.0,
        0.0
      ],
      [
        0.0,
        0.0,
        0.0
      ]
    ],
    "risk_strategy": 3,
    "risk_param": 0.6502809524536133,
    "tp_multiplier": 0.04229572042822838,
    "sl_multiplier": 0.047795310616493225,
    "leverage": 1
  }
}