{
  "rank": 21,
  "bot_id": 9478,
  "fitness_score": 17.7226619720459,
  "total_pnl": 177.22662353515625,
  "win_rate": 41.17647058823529,
  "total_trades": 68,
  "sharpe_ratio": 1.47098708152771,
  "max_drawdown": 0.0,
  "survival_generations": 2,
  "config": {
    "num_indicators": 3,
    "indicator_indices": [
      7,
      22,
      23
    ],
    "indicator_params": [
      [
        3.617842674255371,
        9.923940658569336,
        0.0
      ],
      [
        3.7954277992248535,
        19.187358856201172,
        0.6967390775680542
      ],
      [
        21.043081283569336,
        57.96583557128906,
        62.3166389465332
      ]
    ],
    "risk_strategy": 3,
    "risk_param": 0.7008381485939026,
    "tp_multiplier": 0.07208991795778275,
    "sl_multiplier": 0.03272370249032974,
    "leverage": 1
  }
}