{
  "rank": 63,
  "bot_id": 4506,
  "fitness_score": 10.108409881591797,
  "total_pnl": 101.08409881591797,
  "win_rate": 66.66666666666666,
  "total_trades": 6,
  "sharpe_ratio": 0.9249535799026489,
  "max_drawdown": 0.0,
  "survival_generations": 2,
  "config": {
    "num_indicators": 3,
    "indicator_indices": [
      14,
      20,
      21
    ],
    "indicator_params": [
      [
        1.5653882026672363,
        96.66818237304688,
        0.0
      ],
      [
        0.0,
        0.0,
        0.0
      ],
      [
        0.0,
        0.0,
        0.0
      ]
    ],
    "risk_strategy": 5,
    "risk_param": 4.437040328979492,
    "tp_multiplier": 0.15364061295986176,
    "sl_multiplier": 0.019833173602819443,
    "leverage": 1
  }
}