{
  "rank": 71,
  "bot_id": 45226,
  "fitness_score": 7.917125701904297,
  "total_pnl": 79.17125701904297,
  "win_rate": 26.93156732891832,
  "total_trades": 906,
  "sharpe_ratio": 0.0,
  "max_drawdown": 0.0,
  "survival_generations": 1,
  "config": {
    "num_indicators": 4,
    "indicator_indices": [
      27,
      49,
      22,
      30
    ],
    "indicator_params": [
      [
        4.898948669433594,
        25.740074157714844,
        0.5865892171859741
      ],
      [
        1.401633620262146,
        42.69198226928711,
        0.0
      ],
      [
        4.019221305847168,
        41.89970016479492,
        0.34378954768180847
      ],
      [
        4.3800811767578125,
        6.8485918045043945,
        0.0
      ]
    ],
    "risk_strategy_bitmap": 32,
    "tp_multiplier": 0.11106075346469879,
    "sl_multiplier": 0.051144346594810486,
    "leverage": 118
  }
}