{
  "rank": 56,
  "bot_id": 19139,
  "fitness_score": 11.076746940612793,
  "total_pnl": 110.76747131347656,
  "win_rate": 66.66666666666666,
  "total_trades": 9,
  "sharpe_ratio": 1.134924054145813,
  "max_drawdown": 0.0,
  "survival_generations": 1,
  "config": {
    "num_indicators": 4,
    "indicator_indices": [
      14,
      31,
      39,
      15
    ],
    "indicator_params": [
      [
        27.33578872680664,
        51.70391845703125,
        62.47217559814453
      ],
      [
        4.881402492523193,
        30.285667419433594,
        0.0
      ],
      [
        2.253943920135498,
        34.30064010620117,
        0.0
      ],
      [
        39.584110260009766,
        57.72573471069336,
        75.92205047607422
      ]
    ],
    "risk_strategy": 0,
    "risk_param": 0.11163317412137985,
    "tp_multiplier": 0.10522545874118805,
    "sl_multiplier": 0.051728732883930206,
    "leverage": 1
  }
}