{
  "rank": 25,
  "bot_id": 289,
  "fitness_score": 0.0,
  "total_pnl": 9875.4619140625,
  "win_rate": 16.267942583732058,
  "total_trades": 209,
  "sharpe_ratio": 0.5617884993553162,
  "max_drawdown": 0.28823143243789673,
  "survival_generations": 1,
  "config": {
    "num_indicators": 2,
    "indicator_indices": [
      20,
      38
    ],
    "indicator_params": [
      [
        4.290199279785156,
        32.67839813232422,
        0.5538666844367981
      ],
      [
        2.2896804809570312,
        92.6998519897461,
        0.0
      ]
    ],
    "indicator_risk_strategies": [
      12,
      12
    ],
    "risk_param": 0.13656872510910034,
    "tp_multiplier": 0.0,
    "sl_multiplier": 0.0,
    "leverage": 125
  }
}