{
  "rank": 30,
  "bot_id": 18384,
  "fitness_score": 16.018436431884766,
  "total_pnl": 160.1843719482422,
  "win_rate": 27.692307692307693,
  "total_trades": 260,
  "sharpe_ratio": 3.8436381816864014,
  "max_drawdown": 0.0,
  "survival_generations": 1,
  "config": {
    "num_indicators": 4,
    "indicator_indices": [
      41,
      17,
      33,
      16
    ],
    "indicator_params": [
      [
        1.7549169063568115,
        96.3731460571289,
        0.0
      ],
      [
        39.78917694091797,
        54.32529830932617,
        72.88652801513672
      ],
      [
        4.791668891906738,
        23.70965576171875,
        0.0
      ],
      [
        35.60373306274414,
        55.84989547729492,
        55.73211669921875
      ]
    ],
    "risk_strategy": 1,
    "risk_param": 5122.2666015625,
    "tp_multiplier": 0.09432602673768997,
    "sl_multiplier": 0.061020612716674805,
    "leverage": 1
  }
}