{
  "rank": 96,
  "bot_id": 1144,
  "fitness_score": 8.013995170593262,
  "total_pnl": 80.13995361328125,
  "win_rate": 6.329113924050633,
  "total_trades": 158,
  "sharpe_ratio": 1.2168186902999878,
  "max_drawdown": 0.0,
  "survival_generations": 2,
  "config": {
    "num_indicators": 3,
    "indicator_indices": [
      12,
      22,
      41
    ],
    "indicator_params": [
      [
        4.093751907348633,
        63.03986358642578,
        0.0
      ],
      [
        2.8487377166748047,
        46.294464111328125,
        0.0
      ],
      [
        0.0,
        0.0,
        0.0
      ]
    ],
    "risk_strategy": 4,
    "risk_param": 0.9313980937004089,
    "tp_multiplier": 0.07194052636623383,
    "sl_multiplier": 0.004580310545861721,
    "leverage": 1
  }
}