{
  "rank": 7,
  "bot_id": 13817,
  "fitness_score": 831.9095458984375,
  "total_pnl": 8319.095703125,
  "win_rate": 31.59722222222222,
  "total_trades": 576,
  "sharpe_ratio": 0.0,
  "max_drawdown": 0.0,
  "survival_generations": 1,
  "config": {
    "num_indicators": 5,
    "indicator_indices": [
      19,
      11,
      15,
      22,
      43
    ],
    "indicator_params": [
      [
        8.939521789550781,
        57.61860656738281,
        62.410247802734375
      ],
      [
        7.933521270751953,
        57.129486083984375,
        42.00718307495117
      ],
      [
        22.82250213623047,
        57.88434982299805,
        58.388946533203125
      ],
      [
        4.912509441375732,
        18.33769416809082,
        0.3371347188949585
      ],
      [
        7.41182804107666,
        56.31393051147461,
        0.0
      ]
    ],
    "risk_strategy_bitmap": 65,
    "tp_multiplier": 0.20273523032665253,
    "sl_multiplier": 0.03463612496852875,
    "leverage": 12
  }
}