{
  "rank": 93,
  "bot_id": 95,
  "fitness_score": 0.0,
  "total_pnl": 0.0,
  "win_rate": 0.0,
  "total_trades": 0,
  "sharpe_ratio": 0.0,
  "max_drawdown": 0.0,
  "survival_generations": 1,
  "config": {
    "num_indicators": 5,
    "indicator_indices": [
      11,
      20,
      24,
      26,
      39
    ],
    "indicator_params": [
      [
        10.995522499084473,
        54.55262756347656,
        22.91623306274414
      ],
      [
        4.731777191162109,
        15.088716506958008,
        0.6258394718170166
      ],
      [
        3.471872091293335,
        37.22300720214844,
        1.181098222732544
      ],
      [
        4.9563703536987305,
        17.223012924194336,
        0.5401123762130737
      ],
      [
        4.40648078918457,
        37.79936981201172,
        0.0
      ]
    ],
    "risk_strategy_bitmap": 12296,
    "tp_multiplier": 0.04305185750126839,
    "sl_multiplier": 0.004410977475345135,
    "leverage": 13
  }
}