{
  "rank": 21,
  "bot_id": 21,
  "fitness_score": 0.0,
  "total_pnl": 0.0,
  "win_rate": 0.0,
  "total_trades": 0,
  "sharpe_ratio": 0.0,
  "max_drawdown": 0.0,
  "survival_generations": 1,
  "config": {
    "num_indicators": 2,
    "indicator_indices": [
      38,
      29
    ],
    "indicator_params": [
      [
        4.981882572174072,
        28.263832092285156,
        0.0
      ],
      [
        3.8901076316833496,
        19.944656372070312,
        0.8499085903167725
      ]
    ],
    "risk_strategy_bitmap": 9216,
    "tp_multiplier": 0.02005201205611229,
    "sl_multiplier": 0.098030686378479,
    "leverage": 11
  }
}