{
  "rank": 63,
  "bot_id": 64,
  "fitness_score": 0.0,
  "total_pnl": 0.0,
  "win_rate": 0.0,
  "total_trades": 0,
  "sharpe_ratio": 0.0,
  "max_drawdown": 0.0,
  "survival_generations": 1,
  "config": {
    "num_indicators": 2,
    "indicator_indices": [
      19,
      25
    ],
    "indicator_params": [
      [
        18.304306030273438,
        52.77687072753906,
        53.97934341430664
      ],
      [
        3.5276570320129395,
        29.62846565246582,
        1.0505694150924683
      ]
    ],
    "risk_strategy_bitmap": 328,
    "tp_multiplier": 0.13559097051620483,
    "sl_multiplier": 0.01959376037120819,
    "leverage": 11
  }
}