{
  "rank": 46,
  "bot_id": 13576,
  "fitness_score": 45.960689544677734,
  "total_pnl": 459.60687255859375,
  "win_rate": 88.0503144654088,
  "total_trades": 159,
  "sharpe_ratio": 0.0,
  "max_drawdown": 0.0,
  "survival_generations": 1,
  "config": {
    "num_indicators": 3,
    "indicator_indices": [
      13,
      15,
      37
    ],
    "indicator_params": [
      [
        4.863251209259033,
        9.833791732788086,
        1.2096120119094849
      ],
      [
        0.0,
        0.0,
        0.0
      ],
      [
        0.0,
        0.0,
        0.0
      ]
    ],
    "risk_strategy_bitmap": 24776,
    "tp_multiplier": 0.16443833708763123,
    "sl_multiplier": 0.0475066639482975,
    "leverage": 3
  }
}