{
  "rank": 8,
  "bot_id": 2488,
  "fitness_score": 96.9854736328125,
  "total_pnl": 969.8547973632812,
  "win_rate": 8.893780957622454,
  "total_trades": 18170,
  "sharpe_ratio": 0.0,
  "max_drawdown": 0.0,
  "survival_generations": 2,
  "config": {
    "num_indicators": 1,
    "indicator_indices": [
      14
    ],
    "indicator_params": [
      [
        9.48201847076416,
        57.24551773071289,
        77.2652587890625
      ]
    ],
    "risk_strategy_bitmap": 16384,
    "tp_multiplier": 0.07415153831243515,
    "sl_multiplier": 0.0021577654406428337,
    "leverage": 24
  }
}