{
  "rank": 23,
  "bot_id": 11573,
  "fitness_score": 26581.890625,
  "total_pnl": 265818.90625,
  "win_rate": 33.981702160375185,
  "total_trades": 130070,
  "sharpe_ratio": 0.0,
  "max_drawdown": 0.0,
  "survival_generations": 1,
  "config": {
    "num_indicators": 2,
    "indicator_indices": [
      21,
      46
    ],
    "indicator_params": [
      [
        3.2815420627593994,
        97.75786590576172,
        0.0
      ],
      [
        0.0,
        0.0,
        0.0
      ]
    ],
    "risk_strategy_bitmap": 16928,
    "tp_multiplier": 0.2443370670080185,
    "sl_multiplier": 0.0837564766407013,
    "leverage": 24
  }
}