{
  "rank": 95,
  "bot_id": 97,
  "fitness_score": 0.0,
  "total_pnl": 0.0,
  "win_rate": 0.0,
  "total_trades": 0,
  "sharpe_ratio": 0.0,
  "max_drawdown": 0.0,
  "survival_generations": 1,
  "config": {
    "num_indicators": 4,
    "indicator_indices": [
      22,
      24,
      37,
      15
    ],
    "indicator_params": [
      [
        4.265115737915039,
        35.18325424194336,
        0.2853355407714844
      ],
      [
        3.488553047180176,
        34.07862091064453,
        1.4100875854492188
      ],
      [
        3.22601580619812,
        17.766857147216797,
        0.0
      ],
      [
        38.57057571411133,
        59.89266586303711,
        21.955495834350586
      ]
    ],
    "risk_strategy_bitmap": 12288,
    "tp_multiplier": 0.027181187644600868,
    "sl_multiplier": 0.006580935325473547,
    "leverage": 8
  }
}