{
  "rank": 64,
  "bot_id": 65,
  "fitness_score": 0.0,
  "total_pnl": 0.0,
  "win_rate": 0.0,
  "total_trades": 0,
  "sharpe_ratio": 0.0,
  "max_drawdown": 0.0,
  "survival_generations": 1,
  "config": {
    "num_indicators": 5,
    "indicator_indices": [
      40,
      9,
      19,
      34,
      22
    ],
    "indicator_params": [
      [
        5.679253578186035,
        4.157108306884766,
        0.0
      ],
      [
        1.7304155826568604,
        41.54529571533203,
        0.0
      ],
      [
        29.17365264892578,
        51.76932144165039,
        35.339237213134766
      ],
      [
        4.922062397003174,
        5.801388740539551,
        0.0
      ],
      [
        3.062748432159424,
        24.974605560302734,
        0.6983354091644287
      ]
    ],
    "risk_strategy_bitmap": 1025,
    "tp_multiplier": 0.21987684071063995,
    "sl_multiplier": 0.07661846280097961,
    "leverage": 7
  }
}