{
  "rank": 78,
  "bot_id": 607,
  "fitness_score": 18220.98046875,
  "total_pnl": 182209.8125,
  "win_rate": 24.333635539437896,
  "total_trades": 55150,
  "sharpe_ratio": 0.0,
  "max_drawdown": 0.0,
  "survival_generations": 2,
  "config": {
    "num_indicators": 3,
    "indicator_indices": [
      46,
      34,
      28
    ],
    "indicator_params": [
      [
        0.5635088682174683,
        58.65781021118164,
        0.0
      ],
      [
        2.6494922637939453,
        41.6556510925293,
        0.0
      ],
      [
        4.028146266937256,
        20.625118255615234,
        0.8991549611091614
      ]
    ],
    "risk_strategy_bitmap": 20738,
    "tp_multiplier": 0.15397332608699799,
    "sl_multiplier": 0.007689884398132563,
    "leverage": 23
  }
}