{
  "rank": 73,
  "bot_id": 15487,
  "fitness_score": 16.55954360961914,
  "total_pnl": 165.59544372558594,
  "win_rate": 100.0,
  "total_trades": 9,
  "sharpe_ratio": 0.0,
  "max_drawdown": 0.0,
  "survival_generations": 1,
  "config": {
    "num_indicators": 5,
    "indicator_indices": [
      49,
      10,
      6,
      13,
      27
    ],
    "indicator_params": [
      [
        4.130392551422119,
        97.77928161621094,
        0.0
      ],
      [
        28.890323638916016,
        56.52470016479492,
        35.17265701293945
      ],
      [
        1.698251724243164,
        63.26128387451172,
        0.0
      ],
      [
        31.925434112548828,
        56.58514404296875,
        59.38760757446289
      ],
      [
        4.7793779373168945,
        29.140567779541016,
        0.23780447244644165
      ]
    ],
    "risk_strategy_bitmap": 6154,
    "tp_multiplier": 0.18378837406635284,
    "sl_multiplier": 0.08308737725019455,
    "leverage": 3
  }
}