{
  "rank": 60,
  "bot_id": 615,
  "fitness_score": 0.0,
  "total_pnl": 518.4072265625,
  "win_rate": 50.0,
  "total_trades": 4,
  "sharpe_ratio": 0.11355144530534744,
  "max_drawdown": 0.20850630104541779,
  "survival_generations": 1,
  "config": {
    "num_indicators": 5,
    "indicator_indices": [
      0,
      5,
      11,
      24,
      49
    ],
    "indicator_params": [
      [
        1.3427999019622803,
        14.60307502746582,
        0.0
      ],
      [
        1.779618501663208,
        44.24824523925781,
        0.0
      ],
      [
        4.8285651206970215,
        10.135766983032227,
        0.8022114038467407
      ],
      [
        0.35394251346588135,
        101.48734283447266,
        0.0
      ],
      [
        0.0,
        0.0,
        0.0
      ]
    ],
    "indicator_risk_strategies": [
      1,
      4,
      10,
      4,
      0
    ],
    "risk_param": 6216.1201171875,
    "tp_multiplier": 0.0,
    "sl_multiplier": 0.0,
    "leverage": 125
  }
}