{
  "rank": 51,
  "bot_id": 25689,
  "fitness_score": 8.600587844848633,
  "total_pnl": 86.00587463378906,
  "win_rate": 13.664596273291925,
  "total_trades": 1449,
  "sharpe_ratio": 0.0,
  "max_drawdown": 0.0,
  "survival_generations": 3,
  "config": {
    "num_indicators": 4,
    "indicator_indices": [
      20,
      5,
      40,
      48
    ],
    "indicator_params": [
      [
        3.987748384475708,
        36.39234924316406,
        0.3610420525074005
      ],
      [
        0.7366746664047241,
        77.4896240234375,
        0.0
      ],
      [
        4.586915016174316,
        52.50019836425781,
        0.0
      ],
      [
        7.84111213684082,
        35.866661071777344,
        0.0
      ]
    ],
    "risk_strategy_bitmap": 16384,
    "tp_multiplier": 0.14930018782615662,
    "sl_multiplier": 0.0037887694779783487,
    "leverage": 102
  }
}