{
  "rank": 19,
  "bot_id": 19,
  "fitness_score": 0.0,
  "total_pnl": 0.0,
  "win_rate": 0.0,
  "total_trades": 0,
  "sharpe_ratio": 0.0,
  "max_drawdown": 0.0,
  "survival_generations": 1,
  "config": {
    "num_indicators": 4,
    "indicator_indices": [
      14,
      40,
      28,
      23
    ],
    "indicator_params": [
      [
        23.094470977783203,
        53.43428421020508,
        37.71504211425781
      ],
      [
        2.0135927200317383,
        8.157557487487793,
        0.0
      ],
      [
        3.7051501274108887,
        42.02126693725586,
        0.7262566089630127
      ],
      [
        4.196676254272461,
        5.690950393676758,
        1.265370488166809
      ]
    ],
    "risk_strategy_bitmap": 18470,
    "tp_multiplier": 0.14750024676322937,
    "sl_multiplier": 0.04687122628092766,
    "leverage": 16
  }
}