{
  "rank": 77,
  "bot_id": 46588,
  "fitness_score": 7.221371650695801,
  "total_pnl": 72.21371459960938,
  "win_rate": 12.769116555308091,
  "total_trades": 1347,
  "sharpe_ratio": 0.0,
  "max_drawdown": 0.0,
  "survival_generations": 1,
  "config": {
    "num_indicators": 4,
    "indicator_indices": [
      5,
      35,
      0,
      20
    ],
    "indicator_params": [
      [
        3.8761181831359863,
        85.58735656738281,
        0.0
      ],
      [
        2.6007962226867676,
        17.68629264831543,
        0.0
      ],
      [
        1.628716230392456,
        24.336456298828125,
        0.0
      ],
      [
        3.754392623901367,
        40.43315505981445,
        0.6512587666511536
      ]
    ],
    "risk_strategy_bitmap": 2048,
    "tp_multiplier": 0.08594172447919846,
    "sl_multiplier": 0.002852211007848382,
    "leverage": 116
  }
}