{
  "rank": 66,
  "bot_id": 9962,
  "fitness_score": 22.042234420776367,
  "total_pnl": 220.42234802246094,
  "win_rate": 100.0,
  "total_trades": 13,
  "sharpe_ratio": 0.0,
  "max_drawdown": 0.0,
  "survival_generations": 2,
  "config": {
    "num_indicators": 5,
    "indicator_indices": [
      11,
      13,
      22,
      40,
      6
    ],
    "indicator_params": [
      [
        8.209005355834961,
        50.4234619140625,
        47.32528305053711
      ],
      [
        31.54157829284668,
        53.98965072631836,
        63.660457611083984
      ],
      [
        4.129673480987549,
        39.40928268432617,
        1.4875293970108032
      ],
      [
        7.758302211761475,
        30.858654022216797,
        0.0
      ],
      [
        4.67356538772583,
        148.0636444091797,
        0.0
      ]
    ],
    "risk_strategy_bitmap": 54,
    "tp_multiplier": 0.16360995173454285,
    "sl_multiplier": 0.07218904048204422,
    "leverage": 3
  }
}