{
  "rank": 38,
  "bot_id": 38,
  "fitness_score": 0.0,
  "total_pnl": 0.0,
  "win_rate": 0.0,
  "total_trades": 0,
  "sharpe_ratio": 0.0,
  "max_drawdown": 0.0,
  "survival_generations": 1,
  "config": {
    "num_indicators": 2,
    "indicator_indices": [
      3,
      20
    ],
    "indicator_params": [
      [
        0.7618305087089539,
        160.3558807373047,
        0.0
      ],
      [
        3.3298850059509277,
        3.7349910736083984,
        0.5872831344604492
      ]
    ],
    "risk_strategy_bitmap": 2050,
    "tp_multiplier": 0.1050313338637352,
    "sl_multiplier": 0.08314836025238037,
    "leverage": 23
  }
}