{
  "rank": 61,
  "bot_id": 62,
  "fitness_score": 0.0,
  "total_pnl": 0.0,
  "win_rate": 0.0,
  "total_trades": 0,
  "sharpe_ratio": 0.0,
  "max_drawdown": 0.0,
  "survival_generations": 1,
  "config": {
    "num_indicators": 2,
    "indicator_indices": [
      27,
      2
    ],
    "indicator_params": [
      [
        3.910853624343872,
        32.268402099609375,
        0.7334510087966919
      ],
      [
        0.15567630529403687,
        177.30368041992188,
        0.0
      ]
    ],
    "risk_strategy_bitmap": 17665,
    "tp_multiplier": 0.049630213528871536,
    "sl_multiplier": 0.056809354573488235,
    "leverage": 16
  }
}