{
  "rank": 58,
  "bot_id": 39582,
  "fitness_score": 8.43017578125,
  "total_pnl": 84.3017578125,
  "win_rate": 21.839080459770116,
  "total_trades": 261,
  "sharpe_ratio": 0.0,
  "max_drawdown": 0.0,
  "survival_generations": 1,
  "config": {
    "num_indicators": 5,
    "indicator_indices": [
      46,
      14,
      20,
      30,
      15
    ],
    "indicator_params": [
      [
        4.847344875335693,
        79.17132568359375,
        0.0
      ],
      [
        21.822086334228516,
        57.6770133972168,
        21.090776443481445
      ],
      [
        3.1110668182373047,
        5.4206223487854,
        0.256534606218338
      ],
      [
        1.1169288158416748,
        6.426185607910156,
        0.0
      ],
      [
        10.675015449523926,
        57.28763961791992,
        79.84825897216797
      ]
    ],
    "risk_strategy_bitmap": 4099,
    "tp_multiplier": 0.16538497805595398,
    "sl_multiplier": 0.009757009334862232,
    "leverage": 59
  }
}