{
  "rank": 53,
  "bot_id": 1269,
  "fitness_score": 20220.193359375,
  "total_pnl": 202201.9375,
  "win_rate": 28.19061209689682,
  "total_trades": 85493,
  "sharpe_ratio": 0.0,
  "max_drawdown": 0.0,
  "survival_generations": 2,
  "config": {
    "num_indicators": 2,
    "indicator_indices": [
      28,
      21
    ],
    "indicator_params": [
      [
        4.532430171966553,
        43.67364501953125,
        0.022657155990600586
      ],
      [
        4.95883846282959,
        46.56121063232422,
        0.9310812950134277
      ]
    ],
    "risk_strategy_bitmap": 19104,
    "tp_multiplier": 0.22181758284568787,
    "sl_multiplier": 0.06297287344932556,
    "leverage": 24
  }
}