{
  "rank": 93,
  "bot_id": 1652,
  "fitness_score": 7.727311611175537,
  "total_pnl": 77.27311706542969,
  "win_rate": 100.0,
  "total_trades": 2,
  "sharpe_ratio": 0.0,
  "max_drawdown": 0.0,
  "survival_generations": 2,
  "config": {
    "num_indicators": 5,
    "indicator_indices": [
      49,
      12,
      23,
      38,
      42
    ],
    "indicator_params": [
      [
        3.9655351638793945,
        60.81547546386719,
        0.0
      ],
      [
        38.32762145996094,
        52.16008758544922,
        33.254940032958984
      ],
      [
        4.5630269050598145,
        2.8360276222229004,
        0.672320544719696
      ],
      [
        1.021191120147705,
        27.842159271240234,
        0.0
      ],
      [
        6.093321800231934,
        45.927494049072266,
        0.0
      ]
    ],
    "risk_strategy_bitmap": 21,
    "tp_multiplier": 0.19268763065338135,
    "sl_multiplier": 0.07767249643802643,
    "leverage": 10
  }
}