{
  "rank": 84,
  "bot_id": 5468,
  "fitness_score": 16.031763076782227,
  "total_pnl": 160.317626953125,
  "win_rate": 41.28131021194605,
  "total_trades": 4152,
  "sharpe_ratio": 0.0,
  "max_drawdown": 0.0,
  "survival_generations": 2,
  "config": {
    "num_indicators": 3,
    "indicator_indices": [
      30,
      15,
      27
    ],
    "indicator_params": [
      [
        0.6871095299720764,
        8.157878875732422,
        0.0
      ],
      [
        17.670665740966797,
        54.7819938659668,
        36.662837982177734
      ],
      [
        3.0432283878326416,
        16.3554630279541,
        1.1837577819824219
      ]
    ],
    "risk_strategy_bitmap": 16416,
    "tp_multiplier": 0.10966672748327255,
    "sl_multiplier": 0.06586213409900665,
    "leverage": 25
  }
}