{
  "rank": 22,
  "bot_id": 11373,
  "fitness_score": 46.65879440307617,
  "total_pnl": 466.58795166015625,
  "win_rate": 48.22202948829141,
  "total_trades": 4612,
  "sharpe_ratio": 0.0,
  "max_drawdown": 0.0,
  "survival_generations": 1,
  "config": {
    "num_indicators": 3,
    "indicator_indices": [
      12,
      21,
      13
    ],
    "indicator_params": [
      [
        34.09893798828125,
        55.714691162109375,
        53.536136627197266
      ],
      [
        4.736551761627197,
        16.36847496032715,
        1.3961057662963867
      ],
      [
        6.981750011444092,
        58.81114196777344,
        20.038442611694336
      ]
    ],
    "risk_strategy_bitmap": 2176,
    "tp_multiplier": 0.11966317892074585,
    "sl_multiplier": 0.07050119340419769,
    "leverage": 3
  }
}