{
  "rank": 66,
  "bot_id": 5781,
  "fitness_score": 8.184554100036621,
  "total_pnl": 81.84553527832031,
  "win_rate": 15.371621621621623,
  "total_trades": 1184,
  "sharpe_ratio": 0.0,
  "max_drawdown": 0.0,
  "survival_generations": 1,
  "config": {
    "num_indicators": 4,
    "indicator_indices": [
      5,
      40,
      9,
      22
    ],
    "indicator_params": [
      [
        2.307671070098877,
        152.0831756591797,
        0.0
      ],
      [
        2.3305349349975586,
        5.746799468994141,
        0.0
      ],
      [
        3.7708568572998047,
        57.62802505493164,
        0.0
      ],
      [
        4.700080394744873,
        24.472129821777344,
        1.167852520942688
      ]
    ],
    "risk_strategy_bitmap": 19200,
    "tp_multiplier": 0.19823451340198517,
    "sl_multiplier": 0.08934306353330612,
    "leverage": 44
  }
}