{
  "rank": 64,
  "bot_id": 17693,
  "fitness_score": 602.6817016601562,
  "total_pnl": 6026.81689453125,
  "win_rate": 35.02626970227671,
  "total_trades": 1142,
  "sharpe_ratio": 0.0,
  "max_drawdown": 0.0,
  "survival_generations": 1,
  "config": {
    "num_indicators": 5,
    "indicator_indices": [
      35,
      42,
      4,
      20,
      43
    ],
    "indicator_params": [
      [
        0.39905548095703125,
        35.75759506225586,
        0.0
      ],
      [
        2.762366533279419,
        27.420902252197266,
        0.0
      ],
      [
        1.4822685718536377,
        158.82981872558594,
        0.0
      ],
      [
        4.783590793609619,
        39.4473876953125,
        1.3986635208129883
      ],
      [
        7.945901870727539,
        11.084771156311035,
        0.0
      ]
    ],
    "risk_strategy_bitmap": 2048,
    "tp_multiplier": 0.062173571437597275,
    "sl_multiplier": 0.06819096207618713,
    "leverage": 21
  }
}