{
  "rank": 84,
  "bot_id": 86,
  "fitness_score": 0.0,
  "total_pnl": 0.0,
  "win_rate": 0.0,
  "total_trades": 0,
  "sharpe_ratio": 0.0,
  "max_drawdown": 0.0,
  "survival_generations": 1,
  "config": {
    "num_indicators": 5,
    "indicator_indices": [
      2,
      6,
      34,
      9,
      7
    ],
    "indicator_params": [
      [
        4.5998077392578125,
        65.12663269042969,
        0.0
      ],
      [
        3.511033535003662,
        6.5956830978393555,
        0.0
      ],
      [
        2.8143491744995117,
        29.83936309814453,
        0.0
      ],
      [
        0.37364333868026733,
        7.348728179931641,
        0.0
      ],
      [
        2.1591315269470215,
        86.00502014160156,
        0.0
      ]
    ],
    "risk_strategy_bitmap": 304,
    "tp_multiplier": 0.15829867124557495,
    "sl_multiplier": 0.07516678422689438,
    "leverage": 12
  }
}