{
  "rank": 54,
  "bot_id": 6750,
  "fitness_score": 33.141822814941406,
  "total_pnl": 331.4182434082031,
  "win_rate": 100.0,
  "total_trades": 7,
  "sharpe_ratio": 0.0,
  "max_drawdown": 0.0,
  "survival_generations": 2,
  "config": {
    "num_indicators": 4,
    "indicator_indices": [
      9,
      14,
      21,
      12
    ],
    "indicator_params": [
      [
        0.5236303806304932,
        19.42610740661621,
        0.0
      ],
      [
        24.890361785888672,
        56.7767219543457,
        67.79159545898438
      ],
      [
        4.515693664550781,
        10.792482376098633,
        1.0095248222351074
      ],
      [
        11.637895584106445,
        52.16728591918945,
        52.98999786376953
      ]
    ],
    "risk_strategy_bitmap": 66,
    "tp_multiplier": 0.08132349699735641,
    "sl_multiplier": 0.09417332708835602,
    "leverage": 2
  }
}