{
  "rank": 20,
  "bot_id": 19206,
  "fitness_score": 47.43825149536133,
  "total_pnl": 474.38250732421875,
  "win_rate": 12.197322905700107,
  "total_trades": 6649,
  "sharpe_ratio": 0.0,
  "max_drawdown": 0.0,
  "survival_generations": 1,
  "config": {
    "num_indicators": 3,
    "indicator_indices": [
      12,
      14,
      20
    ],
    "indicator_params": [
      [
        10.034737586975098,
        55.288570404052734,
        64.05377960205078
      ],
      [
        4.7519941329956055,
        118.97285461425781,
        0.0
      ],
      [
        0.0,
        0.0,
        0.0
      ]
    ],
    "risk_strategy_bitmap": 16896,
    "tp_multiplier": 0.23752038180828094,
    "sl_multiplier": 0.005234875716269016,
    "leverage": 6
  }
}