{
  "rank": 57,
  "bot_id": 29948,
  "fitness_score": 8.592117309570312,
  "total_pnl": 85.9211654663086,
  "win_rate": 40.131578947368425,
  "total_trades": 304,
  "sharpe_ratio": 0.0,
  "max_drawdown": 0.0,
  "survival_generations": 2,
  "config": {
    "num_indicators": 3,
    "indicator_indices": [
      33,
      35,
      29
    ],
    "indicator_params": [
      [
        4.117576599121094,
        41.18806838989258,
        0.0
      ],
      [
        1.103499174118042,
        3.9598822593688965,
        0.0
      ],
      [
        4.752289772033691,
        21.519521713256836,
        1.2432786226272583
      ]
    ],
    "risk_strategy_bitmap": 4737,
    "tp_multiplier": 0.21814614534378052,
    "sl_multiplier": 0.07814580947160721,
    "leverage": 1
  }
}