{
  "rank": 32,
  "bot_id": 13576,
  "fitness_score": 13.694493293762207,
  "total_pnl": 136.94493103027344,
  "win_rate": 85.71428571428571,
  "total_trades": 7,
  "sharpe_ratio": 1.3787084817886353,
  "max_drawdown": 0.0,
  "survival_generations": 1,
  "config": {
    "num_indicators": 5,
    "indicator_indices": [
      0,
      31,
      34,
      41,
      44
    ],
    "indicator_params": [
      [
        8.186079025268555,
        19.880754470825195,
        0.0
      ],
      [
        0.0,
        0.0,
        0.0
      ],
      [
        0.0,
        0.0,
        0.0
      ],
      [
        0.0,
        0.0,
        0.0
      ],
      [
        0.0,
        0.0,
        0.0
      ]
    ],
    "risk_strategy": 4,
    "risk_param": 0.5619832873344421,
    "tp_multiplier": 0.09704345464706421,
    "sl_multiplier": 0.09777864813804626,
    "leverage": 1
  }
}