{
  "rank": 94,
  "bot_id": 10468,
  "fitness_score": 6.706942558288574,
  "total_pnl": 67.06942749023438,
  "win_rate": 100.0,
  "total_trades": 4,
  "sharpe_ratio": 0.0,
  "max_drawdown": 0.0,
  "survival_generations": 1,
  "config": {
    "num_indicators": 5,
    "indicator_indices": [
      24,
      30,
      21,
      12,
      46
    ],
    "indicator_params": [
      [
        3.449981689453125,
        41.74446105957031,
        1.126631736755371
      ],
      [
        2.0384085178375244,
        23.3093318939209,
        0.0
      ],
      [
        4.516720294952393,
        29.53557586669922,
        1.3612182140350342
      ],
      [
        17.65719223022461,
        54.83638000488281,
        33.419368743896484
      ],
      [
        4.909480094909668,
        98.26239013671875,
        0.0
      ]
    ],
    "risk_strategy_bitmap": 512,
    "tp_multiplier": 0.07782476395368576,
    "sl_multiplier": 0.04984503239393234,
    "leverage": 3
  }
}