{
  "rank": 10,
  "bot_id": 16245,
  "fitness_score": 18.72820472717285,
  "total_pnl": 187.2820587158203,
  "win_rate": 77.41935483870968,
  "total_trades": 31,
  "sharpe_ratio": 1.111714482307434,
  "max_drawdown": 0.0,
  "survival_generations": 1,
  "config": {
    "num_indicators": 3,
    "indicator_indices": [
      30,
      32,
      41
    ],
    "indicator_params": [
      [
        0.35853147506713867,
        33.755035400390625,
        0.0
      ],
      [
        0.0,
        0.0,
        0.0
      ],
      [
        0.0,
        0.0,
        0.0
      ]
    ],
    "risk_strategy": 1,
    "risk_param": 8900.9052734375,
    "tp_multiplier": 0.026387713849544525,
    "sl_multiplier": 0.06758134812116623,
    "leverage": 1
  }
}