{
  "rank": 6,
  "bot_id": 72,
  "fitness_score": 0.0,
  "total_pnl": 8.423839569091797,
  "win_rate": 6.451612903225806,
  "total_trades": 31,
  "sharpe_ratio": 0.027532722800970078,
  "max_drawdown": 0.04137950390577316,
  "survival_generations": 1,
  "config": {
    "num_indicators": 4,
    "indicator_indices": [
      4,
      12,
      17,
      35
    ],
    "indicator_params": [
      [
        4.393647193908691,
        12.880709648132324,
        1.3341050148010254
      ],
      [
        4.0566864013671875,
        27.48533058166504,
        0.0
      ],
      [
        31.744665145874023,
        55.135799407958984,
        31.640901565551758
      ],
      [
        36.420650482177734,
        51.85130310058594,
        56.40849304199219
      ]
    ],
    "indicator_risk_strategies": [
      14,
      9,
      4,
      13
    ],
    "risk_param": 0.019086137413978577,
    "tp_multiplier": 0.0,
    "sl_multiplier": 0.0,
    "leverage": 125
  }
}