{
  "rank": 47,
  "bot_id": 12723,
  "fitness_score": 20698.669921875,
  "total_pnl": 206986.6875,
  "win_rate": 25.980848956231426,
  "total_trades": 136285,
  "sharpe_ratio": 0.0,
  "max_drawdown": 0.0,
  "survival_generations": 1,
  "config": {
    "num_indicators": 2,
    "indicator_indices": [
      28,
      49
    ],
    "indicator_params": [
      [
        4.931926727294922,
        5.193716049194336,
        0.0
      ],
      [
        29.57489013671875,
        55.67056655883789,
        45.73786163330078
      ]
    ],
    "risk_strategy_bitmap": 128,
    "tp_multiplier": 0.05980423465371132,
    "sl_multiplier": 0.029476821422576904,
    "leverage": 23
  }
}