{
  "rank": 40,
  "bot_id": 6346,
  "fitness_score": 56.63618469238281,
  "total_pnl": 566.36181640625,
  "win_rate": 100.0,
  "total_trades": 16,
  "sharpe_ratio": 0.0,
  "max_drawdown": 0.0,
  "survival_generations": 2,
  "config": {
    "num_indicators": 5,
    "indicator_indices": [
      22,
      43,
      38,
      7,
      13
    ],
    "indicator_params": [
      [
        3.694985866546631,
        6.768253326416016,
        0.40283864736557007
      ],
      [
        4.172941207885742,
        56.91719055175781,
        0.0
      ],
      [
        4.4066548347473145,
        16.01969337463379,
        0.0
      ],
      [
        2.173778772354126,
        75.9084701538086,
        0.0
      ],
      [
        26.095745086669922,
        58.02130889892578,
        58.35978698730469
      ]
    ],
    "risk_strategy_bitmap": 2048,
    "tp_multiplier": 0.13257983326911926,
    "sl_multiplier": 0.0745907723903656,
    "leverage": 5
  }
}