{
  "rank": 42,
  "bot_id": 42,
  "fitness_score": 0.0,
  "total_pnl": 0.0,
  "win_rate": 0.0,
  "total_trades": 0,
  "sharpe_ratio": 0.0,
  "max_drawdown": 0.0,
  "survival_generations": 1,
  "config": {
    "num_indicators": 2,
    "indicator_indices": [
      25,
      3
    ],
    "indicator_params": [
      [
        3.5006563663482666,
        2.179497480392456,
        0.5540704727172852
      ],
      [
        3.328871726989746,
        126.2867202758789,
        0.0
      ]
    ],
    "risk_strategy_bitmap": 16936,
    "tp_multiplier": 0.23550307750701904,
    "sl_multiplier": 0.00734735419973731,
    "leverage": 4
  }
}