{
  "rank": 11,
  "bot_id": 18166,
  "fitness_score": 21.116689682006836,
  "total_pnl": 211.16690063476562,
  "win_rate": 60.317460317460316,
  "total_trades": 63,
  "sharpe_ratio": 2.1669249534606934,
  "max_drawdown": 0.0,
  "survival_generations": 1,
  "config": {
    "num_indicators": 3,
    "indicator_indices": [
      19,
      13,
      32
    ],
    "indicator_params": [
      [
        37.24674987792969,
        56.080848693847656,
        37.637325286865234
      ],
      [
        20.273090362548828,
        55.44930648803711,
        57.88864517211914
      ],
      [
        4.427030563354492,
        28.941179275512695,
        0.0
      ]
    ],
    "risk_strategy": 9,
    "risk_param": 2.8281824588775635,
    "tp_multiplier": 0.07240225374698639,
    "sl_multiplier": 0.09878655523061752,
    "leverage": 1
  }
}