{
  "rank": 81,
  "bot_id": 8513,
  "fitness_score": 575.1845092773438,
  "total_pnl": 5751.8447265625,
  "win_rate": 22.55341144038594,
  "total_trades": 5804,
  "sharpe_ratio": 0.0,
  "max_drawdown": 0.0,
  "survival_generations": 2,
  "config": {
    "num_indicators": 4,
    "indicator_indices": [
      42,
      21,
      19,
      1
    ],
    "indicator_params": [
      [
        8.437946319580078,
        78.5496826171875,
        0.0
      ],
      [
        3.825869560241699,
        12.01033878326416,
        0.6473478078842163
      ],
      [
        9.534720420837402,
        51.811851501464844,
        34.96114730834961
      ],
      [
        2.5029475688934326,
        29.62081527709961,
        0.0
      ]
    ],
    "risk_strategy_bitmap": 12801,
    "tp_multiplier": 0.07382405549287796,
    "sl_multiplier": 0.09689424186944962,
    "leverage": 21
  }
}