{
  "rank": 53,
  "bot_id": 9985,
  "fitness_score": 11.73294734954834,
  "total_pnl": 117.3294677734375,
  "win_rate": 23.636363636363637,
  "total_trades": 55,
  "sharpe_ratio": 2.0443115234375,
  "max_drawdown": 0.0,
  "survival_generations": 2,
  "config": {
    "num_indicators": 3,
    "indicator_indices": [
      12,
      14,
      20
    ],
    "indicator_params": [
      [
        3.957552671432495,
        42.02640151977539,
        0.0
      ],
      [
        1.5733888149261475,
        110.9195327758789,
        0.0
      ],
      [
        4.374870777130127,
        42.46033477783203,
        1.1827521324157715
      ]
    ],
    "risk_strategy": 6,
    "risk_param": 0.1569949984550476,
    "tp_multiplier": 0.04645353928208351,
    "sl_multiplier": 0.010554518550634384,
    "leverage": 1
  }
}