{
  "rank": 87,
  "bot_id": 6614,
  "fitness_score": 8.732081413269043,
  "total_pnl": 87.32080841064453,
  "win_rate": 32.78688524590164,
  "total_trades": 61,
  "sharpe_ratio": 1.499196171760559,
  "max_drawdown": 0.0,
  "survival_generations": 2,
  "config": {
    "num_indicators": 4,
    "indicator_indices": [
      1,
      26,
      41,
      46
    ],
    "indicator_params": [
      [
        3.231222629547119,
        27.05591583251953,
        0.14665693044662476
      ],
      [
        4.543263912200928,
        2.724036693572998,
        1.2077683210372925
      ],
      [
        3.927049398422241,
        24.05653953552246,
        0.0
      ],
      [
        37.24761962890625,
        54.89036178588867,
        30.097658157348633
      ]
    ],
    "risk_strategy": 2,
    "risk_param": 0.8181350231170654,
    "tp_multiplier": 0.02661389857530594,
    "sl_multiplier": 0.014641188085079193,
    "leverage": 1
  }
}