{
  "rank": 21,
  "bot_id": 1009,
  "fitness_score": 28428.58203125,
  "total_pnl": 284285.8125,
  "win_rate": 25.01162631650937,
  "total_trades": 73110,
  "sharpe_ratio": 0.0,
  "max_drawdown": 0.0,
  "survival_generations": 1,
  "config": {
    "num_indicators": 3,
    "indicator_indices": [
      33,
      48,
      22
    ],
    "indicator_params": [
      [
        0.19987791776657104,
        29.029829025268555,
        0.0
      ],
      [
        5.485700607299805,
        27.491783142089844,
        0.0
      ],
      [
        3.278803825378418,
        2.3454041481018066,
        0.903356671333313
      ]
    ],
    "risk_strategy_bitmap": 16384,
    "tp_multiplier": 0.21049080789089203,
    "sl_multiplier": 0.09324438124895096,
    "leverage": 25
  }
}