{
  "rank": 11,
  "bot_id": 518,
  "fitness_score": 19.206220626831055,
  "total_pnl": 192.0622100830078,
  "win_rate": 70.0,
  "total_trades": 10,
  "sharpe_ratio": 0.9626212120056152,
  "max_drawdown": 0.0,
  "survival_generations": 2,
  "config": {
    "num_indicators": 2,
    "indicator_indices": [
      22,
      39
    ],
    "indicator_params": [
      [
        3.3040542602539062,
        31.23126983642578,
        1.1220048666000366
      ],
      [
        6.086645126342773,
        54.00933074951172,
        75.90057373046875
      ]
    ],
    "risk_strategy": 1,
    "risk_param": 8061.5712890625,
    "tp_multiplier": 0.10555649548768997,
    "sl_multiplier": 0.09689618647098541,
    "leverage": 1
  }
}