{
  "rank": 69,
  "bot_id": 12984,
  "fitness_score": 582.188720703125,
  "total_pnl": 5821.88720703125,
  "win_rate": 40.28708133971292,
  "total_trades": 1045,
  "sharpe_ratio": 0.0,
  "max_drawdown": 0.0,
  "survival_generations": 1,
  "config": {
    "num_indicators": 4,
    "indicator_indices": [
      3,
      19,
      35,
      29
    ],
    "indicator_params": [
      [
        1.0516411066055298,
        41.63734817504883,
        0.0
      ],
      [
        6.136382579803467,
        57.050926208496094,
        77.3753890991211
      ],
      [
        0.09355992078781128,
        4.5540900230407715,
        0.0
      ],
      [
        3.700547456741333,
        38.38872528076172,
        0.45226988196372986
      ]
    ],
    "risk_strategy_bitmap": 64,
    "tp_multiplier": 0.05145736411213875,
    "sl_multiplier": 0.05035645514726639,
    "leverage": 15
  }
}