{
  "rank": 55,
  "bot_id": 5722,
  "fitness_score": 11.644353866577148,
  "total_pnl": 116.44353485107422,
  "win_rate": 40.0,
  "total_trades": 15,
  "sharpe_ratio": 1.8137539625167847,
  "max_drawdown": 0.0,
  "survival_generations": 2,
  "config": {
    "num_indicators": 4,
    "indicator_indices": [
      14,
      16,
      22,
      31
    ],
    "indicator_params": [
      [
        37.976932525634766,
        52.32568359375,
        25.481281280517578
      ],
      [
        1.3304188251495361,
        143.9811553955078,
        0.0
      ],
      [
        1.6961183547973633,
        185.2313995361328,
        0.0
      ],
      [
        20.49934196472168,
        55.32721710205078,
        37.70387649536133
      ]
    ],
    "risk_strategy": 2,
    "risk_param": 0.571545422077179,
    "tp_multiplier": 0.11183862388134003,
    "sl_multiplier": 0.0480463020503521,
    "leverage": 1
  }
}