{
  "rank": 8,
  "bot_id": 14070,
  "fitness_score": 830.41259765625,
  "total_pnl": 8304.1259765625,
  "win_rate": 39.285714285714285,
  "total_trades": 644,
  "sharpe_ratio": 0.0,
  "max_drawdown": 0.0,
  "survival_generations": 1,
  "config": {
    "num_indicators": 4,
    "indicator_indices": [
      43,
      15,
      42,
      5
    ],
    "indicator_params": [
      [
        3.1064975261688232,
        43.32373809814453,
        0.0
      ],
      [
        13.804566383361816,
        52.20159149169922,
        70.28202819824219
      ],
      [
        3.2481794357299805,
        20.376174926757812,
        0.0
      ],
      [
        0.7275289297103882,
        199.8917694091797,
        0.0
      ]
    ],
    "risk_strategy_bitmap": 1,
    "tp_multiplier": 0.23355278372764587,
    "sl_multiplier": 0.08620111644268036,
    "leverage": 4
  }
}