{
  "rank": 81,
  "bot_id": 17679,
  "fitness_score": 7.0832839012146,
  "total_pnl": 70.83283996582031,
  "win_rate": 17.349607672188316,
  "total_trades": 1147,
  "sharpe_ratio": 0.0,
  "max_drawdown": 0.0,
  "survival_generations": 4,
  "config": {
    "num_indicators": 4,
    "indicator_indices": [
      5,
      48,
      40,
      35
    ],
    "indicator_params": [
      [
        1.3271647691726685,
        5.959868431091309,
        0.0
      ],
      [
        1.9327330589294434,
        76.7689208984375,
        0.0
      ],
      [
        3.538714647293091,
        33.55595016479492,
        0.0
      ],
      [
        1.4351370334625244,
        15.312370300292969,
        0.0
      ]
    ],
    "risk_strategy_bitmap": 2048,
    "tp_multiplier": 0.11976759880781174,
    "sl_multiplier": 0.05000821128487587,
    "leverage": 20
  }
}