{
  "rank": 82,
  "bot_id": 2585,
  "fitness_score": 10.149459838867188,
  "total_pnl": 101.49459838867188,
  "win_rate": 25.654450261780106,
  "total_trades": 191,
  "sharpe_ratio": 2.963747501373291,
  "max_drawdown": 0.0,
  "survival_generations": 2,
  "config": {
    "num_indicators": 5,
    "indicator_indices": [
      6,
      23,
      25,
      32,
      48
    ],
    "indicator_params": [
      [
        0.30291199684143066,
        1.49211585521698,
        0.0
      ],
      [
        0.6565248966217041,
        121.24169158935547,
        0.0
      ],
      [
        4.666559219360352,
        20.01706886291504,
        0.0
      ],
      [
        3.274608612060547,
        2.794426679611206,
        0.3307969272136688
      ],
      [
        0.0,
        0.0,
        0.0
      ]
    ],
    "risk_strategy": 2,
    "risk_param": 0.7318775653839111,
    "tp_multiplier": 0.11240347474813461,
    "sl_multiplier": 0.03643515706062317,
    "leverage": 1
  }
}