{
  "rank": 82,
  "bot_id": 84,
  "fitness_score": 0.0,
  "total_pnl": 0.0,
  "win_rate": 0.0,
  "total_trades": 0,
  "sharpe_ratio": 0.0,
  "max_drawdown": 0.0,
  "survival_generations": 1,
  "config": {
    "num_indicators": 1,
    "indicator_indices": [
      12
    ],
    "indicator_params": [
      [
        7.510926723480225,
        55.09553909301758,
        78.57447052001953
      ]
    ],
    "risk_strategy_bitmap": 16529,
    "tp_multiplier": 0.17975981533527374,
    "sl_multiplier": 0.07186609506607056,
    "leverage": 3
  }
}