{
  "rank": 82,
  "bot_id": 15739,
  "fitness_score": 9.013900756835938,
  "total_pnl": 90.13900756835938,
  "win_rate": 38.88888888888889,
  "total_trades": 18,
  "sharpe_ratio": 1.8169758319854736,
  "max_drawdown": 0.0,
  "survival_generations": 1,
  "config": {
    "num_indicators": 3,
    "indicator_indices": [
      47,
      39,
      19
    ],
    "indicator_params": [
      [
        4.132262229919434,
        25.464736938476562,
        0.0
      ],
      [
        1.2890098094940186,
        16.5257511138916,
        0.0
      ],
      [
        12.990674018859863,
        59.78010940551758,
        69.92467498779297
      ]
    ],
    "risk_strategy": 1,
    "risk_param": 5282.25537109375,
    "tp_multiplier": 0.08647644519805908,
    "sl_multiplier": 0.046159565448760986,
    "leverage": 1
  }
}