{
  "rank": 29,
  "bot_id": 29,
  "fitness_score": 0.0,
  "total_pnl": 0.0,
  "win_rate": 0.0,
  "total_trades": 0,
  "sharpe_ratio": 0.0,
  "max_drawdown": 0.0,
  "survival_generations": 1,
  "config": {
    "num_indicators": 1,
    "indicator_indices": [
      26
    ],
    "indicator_params": [
      [
        3.1228251457214355,
        44.878692626953125,
        1.2598519325256348
      ]
    ],
    "risk_strategy_bitmap": 8196,
    "tp_multiplier": 0.2238093614578247,
    "sl_multiplier": 0.062392085790634155,
    "leverage": 5
  }
}