{
  "rank": 79,
  "bot_id": 8416,
  "fitness_score": 575.2344360351562,
  "total_pnl": 5752.3447265625,
  "win_rate": 42.69040722439939,
  "total_trades": 35214,
  "sharpe_ratio": 0.0,
  "max_drawdown": 0.0,
  "survival_generations": 2,
  "config": {
    "num_indicators": 1,
    "indicator_indices": [
      15
    ],
    "indicator_params": [
      [
        29.586496353149414,
        58.11143112182617,
        56.728275299072266
      ]
    ],
    "risk_strategy_bitmap": 2,
    "tp_multiplier": 0.21515022218227386,
    "sl_multiplier": 0.05244428291916847,
    "leverage": 12
  }
}