{
  "rank": 44,
  "bot_id": 2980,
  "fitness_score": 13.781841278076172,
  "total_pnl": 137.8184051513672,
  "win_rate": 28.654970760233915,
  "total_trades": 171,
  "sharpe_ratio": 1.1490904092788696,
  "max_drawdown": 0.0,
  "survival_generations": 2,
  "config": {
    "num_indicators": 2,
    "indicator_indices": [
      21,
      44
    ],
    "indicator_params": [
      [
        0.8187156915664673,
        150.79483032226562,
        0.0
      ],
      [
        0.0,
        0.0,
        0.0
      ]
    ],
    "risk_strategy": 2,
    "risk_param": 0.7027996778488159,
    "tp_multiplier": 0.057056911289691925,
    "sl_multiplier": 0.09716787934303284,
    "leverage": 1
  }
}