{
  "rank": 53,
  "bot_id": 560,
  "fitness_score": 0.0,
  "total_pnl": 7227.48193359375,
  "win_rate": 11.942028985507246,
  "total_trades": 1725,
  "sharpe_ratio": 0.9768833518028259,
  "max_drawdown": 0.015669824555516243,
  "survival_generations": 1,
  "config": {
    "num_indicators": 3,
    "indicator_indices": [
      7,
      28,
      30
    ],
    "indicator_params": [
      [
        4.672350883483887,
        13.316258430480957,
        0.0917167067527771
      ],
      [
        4.133199214935303,
        22.87628936767578,
        0.7563284635543823
      ],
      [
        1.7760965824127197,
        113.91451263427734,
        0.0
      ]
    ],
    "indicator_risk_strategies": [
      8,
      12,
      2
    ],
    "risk_param": 0.018698468804359436,
    "tp_multiplier": 0.0,
    "sl_multiplier": 0.0,
    "leverage": 125
  }
}