{
  "rank": 87,
  "bot_id": 9031,
  "fitness_score": 16932.689453125,
  "total_pnl": 169326.890625,
  "win_rate": 35.7987722712981,
  "total_trades": 6679,
  "sharpe_ratio": 0.0,
  "max_drawdown": 0.0,
  "survival_generations": 2,
  "config": {
    "num_indicators": 2,
    "indicator_indices": [
      13,
      14
    ],
    "indicator_params": [
      [
        6.574848175048828,
        57.12601852416992,
        56.18507385253906
      ],
      [
        33.508182525634766,
        51.871456146240234,
        74.47628021240234
      ]
    ],
    "risk_strategy_bitmap": 1824,
    "tp_multiplier": 0.17137093842029572,
    "sl_multiplier": 0.015626976266503334,
    "leverage": 21
  }
}