{
  "rank": 92,
  "bot_id": 14232,
  "fitness_score": 559.1412963867188,
  "total_pnl": 5591.4130859375,
  "win_rate": 39.493433395872415,
  "total_trades": 1066,
  "sharpe_ratio": 0.0,
  "max_drawdown": 0.0,
  "survival_generations": 1,
  "config": {
    "num_indicators": 3,
    "indicator_indices": [
      10,
      15,
      19
    ],
    "indicator_params": [
      [
        8.964286804199219,
        35.35891342163086,
        0.0
      ],
      [
        0.0,
        0.0,
        0.0
      ],
      [
        0.0,
        0.0,
        0.0
      ]
    ],
    "risk_strategy_bitmap": 646,
    "tp_multiplier": 0.04834594577550888,
    "sl_multiplier": 0.07802954316139221,
    "leverage": 18
  }
}