{
  "rank": 6,
  "bot_id": 10738,
  "fitness_score": 837.2685546875,
  "total_pnl": 8372.685546875,
  "win_rate": 48.57954545454545,
  "total_trades": 352,
  "sharpe_ratio": 0.0,
  "max_drawdown": 0.0,
  "survival_generations": 1,
  "config": {
    "num_indicators": 4,
    "indicator_indices": [
      29,
      13,
      21,
      19
    ],
    "indicator_params": [
      [
        3.5285069942474365,
        24.508052825927734,
        0.8213918805122375
      ],
      [
        21.788156509399414,
        51.60614013671875,
        68.28789520263672
      ],
      [
        3.2684640884399414,
        7.952791213989258,
        1.0963990688323975
      ],
      [
        11.522928237915039,
        59.83605194091797,
        26.853483200073242
      ]
    ],
    "risk_strategy_bitmap": 28674,
    "tp_multiplier": 0.15263624489307404,
    "sl_multiplier": 0.052014078944921494,
    "leverage": 6
  }
}