{
  "rank": 84,
  "bot_id": 2858,
  "fitness_score": 8.975366592407227,
  "total_pnl": 89.753662109375,
  "win_rate": 52.94117647058824,
  "total_trades": 17,
  "sharpe_ratio": 1.1727211475372314,
  "max_drawdown": 0.0,
  "survival_generations": 2,
  "config": {
    "num_indicators": 2,
    "indicator_indices": [
      12,
      44
    ],
    "indicator_params": [
      [
        3.0146074295043945,
        27.766590118408203,
        0.1276874542236328
      ],
      [
        35.96986770629883,
        50.39148712158203,
        45.6816291809082
      ]
    ],
    "risk_strategy": 3,
    "risk_param": 0.8043299913406372,
    "tp_multiplier": 0.06128881126642227,
    "sl_multiplier": 0.08481615781784058,
    "leverage": 1
  }
}