{
  "rank": 64,
  "bot_id": 681,
  "fitness_score": 0.0,
  "total_pnl": 5083.14111328125,
  "win_rate": 21.946564885496183,
  "total_trades": 524,
  "sharpe_ratio": 0.4695904552936554,
  "max_drawdown": 0.17589767277240753,
  "survival_generations": 1,
  "config": {
    "num_indicators": 3,
    "indicator_indices": [
      3,
      5,
      20
    ],
    "indicator_params": [
      [
        1.9163379669189453,
        32.315982818603516,
        0.0
      ],
      [
        0.0,
        0.0,
        0.0
      ],
      [
        0.0,
        0.0,
        0.0
      ]
    ],
    "indicator_risk_strategies": [
      4,
      0,
      0
    ],
    "risk_param": 0.07122866064310074,
    "tp_multiplier": 0.0,
    "sl_multiplier": 0.0,
    "leverage": 125
  }
}