{
  "rank": 79,
  "bot_id": 1105,
  "fitness_score": 10.235136985778809,
  "total_pnl": 102.35136413574219,
  "win_rate": 38.63636363636363,
  "total_trades": 88,
  "sharpe_ratio": 1.3303669691085815,
  "max_drawdown": 0.0,
  "survival_generations": 2,
  "config": {
    "num_indicators": 4,
    "indicator_indices": [
      7,
      33,
      35,
      41
    ],
    "indicator_params": [
      [
        6.898447036743164,
        79.84032440185547,
        0.0
      ],
      [
        0.0,
        0.0,
        0.0
      ],
      [
        0.0,
        0.0,
        0.0
      ],
      [
        0.0,
        0.0,
        0.0
      ]
    ],
    "risk_strategy": 14,
    "risk_param": 0.18984845280647278,
    "tp_multiplier": 0.0411994531750679,
    "sl_multiplier": 0.04972898215055466,
    "leverage": 1
  }
}