{
  "rank": 22,
  "bot_id": 16233,
  "fitness_score": 690.3882446289062,
  "total_pnl": 6903.88232421875,
  "win_rate": 33.69022127052106,
  "total_trades": 1401,
  "sharpe_ratio": 0.0,
  "max_drawdown": 0.0,
  "survival_generations": 1,
  "config": {
    "num_indicators": 5,
    "indicator_indices": [
      0,
      49,
      43,
      42,
      48
    ],
    "indicator_params": [
      [
        0.37458717823028564,
        20.303058624267578,
        0.0
      ],
      [
        9.569161415100098,
        28.335189819335938,
        0.0
      ],
      [
        5.1547675132751465,
        93.65673065185547,
        0.0
      ],
      [
        8.901429176330566,
        94.91375732421875,
        0.0
      ],
      [
        5.6411309242248535,
        54.25514602661133,
        0.0
      ]
    ],
    "risk_strategy_bitmap": 24577,
    "tp_multiplier": 0.1015426367521286,
    "sl_multiplier": 0.0677541047334671,
    "leverage": 7
  }
}