{
  "rank": 51,
  "bot_id": 18604,
  "fitness_score": 38.6191291809082,
  "total_pnl": 386.1912841796875,
  "win_rate": 100.0,
  "total_trades": 24,
  "sharpe_ratio": 0.0,
  "max_drawdown": 0.0,
  "survival_generations": 1,
  "config": {
    "num_indicators": 3,
    "indicator_indices": [
      12,
      23,
      33
    ],
    "indicator_params": [
      [
        1.2699744701385498,
        5.767205238342285,
        0.0
      ],
      [
        4.715295791625977,
        40.18318176269531,
        0.7539550065994263
      ],
      [
        0.0,
        0.0,
        0.0
      ]
    ],
    "risk_strategy_bitmap": 12352,
    "tp_multiplier": 0.09439479559659958,
    "sl_multiplier": 0.08655340224504471,
    "leverage": 18
  }
}