{
  "rank": 44,
  "bot_id": 44,
  "fitness_score": 0.0,
  "total_pnl": 0.0,
  "win_rate": 0.0,
  "total_trades": 0,
  "sharpe_ratio": 0.0,
  "max_drawdown": 0.0,
  "survival_generations": 1,
  "config": {
    "num_indicators": 2,
    "indicator_indices": [
      7,
      38
    ],
    "indicator_params": [
      [
        3.212031126022339,
        139.4268341064453,
        0.0
      ],
      [
        1.4809942245483398,
        0.828126072883606,
        0.0
      ]
    ],
    "risk_strategy_bitmap": 36,
    "tp_multiplier": 0.04673970863223076,
    "sl_multiplier": 0.05589320883154869,
    "leverage": 13
  }
}