{
  "rank": 79,
  "bot_id": 15246,
  "fitness_score": 9.084601402282715,
  "total_pnl": 90.84600830078125,
  "win_rate": 75.0,
  "total_trades": 4,
  "sharpe_ratio": 1.1864365339279175,
  "max_drawdown": 0.0,
  "survival_generations": 1,
  "config": {
    "num_indicators": 3,
    "indicator_indices": [
      29,
      15,
      48
    ],
    "indicator_params": [
      [
        3.373330593109131,
        8.220425605773926,
        1.452941656112671
      ],
      [
        33.86260223388672,
        51.3001594543457,
        78.45535278320312
      ],
      [
        1.7466658353805542,
        31.827259063720703,
        0.0
      ]
    ],
    "risk_strategy": 2,
    "risk_param": 0.8815785646438599,
    "tp_multiplier": 0.17687974870204926,
    "sl_multiplier": 0.0783907026052475,
    "leverage": 1
  }
}