{
  "rank": 69,
  "bot_id": 5745,
  "fitness_score": 9.516656875610352,
  "total_pnl": 95.16656494140625,
  "win_rate": 55.55555555555556,
  "total_trades": 9,
  "sharpe_ratio": 1.2805460691452026,
  "max_drawdown": 0.0,
  "survival_generations": 2,
  "config": {
    "num_indicators": 4,
    "indicator_indices": [
      1,
      28,
      46,
      47
    ],
    "indicator_params": [
      [
        1.4573127031326294,
        20.38498306274414,
        0.0
      ],
      [
        3.3886237144470215,
        31.097299575805664,
        0.12807565927505493
      ],
      [
        4.532465934753418,
        66.36808013916016,
        0.0
      ],
      [
        3.8829855918884277,
        54.599510192871094,
        0.0
      ]
    ],
    "risk_strategy": 1,
    "risk_param": 5382.2587890625,
    "tp_multiplier": 0.10297497361898422,
    "sl_multiplier": 0.0547674186527729,
    "leverage": 1
  }
}