{
  "rank": 32,
  "bot_id": 10,
  "fitness_score": 13.923500061035156,
  "total_pnl": 139.23500061035156,
  "win_rate": 23.52941176470588,
  "total_trades": 34,
  "sharpe_ratio": 2.887209415435791,
  "max_drawdown": 0.0,
  "survival_generations": 2,
  "config": {
    "num_indicators": 2,
    "indicator_indices": [
      15,
      30
    ],
    "indicator_params": [
      [
        6.0770134925842285,
        11.441743850708008,
        0.0
      ],
      [
        4.059047698974609,
        8.944863319396973,
        0.3456050455570221
      ]
    ],
    "risk_strategy": 1,
    "risk_param": 2077.947265625,
    "tp_multiplier": 0.10424678772687912,
    "sl_multiplier": 0.031549472361803055,
    "leverage": 1
  }
}