{
  "rank": 57,
  "bot_id": 14672,
  "fitness_score": 10.903947830200195,
  "total_pnl": 109.03947448730469,
  "win_rate": 88.13559322033898,
  "total_trades": 59,
  "sharpe_ratio": 1.2242047786712646,
  "max_drawdown": 0.0,
  "survival_generations": 1,
  "config": {
    "num_indicators": 3,
    "indicator_indices": [
      1,
      22,
      27
    ],
    "indicator_params": [
      [
        7.119976043701172,
        79.62772369384766,
        0.0
      ],
      [
        0.17503231763839722,
        113.60299682617188,
        0.0
      ],
      [
        0.0,
        0.0,
        0.0
      ]
    ],
    "risk_strategy": 1,
    "risk_param": 1735.075927734375,
    "tp_multiplier": 0.010273347608745098,
    "sl_multiplier": 0.07443022727966309,
    "leverage": 1
  }
}