{
  "rank": 66,
  "bot_id": 688,
  "fitness_score": 0.0,
  "total_pnl": 1537.9405517578125,
  "win_rate": 85.71428571428571,
  "total_trades": 14,
  "sharpe_ratio": 0.35810139775276184,
  "max_drawdown": 0.0002619702136144042,
  "survival_generations": 1,
  "config": {
    "num_indicators": 4,
    "indicator_indices": [
      1,
      7,
      35,
      38
    ],
    "indicator_params": [
      [
        3.3293895721435547,
        0.0943303108215332,
        0.12083038687705994
      ],
      [
        3.2398781776428223,
        45.441864013671875,
        0.08775937557220459
      ],
      [
        14.034899711608887,
        54.661888122558594,
        22.782608032226562
      ],
      [
        0.0,
        0.0,
        0.0
      ]
    ],
    "indicator_risk_strategies": [
      4,
      0,
      8,
      0
    ],
    "risk_param": 0.1583680361509323,
    "tp_multiplier": 0.0,
    "sl_multiplier": 0.0,
    "leverage": 125
  }
}