{
  "rank": 30,
  "bot_id": 343,
  "fitness_score": 0.0,
  "total_pnl": 1647.6959228515625,
  "win_rate": 7.638888888888889,
  "total_trades": 144,
  "sharpe_ratio": 0.4506646692752838,
  "max_drawdown": 0.005434682592749596,
  "survival_generations": 1,
  "config": {
    "num_indicators": 5,
    "indicator_indices": [
      4,
      8,
      11,
      16,
      21
    ],
    "indicator_params": [
      [
        3.8416433334350586,
        43.50335693359375,
        0.0
      ],
      [
        0.3004729747772217,
        7.537749290466309,
        0.0
      ],
      [
        1.6708791255950928,
        36.57863235473633,
        0.0
      ],
      [
        9.068154335021973,
        53.529685974121094,
        0.0
      ],
      [
        0.0,
        0.0,
        0.0
      ]
    ],
    "indicator_risk_strategies": [
      12,
      14,
      6,
      0,
      0
    ],
    "risk_param": 0.0715159922838211,
    "tp_multiplier": 0.0,
    "sl_multiplier": 0.0,
    "leverage": 125
  }
}