{
  "rank": 11,
  "bot_id": 3273,
  "fitness_score": 310.7535705566406,
  "total_pnl": 3107.53564453125,
  "win_rate": 88.0503144654088,
  "total_trades": 159,
  "sharpe_ratio": 0.0,
  "max_drawdown": 0.0,
  "survival_generations": 2,
  "config": {
    "num_indicators": 2,
    "indicator_indices": [
      12,
      37
    ],
    "indicator_params": [
      [
        35.1013298034668,
        59.00963592529297,
        62.11456298828125
      ],
      [
        3.2312986850738525,
        39.03539276123047,
        0.0
      ]
    ],
    "risk_strategy_bitmap": 9728,
    "tp_multiplier": 0.22224244475364685,
    "sl_multiplier": 0.03096187859773636,
    "leverage": 22
  }
}