{
  "rank": 43,
  "bot_id": 13356,
  "fitness_score": 638.1326904296875,
  "total_pnl": 6381.3271484375,
  "win_rate": 25.229960578186596,
  "total_trades": 761,
  "sharpe_ratio": 0.0,
  "max_drawdown": 0.0,
  "survival_generations": 1,
  "config": {
    "num_indicators": 4,
    "indicator_indices": [
      19,
      15,
      16,
      6
    ],
    "indicator_params": [
      [
        10.62658977508545,
        58.00165939331055,
        26.488805770874023
      ],
      [
        28.077138900756836,
        52.47990036010742,
        48.96891403198242
      ],
      [
        18.28880500793457,
        58.06879425048828,
        37.458351135253906
      ],
      [
        3.1463940143585205,
        169.78884887695312,
        0.0
      ]
    ],
    "risk_strategy_bitmap": 16384,
    "tp_multiplier": 0.22902968525886536,
    "sl_multiplier": 0.02418867126107216,
    "leverage": 23
  }
}