{
  "rank": 63,
  "bot_id": 670,
  "fitness_score": 0.0,
  "total_pnl": 6724.154296875,
  "win_rate": 28.158844765342963,
  "total_trades": 277,
  "sharpe_ratio": 0.3448280990123749,
  "max_drawdown": 0.22878025472164154,
  "survival_generations": 1,
  "config": {
    "num_indicators": 5,
    "indicator_indices": [
      3,
      29,
      30,
      43,
      46
    ],
    "indicator_params": [
      [
        2.5937821865081787,
        31.582767486572266,
        0.0
      ],
      [
        4.3513288497924805,
        29.935760498046875,
        0.7058557271957397
      ],
      [
        3.673893928527832,
        16.94115447998047,
        0.0
      ],
      [
        0.0,
        0.0,
        0.0
      ],
      [
        0.0,
        0.0,
        0.0
      ]
    ],
    "indicator_risk_strategies": [
      13,
      5,
      3,
      0,
      0
    ],
    "risk_param": 0.020355181768536568,
    "tp_multiplier": 0.0,
    "sl_multiplier": 0.0,
    "leverage": 125
  }
}