{
  "rank": 96,
  "bot_id": 11064,
  "fitness_score": 6.790258884429932,
  "total_pnl": 67.902587890625,
  "win_rate": 16.10968294772922,
  "total_trades": 1167,
  "sharpe_ratio": 0.0,
  "max_drawdown": 0.0,
  "survival_generations": 4,
  "config": {
    "num_indicators": 4,
    "indicator_indices": [
      5,
      35,
      19,
      17
    ],
    "indicator_params": [
      [
        2.3475444316864014,
        54.94268035888672,
        0.0
      ],
      [
        2.27410888671875,
        8.930519104003906,
        0.0
      ],
      [
        20.237451553344727,
        50.36554718017578,
        67.95161437988281
      ],
      [
        20.64400863647461,
        53.48943328857422,
        57.03594970703125
      ]
    ],
    "risk_strategy_bitmap": 1043,
    "tp_multiplier": 0.17935730516910553,
    "sl_multiplier": 0.05452655628323555,
    "leverage": 110
  }
}