{
  "rank": 74,
  "bot_id": 11816,
  "fitness_score": 9.16417121887207,
  "total_pnl": 91.64170837402344,
  "win_rate": 39.39393939393939,
  "total_trades": 33,
  "sharpe_ratio": 1.716026782989502,
  "max_drawdown": 0.0,
  "survival_generations": 1,
  "config": {
    "num_indicators": 5,
    "indicator_indices": [
      24,
      15,
      46,
      26,
      22
    ],
    "indicator_params": [
      [
        3.211948871612549,
        9.209087371826172,
        1.1298500299453735
      ],
      [
        7.732128143310547,
        52.44925308227539,
        34.6876220703125
      ],
      [
        8.158879280090332,
        90.87976837158203,
        0.0
      ],
      [
        4.103584289550781,
        19.864681243896484,
        1.02512526512146
      ],
      [
        3.3474435806274414,
        18.868976593017578,
        0.309336394071579
      ]
    ],
    "risk_strategy": 9,
    "risk_param": 2.3021621704101562,
    "tp_multiplier": 0.04444097727537155,
    "sl_multiplier": 0.017466949298977852,
    "leverage": 1
  }
}