{
  "rank": 78,
  "bot_id": 16061,
  "fitness_score": 17.473373413085938,
  "total_pnl": 174.73373413085938,
  "win_rate": 49.00105152471083,
  "total_trades": 951,
  "sharpe_ratio": 0.0,
  "max_drawdown": 0.0,
  "survival_generations": 1,
  "config": {
    "num_indicators": 3,
    "indicator_indices": [
      29,
      14,
      33
    ],
    "indicator_params": [
      [
        3.498436450958252,
        33.612239837646484,
        0.331083208322525
      ],
      [
        15.009383201599121,
        51.4356689453125,
        52.68498611450195
      ],
      [
        2.6673026084899902,
        0.8309721946716309,
        0.0
      ]
    ],
    "risk_strategy_bitmap": 4609,
    "tp_multiplier": 0.020295122638344765,
    "sl_multiplier": 0.09532085061073303,
    "leverage": 23
  }
}