{
  "rank": 87,
  "bot_id": 15128,
  "fitness_score": 13.442333221435547,
  "total_pnl": 134.42332458496094,
  "win_rate": 34.26356589147287,
  "total_trades": 645,
  "sharpe_ratio": 0.0,
  "max_drawdown": 0.0,
  "survival_generations": 1,
  "config": {
    "num_indicators": 3,
    "indicator_indices": [
      13,
      22,
      34
    ],
    "indicator_params": [
      [
        8.232782363891602,
        57.46519088745117,
        41.494590759277344
      ],
      [
        3.54180908203125,
        16.541675567626953,
        0.08777859807014465
      ],
      [
        1.3751318454742432,
        47.85887908935547,
        0.0
      ]
    ],
    "risk_strategy_bitmap": 2112,
    "tp_multiplier": 0.09282085299491882,
    "sl_multiplier": 0.04813399165868759,
    "leverage": 19
  }
}