{
  "rank": 17,
  "bot_id": 12737,
  "fitness_score": 713.6890258789062,
  "total_pnl": 7136.890625,
  "win_rate": 45.30612244897959,
  "total_trades": 7350,
  "sharpe_ratio": 0.0,
  "max_drawdown": 0.0,
  "survival_generations": 1,
  "config": {
    "num_indicators": 3,
    "indicator_indices": [
      12,
      20,
      49
    ],
    "indicator_params": [
      [
        2.5568604469299316,
        18.23636245727539,
        0.0
      ],
      [
        0.0,
        0.0,
        0.0
      ],
      [
        0.0,
        0.0,
        0.0
      ]
    ],
    "risk_strategy_bitmap": 8993,
    "tp_multiplier": 0.20348581671714783,
    "sl_multiplier": 0.03928443416953087,
    "leverage": 8
  }
}