{
  "rank": 62,
  "bot_id": 13457,
  "fitness_score": 605.4932861328125,
  "total_pnl": 6054.93310546875,
  "win_rate": 21.471774193548388,
  "total_trades": 4960,
  "sharpe_ratio": 0.0,
  "max_drawdown": 0.0,
  "survival_generations": 1,
  "config": {
    "num_indicators": 4,
    "indicator_indices": [
      17,
      16,
      42,
      43
    ],
    "indicator_params": [
      [
        29.62712287902832,
        59.87359619140625,
        48.084144592285156
      ],
      [
        9.767724990844727,
        58.83965301513672,
        76.39787292480469
      ],
      [
        9.620318412780762,
        90.64997863769531,
        0.0
      ],
      [
        8.066093444824219,
        55.78651428222656,
        0.0
      ]
    ],
    "risk_strategy_bitmap": 2560,
    "tp_multiplier": 0.03464347869157791,
    "sl_multiplier": 0.015856003388762474,
    "leverage": 12
  }
}