{
  "rank": 25,
  "bot_id": 1687,
  "fitness_score": 14.803732872009277,
  "total_pnl": 148.03732299804688,
  "win_rate": 72.0,
  "total_trades": 25,
  "sharpe_ratio": 2.0318515300750732,
  "max_drawdown": 0.0,
  "survival_generations": 2,
  "config": {
    "num_indicators": 2,
    "indicator_indices": [
      13,
      32
    ],
    "indicator_params": [
      [
        2.492370128631592,
        47.89680099487305,
        0.0
      ],
      [
        3.53222393989563,
        31.599422454833984,
        0.0
      ]
    ],
    "risk_strategy": 5,
    "risk_param": 4.946642875671387,
    "tp_multiplier": 0.03365219011902809,
    "sl_multiplier": 0.056665267795324326,
    "leverage": 1
  }
}