{
  "rank": 42,
  "bot_id": 523,
  "fitness_score": 0.0,
  "total_pnl": 1225.129638671875,
  "win_rate": 40.0,
  "total_trades": 25,
  "sharpe_ratio": 0.5799850225448608,
  "max_drawdown": 0.0368727445602417,
  "survival_generations": 1,
  "config": {
    "num_indicators": 5,
    "indicator_indices": [
      7,
      19,
      33,
      44,
      48
    ],
    "indicator_params": [
      [
        35.06141662597656,
        54.13540267944336,
        79.52885437011719
      ],
      [
        5.587531566619873,
        55.43366622924805,
        74.20589447021484
      ],
      [
        0.42745441198349,
        182.92376708984375,
        0.0
      ],
      [
        3.292862892150879,
        49.7819938659668,
        0.8884788751602173
      ],
      [
        4.199591636657715,
        2.5567591190338135,
        0.6586556434631348
      ]
    ],
    "indicator_risk_strategies": [
      13,
      10,
      0,
      6,
      3
    ],
    "risk_param": 0.022092819213867188,
    "tp_multiplier": 0.0,
    "sl_multiplier": 0.0,
    "leverage": 125
  }
}