{
  "rank": 49,
  "bot_id": 571,
  "fitness_score": 13.43417739868164,
  "total_pnl": 134.34178161621094,
  "win_rate": 23.318385650224215,
  "total_trades": 223,
  "sharpe_ratio": 1.6248441934585571,
  "max_drawdown": 0.0,
  "survival_generations": 2,
  "config": {
    "num_indicators": 2,
    "indicator_indices": [
      12,
      32
    ],
    "indicator_params": [
      [
        3.764998435974121,
        4.593026638031006,
        0.26756536960601807
      ],
      [
        8.40294361114502,
        40.067081451416016,
        0.0
      ]
    ],
    "risk_strategy": 5,
    "risk_param": 3.815802812576294,
    "tp_multiplier": 0.20297804474830627,
    "sl_multiplier": 0.007740293629467487,
    "leverage": 1
  }
}