{
  "rank": 28,
  "bot_id": 42117,
  "fitness_score": 9.79065227508545,
  "total_pnl": 97.90652465820312,
  "win_rate": 46.25,
  "total_trades": 80,
  "sharpe_ratio": 0.0,
  "max_drawdown": 0.0,
  "survival_generations": 1,
  "config": {
    "num_indicators": 4,
    "indicator_indices": [
      30,
      14,
      49,
      20
    ],
    "indicator_params": [
      [
        0.28427958488464355,
        28.79616928100586,
        0.0
      ],
      [
        14.59305191040039,
        56.1905517578125,
        50.238956451416016
      ],
      [
        7.585433006286621,
        9.07108211517334,
        0.0
      ],
      [
        3.516453266143799,
        4.336211204528809,
        0.5875266194343567
      ]
    ],
    "risk_strategy_bitmap": 25632,
    "tp_multiplier": 0.21725863218307495,
    "sl_multiplier": 0.08223345130681992,
    "leverage": 37
  }
}