{
  "rank": 26,
  "bot_id": 10796,
  "fitness_score": 24129.96875,
  "total_pnl": 241299.6875,
  "win_rate": 26.41373846068803,
  "total_trades": 162813,
  "sharpe_ratio": 0.0,
  "max_drawdown": 0.0,
  "survival_generations": 1,
  "config": {
    "num_indicators": 2,
    "indicator_indices": [
      28,
      48
    ],
    "indicator_params": [
      [
        3.148470401763916,
        49.5168342590332,
        1.0566399097442627
      ],
      [
        2.0691633224487305,
        23.12004852294922,
        0.0
      ]
    ],
    "risk_strategy_bitmap": 2144,
    "tp_multiplier": 0.0712822750210762,
    "sl_multiplier": 0.07925450056791306,
    "leverage": 25
  }
}