{
  "rank": 32,
  "bot_id": 13642,
  "fitness_score": 78.0441665649414,
  "total_pnl": 780.4417114257812,
  "win_rate": 100.0,
  "total_trades": 51,
  "sharpe_ratio": 0.0,
  "max_drawdown": 0.0,
  "survival_generations": 1,
  "config": {
    "num_indicators": 5,
    "indicator_indices": [
      37,
      34,
      35,
      14,
      48
    ],
    "indicator_params": [
      [
        4.4999847412109375,
        43.05784606933594,
        0.0
      ],
      [
        1.7721281051635742,
        2.225348472595215,
        0.0
      ],
      [
        3.04521107673645,
        30.486310958862305,
        0.0
      ],
      [
        13.43486213684082,
        51.10226821899414,
        31.157291412353516
      ],
      [
        5.602368354797363,
        32.409393310546875,
        0.0
      ]
    ],
    "risk_strategy_bitmap": 4,
    "tp_multiplier": 0.2441146820783615,
    "sl_multiplier": 0.01937261037528515,
    "leverage": 6
  }
}