{
  "rank": 63,
  "bot_id": 14427,
  "fitness_score": 21.86638832092285,
  "total_pnl": 218.66387939453125,
  "win_rate": 26.07184241019699,
  "total_trades": 17260,
  "sharpe_ratio": 0.0,
  "max_drawdown": 0.0,
  "survival_generations": 1,
  "config": {
    "num_indicators": 3,
    "indicator_indices": [
      21,
      27,
      30
    ],
    "indicator_params": [
      [
        33.640316009521484,
        55.91644287109375,
        63.27476501464844
      ],
      [
        3.3610215187072754,
        19.202686309814453,
        0.9236698150634766
      ],
      [
        0.0,
        0.0,
        0.0
      ]
    ],
    "risk_strategy_bitmap": 21249,
    "tp_multiplier": 0.13116763532161713,
    "sl_multiplier": 0.009385171346366405,
    "leverage": 2
  }
}