{
  "rank": 96,
  "bot_id": 8972,
  "fitness_score": 553.56103515625,
  "total_pnl": 5535.6103515625,
  "win_rate": 29.312762973352037,
  "total_trades": 713,
  "sharpe_ratio": 0.0,
  "max_drawdown": 0.0,
  "survival_generations": 2,
  "config": {
    "num_indicators": 4,
    "indicator_indices": [
      26,
      43,
      27,
      42
    ],
    "indicator_params": [
      [
        4.4669976234436035,
        36.826412200927734,
        0.02448946237564087
      ],
      [
        5.26738166809082,
        90.9088134765625,
        0.0
      ],
      [
        3.6633777618408203,
        12.824145317077637,
        1.329888939857483
      ],
      [
        2.325131893157959,
        98.20423889160156,
        0.0
      ]
    ],
    "risk_strategy_bitmap": 10240,
    "tp_multiplier": 0.150512233376503,
    "sl_multiplier": 0.04460643604397774,
    "leverage": 18
  }
}