{
  "rank": 54,
  "bot_id": 601,
  "fitness_score": 0.0,
  "total_pnl": 299.69091796875,
  "win_rate": 100.0,
  "total_trades": 1,
  "sharpe_ratio": 0.22360679507255554,
  "max_drawdown": 0.0,
  "survival_generations": 1,
  "config": {
    "num_indicators": 3,
    "indicator_indices": [
      30,
      40,
      41
    ],
    "indicator_params": [
      [
        1.5641131401062012,
        30.479158401489258,
        0.0
      ],
      [
        0.0,
        0.0,
        0.0
      ],
      [
        0.0,
        0.0,
        0.0
      ]
    ],
    "indicator_risk_strategies": [
      9,
      0,
      0
    ],
    "risk_param": 2.0499892234802246,
    "tp_multiplier": 0.0,
    "sl_multiplier": 0.0,
    "leverage": 125
  }
}