{
  "rank": 83,
  "bot_id": 85,
  "fitness_score": 0.0,
  "total_pnl": 0.0,
  "win_rate": 0.0,
  "total_trades": 0,
  "sharpe_ratio": 0.0,
  "max_drawdown": 0.0,
  "survival_generations": 1,
  "config": {
    "num_indicators": 3,
    "indicator_indices": [
      29,
      1,
      24
    ],
    "indicator_params": [
      [
        4.107053756713867,
        24.09507942199707,
        1.1798850297927856
      ],
      [
        1.6389200687408447,
        95.25865173339844,
        0.0
      ],
      [
        4.4412126541137695,
        44.971195220947266,
        0.5083165168762207
      ]
    ],
    "risk_strategy_bitmap": 8,
    "tp_multiplier": 0.013949673622846603,
    "sl_multiplier": 0.09520672261714935,
    "leverage": 16
  }
}