{
  "rank": 6,
  "bot_id": 64,
  "fitness_score": 0.0,
  "total_pnl": 569.2609252929688,
  "win_rate": 60.0,
  "total_trades": 5,
  "sharpe_ratio": 0.1451418250799179,
  "max_drawdown": 0.14031876623630524,
  "survival_generations": 1,
  "config": {
    "num_indicators": 2,
    "indicator_indices": [
      39,
      49
    ],
    "indicator_params": [
      [
        2.8342597484588623,
        12.242794036865234,
        0.0
      ],
      [
        0.0028976798057556152,
        136.9593505859375,
        0.0
      ]
    ],
    "indicator_risk_strategies": [
      6,
      11
    ],
    "risk_param": 0.12806887924671173,
    "tp_multiplier": 0.0,
    "sl_multiplier": 0.0,
    "leverage": 125
  }
}