{
  "rank": 69,
  "bot_id": 70,
  "fitness_score": 0.0,
  "total_pnl": 0.0,
  "win_rate": 0.0,
  "total_trades": 0,
  "sharpe_ratio": 0.0,
  "max_drawdown": 0.0,
  "survival_generations": 1,
  "config": {
    "num_indicators": 2,
    "indicator_indices": [
      32,
      6
    ],
    "indicator_params": [
      [
        4.288707256317139,
        2.721494436264038,
        0.0
      ],
      [
        4.847742557525635,
        174.57693481445312,
        0.0
      ]
    ],
    "risk_strategy_bitmap": 1281,
    "tp_multiplier": 0.017430173233151436,
    "sl_multiplier": 0.09678121656179428,
    "leverage": 25
  }
}