{
  "rank": 74,
  "bot_id": 76,
  "fitness_score": 0.0,
  "total_pnl": 0.0,
  "win_rate": 0.0,
  "total_trades": 0,
  "sharpe_ratio": 0.0,
  "max_drawdown": 0.0,
  "survival_generations": 1,
  "config": {
    "num_indicators": 2,
    "indicator_indices": [
      36,
      10
    ],
    "indicator_params": [
      [
        0.39467722177505493,
        37.08237075805664,
        0.0
      ],
      [
        30.68996810913086,
        53.50629425048828,
        38.799800872802734
      ]
    ],
    "risk_strategy_bitmap": 6144,
    "tp_multiplier": 0.0561918169260025,
    "sl_multiplier": 0.07930587232112885,
    "leverage": 18
  }
}