{
  "rank": 22,
  "bot_id": 10995,
  "fitness_score": 28260.724609375,
  "total_pnl": 282607.25,
  "win_rate": 26.799861215520732,
  "total_trades": 138344,
  "sharpe_ratio": 0.0,
  "max_drawdown": 0.0,
  "survival_generations": 1,
  "config": {
    "num_indicators": 2,
    "indicator_indices": [
      20,
      16
    ],
    "indicator_params": [
      [
        4.449518203735352,
        2.132439613342285,
        1.3654946088790894
      ],
      [
        27.125207901000977,
        50.623626708984375,
        25.773664474487305
      ]
    ],
    "risk_strategy_bitmap": 5250,
    "tp_multiplier": 0.095589779317379,
    "sl_multiplier": 0.03473661094903946,
    "leverage": 25
  }
}