{
  "rank": 47,
  "bot_id": 509,
  "fitness_score": 0.0,
  "total_pnl": 10.088768005371094,
  "win_rate": 100.0,
  "total_trades": 1,
  "sharpe_ratio": 0.22360678017139435,
  "max_drawdown": 0.0,
  "survival_generations": 1,
  "config": {
    "num_indicators": 3,
    "indicator_indices": [
      12,
      18,
      22
    ],
    "indicator_params": [
      [
        3.821995735168457,
        5.105832099914551,
        0.0
      ],
      [
        8.875411033630371,
        32.40612030029297,
        0.0
      ],
      [
        1.2134116888046265,
        137.5441436767578,
        0.0
      ]
    ],
    "indicator_risk_strategies": [
      8,
      5,
      8
    ],
    "risk_param": 0.04101092368364334,
    "tp_multiplier": 0.0,
    "sl_multiplier": 0.0,
    "leverage": 125
  }
}