{
  "rank": 80,
  "bot_id": 82,
  "fitness_score": 0.0,
  "total_pnl": 0.0,
  "win_rate": 0.0,
  "total_trades": 0,
  "sharpe_ratio": 0.0,
  "max_drawdown": 0.0,
  "survival_generations": 1,
  "config": {
    "num_indicators": 3,
    "indicator_indices": [
      18,
      7,
      14
    ],
    "indicator_params": [
      [
        37.043888092041016,
        55.34333419799805,
        55.040245056152344
      ],
      [
        2.8595166206359863,
        35.95166015625,
        0.0
      ],
      [
        17.9406795501709,
        51.680335998535156,
        32.19793701171875
      ]
    ],
    "risk_strategy_bitmap": 8260,
    "tp_multiplier": 0.09747836738824844,
    "sl_multiplier": 0.08096527308225632,
    "leverage": 3
  }
}