{
  "rank": 15,
  "bot_id": 21336,
  "fitness_score": 11.451961517333984,
  "total_pnl": 114.51961517333984,
  "win_rate": 50.588235294117645,
  "total_trades": 85,
  "sharpe_ratio": 0.0,
  "max_drawdown": 0.0,
  "survival_generations": 3,
  "config": {
    "num_indicators": 5,
    "indicator_indices": [
      48,
      33,
      14,
      12,
      15
    ],
    "indicator_params": [
      [
        8.306270599365234,
        14.083928108215332,
        0.0
      ],
      [
        4.318086624145508,
        18.126705169677734,
        0.0
      ],
      [
        7.015161037445068,
        52.71369934082031,
        79.10889434814453
      ],
      [
        28.82607650756836,
        59.509765625,
        30.903057098388672
      ],
      [
        32.658321380615234,
        52.123409271240234,
        40.89512634277344
      ]
    ],
    "risk_strategy_bitmap": 17760,
    "tp_multiplier": 0.21173734962940216,
    "sl_multiplier": 0.06520480662584305,
    "leverage": 17
  }
}