{
  "rank": 14,
  "bot_id": 3739,
  "fitness_score": 19.24883460998535,
  "total_pnl": 192.48834228515625,
  "win_rate": 29.03225806451613,
  "total_trades": 155,
  "sharpe_ratio": 1.7729322910308838,
  "max_drawdown": 0.0,
  "survival_generations": 2,
  "config": {
    "num_indicators": 3,
    "indicator_indices": [
      6,
      23,
      26
    ],
    "indicator_params": [
      [
        3.7328996658325195,
        14.636746406555176,
        0.4500497281551361
      ],
      [
        0.0,
        0.0,
        0.0
      ],
      [
        0.0,
        0.0,
        0.0
      ]
    ],
    "risk_strategy": 2,
    "risk_param": 0.9526238441467285,
    "tp_multiplier": 0.10276511311531067,
    "sl_multiplier": 0.010299917310476303,
    "leverage": 1
  }
}