{
  "rank": 33,
  "bot_id": 7775,
  "fitness_score": 668.7351684570312,
  "total_pnl": 6687.3515625,
  "win_rate": 36.5625,
  "total_trades": 640,
  "sharpe_ratio": 0.0,
  "max_drawdown": 0.0,
  "survival_generations": 2,
  "config": {
    "num_indicators": 3,
    "indicator_indices": [
      19,
      12,
      29
    ],
    "indicator_params": [
      [
        37.626766204833984,
        53.88900375366211,
        34.91720199584961
      ],
      [
        8.9204683303833,
        57.13823699951172,
        40.646873474121094
      ],
      [
        3.1366209983825684,
        22.35756492614746,
        1.2846165895462036
      ]
    ],
    "risk_strategy_bitmap": 16384,
    "tp_multiplier": 0.10575320571660995,
    "sl_multiplier": 0.09363705664873123,
    "leverage": 22
  }
}