{
  "rank": 3,
  "bot_id": 3,
  "fitness_score": 0.0,
  "total_pnl": 0.0,
  "win_rate": 0.0,
  "total_trades": 0,
  "sharpe_ratio": 0.0,
  "max_drawdown": 0.0,
  "survival_generations": 1,
  "config": {
    "num_indicators": 4,
    "indicator_indices": [
      47,
      24,
      28,
      35
    ],
    "indicator_params": [
      [
        3.8373219966888428,
        29.066490173339844,
        0.0
      ],
      [
        4.018331050872803,
        28.23284339904785,
        1.0445449352264404
      ],
      [
        4.2463788986206055,
        43.40168380737305,
        1.2755663394927979
      ],
      [
        1.48734712600708,
        11.489259719848633,
        0.0
      ]
    ],
    "risk_strategy_bitmap": 32,
    "tp_multiplier": 0.10156425088644028,
    "sl_multiplier": 0.03332599624991417,
    "leverage": 16
  }
}