{
  "rank": 32,
  "bot_id": 32,
  "fitness_score": 0.0,
  "total_pnl": 0.0,
  "win_rate": 0.0,
  "total_trades": 0,
  "sharpe_ratio": 0.0,
  "max_drawdown": 0.0,
  "survival_generations": 1,
  "config": {
    "num_indicators": 3,
    "indicator_indices": [
      20,
      36,
      37
    ],
    "indicator_params": [
      [
        4.777139663696289,
        19.09046173095703,
        0.5685644149780273
      ],
      [
        4.270771026611328,
        8.901002883911133,
        0.0
      ],
      [
        3.4122095108032227,
        5.067342758178711,
        0.0
      ]
    ],
    "risk_strategy_bitmap": 288,
    "tp_multiplier": 0.08611418306827545,
    "sl_multiplier": 0.08249378949403763,
    "leverage": 4
  }
}