{
  "rank": 83,
  "bot_id": 11450,
  "fitness_score": 17538.88671875,
  "total_pnl": 175388.875,
  "win_rate": 28.69406739126849,
  "total_trades": 121262,
  "sharpe_ratio": 0.0,
  "max_drawdown": 0.0,
  "survival_generations": 1,
  "config": {
    "num_indicators": 3,
    "indicator_indices": [
      48,
      43,
      47
    ],
    "indicator_params": [
      [
        9.849502563476562,
        98.79762268066406,
        0.0
      ],
      [
        8.733831405639648,
        20.86394500732422,
        0.0
      ],
      [
        4.628636837005615,
        44.461082458496094,
        0.0
      ]
    ],
    "risk_strategy_bitmap": 25606,
    "tp_multiplier": 0.019284222275018692,
    "sl_multiplier": 0.05473757162690163,
    "leverage": 25
  }
}