{
  "rank": 37,
  "bot_id": 2621,
  "fitness_score": 23071.947265625,
  "total_pnl": 230719.46875,
  "win_rate": 33.63969920441748,
  "total_trades": 27527,
  "sharpe_ratio": 0.0,
  "max_drawdown": 0.0,
  "survival_generations": 2,
  "config": {
    "num_indicators": 2,
    "indicator_indices": [
      30,
      27
    ],
    "indicator_params": [
      [
        3.891455888748169,
        12.650960922241211,
        0.0
      ],
      [
        4.154488563537598,
        49.58979797363281,
        0.2666712999343872
      ]
    ],
    "risk_strategy_bitmap": 2178,
    "tp_multiplier": 0.125001922249794,
    "sl_multiplier": 0.07137484103441238,
    "leverage": 23
  }
}