{
  "rank": 73,
  "bot_id": 12694,
  "fitness_score": 9.217805862426758,
  "total_pnl": 92.17805480957031,
  "win_rate": 4.049844236760125,
  "total_trades": 321,
  "sharpe_ratio": 1.6961878538131714,
  "max_drawdown": 0.0,
  "survival_generations": 1,
  "config": {
    "num_indicators": 4,
    "indicator_indices": [
      24,
      47,
      39,
      48
    ],
    "indicator_params": [
      [
        4.670867919921875,
        34.63134002685547,
        0.6352971792221069
      ],
      [
        8.907341957092285,
        87.01020812988281,
        0.0
      ],
      [
        0.6994399428367615,
        31.192100524902344,
        0.0
      ],
      [
        8.448155403137207,
        75.16400146484375,
        0.0
      ]
    ],
    "risk_strategy": 6,
    "risk_param": 0.12714451551437378,
    "tp_multiplier": 0.061611320823431015,
    "sl_multiplier": 0.0021676544565707445,
    "leverage": 1
  }
}