{
  "rank": 33,
  "bot_id": 4462,
  "fitness_score": 37.98379135131836,
  "total_pnl": 379.8379211425781,
  "win_rate": 33.014354066985646,
  "total_trades": 6270,
  "sharpe_ratio": 0.0,
  "max_drawdown": 0.0,
  "survival_generations": 2,
  "config": {
    "num_indicators": 2,
    "indicator_indices": [
      15,
      14
    ],
    "indicator_params": [
      [
        16.49618911743164,
        54.207191467285156,
        42.66809844970703
      ],
      [
        20.22623634338379,
        56.36742401123047,
        66.87330627441406
      ]
    ],
    "risk_strategy_bitmap": 24613,
    "tp_multiplier": 0.12757176160812378,
    "sl_multiplier": 0.015187320299446583,
    "leverage": 16
  }
}