{
  "rank": 39,
  "bot_id": 13882,
  "fitness_score": 55.119873046875,
  "total_pnl": 551.19873046875,
  "win_rate": 100.0,
  "total_trades": 16,
  "sharpe_ratio": 0.0,
  "max_drawdown": 0.0,
  "survival_generations": 1,
  "config": {
    "num_indicators": 4,
    "indicator_indices": [
      11,
      14,
      40,
      7
    ],
    "indicator_params": [
      [
        39.57738494873047,
        58.50437927246094,
        26.811513900756836
      ],
      [
        39.737548828125,
        58.899200439453125,
        53.11589813232422
      ],
      [
        1.2670868635177612,
        75.22864532470703,
        0.0
      ],
      [
        0.10616272687911987,
        51.919281005859375,
        0.0
      ]
    ],
    "risk_strategy_bitmap": 2048,
    "tp_multiplier": 0.2404157966375351,
    "sl_multiplier": 0.08887184411287308,
    "leverage": 8
  }
}