{
  "rank": 86,
  "bot_id": 88,
  "fitness_score": 0.0,
  "total_pnl": 0.0,
  "win_rate": 0.0,
  "total_trades": 0,
  "sharpe_ratio": 0.0,
  "max_drawdown": 0.0,
  "survival_generations": 1,
  "config": {
    "num_indicators": 4,
    "indicator_indices": [
      34,
      46,
      32,
      10
    ],
    "indicator_params": [
      [
        3.5970983505249023,
        35.0867805480957,
        0.0
      ],
      [
        8.348365783691406,
        6.1998186111450195,
        0.0
      ],
      [
        0.8444115519523621,
        34.987823486328125,
        0.0
      ],
      [
        35.806114196777344,
        51.759971618652344,
        69.68846130371094
      ]
    ],
    "risk_strategy_bitmap": 8201,
    "tp_multiplier": 0.01417471282184124,
    "sl_multiplier": 0.030000779777765274,
    "leverage": 16
  }
}