{
  "rank": 72,
  "bot_id": 5828,
  "fitness_score": 19.854873657226562,
  "total_pnl": 198.54873657226562,
  "win_rate": 46.61675784624244,
  "total_trades": 3473,
  "sharpe_ratio": 0.0,
  "max_drawdown": 0.0,
  "survival_generations": 2,
  "config": {
    "num_indicators": 2,
    "indicator_indices": [
      14,
      46
    ],
    "indicator_params": [
      [
        18.96537208557129,
        51.824867248535156,
        68.3466796875
      ],
      [
        7.1355133056640625,
        77.73815155029297,
        0.0
      ]
    ],
    "risk_strategy_bitmap": 224,
    "tp_multiplier": 0.07488799840211868,
    "sl_multiplier": 0.07883623987436295,
    "leverage": 23
  }
}