{
  "rank": 12,
  "bot_id": 15403,
  "fitness_score": 20.6184139251709,
  "total_pnl": 206.1841278076172,
  "win_rate": 47.85276073619632,
  "total_trades": 163,
  "sharpe_ratio": 1.6507811546325684,
  "max_drawdown": 0.0,
  "survival_generations": 1,
  "config": {
    "num_indicators": 3,
    "indicator_indices": [
      13,
      22,
      23
    ],
    "indicator_params": [
      [
        4.929296016693115,
        142.3102264404297,
        0.0
      ],
      [
        0.0,
        0.0,
        0.0
      ],
      [
        0.0,
        0.0,
        0.0
      ]
    ],
    "risk_strategy": 1,
    "risk_param": 7457.15185546875,
    "tp_multiplier": 0.14558254182338715,
    "sl_multiplier": 0.05649156495928764,
    "leverage": 1
  }
}