{
  "rank": 56,
  "bot_id": 12416,
  "fitness_score": 611.1903686523438,
  "total_pnl": 6111.90380859375,
  "win_rate": 42.71186440677966,
  "total_trades": 23600,
  "sharpe_ratio": 0.0,
  "max_drawdown": 0.0,
  "survival_generations": 1,
  "config": {
    "num_indicators": 3,
    "indicator_indices": [
      15,
      46,
      30
    ],
    "indicator_params": [
      [
        23.07895851135254,
        57.94647216796875,
        44.86978530883789
      ],
      [
        6.725452423095703,
        9.79338264465332,
        0.0
      ],
      [
        0.6429186463356018,
        46.11598587036133,
        0.0
      ]
    ],
    "risk_strategy_bitmap": 322,
    "tp_multiplier": 0.21808598935604095,
    "sl_multiplier": 0.018480751663446426,
    "leverage": 12
  }
}