{
  "rank": 50,
  "bot_id": 16662,
  "fitness_score": 39.40650939941406,
  "total_pnl": 394.06512451171875,
  "win_rate": 93.33333333333333,
  "total_trades": 150,
  "sharpe_ratio": 0.0,
  "max_drawdown": 0.0,
  "survival_generations": 1,
  "config": {
    "num_indicators": 3,
    "indicator_indices": [
      35,
      37,
      12
    ],
    "indicator_params": [
      [
        1.845420002937317,
        37.593326568603516,
        0.0
      ],
      [
        4.023284435272217,
        38.41603469848633,
        0.0
      ],
      [
        22.151256561279297,
        54.60053253173828,
        33.694480895996094
      ]
    ],
    "risk_strategy_bitmap": 1188,
    "tp_multiplier": 0.05876714363694191,
    "sl_multiplier": 0.047711607068777084,
    "leverage": 15
  }
}