{
  "rank": 79,
  "bot_id": 11419,
  "fitness_score": 17.03504180908203,
  "total_pnl": 170.3504180908203,
  "win_rate": 25.141562853907136,
  "total_trades": 883,
  "sharpe_ratio": 0.0,
  "max_drawdown": 0.0,
  "survival_generations": 1,
  "config": {
    "num_indicators": 3,
    "indicator_indices": [
      20,
      13,
      34
    ],
    "indicator_params": [
      [
        3.984896659851074,
        0.23219287395477295,
        0.8401875495910645
      ],
      [
        7.565300464630127,
        55.58995056152344,
        23.135622024536133
      ],
      [
        0.5968523025512695,
        28.89524269104004,
        0.0
      ]
    ],
    "risk_strategy_bitmap": 32,
    "tp_multiplier": 0.05789688974618912,
    "sl_multiplier": 0.021419811993837357,
    "leverage": 19
  }
}