{
  "rank": 48,
  "bot_id": 534,
  "fitness_score": 0.0,
  "total_pnl": 8783.986328125,
  "win_rate": 17.67241379310345,
  "total_trades": 232,
  "sharpe_ratio": 0.6341942548751831,
  "max_drawdown": 0.18216200172901154,
  "survival_generations": 1,
  "config": {
    "num_indicators": 5,
    "indicator_indices": [
      4,
      8,
      15,
      31,
      34
    ],
    "indicator_params": [
      [
        8.082380294799805,
        27.502918243408203,
        0.0
      ],
      [
        3.319643497467041,
        42.86481475830078,
        0.9417062997817993
      ],
      [
        5.563505172729492,
        59.27337646484375,
        52.187320709228516
      ],
      [
        0.0,
        0.0,
        0.0
      ],
      [
        0.0,
        0.0,
        0.0
      ]
    ],
    "indicator_risk_strategies": [
      5,
      6,
      9,
      0,
      0
    ],
    "risk_param": 2.242403507232666,
    "tp_multiplier": 0.0,
    "sl_multiplier": 0.0,
    "leverage": 125
  }
}