{
  "rank": 43,
  "bot_id": 15550,
  "fitness_score": 46.2767448425293,
  "total_pnl": 462.7674560546875,
  "win_rate": 90.47619047619048,
  "total_trades": 21,
  "sharpe_ratio": 0.0,
  "max_drawdown": 0.0,
  "survival_generations": 1,
  "config": {
    "num_indicators": 5,
    "indicator_indices": [
      22,
      14,
      33,
      10,
      47
    ],
    "indicator_params": [
      [
        4.03648567199707,
        32.151817321777344,
        0.13963937759399414
      ],
      [
        7.067564487457275,
        56.98090362548828,
        22.174196243286133
      ],
      [
        3.205986976623535,
        19.317426681518555,
        0.0
      ],
      [
        20.544269561767578,
        55.673484802246094,
        77.575927734375
      ],
      [
        8.964592933654785,
        6.429493427276611,
        0.0
      ]
    ],
    "risk_strategy_bitmap": 2177,
    "tp_multiplier": 0.08167494833469391,
    "sl_multiplier": 0.07588780671358109,
    "leverage": 4
  }
}