{
  "rank": 52,
  "bot_id": 7138,
  "fitness_score": 28.366920471191406,
  "total_pnl": 283.669189453125,
  "win_rate": 23.411189570885387,
  "total_trades": 12887,
  "sharpe_ratio": 0.0,
  "max_drawdown": 0.0,
  "survival_generations": 2,
  "config": {
    "num_indicators": 2,
    "indicator_indices": [
      34,
      12
    ],
    "indicator_params": [
      [
        0.8916297554969788,
        33.56246566772461,
        0.0
      ],
      [
        12.884990692138672,
        57.44414138793945,
        78.9384536743164
      ]
    ],
    "risk_strategy_bitmap": 18500,
    "tp_multiplier": 0.21419385075569153,
    "sl_multiplier": 0.005056510213762522,
    "leverage": 3
  }
}