{
  "rank": 20,
  "bot_id": 272,
  "fitness_score": 0.0,
  "total_pnl": 6796.15576171875,
  "win_rate": 14.558472553699284,
  "total_trades": 1257,
  "sharpe_ratio": 0.9515062570571899,
  "max_drawdown": 0.0,
  "survival_generations": 1,
  "config": {
    "num_indicators": 5,
    "indicator_indices": [
      16,
      22,
      23,
      26,
      39
    ],
    "indicator_params": [
      [
        4.021927356719971,
        171.5535888671875,
        0.0
      ],
      [
        5.754717826843262,
        56.47212600708008,
        34.406593322753906
      ],
      [
        4.008812427520752,
        82.84893035888672,
        0.0
      ],
      [
        4.006265640258789,
        199.3474884033203,
        0.0
      ],
      [
        1.766555905342102,
        43.742130279541016,
        0.0
      ]
    ],
    "indicator_risk_strategies": [
      12,
      0,
      14,
      1,
      8
    ],
    "risk_param": 0.015274034813046455,
    "tp_multiplier": 0.0,
    "sl_multiplier": 0.0,
    "leverage": 125
  }
}