{
  "rank": 57,
  "bot_id": 15465,
  "fitness_score": 10.512059211730957,
  "total_pnl": 105.12059020996094,
  "win_rate": 9.090909090909092,
  "total_trades": 44,
  "sharpe_ratio": 0.692130982875824,
  "max_drawdown": 0.0,
  "survival_generations": 1,
  "config": {
    "num_indicators": 3,
    "indicator_indices": [
      14,
      15,
      19
    ],
    "indicator_params": [
      [
        6.594480037689209,
        16.596878051757812,
        0.0
      ],
      [
        0.0,
        0.0,
        0.0
      ],
      [
        0.0,
        0.0,
        0.0
      ]
    ],
    "risk_strategy": 4,
    "risk_param": 0.8947470784187317,
    "tp_multiplier": 0.2111348807811737,
    "sl_multiplier": 0.0036338260397315025,
    "leverage": 1
  }
}