{
  "rank": 35,
  "bot_id": 7887,
  "fitness_score": 37.79472732543945,
  "total_pnl": 377.947265625,
  "win_rate": 41.67825683820121,
  "total_trades": 2157,
  "sharpe_ratio": 0.0,
  "max_drawdown": 0.0,
  "survival_generations": 2,
  "config": {
    "num_indicators": 2,
    "indicator_indices": [
      13,
      33
    ],
    "indicator_params": [
      [
        15.848191261291504,
        56.695220947265625,
        37.958858489990234
      ],
      [
        1.0063844919204712,
        45.492618560791016,
        0.0
      ]
    ],
    "risk_strategy_bitmap": 64,
    "tp_multiplier": 0.23076939582824707,
    "sl_multiplier": 0.08242204040288925,
    "leverage": 20
  }
}