{
  "rank": 53,
  "bot_id": 16835,
  "fitness_score": 617.2651977539062,
  "total_pnl": 6172.65234375,
  "win_rate": 50.473186119873816,
  "total_trades": 317,
  "sharpe_ratio": 0.0,
  "max_drawdown": 0.0,
  "survival_generations": 1,
  "config": {
    "num_indicators": 3,
    "indicator_indices": [
      19,
      18,
      29
    ],
    "indicator_params": [
      [
        13.182510375976562,
        59.58907699584961,
        72.4027328491211
      ],
      [
        17.460140228271484,
        50.477561950683594,
        37.71797561645508
      ],
      [
        4.155933856964111,
        9.963857650756836,
        0.7946915626525879
      ]
    ],
    "risk_strategy_bitmap": 2,
    "tp_multiplier": 0.23742449283599854,
    "sl_multiplier": 0.06897841393947601,
    "leverage": 9
  }
}