{
  "rank": 17,
  "bot_id": 1457,
  "fitness_score": 31317.712890625,
  "total_pnl": 313177.125,
  "win_rate": 28.881721992744914,
  "total_trades": 178909,
  "sharpe_ratio": 0.0,
  "max_drawdown": 0.0,
  "survival_generations": 2,
  "config": {
    "num_indicators": 2,
    "indicator_indices": [
      49,
      30
    ],
    "indicator_params": [
      [
        2.311983585357666,
        9.941947937011719,
        0.0
      ],
      [
        2.3056066036224365,
        45.10939025878906,
        0.0
      ]
    ],
    "risk_strategy_bitmap": 1024,
    "tp_multiplier": 0.1320122629404068,
    "sl_multiplier": 0.09630362689495087,
    "leverage": 22
  }
}