{
  "rank": 78,
  "bot_id": 80,
  "fitness_score": 0.0,
  "total_pnl": 0.0,
  "win_rate": 0.0,
  "total_trades": 0,
  "sharpe_ratio": 0.0,
  "max_drawdown": 0.0,
  "survival_generations": 1,
  "config": {
    "num_indicators": 1,
    "indicator_indices": [
      45
    ],
    "indicator_params": [
      [
        9.610841751098633,
        55.50814437866211,
        0.0
      ]
    ],
    "risk_strategy_bitmap": 20480,
    "tp_multiplier": 0.11637213826179504,
    "sl_multiplier": 0.039257537573575974,
    "leverage": 17
  }
}