{
  "rank": 59,
  "bot_id": 601,
  "fitness_score": 0.0,
  "total_pnl": 578.635009765625,
  "win_rate": 100.0,
  "total_trades": 1,
  "sharpe_ratio": 0.22360680997371674,
  "max_drawdown": 0.0,
  "survival_generations": 1,
  "config": {
    "num_indicators": 3,
    "indicator_indices": [
      30,
      40,
      41
    ],
    "indicator_params": [
      [
        3.5361032485961914,
        37.74638366699219,
        0.0
      ],
      [
        0.0,
        0.0,
        0.0
      ],
      [
        0.0,
        0.0,
        0.0
      ]
    ],
    "indicator_risk_strategies": [
      6,
      0,
      0
    ],
    "risk_param": 0.19790315628051758,
    "tp_multiplier": 0.0,
    "sl_multiplier": 0.0,
    "leverage": 125
  }
}