{
  "rank": 23,
  "bot_id": 23,
  "fitness_score": 0.0,
  "total_pnl": 0.0,
  "win_rate": 0.0,
  "total_trades": 0,
  "sharpe_ratio": 0.0,
  "max_drawdown": 0.0,
  "survival_generations": 1,
  "config": {
    "num_indicators": 4,
    "indicator_indices": [
      18,
      30,
      6,
      13
    ],
    "indicator_params": [
      [
        26.33179473876953,
        57.26931381225586,
        38.75114440917969
      ],
      [
        0.7921603322029114,
        7.29459810256958,
        0.0
      ],
      [
        1.651526689529419,
        92.93244171142578,
        0.0
      ],
      [
        15.41416072845459,
        50.50743865966797,
        23.89450454711914
      ]
    ],
    "risk_strategy_bitmap": 40,
    "tp_multiplier": 0.0932236760854721,
    "sl_multiplier": 0.012903635390102863,
    "leverage": 7
  }
}