{
  "rank": 2,
  "bot_id": 2,
  "fitness_score": 0.0,
  "total_pnl": 0.0,
  "win_rate": 0.0,
  "total_trades": 0,
  "sharpe_ratio": 0.0,
  "max_drawdown": 0.0,
  "survival_generations": 1,
  "config": {
    "num_indicators": 5,
    "indicator_indices": [
      22,
      0,
      17,
      36,
      20
    ],
    "indicator_params": [
      [
        4.300307273864746,
        13.852334022521973,
        1.2452211380004883
      ],
      [
        4.844623565673828,
        128.6804656982422,
        0.0
      ],
      [
        36.26995086669922,
        50.815181732177734,
        34.65766525268555
      ],
      [
        2.6959850788116455,
        21.185073852539062,
        0.0
      ],
      [
        4.99188232421875,
        5.75626802444458,
        0.3404103219509125
      ]
    ],
    "risk_strategy_bitmap": 16,
    "tp_multiplier": 0.12817585468292236,
    "sl_multiplier": 0.018461108207702637,
    "leverage": 1
  }
}