{
  "rank": 74,
  "bot_id": 808,
  "fitness_score": 0.0,
  "total_pnl": 1293.8489990234375,
  "win_rate": 16.201117318435752,
  "total_trades": 179,
  "sharpe_ratio": 0.37987086176872253,
  "max_drawdown": 0.08175385743379593,
  "survival_generations": 1,
  "config": {
    "num_indicators": 5,
    "indicator_indices": [
      6,
      7,
      15,
      22,
      25
    ],
    "indicator_params": [
      [
        4.668939113616943,
        16.816112518310547,
        0.8454806208610535
      ],
      [
        1.772308111190796,
        34.582637786865234,
        0.0
      ],
      [
        4.624597072601318,
        36.96662902832031,
        1.4026448726654053
      ],
      [
        0.0,
        0.0,
        0.0
      ],
      [
        0.0,
        0.0,
        0.0
      ]
    ],
    "indicator_risk_strategies": [
      8,
      0,
      6,
      0,
      0
    ],
    "risk_param": 0.028654154390096664,
    "tp_multiplier": 0.0,
    "sl_multiplier": 0.0,
    "leverage": 125
  }
}