{
  "rank": 45,
  "bot_id": 1236,
  "fitness_score": 638.0946044921875,
  "total_pnl": 6380.9462890625,
  "win_rate": 20.105820105820104,
  "total_trades": 2079,
  "sharpe_ratio": 0.0,
  "max_drawdown": 0.0,
  "survival_generations": 2,
  "config": {
    "num_indicators": 4,
    "indicator_indices": [
      30,
      15,
      19,
      46
    ],
    "indicator_params": [
      [
        0.47604143619537354,
        17.48667335510254,
        0.0
      ],
      [
        29.434341430664062,
        59.19210433959961,
        29.12523078918457
      ],
      [
        6.7668890953063965,
        56.76245880126953,
        24.87722396850586
      ],
      [
        9.650612831115723,
        13.671010971069336,
        0.0
      ]
    ],
    "risk_strategy_bitmap": 64,
    "tp_multiplier": 0.06679331511259079,
    "sl_multiplier": 0.019808391109108925,
    "leverage": 7
  }
}