{
  "rank": 7,
  "bot_id": 7,
  "fitness_score": 0.0,
  "total_pnl": 0.0,
  "win_rate": 0.0,
  "total_trades": 0,
  "sharpe_ratio": 0.0,
  "max_drawdown": 0.0,
  "survival_generations": 1,
  "config": {
    "num_indicators": 3,
    "indicator_indices": [
      22,
      46,
      33
    ],
    "indicator_params": [
      [
        3.406656265258789,
        31.84832191467285,
        1.2650502920150757
      ],
      [
        5.966762065887451,
        62.101539611816406,
        0.0
      ],
      [
        1.8773603439331055,
        25.68157958984375,
        0.0
      ]
    ],
    "risk_strategy_bitmap": 2176,
    "tp_multiplier": 0.13991019129753113,
    "sl_multiplier": 0.05058387294411659,
    "leverage": 21
  }
}