{
  "rank": 21,
  "bot_id": 3715,
  "fitness_score": 692.2169799804688,
  "total_pnl": 6922.169921875,
  "win_rate": 38.17397555715313,
  "total_trades": 1391,
  "sharpe_ratio": 0.0,
  "max_drawdown": 0.0,
  "survival_generations": 2,
  "config": {
    "num_indicators": 3,
    "indicator_indices": [
      19,
      12,
      48
    ],
    "indicator_params": [
      [
        10.016730308532715,
        59.46788787841797,
        38.999210357666016
      ],
      [
        28.31314468383789,
        50.836631774902344,
        27.973215103149414
      ],
      [
        7.53631591796875,
        38.345462799072266,
        0.0
      ]
    ],
    "risk_strategy_bitmap": 608,
    "tp_multiplier": 0.059785425662994385,
    "sl_multiplier": 0.08400962501764297,
    "leverage": 23
  }
}