{
  "rank": 36,
  "bot_id": 15838,
  "fitness_score": 13.413958549499512,
  "total_pnl": 134.13958740234375,
  "win_rate": 80.0,
  "total_trades": 10,
  "sharpe_ratio": 1.069265604019165,
  "max_drawdown": 0.0,
  "survival_generations": 1,
  "config": {
    "num_indicators": 4,
    "indicator_indices": [
      41,
      31,
      16,
      15
    ],
    "indicator_params": [
      [
        0.49594223499298096,
        93.94428253173828,
        0.0
      ],
      [
        3.176863193511963,
        46.67047882080078,
        0.0
      ],
      [
        14.988569259643555,
        51.292171478271484,
        77.35539245605469
      ],
      [
        13.613842010498047,
        57.98816680908203,
        40.483253479003906
      ]
    ],
    "risk_strategy": 14,
    "risk_param": 0.11202745884656906,
    "tp_multiplier": 0.12423916906118393,
    "sl_multiplier": 0.09044180065393448,
    "leverage": 1
  }
}