{
  "rank": 42,
  "bot_id": 16045,
  "fitness_score": 13.85385799407959,
  "total_pnl": 138.53858947753906,
  "win_rate": 72.22222222222221,
  "total_trades": 18,
  "sharpe_ratio": 1.7763421535491943,
  "max_drawdown": 0.0,
  "survival_generations": 1,
  "config": {
    "num_indicators": 5,
    "indicator_indices": [
      1,
      18,
      26,
      44,
      48
    ],
    "indicator_params": [
      [
        0.5672949552536011,
        81.86155700683594,
        0.0
      ],
      [
        4.520668029785156,
        21.429759979248047,
        0.0
      ],
      [
        0.0,
        0.0,
        0.0
      ],
      [
        0.0,
        0.0,
        0.0
      ],
      [
        0.0,
        0.0,
        0.0
      ]
    ],
    "risk_strategy": 14,
    "risk_param": 0.1939551681280136,
    "tp_multiplier": 0.03816894441843033,
    "sl_multiplier": 0.05593186616897583,
    "leverage": 1
  }
}