{
  "rank": 27,
  "bot_id": 14469,
  "fitness_score": 9.859100341796875,
  "total_pnl": 98.59100341796875,
  "win_rate": 18.3920704845815,
  "total_trades": 908,
  "sharpe_ratio": 0.0,
  "max_drawdown": 0.0,
  "survival_generations": 4,
  "config": {
    "num_indicators": 4,
    "indicator_indices": [
      20,
      35,
      5,
      34
    ],
    "indicator_params": [
      [
        3.076498508453369,
        14.68803596496582,
        0.2969908118247986
      ],
      [
        1.0229978561401367,
        42.43639373779297,
        0.0
      ],
      [
        3.4064760208129883,
        154.1192626953125,
        0.0
      ],
      [
        2.0131373405456543,
        23.125070571899414,
        0.0
      ]
    ],
    "risk_strategy_bitmap": 16384,
    "tp_multiplier": 0.22135820984840393,
    "sl_multiplier": 0.009778741747140884,
    "leverage": 59
  }
}