{
  "rank": 48,
  "bot_id": 18900,
  "fitness_score": 29.295629501342773,
  "total_pnl": 292.956298828125,
  "win_rate": 38.02644466209598,
  "total_trades": 4084,
  "sharpe_ratio": 0.0,
  "max_drawdown": 0.0,
  "survival_generations": 1,
  "config": {
    "num_indicators": 3,
    "indicator_indices": [
      27,
      29,
      48
    ],
    "indicator_params": [
      [
        3.7604260444641113,
        28.46147346496582,
        0.6549255847930908
      ],
      [
        0.38810282945632935,
        27.411161422729492,
        0.0
      ],
      [
        0.0,
        0.0,
        0.0
      ]
    ],
    "risk_strategy_bitmap": 43,
    "tp_multiplier": 0.2420569807291031,
    "sl_multiplier": 0.0320001021027565,
    "leverage": 1
  }
}