{
  "rank": 10,
  "bot_id": 285,
  "fitness_score": 21.971738815307617,
  "total_pnl": 219.71737670898438,
  "win_rate": 50.74626865671642,
  "total_trades": 67,
  "sharpe_ratio": 1.1420868635177612,
  "max_drawdown": 0.0,
  "survival_generations": 2,
  "config": {
    "num_indicators": 3,
    "indicator_indices": [
      13,
      22,
      32
    ],
    "indicator_params": [
      [
        1.614738941192627,
        146.1845703125,
        0.0
      ],
      [
        0.9384989738464355,
        39.55954360961914,
        0.0
      ],
      [
        0.0,
        0.0,
        0.0
      ]
    ],
    "risk_strategy": 3,
    "risk_param": 0.49333539605140686,
    "tp_multiplier": 0.1024513840675354,
    "sl_multiplier": 0.021846218034625053,
    "leverage": 1
  }
}