{
  "rank": 27,
  "bot_id": 16170,
  "fitness_score": 43.50022506713867,
  "total_pnl": 435.00225830078125,
  "win_rate": 38.815909505564676,
  "total_trades": 21924,
  "sharpe_ratio": 0.0,
  "max_drawdown": 0.0,
  "survival_generations": 1,
  "config": {
    "num_indicators": 3,
    "indicator_indices": [
      12,
      15,
      20
    ],
    "indicator_params": [
      [
        4.91452693939209,
        29.24184799194336,
        0.5168416500091553
      ],
      [
        0.0,
        0.0,
        0.0
      ],
      [
        0.0,
        0.0,
        0.0
      ]
    ],
    "risk_strategy_bitmap": 1,
    "tp_multiplier": 0.12706148624420166,
    "sl_multiplier": 0.010608691722154617,
    "leverage": 17
  }
}