{
  "rank": 13,
  "bot_id": 13,
  "fitness_score": 0.0,
  "total_pnl": 0.0,
  "win_rate": 0.0,
  "total_trades": 0,
  "sharpe_ratio": 0.0,
  "max_drawdown": 0.0,
  "survival_generations": 1,
  "config": {
    "num_indicators": 5,
    "indicator_indices": [
      30,
      18,
      9,
      16,
      44
    ],
    "indicator_params": [
      [
        2.558411121368408,
        48.86167526245117,
        0.0
      ],
      [
        9.951667785644531,
        54.69906234741211,
        29.84084129333496
      ],
      [
        2.74595046043396,
        189.66336059570312,
        0.0
      ],
      [
        27.376968383789062,
        50.14795684814453,
        74.92059326171875
      ],
      [
        0.47069787979125977,
        98.15743255615234,
        0.0
      ]
    ],
    "risk_strategy_bitmap": 2308,
    "tp_multiplier": 0.19546464085578918,
    "sl_multiplier": 0.08578626811504364,
    "leverage": 16
  }
}