{
  "rank": 87,
  "bot_id": 89,
  "fitness_score": 0.0,
  "total_pnl": 0.0,
  "win_rate": 0.0,
  "total_trades": 0,
  "sharpe_ratio": 0.0,
  "max_drawdown": 0.0,
  "survival_generations": 1,
  "config": {
    "num_indicators": 1,
    "indicator_indices": [
      31
    ],
    "indicator_params": [
      [
        3.8581111431121826,
        26.820913314819336,
        0.0
      ]
    ],
    "risk_strategy_bitmap": 8192,
    "tp_multiplier": 0.04746651276946068,
    "sl_multiplier": 0.04777447506785393,
    "leverage": 10
  }
}