{
  "rank": 75,
  "bot_id": 8930,
  "fitness_score": 580.1112670898438,
  "total_pnl": 5801.11279296875,
  "win_rate": 43.859649122807014,
  "total_trades": 570,
  "sharpe_ratio": 0.0,
  "max_drawdown": 0.0,
  "survival_generations": 2,
  "config": {
    "num_indicators": 4,
    "indicator_indices": [
      0,
      42,
      29,
      43
    ],
    "indicator_params": [
      [
        3.4272589683532715,
        115.33748626708984,
        0.0
      ],
      [
        1.990365982055664,
        17.645477294921875,
        0.0
      ],
      [
        4.14123010635376,
        4.694130897521973,
        0.2986101508140564
      ],
      [
        6.300752639770508,
        58.36501693725586,
        0.0
      ]
    ],
    "risk_strategy_bitmap": 4096,
    "tp_multiplier": 0.07444381713867188,
    "sl_multiplier": 0.056519195437431335,
    "leverage": 4
  }
}