{
  "rank": 55,
  "bot_id": 582,
  "fitness_score": 0.0,
  "total_pnl": 146.19146728515625,
  "win_rate": 100.0,
  "total_trades": 1,
  "sharpe_ratio": 0.22360679507255554,
  "max_drawdown": 0.0,
  "survival_generations": 1,
  "config": {
    "num_indicators": 4,
    "indicator_indices": [
      26,
      28,
      40,
      48
    ],
    "indicator_params": [
      [
        0.91053307056427,
        191.3807830810547,
        0.0
      ],
      [
        4.522430419921875,
        48.6601676940918,
        0.0
      ],
      [
        2.345174551010132,
        18.847734451293945,
        0.0
      ],
      [
        3.0369110107421875,
        37.169212341308594,
        1.4875391721725464
      ]
    ],
    "indicator_risk_strategies": [
      11,
      12,
      0,
      4
    ],
    "risk_param": 1207.2568359375,
    "tp_multiplier": 0.0,
    "sl_multiplier": 0.0,
    "leverage": 125
  }
}