{
  "rank": 48,
  "bot_id": 563,
  "fitness_score": 0.0,
  "total_pnl": 584.765869140625,
  "win_rate": 100.0,
  "total_trades": 1,
  "sharpe_ratio": 0.22360679507255554,
  "max_drawdown": 0.0,
  "survival_generations": 1,
  "config": {
    "num_indicators": 4,
    "indicator_indices": [
      26,
      28,
      40,
      48
    ],
    "indicator_params": [
      [
        20.390827178955078,
        56.16635513305664,
        20.968135833740234
      ],
      [
        1.1614034175872803,
        105.58709716796875,
        0.0
      ],
      [
        11.931705474853516,
        52.785396575927734,
        26.04622459411621
      ],
      [
        4.831111431121826,
        2.331233024597168,
        0.2125968039035797
      ]
    ],
    "indicator_risk_strategies": [
      3,
      1,
      0,
      12
    ],
    "risk_param": 0.46798473596572876,
    "tp_multiplier": 0.0,
    "sl_multiplier": 0.0,
    "leverage": 125
  }
}