{
  "rank": 63,
  "bot_id": 9662,
  "fitness_score": 11.301484107971191,
  "total_pnl": 113.01483917236328,
  "win_rate": 80.0,
  "total_trades": 10,
  "sharpe_ratio": 1.6946289539337158,
  "max_drawdown": 0.0,
  "survival_generations": 2,
  "config": {
    "num_indicators": 3,
    "indicator_indices": [
      18,
      24,
      41
    ],
    "indicator_params": [
      [
        33.452735900878906,
        53.70315933227539,
        31.836360931396484
      ],
      [
        8.479472160339355,
        14.55114459991455,
        0.0
      ],
      [
        0.0,
        0.0,
        0.0
      ]
    ],
    "risk_strategy": 5,
    "risk_param": 3.2006263732910156,
    "tp_multiplier": 0.21737144887447357,
    "sl_multiplier": 0.03874882683157921,
    "leverage": 1
  }
}