{
  "rank": 4,
  "bot_id": 17397,
  "fitness_score": 843.8034057617188,
  "total_pnl": 8438.0341796875,
  "win_rate": 45.75471698113208,
  "total_trades": 424,
  "sharpe_ratio": 0.0,
  "max_drawdown": 0.0,
  "survival_generations": 1,
  "config": {
    "num_indicators": 5,
    "indicator_indices": [
      22,
      42,
      39,
      26,
      43
    ],
    "indicator_params": [
      [
        4.3123908042907715,
        25.655576705932617,
        0.5821542739868164
      ],
      [
        9.875082015991211,
        40.72591781616211,
        0.0
      ],
      [
        3.7642862796783447,
        12.805405616760254,
        0.0
      ],
      [
        3.264793872833252,
        23.289268493652344,
        0.008455842733383179
      ],
      [
        6.520705223083496,
        9.830683708190918,
        0.0
      ]
    ],
    "risk_strategy_bitmap": 1,
    "tp_multiplier": 0.18359370529651642,
    "sl_multiplier": 0.061045777052640915,
    "leverage": 15
  }
}