{
  "rank": 48,
  "bot_id": 15591,
  "fitness_score": 42.98476791381836,
  "total_pnl": 429.8476867675781,
  "win_rate": 100.0,
  "total_trades": 63,
  "sharpe_ratio": 0.0,
  "max_drawdown": 0.0,
  "survival_generations": 1,
  "config": {
    "num_indicators": 3,
    "indicator_indices": [
      35,
      37,
      49
    ],
    "indicator_params": [
      [
        15.057947158813477,
        50.82557678222656,
        21.450973510742188
      ],
      [
        0.0,
        0.0,
        0.0
      ],
      [
        0.0,
        0.0,
        0.0
      ]
    ],
    "risk_strategy_bitmap": 5153,
    "tp_multiplier": 0.11440470814704895,
    "sl_multiplier": 0.026940444484353065,
    "leverage": 4
  }
}