{
  "rank": 55,
  "bot_id": 16846,
  "fitness_score": 614.2208862304688,
  "total_pnl": 6142.20849609375,
  "win_rate": 46.54377880184332,
  "total_trades": 434,
  "sharpe_ratio": 0.0,
  "max_drawdown": 0.0,
  "survival_generations": 1,
  "config": {
    "num_indicators": 3,
    "indicator_indices": [
      19,
      20,
      29
    ],
    "indicator_params": [
      [
        3.54406476020813,
        42.941959381103516,
        0.44273221492767334
      ],
      [
        4.613554954528809,
        69.6685791015625,
        0.0
      ],
      [
        0.0,
        0.0,
        0.0
      ]
    ],
    "risk_strategy_bitmap": 8514,
    "tp_multiplier": 0.20323649048805237,
    "sl_multiplier": 0.04922499135136604,
    "leverage": 2
  }
}