{
  "rank": 16,
  "bot_id": 43100,
  "fitness_score": 11.049040794372559,
  "total_pnl": 110.49040222167969,
  "win_rate": 14.55078125,
  "total_trades": 1024,
  "sharpe_ratio": 0.0,
  "max_drawdown": 0.0,
  "survival_generations": 1,
  "config": {
    "num_indicators": 5,
    "indicator_indices": [
      10,
      21,
      5,
      26,
      2
    ],
    "indicator_params": [
      [
        27.96658706665039,
        59.26507568359375,
        69.94432067871094
      ],
      [
        4.2668890953063965,
        29.778980255126953,
        0.3052297532558441
      ],
      [
        1.9542819261550903,
        68.83464050292969,
        0.0
      ],
      [
        4.948492527008057,
        48.513519287109375,
        1.4108678102493286
      ],
      [
        0.05153536796569824,
        32.54985809326172,
        0.0
      ]
    ],
    "risk_strategy_bitmap": 10242,
    "tp_multiplier": 0.17202915251255035,
    "sl_multiplier": 0.05104441940784454,
    "leverage": 121
  }
}