{
  "rank": 15,
  "bot_id": 10394,
  "fitness_score": 51.974124908447266,
  "total_pnl": 519.7412109375,
  "win_rate": 48.08612440191388,
  "total_trades": 5016,
  "sharpe_ratio": 0.0,
  "max_drawdown": 0.0,
  "survival_generations": 1,
  "config": {
    "num_indicators": 2,
    "indicator_indices": [
      13,
      22
    ],
    "indicator_params": [
      [
        8.281188011169434,
        76.51787567138672,
        0.0
      ],
      [
        0.0,
        0.0,
        0.0
      ]
    ],
    "risk_strategy_bitmap": 65,
    "tp_multiplier": 0.22517456114292145,
    "sl_multiplier": 0.06682130694389343,
    "leverage": 16
  }
}