{
  "rank": 61,
  "bot_id": 20278,
  "fitness_score": 8.327483177185059,
  "total_pnl": 83.27483367919922,
  "win_rate": 14.481409001956946,
  "total_trades": 1022,
  "sharpe_ratio": 0.0,
  "max_drawdown": 0.0,
  "survival_generations": 3,
  "config": {
    "num_indicators": 5,
    "indicator_indices": [
      11,
      1,
      48,
      5,
      3
    ],
    "indicator_params": [
      [
        19.963024139404297,
        55.50944519042969,
        59.68741226196289
      ],
      [
        2.6498043537139893,
        185.36212158203125,
        0.0
      ],
      [
        1.9406843185424805,
        91.62004852294922,
        0.0
      ],
      [
        4.944920539855957,
        69.61551666259766,
        0.0
      ],
      [
        2.2309134006500244,
        193.37368774414062,
        0.0
      ]
    ],
    "risk_strategy_bitmap": 1,
    "tp_multiplier": 0.14564688503742218,
    "sl_multiplier": 0.07488642632961273,
    "leverage": 79
  }
}