{
  "rank": 23,
  "bot_id": 4134,
  "fitness_score": 14.701911926269531,
  "total_pnl": 147.0191192626953,
  "win_rate": 85.71428571428571,
  "total_trades": 7,
  "sharpe_ratio": 1.0441558361053467,
  "max_drawdown": 0.0,
  "survival_generations": 2,
  "config": {
    "num_indicators": 3,
    "indicator_indices": [
      21,
      34,
      48
    ],
    "indicator_params": [
      [
        2.437005043029785,
        113.14221954345703,
        0.0
      ],
      [
        26.943931579589844,
        58.35641860961914,
        49.86521530151367
      ],
      [
        31.427574157714844,
        54.74784469604492,
        79.87767028808594
      ]
    ],
    "risk_strategy": 5,
    "risk_param": 3.197908639907837,
    "tp_multiplier": 0.10492066293954849,
    "sl_multiplier": 0.07925150543451309,
    "leverage": 1
  }
}