{
  "rank": 8,
  "bot_id": 10969,
  "fitness_score": 12.906156539916992,
  "total_pnl": 129.0615692138672,
  "win_rate": 26.923076923076923,
  "total_trades": 208,
  "sharpe_ratio": 0.0,
  "max_drawdown": 0.0,
  "survival_generations": 4,
  "config": {
    "num_indicators": 3,
    "indicator_indices": [
      30,
      49,
      14
    ],
    "indicator_params": [
      [
        1.890498399734497,
        21.347183227539062,
        0.0
      ],
      [
        0.42483508586883545,
        39.656005859375,
        0.0
      ],
      [
        25.812936782836914,
        56.54221725463867,
        42.538516998291016
      ]
    ],
    "risk_strategy_bitmap": 25090,
    "tp_multiplier": 0.18690213561058044,
    "sl_multiplier": 0.06302358210086823,
    "leverage": 117
  }
}