{
  "rank": 25,
  "bot_id": 16755,
  "fitness_score": 17.2092342376709,
  "total_pnl": 172.09234619140625,
  "win_rate": 38.666666666666664,
  "total_trades": 75,
  "sharpe_ratio": 1.7623732089996338,
  "max_drawdown": 0.0,
  "survival_generations": 1,
  "config": {
    "num_indicators": 4,
    "indicator_indices": [
      1,
      7,
      22,
      41
    ],
    "indicator_params": [
      [
        0.12712687253952026,
        96.40596771240234,
        0.0
      ],
      [
        2.5611181259155273,
        19.22885513305664,
        0.0
      ],
      [
        0.0,
        0.0,
        0.0
      ],
      [
        0.0,
        0.0,
        0.0
      ]
    ],
    "risk_strategy": 2,
    "risk_param": 0.21910017728805542,
    "tp_multiplier": 0.04770201817154884,
    "sl_multiplier": 0.046004123985767365,
    "leverage": 1
  }
}