{
  "rank": 84,
  "bot_id": 6079,
  "fitness_score": 571.4375610351562,
  "total_pnl": 5714.37548828125,
  "win_rate": 33.52574463172478,
  "total_trades": 4331,
  "sharpe_ratio": 0.0,
  "max_drawdown": 0.0,
  "survival_generations": 2,
  "config": {
    "num_indicators": 3,
    "indicator_indices": [
      42,
      20,
      43
    ],
    "indicator_params": [
      [
        9.456134796142578,
        86.17852783203125,
        0.0
      ],
      [
        4.204207897186279,
        36.45001983642578,
        1.4948519468307495
      ],
      [
        9.953227996826172,
        56.73183059692383,
        0.0
      ]
    ],
    "risk_strategy_bitmap": 8197,
    "tp_multiplier": 0.02425599843263626,
    "sl_multiplier": 0.026035642251372337,
    "leverage": 13
  }
}