{
  "rank": 88,
  "bot_id": 90,
  "fitness_score": 0.0,
  "total_pnl": 0.0,
  "win_rate": 0.0,
  "total_trades": 0,
  "sharpe_ratio": 0.0,
  "max_drawdown": 0.0,
  "survival_generations": 1,
  "config": {
    "num_indicators": 3,
    "indicator_indices": [
      20,
      13,
      42
    ],
    "indicator_params": [
      [
        3.7417869567871094,
        18.561782836914062,
        0.5487968921661377
      ],
      [
        7.62485408782959,
        56.10054397583008,
        56.081443786621094
      ],
      [
        7.0970587730407715,
        21.77748680114746,
        0.0
      ]
    ],
    "risk_strategy_bitmap": 17424,
    "tp_multiplier": 0.12891285121440887,
    "sl_multiplier": 0.018194515258073807,
    "leverage": 2
  }
}