{
  "rank": 35,
  "bot_id": 15889,
  "fitness_score": 13.477325439453125,
  "total_pnl": 134.77325439453125,
  "win_rate": 26.666666666666668,
  "total_trades": 30,
  "sharpe_ratio": 1.0516974925994873,
  "max_drawdown": 0.0,
  "survival_generations": 1,
  "config": {
    "num_indicators": 3,
    "indicator_indices": [
      27,
      30,
      48
    ],
    "indicator_params": [
      [
        1.4771384000778198,
        22.450775146484375,
        0.0
      ],
      [
        0.0,
        0.0,
        0.0
      ],
      [
        0.0,
        0.0,
        0.0
      ]
    ],
    "risk_strategy": 3,
    "risk_param": 0.9451643228530884,
    "tp_multiplier": 0.09483232349157333,
    "sl_multiplier": 0.023101702332496643,
    "leverage": 1
  }
}