{
  "rank": 51,
  "bot_id": 1285,
  "fitness_score": 20499.8359375,
  "total_pnl": 204998.359375,
  "win_rate": 29.043946374035922,
  "total_trades": 19319,
  "sharpe_ratio": 0.0,
  "max_drawdown": 0.0,
  "survival_generations": 2,
  "config": {
    "num_indicators": 3,
    "indicator_indices": [
      49,
      27,
      46
    ],
    "indicator_params": [
      [
        3.2128381729125977,
        50.08325958251953,
        0.0
      ],
      [
        4.895845413208008,
        0.8717536926269531,
        0.1931445300579071
      ],
      [
        4.86945915222168,
        92.52549743652344,
        0.0
      ]
    ],
    "risk_strategy_bitmap": 4160,
    "tp_multiplier": 0.17831356823444366,
    "sl_multiplier": 0.03636687621474266,
    "leverage": 23
  }
}