{
  "rank": 24,
  "bot_id": 17807,
  "fitness_score": 145.571533203125,
  "total_pnl": 1455.71533203125,
  "win_rate": 98.93617021276596,
  "total_trades": 94,
  "sharpe_ratio": 0.0,
  "max_drawdown": 0.0,
  "survival_generations": 1,
  "config": {
    "num_indicators": 5,
    "indicator_indices": [
      35,
      14,
      37,
      15,
      21
    ],
    "indicator_params": [
      [
        1.1392825841903687,
        9.031292915344238,
        0.0
      ],
      [
        21.99781608581543,
        52.2664794921875,
        63.45494079589844
      ],
      [
        4.993737697601318,
        44.84982681274414,
        0.0
      ],
      [
        20.223398208618164,
        50.18934631347656,
        27.22044563293457
      ],
      [
        4.656931400299072,
        10.014471054077148,
        1.1917073726654053
      ]
    ],
    "risk_strategy_bitmap": 64,
    "tp_multiplier": 0.15678468346595764,
    "sl_multiplier": 0.05402446910738945,
    "leverage": 14
  }
}