{
  "rank": 39,
  "bot_id": 1968,
  "fitness_score": 649.5225219726562,
  "total_pnl": 6495.2255859375,
  "win_rate": 35.40372670807454,
  "total_trades": 644,
  "sharpe_ratio": 0.0,
  "max_drawdown": 0.0,
  "survival_generations": 2,
  "config": {
    "num_indicators": 5,
    "indicator_indices": [
      0,
      28,
      22,
      43,
      42
    ],
    "indicator_params": [
      [
        4.990192413330078,
        160.1058349609375,
        0.0
      ],
      [
        4.578305244445801,
        21.026620864868164,
        1.3784356117248535
      ],
      [
        4.3159284591674805,
        2.991631507873535,
        1.4633193016052246
      ],
      [
        6.354287624359131,
        70.14945220947266,
        0.0
      ],
      [
        9.201872825622559,
        87.1052474975586,
        0.0
      ]
    ],
    "risk_strategy_bitmap": 2304,
    "tp_multiplier": 0.1812223345041275,
    "sl_multiplier": 0.04081469029188156,
    "leverage": 1
  }
}