{
  "rank": 21,
  "bot_id": 16651,
  "fitness_score": 14.75188159942627,
  "total_pnl": 147.51881408691406,
  "win_rate": 75.0,
  "total_trades": 12,
  "sharpe_ratio": 1.5594757795333862,
  "max_drawdown": 0.0,
  "survival_generations": 1,
  "config": {
    "num_indicators": 3,
    "indicator_indices": [
      12,
      13,
      29
    ],
    "indicator_params": [
      [
        4.565915107727051,
        19.344886779785156,
        0.5627599954605103
      ],
      [
        7.896172523498535,
        59.34714126586914,
        0.0
      ],
      [
        0.0,
        0.0,
        0.0
      ]
    ],
    "risk_strategy": 1,
    "risk_param": 1905.5787353515625,
    "tp_multiplier": 0.0643501803278923,
    "sl_multiplier": 0.07356403023004532,
    "leverage": 1
  }
}