{
  "rank": 70,
  "bot_id": 7175,
  "fitness_score": 19.369197845458984,
  "total_pnl": 193.69198608398438,
  "win_rate": 100.0,
  "total_trades": 21,
  "sharpe_ratio": 0.0,
  "max_drawdown": 0.0,
  "survival_generations": 2,
  "config": {
    "num_indicators": 4,
    "indicator_indices": [
      30,
      49,
      21,
      37
    ],
    "indicator_params": [
      [
        2.966352701187134,
        39.277496337890625,
        0.0
      ],
      [
        8.656824111938477,
        30.57953643798828,
        0.0
      ],
      [
        4.5094122886657715,
        6.484684467315674,
        1.3574162721633911
      ],
      [
        3.2427403926849365,
        26.08816146850586,
        0.0
      ]
    ],
    "risk_strategy_bitmap": 18944,
    "tp_multiplier": 0.0925065129995346,
    "sl_multiplier": 0.005658757872879505,
    "leverage": 22
  }
}