{
  "rank": 94,
  "bot_id": 3893,
  "fitness_score": 9.479289054870605,
  "total_pnl": 94.79288482666016,
  "win_rate": 50.0,
  "total_trades": 16,
  "sharpe_ratio": 1.2540000677108765,
  "max_drawdown": 0.0,
  "survival_generations": 2,
  "config": {
    "num_indicators": 2,
    "indicator_indices": [
      18,
      32
    ],
    "indicator_params": [
      [
        9.61002254486084,
        69.88375854492188,
        0.0
      ],
      [
        3.8019790649414062,
        15.82912540435791,
        1.193590521812439
      ]
    ],
    "risk_strategy": 14,
    "risk_param": 0.15352697670459747,
    "tp_multiplier": 0.10515146702528,
    "sl_multiplier": 0.03807259351015091,
    "leverage": 1
  }
}