{
  "rank": 19,
  "bot_id": 2036,
  "fitness_score": 191.55380249023438,
  "total_pnl": 1915.5380859375,
  "win_rate": 88.0503144654088,
  "total_trades": 159,
  "sharpe_ratio": 0.0,
  "max_drawdown": 0.0,
  "survival_generations": 2,
  "config": {
    "num_indicators": 2,
    "indicator_indices": [
      37,
      29
    ],
    "indicator_params": [
      [
        2.5060431957244873,
        13.5333833694458,
        0.0
      ],
      [
        4.95435094833374,
        45.732791900634766,
        0.03773626685142517
      ]
    ],
    "risk_strategy_bitmap": 8256,
    "tp_multiplier": 0.13712528347969055,
    "sl_multiplier": 0.08036121726036072,
    "leverage": 2
  }
}