{
  "rank": 28,
  "bot_id": 28,
  "fitness_score": 0.0,
  "total_pnl": 0.0,
  "win_rate": 0.0,
  "total_trades": 0,
  "sharpe_ratio": 0.0,
  "max_drawdown": 0.0,
  "survival_generations": 1,
  "config": {
    "num_indicators": 5,
    "indicator_indices": [
      28,
      32,
      45,
      13,
      31
    ],
    "indicator_params": [
      [
        4.687175750732422,
        0.5445539951324463,
        0.868976354598999
      ],
      [
        2.0338497161865234,
        30.549673080444336,
        0.0
      ],
      [
        4.665847301483154,
        27.89887809753418,
        0.0
      ],
      [
        32.54182434082031,
        52.11322021484375,
        25.746999740600586
      ],
      [
        3.6073484420776367,
        44.63405227661133,
        0.0
      ]
    ],
    "risk_strategy_bitmap": 112,
    "tp_multiplier": 0.02328081801533699,
    "sl_multiplier": 0.022913264110684395,
    "leverage": 10
  }
}