{
  "rank": 44,
  "bot_id": 16531,
  "fitness_score": 31.984603881835938,
  "total_pnl": 319.8460388183594,
  "win_rate": 40.078125,
  "total_trades": 1280,
  "sharpe_ratio": 0.0,
  "max_drawdown": 0.0,
  "survival_generations": 1,
  "config": {
    "num_indicators": 3,
    "indicator_indices": [
      13,
      29,
      35
    ],
    "indicator_params": [
      [
        4.565915107727051,
        19.344886779785156,
        0.5627599954605103
      ],
      [
        7.896172523498535,
        59.34714126586914,
        0.0
      ],
      [
        0.0,
        0.0,
        0.0
      ]
    ],
    "risk_strategy_bitmap": 16512,
    "tp_multiplier": 0.183910071849823,
    "sl_multiplier": 0.06775784492492676,
    "leverage": 7
  }
}