{
  "rank": 10,
  "bot_id": 125,
  "fitness_score": 0.0,
  "total_pnl": 3107.8701171875,
  "win_rate": 38.88888888888889,
  "total_trades": 72,
  "sharpe_ratio": 0.2871192693710327,
  "max_drawdown": 0.23746426403522491,
  "survival_generations": 1,
  "config": {
    "num_indicators": 4,
    "indicator_indices": [
      17,
      19,
      46,
      47
    ],
    "indicator_params": [
      [
        4.7637739181518555,
        90.7912826538086,
        0.0
      ],
      [
        1.895906925201416,
        44.2806282043457,
        0.0
      ],
      [
        4.410022735595703,
        39.33012771606445,
        1.3245115280151367
      ],
      [
        4.945826053619385,
        36.51100540161133,
        0.0
      ]
    ],
    "indicator_risk_strategies": [
      13,
      1,
      10,
      3
    ],
    "risk_param": 0.026474958285689354,
    "tp_multiplier": 0.0,
    "sl_multiplier": 0.0,
    "leverage": 125
  }
}