{
  "rank": 84,
  "bot_id": 3392,
  "fitness_score": 10.148537635803223,
  "total_pnl": 101.48538208007812,
  "win_rate": 100.0,
  "total_trades": 3,
  "sharpe_ratio": 0.0,
  "max_drawdown": 0.0,
  "survival_generations": 2,
  "config": {
    "num_indicators": 5,
    "indicator_indices": [
      12,
      42,
      31,
      2,
      47
    ],
    "indicator_params": [
      [
        22.9411563873291,
        55.79447555541992,
        44.171749114990234
      ],
      [
        5.2763519287109375,
        61.28614807128906,
        0.0
      ],
      [
        4.074422836303711,
        33.92761993408203,
        0.0
      ],
      [
        4.642927646636963,
        96.90623474121094,
        0.0
      ],
      [
        6.5040483474731445,
        17.34103012084961,
        0.0
      ]
    ],
    "risk_strategy_bitmap": 160,
    "tp_multiplier": 0.1049172505736351,
    "sl_multiplier": 0.05661502480506897,
    "leverage": 10
  }
}