{
  "rank": 76,
  "bot_id": 12525,
  "fitness_score": 13.62955093383789,
  "total_pnl": 136.29551696777344,
  "win_rate": 100.0,
  "total_trades": 15,
  "sharpe_ratio": 0.0,
  "max_drawdown": 0.0,
  "survival_generations": 1,
  "config": {
    "num_indicators": 4,
    "indicator_indices": [
      23,
      13,
      43,
      6
    ],
    "indicator_params": [
      [
        4.1194257736206055,
        44.543548583984375,
        1.3299673795700073
      ],
      [
        38.93067932128906,
        57.37691116333008,
        41.6108512878418
      ],
      [
        4.770357608795166,
        15.633225440979004,
        0.0
      ],
      [
        4.824703216552734,
        50.69817352294922,
        0.0
      ]
    ],
    "risk_strategy_bitmap": 28,
    "tp_multiplier": 0.23004435002803802,
    "sl_multiplier": 0.07597602903842926,
    "leverage": 4
  }
}