{
  "rank": 39,
  "bot_id": 5456,
  "fitness_score": 35.726173400878906,
  "total_pnl": 357.2617492675781,
  "win_rate": 50.42029420594416,
  "total_trades": 6662,
  "sharpe_ratio": 0.0,
  "max_drawdown": 0.0,
  "survival_generations": 2,
  "config": {
    "num_indicators": 2,
    "indicator_indices": [
      46,
      13
    ],
    "indicator_params": [
      [
        8.526402473449707,
        24.557512283325195,
        0.0
      ],
      [
        24.008750915527344,
        55.001651763916016,
        57.04117202758789
      ]
    ],
    "risk_strategy_bitmap": 416,
    "tp_multiplier": 0.17960281670093536,
    "sl_multiplier": 0.09066454321146011,
    "leverage": 3
  }
}