{
  "rank": 56,
  "bot_id": 9430,
  "fitness_score": 20056.865234375,
  "total_pnl": 200568.65625,
  "win_rate": 49.58014455782313,
  "total_trades": 37632,
  "sharpe_ratio": 0.0,
  "max_drawdown": 0.0,
  "survival_generations": 2,
  "config": {
    "num_indicators": 2,
    "indicator_indices": [
      48,
      29
    ],
    "indicator_params": [
      [
        7.769942760467529,
        64.76305389404297,
        0.0
      ],
      [
        3.186018943786621,
        6.847784042358398,
        0.46877574920654297
      ]
    ],
    "risk_strategy_bitmap": 2,
    "tp_multiplier": 0.18850776553153992,
    "sl_multiplier": 0.05039222165942192,
    "leverage": 16
  }
}