{
  "rank": 31,
  "bot_id": 5655,
  "fitness_score": 23874.513671875,
  "total_pnl": 238745.125,
  "win_rate": 29.945817812394175,
  "total_trades": 236240,
  "sharpe_ratio": 0.0,
  "max_drawdown": 0.0,
  "survival_generations": 2,
  "config": {
    "num_indicators": 2,
    "indicator_indices": [
      30,
      38
    ],
    "indicator_params": [
      [
        3.7306480407714844,
        27.840110778808594,
        0.0
      ],
      [
        0.33662378787994385,
        26.183393478393555,
        0.0
      ]
    ],
    "risk_strategy_bitmap": 512,
    "tp_multiplier": 0.08665640652179718,
    "sl_multiplier": 0.09657710045576096,
    "leverage": 23
  }
}