{
  "rank": 16,
  "bot_id": 8431,
  "fitness_score": 16.885149002075195,
  "total_pnl": 168.85150146484375,
  "win_rate": 36.666666666666664,
  "total_trades": 30,
  "sharpe_ratio": 1.3942875862121582,
  "max_drawdown": 0.0,
  "survival_generations": 2,
  "config": {
    "num_indicators": 4,
    "indicator_indices": [
      21,
      22,
      32,
      33
    ],
    "indicator_params": [
      [
        3.589207649230957,
        180.93922424316406,
        0.0
      ],
      [
        3.0483219623565674,
        19.37238311767578,
        0.0
      ],
      [
        1.429470181465149,
        47.597129821777344,
        0.0
      ],
      [
        0.0,
        0.0,
        0.0
      ]
    ],
    "risk_strategy": 4,
    "risk_param": 0.7599419355392456,
    "tp_multiplier": 0.05047418922185898,
    "sl_multiplier": 0.011816823855042458,
    "leverage": 1
  }
}