{
  "rank": 97,
  "bot_id": 17402,
  "fitness_score": 551.575439453125,
  "total_pnl": 5515.75439453125,
  "win_rate": 29.993275050437123,
  "total_trades": 1487,
  "sharpe_ratio": 0.0,
  "max_drawdown": 0.0,
  "survival_generations": 1,
  "config": {
    "num_indicators": 5,
    "indicator_indices": [
      43,
      42,
      3,
      6,
      7
    ],
    "indicator_params": [
      [
        7.619906425476074,
        17.476303100585938,
        0.0
      ],
      [
        6.711577415466309,
        78.8175277709961,
        0.0
      ],
      [
        3.184145927429199,
        31.513477325439453,
        0.0
      ],
      [
        4.6176652908325195,
        137.2134552001953,
        0.0
      ],
      [
        3.148817300796509,
        157.03280639648438,
        0.0
      ]
    ],
    "risk_strategy_bitmap": 130,
    "tp_multiplier": 0.11822687089443207,
    "sl_multiplier": 0.06683365255594254,
    "leverage": 11
  }
}