{
  "rank": 14,
  "bot_id": 15298,
  "fitness_score": 300.598876953125,
  "total_pnl": 3005.98876953125,
  "win_rate": 97.87234042553192,
  "total_trades": 141,
  "sharpe_ratio": 0.0,
  "max_drawdown": 0.0,
  "survival_generations": 1,
  "config": {
    "num_indicators": 3,
    "indicator_indices": [
      13,
      22,
      37
    ],
    "indicator_params": [
      [
        3.9179325103759766,
        38.744625091552734,
        0.6806639432907104
      ],
      [
        0.0,
        0.0,
        0.0
      ],
      [
        0.0,
        0.0,
        0.0
      ]
    ],
    "risk_strategy_bitmap": 2048,
    "tp_multiplier": 0.21806664764881134,
    "sl_multiplier": 0.03792320191860199,
    "leverage": 15
  }
}