{
  "rank": 9,
  "bot_id": 85,
  "fitness_score": 0.0,
  "total_pnl": 556.596435546875,
  "win_rate": 33.33333333333333,
  "total_trades": 3,
  "sharpe_ratio": 0.22310233116149902,
  "max_drawdown": 0.0007667640456929803,
  "survival_generations": 1,
  "config": {
    "num_indicators": 5,
    "indicator_indices": [
      3,
      15,
      20,
      24,
      44
    ],
    "indicator_params": [
      [
        35.834442138671875,
        54.72024917602539,
        67.49778747558594
      ],
      [
        4.660095691680908,
        20.38666343688965,
        0.6203733086585999
      ],
      [
        8.277244567871094,
        91.70650482177734,
        0.0
      ],
      [
        0.0,
        0.0,
        0.0
      ],
      [
        0.0,
        0.0,
        0.0
      ]
    ],
    "indicator_risk_strategies": [
      10,
      12,
      14,
      0,
      0
    ],
    "risk_param": 1.5313794612884521,
    "tp_multiplier": 0.0,
    "sl_multiplier": 0.0,
    "leverage": 125
  }
}