{
  "rank": 20,
  "bot_id": 227,
  "fitness_score": 0.0,
  "total_pnl": 5476.79736328125,
  "win_rate": 12.862318840579709,
  "total_trades": 1656,
  "sharpe_ratio": 1.2385774850845337,
  "max_drawdown": 0.0,
  "survival_generations": 1,
  "config": {
    "num_indicators": 5,
    "indicator_indices": [
      3,
      5,
      10,
      34,
      48
    ],
    "indicator_params": [
      [
        4.750712871551514,
        166.17266845703125,
        0.0
      ],
      [
        0.0,
        0.0,
        0.0
      ],
      [
        0.0,
        0.0,
        0.0
      ],
      [
        0.0,
        0.0,
        0.0
      ],
      [
        0.0,
        0.0,
        0.0
      ]
    ],
    "indicator_risk_strategies": [
      12,
      0,
      0,
      0,
      0
    ],
    "risk_param": 0.011465007439255714,
    "tp_multiplier": 0.0,
    "sl_multiplier": 0.0,
    "leverage": 125
  }
}