{
  "rank": 58,
  "bot_id": 8044,
  "fitness_score": 11.48276424407959,
  "total_pnl": 114.82763671875,
  "win_rate": 41.66666666666667,
  "total_trades": 24,
  "sharpe_ratio": 0.8436686992645264,
  "max_drawdown": 0.0,
  "survival_generations": 2,
  "config": {
    "num_indicators": 3,
    "indicator_indices": [
      8,
      23,
      32
    ],
    "indicator_params": [
      [
        4.760537624359131,
        10.844457626342773,
        1.2543352842330933
      ],
      [
        29.673601150512695,
        52.46516799926758,
        41.04340362548828
      ],
      [
        0.0,
        0.0,
        0.0
      ]
    ],
    "risk_strategy": 1,
    "risk_param": 6396.6396484375,
    "tp_multiplier": 0.15745888650417328,
    "sl_multiplier": 0.056497521698474884,
    "leverage": 1
  }
}