{
  "rank": 96,
  "bot_id": 7319,
  "fitness_score": 8.014090538024902,
  "total_pnl": 80.14090728759766,
  "win_rate": 60.0,
  "total_trades": 10,
  "sharpe_ratio": 1.3243681192398071,
  "max_drawdown": 0.0,
  "survival_generations": 2,
  "config": {
    "num_indicators": 3,
    "indicator_indices": [
      8,
      34,
      46
    ],
    "indicator_params": [
      [
        4.266377925872803,
        88.0390396118164,
        0.0
      ],
      [
        4.609119415283203,
        47.06914520263672,
        0.3657483458518982
      ],
      [
        37.77164840698242,
        54.353981018066406,
        35.22708511352539
      ]
    ],
    "risk_strategy": 1,
    "risk_param": 4423.517578125,
    "tp_multiplier": 0.06002497673034668,
    "sl_multiplier": 0.05855625495314598,
    "leverage": 1
  }
}