{
  "rank": 10,
  "bot_id": 10,
  "fitness_score": 0.0,
  "total_pnl": 0.0,
  "win_rate": 0.0,
  "total_trades": 0,
  "sharpe_ratio": 0.0,
  "max_drawdown": 0.0,
  "survival_generations": 1,
  "config": {
    "num_indicators": 2,
    "indicator_indices": [
      41,
      26
    ],
    "indicator_params": [
      [
        6.0770134925842285,
        11.441743850708008,
        0.0
      ],
      [
        4.059047698974609,
        8.944863319396973,
        0.3456050455570221
      ]
    ],
    "risk_strategy_bitmap": 6144,
    "tp_multiplier": 0.07887367904186249,
    "sl_multiplier": 0.09637799113988876,
    "leverage": 9
  }
}