{
  "rank": 98,
  "bot_id": 16091,
  "fitness_score": 6.249446392059326,
  "total_pnl": 62.49446487426758,
  "win_rate": 100.0,
  "total_trades": 3,
  "sharpe_ratio": 0.0,
  "max_drawdown": 0.0,
  "survival_generations": 1,
  "config": {
    "num_indicators": 5,
    "indicator_indices": [
      6,
      20,
      2,
      12,
      21
    ],
    "indicator_params": [
      [
        1.759941577911377,
        3.610062599182129,
        0.0
      ],
      [
        4.995205402374268,
        7.3533830642700195,
        0.4657638967037201
      ],
      [
        1.6649279594421387,
        192.32447814941406,
        0.0
      ],
      [
        25.585412979125977,
        53.283756256103516,
        44.29339599609375
      ],
      [
        4.321122169494629,
        1.3208180665969849,
        0.9650084972381592
      ]
    ],
    "risk_strategy_bitmap": 4096,
    "tp_multiplier": 0.11716528981924057,
    "sl_multiplier": 0.0754474475979805,
    "leverage": 3
  }
}