{
  "rank": 86,
  "bot_id": 16982,
  "fitness_score": 8.744985580444336,
  "total_pnl": 87.44985961914062,
  "win_rate": 54.54545454545454,
  "total_trades": 11,
  "sharpe_ratio": 0.8786260485649109,
  "max_drawdown": 0.0,
  "survival_generations": 1,
  "config": {
    "num_indicators": 3,
    "indicator_indices": [
      31,
      20,
      19
    ],
    "indicator_params": [
      [
        3.5027172565460205,
        37.00420379638672,
        0.0
      ],
      [
        4.401302814483643,
        4.099717617034912,
        0.8659961223602295
      ],
      [
        34.26361083984375,
        52.40402603149414,
        67.98566436767578
      ]
    ],
    "risk_strategy": 0,
    "risk_param": 0.09308245033025742,
    "tp_multiplier": 0.1269507259130478,
    "sl_multiplier": 0.04862072318792343,
    "leverage": 1
  }
}