{
  "rank": 36,
  "bot_id": 379,
  "fitness_score": 0.0,
  "total_pnl": 790.1016845703125,
  "win_rate": 100.0,
  "total_trades": 2,
  "sharpe_ratio": 0.22360682487487793,
  "max_drawdown": 0.0,
  "survival_generations": 1,
  "config": {
    "num_indicators": 5,
    "indicator_indices": [
      2,
      11,
      38,
      42,
      48
    ],
    "indicator_params": [
      [
        3.743598461151123,
        21.66140365600586,
        0.6448953151702881
      ],
      [
        0.04735231399536133,
        25.863555908203125,
        0.0
      ],
      [
        4.285141944885254,
        11.389577865600586,
        1.0224088430404663
      ],
      [
        4.536529064178467,
        87.76705169677734,
        0.0
      ],
      [
        0.0,
        0.0,
        0.0
      ]
    ],
    "indicator_risk_strategies": [
      5,
      4,
      6,
      8,
      0
    ],
    "risk_param": 3.618839979171753,
    "tp_multiplier": 0.0,
    "sl_multiplier": 0.0,
    "leverage": 125
  }
}