{
  "rank": 35,
  "bot_id": 35,
  "fitness_score": 0.0,
  "total_pnl": 0.0,
  "win_rate": 0.0,
  "total_trades": 0,
  "sharpe_ratio": 0.0,
  "max_drawdown": 0.0,
  "survival_generations": 1,
  "config": {
    "num_indicators": 4,
    "indicator_indices": [
      11,
      26,
      0,
      13
    ],
    "indicator_params": [
      [
        12.11961555480957,
        53.78034973144531,
        32.08498001098633
      ],
      [
        3.0127615928649902,
        12.020784378051758,
        0.7888310551643372
      ],
      [
        1.2244501113891602,
        50.32491683959961,
        0.0
      ],
      [
        30.32376480102539,
        50.08915328979492,
        38.35420608520508
      ]
    ],
    "risk_strategy_bitmap": 6228,
    "tp_multiplier": 0.20704858005046844,
    "sl_multiplier": 0.03896300867199898,
    "leverage": 15
  }
}