{
  "rank": 78,
  "bot_id": 776,
  "fitness_score": 0.0,
  "total_pnl": 1090.8446044921875,
  "win_rate": 100.0,
  "total_trades": 3,
  "sharpe_ratio": 0.375640332698822,
  "max_drawdown": 0.0,
  "survival_generations": 1,
  "config": {
    "num_indicators": 5,
    "indicator_indices": [
      1,
      2,
      11,
      15,
      46
    ],
    "indicator_params": [
      [
        2.9329581260681152,
        111.694580078125,
        0.0
      ],
      [
        34.36202621459961,
        58.840614318847656,
        67.23690795898438
      ],
      [
        4.090741157531738,
        9.984871864318848,
        0.3327943682670593
      ],
      [
        6.1932053565979,
        57.491703033447266,
        22.97610855102539
      ],
      [
        3.554769277572632,
        44.3338623046875,
        0.0
      ]
    ],
    "indicator_risk_strategies": [
      7,
      1,
      5,
      13,
      1
    ],
    "risk_param": 1.6525728702545166,
    "tp_multiplier": 0.0,
    "sl_multiplier": 0.0,
    "leverage": 125
  }
}