{
  "rank": 41,
  "bot_id": 8421,
  "fitness_score": 33.92167663574219,
  "total_pnl": 339.2167663574219,
  "win_rate": 34.31188840308141,
  "total_trades": 9606,
  "sharpe_ratio": 0.0,
  "max_drawdown": 0.0,
  "survival_generations": 2,
  "config": {
    "num_indicators": 2,
    "indicator_indices": [
      15,
      27
    ],
    "indicator_params": [
      [
        18.314617156982422,
        51.14626693725586,
        20.553211212158203
      ],
      [
        4.492769241333008,
        49.47395706176758,
        0.7032057046890259
      ]
    ],
    "risk_strategy_bitmap": 4233,
    "tp_multiplier": 0.16483114659786224,
    "sl_multiplier": 0.0127141447737813,
    "leverage": 3
  }
}