{
  "rank": 67,
  "bot_id": 173,
  "fitness_score": 9.63160228729248,
  "total_pnl": 96.31602478027344,
  "win_rate": 75.0,
  "total_trades": 12,
  "sharpe_ratio": 1.48035728931427,
  "max_drawdown": 0.0,
  "survival_generations": 2,
  "config": {
    "num_indicators": 1,
    "indicator_indices": [
      12
    ],
    "indicator_params": [
      [
        6.6525678634643555,
        77.8703384399414,
        0.0
      ]
    ],
    "risk_strategy": 14,
    "risk_param": 0.11678823083639145,
    "tp_multiplier": 0.07129558175802231,
    "sl_multiplier": 0.09950993210077286,
    "leverage": 1
  }
}