{
  "rank": 23,
  "bot_id": 19677,
  "fitness_score": 10.757608413696289,
  "total_pnl": 107.57608032226562,
  "win_rate": 16.419141914191417,
  "total_trades": 1212,
  "sharpe_ratio": 0.0,
  "max_drawdown": 0.0,
  "survival_generations": 4,
  "config": {
    "num_indicators": 3,
    "indicator_indices": [
      19,
      26,
      5
    ],
    "indicator_params": [
      [
        9.848552703857422,
        53.122703552246094,
        48.84429931640625
      ],
      [
        3.3494248390197754,
        35.69950866699219,
        0.9963144659996033
      ],
      [
        4.457855701446533,
        65.99667358398438,
        0.0
      ]
    ],
    "risk_strategy_bitmap": 17474,
    "tp_multiplier": 0.15032954514026642,
    "sl_multiplier": 0.025999702513217926,
    "leverage": 70
  }
}