{
  "rank": 24,
  "bot_id": 3168,
  "fitness_score": 17.311349868774414,
  "total_pnl": 173.11349487304688,
  "win_rate": 50.76923076923077,
  "total_trades": 65,
  "sharpe_ratio": 1.281927466392517,
  "max_drawdown": 0.0,
  "survival_generations": 2,
  "config": {
    "num_indicators": 3,
    "indicator_indices": [
      15,
      21,
      23
    ],
    "indicator_params": [
      [
        3.392706871032715,
        42.192474365234375,
        1.322763204574585
      ],
      [
        0.0,
        0.0,
        0.0
      ],
      [
        0.0,
        0.0,
        0.0
      ]
    ],
    "risk_strategy": 2,
    "risk_param": 0.9317802786827087,
    "tp_multiplier": 0.04000820964574814,
    "sl_multiplier": 0.08318425714969635,
    "leverage": 1
  }
}