{
  "rank": 62,
  "bot_id": 13190,
  "fitness_score": 19668.42578125,
  "total_pnl": 196684.265625,
  "win_rate": 32.82426218650091,
  "total_trades": 78509,
  "sharpe_ratio": 0.0,
  "max_drawdown": 0.0,
  "survival_generations": 1,
  "config": {
    "num_indicators": 3,
    "indicator_indices": [
      22,
      46,
      48
    ],
    "indicator_params": [
      [
        7.166112899780273,
        52.46356964111328,
        0.0
      ],
      [
        1.7540353536605835,
        131.53048706054688,
        0.0
      ],
      [
        3.2237367630004883,
        26.271291732788086,
        1.2841527462005615
      ]
    ],
    "risk_strategy_bitmap": 256,
    "tp_multiplier": 0.20930960774421692,
    "sl_multiplier": 0.030508918687701225,
    "leverage": 23
  }
}