{
  "rank": 68,
  "bot_id": 674,
  "fitness_score": 10.890921592712402,
  "total_pnl": 108.90921020507812,
  "win_rate": 18.75,
  "total_trades": 96,
  "sharpe_ratio": 0.8613784313201904,
  "max_drawdown": 0.0,
  "survival_generations": 2,
  "config": {
    "num_indicators": 4,
    "indicator_indices": [
      13,
      14,
      39,
      48
    ],
    "indicator_params": [
      [
        4.519255638122559,
        26.162565231323242,
        0.0
      ],
      [
        3.003495454788208,
        5.150821685791016,
        0.0
      ],
      [
        0.0,
        0.0,
        0.0
      ],
      [
        0.0,
        0.0,
        0.0
      ]
    ],
    "risk_strategy": 1,
    "risk_param": 2863.328857421875,
    "tp_multiplier": 0.06503018736839294,
    "sl_multiplier": 0.006919626612216234,
    "leverage": 1
  }
}