{
  "rank": 3,
  "bot_id": 45,
  "fitness_score": 0.0,
  "total_pnl": 13806.974609375,
  "win_rate": 17.073170731707318,
  "total_trades": 697,
  "sharpe_ratio": 0.38419678807258606,
  "max_drawdown": 0.19578565657138824,
  "survival_generations": 1,
  "config": {
    "num_indicators": 5,
    "indicator_indices": [
      15,
      16,
      19,
      47,
      48
    ],
    "indicator_params": [
      [
        3.264557361602783,
        15.58663272857666,
        0.23576205968856812
      ],
      [
        6.380043983459473,
        50.01200485229492,
        47.84176254272461
      ],
      [
        0.924435555934906,
        34.2576904296875,
        0.0
      ],
      [
        5.098047733306885,
        24.011016845703125,
        0.0
      ],
      [
        0.0,
        0.0,
        0.0
      ]
    ],
    "indicator_risk_strategies": [
      3,
      8,
      10,
      12,
      0
    ],
    "risk_param": 0.09514181315898895,
    "tp_multiplier": 0.0,
    "sl_multiplier": 0.0,
    "leverage": 125
  }
}