{
  "rank": 88,
  "bot_id": 13573,
  "fitness_score": 9.755083084106445,
  "total_pnl": 97.55083465576172,
  "win_rate": 40.0,
  "total_trades": 25,
  "sharpe_ratio": 0.8669501543045044,
  "max_drawdown": 0.0,
  "survival_generations": 1,
  "config": {
    "num_indicators": 4,
    "indicator_indices": [
      8,
      23,
      32,
      34
    ],
    "indicator_params": [
      [
        8.186079025268555,
        19.880754470825195,
        0.0
      ],
      [
        0.0,
        0.0,
        0.0
      ],
      [
        0.0,
        0.0,
        0.0
      ],
      [
        0.0,
        0.0,
        0.0
      ]
    ],
    "risk_strategy": 4,
    "risk_param": 0.5619832873344421,
    "tp_multiplier": 0.09704345464706421,
    "sl_multiplier": 0.09777864813804626,
    "leverage": 1
  }
}