{
  "rank": 50,
  "bot_id": 17950,
  "fitness_score": 11.281787872314453,
  "total_pnl": 112.81788635253906,
  "win_rate": 53.84615384615385,
  "total_trades": 13,
  "sharpe_ratio": 1.204859972000122,
  "max_drawdown": 0.0,
  "survival_generations": 1,
  "config": {
    "num_indicators": 5,
    "indicator_indices": [
      12,
      14,
      16,
      20,
      23
    ],
    "indicator_params": [
      [
        4.52846097946167,
        34.32363510131836,
        0.7678534388542175
      ],
      [
        3.9205641746520996,
        37.391090393066406,
        0.7906123399734497
      ],
      [
        0.0,
        0.0,
        0.0
      ],
      [
        0.0,
        0.0,
        0.0
      ],
      [
        0.0,
        0.0,
        0.0
      ]
    ],
    "risk_strategy": 8,
    "risk_param": 0.08448068797588348,
    "tp_multiplier": 0.11544079333543777,
    "sl_multiplier": 0.018280725926160812,
    "leverage": 1
  }
}