{
  "rank": 24,
  "bot_id": 5265,
  "fitness_score": 46.3420295715332,
  "total_pnl": 463.4202880859375,
  "win_rate": 20.595167943429583,
  "total_trades": 3394,
  "sharpe_ratio": 0.0,
  "max_drawdown": 0.0,
  "survival_generations": 2,
  "config": {
    "num_indicators": 4,
    "indicator_indices": [
      29,
      14,
      49,
      13
    ],
    "indicator_params": [
      [
        4.845156669616699,
        1.5937507152557373,
        0.3471066355705261
      ],
      [
        24.251113891601562,
        52.71230697631836,
        50.32564163208008
      ],
      [
        1.1529392004013062,
        70.01295471191406,
        0.0
      ],
      [
        38.88809585571289,
        57.8319206237793,
        32.13666915893555
      ]
    ],
    "risk_strategy_bitmap": 128,
    "tp_multiplier": 0.2181844413280487,
    "sl_multiplier": 0.011149761267006397,
    "leverage": 14
  }
}