{
  "rank": 27,
  "bot_id": 3468,
  "fitness_score": 16.767404556274414,
  "total_pnl": 167.67405700683594,
  "win_rate": 53.333333333333336,
  "total_trades": 60,
  "sharpe_ratio": 1.5559865236282349,
  "max_drawdown": 0.0,
  "survival_generations": 2,
  "config": {
    "num_indicators": 3,
    "indicator_indices": [
      14,
      22,
      41
    ],
    "indicator_params": [
      [
        4.093011856079102,
        17.085588455200195,
        0.0
      ],
      [
        0.0,
        0.0,
        0.0
      ],
      [
        0.0,
        0.0,
        0.0
      ]
    ],
    "risk_strategy": 1,
    "risk_param": 2510.639404296875,
    "tp_multiplier": 0.17093859612941742,
    "sl_multiplier": 0.031557172536849976,
    "leverage": 1
  }
}