{
  "rank": 45,
  "bot_id": 5231,
  "fitness_score": 21055.35546875,
  "total_pnl": 210553.5625,
  "win_rate": 30.46196195426515,
  "total_trades": 130054,
  "sharpe_ratio": 0.0,
  "max_drawdown": 0.0,
  "survival_generations": 2,
  "config": {
    "num_indicators": 2,
    "indicator_indices": [
      38,
      21
    ],
    "indicator_params": [
      [
        3.216062068939209,
        35.16838836669922,
        0.0
      ],
      [
        4.214871883392334,
        31.86134147644043,
        0.36760827898979187
      ]
    ],
    "risk_strategy_bitmap": 6214,
    "tp_multiplier": 0.12500613927841187,
    "sl_multiplier": 0.09306669980287552,
    "leverage": 24
  }
}