{
  "rank": 56,
  "bot_id": 16901,
  "fitness_score": 11.879480361938477,
  "total_pnl": 118.7947998046875,
  "win_rate": 54.54545454545454,
  "total_trades": 22,
  "sharpe_ratio": 0.6690312027931213,
  "max_drawdown": 0.0,
  "survival_generations": 1,
  "config": {
    "num_indicators": 3,
    "indicator_indices": [
      20,
      28,
      12
    ],
    "indicator_params": [
      [
        4.484233856201172,
        46.44990921020508,
        1.123415231704712
      ],
      [
        3.859363079071045,
        34.859004974365234,
        1.2815536260604858
      ],
      [
        15.417153358459473,
        53.03096389770508,
        72.94049835205078
      ]
    ],
    "risk_strategy": 3,
    "risk_param": 0.7570450305938721,
    "tp_multiplier": 0.17800691723823547,
    "sl_multiplier": 0.07683177292346954,
    "leverage": 1
  }
}