{
  "rank": 44,
  "bot_id": 938,
  "fitness_score": 50.113441467285156,
  "total_pnl": 501.1343688964844,
  "win_rate": 31.963470319634702,
  "total_trades": 438,
  "sharpe_ratio": 0.0,
  "max_drawdown": 0.0,
  "survival_generations": 2,
  "config": {
    "num_indicators": 2,
    "indicator_indices": [
      37,
      27
    ],
    "indicator_params": [
      [
        2.8407273292541504,
        28.55223846435547,
        0.0
      ],
      [
        3.437819242477417,
        18.581113815307617,
        0.9207547903060913
      ]
    ],
    "risk_strategy_bitmap": 16394,
    "tp_multiplier": 0.11511749774217606,
    "sl_multiplier": 0.0935702919960022,
    "leverage": 23
  }
}