{
  "rank": 39,
  "bot_id": 8702,
  "fitness_score": 12.678252220153809,
  "total_pnl": 126.78252410888672,
  "win_rate": 66.66666666666666,
  "total_trades": 12,
  "sharpe_ratio": 45.86589813232422,
  "max_drawdown": 0.0,
  "survival_generations": 2,
  "config": {
    "num_indicators": 3,
    "indicator_indices": [
      12,
      23,
      29
    ],
    "indicator_params": [
      [
        33.56535339355469,
        57.35274887084961,
        63.774051666259766
      ],
      [
        33.236019134521484,
        52.38766098022461,
        47.625247955322266
      ],
      [
        3.619692087173462,
        187.68606567382812,
        0.0
      ]
    ],
    "risk_strategy": 6,
    "risk_param": 0.16154591739177704,
    "tp_multiplier": 0.1021936759352684,
    "sl_multiplier": 0.0848957970738411,
    "leverage": 1
  }
}