{
  "rank": 48,
  "bot_id": 821,
  "fitness_score": 626.8141479492188,
  "total_pnl": 6268.1416015625,
  "win_rate": 61.95652173913043,
  "total_trades": 276,
  "sharpe_ratio": 0.0,
  "max_drawdown": 0.0,
  "survival_generations": 2,
  "config": {
    "num_indicators": 4,
    "indicator_indices": [
      11,
      47,
      19,
      12
    ],
    "indicator_params": [
      [
        28.246910095214844,
        55.69681167602539,
        20.614482879638672
      ],
      [
        5.015798568725586,
        66.57083892822266,
        0.0
      ],
      [
        28.166378021240234,
        59.52800750732422,
        28.453205108642578
      ],
      [
        24.831527709960938,
        57.277591705322266,
        54.851680755615234
      ]
    ],
    "risk_strategy_bitmap": 1280,
    "tp_multiplier": 0.22265338897705078,
    "sl_multiplier": 0.08684785664081573,
    "leverage": 6
  }
}