{
  "rank": 87,
  "bot_id": 1003,
  "fitness_score": 0.0,
  "total_pnl": 393.9397277832031,
  "win_rate": 100.0,
  "total_trades": 1,
  "sharpe_ratio": 0.22360678017139435,
  "max_drawdown": 0.0,
  "survival_generations": 1,
  "config": {
    "num_indicators": 5,
    "indicator_indices": [
      3,
      6,
      15,
      22,
      40
    ],
    "indicator_params": [
      [
        4.623815536499023,
        17.00786018371582,
        1.4437462091445923
      ],
      [
        4.363478660583496,
        28.38043975830078,
        0.9603099822998047
      ],
      [
        4.603420257568359,
        26.731515884399414,
        1.4820640087127686
      ],
      [
        35.15787124633789,
        56.62773513793945,
        68.00947570800781
      ],
      [
        3.269357204437256,
        50.494075775146484,
        0.0
      ]
    ],
    "indicator_risk_strategies": [
      14,
      8,
      5,
      5,
      9
    ],
    "risk_param": 0.12956678867340088,
    "tp_multiplier": 0.0,
    "sl_multiplier": 0.0,
    "leverage": 125
  }
}