{
  "rank": 35,
  "bot_id": 17375,
  "fitness_score": 75.70449829101562,
  "total_pnl": 757.0449829101562,
  "win_rate": 90.32258064516128,
  "total_trades": 155,
  "sharpe_ratio": 0.0,
  "max_drawdown": 0.0,
  "survival_generations": 1,
  "config": {
    "num_indicators": 3,
    "indicator_indices": [
      14,
      37,
      46
    ],
    "indicator_params": [
      [
        3.045426607131958,
        142.68040466308594,
        0.0
      ],
      [
        0.0,
        0.0,
        0.0
      ],
      [
        0.0,
        0.0,
        0.0
      ]
    ],
    "risk_strategy_bitmap": 896,
    "tp_multiplier": 0.05439158156514168,
    "sl_multiplier": 0.09651793539524078,
    "leverage": 3
  }
}