{
  "rank": 30,
  "bot_id": 378,
  "fitness_score": 0.0,
  "total_pnl": 206.9267120361328,
  "win_rate": 100.0,
  "total_trades": 2,
  "sharpe_ratio": 0.22360679507255554,
  "max_drawdown": 0.0,
  "survival_generations": 1,
  "config": {
    "num_indicators": 5,
    "indicator_indices": [
      2,
      11,
      38,
      42,
      48
    ],
    "indicator_params": [
      [
        4.822868824005127,
        57.09120559692383,
        0.0
      ],
      [
        12.060189247131348,
        56.28493118286133,
        51.71648025512695
      ],
      [
        4.095481872558594,
        4.862636566162109,
        0.7280161380767822
      ],
      [
        37.18221664428711,
        57.16636276245117,
        24.827919006347656
      ],
      [
        0.0,
        0.0,
        0.0
      ]
    ],
    "indicator_risk_strategies": [
      7,
      14,
      7,
      8,
      0
    ],
    "risk_param": 0.9472159147262573,
    "tp_multiplier": 0.0,
    "sl_multiplier": 0.0,
    "leverage": 125
  }
}