{
  "rank": 75,
  "bot_id": 8302,
  "fitness_score": 14.990518569946289,
  "total_pnl": 149.9051971435547,
  "win_rate": 100.0,
  "total_trades": 3,
  "sharpe_ratio": 0.0,
  "max_drawdown": 0.0,
  "survival_generations": 2,
  "config": {
    "num_indicators": 4,
    "indicator_indices": [
      29,
      16,
      46,
      45
    ],
    "indicator_params": [
      [
        4.751743316650391,
        13.411903381347656,
        0.41601938009262085
      ],
      [
        35.148311614990234,
        55.40442657470703,
        37.8953971862793
      ],
      [
        4.665771007537842,
        18.87940788269043,
        0.0
      ],
      [
        5.856998443603516,
        41.58176803588867,
        0.0
      ]
    ],
    "risk_strategy_bitmap": 8448,
    "tp_multiplier": 0.08783061057329178,
    "sl_multiplier": 0.06652078777551651,
    "leverage": 22
  }
}