{
  "rank": 73,
  "bot_id": 75,
  "fitness_score": 0.0,
  "total_pnl": 0.0,
  "win_rate": 0.0,
  "total_trades": 0,
  "sharpe_ratio": 0.0,
  "max_drawdown": 0.0,
  "survival_generations": 1,
  "config": {
    "num_indicators": 4,
    "indicator_indices": [
      3,
      0,
      18,
      41
    ],
    "indicator_params": [
      [
        0.17405301332473755,
        128.95559692382812,
        0.0
      ],
      [
        2.0419774055480957,
        94.15338897705078,
        0.0
      ],
      [
        35.287193298339844,
        53.640716552734375,
        62.079811096191406
      ],
      [
        3.1246137619018555,
        0.3354787826538086,
        0.0
      ]
    ],
    "risk_strategy_bitmap": 16,
    "tp_multiplier": 0.15267173945903778,
    "sl_multiplier": 0.03847977891564369,
    "leverage": 10
  }
}