{
  "rank": 75,
  "bot_id": 8089,
  "fitness_score": 18313.66796875,
  "total_pnl": 183136.6875,
  "win_rate": 23.51784438145393,
  "total_trades": 208497,
  "sharpe_ratio": 0.0,
  "max_drawdown": 0.0,
  "survival_generations": 1,
  "config": {
    "num_indicators": 3,
    "indicator_indices": [
      16,
      6,
      49
    ],
    "indicator_params": [
      [
        18.373064041137695,
        56.30693817138672,
        64.0903091430664
      ],
      [
        4.09198522567749,
        140.5829315185547,
        0.0
      ],
      [
        4.928418159484863,
        61.73302459716797,
        0.0
      ]
    ],
    "risk_strategy_bitmap": 1025,
    "tp_multiplier": 0.10433986783027649,
    "sl_multiplier": 0.026077155023813248,
    "leverage": 25
  }
}