{
  "rank": 94,
  "bot_id": 970,
  "fitness_score": 0.0,
  "total_pnl": 525.9470825195312,
  "win_rate": 100.0,
  "total_trades": 1,
  "sharpe_ratio": 0.22360678017139435,
  "max_drawdown": 0.0,
  "survival_generations": 1,
  "config": {
    "num_indicators": 5,
    "indicator_indices": [
      3,
      6,
      15,
      22,
      40
    ],
    "indicator_params": [
      [
        3.7240986824035645,
        40.721126556396484,
        0.6034359931945801
      ],
      [
        4.065533638000488,
        43.649906158447266,
        0.0
      ],
      [
        3.481349468231201,
        29.361522674560547,
        0.0
      ],
      [
        34.09437942504883,
        51.0342903137207,
        37.53358840942383
      ],
      [
        0.0,
        0.0,
        0.0
      ]
    ],
    "indicator_risk_strategies": [
      6,
      14,
      9,
      7,
      0
    ],
    "risk_param": 0.17298400402069092,
    "tp_multiplier": 0.0,
    "sl_multiplier": 0.0,
    "leverage": 125
  }
}