{
  "rank": 81,
  "bot_id": 17184,
  "fitness_score": 17885.029296875,
  "total_pnl": 178850.296875,
  "win_rate": 45.006262466948094,
  "total_trades": 21557,
  "sharpe_ratio": 0.0,
  "max_drawdown": 0.0,
  "survival_generations": 1,
  "config": {
    "num_indicators": 3,
    "indicator_indices": [
      6,
      15,
      49
    ],
    "indicator_params": [
      [
        2.3851659297943115,
        98.73616790771484,
        0.0
      ],
      [
        0.0,
        0.0,
        0.0
      ],
      [
        0.0,
        0.0,
        0.0
      ]
    ],
    "risk_strategy_bitmap": 2,
    "tp_multiplier": 0.1686849743127823,
    "sl_multiplier": 0.024442903697490692,
    "leverage": 25
  }
}