{
  "rank": 88,
  "bot_id": 1976,
  "fitness_score": 9.993755340576172,
  "total_pnl": 99.93756103515625,
  "win_rate": 100.0,
  "total_trades": 2,
  "sharpe_ratio": 0.0,
  "max_drawdown": 0.0,
  "survival_generations": 2,
  "config": {
    "num_indicators": 5,
    "indicator_indices": [
      12,
      10,
      16,
      18,
      19
    ],
    "indicator_params": [
      [
        20.173053741455078,
        54.92197036743164,
        28.127782821655273
      ],
      [
        19.025917053222656,
        58.680267333984375,
        32.63216781616211
      ],
      [
        8.771612167358398,
        50.8848876953125,
        77.886962890625
      ],
      [
        7.259718894958496,
        50.59003448486328,
        66.7522964477539
      ],
      [
        10.318649291992188,
        58.774818420410156,
        32.14767837524414
      ]
    ],
    "risk_strategy_bitmap": 4128,
    "tp_multiplier": 0.1812964379787445,
    "sl_multiplier": 0.06577370315790176,
    "leverage": 3
  }
}