{
  "rank": 1,
  "bot_id": 10920,
  "fitness_score": 27.785747528076172,
  "total_pnl": 277.85748291015625,
  "win_rate": 82.75862068965517,
  "total_trades": 29,
  "sharpe_ratio": 1.5412839651107788,
  "max_drawdown": 0.0,
  "survival_generations": 1,
  "config": {
    "num_indicators": 3,
    "indicator_indices": [
      30,
      14,
      24
    ],
    "indicator_params": [
      [
        4.440995216369629,
        17.66156005859375,
        0.0
      ],
      [
        25.760976791381836,
        50.43490982055664,
        67.04641723632812
      ],
      [
        3.488710641860962,
        30.12531089782715,
        1.4827485084533691
      ]
    ],
    "risk_strategy": 1,
    "risk_param": 7234.400390625,
    "tp_multiplier": 0.22088196873664856,
    "sl_multiplier": 0.08688492327928543,
    "leverage": 1
  }
}