{
  "rank": 1,
  "bot_id": 1,
  "fitness_score": 0.0,
  "total_pnl": 0.0,
  "win_rate": 0.0,
  "total_trades": 0,
  "sharpe_ratio": 0.0,
  "max_drawdown": 0.0,
  "survival_generations": 1,
  "config": {
    "num_indicators": 2,
    "indicator_indices": [
      37,
      41
    ],
    "indicator_params": [
      [
        1.9223392009735107,
        34.0389404296875,
        0.0
      ],
      [
        1.7063260078430176,
        23.518680572509766,
        0.0
      ]
    ],
    "risk_strategy_bitmap": 10944,
    "tp_multiplier": 0.15560464560985565,
    "sl_multiplier": 0.07947169244289398,
    "leverage": 14
  }
}