{
  "rank": 74,
  "bot_id": 2119,
  "fitness_score": 19.821170806884766,
  "total_pnl": 198.2117156982422,
  "win_rate": 40.81283422459893,
  "total_trades": 4675,
  "sharpe_ratio": 0.0,
  "max_drawdown": 0.0,
  "survival_generations": 2,
  "config": {
    "num_indicators": 2,
    "indicator_indices": [
      29,
      27
    ],
    "indicator_params": [
      [
        4.885223388671875,
        38.432594299316406,
        0.11142092943191528
      ],
      [
        3.3184127807617188,
        47.71595001220703,
        0.4428100883960724
      ]
    ],
    "risk_strategy_bitmap": 288,
    "tp_multiplier": 0.2296098917722702,
    "sl_multiplier": 0.057882606983184814,
    "leverage": 17
  }
}