{
  "rank": 29,
  "bot_id": 342,
  "fitness_score": 0.0,
  "total_pnl": 319.3291320800781,
  "win_rate": 100.0,
  "total_trades": 1,
  "sharpe_ratio": 0.22360680997371674,
  "max_drawdown": 0.0,
  "survival_generations": 1,
  "config": {
    "num_indicators": 4,
    "indicator_indices": [
      6,
      9,
      20,
      38
    ],
    "indicator_params": [
      [
        3.8475606441497803,
        110.38525390625,
        0.0
      ],
      [
        0.0,
        0.0,
        0.0
      ],
      [
        0.0,
        0.0,
        0.0
      ],
      [
        0.0,
        0.0,
        0.0
      ]
    ],
    "indicator_risk_strategies": [
      9,
      0,
      0,
      0
    ],
    "risk_param": 1.831548810005188,
    "tp_multiplier": 0.0,
    "sl_multiplier": 0.0,
    "leverage": 125
  }
}