{
  "rank": 41,
  "bot_id": 18261,
  "fitness_score": 647.915283203125,
  "total_pnl": 6479.15283203125,
  "win_rate": 25.250501002004004,
  "total_trades": 998,
  "sharpe_ratio": 0.0,
  "max_drawdown": 0.0,
  "survival_generations": 1,
  "config": {
    "num_indicators": 3,
    "indicator_indices": [
      15,
      19,
      49
    ],
    "indicator_params": [
      [
        27.988868713378906,
        56.63673400878906,
        59.362545013427734
      ],
      [
        26.541452407836914,
        50.46453094482422,
        56.46480178833008
      ],
      [
        9.903036117553711,
        1.642543077468872,
        0.0
      ]
    ],
    "risk_strategy_bitmap": 3840,
    "tp_multiplier": 0.10910868644714355,
    "sl_multiplier": 0.029009925201535225,
    "leverage": 14
  }
}