{
  "rank": 9,
  "bot_id": 9,
  "fitness_score": 0.0,
  "total_pnl": 0.0,
  "win_rate": 0.0,
  "total_trades": 0,
  "sharpe_ratio": 0.0,
  "max_drawdown": 0.0,
  "survival_generations": 1,
  "config": {
    "num_indicators": 4,
    "indicator_indices": [
      27,
      38,
      29,
      33
    ],
    "indicator_params": [
      [
        3.459589719772339,
        34.83977508544922,
        1.3444679975509644
      ],
      [
        4.814930438995361,
        4.464006423950195,
        0.0
      ],
      [
        3.804645299911499,
        46.442359924316406,
        0.08970782160758972
      ],
      [
        1.9993633031845093,
        32.167449951171875,
        0.0
      ]
    ],
    "risk_strategy_bitmap": 16400,
    "tp_multiplier": 0.07225090265274048,
    "sl_multiplier": 0.09791620820760727,
    "leverage": 13
  }
}