{
  "rank": 5,
  "bot_id": 993,
  "fitness_score": 115.94085693359375,
  "total_pnl": 1159.4085693359375,
  "win_rate": 22.854424357754517,
  "total_trades": 84080,
  "sharpe_ratio": 0.0,
  "max_drawdown": 0.0,
  "survival_generations": 2,
  "config": {
    "num_indicators": 1,
    "indicator_indices": [
      12
    ],
    "indicator_params": [
      [
        34.18258285522461,
        55.777671813964844,
        66.41061401367188
      ]
    ],
    "risk_strategy_bitmap": 4355,
    "tp_multiplier": 0.01946054957807064,
    "sl_multiplier": 0.0022415118291974068,
    "leverage": 9
  }
}