{
  "rank": 75,
  "bot_id": 18031,
  "fitness_score": 10.284616470336914,
  "total_pnl": 102.84616088867188,
  "win_rate": 22.22222222222222,
  "total_trades": 18,
  "sharpe_ratio": 0.8643903136253357,
  "max_drawdown": 0.0,
  "survival_generations": 1,
  "config": {
    "num_indicators": 3,
    "indicator_indices": [
      44,
      23,
      46
    ],
    "indicator_params": [
      [
        3.693735122680664,
        58.19135284423828,
        0.0
      ],
      [
        4.095576286315918,
        42.00265121459961,
        0.9732493758201599
      ],
      [
        0.8908802270889282,
        11.138618469238281,
        0.0
      ]
    ],
    "risk_strategy": 14,
    "risk_param": 0.20187698304653168,
    "tp_multiplier": 0.1192585751414299,
    "sl_multiplier": 0.018455488607287407,
    "leverage": 1
  }
}