{
  "rank": 24,
  "bot_id": 9641,
  "fitness_score": 686.1868896484375,
  "total_pnl": 6861.86865234375,
  "win_rate": 46.568627450980394,
  "total_trades": 408,
  "sharpe_ratio": 0.0,
  "max_drawdown": 0.0,
  "survival_generations": 2,
  "config": {
    "num_indicators": 2,
    "indicator_indices": [
      15,
      19
    ],
    "indicator_params": [
      [
        6.097174644470215,
        53.88153839111328,
        79.28553771972656
      ],
      [
        32.05750274658203,
        54.078495025634766,
        34.56342697143555
      ]
    ],
    "risk_strategy_bitmap": 1542,
    "tp_multiplier": 0.24220064282417297,
    "sl_multiplier": 0.08582135289907455,
    "leverage": 19
  }
}