{
  "rank": 31,
  "bot_id": 31,
  "fitness_score": 0.0,
  "total_pnl": 0.0,
  "win_rate": 0.0,
  "total_trades": 0,
  "sharpe_ratio": 0.0,
  "max_drawdown": 0.0,
  "survival_generations": 1,
  "config": {
    "num_indicators": 3,
    "indicator_indices": [
      37,
      36,
      10
    ],
    "indicator_params": [
      [
        2.4143102169036865,
        1.923912763595581,
        0.0
      ],
      [
        4.213052749633789,
        11.640137672424316,
        0.0
      ],
      [
        12.628125190734863,
        59.907554626464844,
        55.378910064697266
      ]
    ],
    "risk_strategy_bitmap": 6528,
    "tp_multiplier": 0.15241140127182007,
    "sl_multiplier": 0.07180775701999664,
    "leverage": 7
  }
}