{
  "rank": 88,
  "bot_id": 6121,
  "fitness_score": 8.622210502624512,
  "total_pnl": 86.22210693359375,
  "win_rate": 36.84210526315789,
  "total_trades": 57,
  "sharpe_ratio": 1.2099393606185913,
  "max_drawdown": 0.0,
  "survival_generations": 2,
  "config": {
    "num_indicators": 4,
    "indicator_indices": [
      19,
      39,
      44,
      48
    ],
    "indicator_params": [
      [
        27.45104217529297,
        55.08905792236328,
        60.86130142211914
      ],
      [
        0.0,
        0.0,
        0.0
      ],
      [
        0.0,
        0.0,
        0.0
      ],
      [
        0.0,
        0.0,
        0.0
      ]
    ],
    "risk_strategy": 1,
    "risk_param": 442.09552001953125,
    "tp_multiplier": 0.024460315704345703,
    "sl_multiplier": 0.014714767225086689,
    "leverage": 1
  }
}