{
  "rank": 45,
  "bot_id": 45,
  "fitness_score": 0.0,
  "total_pnl": 0.0,
  "win_rate": 0.0,
  "total_trades": 0,
  "sharpe_ratio": 0.0,
  "max_drawdown": 0.0,
  "survival_generations": 1,
  "config": {
    "num_indicators": 4,
    "indicator_indices": [
      49,
      16,
      5,
      37
    ],
    "indicator_params": [
      [
        4.517636299133301,
        0.742030143737793,
        0.0
      ],
      [
        17.695144653320312,
        58.236961364746094,
        33.157352447509766
      ],
      [
        4.209351539611816,
        0.11146068572998047,
        0.0
      ],
      [
        0.5416208505630493,
        24.727783203125,
        0.0
      ]
    ],
    "risk_strategy_bitmap": 8256,
    "tp_multiplier": 0.21743588149547577,
    "sl_multiplier": 0.04085906967520714,
    "leverage": 15
  }
}