{
  "rank": 62,
  "bot_id": 5906,
  "fitness_score": 25.069549560546875,
  "total_pnl": 250.6955108642578,
  "win_rate": 100.0,
  "total_trades": 7,
  "sharpe_ratio": 0.0,
  "max_drawdown": 0.0,
  "survival_generations": 2,
  "config": {
    "num_indicators": 5,
    "indicator_indices": [
      11,
      34,
      13,
      33,
      1
    ],
    "indicator_params": [
      [
        37.301536560058594,
        59.70460891723633,
        53.42212677001953
      ],
      [
        1.6636812686920166,
        1.4666765928268433,
        0.0
      ],
      [
        38.86188507080078,
        51.71098327636719,
        56.068748474121094
      ],
      [
        4.272336483001709,
        37.58074951171875,
        0.0
      ],
      [
        4.980366230010986,
        133.75924682617188,
        0.0
      ]
    ],
    "risk_strategy_bitmap": 64,
    "tp_multiplier": 0.12988673150539398,
    "sl_multiplier": 0.07351849973201752,
    "leverage": 21
  }
}