{
  "rank": 6,
  "bot_id": 9627,
  "fitness_score": 26.545827865600586,
  "total_pnl": 265.4582824707031,
  "win_rate": 64.28571428571429,
  "total_trades": 56,
  "sharpe_ratio": 1.3037625551223755,
  "max_drawdown": 0.0,
  "survival_generations": 2,
  "config": {
    "num_indicators": 3,
    "indicator_indices": [
      12,
      14,
      32
    ],
    "indicator_params": [
      [
        3.5214662551879883,
        32.13606643676758,
        0.6258103251457214
      ],
      [
        2.5443835258483887,
        73.20128631591797,
        0.0
      ],
      [
        2.960564136505127,
        172.70834350585938,
        0.0
      ]
    ],
    "risk_strategy": 14,
    "risk_param": 0.19426889717578888,
    "tp_multiplier": 0.1096324473619461,
    "sl_multiplier": 0.05049655959010124,
    "leverage": 1
  }
}