{
  "rank": 68,
  "bot_id": 674,
  "fitness_score": 19331.25390625,
  "total_pnl": 193312.53125,
  "win_rate": 24.228913703382478,
  "total_trades": 73792,
  "sharpe_ratio": 0.0,
  "max_drawdown": 0.0,
  "survival_generations": 2,
  "config": {
    "num_indicators": 2,
    "indicator_indices": [
      49,
      34
    ],
    "indicator_params": [
      [
        4.519255638122559,
        26.162565231323242,
        0.0
      ],
      [
        3.003495454788208,
        5.150821685791016,
        0.0
      ]
    ],
    "risk_strategy_bitmap": 8448,
    "tp_multiplier": 0.017299065366387367,
    "sl_multiplier": 0.011754757724702358,
    "leverage": 25
  }
}