{
  "rank": 79,
  "bot_id": 81,
  "fitness_score": 0.0,
  "total_pnl": 0.0,
  "win_rate": 0.0,
  "total_trades": 0,
  "sharpe_ratio": 0.0,
  "max_drawdown": 0.0,
  "survival_generations": 1,
  "config": {
    "num_indicators": 3,
    "indicator_indices": [
      30,
      34,
      47
    ],
    "indicator_params": [
      [
        3.367832660675049,
        21.07875633239746,
        0.0
      ],
      [
        1.71042799949646,
        33.05124282836914,
        0.0
      ],
      [
        9.090944290161133,
        91.05317687988281,
        0.0
      ]
    ],
    "risk_strategy_bitmap": 1,
    "tp_multiplier": 0.24171748757362366,
    "sl_multiplier": 0.09775910526514053,
    "leverage": 16
  }
}