{
  "rank": 51,
  "bot_id": 13251,
  "fitness_score": 11.260319709777832,
  "total_pnl": 112.60319519042969,
  "win_rate": 17.258883248730964,
  "total_trades": 197,
  "sharpe_ratio": 1.3346518278121948,
  "max_drawdown": 0.0,
  "survival_generations": 1,
  "config": {
    "num_indicators": 5,
    "indicator_indices": [
      45,
      32,
      35,
      17,
      41
    ],
    "indicator_params": [
      [
        4.445371150970459,
        65.79596710205078,
        0.0
      ],
      [
        1.6554381847381592,
        41.195411682128906,
        0.0
      ],
      [
        3.3078677654266357,
        20.353687286376953,
        0.0
      ],
      [
        36.51865768432617,
        52.70103073120117,
        54.69072723388672
      ],
      [
        9.839824676513672,
        65.15581512451172,
        0.0
      ]
    ],
    "risk_strategy": 5,
    "risk_param": 3.8430159091949463,
    "tp_multiplier": 0.026188034564256668,
    "sl_multiplier": 0.005946854129433632,
    "leverage": 1
  }
}