{
  "rank": 87,
  "bot_id": 2650,
  "fitness_score": 567.086669921875,
  "total_pnl": 5670.86669921875,
  "win_rate": 27.208480565371023,
  "total_trades": 849,
  "sharpe_ratio": 0.0,
  "max_drawdown": 0.0,
  "survival_generations": 2,
  "config": {
    "num_indicators": 3,
    "indicator_indices": [
      15,
      11,
      19
    ],
    "indicator_params": [
      [
        20.039133071899414,
        51.78215789794922,
        36.87287902832031
      ],
      [
        15.941659927368164,
        55.07191467285156,
        47.64118957519531
      ],
      [
        36.05180358886719,
        57.90166091918945,
        67.77427673339844
      ]
    ],
    "risk_strategy_bitmap": 5248,
    "tp_multiplier": 0.09387989342212677,
    "sl_multiplier": 0.033836480230093,
    "leverage": 20
  }
}