{
  "rank": 92,
  "bot_id": 14760,
  "fitness_score": 6.827065467834473,
  "total_pnl": 68.2706527709961,
  "win_rate": 16.447876447876446,
  "total_trades": 1295,
  "sharpe_ratio": 0.0,
  "max_drawdown": 0.0,
  "survival_generations": 4,
  "config": {
    "num_indicators": 5,
    "indicator_indices": [
      48,
      5,
      0,
      33,
      2
    ],
    "indicator_params": [
      [
        7.156787395477295,
        59.458526611328125,
        0.0
      ],
      [
        4.151562213897705,
        47.92023849487305,
        0.0
      ],
      [
        4.673614025115967,
        45.45021057128906,
        0.0
      ],
      [
        4.102088928222656,
        7.457766056060791,
        0.0
      ],
      [
        2.5124218463897705,
        88.1577377319336,
        0.0
      ]
    ],
    "risk_strategy_bitmap": 64,
    "tp_multiplier": 0.23860624432563782,
    "sl_multiplier": 0.05179614946246147,
    "leverage": 70
  }
}