{
  "rank": 37,
  "bot_id": 4408,
  "fitness_score": 9.351329803466797,
  "total_pnl": 93.51329803466797,
  "win_rate": 17.92360430950049,
  "total_trades": 1021,
  "sharpe_ratio": 0.0,
  "max_drawdown": 0.0,
  "survival_generations": 1,
  "config": {
    "num_indicators": 5,
    "indicator_indices": [
      18,
      35,
      20,
      5,
      22
    ],
    "indicator_params": [
      [
        38.157535552978516,
        51.307777404785156,
        79.56947326660156
      ],
      [
        4.143652439117432,
        46.3492546081543,
        0.0
      ],
      [
        3.6513538360595703,
        23.16376304626465,
        0.9942694306373596
      ],
      [
        4.671568870544434,
        135.41896057128906,
        0.0
      ],
      [
        4.527751445770264,
        29.014781951904297,
        0.29196488857269287
      ]
    ],
    "risk_strategy_bitmap": 12288,
    "tp_multiplier": 0.09540122002363205,
    "sl_multiplier": 0.02578507922589779,
    "leverage": 80
  }
}