{
  "rank": 40,
  "bot_id": 2516,
  "fitness_score": 12.388154029846191,
  "total_pnl": 123.88153839111328,
  "win_rate": 43.75,
  "total_trades": 16,
  "sharpe_ratio": 1.7332050800323486,
  "max_drawdown": 0.0,
  "survival_generations": 2,
  "config": {
    "num_indicators": 3,
    "indicator_indices": [
      19,
      23,
      48
    ],
    "indicator_params": [
      [
        0.36217719316482544,
        71.44650268554688,
        0.0
      ],
      [
        39.64780044555664,
        58.50254440307617,
        64.41149139404297
      ],
      [
        1.968129277229309,
        38.40080642700195,
        0.0
      ]
    ],
    "risk_strategy": 3,
    "risk_param": 0.6565108895301819,
    "tp_multiplier": 0.1177416741847992,
    "sl_multiplier": 0.06699173152446747,
    "leverage": 1
  }
}