{
  "rank": 82,
  "bot_id": 11572,
  "fitness_score": 17762.810546875,
  "total_pnl": 177628.109375,
  "win_rate": 28.00453604650241,
  "total_trades": 126101,
  "sharpe_ratio": 0.0,
  "max_drawdown": 0.0,
  "survival_generations": 1,
  "config": {
    "num_indicators": 2,
    "indicator_indices": [
      28,
      30
    ],
    "indicator_params": [
      [
        2.8302531242370605,
        31.457351684570312,
        0.0
      ],
      [
        25.118600845336914,
        59.42744064331055,
        57.2474479675293
      ]
    ],
    "risk_strategy_bitmap": 4320,
    "tp_multiplier": 0.18727008998394012,
    "sl_multiplier": 0.04996570199728012,
    "leverage": 22
  }
}