{
  "rank": 34,
  "bot_id": 34,
  "fitness_score": 0.0,
  "total_pnl": 0.0,
  "win_rate": 0.0,
  "total_trades": 0,
  "sharpe_ratio": 0.0,
  "max_drawdown": 0.0,
  "survival_generations": 1,
  "config": {
    "num_indicators": 3,
    "indicator_indices": [
      1,
      24,
      37
    ],
    "indicator_params": [
      [
        2.1623454093933105,
        129.53416442871094,
        0.0
      ],
      [
        3.999176502227783,
        41.079994201660156,
        0.8691917657852173
      ],
      [
        3.824439287185669,
        22.17138671875,
        0.0
      ]
    ],
    "risk_strategy_bitmap": 12416,
    "tp_multiplier": 0.202968031167984,
    "sl_multiplier": 0.052136823534965515,
    "leverage": 22
  }
}