{
  "rank": 67,
  "bot_id": 10898,
  "fitness_score": 587.9185791015625,
  "total_pnl": 5879.185546875,
  "win_rate": 29.573170731707314,
  "total_trades": 1640,
  "sharpe_ratio": 0.0,
  "max_drawdown": 0.0,
  "survival_generations": 1,
  "config": {
    "num_indicators": 4,
    "indicator_indices": [
      47,
      43,
      42,
      17
    ],
    "indicator_params": [
      [
        9.94157600402832,
        52.80390167236328,
        0.0
      ],
      [
        7.79209566116333,
        51.91323471069336,
        0.0
      ],
      [
        3.54207706451416,
        19.487476348876953,
        0.0
      ],
      [
        13.048094749450684,
        50.57754135131836,
        27.584959030151367
      ]
    ],
    "risk_strategy_bitmap": 199,
    "tp_multiplier": 0.15933534502983093,
    "sl_multiplier": 0.09674917161464691,
    "leverage": 18
  }
}