{
  "rank": 89,
  "bot_id": 63,
  "fitness_score": 16911.154296875,
  "total_pnl": 169111.546875,
  "win_rate": 29.30663758862453,
  "total_trades": 228351,
  "sharpe_ratio": 0.0,
  "max_drawdown": 0.0,
  "survival_generations": 2,
  "config": {
    "num_indicators": 2,
    "indicator_indices": [
      47,
      49
    ],
    "indicator_params": [
      [
        0.7465136051177979,
        38.59002685546875,
        0.0
      ],
      [
        6.047734260559082,
        78.35690307617188,
        0.0
      ]
    ],
    "risk_strategy_bitmap": 4,
    "tp_multiplier": 0.10481312870979309,
    "sl_multiplier": 0.059805408120155334,
    "leverage": 22
  }
}