{
  "rank": 89,
  "bot_id": 16239,
  "fitness_score": 9.737642288208008,
  "total_pnl": 97.37641906738281,
  "win_rate": 65.85365853658537,
  "total_trades": 41,
  "sharpe_ratio": 1.3930630683898926,
  "max_drawdown": 0.0,
  "survival_generations": 1,
  "config": {
    "num_indicators": 5,
    "indicator_indices": [
      45,
      8,
      1,
      0,
      27
    ],
    "indicator_params": [
      [
        7.038820266723633,
        55.18705368041992,
        0.0
      ],
      [
        3.8236658573150635,
        150.43411254882812,
        0.0
      ],
      [
        2.849067211151123,
        112.5385971069336,
        0.0
      ],
      [
        2.186586856842041,
        188.5723876953125,
        0.0
      ],
      [
        3.3808987140655518,
        41.892051696777344,
        0.7483823299407959
      ]
    ],
    "risk_strategy": 4,
    "risk_param": 0.824261486530304,
    "tp_multiplier": 0.01713203638792038,
    "sl_multiplier": 0.07777485251426697,
    "leverage": 1
  }
}