{
  "rank": 12,
  "bot_id": 14832,
  "fitness_score": 11.921659469604492,
  "total_pnl": 119.21659851074219,
  "win_rate": 49.074074074074076,
  "total_trades": 108,
  "sharpe_ratio": 0.0,
  "max_drawdown": 0.0,
  "survival_generations": 4,
  "config": {
    "num_indicators": 3,
    "indicator_indices": [
      48,
      33,
      14
    ],
    "indicator_params": [
      [
        9.023079872131348,
        82.57926940917969,
        0.0
      ],
      [
        2.66676664352417,
        12.056258201599121,
        0.0
      ],
      [
        8.162471771240234,
        56.18923568725586,
        48.21505355834961
      ]
    ],
    "risk_strategy_bitmap": 4,
    "tp_multiplier": 0.23504041135311127,
    "sl_multiplier": 0.06831425428390503,
    "leverage": 29
  }
}