{
  "rank": 90,
  "bot_id": 14032,
  "fitness_score": 16869.966796875,
  "total_pnl": 168699.65625,
  "win_rate": 29.264716530301932,
  "total_trades": 55244,
  "sharpe_ratio": 0.0,
  "max_drawdown": 0.0,
  "survival_generations": 1,
  "config": {
    "num_indicators": 3,
    "indicator_indices": [
      21,
      28,
      30
    ],
    "indicator_params": [
      [
        2.4170002937316895,
        115.40400695800781,
        0.0
      ],
      [
        0.0,
        0.0,
        0.0
      ],
      [
        0.0,
        0.0,
        0.0
      ]
    ],
    "risk_strategy_bitmap": 9251,
    "tp_multiplier": 0.1311267763376236,
    "sl_multiplier": 0.01994669996201992,
    "leverage": 24
  }
}