{
  "rank": 90,
  "bot_id": 92,
  "fitness_score": 0.0,
  "total_pnl": 0.0,
  "win_rate": 0.0,
  "total_trades": 0,
  "sharpe_ratio": 0.0,
  "max_drawdown": 0.0,
  "survival_generations": 1,
  "config": {
    "num_indicators": 5,
    "indicator_indices": [
      31,
      42,
      4,
      19,
      40
    ],
    "indicator_params": [
      [
        2.4379899501800537,
        30.797035217285156,
        0.0
      ],
      [
        4.908265590667725,
        82.36205291748047,
        0.0
      ],
      [
        0.9694823622703552,
        68.45635223388672,
        0.0
      ],
      [
        22.48016357421875,
        57.05756759643555,
        35.63273620605469
      ],
      [
        3.180288076400757,
        62.02397155761719,
        0.0
      ]
    ],
    "risk_strategy_bitmap": 4628,
    "tp_multiplier": 0.23569023609161377,
    "sl_multiplier": 0.07503390312194824,
    "leverage": 15
  }
}