{
  "rank": 45,
  "bot_id": 13230,
  "fitness_score": 13.513226509094238,
  "total_pnl": 135.13226318359375,
  "win_rate": 35.714285714285715,
  "total_trades": 42,
  "sharpe_ratio": 1.471658706665039,
  "max_drawdown": 0.0,
  "survival_generations": 1,
  "config": {
    "num_indicators": 4,
    "indicator_indices": [
      45,
      26,
      21,
      0
    ],
    "indicator_params": [
      [
        6.346075057983398,
        16.126293182373047,
        0.0
      ],
      [
        4.373183250427246,
        49.25144577026367,
        1.0677050352096558
      ],
      [
        4.3549113273620605,
        32.3076286315918,
        1.106816053390503
      ],
      [
        1.9992175102233887,
        52.09928894042969,
        0.0
      ]
    ],
    "risk_strategy": 6,
    "risk_param": 0.1669289469718933,
    "tp_multiplier": 0.0459127239882946,
    "sl_multiplier": 0.013084388338029385,
    "leverage": 1
  }
}