{
  "rank": 6,
  "bot_id": 13054,
  "fitness_score": 22.214887619018555,
  "total_pnl": 222.1488800048828,
  "win_rate": 70.0,
  "total_trades": 10,
  "sharpe_ratio": 2.332108497619629,
  "max_drawdown": 0.0,
  "survival_generations": 1,
  "config": {
    "num_indicators": 3,
    "indicator_indices": [
      23,
      19,
      14
    ],
    "indicator_params": [
      [
        3.91890549659729,
        7.47617769241333,
        0.4181774854660034
      ],
      [
        27.77645492553711,
        52.1110954284668,
        64.69049835205078
      ],
      [
        22.35254669189453,
        52.79619598388672,
        57.11543655395508
      ]
    ],
    "risk_strategy": 2,
    "risk_param": 0.5524064302444458,
    "tp_multiplier": 0.1156965047121048,
    "sl_multiplier": 0.08528241515159607,
    "leverage": 1
  }
}