{
  "rank": 52,
  "bot_id": 7163,
  "fitness_score": 34.97046661376953,
  "total_pnl": 349.7046813964844,
  "win_rate": 100.0,
  "total_trades": 99,
  "sharpe_ratio": 0.0,
  "max_drawdown": 0.0,
  "survival_generations": 1,
  "config": {
    "num_indicators": 4,
    "indicator_indices": [
      12,
      22,
      37,
      30
    ],
    "indicator_params": [
      [
        19.8780574798584,
        57.47279357910156,
        29.36273956298828
      ],
      [
        4.849984169006348,
        5.503735065460205,
        1.0732800960540771
      ],
      [
        3.2565689086914062,
        49.675071716308594,
        0.0
      ],
      [
        2.4846320152282715,
        47.32168960571289,
        0.0
      ]
    ],
    "risk_strategy_bitmap": 16392,
    "tp_multiplier": 0.17686548829078674,
    "sl_multiplier": 0.05222348868846893,
    "leverage": 23
  }
}