{
  "rank": 41,
  "bot_id": 5408,
  "fitness_score": 22253.013671875,
  "total_pnl": 222530.140625,
  "win_rate": 50.15809140557631,
  "total_trades": 38269,
  "sharpe_ratio": 0.0,
  "max_drawdown": 0.0,
  "survival_generations": 2,
  "config": {
    "num_indicators": 2,
    "indicator_indices": [
      46,
      29
    ],
    "indicator_params": [
      [
        3.393772840499878,
        88.20604705810547,
        0.0
      ],
      [
        4.642992973327637,
        35.42399597167969,
        1.491250991821289
      ]
    ],
    "risk_strategy_bitmap": 2688,
    "tp_multiplier": 0.2468346804380417,
    "sl_multiplier": 0.043828483670949936,
    "leverage": 19
  }
}