{
  "rank": 70,
  "bot_id": 11841,
  "fitness_score": 9.277130126953125,
  "total_pnl": 92.77130126953125,
  "win_rate": 41.66666666666667,
  "total_trades": 12,
  "sharpe_ratio": 2.158109188079834,
  "max_drawdown": 0.0,
  "survival_generations": 1,
  "config": {
    "num_indicators": 4,
    "indicator_indices": [
      6,
      23,
      43,
      45
    ],
    "indicator_params": [
      [
        14.352931022644043,
        50.571075439453125,
        45.930511474609375
      ],
      [
        0.0,
        0.0,
        0.0
      ],
      [
        0.0,
        0.0,
        0.0
      ],
      [
        0.0,
        0.0,
        0.0
      ]
    ],
    "risk_strategy": 2,
    "risk_param": 0.3672412037849426,
    "tp_multiplier": 0.06186679005622864,
    "sl_multiplier": 0.02316432259976864,
    "leverage": 1
  }
}