{
  "rank": 31,
  "bot_id": 18414,
  "fitness_score": 15.55649185180664,
  "total_pnl": 155.56492614746094,
  "win_rate": 83.33333333333334,
  "total_trades": 18,
  "sharpe_ratio": 1.4717251062393188,
  "max_drawdown": 0.0,
  "survival_generations": 1,
  "config": {
    "num_indicators": 4,
    "indicator_indices": [
      0,
      6,
      18,
      25
    ],
    "indicator_params": [
      [
        2.5481889247894287,
        148.53501892089844,
        0.0
      ],
      [
        4.188149929046631,
        43.956050872802734,
        1.0704481601715088
      ],
      [
        0.8821332454681396,
        3.1329751014709473,
        0.0
      ],
      [
        0.0,
        0.0,
        0.0
      ]
    ],
    "risk_strategy": 1,
    "risk_param": 786.7217407226562,
    "tp_multiplier": 0.03163936734199524,
    "sl_multiplier": 0.06827154755592346,
    "leverage": 1
  }
}