{
  "rank": 73,
  "bot_id": 2597,
  "fitness_score": 18.145933151245117,
  "total_pnl": 181.45933532714844,
  "win_rate": 88.0503144654088,
  "total_trades": 159,
  "sharpe_ratio": 0.0,
  "max_drawdown": 0.0,
  "survival_generations": 2,
  "config": {
    "num_indicators": 3,
    "indicator_indices": [
      14,
      27,
      37
    ],
    "indicator_params": [
      [
        6.539856433868408,
        52.941898345947266,
        33.31743240356445
      ],
      [
        3.331995964050293,
        6.546062469482422,
        0.5046082735061646
      ],
      [
        2.4782874584198,
        29.09109115600586,
        0.0
      ]
    ],
    "risk_strategy_bitmap": 16712,
    "tp_multiplier": 0.06512968987226486,
    "sl_multiplier": 0.016446297988295555,
    "leverage": 1
  }
}