{
  "rank": 31,
  "bot_id": 26675,
  "fitness_score": 9.401976585388184,
  "total_pnl": 94.01976013183594,
  "win_rate": 41.92139737991266,
  "total_trades": 229,
  "sharpe_ratio": 0.0,
  "max_drawdown": 0.0,
  "survival_generations": 3,
  "config": {
    "num_indicators": 4,
    "indicator_indices": [
      29,
      35,
      21,
      33
    ],
    "indicator_params": [
      [
        3.7048263549804688,
        5.910506725311279,
        0.5313512086868286
      ],
      [
        0.7020118832588196,
        8.650985717773438,
        0.0
      ],
      [
        4.250546932220459,
        40.906471252441406,
        1.00015389919281
      ],
      [
        1.8885579109191895,
        21.42377281188965,
        0.0
      ]
    ],
    "risk_strategy_bitmap": 512,
    "tp_multiplier": 0.19259366393089294,
    "sl_multiplier": 0.03876974806189537,
    "leverage": 61
  }
}