{
  "rank": 26,
  "bot_id": 5673,
  "fitness_score": 135.671875,
  "total_pnl": 1356.71875,
  "win_rate": 39.366515837104075,
  "total_trades": 663,
  "sharpe_ratio": 0.0,
  "max_drawdown": 0.0,
  "survival_generations": 2,
  "config": {
    "num_indicators": 2,
    "indicator_indices": [
      29,
      19
    ],
    "indicator_params": [
      [
        4.273252010345459,
        28.858585357666016,
        0.3597641587257385
      ],
      [
        8.025750160217285,
        57.27994918823242,
        33.00569534301758
      ]
    ],
    "risk_strategy_bitmap": 2256,
    "tp_multiplier": 0.10222557932138443,
    "sl_multiplier": 0.08019300550222397,
    "leverage": 19
  }
}