{
  "rank": 85,
  "bot_id": 14910,
  "fitness_score": 568.132568359375,
  "total_pnl": 5681.32568359375,
  "win_rate": 28.71674491392801,
  "total_trades": 1278,
  "sharpe_ratio": 0.0,
  "max_drawdown": 0.0,
  "survival_generations": 1,
  "config": {
    "num_indicators": 5,
    "indicator_indices": [
      0,
      43,
      42,
      3,
      10
    ],
    "indicator_params": [
      [
        0.162733793258667,
        114.3099136352539,
        0.0
      ],
      [
        4.285265922546387,
        94.84661865234375,
        0.0
      ],
      [
        5.217279434204102,
        92.25737762451172,
        0.0
      ],
      [
        4.140260219573975,
        168.2313232421875,
        0.0
      ],
      [
        12.899799346923828,
        51.47401428222656,
        47.32762908935547
      ]
    ],
    "risk_strategy_bitmap": 8192,
    "tp_multiplier": 0.1553134322166443,
    "sl_multiplier": 0.04474610462784767,
    "leverage": 3
  }
}