{
  "rank": 28,
  "bot_id": 334,
  "fitness_score": 0.0,
  "total_pnl": 9821.767578125,
  "win_rate": 21.27659574468085,
  "total_trades": 188,
  "sharpe_ratio": 0.5660812854766846,
  "max_drawdown": 0.254197359085083,
  "survival_generations": 1,
  "config": {
    "num_indicators": 2,
    "indicator_indices": [
      20,
      38
    ],
    "indicator_params": [
      [
        27.70853042602539,
        54.89240646362305,
        49.42793273925781
      ],
      [
        0.0,
        0.0,
        0.0
      ]
    ],
    "indicator_risk_strategies": [
      9,
      0
    ],
    "risk_param": 1.8059076070785522,
    "tp_multiplier": 0.0,
    "sl_multiplier": 0.0,
    "leverage": 125
  }
}