{
  "rank": 90,
  "bot_id": 3218,
  "fitness_score": 560.5345458984375,
  "total_pnl": 5605.34521484375,
  "win_rate": 23.47954294139329,
  "total_trades": 8139,
  "sharpe_ratio": 0.0,
  "max_drawdown": 0.0,
  "survival_generations": 2,
  "config": {
    "num_indicators": 4,
    "indicator_indices": [
      7,
      21,
      39,
      43
    ],
    "indicator_params": [
      [
        2.9118363857269287,
        22.77497100830078,
        0.0
      ],
      [
        4.3485426902771,
        16.010765075683594,
        0.1970120072364807
      ],
      [
        3.420839548110962,
        25.311037063598633,
        0.0
      ],
      [
        5.998814105987549,
        13.250142097473145,
        0.0
      ]
    ],
    "risk_strategy_bitmap": 64,
    "tp_multiplier": 0.196546271443367,
    "sl_multiplier": 0.06796348094940186,
    "leverage": 21
  }
}