{
  "rank": 22,
  "bot_id": 22,
  "fitness_score": 0.0,
  "total_pnl": 0.0,
  "win_rate": 0.0,
  "total_trades": 0,
  "sharpe_ratio": 0.0,
  "max_drawdown": 0.0,
  "survival_generations": 1,
  "config": {
    "num_indicators": 2,
    "indicator_indices": [
      49,
      27
    ],
    "indicator_params": [
      [
        7.738375663757324,
        38.971107482910156,
        0.0
      ],
      [
        3.1083099842071533,
        27.469202041625977,
        1.2595741748809814
      ]
    ],
    "risk_strategy_bitmap": 512,
    "tp_multiplier": 0.24326223134994507,
    "sl_multiplier": 0.05783672630786896,
    "leverage": 7
  }
}