{
  "rank": 33,
  "bot_id": 12564,
  "fitness_score": 122.1888656616211,
  "total_pnl": 1221.888671875,
  "win_rate": 93.33333333333333,
  "total_trades": 150,
  "sharpe_ratio": 0.0,
  "max_drawdown": 0.0,
  "survival_generations": 1,
  "config": {
    "num_indicators": 3,
    "indicator_indices": [
      27,
      30,
      37
    ],
    "indicator_params": [
      [
        4.854163646697998,
        47.1751823425293,
        1.1425763368606567
      ],
      [
        2.2602124214172363,
        46.13546371459961,
        0.0
      ],
      [
        0.6172308325767517,
        49.038780212402344,
        0.0
      ]
    ],
    "risk_strategy_bitmap": 1,
    "tp_multiplier": 0.05202922597527504,
    "sl_multiplier": 0.05487612634897232,
    "leverage": 12
  }
}