{
  "rank": 37,
  "bot_id": 7655,
  "fitness_score": 655.110107421875,
  "total_pnl": 6551.10107421875,
  "win_rate": 23.44632768361582,
  "total_trades": 4248,
  "sharpe_ratio": 0.0,
  "max_drawdown": 0.0,
  "survival_generations": 2,
  "config": {
    "num_indicators": 2,
    "indicator_indices": [
      43,
      42
    ],
    "indicator_params": [
      [
        9.670099258422852,
        62.36989974975586,
        0.0
      ],
      [
        8.973550796508789,
        69.78324890136719,
        0.0
      ]
    ],
    "risk_strategy_bitmap": 16896,
    "tp_multiplier": 0.10545991361141205,
    "sl_multiplier": 0.08632522821426392,
    "leverage": 8
  }
}