{
  "rank": 95,
  "bot_id": 1056,
  "fitness_score": 0.0,
  "total_pnl": 212.83444213867188,
  "win_rate": 100.0,
  "total_trades": 1,
  "sharpe_ratio": 0.22360678017139435,
  "max_drawdown": 0.0,
  "survival_generations": 1,
  "config": {
    "num_indicators": 5,
    "indicator_indices": [
      10,
      15,
      27,
      30,
      42
    ],
    "indicator_params": [
      [
        5.071211814880371,
        85.50926208496094,
        0.0
      ],
      [
        4.36707878112793,
        95.01012420654297,
        0.0
      ],
      [
        4.375914096832275,
        11.061180114746094,
        1.4932066202163696
      ],
      [
        21.151031494140625,
        55.3106575012207,
        63.5736083984375
      ],
      [
        8.418974876403809,
        34.264678955078125,
        0.0
      ]
    ],
    "indicator_risk_strategies": [
      14,
      1,
      13,
      2,
      4
    ],
    "risk_param": 0.05631036311388016,
    "tp_multiplier": 0.0,
    "sl_multiplier": 0.0,
    "leverage": 125
  }
}