{
  "rank": 80,
  "bot_id": 5100,
  "fitness_score": 18074.279296875,
  "total_pnl": 180742.796875,
  "win_rate": 31.40062409985598,
  "total_trades": 83320,
  "sharpe_ratio": 0.0,
  "max_drawdown": 0.0,
  "survival_generations": 2,
  "config": {
    "num_indicators": 2,
    "indicator_indices": [
      43,
      21
    ],
    "indicator_params": [
      [
        7.985410213470459,
        64.88715362548828,
        0.0
      ],
      [
        3.568167209625244,
        18.251630783081055,
        0.45773085951805115
      ]
    ],
    "risk_strategy_bitmap": 352,
    "tp_multiplier": 0.08328237384557724,
    "sl_multiplier": 0.08716531097888947,
    "leverage": 24
  }
}