{
  "rank": 5,
  "bot_id": 2228,
  "fitness_score": 25.973342895507812,
  "total_pnl": 259.7334289550781,
  "win_rate": 73.33333333333333,
  "total_trades": 15,
  "sharpe_ratio": 4.7912750244140625,
  "max_drawdown": 0.0,
  "survival_generations": 2,
  "config": {
    "num_indicators": 2,
    "indicator_indices": [
      12,
      38
    ],
    "indicator_params": [
      [
        1.2110131978988647,
        94.83075714111328,
        0.0
      ],
      [
        2.2468388080596924,
        153.8468780517578,
        0.0
      ]
    ],
    "risk_strategy": 14,
    "risk_param": 0.21968312561511993,
    "tp_multiplier": 0.08219223469495773,
    "sl_multiplier": 0.05128379911184311,
    "leverage": 1
  }
}