{
  "rank": 66,
  "bot_id": 67,
  "fitness_score": 0.0,
  "total_pnl": 0.0,
  "win_rate": 0.0,
  "total_trades": 0,
  "sharpe_ratio": 0.0,
  "max_drawdown": 0.0,
  "survival_generations": 1,
  "config": {
    "num_indicators": 4,
    "indicator_indices": [
      1,
      15,
      20,
      32
    ],
    "indicator_params": [
      [
        1.9138652086257935,
        133.90850830078125,
        0.0
      ],
      [
        20.379865646362305,
        51.703636169433594,
        24.74932861328125
      ],
      [
        3.937808036804199,
        31.092464447021484,
        1.0809781551361084
      ],
      [
        4.514883518218994,
        10.943567276000977,
        0.0
      ]
    ],
    "risk_strategy_bitmap": 1024,
    "tp_multiplier": 0.24703475832939148,
    "sl_multiplier": 0.0970885306596756,
    "leverage": 9
  }
}