{
  "rank": 26,
  "bot_id": 1383,
  "fitness_score": 45.29627990722656,
  "total_pnl": 452.96282958984375,
  "win_rate": 15.070429400009749,
  "total_trades": 41034,
  "sharpe_ratio": 0.0,
  "max_drawdown": 0.0,
  "survival_generations": 2,
  "config": {
    "num_indicators": 2,
    "indicator_indices": [
      49,
      27
    ],
    "indicator_params": [
      [
        0.706627368927002,
        63.24180221557617,
        0.0
      ],
      [
        4.990830898284912,
        25.01438331604004,
        0.45952266454696655
      ]
    ],
    "risk_strategy_bitmap": 8192,
    "tp_multiplier": 0.218614861369133,
    "sl_multiplier": 0.002180277369916439,
    "leverage": 21
  }
}