{
  "rank": 27,
  "bot_id": 27,
  "fitness_score": 0.0,
  "total_pnl": 0.0,
  "win_rate": 0.0,
  "total_trades": 0,
  "sharpe_ratio": 0.0,
  "max_drawdown": 0.0,
  "survival_generations": 1,
  "config": {
    "num_indicators": 4,
    "indicator_indices": [
      30,
      46,
      21,
      20
    ],
    "indicator_params": [
      [
        3.3323142528533936,
        28.679685592651367,
        0.0
      ],
      [
        1.8790477514266968,
        52.75782775878906,
        0.0
      ],
      [
        4.697622776031494,
        35.30236053466797,
        0.25380805134773254
      ],
      [
        4.4118547439575195,
        25.007192611694336,
        1.3445191383361816
      ]
    ],
    "risk_strategy_bitmap": 16512,
    "tp_multiplier": 0.19573740661144257,
    "sl_multiplier": 0.08361264318227768,
    "leverage": 15
  }
}