{
  "rank": 90,
  "bot_id": 15124,
  "fitness_score": 12.61755084991455,
  "total_pnl": 126.1755142211914,
  "win_rate": 35.93073593073593,
  "total_trades": 462,
  "sharpe_ratio": 0.0,
  "max_drawdown": 0.0,
  "survival_generations": 1,
  "config": {
    "num_indicators": 4,
    "indicator_indices": [
      33,
      14,
      48,
      27
    ],
    "indicator_params": [
      [
        0.07700145244598389,
        34.85688018798828,
        0.0
      ],
      [
        35.785587310791016,
        55.87968444824219,
        53.62278747558594
      ],
      [
        7.26681661605835,
        75.6532974243164,
        0.0
      ],
      [
        4.583670616149902,
        10.444018363952637,
        1.4680026769638062
      ]
    ],
    "risk_strategy_bitmap": 2,
    "tp_multiplier": 0.1040777638554573,
    "sl_multiplier": 0.0535244345664978,
    "leverage": 11
  }
}