{
  "rank": 14,
  "bot_id": 3041,
  "fitness_score": 56.41696548461914,
  "total_pnl": 564.1696166992188,
  "win_rate": 40.7460424385315,
  "total_trades": 11876,
  "sharpe_ratio": 0.0,
  "max_drawdown": 0.0,
  "survival_generations": 2,
  "config": {
    "num_indicators": 2,
    "indicator_indices": [
      15,
      13
    ],
    "indicator_params": [
      [
        14.871746063232422,
        54.24059295654297,
        51.829193115234375
      ],
      [
        33.573612213134766,
        54.268306732177734,
        37.73659133911133
      ]
    ],
    "risk_strategy_bitmap": 4768,
    "tp_multiplier": 0.05768763646483421,
    "sl_multiplier": 0.013569491915404797,
    "leverage": 13
  }
}