{
  "rank": 98,
  "bot_id": 15515,
  "fitness_score": 10.819034576416016,
  "total_pnl": 108.19034576416016,
  "win_rate": 5.23989898989899,
  "total_trades": 1584,
  "sharpe_ratio": 0.0,
  "max_drawdown": 0.0,
  "survival_generations": 1,
  "config": {
    "num_indicators": 3,
    "indicator_indices": [
      13,
      35,
      48
    ],
    "indicator_params": [
      [
        6.890427112579346,
        52.26490783691406,
        40.62030792236328
      ],
      [
        7.575976848602295,
        50.20039367675781,
        57.72624969482422
      ],
      [
        0.0,
        0.0,
        0.0
      ]
    ],
    "risk_strategy_bitmap": 8705,
    "tp_multiplier": 0.15222977101802826,
    "sl_multiplier": 0.002267648233100772,
    "leverage": 13
  }
}