{
  "rank": 99,
  "bot_id": 101,
  "fitness_score": 0.0,
  "total_pnl": 0.0,
  "win_rate": 0.0,
  "total_trades": 0,
  "sharpe_ratio": 0.0,
  "max_drawdown": 0.0,
  "survival_generations": 1,
  "config": {
    "num_indicators": 5,
    "indicator_indices": [
      7,
      43,
      9,
      30,
      44
    ],
    "indicator_params": [
      [
        1.327888011932373,
        158.60711669921875,
        0.0
      ],
      [
        5.965402603149414,
        85.65022277832031,
        0.0
      ],
      [
        1.3350954055786133,
        31.844186782836914,
        0.0
      ],
      [
        1.877472996711731,
        12.299126625061035,
        0.0
      ],
      [
        1.4770281314849854,
        99.24097442626953,
        0.0
      ]
    ],
    "risk_strategy_bitmap": 2,
    "tp_multiplier": 0.16921879351139069,
    "sl_multiplier": 0.024315491318702698,
    "leverage": 18
  }
}