{
  "rank": 53,
  "bot_id": 53,
  "fitness_score": 0.0,
  "total_pnl": 0.0,
  "win_rate": 0.0,
  "total_trades": 0,
  "sharpe_ratio": 0.0,
  "max_drawdown": 0.0,
  "survival_generations": 1,
  "config": {
    "num_indicators": 5,
    "indicator_indices": [
      7,
      17,
      33,
      48,
      25
    ],
    "indicator_params": [
      [
        0.9980452060699463,
        160.55169677734375,
        0.0
      ],
      [
        39.794673919677734,
        58.9611930847168,
        26.738197326660156
      ],
      [
        0.7069629430770874,
        8.824407577514648,
        0.0
      ],
      [
        7.171665191650391,
        32.95833969116211,
        0.0
      ],
      [
        4.599154472351074,
        44.761802673339844,
        1.0930038690567017
      ]
    ],
    "risk_strategy_bitmap": 26632,
    "tp_multiplier": 0.08857216686010361,
    "sl_multiplier": 0.09686692804098129,
    "leverage": 1
  }
}