{
  "rank": 68,
  "bot_id": 1005,
  "fitness_score": 20.409536361694336,
  "total_pnl": 204.09536743164062,
  "win_rate": 20.034843205574912,
  "total_trades": 574,
  "sharpe_ratio": 0.0,
  "max_drawdown": 0.0,
  "survival_generations": 2,
  "config": {
    "num_indicators": 2,
    "indicator_indices": [
      34,
      14
    ],
    "indicator_params": [
      [
        3.755059242248535,
        12.82220458984375,
        0.0
      ],
      [
        19.85304832458496,
        52.74694061279297,
        56.313682556152344
      ]
    ],
    "risk_strategy_bitmap": 198,
    "tp_multiplier": 0.23215945065021515,
    "sl_multiplier": 0.0216355137526989,
    "leverage": 24
  }
}