{
  "rank": 23,
  "bot_id": 7999,
  "fitness_score": 179.60537719726562,
  "total_pnl": 1796.0537109375,
  "win_rate": 88.0503144654088,
  "total_trades": 159,
  "sharpe_ratio": 0.0,
  "max_drawdown": 0.0,
  "survival_generations": 2,
  "config": {
    "num_indicators": 2,
    "indicator_indices": [
      37,
      13
    ],
    "indicator_params": [
      [
        3.5140113830566406,
        2.6211023330688477,
        0.0
      ],
      [
        15.288498878479004,
        51.368648529052734,
        34.24392318725586
      ]
    ],
    "risk_strategy_bitmap": 128,
    "tp_multiplier": 0.1285933554172516,
    "sl_multiplier": 0.09432975947856903,
    "leverage": 16
  }
}