{
  "rank": 99,
  "bot_id": 27726,
  "fitness_score": 6.772636413574219,
  "total_pnl": 67.72636413574219,
  "win_rate": 14.930875576036867,
  "total_trades": 1085,
  "sharpe_ratio": 0.0,
  "max_drawdown": 0.0,
  "survival_generations": 3,
  "config": {
    "num_indicators": 4,
    "indicator_indices": [
      5,
      26,
      21,
      9
    ],
    "indicator_params": [
      [
        3.8986501693725586,
        158.59201049804688,
        0.0
      ],
      [
        4.618923187255859,
        35.13810729980469,
        1.258814811706543
      ],
      [
        4.037326812744141,
        26.03909683227539,
        0.3163391947746277
      ],
      [
        0.5292689800262451,
        63.39759826660156,
        0.0
      ]
    ],
    "risk_strategy_bitmap": 256,
    "tp_multiplier": 0.21582737565040588,
    "sl_multiplier": 0.0187725480645895,
    "leverage": 9
  }
}