{
  "rank": 91,
  "bot_id": 928,
  "fitness_score": 0.0,
  "total_pnl": 12619.4443359375,
  "win_rate": 17.691342534504393,
  "total_trades": 797,
  "sharpe_ratio": 0.7396953701972961,
  "max_drawdown": 0.11471068859100342,
  "survival_generations": 1,
  "config": {
    "num_indicators": 2,
    "indicator_indices": [
      21,
      45
    ],
    "indicator_params": [
      [
        4.335081100463867,
        15.369224548339844,
        0.0
      ],
      [
        14.041009902954102,
        55.17049026489258,
        72.95066833496094
      ]
    ],
    "indicator_risk_strategies": [
      14,
      4
    ],
    "risk_param": 0.03328161686658859,
    "tp_multiplier": 0.0,
    "sl_multiplier": 0.0,
    "leverage": 125
  }
}