{
  "rank": 58,
  "bot_id": 635,
  "fitness_score": 19851.712890625,
  "total_pnl": 198517.140625,
  "win_rate": 26.073402174562908,
  "total_trades": 117081,
  "sharpe_ratio": 0.0,
  "max_drawdown": 0.0,
  "survival_generations": 2,
  "config": {
    "num_indicators": 2,
    "indicator_indices": [
      49,
      33
    ],
    "indicator_params": [
      [
        9.429313659667969,
        54.8789176940918,
        0.0
      ],
      [
        1.3307311534881592,
        43.42070007324219,
        0.0
      ]
    ],
    "risk_strategy_bitmap": 4754,
    "tp_multiplier": 0.2211618274450302,
    "sl_multiplier": 0.07300165295600891,
    "leverage": 25
  }
}