{
  "rank": 12,
  "bot_id": 161,
  "fitness_score": 0.0,
  "total_pnl": 7831.65234375,
  "win_rate": 36.330935251798564,
  "total_trades": 278,
  "sharpe_ratio": 0.5679334402084351,
  "max_drawdown": 0.19010910391807556,
  "survival_generations": 1,
  "config": {
    "num_indicators": 4,
    "indicator_indices": [
      8,
      10,
      19,
      41
    ],
    "indicator_params": [
      [
        4.523188591003418,
        23.077106475830078,
        0.0
      ],
      [
        7.702267169952393,
        38.53358459472656,
        0.0
      ],
      [
        15.183283805847168,
        54.63680648803711,
        65.75335693359375
      ],
      [
        34.52656555175781,
        51.622650146484375,
        57.26150131225586
      ]
    ],
    "indicator_risk_strategies": [
      13,
      1,
      8,
      5
    ],
    "risk_param": 0.01496707834303379,
    "tp_multiplier": 0.0,
    "sl_multiplier": 0.0,
    "leverage": 125
  }
}