{
  "rank": 20,
  "bot_id": 20,
  "fitness_score": 0.0,
  "total_pnl": 0.0,
  "win_rate": 0.0,
  "total_trades": 0,
  "sharpe_ratio": 0.0,
  "max_drawdown": 0.0,
  "survival_generations": 1,
  "config": {
    "num_indicators": 4,
    "indicator_indices": [
      35,
      47,
      1,
      7
    ],
    "indicator_params": [
      [
        0.3148674964904785,
        3.850233554840088,
        0.0
      ],
      [
        7.588918685913086,
        33.830196380615234,
        0.0
      ],
      [
        1.723501443862915,
        90.40760803222656,
        0.0
      ],
      [
        4.814030170440674,
        69.79923248291016,
        0.0
      ]
    ],
    "risk_strategy_bitmap": 8320,
    "tp_multiplier": 0.15036903321743011,
    "sl_multiplier": 0.05620601028203964,
    "leverage": 20
  }
}