{
  "rank": 98,
  "bot_id": 540,
  "fitness_score": 7.985926628112793,
  "total_pnl": 79.85926055908203,
  "win_rate": 37.142857142857146,
  "total_trades": 35,
  "sharpe_ratio": 0.8432766795158386,
  "max_drawdown": 0.0,
  "survival_generations": 2,
  "config": {
    "num_indicators": 2,
    "indicator_indices": [
      21,
      28
    ],
    "indicator_params": [
      [
        15.267729759216309,
        56.203495025634766,
        35.013362884521484
      ],
      [
        0.0,
        0.0,
        0.0
      ]
    ],
    "risk_strategy": 4,
    "risk_param": 0.5280078053474426,
    "tp_multiplier": 0.06386103481054306,
    "sl_multiplier": 0.03211507573723793,
    "leverage": 1
  }
}