{
  "rank": 49,
  "bot_id": 19666,
  "fitness_score": 29.020631790161133,
  "total_pnl": 290.206298828125,
  "win_rate": 31.482022800350773,
  "total_trades": 3421,
  "sharpe_ratio": 0.0,
  "max_drawdown": 0.0,
  "survival_generations": 1,
  "config": {
    "num_indicators": 3,
    "indicator_indices": [
      13,
      14,
      21
    ],
    "indicator_params": [
      [
        4.261704444885254,
        32.68376159667969,
        0.4718511700630188
      ],
      [
        2.647556781768799,
        99.2894515991211,
        0.0
      ],
      [
        0.0,
        0.0,
        0.0
      ]
    ],
    "risk_strategy_bitmap": 289,
    "tp_multiplier": 0.044735196977853775,
    "sl_multiplier": 0.01869571954011917,
    "leverage": 15
  }
}