{
  "rank": 54,
  "bot_id": 574,
  "fitness_score": 0.0,
  "total_pnl": 1213.5098876953125,
  "win_rate": 40.0,
  "total_trades": 10,
  "sharpe_ratio": 0.4562082290649414,
  "max_drawdown": 0.000639709469396621,
  "survival_generations": 1,
  "config": {
    "num_indicators": 5,
    "indicator_indices": [
      4,
      12,
      29,
      38,
      43
    ],
    "indicator_params": [
      [
        4.533898830413818,
        18.009674072265625,
        0.008600324392318726
      ],
      [
        7.887043476104736,
        54.70452117919922,
        60.39143371582031
      ],
      [
        0.17890721559524536,
        31.942522048950195,
        0.0
      ],
      [
        0.0,
        0.0,
        0.0
      ],
      [
        0.0,
        0.0,
        0.0
      ]
    ],
    "indicator_risk_strategies": [
      3,
      3,
      11,
      0,
      0
    ],
    "risk_param": 0.0735296681523323,
    "tp_multiplier": 0.0,
    "sl_multiplier": 0.0,
    "leverage": 125
  }
}