{
  "rank": 70,
  "bot_id": 9096,
  "fitness_score": 10.748701095581055,
  "total_pnl": 107.48701477050781,
  "win_rate": 24.324324324324326,
  "total_trades": 185,
  "sharpe_ratio": 1.608933925628662,
  "max_drawdown": 0.0,
  "survival_generations": 2,
  "config": {
    "num_indicators": 4,
    "indicator_indices": [
      0,
      17,
      23,
      26
    ],
    "indicator_params": [
      [
        4.51816987991333,
        29.646814346313477,
        0.6303293108940125
      ],
      [
        3.4916257858276367,
        47.54230880737305,
        1.0055558681488037
      ],
      [
        18.459407806396484,
        57.548126220703125,
        29.592445373535156
      ],
      [
        4.477782249450684,
        38.381263732910156,
        0.8713437914848328
      ]
    ],
    "risk_strategy": 2,
    "risk_param": 0.5278583765029907,
    "tp_multiplier": 0.23047596216201782,
    "sl_multiplier": 0.006534303538501263,
    "leverage": 1
  }
}