{
  "rank": 27,
  "bot_id": 4138,
  "fitness_score": 14.469986915588379,
  "total_pnl": 144.6998748779297,
  "win_rate": 100.0,
  "total_trades": 4,
  "sharpe_ratio": 0.8575385212898254,
  "max_drawdown": 0.0,
  "survival_generations": 2,
  "config": {
    "num_indicators": 2,
    "indicator_indices": [
      15,
      48
    ],
    "indicator_params": [
      [
        3.907435417175293,
        35.336605072021484,
        1.213400959968567
      ],
      [
        3.2982115745544434,
        16.618654251098633,
        0.5224003791809082
      ]
    ],
    "risk_strategy": 14,
    "risk_param": 0.2898796498775482,
    "tp_multiplier": 0.24963870644569397,
    "sl_multiplier": 0.054970864206552505,
    "leverage": 1
  }
}