{
  "rank": 9,
  "bot_id": 6832,
  "fitness_score": 19.31036376953125,
  "total_pnl": 193.1036376953125,
  "win_rate": 69.23076923076923,
  "total_trades": 13,
  "sharpe_ratio": 3.1022133827209473,
  "max_drawdown": 0.0,
  "survival_generations": 2,
  "config": {
    "num_indicators": 3,
    "indicator_indices": [
      15,
      31,
      38
    ],
    "indicator_params": [
      [
        4.851077556610107,
        49.40343475341797,
        0.8957205414772034
      ],
      [
        0.0,
        0.0,
        0.0
      ],
      [
        0.0,
        0.0,
        0.0
      ]
    ],
    "risk_strategy": 5,
    "risk_param": 3.2581026554107666,
    "tp_multiplier": 0.08690246194601059,
    "sl_multiplier": 0.09550794214010239,
    "leverage": 1
  }
}