{
  "rank": 15,
  "bot_id": 8652,
  "fitness_score": 32818.26171875,
  "total_pnl": 328182.625,
  "win_rate": 22.418774233159795,
  "total_trades": 475588,
  "sharpe_ratio": 0.0,
  "max_drawdown": 0.0,
  "survival_generations": 2,
  "config": {
    "num_indicators": 1,
    "indicator_indices": [
      30
    ],
    "indicator_params": [
      [
        4.3369832038879395,
        26.53598403930664,
        0.0
      ]
    ],
    "risk_strategy_bitmap": 386,
    "tp_multiplier": 0.11802444607019424,
    "sl_multiplier": 0.09905902296304703,
    "leverage": 23
  }
}