{
  "rank": 92,
  "bot_id": 94,
  "fitness_score": 0.0,
  "total_pnl": 0.0,
  "win_rate": 0.0,
  "total_trades": 0,
  "sharpe_ratio": 0.0,
  "max_drawdown": 0.0,
  "survival_generations": 1,
  "config": {
    "num_indicators": 3,
    "indicator_indices": [
      16,
      48,
      45
    ],
    "indicator_params": [
      [
        14.737186431884766,
        54.5770378112793,
        26.417116165161133
      ],
      [
        9.160056114196777,
        81.65161895751953,
        0.0
      ],
      [
        0.346565842628479,
        0.24225115776062012,
        0.0
      ]
    ],
    "risk_strategy_bitmap": 5136,
    "tp_multiplier": 0.11182940751314163,
    "sl_multiplier": 0.028471579775214195,
    "leverage": 10
  }
}