{
  "rank": 76,
  "bot_id": 884,
  "fitness_score": 0.0,
  "total_pnl": 98.07050323486328,
  "win_rate": 60.0,
  "total_trades": 5,
  "sharpe_ratio": 0.2468727082014084,
  "max_drawdown": 0.0002839869703166187,
  "survival_generations": 1,
  "config": {
    "num_indicators": 5,
    "indicator_indices": [
      3,
      18,
      24,
      33,
      38
    ],
    "indicator_params": [
      [
        25.426101684570312,
        51.00373077392578,
        41.70917510986328
      ],
      [
        0.6558778882026672,
        31.090787887573242,
        0.0
      ],
      [
        9.359594345092773,
        65.50611114501953,
        0.0
      ],
      [
        0.6171301007270813,
        85.38597869873047,
        0.0
      ],
      [
        0.0,
        0.0,
        0.0
      ]
    ],
    "indicator_risk_strategies": [
      12,
      2,
      13,
      14,
      0
    ],
    "risk_param": 0.019322093576192856,
    "tp_multiplier": 0.0,
    "sl_multiplier": 0.0,
    "leverage": 125
  }
}