{
  "rank": 55,
  "bot_id": 6379,
  "fitness_score": 12.350716590881348,
  "total_pnl": 123.50716400146484,
  "win_rate": 25.71428571428571,
  "total_trades": 105,
  "sharpe_ratio": 1.3948473930358887,
  "max_drawdown": 0.0,
  "survival_generations": 2,
  "config": {
    "num_indicators": 4,
    "indicator_indices": [
      7,
      22,
      23,
      30
    ],
    "indicator_params": [
      [
        0.6266728043556213,
        166.37429809570312,
        0.0
      ],
      [
        1.0599088668823242,
        62.39796829223633,
        0.0
      ],
      [
        4.424805641174316,
        29.883121490478516,
        1.3773188591003418
      ],
      [
        0.0,
        0.0,
        0.0
      ]
    ],
    "risk_strategy": 3,
    "risk_param": 0.7815263271331787,
    "tp_multiplier": 0.02474891021847725,
    "sl_multiplier": 0.008005545474588871,
    "leverage": 1
  }
}