{
  "rank": 15,
  "bot_id": 9729,
  "fitness_score": 205.80384826660156,
  "total_pnl": 2058.03857421875,
  "win_rate": 88.0503144654088,
  "total_trades": 159,
  "sharpe_ratio": 0.0,
  "max_drawdown": 0.0,
  "survival_generations": 2,
  "config": {
    "num_indicators": 2,
    "indicator_indices": [
      37,
      15
    ],
    "indicator_params": [
      [
        3.61537504196167,
        38.19776153564453,
        0.0
      ],
      [
        9.516742706298828,
        55.511043548583984,
        32.7618408203125
      ]
    ],
    "risk_strategy_bitmap": 1,
    "tp_multiplier": 0.24497897922992706,
    "sl_multiplier": 0.014405927620828152,
    "leverage": 4
  }
}