{
  "rank": 17,
  "bot_id": 17,
  "fitness_score": 0.0,
  "total_pnl": 0.0,
  "win_rate": 0.0,
  "total_trades": 0,
  "sharpe_ratio": 0.0,
  "max_drawdown": 0.0,
  "survival_generations": 1,
  "config": {
    "num_indicators": 5,
    "indicator_indices": [
      13,
      42,
      23,
      9,
      10
    ],
    "indicator_params": [
      [
        19.62505531311035,
        50.24209976196289,
        73.68157958984375
      ],
      [
        4.045796871185303,
        12.474637985229492,
        0.0
      ],
      [
        3.5552773475646973,
        23.93950843811035,
        0.18264877796173096
      ],
      [
        0.4149895906448364,
        162.27249145507812,
        0.0
      ],
      [
        9.805818557739258,
        53.15774154663086,
        71.7595443725586
      ]
    ],
    "risk_strategy_bitmap": 17424,
    "tp_multiplier": 0.23308731615543365,
    "sl_multiplier": 0.05630858987569809,
    "leverage": 8
  }
}