{
  "rank": 66,
  "bot_id": 665,
  "fitness_score": 0.0,
  "total_pnl": 2893.065185546875,
  "win_rate": 17.10914454277286,
  "total_trades": 339,
  "sharpe_ratio": 0.57486891746521,
  "max_drawdown": 0.28839465975761414,
  "survival_generations": 1,
  "config": {
    "num_indicators": 4,
    "indicator_indices": [
      5,
      13,
      16,
      39
    ],
    "indicator_params": [
      [
        4.503565788269043,
        39.88566207885742,
        1.247652530670166
      ],
      [
        8.060765266418457,
        52.797203063964844,
        0.0
      ],
      [
        4.1775221824646,
        30.00751495361328,
        0.0
      ],
      [
        4.937924385070801,
        130.00387573242188,
        0.0
      ]
    ],
    "indicator_risk_strategies": [
      14,
      10,
      2,
      6
    ],
    "risk_param": 0.021586474031209946,
    "tp_multiplier": 0.0,
    "sl_multiplier": 0.0,
    "leverage": 125
  }
}