{
  "rank": 54,
  "bot_id": 17014,
  "fitness_score": 615.7584838867188,
  "total_pnl": 6157.58447265625,
  "win_rate": 33.18042813455658,
  "total_trades": 654,
  "sharpe_ratio": 0.0,
  "max_drawdown": 0.0,
  "survival_generations": 1,
  "config": {
    "num_indicators": 3,
    "indicator_indices": [
      3,
      15,
      19
    ],
    "indicator_params": [
      [
        2.5246410369873047,
        46.51761245727539,
        0.0
      ],
      [
        0.0,
        0.0,
        0.0
      ],
      [
        0.0,
        0.0,
        0.0
      ]
    ],
    "risk_strategy_bitmap": 16640,
    "tp_multiplier": 0.10398604720830917,
    "sl_multiplier": 0.09226486831903458,
    "leverage": 24
  }
}