{
  "rank": 67,
  "bot_id": 2584,
  "fitness_score": 9.86512565612793,
  "total_pnl": 98.65126037597656,
  "win_rate": 37.344398340248965,
  "total_trades": 241,
  "sharpe_ratio": 1.358925223350525,
  "max_drawdown": 0.0,
  "survival_generations": 2,
  "config": {
    "num_indicators": 2,
    "indicator_indices": [
      32,
      34
    ],
    "indicator_params": [
      [
        0.5985784530639648,
        11.752176284790039,
        0.0
      ],
      [
        3.887603282928467,
        190.7725372314453,
        0.0
      ]
    ],
    "risk_strategy": 3,
    "risk_param": 0.2254880666732788,
    "tp_multiplier": 0.016330810263752937,
    "sl_multiplier": 0.012747013941407204,
    "leverage": 1
  }
}