{
  "rank": 100,
  "bot_id": 11816,
  "fitness_score": 548.1917114257812,
  "total_pnl": 5481.91748046875,
  "win_rate": 26.011739264751316,
  "total_trades": 3237,
  "sharpe_ratio": 0.0,
  "max_drawdown": 0.0,
  "survival_generations": 1,
  "config": {
    "num_indicators": 4,
    "indicator_indices": [
      1,
      43,
      27,
      39
    ],
    "indicator_params": [
      [
        1.0299708843231201,
        194.00511169433594,
        0.0
      ],
      [
        7.524085998535156,
        94.20694732666016,
        0.0
      ],
      [
        4.1479644775390625,
        6.366288661956787,
        0.6629664897918701
      ],
      [
        3.7859244346618652,
        32.45917892456055,
        0.0
      ]
    ],
    "risk_strategy_bitmap": 6208,
    "tp_multiplier": 0.04666711762547493,
    "sl_multiplier": 0.06572457402944565,
    "leverage": 25
  }
}