{
  "rank": 29,
  "bot_id": 1913,
  "fitness_score": 16.664642333984375,
  "total_pnl": 166.64642333984375,
  "win_rate": 39.32203389830509,
  "total_trades": 295,
  "sharpe_ratio": 2.747009038925171,
  "max_drawdown": 0.0,
  "survival_generations": 2,
  "config": {
    "num_indicators": 2,
    "indicator_indices": [
      13,
      23
    ],
    "indicator_params": [
      [
        7.27130651473999,
        33.92060852050781,
        0.0
      ],
      [
        3.822577953338623,
        1.597389578819275,
        1.0253723859786987
      ]
    ],
    "risk_strategy": 1,
    "risk_param": 114.15879821777344,
    "tp_multiplier": 0.2313012182712555,
    "sl_multiplier": 0.011374386958777905,
    "leverage": 1
  }
}