{
  "rank": 40,
  "bot_id": 40,
  "fitness_score": 0.0,
  "total_pnl": 0.0,
  "win_rate": 0.0,
  "total_trades": 0,
  "sharpe_ratio": 0.0,
  "max_drawdown": 0.0,
  "survival_generations": 1,
  "config": {
    "num_indicators": 4,
    "indicator_indices": [
      10,
      8,
      27,
      33
    ],
    "indicator_params": [
      [
        22.97813606262207,
        51.74800491333008,
        54.02555847167969
      ],
      [
        2.203108310699463,
        67.3242416381836,
        0.0
      ],
      [
        4.962798118591309,
        7.765266418457031,
        0.36351415514945984
      ],
      [
        3.3602657318115234,
        4.285099983215332,
        0.0
      ]
    ],
    "risk_strategy_bitmap": 16417,
    "tp_multiplier": 0.048408471047878265,
    "sl_multiplier": 0.09626922011375427,
    "leverage": 3
  }
}